Ticker,Expiration,strike,Type,bid,ask,lastPrice,volume,openInterest,treasury_rate,current_stock_price,historical_volatility,dividend_yield
^RUT,2026-02-27,1200.0,Put,0.0,0.1,0.05,3.0,4.0,0.03760000000000001,2677.2900390625,0.23114598816192183,0.0
^RUT,2026-02-27,1300.0,Put,0.0,0.1,0.26,40.0,41.0,0.03760000000000001,2677.2900390625,0.23114598816192183,0.0
^RUT,2026-02-27,1350.0,Put,0.0,0.45,3.1,1.0,4.0,0.03760000000000001,2677.2900390625,0.23114598816192183,0.0
^RUT,2026-02-27,1400.0,Put,0.15,0.45,3.23,1.0,1.0,0.03760000000000001,2677.2900390625,0.23114598816192183,0.0
^RUT,2026-02-27,1450.0,Call,1125.1,1145.0,1042.86,,50.0,0.03760000000000001,2677.2900390625,0.23114598816192183,0.0
^RUT,2026-02-27,1450.0,Put,0.0,0.1,0.27,15.0,20.0,0.03760000000000001,2677.2900390625,0.23114598816192183,0.0
^RUT,2026-02-27,1500.0,Call,1074.0,1095.1,993.66,,50.0,0.03760000000000001,2677.2900390625,0.23114598816192183,0.0
^RUT,2026-02-27,1500.0,Put,0.0,0.25,0.95,2.0,8.0,0.03760000000000001,2677.2900390625,0.23114598816192183,0.0
^RUT,2026-02-27,1550.0,Put,0.0,0.3,1.05,3.0,27.0,0.03760000000000001,2677.2900390625,0.23114598816192183,0.0
^RUT,2026-02-27,1600.0,Put,0.0,0.1,0.15,4.0,22.0,0.03760000000000001,2677.2900390625,0.23114598816192183,0.0
^RUT,2026-02-27,1650.0,Put,0.0,0.1,0.1,6.0,28.0,0.03760000000000001,2677.2900390625,0.23114598816192183,0.0
^RUT,2026-02-27,1700.0,Put,0.0,0.15,0.65,6.0,43.0,0.03760000000000001,2677.2900390625,0.23114598816192183,0.0
^RUT,2026-02-27,1750.0,Put,0.75,1.05,7.6,5.0,15.0,0.03760000000000001,2677.2900390625,0.23114598816192183,0.0
^RUT,2026-02-27,1800.0,Put,0.0,0.1,0.47,1.0,29.0,0.03760000000000001,2677.2900390625,0.23114598816192183,0.0
^RUT,2026-02-27,1850.0,Put,0.0,0.1,0.35,1.0,8.0,0.03760000000000001,2677.2900390625,0.23114598816192183,0.0
^RUT,2026-02-27,1900.0,Call,742.1,766.1,768.33,1.0,1.0,0.03760000000000001,2677.2900390625,0.23114598816192183,0.0
^RUT,2026-02-27,1900.0,Put,0.5,0.75,2.64,1.0,51.0,0.03760000000000001,2677.2900390625,0.23114598816192183,0.0
^RUT,2026-02-27,1910.0,Put,1.45,1.75,16.33,1.0,1.0,0.03760000000000001,2677.2900390625,0.23114598816192183,0.0
^RUT,2026-02-27,1920.0,Put,0.0,0.2,1.02,10.0,0.0,0.03760000000000001,2677.2900390625,0.23114598816192183,0.0
^RUT,2026-02-27,1930.0,Put,0.0,0.1,0.08,1.0,2.0,0.03760000000000001,2677.2900390625,0.23114598816192183,0.0
^RUT,2026-02-27,1940.0,Put,0.05,0.25,1.47,,3.0,0.03760000000000001,2677.2900390625,0.23114598816192183,0.0
^RUT,2026-02-27,1950.0,Call,507.6,531.0,551.0,,2.0,0.03760000000000001,2677.2900390625,0.23114598816192183,0.0
^RUT,2026-02-27,1950.0,Put,0.0,0.1,0.15,46.0,13.0,0.03760000000000001,2677.2900390625,0.23114598816192183,0.0
^RUT,2026-02-27,1960.0,Put,0.05,0.3,1.67,2.0,7.0,0.03760000000000001,2677.2900390625,0.23114598816192183,0.0
^RUT,2026-02-27,1970.0,Put,0.0,0.15,1.25,10.0,0.0,0.03760000000000001,2677.2900390625,0.23114598816192183,0.0
^RUT,2026-02-27,1990.0,Put,0.75,1.05,4.9,1.0,13.0,0.03760000000000001,2677.2900390625,0.23114598816192183,0.0
^RUT,2026-02-27,2000.0,Call,642.1,666.1,667.5,,1.0,0.03760000000000001,2677.2900390625,0.23114598816192183,0.0
^RUT,2026-02-27,2000.0,Put,0.0,0.1,0.09,1.0,64.0,0.03760000000000001,2677.2900390625,0.23114598816192183,0.0
^RUT,2026-02-27,2010.0,Put,0.0,0.1,0.75,50.0,25.0,0.03760000000000001,2677.2900390625,0.23114598816192183,0.0
^RUT,2026-02-27,2020.0,Put,0.0,0.1,0.2,1.0,31.0,0.03760000000000001,2677.2900390625,0.23114598816192183,0.0
^RUT,2026-02-27,2030.0,Put,0.0,0.1,1.36,1.0,18.0,0.03760000000000001,2677.2900390625,0.23114598816192183,0.0
^RUT,2026-02-27,2040.0,Put,0.0,0.1,0.04,3.0,22.0,0.03760000000000001,2677.2900390625,0.23114598816192183,0.0
^RUT,2026-02-27,2050.0,Put,0.0,0.1,0.17,1.0,8.0,0.03760000000000001,2677.2900390625,0.23114598816192183,0.0
^RUT,2026-02-27,2060.0,Put,0.0,0.1,0.08,5.0,5.0,0.03760000000000001,2677.2900390625,0.23114598816192183,0.0
^RUT,2026-02-27,2070.0,Call,591.9,613.5,565.97,2.0,4.0,0.03760000000000001,2677.2900390625,0.23114598816192183,0.0
^RUT,2026-02-27,2070.0,Put,0.0,0.1,0.95,2.0,14.0,0.03760000000000001,2677.2900390625,0.23114598816192183,0.0
^RUT,2026-02-27,2080.0,Put,0.0,0.1,0.43,2.0,21.0,0.03760000000000001,2677.2900390625,0.23114598816192183,0.0
^RUT,2026-02-27,2090.0,Put,0.0,0.1,1.57,10.0,11.0,0.03760000000000001,2677.2900390625,0.23114598816192183,0.0
^RUT,2026-02-27,2100.0,Call,562.0,583.6,408.45,1.0,1.0,0.03760000000000001,2677.2900390625,0.23114598816192183,0.0
^RUT,2026-02-27,2100.0,Put,0.0,0.1,0.44,2.0,247.0,0.03760000000000001,2677.2900390625,0.23114598816192183,0.0
^RUT,2026-02-27,2110.0,Call,552.0,573.6,481.68,,5.0,0.03760000000000001,2677.2900390625,0.23114598816192183,0.0
^RUT,2026-02-27,2110.0,Put,19.9,21.0,26.8,1.0,1.0,0.03760000000000001,2677.2900390625,0.23114598816192183,0.0
^RUT,2026-02-27,2120.0,Put,3.7,4.1,22.4,1.0,1.0,0.03760000000000001,2677.2900390625,0.23114598816192183,0.0
^RUT,2026-02-27,2130.0,Call,532.1,554.0,507.3,2.0,9.0,0.03760000000000001,2677.2900390625,0.23114598816192183,0.0
^RUT,2026-02-27,2130.0,Put,0.0,0.1,3.67,1.0,6.0,0.03760000000000001,2677.2900390625,0.23114598816192183,0.0
^RUT,2026-02-27,2140.0,Put,0.0,0.1,0.85,57.0,62.0,0.03760000000000001,2677.2900390625,0.23114598816192183,0.0
^RUT,2026-02-27,2150.0,Put,0.0,0.1,0.35,1.0,29.0,0.03760000000000001,2677.2900390625,0.23114598816192183,0.0
^RUT,2026-02-27,2160.0,Call,502.2,524.2,474.11,,0.0,0.03760000000000001,2677.2900390625,0.23114598816192183,0.0
^RUT,2026-02-27,2160.0,Put,0.0,0.1,1.5,5.0,8.0,0.03760000000000001,2677.2900390625,0.23114598816192183,0.0
^RUT,2026-02-27,2170.0,Call,492.3,513.6,341.68,1.0,1.0,0.03760000000000001,2677.2900390625,0.23114598816192183,0.0
^RUT,2026-02-27,2170.0,Put,0.0,0.1,2.37,1.0,14.0,0.03760000000000001,2677.2900390625,0.23114598816192183,0.0
^RUT,2026-02-27,2180.0,Call,351.1,369.7,261.19,,0.0,0.03760000000000001,2677.2900390625,0.23114598816192183,0.0
^RUT,2026-02-27,2180.0,Put,0.0,0.1,0.68,1.0,3.0,0.03760000000000001,2677.2900390625,0.23114598816192183,0.0
^RUT,2026-02-27,2190.0,Call,472.4,493.9,445.1,,0.0,0.03760000000000001,2677.2900390625,0.23114598816192183,0.0
^RUT,2026-02-27,2190.0,Put,0.0,0.1,0.4,1.0,9.0,0.03760000000000001,2677.2900390625,0.23114598816192183,0.0
^RUT,2026-02-27,2200.0,Call,334.6,352.0,273.42,2.0,0.0,0.03760000000000001,2677.2900390625,0.23114598816192183,0.0
^RUT,2026-02-27,2200.0,Put,0.0,0.1,0.2,1.0,84.0,0.03760000000000001,2677.2900390625,0.23114598816192183,0.0
^RUT,2026-02-27,2210.0,Put,0.0,0.1,1.35,4.0,39.0,0.03760000000000001,2677.2900390625,0.23114598816192183,0.0
^RUT,2026-02-27,2220.0,Call,422.1,446.1,443.81,2.0,2.0,0.03760000000000001,2677.2900390625,0.23114598816192183,0.0
^RUT,2026-02-27,2220.0,Put,0.0,0.1,0.15,5.0,33.0,0.03760000000000001,2677.2900390625,0.23114598816192183,0.0
^RUT,2026-02-27,2230.0,Call,412.1,436.1,434.05,2.0,5.0,0.03760000000000001,2677.2900390625,0.23114598816192183,0.0
^RUT,2026-02-27,2230.0,Put,0.0,0.1,0.95,5.0,21.0,0.03760000000000001,2677.2900390625,0.23114598816192183,0.0
^RUT,2026-02-27,2235.0,Put,0.0,0.1,2.59,2.0,2.0,0.03760000000000001,2677.2900390625,0.23114598816192183,0.0
^RUT,2026-02-27,2240.0,Call,402.1,426.1,425.75,3.0,4.0,0.03760000000000001,2677.2900390625,0.23114598816192183,0.0
^RUT,2026-02-27,2240.0,Put,0.0,0.1,0.45,3.0,18.0,0.03760000000000001,2677.2900390625,0.23114598816192183,0.0
^RUT,2026-02-27,2250.0,Call,392.1,416.1,416.29,5.0,4.0,0.03760000000000001,2677.2900390625,0.23114598816192183,0.0
^RUT,2026-02-27,2250.0,Put,0.0,0.1,0.35,4.0,162.0,0.03760000000000001,2677.2900390625,0.23114598816192183,0.0
^RUT,2026-02-27,2260.0,Call,382.1,406.1,405.76,2.0,2.0,0.03760000000000001,2677.2900390625,0.23114598816192183,0.0
^RUT,2026-02-27,2260.0,Put,0.0,0.1,0.37,1.0,62.0,0.03760000000000001,2677.2900390625,0.23114598816192183,0.0
^RUT,2026-02-27,2265.0,Put,0.0,0.1,5.93,,15.0,0.03760000000000001,2677.2900390625,0.23114598816192183,0.0
^RUT,2026-02-27,2270.0,Put,0.0,0.1,0.08,1.0,63.0,0.03760000000000001,2677.2900390625,0.23114598816192183,0.0
^RUT,2026-02-27,2275.0,Put,0.0,0.1,0.2,8.0,68.0,0.03760000000000001,2677.2900390625,0.23114598816192183,0.0
^RUT,2026-02-27,2280.0,Put,0.0,0.1,0.05,1.0,20.0,0.03760000000000001,2677.2900390625,0.23114598816192183,0.0
^RUT,2026-02-27,2285.0,Put,0.0,0.1,0.25,8.0,71.0,0.03760000000000001,2677.2900390625,0.23114598816192183,0.0
^RUT,2026-02-27,2290.0,Put,0.0,0.1,0.25,11.0,57.0,0.03760000000000001,2677.2900390625,0.23114598816192183,0.0
^RUT,2026-02-27,2295.0,Put,0.0,0.1,0.04,1.0,22.0,0.03760000000000001,2677.2900390625,0.23114598816192183,0.0
^RUT,2026-02-27,2300.0,Call,342.1,366.1,395.0,,5.0,0.03760000000000001,2677.2900390625,0.23114598816192183,0.0
^RUT,2026-02-27,2300.0,Put,0.0,0.1,0.3,12.0,511.0,0.03760000000000001,2677.2900390625,0.23114598816192183,0.0
^RUT,2026-02-27,2305.0,Put,0.0,0.1,0.3,8.0,521.0,0.03760000000000001,2677.2900390625,0.23114598816192183,0.0
^RUT,2026-02-27,2310.0,Call,353.3,374.6,339.91,4.0,13.0,0.03760000000000001,2677.2900390625,0.23114598816192183,0.0
^RUT,2026-02-27,2310.0,Put,0.0,0.1,0.3,8.0,415.0,0.03760000000000001,2677.2900390625,0.23114598816192183,0.0
^RUT,2026-02-27,2315.0,Put,0.0,0.1,0.35,8.0,20.0,0.03760000000000001,2677.2900390625,0.23114598816192183,0.0
^RUT,2026-02-27,2320.0,Put,0.0,0.1,0.26,9.0,603.0,0.03760000000000001,2677.2900390625,0.23114598816192183,0.0
^RUT,2026-02-27,2325.0,Call,290.5,314.5,329.44,2.0,0.0,0.03760000000000001,2677.2900390625,0.23114598816192183,0.0
^RUT,2026-02-27,2325.0,Put,0.0,0.1,0.4,10.0,500.0,0.03760000000000001,2677.2900390625,0.23114598816192183,0.0
^RUT,2026-02-27,2330.0,Put,0.0,0.1,0.08,1.0,727.0,0.03760000000000001,2677.2900390625,0.23114598816192183,0.0
^RUT,2026-02-27,2335.0,Put,0.0,0.1,0.4,8.0,1046.0,0.03760000000000001,2677.2900390625,0.23114598816192183,0.0
^RUT,2026-02-27,2340.0,Call,275.5,299.5,312.9,4.0,0.0,0.03760000000000001,2677.2900390625,0.23114598816192183,0.0
^RUT,2026-02-27,2340.0,Put,0.0,0.1,0.45,8.0,200.0,0.03760000000000001,2677.2900390625,0.23114598816192183,0.0
^RUT,2026-02-27,2345.0,Call,297.1,321.1,323.72,1.0,0.0,0.03760000000000001,2677.2900390625,0.23114598816192183,0.0
^RUT,2026-02-27,2345.0,Put,0.0,0.1,0.1,1.0,277.0,0.03760000000000001,2677.2900390625,0.23114598816192183,0.0
^RUT,2026-02-27,2350.0,Call,224.8,230.7,199.4,8.0,4.0,0.03760000000000001,2677.2900390625,0.23114598816192183,0.0
^RUT,2026-02-27,2350.0,Put,0.0,0.1,0.1,2.0,936.0,0.03760000000000001,2677.2900390625,0.23114598816192183,0.0
^RUT,2026-02-27,2355.0,Put,0.0,0.1,0.47,10.0,328.0,0.03760000000000001,2677.2900390625,0.23114598816192183,0.0
^RUT,2026-02-27,2360.0,Call,217.7,223.4,193.7,,4.0,0.03760000000000001,2677.2900390625,0.23114598816192183,0.0
^RUT,2026-02-27,2360.0,Put,0.0,0.1,0.12,17.0,234.0,0.03760000000000001,2677.2900390625,0.23114598816192183,0.0
^RUT,2026-02-27,2365.0,Put,0.0,0.1,0.12,6.0,520.0,0.03760000000000001,2677.2900390625,0.23114598816192183,0.0
^RUT,2026-02-27,2370.0,Call,254.8,273.4,245.07,1.0,2.0,0.03760000000000001,2677.2900390625,0.23114598816192183,0.0
^RUT,2026-02-27,2370.0,Put,0.0,0.1,0.12,3.0,252.0,0.03760000000000001,2677.2900390625,0.23114598816192183,0.0
^RUT,2026-02-27,2375.0,Put,0.0,0.1,0.04,8.0,504.0,0.03760000000000001,2677.2900390625,0.23114598816192183,0.0
^RUT,2026-02-27,2380.0,Call,244.1,263.9,207.95,1.0,1.0,0.03760000000000001,2677.2900390625,0.23114598816192183,0.0
^RUT,2026-02-27,2380.0,Put,0.0,0.1,0.07,3.0,512.0,0.03760000000000001,2677.2900390625,0.23114598816192183,0.0
^RUT,2026-02-27,2385.0,Call,257.1,281.1,258.07,5.0,5.0,0.03760000000000001,2677.2900390625,0.23114598816192183,0.0
^RUT,2026-02-27,2385.0,Put,0.0,0.1,0.06,11.0,323.0,0.03760000000000001,2677.2900390625,0.23114598816192183,0.0
^RUT,2026-02-27,2390.0,Call,237.1,255.9,200.3,1.0,2.0,0.03760000000000001,2677.2900390625,0.23114598816192183,0.0
^RUT,2026-02-27,2390.0,Put,0.0,0.1,0.1,4.0,423.0,0.03760000000000001,2677.2900390625,0.23114598816192183,0.0
^RUT,2026-02-27,2395.0,Put,0.0,0.1,0.14,31.0,389.0,0.03760000000000001,2677.2900390625,0.23114598816192183,0.0
^RUT,2026-02-27,2400.0,Call,242.1,266.1,276.82,2.0,23.0,0.03760000000000001,2677.2900390625,0.23114598816192183,0.0
^RUT,2026-02-27,2400.0,Put,0.0,0.1,0.04,16.0,688.0,0.03760000000000001,2677.2900390625,0.23114598816192183,0.0
^RUT,2026-02-27,2405.0,Put,0.0,0.1,0.08,2.0,91.0,0.03760000000000001,2677.2900390625,0.23114598816192183,0.0
^RUT,2026-02-27,2410.0,Call,232.1,255.1,210.3,1.0,5.0,0.03760000000000001,2677.2900390625,0.23114598816192183,0.0
^RUT,2026-02-27,2410.0,Put,0.0,0.1,0.12,21.0,231.0,0.03760000000000001,2677.2900390625,0.23114598816192183,0.0
^RUT,2026-02-27,2415.0,Put,0.0,0.1,0.12,10.0,231.0,0.03760000000000001,2677.2900390625,0.23114598816192183,0.0
^RUT,2026-02-27,2420.0,Put,0.0,0.1,0.14,2.0,212.0,0.03760000000000001,2677.2900390625,0.23114598816192183,0.0
^RUT,2026-02-27,2425.0,Put,0.0,0.1,0.08,55.0,191.0,0.03760000000000001,2677.2900390625,0.23114598816192183,0.0
^RUT,2026-02-27,2430.0,Call,212.1,236.1,283.52,2.0,4.0,0.03760000000000001,2677.2900390625,0.23114598816192183,0.0
^RUT,2026-02-27,2430.0,Put,0.0,0.1,0.05,13.0,489.0,0.03760000000000001,2677.2900390625,0.23114598816192183,0.0
^RUT,2026-02-27,2435.0,Put,0.0,0.1,0.15,6.0,158.0,0.03760000000000001,2677.2900390625,0.23114598816192183,0.0
^RUT,2026-02-27,2440.0,Call,202.1,226.1,274.1,2.0,12.0,0.03760000000000001,2677.2900390625,0.23114598816192183,0.0
^RUT,2026-02-27,2440.0,Put,0.0,0.1,0.1,3.0,127.0,0.03760000000000001,2677.2900390625,0.23114598816192183,0.0
^RUT,2026-02-27,2445.0,Put,0.0,0.1,0.09,25.0,158.0,0.03760000000000001,2677.2900390625,0.23114598816192183,0.0
^RUT,2026-02-27,2450.0,Call,196.2,212.2,197.84,1.0,16.0,0.03760000000000001,2677.2900390625,0.23114598816192183,0.0
^RUT,2026-02-27,2450.0,Put,0.0,0.15,0.05,27.0,704.0,0.03760000000000001,2677.2900390625,0.23114598816192183,0.0
^RUT,2026-02-27,2455.0,Put,0.0,0.15,0.24,1.0,73.0,0.03760000000000001,2677.2900390625,0.23114598816192183,0.0
^RUT,2026-02-27,2460.0,Call,186.2,202.2,164.38,2.0,28.0,0.03760000000000001,2677.2900390625,0.23114598816192183,0.0
^RUT,2026-02-27,2460.0,Put,0.0,0.15,0.15,8.0,208.0,0.03760000000000001,2677.2900390625,0.23114598816192183,0.0
^RUT,2026-02-27,2465.0,Put,0.0,0.15,0.27,31.0,122.0,0.03760000000000001,2677.2900390625,0.23114598816192183,0.0
^RUT,2026-02-27,2470.0,Call,150.1,154.0,116.6,1.0,3.0,0.03760000000000001,2677.2900390625,0.23114598816192183,0.0
^RUT,2026-02-27,2470.0,Put,0.0,0.15,0.05,61.0,281.0,0.03760000000000001,2677.2900390625,0.23114598816192183,0.0
^RUT,2026-02-27,2475.0,Call,171.2,185.9,199.49,6.0,6.0,0.03760000000000001,2677.2900390625,0.23114598816192183,0.0
^RUT,2026-02-27,2475.0,Put,0.0,0.15,0.3,12.0,350.0,0.03760000000000001,2677.2900390625,0.23114598816192183,0.0
^RUT,2026-02-27,2480.0,Call,166.2,180.9,194.93,7.0,8.0,0.03760000000000001,2677.2900390625,0.23114598816192183,0.0
^RUT,2026-02-27,2480.0,Put,0.0,0.15,0.05,26.0,352.0,0.03760000000000001,2677.2900390625,0.23114598816192183,0.0
^RUT,2026-02-27,2485.0,Put,0.0,0.15,0.32,46.0,153.0,0.03760000000000001,2677.2900390625,0.23114598816192183,0.0
^RUT,2026-02-27,2490.0,Call,156.2,171.1,131.13,2.0,3.0,0.03760000000000001,2677.2900390625,0.23114598816192183,0.0
^RUT,2026-02-27,2490.0,Put,0.0,0.15,0.26,27.0,197.0,0.03760000000000001,2677.2900390625,0.23114598816192183,0.0
^RUT,2026-02-27,2495.0,Call,151.2,166.2,172.85,,2.0,0.03760000000000001,2677.2900390625,0.23114598816192183,0.0
^RUT,2026-02-27,2495.0,Put,0.0,0.15,0.08,34.0,96.0,0.03760000000000001,2677.2900390625,0.23114598816192183,0.0
^RUT,2026-02-27,2500.0,Call,146.2,161.5,151.86,1.0,35.0,0.03760000000000001,2677.2900390625,0.23114598816192183,0.0
^RUT,2026-02-27,2500.0,Put,0.0,0.15,0.08,1.0,1112.0,0.03760000000000001,2677.2900390625,0.23114598816192183,0.0
^RUT,2026-02-27,2505.0,Put,0.0,0.2,0.08,27.0,203.0,0.03760000000000001,2677.2900390625,0.23114598816192183,0.0
^RUT,2026-02-27,2510.0,Call,136.2,152.2,147.71,2.0,21.0,0.03760000000000001,2677.2900390625,0.23114598816192183,0.0
^RUT,2026-02-27,2510.0,Put,0.0,0.2,0.06,37.0,3326.0,0.03760000000000001,2677.2900390625,0.23114598816192183,0.0
^RUT,2026-02-27,2515.0,Call,131.2,147.2,138.7,2.0,7.0,0.03760000000000001,2677.2900390625,0.23114598816192183,0.0
^RUT,2026-02-27,2515.0,Put,0.05,0.2,0.3,10.0,77.0,0.03760000000000001,2677.2900390625,0.23114598816192183,0.0
^RUT,2026-02-27,2520.0,Call,126.2,142.2,143.41,1.0,8.0,0.03760000000000001,2677.2900390625,0.23114598816192183,0.0
^RUT,2026-02-27,2520.0,Put,0.05,0.2,0.11,101.0,366.0,0.03760000000000001,2677.2900390625,0.23114598816192183,0.0
^RUT,2026-02-27,2525.0,Put,0.05,0.25,0.08,49.0,178.0,0.03760000000000001,2677.2900390625,0.23114598816192183,0.0
^RUT,2026-02-27,2530.0,Call,116.3,131.6,133.35,1.0,49.0,0.03760000000000001,2677.2900390625,0.23114598816192183,0.0
^RUT,2026-02-27,2530.0,Put,0.1,0.25,0.17,1.0,643.0,0.03760000000000001,2677.2900390625,0.23114598816192183,0.0
^RUT,2026-02-27,2535.0,Call,111.3,126.5,138.47,1.0,2.0,0.03760000000000001,2677.2900390625,0.23114598816192183,0.0
^RUT,2026-02-27,2535.0,Put,0.1,0.3,0.05,65.0,486.0,0.03760000000000001,2677.2900390625,0.23114598816192183,0.0
^RUT,2026-02-27,2540.0,Call,106.3,122.3,122.0,5.0,23.0,0.03760000000000001,2677.2900390625,0.23114598816192183,0.0
^RUT,2026-02-27,2540.0,Put,0.1,0.3,0.1,65.0,299.0,0.03760000000000001,2677.2900390625,0.23114598816192183,0.0
^RUT,2026-02-27,2545.0,Call,101.4,117.4,115.23,2.0,5.0,0.03760000000000001,2677.2900390625,0.23114598816192183,0.0
^RUT,2026-02-27,2545.0,Put,0.15,0.35,0.25,144.0,274.0,0.03760000000000001,2677.2900390625,0.23114598816192183,0.0
^RUT,2026-02-27,2550.0,Call,99.4,109.4,111.49,3.0,92.0,0.03760000000000001,2677.2900390625,0.23114598816192183,0.0
^RUT,2026-02-27,2550.0,Put,0.2,0.4,0.17,861.0,5704.0,0.03760000000000001,2677.2900390625,0.23114598816192183,0.0
^RUT,2026-02-27,2555.0,Call,94.4,104.1,108.85,1.0,2.0,0.03760000000000001,2677.2900390625,0.23114598816192183,0.0
^RUT,2026-02-27,2555.0,Put,0.25,0.4,0.3,43.0,276.0,0.03760000000000001,2677.2900390625,0.23114598816192183,0.0
^RUT,2026-02-27,2560.0,Call,89.5,99.5,102.21,3.0,74.0,0.03760000000000001,2677.2900390625,0.23114598816192183,0.0
^RUT,2026-02-27,2560.0,Put,0.3,0.5,0.2,561.0,3299.0,0.03760000000000001,2677.2900390625,0.23114598816192183,0.0
^RUT,2026-02-27,2565.0,Call,84.5,93.0,69.43,5.0,8.0,0.03760000000000001,2677.2900390625,0.23114598816192183,0.0
^RUT,2026-02-27,2565.0,Put,0.35,0.5,0.37,28.0,170.0,0.03760000000000001,2677.2900390625,0.23114598816192183,0.0
^RUT,2026-02-27,2570.0,Call,79.6,88.1,84.8,6.0,21.0,0.03760000000000001,2677.2900390625,0.23114598816192183,0.0
^RUT,2026-02-27,2570.0,Put,0.45,0.65,0.5,171.0,339.0,0.03760000000000001,2677.2900390625,0.23114598816192183,0.0
^RUT,2026-02-27,2575.0,Call,74.7,84.7,78.98,5.0,3.0,0.03760000000000001,2677.2900390625,0.23114598816192183,0.0
^RUT,2026-02-27,2575.0,Put,0.5,0.7,0.35,191.0,404.0,0.03760000000000001,2677.2900390625,0.23114598816192183,0.0
^RUT,2026-02-27,2580.0,Call,69.8,79.8,76.02,6.0,17.0,0.03760000000000001,2677.2900390625,0.23114598816192183,0.0
^RUT,2026-02-27,2580.0,Put,0.6,0.85,0.37,86.0,659.0,0.03760000000000001,2677.2900390625,0.23114598816192183,0.0
^RUT,2026-02-27,2585.0,Call,65.0,75.0,65.77,1.0,9.0,0.03760000000000001,2677.2900390625,0.23114598816192183,0.0
^RUT,2026-02-27,2585.0,Put,0.8,1.05,0.36,66.0,264.0,0.03760000000000001,2677.2900390625,0.23114598816192183,0.0
^RUT,2026-02-27,2590.0,Call,60.1,70.1,57.1,1.0,19.0,0.03760000000000001,2677.2900390625,0.23114598816192183,0.0
^RUT,2026-02-27,2590.0,Put,0.95,1.2,0.45,279.0,874.0,0.03760000000000001,2677.2900390625,0.23114598816192183,0.0
^RUT,2026-02-27,2595.0,Call,55.3,65.3,45.99,2.0,20.0,0.03760000000000001,2677.2900390625,0.23114598816192183,0.0
^RUT,2026-02-27,2595.0,Put,1.15,1.4,0.65,283.0,213.0,0.03760000000000001,2677.2900390625,0.23114598816192183,0.0
^RUT,2026-02-27,2600.0,Call,50.6,59.3,47.42,1.0,53.0,0.03760000000000001,2677.2900390625,0.23114598816192183,0.0
^RUT,2026-02-27,2600.0,Put,1.4,1.7,0.99,2.0,613.0,0.03760000000000001,2677.2900390625,0.23114598816192183,0.0
^RUT,2026-02-27,2605.0,Call,46.0,54.6,65.0,12.0,33.0,0.03760000000000001,2677.2900390625,0.23114598816192183,0.0
^RUT,2026-02-27,2605.0,Put,1.85,2.15,0.72,95.0,148.0,0.03760000000000001,2677.2900390625,0.23114598816192183,0.0
^RUT,2026-02-27,2610.0,Call,41.4,51.4,58.89,6.0,43.0,0.03760000000000001,2677.2900390625,0.23114598816192183,0.0
^RUT,2026-02-27,2610.0,Put,2.2,2.55,0.91,220.0,535.0,0.03760000000000001,2677.2900390625,0.23114598816192183,0.0
^RUT,2026-02-27,2615.0,Call,37.0,45.7,35.35,1.0,44.0,0.03760000000000001,2677.2900390625,0.23114598816192183,0.0
^RUT,2026-02-27,2615.0,Put,2.8,3.2,1.11,122.0,156.0,0.03760000000000001,2677.2900390625,0.23114598816192183,0.0
^RUT,2026-02-27,2620.0,Call,32.6,42.5,59.78,21.0,96.0,0.03760000000000001,2677.2900390625,0.23114598816192183,0.0
^RUT,2026-02-27,2620.0,Put,3.6,4.0,4.2,1.0,324.0,0.03760000000000001,2677.2900390625,0.23114598816192183,0.0
^RUT,2026-02-27,2625.0,Call,31.8,34.0,43.4,2.0,65.0,0.03760000000000001,2677.2900390625,0.23114598816192183,0.0
^RUT,2026-02-27,2625.0,Put,4.4,4.9,1.65,547.0,572.0,0.03760000000000001,2677.2900390625,0.23114598816192183,0.0
^RUT,2026-02-27,2630.0,Call,27.2,29.3,35.43,5.0,139.0,0.03760000000000001,2677.2900390625,0.23114598816192183,0.0
^RUT,2026-02-27,2630.0,Put,5.5,6.0,1.82,172.0,421.0,0.03760000000000001,2677.2900390625,0.23114598816192183,0.0
^RUT,2026-02-27,2635.0,Call,24.0,25.7,21.4,5.0,103.0,0.03760000000000001,2677.2900390625,0.23114598816192183,0.0
^RUT,2026-02-27,2635.0,Put,6.9,7.4,7.2,1.0,465.0,0.03760000000000001,2677.2900390625,0.23114598816192183,0.0
^RUT,2026-02-27,2640.0,Call,20.5,21.7,41.8,441.0,504.0,0.03760000000000001,2677.2900390625,0.23114598816192183,0.0
^RUT,2026-02-27,2640.0,Put,8.5,9.0,10.31,2.0,192.0,0.03760000000000001,2677.2900390625,0.23114598816192183,0.0
^RUT,2026-02-27,2645.0,Call,17.6,18.5,27.9,15.0,212.0,0.03760000000000001,2677.2900390625,0.23114598816192183,0.0
^RUT,2026-02-27,2645.0,Put,9.9,10.4,12.22,2.0,319.0,0.03760000000000001,2677.2900390625,0.23114598816192183,0.0
^RUT,2026-02-27,2650.0,Call,14.6,15.2,32.33,84.0,271.0,0.03760000000000001,2677.2900390625,0.23114598816192183,0.0
^RUT,2026-02-27,2650.0,Put,12.2,12.7,4.69,130.0,374.0,0.03760000000000001,2677.2900390625,0.23114598816192183,0.0
^RUT,2026-02-27,2655.0,Call,12.0,12.5,28.79,30.0,458.0,0.03760000000000001,2677.2900390625,0.23114598816192183,0.0
^RUT,2026-02-27,2655.0,Put,14.5,15.0,6.04,65.0,174.0,0.03760000000000001,2677.2900390625,0.23114598816192183,0.0
^RUT,2026-02-27,2660.0,Call,9.4,9.9,24.56,82.0,216.0,0.03760000000000001,2677.2900390625,0.23114598816192183,0.0
^RUT,2026-02-27,2660.0,Put,16.9,17.6,7.39,52.0,279.0,0.03760000000000001,2677.2900390625,0.23114598816192183,0.0
^RUT,2026-02-27,2665.0,Call,7.2,7.7,20.8,200.0,233.0,0.03760000000000001,2677.2900390625,0.23114598816192183,0.0
^RUT,2026-02-27,2665.0,Put,19.2,20.5,8.97,72.0,100.0,0.03760000000000001,2677.2900390625,0.23114598816192183,0.0
^RUT,2026-02-27,2670.0,Call,5.5,6.0,18.08,100.0,160.0,0.03760000000000001,2677.2900390625,0.23114598816192183,0.0
^RUT,2026-02-27,2670.0,Put,22.3,24.2,10.3,93.0,160.0,0.03760000000000001,2677.2900390625,0.23114598816192183,0.0
^RUT,2026-02-27,2675.0,Call,4.0,4.5,14.75,101.0,121.0,0.03760000000000001,2677.2900390625,0.23114598816192183,0.0
^RUT,2026-02-27,2675.0,Put,25.3,27.4,12.3,41.0,39.0,0.03760000000000001,2677.2900390625,0.23114598816192183,0.0
^RUT,2026-02-27,2680.0,Call,2.8,3.2,12.1,161.0,193.0,0.03760000000000001,2677.2900390625,0.23114598816192183,0.0
^RUT,2026-02-27,2680.0,Put,24.1,34.1,25.9,1.0,139.0,0.03760000000000001,2677.2900390625,0.23114598816192183,0.0
^RUT,2026-02-27,2685.0,Call,1.9,2.2,9.4,143.0,138.0,0.03760000000000001,2677.2900390625,0.23114598816192183,0.0
^RUT,2026-02-27,2685.0,Put,29.3,38.3,16.72,8.0,42.0,0.03760000000000001,2677.2900390625,0.23114598816192183,0.0
^RUT,2026-02-27,2690.0,Call,1.2,1.5,7.45,200.0,156.0,0.03760000000000001,2677.2900390625,0.23114598816192183,0.0
^RUT,2026-02-27,2690.0,Put,33.6,42.5,20.0,33.0,132.0,0.03760000000000001,2677.2900390625,0.23114598816192183,0.0
^RUT,2026-02-27,2695.0,Call,0.8,1.1,1.55,1.0,139.0,0.03760000000000001,2677.2900390625,0.23114598816192183,0.0
^RUT,2026-02-27,2695.0,Put,38.1,47.0,79.48,2.0,22.0,0.03760000000000001,2677.2900390625,0.23114598816192183,0.0
^RUT,2026-02-27,2700.0,Call,0.5,0.75,3.88,216.0,462.0,0.03760000000000001,2677.2900390625,0.23114598816192183,0.0
^RUT,2026-02-27,2700.0,Put,42.6,51.6,31.94,242.0,65.0,0.03760000000000001,2677.2900390625,0.23114598816192183,0.0
^RUT,2026-02-27,2705.0,Call,0.25,0.5,2.34,2.0,184.0,0.03760000000000001,2677.2900390625,0.23114598816192183,0.0
^RUT,2026-02-27,2705.0,Put,46.4,56.4,94.07,2.0,21.0,0.03760000000000001,2677.2900390625,0.23114598816192183,0.0
^RUT,2026-02-27,2710.0,Call,0.15,0.3,2.25,3.0,334.0,0.03760000000000001,2677.2900390625,0.23114598816192183,0.0
^RUT,2026-02-27,2710.0,Put,51.2,61.2,40.45,2.0,74.0,0.03760000000000001,2677.2900390625,0.23114598816192183,0.0
^RUT,2026-02-27,2715.0,Call,0.05,0.2,1.27,149.0,211.0,0.03760000000000001,2677.2900390625,0.23114598816192183,0.0
^RUT,2026-02-27,2715.0,Put,56.1,66.1,47.71,25.0,29.0,0.03760000000000001,2677.2900390625,0.23114598816192183,0.0
^RUT,2026-02-27,2720.0,Call,0.0,0.2,0.79,1178.0,3263.0,0.03760000000000001,2677.2900390625,0.23114598816192183,0.0
^RUT,2026-02-27,2720.0,Put,61.1,71.1,50.07,14.0,67.0,0.03760000000000001,2677.2900390625,0.23114598816192183,0.0
^RUT,2026-02-27,2725.0,Call,0.0,0.15,0.47,230.0,1096.0,0.03760000000000001,2677.2900390625,0.23114598816192183,0.0
^RUT,2026-02-27,2725.0,Put,66.1,76.1,48.0,1.0,5.0,0.03760000000000001,2677.2900390625,0.23114598816192183,0.0
^RUT,2026-02-27,2730.0,Call,0.0,0.15,0.3,684.0,2944.0,0.03760000000000001,2677.2900390625,0.23114598816192183,0.0
^RUT,2026-02-27,2730.0,Put,71.0,81.0,68.99,3.0,51.0,0.03760000000000001,2677.2900390625,0.23114598816192183,0.0
^RUT,2026-02-27,2735.0,Call,0.0,0.15,0.18,57.0,341.0,0.03760000000000001,2677.2900390625,0.23114598816192183,0.0
^RUT,2026-02-27,2735.0,Put,76.0,86.0,87.0,6.0,18.0,0.03760000000000001,2677.2900390625,0.23114598816192183,0.0
^RUT,2026-02-27,2740.0,Call,0.0,0.15,0.12,72.0,495.0,0.03760000000000001,2677.2900390625,0.23114598816192183,0.0
^RUT,2026-02-27,2740.0,Put,81.0,91.0,91.29,3.0,36.0,0.03760000000000001,2677.2900390625,0.23114598816192183,0.0
^RUT,2026-02-27,2745.0,Call,0.0,0.1,0.05,1.0,186.0,0.03760000000000001,2677.2900390625,0.23114598816192183,0.0
^RUT,2026-02-27,2745.0,Put,86.0,96.0,83.77,2.0,3.0,0.03760000000000001,2677.2900390625,0.23114598816192183,0.0
^RUT,2026-02-27,2750.0,Call,0.0,0.1,0.1,29.0,355.0,0.03760000000000001,2677.2900390625,0.23114598816192183,0.0
^RUT,2026-02-27,2750.0,Put,91.0,101.0,88.77,53.0,84.0,0.03760000000000001,2677.2900390625,0.23114598816192183,0.0
^RUT,2026-02-27,2755.0,Call,0.0,0.1,0.05,73.0,97.0,0.03760000000000001,2677.2900390625,0.23114598816192183,0.0
^RUT,2026-02-27,2755.0,Put,96.0,106.0,95.22,1.0,6.0,0.03760000000000001,2677.2900390625,0.23114598816192183,0.0
^RUT,2026-02-27,2760.0,Call,0.0,0.1,0.05,36.0,290.0,0.03760000000000001,2677.2900390625,0.23114598816192183,0.0
^RUT,2026-02-27,2760.0,Put,100.1,110.0,95.37,17.0,27.0,0.03760000000000001,2677.2900390625,0.23114598816192183,0.0
^RUT,2026-02-27,2765.0,Call,0.0,0.1,0.04,27.0,93.0,0.03760000000000001,2677.2900390625,0.23114598816192183,0.0
^RUT,2026-02-27,2765.0,Put,103.0,119.0,114.0,24.0,13.0,0.03760000000000001,2677.2900390625,0.23114598816192183,0.0
^RUT,2026-02-27,2770.0,Call,0.0,0.1,0.05,22.0,239.0,0.03760000000000001,2677.2900390625,0.23114598816192183,0.0
^RUT,2026-02-27,2770.0,Put,108.0,124.0,153.2,1.0,2.0,0.03760000000000001,2677.2900390625,0.23114598816192183,0.0
^RUT,2026-02-27,2775.0,Call,0.0,0.1,0.1,5.0,103.0,0.03760000000000001,2677.2900390625,0.23114598816192183,0.0
^RUT,2026-02-27,2775.0,Put,113.0,129.0,109.5,5.0,3.0,0.03760000000000001,2677.2900390625,0.23114598816192183,0.0
^RUT,2026-02-27,2780.0,Call,0.0,0.1,0.07,2.0,293.0,0.03760000000000001,2677.2900390625,0.23114598816192183,0.0
^RUT,2026-02-27,2780.0,Put,118.0,134.0,124.86,2.0,2.0,0.03760000000000001,2677.2900390625,0.23114598816192183,0.0
^RUT,2026-02-27,2785.0,Call,0.0,0.1,0.04,1.0,93.0,0.03760000000000001,2677.2900390625,0.23114598816192183,0.0
^RUT,2026-02-27,2785.0,Put,123.0,139.0,87.92,,1.0,0.03760000000000001,2677.2900390625,0.23114598816192183,0.0
^RUT,2026-02-27,2790.0,Call,0.0,0.1,0.03,1.0,85.0,0.03760000000000001,2677.2900390625,0.23114598816192183,0.0
^RUT,2026-02-27,2790.0,Put,128.0,144.0,174.01,3.0,2.0,0.03760000000000001,2677.2900390625,0.23114598816192183,0.0
^RUT,2026-02-27,2795.0,Call,0.0,0.1,0.05,30.0,104.0,0.03760000000000001,2677.2900390625,0.23114598816192183,0.0
^RUT,2026-02-27,2800.0,Call,0.0,0.1,0.06,50.0,183.0,0.03760000000000001,2677.2900390625,0.23114598816192183,0.0
^RUT,2026-02-27,2800.0,Put,138.0,154.0,146.41,51.0,68.0,0.03760000000000001,2677.2900390625,0.23114598816192183,0.0
^RUT,2026-02-27,2805.0,Call,0.0,0.1,0.05,16.0,107.0,0.03760000000000001,2677.2900390625,0.23114598816192183,0.0
^RUT,2026-02-27,2810.0,Call,0.0,0.1,0.07,30.0,206.0,0.03760000000000001,2677.2900390625,0.23114598816192183,0.0
^RUT,2026-02-27,2815.0,Call,0.0,0.1,0.05,18.0,124.0,0.03760000000000001,2677.2900390625,0.23114598816192183,0.0
^RUT,2026-02-27,2820.0,Call,0.0,0.1,0.04,2.0,230.0,0.03760000000000001,2677.2900390625,0.23114598816192183,0.0
^RUT,2026-02-27,2825.0,Call,0.0,0.1,0.09,2.0,45.0,0.03760000000000001,2677.2900390625,0.23114598816192183,0.0
^RUT,2026-02-27,2830.0,Call,0.0,0.1,0.05,3.0,217.0,0.03760000000000001,2677.2900390625,0.23114598816192183,0.0
^RUT,2026-02-27,2830.0,Put,168.0,184.0,169.56,2.0,1.0,0.03760000000000001,2677.2900390625,0.23114598816192183,0.0
^RUT,2026-02-27,2835.0,Call,0.0,0.1,0.06,25.0,25.0,0.03760000000000001,2677.2900390625,0.23114598816192183,0.0
^RUT,2026-02-27,2835.0,Put,173.0,189.0,180.84,1.0,0.0,0.03760000000000001,2677.2900390625,0.23114598816192183,0.0
^RUT,2026-02-27,2840.0,Call,0.0,0.1,0.06,50.0,154.0,0.03760000000000001,2677.2900390625,0.23114598816192183,0.0
^RUT,2026-02-27,2845.0,Call,0.0,0.1,0.05,25.0,200.0,0.03760000000000001,2677.2900390625,0.23114598816192183,0.0
^RUT,2026-02-27,2850.0,Call,0.0,0.1,0.05,25.0,316.0,0.03760000000000001,2677.2900390625,0.23114598816192183,0.0
^RUT,2026-02-27,2850.0,Put,188.0,204.0,196.26,51.0,58.0,0.03760000000000001,2677.2900390625,0.23114598816192183,0.0
^RUT,2026-02-27,2855.0,Call,0.0,0.1,0.06,4.0,142.0,0.03760000000000001,2677.2900390625,0.23114598816192183,0.0
^RUT,2026-02-27,2860.0,Call,0.0,0.1,0.16,9.0,182.0,0.03760000000000001,2677.2900390625,0.23114598816192183,0.0
^RUT,2026-02-27,2865.0,Call,0.0,0.1,0.05,1.0,201.0,0.03760000000000001,2677.2900390625,0.23114598816192183,0.0
^RUT,2026-02-27,2870.0,Call,0.0,0.1,0.07,15.0,309.0,0.03760000000000001,2677.2900390625,0.23114598816192183,0.0
^RUT,2026-02-27,2875.0,Call,0.0,0.1,0.05,2.0,130.0,0.03760000000000001,2677.2900390625,0.23114598816192183,0.0
^RUT,2026-02-27,2875.0,Put,209.0,233.0,231.99,5.0,5.0,0.03760000000000001,2677.2900390625,0.23114598816192183,0.0
^RUT,2026-02-27,2880.0,Call,0.0,0.1,0.07,8.0,263.0,0.03760000000000001,2677.2900390625,0.23114598816192183,0.0
^RUT,2026-02-27,2885.0,Call,0.0,0.1,0.17,86.0,92.0,0.03760000000000001,2677.2900390625,0.23114598816192183,0.0
^RUT,2026-02-27,2890.0,Call,0.0,0.1,0.04,8.0,132.0,0.03760000000000001,2677.2900390625,0.23114598816192183,0.0
^RUT,2026-02-27,2895.0,Call,0.0,0.1,0.15,6.0,89.0,0.03760000000000001,2677.2900390625,0.23114598816192183,0.0
^RUT,2026-02-27,2900.0,Call,0.0,0.1,0.04,1.0,182.0,0.03760000000000001,2677.2900390625,0.23114598816192183,0.0
^RUT,2026-02-27,2905.0,Call,0.0,0.1,0.57,3.0,176.0,0.03760000000000001,2677.2900390625,0.23114598816192183,0.0
^RUT,2026-02-27,2910.0,Call,0.0,0.1,0.01,17.0,85.0,0.03760000000000001,2677.2900390625,0.23114598816192183,0.0
^RUT,2026-02-27,2910.0,Put,244.0,268.0,245.41,17.0,14.0,0.03760000000000001,2677.2900390625,0.23114598816192183,0.0
^RUT,2026-02-27,2915.0,Call,0.0,0.1,0.05,1.0,2.0,0.03760000000000001,2677.2900390625,0.23114598816192183,0.0
^RUT,2026-02-27,2920.0,Call,0.0,0.1,0.11,1.0,4.0,0.03760000000000001,2677.2900390625,0.23114598816192183,0.0
^RUT,2026-02-27,2925.0,Call,0.0,0.1,0.08,3.0,11.0,0.03760000000000001,2677.2900390625,0.23114598816192183,0.0
^RUT,2026-02-27,2930.0,Call,0.0,0.1,0.26,2.0,5.0,0.03760000000000001,2677.2900390625,0.23114598816192183,0.0
^RUT,2026-02-27,2935.0,Call,0.0,0.1,0.2,1.0,4.0,0.03760000000000001,2677.2900390625,0.23114598816192183,0.0
^RUT,2026-02-27,2940.0,Call,0.0,0.1,0.22,2.0,4.0,0.03760000000000001,2677.2900390625,0.23114598816192183,0.0
^RUT,2026-02-27,2945.0,Call,0.0,0.1,0.06,2.0,3.0,0.03760000000000001,2677.2900390625,0.23114598816192183,0.0
^RUT,2026-02-27,2950.0,Call,0.0,0.1,0.17,1.0,54.0,0.03760000000000001,2677.2900390625,0.23114598816192183,0.0
^RUT,2026-02-27,2950.0,Put,284.0,308.0,341.81,3.0,16.0,0.03760000000000001,2677.2900390625,0.23114598816192183,0.0
^RUT,2026-02-27,2955.0,Call,0.0,0.1,0.22,3.0,6.0,0.03760000000000001,2677.2900390625,0.23114598816192183,0.0
^RUT,2026-02-27,2960.0,Call,0.0,0.1,0.18,1.0,35.0,0.03760000000000001,2677.2900390625,0.23114598816192183,0.0
^RUT,2026-02-27,2965.0,Call,0.0,0.1,0.19,6.0,6.0,0.03760000000000001,2677.2900390625,0.23114598816192183,0.0
^RUT,2026-02-27,2970.0,Call,0.0,0.1,0.19,4.0,10.0,0.03760000000000001,2677.2900390625,0.23114598816192183,0.0
^RUT,2026-02-27,2975.0,Call,0.0,0.1,0.02,1.0,2.0,0.03760000000000001,2677.2900390625,0.23114598816192183,0.0
^RUT,2026-02-27,2980.0,Call,0.0,0.1,0.15,4.0,9.0,0.03760000000000001,2677.2900390625,0.23114598816192183,0.0
^RUT,2026-02-27,2985.0,Call,0.0,0.1,0.12,5.0,6.0,0.03760000000000001,2677.2900390625,0.23114598816192183,0.0
^RUT,2026-02-27,2990.0,Call,0.0,0.1,0.32,2.0,58.0,0.03760000000000001,2677.2900390625,0.23114598816192183,0.0
^RUT,2026-02-27,2995.0,Call,0.0,0.1,0.12,7.0,10.0,0.03760000000000001,2677.2900390625,0.23114598816192183,0.0
^RUT,2026-02-27,3000.0,Call,0.0,0.1,0.08,11.0,105.0,0.03760000000000001,2677.2900390625,0.23114598816192183,0.0
^RUT,2026-02-27,3000.0,Put,334.0,358.0,331.69,17.0,10.0,0.03760000000000001,2677.2900390625,0.23114598816192183,0.0
^RUT,2026-02-27,3050.0,Call,0.0,0.1,0.09,1.0,26.0,0.03760000000000001,2677.2900390625,0.23114598816192183,0.0
^RUT,2026-02-27,3100.0,Call,0.0,0.1,0.08,1.0,97.0,0.03760000000000001,2677.2900390625,0.23114598816192183,0.0
^RUT,2026-02-27,3100.0,Put,434.0,458.0,436.88,8.0,7.0,0.03760000000000001,2677.2900390625,0.23114598816192183,0.0
^RUT,2026-02-27,3150.0,Call,0.0,0.1,0.05,1.0,71.0,0.03760000000000001,2677.2900390625,0.23114598816192183,0.0
^RUT,2026-02-27,3200.0,Call,0.0,0.1,0.05,4.0,16.0,0.03760000000000001,2677.2900390625,0.23114598816192183,0.0
^RUT,2026-02-27,3250.0,Call,0.0,0.1,0.1,1.0,2.0,0.03760000000000001,2677.2900390625,0.23114598816192183,0.0
^RUT,2026-02-27,3300.0,Call,0.0,0.1,0.04,1.0,13.0,0.03760000000000001,2677.2900390625,0.23114598816192183,0.0
^RUT,2026-02-27,3350.0,Call,0.0,0.1,0.05,1.0,15.0,0.03760000000000001,2677.2900390625,0.23114598816192183,0.0
^RUT,2026-02-27,3350.0,Put,745.6,765.0,845.67,17.0,15.0,0.03760000000000001,2677.2900390625,0.23114598816192183,0.0
^RUT,2026-02-27,3400.0,Call,0.0,0.1,0.05,3.0,4.0,0.03760000000000001,2677.2900390625,0.23114598816192183,0.0
^RUT,2026-02-27,3450.0,Call,0.0,0.15,0.35,1.0,0.0,0.03760000000000001,2677.2900390625,0.23114598816192183,0.0
^RUT,2026-02-27,3500.0,Call,0.0,0.1,0.13,26.0,23.0,0.03760000000000001,2677.2900390625,0.23114598816192183,0.0
^RUT,2026-02-27,3500.0,Put,895.0,914.0,994.18,17.0,15.0,0.03760000000000001,2677.2900390625,0.23114598816192183,0.0
^RUT,2026-03-02,2190.0,Put,0.0,0.15,0.62,2.0,2.0,0.037580289093298296,2677.2900390625,0.23114598816192183,0.0
^RUT,2026-03-02,2200.0,Put,0.0,0.15,0.58,,1.0,0.037580289093298296,2677.2900390625,0.23114598816192183,0.0
^RUT,2026-03-02,2225.0,Put,0.0,0.15,0.9,,2.0,0.037580289093298296,2677.2900390625,0.23114598816192183,0.0
^RUT,2026-03-02,2250.0,Put,0.0,0.15,1.4,3.0,11.0,0.037580289093298296,2677.2900390625,0.23114598816192183,0.0
^RUT,2026-03-02,2285.0,Put,0.0,0.15,1.22,,3.0,0.037580289093298296,2677.2900390625,0.23114598816192183,0.0
^RUT,2026-03-02,2290.0,Put,0.0,0.15,0.45,8.0,24.0,0.037580289093298296,2677.2900390625,0.23114598816192183,0.0
^RUT,2026-03-02,2335.0,Put,0.0,0.2,0.85,1.0,1.0,0.037580289093298296,2677.2900390625,0.23114598816192183,0.0
^RUT,2026-03-02,2350.0,Put,0.0,0.2,0.25,1.0,2.0,0.037580289093298296,2677.2900390625,0.23114598816192183,0.0
^RUT,2026-03-02,2370.0,Put,0.0,0.2,0.31,1.0,1.0,0.037580289093298296,2677.2900390625,0.23114598816192183,0.0
^RUT,2026-03-02,2385.0,Put,0.0,0.25,3.15,,68.0,0.037580289093298296,2677.2900390625,0.23114598816192183,0.0
^RUT,2026-03-02,2390.0,Put,0.0,0.25,1.87,1.0,13.0,0.037580289093298296,2677.2900390625,0.23114598816192183,0.0
^RUT,2026-03-02,2400.0,Put,0.05,0.25,0.26,3.0,18.0,0.037580289093298296,2677.2900390625,0.23114598816192183,0.0
^RUT,2026-03-02,2410.0,Put,0.05,0.25,4.73,,3.0,0.037580289093298296,2677.2900390625,0.23114598816192183,0.0
^RUT,2026-03-02,2430.0,Put,0.1,0.35,0.62,11.0,12.0,0.037580289093298296,2677.2900390625,0.23114598816192183,0.0
^RUT,2026-03-02,2435.0,Put,0.1,0.35,0.69,5.0,8.0,0.037580289093298296,2677.2900390625,0.23114598816192183,0.0
^RUT,2026-03-02,2440.0,Put,0.15,0.35,0.34,8.0,137.0,0.037580289093298296,2677.2900390625,0.23114598816192183,0.0
^RUT,2026-03-02,2445.0,Put,0.2,0.4,2.88,1.0,9.0,0.037580289093298296,2677.2900390625,0.23114598816192183,0.0
^RUT,2026-03-02,2450.0,Put,0.2,0.4,0.2,1.0,23.0,0.037580289093298296,2677.2900390625,0.23114598816192183,0.0
^RUT,2026-03-02,2455.0,Put,0.25,0.45,0.87,2.0,54.0,0.037580289093298296,2677.2900390625,0.23114598816192183,0.0
^RUT,2026-03-02,2460.0,Call,186.4,202.4,187.66,1.0,1.0,0.037580289093298296,2677.2900390625,0.23114598816192183,0.0
^RUT,2026-03-02,2460.0,Put,0.25,0.45,0.24,1.0,51.0,0.037580289093298296,2677.2900390625,0.23114598816192183,0.0
^RUT,2026-03-02,2465.0,Put,0.3,0.5,0.3,10.0,37.0,0.037580289093298296,2677.2900390625,0.23114598816192183,0.0
^RUT,2026-03-02,2470.0,Put,0.3,0.55,0.55,1.0,32.0,0.037580289093298296,2677.2900390625,0.23114598816192183,0.0
^RUT,2026-03-02,2475.0,Put,0.35,0.6,0.6,1.0,11.0,0.037580289093298296,2677.2900390625,0.23114598816192183,0.0
^RUT,2026-03-02,2480.0,Call,166.6,182.6,182.79,1.0,1.0,0.037580289093298296,2677.2900390625,0.23114598816192183,0.0
^RUT,2026-03-02,2480.0,Put,0.35,0.6,0.34,3.0,30.0,0.037580289093298296,2677.2900390625,0.23114598816192183,0.0
^RUT,2026-03-02,2485.0,Put,0.45,0.65,0.34,1.0,31.0,0.037580289093298296,2677.2900390625,0.23114598816192183,0.0
^RUT,2026-03-02,2490.0,Put,0.5,0.7,1.59,1.0,62.0,0.037580289093298296,2677.2900390625,0.23114598816192183,0.0
^RUT,2026-03-02,2495.0,Put,0.55,0.8,5.1,1.0,2.0,0.037580289093298296,2677.2900390625,0.23114598816192183,0.0
^RUT,2026-03-02,2500.0,Put,0.6,0.85,0.4,2.0,31.0,0.037580289093298296,2677.2900390625,0.23114598816192183,0.0
^RUT,2026-03-02,2505.0,Put,0.65,0.85,0.49,1.0,43.0,0.037580289093298296,2677.2900390625,0.23114598816192183,0.0
^RUT,2026-03-02,2510.0,Call,136.9,152.9,142.5,1.0,1.0,0.037580289093298296,2677.2900390625,0.23114598816192183,0.0
^RUT,2026-03-02,2510.0,Put,0.7,0.95,0.46,15.0,24.0,0.037580289093298296,2677.2900390625,0.23114598816192183,0.0
^RUT,2026-03-02,2515.0,Put,0.85,1.1,0.51,5.0,87.0,0.037580289093298296,2677.2900390625,0.23114598816192183,0.0
^RUT,2026-03-02,2520.0,Put,0.9,1.2,0.61,6.0,8.0,0.037580289093298296,2677.2900390625,0.23114598816192183,0.0
^RUT,2026-03-02,2525.0,Put,1.05,1.3,2.15,1.0,27.0,0.037580289093298296,2677.2900390625,0.23114598816192183,0.0
^RUT,2026-03-02,2530.0,Put,1.15,1.45,1.89,12.0,64.0,0.037580289093298296,2677.2900390625,0.23114598816192183,0.0
^RUT,2026-03-02,2535.0,Put,1.3,1.6,1.3,6.0,40.0,0.037580289093298296,2677.2900390625,0.23114598816192183,0.0
^RUT,2026-03-02,2540.0,Put,1.45,1.75,2.25,22.0,267.0,0.037580289093298296,2677.2900390625,0.23114598816192183,0.0
^RUT,2026-03-02,2545.0,Put,1.6,1.95,3.26,7.0,58.0,0.037580289093298296,2677.2900390625,0.23114598816192183,0.0
^RUT,2026-03-02,2550.0,Call,100.1,114.3,111.92,,5.0,0.037580289093298296,2677.2900390625,0.23114598816192183,0.0
^RUT,2026-03-02,2550.0,Put,1.75,2.1,1.24,2.0,44.0,0.037580289093298296,2677.2900390625,0.23114598816192183,0.0
^RUT,2026-03-02,2555.0,Put,2.05,2.4,1.25,13.0,19.0,0.037580289093298296,2677.2900390625,0.23114598816192183,0.0
^RUT,2026-03-02,2560.0,Put,2.3,2.65,1.42,22.0,33.0,0.037580289093298296,2677.2900390625,0.23114598816192183,0.0
^RUT,2026-03-02,2565.0,Put,2.6,2.95,1.41,3.0,9.0,0.037580289093298296,2677.2900390625,0.23114598816192183,0.0
^RUT,2026-03-02,2570.0,Put,2.85,3.2,1.43,11.0,56.0,0.037580289093298296,2677.2900390625,0.23114598816192183,0.0
^RUT,2026-03-02,2575.0,Put,3.2,3.7,1.72,31.0,80.0,0.037580289093298296,2677.2900390625,0.23114598816192183,0.0
^RUT,2026-03-02,2580.0,Put,3.7,4.2,1.9,33.0,79.0,0.037580289093298296,2677.2900390625,0.23114598816192183,0.0
^RUT,2026-03-02,2585.0,Put,4.2,4.7,2.0,33.0,40.0,0.037580289093298296,2677.2900390625,0.23114598816192183,0.0
^RUT,2026-03-02,2590.0,Put,4.8,5.3,2.3,30.0,77.0,0.037580289093298296,2677.2900390625,0.23114598816192183,0.0
^RUT,2026-03-02,2595.0,Put,5.3,5.8,2.67,20.0,36.0,0.037580289093298296,2677.2900390625,0.23114598816192183,0.0
^RUT,2026-03-02,2600.0,Put,6.0,6.5,3.05,72.0,88.0,0.037580289093298296,2677.2900390625,0.23114598816192183,0.0
^RUT,2026-03-02,2605.0,Call,53.8,56.4,65.05,1.0,21.0,0.037580289093298296,2677.2900390625,0.23114598816192183,0.0
^RUT,2026-03-02,2605.0,Put,7.0,7.5,3.25,20.0,75.0,0.037580289093298296,2677.2900390625,0.23114598816192183,0.0
^RUT,2026-03-02,2610.0,Call,49.3,51.8,41.41,20.0,21.0,0.037580289093298296,2677.2900390625,0.23114598816192183,0.0
^RUT,2026-03-02,2610.0,Put,7.9,8.5,3.82,30.0,62.0,0.037580289093298296,2677.2900390625,0.23114598816192183,0.0
^RUT,2026-03-02,2615.0,Call,45.5,47.7,60.76,2.0,8.0,0.037580289093298296,2677.2900390625,0.23114598816192183,0.0
^RUT,2026-03-02,2615.0,Put,9.0,9.5,4.78,35.0,62.0,0.037580289093298296,2677.2900390625,0.23114598816192183,0.0
^RUT,2026-03-02,2620.0,Call,41.7,43.8,54.12,3.0,11.0,0.037580289093298296,2677.2900390625,0.23114598816192183,0.0
^RUT,2026-03-02,2620.0,Put,10.1,10.7,4.83,47.0,49.0,0.037580289093298296,2677.2900390625,0.23114598816192183,0.0
^RUT,2026-03-02,2625.0,Call,38.1,40.0,42.7,3.0,4.0,0.037580289093298296,2677.2900390625,0.23114598816192183,0.0
^RUT,2026-03-02,2625.0,Put,11.4,12.0,5.56,13.0,50.0,0.037580289093298296,2677.2900390625,0.23114598816192183,0.0
^RUT,2026-03-02,2630.0,Call,34.8,36.5,40.58,4.0,9.0,0.037580289093298296,2677.2900390625,0.23114598816192183,0.0
^RUT,2026-03-02,2630.0,Put,12.8,13.4,6.2,7.0,11.0,0.037580289093298296,2677.2900390625,0.23114598816192183,0.0
^RUT,2026-03-02,2635.0,Call,31.6,32.9,29.1,2.0,2.0,0.037580289093298296,2677.2900390625,0.23114598816192183,0.0
^RUT,2026-03-02,2635.0,Put,14.2,14.9,7.2,26.0,37.0,0.037580289093298296,2677.2900390625,0.23114598816192183,0.0
^RUT,2026-03-02,2640.0,Call,28.3,29.3,25.9,1.0,5.0,0.037580289093298296,2677.2900390625,0.23114598816192183,0.0
^RUT,2026-03-02,2640.0,Put,15.9,16.6,8.77,34.0,35.0,0.037580289093298296,2677.2900390625,0.23114598816192183,0.0
^RUT,2026-03-02,2645.0,Call,25.4,26.3,23.1,2.0,8.0,0.037580289093298296,2677.2900390625,0.23114598816192183,0.0
^RUT,2026-03-02,2645.0,Put,17.8,18.5,9.11,12.0,21.0,0.037580289093298296,2677.2900390625,0.23114598816192183,0.0
^RUT,2026-03-02,2650.0,Call,22.4,23.2,37.89,13.0,46.0,0.037580289093298296,2677.2900390625,0.23114598816192183,0.0
^RUT,2026-03-02,2650.0,Put,19.8,20.5,10.1,18.0,31.0,0.037580289093298296,2677.2900390625,0.23114598816192183,0.0
^RUT,2026-03-02,2655.0,Call,19.7,20.4,30.74,3.0,6.0,0.037580289093298296,2677.2900390625,0.23114598816192183,0.0
^RUT,2026-03-02,2655.0,Put,22.2,22.8,12.6,27.0,39.0,0.037580289093298296,2677.2900390625,0.23114598816192183,0.0
^RUT,2026-03-02,2660.0,Call,17.1,17.7,16.36,2.0,68.0,0.037580289093298296,2677.2900390625,0.23114598816192183,0.0
^RUT,2026-03-02,2660.0,Put,24.3,25.1,14.11,20.0,36.0,0.037580289093298296,2677.2900390625,0.23114598816192183,0.0
^RUT,2026-03-02,2665.0,Call,14.5,15.1,13.16,1.0,6.0,0.037580289093298296,2677.2900390625,0.23114598816192183,0.0
^RUT,2026-03-02,2665.0,Put,26.6,27.5,14.56,1.0,16.0,0.037580289093298296,2677.2900390625,0.23114598816192183,0.0
^RUT,2026-03-02,2670.0,Call,12.4,13.0,11.37,3.0,26.0,0.037580289093298296,2677.2900390625,0.23114598816192183,0.0
^RUT,2026-03-02,2670.0,Put,29.6,30.8,17.3,14.0,70.0,0.037580289093298296,2677.2900390625,0.23114598816192183,0.0
^RUT,2026-03-02,2675.0,Call,10.2,10.8,9.3,6.0,19.0,0.037580289093298296,2677.2900390625,0.23114598816192183,0.0
^RUT,2026-03-02,2675.0,Put,32.1,33.8,18.0,6.0,12.0,0.037580289093298296,2677.2900390625,0.23114598816192183,0.0
^RUT,2026-03-02,2680.0,Call,8.5,9.1,18.64,20.0,21.0,0.037580289093298296,2677.2900390625,0.23114598816192183,0.0
^RUT,2026-03-02,2680.0,Put,35.0,36.9,20.59,3.0,2.0,0.037580289093298296,2677.2900390625,0.23114598816192183,0.0
^RUT,2026-03-02,2685.0,Call,6.9,7.5,14.38,3.0,15.0,0.037580289093298296,2677.2900390625,0.23114598816192183,0.0
^RUT,2026-03-02,2685.0,Put,38.6,40.9,23.56,1.0,1.0,0.037580289093298296,2677.2900390625,0.23114598816192183,0.0
^RUT,2026-03-02,2690.0,Call,5.7,6.2,14.03,21.0,60.0,0.037580289093298296,2677.2900390625,0.23114598816192183,0.0
^RUT,2026-03-02,2690.0,Put,42.1,44.6,51.74,2.0,3.0,0.037580289093298296,2677.2900390625,0.23114598816192183,0.0
^RUT,2026-03-02,2695.0,Call,4.3,4.8,10.18,25.0,32.0,0.037580289093298296,2677.2900390625,0.23114598816192183,0.0
^RUT,2026-03-02,2695.0,Put,40.9,50.6,64.17,10.0,11.0,0.037580289093298296,2677.2900390625,0.23114598816192183,0.0
^RUT,2026-03-02,2700.0,Call,3.4,3.8,9.89,23.0,43.0,0.037580289093298296,2677.2900390625,0.23114598816192183,0.0
^RUT,2026-03-02,2700.0,Put,44.9,54.4,32.0,4.0,3.0,0.037580289093298296,2677.2900390625,0.23114598816192183,0.0
^RUT,2026-03-02,2705.0,Call,2.55,3.0,8.14,61.0,69.0,0.037580289093298296,2677.2900390625,0.23114598816192183,0.0
^RUT,2026-03-02,2710.0,Call,2.0,2.45,6.1,8.0,41.0,0.037580289093298296,2677.2900390625,0.23114598816192183,0.0
^RUT,2026-03-02,2710.0,Put,53.3,63.0,39.0,12.0,12.0,0.037580289093298296,2677.2900390625,0.23114598816192183,0.0
^RUT,2026-03-02,2715.0,Call,1.45,1.85,1.75,29.0,34.0,0.037580289093298296,2677.2900390625,0.23114598816192183,0.0
^RUT,2026-03-02,2720.0,Call,1.1,1.45,3.87,55.0,59.0,0.037580289093298296,2677.2900390625,0.23114598816192183,0.0
^RUT,2026-03-02,2725.0,Call,0.75,1.1,3.5,89.0,72.0,0.037580289093298296,2677.2900390625,0.23114598816192183,0.0
^RUT,2026-03-02,2730.0,Call,0.6,0.85,2.29,58.0,64.0,0.037580289093298296,2677.2900390625,0.23114598816192183,0.0
^RUT,2026-03-02,2735.0,Call,0.4,0.7,1.71,4.0,12.0,0.037580289093298296,2677.2900390625,0.23114598816192183,0.0
^RUT,2026-03-02,2740.0,Call,0.3,0.5,1.5,38.0,46.0,0.037580289093298296,2677.2900390625,0.23114598816192183,0.0
^RUT,2026-03-02,2745.0,Call,0.2,0.45,0.96,13.0,16.0,0.037580289093298296,2677.2900390625,0.23114598816192183,0.0
^RUT,2026-03-02,2750.0,Call,0.1,0.35,0.49,30.0,100.0,0.037580289093298296,2677.2900390625,0.23114598816192183,0.0
^RUT,2026-03-02,2755.0,Call,0.05,0.3,0.55,1.0,5.0,0.037580289093298296,2677.2900390625,0.23114598816192183,0.0
^RUT,2026-03-02,2765.0,Call,0.0,0.25,0.15,5.0,17.0,0.037580289093298296,2677.2900390625,0.23114598816192183,0.0
^RUT,2026-03-02,2770.0,Call,0.0,0.2,0.15,8.0,28.0,0.037580289093298296,2677.2900390625,0.23114598816192183,0.0
^RUT,2026-03-02,2775.0,Call,0.0,0.2,0.51,93.0,110.0,0.037580289093298296,2677.2900390625,0.23114598816192183,0.0
^RUT,2026-03-02,2780.0,Call,0.0,0.2,0.34,3.0,2.0,0.037580289093298296,2677.2900390625,0.23114598816192183,0.0
^RUT,2026-03-02,2785.0,Call,0.0,0.2,0.16,6.0,9.0,0.037580289093298296,2677.2900390625,0.23114598816192183,0.0
^RUT,2026-03-02,2790.0,Call,0.0,0.15,0.1,5.0,5.0,0.037580289093298296,2677.2900390625,0.23114598816192183,0.0
^RUT,2026-03-02,2795.0,Call,0.0,0.15,3.38,4.0,1.0,0.037580289093298296,2677.2900390625,0.23114598816192183,0.0
^RUT,2026-03-02,2800.0,Call,0.0,0.15,0.22,5.0,14.0,0.037580289093298296,2677.2900390625,0.23114598816192183,0.0
^RUT,2026-03-02,2805.0,Call,0.0,0.15,0.17,5.0,95.0,0.037580289093298296,2677.2900390625,0.23114598816192183,0.0
^RUT,2026-03-02,2810.0,Call,0.0,0.15,3.22,,3.0,0.037580289093298296,2677.2900390625,0.23114598816192183,0.0
^RUT,2026-03-02,2815.0,Call,0.0,0.15,0.05,1.0,7.0,0.037580289093298296,2677.2900390625,0.23114598816192183,0.0
^RUT,2026-03-02,2825.0,Call,0.0,0.15,0.15,1.0,2.0,0.037580289093298296,2677.2900390625,0.23114598816192183,0.0
^RUT,2026-03-02,2830.0,Call,0.0,0.15,0.15,4.0,5.0,0.037580289093298296,2677.2900390625,0.23114598816192183,0.0
^RUT,2026-03-02,2835.0,Call,0.0,0.15,6.31,,1.0,0.037580289093298296,2677.2900390625,0.23114598816192183,0.0
^RUT,2026-03-02,2840.0,Call,0.0,0.1,0.55,1.0,1.0,0.037580289093298296,2677.2900390625,0.23114598816192183,0.0
^RUT,2026-03-02,2850.0,Call,0.0,0.1,1.45,,5.0,0.037580289093298296,2677.2900390625,0.23114598816192183,0.0
^RUT,2026-03-02,2855.0,Call,0.0,0.1,1.0,4.0,1.0,0.037580289093298296,2677.2900390625,0.23114598816192183,0.0
^RUT,2026-03-02,2860.0,Call,0.0,0.1,0.4,4.0,5.0,0.037580289093298296,2677.2900390625,0.23114598816192183,0.0
^RUT,2026-03-02,2865.0,Call,0.0,0.1,3.52,4.0,4.0,0.037580289093298296,2677.2900390625,0.23114598816192183,0.0
^RUT,2026-03-02,2870.0,Call,0.0,0.1,0.08,1.0,13.0,0.037580289093298296,2677.2900390625,0.23114598816192183,0.0
^RUT,2026-03-02,2875.0,Call,0.0,0.1,0.57,3.0,7.0,0.037580289093298296,2677.2900390625,0.23114598816192183,0.0
^RUT,2026-03-02,2880.0,Call,0.0,0.1,2.75,7.0,10.0,0.037580289093298296,2677.2900390625,0.23114598816192183,0.0
^RUT,2026-03-02,2885.0,Call,0.0,0.1,1.03,2.0,3.0,0.037580289093298296,2677.2900390625,0.23114598816192183,0.0
^RUT,2026-03-02,2890.0,Call,0.0,0.1,0.65,,3.0,0.037580289093298296,2677.2900390625,0.23114598816192183,0.0
^RUT,2026-03-02,2895.0,Call,0.0,0.1,0.85,2.0,2.0,0.037580289093298296,2677.2900390625,0.23114598816192183,0.0
^RUT,2026-03-02,2900.0,Call,0.0,0.1,0.45,1.0,0.0,0.037580289093298296,2677.2900390625,0.23114598816192183,0.0
^RUT,2026-03-02,2915.0,Call,0.0,0.1,0.35,1.0,1.0,0.037580289093298296,2677.2900390625,0.23114598816192183,0.0
^RUT,2026-03-02,2920.0,Call,0.0,0.1,0.35,1.0,0.0,0.037580289093298296,2677.2900390625,0.23114598816192183,0.0
^RUT,2026-03-02,2955.0,Call,0.0,0.1,0.45,1.0,1.0,0.037580289093298296,2677.2900390625,0.23114598816192183,0.0
^RUT,2026-03-03,2240.0,Put,0.0,0.2,0.7,1.0,0.0,0.037573718791064394,2677.2900390625,0.23114598816192183,0.0
^RUT,2026-03-03,2320.0,Put,0.05,0.25,1.17,,3.0,0.037573718791064394,2677.2900390625,0.23114598816192183,0.0
^RUT,2026-03-03,2330.0,Put,0.05,0.3,2.92,,3.0,0.037573718791064394,2677.2900390625,0.23114598816192183,0.0
^RUT,2026-03-03,2340.0,Put,0.05,0.3,0.4,1.0,14.0,0.037573718791064394,2677.2900390625,0.23114598816192183,0.0
^RUT,2026-03-03,2350.0,Put,0.1,0.3,4.1,,1.0,0.037573718791064394,2677.2900390625,0.23114598816192183,0.0
^RUT,2026-03-03,2375.0,Put,0.15,0.4,2.15,1.0,3.0,0.037573718791064394,2677.2900390625,0.23114598816192183,0.0
^RUT,2026-03-03,2385.0,Put,0.2,0.4,1.03,3.0,105.0,0.037573718791064394,2677.2900390625,0.23114598816192183,0.0
^RUT,2026-03-03,2395.0,Put,0.2,0.45,0.7,9.0,9.0,0.037573718791064394,2677.2900390625,0.23114598816192183,0.0
^RUT,2026-03-03,2400.0,Put,0.25,0.5,2.87,,41.0,0.037573718791064394,2677.2900390625,0.23114598816192183,0.0
^RUT,2026-03-03,2410.0,Put,0.3,0.55,8.04,,25.0,0.037573718791064394,2677.2900390625,0.23114598816192183,0.0
^RUT,2026-03-03,2415.0,Put,0.3,0.55,3.2,2.0,2.0,0.037573718791064394,2677.2900390625,0.23114598816192183,0.0
^RUT,2026-03-03,2430.0,Put,0.45,0.65,0.65,9.0,11.0,0.037573718791064394,2677.2900390625,0.23114598816192183,0.0
^RUT,2026-03-03,2445.0,Call,200.2,223.7,225.72,1.0,1.0,0.037573718791064394,2677.2900390625,0.23114598816192183,0.0
^RUT,2026-03-03,2445.0,Put,0.55,0.75,0.75,1.0,3.0,0.037573718791064394,2677.2900390625,0.23114598816192183,0.0
^RUT,2026-03-03,2450.0,Put,0.6,0.85,0.75,9.0,18.0,0.037573718791064394,2677.2900390625,0.23114598816192183,0.0
^RUT,2026-03-03,2465.0,Call,182.1,198.1,159.71,1.0,1.0,0.037573718791064394,2677.2900390625,0.23114598816192183,0.0
^RUT,2026-03-03,2465.0,Put,0.75,1.05,0.8,8.0,11.0,0.037573718791064394,2677.2900390625,0.23114598816192183,0.0
^RUT,2026-03-03,2470.0,Put,0.8,1.1,0.92,1.0,19.0,0.037573718791064394,2677.2900390625,0.23114598816192183,0.0
^RUT,2026-03-03,2475.0,Put,0.9,1.2,0.97,5.0,18.0,0.037573718791064394,2677.2900390625,0.23114598816192183,0.0
^RUT,2026-03-03,2480.0,Put,1.0,1.25,1.01,1.0,12.0,0.037573718791064394,2677.2900390625,0.23114598816192183,0.0
^RUT,2026-03-03,2490.0,Put,1.15,1.4,2.65,22.0,41.0,0.037573718791064394,2677.2900390625,0.23114598816192183,0.0
^RUT,2026-03-03,2495.0,Call,152.6,168.6,178.67,1.0,1.0,0.037573718791064394,2677.2900390625,0.23114598816192183,0.0
^RUT,2026-03-03,2495.0,Put,1.25,1.6,1.34,2.0,7.0,0.037573718791064394,2677.2900390625,0.23114598816192183,0.0
^RUT,2026-03-03,2500.0,Put,1.35,1.7,1.5,1.0,89.0,0.037573718791064394,2677.2900390625,0.23114598816192183,0.0
^RUT,2026-03-03,2505.0,Put,1.5,1.8,1.54,4.0,14.0,0.037573718791064394,2677.2900390625,0.23114598816192183,0.0
^RUT,2026-03-03,2515.0,Call,133.2,149.2,115.72,1.0,1.0,0.037573718791064394,2677.2900390625,0.23114598816192183,0.0
^RUT,2026-03-03,2515.0,Put,1.75,2.1,3.69,32.0,30.0,0.037573718791064394,2677.2900390625,0.23114598816192183,0.0
^RUT,2026-03-03,2520.0,Put,1.95,2.35,4.56,4.0,17.0,0.037573718791064394,2677.2900390625,0.23114598816192183,0.0
^RUT,2026-03-03,2525.0,Put,2.15,2.5,1.26,2.0,53.0,0.037573718791064394,2677.2900390625,0.23114598816192183,0.0
^RUT,2026-03-03,2530.0,Put,2.3,2.7,3.05,17.0,42.0,0.037573718791064394,2677.2900390625,0.23114598816192183,0.0
^RUT,2026-03-03,2535.0,Put,2.6,2.95,3.29,16.0,46.0,0.037573718791064394,2677.2900390625,0.23114598816192183,0.0
^RUT,2026-03-03,2540.0,Put,2.8,3.2,3.1,1.0,60.0,0.037573718791064394,2677.2900390625,0.23114598816192183,0.0
^RUT,2026-03-03,2545.0,Put,3.1,3.6,1.7,8.0,29.0,0.037573718791064394,2677.2900390625,0.23114598816192183,0.0
^RUT,2026-03-03,2550.0,Call,100.1,116.0,120.5,,1.0,0.037573718791064394,2677.2900390625,0.23114598816192183,0.0
^RUT,2026-03-03,2550.0,Put,3.4,3.8,2.5,3.0,60.0,0.037573718791064394,2677.2900390625,0.23114598816192183,0.0
^RUT,2026-03-03,2555.0,Put,3.8,4.3,2.04,4.0,63.0,0.037573718791064394,2677.2900390625,0.23114598816192183,0.0
^RUT,2026-03-03,2560.0,Put,4.1,4.6,2.22,3.0,8.0,0.037573718791064394,2677.2900390625,0.23114598816192183,0.0
^RUT,2026-03-03,2565.0,Put,4.5,4.9,2.62,7.0,7.0,0.037573718791064394,2677.2900390625,0.23114598816192183,0.0
^RUT,2026-03-03,2570.0,Put,5.0,5.5,4.8,2.0,16.0,0.037573718791064394,2677.2900390625,0.23114598816192183,0.0
^RUT,2026-03-03,2575.0,Put,5.5,6.0,7.96,5.0,17.0,0.037573718791064394,2677.2900390625,0.23114598816192183,0.0
^RUT,2026-03-03,2580.0,Put,6.1,6.6,4.0,14.0,31.0,0.037573718791064394,2677.2900390625,0.23114598816192183,0.0
^RUT,2026-03-03,2585.0,Call,71.2,81.2,88.84,,4.0,0.037573718791064394,2677.2900390625,0.23114598816192183,0.0
^RUT,2026-03-03,2585.0,Put,6.9,7.5,3.58,1.0,15.0,0.037573718791064394,2677.2900390625,0.23114598816192183,0.0
^RUT,2026-03-03,2600.0,Call,60.9,63.5,66.02,1.0,2.0,0.037573718791064394,2677.2900390625,0.23114598816192183,0.0
^RUT,2026-03-03,2600.0,Put,9.4,10.0,4.95,16.0,22.0,0.037573718791064394,2677.2900390625,0.23114598816192183,0.0
^RUT,2026-03-03,2605.0,Call,57.5,59.7,81.8,,1.0,0.037573718791064394,2677.2900390625,0.23114598816192183,0.0
^RUT,2026-03-03,2610.0,Call,53.1,55.4,46.0,1.0,5.0,0.037573718791064394,2677.2900390625,0.23114598816192183,0.0
^RUT,2026-03-03,2610.0,Put,11.4,12.0,10.2,9.0,43.0,0.037573718791064394,2677.2900390625,0.23114598816192183,0.0
^RUT,2026-03-03,2615.0,Call,49.4,51.6,60.63,1.0,6.0,0.037573718791064394,2677.2900390625,0.23114598816192183,0.0
^RUT,2026-03-03,2620.0,Call,45.8,47.7,54.97,5.0,5.0,0.037573718791064394,2677.2900390625,0.23114598816192183,0.0
^RUT,2026-03-03,2620.0,Put,13.7,14.3,7.5,3.0,2.0,0.037573718791064394,2677.2900390625,0.23114598816192183,0.0
^RUT,2026-03-03,2625.0,Call,42.3,44.0,43.1,5.0,4.0,0.037573718791064394,2677.2900390625,0.23114598816192183,0.0
^RUT,2026-03-03,2630.0,Call,38.8,40.3,53.19,4.0,39.0,0.037573718791064394,2677.2900390625,0.23114598816192183,0.0
^RUT,2026-03-03,2630.0,Put,16.6,17.3,18.75,1.0,8.0,0.037573718791064394,2677.2900390625,0.23114598816192183,0.0
^RUT,2026-03-03,2635.0,Call,35.9,37.1,44.5,1.0,6.0,0.037573718791064394,2677.2900390625,0.23114598816192183,0.0
^RUT,2026-03-03,2635.0,Put,18.4,19.1,49.28,15.0,17.0,0.037573718791064394,2677.2900390625,0.23114598816192183,0.0
^RUT,2026-03-03,2640.0,Call,32.6,33.5,35.0,1.0,1.0,0.037573718791064394,2677.2900390625,0.23114598816192183,0.0
^RUT,2026-03-03,2640.0,Put,20.1,20.8,13.22,1.0,18.0,0.037573718791064394,2677.2900390625,0.23114598816192183,0.0
^RUT,2026-03-03,2645.0,Put,21.8,22.6,14.74,5.0,19.0,0.037573718791064394,2677.2900390625,0.23114598816192183,0.0
^RUT,2026-03-03,2650.0,Call,26.7,27.5,23.57,1.0,4.0,0.037573718791064394,2677.2900390625,0.23114598816192183,0.0
^RUT,2026-03-03,2650.0,Put,24.0,24.8,13.85,11.0,45.0,0.037573718791064394,2677.2900390625,0.23114598816192183,0.0
^RUT,2026-03-03,2655.0,Call,23.8,24.6,24.7,1.0,22.0,0.037573718791064394,2677.2900390625,0.23114598816192183,0.0
^RUT,2026-03-03,2655.0,Put,26.2,26.9,33.0,10.0,3.0,0.037573718791064394,2677.2900390625,0.23114598816192183,0.0
^RUT,2026-03-03,2665.0,Call,18.6,19.4,26.85,6.0,25.0,0.037573718791064394,2677.2900390625,0.23114598816192183,0.0
^RUT,2026-03-03,2670.0,Call,16.2,16.9,25.58,4.0,43.0,0.037573718791064394,2677.2900390625,0.23114598816192183,0.0
^RUT,2026-03-03,2670.0,Put,33.4,34.5,50.7,,3.0,0.037573718791064394,2677.2900390625,0.23114598816192183,0.0
^RUT,2026-03-03,2675.0,Call,14.1,14.8,21.71,2.0,3.0,0.037573718791064394,2677.2900390625,0.23114598816192183,0.0
^RUT,2026-03-03,2675.0,Put,35.8,37.3,22.06,4.0,3.0,0.037573718791064394,2677.2900390625,0.23114598816192183,0.0
^RUT,2026-03-03,2680.0,Call,12.1,12.8,10.9,4.0,49.0,0.037573718791064394,2677.2900390625,0.23114598816192183,0.0
^RUT,2026-03-03,2685.0,Call,10.3,10.9,21.99,2.0,2.0,0.037573718791064394,2677.2900390625,0.23114598816192183,0.0
^RUT,2026-03-03,2690.0,Call,8.6,9.2,9.7,3.0,6.0,0.037573718791064394,2677.2900390625,0.23114598816192183,0.0
^RUT,2026-03-03,2695.0,Call,7.3,7.9,8.8,8.0,13.0,0.037573718791064394,2677.2900390625,0.23114598816192183,0.0
^RUT,2026-03-03,2695.0,Put,48.6,51.1,33.9,4.0,2.0,0.037573718791064394,2677.2900390625,0.23114598816192183,0.0
^RUT,2026-03-03,2700.0,Call,5.9,6.5,5.96,5.0,50.0,0.037573718791064394,2677.2900390625,0.23114598816192183,0.0
^RUT,2026-03-03,2710.0,Call,4.0,4.5,4.1,2.0,37.0,0.037573718791064394,2677.2900390625,0.23114598816192183,0.0
^RUT,2026-03-03,2710.0,Put,55.2,65.2,42.8,1.0,2.0,0.037573718791064394,2677.2900390625,0.23114598816192183,0.0
^RUT,2026-03-03,2715.0,Call,3.2,3.7,4.77,6.0,6.0,0.037573718791064394,2677.2900390625,0.23114598816192183,0.0
^RUT,2026-03-03,2715.0,Put,59.3,69.3,52.71,25.0,26.0,0.037573718791064394,2677.2900390625,0.23114598816192183,0.0
^RUT,2026-03-03,2720.0,Call,2.45,2.9,6.4,2.0,12.0,0.037573718791064394,2677.2900390625,0.23114598816192183,0.0
^RUT,2026-03-03,2725.0,Call,2.0,2.4,5.6,6.0,16.0,0.037573718791064394,2677.2900390625,0.23114598816192183,0.0
^RUT,2026-03-03,2730.0,Call,1.55,1.9,4.43,2.0,19.0,0.037573718791064394,2677.2900390625,0.23114598816192183,0.0
^RUT,2026-03-03,2740.0,Call,0.9,1.2,2.91,3.0,10.0,0.037573718791064394,2677.2900390625,0.23114598816192183,0.0
^RUT,2026-03-03,2745.0,Call,0.65,1.0,1.77,7.0,6.0,0.037573718791064394,2677.2900390625,0.23114598816192183,0.0
^RUT,2026-03-03,2750.0,Call,0.5,0.85,0.74,5.0,6.0,0.037573718791064394,2677.2900390625,0.23114598816192183,0.0
^RUT,2026-03-03,2765.0,Call,0.2,0.45,6.67,1.0,14.0,0.037573718791064394,2677.2900390625,0.23114598816192183,0.0
^RUT,2026-03-03,2770.0,Call,0.15,0.4,0.32,1.0,1.0,0.037573718791064394,2677.2900390625,0.23114598816192183,0.0
^RUT,2026-03-03,2775.0,Call,0.1,0.35,0.83,4.0,15.0,0.037573718791064394,2677.2900390625,0.23114598816192183,0.0
^RUT,2026-03-03,2780.0,Call,0.05,0.3,0.79,2.0,18.0,0.037573718791064394,2677.2900390625,0.23114598816192183,0.0
^RUT,2026-03-03,2785.0,Call,0.0,0.25,1.07,3.0,5.0,0.037573718791064394,2677.2900390625,0.23114598816192183,0.0
^RUT,2026-03-03,2790.0,Call,0.0,0.25,0.67,5.0,5.0,0.037573718791064394,2677.2900390625,0.23114598816192183,0.0
^RUT,2026-03-03,2795.0,Call,0.0,0.25,0.4,3.0,5.0,0.037573718791064394,2677.2900390625,0.23114598816192183,0.0
^RUT,2026-03-03,2800.0,Call,0.0,0.2,0.2,2.0,14.0,0.037573718791064394,2677.2900390625,0.23114598816192183,0.0
^RUT,2026-03-03,2805.0,Call,0.0,0.2,0.34,2.0,6.0,0.037573718791064394,2677.2900390625,0.23114598816192183,0.0
^RUT,2026-03-03,2810.0,Call,0.0,0.2,0.31,1.0,5.0,0.037573718791064394,2677.2900390625,0.23114598816192183,0.0
^RUT,2026-03-03,2820.0,Call,0.0,0.2,0.47,1.0,5.0,0.037573718791064394,2677.2900390625,0.23114598816192183,0.0
^RUT,2026-03-03,2835.0,Call,0.0,0.15,0.84,,3.0,0.037573718791064394,2677.2900390625,0.23114598816192183,0.0
^RUT,2026-03-03,2840.0,Call,0.0,0.15,0.19,6.0,5.0,0.037573718791064394,2677.2900390625,0.23114598816192183,0.0
^RUT,2026-03-03,2845.0,Call,0.0,0.15,0.75,,21.0,0.037573718791064394,2677.2900390625,0.23114598816192183,0.0
^RUT,2026-03-03,2860.0,Call,0.0,0.15,0.49,,0.0,0.037573718791064394,2677.2900390625,0.23114598816192183,0.0
^RUT,2026-03-03,2900.0,Call,0.0,0.15,0.18,1.0,0.0,0.037573718791064394,2677.2900390625,0.23114598816192183,0.0
^RUT,2026-03-03,2905.0,Call,0.0,0.15,0.52,,3.0,0.037573718791064394,2677.2900390625,0.23114598816192183,0.0
^RUT,2026-03-03,2940.0,Call,0.0,0.1,0.3,,1.0,0.037573718791064394,2677.2900390625,0.23114598816192183,0.0
^RUT,2026-03-04,2255.0,Put,0.05,0.3,0.9,1.0,4.0,0.03756714848883049,2677.2900390625,0.23114598816192183,0.0
^RUT,2026-03-04,2275.0,Put,0.05,0.3,1.82,,1.0,0.03756714848883049,2677.2900390625,0.23114598816192183,0.0
^RUT,2026-03-04,2300.0,Put,0.1,0.35,1.22,,10.0,0.03756714848883049,2677.2900390625,0.23114598816192183,0.0
^RUT,2026-03-04,2320.0,Put,0.15,0.4,0.35,1.0,13.0,0.03756714848883049,2677.2900390625,0.23114598816192183,0.0
^RUT,2026-03-04,2345.0,Put,0.25,0.5,4.2,,13.0,0.03756714848883049,2677.2900390625,0.23114598816192183,0.0
^RUT,2026-03-04,2350.0,Put,0.25,0.5,1.75,,10.0,0.03756714848883049,2677.2900390625,0.23114598816192183,0.0
^RUT,2026-03-04,2355.0,Put,0.3,0.5,2.9,,4.0,0.03756714848883049,2677.2900390625,0.23114598816192183,0.0
^RUT,2026-03-04,2360.0,Put,0.3,0.55,3.36,,10.0,0.03756714848883049,2677.2900390625,0.23114598816192183,0.0
^RUT,2026-03-04,2365.0,Put,0.35,0.55,3.66,,11.0,0.03756714848883049,2677.2900390625,0.23114598816192183,0.0
^RUT,2026-03-04,2370.0,Put,0.35,0.6,3.54,,13.0,0.03756714848883049,2677.2900390625,0.23114598816192183,0.0
^RUT,2026-03-04,2375.0,Put,0.4,0.65,3.41,,11.0,0.03756714848883049,2677.2900390625,0.23114598816192183,0.0
^RUT,2026-03-04,2380.0,Put,0.4,0.65,2.61,6.0,9.0,0.03756714848883049,2677.2900390625,0.23114598816192183,0.0
^RUT,2026-03-04,2390.0,Put,0.5,0.7,0.98,1.0,75.0,0.03756714848883049,2677.2900390625,0.23114598816192183,0.0
^RUT,2026-03-04,2395.0,Put,0.5,0.75,4.85,,3.0,0.03756714848883049,2677.2900390625,0.23114598816192183,0.0
^RUT,2026-03-04,2400.0,Put,0.55,0.8,3.95,,11.0,0.03756714848883049,2677.2900390625,0.23114598816192183,0.0
^RUT,2026-03-04,2425.0,Put,0.8,1.05,1.03,1.0,17.0,0.03756714848883049,2677.2900390625,0.23114598816192183,0.0
^RUT,2026-03-04,2435.0,Put,0.9,1.2,0.6,2.0,8.0,0.03756714848883049,2677.2900390625,0.23114598816192183,0.0
^RUT,2026-03-04,2440.0,Put,0.95,1.25,0.66,7.0,12.0,0.03756714848883049,2677.2900390625,0.23114598816192183,0.0
^RUT,2026-03-04,2445.0,Put,1.05,1.3,0.7,2.0,7.0,0.03756714848883049,2677.2900390625,0.23114598816192183,0.0
^RUT,2026-03-04,2450.0,Put,1.1,1.35,1.35,1.0,17.0,0.03756714848883049,2677.2900390625,0.23114598816192183,0.0
^RUT,2026-03-04,2460.0,Put,1.3,1.6,3.25,1.0,16.0,0.03756714848883049,2677.2900390625,0.23114598816192183,0.0
^RUT,2026-03-04,2465.0,Call,182.8,198.8,192.1,,8.0,0.03756714848883049,2677.2900390625,0.23114598816192183,0.0
^RUT,2026-03-04,2480.0,Put,1.7,2.05,1.14,11.0,12.0,0.03756714848883049,2677.2900390625,0.23114598816192183,0.0
^RUT,2026-03-04,2485.0,Put,1.85,2.2,1.88,5.0,12.0,0.03756714848883049,2677.2900390625,0.23114598816192183,0.0
^RUT,2026-03-04,2490.0,Put,2.0,2.35,1.78,2.0,6.0,0.03756714848883049,2677.2900390625,0.23114598816192183,0.0
^RUT,2026-03-04,2500.0,Put,2.3,2.65,1.5,2.0,189.0,0.03756714848883049,2677.2900390625,0.23114598816192183,0.0
^RUT,2026-03-04,2505.0,Put,2.55,2.9,3.25,1.0,2.0,0.03756714848883049,2677.2900390625,0.23114598816192183,0.0
^RUT,2026-03-04,2510.0,Put,2.7,3.1,2.04,1.0,18.0,0.03756714848883049,2677.2900390625,0.23114598816192183,0.0
^RUT,2026-03-04,2515.0,Put,2.95,3.4,3.77,13.0,15.0,0.03756714848883049,2677.2900390625,0.23114598816192183,0.0
^RUT,2026-03-04,2525.0,Put,3.5,3.9,5.1,2.0,6.0,0.03756714848883049,2677.2900390625,0.23114598816192183,0.0
^RUT,2026-03-04,2530.0,Put,3.8,4.2,2.42,3.0,18.0,0.03756714848883049,2677.2900390625,0.23114598816192183,0.0
^RUT,2026-03-04,2535.0,Put,4.1,4.6,4.0,5.0,6.0,0.03756714848883049,2677.2900390625,0.23114598816192183,0.0
^RUT,2026-03-04,2540.0,Put,4.4,4.9,6.2,4.0,81.0,0.03756714848883049,2677.2900390625,0.23114598816192183,0.0
^RUT,2026-03-04,2545.0,Put,4.8,5.3,6.7,2.0,74.0,0.03756714848883049,2677.2900390625,0.23114598816192183,0.0
^RUT,2026-03-04,2550.0,Put,5.2,5.7,2.88,20.0,72.0,0.03756714848883049,2677.2900390625,0.23114598816192183,0.0
^RUT,2026-03-04,2560.0,Put,6.3,6.8,3.4,15.0,64.0,0.03756714848883049,2677.2900390625,0.23114598816192183,0.0
^RUT,2026-03-04,2565.0,Put,6.8,7.4,7.69,10.0,19.0,0.03756714848883049,2677.2900390625,0.23114598816192183,0.0
^RUT,2026-03-04,2570.0,Put,7.4,8.0,11.75,8.0,18.0,0.03756714848883049,2677.2900390625,0.23114598816192183,0.0
^RUT,2026-03-04,2585.0,Put,9.6,10.2,5.28,4.0,13.0,0.03756714848883049,2677.2900390625,0.23114598816192183,0.0
^RUT,2026-03-04,2590.0,Put,10.5,11.1,5.95,10.0,19.0,0.03756714848883049,2677.2900390625,0.23114598816192183,0.0
^RUT,2026-03-04,2595.0,Put,11.4,12.0,6.25,13.0,154.0,0.03756714848883049,2677.2900390625,0.23114598816192183,0.0
^RUT,2026-03-04,2600.0,Call,64.2,66.6,56.94,2.0,2.0,0.03756714848883049,2677.2900390625,0.23114598816192183,0.0
^RUT,2026-03-04,2600.0,Put,12.4,13.0,6.89,27.0,36.0,0.03756714848883049,2677.2900390625,0.23114598816192183,0.0
^RUT,2026-03-04,2605.0,Call,60.4,62.6,53.99,2.0,2.0,0.03756714848883049,2677.2900390625,0.23114598816192183,0.0
^RUT,2026-03-04,2605.0,Put,13.4,14.0,7.75,1.0,22.0,0.03756714848883049,2677.2900390625,0.23114598816192183,0.0
^RUT,2026-03-04,2615.0,Put,15.8,16.4,9.25,2.0,17.0,0.03756714848883049,2677.2900390625,0.23114598816192183,0.0
^RUT,2026-03-04,2630.0,Put,20.3,21.0,12.35,8.0,9.0,0.03756714848883049,2677.2900390625,0.23114598816192183,0.0
^RUT,2026-03-04,2635.0,Call,39.5,40.5,39.91,2.0,2.0,0.03756714848883049,2677.2900390625,0.23114598816192183,0.0
^RUT,2026-03-04,2635.0,Put,21.8,22.6,23.6,1.0,3.0,0.03756714848883049,2677.2900390625,0.23114598816192183,0.0
^RUT,2026-03-04,2640.0,Put,23.6,24.4,14.47,6.0,14.0,0.03756714848883049,2677.2900390625,0.23114598816192183,0.0
^RUT,2026-03-04,2645.0,Call,33.3,34.1,34.4,4.0,8.0,0.03756714848883049,2677.2900390625,0.23114598816192183,0.0
^RUT,2026-03-04,2650.0,Call,30.4,31.3,40.17,13.0,6.0,0.03756714848883049,2677.2900390625,0.23114598816192183,0.0
^RUT,2026-03-04,2655.0,Put,29.6,30.4,69.58,9.0,19.0,0.03756714848883049,2677.2900390625,0.23114598816192183,0.0
^RUT,2026-03-04,2665.0,Call,22.2,22.9,31.8,2.0,12.0,0.03756714848883049,2677.2900390625,0.23114598816192183,0.0
^RUT,2026-03-04,2665.0,Put,34.2,35.1,29.58,2.0,7.0,0.03756714848883049,2677.2900390625,0.23114598816192183,0.0
^RUT,2026-03-04,2670.0,Call,19.6,20.5,30.23,1.0,10.0,0.03756714848883049,2677.2900390625,0.23114598816192183,0.0
^RUT,2026-03-04,2670.0,Put,36.7,37.7,31.55,9.0,9.0,0.03756714848883049,2677.2900390625,0.23114598816192183,0.0
^RUT,2026-03-04,2675.0,Call,17.5,18.3,18.4,12.0,14.0,0.03756714848883049,2677.2900390625,0.23114598816192183,0.0
^RUT,2026-03-04,2680.0,Call,15.5,16.1,17.2,3.0,38.0,0.03756714848883049,2677.2900390625,0.23114598816192183,0.0
^RUT,2026-03-04,2680.0,Put,42.0,43.6,35.7,6.0,27.0,0.03756714848883049,2677.2900390625,0.23114598816192183,0.0
^RUT,2026-03-04,2685.0,Call,13.5,14.2,22.41,3.0,9.0,0.03756714848883049,2677.2900390625,0.23114598816192183,0.0
^RUT,2026-03-04,2685.0,Put,44.6,46.5,56.01,,2.0,0.03756714848883049,2677.2900390625,0.23114598816192183,0.0
^RUT,2026-03-04,2690.0,Call,11.7,12.3,19.6,2.0,8.0,0.03756714848883049,2677.2900390625,0.23114598816192183,0.0
^RUT,2026-03-04,2695.0,Call,10.0,10.6,13.1,3.0,6.0,0.03756714848883049,2677.2900390625,0.23114598816192183,0.0
^RUT,2026-03-04,2715.0,Put,61.2,71.2,71.45,8.0,8.0,0.03756714848883049,2677.2900390625,0.23114598816192183,0.0
^RUT,2026-03-04,2725.0,Call,3.5,4.0,8.13,2.0,5.0,0.03756714848883049,2677.2900390625,0.23114598816192183,0.0
^RUT,2026-03-04,2730.0,Call,2.8,3.2,4.81,17.0,75.0,0.03756714848883049,2677.2900390625,0.23114598816192183,0.0
^RUT,2026-03-04,2735.0,Call,2.25,2.7,5.76,15.0,15.0,0.03756714848883049,2677.2900390625,0.23114598816192183,0.0
^RUT,2026-03-04,2740.0,Call,1.75,2.2,4.61,22.0,37.0,0.03756714848883049,2677.2900390625,0.23114598816192183,0.0
^RUT,2026-03-04,2745.0,Call,1.4,1.8,2.18,10.0,35.0,0.03756714848883049,2677.2900390625,0.23114598816192183,0.0
^RUT,2026-03-04,2750.0,Call,1.15,1.5,3.15,13.0,25.0,0.03756714848883049,2677.2900390625,0.23114598816192183,0.0
^RUT,2026-03-04,2755.0,Call,0.95,1.25,1.44,12.0,31.0,0.03756714848883049,2677.2900390625,0.23114598816192183,0.0
^RUT,2026-03-04,2760.0,Call,0.7,1.0,1.47,1.0,11.0,0.03756714848883049,2677.2900390625,0.23114598816192183,0.0
^RUT,2026-03-04,2780.0,Call,0.25,0.5,1.0,1.0,10.0,0.03756714848883049,2677.2900390625,0.23114598816192183,0.0
^RUT,2026-03-04,2785.0,Call,0.2,0.45,0.86,1.0,3.0,0.03756714848883049,2677.2900390625,0.23114598816192183,0.0
^RUT,2026-03-04,2790.0,Call,0.15,0.4,0.6,2.0,3.0,0.03756714848883049,2677.2900390625,0.23114598816192183,0.0
^RUT,2026-03-04,2800.0,Call,0.05,0.3,0.46,37.0,45.0,0.03756714848883049,2677.2900390625,0.23114598816192183,0.0
^RUT,2026-03-04,2805.0,Call,0.05,0.3,0.26,5.0,4.0,0.03756714848883049,2677.2900390625,0.23114598816192183,0.0
^RUT,2026-03-04,2810.0,Call,0.0,0.25,0.2,5.0,7.0,0.03756714848883049,2677.2900390625,0.23114598816192183,0.0
^RUT,2026-03-04,2815.0,Call,0.0,0.25,1.71,,2.0,0.03756714848883049,2677.2900390625,0.23114598816192183,0.0
^RUT,2026-03-04,2820.0,Call,0.0,0.25,0.11,5.0,7.0,0.03756714848883049,2677.2900390625,0.23114598816192183,0.0
^RUT,2026-03-04,2825.0,Call,0.0,0.2,0.1,5.0,5.0,0.03756714848883049,2677.2900390625,0.23114598816192183,0.0
^RUT,2026-03-04,2835.0,Call,0.0,0.2,1.08,6.0,6.0,0.03756714848883049,2677.2900390625,0.23114598816192183,0.0
^RUT,2026-03-04,2840.0,Call,0.0,0.2,0.17,37.0,38.0,0.03756714848883049,2677.2900390625,0.23114598816192183,0.0
^RUT,2026-03-04,2845.0,Call,0.0,0.2,0.86,6.0,6.0,0.03756714848883049,2677.2900390625,0.23114598816192183,0.0
^RUT,2026-03-04,2870.0,Call,0.0,0.15,0.56,,3.0,0.03756714848883049,2677.2900390625,0.23114598816192183,0.0
^RUT,2026-03-04,2880.0,Call,0.0,0.15,0.4,,12.0,0.03756714848883049,2677.2900390625,0.23114598816192183,0.0
^RUT,2026-03-04,2890.0,Call,0.0,0.15,1.15,,14.0,0.03756714848883049,2677.2900390625,0.23114598816192183,0.0
^RUT,2026-03-04,2905.0,Call,0.0,0.15,0.52,,1.0,0.03756714848883049,2677.2900390625,0.23114598816192183,0.0
^RUT,2026-03-05,2255.0,Put,0.15,0.35,1.48,3.0,3.0,0.03756057818659659,2677.2900390625,0.23114598816192183,0.0
^RUT,2026-03-05,2385.0,Put,0.8,1.05,4.65,1.0,21.0,0.03756057818659659,2677.2900390625,0.23114598816192183,0.0
^RUT,2026-03-05,2395.0,Put,0.9,1.15,1.32,2.0,25.0,0.03756057818659659,2677.2900390625,0.23114598816192183,0.0
^RUT,2026-03-05,2400.0,Put,0.9,1.2,1.61,1.0,32.0,0.03756057818659659,2677.2900390625,0.23114598816192183,0.0
^RUT,2026-03-05,2410.0,Put,1.0,1.3,1.54,3.0,6.0,0.03756057818659659,2677.2900390625,0.23114598816192183,0.0
^RUT,2026-03-05,2415.0,Put,1.1,1.35,1.1,5.0,2.0,0.03756057818659659,2677.2900390625,0.23114598816192183,0.0
^RUT,2026-03-05,2420.0,Put,1.2,1.45,1.11,5.0,48.0,0.03756057818659659,2677.2900390625,0.23114598816192183,0.0
^RUT,2026-03-05,2425.0,Put,1.25,1.55,1.22,5.0,17.0,0.03756057818659659,2677.2900390625,0.23114598816192183,0.0
^RUT,2026-03-05,2430.0,Put,1.35,1.6,7.18,,10.0,0.03756057818659659,2677.2900390625,0.23114598816192183,0.0
^RUT,2026-03-05,2440.0,Put,1.5,1.85,2.03,1.0,11.0,0.03756057818659659,2677.2900390625,0.23114598816192183,0.0
^RUT,2026-03-05,2450.0,Put,1.7,2.05,2.78,1.0,34.0,0.03756057818659659,2677.2900390625,0.23114598816192183,0.0
^RUT,2026-03-05,2460.0,Put,1.9,2.25,9.21,,25.0,0.03756057818659659,2677.2900390625,0.23114598816192183,0.0
^RUT,2026-03-05,2470.0,Put,2.2,2.6,1.4,1.0,16.0,0.03756057818659659,2677.2900390625,0.23114598816192183,0.0
^RUT,2026-03-05,2475.0,Put,2.4,2.8,6.1,1.0,8.0,0.03756057818659659,2677.2900390625,0.23114598816192183,0.0
^RUT,2026-03-05,2480.0,Put,2.6,3.0,3.35,8.0,19.0,0.03756057818659659,2677.2900390625,0.23114598816192183,0.0
^RUT,2026-03-05,2490.0,Put,2.95,3.3,2.88,21.0,29.0,0.03756057818659659,2677.2900390625,0.23114598816192183,0.0
^RUT,2026-03-05,2495.0,Put,3.1,3.6,5.04,15.0,17.0,0.03756057818659659,2677.2900390625,0.23114598816192183,0.0
^RUT,2026-03-05,2500.0,Put,3.4,3.9,5.37,17.0,32.0,0.03756057818659659,2677.2900390625,0.23114598816192183,0.0
^RUT,2026-03-05,2505.0,Put,3.7,4.1,4.29,4.0,4.0,0.03756057818659659,2677.2900390625,0.23114598816192183,0.0
^RUT,2026-03-05,2510.0,Put,3.9,4.3,3.4,3.0,9.0,0.03756057818659659,2677.2900390625,0.23114598816192183,0.0
^RUT,2026-03-05,2515.0,Put,4.2,4.7,4.05,1.0,2.0,0.03756057818659659,2677.2900390625,0.23114598816192183,0.0
^RUT,2026-03-05,2525.0,Put,4.8,5.2,3.55,4.0,8.0,0.03756057818659659,2677.2900390625,0.23114598816192183,0.0
^RUT,2026-03-05,2530.0,Put,5.1,5.6,8.21,8.0,11.0,0.03756057818659659,2677.2900390625,0.23114598816192183,0.0
^RUT,2026-03-05,2540.0,Put,6.1,6.6,3.7,32.0,27.0,0.03756057818659659,2677.2900390625,0.23114598816192183,0.0
^RUT,2026-03-05,2545.0,Put,6.5,7.1,10.0,3.0,7.0,0.03756057818659659,2677.2900390625,0.23114598816192183,0.0
^RUT,2026-03-05,2550.0,Put,7.2,7.7,5.3,2.0,13.0,0.03756057818659659,2677.2900390625,0.23114598816192183,0.0
^RUT,2026-03-05,2560.0,Put,8.2,8.7,5.22,6.0,38.0,0.03756057818659659,2677.2900390625,0.23114598816192183,0.0
^RUT,2026-03-05,2565.0,Put,8.8,9.4,12.3,23.0,39.0,0.03756057818659659,2677.2900390625,0.23114598816192183,0.0
^RUT,2026-03-05,2570.0,Put,9.7,10.3,5.67,43.0,60.0,0.03756057818659659,2677.2900390625,0.23114598816192183,0.0
^RUT,2026-03-05,2580.0,Put,11.3,11.9,15.82,2.0,46.0,0.03756057818659659,2677.2900390625,0.23114598816192183,0.0
^RUT,2026-03-05,2590.0,Put,13.1,13.7,10.91,1.0,81.0,0.03756057818659659,2677.2900390625,0.23114598816192183,0.0
^RUT,2026-03-05,2605.0,Put,16.5,17.1,20.91,4.0,6.0,0.03756057818659659,2677.2900390625,0.23114598816192183,0.0
^RUT,2026-03-05,2610.0,Put,17.6,18.2,13.05,3.0,6.0,0.03756057818659659,2677.2900390625,0.23114598816192183,0.0
^RUT,2026-03-05,2615.0,Call,56.4,58.3,82.0,1.0,1.0,0.03756057818659659,2677.2900390625,0.23114598816192183,0.0
^RUT,2026-03-05,2615.0,Put,18.9,19.5,14.05,2.0,22.0,0.03756057818659659,2677.2900390625,0.23114598816192183,0.0
^RUT,2026-03-05,2620.0,Call,52.9,54.6,42.93,5.0,4.0,0.03756057818659659,2677.2900390625,0.23114598816192183,0.0
^RUT,2026-03-05,2620.0,Put,20.4,21.1,18.76,7.0,22.0,0.03756057818659659,2677.2900390625,0.23114598816192183,0.0
^RUT,2026-03-05,2625.0,Put,21.9,22.6,14.83,1.0,24.0,0.03756057818659659,2677.2900390625,0.23114598816192183,0.0
^RUT,2026-03-05,2630.0,Call,46.2,47.5,53.86,1.0,3.0,0.03756057818659659,2677.2900390625,0.23114598816192183,0.0
^RUT,2026-03-05,2630.0,Put,23.5,24.2,20.8,10.0,20.0,0.03756057818659659,2677.2900390625,0.23114598816192183,0.0
^RUT,2026-03-05,2635.0,Call,42.9,43.9,38.7,1.0,1.0,0.03756057818659659,2677.2900390625,0.23114598816192183,0.0
^RUT,2026-03-05,2635.0,Put,25.2,25.9,16.15,25.0,43.0,0.03756057818659659,2677.2900390625,0.23114598816192183,0.0
^RUT,2026-03-05,2640.0,Call,39.9,40.8,44.87,4.0,2.0,0.03756057818659659,2677.2900390625,0.23114598816192183,0.0
^RUT,2026-03-05,2645.0,Call,36.8,37.7,39.66,4.0,5.0,0.03756057818659659,2677.2900390625,0.23114598816192183,0.0
^RUT,2026-03-05,2645.0,Put,28.9,29.8,29.1,8.0,6.0,0.03756057818659659,2677.2900390625,0.23114598816192183,0.0
^RUT,2026-03-05,2650.0,Call,33.8,34.7,33.58,6.0,95.0,0.03756057818659659,2677.2900390625,0.23114598816192183,0.0
^RUT,2026-03-05,2650.0,Put,30.9,31.7,31.0,8.0,38.0,0.03756057818659659,2677.2900390625,0.23114598816192183,0.0
^RUT,2026-03-05,2660.0,Call,28.2,29.0,33.1,5.0,29.0,0.03756057818659659,2677.2900390625,0.23114598816192183,0.0
^RUT,2026-03-05,2660.0,Put,35.1,35.9,41.4,4.0,6.0,0.03756057818659659,2677.2900390625,0.23114598816192183,0.0
^RUT,2026-03-05,2665.0,Call,25.7,26.5,37.04,10.0,10.0,0.03756057818659659,2677.2900390625,0.23114598816192183,0.0
^RUT,2026-03-05,2665.0,Put,37.6,38.5,25.41,3.0,5.0,0.03756057818659659,2677.2900390625,0.23114598816192183,0.0
^RUT,2026-03-05,2670.0,Call,23.0,23.9,33.11,8.0,29.0,0.03756057818659659,2677.2900390625,0.23114598816192183,0.0
^RUT,2026-03-05,2670.0,Put,40.1,41.0,29.0,400.0,97.0,0.03756057818659659,2677.2900390625,0.23114598816192183,0.0
^RUT,2026-03-05,2675.0,Call,20.7,21.5,33.2,27.0,33.0,0.03756057818659659,2677.2900390625,0.23114598816192183,0.0
^RUT,2026-03-05,2680.0,Put,45.1,46.5,54.1,1.0,1.0,0.03756057818659659,2677.2900390625,0.23114598816192183,0.0
^RUT,2026-03-05,2685.0,Call,16.4,17.0,27.38,4.0,23.0,0.03756057818659659,2677.2900390625,0.23114598816192183,0.0
^RUT,2026-03-05,2685.0,Put,47.8,49.5,53.1,1.0,1.0,0.03756057818659659,2677.2900390625,0.23114598816192183,0.0
^RUT,2026-03-05,2690.0,Call,14.6,15.3,22.23,3.0,5.0,0.03756057818659659,2677.2900390625,0.23114598816192183,0.0
^RUT,2026-03-05,2695.0,Call,12.7,13.3,19.39,6.0,9.0,0.03756057818659659,2677.2900390625,0.23114598816192183,0.0
^RUT,2026-03-05,2700.0,Call,11.1,11.8,11.66,7.0,70.0,0.03756057818659659,2677.2900390625,0.23114598816192183,0.0
^RUT,2026-03-05,2700.0,Put,57.4,59.7,61.0,1.0,1.0,0.03756057818659659,2677.2900390625,0.23114598816192183,0.0
^RUT,2026-03-05,2705.0,Call,9.6,10.3,17.84,8.0,28.0,0.03756057818659659,2677.2900390625,0.23114598816192183,0.0
^RUT,2026-03-05,2720.0,Call,6.0,6.5,6.3,13.0,35.0,0.03756057818659659,2677.2900390625,0.23114598816192183,0.0
^RUT,2026-03-05,2730.0,Call,4.3,4.9,6.09,12.0,32.0,0.03756057818659659,2677.2900390625,0.23114598816192183,0.0
^RUT,2026-03-05,2735.0,Call,3.5,4.0,5.2,15.0,16.0,0.03756057818659659,2677.2900390625,0.23114598816192183,0.0
^RUT,2026-03-05,2740.0,Call,3.0,3.5,3.02,15.0,18.0,0.03756057818659659,2677.2900390625,0.23114598816192183,0.0
^RUT,2026-03-05,2750.0,Call,2.05,2.45,3.53,4.0,5.0,0.03756057818659659,2677.2900390625,0.23114598816192183,0.0
^RUT,2026-03-05,2770.0,Call,0.85,1.2,1.26,13.0,25.0,0.03756057818659659,2677.2900390625,0.23114598816192183,0.0
^RUT,2026-03-05,2780.0,Call,0.55,0.85,0.95,1.0,2.0,0.03756057818659659,2677.2900390625,0.23114598816192183,0.0
^RUT,2026-03-05,2785.0,Call,0.45,0.7,0.9,4.0,4.0,0.03756057818659659,2677.2900390625,0.23114598816192183,0.0
^RUT,2026-03-05,2790.0,Call,0.35,0.6,0.56,1.0,3.0,0.03756057818659659,2677.2900390625,0.23114598816192183,0.0
^RUT,2026-03-05,2795.0,Put,132.9,148.9,156.3,,2.0,0.03756057818659659,2677.2900390625,0.23114598816192183,0.0
^RUT,2026-03-05,2800.0,Call,0.2,0.5,0.7,1.0,7.0,0.03756057818659659,2677.2900390625,0.23114598816192183,0.0
^RUT,2026-03-05,2800.0,Put,137.9,153.9,160.4,,4.0,0.03756057818659659,2677.2900390625,0.23114598816192183,0.0
^RUT,2026-03-05,2805.0,Put,142.8,158.8,165.1,,4.0,0.03756057818659659,2677.2900390625,0.23114598816192183,0.0
^RUT,2026-03-05,2810.0,Call,0.15,0.4,0.41,5.0,6.0,0.03756057818659659,2677.2900390625,0.23114598816192183,0.0
^RUT,2026-03-05,2815.0,Call,0.1,0.35,0.35,5.0,2.0,0.03756057818659659,2677.2900390625,0.23114598816192183,0.0
^RUT,2026-03-05,2820.0,Call,0.05,0.3,0.34,1.0,20.0,0.03756057818659659,2677.2900390625,0.23114598816192183,0.0
^RUT,2026-03-05,2825.0,Call,0.05,0.3,0.45,15.0,33.0,0.03756057818659659,2677.2900390625,0.23114598816192183,0.0
^RUT,2026-03-05,2830.0,Call,0.0,0.25,0.15,1.0,8.0,0.03756057818659659,2677.2900390625,0.23114598816192183,0.0
^RUT,2026-03-05,2835.0,Call,0.0,0.25,0.64,2.0,21.0,0.03756057818659659,2677.2900390625,0.23114598816192183,0.0
^RUT,2026-03-05,2855.0,Call,0.0,0.2,1.21,,1.0,0.03756057818659659,2677.2900390625,0.23114598816192183,0.0
^RUT,2026-03-05,2880.0,Call,0.0,0.15,0.58,3.0,3.0,0.03756057818659659,2677.2900390625,0.23114598816192183,0.0
^RUT,2026-03-06,2100.0,Put,0.05,0.3,0.26,2.0,8.0,0.03755400788436269,2677.2900390625,0.23114598816192183,0.0
^RUT,2026-03-06,2120.0,Put,0.05,0.3,0.6,1.0,18.0,0.03755400788436269,2677.2900390625,0.23114598816192183,0.0
^RUT,2026-03-06,2125.0,Put,0.05,0.3,0.94,1.0,1.0,0.03755400788436269,2677.2900390625,0.23114598816192183,0.0
^RUT,2026-03-06,2130.0,Put,0.1,0.3,0.7,1.0,3.0,0.03755400788436269,2677.2900390625,0.23114598816192183,0.0
^RUT,2026-03-06,2135.0,Put,0.1,0.3,2.8,5.0,5.0,0.03755400788436269,2677.2900390625,0.23114598816192183,0.0
^RUT,2026-03-06,2140.0,Put,0.1,0.35,0.81,15.0,15.0,0.03755400788436269,2677.2900390625,0.23114598816192183,0.0
^RUT,2026-03-06,2150.0,Put,0.1,0.35,0.79,1.0,38.0,0.03755400788436269,2677.2900390625,0.23114598816192183,0.0
^RUT,2026-03-06,2155.0,Put,0.1,0.35,1.5,14.0,15.0,0.03755400788436269,2677.2900390625,0.23114598816192183,0.0
^RUT,2026-03-06,2160.0,Put,0.1,0.35,0.88,1.0,14.0,0.03755400788436269,2677.2900390625,0.23114598816192183,0.0
^RUT,2026-03-06,2165.0,Put,0.15,0.35,4.36,,1.0,0.03755400788436269,2677.2900390625,0.23114598816192183,0.0
^RUT,2026-03-06,2170.0,Put,0.15,0.35,0.25,1.0,21.0,0.03755400788436269,2677.2900390625,0.23114598816192183,0.0
^RUT,2026-03-06,2175.0,Put,0.15,0.4,0.23,1.0,5.0,0.03755400788436269,2677.2900390625,0.23114598816192183,0.0
^RUT,2026-03-06,2180.0,Put,0.15,0.4,0.84,6.0,4.0,0.03755400788436269,2677.2900390625,0.23114598816192183,0.0
^RUT,2026-03-06,2185.0,Put,0.15,0.4,0.87,15.0,17.0,0.03755400788436269,2677.2900390625,0.23114598816192183,0.0
^RUT,2026-03-06,2190.0,Put,0.15,0.4,0.23,1.0,8.0,0.03755400788436269,2677.2900390625,0.23114598816192183,0.0
^RUT,2026-03-06,2195.0,Put,0.2,0.4,0.9,1.0,1.0,0.03755400788436269,2677.2900390625,0.23114598816192183,0.0
^RUT,2026-03-06,2200.0,Put,0.2,0.45,0.28,1.0,22.0,0.03755400788436269,2677.2900390625,0.23114598816192183,0.0
^RUT,2026-03-06,2205.0,Put,0.2,0.45,0.35,2.0,3.0,0.03755400788436269,2677.2900390625,0.23114598816192183,0.0
^RUT,2026-03-06,2210.0,Put,0.2,0.45,0.3,1.0,11.0,0.03755400788436269,2677.2900390625,0.23114598816192183,0.0
^RUT,2026-03-06,2215.0,Put,0.2,0.45,1.02,1.0,2.0,0.03755400788436269,2677.2900390625,0.23114598816192183,0.0
^RUT,2026-03-06,2220.0,Put,0.25,0.5,0.35,1.0,53.0,0.03755400788436269,2677.2900390625,0.23114598816192183,0.0
^RUT,2026-03-06,2225.0,Put,0.25,0.5,0.79,3.0,92.0,0.03755400788436269,2677.2900390625,0.23114598816192183,0.0
^RUT,2026-03-06,2230.0,Put,0.3,0.5,0.5,1.0,81.0,0.03755400788436269,2677.2900390625,0.23114598816192183,0.0
^RUT,2026-03-06,2235.0,Put,0.3,0.55,0.6,1.0,13.0,0.03755400788436269,2677.2900390625,0.23114598816192183,0.0
^RUT,2026-03-06,2240.0,Put,0.3,0.55,0.6,5.0,33.0,0.03755400788436269,2677.2900390625,0.23114598816192183,0.0
^RUT,2026-03-06,2245.0,Put,0.35,0.55,1.0,1.0,3.0,0.03755400788436269,2677.2900390625,0.23114598816192183,0.0
^RUT,2026-03-06,2250.0,Put,0.35,0.6,0.75,23.0,158.0,0.03755400788436269,2677.2900390625,0.23114598816192183,0.0
^RUT,2026-03-06,2255.0,Put,0.35,0.6,0.55,1.0,299.0,0.03755400788436269,2677.2900390625,0.23114598816192183,0.0
^RUT,2026-03-06,2260.0,Put,0.4,0.6,1.5,17.0,115.0,0.03755400788436269,2677.2900390625,0.23114598816192183,0.0
^RUT,2026-03-06,2265.0,Put,0.4,0.65,1.36,2.0,311.0,0.03755400788436269,2677.2900390625,0.23114598816192183,0.0
^RUT,2026-03-06,2270.0,Put,0.45,0.65,0.9,4.0,165.0,0.03755400788436269,2677.2900390625,0.23114598816192183,0.0
^RUT,2026-03-06,2275.0,Put,0.45,0.7,2.0,40.0,108.0,0.03755400788436269,2677.2900390625,0.23114598816192183,0.0
^RUT,2026-03-06,2280.0,Put,0.45,0.7,1.15,4.0,139.0,0.03755400788436269,2677.2900390625,0.23114598816192183,0.0
^RUT,2026-03-06,2285.0,Put,0.5,0.75,1.0,3.0,66.0,0.03755400788436269,2677.2900390625,0.23114598816192183,0.0
^RUT,2026-03-06,2290.0,Put,0.5,0.75,0.85,5.0,33.0,0.03755400788436269,2677.2900390625,0.23114598816192183,0.0
^RUT,2026-03-06,2295.0,Put,0.55,0.8,3.75,19.0,81.0,0.03755400788436269,2677.2900390625,0.23114598816192183,0.0
^RUT,2026-03-06,2300.0,Put,0.6,0.8,0.67,10.0,181.0,0.03755400788436269,2677.2900390625,0.23114598816192183,0.0
^RUT,2026-03-06,2305.0,Put,0.6,0.85,1.91,1.0,63.0,0.03755400788436269,2677.2900390625,0.23114598816192183,0.0
^RUT,2026-03-06,2310.0,Put,0.6,0.9,0.95,1.0,264.0,0.03755400788436269,2677.2900390625,0.23114598816192183,0.0
^RUT,2026-03-06,2315.0,Put,0.7,0.9,2.97,1.0,271.0,0.03755400788436269,2677.2900390625,0.23114598816192183,0.0
^RUT,2026-03-06,2320.0,Put,0.7,0.95,3.07,6.0,210.0,0.03755400788436269,2677.2900390625,0.23114598816192183,0.0
^RUT,2026-03-06,2325.0,Call,318.5,342.5,340.86,1.0,1.0,0.03755400788436269,2677.2900390625,0.23114598816192183,0.0
^RUT,2026-03-06,2325.0,Put,0.7,1.0,0.96,40.0,244.0,0.03755400788436269,2677.2900390625,0.23114598816192183,0.0
^RUT,2026-03-06,2330.0,Put,0.75,1.0,1.28,1.0,118.0,0.03755400788436269,2677.2900390625,0.23114598816192183,0.0
^RUT,2026-03-06,2335.0,Put,0.8,1.1,1.08,40.0,251.0,0.03755400788436269,2677.2900390625,0.23114598816192183,0.0
^RUT,2026-03-06,2340.0,Put,0.9,1.15,0.85,2.0,101.0,0.03755400788436269,2677.2900390625,0.23114598816192183,0.0
^RUT,2026-03-06,2345.0,Put,0.95,1.2,1.42,1.0,375.0,0.03755400788436269,2677.2900390625,0.23114598816192183,0.0
^RUT,2026-03-06,2350.0,Call,293.8,317.8,308.6,2.0,2.0,0.03755400788436269,2677.2900390625,0.23114598816192183,0.0
^RUT,2026-03-06,2350.0,Put,1.0,1.25,0.77,3.0,217.0,0.03755400788436269,2677.2900390625,0.23114598816192183,0.0
^RUT,2026-03-06,2355.0,Call,288.8,312.8,293.4,,5.0,0.03755400788436269,2677.2900390625,0.23114598816192183,0.0
^RUT,2026-03-06,2355.0,Put,1.05,1.3,4.23,601.0,1013.0,0.03755400788436269,2677.2900390625,0.23114598816192183,0.0
^RUT,2026-03-06,2360.0,Put,1.05,1.35,1.5,8.0,614.0,0.03755400788436269,2677.2900390625,0.23114598816192183,0.0
^RUT,2026-03-06,2365.0,Call,279.0,303.0,298.38,2.0,2.0,0.03755400788436269,2677.2900390625,0.23114598816192183,0.0
^RUT,2026-03-06,2365.0,Put,1.15,1.4,1.78,1.0,347.0,0.03755400788436269,2677.2900390625,0.23114598816192183,0.0
^RUT,2026-03-06,2370.0,Put,1.15,1.45,1.0,1.0,586.0,0.03755400788436269,2677.2900390625,0.23114598816192183,0.0
^RUT,2026-03-06,2375.0,Put,1.25,1.55,1.3,4.0,135.0,0.03755400788436269,2677.2900390625,0.23114598816192183,0.0
^RUT,2026-03-06,2380.0,Put,1.35,1.6,4.8,21.0,266.0,0.03755400788436269,2677.2900390625,0.23114598816192183,0.0
^RUT,2026-03-06,2385.0,Put,1.4,1.7,1.7,1.0,236.0,0.03755400788436269,2677.2900390625,0.23114598816192183,0.0
^RUT,2026-03-06,2390.0,Put,1.5,1.75,6.2,5.0,149.0,0.03755400788436269,2677.2900390625,0.23114598816192183,0.0
^RUT,2026-03-06,2395.0,Put,1.55,1.8,1.9,1.0,132.0,0.03755400788436269,2677.2900390625,0.23114598816192183,0.0
^RUT,2026-03-06,2400.0,Put,1.65,1.95,2.17,11.0,189.0,0.03755400788436269,2677.2900390625,0.23114598816192183,0.0
^RUT,2026-03-06,2405.0,Put,1.7,2.05,2.8,15.0,221.0,0.03755400788436269,2677.2900390625,0.23114598816192183,0.0
^RUT,2026-03-06,2410.0,Put,1.8,2.15,1.59,24.0,275.0,0.03755400788436269,2677.2900390625,0.23114598816192183,0.0
^RUT,2026-03-06,2415.0,Put,1.95,2.25,1.67,5.0,330.0,0.03755400788436269,2677.2900390625,0.23114598816192183,0.0
^RUT,2026-03-06,2420.0,Call,224.9,248.9,207.11,1.0,1.0,0.03755400788436269,2677.2900390625,0.23114598816192183,0.0
^RUT,2026-03-06,2420.0,Put,2.05,2.4,1.87,1.0,379.0,0.03755400788436269,2677.2900390625,0.23114598816192183,0.0
^RUT,2026-03-06,2425.0,Put,2.1,2.45,2.83,1.0,211.0,0.03755400788436269,2677.2900390625,0.23114598816192183,0.0
^RUT,2026-03-06,2430.0,Put,2.3,2.65,2.74,4.0,132.0,0.03755400788436269,2677.2900390625,0.23114598816192183,0.0
^RUT,2026-03-06,2435.0,Call,210.3,234.3,235.47,,1.0,0.03755400788436269,2677.2900390625,0.23114598816192183,0.0
^RUT,2026-03-06,2435.0,Put,2.4,2.7,4.72,9.0,90.0,0.03755400788436269,2677.2900390625,0.23114598816192183,0.0
^RUT,2026-03-06,2440.0,Call,205.4,229.4,231.02,,1.0,0.03755400788436269,2677.2900390625,0.23114598816192183,0.0
^RUT,2026-03-06,2440.0,Put,2.5,2.9,3.78,10.0,171.0,0.03755400788436269,2677.2900390625,0.23114598816192183,0.0
^RUT,2026-03-06,2445.0,Put,2.7,3.1,1.75,3.0,62.0,0.03755400788436269,2677.2900390625,0.23114598816192183,0.0
^RUT,2026-03-06,2450.0,Put,2.85,3.3,2.52,5.0,169.0,0.03755400788436269,2677.2900390625,0.23114598816192183,0.0
^RUT,2026-03-06,2455.0,Put,3.0,3.5,2.45,20.0,104.0,0.03755400788436269,2677.2900390625,0.23114598816192183,0.0
^RUT,2026-03-06,2460.0,Call,190.2,206.2,200.56,2.0,6.0,0.03755400788436269,2677.2900390625,0.23114598816192183,0.0
^RUT,2026-03-06,2460.0,Put,3.2,3.7,2.64,23.0,127.0,0.03755400788436269,2677.2900390625,0.23114598816192183,0.0
^RUT,2026-03-06,2465.0,Put,3.4,3.9,2.27,3.0,43.0,0.03755400788436269,2677.2900390625,0.23114598816192183,0.0
^RUT,2026-03-06,2470.0,Put,3.6,4.1,5.03,3.0,212.0,0.03755400788436269,2677.2900390625,0.23114598816192183,0.0
^RUT,2026-03-06,2475.0,Call,175.8,191.8,185.57,,1.0,0.03755400788436269,2677.2900390625,0.23114598816192183,0.0
^RUT,2026-03-06,2475.0,Put,3.9,4.3,3.65,5.0,86.0,0.03755400788436269,2677.2900390625,0.23114598816192183,0.0
^RUT,2026-03-06,2480.0,Call,171.1,187.1,174.23,,4.0,0.03755400788436269,2677.2900390625,0.23114598816192183,0.0
^RUT,2026-03-06,2480.0,Put,4.1,4.6,6.09,7.0,128.0,0.03755400788436269,2677.2900390625,0.23114598816192183,0.0
^RUT,2026-03-06,2485.0,Put,4.4,4.8,2.92,10.0,29.0,0.03755400788436269,2677.2900390625,0.23114598816192183,0.0
^RUT,2026-03-06,2490.0,Call,161.6,177.6,176.44,3.0,3.0,0.03755400788436269,2677.2900390625,0.23114598816192183,0.0
^RUT,2026-03-06,2490.0,Put,4.7,5.2,4.5,2.0,195.0,0.03755400788436269,2677.2900390625,0.23114598816192183,0.0
^RUT,2026-03-06,2495.0,Call,156.9,172.9,168.85,1.0,3.0,0.03755400788436269,2677.2900390625,0.23114598816192183,0.0
^RUT,2026-03-06,2495.0,Put,5.0,5.5,3.1,5.0,171.0,0.03755400788436269,2677.2900390625,0.23114598816192183,0.0
^RUT,2026-03-06,2500.0,Put,5.3,5.8,3.55,8.0,413.0,0.03755400788436269,2677.2900390625,0.23114598816192183,0.0
^RUT,2026-03-06,2505.0,Put,5.7,6.2,7.85,1.0,102.0,0.03755400788436269,2677.2900390625,0.23114598816192183,0.0
^RUT,2026-03-06,2510.0,Put,6.0,6.5,4.05,3.0,151.0,0.03755400788436269,2677.2900390625,0.23114598816192183,0.0
^RUT,2026-03-06,2515.0,Call,138.4,154.4,145.24,1.0,3.0,0.03755400788436269,2677.2900390625,0.23114598816192183,0.0
^RUT,2026-03-06,2515.0,Put,6.6,7.1,7.11,4.0,131.0,0.03755400788436269,2677.2900390625,0.23114598816192183,0.0
^RUT,2026-03-06,2520.0,Call,133.9,149.9,160.64,1.0,2.0,0.03755400788436269,2677.2900390625,0.23114598816192183,0.0
^RUT,2026-03-06,2520.0,Put,6.8,7.4,4.45,4.0,211.0,0.03755400788436269,2677.2900390625,0.23114598816192183,0.0
^RUT,2026-03-06,2525.0,Put,7.4,8.0,4.6,15.0,370.0,0.03755400788436269,2677.2900390625,0.23114598816192183,0.0
^RUT,2026-03-06,2530.0,Put,8.0,8.5,7.6,40.0,510.0,0.03755400788436269,2677.2900390625,0.23114598816192183,0.0
^RUT,2026-03-06,2535.0,Call,120.4,136.4,108.11,1.0,3.0,0.03755400788436269,2677.2900390625,0.23114598816192183,0.0
^RUT,2026-03-06,2535.0,Put,8.3,8.9,10.2,27.0,5102.0,0.03755400788436269,2677.2900390625,0.23114598816192183,0.0
^RUT,2026-03-06,2540.0,Call,115.9,131.9,122.61,2.0,0.0,0.03755400788436269,2677.2900390625,0.23114598816192183,0.0
^RUT,2026-03-06,2540.0,Put,9.0,9.5,5.75,30.0,478.0,0.03755400788436269,2677.2900390625,0.23114598816192183,0.0
^RUT,2026-03-06,2545.0,Call,111.5,127.5,120.4,1.0,13.0,0.03755400788436269,2677.2900390625,0.23114598816192183,0.0
^RUT,2026-03-06,2545.0,Put,9.7,10.2,5.98,37.0,5100.0,0.03755400788436269,2677.2900390625,0.23114598816192183,0.0
^RUT,2026-03-06,2550.0,Call,107.2,123.2,97.16,7.0,12.0,0.03755400788436269,2677.2900390625,0.23114598816192183,0.0
^RUT,2026-03-06,2550.0,Put,10.3,10.9,6.54,46.0,625.0,0.03755400788436269,2677.2900390625,0.23114598816192183,0.0
^RUT,2026-03-06,2555.0,Put,10.8,11.4,13.56,1.0,162.0,0.03755400788436269,2677.2900390625,0.23114598816192183,0.0
^RUT,2026-03-06,2560.0,Call,100.1,114.9,89.83,3.0,5.0,0.03755400788436269,2677.2900390625,0.23114598816192183,0.0
^RUT,2026-03-06,2560.0,Put,11.7,12.2,12.52,1.0,141.0,0.03755400788436269,2677.2900390625,0.23114598816192183,0.0
^RUT,2026-03-06,2565.0,Call,97.3,107.3,116.71,1.0,7.0,0.03755400788436269,2677.2900390625,0.23114598816192183,0.0
^RUT,2026-03-06,2565.0,Put,12.5,13.0,7.85,38.0,205.0,0.03755400788436269,2677.2900390625,0.23114598816192183,0.0
^RUT,2026-03-06,2570.0,Call,95.5,98.2,112.48,1.0,3.0,0.03755400788436269,2677.2900390625,0.23114598816192183,0.0
^RUT,2026-03-06,2570.0,Put,13.4,14.0,8.51,12.0,233.0,0.03755400788436269,2677.2900390625,0.23114598816192183,0.0
^RUT,2026-03-06,2575.0,Call,91.5,94.0,114.01,1.0,3.0,0.03755400788436269,2677.2900390625,0.23114598816192183,0.0
^RUT,2026-03-06,2575.0,Put,14.2,14.8,9.2,50.0,288.0,0.03755400788436269,2677.2900390625,0.23114598816192183,0.0
^RUT,2026-03-06,2580.0,Call,87.5,89.9,105.79,2.0,6.0,0.03755400788436269,2677.2900390625,0.23114598816192183,0.0
^RUT,2026-03-06,2580.0,Put,15.2,15.8,9.85,49.0,365.0,0.03755400788436269,2677.2900390625,0.23114598816192183,0.0
^RUT,2026-03-06,2585.0,Call,83.6,85.8,110.87,1.0,5.0,0.03755400788436269,2677.2900390625,0.23114598816192183,0.0
^RUT,2026-03-06,2585.0,Put,16.2,16.8,14.12,1.0,150.0,0.03755400788436269,2677.2900390625,0.23114598816192183,0.0
^RUT,2026-03-06,2590.0,Call,79.6,82.0,88.87,3.0,6.0,0.03755400788436269,2677.2900390625,0.23114598816192183,0.0
^RUT,2026-03-06,2590.0,Put,17.3,17.9,18.23,1.0,141.0,0.03755400788436269,2677.2900390625,0.23114598816192183,0.0
^RUT,2026-03-06,2595.0,Call,75.8,78.0,95.46,1.0,3.0,0.03755400788436269,2677.2900390625,0.23114598816192183,0.0
^RUT,2026-03-06,2595.0,Put,18.7,19.4,11.93,63.0,99.0,0.03755400788436269,2677.2900390625,0.23114598816192183,0.0
^RUT,2026-03-06,2600.0,Call,72.1,74.1,71.6,1.0,17.0,0.03755400788436269,2677.2900390625,0.23114598816192183,0.0
^RUT,2026-03-06,2600.0,Put,19.5,20.1,20.63,1.0,947.0,0.03755400788436269,2677.2900390625,0.23114598816192183,0.0
^RUT,2026-03-06,2605.0,Call,68.8,70.6,75.7,6.0,22.0,0.03755400788436269,2677.2900390625,0.23114598816192183,0.0
^RUT,2026-03-06,2605.0,Put,20.9,21.5,13.3,62.0,160.0,0.03755400788436269,2677.2900390625,0.23114598816192183,0.0
^RUT,2026-03-06,2610.0,Call,64.8,66.6,65.14,7.0,18.0,0.03755400788436269,2677.2900390625,0.23114598816192183,0.0
^RUT,2026-03-06,2610.0,Put,22.2,22.9,14.34,22.0,270.0,0.03755400788436269,2677.2900390625,0.23114598816192183,0.0
^RUT,2026-03-06,2615.0,Call,61.2,62.9,79.1,1.0,11.0,0.03755400788436269,2677.2900390625,0.23114598816192183,0.0
^RUT,2026-03-06,2615.0,Put,23.6,24.3,15.68,9.0,61.0,0.03755400788436269,2677.2900390625,0.23114598816192183,0.0
^RUT,2026-03-06,2620.0,Call,58.3,59.6,70.09,7.0,36.0,0.03755400788436269,2677.2900390625,0.23114598816192183,0.0
^RUT,2026-03-06,2620.0,Put,25.0,25.7,26.34,1.0,188.0,0.03755400788436269,2677.2900390625,0.23114598816192183,0.0
^RUT,2026-03-06,2625.0,Call,54.8,56.1,60.1,5.0,68.0,0.03755400788436269,2677.2900390625,0.23114598816192183,0.0
^RUT,2026-03-06,2625.0,Put,26.7,27.4,17.78,37.0,305.0,0.03755400788436269,2677.2900390625,0.23114598816192183,0.0
^RUT,2026-03-06,2630.0,Call,51.5,52.7,62.69,7.0,24.0,0.03755400788436269,2677.2900390625,0.23114598816192183,0.0
^RUT,2026-03-06,2630.0,Put,28.4,29.1,32.4,6.0,297.0,0.03755400788436269,2677.2900390625,0.23114598816192183,0.0
^RUT,2026-03-06,2635.0,Call,48.2,49.1,53.89,1.0,10.0,0.03755400788436269,2677.2900390625,0.23114598816192183,0.0
^RUT,2026-03-06,2635.0,Put,30.5,31.3,20.42,16.0,44.0,0.03755400788436269,2677.2900390625,0.23114598816192183,0.0
^RUT,2026-03-06,2640.0,Call,45.2,46.1,60.31,23.0,39.0,0.03755400788436269,2677.2900390625,0.23114598816192183,0.0
^RUT,2026-03-06,2640.0,Put,31.9,32.8,22.8,46.0,135.0,0.03755400788436269,2677.2900390625,0.23114598816192183,0.0
^RUT,2026-03-06,2645.0,Call,42.0,42.8,58.69,6.0,42.0,0.03755400788436269,2677.2900390625,0.23114598816192183,0.0
^RUT,2026-03-06,2645.0,Put,33.7,34.5,23.75,8.0,39.0,0.03755400788436269,2677.2900390625,0.23114598816192183,0.0
^RUT,2026-03-06,2650.0,Call,39.2,40.0,35.1,4.0,68.0,0.03755400788436269,2677.2900390625,0.23114598816192183,0.0
^RUT,2026-03-06,2650.0,Put,35.7,36.5,25.2,11.0,101.0,0.03755400788436269,2677.2900390625,0.23114598816192183,0.0
^RUT,2026-03-06,2655.0,Call,36.3,37.1,51.75,33.0,87.0,0.03755400788436269,2677.2900390625,0.23114598816192183,0.0
^RUT,2026-03-06,2655.0,Put,38.0,38.8,26.42,3.0,90.0,0.03755400788436269,2677.2900390625,0.23114598816192183,0.0
^RUT,2026-03-06,2660.0,Call,33.3,34.2,46.67,23.0,132.0,0.03755400788436269,2677.2900390625,0.23114598816192183,0.0
^RUT,2026-03-06,2660.0,Put,40.8,41.5,28.27,114.0,170.0,0.03755400788436269,2677.2900390625,0.23114598816192183,0.0
^RUT,2026-03-06,2665.0,Call,30.8,31.7,43.45,31.0,69.0,0.03755400788436269,2677.2900390625,0.23114598816192183,0.0
^RUT,2026-03-06,2665.0,Put,43.1,43.9,29.53,18.0,74.0,0.03755400788436269,2677.2900390625,0.23114598816192183,0.0
^RUT,2026-03-06,2670.0,Call,28.3,29.1,36.56,13.0,150.0,0.03755400788436269,2677.2900390625,0.23114598816192183,0.0
^RUT,2026-03-06,2670.0,Put,44.5,45.4,33.62,29.0,102.0,0.03755400788436269,2677.2900390625,0.23114598816192183,0.0
^RUT,2026-03-06,2675.0,Call,25.8,26.5,37.95,49.0,99.0,0.03755400788436269,2677.2900390625,0.23114598816192183,0.0
^RUT,2026-03-06,2675.0,Put,47.4,48.4,33.52,19.0,46.0,0.03755400788436269,2677.2900390625,0.23114598816192183,0.0
^RUT,2026-03-06,2680.0,Call,23.5,24.3,34.6,75.0,101.0,0.03755400788436269,2677.2900390625,0.23114598816192183,0.0
^RUT,2026-03-06,2680.0,Put,50.0,51.2,36.0,28.0,126.0,0.03755400788436269,2677.2900390625,0.23114598816192183,0.0
^RUT,2026-03-06,2685.0,Call,21.3,22.1,32.06,11.0,23.0,0.03755400788436269,2677.2900390625,0.23114598816192183,0.0
^RUT,2026-03-06,2685.0,Put,52.3,53.6,38.7,8.0,20.0,0.03755400788436269,2677.2900390625,0.23114598816192183,0.0
^RUT,2026-03-06,2690.0,Call,19.3,20.0,17.55,17.0,37.0,0.03755400788436269,2677.2900390625,0.23114598816192183,0.0
^RUT,2026-03-06,2690.0,Put,55.0,56.7,47.24,1.0,42.0,0.03755400788436269,2677.2900390625,0.23114598816192183,0.0
^RUT,2026-03-06,2695.0,Call,17.3,17.9,26.97,66.0,92.0,0.03755400788436269,2677.2900390625,0.23114598816192183,0.0
^RUT,2026-03-06,2695.0,Put,58.2,60.1,52.22,1.0,5.0,0.03755400788436269,2677.2900390625,0.23114598816192183,0.0
^RUT,2026-03-06,2700.0,Call,15.6,16.2,24.7,111.0,5345.0,0.03755400788436269,2677.2900390625,0.23114598816192183,0.0
^RUT,2026-03-06,2700.0,Put,61.5,63.6,52.5,1.0,74.0,0.03755400788436269,2677.2900390625,0.23114598816192183,0.0
^RUT,2026-03-06,2705.0,Call,13.8,14.4,21.47,16.0,62.0,0.03755400788436269,2677.2900390625,0.23114598816192183,0.0
^RUT,2026-03-06,2705.0,Put,64.7,67.0,55.64,1.0,15.0,0.03755400788436269,2677.2900390625,0.23114598816192183,0.0
^RUT,2026-03-06,2710.0,Call,12.3,13.0,20.55,17.0,4836.0,0.03755400788436269,2677.2900390625,0.23114598816192183,0.0
^RUT,2026-03-06,2710.0,Put,68.2,70.4,49.99,3.0,94.0,0.03755400788436269,2677.2900390625,0.23114598816192183,0.0
^RUT,2026-03-06,2715.0,Call,11.0,11.6,12.54,1.0,206.0,0.03755400788436269,2677.2900390625,0.23114598816192183,0.0
^RUT,2026-03-06,2715.0,Put,71.6,74.1,64.6,1.0,6.0,0.03755400788436269,2677.2900390625,0.23114598816192183,0.0
^RUT,2026-03-06,2720.0,Call,9.5,10.1,16.24,85.0,401.0,0.03755400788436269,2677.2900390625,0.23114598816192183,0.0
^RUT,2026-03-06,2720.0,Put,75.2,77.8,81.09,2.0,70.0,0.03755400788436269,2677.2900390625,0.23114598816192183,0.0
^RUT,2026-03-06,2725.0,Call,8.3,8.9,14.79,77.0,218.0,0.03755400788436269,2677.2900390625,0.23114598816192183,0.0
^RUT,2026-03-06,2725.0,Put,77.5,80.4,73.48,1.0,10.0,0.03755400788436269,2677.2900390625,0.23114598816192183,0.0
^RUT,2026-03-06,2730.0,Call,7.1,7.7,12.83,46.0,279.0,0.03755400788436269,2677.2900390625,0.23114598816192183,0.0
^RUT,2026-03-06,2730.0,Put,77.9,87.9,67.08,1.0,59.0,0.03755400788436269,2677.2900390625,0.23114598816192183,0.0
^RUT,2026-03-06,2735.0,Call,6.1,6.7,7.39,2.0,269.0,0.03755400788436269,2677.2900390625,0.23114598816192183,0.0
^RUT,2026-03-06,2735.0,Put,81.9,91.9,88.72,2.0,8.0,0.03755400788436269,2677.2900390625,0.23114598816192183,0.0
^RUT,2026-03-06,2740.0,Call,5.5,6.1,10.34,108.0,393.0,0.03755400788436269,2677.2900390625,0.23114598816192183,0.0
^RUT,2026-03-06,2740.0,Put,86.0,96.0,98.19,8.0,6.0,0.03755400788436269,2677.2900390625,0.23114598816192183,0.0
^RUT,2026-03-06,2745.0,Call,4.6,5.2,8.77,82.0,156.0,0.03755400788436269,2677.2900390625,0.23114598816192183,0.0
^RUT,2026-03-06,2745.0,Put,90.2,100.2,93.69,4.0,3.0,0.03755400788436269,2677.2900390625,0.23114598816192183,0.0
^RUT,2026-03-06,2750.0,Call,4.0,4.5,7.44,93.0,247.0,0.03755400788436269,2677.2900390625,0.23114598816192183,0.0
^RUT,2026-03-06,2750.0,Put,94.5,104.5,140.0,1.0,5.0,0.03755400788436269,2677.2900390625,0.23114598816192183,0.0
^RUT,2026-03-06,2755.0,Call,3.5,3.9,6.87,30.0,220.0,0.03755400788436269,2677.2900390625,0.23114598816192183,0.0
^RUT,2026-03-06,2760.0,Call,2.9,3.3,3.51,1.0,306.0,0.03755400788436269,2677.2900390625,0.23114598816192183,0.0
^RUT,2026-03-06,2760.0,Put,100.3,116.3,98.41,6.0,2.0,0.03755400788436269,2677.2900390625,0.23114598816192183,0.0
^RUT,2026-03-06,2765.0,Call,2.5,2.9,4.95,54.0,143.0,0.03755400788436269,2677.2900390625,0.23114598816192183,0.0
^RUT,2026-03-06,2765.0,Put,104.8,120.8,113.02,,1.0,0.03755400788436269,2677.2900390625,0.23114598816192183,0.0
^RUT,2026-03-06,2770.0,Call,2.05,2.45,4.46,71.0,166.0,0.03755400788436269,2677.2900390625,0.23114598816192183,0.0
^RUT,2026-03-06,2770.0,Put,109.4,125.4,121.6,,1.0,0.03755400788436269,2677.2900390625,0.23114598816192183,0.0
^RUT,2026-03-06,2775.0,Call,1.75,2.1,3.48,39.0,105.0,0.03755400788436269,2677.2900390625,0.23114598816192183,0.0
^RUT,2026-03-06,2780.0,Call,1.4,1.8,1.81,1.0,162.0,0.03755400788436269,2677.2900390625,0.23114598816192183,0.0
^RUT,2026-03-06,2780.0,Put,118.8,134.8,170.72,1.0,1.0,0.03755400788436269,2677.2900390625,0.23114598816192183,0.0
^RUT,2026-03-06,2785.0,Call,1.2,1.55,2.73,58.0,68.0,0.03755400788436269,2677.2900390625,0.23114598816192183,0.0
^RUT,2026-03-06,2790.0,Call,1.0,1.35,2.31,31.0,149.0,0.03755400788436269,2677.2900390625,0.23114598816192183,0.0
^RUT,2026-03-06,2795.0,Call,0.85,1.2,1.82,17.0,88.0,0.03755400788436269,2677.2900390625,0.23114598816192183,0.0
^RUT,2026-03-06,2795.0,Put,133.1,149.1,138.94,9.0,9.0,0.03755400788436269,2677.2900390625,0.23114598816192183,0.0
^RUT,2026-03-06,2800.0,Call,0.75,1.0,1.61,8.0,175.0,0.03755400788436269,2677.2900390625,0.23114598816192183,0.0
^RUT,2026-03-06,2800.0,Put,137.9,153.9,143.45,9.0,11.0,0.03755400788436269,2677.2900390625,0.23114598816192183,0.0
^RUT,2026-03-06,2805.0,Call,0.6,0.85,0.94,1.0,52.0,0.03755400788436269,2677.2900390625,0.23114598816192183,0.0
^RUT,2026-03-06,2805.0,Put,142.8,158.8,185.34,5.0,15.0,0.03755400788436269,2677.2900390625,0.23114598816192183,0.0
^RUT,2026-03-06,2810.0,Call,0.5,0.75,0.94,21.0,191.0,0.03755400788436269,2677.2900390625,0.23114598816192183,0.0
^RUT,2026-03-06,2815.0,Call,0.4,0.65,0.57,2.0,84.0,0.03755400788436269,2677.2900390625,0.23114598816192183,0.0
^RUT,2026-03-06,2820.0,Call,0.3,0.6,0.55,1.0,222.0,0.03755400788436269,2677.2900390625,0.23114598816192183,0.0
^RUT,2026-03-06,2825.0,Call,0.25,0.55,0.45,4.0,57.0,0.03755400788436269,2677.2900390625,0.23114598816192183,0.0
^RUT,2026-03-06,2830.0,Call,0.2,0.5,0.47,25.0,168.0,0.03755400788436269,2677.2900390625,0.23114598816192183,0.0
^RUT,2026-03-06,2835.0,Call,0.2,0.45,0.38,3.0,137.0,0.03755400788436269,2677.2900390625,0.23114598816192183,0.0
^RUT,2026-03-06,2840.0,Call,0.15,0.4,0.4,5.0,73.0,0.03755400788436269,2677.2900390625,0.23114598816192183,0.0
^RUT,2026-03-06,2840.0,Put,177.3,193.3,194.96,1.0,0.0,0.03755400788436269,2677.2900390625,0.23114598816192183,0.0
^RUT,2026-03-06,2845.0,Call,0.1,0.35,0.5,42.0,58.0,0.03755400788436269,2677.2900390625,0.23114598816192183,0.0
^RUT,2026-03-06,2850.0,Call,0.1,0.35,0.29,5.0,279.0,0.03755400788436269,2677.2900390625,0.23114598816192183,0.0
^RUT,2026-03-06,2855.0,Call,0.05,0.3,0.36,5.0,184.0,0.03755400788436269,2677.2900390625,0.23114598816192183,0.0
^RUT,2026-03-06,2860.0,Call,0.05,0.3,0.4,2.0,39.0,0.03755400788436269,2677.2900390625,0.23114598816192183,0.0
^RUT,2026-03-06,2865.0,Call,0.05,0.3,0.43,10.0,90.0,0.03755400788436269,2677.2900390625,0.23114598816192183,0.0
^RUT,2026-03-06,2870.0,Call,0.0,0.25,0.15,2.0,76.0,0.03755400788436269,2677.2900390625,0.23114598816192183,0.0
^RUT,2026-03-06,2870.0,Put,203.2,227.2,231.09,,5.0,0.03755400788436269,2677.2900390625,0.23114598816192183,0.0
^RUT,2026-03-06,2875.0,Call,0.0,0.25,0.15,16.0,120.0,0.03755400788436269,2677.2900390625,0.23114598816192183,0.0
^RUT,2026-03-06,2880.0,Call,0.0,0.25,0.25,2.0,96.0,0.03755400788436269,2677.2900390625,0.23114598816192183,0.0
^RUT,2026-03-06,2885.0,Call,0.0,0.25,0.11,20.0,142.0,0.03755400788436269,2677.2900390625,0.23114598816192183,0.0
^RUT,2026-03-06,2890.0,Call,0.0,0.2,0.1,20.0,35.0,0.03755400788436269,2677.2900390625,0.23114598816192183,0.0
^RUT,2026-03-06,2895.0,Call,0.0,0.2,0.14,1.0,207.0,0.03755400788436269,2677.2900390625,0.23114598816192183,0.0
^RUT,2026-03-06,2900.0,Call,0.0,0.2,0.1,16.0,257.0,0.03755400788436269,2677.2900390625,0.23114598816192183,0.0
^RUT,2026-03-06,2905.0,Call,0.0,0.2,0.15,7.0,279.0,0.03755400788436269,2677.2900390625,0.23114598816192183,0.0
^RUT,2026-03-06,2910.0,Call,0.0,0.2,0.06,3.0,183.0,0.03755400788436269,2677.2900390625,0.23114598816192183,0.0
^RUT,2026-03-06,2915.0,Call,0.0,0.2,0.3,4.0,146.0,0.03755400788436269,2677.2900390625,0.23114598816192183,0.0
^RUT,2026-03-06,2920.0,Call,0.0,0.2,0.33,2.0,135.0,0.03755400788436269,2677.2900390625,0.23114598816192183,0.0
^RUT,2026-03-06,2925.0,Call,0.0,0.2,0.15,1.0,82.0,0.03755400788436269,2677.2900390625,0.23114598816192183,0.0
^RUT,2026-03-06,2930.0,Call,0.0,0.15,0.25,2.0,161.0,0.03755400788436269,2677.2900390625,0.23114598816192183,0.0
^RUT,2026-03-06,2935.0,Call,0.0,0.15,0.09,1.0,4.0,0.03755400788436269,2677.2900390625,0.23114598816192183,0.0
^RUT,2026-03-06,2940.0,Call,0.0,0.15,0.15,1.0,42.0,0.03755400788436269,2677.2900390625,0.23114598816192183,0.0
^RUT,2026-03-06,2945.0,Call,0.0,0.15,0.4,6.0,7.0,0.03755400788436269,2677.2900390625,0.23114598816192183,0.0
^RUT,2026-03-06,2950.0,Call,0.0,0.15,0.07,2.0,37.0,0.03755400788436269,2677.2900390625,0.23114598816192183,0.0
^RUT,2026-03-06,2955.0,Call,0.0,0.15,0.18,1.0,16.0,0.03755400788436269,2677.2900390625,0.23114598816192183,0.0
^RUT,2026-03-06,2960.0,Call,0.0,0.15,0.1,1.0,65.0,0.03755400788436269,2677.2900390625,0.23114598816192183,0.0
^RUT,2026-03-06,2965.0,Call,0.0,0.15,0.05,1.0,117.0,0.03755400788436269,2677.2900390625,0.23114598816192183,0.0
^RUT,2026-03-06,2970.0,Call,0.0,0.15,0.1,8.0,8.0,0.03755400788436269,2677.2900390625,0.23114598816192183,0.0
^RUT,2026-03-06,2975.0,Call,0.0,0.15,0.13,1.0,1.0,0.03755400788436269,2677.2900390625,0.23114598816192183,0.0
^RUT,2026-03-06,2980.0,Call,0.0,0.15,0.2,1.0,1.0,0.03755400788436269,2677.2900390625,0.23114598816192183,0.0
^RUT,2026-03-06,2990.0,Call,0.0,0.15,0.09,1.0,1.0,0.03755400788436269,2677.2900390625,0.23114598816192183,0.0
^RUT,2026-03-06,3000.0,Call,0.0,0.15,0.28,1.0,4.0,0.03755400788436269,2677.2900390625,0.23114598816192183,0.0
^RUT,2026-03-06,3005.0,Call,0.0,0.15,0.23,1.0,4.0,0.03755400788436269,2677.2900390625,0.23114598816192183,0.0
^RUT,2026-03-06,3020.0,Call,0.0,0.15,0.18,2.0,2.0,0.03755400788436269,2677.2900390625,0.23114598816192183,0.0
^RUT,2026-03-06,3025.0,Call,0.0,0.15,0.8,,3.0,0.03755400788436269,2677.2900390625,0.23114598816192183,0.0
^RUT,2026-03-06,3035.0,Call,0.0,0.15,0.05,5.0,7.0,0.03755400788436269,2677.2900390625,0.23114598816192183,0.0
^RUT,2026-03-09,2410.0,Put,2.5,2.9,5.27,25.0,25.0,0.03753429697766098,2677.2900390625,0.23114598816192183,0.0
^RUT,2026-03-09,2420.0,Put,2.75,3.2,5.72,25.0,25.0,0.03753429697766098,2677.2900390625,0.23114598816192183,0.0
^RUT,2026-03-09,2460.0,Put,4.4,4.8,3.0,16.0,20.0,0.03753429697766098,2677.2900390625,0.23114598816192183,0.0
^RUT,2026-03-09,2490.0,Put,6.1,6.6,4.25,2.0,3.0,0.03753429697766098,2677.2900390625,0.23114598816192183,0.0
^RUT,2026-03-09,2495.0,Put,6.5,7.0,9.46,4.0,10.0,0.03753429697766098,2677.2900390625,0.23114598816192183,0.0
^RUT,2026-03-09,2520.0,Put,8.6,9.2,6.48,2.0,9.0,0.03753429697766098,2677.2900390625,0.23114598816192183,0.0
^RUT,2026-03-09,2525.0,Put,9.3,9.9,6.12,3.0,8.0,0.03753429697766098,2677.2900390625,0.23114598816192183,0.0
^RUT,2026-03-09,2530.0,Put,9.9,10.5,6.85,10.0,31.0,0.03753429697766098,2677.2900390625,0.23114598816192183,0.0
^RUT,2026-03-09,2540.0,Call,118.1,134.1,140.55,1.0,1.0,0.03753429697766098,2677.2900390625,0.23114598816192183,0.0
^RUT,2026-03-09,2545.0,Put,11.8,12.4,7.85,14.0,11.0,0.03753429697766098,2677.2900390625,0.23114598816192183,0.0
^RUT,2026-03-09,2560.0,Put,14.0,14.6,13.12,1.0,18.0,0.03753429697766098,2677.2900390625,0.23114598816192183,0.0
^RUT,2026-03-09,2570.0,Put,15.9,16.6,18.91,35.0,44.0,0.03753429697766098,2677.2900390625,0.23114598816192183,0.0
^RUT,2026-03-09,2575.0,Put,16.7,17.4,14.89,1.0,147.0,0.03753429697766098,2677.2900390625,0.23114598816192183,0.0
^RUT,2026-03-09,2580.0,Put,17.7,18.4,11.92,36.0,39.0,0.03753429697766098,2677.2900390625,0.23114598816192183,0.0
^RUT,2026-03-09,2585.0,Put,18.8,19.4,12.69,4.0,6.0,0.03753429697766098,2677.2900390625,0.23114598816192183,0.0
^RUT,2026-03-09,2590.0,Put,19.9,20.6,14.23,59.0,61.0,0.03753429697766098,2677.2900390625,0.23114598816192183,0.0
^RUT,2026-03-09,2600.0,Put,22.5,23.2,16.4,33.0,45.0,0.03753429697766098,2677.2900390625,0.23114598816192183,0.0
^RUT,2026-03-09,2610.0,Put,25.2,25.9,17.34,5.0,46.0,0.03753429697766098,2677.2900390625,0.23114598816192183,0.0
^RUT,2026-03-09,2620.0,Call,61.1,62.4,51.82,6.0,4.0,0.03753429697766098,2677.2900390625,0.23114598816192183,0.0
^RUT,2026-03-09,2620.0,Put,28.1,28.8,20.35,1.0,14.0,0.03753429697766098,2677.2900390625,0.23114598816192183,0.0
^RUT,2026-03-09,2630.0,Call,54.6,55.8,70.49,1.0,2.0,0.03753429697766098,2677.2900390625,0.23114598816192183,0.0
^RUT,2026-03-09,2635.0,Put,33.0,33.9,42.41,2.0,2.0,0.03753429697766098,2677.2900390625,0.23114598816192183,0.0
^RUT,2026-03-09,2645.0,Call,45.1,45.9,43.65,3.0,6.0,0.03753429697766098,2677.2900390625,0.23114598816192183,0.0
^RUT,2026-03-09,2650.0,Call,42.1,43.0,54.63,262.0,92.0,0.03753429697766098,2677.2900390625,0.23114598816192183,0.0
^RUT,2026-03-09,2670.0,Call,31.2,32.0,37.09,1.0,75.0,0.03753429697766098,2677.2900390625,0.23114598816192183,0.0
^RUT,2026-03-09,2675.0,Call,28.7,29.5,29.08,6.0,10.0,0.03753429697766098,2677.2900390625,0.23114598816192183,0.0
^RUT,2026-03-09,2675.0,Put,50.3,51.3,38.8,2.0,3.0,0.03753429697766098,2677.2900390625,0.23114598816192183,0.0
^RUT,2026-03-09,2680.0,Call,26.4,27.1,38.58,2.0,3.0,0.03753429697766098,2677.2900390625,0.23114598816192183,0.0
^RUT,2026-03-09,2685.0,Call,24.1,24.8,27.1,5.0,6.0,0.03753429697766098,2677.2900390625,0.23114598816192183,0.0
^RUT,2026-03-09,2695.0,Put,61.2,62.8,64.18,1.0,1.0,0.03753429697766098,2677.2900390625,0.23114598816192183,0.0
^RUT,2026-03-09,2725.0,Call,10.5,11.2,17.48,8.0,10.0,0.03753429697766098,2677.2900390625,0.23114598816192183,0.0
^RUT,2026-03-09,2740.0,Call,7.1,7.7,7.5,10.0,25.0,0.03753429697766098,2677.2900390625,0.23114598816192183,0.0
^RUT,2026-03-09,2750.0,Call,5.5,6.1,5.41,7.0,29.0,0.03753429697766098,2677.2900390625,0.23114598816192183,0.0
^RUT,2026-03-09,2840.0,Call,0.3,0.6,1.8,1.0,1.0,0.03753429697766098,2677.2900390625,0.23114598816192183,0.0
^RUT,2026-03-13,2000.0,Put,0.2,0.5,0.3,1.0,4.0,0.03750801576872537,2677.2900390625,0.23114598816192183,0.0
^RUT,2026-03-13,2010.0,Put,0.25,0.5,0.36,2.0,3.0,0.03750801576872537,2677.2900390625,0.23114598816192183,0.0
^RUT,2026-03-13,2015.0,Put,0.25,0.55,0.97,1.0,1.0,0.03750801576872537,2677.2900390625,0.23114598816192183,0.0
^RUT,2026-03-13,2050.0,Put,0.35,0.6,0.47,1.0,5.0,0.03750801576872537,2677.2900390625,0.23114598816192183,0.0
^RUT,2026-03-13,2060.0,Put,0.35,0.65,3.72,,1.0,0.03750801576872537,2677.2900390625,0.23114598816192183,0.0
^RUT,2026-03-13,2065.0,Put,0.35,0.65,3.77,,1.0,0.03750801576872537,2677.2900390625,0.23114598816192183,0.0
^RUT,2026-03-13,2070.0,Put,0.4,0.65,1.51,,10.0,0.03750801576872537,2677.2900390625,0.23114598816192183,0.0
^RUT,2026-03-13,2080.0,Put,0.4,0.7,2.33,,10.0,0.03750801576872537,2677.2900390625,0.23114598816192183,0.0
^RUT,2026-03-13,2085.0,Put,0.45,0.7,1.51,,3.0,0.03750801576872537,2677.2900390625,0.23114598816192183,0.0
^RUT,2026-03-13,2090.0,Put,0.45,0.7,1.94,,29.0,0.03750801576872537,2677.2900390625,0.23114598816192183,0.0
^RUT,2026-03-13,2095.0,Put,0.45,0.75,1.4,,1.0,0.03750801576872537,2677.2900390625,0.23114598816192183,0.0
^RUT,2026-03-13,2100.0,Put,0.45,0.75,1.2,1.0,10.0,0.03750801576872537,2677.2900390625,0.23114598816192183,0.0
^RUT,2026-03-13,2110.0,Put,0.55,0.8,1.1,1.0,1.0,0.03750801576872537,2677.2900390625,0.23114598816192183,0.0
^RUT,2026-03-13,2135.0,Put,0.65,0.9,1.71,3.0,3.0,0.03750801576872537,2677.2900390625,0.23114598816192183,0.0
^RUT,2026-03-13,2140.0,Put,0.65,0.9,0.6,1.0,2.0,0.03750801576872537,2677.2900390625,0.23114598816192183,0.0
^RUT,2026-03-13,2150.0,Put,0.7,0.95,1.6,16.0,16.0,0.03750801576872537,2677.2900390625,0.23114598816192183,0.0
^RUT,2026-03-13,2155.0,Put,0.75,1.0,1.96,,1.0,0.03750801576872537,2677.2900390625,0.23114598816192183,0.0
^RUT,2026-03-13,2160.0,Put,0.75,1.0,0.65,1.0,4.0,0.03750801576872537,2677.2900390625,0.23114598816192183,0.0
^RUT,2026-03-13,2170.0,Put,0.8,1.05,2.93,29.0,30.0,0.03750801576872537,2677.2900390625,0.23114598816192183,0.0
^RUT,2026-03-13,2180.0,Put,0.85,1.15,1.7,5.0,9.0,0.03750801576872537,2677.2900390625,0.23114598816192183,0.0
^RUT,2026-03-13,2185.0,Put,0.85,1.15,2.5,1.0,3.0,0.03750801576872537,2677.2900390625,0.23114598816192183,0.0
^RUT,2026-03-13,2195.0,Put,0.95,1.2,0.85,1.0,2.0,0.03750801576872537,2677.2900390625,0.23114598816192183,0.0
^RUT,2026-03-13,2200.0,Put,0.95,1.25,1.21,4.0,47.0,0.03750801576872537,2677.2900390625,0.23114598816192183,0.0
^RUT,2026-03-13,2205.0,Put,1.05,1.3,1.14,1.0,2.0,0.03750801576872537,2677.2900390625,0.23114598816192183,0.0
^RUT,2026-03-13,2210.0,Put,1.05,1.35,1.19,1.0,24.0,0.03750801576872537,2677.2900390625,0.23114598816192183,0.0
^RUT,2026-03-13,2215.0,Put,1.1,1.4,2.65,,1.0,0.03750801576872537,2677.2900390625,0.23114598816192183,0.0
^RUT,2026-03-13,2220.0,Put,1.15,1.45,1.65,5.0,37.0,0.03750801576872537,2677.2900390625,0.23114598816192183,0.0
^RUT,2026-03-13,2225.0,Put,1.2,1.45,1.12,2.0,8.0,0.03750801576872537,2677.2900390625,0.23114598816192183,0.0
^RUT,2026-03-13,2230.0,Put,1.25,1.5,4.09,29.0,51.0,0.03750801576872537,2677.2900390625,0.23114598816192183,0.0
^RUT,2026-03-13,2235.0,Put,1.3,1.55,2.07,1.0,5.0,0.03750801576872537,2677.2900390625,0.23114598816192183,0.0
^RUT,2026-03-13,2240.0,Put,1.35,1.6,1.87,1.0,15.0,0.03750801576872537,2677.2900390625,0.23114598816192183,0.0
^RUT,2026-03-13,2245.0,Put,1.4,1.65,1.29,1.0,63.0,0.03750801576872537,2677.2900390625,0.23114598816192183,0.0
^RUT,2026-03-13,2250.0,Put,1.4,1.75,1.28,6.0,38.0,0.03750801576872537,2677.2900390625,0.23114598816192183,0.0
^RUT,2026-03-13,2255.0,Put,1.5,1.75,1.87,1.0,106.0,0.03750801576872537,2677.2900390625,0.23114598816192183,0.0
^RUT,2026-03-13,2260.0,Put,1.55,1.8,1.42,5.0,109.0,0.03750801576872537,2677.2900390625,0.23114598816192183,0.0
^RUT,2026-03-13,2265.0,Put,1.6,1.9,1.44,1.0,292.0,0.03750801576872537,2677.2900390625,0.23114598816192183,0.0
^RUT,2026-03-13,2270.0,Put,1.6,1.9,1.35,4.0,290.0,0.03750801576872537,2677.2900390625,0.23114598816192183,0.0
^RUT,2026-03-13,2275.0,Put,1.7,2.0,4.71,10.0,342.0,0.03750801576872537,2677.2900390625,0.23114598816192183,0.0
^RUT,2026-03-13,2280.0,Put,1.8,2.1,1.88,1.0,257.0,0.03750801576872537,2677.2900390625,0.23114598816192183,0.0
^RUT,2026-03-13,2285.0,Put,1.8,2.1,6.28,83.0,94.0,0.03750801576872537,2677.2900390625,0.23114598816192183,0.0
^RUT,2026-03-13,2290.0,Put,1.9,2.25,1.4,41.0,292.0,0.03750801576872537,2677.2900390625,0.23114598816192183,0.0
^RUT,2026-03-13,2295.0,Put,2.0,2.3,4.98,6.0,288.0,0.03750801576872537,2677.2900390625,0.23114598816192183,0.0
^RUT,2026-03-13,2300.0,Put,2.05,2.4,1.53,40.0,424.0,0.03750801576872537,2677.2900390625,0.23114598816192183,0.0
^RUT,2026-03-13,2305.0,Put,2.15,2.45,5.31,6.0,174.0,0.03750801576872537,2677.2900390625,0.23114598816192183,0.0
^RUT,2026-03-13,2310.0,Put,2.25,2.55,5.29,35.0,280.0,0.03750801576872537,2677.2900390625,0.23114598816192183,0.0
^RUT,2026-03-13,2315.0,Put,2.35,2.65,4.76,2.0,276.0,0.03750801576872537,2677.2900390625,0.23114598816192183,0.0
^RUT,2026-03-13,2320.0,Put,2.4,2.75,5.15,37.0,388.0,0.03750801576872537,2677.2900390625,0.23114598816192183,0.0
^RUT,2026-03-13,2325.0,Put,2.5,2.85,2.48,1.0,169.0,0.03750801576872537,2677.2900390625,0.23114598816192183,0.0
^RUT,2026-03-13,2330.0,Put,2.55,2.9,3.47,12.0,407.0,0.03750801576872537,2677.2900390625,0.23114598816192183,0.0
^RUT,2026-03-13,2335.0,Put,2.75,3.1,4.92,5.0,79.0,0.03750801576872537,2677.2900390625,0.23114598816192183,0.0
^RUT,2026-03-13,2340.0,Put,2.85,3.2,3.72,12.0,597.0,0.03750801576872537,2677.2900390625,0.23114598816192183,0.0
^RUT,2026-03-13,2345.0,Put,2.95,3.3,2.17,1.0,228.0,0.03750801576872537,2677.2900390625,0.23114598816192183,0.0
^RUT,2026-03-13,2350.0,Put,3.0,3.5,2.28,1.0,613.0,0.03750801576872537,2677.2900390625,0.23114598816192183,0.0
^RUT,2026-03-13,2355.0,Put,3.1,3.6,7.57,37.0,89.0,0.03750801576872537,2677.2900390625,0.23114598816192183,0.0
^RUT,2026-03-13,2360.0,Put,3.3,3.8,4.4,1.0,155.0,0.03750801576872537,2677.2900390625,0.23114598816192183,0.0
^RUT,2026-03-13,2365.0,Put,3.5,3.9,7.47,21.0,244.0,0.03750801576872537,2677.2900390625,0.23114598816192183,0.0
^RUT,2026-03-13,2370.0,Put,3.6,4.1,4.1,11.0,336.0,0.03750801576872537,2677.2900390625,0.23114598816192183,0.0
^RUT,2026-03-13,2375.0,Put,3.8,4.2,2.65,1.0,270.0,0.03750801576872537,2677.2900390625,0.23114598816192183,0.0
^RUT,2026-03-13,2380.0,Put,4.0,4.4,9.65,6.0,276.0,0.03750801576872537,2677.2900390625,0.23114598816192183,0.0
^RUT,2026-03-13,2385.0,Put,4.2,4.6,6.08,1.0,149.0,0.03750801576872537,2677.2900390625,0.23114598816192183,0.0
^RUT,2026-03-13,2390.0,Call,257.8,281.8,316.9,,5.0,0.03750801576872537,2677.2900390625,0.23114598816192183,0.0
^RUT,2026-03-13,2390.0,Put,4.4,4.8,3.45,2.0,133.0,0.03750801576872537,2677.2900390625,0.23114598816192183,0.0
^RUT,2026-03-13,2395.0,Put,4.6,5.0,10.72,6.0,111.0,0.03750801576872537,2677.2900390625,0.23114598816192183,0.0
^RUT,2026-03-13,2400.0,Put,4.8,5.2,3.8,2.0,167.0,0.03750801576872537,2677.2900390625,0.23114598816192183,0.0
^RUT,2026-03-13,2405.0,Put,5.0,5.4,4.0,2.0,58.0,0.03750801576872537,2677.2900390625,0.23114598816192183,0.0
^RUT,2026-03-13,2410.0,Put,5.2,5.6,7.49,1.0,94.0,0.03750801576872537,2677.2900390625,0.23114598816192183,0.0
^RUT,2026-03-13,2415.0,Put,5.4,6.0,11.5,18.0,58.0,0.03750801576872537,2677.2900390625,0.23114598816192183,0.0
^RUT,2026-03-13,2420.0,Put,5.7,6.2,4.86,1.0,57.0,0.03750801576872537,2677.2900390625,0.23114598816192183,0.0
^RUT,2026-03-13,2425.0,Put,6.0,6.6,7.21,2.0,71.0,0.03750801576872537,2677.2900390625,0.23114598816192183,0.0
^RUT,2026-03-13,2430.0,Put,6.3,6.8,7.53,7.0,138.0,0.03750801576872537,2677.2900390625,0.23114598816192183,0.0
^RUT,2026-03-13,2435.0,Put,6.7,7.3,5.52,1.0,40.0,0.03750801576872537,2677.2900390625,0.23114598816192183,0.0
^RUT,2026-03-13,2440.0,Put,7.0,7.5,5.61,5.0,144.0,0.03750801576872537,2677.2900390625,0.23114598816192183,0.0
^RUT,2026-03-13,2445.0,Put,7.3,7.9,5.88,10.0,25.0,0.03750801576872537,2677.2900390625,0.23114598816192183,0.0
^RUT,2026-03-13,2450.0,Call,201.1,225.1,174.79,1.0,1.0,0.03750801576872537,2677.2900390625,0.23114598816192183,0.0
^RUT,2026-03-13,2450.0,Put,7.7,8.2,5.92,15.0,121.0,0.03750801576872537,2677.2900390625,0.23114598816192183,0.0
^RUT,2026-03-13,2455.0,Put,7.9,8.5,6.5,1.0,45.0,0.03750801576872537,2677.2900390625,0.23114598816192183,0.0
^RUT,2026-03-13,2460.0,Put,8.3,8.9,10.05,2.0,169.0,0.03750801576872537,2677.2900390625,0.23114598816192183,0.0
^RUT,2026-03-13,2465.0,Put,8.7,9.3,10.37,5.0,56.0,0.03750801576872537,2677.2900390625,0.23114598816192183,0.0
^RUT,2026-03-13,2470.0,Put,9.2,9.7,6.4,1.0,145.0,0.03750801576872537,2677.2900390625,0.23114598816192183,0.0
^RUT,2026-03-13,2475.0,Put,9.8,10.3,6.95,6.0,245.0,0.03750801576872537,2677.2900390625,0.23114598816192183,0.0
^RUT,2026-03-13,2480.0,Put,10.3,10.8,7.3,13.0,68.0,0.03750801576872537,2677.2900390625,0.23114598816192183,0.0
^RUT,2026-03-13,2485.0,Put,10.8,11.3,8.28,6.0,42.0,0.03750801576872537,2677.2900390625,0.23114598816192183,0.0
^RUT,2026-03-13,2490.0,Put,11.3,11.9,7.85,5.0,170.0,0.03750801576872537,2677.2900390625,0.23114598816192183,0.0
^RUT,2026-03-13,2495.0,Put,11.9,12.4,8.3,3.0,159.0,0.03750801576872537,2677.2900390625,0.23114598816192183,0.0
^RUT,2026-03-13,2500.0,Put,12.3,12.9,8.8,175.0,242.0,0.03750801576872537,2677.2900390625,0.23114598816192183,0.0
^RUT,2026-03-13,2505.0,Put,12.9,13.5,9.21,18.0,116.0,0.03750801576872537,2677.2900390625,0.23114598816192183,0.0
^RUT,2026-03-13,2510.0,Call,151.2,167.2,152.48,40.0,42.0,0.03750801576872537,2677.2900390625,0.23114598816192183,0.0
^RUT,2026-03-13,2510.0,Put,13.7,14.3,9.58,15.0,150.0,0.03750801576872537,2677.2900390625,0.23114598816192183,0.0
^RUT,2026-03-13,2515.0,Put,14.2,14.8,10.1,3.0,59.0,0.03750801576872537,2677.2900390625,0.23114598816192183,0.0
^RUT,2026-03-13,2520.0,Call,142.5,158.5,144.73,,40.0,0.03750801576872537,2677.2900390625,0.23114598816192183,0.0
^RUT,2026-03-13,2520.0,Put,14.9,15.5,10.66,75.0,228.0,0.03750801576872537,2677.2900390625,0.23114598816192183,0.0
^RUT,2026-03-13,2525.0,Put,15.6,16.3,11.24,113.0,271.0,0.03750801576872537,2677.2900390625,0.23114598816192183,0.0
^RUT,2026-03-13,2530.0,Put,16.4,17.0,14.64,19.0,275.0,0.03750801576872537,2677.2900390625,0.23114598816192183,0.0
^RUT,2026-03-13,2535.0,Call,129.8,145.8,155.56,2.0,3.0,0.03750801576872537,2677.2900390625,0.23114598816192183,0.0
^RUT,2026-03-13,2535.0,Put,17.4,18.0,12.65,4.0,83.0,0.03750801576872537,2677.2900390625,0.23114598816192183,0.0
^RUT,2026-03-13,2540.0,Put,18.2,18.9,12.96,11.0,348.0,0.03750801576872537,2677.2900390625,0.23114598816192183,0.0
^RUT,2026-03-13,2545.0,Put,19.0,19.6,13.75,10.0,135.0,0.03750801576872537,2677.2900390625,0.23114598816192183,0.0
^RUT,2026-03-13,2550.0,Call,122.9,125.4,138.28,1.0,10.0,0.03750801576872537,2677.2900390625,0.23114598816192183,0.0
^RUT,2026-03-13,2550.0,Put,20.0,20.7,14.32,7.0,516.0,0.03750801576872537,2677.2900390625,0.23114598816192183,0.0
^RUT,2026-03-13,2555.0,Call,118.9,121.4,123.11,6.0,7.0,0.03750801576872537,2677.2900390625,0.23114598816192183,0.0
^RUT,2026-03-13,2555.0,Put,20.8,21.5,15.35,19.0,144.0,0.03750801576872537,2677.2900390625,0.23114598816192183,0.0
^RUT,2026-03-13,2560.0,Call,115.0,117.3,141.21,4.0,3.0,0.03750801576872537,2677.2900390625,0.23114598816192183,0.0
^RUT,2026-03-13,2560.0,Put,21.8,22.4,23.65,2.0,306.0,0.03750801576872537,2677.2900390625,0.23114598816192183,0.0
^RUT,2026-03-13,2565.0,Call,111.0,113.4,114.1,1.0,4.0,0.03750801576872537,2677.2900390625,0.23114598816192183,0.0
^RUT,2026-03-13,2565.0,Put,22.9,23.5,25.87,7.0,155.0,0.03750801576872537,2677.2900390625,0.23114598816192183,0.0
^RUT,2026-03-13,2570.0,Call,107.1,109.4,133.88,2.0,2.0,0.03750801576872537,2677.2900390625,0.23114598816192183,0.0
^RUT,2026-03-13,2570.0,Put,23.8,24.6,17.69,35.0,347.0,0.03750801576872537,2677.2900390625,0.23114598816192183,0.0
^RUT,2026-03-13,2575.0,Put,25.1,25.9,18.77,109.0,368.0,0.03750801576872537,2677.2900390625,0.23114598816192183,0.0
^RUT,2026-03-13,2580.0,Call,99.4,101.7,98.67,3.0,1.0,0.03750801576872537,2677.2900390625,0.23114598816192183,0.0
^RUT,2026-03-13,2580.0,Put,26.4,27.1,31.1,13.0,469.0,0.03750801576872537,2677.2900390625,0.23114598816192183,0.0
^RUT,2026-03-13,2585.0,Put,27.6,28.3,20.62,2.0,195.0,0.03750801576872537,2677.2900390625,0.23114598816192183,0.0
^RUT,2026-03-13,2590.0,Call,92.0,94.1,90.9,1.0,8.0,0.03750801576872537,2677.2900390625,0.23114598816192183,0.0
^RUT,2026-03-13,2590.0,Put,28.9,29.6,22.57,117.0,3802.0,0.03750801576872537,2677.2900390625,0.23114598816192183,0.0
^RUT,2026-03-13,2595.0,Call,88.8,90.5,109.42,,2.0,0.03750801576872537,2677.2900390625,0.23114598816192183,0.0
^RUT,2026-03-13,2595.0,Put,29.9,30.7,24.5,1.0,110.0,0.03750801576872537,2677.2900390625,0.23114598816192183,0.0
^RUT,2026-03-13,2600.0,Call,85.0,86.8,84.6,1.0,12.0,0.03750801576872537,2677.2900390625,0.23114598816192183,0.0
^RUT,2026-03-13,2600.0,Put,31.5,32.2,23.5,248.0,4135.0,0.03750801576872537,2677.2900390625,0.23114598816192183,0.0
^RUT,2026-03-13,2605.0,Call,81.7,83.2,89.66,3.0,13.0,0.03750801576872537,2677.2900390625,0.23114598816192183,0.0
^RUT,2026-03-13,2605.0,Put,32.8,33.7,24.6,9.0,58.0,0.03750801576872537,2677.2900390625,0.23114598816192183,0.0
^RUT,2026-03-13,2610.0,Call,78.0,79.6,89.18,9.0,9.0,0.03750801576872537,2677.2900390625,0.23114598816192183,0.0
^RUT,2026-03-13,2610.0,Put,34.4,35.1,28.65,120.0,268.0,0.03750801576872537,2677.2900390625,0.23114598816192183,0.0
^RUT,2026-03-13,2615.0,Call,74.6,76.0,96.4,1.0,3.0,0.03750801576872537,2677.2900390625,0.23114598816192183,0.0
^RUT,2026-03-13,2615.0,Put,35.9,36.7,37.33,1.0,11.0,0.03750801576872537,2677.2900390625,0.23114598816192183,0.0
^RUT,2026-03-13,2620.0,Call,71.3,72.6,87.7,7.0,35.0,0.03750801576872537,2677.2900390625,0.23114598816192183,0.0
^RUT,2026-03-13,2620.0,Put,37.3,38.2,28.36,70.0,137.0,0.03750801576872537,2677.2900390625,0.23114598816192183,0.0
^RUT,2026-03-13,2625.0,Call,67.8,69.0,74.92,8.0,13.0,0.03750801576872537,2677.2900390625,0.23114598816192183,0.0
^RUT,2026-03-13,2625.0,Put,39.0,39.7,31.07,51.0,96.0,0.03750801576872537,2677.2900390625,0.23114598816192183,0.0
^RUT,2026-03-13,2630.0,Call,64.3,65.4,80.78,4.0,13.0,0.03750801576872537,2677.2900390625,0.23114598816192183,0.0
^RUT,2026-03-13,2630.0,Put,40.8,41.6,31.29,247.0,416.0,0.03750801576872537,2677.2900390625,0.23114598816192183,0.0
^RUT,2026-03-13,2635.0,Call,61.5,62.4,77.07,2.0,3.0,0.03750801576872537,2677.2900390625,0.23114598816192183,0.0
^RUT,2026-03-13,2635.0,Put,42.6,43.4,32.92,2.0,14.0,0.03750801576872537,2677.2900390625,0.23114598816192183,0.0
^RUT,2026-03-13,2640.0,Call,58.5,59.5,56.88,4.0,19.0,0.03750801576872537,2677.2900390625,0.23114598816192183,0.0
^RUT,2026-03-13,2640.0,Put,44.3,45.2,34.84,77.0,266.0,0.03750801576872537,2677.2900390625,0.23114598816192183,0.0
^RUT,2026-03-13,2645.0,Call,55.4,56.4,70.27,2.0,8.0,0.03750801576872537,2677.2900390625,0.23114598816192183,0.0
^RUT,2026-03-13,2645.0,Put,46.4,47.2,35.98,10.0,33.0,0.03750801576872537,2677.2900390625,0.23114598816192183,0.0
^RUT,2026-03-13,2650.0,Call,52.4,53.4,68.12,14.0,76.0,0.03750801576872537,2677.2900390625,0.23114598816192183,0.0
^RUT,2026-03-13,2650.0,Put,48.7,49.6,36.52,73.0,122.0,0.03750801576872537,2677.2900390625,0.23114598816192183,0.0
^RUT,2026-03-13,2655.0,Call,49.5,50.5,37.08,1.0,2.0,0.03750801576872537,2677.2900390625,0.23114598816192183,0.0
^RUT,2026-03-13,2655.0,Put,50.5,51.3,58.2,2.0,69.0,0.03750801576872537,2677.2900390625,0.23114598816192183,0.0
^RUT,2026-03-13,2660.0,Call,46.6,47.5,51.75,1.0,10.0,0.03750801576872537,2677.2900390625,0.23114598816192183,0.0
^RUT,2026-03-13,2660.0,Put,52.5,53.4,40.81,3.0,103.0,0.03750801576872537,2677.2900390625,0.23114598816192183,0.0
^RUT,2026-03-13,2665.0,Call,44.1,45.0,48.85,2.0,7.0,0.03750801576872537,2677.2900390625,0.23114598816192183,0.0
^RUT,2026-03-13,2665.0,Put,54.9,55.7,44.8,1.0,24.0,0.03750801576872537,2677.2900390625,0.23114598816192183,0.0
^RUT,2026-03-13,2670.0,Call,41.3,42.2,46.76,2.0,46.0,0.03750801576872537,2677.2900390625,0.23114598816192183,0.0
^RUT,2026-03-13,2670.0,Put,57.5,58.5,47.44,4.0,146.0,0.03750801576872537,2677.2900390625,0.23114598816192183,0.0
^RUT,2026-03-13,2675.0,Call,38.3,39.1,44.07,6.0,17.0,0.03750801576872537,2677.2900390625,0.23114598816192183,0.0
^RUT,2026-03-13,2675.0,Put,59.6,60.5,47.17,1.0,40.0,0.03750801576872537,2677.2900390625,0.23114598816192183,0.0
^RUT,2026-03-13,2680.0,Call,36.2,37.1,48.05,2.0,59.0,0.03750801576872537,2677.2900390625,0.23114598816192183,0.0
^RUT,2026-03-13,2680.0,Put,61.9,62.9,48.25,35.0,77.0,0.03750801576872537,2677.2900390625,0.23114598816192183,0.0
^RUT,2026-03-13,2685.0,Call,33.8,34.6,39.87,7.0,14.0,0.03750801576872537,2677.2900390625,0.23114598816192183,0.0
^RUT,2026-03-13,2685.0,Put,64.2,65.4,65.27,8.0,10.0,0.03750801576872537,2677.2900390625,0.23114598816192183,0.0
^RUT,2026-03-13,2690.0,Call,31.1,32.0,40.84,1.0,88.0,0.03750801576872537,2677.2900390625,0.23114598816192183,0.0
^RUT,2026-03-13,2690.0,Put,67.1,68.3,59.59,20.0,33.0,0.03750801576872537,2677.2900390625,0.23114598816192183,0.0
^RUT,2026-03-13,2695.0,Call,29.3,30.2,31.8,2.0,34.0,0.03750801576872537,2677.2900390625,0.23114598816192183,0.0
^RUT,2026-03-13,2695.0,Put,69.8,71.2,70.77,8.0,19.0,0.03750801576872537,2677.2900390625,0.23114598816192183,0.0
^RUT,2026-03-13,2700.0,Call,27.2,28.1,37.33,2.0,79.0,0.03750801576872537,2677.2900390625,0.23114598816192183,0.0
^RUT,2026-03-13,2700.0,Put,72.6,74.2,57.89,8.0,22.0,0.03750801576872537,2677.2900390625,0.23114598816192183,0.0
^RUT,2026-03-13,2705.0,Call,25.0,25.8,29.54,8.0,31.0,0.03750801576872537,2677.2900390625,0.23114598816192183,0.0
^RUT,2026-03-13,2710.0,Call,23.5,24.2,26.81,8.0,120.0,0.03750801576872537,2677.2900390625,0.23114598816192183,0.0
^RUT,2026-03-13,2710.0,Put,78.4,80.4,63.12,4.0,19.0,0.03750801576872537,2677.2900390625,0.23114598816192183,0.0
^RUT,2026-03-13,2715.0,Call,21.5,22.2,30.48,11.0,88.0,0.03750801576872537,2677.2900390625,0.23114598816192183,0.0
^RUT,2026-03-13,2720.0,Call,19.8,20.5,28.11,7.0,113.0,0.03750801576872537,2677.2900390625,0.23114598816192183,0.0
^RUT,2026-03-13,2720.0,Put,85.0,87.2,68.77,6.0,23.0,0.03750801576872537,2677.2900390625,0.23114598816192183,0.0
^RUT,2026-03-13,2725.0,Call,18.3,19.0,25.04,3.0,103.0,0.03750801576872537,2677.2900390625,0.23114598816192183,0.0
^RUT,2026-03-13,2730.0,Call,16.8,17.5,24.34,10.0,145.0,0.03750801576872537,2677.2900390625,0.23114598816192183,0.0
^RUT,2026-03-13,2730.0,Put,91.7,94.1,74.2,2.0,5.0,0.03750801576872537,2677.2900390625,0.23114598816192183,0.0
^RUT,2026-03-13,2735.0,Call,15.1,15.9,19.9,14.0,108.0,0.03750801576872537,2677.2900390625,0.23114598816192183,0.0
^RUT,2026-03-13,2740.0,Call,13.8,14.5,20.66,62.0,3994.0,0.03750801576872537,2677.2900390625,0.23114598816192183,0.0
^RUT,2026-03-13,2740.0,Put,98.8,101.4,80.7,2.0,15.0,0.03750801576872537,2677.2900390625,0.23114598816192183,0.0
^RUT,2026-03-13,2745.0,Call,12.8,13.4,19.22,3.0,127.0,0.03750801576872537,2677.2900390625,0.23114598816192183,0.0
^RUT,2026-03-13,2745.0,Put,102.2,104.6,118.5,1.0,2.0,0.03750801576872537,2677.2900390625,0.23114598816192183,0.0
^RUT,2026-03-13,2750.0,Call,11.4,12.1,17.7,63.0,3893.0,0.03750801576872537,2677.2900390625,0.23114598816192183,0.0
^RUT,2026-03-13,2750.0,Put,100.1,114.8,142.13,3.0,7.0,0.03750801576872537,2677.2900390625,0.23114598816192183,0.0
^RUT,2026-03-13,2755.0,Call,10.3,11.0,16.17,7.0,241.0,0.03750801576872537,2677.2900390625,0.23114598816192183,0.0
^RUT,2026-03-13,2760.0,Call,9.3,10.0,12.3,2.0,444.0,0.03750801576872537,2677.2900390625,0.23114598816192183,0.0
^RUT,2026-03-13,2760.0,Put,106.2,122.2,165.93,1.0,1.0,0.03750801576872537,2677.2900390625,0.23114598816192183,0.0
^RUT,2026-03-13,2765.0,Call,8.5,9.1,9.23,8.0,37.0,0.03750801576872537,2677.2900390625,0.23114598816192183,0.0
^RUT,2026-03-13,2770.0,Call,7.6,8.1,8.28,3.0,164.0,0.03750801576872537,2677.2900390625,0.23114598816192183,0.0
^RUT,2026-03-13,2775.0,Call,6.8,7.3,11.06,8.0,55.0,0.03750801576872537,2677.2900390625,0.23114598816192183,0.0
^RUT,2026-03-13,2775.0,Put,118.5,134.5,112.27,,2.0,0.03750801576872537,2677.2900390625,0.23114598816192183,0.0
^RUT,2026-03-13,2780.0,Call,6.1,6.6,10.21,19.0,246.0,0.03750801576872537,2677.2900390625,0.23114598816192183,0.0
^RUT,2026-03-13,2780.0,Put,122.8,138.8,115.55,,2.0,0.03750801576872537,2677.2900390625,0.23114598816192183,0.0
^RUT,2026-03-13,2785.0,Call,5.3,5.9,7.03,4.0,49.0,0.03750801576872537,2677.2900390625,0.23114598816192183,0.0
^RUT,2026-03-13,2790.0,Call,4.8,5.4,8.15,29.0,204.0,0.03750801576872537,2677.2900390625,0.23114598816192183,0.0
^RUT,2026-03-13,2795.0,Call,4.2,4.7,6.33,1.0,46.0,0.03750801576872537,2677.2900390625,0.23114598816192183,0.0
^RUT,2026-03-13,2800.0,Call,3.7,4.3,6.6,59.0,271.0,0.03750801576872537,2677.2900390625,0.23114598816192183,0.0
^RUT,2026-03-13,2805.0,Call,3.3,3.8,5.88,4.0,60.0,0.03750801576872537,2677.2900390625,0.23114598816192183,0.0
^RUT,2026-03-13,2810.0,Call,2.9,3.4,5.25,18.0,91.0,0.03750801576872537,2677.2900390625,0.23114598816192183,0.0
^RUT,2026-03-13,2815.0,Call,2.55,3.1,4.29,1.0,34.0,0.03750801576872537,2677.2900390625,0.23114598816192183,0.0
^RUT,2026-03-13,2820.0,Call,2.35,2.75,2.7,3.0,70.0,0.03750801576872537,2677.2900390625,0.23114598816192183,0.0
^RUT,2026-03-13,2825.0,Call,2.0,2.5,3.2,4.0,36.0,0.03750801576872537,2677.2900390625,0.23114598816192183,0.0
^RUT,2026-03-13,2830.0,Call,1.75,2.2,2.45,13.0,271.0,0.03750801576872537,2677.2900390625,0.23114598816192183,0.0
^RUT,2026-03-13,2835.0,Call,1.55,1.95,2.35,3.0,147.0,0.03750801576872537,2677.2900390625,0.23114598816192183,0.0
^RUT,2026-03-13,2840.0,Call,1.35,1.8,1.95,7.0,106.0,0.03750801576872537,2677.2900390625,0.23114598816192183,0.0
^RUT,2026-03-13,2845.0,Call,1.2,1.6,1.57,8.0,15.0,0.03750801576872537,2677.2900390625,0.23114598816192183,0.0
^RUT,2026-03-13,2850.0,Call,1.05,1.45,2.1,1.0,190.0,0.03750801576872537,2677.2900390625,0.23114598816192183,0.0
^RUT,2026-03-13,2855.0,Call,0.95,1.3,1.62,3.0,101.0,0.03750801576872537,2677.2900390625,0.23114598816192183,0.0
^RUT,2026-03-13,2860.0,Call,0.85,1.15,1.27,1.0,203.0,0.03750801576872537,2677.2900390625,0.23114598816192183,0.0
^RUT,2026-03-13,2865.0,Call,0.75,1.1,1.85,1.0,224.0,0.03750801576872537,2677.2900390625,0.23114598816192183,0.0
^RUT,2026-03-13,2870.0,Call,0.7,0.95,1.01,2.0,208.0,0.03750801576872537,2677.2900390625,0.23114598816192183,0.0
^RUT,2026-03-13,2870.0,Put,202.9,226.9,198.3,1.0,1.0,0.03750801576872537,2677.2900390625,0.23114598816192183,0.0
^RUT,2026-03-13,2875.0,Call,0.55,0.9,1.18,1.0,109.0,0.03750801576872537,2677.2900390625,0.23114598816192183,0.0
^RUT,2026-03-13,2880.0,Call,0.55,0.8,0.83,1.0,76.0,0.03750801576872537,2677.2900390625,0.23114598816192183,0.0
^RUT,2026-03-13,2885.0,Call,0.45,0.75,0.73,2.0,193.0,0.03750801576872537,2677.2900390625,0.23114598816192183,0.0
^RUT,2026-03-13,2890.0,Call,0.4,0.7,0.97,1.0,103.0,0.03750801576872537,2677.2900390625,0.23114598816192183,0.0
^RUT,2026-03-13,2895.0,Call,0.35,0.65,1.65,3.0,78.0,0.03750801576872537,2677.2900390625,0.23114598816192183,0.0
^RUT,2026-03-13,2900.0,Call,0.3,0.6,0.72,1.0,126.0,0.03750801576872537,2677.2900390625,0.23114598816192183,0.0
^RUT,2026-03-13,2905.0,Call,0.3,0.55,0.67,4.0,45.0,0.03750801576872537,2677.2900390625,0.23114598816192183,0.0
^RUT,2026-03-13,2910.0,Call,0.25,0.5,0.4,2.0,306.0,0.03750801576872537,2677.2900390625,0.23114598816192183,0.0
^RUT,2026-03-13,2915.0,Call,0.2,0.5,0.63,1.0,236.0,0.03750801576872537,2677.2900390625,0.23114598816192183,0.0
^RUT,2026-03-13,2920.0,Call,0.2,0.45,0.75,2.0,312.0,0.03750801576872537,2677.2900390625,0.23114598816192183,0.0
^RUT,2026-03-13,2925.0,Call,0.15,0.45,0.96,1.0,233.0,0.03750801576872537,2677.2900390625,0.23114598816192183,0.0
^RUT,2026-03-13,2925.0,Put,257.3,281.3,228.33,,5.0,0.03750801576872537,2677.2900390625,0.23114598816192183,0.0
^RUT,2026-03-13,2930.0,Call,0.15,0.45,0.32,1.0,154.0,0.03750801576872537,2677.2900390625,0.23114598816192183,0.0
^RUT,2026-03-13,2940.0,Call,0.1,0.4,0.37,3.0,1.0,0.03750801576872537,2677.2900390625,0.23114598816192183,0.0
^RUT,2026-03-13,2945.0,Call,0.1,0.35,0.27,3.0,1.0,0.03750801576872537,2677.2900390625,0.23114598816192183,0.0
^RUT,2026-03-13,2950.0,Call,0.05,0.35,0.43,1.0,36.0,0.03750801576872537,2677.2900390625,0.23114598816192183,0.0
^RUT,2026-03-13,2955.0,Call,0.05,0.35,0.23,2.0,3.0,0.03750801576872537,2677.2900390625,0.23114598816192183,0.0
^RUT,2026-03-13,2960.0,Call,0.05,0.35,0.21,1.0,41.0,0.03750801576872537,2677.2900390625,0.23114598816192183,0.0
^RUT,2026-03-13,2965.0,Call,0.05,0.3,0.24,1.0,4.0,0.03750801576872537,2677.2900390625,0.23114598816192183,0.0
^RUT,2026-03-13,2970.0,Call,0.0,0.3,0.16,2.0,2.0,0.03750801576872537,2677.2900390625,0.23114598816192183,0.0
^RUT,2026-03-13,2980.0,Call,0.0,0.3,0.17,5.0,3.0,0.03750801576872537,2677.2900390625,0.23114598816192183,0.0
^RUT,2026-03-13,2985.0,Call,0.0,0.25,0.17,2.0,11.0,0.03750801576872537,2677.2900390625,0.23114598816192183,0.0
^RUT,2026-03-13,2990.0,Call,0.0,0.25,0.15,1.0,21.0,0.03750801576872537,2677.2900390625,0.23114598816192183,0.0
^RUT,2026-03-13,2995.0,Call,0.0,0.25,0.14,2.0,19.0,0.03750801576872537,2677.2900390625,0.23114598816192183,0.0
^RUT,2026-03-13,3000.0,Call,0.0,0.25,0.11,2.0,39.0,0.03750801576872537,2677.2900390625,0.23114598816192183,0.0
^RUT,2026-03-13,3005.0,Call,0.0,0.25,1.65,,1.0,0.03750801576872537,2677.2900390625,0.23114598816192183,0.0
^RUT,2026-03-13,3010.0,Call,0.0,0.25,1.08,1.0,26.0,0.03750801576872537,2677.2900390625,0.23114598816192183,0.0
^RUT,2026-03-13,3015.0,Call,0.0,0.25,1.24,1.0,1.0,0.03750801576872537,2677.2900390625,0.23114598816192183,0.0
^RUT,2026-03-13,3020.0,Call,0.0,0.25,1.45,,5.0,0.03750801576872537,2677.2900390625,0.23114598816192183,0.0
^RUT,2026-03-13,3025.0,Call,0.0,0.2,0.96,1.0,15.0,0.03750801576872537,2677.2900390625,0.23114598816192183,0.0
^RUT,2026-03-13,3030.0,Call,0.0,0.2,0.11,1.0,8.0,0.03750801576872537,2677.2900390625,0.23114598816192183,0.0
^RUT,2026-03-13,3035.0,Call,0.0,0.2,0.11,3.0,21.0,0.03750801576872537,2677.2900390625,0.23114598816192183,0.0
^RUT,2026-03-20,1050.0,Call,1565.1,1582.5,1463.36,91.0,95.0,0.037462023653088046,2677.2900390625,0.23114598816192183,0.0
^RUT,2026-03-20,1050.0,Put,0.0,0.15,0.05,161.0,166.0,0.037462023653088046,2677.2900390625,0.23114598816192183,0.0
^RUT,2026-03-20,1100.0,Call,1375.1,1395.1,1290.2,4.0,4.0,0.037462023653088046,2677.2900390625,0.23114598816192183,0.0
^RUT,2026-03-20,1100.0,Put,0.0,0.15,0.25,15.0,16.0,0.037462023653088046,2677.2900390625,0.23114598816192183,0.0
^RUT,2026-03-20,1150.0,Call,1325.8,1345.7,1241.6,6.0,6.0,0.037462023653088046,2677.2900390625,0.23114598816192183,0.0
^RUT,2026-03-20,1150.0,Put,1.8,2.65,3.0,2.0,38.0,0.037462023653088046,2677.2900390625,0.23114598816192183,0.0
^RUT,2026-03-20,1200.0,Call,1441.5,1465.5,1449.44,700.0,276.0,0.037462023653088046,2677.2900390625,0.23114598816192183,0.0
^RUT,2026-03-20,1200.0,Put,0.0,0.15,0.1,1.0,15.0,0.037462023653088046,2677.2900390625,0.23114598816192183,0.0
^RUT,2026-03-20,1250.0,Call,1228.2,1248.2,1146.9,5.0,5.0,0.037462023653088046,2677.2900390625,0.23114598816192183,0.0
^RUT,2026-03-20,1250.0,Put,0.0,0.2,0.25,3.0,0.0,0.037462023653088046,2677.2900390625,0.23114598816192183,0.0
^RUT,2026-03-20,1300.0,Call,1180.6,1200.6,1096.6,1.0,1.0,0.037462023653088046,2677.2900390625,0.23114598816192183,0.0
^RUT,2026-03-20,1300.0,Put,0.0,0.15,0.3,20.0,32.0,0.037462023653088046,2677.2900390625,0.23114598816192183,0.0
^RUT,2026-03-20,1350.0,Call,1132.1,1152.1,1051.2,1.0,1.0,0.037462023653088046,2677.2900390625,0.23114598816192183,0.0
^RUT,2026-03-20,1350.0,Put,0.0,0.2,0.35,3.0,0.0,0.037462023653088046,2677.2900390625,0.23114598816192183,0.0
^RUT,2026-03-20,1400.0,Put,0.0,0.2,0.45,20.0,506.0,0.037462023653088046,2677.2900390625,0.23114598816192183,0.0
^RUT,2026-03-20,1450.0,Put,0.0,0.25,0.55,1.0,0.0,0.037462023653088046,2677.2900390625,0.23114598816192183,0.0
^RUT,2026-03-20,1500.0,Call,964.0,983.9,986.96,,12.0,0.037462023653088046,2677.2900390625,0.23114598816192183,0.0
^RUT,2026-03-20,1500.0,Put,0.0,0.2,0.35,1.0,371.0,0.037462023653088046,2677.2900390625,0.23114598816192183,0.0
^RUT,2026-03-20,1550.0,Put,0.0,0.3,0.89,,1.0,0.037462023653088046,2677.2900390625,0.23114598816192183,0.0
^RUT,2026-03-20,1600.0,Call,1042.5,1066.5,1050.18,33.0,31.0,0.037462023653088046,2677.2900390625,0.23114598816192183,0.0
^RUT,2026-03-20,1600.0,Put,0.0,0.3,0.7,1.0,1.0,0.037462023653088046,2677.2900390625,0.23114598816192183,0.0
^RUT,2026-03-20,1650.0,Call,456.0,480.0,380.5,,1.0,0.037462023653088046,2677.2900390625,0.23114598816192183,0.0
^RUT,2026-03-20,1650.0,Put,0.05,0.3,0.3,31.0,268.0,0.037462023653088046,2677.2900390625,0.23114598816192183,0.0
^RUT,2026-03-20,1660.0,Call,793.4,813.3,678.65,1.0,11.0,0.037462023653088046,2677.2900390625,0.23114598816192183,0.0
^RUT,2026-03-20,1660.0,Put,0.65,0.95,3.67,22.0,38.0,0.037462023653088046,2677.2900390625,0.23114598816192183,0.0
^RUT,2026-03-20,1670.0,Call,783.7,803.6,669.35,1.0,14.0,0.037462023653088046,2677.2900390625,0.23114598816192183,0.0
^RUT,2026-03-20,1670.0,Put,0.05,0.35,0.39,40.0,102.0,0.037462023653088046,2677.2900390625,0.23114598816192183,0.0
^RUT,2026-03-20,1680.0,Call,425.0,449.0,339.6,,1.0,0.037462023653088046,2677.2900390625,0.23114598816192183,0.0
^RUT,2026-03-20,1680.0,Put,0.7,1.0,3.48,22.0,81.0,0.037462023653088046,2677.2900390625,0.23114598816192183,0.0
^RUT,2026-03-20,1690.0,Call,420.8,427.4,283.08,1.0,0.0,0.037462023653088046,2677.2900390625,0.23114598816192183,0.0
^RUT,2026-03-20,1690.0,Put,0.05,0.35,0.37,1.0,38.0,0.037462023653088046,2677.2900390625,0.23114598816192183,0.0
^RUT,2026-03-20,1700.0,Call,409.0,433.0,272.41,2.0,1.0,0.037462023653088046,2677.2900390625,0.23114598816192183,0.0
^RUT,2026-03-20,1700.0,Put,0.1,0.4,1.1,,50.0,0.037462023653088046,2677.2900390625,0.23114598816192183,0.0
^RUT,2026-03-20,1710.0,Put,0.85,1.15,3.8,86.0,123.0,0.037462023653088046,2677.2900390625,0.23114598816192183,0.0
^RUT,2026-03-20,1720.0,Put,0.1,0.4,1.07,1.0,28.0,0.037462023653088046,2677.2900390625,0.23114598816192183,0.0
^RUT,2026-03-20,1730.0,Put,0.3,0.55,1.67,20.0,47.0,0.037462023653088046,2677.2900390625,0.23114598816192183,0.0
^RUT,2026-03-20,1740.0,Put,0.1,0.4,2.4,4.0,77.0,0.037462023653088046,2677.2900390625,0.23114598816192183,0.0
^RUT,2026-03-20,1750.0,Call,472.4,481.3,433.0,,1.0,0.037462023653088046,2677.2900390625,0.23114598816192183,0.0
^RUT,2026-03-20,1750.0,Put,0.1,0.4,2.5,1.0,157.0,0.037462023653088046,2677.2900390625,0.23114598816192183,0.0
^RUT,2026-03-20,1760.0,Put,0.15,0.4,0.3,27.0,151.0,0.037462023653088046,2677.2900390625,0.23114598816192183,0.0
^RUT,2026-03-20,1770.0,Call,688.6,708.6,535.59,6.0,6.0,0.037462023653088046,2677.2900390625,0.23114598816192183,0.0
^RUT,2026-03-20,1770.0,Put,0.15,0.45,0.3,27.0,470.0,0.037462023653088046,2677.2900390625,0.23114598816192183,0.0
^RUT,2026-03-20,1780.0,Call,679.4,699.4,471.11,6.0,0.0,0.037462023653088046,2677.2900390625,0.23114598816192183,0.0
^RUT,2026-03-20,1780.0,Put,0.15,0.45,0.4,1.0,120.0,0.037462023653088046,2677.2900390625,0.23114598816192183,0.0
^RUT,2026-03-20,1790.0,Call,669.5,689.4,490.12,6.0,0.0,0.037462023653088046,2677.2900390625,0.23114598816192183,0.0
^RUT,2026-03-20,1790.0,Put,0.45,0.7,1.7,1.0,96.0,0.037462023653088046,2677.2900390625,0.23114598816192183,0.0
^RUT,2026-03-20,1800.0,Call,663.1,674.2,619.61,6.0,16.0,0.037462023653088046,2677.2900390625,0.23114598816192183,0.0
^RUT,2026-03-20,1800.0,Put,0.2,0.5,0.81,1.0,1714.0,0.037462023653088046,2677.2900390625,0.23114598816192183,0.0
^RUT,2026-03-20,1810.0,Call,388.0,412.0,229.9,,2.0,0.037462023653088046,2677.2900390625,0.23114598816192183,0.0
^RUT,2026-03-20,1810.0,Put,0.2,0.5,1.35,12.0,62.0,0.037462023653088046,2677.2900390625,0.23114598816192183,0.0
^RUT,2026-03-20,1820.0,Call,0.0,0.0,313.06,,0.0,0.037462023653088046,2677.2900390625,0.23114598816192183,0.0
^RUT,2026-03-20,1820.0,Put,1.35,1.65,3.5,7.0,77.0,0.037462023653088046,2677.2900390625,0.23114598816192183,0.0
^RUT,2026-03-20,1830.0,Put,0.55,0.8,2.05,3.0,0.0,0.037462023653088046,2677.2900390625,0.23114598816192183,0.0
^RUT,2026-03-20,1840.0,Call,199.0,299.0,377.79,,0.0,0.037462023653088046,2677.2900390625,0.23114598816192183,0.0
^RUT,2026-03-20,1840.0,Put,1.45,1.7,4.05,15.0,36.0,0.037462023653088046,2677.2900390625,0.23114598816192183,0.0
^RUT,2026-03-20,1850.0,Call,321.0,345.0,256.2,5.0,155.0,0.037462023653088046,2677.2900390625,0.23114598816192183,0.0
^RUT,2026-03-20,1850.0,Put,0.25,0.55,2.45,1.0,529.0,0.037462023653088046,2677.2900390625,0.23114598816192183,0.0
^RUT,2026-03-20,1860.0,Put,0.3,0.55,2.01,36.0,226.0,0.037462023653088046,2677.2900390625,0.23114598816192183,0.0
^RUT,2026-03-20,1870.0,Call,0.0,0.0,294.2,10.0,0.0,0.037462023653088046,2677.2900390625,0.23114598816192183,0.0
^RUT,2026-03-20,1870.0,Put,0.3,0.6,2.0,262.0,447.0,0.037462023653088046,2677.2900390625,0.23114598816192183,0.0
^RUT,2026-03-20,1880.0,Call,282.2,297.3,155.38,,1.0,0.037462023653088046,2677.2900390625,0.23114598816192183,0.0
^RUT,2026-03-20,1880.0,Put,0.3,0.6,2.22,132.0,123.0,0.037462023653088046,2677.2900390625,0.23114598816192183,0.0
^RUT,2026-03-20,1890.0,Call,292.0,316.0,231.8,6.0,12.0,0.037462023653088046,2677.2900390625,0.23114598816192183,0.0
^RUT,2026-03-20,1890.0,Put,0.35,0.65,2.0,1.0,113.0,0.037462023653088046,2677.2900390625,0.23114598816192183,0.0
^RUT,2026-03-20,1900.0,Call,568.4,585.1,519.9,2100.0,2100.0,0.037462023653088046,2677.2900390625,0.23114598816192183,0.0
^RUT,2026-03-20,1900.0,Put,0.35,0.65,0.41,25.0,3087.0,0.037462023653088046,2677.2900390625,0.23114598816192183,0.0
^RUT,2026-03-20,1910.0,Call,262.5,277.4,159.83,,1.0,0.037462023653088046,2677.2900390625,0.23114598816192183,0.0
^RUT,2026-03-20,1910.0,Put,0.4,0.65,3.25,44.0,38.0,0.037462023653088046,2677.2900390625,0.23114598816192183,0.0
^RUT,2026-03-20,1920.0,Call,214.8,223.9,292.62,8.0,7.0,0.037462023653088046,2677.2900390625,0.23114598816192183,0.0
^RUT,2026-03-20,1920.0,Put,0.4,0.7,1.95,6.0,149.0,0.037462023653088046,2677.2900390625,0.23114598816192183,0.0
^RUT,2026-03-20,1930.0,Call,209.1,218.1,284.79,12.0,12.0,0.037462023653088046,2677.2900390625,0.23114598816192183,0.0
^RUT,2026-03-20,1930.0,Put,0.45,0.7,1.6,17.0,134.0,0.037462023653088046,2677.2900390625,0.23114598816192183,0.0
^RUT,2026-03-20,1940.0,Call,642.4,662.3,428.93,2.0,19.0,0.037462023653088046,2677.2900390625,0.23114598816192183,0.0
^RUT,2026-03-20,1940.0,Put,0.45,0.75,1.9,250.0,134.0,0.037462023653088046,2677.2900390625,0.23114598816192183,0.0
^RUT,2026-03-20,1950.0,Call,514.0,533.9,591.0,1.0,105.0,0.037462023653088046,2677.2900390625,0.23114598816192183,0.0
^RUT,2026-03-20,1950.0,Put,0.55,0.85,1.16,,2.0,0.037462023653088046,2677.2900390625,0.23114598816192183,0.0
^RUT,2026-03-20,1960.0,Put,0.5,0.8,0.85,1.0,134.0,0.037462023653088046,2677.2900390625,0.23114598816192183,0.0
^RUT,2026-03-20,1970.0,Call,504.0,523.8,344.66,60.0,98.0,0.037462023653088046,2677.2900390625,0.23114598816192183,0.0
^RUT,2026-03-20,1970.0,Put,0.55,0.85,0.95,33.0,293.0,0.037462023653088046,2677.2900390625,0.23114598816192183,0.0
^RUT,2026-03-20,1980.0,Call,262.0,286.0,156.5,12.0,21.0,0.037462023653088046,2677.2900390625,0.23114598816192183,0.0
^RUT,2026-03-20,1980.0,Put,0.55,0.85,1.75,5.0,225.0,0.037462023653088046,2677.2900390625,0.23114598816192183,0.0
^RUT,2026-03-20,1990.0,Call,256.0,280.0,139.9,6.0,39.0,0.037462023653088046,2677.2900390625,0.23114598816192183,0.0
^RUT,2026-03-20,1990.0,Put,0.6,0.9,1.65,2.0,359.0,0.037462023653088046,2677.2900390625,0.23114598816192183,0.0
^RUT,2026-03-20,2000.0,Call,644.1,668.1,687.36,3.0,75.0,0.037462023653088046,2677.2900390625,0.23114598816192183,0.0
^RUT,2026-03-20,2000.0,Put,0.7,1.0,1.06,1.0,6.0,0.037462023653088046,2677.2900390625,0.23114598816192183,0.0
^RUT,2026-03-20,2005.0,Put,0.75,1.0,3.3,1.0,1.0,0.037462023653088046,2677.2900390625,0.23114598816192183,0.0
^RUT,2026-03-20,2010.0,Call,472.0,491.9,308.73,2.0,31.0,0.037462023653088046,2677.2900390625,0.23114598816192183,0.0
^RUT,2026-03-20,2010.0,Put,0.75,1.0,4.12,1.0,2.0,0.037462023653088046,2677.2900390625,0.23114598816192183,0.0
^RUT,2026-03-20,2015.0,Put,0.75,1.1,0.69,2.0,3.0,0.037462023653088046,2677.2900390625,0.23114598816192183,0.0
^RUT,2026-03-20,2020.0,Call,462.3,479.7,271.98,2.0,40.0,0.037462023653088046,2677.2900390625,0.23114598816192183,0.0
^RUT,2026-03-20,2020.0,Put,0.7,1.0,1.98,181.0,131.0,0.037462023653088046,2677.2900390625,0.23114598816192183,0.0
^RUT,2026-03-20,2030.0,Call,450.4,470.4,271.68,2.0,62.0,0.037462023653088046,2677.2900390625,0.23114598816192183,0.0
^RUT,2026-03-20,2030.0,Put,0.75,1.05,1.94,154.0,114.0,0.037462023653088046,2677.2900390625,0.23114598816192183,0.0
^RUT,2026-03-20,2035.0,Put,0.85,1.15,1.78,,4.0,0.037462023653088046,2677.2900390625,0.23114598816192183,0.0
^RUT,2026-03-20,2040.0,Call,446.4,465.6,318.83,4.0,41.0,0.037462023653088046,2677.2900390625,0.23114598816192183,0.0
^RUT,2026-03-20,2040.0,Put,0.8,1.1,1.48,43.0,69.0,0.037462023653088046,2677.2900390625,0.23114598816192183,0.0
^RUT,2026-03-20,2045.0,Put,0.9,1.2,2.65,,1.0,0.037462023653088046,2677.2900390625,0.23114598816192183,0.0
^RUT,2026-03-20,2050.0,Call,594.4,618.4,638.18,3.0,276.0,0.037462023653088046,2677.2900390625,0.23114598816192183,0.0
^RUT,2026-03-20,2050.0,Put,0.85,1.15,1.0,1.0,769.0,0.037462023653088046,2677.2900390625,0.23114598816192183,0.0
^RUT,2026-03-20,2055.0,Put,0.95,1.25,4.5,,1.0,0.037462023653088046,2677.2900390625,0.23114598816192183,0.0
^RUT,2026-03-20,2060.0,Call,425.3,445.1,258.51,2.0,2.0,0.037462023653088046,2677.2900390625,0.23114598816192183,0.0
^RUT,2026-03-20,2060.0,Put,0.9,1.2,1.0,1.0,115.0,0.037462023653088046,2677.2900390625,0.23114598816192183,0.0
^RUT,2026-03-20,2065.0,Put,1.0,1.35,1.68,1.0,1.0,0.037462023653088046,2677.2900390625,0.23114598816192183,0.0
^RUT,2026-03-20,2070.0,Call,418.3,436.5,257.33,4.0,20.0,0.037462023653088046,2677.2900390625,0.23114598816192183,0.0
^RUT,2026-03-20,2070.0,Put,0.95,1.25,1.7,1.0,110.0,0.037462023653088046,2677.2900390625,0.23114598816192183,0.0
^RUT,2026-03-20,2075.0,Put,1.05,1.35,1.85,885.0,886.0,0.037462023653088046,2677.2900390625,0.23114598816192183,0.0
^RUT,2026-03-20,2080.0,Call,407.0,426.8,284.59,2.0,1.0,0.037462023653088046,2677.2900390625,0.23114598816192183,0.0
^RUT,2026-03-20,2080.0,Put,1.05,1.35,3.7,1.0,2.0,0.037462023653088046,2677.2900390625,0.23114598816192183,0.0
^RUT,2026-03-20,2085.0,Put,1.1,1.4,3.18,,1.0,0.037462023653088046,2677.2900390625,0.23114598816192183,0.0
^RUT,2026-03-20,2090.0,Call,398.7,418.7,243.95,,1.0,0.037462023653088046,2677.2900390625,0.23114598816192183,0.0
^RUT,2026-03-20,2090.0,Put,1.05,1.4,2.1,124.0,76.0,0.037462023653088046,2677.2900390625,0.23114598816192183,0.0
^RUT,2026-03-20,2100.0,Call,544.8,568.8,559.31,4.0,2167.0,0.037462023653088046,2677.2900390625,0.23114598816192183,0.0
^RUT,2026-03-20,2100.0,Put,1.15,1.45,1.2,4.0,402.0,0.037462023653088046,2677.2900390625,0.23114598816192183,0.0
^RUT,2026-03-20,2105.0,Put,1.25,1.55,2.25,1.0,2.0,0.037462023653088046,2677.2900390625,0.23114598816192183,0.0
^RUT,2026-03-20,2110.0,Call,382.8,401.7,282.91,2.0,97.0,0.037462023653088046,2677.2900390625,0.23114598816192183,0.0
^RUT,2026-03-20,2110.0,Put,1.2,1.5,2.15,13.0,42.0,0.037462023653088046,2677.2900390625,0.23114598816192183,0.0
^RUT,2026-03-20,2120.0,Call,373.6,393.6,278.52,2.0,33.0,0.037462023653088046,2677.2900390625,0.23114598816192183,0.0
^RUT,2026-03-20,2120.0,Put,1.25,1.6,1.0,2.0,81.0,0.037462023653088046,2677.2900390625,0.23114598816192183,0.0
^RUT,2026-03-20,2125.0,Put,1.4,1.7,2.25,9.0,11.0,0.037462023653088046,2677.2900390625,0.23114598816192183,0.0
^RUT,2026-03-20,2130.0,Call,365.6,385.6,270.45,2.0,2.0,0.037462023653088046,2677.2900390625,0.23114598816192183,0.0
^RUT,2026-03-20,2130.0,Put,1.35,1.65,2.65,2.0,197.0,0.037462023653088046,2677.2900390625,0.23114598816192183,0.0
^RUT,2026-03-20,2140.0,Call,357.3,377.3,216.31,2.0,12.0,0.037462023653088046,2677.2900390625,0.23114598816192183,0.0
^RUT,2026-03-20,2140.0,Put,1.45,1.75,2.03,31.0,335.0,0.037462023653088046,2677.2900390625,0.23114598816192183,0.0
^RUT,2026-03-20,2150.0,Call,476.7,492.4,365.28,1.0,120.0,0.037462023653088046,2677.2900390625,0.23114598816192183,0.0
^RUT,2026-03-20,2150.0,Put,1.5,1.85,1.22,2.0,1738.0,0.037462023653088046,2677.2900390625,0.23114598816192183,0.0
^RUT,2026-03-20,2160.0,Call,340.9,360.9,169.94,2.0,1.0,0.037462023653088046,2677.2900390625,0.23114598816192183,0.0
^RUT,2026-03-20,2160.0,Put,1.7,2.0,3.3,2.0,3.0,0.037462023653088046,2677.2900390625,0.23114598816192183,0.0
^RUT,2026-03-20,2170.0,Call,336.2,356.0,194.93,2.0,3.0,0.037462023653088046,2677.2900390625,0.23114598816192183,0.0
^RUT,2026-03-20,2170.0,Put,1.8,2.1,2.78,2.0,8.0,0.037462023653088046,2677.2900390625,0.23114598816192183,0.0
^RUT,2026-03-20,2175.0,Put,1.85,2.15,3.42,,1.0,0.037462023653088046,2677.2900390625,0.23114598816192183,0.0
^RUT,2026-03-20,2180.0,Call,334.3,337.9,255.66,12.0,7.0,0.037462023653088046,2677.2900390625,0.23114598816192183,0.0
^RUT,2026-03-20,2180.0,Put,1.8,2.15,3.07,1.0,408.0,0.037462023653088046,2677.2900390625,0.23114598816192183,0.0
^RUT,2026-03-20,2185.0,Put,2.0,2.3,3.45,885.0,887.0,0.037462023653088046,2677.2900390625,0.23114598816192183,0.0
^RUT,2026-03-20,2190.0,Call,456.0,480.0,477.7,1.0,1.0,0.037462023653088046,2677.2900390625,0.23114598816192183,0.0
^RUT,2026-03-20,2190.0,Put,1.95,2.25,1.95,1.0,62.0,0.037462023653088046,2677.2900390625,0.23114598816192183,0.0
^RUT,2026-03-20,2195.0,Put,2.05,2.4,5.46,2.0,4.0,0.037462023653088046,2677.2900390625,0.23114598816192183,0.0
^RUT,2026-03-20,2200.0,Call,445.9,469.9,493.86,1.0,265.0,0.037462023653088046,2677.2900390625,0.23114598816192183,0.0
^RUT,2026-03-20,2200.0,Put,2.05,2.35,1.75,2.0,2317.0,0.037462023653088046,2677.2900390625,0.23114598816192183,0.0
^RUT,2026-03-20,2205.0,Put,2.2,2.55,4.25,,3.0,0.037462023653088046,2677.2900390625,0.23114598816192183,0.0
^RUT,2026-03-20,2210.0,Call,417.1,436.1,417.47,5.0,12.0,0.037462023653088046,2677.2900390625,0.23114598816192183,0.0
^RUT,2026-03-20,2210.0,Put,2.2,2.55,1.75,210.0,284.0,0.037462023653088046,2677.2900390625,0.23114598816192183,0.0
^RUT,2026-03-20,2215.0,Put,2.35,2.7,2.52,2.0,6.0,0.037462023653088046,2677.2900390625,0.23114598816192183,0.0
^RUT,2026-03-20,2220.0,Call,409.2,424.4,350.43,4.0,50.0,0.037462023653088046,2677.2900390625,0.23114598816192183,0.0
^RUT,2026-03-20,2220.0,Put,2.3,2.6,1.95,126.0,347.0,0.037462023653088046,2677.2900390625,0.23114598816192183,0.0
^RUT,2026-03-20,2225.0,Put,2.35,2.7,4.1,9.0,27.0,0.037462023653088046,2677.2900390625,0.23114598816192183,0.0
^RUT,2026-03-20,2230.0,Call,345.7,352.2,325.77,2.0,6.0,0.037462023653088046,2677.2900390625,0.23114598816192183,0.0
^RUT,2026-03-20,2230.0,Put,2.45,2.75,2.02,47.0,216.0,0.037462023653088046,2677.2900390625,0.23114598816192183,0.0
^RUT,2026-03-20,2235.0,Put,2.55,2.9,2.09,9.0,119.0,0.037462023653088046,2677.2900390625,0.23114598816192183,0.0
^RUT,2026-03-20,2240.0,Call,287.7,291.0,182.6,1.0,8.0,0.037462023653088046,2677.2900390625,0.23114598816192183,0.0
^RUT,2026-03-20,2240.0,Put,2.7,3.1,6.13,133.0,145.0,0.037462023653088046,2677.2900390625,0.23114598816192183,0.0
^RUT,2026-03-20,2245.0,Put,2.85,3.2,4.97,205.0,193.0,0.037462023653088046,2677.2900390625,0.23114598816192183,0.0
^RUT,2026-03-20,2250.0,Call,397.1,421.1,416.05,,14.0,0.037462023653088046,2677.2900390625,0.23114598816192183,0.0
^RUT,2026-03-20,2250.0,Put,2.95,3.3,2.54,2.0,913.0,0.037462023653088046,2677.2900390625,0.23114598816192183,0.0
^RUT,2026-03-20,2255.0,Put,2.9,3.3,5.6,41.0,201.0,0.037462023653088046,2677.2900390625,0.23114598816192183,0.0
^RUT,2026-03-20,2260.0,Call,387.3,411.3,406.74,,14.0,0.037462023653088046,2677.2900390625,0.23114598816192183,0.0
^RUT,2026-03-20,2260.0,Put,3.1,3.6,2.3,1.0,79.0,0.037462023653088046,2677.2900390625,0.23114598816192183,0.0
^RUT,2026-03-20,2265.0,Put,3.2,3.7,6.15,53.0,45.0,0.037462023653088046,2677.2900390625,0.23114598816192183,0.0
^RUT,2026-03-20,2270.0,Call,377.2,401.2,347.04,8.0,6.0,0.037462023653088046,2677.2900390625,0.23114598816192183,0.0
^RUT,2026-03-20,2270.0,Put,3.1,3.6,6.08,298.0,482.0,0.037462023653088046,2677.2900390625,0.23114598816192183,0.0
^RUT,2026-03-20,2275.0,Put,3.2,3.7,4.4,20.0,394.0,0.037462023653088046,2677.2900390625,0.23114598816192183,0.0
^RUT,2026-03-20,2280.0,Call,258.1,261.3,173.58,2.0,7.0,0.037462023653088046,2677.2900390625,0.23114598816192183,0.0
^RUT,2026-03-20,2280.0,Put,3.3,3.8,3.1,1.0,985.0,0.037462023653088046,2677.2900390625,0.23114598816192183,0.0
^RUT,2026-03-20,2285.0,Call,362.9,386.9,383.87,,4.0,0.037462023653088046,2677.2900390625,0.23114598816192183,0.0
^RUT,2026-03-20,2285.0,Put,3.7,4.1,7.05,75.0,93.0,0.037462023653088046,2677.2900390625,0.23114598816192183,0.0
^RUT,2026-03-20,2290.0,Call,314.2,320.5,160.1,3.0,3.0,0.037462023653088046,2677.2900390625,0.23114598816192183,0.0
^RUT,2026-03-20,2290.0,Put,3.6,4.1,3.48,11.0,745.0,0.037462023653088046,2677.2900390625,0.23114598816192183,0.0
^RUT,2026-03-20,2295.0,Put,3.7,4.2,3.35,10.0,376.0,0.037462023653088046,2677.2900390625,0.23114598816192183,0.0
^RUT,2026-03-20,2300.0,Call,348.0,372.0,358.1,1.0,2182.0,0.037462023653088046,2677.2900390625,0.23114598816192183,0.0
^RUT,2026-03-20,2300.0,Put,3.9,4.3,4.61,1.0,2192.0,0.037462023653088046,2677.2900390625,0.23114598816192183,0.0
^RUT,2026-03-20,2305.0,Put,4.3,4.8,5.6,10.0,121.0,0.037462023653088046,2677.2900390625,0.23114598816192183,0.0
^RUT,2026-03-20,2310.0,Call,338.3,362.3,316.0,1.0,18.0,0.037462023653088046,2677.2900390625,0.23114598816192183,0.0
^RUT,2026-03-20,2310.0,Put,4.2,4.6,5.04,62.0,695.0,0.037462023653088046,2677.2900390625,0.23114598816192183,0.0
^RUT,2026-03-20,2315.0,Put,4.6,5.1,8.68,104.0,215.0,0.037462023653088046,2677.2900390625,0.23114598816192183,0.0
^RUT,2026-03-20,2320.0,Call,287.9,293.7,238.4,2.0,1.0,0.037462023653088046,2677.2900390625,0.23114598816192183,0.0
^RUT,2026-03-20,2320.0,Put,4.5,4.9,5.0,48.0,559.0,0.037462023653088046,2677.2900390625,0.23114598816192183,0.0
^RUT,2026-03-20,2325.0,Put,4.7,5.2,4.93,62.0,432.0,0.037462023653088046,2677.2900390625,0.23114598816192183,0.0
^RUT,2026-03-20,2330.0,Call,319.1,343.1,315.19,2.0,9.0,0.037462023653088046,2677.2900390625,0.23114598816192183,0.0
^RUT,2026-03-20,2330.0,Put,5.1,5.5,4.75,2.0,144.0,0.037462023653088046,2677.2900390625,0.23114598816192183,0.0
^RUT,2026-03-20,2335.0,Put,5.1,5.6,6.17,50.0,419.0,0.037462023653088046,2677.2900390625,0.23114598816192183,0.0
^RUT,2026-03-20,2340.0,Call,205.8,209.0,210.33,2.0,2.0,0.037462023653088046,2677.2900390625,0.23114598816192183,0.0
^RUT,2026-03-20,2340.0,Put,5.5,6.0,4.13,2.0,478.0,0.037462023653088046,2677.2900390625,0.23114598816192183,0.0
^RUT,2026-03-20,2345.0,Put,5.5,6.0,4.5,160.0,633.0,0.037462023653088046,2677.2900390625,0.23114598816192183,0.0
^RUT,2026-03-20,2350.0,Call,300.3,324.3,362.1,1.0,1.0,0.037462023653088046,2677.2900390625,0.23114598816192183,0.0
^RUT,2026-03-20,2350.0,Put,5.7,6.2,4.3,154.0,2102.0,0.037462023653088046,2677.2900390625,0.23114598816192183,0.0
^RUT,2026-03-20,2355.0,Put,5.8,6.3,4.39,186.0,542.0,0.037462023653088046,2677.2900390625,0.23114598816192183,0.0
^RUT,2026-03-20,2360.0,Call,253.2,258.6,122.3,3.0,8.0,0.037462023653088046,2677.2900390625,0.23114598816192183,0.0
^RUT,2026-03-20,2360.0,Put,6.1,6.6,4.5,67.0,514.0,0.037462023653088046,2677.2900390625,0.23114598816192183,0.0
^RUT,2026-03-20,2365.0,Put,6.7,7.3,5.03,2.0,274.0,0.037462023653088046,2677.2900390625,0.23114598816192183,0.0
^RUT,2026-03-20,2370.0,Call,245.5,249.8,140.96,350.0,351.0,0.037462023653088046,2677.2900390625,0.23114598816192183,0.0
^RUT,2026-03-20,2370.0,Put,6.5,7.1,6.9,1.0,725.0,0.037462023653088046,2677.2900390625,0.23114598816192183,0.0
^RUT,2026-03-20,2375.0,Put,6.8,7.4,7.2,12.0,339.0,0.037462023653088046,2677.2900390625,0.23114598816192183,0.0
^RUT,2026-03-20,2380.0,Call,262.9,275.4,212.7,6.0,23.0,0.037462023653088046,2677.2900390625,0.23114598816192183,0.0
^RUT,2026-03-20,2380.0,Put,7.1,7.7,5.43,11.0,426.0,0.037462023653088046,2677.2900390625,0.23114598816192183,0.0
^RUT,2026-03-20,2385.0,Put,7.4,8.0,8.37,8.0,220.0,0.037462023653088046,2677.2900390625,0.23114598816192183,0.0
^RUT,2026-03-20,2390.0,Call,262.1,286.1,263.95,2.0,3.0,0.037462023653088046,2677.2900390625,0.23114598816192183,0.0
^RUT,2026-03-20,2390.0,Put,8.1,8.7,9.5,4.0,121.0,0.037462023653088046,2677.2900390625,0.23114598816192183,0.0
^RUT,2026-03-20,2395.0,Put,8.3,8.8,6.85,20.0,68.0,0.037462023653088046,2677.2900390625,0.23114598816192183,0.0
^RUT,2026-03-20,2400.0,Call,252.7,276.7,351.84,6.0,485.0,0.037462023653088046,2677.2900390625,0.23114598816192183,0.0
^RUT,2026-03-20,2400.0,Put,8.4,8.9,8.74,1.0,2659.0,0.037462023653088046,2677.2900390625,0.23114598816192183,0.0
^RUT,2026-03-20,2405.0,Call,248.5,272.5,304.14,8.0,8.0,0.037462023653088046,2677.2900390625,0.23114598816192183,0.0
^RUT,2026-03-20,2405.0,Put,8.7,9.3,7.8,13.0,383.0,0.037462023653088046,2677.2900390625,0.23114598816192183,0.0
^RUT,2026-03-20,2410.0,Call,243.9,267.9,235.93,1.0,1.0,0.037462023653088046,2677.2900390625,0.23114598816192183,0.0
^RUT,2026-03-20,2410.0,Put,9.4,10.0,7.84,16.0,59.0,0.037462023653088046,2677.2900390625,0.23114598816192183,0.0
^RUT,2026-03-20,2415.0,Put,9.9,10.6,8.59,20.0,133.0,0.037462023653088046,2677.2900390625,0.23114598816192183,0.0
^RUT,2026-03-20,2420.0,Call,234.3,258.3,239.23,4.0,1520.0,0.037462023653088046,2677.2900390625,0.23114598816192183,0.0
^RUT,2026-03-20,2420.0,Put,10.3,11.0,12.13,34.0,212.0,0.037462023653088046,2677.2900390625,0.23114598816192183,0.0
^RUT,2026-03-20,2425.0,Call,229.7,253.7,249.15,,4.0,0.037462023653088046,2677.2900390625,0.23114598816192183,0.0
^RUT,2026-03-20,2425.0,Put,10.7,11.2,8.32,1.0,22.0,0.037462023653088046,2677.2900390625,0.23114598816192183,0.0
^RUT,2026-03-20,2430.0,Call,225.1,249.1,236.65,2.0,107.0,0.037462023653088046,2677.2900390625,0.23114598816192183,0.0
^RUT,2026-03-20,2430.0,Put,11.0,11.6,10.07,4.0,138.0,0.037462023653088046,2677.2900390625,0.23114598816192183,0.0
^RUT,2026-03-20,2435.0,Put,11.2,11.7,20.2,11.0,58.0,0.037462023653088046,2677.2900390625,0.23114598816192183,0.0
^RUT,2026-03-20,2440.0,Call,216.0,240.0,224.23,4.0,10.0,0.037462023653088046,2677.2900390625,0.23114598816192183,0.0
^RUT,2026-03-20,2440.0,Put,11.8,12.4,13.53,18.0,380.0,0.037462023653088046,2677.2900390625,0.23114598816192183,0.0
^RUT,2026-03-20,2445.0,Call,212.0,236.0,244.44,1.0,1.0,0.037462023653088046,2677.2900390625,0.23114598816192183,0.0
^RUT,2026-03-20,2445.0,Put,12.4,13.0,24.3,6.0,81.0,0.037462023653088046,2677.2900390625,0.23114598816192183,0.0
^RUT,2026-03-20,2450.0,Call,207.5,231.5,239.77,1.0,2.0,0.037462023653088046,2677.2900390625,0.23114598816192183,0.0
^RUT,2026-03-20,2450.0,Put,12.5,13.1,9.37,61.0,2040.0,0.037462023653088046,2677.2900390625,0.23114598816192183,0.0
^RUT,2026-03-20,2455.0,Call,202.6,226.6,214.17,,4.0,0.037462023653088046,2677.2900390625,0.23114598816192183,0.0
^RUT,2026-03-20,2455.0,Put,13.7,14.4,14.46,6.0,32.0,0.037462023653088046,2677.2900390625,0.23114598816192183,0.0
^RUT,2026-03-20,2460.0,Call,200.2,224.0,221.28,4.0,22.0,0.037462023653088046,2677.2900390625,0.23114598816192183,0.0
^RUT,2026-03-20,2460.0,Put,13.7,14.3,10.17,59.0,421.0,0.037462023653088046,2677.2900390625,0.23114598816192183,0.0
^RUT,2026-03-20,2465.0,Call,197.7,213.7,227.69,,0.0,0.037462023653088046,2677.2900390625,0.23114598816192183,0.0
^RUT,2026-03-20,2465.0,Put,14.7,15.3,12.15,8.0,43.0,0.037462023653088046,2677.2900390625,0.23114598816192183,0.0
^RUT,2026-03-20,2470.0,Call,193.3,209.3,202.62,2.0,3.0,0.037462023653088046,2677.2900390625,0.23114598816192183,0.0
^RUT,2026-03-20,2470.0,Put,15.0,15.7,12.7,6.0,117.0,0.037462023653088046,2677.2900390625,0.23114598816192183,0.0
^RUT,2026-03-20,2475.0,Call,188.9,204.9,175.34,,3.0,0.037462023653088046,2677.2900390625,0.23114598816192183,0.0
^RUT,2026-03-20,2475.0,Put,15.5,16.1,13.74,28.0,83.0,0.037462023653088046,2677.2900390625,0.23114598816192183,0.0
^RUT,2026-03-20,2480.0,Call,184.6,200.6,187.35,1.0,2.0,0.037462023653088046,2677.2900390625,0.23114598816192183,0.0
^RUT,2026-03-20,2480.0,Put,16.6,17.2,15.01,13.0,114.0,0.037462023653088046,2677.2900390625,0.23114598816192183,0.0
^RUT,2026-03-20,2485.0,Call,180.2,196.2,193.64,1.0,1.0,0.037462023653088046,2677.2900390625,0.23114598816192183,0.0
^RUT,2026-03-20,2485.0,Put,16.8,17.4,21.1,1.0,113.0,0.037462023653088046,2677.2900390625,0.23114598816192183,0.0
^RUT,2026-03-20,2490.0,Call,176.5,192.5,207.09,,1.0,0.037462023653088046,2677.2900390625,0.23114598816192183,0.0
^RUT,2026-03-20,2490.0,Put,17.9,18.6,16.23,4.0,125.0,0.037462023653088046,2677.2900390625,0.23114598816192183,0.0
^RUT,2026-03-20,2495.0,Call,171.7,187.7,184.7,,3.0,0.037462023653088046,2677.2900390625,0.23114598816192183,0.0
^RUT,2026-03-20,2495.0,Put,18.4,19.1,20.4,71.0,106.0,0.037462023653088046,2677.2900390625,0.23114598816192183,0.0
^RUT,2026-03-20,2500.0,Call,165.4,181.4,170.04,2.0,3755.0,0.037462023653088046,2677.2900390625,0.23114598816192183,0.0
^RUT,2026-03-20,2500.0,Put,18.9,19.6,17.69,27.0,4158.0,0.037462023653088046,2677.2900390625,0.23114598816192183,0.0
^RUT,2026-03-20,2505.0,Call,163.2,179.2,166.79,2.0,16.0,0.037462023653088046,2677.2900390625,0.23114598816192183,0.0
^RUT,2026-03-20,2505.0,Put,20.4,21.2,15.4,19.0,55.0,0.037462023653088046,2677.2900390625,0.23114598816192183,0.0
^RUT,2026-03-20,2510.0,Call,159.6,175.6,175.72,3.0,3.0,0.037462023653088046,2677.2900390625,0.23114598816192183,0.0
^RUT,2026-03-20,2510.0,Put,20.8,21.5,19.23,9.0,1311.0,0.037462023653088046,2677.2900390625,0.23114598816192183,0.0
^RUT,2026-03-20,2515.0,Call,152.9,168.9,159.38,1.0,92.0,0.037462023653088046,2677.2900390625,0.23114598816192183,0.0
^RUT,2026-03-20,2515.0,Put,21.4,22.1,18.66,10.0,246.0,0.037462023653088046,2677.2900390625,0.23114598816192183,0.0
^RUT,2026-03-20,2520.0,Call,156.5,159.0,159.08,1.0,872.0,0.037462023653088046,2677.2900390625,0.23114598816192183,0.0
^RUT,2026-03-20,2520.0,Put,23.0,23.7,17.38,35.0,491.0,0.037462023653088046,2677.2900390625,0.23114598816192183,0.0
^RUT,2026-03-20,2525.0,Call,151.9,154.7,177.69,1.0,449.0,0.037462023653088046,2677.2900390625,0.23114598816192183,0.0
^RUT,2026-03-20,2525.0,Put,23.9,24.7,19.02,28.0,63.0,0.037462023653088046,2677.2900390625,0.23114598816192183,0.0
^RUT,2026-03-20,2530.0,Call,148.4,150.8,159.93,1.0,335.0,0.037462023653088046,2677.2900390625,0.23114598816192183,0.0
^RUT,2026-03-20,2530.0,Put,24.0,24.6,18.45,21.0,875.0,0.037462023653088046,2677.2900390625,0.23114598816192183,0.0
^RUT,2026-03-20,2535.0,Call,143.9,146.5,163.33,2.0,129.0,0.037462023653088046,2677.2900390625,0.23114598816192183,0.0
^RUT,2026-03-20,2535.0,Put,25.0,25.7,19.66,25.0,440.0,0.037462023653088046,2677.2900390625,0.23114598816192183,0.0
^RUT,2026-03-20,2540.0,Call,139.9,142.5,162.5,2.0,808.0,0.037462023653088046,2677.2900390625,0.23114598816192183,0.0
^RUT,2026-03-20,2540.0,Put,26.6,27.3,20.48,6.0,107.0,0.037462023653088046,2677.2900390625,0.23114598816192183,0.0
^RUT,2026-03-20,2545.0,Call,137.0,139.3,173.7,,4.0,0.037462023653088046,2677.2900390625,0.23114598816192183,0.0
^RUT,2026-03-20,2545.0,Put,27.6,28.3,29.52,13.0,35.0,0.037462023653088046,2677.2900390625,0.23114598816192183,0.0
^RUT,2026-03-20,2550.0,Call,132.1,134.5,117.02,1.0,2578.0,0.037462023653088046,2677.2900390625,0.23114598816192183,0.0
^RUT,2026-03-20,2550.0,Put,28.1,28.8,21.53,92.0,3514.0,0.037462023653088046,2677.2900390625,0.23114598816192183,0.0
^RUT,2026-03-20,2555.0,Call,128.2,130.6,121.87,4.0,207.0,0.037462023653088046,2677.2900390625,0.23114598816192183,0.0
^RUT,2026-03-20,2555.0,Put,29.1,29.8,23.06,5.0,314.0,0.037462023653088046,2677.2900390625,0.23114598816192183,0.0
^RUT,2026-03-20,2560.0,Call,125.4,127.6,152.13,,1.0,0.037462023653088046,2677.2900390625,0.23114598816192183,0.0
^RUT,2026-03-20,2560.0,Put,30.9,31.6,33.59,10.0,240.0,0.037462023653088046,2677.2900390625,0.23114598816192183,0.0
^RUT,2026-03-20,2565.0,Call,120.6,122.9,108.89,4.0,391.0,0.037462023653088046,2677.2900390625,0.23114598816192183,0.0
^RUT,2026-03-20,2565.0,Put,31.9,32.6,37.0,33.0,64.0,0.037462023653088046,2677.2900390625,0.23114598816192183,0.0
^RUT,2026-03-20,2570.0,Call,117.8,119.9,167.24,,3.0,0.037462023653088046,2677.2900390625,0.23114598816192183,0.0
^RUT,2026-03-20,2570.0,Put,32.5,33.3,25.1,4.0,761.0,0.037462023653088046,2677.2900390625,0.23114598816192183,0.0
^RUT,2026-03-20,2575.0,Call,113.1,115.3,100.45,3.0,251.0,0.037462023653088046,2677.2900390625,0.23114598816192183,0.0
^RUT,2026-03-20,2575.0,Put,34.8,35.6,33.1,7.0,220.0,0.037462023653088046,2677.2900390625,0.23114598816192183,0.0
^RUT,2026-03-20,2580.0,Call,108.9,110.9,119.04,4.0,396.0,0.037462023653088046,2677.2900390625,0.23114598816192183,0.0
^RUT,2026-03-20,2580.0,Put,35.0,35.9,33.93,5.0,450.0,0.037462023653088046,2677.2900390625,0.23114598816192183,0.0
^RUT,2026-03-20,2585.0,Call,106.0,108.0,104.25,1.0,71.0,0.037462023653088046,2677.2900390625,0.23114598816192183,0.0
^RUT,2026-03-20,2585.0,Put,37.1,37.9,35.6,6.0,177.0,0.037462023653088046,2677.2900390625,0.23114598816192183,0.0
^RUT,2026-03-20,2590.0,Call,102.3,104.1,99.51,1.0,445.0,0.037462023653088046,2677.2900390625,0.23114598816192183,0.0
^RUT,2026-03-20,2590.0,Put,37.9,38.6,42.0,6.0,604.0,0.037462023653088046,2677.2900390625,0.23114598816192183,0.0
^RUT,2026-03-20,2595.0,Call,98.9,100.4,107.39,1.0,88.0,0.037462023653088046,2677.2900390625,0.23114598816192183,0.0
^RUT,2026-03-20,2595.0,Put,39.8,40.6,31.45,21.0,46.0,0.037462023653088046,2677.2900390625,0.23114598816192183,0.0
^RUT,2026-03-20,2600.0,Call,95.4,96.8,93.61,2.0,2069.0,0.037462023653088046,2677.2900390625,0.23114598816192183,0.0
^RUT,2026-03-20,2600.0,Put,41.3,42.1,32.65,32.0,159.0,0.037462023653088046,2677.2900390625,0.23114598816192183,0.0
^RUT,2026-03-20,2605.0,Call,91.3,92.7,79.6,4.0,225.0,0.037462023653088046,2677.2900390625,0.23114598816192183,0.0
^RUT,2026-03-20,2605.0,Put,42.8,43.6,33.89,21.0,27.0,0.037462023653088046,2677.2900390625,0.23114598816192183,0.0
^RUT,2026-03-20,2610.0,Call,89.1,90.5,74.74,2.0,9.0,0.037462023653088046,2677.2900390625,0.23114598816192183,0.0
^RUT,2026-03-20,2610.0,Put,44.2,45.1,66.69,61.0,74.0,0.037462023653088046,2677.2900390625,0.23114598816192183,0.0
^RUT,2026-03-20,2615.0,Call,85.7,87.0,104.3,,4.0,0.037462023653088046,2677.2900390625,0.23114598816192183,0.0
^RUT,2026-03-20,2615.0,Put,45.9,46.7,67.1,10.0,40.0,0.037462023653088046,2677.2900390625,0.23114598816192183,0.0
^RUT,2026-03-20,2620.0,Call,81.9,83.1,98.25,20.0,514.0,0.037462023653088046,2677.2900390625,0.23114598816192183,0.0
^RUT,2026-03-20,2620.0,Put,46.8,47.7,37.42,19.0,1297.0,0.037462023653088046,2677.2900390625,0.23114598816192183,0.0
^RUT,2026-03-20,2625.0,Call,78.0,79.1,94.91,1.0,290.0,0.037462023653088046,2677.2900390625,0.23114598816192183,0.0
^RUT,2026-03-20,2625.0,Put,48.7,49.5,38.66,2.0,424.0,0.037462023653088046,2677.2900390625,0.23114598816192183,0.0
^RUT,2026-03-20,2630.0,Call,75.5,76.6,77.03,1.0,672.0,0.037462023653088046,2677.2900390625,0.23114598816192183,0.0
^RUT,2026-03-20,2630.0,Put,50.3,51.1,44.8,17.0,693.0,0.037462023653088046,2677.2900390625,0.23114598816192183,0.0
^RUT,2026-03-20,2635.0,Call,72.8,73.8,82.2,1.0,2.0,0.037462023653088046,2677.2900390625,0.23114598816192183,0.0
^RUT,2026-03-20,2635.0,Put,51.9,52.8,55.2,8.0,181.0,0.037462023653088046,2677.2900390625,0.23114598816192183,0.0
^RUT,2026-03-20,2640.0,Call,69.3,70.3,84.11,22.0,432.0,0.037462023653088046,2677.2900390625,0.23114598816192183,0.0
^RUT,2026-03-20,2640.0,Put,54.7,55.6,51.36,30.0,88.0,0.037462023653088046,2677.2900390625,0.23114598816192183,0.0
^RUT,2026-03-20,2645.0,Call,67.2,68.1,70.51,4.0,13.0,0.037462023653088046,2677.2900390625,0.23114598816192183,0.0
^RUT,2026-03-20,2645.0,Put,56.7,57.5,51.06,11.0,49.0,0.037462023653088046,2677.2900390625,0.23114598816192183,0.0
^RUT,2026-03-20,2650.0,Call,63.7,64.6,60.66,5.0,37.0,0.037462023653088046,2677.2900390625,0.23114598816192183,0.0
^RUT,2026-03-20,2650.0,Put,58.1,58.9,63.4,139.0,4782.0,0.037462023653088046,2677.2900390625,0.23114598816192183,0.0
^RUT,2026-03-20,2655.0,Call,60.4,61.3,63.57,14.0,735.0,0.037462023653088046,2677.2900390625,0.23114598816192183,0.0
^RUT,2026-03-20,2655.0,Put,60.0,60.9,62.7,19.0,492.0,0.037462023653088046,2677.2900390625,0.23114598816192183,0.0
^RUT,2026-03-20,2660.0,Call,58.0,58.9,73.05,8.0,8.0,0.037462023653088046,2677.2900390625,0.23114598816192183,0.0
^RUT,2026-03-20,2660.0,Put,62.9,63.7,64.5,28.0,72.0,0.037462023653088046,2677.2900390625,0.23114598816192183,0.0
^RUT,2026-03-20,2665.0,Call,54.7,55.7,52.4,95.0,219.0,0.037462023653088046,2677.2900390625,0.23114598816192183,0.0
^RUT,2026-03-20,2665.0,Put,64.5,65.4,59.6,84.0,244.0,0.037462023653088046,2677.2900390625,0.23114598816192183,0.0
^RUT,2026-03-20,2670.0,Call,52.5,53.5,65.8,7.0,15.0,0.037462023653088046,2677.2900390625,0.23114598816192183,0.0
^RUT,2026-03-20,2670.0,Put,67.3,68.2,56.32,29.0,79.0,0.037462023653088046,2677.2900390625,0.23114598816192183,0.0
^RUT,2026-03-20,2675.0,Call,48.9,49.8,63.14,8.0,877.0,0.037462023653088046,2677.2900390625,0.23114598816192183,0.0
^RUT,2026-03-20,2675.0,Put,69.7,70.6,60.6,9.0,24.0,0.037462023653088046,2677.2900390625,0.23114598816192183,0.0
^RUT,2026-03-20,2680.0,Call,47.0,47.8,58.7,54.0,1074.0,0.037462023653088046,2677.2900390625,0.23114598816192183,0.0
^RUT,2026-03-20,2680.0,Put,72.1,73.1,58.79,35.0,66.0,0.037462023653088046,2677.2900390625,0.23114598816192183,0.0
^RUT,2026-03-20,2685.0,Call,44.9,45.8,56.8,12.0,33.0,0.037462023653088046,2677.2900390625,0.23114598816192183,0.0
^RUT,2026-03-20,2685.0,Put,74.3,75.4,71.71,1.0,510.0,0.037462023653088046,2677.2900390625,0.23114598816192183,0.0
^RUT,2026-03-20,2690.0,Call,42.0,42.9,53.85,3.0,882.0,0.037462023653088046,2677.2900390625,0.23114598816192183,0.0
^RUT,2026-03-20,2690.0,Put,77.2,78.2,77.15,5.0,21.0,0.037462023653088046,2677.2900390625,0.23114598816192183,0.0
^RUT,2026-03-20,2695.0,Call,39.7,40.6,33.54,10.0,22.0,0.037462023653088046,2677.2900390625,0.23114598816192183,0.0
^RUT,2026-03-20,2695.0,Put,79.8,80.9,78.98,20.0,21.0,0.037462023653088046,2677.2900390625,0.23114598816192183,0.0
^RUT,2026-03-20,2700.0,Call,37.4,38.2,48.3,8.0,4288.0,0.037462023653088046,2677.2900390625,0.23114598816192183,0.0
^RUT,2026-03-20,2700.0,Put,82.3,83.7,77.68,10.0,114.0,0.037462023653088046,2677.2900390625,0.23114598816192183,0.0
^RUT,2026-03-20,2705.0,Call,35.2,36.1,33.3,26.0,27.0,0.037462023653088046,2677.2900390625,0.23114598816192183,0.0
^RUT,2026-03-20,2705.0,Put,84.5,85.9,79.4,1.0,33.0,0.037462023653088046,2677.2900390625,0.23114598816192183,0.0
^RUT,2026-03-20,2710.0,Call,33.3,34.0,43.5,2.0,238.0,0.037462023653088046,2677.2900390625,0.23114598816192183,0.0
^RUT,2026-03-20,2710.0,Put,87.1,88.6,72.55,3.0,89.0,0.037462023653088046,2677.2900390625,0.23114598816192183,0.0
^RUT,2026-03-20,2715.0,Call,31.6,32.3,39.4,3.0,66.0,0.037462023653088046,2677.2900390625,0.23114598816192183,0.0
^RUT,2026-03-20,2715.0,Put,91.1,92.7,96.7,6.0,14.0,0.037462023653088046,2677.2900390625,0.23114598816192183,0.0
^RUT,2026-03-20,2720.0,Call,29.6,30.4,32.7,21.0,101.0,0.037462023653088046,2677.2900390625,0.23114598816192183,0.0
^RUT,2026-03-20,2720.0,Put,93.6,95.5,86.5,4.0,15.0,0.037462023653088046,2677.2900390625,0.23114598816192183,0.0
^RUT,2026-03-20,2725.0,Call,27.7,28.5,32.4,4.0,191.0,0.037462023653088046,2677.2900390625,0.23114598816192183,0.0
^RUT,2026-03-20,2725.0,Put,96.9,98.8,87.5,1.0,1.0,0.037462023653088046,2677.2900390625,0.23114598816192183,0.0
^RUT,2026-03-20,2730.0,Call,25.9,26.7,28.27,15.0,117.0,0.037462023653088046,2677.2900390625,0.23114598816192183,0.0
^RUT,2026-03-20,2730.0,Put,100.0,102.1,139.84,30.0,30.0,0.037462023653088046,2677.2900390625,0.23114598816192183,0.0
^RUT,2026-03-20,2735.0,Call,23.8,24.6,32.21,15.0,967.0,0.037462023653088046,2677.2900390625,0.23114598816192183,0.0
^RUT,2026-03-20,2735.0,Put,102.8,105.1,85.87,4.0,216.0,0.037462023653088046,2677.2900390625,0.23114598816192183,0.0
^RUT,2026-03-20,2740.0,Call,22.6,23.4,30.89,35.0,205.0,0.037462023653088046,2677.2900390625,0.23114598816192183,0.0
^RUT,2026-03-20,2740.0,Put,106.1,108.5,108.5,7.0,192.0,0.037462023653088046,2677.2900390625,0.23114598816192183,0.0
^RUT,2026-03-20,2745.0,Call,21.1,21.8,24.4,5.0,44.0,0.037462023653088046,2677.2900390625,0.23114598816192183,0.0
^RUT,2026-03-20,2745.0,Put,109.6,111.9,103.1,1.0,52.0,0.037462023653088046,2677.2900390625,0.23114598816192183,0.0
^RUT,2026-03-20,2750.0,Call,19.4,20.1,27.45,43.0,227.0,0.037462023653088046,2677.2900390625,0.23114598816192183,0.0
^RUT,2026-03-20,2750.0,Put,113.0,115.5,102.88,60.0,275.0,0.037462023653088046,2677.2900390625,0.23114598816192183,0.0
^RUT,2026-03-20,2755.0,Call,17.8,18.6,18.2,12.0,137.0,0.037462023653088046,2677.2900390625,0.23114598816192183,0.0
^RUT,2026-03-20,2755.0,Put,116.9,119.5,126.8,,10.0,0.037462023653088046,2677.2900390625,0.23114598816192183,0.0
^RUT,2026-03-20,2760.0,Call,16.3,17.1,18.7,12.0,455.0,0.037462023653088046,2677.2900390625,0.23114598816192183,0.0
^RUT,2026-03-20,2760.0,Put,120.5,123.2,117.8,4.0,9.0,0.037462023653088046,2677.2900390625,0.23114598816192183,0.0
^RUT,2026-03-20,2765.0,Call,15.4,16.1,19.05,4.0,29.0,0.037462023653088046,2677.2900390625,0.23114598816192183,0.0
^RUT,2026-03-20,2765.0,Put,123.9,126.6,115.29,3.0,5.0,0.037462023653088046,2677.2900390625,0.23114598816192183,0.0
^RUT,2026-03-20,2770.0,Call,14.2,15.0,19.63,10.0,652.0,0.037462023653088046,2677.2900390625,0.23114598816192183,0.0
^RUT,2026-03-20,2770.0,Put,127.7,130.5,124.69,3.0,12.0,0.037462023653088046,2677.2900390625,0.23114598816192183,0.0
^RUT,2026-03-20,2775.0,Call,13.0,13.7,19.0,205.0,316.0,0.037462023653088046,2677.2900390625,0.23114598816192183,0.0
^RUT,2026-03-20,2775.0,Put,123.6,139.6,120.68,2.0,6.0,0.037462023653088046,2677.2900390625,0.23114598816192183,0.0
^RUT,2026-03-20,2780.0,Call,12.1,12.8,15.45,7.0,34.0,0.037462023653088046,2677.2900390625,0.23114598816192183,0.0
^RUT,2026-03-20,2780.0,Put,129.7,145.7,124.08,9.0,18.0,0.037462023653088046,2677.2900390625,0.23114598816192183,0.0
^RUT,2026-03-20,2785.0,Call,10.8,11.5,16.0,2.0,95.0,0.037462023653088046,2677.2900390625,0.23114598816192183,0.0
^RUT,2026-03-20,2785.0,Put,131.6,147.6,128.28,1.0,7.0,0.037462023653088046,2677.2900390625,0.23114598816192183,0.0
^RUT,2026-03-20,2790.0,Call,9.9,10.6,14.5,4.0,162.0,0.037462023653088046,2677.2900390625,0.23114598816192183,0.0
^RUT,2026-03-20,2790.0,Put,135.6,151.6,138.1,2.0,18.0,0.037462023653088046,2677.2900390625,0.23114598816192183,0.0
^RUT,2026-03-20,2795.0,Call,9.2,9.9,9.6,10.0,217.0,0.037462023653088046,2677.2900390625,0.23114598816192183,0.0
^RUT,2026-03-20,2795.0,Put,142.0,158.0,154.29,2.0,4.0,0.037462023653088046,2677.2900390625,0.23114598816192183,0.0
^RUT,2026-03-20,2800.0,Call,8.4,9.1,12.7,29.0,3724.0,0.037462023653088046,2677.2900390625,0.23114598816192183,0.0
^RUT,2026-03-20,2800.0,Put,143.9,159.9,153.38,1.0,11.0,0.037462023653088046,2677.2900390625,0.23114598816192183,0.0
^RUT,2026-03-20,2805.0,Call,7.9,8.6,8.13,5.0,15.0,0.037462023653088046,2677.2900390625,0.23114598816192183,0.0
^RUT,2026-03-20,2810.0,Call,7.1,7.8,7.1,1.0,55.0,0.037462023653088046,2677.2900390625,0.23114598816192183,0.0
^RUT,2026-03-20,2815.0,Call,6.6,7.2,6.9,9.0,21.0,0.037462023653088046,2677.2900390625,0.23114598816192183,0.0
^RUT,2026-03-20,2815.0,Put,156.9,172.9,164.7,,4.0,0.037462023653088046,2677.2900390625,0.23114598816192183,0.0
^RUT,2026-03-20,2820.0,Call,6.0,6.6,6.58,6.0,89.0,0.037462023653088046,2677.2900390625,0.23114598816192183,0.0
^RUT,2026-03-20,2825.0,Call,5.3,5.9,7.2,16.0,82.0,0.037462023653088046,2677.2900390625,0.23114598816192183,0.0
^RUT,2026-03-20,2830.0,Call,4.8,5.3,7.25,21.0,72.0,0.037462023653088046,2677.2900390625,0.23114598816192183,0.0
^RUT,2026-03-20,2835.0,Call,4.4,4.9,8.1,4.0,12.0,0.037462023653088046,2677.2900390625,0.23114598816192183,0.0
^RUT,2026-03-20,2840.0,Call,4.1,4.6,7.24,1.0,61.0,0.037462023653088046,2677.2900390625,0.23114598816192183,0.0
^RUT,2026-03-20,2845.0,Call,3.7,4.3,4.14,11.0,70.0,0.037462023653088046,2677.2900390625,0.23114598816192183,0.0
^RUT,2026-03-20,2850.0,Call,3.3,3.7,5.25,165.0,932.0,0.037462023653088046,2677.2900390625,0.23114598816192183,0.0
^RUT,2026-03-20,2850.0,Put,188.4,204.4,194.0,1.0,2.0,0.037462023653088046,2677.2900390625,0.23114598816192183,0.0
^RUT,2026-03-20,2855.0,Call,3.1,3.6,4.15,6.0,96.0,0.037462023653088046,2677.2900390625,0.23114598816192183,0.0
^RUT,2026-03-20,2860.0,Call,2.7,3.1,2.84,2.0,63.0,0.037462023653088046,2677.2900390625,0.23114598816192183,0.0
^RUT,2026-03-20,2865.0,Call,2.55,2.95,3.67,6.0,77.0,0.037462023653088046,2677.2900390625,0.23114598816192183,0.0
^RUT,2026-03-20,2870.0,Call,2.15,2.55,2.98,10.0,102.0,0.037462023653088046,2677.2900390625,0.23114598816192183,0.0
^RUT,2026-03-20,2870.0,Put,203.2,227.2,212.79,,3.0,0.037462023653088046,2677.2900390625,0.23114598816192183,0.0
^RUT,2026-03-20,2875.0,Call,2.0,2.5,3.04,5.0,72.0,0.037462023653088046,2677.2900390625,0.23114598816192183,0.0
^RUT,2026-03-20,2880.0,Call,1.85,2.3,2.91,6.0,180.0,0.037462023653088046,2677.2900390625,0.23114598816192183,0.0
^RUT,2026-03-20,2880.0,Put,212.8,236.8,265.15,,5.0,0.037462023653088046,2677.2900390625,0.23114598816192183,0.0
^RUT,2026-03-20,2885.0,Call,1.75,2.1,2.58,27.0,81.0,0.037462023653088046,2677.2900390625,0.23114598816192183,0.0
^RUT,2026-03-20,2890.0,Call,1.5,1.8,2.17,4.0,133.0,0.037462023653088046,2677.2900390625,0.23114598816192183,0.0
^RUT,2026-03-20,2895.0,Call,1.4,1.8,2.3,28.0,263.0,0.037462023653088046,2677.2900390625,0.23114598816192183,0.0
^RUT,2026-03-20,2900.0,Call,1.25,1.55,1.4,2.0,738.0,0.037462023653088046,2677.2900390625,0.23114598816192183,0.0
^RUT,2026-03-20,2900.0,Put,232.1,256.1,233.31,,1.0,0.037462023653088046,2677.2900390625,0.23114598816192183,0.0
^RUT,2026-03-20,2905.0,Call,1.15,1.55,1.69,1.0,303.0,0.037462023653088046,2677.2900390625,0.23114598816192183,0.0
^RUT,2026-03-20,2910.0,Call,1.05,1.4,1.72,1.0,72.0,0.037462023653088046,2677.2900390625,0.23114598816192183,0.0
^RUT,2026-03-20,2915.0,Call,0.9,1.25,1.37,1.0,109.0,0.037462023653088046,2677.2900390625,0.23114598816192183,0.0
^RUT,2026-03-20,2915.0,Put,246.8,270.8,238.8,1.0,1.0,0.037462023653088046,2677.2900390625,0.23114598816192183,0.0
^RUT,2026-03-20,2920.0,Call,0.9,1.25,2.11,2.0,10.0,0.037462023653088046,2677.2900390625,0.23114598816192183,0.0
^RUT,2026-03-20,2925.0,Call,0.8,1.15,1.23,1.0,17.0,0.037462023653088046,2677.2900390625,0.23114598816192183,0.0
^RUT,2026-03-20,2930.0,Call,0.75,1.05,1.05,5.0,645.0,0.037462023653088046,2677.2900390625,0.23114598816192183,0.0
^RUT,2026-03-20,2935.0,Call,0.65,1.0,1.81,15.0,17.0,0.037462023653088046,2677.2900390625,0.23114598816192183,0.0
^RUT,2026-03-20,2940.0,Call,0.6,0.9,0.72,88.0,92.0,0.037462023653088046,2677.2900390625,0.23114598816192183,0.0
^RUT,2026-03-20,2945.0,Call,0.55,0.9,0.78,2.0,26.0,0.037462023653088046,2677.2900390625,0.23114598816192183,0.0
^RUT,2026-03-20,2950.0,Call,0.5,0.8,0.65,5.0,2124.0,0.037462023653088046,2677.2900390625,0.23114598816192183,0.0
^RUT,2026-03-20,2950.0,Put,482.4,502.4,444.0,22.0,13.0,0.037462023653088046,2677.2900390625,0.23114598816192183,0.0
^RUT,2026-03-20,2955.0,Call,0.45,0.8,0.72,1.0,5.0,0.037462023653088046,2677.2900390625,0.23114598816192183,0.0
^RUT,2026-03-20,2960.0,Call,0.45,0.75,1.65,3.0,5.0,0.037462023653088046,2677.2900390625,0.23114598816192183,0.0
^RUT,2026-03-20,2965.0,Call,0.4,0.7,1.09,2.0,2.0,0.037462023653088046,2677.2900390625,0.23114598816192183,0.0
^RUT,2026-03-20,2970.0,Call,0.35,0.65,0.94,2.0,4.0,0.037462023653088046,2677.2900390625,0.23114598816192183,0.0
^RUT,2026-03-20,2975.0,Call,0.3,0.6,1.05,,2.0,0.037462023653088046,2677.2900390625,0.23114598816192183,0.0
^RUT,2026-03-20,2980.0,Call,0.3,0.55,0.97,,1.0,0.037462023653088046,2677.2900390625,0.23114598816192183,0.0
^RUT,2026-03-20,2985.0,Call,0.25,0.6,0.52,2.0,13.0,0.037462023653088046,2677.2900390625,0.23114598816192183,0.0
^RUT,2026-03-20,2990.0,Call,0.25,0.55,1.0,,3.0,0.037462023653088046,2677.2900390625,0.23114598816192183,0.0
^RUT,2026-03-20,2995.0,Call,0.25,0.55,1.0,,1.0,0.037462023653088046,2677.2900390625,0.23114598816192183,0.0
^RUT,2026-03-20,3000.0,Call,0.2,0.45,0.38,6.0,672.0,0.037462023653088046,2677.2900390625,0.23114598816192183,0.0
^RUT,2026-03-20,3000.0,Put,330.8,354.8,347.15,41.0,295.0,0.037462023653088046,2677.2900390625,0.23114598816192183,0.0
^RUT,2026-03-20,3005.0,Call,0.2,0.5,0.95,,6.0,0.037462023653088046,2677.2900390625,0.23114598816192183,0.0
^RUT,2026-03-20,3010.0,Call,0.15,0.45,0.53,1.0,1.0,0.037462023653088046,2677.2900390625,0.23114598816192183,0.0
^RUT,2026-03-20,3010.0,Put,340.8,364.8,331.2,1.0,1.0,0.037462023653088046,2677.2900390625,0.23114598816192183,0.0
^RUT,2026-03-20,3015.0,Call,0.15,0.45,0.31,4.0,9.0,0.037462023653088046,2677.2900390625,0.23114598816192183,0.0
^RUT,2026-03-20,3020.0,Call,0.15,0.45,2.22,10.0,14.0,0.037462023653088046,2677.2900390625,0.23114598816192183,0.0
^RUT,2026-03-20,3025.0,Call,0.1,0.4,1.36,2.0,21.0,0.037462023653088046,2677.2900390625,0.23114598816192183,0.0
^RUT,2026-03-20,3050.0,Call,0.05,0.3,0.25,8.0,635.0,0.037462023653088046,2677.2900390625,0.23114598816192183,0.0
^RUT,2026-03-20,3050.0,Put,380.6,404.6,396.6,41.0,310.0,0.037462023653088046,2677.2900390625,0.23114598816192183,0.0
^RUT,2026-03-20,3100.0,Call,0.0,0.25,0.1,6.0,38.0,0.037462023653088046,2677.2900390625,0.23114598816192183,0.0
^RUT,2026-03-20,3150.0,Call,0.0,0.2,0.1,20.0,80.0,0.037462023653088046,2677.2900390625,0.23114598816192183,0.0
^RUT,2026-03-20,3200.0,Call,0.0,0.2,0.1,20.0,22.0,0.037462023653088046,2677.2900390625,0.23114598816192183,0.0
^RUT,2026-03-20,3250.0,Call,0.0,0.2,0.1,,30.0,0.037462023653088046,2677.2900390625,0.23114598816192183,0.0
^RUT,2026-03-20,3300.0,Call,0.0,0.15,0.05,1.0,75.0,0.037462023653088046,2677.2900390625,0.23114598816192183,0.0
^RUT,2026-03-20,3350.0,Call,0.0,0.15,0.2,3.0,6.0,0.037462023653088046,2677.2900390625,0.23114598816192183,0.0
^RUT,2026-03-20,3400.0,Call,0.0,0.15,0.1,,47.0,0.037462023653088046,2677.2900390625,0.23114598816192183,0.0
^RUT,2026-03-20,3450.0,Call,0.0,0.15,0.15,3.0,50.0,0.037462023653088046,2677.2900390625,0.23114598816192183,0.0
^RUT,2026-03-20,3500.0,Call,0.0,0.15,0.1,20.0,20.0,0.037462023653088046,2677.2900390625,0.23114598816192183,0.0
^RUT,2026-03-20,3550.0,Call,0.0,0.15,0.1,1.0,41.0,0.037462023653088046,2677.2900390625,0.23114598816192183,0.0
^RUT,2026-03-20,3600.0,Call,0.0,0.15,0.1,,50.0,0.037462023653088046,2677.2900390625,0.23114598816192183,0.0
^RUT,2026-03-20,3650.0,Call,0.0,0.15,0.1,,40.0,0.037462023653088046,2677.2900390625,0.23114598816192183,0.0
^RUT,2026-03-20,3700.0,Call,0.0,0.15,0.1,,10.0,0.037462023653088046,2677.2900390625,0.23114598816192183,0.0
^RUT,2026-03-20,3800.0,Call,0.0,0.15,0.2,,10.0,0.037462023653088046,2677.2900390625,0.23114598816192183,0.0
^RUT,2026-03-27,2085.0,Put,2.0,2.35,2.27,1.0,1.0,0.037416031537450725,2677.2900390625,0.23114598816192183,0.0
^RUT,2026-03-27,2090.0,Put,2.05,2.4,4.25,,2.0,0.037416031537450725,2677.2900390625,0.23114598816192183,0.0
^RUT,2026-03-27,2100.0,Put,2.15,2.5,2.27,1.0,15.0,0.037416031537450725,2677.2900390625,0.23114598816192183,0.0
^RUT,2026-03-27,2110.0,Put,2.25,2.7,5.0,,2.0,0.037416031537450725,2677.2900390625,0.23114598816192183,0.0
^RUT,2026-03-27,2140.0,Put,2.6,3.1,4.47,2.0,7.0,0.037416031537450725,2677.2900390625,0.23114598816192183,0.0
^RUT,2026-03-27,2150.0,Put,2.7,3.2,3.6,1.0,5.0,0.037416031537450725,2677.2900390625,0.23114598816192183,0.0
^RUT,2026-03-27,2170.0,Put,3.0,3.5,3.5,6.0,20.0,0.037416031537450725,2677.2900390625,0.23114598816192183,0.0
^RUT,2026-03-27,2175.0,Put,3.1,3.6,3.59,1.0,6.0,0.037416031537450725,2677.2900390625,0.23114598816192183,0.0
^RUT,2026-03-27,2185.0,Put,3.2,3.8,3.7,2.0,10.0,0.037416031537450725,2677.2900390625,0.23114598816192183,0.0
^RUT,2026-03-27,2190.0,Put,3.3,3.9,3.31,4.0,7.0,0.037416031537450725,2677.2900390625,0.23114598816192183,0.0
^RUT,2026-03-27,2195.0,Put,3.5,4.0,4.7,2.0,4.0,0.037416031537450725,2677.2900390625,0.23114598816192183,0.0
^RUT,2026-03-27,2200.0,Put,3.6,4.1,3.15,60.0,81.0,0.037416031537450725,2677.2900390625,0.23114598816192183,0.0
^RUT,2026-03-27,2225.0,Put,4.1,4.7,3.58,3.0,55.0,0.037416031537450725,2677.2900390625,0.23114598816192183,0.0
^RUT,2026-03-27,2230.0,Put,4.3,4.9,3.58,6.0,41.0,0.037416031537450725,2677.2900390625,0.23114598816192183,0.0
^RUT,2026-03-27,2235.0,Put,4.4,4.9,4.1,6.0,9.0,0.037416031537450725,2677.2900390625,0.23114598816192183,0.0
^RUT,2026-03-27,2240.0,Put,4.5,5.0,4.5,1.0,19.0,0.037416031537450725,2677.2900390625,0.23114598816192183,0.0
^RUT,2026-03-27,2245.0,Put,4.7,5.3,4.5,1.0,45.0,0.037416031537450725,2677.2900390625,0.23114598816192183,0.0
^RUT,2026-03-27,2250.0,Put,4.8,5.4,4.44,2.0,3960.0,0.037416031537450725,2677.2900390625,0.23114598816192183,0.0
^RUT,2026-03-27,2255.0,Put,4.8,5.4,4.3,3.0,22.0,0.037416031537450725,2677.2900390625,0.23114598816192183,0.0
^RUT,2026-03-27,2260.0,Put,5.0,5.7,4.4,1.0,39.0,0.037416031537450725,2677.2900390625,0.23114598816192183,0.0
^RUT,2026-03-27,2265.0,Put,5.2,5.9,9.25,26.0,14.0,0.037416031537450725,2677.2900390625,0.23114598816192183,0.0
^RUT,2026-03-27,2270.0,Put,5.3,6.0,6.4,50.0,60.0,0.037416031537450725,2677.2900390625,0.23114598816192183,0.0
^RUT,2026-03-27,2275.0,Put,5.5,6.2,9.73,17.0,30.0,0.037416031537450725,2677.2900390625,0.23114598816192183,0.0
^RUT,2026-03-27,2280.0,Put,5.7,6.4,6.78,50.0,103.0,0.037416031537450725,2677.2900390625,0.23114598816192183,0.0
^RUT,2026-03-27,2290.0,Put,6.0,6.7,6.77,26.0,430.0,0.037416031537450725,2677.2900390625,0.23114598816192183,0.0
^RUT,2026-03-27,2295.0,Put,6.3,6.9,6.68,120.0,207.0,0.037416031537450725,2677.2900390625,0.23114598816192183,0.0
^RUT,2026-03-27,2300.0,Put,6.5,7.1,6.35,75.0,372.0,0.037416031537450725,2677.2900390625,0.23114598816192183,0.0
^RUT,2026-03-27,2305.0,Put,6.7,7.3,5.7,2.0,45.0,0.037416031537450725,2677.2900390625,0.23114598816192183,0.0
^RUT,2026-03-27,2310.0,Put,6.9,7.6,7.95,85.0,90.0,0.037416031537450725,2677.2900390625,0.23114598816192183,0.0
^RUT,2026-03-27,2315.0,Put,7.2,7.8,6.74,10.0,39.0,0.037416031537450725,2677.2900390625,0.23114598816192183,0.0
^RUT,2026-03-27,2320.0,Put,7.4,8.1,8.45,86.0,101.0,0.037416031537450725,2677.2900390625,0.23114598816192183,0.0
^RUT,2026-03-27,2325.0,Put,7.7,8.5,7.06,21.0,82.0,0.037416031537450725,2677.2900390625,0.23114598816192183,0.0
^RUT,2026-03-27,2330.0,Put,7.9,8.6,8.31,43.0,131.0,0.037416031537450725,2677.2900390625,0.23114598816192183,0.0
^RUT,2026-03-27,2335.0,Put,8.2,8.8,9.4,23.0,59.0,0.037416031537450725,2677.2900390625,0.23114598816192183,0.0
^RUT,2026-03-27,2340.0,Put,8.5,9.3,9.69,44.0,85.0,0.037416031537450725,2677.2900390625,0.23114598816192183,0.0
^RUT,2026-03-27,2345.0,Put,8.8,9.6,8.18,22.0,98.0,0.037416031537450725,2677.2900390625,0.23114598816192183,0.0
^RUT,2026-03-27,2350.0,Put,9.1,9.9,7.26,59.0,99.0,0.037416031537450725,2677.2900390625,0.23114598816192183,0.0
^RUT,2026-03-27,2355.0,Put,9.4,10.2,7.98,22.0,45.0,0.037416031537450725,2677.2900390625,0.23114598816192183,0.0
^RUT,2026-03-27,2360.0,Put,9.6,10.3,8.23,21.0,30.0,0.037416031537450725,2677.2900390625,0.23114598816192183,0.0
^RUT,2026-03-27,2365.0,Put,10.0,10.8,8.51,10.0,78.0,0.037416031537450725,2677.2900390625,0.23114598816192183,0.0
^RUT,2026-03-27,2370.0,Put,10.4,11.2,10.6,13.0,99.0,0.037416031537450725,2677.2900390625,0.23114598816192183,0.0
^RUT,2026-03-27,2375.0,Put,10.6,11.4,8.79,55.0,70.0,0.037416031537450725,2677.2900390625,0.23114598816192183,0.0
^RUT,2026-03-27,2380.0,Put,11.0,11.7,8.83,3.0,19.0,0.037416031537450725,2677.2900390625,0.23114598816192183,0.0
^RUT,2026-03-27,2385.0,Put,11.4,12.1,14.25,1.0,4.0,0.037416031537450725,2677.2900390625,0.23114598816192183,0.0
^RUT,2026-03-27,2390.0,Put,11.8,12.7,9.55,1.0,61.0,0.037416031537450725,2677.2900390625,0.23114598816192183,0.0
^RUT,2026-03-27,2395.0,Put,12.3,13.0,9.86,52.0,66.0,0.037416031537450725,2677.2900390625,0.23114598816192183,0.0
^RUT,2026-03-27,2400.0,Put,12.7,13.5,11.17,2.0,150.0,0.037416031537450725,2677.2900390625,0.23114598816192183,0.0
^RUT,2026-03-27,2405.0,Put,13.3,14.1,14.27,4.0,64.0,0.037416031537450725,2677.2900390625,0.23114598816192183,0.0
^RUT,2026-03-27,2410.0,Put,13.6,14.4,14.72,10.0,13.0,0.037416031537450725,2677.2900390625,0.23114598816192183,0.0
^RUT,2026-03-27,2415.0,Put,14.0,14.9,11.05,1.0,47.0,0.037416031537450725,2677.2900390625,0.23114598816192183,0.0
^RUT,2026-03-27,2420.0,Put,14.5,15.4,14.61,1.0,65.0,0.037416031537450725,2677.2900390625,0.23114598816192183,0.0
^RUT,2026-03-27,2425.0,Put,15.2,16.1,26.2,20.0,49.0,0.037416031537450725,2677.2900390625,0.23114598816192183,0.0
^RUT,2026-03-27,2430.0,Put,15.5,16.3,14.5,3.0,46.0,0.037416031537450725,2677.2900390625,0.23114598816192183,0.0
^RUT,2026-03-27,2435.0,Put,16.1,16.9,21.56,2.0,34.0,0.037416031537450725,2677.2900390625,0.23114598816192183,0.0
^RUT,2026-03-27,2440.0,Put,16.6,17.5,15.25,2.0,98.0,0.037416031537450725,2677.2900390625,0.23114598816192183,0.0
^RUT,2026-03-27,2445.0,Put,17.5,18.4,19.96,1.0,18.0,0.037416031537450725,2677.2900390625,0.23114598816192183,0.0
^RUT,2026-03-27,2450.0,Put,18.1,19.0,14.45,4.0,34.0,0.037416031537450725,2677.2900390625,0.23114598816192183,0.0
^RUT,2026-03-27,2455.0,Put,18.6,19.4,14.78,5.0,9.0,0.037416031537450725,2677.2900390625,0.23114598816192183,0.0
^RUT,2026-03-27,2460.0,Put,19.4,20.3,17.7,6.0,20.0,0.037416031537450725,2677.2900390625,0.23114598816192183,0.0
^RUT,2026-03-27,2465.0,Put,19.7,20.6,18.14,2.0,26.0,0.037416031537450725,2677.2900390625,0.23114598816192183,0.0
^RUT,2026-03-27,2470.0,Put,20.4,21.3,18.72,7.0,129.0,0.037416031537450725,2677.2900390625,0.23114598816192183,0.0
^RUT,2026-03-27,2475.0,Put,21.5,22.5,23.21,3.0,15.0,0.037416031537450725,2677.2900390625,0.23114598816192183,0.0
^RUT,2026-03-27,2480.0,Put,21.8,22.8,17.51,37.0,61.0,0.037416031537450725,2677.2900390625,0.23114598816192183,0.0
^RUT,2026-03-27,2485.0,Put,22.6,23.6,19.06,1.0,30.0,0.037416031537450725,2677.2900390625,0.23114598816192183,0.0
^RUT,2026-03-27,2490.0,Put,23.8,24.8,22.52,41.0,147.0,0.037416031537450725,2677.2900390625,0.23114598816192183,0.0
^RUT,2026-03-27,2495.0,Put,24.4,25.4,19.5,3.0,20.0,0.037416031537450725,2677.2900390625,0.23114598816192183,0.0
^RUT,2026-03-27,2500.0,Put,25.3,26.3,20.4,164.0,298.0,0.037416031537450725,2677.2900390625,0.23114598816192183,0.0
^RUT,2026-03-27,2505.0,Put,26.2,27.1,33.8,5.0,6.0,0.037416031537450725,2677.2900390625,0.23114598816192183,0.0
^RUT,2026-03-27,2510.0,Put,27.1,28.0,27.54,4.0,28.0,0.037416031537450725,2677.2900390625,0.23114598816192183,0.0
^RUT,2026-03-27,2515.0,Put,28.0,29.0,22.35,1.0,70.0,0.037416031537450725,2677.2900390625,0.23114598816192183,0.0
^RUT,2026-03-27,2520.0,Put,28.7,29.7,28.97,10.0,21.0,0.037416031537450725,2677.2900390625,0.23114598816192183,0.0
^RUT,2026-03-27,2525.0,Put,29.9,30.9,30.89,90.0,3515.0,0.037416031537450725,2677.2900390625,0.23114598816192183,0.0
^RUT,2026-03-27,2530.0,Put,30.7,31.7,27.99,1.0,6.0,0.037416031537450725,2677.2900390625,0.23114598816192183,0.0
^RUT,2026-03-27,2540.0,Put,33.0,34.1,39.69,1.0,6.0,0.037416031537450725,2677.2900390625,0.23114598816192183,0.0
^RUT,2026-03-27,2545.0,Put,33.9,34.9,48.85,,4.0,0.037416031537450725,2677.2900390625,0.23114598816192183,0.0
^RUT,2026-03-27,2550.0,Call,141.3,143.8,143.1,,1.0,0.037416031537450725,2677.2900390625,0.23114598816192183,0.0
^RUT,2026-03-27,2550.0,Put,35.3,36.3,33.69,166.0,396.0,0.037416031537450725,2677.2900390625,0.23114598816192183,0.0
^RUT,2026-03-27,2555.0,Call,137.5,139.9,136.8,,4.0,0.037416031537450725,2677.2900390625,0.23114598816192183,0.0
^RUT,2026-03-27,2560.0,Put,37.7,38.7,52.3,7.0,19.0,0.037416031537450725,2677.2900390625,0.23114598816192183,0.0
^RUT,2026-03-27,2565.0,Put,38.7,39.7,39.81,5.0,5.0,0.037416031537450725,2677.2900390625,0.23114598816192183,0.0
^RUT,2026-03-27,2570.0,Put,39.8,40.8,38.86,10.0,61.0,0.037416031537450725,2677.2900390625,0.23114598816192183,0.0
^RUT,2026-03-27,2575.0,Call,122.3,124.6,153.05,10.0,10.0,0.037416031537450725,2677.2900390625,0.23114598816192183,0.0
^RUT,2026-03-27,2575.0,Put,41.4,42.5,41.3,100.0,260.0,0.037416031537450725,2677.2900390625,0.23114598816192183,0.0
^RUT,2026-03-27,2580.0,Put,42.5,43.5,47.4,2.0,10.0,0.037416031537450725,2677.2900390625,0.23114598816192183,0.0
^RUT,2026-03-27,2585.0,Put,43.8,44.8,54.99,1.0,2.0,0.037416031537450725,2677.2900390625,0.23114598816192183,0.0
^RUT,2026-03-27,2590.0,Call,111.7,113.6,91.1,,4.0,0.037416031537450725,2677.2900390625,0.23114598816192183,0.0
^RUT,2026-03-27,2590.0,Put,45.6,46.6,41.53,24.0,30.0,0.037416031537450725,2677.2900390625,0.23114598816192183,0.0
^RUT,2026-03-27,2595.0,Call,108.2,110.0,88.7,,10.0,0.037416031537450725,2677.2900390625,0.23114598816192183,0.0
^RUT,2026-03-27,2595.0,Put,47.0,48.1,38.88,26.0,27.0,0.037416031537450725,2677.2900390625,0.23114598816192183,0.0
^RUT,2026-03-27,2600.0,Call,104.8,106.5,99.77,1.0,27.0,0.037416031537450725,2677.2900390625,0.23114598816192183,0.0
^RUT,2026-03-27,2600.0,Put,48.5,49.6,40.2,9.0,163.0,0.037416031537450725,2677.2900390625,0.23114598816192183,0.0
^RUT,2026-03-27,2605.0,Put,50.1,51.2,43.45,20.0,27.0,0.037416031537450725,2677.2900390625,0.23114598816192183,0.0
^RUT,2026-03-27,2610.0,Call,98.0,99.6,102.48,21.0,50.0,0.037416031537450725,2677.2900390625,0.23114598816192183,0.0
^RUT,2026-03-27,2610.0,Put,51.6,52.8,49.52,6.0,12.0,0.037416031537450725,2677.2900390625,0.23114598816192183,0.0
^RUT,2026-03-27,2615.0,Call,94.8,96.2,98.38,1.0,4.0,0.037416031537450725,2677.2900390625,0.23114598816192183,0.0
^RUT,2026-03-27,2615.0,Put,53.3,54.5,58.61,6.0,7.0,0.037416031537450725,2677.2900390625,0.23114598816192183,0.0
^RUT,2026-03-27,2620.0,Call,91.4,92.9,100.35,,7.0,0.037416031537450725,2677.2900390625,0.23114598816192183,0.0
^RUT,2026-03-27,2620.0,Put,55.0,56.0,51.15,1.0,62.0,0.037416031537450725,2677.2900390625,0.23114598816192183,0.0
^RUT,2026-03-27,2625.0,Call,88.3,89.6,91.93,1.0,5.0,0.037416031537450725,2677.2900390625,0.23114598816192183,0.0
^RUT,2026-03-27,2625.0,Put,56.5,57.6,54.37,3.0,21.0,0.037416031537450725,2677.2900390625,0.23114598816192183,0.0
^RUT,2026-03-27,2630.0,Put,58.1,59.3,49.8,71.0,225.0,0.037416031537450725,2677.2900390625,0.23114598816192183,0.0
^RUT,2026-03-27,2635.0,Call,81.9,83.3,93.1,3.0,3.0,0.037416031537450725,2677.2900390625,0.23114598816192183,0.0
^RUT,2026-03-27,2635.0,Put,60.3,61.5,73.85,20.0,21.0,0.037416031537450725,2677.2900390625,0.23114598816192183,0.0
^RUT,2026-03-27,2640.0,Call,78.9,80.1,75.48,2.0,5.0,0.037416031537450725,2677.2900390625,0.23114598816192183,0.0
^RUT,2026-03-27,2640.0,Put,62.2,63.4,56.63,1.0,13.0,0.037416031537450725,2677.2900390625,0.23114598816192183,0.0
^RUT,2026-03-27,2645.0,Call,75.8,77.1,91.0,,1.0,0.037416031537450725,2677.2900390625,0.23114598816192183,0.0
^RUT,2026-03-27,2650.0,Call,72.8,74.1,85.69,4.0,22.0,0.037416031537450725,2677.2900390625,0.23114598816192183,0.0
^RUT,2026-03-27,2650.0,Put,66.2,67.3,55.3,5.0,20.0,0.037416031537450725,2677.2900390625,0.23114598816192183,0.0
^RUT,2026-03-27,2655.0,Call,70.0,71.1,90.62,,3.0,0.037416031537450725,2677.2900390625,0.23114598816192183,0.0
^RUT,2026-03-27,2655.0,Put,68.2,69.4,82.99,1.0,23.0,0.037416031537450725,2677.2900390625,0.23114598816192183,0.0
^RUT,2026-03-27,2660.0,Call,67.1,68.3,70.7,2.0,21.0,0.037416031537450725,2677.2900390625,0.23114598816192183,0.0
^RUT,2026-03-27,2660.0,Put,70.4,71.5,58.95,1.0,5.0,0.037416031537450725,2677.2900390625,0.23114598816192183,0.0
^RUT,2026-03-27,2665.0,Call,64.3,65.5,73.0,2.0,26.0,0.037416031537450725,2677.2900390625,0.23114598816192183,0.0
^RUT,2026-03-27,2665.0,Put,72.5,73.7,83.6,10.0,14.0,0.037416031537450725,2677.2900390625,0.23114598816192183,0.0
^RUT,2026-03-27,2670.0,Call,61.6,62.7,66.3,4.0,3.0,0.037416031537450725,2677.2900390625,0.23114598816192183,0.0
^RUT,2026-03-27,2670.0,Put,74.8,76.1,89.3,25.0,25.0,0.037416031537450725,2677.2900390625,0.23114598816192183,0.0
^RUT,2026-03-27,2675.0,Call,59.0,60.1,72.04,17.0,18.0,0.037416031537450725,2677.2900390625,0.23114598816192183,0.0
^RUT,2026-03-27,2675.0,Put,76.7,77.9,81.2,9.0,9.0,0.037416031537450725,2677.2900390625,0.23114598816192183,0.0
^RUT,2026-03-27,2680.0,Call,56.6,57.8,59.85,1.0,23.0,0.037416031537450725,2677.2900390625,0.23114598816192183,0.0
^RUT,2026-03-27,2680.0,Put,79.0,80.3,77.19,10.0,21.0,0.037416031537450725,2677.2900390625,0.23114598816192183,0.0
^RUT,2026-03-27,2685.0,Call,53.8,54.9,59.0,1.0,20.0,0.037416031537450725,2677.2900390625,0.23114598816192183,0.0
^RUT,2026-03-27,2685.0,Put,81.9,83.1,93.3,10.0,23.0,0.037416031537450725,2677.2900390625,0.23114598816192183,0.0
^RUT,2026-03-27,2690.0,Call,51.3,52.4,55.25,1.0,7.0,0.037416031537450725,2677.2900390625,0.23114598816192183,0.0
^RUT,2026-03-27,2690.0,Put,84.4,85.6,85.64,18.0,22.0,0.037416031537450725,2677.2900390625,0.23114598816192183,0.0
^RUT,2026-03-27,2695.0,Call,48.9,50.0,61.6,1.0,16.0,0.037416031537450725,2677.2900390625,0.23114598816192183,0.0
^RUT,2026-03-27,2695.0,Put,86.9,88.2,73.12,1.0,6.0,0.037416031537450725,2677.2900390625,0.23114598816192183,0.0
^RUT,2026-03-27,2700.0,Put,89.5,90.9,84.05,1.0,19.0,0.037416031537450725,2677.2900390625,0.23114598816192183,0.0
^RUT,2026-03-27,2705.0,Call,44.3,45.4,54.96,1.0,5.0,0.037416031537450725,2677.2900390625,0.23114598816192183,0.0
^RUT,2026-03-27,2705.0,Put,92.8,94.6,77.77,1.0,6.0,0.037416031537450725,2677.2900390625,0.23114598816192183,0.0
^RUT,2026-03-27,2710.0,Call,42.1,43.2,48.5,7.0,37.0,0.037416031537450725,2677.2900390625,0.23114598816192183,0.0
^RUT,2026-03-27,2710.0,Put,94.7,96.4,103.7,,2.0,0.037416031537450725,2677.2900390625,0.23114598816192183,0.0
^RUT,2026-03-27,2715.0,Call,40.3,41.3,42.66,2.0,10.0,0.037416031537450725,2677.2900390625,0.23114598816192183,0.0
^RUT,2026-03-27,2720.0,Call,37.9,38.9,41.5,16.0,28.0,0.037416031537450725,2677.2900390625,0.23114598816192183,0.0
^RUT,2026-03-27,2720.0,Put,100.6,102.3,138.85,1.0,1.0,0.037416031537450725,2677.2900390625,0.23114598816192183,0.0
^RUT,2026-03-27,2725.0,Call,35.8,36.9,37.65,1.0,2.0,0.037416031537450725,2677.2900390625,0.23114598816192183,0.0
^RUT,2026-03-27,2725.0,Put,103.0,104.9,121.47,5.0,5.0,0.037416031537450725,2677.2900390625,0.23114598816192183,0.0
^RUT,2026-03-27,2730.0,Call,33.9,35.0,28.55,12.0,20.0,0.037416031537450725,2677.2900390625,0.23114598816192183,0.0
^RUT,2026-03-27,2730.0,Put,106.5,108.5,135.94,2.0,5.0,0.037416031537450725,2677.2900390625,0.23114598816192183,0.0
^RUT,2026-03-27,2735.0,Put,109.5,111.7,97.0,,3.0,0.037416031537450725,2677.2900390625,0.23114598816192183,0.0
^RUT,2026-03-27,2740.0,Call,30.3,31.3,25.8,4.0,8.0,0.037416031537450725,2677.2900390625,0.23114598816192183,0.0
^RUT,2026-03-27,2740.0,Put,112.6,114.9,143.06,2.0,3.0,0.037416031537450725,2677.2900390625,0.23114598816192183,0.0
^RUT,2026-03-27,2745.0,Call,28.5,29.6,28.6,,9.0,0.037416031537450725,2677.2900390625,0.23114598816192183,0.0
^RUT,2026-03-27,2750.0,Call,26.9,27.9,33.36,20.0,63.0,0.037416031537450725,2677.2900390625,0.23114598816192183,0.0
^RUT,2026-03-27,2755.0,Call,25.2,26.3,28.05,6.0,7.0,0.037416031537450725,2677.2900390625,0.23114598816192183,0.0
^RUT,2026-03-27,2765.0,Call,22.5,23.5,19.52,1.0,3.0,0.037416031537450725,2677.2900390625,0.23114598816192183,0.0
^RUT,2026-03-27,2770.0,Call,21.0,22.1,21.77,1.0,24.0,0.037416031537450725,2677.2900390625,0.23114598816192183,0.0
^RUT,2026-03-27,2775.0,Call,19.5,20.5,20.47,1.0,4.0,0.037416031537450725,2677.2900390625,0.23114598816192183,0.0
^RUT,2026-03-27,2780.0,Call,18.3,19.2,25.13,3.0,44.0,0.037416031537450725,2677.2900390625,0.23114598816192183,0.0
^RUT,2026-03-27,2785.0,Call,17.1,18.0,23.63,3.0,28.0,0.037416031537450725,2677.2900390625,0.23114598816192183,0.0
^RUT,2026-03-27,2790.0,Call,16.0,17.0,21.19,42.0,91.0,0.037416031537450725,2677.2900390625,0.23114598816192183,0.0
^RUT,2026-03-27,2790.0,Put,147.7,150.7,182.77,2.0,2.0,0.037416031537450725,2677.2900390625,0.23114598816192183,0.0
^RUT,2026-03-27,2795.0,Call,15.1,15.9,14.52,14.0,32.0,0.037416031537450725,2677.2900390625,0.23114598816192183,0.0
^RUT,2026-03-27,2800.0,Call,13.9,14.7,15.81,42.0,77.0,0.037416031537450725,2677.2900390625,0.23114598816192183,0.0
^RUT,2026-03-27,2805.0,Call,13.1,13.9,18.2,43.0,70.0,0.037416031537450725,2677.2900390625,0.23114598816192183,0.0
^RUT,2026-03-27,2810.0,Call,12.0,13.0,14.11,3.0,34.0,0.037416031537450725,2677.2900390625,0.23114598816192183,0.0
^RUT,2026-03-27,2815.0,Call,11.3,12.1,15.07,2.0,25.0,0.037416031537450725,2677.2900390625,0.23114598816192183,0.0
^RUT,2026-03-27,2820.0,Call,10.3,11.3,11.54,4.0,10.0,0.037416031537450725,2677.2900390625,0.23114598816192183,0.0
^RUT,2026-03-27,2825.0,Call,9.7,10.5,12.28,1.0,7.0,0.037416031537450725,2677.2900390625,0.23114598816192183,0.0
^RUT,2026-03-27,2830.0,Call,9.0,9.8,11.17,1.0,99.0,0.037416031537450725,2677.2900390625,0.23114598816192183,0.0
^RUT,2026-03-27,2835.0,Call,8.1,9.0,10.36,1.0,16.0,0.037416031537450725,2677.2900390625,0.23114598816192183,0.0
^RUT,2026-03-27,2840.0,Call,7.6,8.4,10.05,1.0,15.0,0.037416031537450725,2677.2900390625,0.23114598816192183,0.0
^RUT,2026-03-27,2845.0,Call,6.8,7.7,9.82,5.0,7.0,0.037416031537450725,2677.2900390625,0.23114598816192183,0.0
^RUT,2026-03-27,2850.0,Call,6.5,7.2,7.9,5.0,22.0,0.037416031537450725,2677.2900390625,0.23114598816192183,0.0
^RUT,2026-03-27,2855.0,Call,6.0,6.7,8.9,1.0,20.0,0.037416031537450725,2677.2900390625,0.23114598816192183,0.0
^RUT,2026-03-27,2860.0,Call,5.4,6.3,7.5,2.0,125.0,0.037416031537450725,2677.2900390625,0.23114598816192183,0.0
^RUT,2026-03-27,2865.0,Call,4.9,5.7,6.91,2.0,6.0,0.037416031537450725,2677.2900390625,0.23114598816192183,0.0
^RUT,2026-03-27,2870.0,Call,4.5,5.3,5.11,1.0,32.0,0.037416031537450725,2677.2900390625,0.23114598816192183,0.0
^RUT,2026-03-27,2875.0,Call,4.2,5.0,5.4,6.0,27.0,0.037416031537450725,2677.2900390625,0.23114598816192183,0.0
^RUT,2026-03-27,2880.0,Call,3.8,4.6,5.05,50.0,257.0,0.037416031537450725,2677.2900390625,0.23114598816192183,0.0
^RUT,2026-03-27,2885.0,Call,3.7,4.3,5.16,18.0,139.0,0.037416031537450725,2677.2900390625,0.23114598816192183,0.0
^RUT,2026-03-27,2890.0,Call,3.4,4.0,4.85,1.0,60.0,0.037416031537450725,2677.2900390625,0.23114598816192183,0.0
^RUT,2026-03-27,2895.0,Call,3.1,3.7,4.7,3.0,38.0,0.037416031537450725,2677.2900390625,0.23114598816192183,0.0
^RUT,2026-03-27,2900.0,Call,2.8,3.5,4.29,52.0,184.0,0.037416031537450725,2677.2900390625,0.23114598816192183,0.0
^RUT,2026-03-27,2905.0,Call,2.65,3.2,3.6,16.0,139.0,0.037416031537450725,2677.2900390625,0.23114598816192183,0.0
^RUT,2026-03-27,2910.0,Call,2.35,3.0,3.52,3.0,49.0,0.037416031537450725,2677.2900390625,0.23114598816192183,0.0
^RUT,2026-03-27,2915.0,Call,2.15,2.75,3.1,27.0,87.0,0.037416031537450725,2677.2900390625,0.23114598816192183,0.0
^RUT,2026-03-27,2920.0,Call,2.0,2.6,3.2,65.0,147.0,0.037416031537450725,2677.2900390625,0.23114598816192183,0.0
^RUT,2026-03-27,2925.0,Call,1.85,2.4,2.5,36.0,44.0,0.037416031537450725,2677.2900390625,0.23114598816192183,0.0
^RUT,2026-03-27,2930.0,Call,1.75,2.25,2.32,50.0,65.0,0.037416031537450725,2677.2900390625,0.23114598816192183,0.0
^RUT,2026-03-27,2935.0,Call,1.6,2.1,2.2,30.0,39.0,0.037416031537450725,2677.2900390625,0.23114598816192183,0.0
^RUT,2026-03-27,2955.0,Call,1.2,1.65,1.77,1.0,13.0,0.037416031537450725,2677.2900390625,0.23114598816192183,0.0
^RUT,2026-03-27,2960.0,Call,1.1,1.55,1.71,5.0,39.0,0.037416031537450725,2677.2900390625,0.23114598816192183,0.0
^RUT,2026-03-27,2970.0,Call,0.95,1.4,1.38,8.0,69.0,0.037416031537450725,2677.2900390625,0.23114598816192183,0.0
^RUT,2026-03-27,2980.0,Call,0.8,1.25,1.1,1.0,15.0,0.037416031537450725,2677.2900390625,0.23114598816192183,0.0
^RUT,2026-03-27,2985.0,Call,0.75,1.15,1.1,3.0,19.0,0.037416031537450725,2677.2900390625,0.23114598816192183,0.0
^RUT,2026-03-27,2990.0,Call,0.7,1.1,1.02,5.0,6.0,0.037416031537450725,2677.2900390625,0.23114598816192183,0.0
^RUT,2026-03-27,3000.0,Call,0.6,1.0,0.97,1.0,12.0,0.037416031537450725,2677.2900390625,0.23114598816192183,0.0
^RUT,2026-03-27,3010.0,Call,0.5,0.95,1.1,1.0,2.0,0.037416031537450725,2677.2900390625,0.23114598816192183,0.0
^RUT,2026-03-27,3020.0,Call,0.45,0.85,1.0,1.0,2.0,0.037416031537450725,2677.2900390625,0.23114598816192183,0.0
^RUT,2026-03-27,3030.0,Call,0.35,0.8,0.6,5.0,6.0,0.037416031537450725,2677.2900390625,0.23114598816192183,0.0
^RUT,2026-03-27,3040.0,Call,0.35,0.75,0.9,1.0,1.0,0.037416031537450725,2677.2900390625,0.23114598816192183,0.0
^RUT,2026-03-27,3050.0,Call,0.3,0.7,0.57,1.0,4.0,0.037416031537450725,2677.2900390625,0.23114598816192183,0.0
^RUT,2026-03-31,1000.0,Put,0.0,0.2,0.1,1.0,28.0,0.03738975032851512,2677.2900390625,0.23114598816192183,0.0
^RUT,2026-03-31,1050.0,Put,3.6,5.2,6.57,2.0,2.0,0.03738975032851512,2677.2900390625,0.23114598816192183,0.0
^RUT,2026-03-31,1100.0,Put,0.0,0.35,0.74,1.0,2.0,0.03738975032851512,2677.2900390625,0.23114598816192183,0.0
^RUT,2026-03-31,1150.0,Put,0.05,0.4,1.07,2.0,13.0,0.03738975032851512,2677.2900390625,0.23114598816192183,0.0
^RUT,2026-03-31,1200.0,Put,1.85,3.3,2.95,,2.0,0.03738975032851512,2677.2900390625,0.23114598816192183,0.0
^RUT,2026-03-31,1250.0,Put,0.0,0.3,0.18,30.0,0.0,0.03738975032851512,2677.2900390625,0.23114598816192183,0.0
^RUT,2026-03-31,1350.0,Put,0.25,0.6,1.63,1.0,1.0,0.03738975032851512,2677.2900390625,0.23114598816192183,0.0
^RUT,2026-03-31,1400.0,Put,0.0,0.4,0.65,1.0,2.0,0.03738975032851512,2677.2900390625,0.23114598816192183,0.0
^RUT,2026-03-31,1450.0,Put,0.4,0.8,2.64,3.0,4.0,0.03738975032851512,2677.2900390625,0.23114598816192183,0.0
^RUT,2026-03-31,1500.0,Put,0.05,0.45,0.3,1.0,4.0,0.03738975032851512,2677.2900390625,0.23114598816192183,0.0
^RUT,2026-03-31,1550.0,Put,0.1,0.5,0.89,1.0,10.0,0.03738975032851512,2677.2900390625,0.23114598816192183,0.0
^RUT,2026-03-31,1600.0,Call,1042.6,1066.6,1038.61,50.0,52.0,0.03738975032851512,2677.2900390625,0.23114598816192183,0.0
^RUT,2026-03-31,1600.0,Put,0.15,0.55,0.4,1.0,41.0,0.03738975032851512,2677.2900390625,0.23114598816192183,0.0
^RUT,2026-03-31,1610.0,Call,605.0,627.7,535.43,1.0,2.0,0.03738975032851512,2677.2900390625,0.23114598816192183,0.0
^RUT,2026-03-31,1610.0,Put,8.3,9.6,24.9,1.0,13.0,0.03738975032851512,2677.2900390625,0.23114598816192183,0.0
^RUT,2026-03-31,1620.0,Call,532.0,556.0,482.09,,5.0,0.03738975032851512,2677.2900390625,0.23114598816192183,0.0
^RUT,2026-03-31,1620.0,Put,0.2,0.6,1.06,2.0,18.0,0.03738975032851512,2677.2900390625,0.23114598816192183,0.0
^RUT,2026-03-31,1630.0,Call,587.0,609.8,518.18,1.0,2.0,0.03738975032851512,2677.2900390625,0.23114598816192183,0.0
^RUT,2026-03-31,1630.0,Put,8.8,10.1,26.2,,2.0,0.03738975032851512,2677.2900390625,0.23114598816192183,0.0
^RUT,2026-03-31,1640.0,Put,9.0,10.3,27.2,11.0,25.0,0.03738975032851512,2677.2900390625,0.23114598816192183,0.0
^RUT,2026-03-31,1650.0,Call,992.9,1016.9,989.26,,50.0,0.03738975032851512,2677.2900390625,0.23114598816192183,0.0
^RUT,2026-03-31,1650.0,Put,0.25,0.65,1.1,10.0,32.0,0.03738975032851512,2677.2900390625,0.23114598816192183,0.0
^RUT,2026-03-31,1660.0,Put,9.5,10.8,28.9,,2.0,0.03738975032851512,2677.2900390625,0.23114598816192183,0.0
^RUT,2026-03-31,1670.0,Put,9.8,11.1,29.8,,5.0,0.03738975032851512,2677.2900390625,0.23114598816192183,0.0
^RUT,2026-03-31,1680.0,Put,10.1,11.4,30.7,,4.0,0.03738975032851512,2677.2900390625,0.23114598816192183,0.0
^RUT,2026-03-31,1700.0,Call,756.0,780.0,523.85,,0.0,0.03738975032851512,2677.2900390625,0.23114598816192183,0.0
^RUT,2026-03-31,1700.0,Put,0.35,0.75,2.15,31.0,47.0,0.03738975032851512,2677.2900390625,0.23114598816192183,0.0
^RUT,2026-03-31,1710.0,Call,747.0,770.5,515.34,,0.0,0.03738975032851512,2677.2900390625,0.23114598816192183,0.0
^RUT,2026-03-31,1710.0,Put,11.0,12.3,32.44,,6.0,0.03738975032851512,2677.2900390625,0.23114598816192183,0.0
^RUT,2026-03-31,1720.0,Put,11.3,12.6,30.0,1.0,8.0,0.03738975032851512,2677.2900390625,0.23114598816192183,0.0
^RUT,2026-03-31,1730.0,Put,0.4,0.8,2.37,2.0,12.0,0.03738975032851512,2677.2900390625,0.23114598816192183,0.0
^RUT,2026-03-31,1740.0,Put,12.0,13.3,31.9,5.0,6.0,0.03738975032851512,2677.2900390625,0.23114598816192183,0.0
^RUT,2026-03-31,1750.0,Put,12.4,13.7,32.9,1.0,5.0,0.03738975032851512,2677.2900390625,0.23114598816192183,0.0
^RUT,2026-03-31,1760.0,Put,12.7,14.1,33.9,3.0,4.0,0.03738975032851512,2677.2900390625,0.23114598816192183,0.0
^RUT,2026-03-31,1770.0,Put,0.5,0.9,2.9,1.0,1.0,0.03738975032851512,2677.2900390625,0.23114598816192183,0.0
^RUT,2026-03-31,1780.0,Put,1.75,2.1,6.64,3.0,64.0,0.03738975032851512,2677.2900390625,0.23114598816192183,0.0
^RUT,2026-03-31,1800.0,Put,59.4,61.3,96.42,1.0,1.0,0.03738975032851512,2677.2900390625,0.23114598816192183,0.0
^RUT,2026-03-31,1810.0,Put,0.65,1.0,2.12,1.0,2.0,0.03738975032851512,2677.2900390625,0.23114598816192183,0.0
^RUT,2026-03-31,1830.0,Put,0.7,1.1,1.42,1.0,1.0,0.03738975032851512,2677.2900390625,0.23114598816192183,0.0
^RUT,2026-03-31,1840.0,Put,0.75,1.15,1.52,9.0,36.0,0.03738975032851512,2677.2900390625,0.23114598816192183,0.0
^RUT,2026-03-31,1870.0,Put,0.85,1.3,1.62,9.0,9.0,0.03738975032851512,2677.2900390625,0.23114598816192183,0.0
^RUT,2026-03-31,1880.0,Put,70.7,77.2,72.0,7.0,4.0,0.03738975032851512,2677.2900390625,0.23114598816192183,0.0
^RUT,2026-03-31,1890.0,Put,3.6,4.1,21.22,1.0,1.0,0.03738975032851512,2677.2900390625,0.23114598816192183,0.0
^RUT,2026-03-31,1900.0,Call,569.4,593.0,380.9,1.0,2.0,0.03738975032851512,2677.2900390625,0.23114598816192183,0.0
^RUT,2026-03-31,1900.0,Put,1.0,1.45,1.55,75.0,124.0,0.03738975032851512,2677.2900390625,0.23114598816192183,0.0
^RUT,2026-03-31,1910.0,Put,1.05,1.5,3.03,3.0,3.0,0.03738975032851512,2677.2900390625,0.23114598816192183,0.0
^RUT,2026-03-31,1920.0,Put,16.3,17.7,27.1,10.0,10.0,0.03738975032851512,2677.2900390625,0.23114598816192183,0.0
^RUT,2026-03-31,1930.0,Put,1.2,1.6,1.66,1.0,12.0,0.03738975032851512,2677.2900390625,0.23114598816192183,0.0
^RUT,2026-03-31,1940.0,Put,1.25,1.6,1.45,1.0,2.0,0.03738975032851512,2677.2900390625,0.23114598816192183,0.0
^RUT,2026-03-31,1950.0,Call,694.9,718.9,727.6,3.0,3.0,0.03738975032851512,2677.2900390625,0.23114598816192183,0.0
^RUT,2026-03-31,1950.0,Put,1.3,1.75,2.25,46.0,114.0,0.03738975032851512,2677.2900390625,0.23114598816192183,0.0
^RUT,2026-03-31,1960.0,Put,1.35,1.8,2.01,1.0,2.0,0.03738975032851512,2677.2900390625,0.23114598816192183,0.0
^RUT,2026-03-31,1970.0,Put,1.45,1.85,4.06,1.0,4.0,0.03738975032851512,2677.2900390625,0.23114598816192183,0.0
^RUT,2026-03-31,1980.0,Call,665.2,689.2,628.2,,3.0,0.03738975032851512,2677.2900390625,0.23114598816192183,0.0
^RUT,2026-03-31,1980.0,Put,5.2,5.6,31.1,1.0,4.0,0.03738975032851512,2677.2900390625,0.23114598816192183,0.0
^RUT,2026-03-31,1990.0,Call,538.8,548.8,524.45,20.0,10.0,0.03738975032851512,2677.2900390625,0.23114598816192183,0.0
^RUT,2026-03-31,2000.0,Call,531.2,541.1,515.6,20.0,20.0,0.03738975032851512,2677.2900390625,0.23114598816192183,0.0
^RUT,2026-03-31,2000.0,Put,1.65,2.1,2.95,27.0,62.0,0.03738975032851512,2677.2900390625,0.23114598816192183,0.0
^RUT,2026-03-31,2010.0,Call,635.5,659.5,597.91,3.0,11.0,0.03738975032851512,2677.2900390625,0.23114598816192183,0.0
^RUT,2026-03-31,2010.0,Put,1.75,2.1,4.5,,1.0,0.03738975032851512,2677.2900390625,0.23114598816192183,0.0
^RUT,2026-03-31,2020.0,Call,327.5,333.9,243.09,88.0,40.0,0.03738975032851512,2677.2900390625,0.23114598816192183,0.0
^RUT,2026-03-31,2020.0,Put,37.4,41.0,34.56,20.0,20.0,0.03738975032851512,2677.2900390625,0.23114598816192183,0.0
^RUT,2026-03-31,2030.0,Call,615.8,639.8,627.71,1.0,21.0,0.03738975032851512,2677.2900390625,0.23114598816192183,0.0
^RUT,2026-03-31,2030.0,Put,1.9,2.35,6.0,2.0,7.0,0.03738975032851512,2677.2900390625,0.23114598816192183,0.0
^RUT,2026-03-31,2040.0,Call,605.9,629.9,615.6,1.0,26.0,0.03738975032851512,2677.2900390625,0.23114598816192183,0.0
^RUT,2026-03-31,2040.0,Put,4.8,5.1,10.4,,1.0,0.03738975032851512,2677.2900390625,0.23114598816192183,0.0
^RUT,2026-03-31,2050.0,Call,596.0,620.0,618.4,1.0,77.0,0.03738975032851512,2677.2900390625,0.23114598816192183,0.0
^RUT,2026-03-31,2050.0,Put,2.1,2.55,2.17,1.0,70.0,0.03738975032851512,2677.2900390625,0.23114598816192183,0.0
^RUT,2026-03-31,2060.0,Call,477.0,488.6,372.59,18.0,40.0,0.03738975032851512,2677.2900390625,0.23114598816192183,0.0
^RUT,2026-03-31,2060.0,Put,2.2,2.65,3.1,6.0,41.0,0.03738975032851512,2677.2900390625,0.23114598816192183,0.0
^RUT,2026-03-31,2070.0,Call,576.3,600.3,556.28,1.0,16.0,0.03738975032851512,2677.2900390625,0.23114598816192183,0.0
^RUT,2026-03-31,2070.0,Put,2.35,2.8,2.58,7.0,7.0,0.03738975032851512,2677.2900390625,0.23114598816192183,0.0
^RUT,2026-03-31,2080.0,Call,410.1,432.1,262.52,2.0,19.0,0.03738975032851512,2677.2900390625,0.23114598816192183,0.0
^RUT,2026-03-31,2080.0,Put,2.4,2.9,4.09,3.0,50.0,0.03738975032851512,2677.2900390625,0.23114598816192183,0.0
^RUT,2026-03-31,2090.0,Call,403.6,423.6,284.49,,30.0,0.03738975032851512,2677.2900390625,0.23114598816192183,0.0
^RUT,2026-03-31,2090.0,Put,2.55,2.95,3.8,2.0,14.0,0.03738975032851512,2677.2900390625,0.23114598816192183,0.0
^RUT,2026-03-31,2100.0,Call,546.8,570.8,550.99,3.0,18.0,0.03738975032851512,2677.2900390625,0.23114598816192183,0.0
^RUT,2026-03-31,2100.0,Put,2.65,3.2,2.31,9.0,239.0,0.03738975032851512,2677.2900390625,0.23114598816192183,0.0
^RUT,2026-03-31,2110.0,Call,402.0,425.7,387.29,1.0,24.0,0.03738975032851512,2677.2900390625,0.23114598816192183,0.0
^RUT,2026-03-31,2110.0,Put,2.8,3.2,4.69,2.0,62.0,0.03738975032851512,2677.2900390625,0.23114598816192183,0.0
^RUT,2026-03-31,2120.0,Call,377.0,400.5,252.44,16.0,25.0,0.03738975032851512,2677.2900390625,0.23114598816192183,0.0
^RUT,2026-03-31,2120.0,Put,2.95,3.5,3.25,7.0,8.0,0.03738975032851512,2677.2900390625,0.23114598816192183,0.0
^RUT,2026-03-31,2125.0,Put,3.0,3.5,4.7,6.0,9.0,0.03738975032851512,2677.2900390625,0.23114598816192183,0.0
^RUT,2026-03-31,2130.0,Call,517.3,541.3,526.01,1.0,2.0,0.03738975032851512,2677.2900390625,0.23114598816192183,0.0
^RUT,2026-03-31,2130.0,Put,3.1,3.6,5.3,1.0,64.0,0.03738975032851512,2677.2900390625,0.23114598816192183,0.0
^RUT,2026-03-31,2135.0,Call,512.4,536.4,508.23,1.0,0.0,0.03738975032851512,2677.2900390625,0.23114598816192183,0.0
^RUT,2026-03-31,2140.0,Put,3.2,3.8,5.2,1.0,11.0,0.03738975032851512,2677.2900390625,0.23114598816192183,0.0
^RUT,2026-03-31,2145.0,Put,3.3,3.8,4.75,1.0,13.0,0.03738975032851512,2677.2900390625,0.23114598816192183,0.0
^RUT,2026-03-31,2150.0,Call,352.0,373.8,316.0,10.0,55.0,0.03738975032851512,2677.2900390625,0.23114598816192183,0.0
^RUT,2026-03-31,2150.0,Put,3.3,3.9,5.61,2.0,65.0,0.03738975032851512,2677.2900390625,0.23114598816192183,0.0
^RUT,2026-03-31,2160.0,Call,487.9,511.9,469.08,1.0,1.0,0.03738975032851512,2677.2900390625,0.23114598816192183,0.0
^RUT,2026-03-31,2160.0,Put,3.5,4.1,6.45,1.0,7.0,0.03738975032851512,2677.2900390625,0.23114598816192183,0.0
^RUT,2026-03-31,2165.0,Put,3.6,4.2,6.51,1.0,2.0,0.03738975032851512,2677.2900390625,0.23114598816192183,0.0
^RUT,2026-03-31,2170.0,Call,222.7,228.4,154.3,1.0,0.0,0.03738975032851512,2677.2900390625,0.23114598816192183,0.0
^RUT,2026-03-31,2170.0,Put,8.2,8.7,21.25,4.0,7.0,0.03738975032851512,2677.2900390625,0.23114598816192183,0.0
^RUT,2026-03-31,2180.0,Call,366.0,374.9,299.26,2.0,1.0,0.03738975032851512,2677.2900390625,0.23114598816192183,0.0
^RUT,2026-03-31,2180.0,Put,3.9,4.5,6.38,3.0,6.0,0.03738975032851512,2677.2900390625,0.23114598816192183,0.0
^RUT,2026-03-31,2190.0,Put,4.1,4.7,5.95,1.0,10.0,0.03738975032851512,2677.2900390625,0.23114598816192183,0.0
^RUT,2026-03-31,2200.0,Call,322.0,326.1,286.68,10.0,7.0,0.03738975032851512,2677.2900390625,0.23114598816192183,0.0
^RUT,2026-03-31,2200.0,Put,4.3,5.0,4.42,1.0,798.0,0.03738975032851512,2677.2900390625,0.23114598816192183,0.0
^RUT,2026-03-31,2205.0,Put,4.5,5.1,5.15,,2.0,0.03738975032851512,2677.2900390625,0.23114598816192183,0.0
^RUT,2026-03-31,2210.0,Call,314.3,318.3,278.95,,2.0,0.03738975032851512,2677.2900390625,0.23114598816192183,0.0
^RUT,2026-03-31,2210.0,Put,4.6,5.2,4.92,2.0,11.0,0.03738975032851512,2677.2900390625,0.23114598816192183,0.0
^RUT,2026-03-31,2215.0,Put,4.7,5.3,8.87,2.0,3.0,0.03738975032851512,2677.2900390625,0.23114598816192183,0.0
^RUT,2026-03-31,2220.0,Call,281.9,288.2,287.52,32.0,19.0,0.03738975032851512,2677.2900390625,0.23114598816192183,0.0
^RUT,2026-03-31,2220.0,Put,4.8,5.5,7.98,1.0,37.0,0.03738975032851512,2677.2900390625,0.23114598816192183,0.0
^RUT,2026-03-31,2225.0,Put,5.0,5.6,4.85,4.0,25.0,0.03738975032851512,2677.2900390625,0.23114598816192183,0.0
^RUT,2026-03-31,2230.0,Call,299.0,303.0,255.87,1.0,7.0,0.03738975032851512,2677.2900390625,0.23114598816192183,0.0
^RUT,2026-03-31,2230.0,Put,5.0,5.7,4.68,3.0,20.0,0.03738975032851512,2677.2900390625,0.23114598816192183,0.0
^RUT,2026-03-31,2235.0,Call,414.8,438.8,516.14,,0.0,0.03738975032851512,2677.2900390625,0.23114598816192183,0.0
^RUT,2026-03-31,2235.0,Put,5.2,5.9,4.76,2.0,11.0,0.03738975032851512,2677.2900390625,0.23114598816192183,0.0
^RUT,2026-03-31,2240.0,Call,266.4,273.6,251.4,6.0,16.0,0.03738975032851512,2677.2900390625,0.23114598816192183,0.0
^RUT,2026-03-31,2240.0,Put,5.3,6.0,9.15,3.0,35.0,0.03738975032851512,2677.2900390625,0.23114598816192183,0.0
^RUT,2026-03-31,2245.0,Put,5.5,6.2,9.4,2.0,2.0,0.03738975032851512,2677.2900390625,0.23114598816192183,0.0
^RUT,2026-03-31,2250.0,Call,400.3,424.3,412.22,5.0,25.0,0.03738975032851512,2677.2900390625,0.23114598816192183,0.0
^RUT,2026-03-31,2250.0,Put,5.7,6.4,5.42,10.0,175.0,0.03738975032851512,2677.2900390625,0.23114598816192183,0.0
^RUT,2026-03-31,2260.0,Call,348.5,352.4,260.33,2.0,11.0,0.03738975032851512,2677.2900390625,0.23114598816192183,0.0
^RUT,2026-03-31,2260.0,Put,6.0,6.7,6.81,1.0,16.0,0.03738975032851512,2677.2900390625,0.23114598816192183,0.0
^RUT,2026-03-31,2265.0,Put,6.2,6.8,5.59,1.0,332.0,0.03738975032851512,2677.2900390625,0.23114598816192183,0.0
^RUT,2026-03-31,2270.0,Call,296.8,301.2,217.21,4.0,3.0,0.03738975032851512,2677.2900390625,0.23114598816192183,0.0
^RUT,2026-03-31,2270.0,Put,6.4,7.2,11.2,10.0,16.0,0.03738975032851512,2677.2900390625,0.23114598816192183,0.0
^RUT,2026-03-31,2275.0,Put,6.6,7.4,10.8,1.0,330.0,0.03738975032851512,2677.2900390625,0.23114598816192183,0.0
^RUT,2026-03-31,2280.0,Call,262.1,265.8,187.31,1.0,2.0,0.03738975032851512,2677.2900390625,0.23114598816192183,0.0
^RUT,2026-03-31,2280.0,Put,6.8,7.6,8.42,10.0,44.0,0.03738975032851512,2677.2900390625,0.23114598816192183,0.0
^RUT,2026-03-31,2285.0,Put,7.0,7.6,9.59,1.0,3.0,0.03738975032851512,2677.2900390625,0.23114598816192183,0.0
^RUT,2026-03-31,2290.0,Call,285.1,291.2,254.18,2.0,11.0,0.03738975032851512,2677.2900390625,0.23114598816192183,0.0
^RUT,2026-03-31,2290.0,Put,7.1,7.9,8.65,1.0,34.0,0.03738975032851512,2677.2900390625,0.23114598816192183,0.0
^RUT,2026-03-31,2295.0,Put,7.4,8.1,8.88,1.0,3.0,0.03738975032851512,2677.2900390625,0.23114598816192183,0.0
^RUT,2026-03-31,2300.0,Call,352.5,376.5,403.19,36.0,59.0,0.03738975032851512,2677.2900390625,0.23114598816192183,0.0
^RUT,2026-03-31,2300.0,Put,7.6,8.3,9.58,1.0,91.0,0.03738975032851512,2677.2900390625,0.23114598816192183,0.0
^RUT,2026-03-31,2305.0,Call,347.7,371.7,398.45,36.0,36.0,0.03738975032851512,2677.2900390625,0.23114598816192183,0.0
^RUT,2026-03-31,2305.0,Put,7.9,8.7,8.82,3.0,6.0,0.03738975032851512,2677.2900390625,0.23114598816192183,0.0
^RUT,2026-03-31,2310.0,Call,219.1,224.9,231.18,6.0,10.0,0.03738975032851512,2677.2900390625,0.23114598816192183,0.0
^RUT,2026-03-31,2310.0,Put,8.2,9.0,9.2,7.0,18.0,0.03738975032851512,2677.2900390625,0.23114598816192183,0.0
^RUT,2026-03-31,2315.0,Put,8.3,9.1,6.9,7.0,8.0,0.03738975032851512,2677.2900390625,0.23114598816192183,0.0
^RUT,2026-03-31,2320.0,Call,333.5,357.5,357.17,2.0,3.0,0.03738975032851512,2677.2900390625,0.23114598816192183,0.0
^RUT,2026-03-31,2320.0,Put,8.7,9.5,9.6,4.0,89.0,0.03738975032851512,2677.2900390625,0.23114598816192183,0.0
^RUT,2026-03-31,2325.0,Put,8.8,9.6,9.88,2.0,107.0,0.03738975032851512,2677.2900390625,0.23114598816192183,0.0
^RUT,2026-03-31,2330.0,Call,324.1,348.1,348.09,2.0,2.0,0.03738975032851512,2677.2900390625,0.23114598816192183,0.0
^RUT,2026-03-31,2330.0,Put,9.1,9.9,10.2,3.0,39.0,0.03738975032851512,2677.2900390625,0.23114598816192183,0.0
^RUT,2026-03-31,2335.0,Put,9.5,10.2,10.07,1.0,43.0,0.03738975032851512,2677.2900390625,0.23114598816192183,0.0
^RUT,2026-03-31,2340.0,Call,0.0,0.0,258.95,2.0,18.0,0.03738975032851512,2677.2900390625,0.23114598816192183,0.0
^RUT,2026-03-31,2340.0,Put,9.9,10.7,9.36,3.0,48.0,0.03738975032851512,2677.2900390625,0.23114598816192183,0.0
^RUT,2026-03-31,2345.0,Put,10.1,10.9,8.75,3.0,9.0,0.03738975032851512,2677.2900390625,0.23114598816192183,0.0
^RUT,2026-03-31,2350.0,Call,305.4,329.4,317.9,5.0,31.0,0.03738975032851512,2677.2900390625,0.23114598816192183,0.0
^RUT,2026-03-31,2350.0,Put,10.4,11.1,8.36,14.0,111.0,0.03738975032851512,2677.2900390625,0.23114598816192183,0.0
^RUT,2026-03-31,2355.0,Put,10.9,11.7,8.7,13.0,14.0,0.03738975032851512,2677.2900390625,0.23114598816192183,0.0
^RUT,2026-03-31,2360.0,Call,239.5,242.6,167.3,6.0,8.0,0.03738975032851512,2677.2900390625,0.23114598816192183,0.0
^RUT,2026-03-31,2360.0,Put,11.1,11.8,8.87,2.0,60.0,0.03738975032851512,2677.2900390625,0.23114598816192183,0.0
^RUT,2026-03-31,2365.0,Put,11.4,12.3,12.05,40.0,69.0,0.03738975032851512,2677.2900390625,0.23114598816192183,0.0
^RUT,2026-03-31,2370.0,Call,180.7,187.0,191.2,,8.0,0.03738975032851512,2677.2900390625,0.23114598816192183,0.0
^RUT,2026-03-31,2370.0,Put,12.0,12.8,12.42,30.0,135.0,0.03738975032851512,2677.2900390625,0.23114598816192183,0.0
^RUT,2026-03-31,2375.0,Put,12.2,13.0,9.9,3.0,10.0,0.03738975032851512,2677.2900390625,0.23114598816192183,0.0
^RUT,2026-03-31,2380.0,Call,241.2,246.7,125.4,1.0,25.0,0.03738975032851512,2677.2900390625,0.23114598816192183,0.0
^RUT,2026-03-31,2380.0,Put,12.8,13.7,10.32,2.0,90.0,0.03738975032851512,2677.2900390625,0.23114598816192183,0.0
^RUT,2026-03-31,2385.0,Put,13.0,13.9,21.15,3.0,62.0,0.03738975032851512,2677.2900390625,0.23114598816192183,0.0
^RUT,2026-03-31,2390.0,Call,169.9,175.2,180.4,2.0,1.0,0.03738975032851512,2677.2900390625,0.23114598816192183,0.0
^RUT,2026-03-31,2390.0,Put,13.5,14.4,13.0,2.0,81.0,0.03738975032851512,2677.2900390625,0.23114598816192183,0.0
^RUT,2026-03-31,2395.0,Call,264.1,288.1,311.4,,6.0,0.03738975032851512,2677.2900390625,0.23114598816192183,0.0
^RUT,2026-03-31,2395.0,Put,13.9,14.8,12.0,2.0,10.0,0.03738975032851512,2677.2900390625,0.23114598816192183,0.0
^RUT,2026-03-31,2400.0,Call,259.6,283.6,235.4,1.0,115.0,0.03738975032851512,2677.2900390625,0.23114598816192183,0.0
^RUT,2026-03-31,2400.0,Put,14.3,15.2,15.32,4.0,461.0,0.03738975032851512,2677.2900390625,0.23114598816192183,0.0
^RUT,2026-03-31,2405.0,Call,255.0,279.0,311.46,18.0,18.0,0.03738975032851512,2677.2900390625,0.23114598816192183,0.0
^RUT,2026-03-31,2405.0,Put,14.8,15.7,18.49,2.0,15.0,0.03738975032851512,2677.2900390625,0.23114598816192183,0.0
^RUT,2026-03-31,2410.0,Call,142.9,144.0,216.49,2.0,4.0,0.03738975032851512,2677.2900390625,0.23114598816192183,0.0
^RUT,2026-03-31,2410.0,Put,15.5,16.5,19.07,1.0,33.0,0.03738975032851512,2677.2900390625,0.23114598816192183,0.0
^RUT,2026-03-31,2415.0,Call,246.1,270.1,298.5,1.0,1.0,0.03738975032851512,2677.2900390625,0.23114598816192183,0.0
^RUT,2026-03-31,2415.0,Put,15.9,16.7,14.96,4.0,20.0,0.03738975032851512,2677.2900390625,0.23114598816192183,0.0
^RUT,2026-03-31,2420.0,Put,16.6,17.5,13.15,1.0,19.0,0.03738975032851512,2677.2900390625,0.23114598816192183,0.0
^RUT,2026-03-31,2425.0,Put,17.0,17.9,18.1,6.0,129.0,0.03738975032851512,2677.2900390625,0.23114598816192183,0.0
^RUT,2026-03-31,2430.0,Put,17.7,18.7,17.5,1.0,18.0,0.03738975032851512,2677.2900390625,0.23114598816192183,0.0
^RUT,2026-03-31,2435.0,Put,18.3,19.3,17.02,4.0,11.0,0.03738975032851512,2677.2900390625,0.23114598816192183,0.0
^RUT,2026-03-31,2440.0,Call,224.0,248.0,254.35,1.0,1.0,0.03738975032851512,2677.2900390625,0.23114598816192183,0.0
^RUT,2026-03-31,2440.0,Put,18.9,19.9,16.65,5.0,36.0,0.03738975032851512,2677.2900390625,0.23114598816192183,0.0
^RUT,2026-03-31,2445.0,Put,19.5,20.5,16.68,4.0,21.0,0.03738975032851512,2677.2900390625,0.23114598816192183,0.0
^RUT,2026-03-31,2450.0,Call,214.9,217.5,203.79,6.0,48.0,0.03738975032851512,2677.2900390625,0.23114598816192183,0.0
^RUT,2026-03-31,2450.0,Put,20.0,20.9,17.37,3.0,286.0,0.03738975032851512,2677.2900390625,0.23114598816192183,0.0
^RUT,2026-03-31,2455.0,Call,211.0,235.0,240.45,1.0,1.0,0.03738975032851512,2677.2900390625,0.23114598816192183,0.0
^RUT,2026-03-31,2455.0,Put,20.9,21.9,20.75,4.0,28.0,0.03738975032851512,2677.2900390625,0.23114598816192183,0.0
^RUT,2026-03-31,2460.0,Put,21.6,22.6,19.39,3.0,85.0,0.03738975032851512,2677.2900390625,0.23114598816192183,0.0
^RUT,2026-03-31,2465.0,Put,22.3,23.3,17.9,1.0,20.0,0.03738975032851512,2677.2900390625,0.23114598816192183,0.0
^RUT,2026-03-31,2470.0,Put,22.9,23.8,18.7,4.0,52.0,0.03738975032851512,2677.2900390625,0.23114598816192183,0.0
^RUT,2026-03-31,2475.0,Call,220.4,233.1,141.81,,1.0,0.03738975032851512,2677.2900390625,0.23114598816192183,0.0
^RUT,2026-03-31,2475.0,Put,23.8,24.8,27.77,1.0,42.0,0.03738975032851512,2677.2900390625,0.23114598816192183,0.0
^RUT,2026-03-31,2480.0,Put,24.6,25.6,19.76,1.0,18.0,0.03738975032851512,2677.2900390625,0.23114598816192183,0.0
^RUT,2026-03-31,2485.0,Put,25.2,26.2,24.7,4.0,9.0,0.03738975032851512,2677.2900390625,0.23114598816192183,0.0
^RUT,2026-03-31,2490.0,Put,26.1,27.0,24.05,4.0,21.0,0.03738975032851512,2677.2900390625,0.23114598816192183,0.0
^RUT,2026-03-31,2495.0,Put,27.1,28.2,42.41,5.0,12.0,0.03738975032851512,2677.2900390625,0.23114598816192183,0.0
^RUT,2026-03-31,2500.0,Call,205.9,208.3,151.32,3.0,79.0,0.03738975032851512,2677.2900390625,0.23114598816192183,0.0
^RUT,2026-03-31,2500.0,Put,28.0,29.0,23.87,2.0,86.0,0.03738975032851512,2677.2900390625,0.23114598816192183,0.0
^RUT,2026-03-31,2505.0,Put,28.9,30.0,32.43,3.0,5.0,0.03738975032851512,2677.2900390625,0.23114598816192183,0.0
^RUT,2026-03-31,2510.0,Put,29.6,30.7,45.1,1.0,42.0,0.03738975032851512,2677.2900390625,0.23114598816192183,0.0
^RUT,2026-03-31,2515.0,Put,30.8,31.9,30.1,30.0,34.0,0.03738975032851512,2677.2900390625,0.23114598816192183,0.0
^RUT,2026-03-31,2520.0,Put,31.6,32.6,25.63,1.0,24.0,0.03738975032851512,2677.2900390625,0.23114598816192183,0.0
^RUT,2026-03-31,2525.0,Call,185.8,188.0,90.6,5.0,5.0,0.03738975032851512,2677.2900390625,0.23114598816192183,0.0
^RUT,2026-03-31,2525.0,Put,32.9,33.9,42.55,4.0,47.0,0.03738975032851512,2677.2900390625,0.23114598816192183,0.0
^RUT,2026-03-31,2530.0,Call,158.8,161.4,171.6,30.0,30.0,0.03738975032851512,2677.2900390625,0.23114598816192183,0.0
^RUT,2026-03-31,2530.0,Put,33.6,34.7,33.5,28.0,63.0,0.03738975032851512,2677.2900390625,0.23114598816192183,0.0
^RUT,2026-03-31,2535.0,Call,177.9,180.1,86.1,4.0,4.0,0.03738975032851512,2677.2900390625,0.23114598816192183,0.0
^RUT,2026-03-31,2535.0,Put,34.7,35.8,43.2,1.0,43.0,0.03738975032851512,2677.2900390625,0.23114598816192183,0.0
^RUT,2026-03-31,2540.0,Call,174.0,176.2,77.4,4.0,4.0,0.03738975032851512,2677.2900390625,0.23114598816192183,0.0
^RUT,2026-03-31,2540.0,Put,36.0,37.1,30.51,1.0,29.0,0.03738975032851512,2677.2900390625,0.23114598816192183,0.0
^RUT,2026-03-31,2545.0,Put,36.9,38.0,34.6,1.0,44.0,0.03738975032851512,2677.2900390625,0.23114598816192183,0.0
^RUT,2026-03-31,2550.0,Call,143.0,145.7,166.5,1.0,88.0,0.03738975032851512,2677.2900390625,0.23114598816192183,0.0
^RUT,2026-03-31,2550.0,Put,38.1,39.2,33.95,7.0,224.0,0.03738975032851512,2677.2900390625,0.23114598816192183,0.0
^RUT,2026-03-31,2555.0,Put,39.2,40.2,45.04,1.0,16.0,0.03738975032851512,2677.2900390625,0.23114598816192183,0.0
^RUT,2026-03-31,2560.0,Call,135.5,138.1,131.7,,1.0,0.03738975032851512,2677.2900390625,0.23114598816192183,0.0
^RUT,2026-03-31,2560.0,Put,40.6,41.6,34.63,1.0,104.0,0.03738975032851512,2677.2900390625,0.23114598816192183,0.0
^RUT,2026-03-31,2565.0,Put,41.8,42.9,51.5,1.0,7.0,0.03738975032851512,2677.2900390625,0.23114598816192183,0.0
^RUT,2026-03-31,2570.0,Call,128.7,130.8,169.88,1.0,0.0,0.03738975032851512,2677.2900390625,0.23114598816192183,0.0
^RUT,2026-03-31,2570.0,Put,43.4,44.6,51.97,5.0,60.0,0.03738975032851512,2677.2900390625,0.23114598816192183,0.0
^RUT,2026-03-31,2575.0,Call,124.1,126.3,133.6,1.0,6.0,0.03738975032851512,2677.2900390625,0.23114598816192183,0.0
^RUT,2026-03-31,2575.0,Put,44.4,45.6,55.76,4.0,22.0,0.03738975032851512,2677.2900390625,0.23114598816192183,0.0
^RUT,2026-03-31,2580.0,Call,121.1,123.2,135.4,30.0,32.0,0.03738975032851512,2677.2900390625,0.23114598816192183,0.0
^RUT,2026-03-31,2580.0,Put,46.0,47.2,42.29,5.0,44.0,0.03738975032851512,2677.2900390625,0.23114598816192183,0.0
^RUT,2026-03-31,2585.0,Call,117.6,119.6,136.5,10.0,10.0,0.03738975032851512,2677.2900390625,0.23114598816192183,0.0
^RUT,2026-03-31,2585.0,Put,47.2,48.3,53.41,2.0,29.0,0.03738975032851512,2677.2900390625,0.23114598816192183,0.0
^RUT,2026-03-31,2590.0,Call,114.5,116.3,139.9,5.0,5.0,0.03738975032851512,2677.2900390625,0.23114598816192183,0.0
^RUT,2026-03-31,2590.0,Put,48.7,49.8,45.91,5.0,99.0,0.03738975032851512,2677.2900390625,0.23114598816192183,0.0
^RUT,2026-03-31,2595.0,Put,50.2,51.3,46.89,15.0,25.0,0.03738975032851512,2677.2900390625,0.23114598816192183,0.0
^RUT,2026-03-31,2600.0,Call,106.7,108.4,87.45,1.0,399.0,0.03738975032851512,2677.2900390625,0.23114598816192183,0.0
^RUT,2026-03-31,2600.0,Put,51.7,52.8,42.2,9.0,445.0,0.03738975032851512,2677.2900390625,0.23114598816192183,0.0
^RUT,2026-03-31,2605.0,Call,104.2,105.8,145.81,2.0,7.0,0.03738975032851512,2677.2900390625,0.23114598816192183,0.0
^RUT,2026-03-31,2605.0,Put,53.2,54.4,50.1,2.0,70.0,0.03738975032851512,2677.2900390625,0.23114598816192183,0.0
^RUT,2026-03-31,2610.0,Call,100.5,102.1,87.01,1.0,3.0,0.03738975032851512,2677.2900390625,0.23114598816192183,0.0
^RUT,2026-03-31,2610.0,Put,54.9,56.0,66.94,8.0,419.0,0.03738975032851512,2677.2900390625,0.23114598816192183,0.0
^RUT,2026-03-31,2615.0,Call,97.6,99.0,135.7,1.0,1.0,0.03738975032851512,2677.2900390625,0.23114598816192183,0.0
^RUT,2026-03-31,2615.0,Put,56.4,57.5,70.86,1.0,32.0,0.03738975032851512,2677.2900390625,0.23114598816192183,0.0
^RUT,2026-03-31,2620.0,Call,93.5,95.0,102.13,9.0,17.0,0.03738975032851512,2677.2900390625,0.23114598816192183,0.0
^RUT,2026-03-31,2620.0,Put,58.2,59.4,61.25,7.0,122.0,0.03738975032851512,2677.2900390625,0.23114598816192183,0.0
^RUT,2026-03-31,2625.0,Call,90.3,91.7,77.1,1.0,2.0,0.03738975032851512,2677.2900390625,0.23114598816192183,0.0
^RUT,2026-03-31,2625.0,Put,59.8,61.1,66.94,1.0,39.0,0.03738975032851512,2677.2900390625,0.23114598816192183,0.0
^RUT,2026-03-31,2630.0,Call,87.7,89.1,90.07,1.0,11.0,0.03738975032851512,2677.2900390625,0.23114598816192183,0.0
^RUT,2026-03-31,2630.0,Put,61.6,62.9,58.88,4.0,178.0,0.03738975032851512,2677.2900390625,0.23114598816192183,0.0
^RUT,2026-03-31,2635.0,Call,84.6,86.1,86.89,2.0,2.0,0.03738975032851512,2677.2900390625,0.23114598816192183,0.0
^RUT,2026-03-31,2635.0,Put,63.5,64.6,59.71,30.0,54.0,0.03738975032851512,2677.2900390625,0.23114598816192183,0.0
^RUT,2026-03-31,2640.0,Call,81.0,82.4,92.11,7.0,8.0,0.03738975032851512,2677.2900390625,0.23114598816192183,0.0
^RUT,2026-03-31,2640.0,Put,65.6,66.8,61.9,1.0,62.0,0.03738975032851512,2677.2900390625,0.23114598816192183,0.0
^RUT,2026-03-31,2645.0,Put,67.4,68.5,57.62,7.0,23.0,0.03738975032851512,2677.2900390625,0.23114598816192183,0.0
^RUT,2026-03-31,2650.0,Call,75.1,76.4,83.0,10.0,162.0,0.03738975032851512,2677.2900390625,0.23114598816192183,0.0
^RUT,2026-03-31,2650.0,Put,69.4,70.5,58.63,33.0,224.0,0.03738975032851512,2677.2900390625,0.23114598816192183,0.0
^RUT,2026-03-31,2655.0,Call,72.8,74.1,89.91,1.0,7.0,0.03738975032851512,2677.2900390625,0.23114598816192183,0.0
^RUT,2026-03-31,2655.0,Put,71.7,72.9,76.7,1.0,42.0,0.03738975032851512,2677.2900390625,0.23114598816192183,0.0
^RUT,2026-03-31,2660.0,Call,69.8,71.1,76.8,3.0,4.0,0.03738975032851512,2677.2900390625,0.23114598816192183,0.0
^RUT,2026-03-31,2660.0,Put,74.3,75.5,78.63,1.0,279.0,0.03738975032851512,2677.2900390625,0.23114598816192183,0.0
^RUT,2026-03-31,2665.0,Call,67.0,68.3,74.18,1.0,4.0,0.03738975032851512,2677.2900390625,0.23114598816192183,0.0
^RUT,2026-03-31,2665.0,Put,76.5,77.7,71.38,15.0,55.0,0.03738975032851512,2677.2900390625,0.23114598816192183,0.0
^RUT,2026-03-31,2670.0,Put,78.2,79.5,69.0,2.0,59.0,0.03738975032851512,2677.2900390625,0.23114598816192183,0.0
^RUT,2026-03-31,2675.0,Call,61.7,62.9,62.0,2.0,16.0,0.03738975032851512,2677.2900390625,0.23114598816192183,0.0
^RUT,2026-03-31,2675.0,Put,81.1,82.4,68.72,1.0,24.0,0.03738975032851512,2677.2900390625,0.23114598816192183,0.0
^RUT,2026-03-31,2680.0,Call,59.1,60.3,66.3,1.0,28.0,0.03738975032851512,2677.2900390625,0.23114598816192183,0.0
^RUT,2026-03-31,2680.0,Put,82.9,84.2,77.38,10.0,92.0,0.03738975032851512,2677.2900390625,0.23114598816192183,0.0
^RUT,2026-03-31,2685.0,Call,56.6,57.9,69.77,3.0,11.0,0.03738975032851512,2677.2900390625,0.23114598816192183,0.0
^RUT,2026-03-31,2685.0,Put,85.3,86.6,114.88,1.0,2.0,0.03738975032851512,2677.2900390625,0.23114598816192183,0.0
^RUT,2026-03-31,2690.0,Call,54.0,55.3,53.6,25.0,50.0,0.03738975032851512,2677.2900390625,0.23114598816192183,0.0
^RUT,2026-03-31,2690.0,Put,87.8,89.1,80.1,10.0,62.0,0.03738975032851512,2677.2900390625,0.23114598816192183,0.0
^RUT,2026-03-31,2695.0,Call,51.6,52.8,40.85,1.0,10.0,0.03738975032851512,2677.2900390625,0.23114598816192183,0.0
^RUT,2026-03-31,2695.0,Put,90.4,91.8,96.5,10.0,10.0,0.03738975032851512,2677.2900390625,0.23114598816192183,0.0
^RUT,2026-03-31,2700.0,Call,49.3,50.5,61.8,3.0,280.0,0.03738975032851512,2677.2900390625,0.23114598816192183,0.0
^RUT,2026-03-31,2700.0,Put,93.6,95.0,87.81,10.0,32.0,0.03738975032851512,2677.2900390625,0.23114598816192183,0.0
^RUT,2026-03-31,2705.0,Call,47.0,48.2,57.91,1.0,4.0,0.03738975032851512,2677.2900390625,0.23114598816192183,0.0
^RUT,2026-03-31,2705.0,Put,96.2,97.8,106.07,,4.0,0.03738975032851512,2677.2900390625,0.23114598816192183,0.0
^RUT,2026-03-31,2710.0,Call,44.8,46.0,48.2,1.0,16.0,0.03738975032851512,2677.2900390625,0.23114598816192183,0.0
^RUT,2026-03-31,2710.0,Put,98.3,99.9,97.9,1.0,9.0,0.03738975032851512,2677.2900390625,0.23114598816192183,0.0
^RUT,2026-03-31,2715.0,Call,42.3,43.5,48.4,1.0,5.0,0.03738975032851512,2677.2900390625,0.23114598816192183,0.0
^RUT,2026-03-31,2715.0,Put,100.9,102.7,107.21,5.0,52.0,0.03738975032851512,2677.2900390625,0.23114598816192183,0.0
^RUT,2026-03-31,2720.0,Call,40.5,41.7,44.86,2.0,54.0,0.03738975032851512,2677.2900390625,0.23114598816192183,0.0
^RUT,2026-03-31,2720.0,Put,104.6,106.4,98.54,1.0,37.0,0.03738975032851512,2677.2900390625,0.23114598816192183,0.0
^RUT,2026-03-31,2725.0,Call,38.2,39.4,45.3,4.0,27.0,0.03738975032851512,2677.2900390625,0.23114598816192183,0.0
^RUT,2026-03-31,2725.0,Put,107.5,109.4,105.9,1.0,4.0,0.03738975032851512,2677.2900390625,0.23114598816192183,0.0
^RUT,2026-03-31,2730.0,Call,36.6,37.7,46.7,2.0,31.0,0.03738975032851512,2677.2900390625,0.23114598816192183,0.0
^RUT,2026-03-31,2730.0,Put,109.8,111.8,104.25,1.0,9.0,0.03738975032851512,2677.2900390625,0.23114598816192183,0.0
^RUT,2026-03-31,2735.0,Call,34.7,35.8,50.43,,1.0,0.03738975032851512,2677.2900390625,0.23114598816192183,0.0
^RUT,2026-03-31,2735.0,Put,113.5,115.7,132.5,1.0,10.0,0.03738975032851512,2677.2900390625,0.23114598816192183,0.0
^RUT,2026-03-31,2740.0,Call,32.8,33.9,32.28,4.0,19.0,0.03738975032851512,2677.2900390625,0.23114598816192183,0.0
^RUT,2026-03-31,2740.0,Put,115.9,118.2,107.23,,3.0,0.03738975032851512,2677.2900390625,0.23114598816192183,0.0
^RUT,2026-03-31,2750.0,Call,29.4,30.4,25.41,2.0,164.0,0.03738975032851512,2677.2900390625,0.23114598816192183,0.0
^RUT,2026-03-31,2750.0,Put,122.9,125.6,116.58,5.0,8.0,0.03738975032851512,2677.2900390625,0.23114598816192183,0.0
^RUT,2026-03-31,2755.0,Call,45.3,45.9,40.87,,1.0,0.03738975032851512,2677.2900390625,0.23114598816192183,0.0
^RUT,2026-03-31,2755.0,Put,125.5,128.2,127.4,1.0,6.0,0.03738975032851512,2677.2900390625,0.23114598816192183,0.0
^RUT,2026-03-31,2760.0,Call,26.2,27.2,29.3,40.0,42.0,0.03738975032851512,2677.2900390625,0.23114598816192183,0.0
^RUT,2026-03-31,2760.0,Put,129.7,132.4,114.87,5.0,17.0,0.03738975032851512,2677.2900390625,0.23114598816192183,0.0
^RUT,2026-03-31,2765.0,Call,24.4,25.5,28.74,2.0,4.0,0.03738975032851512,2677.2900390625,0.23114598816192183,0.0
^RUT,2026-03-31,2770.0,Call,23.2,24.2,29.81,3.0,15.0,0.03738975032851512,2677.2900390625,0.23114598816192183,0.0
^RUT,2026-03-31,2775.0,Call,21.6,22.7,25.12,2.0,49.0,0.03738975032851512,2677.2900390625,0.23114598816192183,0.0
^RUT,2026-03-31,2780.0,Call,20.5,21.5,38.52,2.0,66.0,0.03738975032851512,2677.2900390625,0.23114598816192183,0.0
^RUT,2026-03-31,2780.0,Put,143.1,146.0,157.8,,1.0,0.03738975032851512,2677.2900390625,0.23114598816192183,0.0
^RUT,2026-03-31,2785.0,Call,19.0,20.1,20.65,1.0,15.0,0.03738975032851512,2677.2900390625,0.23114598816192183,0.0
^RUT,2026-03-31,2790.0,Call,17.8,18.9,22.77,1.0,15.0,0.03738975032851512,2677.2900390625,0.23114598816192183,0.0
^RUT,2026-03-31,2790.0,Put,150.5,153.5,130.65,,1.0,0.03738975032851512,2677.2900390625,0.23114598816192183,0.0
^RUT,2026-03-31,2795.0,Call,16.7,17.7,21.3,5.0,6.0,0.03738975032851512,2677.2900390625,0.23114598816192183,0.0
^RUT,2026-03-31,2795.0,Put,154.4,157.4,133.8,,1.0,0.03738975032851512,2677.2900390625,0.23114598816192183,0.0
^RUT,2026-03-31,2800.0,Call,15.9,16.9,19.03,31.0,480.0,0.03738975032851512,2677.2900390625,0.23114598816192183,0.0
^RUT,2026-03-31,2800.0,Put,191.4,194.1,285.0,2.0,2.0,0.03738975032851512,2677.2900390625,0.23114598816192183,0.0
^RUT,2026-03-31,2805.0,Call,14.6,15.6,14.73,7.0,10.0,0.03738975032851512,2677.2900390625,0.23114598816192183,0.0
^RUT,2026-03-31,2810.0,Call,13.8,14.8,16.99,6.0,81.0,0.03738975032851512,2677.2900390625,0.23114598816192183,0.0
^RUT,2026-03-31,2810.0,Put,160.6,176.6,175.2,,1.0,0.03738975032851512,2677.2900390625,0.23114598816192183,0.0
^RUT,2026-03-31,2815.0,Call,12.7,13.7,16.1,26.0,59.0,0.03738975032851512,2677.2900390625,0.23114598816192183,0.0
^RUT,2026-03-31,2820.0,Call,12.0,12.9,16.68,5.0,53.0,0.03738975032851512,2677.2900390625,0.23114598816192183,0.0
^RUT,2026-03-31,2825.0,Call,11.1,12.1,13.75,1.0,32.0,0.03738975032851512,2677.2900390625,0.23114598816192183,0.0
^RUT,2026-03-31,2830.0,Call,10.4,11.3,14.2,7.0,10.0,0.03738975032851512,2677.2900390625,0.23114598816192183,0.0
^RUT,2026-03-31,2835.0,Call,9.6,10.6,11.87,1.0,32.0,0.03738975032851512,2677.2900390625,0.23114598816192183,0.0
^RUT,2026-03-31,2840.0,Call,8.9,9.8,10.3,3.0,52.0,0.03738975032851512,2677.2900390625,0.23114598816192183,0.0
^RUT,2026-03-31,2845.0,Call,8.3,9.2,8.77,2.0,9.0,0.03738975032851512,2677.2900390625,0.23114598816192183,0.0
^RUT,2026-03-31,2845.0,Put,187.7,203.7,190.0,1.0,0.0,0.03738975032851512,2677.2900390625,0.23114598816192183,0.0
^RUT,2026-03-31,2850.0,Call,7.6,8.5,9.65,24.0,160.0,0.03738975032851512,2677.2900390625,0.23114598816192183,0.0
^RUT,2026-03-31,2850.0,Put,192.0,208.0,197.0,1.0,2.0,0.03738975032851512,2677.2900390625,0.23114598816192183,0.0
^RUT,2026-03-31,2855.0,Call,7.2,8.0,7.64,2.0,25.0,0.03738975032851512,2677.2900390625,0.23114598816192183,0.0
^RUT,2026-03-31,2855.0,Put,196.4,212.4,220.0,5.0,8.0,0.03738975032851512,2677.2900390625,0.23114598816192183,0.0
^RUT,2026-03-31,2860.0,Call,6.8,7.5,8.33,32.0,214.0,0.03738975032851512,2677.2900390625,0.23114598816192183,0.0
^RUT,2026-03-31,2860.0,Put,200.2,216.0,224.0,3.0,3.0,0.03738975032851512,2677.2900390625,0.23114598816192183,0.0
^RUT,2026-03-31,2865.0,Call,6.1,7.0,7.78,33.0,264.0,0.03738975032851512,2677.2900390625,0.23114598816192183,0.0
^RUT,2026-03-31,2865.0,Put,201.4,225.4,198.0,1.0,1.0,0.03738975032851512,2677.2900390625,0.23114598816192183,0.0
^RUT,2026-03-31,2900.0,Call,3.7,4.3,5.38,4.0,445.0,0.03738975032851512,2677.2900390625,0.23114598816192183,0.0
^RUT,2026-03-31,2950.0,Call,1.7,2.2,2.62,3.0,91.0,0.03738975032851512,2677.2900390625,0.23114598816192183,0.0
^RUT,2026-03-31,3000.0,Call,0.8,1.25,1.05,7.0,325.0,0.03738975032851512,2677.2900390625,0.23114598816192183,0.0
^RUT,2026-03-31,3050.0,Call,0.4,0.85,0.63,7.0,25.0,0.03738975032851512,2677.2900390625,0.23114598816192183,0.0
^RUT,2026-03-31,3100.0,Call,0.25,0.65,0.4,7.0,83.0,0.03738975032851512,2677.2900390625,0.23114598816192183,0.0
^RUT,2026-03-31,3100.0,Put,952.6,1021.3,1111.7,,1.0,0.03738975032851512,2677.2900390625,0.23114598816192183,0.0
^RUT,2026-04-10,2025.0,Put,3.3,3.9,3.72,2.0,7.0,0.037324047306176084,2677.2900390625,0.23114598816192183,0.0
^RUT,2026-04-10,2080.0,Put,4.1,4.7,5.3,2.0,2.0,0.037324047306176084,2677.2900390625,0.23114598816192183,0.0
^RUT,2026-04-10,2145.0,Put,5.4,6.1,8.1,,1.0,0.037324047306176084,2677.2900390625,0.23114598816192183,0.0
^RUT,2026-04-10,2225.0,Put,7.9,8.7,8.86,5.0,16.0,0.037324047306176084,2677.2900390625,0.23114598816192183,0.0
^RUT,2026-04-10,2240.0,Put,8.5,9.2,13.63,26.0,30.0,0.037324047306176084,2677.2900390625,0.23114598816192183,0.0
^RUT,2026-04-10,2245.0,Put,8.6,9.4,11.92,,1.0,0.037324047306176084,2677.2900390625,0.23114598816192183,0.0
^RUT,2026-04-10,2250.0,Put,8.9,9.6,10.02,5.0,9.0,0.037324047306176084,2677.2900390625,0.23114598816192183,0.0
^RUT,2026-04-10,2260.0,Put,9.3,10.1,13.15,,20.0,0.037324047306176084,2677.2900390625,0.23114598816192183,0.0
^RUT,2026-04-10,2275.0,Put,10.1,11.0,12.01,1.0,5.0,0.037324047306176084,2677.2900390625,0.23114598816192183,0.0
^RUT,2026-04-10,2280.0,Put,10.4,11.1,17.1,60.0,64.0,0.037324047306176084,2677.2900390625,0.23114598816192183,0.0
^RUT,2026-04-10,2290.0,Put,11.1,11.9,12.62,15.0,75.0,0.037324047306176084,2677.2900390625,0.23114598816192183,0.0
^RUT,2026-04-10,2295.0,Put,11.2,12.1,9.51,2.0,18.0,0.037324047306176084,2677.2900390625,0.23114598816192183,0.0
^RUT,2026-04-10,2300.0,Put,11.5,12.4,9.72,8.0,18.0,0.037324047306176084,2677.2900390625,0.23114598816192183,0.0
^RUT,2026-04-10,2305.0,Put,11.9,12.6,14.65,4.0,4.0,0.037324047306176084,2677.2900390625,0.23114598816192183,0.0
^RUT,2026-04-10,2310.0,Call,347.2,371.2,375.94,,3.0,0.037324047306176084,2677.2900390625,0.23114598816192183,0.0
^RUT,2026-04-10,2310.0,Put,12.0,13.1,11.52,1.0,5.0,0.037324047306176084,2677.2900390625,0.23114598816192183,0.0
^RUT,2026-04-10,2320.0,Call,337.9,361.9,367.25,,3.0,0.037324047306176084,2677.2900390625,0.23114598816192183,0.0
^RUT,2026-04-10,2320.0,Put,12.9,13.7,20.49,27.0,28.0,0.037324047306176084,2677.2900390625,0.23114598816192183,0.0
^RUT,2026-04-10,2325.0,Put,13.2,14.1,12.47,1.0,13.0,0.037324047306176084,2677.2900390625,0.23114598816192183,0.0
^RUT,2026-04-10,2330.0,Put,13.6,14.5,12.76,3.0,12.0,0.037324047306176084,2677.2900390625,0.23114598816192183,0.0
^RUT,2026-04-10,2340.0,Call,321.8,345.8,347.83,,2.0,0.037324047306176084,2677.2900390625,0.23114598816192183,0.0
^RUT,2026-04-10,2340.0,Put,14.4,15.3,16.11,1.0,11.0,0.037324047306176084,2677.2900390625,0.23114598816192183,0.0
^RUT,2026-04-10,2345.0,Put,14.8,15.7,13.94,2.0,12.0,0.037324047306176084,2677.2900390625,0.23114598816192183,0.0
^RUT,2026-04-10,2350.0,Call,310.4,334.4,339.03,,2.0,0.037324047306176084,2677.2900390625,0.23114598816192183,0.0
^RUT,2026-04-10,2355.0,Put,15.5,16.4,13.26,1.0,3.0,0.037324047306176084,2677.2900390625,0.23114598816192183,0.0
^RUT,2026-04-10,2360.0,Put,16.2,17.1,15.26,8.0,30.0,0.037324047306176084,2677.2900390625,0.23114598816192183,0.0
^RUT,2026-04-10,2365.0,Put,16.4,17.3,15.55,2.0,34.0,0.037324047306176084,2677.2900390625,0.23114598816192183,0.0
^RUT,2026-04-10,2370.0,Put,16.9,17.7,14.5,5.0,27.0,0.037324047306176084,2677.2900390625,0.23114598816192183,0.0
^RUT,2026-04-10,2375.0,Put,17.5,18.3,19.63,4.0,26.0,0.037324047306176084,2677.2900390625,0.23114598816192183,0.0
^RUT,2026-04-10,2380.0,Put,18.0,18.8,17.42,1.0,6.0,0.037324047306176084,2677.2900390625,0.23114598816192183,0.0
^RUT,2026-04-10,2385.0,Put,18.5,19.3,16.27,1.0,11.0,0.037324047306176084,2677.2900390625,0.23114598816192183,0.0
^RUT,2026-04-10,2390.0,Put,18.9,19.9,15.98,1.0,18.0,0.037324047306176084,2677.2900390625,0.23114598816192183,0.0
^RUT,2026-04-10,2400.0,Put,20.1,21.0,21.53,2.0,26.0,0.037324047306176084,2677.2900390625,0.23114598816192183,0.0
^RUT,2026-04-10,2405.0,Put,20.7,21.6,21.56,1.0,10.0,0.037324047306176084,2677.2900390625,0.23114598816192183,0.0
^RUT,2026-04-10,2410.0,Put,21.3,22.2,18.72,9.0,28.0,0.037324047306176084,2677.2900390625,0.23114598816192183,0.0
^RUT,2026-04-10,2415.0,Put,22.0,23.0,20.88,5.0,20.0,0.037324047306176084,2677.2900390625,0.23114598816192183,0.0
^RUT,2026-04-10,2430.0,Put,23.8,24.7,19.75,12.0,19.0,0.037324047306176084,2677.2900390625,0.23114598816192183,0.0
^RUT,2026-04-10,2435.0,Put,24.3,25.2,23.0,2.0,5.0,0.037324047306176084,2677.2900390625,0.23114598816192183,0.0
^RUT,2026-04-10,2440.0,Put,25.0,25.9,23.64,5.0,10.0,0.037324047306176084,2677.2900390625,0.23114598816192183,0.0
^RUT,2026-04-10,2450.0,Put,26.9,27.9,22.35,3.0,8.0,0.037324047306176084,2677.2900390625,0.23114598816192183,0.0
^RUT,2026-04-10,2455.0,Put,27.4,28.5,30.53,2.0,10.0,0.037324047306176084,2677.2900390625,0.23114598816192183,0.0
^RUT,2026-04-10,2460.0,Put,28.2,29.3,26.3,6.0,18.0,0.037324047306176084,2677.2900390625,0.23114598816192183,0.0
^RUT,2026-04-10,2465.0,Put,29.2,30.3,26.9,48.0,63.0,0.037324047306176084,2677.2900390625,0.23114598816192183,0.0
^RUT,2026-04-10,2470.0,Put,30.1,31.1,26.34,5.0,16.0,0.037324047306176084,2677.2900390625,0.23114598816192183,0.0
^RUT,2026-04-10,2475.0,Call,212.7,215.9,234.96,,6.0,0.037324047306176084,2677.2900390625,0.23114598816192183,0.0
^RUT,2026-04-10,2475.0,Put,30.5,31.6,27.11,52.0,70.0,0.037324047306176084,2677.2900390625,0.23114598816192183,0.0
^RUT,2026-04-10,2480.0,Call,209.1,212.0,231.0,,6.0,0.037324047306176084,2677.2900390625,0.23114598816192183,0.0
^RUT,2026-04-10,2485.0,Put,32.3,33.3,28.79,6.0,7.0,0.037324047306176084,2677.2900390625,0.23114598816192183,0.0
^RUT,2026-04-10,2490.0,Put,33.4,34.5,32.7,,1.0,0.037324047306176084,2677.2900390625,0.23114598816192183,0.0
^RUT,2026-04-10,2500.0,Put,35.3,36.4,32.05,4.0,19.0,0.037324047306176084,2677.2900390625,0.23114598816192183,0.0
^RUT,2026-04-10,2505.0,Call,188.7,191.5,195.44,,3.0,0.037324047306176084,2677.2900390625,0.23114598816192183,0.0
^RUT,2026-04-10,2505.0,Put,36.3,37.4,42.71,,1.0,0.037324047306176084,2677.2900390625,0.23114598816192183,0.0
^RUT,2026-04-10,2515.0,Call,180.8,183.6,194.46,,6.0,0.037324047306176084,2677.2900390625,0.23114598816192183,0.0
^RUT,2026-04-10,2515.0,Put,38.4,39.5,44.83,3.0,9.0,0.037324047306176084,2677.2900390625,0.23114598816192183,0.0
^RUT,2026-04-10,2520.0,Call,177.3,180.0,190.99,,6.0,0.037324047306176084,2677.2900390625,0.23114598816192183,0.0
^RUT,2026-04-10,2520.0,Put,39.5,40.6,48.79,,6.0,0.037324047306176084,2677.2900390625,0.23114598816192183,0.0
^RUT,2026-04-10,2530.0,Put,42.0,43.1,48.12,5.0,5.0,0.037324047306176084,2677.2900390625,0.23114598816192183,0.0
^RUT,2026-04-10,2535.0,Put,42.7,43.8,61.82,3.0,8.0,0.037324047306176084,2677.2900390625,0.23114598816192183,0.0
^RUT,2026-04-10,2550.0,Call,153.5,156.2,161.5,,1.0,0.037324047306176084,2677.2900390625,0.23114598816192183,0.0
^RUT,2026-04-10,2550.0,Put,46.5,47.6,42.71,3.0,30.0,0.037324047306176084,2677.2900390625,0.23114598816192183,0.0
^RUT,2026-04-10,2560.0,Put,49.1,50.2,50.93,2.0,8.0,0.037324047306176084,2677.2900390625,0.23114598816192183,0.0
^RUT,2026-04-10,2565.0,Put,50.1,51.2,50.1,,29.0,0.037324047306176084,2677.2900390625,0.23114598816192183,0.0
^RUT,2026-04-10,2570.0,Put,51.8,52.9,58.77,,2.0,0.037324047306176084,2677.2900390625,0.23114598816192183,0.0
^RUT,2026-04-10,2575.0,Call,136.7,138.6,144.19,,3.0,0.037324047306176084,2677.2900390625,0.23114598816192183,0.0
^RUT,2026-04-10,2575.0,Put,53.2,54.3,52.23,,1.0,0.037324047306176084,2677.2900390625,0.23114598816192183,0.0
^RUT,2026-04-10,2580.0,Call,132.7,134.8,140.4,,1.0,0.037324047306176084,2677.2900390625,0.23114598816192183,0.0
^RUT,2026-04-10,2580.0,Put,54.3,55.4,66.6,,1.0,0.037324047306176084,2677.2900390625,0.23114598816192183,0.0
^RUT,2026-04-10,2585.0,Put,56.1,57.3,57.7,1.0,2.0,0.037324047306176084,2677.2900390625,0.23114598816192183,0.0
^RUT,2026-04-10,2600.0,Put,60.7,61.9,79.97,4.0,14.0,0.037324047306176084,2677.2900390625,0.23114598816192183,0.0
^RUT,2026-04-10,2610.0,Put,64.4,65.7,67.1,1.0,8.0,0.037324047306176084,2677.2900390625,0.23114598816192183,0.0
^RUT,2026-04-10,2615.0,Put,65.5,66.7,75.8,,10.0,0.037324047306176084,2677.2900390625,0.23114598816192183,0.0
^RUT,2026-04-10,2620.0,Put,67.3,68.5,71.05,2.0,14.0,0.037324047306176084,2677.2900390625,0.23114598816192183,0.0
^RUT,2026-04-10,2625.0,Put,69.2,70.5,77.6,,2.0,0.037324047306176084,2677.2900390625,0.23114598816192183,0.0
^RUT,2026-04-10,2630.0,Put,71.1,72.3,74.61,4.0,10.0,0.037324047306176084,2677.2900390625,0.23114598816192183,0.0
^RUT,2026-04-10,2635.0,Put,73.0,74.2,81.4,,1.0,0.037324047306176084,2677.2900390625,0.23114598816192183,0.0
^RUT,2026-04-10,2640.0,Put,74.9,76.1,73.28,1.0,8.0,0.037324047306176084,2677.2900390625,0.23114598816192183,0.0
^RUT,2026-04-10,2645.0,Call,90.7,92.1,106.5,10.0,11.0,0.037324047306176084,2677.2900390625,0.23114598816192183,0.0
^RUT,2026-04-10,2645.0,Put,76.9,78.2,75.45,1.0,2.0,0.037324047306176084,2677.2900390625,0.23114598816192183,0.0
^RUT,2026-04-10,2650.0,Call,87.7,89.1,103.4,10.0,18.0,0.037324047306176084,2677.2900390625,0.23114598816192183,0.0
^RUT,2026-04-10,2650.0,Put,79.4,80.6,67.45,54.0,97.0,0.037324047306176084,2677.2900390625,0.23114598816192183,0.0
^RUT,2026-04-10,2655.0,Put,81.0,82.2,98.7,2.0,2.0,0.037324047306176084,2677.2900390625,0.23114598816192183,0.0
^RUT,2026-04-10,2660.0,Put,83.1,84.5,92.3,,42.0,0.037324047306176084,2677.2900390625,0.23114598816192183,0.0
^RUT,2026-04-10,2670.0,Call,76.5,77.7,82.8,2.0,22.0,0.037324047306176084,2677.2900390625,0.23114598816192183,0.0
^RUT,2026-04-10,2670.0,Put,87.5,88.8,81.64,1.0,7.0,0.037324047306176084,2677.2900390625,0.23114598816192183,0.0
^RUT,2026-04-10,2680.0,Call,71.1,72.4,95.0,10.0,5.0,0.037324047306176084,2677.2900390625,0.23114598816192183,0.0
^RUT,2026-04-10,2680.0,Put,92.1,93.4,96.5,18.0,21.0,0.037324047306176084,2677.2900390625,0.23114598816192183,0.0
^RUT,2026-04-10,2690.0,Put,96.9,98.2,88.44,,1.0,0.037324047306176084,2677.2900390625,0.23114598816192183,0.0
^RUT,2026-04-10,2700.0,Put,102.0,103.3,104.3,1.0,2.0,0.037324047306176084,2677.2900390625,0.23114598816192183,0.0
^RUT,2026-04-10,2705.0,Put,104.5,106.0,138.99,2.0,2.0,0.037324047306176084,2677.2900390625,0.23114598816192183,0.0
^RUT,2026-04-10,2710.0,Put,107.1,108.6,110.6,5.0,6.0,0.037324047306176084,2677.2900390625,0.23114598816192183,0.0
^RUT,2026-04-10,2735.0,Call,45.7,46.9,54.7,,10.0,0.037324047306176084,2677.2900390625,0.23114598816192183,0.0
^RUT,2026-04-10,2740.0,Call,43.4,44.6,55.6,1.0,1.0,0.037324047306176084,2677.2900390625,0.23114598816192183,0.0
^RUT,2026-04-10,2745.0,Call,41.8,43.0,47.2,,1.0,0.037324047306176084,2677.2900390625,0.23114598816192183,0.0
^RUT,2026-04-10,2750.0,Call,39.9,41.1,44.19,1.0,3.0,0.037324047306176084,2677.2900390625,0.23114598816192183,0.0
^RUT,2026-04-10,2760.0,Call,36.4,37.5,49.2,,12.0,0.037324047306176084,2677.2900390625,0.23114598816192183,0.0
^RUT,2026-04-10,2770.0,Call,33.2,34.3,44.5,,18.0,0.037324047306176084,2677.2900390625,0.23114598816192183,0.0
^RUT,2026-04-10,2780.0,Call,29.9,31.0,32.39,1.0,4.0,0.037324047306176084,2677.2900390625,0.23114598816192183,0.0
^RUT,2026-04-10,2785.0,Call,28.4,29.6,45.94,,1.0,0.037324047306176084,2677.2900390625,0.23114598816192183,0.0
^RUT,2026-04-10,2790.0,Call,26.8,27.9,21.62,10.0,11.0,0.037324047306176084,2677.2900390625,0.23114598816192183,0.0
^RUT,2026-04-10,2800.0,Call,24.1,25.2,28.42,4.0,45.0,0.037324047306176084,2677.2900390625,0.23114598816192183,0.0
^RUT,2026-04-10,2805.0,Call,23.1,24.1,18.78,3.0,30.0,0.037324047306176084,2677.2900390625,0.23114598816192183,0.0
^RUT,2026-04-10,2810.0,Call,21.8,22.9,26.17,4.0,18.0,0.037324047306176084,2677.2900390625,0.23114598816192183,0.0
^RUT,2026-04-10,2840.0,Call,15.8,16.7,19.28,8.0,16.0,0.037324047306176084,2677.2900390625,0.23114598816192183,0.0
^RUT,2026-04-10,2845.0,Call,14.9,15.8,16.43,7.0,12.0,0.037324047306176084,2677.2900390625,0.23114598816192183,0.0
^RUT,2026-04-10,2850.0,Call,14.0,14.9,15.77,2.0,59.0,0.037324047306176084,2677.2900390625,0.23114598816192183,0.0
^RUT,2026-04-10,2870.0,Call,10.8,11.8,12.33,1.0,32.0,0.037324047306176084,2677.2900390625,0.23114598816192183,0.0
^RUT,2026-04-10,2880.0,Call,9.6,10.6,11.04,3.0,11.0,0.037324047306176084,2677.2900390625,0.23114598816192183,0.0
^RUT,2026-04-10,2885.0,Call,9.0,9.9,12.4,7.0,9.0,0.037324047306176084,2677.2900390625,0.23114598816192183,0.0
^RUT,2026-04-10,2890.0,Call,8.5,9.4,10.3,26.0,27.0,0.037324047306176084,2677.2900390625,0.23114598816192183,0.0
^RUT,2026-04-10,2895.0,Call,8.0,8.9,11.05,6.0,23.0,0.037324047306176084,2677.2900390625,0.23114598816192183,0.0
^RUT,2026-04-10,2900.0,Call,7.6,8.4,9.74,14.0,36.0,0.037324047306176084,2677.2900390625,0.23114598816192183,0.0
^RUT,2026-04-10,2905.0,Call,6.9,7.8,8.39,6.0,25.0,0.037324047306176084,2677.2900390625,0.23114598816192183,0.0
^RUT,2026-04-10,2910.0,Call,6.7,7.4,8.31,3.0,32.0,0.037324047306176084,2677.2900390625,0.23114598816192183,0.0
^RUT,2026-04-10,2915.0,Call,6.3,7.0,8.27,1.0,2.0,0.037324047306176084,2677.2900390625,0.23114598816192183,0.0
^RUT,2026-04-10,2920.0,Call,5.9,6.6,6.96,1.0,9.0,0.037324047306176084,2677.2900390625,0.23114598816192183,0.0
^RUT,2026-04-10,2925.0,Call,5.5,6.3,7.09,2.0,28.0,0.037324047306176084,2677.2900390625,0.23114598816192183,0.0
^RUT,2026-04-10,2930.0,Call,5.2,5.9,6.05,6.0,33.0,0.037324047306176084,2677.2900390625,0.23114598816192183,0.0
^RUT,2026-04-10,2935.0,Call,4.9,5.7,6.51,6.0,44.0,0.037324047306176084,2677.2900390625,0.23114598816192183,0.0
^RUT,2026-04-17,1350.0,Call,1291.0,1315.0,1331.9,,1.0,0.0373,2677.2900390625,0.23114598816192183,0.0
^RUT,2026-04-17,1350.0,Put,0.2,0.6,0.35,1.0,9.0,0.0373,2677.2900390625,0.23114598816192183,0.0
^RUT,2026-04-17,1400.0,Put,0.3,0.7,0.85,1.0,5.0,0.0373,2677.2900390625,0.23114598816192183,0.0
^RUT,2026-04-17,1450.0,Put,0.4,0.75,0.82,,4.0,0.0373,2677.2900390625,0.23114598816192183,0.0
^RUT,2026-04-17,1500.0,Put,0.5,0.9,0.92,8.0,10.0,0.0373,2677.2900390625,0.23114598816192183,0.0
^RUT,2026-04-17,1550.0,Put,0.65,1.0,0.75,18.0,23.0,0.0373,2677.2900390625,0.23114598816192183,0.0
^RUT,2026-04-17,1600.0,Put,0.8,1.2,1.65,,20.0,0.0373,2677.2900390625,0.23114598816192183,0.0
^RUT,2026-04-17,1650.0,Put,1.0,1.35,1.9,6.0,31.0,0.0373,2677.2900390625,0.23114598816192183,0.0
^RUT,2026-04-17,1700.0,Put,1.2,1.6,1.26,1.0,44.0,0.0373,2677.2900390625,0.23114598816192183,0.0
^RUT,2026-04-17,1750.0,Put,1.5,1.85,2.45,3.0,37.0,0.0373,2677.2900390625,0.23114598816192183,0.0
^RUT,2026-04-17,1800.0,Put,1.8,2.25,2.8,24.0,34.0,0.0373,2677.2900390625,0.23114598816192183,0.0
^RUT,2026-04-17,1850.0,Put,2.2,2.65,3.3,45.0,60.0,0.0373,2677.2900390625,0.23114598816192183,0.0
^RUT,2026-04-17,1900.0,Put,2.7,3.1,2.4,194.0,424.0,0.0373,2677.2900390625,0.23114598816192183,0.0
^RUT,2026-04-17,1950.0,Put,3.2,3.7,3.51,22.0,375.0,0.0373,2677.2900390625,0.23114598816192183,0.0
^RUT,2026-04-17,2000.0,Put,3.8,4.4,3.63,90.0,169.0,0.0373,2677.2900390625,0.23114598816192183,0.0
^RUT,2026-04-17,2050.0,Put,4.6,5.2,4.18,61.0,127.0,0.0373,2677.2900390625,0.23114598816192183,0.0
^RUT,2026-04-17,2100.0,Put,5.6,6.2,5.8,28.0,231.0,0.0373,2677.2900390625,0.23114598816192183,0.0
^RUT,2026-04-17,2150.0,Put,6.9,7.6,7.3,48.0,93.0,0.0373,2677.2900390625,0.23114598816192183,0.0
^RUT,2026-04-17,2200.0,Call,454.1,478.1,472.46,,4.0,0.0373,2677.2900390625,0.23114598816192183,0.0
^RUT,2026-04-17,2200.0,Put,8.6,9.2,9.67,4.0,397.0,0.0373,2677.2900390625,0.23114598816192183,0.0
^RUT,2026-04-17,2250.0,Call,409.1,433.1,421.58,8.0,1.0,0.0373,2677.2900390625,0.23114598816192183,0.0
^RUT,2026-04-17,2250.0,Put,10.9,11.7,12.19,24.0,399.0,0.0373,2677.2900390625,0.23114598816192183,0.0
^RUT,2026-04-17,2255.0,Put,11.4,12.1,15.8,4.0,6.0,0.0373,2677.2900390625,0.23114598816192183,0.0
^RUT,2026-04-17,2260.0,Put,11.7,12.5,15.54,,15.0,0.0373,2677.2900390625,0.23114598816192183,0.0
^RUT,2026-04-17,2265.0,Put,12.0,12.7,15.87,,15.0,0.0373,2677.2900390625,0.23114598816192183,0.0
^RUT,2026-04-17,2270.0,Put,12.0,12.7,14.7,1.0,1.0,0.0373,2677.2900390625,0.23114598816192183,0.0
^RUT,2026-04-17,2275.0,Put,12.5,13.3,11.52,4.0,4.0,0.0373,2677.2900390625,0.23114598816192183,0.0
^RUT,2026-04-17,2280.0,Put,12.5,13.3,15.1,1.0,1.0,0.0373,2677.2900390625,0.23114598816192183,0.0
^RUT,2026-04-17,2300.0,Call,360.0,384.0,382.94,,1.0,0.0373,2677.2900390625,0.23114598816192183,0.0
^RUT,2026-04-17,2300.0,Put,13.9,14.7,11.8,5.0,272.0,0.0373,2677.2900390625,0.23114598816192183,0.0
^RUT,2026-04-17,2315.0,Put,14.9,15.8,16.06,1.0,2.0,0.0373,2677.2900390625,0.23114598816192183,0.0
^RUT,2026-04-17,2320.0,Put,15.6,16.4,17.43,5.0,0.0,0.0373,2677.2900390625,0.23114598816192183,0.0
^RUT,2026-04-17,2325.0,Put,16.0,16.9,17.5,2.0,25.0,0.0373,2677.2900390625,0.23114598816192183,0.0
^RUT,2026-04-17,2330.0,Put,16.5,17.3,20.67,,3.0,0.0373,2677.2900390625,0.23114598816192183,0.0
^RUT,2026-04-17,2350.0,Put,18.4,19.3,20.02,16.0,11.0,0.0373,2677.2900390625,0.23114598816192183,0.0
^RUT,2026-04-17,2370.0,Call,298.7,322.7,280.76,,3.0,0.0373,2677.2900390625,0.23114598816192183,0.0
^RUT,2026-04-17,2370.0,Put,20.0,20.9,18.41,3.0,49.0,0.0373,2677.2900390625,0.23114598816192183,0.0
^RUT,2026-04-17,2380.0,Call,287.6,311.6,303.85,4.0,2.0,0.0373,2677.2900390625,0.23114598816192183,0.0
^RUT,2026-04-17,2380.0,Put,21.0,21.9,21.65,6.0,60.0,0.0373,2677.2900390625,0.23114598816192183,0.0
^RUT,2026-04-17,2390.0,Put,22.2,23.1,21.24,3.0,80.0,0.0373,2677.2900390625,0.23114598816192183,0.0
^RUT,2026-04-17,2400.0,Call,270.0,294.0,297.39,1.0,0.0,0.0373,2677.2900390625,0.23114598816192183,0.0
^RUT,2026-04-17,2400.0,Put,23.2,24.1,19.59,22.0,129.0,0.0373,2677.2900390625,0.23114598816192183,0.0
^RUT,2026-04-17,2405.0,Put,23.8,24.7,22.31,1.0,1.0,0.0373,2677.2900390625,0.23114598816192183,0.0
^RUT,2026-04-17,2410.0,Put,24.6,25.6,25.3,2.0,31.0,0.0373,2677.2900390625,0.23114598816192183,0.0
^RUT,2026-04-17,2420.0,Put,26.5,27.4,40.19,1.0,3.0,0.0373,2677.2900390625,0.23114598816192183,0.0
^RUT,2026-04-17,2430.0,Put,27.2,28.1,40.53,10.0,34.0,0.0373,2677.2900390625,0.23114598816192183,0.0
^RUT,2026-04-17,2440.0,Put,29.4,30.4,36.25,,1.0,0.0373,2677.2900390625,0.23114598816192183,0.0
^RUT,2026-04-17,2445.0,Put,29.4,30.4,25.16,13.0,9.0,0.0373,2677.2900390625,0.23114598816192183,0.0
^RUT,2026-04-17,2450.0,Put,30.8,31.6,42.68,1.0,6.0,0.0373,2677.2900390625,0.23114598816192183,0.0
^RUT,2026-04-17,2460.0,Put,32.2,33.2,35.78,1.0,11.0,0.0373,2677.2900390625,0.23114598816192183,0.0
^RUT,2026-04-17,2470.0,Put,34.4,35.4,41.59,,1.0,0.0373,2677.2900390625,0.23114598816192183,0.0
^RUT,2026-04-17,2475.0,Put,35.0,36.0,36.69,4.0,4.0,0.0373,2677.2900390625,0.23114598816192183,0.0
^RUT,2026-04-17,2480.0,Call,214.4,217.1,232.71,1.0,1.0,0.0373,2677.2900390625,0.23114598816192183,0.0
^RUT,2026-04-17,2480.0,Put,35.7,36.7,35.33,1.0,32.0,0.0373,2677.2900390625,0.23114598816192183,0.0
^RUT,2026-04-17,2490.0,Call,206.4,209.1,209.85,1.0,11.0,0.0373,2677.2900390625,0.23114598816192183,0.0
^RUT,2026-04-17,2490.0,Put,37.3,38.4,33.08,3.0,58.0,0.0373,2677.2900390625,0.23114598816192183,0.0
^RUT,2026-04-17,2500.0,Call,198.0,200.8,204.63,1.0,11.0,0.0373,2677.2900390625,0.23114598816192183,0.0
^RUT,2026-04-17,2500.0,Put,39.3,40.3,33.7,57.0,926.0,0.0373,2677.2900390625,0.23114598816192183,0.0
^RUT,2026-04-17,2510.0,Put,41.7,42.7,39.66,2.0,104.0,0.0373,2677.2900390625,0.23114598816192183,0.0
^RUT,2026-04-17,2515.0,Put,42.5,43.5,40.67,2.0,4.0,0.0373,2677.2900390625,0.23114598816192183,0.0
^RUT,2026-04-17,2520.0,Call,181.9,184.5,214.92,,1.0,0.0373,2677.2900390625,0.23114598816192183,0.0
^RUT,2026-04-17,2520.0,Put,44.5,45.6,45.99,5.0,7.0,0.0373,2677.2900390625,0.23114598816192183,0.0
^RUT,2026-04-17,2525.0,Put,45.4,46.4,50.35,2.0,2.0,0.0373,2677.2900390625,0.23114598816192183,0.0
^RUT,2026-04-17,2530.0,Call,174.9,177.5,210.2,,2.0,0.0373,2677.2900390625,0.23114598816192183,0.0
^RUT,2026-04-17,2530.0,Put,45.9,47.0,63.04,9.0,288.0,0.0373,2677.2900390625,0.23114598816192183,0.0
^RUT,2026-04-17,2535.0,Put,47.4,48.5,40.69,1.0,6.0,0.0373,2677.2900390625,0.23114598816192183,0.0
^RUT,2026-04-17,2540.0,Call,167.4,170.0,185.72,1.0,17.0,0.0373,2677.2900390625,0.23114598816192183,0.0
^RUT,2026-04-17,2540.0,Put,48.4,49.4,41.53,1.0,136.0,0.0373,2677.2900390625,0.23114598816192183,0.0
^RUT,2026-04-17,2545.0,Put,49.9,51.0,52.75,12.0,12.0,0.0373,2677.2900390625,0.23114598816192183,0.0
^RUT,2026-04-17,2550.0,Call,160.1,162.5,178.15,1.0,2.0,0.0373,2677.2900390625,0.23114598816192183,0.0
^RUT,2026-04-17,2550.0,Put,51.2,52.2,53.66,3.0,6.0,0.0373,2677.2900390625,0.23114598816192183,0.0
^RUT,2026-04-17,2560.0,Call,152.9,155.1,175.65,1.0,2.0,0.0373,2677.2900390625,0.23114598816192183,0.0
^RUT,2026-04-17,2560.0,Put,53.8,54.9,49.79,407.0,436.0,0.0373,2677.2900390625,0.23114598816192183,0.0
^RUT,2026-04-17,2565.0,Put,55.8,56.9,61.03,3.0,3.0,0.0373,2677.2900390625,0.23114598816192183,0.0
^RUT,2026-04-17,2570.0,Call,145.8,147.8,134.9,1.0,15.0,0.0373,2677.2900390625,0.23114598816192183,0.0
^RUT,2026-04-17,2570.0,Put,56.3,57.3,47.7,10.0,500.0,0.0373,2677.2900390625,0.23114598816192183,0.0
^RUT,2026-04-17,2580.0,Call,138.8,140.7,141.2,1.0,2.0,0.0373,2677.2900390625,0.23114598816192183,0.0
^RUT,2026-04-17,2580.0,Put,59.2,60.2,50.2,17.0,558.0,0.0373,2677.2900390625,0.23114598816192183,0.0
^RUT,2026-04-17,2590.0,Call,131.4,133.1,139.98,1.0,4.0,0.0373,2677.2900390625,0.23114598816192183,0.0
^RUT,2026-04-17,2590.0,Put,62.7,63.7,58.75,1.0,11.0,0.0373,2677.2900390625,0.23114598816192183,0.0
^RUT,2026-04-17,2595.0,Put,63.8,64.9,58.2,272.0,272.0,0.0373,2677.2900390625,0.23114598816192183,0.0
^RUT,2026-04-17,2600.0,Call,125.2,126.9,104.32,1.0,7.0,0.0373,2677.2900390625,0.23114598816192183,0.0
^RUT,2026-04-17,2600.0,Put,65.8,66.9,55.27,2.0,13.0,0.0373,2677.2900390625,0.23114598816192183,0.0
^RUT,2026-04-17,2610.0,Call,118.1,119.6,116.25,1.0,5.0,0.0373,2677.2900390625,0.23114598816192183,0.0
^RUT,2026-04-17,2610.0,Put,69.1,70.2,64.22,11.0,496.0,0.0373,2677.2900390625,0.23114598816192183,0.0
^RUT,2026-04-17,2615.0,Call,114.9,116.4,132.8,1.0,1.0,0.0373,2677.2900390625,0.23114598816192183,0.0
^RUT,2026-04-17,2615.0,Put,71.0,72.1,93.4,2.0,8.0,0.0373,2677.2900390625,0.23114598816192183,0.0
^RUT,2026-04-17,2620.0,Call,111.7,113.2,118.64,1.0,6.0,0.0373,2677.2900390625,0.23114598816192183,0.0
^RUT,2026-04-17,2620.0,Put,72.2,73.4,62.9,89.0,688.0,0.0373,2677.2900390625,0.23114598816192183,0.0
^RUT,2026-04-17,2625.0,Call,108.6,110.0,126.2,1.0,1.0,0.0373,2677.2900390625,0.23114598816192183,0.0
^RUT,2026-04-17,2630.0,Call,106.1,107.6,87.24,1.0,5.0,0.0373,2677.2900390625,0.23114598816192183,0.0
^RUT,2026-04-17,2630.0,Put,76.9,78.1,85.42,,2.0,0.0373,2677.2900390625,0.23114598816192183,0.0
^RUT,2026-04-17,2640.0,Call,100.1,101.4,112.82,6.0,14.0,0.0373,2677.2900390625,0.23114598816192183,0.0
^RUT,2026-04-17,2640.0,Put,80.3,81.4,74.48,1.0,63.0,0.0373,2677.2900390625,0.23114598816192183,0.0
^RUT,2026-04-17,2645.0,Put,81.6,82.8,86.0,2.0,14.0,0.0373,2677.2900390625,0.23114598816192183,0.0
^RUT,2026-04-17,2650.0,Call,93.5,94.8,108.49,4.0,561.0,0.0373,2677.2900390625,0.23114598816192183,0.0
^RUT,2026-04-17,2650.0,Put,84.1,85.3,72.44,5.0,974.0,0.0373,2677.2900390625,0.23114598816192183,0.0
^RUT,2026-04-17,2655.0,Put,85.7,86.9,87.0,1.0,1.0,0.0373,2677.2900390625,0.23114598816192183,0.0
^RUT,2026-04-17,2660.0,Call,89.3,90.5,87.8,3.0,6.0,0.0373,2677.2900390625,0.23114598816192183,0.0
^RUT,2026-04-17,2660.0,Put,87.8,89.0,80.1,2.0,569.0,0.0373,2677.2900390625,0.23114598816192183,0.0
^RUT,2026-04-17,2665.0,Put,90.6,91.8,95.96,15.0,12.0,0.0373,2677.2900390625,0.23114598816192183,0.0
^RUT,2026-04-17,2670.0,Call,82.8,84.1,95.6,2.0,24.0,0.0373,2677.2900390625,0.23114598816192183,0.0
^RUT,2026-04-17,2670.0,Put,92.7,93.9,94.1,8.0,222.0,0.0373,2677.2900390625,0.23114598816192183,0.0
^RUT,2026-04-17,2675.0,Call,80.1,81.4,82.3,3.0,5.0,0.0373,2677.2900390625,0.23114598816192183,0.0
^RUT,2026-04-17,2675.0,Put,95.1,96.3,83.79,2.0,12.0,0.0373,2677.2900390625,0.23114598816192183,0.0
^RUT,2026-04-17,2680.0,Call,77.3,78.5,90.41,244.0,247.0,0.0373,2677.2900390625,0.23114598816192183,0.0
^RUT,2026-04-17,2680.0,Put,96.6,97.8,84.73,4.0,100.0,0.0373,2677.2900390625,0.23114598816192183,0.0
^RUT,2026-04-17,2690.0,Call,72.4,73.5,84.74,8.0,92.0,0.0373,2677.2900390625,0.23114598816192183,0.0
^RUT,2026-04-17,2690.0,Put,102.1,103.3,88.81,2.0,92.0,0.0373,2677.2900390625,0.23114598816192183,0.0
^RUT,2026-04-17,2695.0,Put,104.5,105.8,114.35,2.0,7.0,0.0373,2677.2900390625,0.23114598816192183,0.0
^RUT,2026-04-17,2700.0,Call,67.3,68.5,78.99,202.0,388.0,0.0373,2677.2900390625,0.23114598816192183,0.0
^RUT,2026-04-17,2700.0,Put,107.0,108.3,94.11,200.0,606.0,0.0373,2677.2900390625,0.23114598816192183,0.0
^RUT,2026-04-17,2705.0,Call,65.0,66.1,70.47,3.0,3.0,0.0373,2677.2900390625,0.23114598816192183,0.0
^RUT,2026-04-17,2705.0,Put,109.1,110.3,103.11,4.0,2.0,0.0373,2677.2900390625,0.23114598816192183,0.0
^RUT,2026-04-17,2710.0,Call,62.5,63.6,63.5,1.0,15.0,0.0373,2677.2900390625,0.23114598816192183,0.0
^RUT,2026-04-17,2710.0,Put,111.4,112.7,107.19,1.0,118.0,0.0373,2677.2900390625,0.23114598816192183,0.0
^RUT,2026-04-17,2720.0,Call,57.9,59.1,68.97,4.0,13.0,0.0373,2677.2900390625,0.23114598816192183,0.0
^RUT,2026-04-17,2720.0,Put,117.6,119.3,116.45,12.0,73.0,0.0373,2677.2900390625,0.23114598816192183,0.0
^RUT,2026-04-17,2725.0,Call,55.7,56.9,63.17,4.0,4.0,0.0373,2677.2900390625,0.23114598816192183,0.0
^RUT,2026-04-17,2725.0,Put,120.3,121.8,125.79,5.0,4.0,0.0373,2677.2900390625,0.23114598816192183,0.0
^RUT,2026-04-17,2730.0,Call,53.2,54.4,64.21,1.0,12.0,0.0373,2677.2900390625,0.23114598816192183,0.0
^RUT,2026-04-17,2730.0,Put,122.3,124.0,123.27,2.0,13.0,0.0373,2677.2900390625,0.23114598816192183,0.0
^RUT,2026-04-17,2735.0,Put,126.0,127.9,110.55,1.0,3.0,0.0373,2677.2900390625,0.23114598816192183,0.0
^RUT,2026-04-17,2740.0,Call,49.5,50.6,59.6,2.0,14.0,0.0373,2677.2900390625,0.23114598816192183,0.0
^RUT,2026-04-17,2740.0,Put,128.3,130.0,112.84,1.0,29.0,0.0373,2677.2900390625,0.23114598816192183,0.0
^RUT,2026-04-17,2745.0,Call,47.5,48.6,57.41,1.0,13.0,0.0373,2677.2900390625,0.23114598816192183,0.0
^RUT,2026-04-17,2745.0,Put,131.9,133.6,131.68,3.0,3.0,0.0373,2677.2900390625,0.23114598816192183,0.0
^RUT,2026-04-17,2750.0,Call,46.5,47.5,52.77,2.0,1.0,0.0373,2677.2900390625,0.23114598816192183,0.0
^RUT,2026-04-17,2750.0,Put,134.0,135.7,133.37,4.0,17.0,0.0373,2677.2900390625,0.23114598816192183,0.0
^RUT,2026-04-17,2755.0,Put,137.3,139.2,125.2,1.0,2.0,0.0373,2677.2900390625,0.23114598816192183,0.0
^RUT,2026-04-17,2760.0,Call,41.9,42.9,44.67,5.0,20.0,0.0373,2677.2900390625,0.23114598816192183,0.0
^RUT,2026-04-17,2760.0,Put,140.4,142.4,138.68,3.0,16.0,0.0373,2677.2900390625,0.23114598816192183,0.0
^RUT,2026-04-17,2765.0,Call,40.1,41.2,54.28,2.0,2.0,0.0373,2677.2900390625,0.23114598816192183,0.0
^RUT,2026-04-17,2765.0,Put,143.5,145.7,148.54,1.0,3.0,0.0373,2677.2900390625,0.23114598816192183,0.0
^RUT,2026-04-17,2770.0,Call,38.4,39.4,38.3,1.0,26.0,0.0373,2677.2900390625,0.23114598816192183,0.0
^RUT,2026-04-17,2770.0,Put,146.8,149.0,150.1,1.0,14.0,0.0373,2677.2900390625,0.23114598816192183,0.0
^RUT,2026-04-17,2780.0,Call,35.1,36.1,45.03,4.0,53.0,0.0373,2677.2900390625,0.23114598816192183,0.0
^RUT,2026-04-17,2780.0,Put,153.2,155.7,158.42,1.0,4.0,0.0373,2677.2900390625,0.23114598816192183,0.0
^RUT,2026-04-17,2785.0,Call,34.2,35.2,43.17,1.0,1.0,0.0373,2677.2900390625,0.23114598816192183,0.0
^RUT,2026-04-17,2790.0,Call,32.0,33.0,30.7,1.0,18.0,0.0373,2677.2900390625,0.23114598816192183,0.0
^RUT,2026-04-17,2790.0,Put,160.8,163.4,146.34,,3.0,0.0373,2677.2900390625,0.23114598816192183,0.0
^RUT,2026-04-17,2795.0,Call,30.8,31.8,48.0,1.0,1.0,0.0373,2677.2900390625,0.23114598816192183,0.0
^RUT,2026-04-17,2800.0,Call,29.4,30.4,35.7,2.0,3.0,0.0373,2677.2900390625,0.23114598816192183,0.0
^RUT,2026-04-17,2800.0,Put,167.1,169.7,152.55,9.0,11.0,0.0373,2677.2900390625,0.23114598816192183,0.0
^RUT,2026-04-17,2810.0,Call,26.4,27.4,31.96,8.0,56.0,0.0373,2677.2900390625,0.23114598816192183,0.0
^RUT,2026-04-17,2810.0,Put,174.3,177.0,156.84,5.0,12.0,0.0373,2677.2900390625,0.23114598816192183,0.0
^RUT,2026-04-17,2815.0,Call,25.7,26.8,41.0,1.0,1.0,0.0373,2677.2900390625,0.23114598816192183,0.0
^RUT,2026-04-17,2820.0,Call,23.7,24.7,27.23,3.0,636.0,0.0373,2677.2900390625,0.23114598816192183,0.0
^RUT,2026-04-17,2830.0,Call,21.4,22.4,25.9,7.0,40.0,0.0373,2677.2900390625,0.23114598816192183,0.0
^RUT,2026-04-17,2830.0,Put,189.2,192.2,182.46,2.0,2.0,0.0373,2677.2900390625,0.23114598816192183,0.0
^RUT,2026-04-17,2840.0,Call,19.3,20.3,19.4,16.0,97.0,0.0373,2677.2900390625,0.23114598816192183,0.0
^RUT,2026-04-17,2840.0,Put,191.4,207.4,179.06,,1.0,0.0373,2677.2900390625,0.23114598816192183,0.0
^RUT,2026-04-17,2850.0,Call,17.6,18.6,22.73,30.0,94.0,0.0373,2677.2900390625,0.23114598816192183,0.0
^RUT,2026-04-17,2850.0,Put,199.4,215.4,185.8,,1.0,0.0373,2677.2900390625,0.23114598816192183,0.0
^RUT,2026-04-17,2860.0,Call,15.6,16.5,20.15,9.0,73.0,0.0373,2677.2900390625,0.23114598816192183,0.0
^RUT,2026-04-17,2860.0,Put,201.3,225.3,189.96,,1.0,0.0373,2677.2900390625,0.23114598816192183,0.0
^RUT,2026-04-17,2870.0,Call,14.2,15.0,15.58,1.0,199.0,0.0373,2677.2900390625,0.23114598816192183,0.0
^RUT,2026-04-17,2870.0,Put,211.8,235.8,197.21,,3.0,0.0373,2677.2900390625,0.23114598816192183,0.0
^RUT,2026-04-17,2880.0,Call,12.6,13.5,14.9,10.0,28.0,0.0373,2677.2900390625,0.23114598816192183,0.0
^RUT,2026-04-17,2890.0,Call,11.2,12.0,14.75,4.0,21.0,0.0373,2677.2900390625,0.23114598816192183,0.0
^RUT,2026-04-17,2900.0,Call,10.2,10.9,13.46,71.0,409.0,0.0373,2677.2900390625,0.23114598816192183,0.0
^RUT,2026-04-17,2905.0,Call,9.9,10.6,11.25,1.0,17.0,0.0373,2677.2900390625,0.23114598816192183,0.0
^RUT,2026-04-17,2910.0,Call,9.2,10.1,13.18,,3.0,0.0373,2677.2900390625,0.23114598816192183,0.0
^RUT,2026-04-17,2915.0,Call,8.8,9.6,11.11,3.0,26.0,0.0373,2677.2900390625,0.23114598816192183,0.0
^RUT,2026-04-17,2920.0,Call,8.2,9.1,12.57,,1.0,0.0373,2677.2900390625,0.23114598816192183,0.0
^RUT,2026-04-17,2925.0,Call,7.7,8.5,10.02,3.0,26.0,0.0373,2677.2900390625,0.23114598816192183,0.0
^RUT,2026-04-17,2930.0,Call,7.3,8.2,8.65,3.0,6.0,0.0373,2677.2900390625,0.23114598816192183,0.0
^RUT,2026-04-17,2935.0,Call,6.9,7.8,5.83,1.0,1.0,0.0373,2677.2900390625,0.23114598816192183,0.0
^RUT,2026-04-17,2950.0,Call,5.7,6.4,7.69,19.0,422.0,0.0373,2677.2900390625,0.23114598816192183,0.0
^RUT,2026-04-17,2950.0,Put,282.9,306.9,285.07,104.0,6.0,0.0373,2677.2900390625,0.23114598816192183,0.0
^RUT,2026-04-17,2980.0,Call,4.2,4.8,6.4,,17.0,0.0373,2677.2900390625,0.23114598816192183,0.0
^RUT,2026-04-17,2985.0,Call,3.9,4.6,5.38,1.0,17.0,0.0373,2677.2900390625,0.23114598816192183,0.0
^RUT,2026-04-17,3000.0,Call,3.1,3.7,3.32,9.0,96.0,0.0373,2677.2900390625,0.23114598816192183,0.0
^RUT,2026-04-17,3000.0,Put,330.1,354.1,308.85,2.0,5.0,0.0373,2677.2900390625,0.23114598816192183,0.0
^RUT,2026-04-17,3050.0,Call,1.85,2.3,1.97,4.0,193.0,0.0373,2677.2900390625,0.23114598816192183,0.0
^RUT,2026-04-17,3100.0,Call,1.05,1.5,1.31,1.0,73.0,0.0373,2677.2900390625,0.23114598816192183,0.0
^RUT,2026-04-17,3150.0,Call,0.65,1.05,0.9,1.0,59.0,0.0373,2677.2900390625,0.23114598816192183,0.0
^RUT,2026-04-17,3200.0,Call,0.4,0.8,0.67,1.0,30.0,0.0373,2677.2900390625,0.23114598816192183,0.0
^RUT,2026-04-17,3250.0,Call,0.25,0.65,0.8,3.0,7.0,0.0373,2677.2900390625,0.23114598816192183,0.0
^RUT,2026-04-17,3300.0,Call,0.15,0.55,0.35,4.0,44.0,0.0373,2677.2900390625,0.23114598816192183,0.0
^RUT,2026-04-17,3400.0,Call,0.0,0.4,1.94,,5.0,0.0373,2677.2900390625,0.23114598816192183,0.0
^RUT,2026-04-17,3500.0,Call,0.0,0.3,0.07,1.0,43.0,0.0373,2677.2900390625,0.23114598816192183,0.0
^RUT,2026-04-17,3550.0,Call,0.0,0.25,0.1,,20.0,0.0373,2677.2900390625,0.23114598816192183,0.0
^RUT,2026-04-17,3600.0,Call,0.0,0.25,0.1,,20.0,0.0373,2677.2900390625,0.23114598816192183,0.0
^RUT,2026-04-17,3650.0,Call,0.0,0.25,0.1,,25.0,0.0373,2677.2900390625,0.23114598816192183,0.0
^RUT,2026-04-17,3700.0,Call,0.0,0.25,0.1,20.0,26.0,0.0373,2677.2900390625,0.23114598816192183,0.0
^RUT,2026-04-17,3750.0,Call,0.0,0.2,0.52,,85.0,0.0373,2677.2900390625,0.23114598816192183,0.0
^RUT,2026-04-17,3800.0,Call,0.0,0.2,0.1,15.0,20.0,0.0373,2677.2900390625,0.23114598816192183,0.0
^RUT,2026-04-17,3850.0,Call,0.0,0.2,0.1,30.0,55.0,0.0373,2677.2900390625,0.23114598816192183,0.0
^RUT,2026-04-17,3900.0,Call,0.0,0.2,0.1,10.0,40.0,0.0373,2677.2900390625,0.23114598816192183,0.0
^RUT,2026-04-30,1250.0,Put,0.25,0.8,0.45,30.0,47.0,0.037277923784494085,2677.2900390625,0.23114598816192183,0.0
^RUT,2026-04-30,1300.0,Put,0.35,0.9,0.5,1.0,11.0,0.037277923784494085,2677.2900390625,0.23114598816192183,0.0
^RUT,2026-04-30,1350.0,Put,0.45,1.05,0.75,1.0,42.0,0.037277923784494085,2677.2900390625,0.23114598816192183,0.0
^RUT,2026-04-30,1400.0,Put,0.6,1.15,0.88,1.0,5.0,0.037277923784494085,2677.2900390625,0.23114598816192183,0.0
^RUT,2026-04-30,1450.0,Put,0.75,1.35,0.9,12.0,15.0,0.037277923784494085,2677.2900390625,0.23114598816192183,0.0
^RUT,2026-04-30,1500.0,Call,1120.6,1142.9,1057.31,,1.0,0.037277923784494085,2677.2900390625,0.23114598816192183,0.0
^RUT,2026-04-30,1500.0,Put,0.95,1.55,1.11,12.0,25.0,0.037277923784494085,2677.2900390625,0.23114598816192183,0.0
^RUT,2026-04-30,1550.0,Put,1.15,1.75,2.0,5.0,28.0,0.037277923784494085,2677.2900390625,0.23114598816192183,0.0
^RUT,2026-04-30,1600.0,Call,1045.1,1069.1,1008.28,,50.0,0.037277923784494085,2677.2900390625,0.23114598816192183,0.0
^RUT,2026-04-30,1600.0,Put,1.4,2.05,1.52,6.0,27.0,0.037277923784494085,2677.2900390625,0.23114598816192183,0.0
^RUT,2026-04-30,1650.0,Call,995.7,1019.7,959.13,50.0,51.0,0.037277923784494085,2677.2900390625,0.23114598816192183,0.0
^RUT,2026-04-30,1650.0,Put,1.75,2.35,1.83,6.0,27.0,0.037277923784494085,2677.2900390625,0.23114598816192183,0.0
^RUT,2026-04-30,1700.0,Put,2.1,2.65,3.07,3.0,5035.0,0.037277923784494085,2677.2900390625,0.23114598816192183,0.0
^RUT,2026-04-30,1750.0,Put,2.5,3.2,3.57,8.0,10.0,0.037277923784494085,2677.2900390625,0.23114598816192183,0.0
^RUT,2026-04-30,1800.0,Put,3.0,3.7,4.24,3.0,46.0,0.037277923784494085,2677.2900390625,0.23114598816192183,0.0
^RUT,2026-04-30,1850.0,Put,3.5,4.2,3.45,3.0,13.0,0.037277923784494085,2677.2900390625,0.23114598816192183,0.0
^RUT,2026-04-30,1900.0,Put,4.1,4.9,4.06,2.0,60.0,0.037277923784494085,2677.2900390625,0.23114598816192183,0.0
^RUT,2026-04-30,1950.0,Put,4.8,5.7,5.1,1.0,53.0,0.037277923784494085,2677.2900390625,0.23114598816192183,0.0
^RUT,2026-04-30,1990.0,Put,5.5,6.4,7.65,1.0,2.0,0.037277923784494085,2677.2900390625,0.23114598816192183,0.0
^RUT,2026-04-30,2000.0,Call,652.1,676.1,697.08,,3.0,0.037277923784494085,2677.2900390625,0.23114598816192183,0.0
^RUT,2026-04-30,2000.0,Put,5.7,6.6,6.16,12.0,952.0,0.037277923784494085,2677.2900390625,0.23114598816192183,0.0
^RUT,2026-04-30,2010.0,Put,8.3,9.0,15.48,,1.0,0.037277923784494085,2677.2900390625,0.23114598816192183,0.0
^RUT,2026-04-30,2020.0,Put,6.1,7.0,5.86,1.0,1.0,0.037277923784494085,2677.2900390625,0.23114598816192183,0.0
^RUT,2026-04-30,2030.0,Put,10.8,11.2,42.27,2.0,0.0,0.037277923784494085,2677.2900390625,0.23114598816192183,0.0
^RUT,2026-04-30,2050.0,Call,603.6,627.6,649.01,,3.0,0.037277923784494085,2677.2900390625,0.23114598816192183,0.0
^RUT,2026-04-30,2050.0,Put,6.8,7.6,7.22,12.0,63.0,0.037277923784494085,2677.2900390625,0.23114598816192183,0.0
^RUT,2026-04-30,2080.0,Put,8.0,8.6,11.37,,1.0,0.037277923784494085,2677.2900390625,0.23114598816192183,0.0
^RUT,2026-04-30,2100.0,Put,8.2,9.2,8.76,1.0,23.0,0.037277923784494085,2677.2900390625,0.23114598816192183,0.0
^RUT,2026-04-30,2110.0,Put,8.5,9.6,7.95,2.0,4.0,0.037277923784494085,2677.2900390625,0.23114598816192183,0.0
^RUT,2026-04-30,2120.0,Put,8.8,9.7,8.35,2.0,3.0,0.037277923784494085,2677.2900390625,0.23114598816192183,0.0
^RUT,2026-04-30,2130.0,Put,9.1,10.2,14.26,1.0,8.0,0.037277923784494085,2677.2900390625,0.23114598816192183,0.0
^RUT,2026-04-30,2150.0,Call,507.4,531.4,554.31,1.0,1.0,0.037277923784494085,2677.2900390625,0.23114598816192183,0.0
^RUT,2026-04-30,2150.0,Put,9.9,10.8,12.24,2.0,163.0,0.037277923784494085,2677.2900390625,0.23114598816192183,0.0
^RUT,2026-04-30,2160.0,Call,497.9,521.9,544.73,1.0,1.0,0.037277923784494085,2677.2900390625,0.23114598816192183,0.0
^RUT,2026-04-30,2160.0,Put,10.3,11.4,16.29,4.0,3.0,0.037277923784494085,2677.2900390625,0.23114598816192183,0.0
^RUT,2026-04-30,2170.0,Put,10.8,11.9,11.18,1.0,32.0,0.037277923784494085,2677.2900390625,0.23114598816192183,0.0
^RUT,2026-04-30,2180.0,Call,478.9,502.9,506.4,,1.0,0.037277923784494085,2677.2900390625,0.23114598816192183,0.0
^RUT,2026-04-30,2180.0,Put,15.6,16.6,26.26,4.0,2.0,0.037277923784494085,2677.2900390625,0.23114598816192183,0.0
^RUT,2026-04-30,2190.0,Put,11.6,12.8,14.88,1.0,18.0,0.037277923784494085,2677.2900390625,0.23114598816192183,0.0
^RUT,2026-04-30,2200.0,Put,12.1,13.3,12.01,1.0,85.0,0.037277923784494085,2677.2900390625,0.23114598816192183,0.0
^RUT,2026-04-30,2210.0,Put,12.6,13.8,19.41,5.0,35.0,0.037277923784494085,2677.2900390625,0.23114598816192183,0.0
^RUT,2026-04-30,2220.0,Put,13.2,14.4,14.92,4.0,33.0,0.037277923784494085,2677.2900390625,0.23114598816192183,0.0
^RUT,2026-04-30,2230.0,Call,432.0,456.0,507.02,1.0,1.0,0.037277923784494085,2677.2900390625,0.23114598816192183,0.0
^RUT,2026-04-30,2240.0,Call,422.6,446.6,519.46,,0.0,0.037277923784494085,2677.2900390625,0.23114598816192183,0.0
^RUT,2026-04-30,2240.0,Put,14.4,15.6,16.22,4.0,12.0,0.037277923784494085,2677.2900390625,0.23114598816192183,0.0
^RUT,2026-04-30,2250.0,Call,413.4,437.4,510.0,,1.0,0.037277923784494085,2677.2900390625,0.23114598816192183,0.0
^RUT,2026-04-30,2250.0,Put,15.1,16.2,14.81,1.0,27.0,0.037277923784494085,2677.2900390625,0.23114598816192183,0.0
^RUT,2026-04-30,2260.0,Put,15.7,16.9,18.55,1.0,6.0,0.037277923784494085,2677.2900390625,0.23114598816192183,0.0
^RUT,2026-04-30,2270.0,Put,16.4,17.7,24.52,4.0,30.0,0.037277923784494085,2677.2900390625,0.23114598816192183,0.0
^RUT,2026-04-30,2290.0,Put,17.9,19.2,21.92,1.0,5.0,0.037277923784494085,2677.2900390625,0.23114598816192183,0.0
^RUT,2026-04-30,2300.0,Put,18.8,19.9,17.3,5.0,153.0,0.037277923784494085,2677.2900390625,0.23114598816192183,0.0
^RUT,2026-04-30,2310.0,Put,19.6,20.9,26.19,1.0,11.0,0.037277923784494085,2677.2900390625,0.23114598816192183,0.0
^RUT,2026-04-30,2320.0,Call,309.4,315.4,211.44,,1.0,0.037277923784494085,2677.2900390625,0.23114598816192183,0.0
^RUT,2026-04-30,2320.0,Put,20.6,21.9,20.82,1.0,37.0,0.037277923784494085,2677.2900390625,0.23114598816192183,0.0
^RUT,2026-04-30,2330.0,Put,21.6,22.9,25.1,1.0,12.0,0.037277923784494085,2677.2900390625,0.23114598816192183,0.0
^RUT,2026-04-30,2340.0,Put,22.6,23.9,21.9,11.0,43.0,0.037277923784494085,2677.2900390625,0.23114598816192183,0.0
^RUT,2026-04-30,2350.0,Put,23.6,24.8,21.8,8.0,67.0,0.037277923784494085,2677.2900390625,0.23114598816192183,0.0
^RUT,2026-04-30,2360.0,Put,24.9,26.3,35.55,4.0,5.0,0.037277923784494085,2677.2900390625,0.23114598816192183,0.0
^RUT,2026-04-30,2370.0,Put,25.9,27.3,23.8,1.0,16.0,0.037277923784494085,2677.2900390625,0.23114598816192183,0.0
^RUT,2026-04-30,2380.0,Put,27.1,28.5,32.02,6.0,8.0,0.037277923784494085,2677.2900390625,0.23114598816192183,0.0
^RUT,2026-04-30,2390.0,Put,28.4,29.8,24.9,3.0,11.0,0.037277923784494085,2677.2900390625,0.23114598816192183,0.0
^RUT,2026-04-30,2400.0,Call,275.7,279.3,252.76,,1.0,0.037277923784494085,2677.2900390625,0.23114598816192183,0.0
^RUT,2026-04-30,2400.0,Put,29.8,31.2,28.29,1.0,255.0,0.037277923784494085,2677.2900390625,0.23114598816192183,0.0
^RUT,2026-04-30,2410.0,Put,31.3,32.6,42.4,10.0,19.0,0.037277923784494085,2677.2900390625,0.23114598816192183,0.0
^RUT,2026-04-30,2420.0,Put,32.7,34.1,28.74,3.0,25.0,0.037277923784494085,2677.2900390625,0.23114598816192183,0.0
^RUT,2026-04-30,2430.0,Put,34.6,36.1,42.24,4.0,8.0,0.037277923784494085,2677.2900390625,0.23114598816192183,0.0
^RUT,2026-04-30,2440.0,Call,244.2,247.3,208.93,,1.0,0.037277923784494085,2677.2900390625,0.23114598816192183,0.0
^RUT,2026-04-30,2440.0,Put,36.0,37.4,39.82,2.0,54.0,0.037277923784494085,2677.2900390625,0.23114598816192183,0.0
^RUT,2026-04-30,2450.0,Call,235.7,239.5,195.8,,2.0,0.037277923784494085,2677.2900390625,0.23114598816192183,0.0
^RUT,2026-04-30,2450.0,Put,38.0,39.5,49.98,3.0,106.0,0.037277923784494085,2677.2900390625,0.23114598816192183,0.0
^RUT,2026-04-30,2460.0,Call,200.9,205.3,163.61,2.0,1.0,0.037277923784494085,2677.2900390625,0.23114598816192183,0.0
^RUT,2026-04-30,2470.0,Put,41.4,42.8,47.0,11.0,11.0,0.037277923784494085,2677.2900390625,0.23114598816192183,0.0
^RUT,2026-04-30,2480.0,Put,43.3,44.7,60.28,6.0,16.0,0.037277923784494085,2677.2900390625,0.23114598816192183,0.0
^RUT,2026-04-30,2490.0,Put,45.5,46.9,41.62,1.0,15.0,0.037277923784494085,2677.2900390625,0.23114598816192183,0.0
^RUT,2026-04-30,2500.0,Call,208.9,212.2,182.1,1.0,25.0,0.037277923784494085,2677.2900390625,0.23114598816192183,0.0
^RUT,2026-04-30,2500.0,Put,47.6,49.3,62.91,125.0,295.0,0.037277923784494085,2677.2900390625,0.23114598816192183,0.0
^RUT,2026-04-30,2510.0,Put,50.2,51.8,46.2,9.0,77.0,0.037277923784494085,2677.2900390625,0.23114598816192183,0.0
^RUT,2026-04-30,2520.0,Put,52.2,53.8,49.96,3.0,57.0,0.037277923784494085,2677.2900390625,0.23114598816192183,0.0
^RUT,2026-04-30,2530.0,Call,186.6,189.7,186.5,,3.0,0.037277923784494085,2677.2900390625,0.23114598816192183,0.0
^RUT,2026-04-30,2530.0,Put,54.7,56.3,71.1,2.0,21.0,0.037277923784494085,2677.2900390625,0.23114598816192183,0.0
^RUT,2026-04-30,2540.0,Put,57.5,59.2,55.38,1.0,42.0,0.037277923784494085,2677.2900390625,0.23114598816192183,0.0
^RUT,2026-04-30,2550.0,Call,171.7,174.6,180.8,2.0,4.0,0.037277923784494085,2677.2900390625,0.23114598816192183,0.0
^RUT,2026-04-30,2550.0,Put,59.9,61.5,54.88,2.0,132.0,0.037277923784494085,2677.2900390625,0.23114598816192183,0.0
^RUT,2026-04-30,2560.0,Call,158.2,160.6,112.97,10.0,11.0,0.037277923784494085,2677.2900390625,0.23114598816192183,0.0
^RUT,2026-04-30,2560.0,Put,63.0,64.7,55.38,2.0,341.0,0.037277923784494085,2677.2900390625,0.23114598816192183,0.0
^RUT,2026-04-30,2570.0,Put,65.9,67.6,84.49,12.0,68.0,0.037277923784494085,2677.2900390625,0.23114598816192183,0.0
^RUT,2026-04-30,2580.0,Call,170.7,172.9,125.52,1.0,10.0,0.037277923784494085,2677.2900390625,0.23114598816192183,0.0
^RUT,2026-04-30,2580.0,Put,68.5,70.3,63.7,11.0,42.0,0.037277923784494085,2677.2900390625,0.23114598816192183,0.0
^RUT,2026-04-30,2590.0,Call,139.1,141.1,141.62,,2.0,0.037277923784494085,2677.2900390625,0.23114598816192183,0.0
^RUT,2026-04-30,2590.0,Put,71.7,73.4,67.25,20.0,165.0,0.037277923784494085,2677.2900390625,0.23114598816192183,0.0
^RUT,2026-04-30,2600.0,Call,137.5,139.8,156.0,1.0,79.0,0.037277923784494085,2677.2900390625,0.23114598816192183,0.0
^RUT,2026-04-30,2600.0,Put,75.3,77.1,69.6,2.0,135.0,0.037277923784494085,2677.2900390625,0.23114598816192183,0.0
^RUT,2026-04-30,2610.0,Call,131.0,133.2,115.77,1.0,4.0,0.037277923784494085,2677.2900390625,0.23114598816192183,0.0
^RUT,2026-04-30,2610.0,Put,78.2,79.9,98.8,172.0,217.0,0.037277923784494085,2677.2900390625,0.23114598816192183,0.0
^RUT,2026-04-30,2620.0,Call,124.2,126.3,142.7,1.0,4.0,0.037277923784494085,2677.2900390625,0.23114598816192183,0.0
^RUT,2026-04-30,2620.0,Put,81.9,83.7,77.96,12.0,82.0,0.037277923784494085,2677.2900390625,0.23114598816192183,0.0
^RUT,2026-04-30,2630.0,Call,118.5,120.5,139.9,3.0,5.0,0.037277923784494085,2677.2900390625,0.23114598816192183,0.0
^RUT,2026-04-30,2630.0,Put,85.4,87.2,75.97,4.0,67.0,0.037277923784494085,2677.2900390625,0.23114598816192183,0.0
^RUT,2026-04-30,2640.0,Call,112.5,114.4,110.5,10.0,20.0,0.037277923784494085,2677.2900390625,0.23114598816192183,0.0
^RUT,2026-04-30,2640.0,Put,90.0,91.8,93.9,2.0,60.0,0.037277923784494085,2677.2900390625,0.23114598816192183,0.0
^RUT,2026-04-30,2650.0,Call,106.6,108.5,110.4,2.0,32.0,0.037277923784494085,2677.2900390625,0.23114598816192183,0.0
^RUT,2026-04-30,2650.0,Put,93.5,95.3,87.73,1.0,64.0,0.037277923784494085,2677.2900390625,0.23114598816192183,0.0
^RUT,2026-04-30,2660.0,Call,100.8,102.7,88.39,2.0,30.0,0.037277923784494085,2677.2900390625,0.23114598816192183,0.0
^RUT,2026-04-30,2660.0,Put,97.5,99.2,92.17,1.0,21.0,0.037277923784494085,2677.2900390625,0.23114598816192183,0.0
^RUT,2026-04-30,2670.0,Call,95.6,97.3,111.2,10.0,102.0,0.037277923784494085,2677.2900390625,0.23114598816192183,0.0
^RUT,2026-04-30,2670.0,Put,102.5,104.4,125.18,5.0,46.0,0.037277923784494085,2677.2900390625,0.23114598816192183,0.0
^RUT,2026-04-30,2680.0,Call,90.2,91.9,84.2,1.0,15.0,0.037277923784494085,2677.2900390625,0.23114598816192183,0.0
^RUT,2026-04-30,2680.0,Put,106.4,108.1,132.07,3.0,8.0,0.037277923784494085,2677.2900390625,0.23114598816192183,0.0
^RUT,2026-04-30,2690.0,Call,84.7,86.5,92.6,1.0,16.0,0.037277923784494085,2677.2900390625,0.23114598816192183,0.0
^RUT,2026-04-30,2690.0,Put,111.8,113.7,99.2,2.0,9.0,0.037277923784494085,2677.2900390625,0.23114598816192183,0.0
^RUT,2026-04-30,2700.0,Call,79.9,81.6,90.7,33.0,236.0,0.037277923784494085,2677.2900390625,0.23114598816192183,0.0
^RUT,2026-04-30,2700.0,Put,116.1,118.0,142.74,3.0,4.0,0.037277923784494085,2677.2900390625,0.23114598816192183,0.0
^RUT,2026-04-30,2710.0,Call,75.0,76.7,69.13,3.0,35.0,0.037277923784494085,2677.2900390625,0.23114598816192183,0.0
^RUT,2026-04-30,2710.0,Put,121.7,123.7,115.42,3.0,10.0,0.037277923784494085,2677.2900390625,0.23114598816192183,0.0
^RUT,2026-04-30,2720.0,Call,70.1,71.8,66.4,1.0,12.0,0.037277923784494085,2677.2900390625,0.23114598816192183,0.0
^RUT,2026-04-30,2720.0,Put,126.9,129.0,130.33,4.0,9.0,0.037277923784494085,2677.2900390625,0.23114598816192183,0.0
^RUT,2026-04-30,2730.0,Call,65.6,67.3,73.0,1.0,24.0,0.037277923784494085,2677.2900390625,0.23114598816192183,0.0
^RUT,2026-04-30,2730.0,Put,131.8,133.9,149.9,1.0,13.0,0.037277923784494085,2677.2900390625,0.23114598816192183,0.0
^RUT,2026-04-30,2740.0,Call,61.2,63.0,65.25,1.0,32.0,0.037277923784494085,2677.2900390625,0.23114598816192183,0.0
^RUT,2026-04-30,2740.0,Put,137.3,139.5,135.2,1.0,3.0,0.037277923784494085,2677.2900390625,0.23114598816192183,0.0
^RUT,2026-04-30,2750.0,Call,56.8,58.6,46.22,40.0,101.0,0.037277923784494085,2677.2900390625,0.23114598816192183,0.0
^RUT,2026-04-30,2750.0,Put,143.2,145.3,120.7,151.0,101.0,0.037277923784494085,2677.2900390625,0.23114598816192183,0.0
^RUT,2026-04-30,2760.0,Call,53.2,54.9,57.09,1.0,582.0,0.037277923784494085,2677.2900390625,0.23114598816192183,0.0
^RUT,2026-04-30,2770.0,Call,49.1,50.9,39.91,40.0,64.0,0.037277923784494085,2677.2900390625,0.23114598816192183,0.0
^RUT,2026-04-30,2770.0,Put,155.1,157.6,165.5,,2.0,0.037277923784494085,2677.2900390625,0.23114598816192183,0.0
^RUT,2026-04-30,2780.0,Call,45.6,47.3,40.0,1.0,23.0,0.037277923784494085,2677.2900390625,0.23114598816192183,0.0
^RUT,2026-04-30,2790.0,Call,42.2,43.9,37.7,1.0,108.0,0.037277923784494085,2677.2900390625,0.23114598816192183,0.0
^RUT,2026-04-30,2800.0,Call,39.0,40.7,34.87,2.0,100.0,0.037277923784494085,2677.2900390625,0.23114598816192183,0.0
^RUT,2026-04-30,2810.0,Call,36.0,37.6,39.56,1.0,14.0,0.037277923784494085,2677.2900390625,0.23114598816192183,0.0
^RUT,2026-04-30,2820.0,Call,33.5,35.0,39.5,2.0,7.0,0.037277923784494085,2677.2900390625,0.23114598816192183,0.0
^RUT,2026-04-30,2830.0,Call,30.5,32.1,33.19,1.0,22.0,0.037277923784494085,2677.2900390625,0.23114598816192183,0.0
^RUT,2026-04-30,2840.0,Call,28.3,29.7,28.26,2.0,18.0,0.037277923784494085,2677.2900390625,0.23114598816192183,0.0
^RUT,2026-04-30,2850.0,Call,25.7,27.2,23.32,2.0,229.0,0.037277923784494085,2677.2900390625,0.23114598816192183,0.0
^RUT,2026-04-30,2850.0,Put,211.2,214.7,280.0,,1.0,0.037277923784494085,2677.2900390625,0.23114598816192183,0.0
^RUT,2026-04-30,2860.0,Call,23.9,25.2,33.12,2.0,17.0,0.037277923784494085,2677.2900390625,0.23114598816192183,0.0
^RUT,2026-04-30,2860.0,Put,218.1,221.7,287.0,,2.0,0.037277923784494085,2677.2900390625,0.23114598816192183,0.0
^RUT,2026-04-30,2870.0,Call,21.7,23.1,19.96,2.0,5.0,0.037277923784494085,2677.2900390625,0.23114598816192183,0.0
^RUT,2026-04-30,2870.0,Put,216.6,240.6,284.0,,1.0,0.037277923784494085,2677.2900390625,0.23114598816192183,0.0
^RUT,2026-04-30,2880.0,Call,19.8,21.2,24.34,3.0,103.0,0.037277923784494085,2677.2900390625,0.23114598816192183,0.0
^RUT,2026-04-30,2890.0,Call,18.0,19.4,19.97,1.0,15.0,0.037277923784494085,2677.2900390625,0.23114598816192183,0.0
^RUT,2026-04-30,2900.0,Call,16.2,17.7,15.34,6.0,120.0,0.037277923784494085,2677.2900390625,0.23114598816192183,0.0
^RUT,2026-04-30,2910.0,Call,14.8,16.3,28.92,1.0,7.0,0.037277923784494085,2677.2900390625,0.23114598816192183,0.0
^RUT,2026-04-30,2920.0,Call,13.5,14.9,14.0,17.0,31.0,0.037277923784494085,2677.2900390625,0.23114598816192183,0.0
^RUT,2026-04-30,2930.0,Call,12.1,13.5,16.48,2.0,9.0,0.037277923784494085,2677.2900390625,0.23114598816192183,0.0
^RUT,2026-04-30,2940.0,Call,15.8,16.8,18.5,4.0,4.0,0.037277923784494085,2677.2900390625,0.23114598816192183,0.0
^RUT,2026-04-30,2950.0,Call,10.2,11.3,10.9,1.0,6.0,0.037277923784494085,2677.2900390625,0.23114598816192183,0.0
^RUT,2026-04-30,2960.0,Call,9.1,10.4,16.65,1.0,1.0,0.037277923784494085,2677.2900390625,0.23114598816192183,0.0
^RUT,2026-04-30,2970.0,Call,8.2,9.4,10.25,1.0,29.0,0.037277923784494085,2677.2900390625,0.23114598816192183,0.0
^RUT,2026-04-30,3000.0,Call,6.0,7.2,6.72,1.0,78.0,0.037277923784494085,2677.2900390625,0.23114598816192183,0.0
^RUT,2026-04-30,3050.0,Call,3.6,4.7,4.52,1.0,33.0,0.037277923784494085,2677.2900390625,0.23114598816192183,0.0
^RUT,2026-04-30,3100.0,Call,2.25,3.1,3.31,1.0,40.0,0.037277923784494085,2677.2900390625,0.23114598816192183,0.0
^RUT,2026-04-30,3150.0,Call,1.5,2.15,1.84,12.0,41.0,0.037277923784494085,2677.2900390625,0.23114598816192183,0.0
^RUT,2026-04-30,3200.0,Call,0.95,1.6,1.3,12.0,297.0,0.037277923784494085,2677.2900390625,0.23114598816192183,0.0
^RUT,2026-04-30,3250.0,Call,0.65,1.3,1.05,2.0,22.0,0.037277923784494085,2677.2900390625,0.23114598816192183,0.0
^RUT,2026-04-30,3300.0,Call,0.45,1.05,0.67,8.0,35.0,0.037277923784494085,2677.2900390625,0.23114598816192183,0.0
^RUT,2026-04-30,3350.0,Call,0.3,0.9,0.9,10.0,36.0,0.037277923784494085,2677.2900390625,0.23114598816192183,0.0
^RUT,2026-04-30,3400.0,Call,0.2,0.8,0.69,1.0,10.0,0.037277923784494085,2677.2900390625,0.23114598816192183,0.0
^RUT,2026-04-30,3500.0,Call,0.1,0.65,0.35,9.0,60.0,0.037277923784494085,2677.2900390625,0.23114598816192183,0.0
^RUT,2026-04-30,3550.0,Call,0.0,0.55,0.8,10.0,19.0,0.037277923784494085,2677.2900390625,0.23114598816192183,0.0
^RUT,2026-04-30,3600.0,Call,0.0,0.5,0.28,3.0,6.0,0.037277923784494085,2677.2900390625,0.23114598816192183,0.0
^RUT,2026-04-30,3650.0,Call,0.0,0.45,0.17,3.0,7.0,0.037277923784494085,2677.2900390625,0.23114598816192183,0.0
^RUT,2026-04-30,3700.0,Call,0.0,0.45,0.91,2.0,3.0,0.037277923784494085,2677.2900390625,0.23114598816192183,0.0
^RUT,2026-05-15,1600.0,Put,2.4,2.9,2.69,7.0,20.0,0.03698226018396846,2677.2900390625,0.23114598816192183,0.0
^RUT,2026-05-15,1950.0,Put,7.0,7.6,7.9,51.0,51.0,0.03698226018396846,2677.2900390625,0.23114598816192183,0.0
^RUT,2026-05-15,2100.0,Put,11.4,12.1,11.4,1.0,5.0,0.03698226018396846,2677.2900390625,0.23114598816192183,0.0
^RUT,2026-05-15,2150.0,Put,13.7,14.6,14.69,8.0,12.0,0.03698226018396846,2677.2900390625,0.23114598816192183,0.0
^RUT,2026-05-15,2250.0,Put,20.0,21.0,18.88,2.0,423.0,0.03698226018396846,2677.2900390625,0.23114598816192183,0.0
^RUT,2026-05-15,2300.0,Put,24.3,25.4,21.91,101.0,105.0,0.03698226018396846,2677.2900390625,0.23114598816192183,0.0
^RUT,2026-05-15,2350.0,Put,30.0,31.0,28.35,3.0,18.0,0.03698226018396846,2677.2900390625,0.23114598816192183,0.0
^RUT,2026-05-15,2400.0,Put,37.2,38.3,35.23,1.0,23.0,0.03698226018396846,2677.2900390625,0.23114598816192183,0.0
^RUT,2026-05-15,2480.0,Put,51.8,53.0,53.8,25.0,100.0,0.03698226018396846,2677.2900390625,0.23114598816192183,0.0
^RUT,2026-05-15,2530.0,Put,63.8,65.0,57.16,1.0,6.0,0.03698226018396846,2677.2900390625,0.23114598816192183,0.0
^RUT,2026-05-15,2580.0,Put,78.6,79.9,89.3,,3.0,0.03698226018396846,2677.2900390625,0.23114598816192183,0.0
^RUT,2026-05-15,2610.0,Put,88.3,89.6,80.0,11.0,33.0,0.03698226018396846,2677.2900390625,0.23114598816192183,0.0
^RUT,2026-05-15,2630.0,Put,95.6,97.0,98.0,40.0,70.0,0.03698226018396846,2677.2900390625,0.23114598816192183,0.0
^RUT,2026-05-15,2650.0,Put,103.5,104.9,97.63,19.0,95.0,0.03698226018396846,2677.2900390625,0.23114598816192183,0.0
^RUT,2026-05-15,2660.0,Put,107.7,109.1,97.9,7.0,42.0,0.03698226018396846,2677.2900390625,0.23114598816192183,0.0
^RUT,2026-05-15,2810.0,Call,47.1,48.4,46.92,19.0,92.0,0.03698226018396846,2677.2900390625,0.23114598816192183,0.0
^RUT,2026-05-15,3050.0,Call,6.9,7.8,7.17,4.0,8.0,0.03698226018396846,2677.2900390625,0.23114598816192183,0.0
^RUT,2026-05-15,3100.0,Call,4.5,5.3,4.81,4.0,7.0,0.03698226018396846,2677.2900390625,0.23114598816192183,0.0
^RUT,2026-05-15,3150.0,Call,3.0,3.7,3.67,2.0,4.0,0.03698226018396846,2677.2900390625,0.23114598816192183,0.0
^RUT,2026-05-15,3250.0,Call,1.4,1.95,2.15,1.0,1.0,0.03698226018396846,2677.2900390625,0.23114598816192183,0.0
^RUT,2026-05-15,3300.0,Call,0.95,1.45,1.44,12.0,32.0,0.03698226018396846,2677.2900390625,0.23114598816192183,0.0
^RUT,2026-05-29,1250.0,Put,1.2,1.85,3.44,,1.0,0.036706307490144544,2677.2900390625,0.23114598816192183,0.0
^RUT,2026-05-29,1300.0,Put,1.05,1.7,1.64,,8.0,0.036706307490144544,2677.2900390625,0.23114598816192183,0.0
^RUT,2026-05-29,1350.0,Put,1.25,2.0,1.43,30.0,31.0,0.036706307490144544,2677.2900390625,0.23114598816192183,0.0
^RUT,2026-05-29,1500.0,Put,2.25,3.0,3.21,10.0,15.0,0.036706307490144544,2677.2900390625,0.23114598816192183,0.0
^RUT,2026-05-29,1550.0,Put,2.65,3.5,3.31,16.0,36.0,0.036706307490144544,2677.2900390625,0.23114598816192183,0.0
^RUT,2026-05-29,1600.0,Put,3.1,4.0,3.4,20.0,26.0,0.036706307490144544,2677.2900390625,0.23114598816192183,0.0
^RUT,2026-05-29,1650.0,Put,3.7,4.4,4.33,16.0,21.0,0.036706307490144544,2677.2900390625,0.23114598816192183,0.0
^RUT,2026-05-29,1700.0,Put,4.2,5.1,4.3,20.0,12.0,0.036706307490144544,2677.2900390625,0.23114598816192183,0.0
^RUT,2026-05-29,1750.0,Put,5.8,6.7,6.0,,0.0,0.036706307490144544,2677.2900390625,0.23114598816192183,0.0
^RUT,2026-05-29,1800.0,Put,5.7,6.7,5.65,20.0,15.0,0.036706307490144544,2677.2900390625,0.23114598816192183,0.0
^RUT,2026-05-29,1850.0,Call,805.3,829.3,787.45,,1.0,0.036706307490144544,2677.2900390625,0.23114598816192183,0.0
^RUT,2026-05-29,1850.0,Put,6.6,7.6,8.19,1.0,3.0,0.036706307490144544,2677.2900390625,0.23114598816192183,0.0
^RUT,2026-05-29,1900.0,Put,8.9,9.8,14.73,1.0,1.0,0.036706307490144544,2677.2900390625,0.23114598816192183,0.0
^RUT,2026-05-29,1950.0,Put,8.8,10.0,8.8,50.0,55.0,0.036706307490144544,2677.2900390625,0.23114598816192183,0.0
^RUT,2026-05-29,2000.0,Call,683.4,705.0,604.0,,1.0,0.036706307490144544,2677.2900390625,0.23114598816192183,0.0
^RUT,2026-05-29,2000.0,Put,10.2,11.5,11.3,7.0,22.0,0.036706307490144544,2677.2900390625,0.23114598816192183,0.0
^RUT,2026-05-29,2040.0,Put,11.6,13.0,15.7,,20.0,0.036706307490144544,2677.2900390625,0.23114598816192183,0.0
^RUT,2026-05-29,2050.0,Call,635.7,657.7,572.0,,0.0,0.036706307490144544,2677.2900390625,0.23114598816192183,0.0
^RUT,2026-05-29,2100.0,Put,14.2,15.4,14.91,44.0,46.0,0.036706307490144544,2677.2900390625,0.23114598816192183,0.0
^RUT,2026-05-29,2110.0,Put,14.7,16.1,18.71,,1.0,0.036706307490144544,2677.2900390625,0.23114598816192183,0.0
^RUT,2026-05-29,2120.0,Put,15.2,16.4,16.55,,2.0,0.036706307490144544,2677.2900390625,0.23114598816192183,0.0
^RUT,2026-05-29,2130.0,Put,15.8,17.2,16.5,,1.0,0.036706307490144544,2677.2900390625,0.23114598816192183,0.0
^RUT,2026-05-29,2140.0,Put,16.3,17.5,19.0,,6.0,0.036706307490144544,2677.2900390625,0.23114598816192183,0.0
^RUT,2026-05-29,2150.0,Put,16.9,18.1,15.92,20.0,411.0,0.036706307490144544,2677.2900390625,0.23114598816192183,0.0
^RUT,2026-05-29,2160.0,Put,17.5,18.9,20.3,,6.0,0.036706307490144544,2677.2900390625,0.23114598816192183,0.0
^RUT,2026-05-29,2190.0,Put,19.4,21.0,20.68,1.0,1.0,0.036706307490144544,2677.2900390625,0.23114598816192183,0.0
^RUT,2026-05-29,2200.0,Put,20.3,21.8,21.29,40.0,95.0,0.036706307490144544,2677.2900390625,0.23114598816192183,0.0
^RUT,2026-05-29,2230.0,Put,22.5,24.1,24.35,,1.0,0.036706307490144544,2677.2900390625,0.23114598816192183,0.0
^RUT,2026-05-29,2250.0,Put,24.2,25.9,22.82,20.0,80.0,0.036706307490144544,2677.2900390625,0.23114598816192183,0.0
^RUT,2026-05-29,2280.0,Put,27.1,28.6,34.95,1.0,2.0,0.036706307490144544,2677.2900390625,0.23114598816192183,0.0
^RUT,2026-05-29,2290.0,Put,28.1,29.8,25.3,,5.0,0.036706307490144544,2677.2900390625,0.23114598816192183,0.0
^RUT,2026-05-29,2300.0,Put,29.4,31.1,27.54,1.0,11.0,0.036706307490144544,2677.2900390625,0.23114598816192183,0.0
^RUT,2026-05-29,2310.0,Put,30.5,32.3,38.4,1.0,25.0,0.036706307490144544,2677.2900390625,0.23114598816192183,0.0
^RUT,2026-05-29,2320.0,Put,31.7,33.5,34.2,13.0,7.0,0.036706307490144544,2677.2900390625,0.23114598816192183,0.0
^RUT,2026-05-29,2330.0,Put,32.8,34.6,32.73,16.0,30.0,0.036706307490144544,2677.2900390625,0.23114598816192183,0.0
^RUT,2026-05-29,2340.0,Put,34.1,35.6,34.05,4.0,6.0,0.036706307490144544,2677.2900390625,0.23114598816192183,0.0
^RUT,2026-05-29,2350.0,Put,35.4,37.2,33.41,5.0,33.0,0.036706307490144544,2677.2900390625,0.23114598816192183,0.0
^RUT,2026-05-29,2360.0,Put,36.9,38.6,39.21,2.0,19.0,0.036706307490144544,2677.2900390625,0.23114598816192183,0.0
^RUT,2026-05-29,2370.0,Put,38.3,40.1,35.5,4.0,4.0,0.036706307490144544,2677.2900390625,0.23114598816192183,0.0
^RUT,2026-05-29,2380.0,Put,39.8,41.6,35.7,3.0,8.0,0.036706307490144544,2677.2900390625,0.23114598816192183,0.0
^RUT,2026-05-29,2390.0,Put,41.4,43.1,37.0,,9.0,0.036706307490144544,2677.2900390625,0.23114598816192183,0.0
^RUT,2026-05-29,2400.0,Put,43.0,44.8,40.53,3.0,22.0,0.036706307490144544,2677.2900390625,0.23114598816192183,0.0
^RUT,2026-05-29,2410.0,Put,44.6,46.4,54.1,4.0,3.0,0.036706307490144544,2677.2900390625,0.23114598816192183,0.0
^RUT,2026-05-29,2420.0,Put,46.5,48.2,48.85,3.0,8.0,0.036706307490144544,2677.2900390625,0.23114598816192183,0.0
^RUT,2026-05-29,2430.0,Put,48.2,50.0,46.26,2.0,8.0,0.036706307490144544,2677.2900390625,0.23114598816192183,0.0
^RUT,2026-05-29,2440.0,Put,50.2,52.0,50.26,2.0,10.0,0.036706307490144544,2677.2900390625,0.23114598816192183,0.0
^RUT,2026-05-29,2450.0,Put,52.2,54.0,51.3,4.0,51.0,0.036706307490144544,2677.2900390625,0.23114598816192183,0.0
^RUT,2026-05-29,2460.0,Put,54.5,56.4,55.58,2.0,76.0,0.036706307490144544,2677.2900390625,0.23114598816192183,0.0
^RUT,2026-05-29,2470.0,Put,56.4,58.2,54.29,8.0,12.0,0.036706307490144544,2677.2900390625,0.23114598816192183,0.0
^RUT,2026-05-29,2480.0,Put,58.6,60.4,59.1,8.0,11.0,0.036706307490144544,2677.2900390625,0.23114598816192183,0.0
^RUT,2026-05-29,2490.0,Call,237.5,241.2,210.0,,2.0,0.036706307490144544,2677.2900390625,0.23114598816192183,0.0
^RUT,2026-05-29,2490.0,Put,61.2,63.2,67.47,2.0,6.0,0.036706307490144544,2677.2900390625,0.23114598816192183,0.0
^RUT,2026-05-29,2500.0,Call,218.3,221.5,173.02,3.0,3.0,0.036706307490144544,2677.2900390625,0.23114598816192183,0.0
^RUT,2026-05-29,2500.0,Put,63.3,65.1,65.02,4.0,115.0,0.036706307490144544,2677.2900390625,0.23114598816192183,0.0
^RUT,2026-05-29,2510.0,Put,65.8,67.8,67.6,,3.0,0.036706307490144544,2677.2900390625,0.23114598816192183,0.0
^RUT,2026-05-29,2520.0,Call,204.5,207.5,169.93,3.0,3.0,0.036706307490144544,2677.2900390625,0.23114598816192183,0.0
^RUT,2026-05-29,2520.0,Put,68.3,70.1,66.05,2.0,10.0,0.036706307490144544,2677.2900390625,0.23114598816192183,0.0
^RUT,2026-05-29,2530.0,Call,197.4,200.3,171.04,1.0,2.0,0.036706307490144544,2677.2900390625,0.23114598816192183,0.0
^RUT,2026-05-29,2530.0,Put,71.0,72.8,65.09,2.0,10.0,0.036706307490144544,2677.2900390625,0.23114598816192183,0.0
^RUT,2026-05-29,2540.0,Put,74.1,76.1,77.0,1.0,1.0,0.036706307490144544,2677.2900390625,0.23114598816192183,0.0
^RUT,2026-05-29,2550.0,Call,194.1,197.2,225.59,7.0,9.0,0.036706307490144544,2677.2900390625,0.23114598816192183,0.0
^RUT,2026-05-29,2550.0,Put,76.9,79.0,92.46,5.0,13.0,0.036706307490144544,2677.2900390625,0.23114598816192183,0.0
^RUT,2026-05-29,2560.0,Call,203.9,206.7,195.21,,0.0,0.036706307490144544,2677.2900390625,0.23114598816192183,0.0
^RUT,2026-05-29,2560.0,Put,84.0,86.1,88.2,5.0,0.0,0.036706307490144544,2677.2900390625,0.23114598816192183,0.0
^RUT,2026-05-29,2570.0,Call,180.5,183.4,199.54,1.0,1.0,0.036706307490144544,2677.2900390625,0.23114598816192183,0.0
^RUT,2026-05-29,2580.0,Call,191.9,194.4,98.1,3.0,6.0,0.036706307490144544,2677.2900390625,0.23114598816192183,0.0
^RUT,2026-05-29,2580.0,Put,86.1,88.3,88.04,1.0,2.0,0.036706307490144544,2677.2900390625,0.23114598816192183,0.0
^RUT,2026-05-29,2590.0,Put,89.0,91.2,110.8,,3.0,0.036706307490144544,2677.2900390625,0.23114598816192183,0.0
^RUT,2026-05-29,2600.0,Call,160.8,163.4,191.59,2.0,9.0,0.036706307490144544,2677.2900390625,0.23114598816192183,0.0
^RUT,2026-05-29,2600.0,Put,92.4,94.6,110.48,10.0,22.0,0.036706307490144544,2677.2900390625,0.23114598816192183,0.0
^RUT,2026-05-29,2610.0,Call,154.4,157.0,160.5,1.0,2.0,0.036706307490144544,2677.2900390625,0.23114598816192183,0.0
^RUT,2026-05-29,2610.0,Put,96.4,98.6,93.9,120.0,48.0,0.036706307490144544,2677.2900390625,0.23114598816192183,0.0
^RUT,2026-05-29,2620.0,Call,148.3,150.7,158.23,1.0,3.0,0.036706307490144544,2677.2900390625,0.23114598816192183,0.0
^RUT,2026-05-29,2620.0,Put,100.0,102.3,102.16,2.0,7.0,0.036706307490144544,2677.2900390625,0.23114598816192183,0.0
^RUT,2026-05-29,2630.0,Call,142.1,144.6,152.01,1.0,2.0,0.036706307490144544,2677.2900390625,0.23114598816192183,0.0
^RUT,2026-05-29,2630.0,Put,103.4,105.6,95.55,1.0,6.0,0.036706307490144544,2677.2900390625,0.23114598816192183,0.0
^RUT,2026-05-29,2640.0,Call,136.5,138.8,166.9,1.0,2.0,0.036706307490144544,2677.2900390625,0.23114598816192183,0.0
^RUT,2026-05-29,2640.0,Put,107.7,110.0,127.18,5.0,22.0,0.036706307490144544,2677.2900390625,0.23114598816192183,0.0
^RUT,2026-05-29,2650.0,Call,130.4,132.6,133.93,2.0,4.0,0.036706307490144544,2677.2900390625,0.23114598816192183,0.0
^RUT,2026-05-29,2650.0,Put,111.8,114.0,114.15,1.0,19.0,0.036706307490144544,2677.2900390625,0.23114598816192183,0.0
^RUT,2026-05-29,2660.0,Call,124.7,126.9,140.02,1.0,7.0,0.036706307490144544,2677.2900390625,0.23114598816192183,0.0
^RUT,2026-05-29,2660.0,Put,116.0,118.2,113.49,1.0,5.0,0.036706307490144544,2677.2900390625,0.23114598816192183,0.0
^RUT,2026-05-29,2680.0,Call,113.1,115.4,128.9,1.0,14.0,0.036706307490144544,2677.2900390625,0.23114598816192183,0.0
^RUT,2026-05-29,2680.0,Put,124.0,126.2,134.6,1.0,4.0,0.036706307490144544,2677.2900390625,0.23114598816192183,0.0
^RUT,2026-05-29,2690.0,Call,107.8,110.1,145.48,2.0,2.0,0.036706307490144544,2677.2900390625,0.23114598816192183,0.0
^RUT,2026-05-29,2700.0,Call,103.1,105.4,117.04,2.0,11.0,0.036706307490144544,2677.2900390625,0.23114598816192183,0.0
^RUT,2026-05-29,2700.0,Put,133.6,135.9,137.4,5.0,21.0,0.036706307490144544,2677.2900390625,0.23114598816192183,0.0
^RUT,2026-05-29,2710.0,Call,98.2,100.4,79.72,1.0,9.0,0.036706307490144544,2677.2900390625,0.23114598816192183,0.0
^RUT,2026-05-29,2710.0,Put,138.2,140.4,149.0,,1.0,0.036706307490144544,2677.2900390625,0.23114598816192183,0.0
^RUT,2026-05-29,2720.0,Call,93.3,95.5,75.82,,10.0,0.036706307490144544,2677.2900390625,0.23114598816192183,0.0
^RUT,2026-05-29,2730.0,Call,88.2,90.4,117.2,1.0,19.0,0.036706307490144544,2677.2900390625,0.23114598816192183,0.0
^RUT,2026-05-29,2740.0,Call,83.6,85.9,96.41,1.0,16.0,0.036706307490144544,2677.2900390625,0.23114598816192183,0.0
^RUT,2026-05-29,2740.0,Put,153.9,156.4,164.9,2.0,13.0,0.036706307490144544,2677.2900390625,0.23114598816192183,0.0
^RUT,2026-05-29,2750.0,Call,79.6,81.8,70.98,1.0,16.0,0.036706307490144544,2677.2900390625,0.23114598816192183,0.0
^RUT,2026-05-29,2750.0,Put,160.0,162.5,144.5,1.0,6.0,0.036706307490144544,2677.2900390625,0.23114598816192183,0.0
^RUT,2026-05-29,2760.0,Call,75.4,77.5,67.13,1.0,17.0,0.036706307490144544,2677.2900390625,0.23114598816192183,0.0
^RUT,2026-05-29,2760.0,Put,165.6,168.2,149.6,,1.0,0.036706307490144544,2677.2900390625,0.23114598816192183,0.0
^RUT,2026-05-29,2770.0,Call,70.9,73.1,95.05,1.0,4.0,0.036706307490144544,2677.2900390625,0.23114598816192183,0.0
^RUT,2026-05-29,2780.0,Call,67.0,69.1,90.77,1.0,4.0,0.036706307490144544,2677.2900390625,0.23114598816192183,0.0
^RUT,2026-05-29,2780.0,Put,176.6,179.4,160.2,,7.0,0.036706307490144544,2677.2900390625,0.23114598816192183,0.0
^RUT,2026-05-29,2790.0,Call,63.2,65.3,67.7,6.0,6.0,0.036706307490144544,2677.2900390625,0.23114598816192183,0.0
^RUT,2026-05-29,2800.0,Call,59.9,61.9,60.05,1.0,38.0,0.036706307490144544,2677.2900390625,0.23114598816192183,0.0
^RUT,2026-05-29,2810.0,Call,56.6,58.4,64.4,1.0,5.0,0.036706307490144544,2677.2900390625,0.23114598816192183,0.0
^RUT,2026-05-29,2820.0,Call,53.2,55.1,54.2,1.0,30.0,0.036706307490144544,2677.2900390625,0.23114598816192183,0.0
^RUT,2026-05-29,2830.0,Call,50.0,51.8,58.1,2.0,13.0,0.036706307490144544,2677.2900390625,0.23114598816192183,0.0
^RUT,2026-05-29,2840.0,Call,46.5,48.5,52.55,2.0,65.0,0.036706307490144544,2677.2900390625,0.23114598816192183,0.0
^RUT,2026-05-29,2850.0,Call,44.0,45.8,51.31,29.0,74.0,0.036706307490144544,2677.2900390625,0.23114598816192183,0.0
^RUT,2026-05-29,2860.0,Call,41.1,43.0,36.4,2.0,11.0,0.036706307490144544,2677.2900390625,0.23114598816192183,0.0
^RUT,2026-05-29,2870.0,Call,38.5,40.3,41.29,6.0,14.0,0.036706307490144544,2677.2900390625,0.23114598816192183,0.0
^RUT,2026-05-29,2880.0,Call,36.0,37.8,38.72,8.0,0.0,0.036706307490144544,2677.2900390625,0.23114598816192183,0.0
^RUT,2026-05-29,2890.0,Call,33.5,35.4,51.4,20.0,20.0,0.036706307490144544,2677.2900390625,0.23114598816192183,0.0
^RUT,2026-05-29,2900.0,Call,31.4,33.1,34.23,1.0,41.0,0.036706307490144544,2677.2900390625,0.23114598816192183,0.0
^RUT,2026-05-29,2910.0,Call,28.9,30.9,32.41,1.0,12.0,0.036706307490144544,2677.2900390625,0.23114598816192183,0.0
^RUT,2026-05-29,2920.0,Call,27.1,29.0,42.32,4.0,3.0,0.036706307490144544,2677.2900390625,0.23114598816192183,0.0
^RUT,2026-05-29,2930.0,Call,25.2,27.1,23.1,1.0,2.0,0.036706307490144544,2677.2900390625,0.23114598816192183,0.0
^RUT,2026-05-29,2940.0,Call,23.5,25.3,34.13,30.0,17.0,0.036706307490144544,2677.2900390625,0.23114598816192183,0.0
^RUT,2026-05-29,2950.0,Call,22.1,23.6,24.23,2.0,48.0,0.036706307490144544,2677.2900390625,0.23114598816192183,0.0
^RUT,2026-05-29,3000.0,Call,15.2,16.6,16.0,15.0,39.0,0.036706307490144544,2677.2900390625,0.23114598816192183,0.0
^RUT,2026-05-29,3050.0,Call,10.3,11.6,11.6,14.0,65.0,0.036706307490144544,2677.2900390625,0.23114598816192183,0.0
^RUT,2026-05-29,3100.0,Call,6.9,8.2,7.7,15.0,65.0,0.036706307490144544,2677.2900390625,0.23114598816192183,0.0
^RUT,2026-05-29,3150.0,Call,4.6,5.9,5.75,14.0,50.0,0.036706307490144544,2677.2900390625,0.23114598816192183,0.0
^RUT,2026-05-29,3250.0,Call,2.3,3.3,4.5,2.0,33.0,0.036706307490144544,2677.2900390625,0.23114598816192183,0.0
^RUT,2026-05-29,3300.0,Call,1.65,2.5,6.2,1.0,6.0,0.036706307490144544,2677.2900390625,0.23114598816192183,0.0
^RUT,2026-05-29,3350.0,Call,1.25,2.0,2.38,16.0,25.0,0.036706307490144544,2677.2900390625,0.23114598816192183,0.0
^RUT,2026-05-29,3400.0,Call,0.9,1.7,1.92,1.0,16.0,0.036706307490144544,2677.2900390625,0.23114598816192183,0.0
^RUT,2026-05-29,3450.0,Call,0.7,1.45,1.54,6.0,16.0,0.036706307490144544,2677.2900390625,0.23114598816192183,0.0
^RUT,2026-05-29,3500.0,Call,0.55,1.25,1.1,10.0,25.0,0.036706307490144544,2677.2900390625,0.23114598816192183,0.0
^RUT,2026-05-29,3550.0,Call,0.4,1.15,1.05,10.0,11.0,0.036706307490144544,2677.2900390625,0.23114598816192183,0.0
^RUT,2026-05-29,3600.0,Call,0.3,1.05,0.65,2.0,32.0,0.036706307490144544,2677.2900390625,0.23114598816192183,0.0
^RUT,2026-05-29,3700.0,Call,0.2,0.9,1.95,,3.0,0.036706307490144544,2677.2900390625,0.23114598816192183,0.0
^RUT,2026-05-29,3750.0,Call,0.1,0.85,1.3,3.0,12.0,0.036706307490144544,2677.2900390625,0.23114598816192183,0.0
^RUT,2026-06-18,1050.0,Call,1389.3,1409.3,1127.3,1.0,1.0,0.036699999999999997,2677.2900390625,0.23114598816192183,0.0
^RUT,2026-06-18,1050.0,Put,0.65,1.2,0.95,1.0,650.0,0.036699999999999997,2677.2900390625,0.23114598816192183,0.0
^RUT,2026-06-18,1100.0,Call,950.0,974.0,830.2,,4.0,0.036699999999999997,2677.2900390625,0.23114598816192183,0.0
^RUT,2026-06-18,1100.0,Put,0.85,1.35,1.2,10.0,65.0,0.036699999999999997,2677.2900390625,0.23114598816192183,0.0
^RUT,2026-06-18,1150.0,Put,1.05,1.55,1.55,1.0,335.0,0.036699999999999997,2677.2900390625,0.23114598816192183,0.0
^RUT,2026-06-18,1200.0,Put,1.3,1.8,1.82,1.0,4361.0,0.036699999999999997,2677.2900390625,0.23114598816192183,0.0
^RUT,2026-06-18,1250.0,Call,1370.3,1390.0,1289.1,1.0,1.0,0.036699999999999997,2677.2900390625,0.23114598816192183,0.0
^RUT,2026-06-18,1250.0,Put,1.5,2.05,1.98,1.0,293.0,0.036699999999999997,2677.2900390625,0.23114598816192183,0.0
^RUT,2026-06-18,1300.0,Put,1.85,2.4,2.43,1.0,827.0,0.036699999999999997,2677.2900390625,0.23114598816192183,0.0
^RUT,2026-06-18,1350.0,Put,2.5,2.95,7.73,2.0,402.0,0.036699999999999997,2677.2900390625,0.23114598816192183,0.0
^RUT,2026-06-18,1400.0,Put,2.6,3.2,2.95,32.0,446.0,0.036699999999999997,2677.2900390625,0.23114598816192183,0.0
^RUT,2026-06-18,1450.0,Call,635.0,659.0,468.4,,1.0,0.036699999999999997,2677.2900390625,0.23114598816192183,0.0
^RUT,2026-06-18,1450.0,Put,3.0,3.6,4.1,9.0,776.0,0.036699999999999997,2677.2900390625,0.23114598816192183,0.0
^RUT,2026-06-18,1500.0,Call,719.0,743.0,653.2,1.0,2.0,0.036699999999999997,2677.2900390625,0.23114598816192183,0.0
^RUT,2026-06-18,1500.0,Put,3.4,3.8,4.38,2.0,213.0,0.036699999999999997,2677.2900390625,0.23114598816192183,0.0
^RUT,2026-06-18,1550.0,Call,674.0,698.0,609.77,1.0,3.0,0.036699999999999997,2677.2900390625,0.23114598816192183,0.0
^RUT,2026-06-18,1550.0,Put,4.1,4.7,4.85,17.0,1603.0,0.036699999999999997,2677.2900390625,0.23114598816192183,0.0
^RUT,2026-06-18,1600.0,Put,4.7,5.4,5.0,33.0,2002.0,0.036699999999999997,2677.2900390625,0.23114598816192183,0.0
^RUT,2026-06-18,1650.0,Call,576.4,588.8,531.75,5.0,5.0,0.036699999999999997,2677.2900390625,0.23114598816192183,0.0
^RUT,2026-06-18,1650.0,Put,5.4,6.1,5.81,13.0,1623.0,0.036699999999999997,2677.2900390625,0.23114598816192183,0.0
^RUT,2026-06-18,1700.0,Call,772.6,792.5,560.86,152.0,37.0,0.036699999999999997,2677.2900390625,0.23114598816192183,0.0
^RUT,2026-06-18,1700.0,Put,6.2,6.8,6.03,16.0,1866.0,0.036699999999999997,2677.2900390625,0.23114598816192183,0.0
^RUT,2026-06-18,1710.0,Call,763.4,783.3,552.3,,37.0,0.036699999999999997,2677.2900390625,0.23114598816192183,0.0
^RUT,2026-06-18,1710.0,Put,6.3,7.0,6.08,14.0,171.0,0.036699999999999997,2677.2900390625,0.23114598816192183,0.0
^RUT,2026-06-18,1720.0,Put,6.5,7.2,7.72,40.0,163.0,0.036699999999999997,2677.2900390625,0.23114598816192183,0.0
^RUT,2026-06-18,1730.0,Put,6.7,7.4,7.3,1.0,244.0,0.036699999999999997,2677.2900390625,0.23114598816192183,0.0
^RUT,2026-06-18,1740.0,Put,6.8,7.6,8.2,39.0,204.0,0.036699999999999997,2677.2900390625,0.23114598816192183,0.0
^RUT,2026-06-18,1750.0,Call,726.9,746.9,486.46,1.0,39.0,0.036699999999999997,2677.2900390625,0.23114598816192183,0.0
^RUT,2026-06-18,1750.0,Put,7.0,7.8,7.85,2.0,1697.0,0.036699999999999997,2677.2900390625,0.23114598816192183,0.0
^RUT,2026-06-18,1760.0,Put,7.2,7.8,6.95,39.0,106.0,0.036699999999999997,2677.2900390625,0.23114598816192183,0.0
^RUT,2026-06-18,1770.0,Call,886.6,910.6,923.77,6.0,6.0,0.036699999999999997,2677.2900390625,0.23114598816192183,0.0
^RUT,2026-06-18,1770.0,Put,7.4,8.0,8.35,6.0,214.0,0.036699999999999997,2677.2900390625,0.23114598816192183,0.0
^RUT,2026-06-18,1780.0,Call,854.9,874.8,739.25,6.0,6.0,0.036699999999999997,2677.2900390625,0.23114598816192183,0.0
^RUT,2026-06-18,1780.0,Put,7.2,7.8,8.2,6.0,38.0,0.036699999999999997,2677.2900390625,0.23114598816192183,0.0
^RUT,2026-06-18,1790.0,Call,806.0,825.8,744.64,6.0,6.0,0.036699999999999997,2677.2900390625,0.23114598816192183,0.0
^RUT,2026-06-18,1790.0,Put,7.8,8.4,9.5,1.0,36.0,0.036699999999999997,2677.2900390625,0.23114598816192183,0.0
^RUT,2026-06-18,1800.0,Call,697.6,717.6,725.36,6.0,6.0,0.036699999999999997,2677.2900390625,0.23114598816192183,0.0
^RUT,2026-06-18,1800.0,Put,8.0,8.7,10.8,41.0,2403.0,0.036699999999999997,2677.2900390625,0.23114598816192183,0.0
^RUT,2026-06-18,1810.0,Call,666.1,686.0,672.1,6.0,0.0,0.036699999999999997,2677.2900390625,0.23114598816192183,0.0
^RUT,2026-06-18,1820.0,Put,8.4,9.2,8.83,1.0,1.0,0.036699999999999997,2677.2900390625,0.23114598816192183,0.0
^RUT,2026-06-18,1840.0,Put,8.9,9.7,8.15,2.0,3.0,0.036699999999999997,2677.2900390625,0.23114598816192183,0.0
^RUT,2026-06-18,1850.0,Call,637.0,657.0,378.0,3.0,4.0,0.036699999999999997,2677.2900390625,0.23114598816192183,0.0
^RUT,2026-06-18,1850.0,Put,9.1,9.8,10.58,7.0,537.0,0.036699999999999997,2677.2900390625,0.23114598816192183,0.0
^RUT,2026-06-18,1860.0,Put,9.3,10.2,10.2,9.0,34.0,0.036699999999999997,2677.2900390625,0.23114598816192183,0.0
^RUT,2026-06-18,1870.0,Put,9.6,10.3,10.1,21.0,39.0,0.036699999999999997,2677.2900390625,0.23114598816192183,0.0
^RUT,2026-06-18,1880.0,Put,9.9,10.7,9.27,21.0,211.0,0.036699999999999997,2677.2900390625,0.23114598816192183,0.0
^RUT,2026-06-18,1890.0,Put,10.1,11.0,11.0,11.0,677.0,0.036699999999999997,2677.2900390625,0.23114598816192183,0.0
^RUT,2026-06-18,1900.0,Call,761.3,785.3,748.81,6.0,12.0,0.036699999999999997,2677.2900390625,0.23114598816192183,0.0
^RUT,2026-06-18,1900.0,Put,10.4,11.2,11.88,16.0,5836.0,0.036699999999999997,2677.2900390625,0.23114598816192183,0.0
^RUT,2026-06-18,1910.0,Put,10.7,11.5,13.82,40.0,436.0,0.036699999999999997,2677.2900390625,0.23114598816192183,0.0
^RUT,2026-06-18,1920.0,Put,11.0,11.8,10.9,4.0,189.0,0.036699999999999997,2677.2900390625,0.23114598816192183,0.0
^RUT,2026-06-18,1930.0,Put,11.3,12.1,11.4,10.0,169.0,0.036699999999999997,2677.2900390625,0.23114598816192183,0.0
^RUT,2026-06-18,1940.0,Put,11.6,12.6,11.19,77.0,219.0,0.036699999999999997,2677.2900390625,0.23114598816192183,0.0
^RUT,2026-06-18,1950.0,Call,549.1,568.3,363.67,1.0,450.0,0.036699999999999997,2677.2900390625,0.23114598816192183,0.0
^RUT,2026-06-18,1950.0,Put,12.0,12.9,11.7,7.0,1391.0,0.036699999999999997,2677.2900390625,0.23114598816192183,0.0
^RUT,2026-06-18,1960.0,Put,12.3,13.1,12.6,21.0,236.0,0.036699999999999997,2677.2900390625,0.23114598816192183,0.0
^RUT,2026-06-18,1970.0,Put,12.7,13.7,12.09,26.0,213.0,0.036699999999999997,2677.2900390625,0.23114598816192183,0.0
^RUT,2026-06-18,1980.0,Put,13.0,14.0,12.23,23.0,72.0,0.036699999999999997,2677.2900390625,0.23114598816192183,0.0
^RUT,2026-06-18,1990.0,Put,13.4,14.4,16.49,47.0,124.0,0.036699999999999997,2677.2900390625,0.23114598816192183,0.0
^RUT,2026-06-18,2000.0,Call,666.0,690.0,731.56,1.0,1116.0,0.036699999999999997,2677.2900390625,0.23114598816192183,0.0
^RUT,2026-06-18,2000.0,Put,13.9,14.9,13.9,11.0,2566.0,0.036699999999999997,2677.2900390625,0.23114598816192183,0.0
^RUT,2026-06-18,2010.0,Call,497.8,517.5,322.02,,2.0,0.036699999999999997,2677.2900390625,0.23114598816192183,0.0
^RUT,2026-06-18,2010.0,Put,50.4,54.4,48.49,2.0,22.0,0.036699999999999997,2677.2900390625,0.23114598816192183,0.0
^RUT,2026-06-18,2020.0,Call,489.1,509.1,302.23,2.0,1.0,0.036699999999999997,2677.2900390625,0.23114598816192183,0.0
^RUT,2026-06-18,2020.0,Put,14.6,15.7,16.05,14.0,25.0,0.036699999999999997,2677.2900390625,0.23114598816192183,0.0
^RUT,2026-06-18,2030.0,Put,15.2,16.2,14.4,1.0,39.0,0.036699999999999997,2677.2900390625,0.23114598816192183,0.0
^RUT,2026-06-18,2040.0,Call,472.5,492.5,350.3,4.0,41.0,0.036699999999999997,2677.2900390625,0.23114598816192183,0.0
^RUT,2026-06-18,2040.0,Put,41.8,44.5,66.06,1.0,123.0,0.036699999999999997,2677.2900390625,0.23114598816192183,0.0
^RUT,2026-06-18,2050.0,Call,499.9,519.8,401.19,2.0,114.0,0.036699999999999997,2677.2900390625,0.23114598816192183,0.0
^RUT,2026-06-18,2050.0,Put,15.2,15.8,17.7,8.0,189.0,0.036699999999999997,2677.2900390625,0.23114598816192183,0.0
^RUT,2026-06-18,2060.0,Call,493.0,506.5,399.98,20.0,40.0,0.036699999999999997,2677.2900390625,0.23114598816192183,0.0
^RUT,2026-06-18,2060.0,Put,15.7,16.4,21.0,4.0,82.0,0.036699999999999997,2677.2900390625,0.23114598816192183,0.0
^RUT,2026-06-18,2070.0,Call,447.5,467.4,291.36,2.0,20.0,0.036699999999999997,2677.2900390625,0.23114598816192183,0.0
^RUT,2026-06-18,2070.0,Put,17.1,18.0,17.8,3.0,484.0,0.036699999999999997,2677.2900390625,0.23114598816192183,0.0
^RUT,2026-06-18,2080.0,Call,542.8,550.9,416.8,11.0,35.0,0.036699999999999997,2677.2900390625,0.23114598816192183,0.0
^RUT,2026-06-18,2080.0,Put,17.6,18.7,18.9,2.0,723.0,0.036699999999999997,2677.2900390625,0.23114598816192183,0.0
^RUT,2026-06-18,2090.0,Call,532.6,541.0,409.3,22.0,68.0,0.036699999999999997,2677.2900390625,0.23114598816192183,0.0
^RUT,2026-06-18,2090.0,Put,18.2,19.1,16.9,1.0,113.0,0.036699999999999997,2677.2900390625,0.23114598816192183,0.0
^RUT,2026-06-18,2100.0,Call,523.8,532.0,401.5,8.0,1593.0,0.036699999999999997,2677.2900390625,0.23114598816192183,0.0
^RUT,2026-06-18,2100.0,Put,18.9,19.9,19.51,15.0,2879.0,0.036699999999999997,2677.2900390625,0.23114598816192183,0.0
^RUT,2026-06-18,2110.0,Call,514.7,522.8,393.4,10.0,96.0,0.036699999999999997,2677.2900390625,0.23114598816192183,0.0
^RUT,2026-06-18,2110.0,Put,60.1,63.4,61.5,49.0,38.0,0.036699999999999997,2677.2900390625,0.23114598816192183,0.0
^RUT,2026-06-18,2120.0,Call,505.7,513.8,386.0,3.0,61.0,0.036699999999999997,2677.2900390625,0.23114598816192183,0.0
^RUT,2026-06-18,2120.0,Put,20.0,21.1,18.5,7.0,179.0,0.036699999999999997,2677.2900390625,0.23114598816192183,0.0
^RUT,2026-06-18,2130.0,Call,496.8,505.1,378.3,3.0,5.0,0.036699999999999997,2677.2900390625,0.23114598816192183,0.0
^RUT,2026-06-18,2130.0,Put,20.7,21.6,21.7,2.0,245.0,0.036699999999999997,2677.2900390625,0.23114598816192183,0.0
^RUT,2026-06-18,2140.0,Call,400.1,407.1,250.08,2.0,1.0,0.036699999999999997,2677.2900390625,0.23114598816192183,0.0
^RUT,2026-06-18,2140.0,Put,20.2,20.8,30.3,5.0,59.0,0.036699999999999997,2677.2900390625,0.23114598816192183,0.0
^RUT,2026-06-18,2150.0,Call,396.8,416.8,455.48,3.0,45.0,0.036699999999999997,2677.2900390625,0.23114598816192183,0.0
^RUT,2026-06-18,2150.0,Put,22.1,23.0,22.65,4.0,309.0,0.036699999999999997,2677.2900390625,0.23114598816192183,0.0
^RUT,2026-06-18,2160.0,Call,388.7,408.7,447.37,3.0,8.0,0.036699999999999997,2677.2900390625,0.23114598816192183,0.0
^RUT,2026-06-18,2160.0,Put,22.7,23.9,30.8,5.0,79.0,0.036699999999999997,2677.2900390625,0.23114598816192183,0.0
^RUT,2026-06-18,2170.0,Put,23.6,24.7,27.82,250.0,486.0,0.036699999999999997,2677.2900390625,0.23114598816192183,0.0
^RUT,2026-06-18,2180.0,Call,403.5,409.1,330.24,2.0,8.0,0.036699999999999997,2677.2900390625,0.23114598816192183,0.0
^RUT,2026-06-18,2180.0,Put,24.3,25.5,21.7,1.0,12.0,0.036699999999999997,2677.2900390625,0.23114598816192183,0.0
^RUT,2026-06-18,2190.0,Call,361.7,368.7,283.43,,1.0,0.036699999999999997,2677.2900390625,0.23114598816192183,0.0
^RUT,2026-06-18,2190.0,Put,25.2,26.3,29.3,1.0,55.0,0.036699999999999997,2677.2900390625,0.23114598816192183,0.0
^RUT,2026-06-18,2200.0,Call,348.2,353.9,384.05,40.0,906.0,0.036699999999999997,2677.2900390625,0.23114598816192183,0.0
^RUT,2026-06-18,2200.0,Put,26.0,27.0,25.2,2.0,685.0,0.036699999999999997,2677.2900390625,0.23114598816192183,0.0
^RUT,2026-06-18,2210.0,Call,346.8,353.7,204.07,,1.0,0.036699999999999997,2677.2900390625,0.23114598816192183,0.0
^RUT,2026-06-18,2210.0,Put,26.9,27.9,24.95,1.0,44.0,0.036699999999999997,2677.2900390625,0.23114598816192183,0.0
^RUT,2026-06-18,2220.0,Call,314.1,326.2,319.85,32.0,20.0,0.036699999999999997,2677.2900390625,0.23114598816192183,0.0
^RUT,2026-06-18,2220.0,Put,27.8,29.0,34.82,3.0,50.0,0.036699999999999997,2677.2900390625,0.23114598816192183,0.0
^RUT,2026-06-18,2230.0,Put,28.8,29.8,29.47,25.0,56.0,0.036699999999999997,2677.2900390625,0.23114598816192183,0.0
^RUT,2026-06-18,2240.0,Call,360.8,366.1,347.11,2.0,4.0,0.036699999999999997,2677.2900390625,0.23114598816192183,0.0
^RUT,2026-06-18,2240.0,Put,29.8,30.9,30.92,80.0,98.0,0.036699999999999997,2677.2900390625,0.23114598816192183,0.0
^RUT,2026-06-18,2250.0,Call,351.0,359.8,316.16,1.0,487.0,0.036699999999999997,2677.2900390625,0.23114598816192183,0.0
^RUT,2026-06-18,2250.0,Put,30.8,32.0,28.87,4.0,772.0,0.036699999999999997,2677.2900390625,0.23114598816192183,0.0
^RUT,2026-06-18,2260.0,Call,286.4,298.4,292.62,2.0,3.0,0.036699999999999997,2677.2900390625,0.23114598816192183,0.0
^RUT,2026-06-18,2260.0,Put,31.9,33.0,30.8,11.0,130.0,0.036699999999999997,2677.2900390625,0.23114598816192183,0.0
^RUT,2026-06-18,2270.0,Call,303.6,310.3,204.0,3.0,1.0,0.036699999999999997,2677.2900390625,0.23114598816192183,0.0
^RUT,2026-06-18,2270.0,Put,33.0,34.2,36.1,39.0,211.0,0.036699999999999997,2677.2900390625,0.23114598816192183,0.0
^RUT,2026-06-18,2280.0,Call,296.7,303.4,189.7,,3.0,0.036699999999999997,2677.2900390625,0.23114598816192183,0.0
^RUT,2026-06-18,2280.0,Put,34.3,35.5,40.4,1.0,678.0,0.036699999999999997,2677.2900390625,0.23114598816192183,0.0
^RUT,2026-06-18,2290.0,Call,385.1,403.5,339.25,4.0,16.0,0.036699999999999997,2677.2900390625,0.23114598816192183,0.0
^RUT,2026-06-18,2290.0,Put,35.2,36.5,38.2,12.0,56.0,0.036699999999999997,2677.2900390625,0.23114598816192183,0.0
^RUT,2026-06-18,2300.0,Call,392.7,416.7,398.55,1.0,1481.0,0.036699999999999997,2677.2900390625,0.23114598816192183,0.0
^RUT,2026-06-18,2300.0,Put,36.7,38.0,46.6,1.0,1884.0,0.036699999999999997,2677.2900390625,0.23114598816192183,0.0
^RUT,2026-06-18,2310.0,Call,325.1,330.6,260.58,2.0,0.0,0.036699999999999997,2677.2900390625,0.23114598816192183,0.0
^RUT,2026-06-18,2310.0,Put,38.0,39.3,37.05,20.0,122.0,0.036699999999999997,2677.2900390625,0.23114598816192183,0.0
^RUT,2026-06-18,2320.0,Call,303.5,308.4,290.7,1.0,9.0,0.036699999999999997,2677.2900390625,0.23114598816192183,0.0
^RUT,2026-06-18,2320.0,Put,39.1,40.4,38.3,20.0,325.0,0.036699999999999997,2677.2900390625,0.23114598816192183,0.0
^RUT,2026-06-18,2330.0,Call,367.1,391.1,361.93,2.0,8.0,0.036699999999999997,2677.2900390625,0.23114598816192183,0.0
^RUT,2026-06-18,2330.0,Put,40.5,41.8,41.79,2.0,181.0,0.036699999999999997,2677.2900390625,0.23114598816192183,0.0
^RUT,2026-06-18,2340.0,Call,303.7,309.0,248.47,6.0,4.0,0.036699999999999997,2677.2900390625,0.23114598816192183,0.0
^RUT,2026-06-18,2340.0,Put,42.0,43.2,55.5,1.0,88.0,0.036699999999999997,2677.2900390625,0.23114598816192183,0.0
^RUT,2026-06-18,2350.0,Call,371.6,390.5,355.46,2.0,396.0,0.036699999999999997,2677.2900390625,0.23114598816192183,0.0
^RUT,2026-06-18,2350.0,Put,43.7,45.0,40.52,1.0,626.0,0.036699999999999997,2677.2900390625,0.23114598816192183,0.0
^RUT,2026-06-18,2360.0,Call,243.9,250.2,158.34,1.0,2.0,0.036699999999999997,2677.2900390625,0.23114598816192183,0.0
^RUT,2026-06-18,2360.0,Put,45.1,46.2,49.0,3.0,37.0,0.036699999999999997,2677.2900390625,0.23114598816192183,0.0
^RUT,2026-06-18,2370.0,Call,333.7,357.7,330.32,2.0,20.0,0.036699999999999997,2677.2900390625,0.23114598816192183,0.0
^RUT,2026-06-18,2370.0,Put,46.7,47.8,48.9,100.0,197.0,0.036699999999999997,2677.2900390625,0.23114598816192183,0.0
^RUT,2026-06-18,2380.0,Put,48.3,49.5,67.0,15.0,30.0,0.036699999999999997,2677.2900390625,0.23114598816192183,0.0
^RUT,2026-06-18,2390.0,Call,328.3,331.8,303.7,1.0,7.0,0.036699999999999997,2677.2900390625,0.23114598816192183,0.0
^RUT,2026-06-18,2390.0,Put,50.0,51.4,46.73,1.0,254.0,0.036699999999999997,2677.2900390625,0.23114598816192183,0.0
^RUT,2026-06-18,2400.0,Call,320.3,323.7,288.78,4.0,1077.0,0.036699999999999997,2677.2900390625,0.23114598816192183,0.0
^RUT,2026-06-18,2400.0,Put,51.8,53.0,47.1,8.0,1317.0,0.036699999999999997,2677.2900390625,0.23114598816192183,0.0
^RUT,2026-06-18,2410.0,Call,312.3,315.6,281.13,4.0,5.0,0.036699999999999997,2677.2900390625,0.23114598816192183,0.0
^RUT,2026-06-18,2410.0,Put,53.9,55.3,64.73,6.0,39.0,0.036699999999999997,2677.2900390625,0.23114598816192183,0.0
^RUT,2026-06-18,2420.0,Call,303.6,306.9,324.26,4.0,5.0,0.036699999999999997,2677.2900390625,0.23114598816192183,0.0
^RUT,2026-06-18,2420.0,Put,55.6,56.8,60.55,1.0,73.0,0.036699999999999997,2677.2900390625,0.23114598816192183,0.0
^RUT,2026-06-18,2430.0,Call,315.7,318.5,228.92,1.0,598.0,0.036699999999999997,2677.2900390625,0.23114598816192183,0.0
^RUT,2026-06-18,2430.0,Put,57.8,59.2,60.6,3.0,65.0,0.036699999999999997,2677.2900390625,0.23114598816192183,0.0
^RUT,2026-06-18,2440.0,Call,288.0,291.2,262.49,2.0,2.0,0.036699999999999997,2677.2900390625,0.23114598816192183,0.0
^RUT,2026-06-18,2440.0,Put,59.6,61.0,58.22,1.0,218.0,0.036699999999999997,2677.2900390625,0.23114598816192183,0.0
^RUT,2026-06-18,2450.0,Call,280.9,284.1,310.72,2.0,1022.0,0.036699999999999997,2677.2900390625,0.23114598816192183,0.0
^RUT,2026-06-18,2450.0,Put,62.0,63.4,62.4,1.0,791.0,0.036699999999999997,2677.2900390625,0.23114598816192183,0.0
^RUT,2026-06-18,2460.0,Call,180.3,184.8,202.63,,5.0,0.036699999999999997,2677.2900390625,0.23114598816192183,0.0
^RUT,2026-06-18,2460.0,Put,64.0,65.4,60.91,12.0,93.0,0.036699999999999997,2677.2900390625,0.23114598816192183,0.0
^RUT,2026-06-18,2470.0,Call,265.8,268.8,260.01,2.0,7.0,0.036699999999999997,2677.2900390625,0.23114598816192183,0.0
^RUT,2026-06-18,2470.0,Put,66.2,67.7,65.12,13.0,91.0,0.036699999999999997,2677.2900390625,0.23114598816192183,0.0
^RUT,2026-06-18,2480.0,Call,258.3,261.2,278.21,5.0,9.0,0.036699999999999997,2677.2900390625,0.23114598816192183,0.0
^RUT,2026-06-18,2480.0,Put,68.9,70.3,65.84,6.0,119.0,0.036699999999999997,2677.2900390625,0.23114598816192183,0.0
^RUT,2026-06-18,2490.0,Call,251.2,254.1,222.97,2.0,6.0,0.036699999999999997,2677.2900390625,0.23114598816192183,0.0
^RUT,2026-06-18,2490.0,Put,71.0,72.5,67.85,7.0,257.0,0.036699999999999997,2677.2900390625,0.23114598816192183,0.0
^RUT,2026-06-18,2500.0,Call,243.5,246.5,240.21,2.0,3176.0,0.036699999999999997,2677.2900390625,0.23114598816192183,0.0
^RUT,2026-06-18,2500.0,Put,73.6,75.0,67.5,3.0,1742.0,0.036699999999999997,2677.2900390625,0.23114598816192183,0.0
^RUT,2026-06-18,2510.0,Call,235.6,238.5,221.89,2.0,5.0,0.036699999999999997,2677.2900390625,0.23114598816192183,0.0
^RUT,2026-06-18,2510.0,Put,76.2,77.6,72.09,1.0,47.0,0.036699999999999997,2677.2900390625,0.23114598816192183,0.0
^RUT,2026-06-18,2520.0,Call,229.1,231.9,215.4,1.0,2.0,0.036699999999999997,2677.2900390625,0.23114598816192183,0.0
^RUT,2026-06-18,2520.0,Put,78.9,80.3,85.0,33.0,43.0,0.036699999999999997,2677.2900390625,0.23114598816192183,0.0
^RUT,2026-06-18,2530.0,Call,221.5,224.2,245.71,16.0,34.0,0.036699999999999997,2677.2900390625,0.23114598816192183,0.0
^RUT,2026-06-18,2530.0,Put,81.6,83.1,84.4,126.0,128.0,0.036699999999999997,2677.2900390625,0.23114598816192183,0.0
^RUT,2026-06-18,2550.0,Call,208.3,210.8,208.1,1.0,1713.0,0.036699999999999997,2677.2900390625,0.23114598816192183,0.0
^RUT,2026-06-18,2550.0,Put,87.8,89.3,85.1,15.0,2861.0,0.036699999999999997,2677.2900390625,0.23114598816192183,0.0
^RUT,2026-06-18,2600.0,Call,175.5,177.5,182.0,1.0,2533.0,0.036699999999999997,2677.2900390625,0.23114598816192183,0.0
^RUT,2026-06-18,2600.0,Put,103.8,105.4,94.7,320.0,1653.0,0.036699999999999997,2677.2900390625,0.23114598816192183,0.0
^RUT,2026-06-18,2650.0,Call,145.3,147.1,150.5,1.0,824.0,0.036699999999999997,2677.2900390625,0.23114598816192183,0.0
^RUT,2026-06-18,2650.0,Put,122.9,124.5,125.9,1.0,535.0,0.036699999999999997,2677.2900390625,0.23114598816192183,0.0
^RUT,2026-06-18,2700.0,Call,118.1,119.8,114.68,3.0,3022.0,0.036699999999999997,2677.2900390625,0.23114598816192183,0.0
^RUT,2026-06-18,2700.0,Put,145.0,146.6,132.4,293.0,2155.0,0.036699999999999997,2677.2900390625,0.23114598816192183,0.0
^RUT,2026-06-18,2750.0,Call,94.2,95.8,100.3,2.0,227.0,0.036699999999999997,2677.2900390625,0.23114598816192183,0.0
^RUT,2026-06-18,2750.0,Put,170.3,172.4,173.0,4.0,122.0,0.036699999999999997,2677.2900390625,0.23114598816192183,0.0
^RUT,2026-06-18,2800.0,Call,73.2,74.8,75.66,2.0,4172.0,0.036699999999999997,2677.2900390625,0.23114598816192183,0.0
^RUT,2026-06-18,2800.0,Put,198.9,201.0,183.98,81.0,409.0,0.036699999999999997,2677.2900390625,0.23114598816192183,0.0
^RUT,2026-06-18,2850.0,Call,56.1,57.6,60.7,54.0,1053.0,0.036699999999999997,2677.2900390625,0.23114598816192183,0.0
^RUT,2026-06-18,2850.0,Put,231.4,234.2,217.66,,1.0,0.036699999999999997,2677.2900390625,0.23114598816192183,0.0
^RUT,2026-06-18,2900.0,Call,42.1,43.5,49.56,32.0,822.0,0.036699999999999997,2677.2900390625,0.23114598816192183,0.0
^RUT,2026-06-18,2900.0,Put,265.8,269.0,244.54,2.0,2.0,0.036699999999999997,2677.2900390625,0.23114598816192183,0.0
^RUT,2026-06-18,2950.0,Call,31.0,32.4,33.06,7.0,798.0,0.036699999999999997,2677.2900390625,0.23114598816192183,0.0
^RUT,2026-06-18,2950.0,Put,304.7,308.2,279.37,2.0,2.0,0.036699999999999997,2677.2900390625,0.23114598816192183,0.0
^RUT,2026-06-18,3000.0,Call,22.7,24.0,25.1,15.0,2335.0,0.036699999999999997,2677.2900390625,0.23114598816192183,0.0
^RUT,2026-06-18,3000.0,Put,325.3,340.7,360.86,2.0,5.0,0.036699999999999997,2677.2900390625,0.23114598816192183,0.0
^RUT,2026-06-18,3050.0,Call,16.3,17.5,18.26,2.0,106.0,0.036699999999999997,2677.2900390625,0.23114598816192183,0.0
^RUT,2026-06-18,3050.0,Put,378.4,402.4,324.2,1.0,3.0,0.036699999999999997,2677.2900390625,0.23114598816192183,0.0
^RUT,2026-06-18,3100.0,Call,11.7,12.8,13.5,4.0,1560.0,0.036699999999999997,2677.2900390625,0.23114598816192183,0.0
^RUT,2026-06-18,3150.0,Call,8.4,9.4,12.9,5.0,428.0,0.036699999999999997,2677.2900390625,0.23114598816192183,0.0
^RUT,2026-06-18,3150.0,Put,1004.0,1028.0,1222.2,3.0,4.0,0.036699999999999997,2677.2900390625,0.23114598816192183,0.0
^RUT,2026-06-18,3200.0,Call,6.2,7.0,6.56,4.0,2766.0,0.036699999999999997,2677.2900390625,0.23114598816192183,0.0
^RUT,2026-06-18,3200.0,Put,1051.0,1075.0,1269.3,,5.0,0.036699999999999997,2677.2900390625,0.23114598816192183,0.0
^RUT,2026-06-18,3250.0,Call,4.5,5.3,4.7,6.0,447.0,0.036699999999999997,2677.2900390625,0.23114598816192183,0.0
^RUT,2026-06-18,3250.0,Put,1098.0,1122.0,1315.1,,1.0,0.036699999999999997,2677.2900390625,0.23114598816192183,0.0
^RUT,2026-06-18,3300.0,Call,3.3,4.1,5.5,1.0,99.0,0.036699999999999997,2677.2900390625,0.23114598816192183,0.0
^RUT,2026-06-18,3300.0,Put,1145.0,1169.0,1418.5,,1.0,0.036699999999999997,2677.2900390625,0.23114598816192183,0.0
^RUT,2026-06-18,3350.0,Call,2.6,3.2,3.2,5.0,73.0,0.036699999999999997,2677.2900390625,0.23114598816192183,0.0
^RUT,2026-06-18,3350.0,Put,845.5,865.5,795.59,85.0,13.0,0.036699999999999997,2677.2900390625,0.23114598816192183,0.0
^RUT,2026-06-18,3400.0,Call,1.95,2.6,2.22,2.0,52.0,0.036699999999999997,2677.2900390625,0.23114598816192183,0.0
^RUT,2026-06-18,3400.0,Put,893.1,913.1,842.56,85.0,13.0,0.036699999999999997,2677.2900390625,0.23114598816192183,0.0
^RUT,2026-06-18,3450.0,Call,1.55,2.15,2.31,1.0,83.0,0.036699999999999997,2677.2900390625,0.23114598816192183,0.0
^RUT,2026-06-18,3450.0,Put,1287.0,1311.0,1519.9,,1.0,0.036699999999999997,2677.2900390625,0.23114598816192183,0.0
^RUT,2026-06-18,3500.0,Call,1.25,1.8,1.7,1.0,45.0,0.036699999999999997,2677.2900390625,0.23114598816192183,0.0
^RUT,2026-06-18,3550.0,Call,1.0,1.55,1.25,3.0,60.0,0.036699999999999997,2677.2900390625,0.23114598816192183,0.0
^RUT,2026-06-18,3550.0,Put,1062.8,1083.0,1024.0,1.0,1.0,0.036699999999999997,2677.2900390625,0.23114598816192183,0.0
^RUT,2026-06-18,3600.0,Call,0.8,1.35,1.15,10.0,3173.0,0.036699999999999997,2677.2900390625,0.23114598816192183,0.0
^RUT,2026-06-18,3600.0,Put,1110.7,1130.3,1072.28,1.0,0.0,0.036699999999999997,2677.2900390625,0.23114598816192183,0.0
^RUT,2026-06-30,1000.0,Call,1436.0,1459.7,1330.0,,2.0,0.03668574244415243,2677.2900390625,0.23114598816192183,0.0
^RUT,2026-06-30,1000.0,Put,0.6,1.25,1.05,4.0,11.0,0.03668574244415243,2677.2900390625,0.23114598816192183,0.0
^RUT,2026-06-30,1050.0,Put,0.85,1.5,3.3,1.0,2.0,0.03668574244415243,2677.2900390625,0.23114598816192183,0.0
^RUT,2026-06-30,1100.0,Put,2.5,5.8,5.17,2.0,1.0,0.03668574244415243,2677.2900390625,0.23114598816192183,0.0
^RUT,2026-06-30,1200.0,Put,1.65,2.2,4.2,2.0,4.0,0.03668574244415243,2677.2900390625,0.23114598816192183,0.0
^RUT,2026-06-30,1300.0,Put,2.2,2.8,2.64,1.0,3.0,0.03668574244415243,2677.2900390625,0.23114598816192183,0.0
^RUT,2026-06-30,1350.0,Put,2.55,3.3,3.13,1.0,1.0,0.03668574244415243,2677.2900390625,0.23114598816192183,0.0
^RUT,2026-06-30,1400.0,Put,2.85,3.4,3.43,1.0,3.0,0.03668574244415243,2677.2900390625,0.23114598816192183,0.0
^RUT,2026-06-30,1500.0,Put,12.0,14.7,12.2,1.0,1.0,0.03668574244415243,2677.2900390625,0.23114598816192183,0.0
^RUT,2026-06-30,1550.0,Put,4.7,5.5,5.4,5.0,15.0,0.03668574244415243,2677.2900390625,0.23114598816192183,0.0
^RUT,2026-06-30,1600.0,Put,13.3,16.8,28.0,,1.0,0.03668574244415243,2677.2900390625,0.23114598816192183,0.0
^RUT,2026-06-30,1650.0,Put,5.7,6.4,6.81,1.0,1.0,0.03668574244415243,2677.2900390625,0.23114598816192183,0.0
^RUT,2026-06-30,1700.0,Put,6.5,7.2,7.76,1.0,5.0,0.03668574244415243,2677.2900390625,0.23114598816192183,0.0
^RUT,2026-06-30,1740.0,Put,19.7,23.4,34.45,1.0,1.0,0.03668574244415243,2677.2900390625,0.23114598816192183,0.0
^RUT,2026-06-30,1750.0,Put,8.1,8.9,14.74,5.0,20.0,0.03668574244415243,2677.2900390625,0.23114598816192183,0.0
^RUT,2026-06-30,1800.0,Put,9.0,9.9,8.63,1.0,11.0,0.03668574244415243,2677.2900390625,0.23114598816192183,0.0
^RUT,2026-06-30,1820.0,Put,10.6,11.6,33.2,2.0,1.0,0.03668574244415243,2677.2900390625,0.23114598816192183,0.0
^RUT,2026-06-30,1830.0,Call,830.1,854.1,861.8,1.0,1.0,0.03668574244415243,2677.2900390625,0.23114598816192183,0.0
^RUT,2026-06-30,1830.0,Put,11.0,11.9,26.65,,1.0,0.03668574244415243,2677.2900390625,0.23114598816192183,0.0
^RUT,2026-06-30,1850.0,Put,10.2,11.3,10.3,1.0,11.0,0.03668574244415243,2677.2900390625,0.23114598816192183,0.0
^RUT,2026-06-30,1900.0,Put,12.4,13.3,17.4,2.0,22.0,0.03668574244415243,2677.2900390625,0.23114598816192183,0.0
^RUT,2026-06-30,1930.0,Put,12.7,13.7,13.5,100.0,100.0,0.03668574244415243,2677.2900390625,0.23114598816192183,0.0
^RUT,2026-06-30,1950.0,Put,36.7,40.6,58.8,1.0,1.0,0.03668574244415243,2677.2900390625,0.23114598816192183,0.0
^RUT,2026-06-30,1980.0,Put,40.2,44.1,64.0,,19.0,0.03668574244415243,2677.2900390625,0.23114598816192183,0.0
^RUT,2026-06-30,1990.0,Put,41.4,45.4,66.5,,4.0,0.03668574244415243,2677.2900390625,0.23114598816192183,0.0
^RUT,2026-06-30,2000.0,Call,690.5,712.6,626.0,1.0,0.0,0.03668574244415243,2677.2900390625,0.23114598816192183,0.0
^RUT,2026-06-30,2000.0,Put,36.6,38.6,40.18,1.0,22.0,0.03668574244415243,2677.2900390625,0.23114598816192183,0.0
^RUT,2026-06-30,2010.0,Put,14.8,15.8,20.43,1.0,4.0,0.03668574244415243,2677.2900390625,0.23114598816192183,0.0
^RUT,2026-06-30,2020.0,Call,491.0,513.0,297.5,3.0,2.0,0.03668574244415243,2677.2900390625,0.23114598816192183,0.0
^RUT,2026-06-30,2020.0,Put,43.2,44.9,53.2,2.0,6.0,0.03668574244415243,2677.2900390625,0.23114598816192183,0.0
^RUT,2026-06-30,2030.0,Call,483.0,504.5,305.08,2.0,0.0,0.03668574244415243,2677.2900390625,0.23114598816192183,0.0
^RUT,2026-06-30,2040.0,Call,475.0,495.5,345.08,2.0,3.0,0.03668574244415243,2677.2900390625,0.23114598816192183,0.0
^RUT,2026-06-30,2040.0,Put,17.5,18.8,15.42,2.0,5.0,0.03668574244415243,2677.2900390625,0.23114598816192183,0.0
^RUT,2026-06-30,2050.0,Call,467.0,488.2,317.98,6.0,3.0,0.03668574244415243,2677.2900390625,0.23114598816192183,0.0
^RUT,2026-06-30,2050.0,Put,18.0,19.1,15.87,2.0,2.0,0.03668574244415243,2677.2900390625,0.23114598816192183,0.0
^RUT,2026-06-30,2060.0,Call,496.4,512.2,402.69,2.0,2.0,0.03668574244415243,2677.2900390625,0.23114598816192183,0.0
^RUT,2026-06-30,2060.0,Put,22.3,23.5,54.2,,2.0,0.03668574244415243,2677.2900390625,0.23114598816192183,0.0
^RUT,2026-06-30,2070.0,Call,450.0,472.1,393.59,,1.0,0.03668574244415243,2677.2900390625,0.23114598816192183,0.0
^RUT,2026-06-30,2070.0,Put,17.7,18.7,23.5,1.0,3.0,0.03668574244415243,2677.2900390625,0.23114598816192183,0.0
^RUT,2026-06-30,2090.0,Put,65.2,74.0,61.0,1.0,1.0,0.03668574244415243,2677.2900390625,0.23114598816192183,0.0
^RUT,2026-06-30,2100.0,Call,426.0,448.2,304.58,10.0,5.0,0.03668574244415243,2677.2900390625,0.23114598816192183,0.0
^RUT,2026-06-30,2100.0,Put,21.0,22.4,19.0,1.0,40.0,0.03668574244415243,2677.2900390625,0.23114598816192183,0.0
^RUT,2026-06-30,2110.0,Call,418.0,440.2,322.19,,0.0,0.03668574244415243,2677.2900390625,0.23114598816192183,0.0
^RUT,2026-06-30,2110.0,Put,20.0,21.1,27.83,1.0,10.0,0.03668574244415243,2677.2900390625,0.23114598816192183,0.0
^RUT,2026-06-30,2120.0,Call,410.0,432.3,243.08,2.0,16.0,0.03668574244415243,2677.2900390625,0.23114598816192183,0.0
^RUT,2026-06-30,2130.0,Call,411.0,418.3,325.95,2.0,2.0,0.03668574244415243,2677.2900390625,0.23114598816192183,0.0
^RUT,2026-06-30,2130.0,Put,25.5,26.5,36.51,1.0,1.0,0.03668574244415243,2677.2900390625,0.23114598816192183,0.0
^RUT,2026-06-30,2140.0,Call,403.2,410.5,278.92,,0.0,0.03668574244415243,2677.2900390625,0.23114598816192183,0.0
^RUT,2026-06-30,2140.0,Put,29.1,30.2,64.93,2.0,5.0,0.03668574244415243,2677.2900390625,0.23114598816192183,0.0
^RUT,2026-06-30,2150.0,Call,0.0,0.0,361.2,2.0,27.0,0.03668574244415243,2677.2900390625,0.23114598816192183,0.0
^RUT,2026-06-30,2150.0,Put,24.5,25.9,24.5,4.0,43.0,0.03668574244415243,2677.2900390625,0.23114598816192183,0.0
^RUT,2026-06-30,2160.0,Put,31.1,32.2,63.5,1.0,2.0,0.03668574244415243,2677.2900390625,0.23114598816192183,0.0
^RUT,2026-06-30,2170.0,Put,26.2,27.5,24.25,1.0,24.0,0.03668574244415243,2677.2900390625,0.23114598816192183,0.0
^RUT,2026-06-30,2180.0,Call,372.6,379.8,228.07,,1.0,0.03668574244415243,2677.2900390625,0.23114598816192183,0.0
^RUT,2026-06-30,2180.0,Put,67.1,69.7,74.85,4.0,2.0,0.03668574244415243,2677.2900390625,0.23114598816192183,0.0
^RUT,2026-06-30,2190.0,Call,365.1,372.3,248.73,,50.0,0.03668574244415243,2677.2900390625,0.23114598816192183,0.0
^RUT,2026-06-30,2190.0,Put,31.1,32.2,40.7,1.0,1.0,0.03668574244415243,2677.2900390625,0.23114598816192183,0.0
^RUT,2026-06-30,2200.0,Call,357.7,364.8,243.22,20.0,21.0,0.03668574244415243,2677.2900390625,0.23114598816192183,0.0
^RUT,2026-06-30,2200.0,Put,28.8,30.2,30.72,1.0,40.0,0.03668574244415243,2677.2900390625,0.23114598816192183,0.0
^RUT,2026-06-30,2210.0,Call,350.3,357.4,222.22,,1.0,0.03668574244415243,2677.2900390625,0.23114598816192183,0.0
^RUT,2026-06-30,2220.0,Call,343.0,350.0,238.0,,10.0,0.03668574244415243,2677.2900390625,0.23114598816192183,0.0
^RUT,2026-06-30,2220.0,Put,30.7,32.3,36.7,1.0,40.0,0.03668574244415243,2677.2900390625,0.23114598816192183,0.0
^RUT,2026-06-30,2230.0,Put,31.7,33.2,29.09,1.0,16.0,0.03668574244415243,2677.2900390625,0.23114598816192183,0.0
^RUT,2026-06-30,2240.0,Call,326.3,331.6,287.9,1.0,6.0,0.03668574244415243,2677.2900390625,0.23114598816192183,0.0
^RUT,2026-06-30,2240.0,Put,86.7,91.5,178.7,1.0,1.0,0.03668574244415243,2677.2900390625,0.23114598816192183,0.0
^RUT,2026-06-30,2250.0,Call,321.4,328.4,213.79,1.0,8.0,0.03668574244415243,2677.2900390625,0.23114598816192183,0.0
^RUT,2026-06-30,2250.0,Put,33.9,35.5,41.4,1.0,29.0,0.03668574244415243,2677.2900390625,0.23114598816192183,0.0
^RUT,2026-06-30,2260.0,Call,314.4,321.3,208.08,1.0,11.0,0.03668574244415243,2677.2900390625,0.23114598816192183,0.0
^RUT,2026-06-30,2260.0,Put,43.4,44.5,68.44,1.0,16.0,0.03668574244415243,2677.2900390625,0.23114598816192183,0.0
^RUT,2026-06-30,2270.0,Call,284.0,295.0,281.31,1.0,3.0,0.03668574244415243,2677.2900390625,0.23114598816192183,0.0
^RUT,2026-06-30,2280.0,Call,300.5,307.3,248.71,,1.0,0.03668574244415243,2677.2900390625,0.23114598816192183,0.0
^RUT,2026-06-30,2280.0,Put,37.5,39.1,39.57,1.0,69.0,0.03668574244415243,2677.2900390625,0.23114598816192183,0.0
^RUT,2026-06-30,2290.0,Call,265.1,268.0,341.49,2.0,1.0,0.03668574244415243,2677.2900390625,0.23114598816192183,0.0
^RUT,2026-06-30,2290.0,Put,38.7,40.4,40.6,19.0,21.0,0.03668574244415243,2677.2900390625,0.23114598816192183,0.0
^RUT,2026-06-30,2300.0,Call,418.1,440.4,401.2,1.0,58.0,0.03668574244415243,2677.2900390625,0.23114598816192183,0.0
^RUT,2026-06-30,2300.0,Put,40.1,41.7,38.5,10.0,108.0,0.03668574244415243,2677.2900390625,0.23114598816192183,0.0
^RUT,2026-06-30,2310.0,Call,251.6,254.7,321.61,16.0,10.0,0.03668574244415243,2677.2900390625,0.23114598816192183,0.0
^RUT,2026-06-30,2310.0,Put,51.4,52.7,104.73,,1.0,0.03668574244415243,2677.2900390625,0.23114598816192183,0.0
^RUT,2026-06-30,2320.0,Call,245.6,248.9,313.91,,9.0,0.03668574244415243,2677.2900390625,0.23114598816192183,0.0
^RUT,2026-06-30,2320.0,Put,99.4,102.3,108.3,16.0,8.0,0.03668574244415243,2677.2900390625,0.23114598816192183,0.0
^RUT,2026-06-30,2330.0,Call,331.6,338.2,300.0,118.0,62.0,0.03668574244415243,2677.2900390625,0.23114598816192183,0.0
^RUT,2026-06-30,2330.0,Put,44.5,46.1,40.09,1.0,1.0,0.03668574244415243,2677.2900390625,0.23114598816192183,0.0
^RUT,2026-06-30,2340.0,Call,265.7,270.8,272.21,2.0,13.0,0.03668574244415243,2677.2900390625,0.23114598816192183,0.0
^RUT,2026-06-30,2340.0,Put,57.1,58.0,88.56,1.0,3.0,0.03668574244415243,2677.2900390625,0.23114598816192183,0.0
^RUT,2026-06-30,2350.0,Call,226.5,229.0,312.75,,10.0,0.03668574244415243,2677.2900390625,0.23114598816192183,0.0
^RUT,2026-06-30,2350.0,Put,53.8,55.0,78.4,2.0,56.0,0.03668574244415243,2677.2900390625,0.23114598816192183,0.0
^RUT,2026-06-30,2360.0,Call,220.5,222.8,285.11,,9.0,0.03668574244415243,2677.2900390625,0.23114598816192183,0.0
^RUT,2026-06-30,2360.0,Put,49.0,50.7,46.87,134.0,170.0,0.03668574244415243,2677.2900390625,0.23114598816192183,0.0
^RUT,2026-06-30,2370.0,Call,214.3,216.7,278.3,18.0,10.0,0.03668574244415243,2677.2900390625,0.23114598816192183,0.0
^RUT,2026-06-30,2370.0,Put,50.9,52.6,45.22,4.0,1.0,0.03668574244415243,2677.2900390625,0.23114598816192183,0.0
^RUT,2026-06-30,2380.0,Call,239.8,244.1,246.39,1.0,11.0,0.03668574244415243,2677.2900390625,0.23114598816192183,0.0
^RUT,2026-06-30,2380.0,Put,114.1,117.6,141.3,1.0,0.0,0.03668574244415243,2677.2900390625,0.23114598816192183,0.0
^RUT,2026-06-30,2390.0,Call,199.8,160.5,264.96,,9.0,0.03668574244415243,2677.2900390625,0.23114598816192183,0.0
^RUT,2026-06-30,2390.0,Put,134.1,139.6,133.3,,3.0,0.03668574244415243,2677.2900390625,0.23114598816192183,0.0
^RUT,2026-06-30,2400.0,Call,324.6,328.4,361.98,8.0,15.0,0.03668574244415243,2677.2900390625,0.23114598816192183,0.0
^RUT,2026-06-30,2400.0,Put,56.1,57.7,55.07,4.0,131.0,0.03668574244415243,2677.2900390625,0.23114598816192183,0.0
^RUT,2026-06-30,2410.0,Call,270.7,276.3,187.4,1.0,12.0,0.03668574244415243,2677.2900390625,0.23114598816192183,0.0
^RUT,2026-06-30,2410.0,Put,58.0,59.6,59.75,2.0,0.0,0.03668574244415243,2677.2900390625,0.23114598816192183,0.0
^RUT,2026-06-30,2420.0,Call,309.6,313.3,322.5,2.0,15.0,0.03668574244415243,2677.2900390625,0.23114598816192183,0.0
^RUT,2026-06-30,2420.0,Put,60.0,61.8,61.45,2.0,12.0,0.03668574244415243,2677.2900390625,0.23114598816192183,0.0
^RUT,2026-06-30,2430.0,Call,180.0,182.7,238.51,,5.0,0.03668574244415243,2677.2900390625,0.23114598816192183,0.0
^RUT,2026-06-30,2430.0,Put,62.3,64.1,61.66,4.0,11.0,0.03668574244415243,2677.2900390625,0.23114598816192183,0.0
^RUT,2026-06-30,2440.0,Call,293.4,297.0,268.14,2.0,5.0,0.03668574244415243,2677.2900390625,0.23114598816192183,0.0
^RUT,2026-06-30,2440.0,Put,64.2,65.8,65.78,6.0,12.0,0.03668574244415243,2677.2900390625,0.23114598816192183,0.0
^RUT,2026-06-30,2450.0,Call,286.5,289.9,320.89,8.0,5.0,0.03668574244415243,2677.2900390625,0.23114598816192183,0.0
^RUT,2026-06-30,2450.0,Put,66.7,68.4,64.34,12.0,41.0,0.03668574244415243,2677.2900390625,0.23114598816192183,0.0
^RUT,2026-06-30,2460.0,Call,296.9,301.0,214.3,2.0,4.0,0.03668574244415243,2677.2900390625,0.23114598816192183,0.0
^RUT,2026-06-30,2460.0,Put,68.9,70.7,63.99,8.0,101.0,0.03668574244415243,2677.2900390625,0.23114598816192183,0.0
^RUT,2026-06-30,2470.0,Call,271.3,274.9,265.73,2.0,3.0,0.03668574244415243,2677.2900390625,0.23114598816192183,0.0
^RUT,2026-06-30,2470.0,Put,71.0,72.8,71.02,8.0,10.0,0.03668574244415243,2677.2900390625,0.23114598816192183,0.0
^RUT,2026-06-30,2480.0,Call,264.0,267.3,292.75,1.0,6.0,0.03668574244415243,2677.2900390625,0.23114598816192183,0.0
^RUT,2026-06-30,2480.0,Put,73.4,75.0,74.65,4.0,5.0,0.03668574244415243,2677.2900390625,0.23114598816192183,0.0
^RUT,2026-06-30,2490.0,Call,256.6,260.0,273.82,,1.0,0.03668574244415243,2677.2900390625,0.23114598816192183,0.0
^RUT,2026-06-30,2490.0,Put,76.0,77.7,69.14,8.0,8.0,0.03668574244415243,2677.2900390625,0.23114598816192183,0.0
^RUT,2026-06-30,2500.0,Call,249.4,252.7,281.59,4.0,18.0,0.03668574244415243,2677.2900390625,0.23114598816192183,0.0
^RUT,2026-06-30,2500.0,Put,78.5,80.1,72.95,1.0,25.0,0.03668574244415243,2677.2900390625,0.23114598816192183,0.0
^RUT,2026-06-30,2510.0,Call,242.2,245.5,245.5,2.0,4.0,0.03668574244415243,2677.2900390625,0.23114598816192183,0.0
^RUT,2026-06-30,2510.0,Put,81.5,83.3,73.93,2.0,3.0,0.03668574244415243,2677.2900390625,0.23114598816192183,0.0
^RUT,2026-06-30,2520.0,Put,84.2,86.1,69.8,63.0,66.0,0.03668574244415243,2677.2900390625,0.23114598816192183,0.0
^RUT,2026-06-30,2530.0,Call,228.2,231.2,249.83,2.0,2.0,0.03668574244415243,2677.2900390625,0.23114598816192183,0.0
^RUT,2026-06-30,2550.0,Call,214.9,217.5,244.29,2.0,5.0,0.03668574244415243,2677.2900390625,0.23114598816192183,0.0
^RUT,2026-06-30,2550.0,Put,184.6,187.3,187.86,2.0,3.0,0.03668574244415243,2677.2900390625,0.23114598816192183,0.0
^RUT,2026-06-30,2560.0,Call,207.2,209.9,237.86,2.0,2.0,0.03668574244415243,2677.2900390625,0.23114598816192183,0.0
^RUT,2026-06-30,2560.0,Put,119.8,121.1,168.7,10.0,10.0,0.03668574244415243,2677.2900390625,0.23114598816192183,0.0
^RUT,2026-06-30,2590.0,Call,188.3,190.7,225.15,1.0,17.0,0.03668574244415243,2677.2900390625,0.23114598816192183,0.0
^RUT,2026-06-30,2600.0,Call,182.2,184.6,167.18,34.0,62.0,0.03668574244415243,2677.2900390625,0.23114598816192183,0.0
^RUT,2026-06-30,2600.0,Put,109.2,111.2,100.28,3.0,12.0,0.03668574244415243,2677.2900390625,0.23114598816192183,0.0
^RUT,2026-06-30,2610.0,Call,175.7,178.0,184.7,2.0,27.0,0.03668574244415243,2677.2900390625,0.23114598816192183,0.0
^RUT,2026-06-30,2620.0,Call,161.2,163.4,106.1,1.0,3.0,0.03668574244415243,2677.2900390625,0.23114598816192183,0.0
^RUT,2026-06-30,2650.0,Call,152.2,154.3,138.09,2.0,12.0,0.03668574244415243,2677.2900390625,0.23114598816192183,0.0
^RUT,2026-06-30,2700.0,Call,124.8,126.8,130.56,2.0,50.0,0.03668574244415243,2677.2900390625,0.23114598816192183,0.0
^RUT,2026-06-30,2700.0,Put,150.5,152.6,146.3,2.0,2.0,0.03668574244415243,2677.2900390625,0.23114598816192183,0.0
^RUT,2026-06-30,2750.0,Call,100.7,102.7,103.8,35.0,106.0,0.03668574244415243,2677.2900390625,0.23114598816192183,0.0
^RUT,2026-06-30,2750.0,Put,175.7,177.9,169.14,,1.0,0.03668574244415243,2677.2900390625,0.23114598816192183,0.0
^RUT,2026-06-30,2800.0,Call,80.0,81.9,102.95,32.0,53.0,0.03668574244415243,2677.2900390625,0.23114598816192183,0.0
^RUT,2026-06-30,2850.0,Call,62.3,64.0,72.0,25.0,169.0,0.03668574244415243,2677.2900390625,0.23114598816192183,0.0
^RUT,2026-06-30,2900.0,Call,47.6,49.3,54.84,5.0,318.0,0.03668574244415243,2677.2900390625,0.23114598816192183,0.0
^RUT,2026-06-30,2950.0,Call,35.6,37.3,40.17,12.0,55.0,0.03668574244415243,2677.2900390625,0.23114598816192183,0.0
^RUT,2026-06-30,3000.0,Call,26.5,28.2,23.48,1.0,297.0,0.03668574244415243,2677.2900390625,0.23114598816192183,0.0
^RUT,2026-06-30,3050.0,Call,19.7,21.1,25.35,10.0,43.0,0.03668574244415243,2677.2900390625,0.23114598816192183,0.0
^RUT,2026-06-30,3100.0,Call,14.2,15.7,16.99,2.0,65.0,0.03668574244415243,2677.2900390625,0.23114598816192183,0.0
^RUT,2026-06-30,3150.0,Call,10.4,11.7,17.5,7.0,32.0,0.03668574244415243,2677.2900390625,0.23114598816192183,0.0
^RUT,2026-06-30,3200.0,Call,7.6,8.9,8.8,4.0,4.0,0.03668574244415243,2677.2900390625,0.23114598816192183,0.0
^RUT,2026-06-30,3250.0,Call,5.7,6.8,6.86,1.0,33.0,0.03668574244415243,2677.2900390625,0.23114598816192183,0.0
^RUT,2026-06-30,3300.0,Call,4.2,5.3,5.53,4.0,36.0,0.03668574244415243,2677.2900390625,0.23114598816192183,0.0
^RUT,2026-07-31,1350.0,Put,3.6,4.8,5.05,,1.0,0.03632930354796321,2677.2900390625,0.23114598816192183,0.0
^RUT,2026-07-31,1400.0,Put,4.2,5.4,5.71,,1.0,0.03632930354796321,2677.2900390625,0.23114598816192183,0.0
^RUT,2026-07-31,1900.0,Put,15.4,17.3,16.4,,2.0,0.03632930354796321,2677.2900390625,0.23114598816192183,0.0
^RUT,2026-07-31,2140.0,Put,30.3,32.3,27.44,,1.0,0.03632930354796321,2677.2900390625,0.23114598816192183,0.0
^RUT,2026-07-31,2340.0,Put,55.7,58.4,57.02,20.0,20.0,0.03632930354796321,2677.2900390625,0.23114598816192183,0.0
^RUT,2026-07-31,2370.0,Put,61.1,63.8,70.6,67.0,75.0,0.03632930354796321,2677.2900390625,0.23114598816192183,0.0
^RUT,2026-07-31,2390.0,Put,64.8,67.5,77.25,4.0,14.0,0.03632930354796321,2677.2900390625,0.23114598816192183,0.0
^RUT,2026-07-31,2400.0,Put,66.7,69.1,72.9,3.0,43.0,0.03632930354796321,2677.2900390625,0.23114598816192183,0.0
^RUT,2026-07-31,2410.0,Put,68.8,71.6,75.3,12.0,12.0,0.03632930354796321,2677.2900390625,0.23114598816192183,0.0
^RUT,2026-07-31,2420.0,Put,70.9,73.3,76.33,19.0,21.0,0.03632930354796321,2677.2900390625,0.23114598816192183,0.0
^RUT,2026-07-31,2430.0,Put,73.5,76.2,71.84,8.0,35.0,0.03632930354796321,2677.2900390625,0.23114598816192183,0.0
^RUT,2026-07-31,2440.0,Put,75.7,78.5,71.89,8.0,32.0,0.03632930354796321,2677.2900390625,0.23114598816192183,0.0
^RUT,2026-07-31,2450.0,Put,78.1,80.9,72.36,6.0,17.0,0.03632930354796321,2677.2900390625,0.23114598816192183,0.0
^RUT,2026-07-31,2460.0,Put,80.2,83.1,76.34,,4.0,0.03632930354796321,2677.2900390625,0.23114598816192183,0.0
^RUT,2026-07-31,2470.0,Put,82.7,85.5,80.15,2.0,4.0,0.03632930354796321,2677.2900390625,0.23114598816192183,0.0
^RUT,2026-07-31,2490.0,Call,276.3,280.9,293.17,,1.0,0.03632930354796321,2677.2900390625,0.23114598816192183,0.0
^RUT,2026-07-31,2500.0,Call,269.2,273.7,304.92,,2.0,0.03632930354796321,2677.2900390625,0.23114598816192183,0.0
^RUT,2026-07-31,2500.0,Put,90.9,93.8,80.99,,1.0,0.03632930354796321,2677.2900390625,0.23114598816192183,0.0
^RUT,2026-07-31,2550.0,Call,235.1,239.0,221.34,2.0,26.0,0.03632930354796321,2677.2900390625,0.23114598816192183,0.0
^RUT,2026-07-31,2550.0,Put,105.3,108.1,112.65,22.0,22.0,0.03632930354796321,2677.2900390625,0.23114598816192183,0.0
^RUT,2026-07-31,2580.0,Put,115.1,118.0,130.7,,2.0,0.03632930354796321,2677.2900390625,0.23114598816192183,0.0
^RUT,2026-07-31,2600.0,Call,202.0,205.9,206.48,10.0,13.0,0.03632930354796321,2677.2900390625,0.23114598816192183,0.0
^RUT,2026-07-31,2600.0,Put,122.1,125.0,114.11,5.0,108.0,0.03632930354796321,2677.2900390625,0.23114598816192183,0.0
^RUT,2026-07-31,2610.0,Call,195.9,199.7,216.33,2.0,2.0,0.03632930354796321,2677.2900390625,0.23114598816192183,0.0
^RUT,2026-07-31,2620.0,Call,189.9,193.6,221.46,,1.0,0.03632930354796321,2677.2900390625,0.23114598816192183,0.0
^RUT,2026-07-31,2680.0,Put,153.5,157.1,154.15,14.0,68.0,0.03632930354796321,2677.2900390625,0.23114598816192183,0.0
^RUT,2026-07-31,2690.0,Put,159.0,162.4,184.9,2.0,2.0,0.03632930354796321,2677.2900390625,0.23114598816192183,0.0
^RUT,2026-07-31,2700.0,Put,163.6,167.0,170.47,2.0,38.0,0.03632930354796321,2677.2900390625,0.23114598816192183,0.0
^RUT,2026-07-31,2710.0,Put,167.8,170.8,151.42,,30.0,0.03632930354796321,2677.2900390625,0.23114598816192183,0.0
^RUT,2026-07-31,2720.0,Put,172.6,175.6,177.66,,4.0,0.03632930354796321,2677.2900390625,0.23114598816192183,0.0
^RUT,2026-07-31,2750.0,Call,120.6,124.0,132.07,1.0,1.0,0.03632930354796321,2677.2900390625,0.23114598816192183,0.0
^RUT,2026-07-31,2750.0,Put,187.7,191.0,184.2,,27.0,0.03632930354796321,2677.2900390625,0.23114598816192183,0.0
^RUT,2026-07-31,2760.0,Put,193.4,196.9,189.3,,28.0,0.03632930354796321,2677.2900390625,0.23114598816192183,0.0
^RUT,2026-07-31,2880.0,Call,70.7,73.4,65.77,,8.0,0.03632930354796321,2677.2900390625,0.23114598816192183,0.0
^RUT,2026-07-31,2920.0,Call,58.3,61.2,57.4,,22.0,0.03632930354796321,2677.2900390625,0.23114598816192183,0.0
^RUT,2026-07-31,2930.0,Call,55.3,58.3,59.27,4.0,72.0,0.03632930354796321,2677.2900390625,0.23114598816192183,0.0
^RUT,2026-07-31,2940.0,Call,53.0,55.8,60.36,4.0,7.0,0.03632930354796321,2677.2900390625,0.23114598816192183,0.0
^RUT,2026-07-31,2950.0,Call,50.8,53.3,55.0,20.0,41.0,0.03632930354796321,2677.2900390625,0.23114598816192183,0.0
^RUT,2026-07-31,2980.0,Call,43.3,46.1,53.43,2.0,4.0,0.03632930354796321,2677.2900390625,0.23114598816192183,0.0
^RUT,2026-07-31,2990.0,Call,41.4,44.1,46.66,8.0,18.0,0.03632930354796321,2677.2900390625,0.23114598816192183,0.0
^RUT,2026-07-31,3000.0,Call,39.1,41.8,43.64,4.0,6.0,0.03632930354796321,2677.2900390625,0.23114598816192183,0.0
^RUT,2026-07-31,3050.0,Call,30.6,32.9,34.03,,1.0,0.03632930354796321,2677.2900390625,0.23114598816192183,0.0
^RUT,2026-07-31,3100.0,Call,23.4,25.6,25.11,2.0,2.0,0.03632930354796321,2677.2900390625,0.23114598816192183,0.0
^RUT,2026-07-31,3350.0,Call,6.0,7.8,7.49,,1.0,0.03632930354796321,2677.2900390625,0.23114598816192183,0.0
^RUT,2026-07-31,3400.0,Call,4.6,6.4,5.98,,1.0,0.03632930354796321,2677.2900390625,0.23114598816192183,0.0
^RUT,2026-07-31,3500.0,Call,2.95,4.3,3.99,,2.0,0.03632930354796321,2677.2900390625,0.23114598816192183,0.0
^RUT,2026-07-31,3600.0,Call,1.9,3.1,2.89,1.0,1.0,0.03632930354796321,2677.2900390625,0.23114598816192183,0.0
^RUT,2026-07-31,3700.0,Call,1.2,2.3,1.9,,6.0,0.03632930354796321,2677.2900390625,0.23114598816192183,0.0
^RUT,2026-07-31,3800.0,Call,0.75,1.85,1.58,3.0,3.0,0.03632930354796321,2677.2900390625,0.23114598816192183,0.0
^RUT,2026-07-31,3900.0,Call,0.45,1.5,1.1,,1.0,0.03632930354796321,2677.2900390625,0.23114598816192183,0.0
^RUT,2026-09-18,1250.0,Put,4.5,5.6,5.16,2.0,589.0,0.03586622864651774,2677.2900390625,0.23114598816192183,0.0
^RUT,2026-09-18,1300.0,Put,5.2,6.3,5.7,2.0,251.0,0.03586622864651774,2677.2900390625,0.23114598816192183,0.0
^RUT,2026-09-18,1350.0,Call,1281.0,1300.9,1187.32,2.0,0.0,0.03586622864651774,2677.2900390625,0.23114598816192183,0.0
^RUT,2026-09-18,1350.0,Put,6.0,7.1,6.48,2.0,452.0,0.03586622864651774,2677.2900390625,0.23114598816192183,0.0
^RUT,2026-09-18,1400.0,Put,6.2,7.5,10.65,4.0,100.0,0.03586622864651774,2677.2900390625,0.23114598816192183,0.0
^RUT,2026-09-18,1500.0,Put,8.7,9.9,9.08,2.0,41.0,0.03586622864651774,2677.2900390625,0.23114598816192183,0.0
^RUT,2026-09-18,1550.0,Put,9.3,10.3,12.94,1.0,284.0,0.03586622864651774,2677.2900390625,0.23114598816192183,0.0
^RUT,2026-09-18,1600.0,Call,1042.1,1062.0,949.62,2.0,0.0,0.03586622864651774,2677.2900390625,0.23114598816192183,0.0
^RUT,2026-09-18,1600.0,Put,10.2,11.7,12.25,2.0,32.0,0.03586622864651774,2677.2900390625,0.23114598816192183,0.0
^RUT,2026-09-18,1650.0,Put,11.6,13.2,15.06,28.0,31.0,0.03586622864651774,2677.2900390625,0.23114598816192183,0.0
^RUT,2026-09-18,1700.0,Put,13.1,14.8,21.2,2.0,21.0,0.03586622864651774,2677.2900390625,0.23114598816192183,0.0
^RUT,2026-09-18,1750.0,Put,15.0,16.4,19.3,5.0,328.0,0.03586622864651774,2677.2900390625,0.23114598816192183,0.0
^RUT,2026-09-18,1800.0,Put,17.3,19.0,17.64,4.0,47.0,0.03586622864651774,2677.2900390625,0.23114598816192183,0.0
^RUT,2026-09-18,1850.0,Put,19.5,21.1,23.57,5.0,256.0,0.03586622864651774,2677.2900390625,0.23114598816192183,0.0
^RUT,2026-09-18,1900.0,Put,22.1,23.8,22.6,5.0,131.0,0.03586622864651774,2677.2900390625,0.23114598816192183,0.0
^RUT,2026-09-18,1930.0,Put,24.0,25.9,30.24,,7.0,0.03586622864651774,2677.2900390625,0.23114598816192183,0.0
^RUT,2026-09-18,1950.0,Call,737.9,761.9,766.69,6.0,6.0,0.03586622864651774,2677.2900390625,0.23114598816192183,0.0
^RUT,2026-09-18,1950.0,Put,25.1,26.8,29.65,25.0,270.0,0.03586622864651774,2677.2900390625,0.23114598816192183,0.0
^RUT,2026-09-18,1960.0,Put,27.7,29.6,51.2,,36.0,0.03586622864651774,2677.2900390625,0.23114598816192183,0.0
^RUT,2026-09-18,1990.0,Call,701.5,725.5,730.38,6.0,6.0,0.03586622864651774,2677.2900390625,0.23114598816192183,0.0
^RUT,2026-09-18,1990.0,Put,27.8,29.5,26.93,3.0,3.0,0.03586622864651774,2677.2900390625,0.23114598816192183,0.0
^RUT,2026-09-18,2000.0,Put,28.4,30.6,29.05,5.0,1311.0,0.03586622864651774,2677.2900390625,0.23114598816192183,0.0
^RUT,2026-09-18,2020.0,Put,30.7,32.7,42.29,,1.0,0.03586622864651774,2677.2900390625,0.23114598816192183,0.0
^RUT,2026-09-18,2030.0,Put,33.7,35.5,62.4,,1.0,0.03586622864651774,2677.2900390625,0.23114598816192183,0.0
^RUT,2026-09-18,2050.0,Put,32.5,34.3,36.79,2.0,269.0,0.03586622864651774,2677.2900390625,0.23114598816192183,0.0
^RUT,2026-09-18,2060.0,Put,34.5,36.5,53.2,,2.0,0.03586622864651774,2677.2900390625,0.23114598816192183,0.0
^RUT,2026-09-18,2070.0,Put,34.3,36.5,40.35,25.0,27.0,0.03586622864651774,2677.2900390625,0.23114598816192183,0.0
^RUT,2026-09-18,2080.0,Put,59.7,62.6,60.81,,0.0,0.03586622864651774,2677.2900390625,0.23114598816192183,0.0
^RUT,2026-09-18,2090.0,Put,0.0,0.0,73.91,2.0,0.0,0.03586622864651774,2677.2900390625,0.23114598816192183,0.0
^RUT,2026-09-18,2100.0,Put,37.1,39.2,36.5,6.0,729.0,0.03586622864651774,2677.2900390625,0.23114598816192183,0.0
^RUT,2026-09-18,2110.0,Put,62.9,69.2,83.0,,1.0,0.03586622864651774,2677.2900390625,0.23114598816192183,0.0
^RUT,2026-09-18,2130.0,Put,44.5,46.4,84.3,26.0,26.0,0.03586622864651774,2677.2900390625,0.23114598816192183,0.0
^RUT,2026-09-18,2140.0,Put,43.1,45.3,59.53,2.0,3.0,0.03586622864651774,2677.2900390625,0.23114598816192183,0.0
^RUT,2026-09-18,2150.0,Put,42.4,44.3,41.7,7.0,22.0,0.03586622864651774,2677.2900390625,0.23114598816192183,0.0
^RUT,2026-09-18,2160.0,Put,45.6,47.8,62.86,,2.0,0.03586622864651774,2677.2900390625,0.23114598816192183,0.0
^RUT,2026-09-18,2200.0,Call,537.1,557.1,508.44,8.0,8.0,0.03586622864651774,2677.2900390625,0.23114598816192183,0.0
^RUT,2026-09-18,2200.0,Put,48.5,50.5,50.9,60.0,3391.0,0.03586622864651774,2677.2900390625,0.23114598816192183,0.0
^RUT,2026-09-18,2210.0,Put,84.7,89.6,84.64,,0.0,0.03586622864651774,2677.2900390625,0.23114598816192183,0.0
^RUT,2026-09-18,2230.0,Put,0.0,0.0,109.8,9.0,9.0,0.03586622864651774,2677.2900390625,0.23114598816192183,0.0
^RUT,2026-09-18,2240.0,Put,56.9,59.2,83.3,1.0,6.0,0.03586622864651774,2677.2900390625,0.23114598816192183,0.0
^RUT,2026-09-18,2250.0,Call,475.2,499.2,525.48,,0.0,0.03586622864651774,2677.2900390625,0.23114598816192183,0.0
^RUT,2026-09-18,2250.0,Put,51.8,53.8,63.3,236.0,477.0,0.03586622864651774,2677.2900390625,0.23114598816192183,0.0
^RUT,2026-09-18,2260.0,Call,349.6,357.7,403.8,,1.0,0.03586622864651774,2677.2900390625,0.23114598816192183,0.0
^RUT,2026-09-18,2260.0,Put,0.0,0.0,118.2,4.0,6.0,0.03586622864651774,2677.2900390625,0.23114598816192183,0.0
^RUT,2026-09-18,2270.0,Put,0.0,0.0,116.69,7.0,4.0,0.03586622864651774,2677.2900390625,0.23114598816192183,0.0
^RUT,2026-09-18,2280.0,Put,0.0,0.0,124.2,3.0,4.0,0.03586622864651774,2677.2900390625,0.23114598816192183,0.0
^RUT,2026-09-18,2290.0,Call,294.3,307.4,374.09,2.0,2.0,0.03586622864651774,2677.2900390625,0.23114598816192183,0.0
^RUT,2026-09-18,2290.0,Put,69.5,71.8,125.5,1.0,4.0,0.03586622864651774,2677.2900390625,0.23114598816192183,0.0
^RUT,2026-09-18,2300.0,Call,434.4,458.4,445.76,2.0,58.0,0.03586622864651774,2677.2900390625,0.23114598816192183,0.0
^RUT,2026-09-18,2300.0,Put,63.6,65.8,69.15,140.0,573.0,0.03586622864651774,2677.2900390625,0.23114598816192183,0.0
^RUT,2026-09-18,2310.0,Call,446.2,464.3,328.56,2.0,11.0,0.03586622864651774,2677.2900390625,0.23114598816192183,0.0
^RUT,2026-09-18,2310.0,Put,73.9,76.0,111.26,4.0,5.0,0.03586622864651774,2677.2900390625,0.23114598816192183,0.0
^RUT,2026-09-18,2320.0,Call,276.5,288.0,346.41,,9.0,0.03586622864651774,2677.2900390625,0.23114598816192183,0.0
^RUT,2026-09-18,2320.0,Put,71.4,74.1,97.92,12.0,9.0,0.03586622864651774,2677.2900390625,0.23114598816192183,0.0
^RUT,2026-09-18,2330.0,Call,270.2,281.7,338.31,18.0,9.0,0.03586622864651774,2677.2900390625,0.23114598816192183,0.0
^RUT,2026-09-18,2330.0,Put,73.4,75.7,97.1,17.0,27.0,0.03586622864651774,2677.2900390625,0.23114598816192183,0.0
^RUT,2026-09-18,2340.0,Call,264.5,275.4,339.89,20.0,13.0,0.03586622864651774,2677.2900390625,0.23114598816192183,0.0
^RUT,2026-09-18,2340.0,Put,75.6,77.8,99.8,7.0,8.0,0.03586622864651774,2677.2900390625,0.23114598816192183,0.0
^RUT,2026-09-18,2350.0,Call,257.9,269.3,345.71,2.0,12.0,0.03586622864651774,2677.2900390625,0.23114598816192183,0.0
^RUT,2026-09-18,2350.0,Put,72.9,75.1,91.84,2.0,152.0,0.03586622864651774,2677.2900390625,0.23114598816192183,0.0
^RUT,2026-09-18,2360.0,Call,251.3,263.2,318.55,,9.0,0.03586622864651774,2677.2900390625,0.23114598816192183,0.0
^RUT,2026-09-18,2360.0,Put,74.9,77.5,71.5,10.0,325.0,0.03586622864651774,2677.2900390625,0.23114598816192183,0.0
^RUT,2026-09-18,2370.0,Call,337.0,342.6,234.01,1.0,10.0,0.03586622864651774,2677.2900390625,0.23114598816192183,0.0
^RUT,2026-09-18,2370.0,Put,82.2,84.4,108.4,10.0,14.0,0.03586622864651774,2677.2900390625,0.23114598816192183,0.0
^RUT,2026-09-18,2380.0,Call,330.4,336.1,228.41,1.0,58.0,0.03586622864651774,2677.2900390625,0.23114598816192183,0.0
^RUT,2026-09-18,2380.0,Put,84.0,86.3,111.5,11.0,15.0,0.03586622864651774,2677.2900390625,0.23114598816192183,0.0
^RUT,2026-09-18,2390.0,Call,391.3,396.7,345.35,10.0,9.0,0.03586622864651774,2677.2900390625,0.23114598816192183,0.0
^RUT,2026-09-18,2390.0,Put,86.8,89.0,114.6,8.0,11.0,0.03586622864651774,2677.2900390625,0.23114598816192183,0.0
^RUT,2026-09-18,2400.0,Call,366.6,371.7,404.66,2.0,430.0,0.03586622864651774,2677.2900390625,0.23114598816192183,0.0
^RUT,2026-09-18,2400.0,Put,83.5,86.1,74.9,1.0,1179.0,0.03586622864651774,2677.2900390625,0.23114598816192183,0.0
^RUT,2026-09-18,2410.0,Call,308.5,313.9,221.22,1.0,12.0,0.03586622864651774,2677.2900390625,0.23114598816192183,0.0
^RUT,2026-09-18,2410.0,Put,85.8,88.4,98.17,48.0,945.0,0.03586622864651774,2677.2900390625,0.23114598816192183,0.0
^RUT,2026-09-18,2420.0,Call,301.6,306.9,171.73,2.0,10.0,0.03586622864651774,2677.2900390625,0.23114598816192183,0.0
^RUT,2026-09-18,2420.0,Put,94.3,96.8,124.3,8.0,35.0,0.03586622864651774,2677.2900390625,0.23114598816192183,0.0
^RUT,2026-09-18,2430.0,Call,294.8,300.0,173.56,7.0,13.0,0.03586622864651774,2677.2900390625,0.23114598816192183,0.0
^RUT,2026-09-18,2430.0,Put,84.7,87.4,92.06,1.0,3.0,0.03586622864651774,2677.2900390625,0.23114598816192183,0.0
^RUT,2026-09-18,2440.0,Call,337.8,342.1,349.48,2.0,16.0,0.03586622864651774,2677.2900390625,0.23114598816192183,0.0
^RUT,2026-09-18,2440.0,Put,93.1,95.5,85.2,253.0,285.0,0.03586622864651774,2677.2900390625,0.23114598816192183,0.0
^RUT,2026-09-18,2450.0,Call,330.1,335.6,348.28,10.0,103.0,0.03586622864651774,2677.2900390625,0.23114598816192183,0.0
^RUT,2026-09-18,2450.0,Put,95.5,97.8,86.4,2.0,96.0,0.03586622864651774,2677.2900390625,0.23114598816192183,0.0
^RUT,2026-09-18,2460.0,Call,322.2,327.0,330.79,2.0,6.0,0.03586622864651774,2677.2900390625,0.23114598816192183,0.0
^RUT,2026-09-18,2460.0,Put,98.5,101.2,96.48,3.0,17.0,0.03586622864651774,2677.2900390625,0.23114598816192183,0.0
^RUT,2026-09-18,2470.0,Call,316.3,320.5,333.28,10.0,14.0,0.03586622864651774,2677.2900390625,0.23114598816192183,0.0
^RUT,2026-09-18,2470.0,Put,100.9,103.4,98.71,3.0,585.0,0.03586622864651774,2677.2900390625,0.23114598816192183,0.0
^RUT,2026-09-18,2480.0,Call,309.2,313.5,344.51,14.0,6.0,0.03586622864651774,2677.2900390625,0.23114598816192183,0.0
^RUT,2026-09-18,2480.0,Put,103.5,106.1,97.53,6.0,4.0,0.03586622864651774,2677.2900390625,0.23114598816192183,0.0
^RUT,2026-09-18,2490.0,Call,285.3,290.1,195.7,2.0,17.0,0.03586622864651774,2677.2900390625,0.23114598816192183,0.0
^RUT,2026-09-18,2490.0,Put,106.4,109.0,101.1,1.0,0.0,0.03586622864651774,2677.2900390625,0.23114598816192183,0.0
^RUT,2026-09-18,2500.0,Call,295.4,299.5,334.81,2.0,369.0,0.03586622864651774,2677.2900390625,0.23114598816192183,0.0
^RUT,2026-09-18,2500.0,Put,109.6,112.4,105.7,1.0,1066.0,0.03586622864651774,2677.2900390625,0.23114598816192183,0.0
^RUT,2026-09-18,2510.0,Call,287.6,292.0,323.08,8.0,10.0,0.03586622864651774,2677.2900390625,0.23114598816192183,0.0
^RUT,2026-09-18,2510.0,Put,112.1,114.8,114.5,5.0,247.0,0.03586622864651774,2677.2900390625,0.23114598816192183,0.0
^RUT,2026-09-18,2520.0,Call,280.9,285.2,300.0,127.0,324.0,0.03586622864651774,2677.2900390625,0.23114598816192183,0.0
^RUT,2026-09-18,2520.0,Put,115.6,118.4,98.05,4.0,7.0,0.03586622864651774,2677.2900390625,0.23114598816192183,0.0
^RUT,2026-09-18,2530.0,Call,274.7,279.1,309.42,10.0,10.0,0.03586622864651774,2677.2900390625,0.23114598816192183,0.0
^RUT,2026-09-18,2530.0,Put,118.7,121.5,99.45,5.0,13.0,0.03586622864651774,2677.2900390625,0.23114598816192183,0.0
^RUT,2026-09-18,2540.0,Call,225.7,229.9,179.14,3.0,4.0,0.03586622864651774,2677.2900390625,0.23114598816192183,0.0
^RUT,2026-09-18,2540.0,Put,121.9,124.7,102.15,2.0,19.0,0.03586622864651774,2677.2900390625,0.23114598816192183,0.0
^RUT,2026-09-18,2550.0,Call,261.9,265.8,235.33,2.0,69.0,0.03586622864651774,2677.2900390625,0.23114598816192183,0.0
^RUT,2026-09-18,2550.0,Put,125.1,128.0,121.7,2.0,715.0,0.03586622864651774,2677.2900390625,0.23114598816192183,0.0
^RUT,2026-09-18,2560.0,Call,255.5,259.3,286.46,4.0,13.0,0.03586622864651774,2677.2900390625,0.23114598816192183,0.0
^RUT,2026-09-18,2560.0,Put,137.4,139.8,175.7,,8.0,0.03586622864651774,2677.2900390625,0.23114598816192183,0.0
^RUT,2026-09-18,2570.0,Call,248.5,252.4,278.13,4.0,11.0,0.03586622864651774,2677.2900390625,0.23114598816192183,0.0
^RUT,2026-09-18,2570.0,Put,201.0,225.0,235.78,,2.0,0.03586622864651774,2677.2900390625,0.23114598816192183,0.0
^RUT,2026-09-18,2580.0,Call,242.7,246.6,280.37,2.0,11.0,0.03586622864651774,2677.2900390625,0.23114598816192183,0.0
^RUT,2026-09-18,2580.0,Put,135.0,137.6,132.3,1.0,2.0,0.03586622864651774,2677.2900390625,0.23114598816192183,0.0
^RUT,2026-09-18,2590.0,Call,236.7,240.3,235.82,2.0,199.0,0.03586622864651774,2677.2900390625,0.23114598816192183,0.0
^RUT,2026-09-18,2590.0,Put,159.6,162.9,216.6,2.0,2.0,0.03586622864651774,2677.2900390625,0.23114598816192183,0.0
^RUT,2026-09-18,2600.0,Call,230.0,233.6,233.27,2.0,642.0,0.03586622864651774,2677.2900390625,0.23114598816192183,0.0
^RUT,2026-09-18,2600.0,Put,141.6,144.8,146.16,2.0,712.0,0.03586622864651774,2677.2900390625,0.23114598816192183,0.0
^RUT,2026-09-18,2610.0,Call,239.2,242.6,219.89,4.0,12.0,0.03586622864651774,2677.2900390625,0.23114598816192183,0.0
^RUT,2026-09-18,2610.0,Put,138.2,140.5,162.99,,1.0,0.03586622864651774,2677.2900390625,0.23114598816192183,0.0
^RUT,2026-09-18,2620.0,Call,218.0,221.6,197.45,3.0,10.0,0.03586622864651774,2677.2900390625,0.23114598816192183,0.0
^RUT,2026-09-18,2630.0,Call,227.2,230.4,209.08,2.0,7.0,0.03586622864651774,2677.2900390625,0.23114598816192183,0.0
^RUT,2026-09-18,2630.0,Put,145.6,148.2,210.03,3.0,3.0,0.03586622864651774,2677.2900390625,0.23114598816192183,0.0
^RUT,2026-09-18,2640.0,Call,207.0,210.4,198.16,1.0,19.0,0.03586622864651774,2677.2900390625,0.23114598816192183,0.0
^RUT,2026-09-18,2650.0,Call,201.3,204.6,237.07,6.0,146.0,0.03586622864651774,2677.2900390625,0.23114598816192183,0.0
^RUT,2026-09-18,2650.0,Put,162.0,165.1,166.14,4.0,71.0,0.03586622864651774,2677.2900390625,0.23114598816192183,0.0
^RUT,2026-09-18,2660.0,Call,195.7,198.9,202.26,4.0,21.0,0.03586622864651774,2677.2900390625,0.23114598816192183,0.0
^RUT,2026-09-18,2670.0,Call,204.2,207.1,162.83,1.0,8.0,0.03586622864651774,2677.2900390625,0.23114598816192183,0.0
^RUT,2026-09-18,2670.0,Put,297.2,309.2,306.05,,1.0,0.03586622864651774,2677.2900390625,0.23114598816192183,0.0
^RUT,2026-09-18,2680.0,Call,198.6,201.6,165.09,4.0,7.0,0.03586622864651774,2677.2900390625,0.23114598816192183,0.0
^RUT,2026-09-18,2680.0,Put,174.8,177.9,160.75,,1.0,0.03586622864651774,2677.2900390625,0.23114598816192183,0.0
^RUT,2026-09-18,2690.0,Call,179.3,182.6,170.95,3.0,4.0,0.03586622864651774,2677.2900390625,0.23114598816192183,0.0
^RUT,2026-09-18,2690.0,Put,178.7,181.8,164.82,,1.0,0.03586622864651774,2677.2900390625,0.23114598816192183,0.0
^RUT,2026-09-18,2700.0,Call,174.5,177.3,183.32,1.0,519.0,0.03586622864651774,2677.2900390625,0.23114598816192183,0.0
^RUT,2026-09-18,2700.0,Put,183.2,186.3,177.37,1.0,1025.0,0.03586622864651774,2677.2900390625,0.23114598816192183,0.0
^RUT,2026-09-18,2710.0,Call,169.0,172.2,149.51,2.0,3.0,0.03586622864651774,2677.2900390625,0.23114598816192183,0.0
^RUT,2026-09-18,2710.0,Put,178.8,181.2,195.95,,6.0,0.03586622864651774,2677.2900390625,0.23114598816192183,0.0
^RUT,2026-09-18,2720.0,Call,163.4,166.6,161.87,3.0,508.0,0.03586622864651774,2677.2900390625,0.23114598816192183,0.0
^RUT,2026-09-18,2720.0,Put,193.0,196.1,183.21,155.0,328.0,0.03586622864651774,2677.2900390625,0.23114598816192183,0.0
^RUT,2026-09-18,2730.0,Call,158.4,161.6,158.07,3.0,14.0,0.03586622864651774,2677.2900390625,0.23114598816192183,0.0
^RUT,2026-09-18,2730.0,Put,188.0,190.4,206.96,,4.0,0.03586622864651774,2677.2900390625,0.23114598816192183,0.0
^RUT,2026-09-18,2740.0,Call,153.6,156.7,157.8,6.0,470.0,0.03586622864651774,2677.2900390625,0.23114598816192183,0.0
^RUT,2026-09-18,2740.0,Put,192.8,195.4,211.96,,2.0,0.03586622864651774,2677.2900390625,0.23114598816192183,0.0
^RUT,2026-09-18,2750.0,Call,148.8,151.9,161.52,1.0,49.0,0.03586622864651774,2677.2900390625,0.23114598816192183,0.0
^RUT,2026-09-18,2750.0,Put,207.7,210.8,195.09,2.0,1.0,0.03586622864651774,2677.2900390625,0.23114598816192183,0.0
^RUT,2026-09-18,2760.0,Call,144.4,147.6,153.41,1.0,10.0,0.03586622864651774,2677.2900390625,0.23114598816192183,0.0
^RUT,2026-09-18,2770.0,Call,139.5,142.6,153.88,4.0,6.0,0.03586622864651774,2677.2900390625,0.23114598816192183,0.0
^RUT,2026-09-18,2780.0,Call,135.6,138.5,149.13,3.0,11.0,0.03586622864651774,2677.2900390625,0.23114598816192183,0.0
^RUT,2026-09-18,2790.0,Call,130.5,133.7,139.01,7.0,12.0,0.03586622864651774,2677.2900390625,0.23114598816192183,0.0
^RUT,2026-09-18,2800.0,Call,126.9,129.7,133.0,438.0,1604.0,0.03586622864651774,2677.2900390625,0.23114598816192183,0.0
^RUT,2026-09-18,2800.0,Put,234.0,237.3,229.84,2.0,7.0,0.03586622864651774,2677.2900390625,0.23114598816192183,0.0
^RUT,2026-09-18,2810.0,Call,122.0,125.1,146.2,6.0,3.0,0.03586622864651774,2677.2900390625,0.23114598816192183,0.0
^RUT,2026-09-18,2810.0,Put,228.6,231.4,265.93,,4.0,0.03586622864651774,2677.2900390625,0.23114598816192183,0.0
^RUT,2026-09-18,2820.0,Call,118.5,121.3,145.08,6.0,9.0,0.03586622864651774,2677.2900390625,0.23114598816192183,0.0
^RUT,2026-09-18,2830.0,Call,113.8,116.9,147.78,3.0,27.0,0.03586622864651774,2677.2900390625,0.23114598816192183,0.0
^RUT,2026-09-18,2830.0,Put,239.6,242.5,278.41,,1.0,0.03586622864651774,2677.2900390625,0.23114598816192183,0.0
^RUT,2026-09-18,2840.0,Call,122.3,124.9,112.58,,2.0,0.03586622864651774,2677.2900390625,0.23114598816192183,0.0
^RUT,2026-09-18,2850.0,Call,106.6,109.4,125.32,3.0,9.0,0.03586622864651774,2677.2900390625,0.23114598816192183,0.0
^RUT,2026-09-18,2860.0,Call,114.4,117.1,104.67,4.0,4.0,0.03586622864651774,2677.2900390625,0.23114598816192183,0.0
^RUT,2026-09-18,2870.0,Call,110.6,113.3,101.12,,1.0,0.03586622864651774,2677.2900390625,0.23114598816192183,0.0
^RUT,2026-09-18,2880.0,Call,95.7,98.3,100.84,1.0,3.0,0.03586622864651774,2677.2900390625,0.23114598816192183,0.0
^RUT,2026-09-18,2890.0,Call,101.3,104.0,97.97,2.0,0.0,0.03586622864651774,2677.2900390625,0.23114598816192183,0.0
^RUT,2026-09-18,2900.0,Call,88.8,91.5,95.09,1.0,282.0,0.03586622864651774,2677.2900390625,0.23114598816192183,0.0
^RUT,2026-09-18,2900.0,Put,292.7,296.8,300.39,2000.0,2009.0,0.03586622864651774,2677.2900390625,0.23114598816192183,0.0
^RUT,2026-09-18,2950.0,Call,73.2,75.8,109.12,10.0,79.0,0.03586622864651774,2677.2900390625,0.23114598816192183,0.0
^RUT,2026-09-18,3000.0,Call,59.8,62.4,63.62,80.0,249.0,0.03586622864651774,2677.2900390625,0.23114598816192183,0.0
^RUT,2026-09-18,3000.0,Put,361.2,366.0,370.52,,1.0,0.03586622864651774,2677.2900390625,0.23114598816192183,0.0
^RUT,2026-09-18,3050.0,Call,48.8,51.0,55.39,50.0,47.0,0.03586622864651774,2677.2900390625,0.23114598816192183,0.0
^RUT,2026-09-18,3100.0,Call,38.9,41.4,41.33,12.0,44.0,0.03586622864651774,2677.2900390625,0.23114598816192183,0.0
^RUT,2026-09-18,3150.0,Call,31.1,33.5,47.83,3.0,6.0,0.03586622864651774,2677.2900390625,0.23114598816192183,0.0
^RUT,2026-09-18,3200.0,Call,24.9,27.2,31.59,100.0,713.0,0.03586622864651774,2677.2900390625,0.23114598816192183,0.0
^RUT,2026-09-18,3250.0,Call,20.2,22.1,27.29,6.0,10.0,0.03586622864651774,2677.2900390625,0.23114598816192183,0.0
^RUT,2026-09-18,3300.0,Call,16.1,18.0,25.4,2.0,6.0,0.03586622864651774,2677.2900390625,0.23114598816192183,0.0
^RUT,2026-09-18,3350.0,Call,12.9,14.7,18.56,2.0,87.0,0.03586622864651774,2677.2900390625,0.23114598816192183,0.0
^RUT,2026-09-18,3400.0,Call,10.4,12.1,14.96,17.0,101.0,0.03586622864651774,2677.2900390625,0.23114598816192183,0.0
^RUT,2026-09-18,3450.0,Call,8.4,10.0,11.5,1.0,17.0,0.03586622864651774,2677.2900390625,0.23114598816192183,0.0
^RUT,2026-09-18,3500.0,Call,6.7,8.3,8.31,270.0,1039.0,0.03586622864651774,2677.2900390625,0.23114598816192183,0.0
^RUT,2026-09-18,3550.0,Call,5.6,7.0,10.83,4.0,27.0,0.03586622864651774,2677.2900390625,0.23114598816192183,0.0
^RUT,2026-09-18,3600.0,Call,4.6,6.0,5.7,10.0,258.0,0.03586622864651774,2677.2900390625,0.23114598816192183,0.0
^RUT,2026-09-30,1250.0,Put,4.3,5.9,7.1,2.0,18.0,0.03578738501971091,2677.2900390625,0.23114598816192183,0.0
^RUT,2026-09-30,1400.0,Put,6.5,8.3,9.0,1.0,1.0,0.03578738501971091,2677.2900390625,0.23114598816192183,0.0
^RUT,2026-09-30,1450.0,Put,13.4,16.0,18.3,18.0,18.0,0.03578738501971091,2677.2900390625,0.23114598816192183,0.0
^RUT,2026-09-30,1500.0,Put,8.3,10.4,12.65,1.0,2.0,0.03578738501971091,2677.2900390625,0.23114598816192183,0.0
^RUT,2026-09-30,1550.0,Put,9.6,11.5,15.18,8.0,7.0,0.03578738501971091,2677.2900390625,0.23114598816192183,0.0
^RUT,2026-09-30,1700.0,Put,24.5,27.5,33.52,1.0,0.0,0.03578738501971091,2677.2900390625,0.23114598816192183,0.0
^RUT,2026-09-30,1800.0,Put,17.6,20.4,23.13,,2.0,0.03578738501971091,2677.2900390625,0.23114598816192183,0.0
^RUT,2026-09-30,1850.0,Put,37.5,46.0,38.6,32.0,32.0,0.03578738501971091,2677.2900390625,0.23114598816192183,0.0
^RUT,2026-09-30,1900.0,Put,23.0,25.8,30.46,2.0,52.0,0.03578738501971091,2677.2900390625,0.23114598816192183,0.0
^RUT,2026-09-30,1950.0,Put,28.8,31.4,53.9,,22.0,0.03578738501971091,2677.2900390625,0.23114598816192183,0.0
^RUT,2026-09-30,1970.0,Put,29.4,33.2,56.7,,1.0,0.03578738501971091,2677.2900390625,0.23114598816192183,0.0
^RUT,2026-09-30,2000.0,Put,27.4,30.1,30.3,1.0,4.0,0.03578738501971091,2677.2900390625,0.23114598816192183,0.0
^RUT,2026-09-30,2100.0,Call,606.0,630.0,608.15,,2.0,0.03578738501971091,2677.2900390625,0.23114598816192183,0.0
^RUT,2026-09-30,2130.0,Put,47.2,49.4,82.1,,1.0,0.03578738501971091,2677.2900390625,0.23114598816192183,0.0
^RUT,2026-09-30,2140.0,Put,48.5,50.8,80.2,,7.0,0.03578738501971091,2677.2900390625,0.23114598816192183,0.0
^RUT,2026-09-30,2150.0,Put,45.9,49.3,54.7,200.0,489.0,0.03578738501971091,2677.2900390625,0.23114598816192183,0.0
^RUT,2026-09-30,2170.0,Put,94.8,98.6,97.1,,1.0,0.03578738501971091,2677.2900390625,0.23114598816192183,0.0
^RUT,2026-09-30,2200.0,Call,520.3,544.3,565.16,4.0,6.0,0.03578738501971091,2677.2900390625,0.23114598816192183,0.0
^RUT,2026-09-30,2200.0,Put,89.4,93.6,98.9,1.0,1.0,0.03578738501971091,2677.2900390625,0.23114598816192183,0.0
^RUT,2026-09-30,2210.0,Put,91.8,96.0,97.9,,1.0,0.03578738501971091,2677.2900390625,0.23114598816192183,0.0
^RUT,2026-09-30,2220.0,Put,60.6,62.7,100.0,1.0,1.0,0.03578738501971091,2677.2900390625,0.23114598816192183,0.0
^RUT,2026-09-30,2250.0,Put,115.2,120.0,103.8,1.0,0.0,0.03578738501971091,2677.2900390625,0.23114598816192183,0.0
^RUT,2026-09-30,2270.0,Put,62.8,66.5,60.55,,0.0,0.03578738501971091,2677.2900390625,0.23114598816192183,0.0
^RUT,2026-09-30,2280.0,Put,64.5,68.2,62.2,3.0,0.0,0.03578738501971091,2677.2900390625,0.23114598816192183,0.0
^RUT,2026-09-30,2290.0,Put,68.0,71.5,96.8,,13.0,0.03578738501971091,2677.2900390625,0.23114598816192183,0.0
^RUT,2026-09-30,2300.0,Put,66.9,70.3,65.7,,0.0,0.03578738501971091,2677.2900390625,0.23114598816192183,0.0
^RUT,2026-09-30,2310.0,Put,71.8,75.2,97.59,,20.0,0.03578738501971091,2677.2900390625,0.23114598816192183,0.0
^RUT,2026-09-30,2320.0,Call,411.6,418.0,356.0,6.0,17.0,0.03578738501971091,2677.2900390625,0.23114598816192183,0.0
^RUT,2026-09-30,2320.0,Put,79.7,82.0,106.5,,3.0,0.03578738501971091,2677.2900390625,0.23114598816192183,0.0
^RUT,2026-09-30,2330.0,Put,82.0,84.3,109.2,,1.0,0.03578738501971091,2677.2900390625,0.23114598816192183,0.0
^RUT,2026-09-30,2340.0,Put,84.1,86.4,112.8,,8.0,0.03578738501971091,2677.2900390625,0.23114598816192183,0.0
^RUT,2026-09-30,2350.0,Call,425.6,432.7,399.0,5.0,5.0,0.03578738501971091,2677.2900390625,0.23114598816192183,0.0
^RUT,2026-09-30,2350.0,Put,86.6,88.9,110.5,,29.0,0.03578738501971091,2677.2900390625,0.23114598816192183,0.0
^RUT,2026-09-30,2360.0,Call,381.2,387.7,334.7,,1.0,0.03578738501971091,2677.2900390625,0.23114598816192183,0.0
^RUT,2026-09-30,2370.0,Put,80.0,83.2,82.97,,2.0,0.03578738501971091,2677.2900390625,0.23114598816192183,0.0
^RUT,2026-09-30,2380.0,Call,265.0,289.0,293.0,1.0,1.0,0.03578738501971091,2677.2900390625,0.23114598816192183,0.0
^RUT,2026-09-30,2400.0,Call,320.9,327.8,285.9,3.0,3.0,0.03578738501971091,2677.2900390625,0.23114598816192183,0.0
^RUT,2026-09-30,2400.0,Put,165.9,171.8,150.8,,3.0,0.03578738501971091,2677.2900390625,0.23114598816192183,0.0
^RUT,2026-09-30,2410.0,Call,312.9,320.0,275.6,,1.0,0.03578738501971091,2677.2900390625,0.23114598816192183,0.0
^RUT,2026-09-30,2410.0,Put,169.9,175.9,154.2,,11.0,0.03578738501971091,2677.2900390625,0.23114598816192183,0.0
^RUT,2026-09-30,2420.0,Call,306.3,313.2,216.76,1.0,1.0,0.03578738501971091,2677.2900390625,0.23114598816192183,0.0
^RUT,2026-09-30,2430.0,Call,210.0,225.6,284.43,,4.0,0.03578738501971091,2677.2900390625,0.23114598816192183,0.0
^RUT,2026-09-30,2440.0,Call,357.6,363.5,313.91,2.0,2.0,0.03578738501971091,2677.2900390625,0.23114598816192183,0.0
^RUT,2026-09-30,2450.0,Call,334.6,340.3,341.97,4.0,7.0,0.03578738501971091,2677.2900390625,0.23114598816192183,0.0
^RUT,2026-09-30,2450.0,Put,99.0,102.4,93.61,6.0,8.0,0.03578738501971091,2677.2900390625,0.23114598816192183,0.0
^RUT,2026-09-30,2460.0,Call,327.4,333.1,344.84,4.0,4.0,0.03578738501971091,2677.2900390625,0.23114598816192183,0.0
^RUT,2026-09-30,2470.0,Call,320.4,326.1,338.04,10.0,5.0,0.03578738501971091,2677.2900390625,0.23114598816192183,0.0
^RUT,2026-09-30,2480.0,Call,266.6,272.9,238.0,1.0,2.0,0.03578738501971091,2677.2900390625,0.23114598816192183,0.0
^RUT,2026-09-30,2490.0,Put,110.3,114.3,110.04,,1.0,0.03578738501971091,2677.2900390625,0.23114598816192183,0.0
^RUT,2026-09-30,2500.0,Call,298.7,304.6,332.79,2.0,30.0,0.03578738501971091,2677.2900390625,0.23114598816192183,0.0
^RUT,2026-09-30,2500.0,Put,112.8,116.3,106.43,1.0,2.0,0.03578738501971091,2677.2900390625,0.23114598816192183,0.0
^RUT,2026-09-30,2510.0,Call,293.0,298.4,277.69,2.0,2.0,0.03578738501971091,2677.2900390625,0.23114598816192183,0.0
^RUT,2026-09-30,2520.0,Call,286.3,291.6,306.94,2.0,1.0,0.03578738501971091,2677.2900390625,0.23114598816192183,0.0
^RUT,2026-09-30,2530.0,Call,279.7,284.9,314.29,10.0,16.0,0.03578738501971091,2677.2900390625,0.23114598816192183,0.0
^RUT,2026-09-30,2540.0,Call,256.9,262.4,211.2,3.0,5.0,0.03578738501971091,2677.2900390625,0.23114598816192183,0.0
^RUT,2026-09-30,2550.0,Call,266.7,271.8,240.78,2.0,8.0,0.03578738501971091,2677.2900390625,0.23114598816192183,0.0
^RUT,2026-09-30,2560.0,Call,180.9,187.8,219.17,10.0,5.0,0.03578738501971091,2677.2900390625,0.23114598816192183,0.0
^RUT,2026-09-30,2560.0,Put,152.0,155.1,195.68,,1.0,0.03578738501971091,2677.2900390625,0.23114598816192183,0.0
^RUT,2026-09-30,2570.0,Call,239.0,244.6,189.11,2.0,5.0,0.03578738501971091,2677.2900390625,0.23114598816192183,0.0
^RUT,2026-09-30,2580.0,Call,247.8,252.6,227.66,2.0,12.0,0.03578738501971091,2677.2900390625,0.23114598816192183,0.0
^RUT,2026-09-30,2590.0,Call,241.7,246.4,268.48,2.0,6.0,0.03578738501971091,2677.2900390625,0.23114598816192183,0.0
^RUT,2026-09-30,2590.0,Put,142.7,146.9,132.96,,4.0,0.03578738501971091,2677.2900390625,0.23114598816192183,0.0
^RUT,2026-09-30,2600.0,Call,235.6,240.3,261.56,2.0,5.0,0.03578738501971091,2677.2900390625,0.23114598816192183,0.0
^RUT,2026-09-30,2600.0,Put,146.0,150.2,156.17,1.0,2.0,0.03578738501971091,2677.2900390625,0.23114598816192183,0.0
^RUT,2026-09-30,2610.0,Call,230.8,236.1,230.5,5.0,0.0,0.03578738501971091,2677.2900390625,0.23114598816192183,0.0
^RUT,2026-09-30,2610.0,Put,141.9,145.8,166.67,2.0,5.0,0.03578738501971091,2677.2900390625,0.23114598816192183,0.0
^RUT,2026-09-30,2620.0,Call,223.7,228.2,253.51,10.0,5.0,0.03578738501971091,2677.2900390625,0.23114598816192183,0.0
^RUT,2026-09-30,2640.0,Call,212.1,216.6,223.4,,5.0,0.03578738501971091,2677.2900390625,0.23114598816192183,0.0
^RUT,2026-09-30,2650.0,Call,205.5,210.3,220.0,3.0,2.0,0.03578738501971091,2677.2900390625,0.23114598816192183,0.0
^RUT,2026-09-30,2650.0,Put,157.1,161.1,170.52,,2.0,0.03578738501971091,2677.2900390625,0.23114598816192183,0.0
^RUT,2026-09-30,2660.0,Call,200.8,205.2,207.81,,1.0,0.03578738501971091,2677.2900390625,0.23114598816192183,0.0
^RUT,2026-09-30,2680.0,Put,178.0,182.3,164.07,,1.0,0.03578738501971091,2677.2900390625,0.23114598816192183,0.0
^RUT,2026-09-30,2690.0,Put,182.4,186.7,207.6,2.0,3.0,0.03578738501971091,2677.2900390625,0.23114598816192183,0.0
^RUT,2026-09-30,2700.0,Call,179.3,183.8,185.43,2.0,4.0,0.03578738501971091,2677.2900390625,0.23114598816192183,0.0
^RUT,2026-09-30,2700.0,Put,186.9,191.3,194.01,2.0,2.0,0.03578738501971091,2677.2900390625,0.23114598816192183,0.0
^RUT,2026-09-30,2710.0,Call,174.1,178.5,154.96,2.0,14.0,0.03578738501971091,2677.2900390625,0.23114598816192183,0.0
^RUT,2026-09-30,2720.0,Call,138.7,142.6,127.4,,10.0,0.03578738501971091,2677.2900390625,0.23114598816192183,0.0
^RUT,2026-09-30,2720.0,Put,196.9,201.4,200.66,,4.0,0.03578738501971091,2677.2900390625,0.23114598816192183,0.0
^RUT,2026-09-30,2730.0,Call,134.5,138.6,123.54,,1.0,0.03578738501971091,2677.2900390625,0.23114598816192183,0.0
^RUT,2026-09-30,2740.0,Call,158.8,163.4,173.58,1.0,1.0,0.03578738501971091,2677.2900390625,0.23114598816192183,0.0
^RUT,2026-09-30,2750.0,Call,154.0,158.5,143.71,2.0,32.0,0.03578738501971091,2677.2900390625,0.23114598816192183,0.0
^RUT,2026-09-30,2760.0,Call,149.3,153.8,163.81,1.0,16.0,0.03578738501971091,2677.2900390625,0.23114598816192183,0.0
^RUT,2026-09-30,2780.0,Call,96.4,101.6,125.24,24.0,12.0,0.03578738501971091,2677.2900390625,0.23114598816192183,0.0
^RUT,2026-09-30,2780.0,Put,216.2,220.4,251.86,2.0,2.0,0.03578738501971091,2677.2900390625,0.23114598816192183,0.0
^RUT,2026-09-30,2800.0,Call,132.1,136.0,131.12,2.0,7.0,0.03578738501971091,2677.2900390625,0.23114598816192183,0.0
^RUT,2026-09-30,2810.0,Call,87.8,92.8,115.56,4.0,2.0,0.03578738501971091,2677.2900390625,0.23114598816192183,0.0
^RUT,2026-09-30,2820.0,Call,77.0,86.9,101.9,1.0,0.0,0.03578738501971091,2677.2900390625,0.23114598816192183,0.0
^RUT,2026-09-30,2830.0,Call,82.3,87.4,96.9,,1.0,0.03578738501971091,2677.2900390625,0.23114598816192183,0.0
^RUT,2026-09-30,2830.0,Put,269.1,274.9,340.76,,1.0,0.03578738501971091,2677.2900390625,0.23114598816192183,0.0
^RUT,2026-09-30,2840.0,Put,275.8,281.4,347.57,,1.0,0.03578738501971091,2677.2900390625,0.23114598816192183,0.0
^RUT,2026-09-30,2850.0,Call,111.0,115.4,136.5,2.0,3.0,0.03578738501971091,2677.2900390625,0.23114598816192183,0.0
^RUT,2026-09-30,2850.0,Put,253.6,258.8,274.65,,1.0,0.03578738501971091,2677.2900390625,0.23114598816192183,0.0
^RUT,2026-09-30,2860.0,Call,101.1,105.7,78.52,,3.0,0.03578738501971091,2677.2900390625,0.23114598816192183,0.0
^RUT,2026-09-30,2900.0,Call,93.6,97.2,95.1,2.0,7.0,0.03578738501971091,2677.2900390625,0.23114598816192183,0.0
^RUT,2026-09-30,2950.0,Call,87.7,91.4,77.9,4.0,3.0,0.03578738501971091,2677.2900390625,0.23114598816192183,0.0
^RUT,2026-09-30,3000.0,Call,47.4,51.4,67.32,18.0,9.0,0.03578738501971091,2677.2900390625,0.23114598816192183,0.0
^RUT,2026-09-30,3150.0,Call,34.4,37.5,35.6,3.0,3.0,0.03578738501971091,2677.2900390625,0.23114598816192183,0.0
^RUT,2026-09-30,3200.0,Call,27.6,30.7,30.44,20.0,21.0,0.03578738501971091,2677.2900390625,0.23114598816192183,0.0
^RUT,2026-09-30,3250.0,Call,21.9,25.1,24.84,20.0,20.0,0.03578738501971091,2677.2900390625,0.23114598816192183,0.0
^RUT,2026-09-30,3300.0,Call,19.3,22.4,25.54,1.0,1.0,0.03578738501971091,2677.2900390625,0.23114598816192183,0.0
^RUT,2026-09-30,3350.0,Call,18.6,21.5,20.0,1.0,1.0,0.03578738501971091,2677.2900390625,0.23114598816192183,0.0
^RUT,2026-09-30,3400.0,Call,11.4,14.1,17.1,1.0,3.0,0.03578738501971091,2677.2900390625,0.23114598816192183,0.0
^RUT,2026-09-30,3500.0,Call,7.4,10.0,9.27,,1.0,0.03578738501971091,2677.2900390625,0.23114598816192183,0.0
^RUT,2026-09-30,3550.0,Call,6.2,8.4,7.74,1.0,3.0,0.03578738501971091,2677.2900390625,0.23114598816192183,0.0
^RUT,2026-09-30,3600.0,Call,5.0,7.2,6.43,2.0,26.0,0.03578738501971091,2677.2900390625,0.23114598816192183,0.0
^RUT,2026-12-18,950.0,Call,1715.0,1738.8,1622.96,20.0,150.0,0.035268331143232586,2677.2900390625,0.23114598816192183,0.0
^RUT,2026-12-18,950.0,Put,2.5,5.0,3.49,2.0,1430.0,0.035268331143232586,2677.2900390625,0.23114598816192183,0.0
^RUT,2026-12-18,1000.0,Call,0.0,0.0,1671.41,151.0,182.0,0.035268331143232586,2677.2900390625,0.23114598816192183,0.0
^RUT,2026-12-18,1000.0,Put,3.1,5.7,3.85,151.0,514.0,0.035268331143232586,2677.2900390625,0.23114598816192183,0.0
^RUT,2026-12-18,1050.0,Call,1619.2,1643.0,1527.66,20.0,125.0,0.035268331143232586,2677.2900390625,0.23114598816192183,0.0
^RUT,2026-12-18,1050.0,Put,3.8,6.4,5.53,1.0,113.0,0.035268331143232586,2677.2900390625,0.23114598816192183,0.0
^RUT,2026-12-18,1100.0,Call,0.0,0.0,1040.0,,0.0,0.035268331143232586,2677.2900390625,0.23114598816192183,0.0
^RUT,2026-12-18,1100.0,Put,4.5,7.2,6.4,3.0,239.0,0.035268331143232586,2677.2900390625,0.23114598816192183,0.0
^RUT,2026-12-18,1150.0,Call,1477.0,1501.0,1377.66,20.0,30.0,0.035268331143232586,2677.2900390625,0.23114598816192183,0.0
^RUT,2026-12-18,1150.0,Put,5.3,8.0,6.28,1.0,58.0,0.035268331143232586,2677.2900390625,0.23114598816192183,0.0
^RUT,2026-12-18,1200.0,Put,6.2,9.0,7.5,1.0,984.0,0.035268331143232586,2677.2900390625,0.23114598816192183,0.0
^RUT,2026-12-18,1250.0,Call,1235.0,1259.0,1040.0,6.0,1.0,0.035268331143232586,2677.2900390625,0.23114598816192183,0.0
^RUT,2026-12-18,1250.0,Put,7.2,9.9,8.3,1.0,444.0,0.035268331143232586,2677.2900390625,0.23114598816192183,0.0
^RUT,2026-12-18,1300.0,Put,8.2,11.2,8.31,4.0,285.0,0.035268331143232586,2677.2900390625,0.23114598816192183,0.0
^RUT,2026-12-18,1350.0,Put,9.3,12.3,11.4,3.0,167.0,0.035268331143232586,2677.2900390625,0.23114598816192183,0.0
^RUT,2026-12-18,1400.0,Call,699.0,723.0,786.65,1.0,0.0,0.035268331143232586,2677.2900390625,0.23114598816192183,0.0
^RUT,2026-12-18,1400.0,Put,10.5,13.7,10.95,8.0,777.0,0.035268331143232586,2677.2900390625,0.23114598816192183,0.0
^RUT,2026-12-18,1450.0,Call,0.0,0.0,904.5,1.0,1.0,0.035268331143232586,2677.2900390625,0.23114598816192183,0.0
^RUT,2026-12-18,1450.0,Put,11.2,13.1,15.57,13.0,597.0,0.035268331143232586,2677.2900390625,0.23114598816192183,0.0
^RUT,2026-12-18,1500.0,Call,1145.2,1167.9,1081.21,1.0,150.0,0.035268331143232586,2677.2900390625,0.23114598816192183,0.0
^RUT,2026-12-18,1500.0,Put,13.2,16.9,16.13,1.0,873.0,0.035268331143232586,2677.2900390625,0.23114598816192183,0.0
^RUT,2026-12-18,1550.0,Call,983.0,1003.2,978.6,1.0,201.0,0.035268331143232586,2677.2900390625,0.23114598816192183,0.0
^RUT,2026-12-18,1550.0,Put,14.8,18.7,13.95,2.0,958.0,0.035268331143232586,2677.2900390625,0.23114598816192183,0.0
^RUT,2026-12-18,1600.0,Call,663.0,687.0,588.25,1.0,152.0,0.035268331143232586,2677.2900390625,0.23114598816192183,0.0
^RUT,2026-12-18,1600.0,Put,16.6,20.8,17.3,4.0,1254.0,0.035268331143232586,2677.2900390625,0.23114598816192183,0.0
^RUT,2026-12-18,1650.0,Call,0.0,0.0,747.7,3.0,3.0,0.035268331143232586,2677.2900390625,0.23114598816192183,0.0
^RUT,2026-12-18,1650.0,Put,18.5,23.0,19.89,98.0,1513.0,0.035268331143232586,2677.2900390625,0.23114598816192183,0.0
^RUT,2026-12-18,1700.0,Call,807.0,831.0,582.0,3.0,0.0,0.035268331143232586,2677.2900390625,0.23114598816192183,0.0
^RUT,2026-12-18,1700.0,Put,20.8,25.4,21.99,52.0,1690.0,0.035268331143232586,2677.2900390625,0.23114598816192183,0.0
^RUT,2026-12-18,1750.0,Call,630.0,654.0,593.0,,100.0,0.035268331143232586,2677.2900390625,0.23114598816192183,0.0
^RUT,2026-12-18,1750.0,Put,23.4,28.1,25.72,1.0,2656.0,0.035268331143232586,2677.2900390625,0.23114598816192183,0.0
^RUT,2026-12-18,1800.0,Call,466.9,477.6,286.0,,15.0,0.035268331143232586,2677.2900390625,0.23114598816192183,0.0
^RUT,2026-12-18,1800.0,Put,26.3,31.2,26.57,2.0,3552.0,0.035268331143232586,2677.2900390625,0.23114598816192183,0.0
^RUT,2026-12-18,1850.0,Call,679.0,703.0,467.51,2.0,35.0,0.035268331143232586,2677.2900390625,0.23114598816192183,0.0
^RUT,2026-12-18,1850.0,Put,30.1,32.2,40.7,9.0,1359.0,0.035268331143232586,2677.2900390625,0.23114598816192183,0.0
^RUT,2026-12-18,1900.0,Call,638.0,662.0,582.48,12.0,40.0,0.035268331143232586,2677.2900390625,0.23114598816192183,0.0
^RUT,2026-12-18,1900.0,Put,33.2,38.5,36.1,6.0,2767.0,0.035268331143232586,2677.2900390625,0.23114598816192183,0.0
^RUT,2026-12-18,1950.0,Call,310.5,326.2,209.8,8.0,14.0,0.035268331143232586,2677.2900390625,0.23114598816192183,0.0
^RUT,2026-12-18,1950.0,Put,37.3,42.8,35.0,6.0,641.0,0.035268331143232586,2677.2900390625,0.23114598816192183,0.0
^RUT,2026-12-18,2000.0,Call,0.0,0.0,759.5,10.0,2169.0,0.035268331143232586,2677.2900390625,0.23114598816192183,0.0
^RUT,2026-12-18,2000.0,Put,42.0,47.2,44.1,2.0,3449.0,0.035268331143232586,2677.2900390625,0.23114598816192183,0.0
^RUT,2026-12-18,2050.0,Call,555.0,572.0,472.5,3.0,835.0,0.035268331143232586,2677.2900390625,0.23114598816192183,0.0
^RUT,2026-12-18,2050.0,Put,47.2,52.7,45.14,16.0,848.0,0.035268331143232586,2677.2900390625,0.23114598816192183,0.0
^RUT,2026-12-18,2100.0,Call,575.6,586.9,508.0,3.0,2110.0,0.035268331143232586,2677.2900390625,0.23114598816192183,0.0
^RUT,2026-12-18,2100.0,Put,53.3,59.3,56.5,1.0,3872.0,0.035268331143232586,2677.2900390625,0.23114598816192183,0.0
^RUT,2026-12-18,2150.0,Call,535.0,546.3,469.8,3.0,9.0,0.035268331143232586,2677.2900390625,0.23114598816192183,0.0
^RUT,2026-12-18,2150.0,Put,59.9,65.7,64.37,300.0,874.0,0.035268331143232586,2677.2900390625,0.23114598816192183,0.0
^RUT,2026-12-18,2200.0,Call,0.0,0.0,566.48,2.0,1077.0,0.035268331143232586,2677.2900390625,0.23114598816192183,0.0
^RUT,2026-12-18,2200.0,Put,67.5,73.4,67.8,9.0,1168.0,0.035268331143232586,2677.2900390625,0.23114598816192183,0.0
^RUT,2026-12-18,2250.0,Call,0.0,0.0,540.0,2.0,329.0,0.035268331143232586,2677.2900390625,0.23114598816192183,0.0
^RUT,2026-12-18,2250.0,Put,76.0,82.0,73.91,201.0,1046.0,0.035268331143232586,2677.2900390625,0.23114598816192183,0.0
^RUT,2026-12-18,2300.0,Call,0.0,0.0,493.73,2.0,1710.0,0.035268331143232586,2677.2900390625,0.23114598816192183,0.0
^RUT,2026-12-18,2300.0,Put,85.6,91.6,93.5,10.0,933.0,0.035268331143232586,2677.2900390625,0.23114598816192183,0.0
^RUT,2026-12-18,2350.0,Call,0.0,0.0,425.37,20.0,248.0,0.035268331143232586,2677.2900390625,0.23114598816192183,0.0
^RUT,2026-12-18,2350.0,Put,96.3,102.4,96.59,3.0,1413.0,0.035268331143232586,2677.2900390625,0.23114598816192183,0.0
^RUT,2026-12-18,2400.0,Call,0.0,0.0,420.82,2.0,461.0,0.035268331143232586,2677.2900390625,0.23114598816192183,0.0
^RUT,2026-12-18,2400.0,Put,108.1,114.4,113.6,36.0,1700.0,0.035268331143232586,2677.2900390625,0.23114598816192183,0.0
^RUT,2026-12-18,2450.0,Call,0.0,0.0,378.79,4.0,477.0,0.035268331143232586,2677.2900390625,0.23114598816192183,0.0
^RUT,2026-12-18,2450.0,Put,121.7,128.7,123.29,22.0,682.0,0.035268331143232586,2677.2900390625,0.23114598816192183,0.0
^RUT,2026-12-18,2500.0,Call,0.0,0.0,350.34,2.0,807.0,0.035268331143232586,2677.2900390625,0.23114598816192183,0.0
^RUT,2026-12-18,2500.0,Put,0.0,0.0,138.5,2.0,854.0,0.035268331143232586,2677.2900390625,0.23114598816192183,0.0
^RUT,2026-12-18,2550.0,Call,0.0,0.0,314.52,72.0,628.0,0.035268331143232586,2677.2900390625,0.23114598816192183,0.0
^RUT,2026-12-18,2550.0,Put,0.0,0.0,151.08,2.0,579.0,0.035268331143232586,2677.2900390625,0.23114598816192183,0.0
^RUT,2026-12-18,2600.0,Call,0.0,0.0,278.0,1.0,1594.0,0.035268331143232586,2677.2900390625,0.23114598816192183,0.0
^RUT,2026-12-18,2600.0,Put,0.0,0.0,163.7,1.0,753.0,0.035268331143232586,2677.2900390625,0.23114598816192183,0.0
^RUT,2026-12-18,2650.0,Call,0.0,0.0,247.39,2.0,1609.0,0.035268331143232586,2677.2900390625,0.23114598816192183,0.0
^RUT,2026-12-18,2650.0,Put,0.0,0.0,186.65,2.0,771.0,0.035268331143232586,2677.2900390625,0.23114598816192183,0.0
^RUT,2026-12-18,2700.0,Call,0.0,0.0,225.58,4.0,814.0,0.035268331143232586,2677.2900390625,0.23114598816192183,0.0
^RUT,2026-12-18,2700.0,Put,0.0,0.0,220.9,2.0,613.0,0.035268331143232586,2677.2900390625,0.23114598816192183,0.0
^RUT,2026-12-18,2750.0,Call,0.0,0.0,199.06,20.0,185.0,0.035268331143232586,2677.2900390625,0.23114598816192183,0.0
^RUT,2026-12-18,2750.0,Put,0.0,0.0,225.7,19.0,241.0,0.035268331143232586,2677.2900390625,0.23114598816192183,0.0
^RUT,2026-12-18,2800.0,Call,0.0,0.0,169.77,2.0,1291.0,0.035268331143232586,2677.2900390625,0.23114598816192183,0.0
^RUT,2026-12-18,2800.0,Put,0.0,0.0,266.45,12.0,336.0,0.035268331143232586,2677.2900390625,0.23114598816192183,0.0
^RUT,2026-12-18,2850.0,Call,0.0,0.0,150.3,1.0,265.0,0.035268331143232586,2677.2900390625,0.23114598816192183,0.0
^RUT,2026-12-18,2850.0,Put,0.0,0.0,289.1,6.0,17.0,0.035268331143232586,2677.2900390625,0.23114598816192183,0.0
^RUT,2026-12-18,2900.0,Call,0.0,0.0,130.83,2.0,567.0,0.035268331143232586,2677.2900390625,0.23114598816192183,0.0
^RUT,2026-12-18,2900.0,Put,0.0,0.0,309.97,2.0,117.0,0.035268331143232586,2677.2900390625,0.23114598816192183,0.0
^RUT,2026-12-18,2950.0,Call,0.0,0.0,115.3,91.0,1255.0,0.035268331143232586,2677.2900390625,0.23114598816192183,0.0
^RUT,2026-12-18,2950.0,Put,0.0,0.0,342.02,6.0,11.0,0.035268331143232586,2677.2900390625,0.23114598816192183,0.0
^RUT,2026-12-18,3000.0,Call,0.0,0.0,99.4,2.0,1787.0,0.035268331143232586,2677.2900390625,0.23114598816192183,0.0
^RUT,2026-12-18,3000.0,Put,0.0,0.0,406.94,2.0,70.0,0.035268331143232586,2677.2900390625,0.23114598816192183,0.0
^RUT,2026-12-18,3050.0,Call,81.3,87.6,82.9,2.0,276.0,0.035268331143232586,2677.2900390625,0.23114598816192183,0.0
^RUT,2026-12-18,3050.0,Put,0.0,0.0,395.89,2.0,4.0,0.035268331143232586,2677.2900390625,0.23114598816192183,0.0
^RUT,2026-12-18,3100.0,Call,68.8,75.2,78.14,25.0,764.0,0.035268331143232586,2677.2900390625,0.23114598816192183,0.0
^RUT,2026-12-18,3100.0,Put,923.0,947.0,1156.0,,1.0,0.035268331143232586,2677.2900390625,0.23114598816192183,0.0
^RUT,2026-12-18,3150.0,Call,58.0,64.3,59.8,2.0,1096.0,0.035268331143232586,2677.2900390625,0.23114598816192183,0.0
^RUT,2026-12-18,3150.0,Put,0.0,0.0,462.76,1.0,25.0,0.035268331143232586,2677.2900390625,0.23114598816192183,0.0
^RUT,2026-12-18,3200.0,Call,48.6,54.9,53.4,60.0,560.0,0.035268331143232586,2677.2900390625,0.23114598816192183,0.0
^RUT,2026-12-18,3250.0,Call,40.6,46.7,43.9,1.0,64.0,0.035268331143232586,2677.2900390625,0.23114598816192183,0.0
^RUT,2026-12-18,3250.0,Put,749.0,766.7,723.44,5.0,25.0,0.035268331143232586,2677.2900390625,0.23114598816192183,0.0
^RUT,2026-12-18,3300.0,Call,33.8,39.8,36.15,4.0,408.0,0.035268331143232586,2677.2900390625,0.23114598816192183,0.0
^RUT,2026-12-18,3300.0,Put,1105.0,1129.0,1340.1,,1.0,0.035268331143232586,2677.2900390625,0.23114598816192183,0.0
^RUT,2026-12-18,3350.0,Call,28.1,33.9,32.57,1.0,113.0,0.035268331143232586,2677.2900390625,0.23114598816192183,0.0
^RUT,2026-12-18,3350.0,Put,0.0,0.0,623.11,2.0,4.0,0.035268331143232586,2677.2900390625,0.23114598816192183,0.0
^RUT,2026-12-18,3400.0,Call,23.0,28.9,26.94,6.0,235.0,0.035268331143232586,2677.2900390625,0.23114598816192183,0.0
^RUT,2026-12-18,3400.0,Put,0.0,0.0,665.76,2.0,4.0,0.035268331143232586,2677.2900390625,0.23114598816192183,0.0
^RUT,2026-12-18,3450.0,Call,19.1,24.7,26.02,4.0,23.0,0.035268331143232586,2677.2900390625,0.23114598816192183,0.0
^RUT,2026-12-18,3500.0,Call,15.9,21.2,19.05,10.0,601.0,0.035268331143232586,2677.2900390625,0.23114598816192183,0.0
^RUT,2026-12-18,3500.0,Put,940.0,964.0,1002.12,10.0,21.0,0.035268331143232586,2677.2900390625,0.23114598816192183,0.0
^RUT,2026-12-18,3550.0,Call,13.2,18.4,17.18,3.0,81.0,0.035268331143232586,2677.2900390625,0.23114598816192183,0.0
^RUT,2026-12-18,3550.0,Put,0.0,0.0,823.19,30.0,194.0,0.035268331143232586,2677.2900390625,0.23114598816192183,0.0
^RUT,2026-12-18,3600.0,Call,11.0,15.9,14.05,1.0,1460.0,0.035268331143232586,2677.2900390625,0.23114598816192183,0.0
^RUT,2026-12-18,3600.0,Put,0.0,0.0,868.99,30.0,213.0,0.035268331143232586,2677.2900390625,0.23114598816192183,0.0
^RUT,2026-12-31,1250.0,Put,7.3,11.2,7.9,1.0,1.0,0.03518291721419185,2677.2900390625,0.23114598816192183,0.0
^RUT,2026-12-31,1300.0,Put,8.3,12.4,8.95,1.0,1.0,0.03518291721419185,2677.2900390625,0.23114598816192183,0.0
^RUT,2026-12-31,1350.0,Call,1335.0,1359.0,1274.22,,1.0,0.03518291721419185,2677.2900390625,0.23114598816192183,0.0
^RUT,2026-12-31,1350.0,Put,8.4,12.2,11.89,,1.0,0.03518291721419185,2677.2900390625,0.23114598816192183,0.0
^RUT,2026-12-31,1450.0,Call,1240.0,1264.0,1178.64,1.0,3.0,0.03518291721419185,2677.2900390625,0.23114598816192183,0.0
^RUT,2026-12-31,1450.0,Put,11.9,16.8,15.0,3.0,6.0,0.03518291721419185,2677.2900390625,0.23114598816192183,0.0
^RUT,2026-12-31,1650.0,Put,18.8,24.9,21.8,,17.0,0.03518291721419185,2677.2900390625,0.23114598816192183,0.0
^RUT,2026-12-31,1800.0,Put,26.7,33.4,28.2,,31.0,0.03518291721419185,2677.2900390625,0.23114598816192183,0.0
^RUT,2026-12-31,1900.0,Put,33.8,40.6,33.45,1.0,0.0,0.03518291721419185,2677.2900390625,0.23114598816192183,0.0
^RUT,2026-12-31,1950.0,Put,38.0,45.1,35.92,,1.0,0.03518291721419185,2677.2900390625,0.23114598816192183,0.0
^RUT,2026-12-31,2000.0,Call,0.0,0.0,763.67,,1.0,0.03518291721419185,2677.2900390625,0.23114598816192183,0.0
^RUT,2026-12-31,2000.0,Put,42.8,50.5,44.2,2.0,25.0,0.03518291721419185,2677.2900390625,0.23114598816192183,0.0
^RUT,2026-12-31,2010.0,Put,43.9,51.6,41.2,,31.0,0.03518291721419185,2677.2900390625,0.23114598816192183,0.0
^RUT,2026-12-31,2040.0,Put,47.0,54.5,47.5,,0.0,0.03518291721419185,2677.2900390625,0.23114598816192183,0.0
^RUT,2026-12-31,2060.0,Put,46.0,52.9,55.7,,3.0,0.03518291721419185,2677.2900390625,0.23114598816192183,0.0
^RUT,2026-12-31,2100.0,Put,54.1,62.0,51.03,1.0,2.0,0.03518291721419185,2677.2900390625,0.23114598816192183,0.0
^RUT,2026-12-31,2110.0,Put,55.5,63.3,57.9,,9.0,0.03518291721419185,2677.2900390625,0.23114598816192183,0.0
^RUT,2026-12-31,2130.0,Put,58.1,66.2,59.35,,1.0,0.03518291721419185,2677.2900390625,0.23114598816192183,0.0
^RUT,2026-12-31,2140.0,Put,59.5,67.6,60.27,,1.0,0.03518291721419185,2677.2900390625,0.23114598816192183,0.0
^RUT,2026-12-31,2150.0,Put,61.0,69.1,54.61,3.0,8.0,0.03518291721419185,2677.2900390625,0.23114598816192183,0.0
^RUT,2026-12-31,2190.0,Put,67.1,75.3,69.6,,6.0,0.03518291721419185,2677.2900390625,0.23114598816192183,0.0
^RUT,2026-12-31,2200.0,Put,68.7,76.9,59.42,,30.0,0.03518291721419185,2677.2900390625,0.23114598816192183,0.0
^RUT,2026-12-31,2210.0,Put,70.4,78.6,81.77,2.0,4.0,0.03518291721419185,2677.2900390625,0.23114598816192183,0.0
^RUT,2026-12-31,2240.0,Put,75.6,83.9,70.8,,16.0,0.03518291721419185,2677.2900390625,0.23114598816192183,0.0
^RUT,2026-12-31,2250.0,Put,77.4,85.7,75.0,1.0,31.0,0.03518291721419185,2677.2900390625,0.23114598816192183,0.0
^RUT,2026-12-31,2280.0,Put,83.0,91.5,81.7,,5.0,0.03518291721419185,2677.2900390625,0.23114598816192183,0.0
^RUT,2026-12-31,2300.0,Call,0.0,0.0,497.88,2.0,0.0,0.03518291721419185,2677.2900390625,0.23114598816192183,0.0
^RUT,2026-12-31,2300.0,Put,87.0,95.5,86.8,2.0,0.0,0.03518291721419185,2677.2900390625,0.23114598816192183,0.0
^RUT,2026-12-31,2350.0,Put,97.8,106.5,101.9,1.0,2.0,0.03518291721419185,2677.2900390625,0.23114598816192183,0.0
^RUT,2026-12-31,2370.0,Put,102.5,111.1,102.45,,2.0,0.03518291721419185,2677.2900390625,0.23114598816192183,0.0
^RUT,2026-12-31,2380.0,Put,99.1,107.5,111.83,,1.0,0.03518291721419185,2677.2900390625,0.23114598816192183,0.0
^RUT,2026-12-31,2390.0,Put,107.3,116.1,122.5,3.0,176.0,0.03518291721419185,2677.2900390625,0.23114598816192183,0.0
^RUT,2026-12-31,2400.0,Call,0.0,0.0,420.38,4.0,3.0,0.03518291721419185,2677.2900390625,0.23114598816192183,0.0
^RUT,2026-12-31,2400.0,Put,109.8,118.6,102.1,1.0,8.0,0.03518291721419185,2677.2900390625,0.23114598816192183,0.0
^RUT,2026-12-31,2410.0,Call,411.0,435.0,375.83,,1.0,0.03518291721419185,2677.2900390625,0.23114598816192183,0.0
^RUT,2026-12-31,2410.0,Put,106.3,114.8,114.05,,0.0,0.03518291721419185,2677.2900390625,0.23114598816192183,0.0
^RUT,2026-12-31,2420.0,Put,114.9,123.9,119.2,14.0,12.0,0.03518291721419185,2677.2900390625,0.23114598816192183,0.0
^RUT,2026-12-31,2430.0,Put,117.7,126.5,125.76,1.0,1.0,0.03518291721419185,2677.2900390625,0.23114598816192183,0.0
^RUT,2026-12-31,2440.0,Call,0.0,0.0,393.89,2.0,10.0,0.03518291721419185,2677.2900390625,0.23114598816192183,0.0
^RUT,2026-12-31,2440.0,Put,120.5,129.2,118.13,,0.0,0.03518291721419185,2677.2900390625,0.23114598816192183,0.0
^RUT,2026-12-31,2450.0,Call,0.0,0.0,408.45,4.0,2.0,0.03518291721419185,2677.2900390625,0.23114598816192183,0.0
^RUT,2026-12-31,2450.0,Put,123.2,132.0,116.43,2.0,2.0,0.03518291721419185,2677.2900390625,0.23114598816192183,0.0
^RUT,2026-12-31,2460.0,Call,0.0,0.0,375.89,,1.0,0.03518291721419185,2677.2900390625,0.23114598816192183,0.0
^RUT,2026-12-31,2460.0,Put,126.3,135.9,117.93,,0.0,0.03518291721419185,2677.2900390625,0.23114598816192183,0.0
^RUT,2026-12-31,2470.0,Put,0.0,0.0,112.58,1.0,2.0,0.03518291721419185,2677.2900390625,0.23114598816192183,0.0
^RUT,2026-12-31,2480.0,Call,0.0,0.0,389.31,,1.0,0.03518291721419185,2677.2900390625,0.23114598816192183,0.0
^RUT,2026-12-31,2480.0,Put,0.0,0.0,133.9,200.0,201.0,0.03518291721419185,2677.2900390625,0.23114598816192183,0.0
^RUT,2026-12-31,2490.0,Put,0.0,0.0,117.18,,0.0,0.03518291721419185,2677.2900390625,0.23114598816192183,0.0
^RUT,2026-12-31,2500.0,Call,0.0,0.0,315.0,1.0,193.0,0.03518291721419185,2677.2900390625,0.23114598816192183,0.0
^RUT,2026-12-31,2500.0,Put,0.0,0.0,141.09,2.0,6.0,0.03518291721419185,2677.2900390625,0.23114598816192183,0.0
^RUT,2026-12-31,2510.0,Call,0.0,0.0,368.78,8.0,5.0,0.03518291721419185,2677.2900390625,0.23114598816192183,0.0
^RUT,2026-12-31,2520.0,Call,0.0,0.0,362.3,6.0,4.0,0.03518291721419185,2677.2900390625,0.23114598816192183,0.0
^RUT,2026-12-31,2530.0,Call,0.0,0.0,356.55,,2.0,0.03518291721419185,2677.2900390625,0.23114598816192183,0.0
^RUT,2026-12-31,2550.0,Call,0.0,0.0,312.59,2.0,7.0,0.03518291721419185,2677.2900390625,0.23114598816192183,0.0
^RUT,2026-12-31,2550.0,Put,0.0,0.0,172.98,2.0,0.0,0.03518291721419185,2677.2900390625,0.23114598816192183,0.0
^RUT,2026-12-31,2560.0,Call,0.0,0.0,333.51,,2.0,0.03518291721419185,2677.2900390625,0.23114598816192183,0.0
^RUT,2026-12-31,2570.0,Call,0.0,0.0,325.8,4.0,2.0,0.03518291721419185,2677.2900390625,0.23114598816192183,0.0
^RUT,2026-12-31,2580.0,Call,0.0,0.0,271.03,2.0,4.0,0.03518291721419185,2677.2900390625,0.23114598816192183,0.0
^RUT,2026-12-31,2590.0,Call,0.0,0.0,308.66,2.0,3.0,0.03518291721419185,2677.2900390625,0.23114598816192183,0.0
^RUT,2026-12-31,2600.0,Call,0.0,0.0,306.91,2.0,92.0,0.03518291721419185,2677.2900390625,0.23114598816192183,0.0
^RUT,2026-12-31,2600.0,Put,0.0,0.0,168.08,2.0,3.0,0.03518291721419185,2677.2900390625,0.23114598816192183,0.0
^RUT,2026-12-31,2610.0,Put,0.0,0.0,173.02,,1.0,0.03518291721419185,2677.2900390625,0.23114598816192183,0.0
^RUT,2026-12-31,2620.0,Call,0.0,0.0,260.85,2.0,10.0,0.03518291721419185,2677.2900390625,0.23114598816192183,0.0
^RUT,2026-12-31,2620.0,Put,0.0,0.0,175.17,,1.0,0.03518291721419185,2677.2900390625,0.23114598816192183,0.0
^RUT,2026-12-31,2630.0,Call,0.0,0.0,247.12,10.0,11.0,0.03518291721419185,2677.2900390625,0.23114598816192183,0.0
^RUT,2026-12-31,2630.0,Put,176.4,212.6,190.62,,0.0,0.03518291721419185,2677.2900390625,0.23114598816192183,0.0
^RUT,2026-12-31,2640.0,Call,0.0,0.0,241.0,220.0,55.0,0.03518291721419185,2677.2900390625,0.23114598816192183,0.0
^RUT,2026-12-31,2640.0,Put,0.0,0.0,186.73,1.0,1.0,0.03518291721419185,2677.2900390625,0.23114598816192183,0.0
^RUT,2026-12-31,2650.0,Call,0.0,0.0,258.94,4.0,68.0,0.03518291721419185,2677.2900390625,0.23114598816192183,0.0
^RUT,2026-12-31,2650.0,Put,0.0,0.0,190.68,1.0,66.0,0.03518291721419185,2677.2900390625,0.23114598816192183,0.0
^RUT,2026-12-31,2660.0,Call,0.0,0.0,251.94,2.0,121.0,0.03518291721419185,2677.2900390625,0.23114598816192183,0.0
^RUT,2026-12-31,2670.0,Call,245.0,269.0,220.78,,1.0,0.03518291721419185,2677.2900390625,0.23114598816192183,0.0
^RUT,2026-12-31,2670.0,Put,189.7,204.0,219.73,,1.0,0.03518291721419185,2677.2900390625,0.23114598816192183,0.0
^RUT,2026-12-31,2700.0,Call,0.0,0.0,235.14,4.0,64.0,0.03518291721419185,2677.2900390625,0.23114598816192183,0.0
^RUT,2026-12-31,2700.0,Put,0.0,0.0,235.65,16.0,6.0,0.03518291721419185,2677.2900390625,0.23114598816192183,0.0
^RUT,2026-12-31,2720.0,Call,0.0,0.0,205.94,1.0,1.0,0.03518291721419185,2677.2900390625,0.23114598816192183,0.0
^RUT,2026-12-31,2730.0,Call,0.0,0.0,213.6,163.0,135.0,0.03518291721419185,2677.2900390625,0.23114598816192183,0.0
^RUT,2026-12-31,2740.0,Call,0.0,0.0,208.19,2.0,1.0,0.03518291721419185,2677.2900390625,0.23114598816192183,0.0
^RUT,2026-12-31,2750.0,Call,0.0,0.0,201.04,1.0,4.0,0.03518291721419185,2677.2900390625,0.23114598816192183,0.0
^RUT,2026-12-31,2750.0,Put,0.0,0.0,225.96,,1.0,0.03518291721419185,2677.2900390625,0.23114598816192183,0.0
^RUT,2026-12-31,2760.0,Call,0.0,0.0,199.37,2.0,15.0,0.03518291721419185,2677.2900390625,0.23114598816192183,0.0
^RUT,2026-12-31,2770.0,Call,0.0,0.0,197.83,1.0,3.0,0.03518291721419185,2677.2900390625,0.23114598816192183,0.0
^RUT,2026-12-31,2780.0,Call,0.0,0.0,196.72,1.0,3.0,0.03518291721419185,2677.2900390625,0.23114598816192183,0.0
^RUT,2026-12-31,2790.0,Call,0.0,0.0,191.97,1.0,3.0,0.03518291721419185,2677.2900390625,0.23114598816192183,0.0
^RUT,2026-12-31,2790.0,Put,0.0,0.0,288.87,,1.0,0.03518291721419185,2677.2900390625,0.23114598816192183,0.0
^RUT,2026-12-31,2800.0,Call,0.0,0.0,179.13,2.0,4.0,0.03518291721419185,2677.2900390625,0.23114598816192183,0.0
^RUT,2026-12-31,2800.0,Put,0.0,0.0,261.97,2.0,4.0,0.03518291721419185,2677.2900390625,0.23114598816192183,0.0
^RUT,2026-12-31,2810.0,Call,0.0,0.0,179.34,3.0,1.0,0.03518291721419185,2677.2900390625,0.23114598816192183,0.0
^RUT,2026-12-31,2820.0,Call,0.0,0.0,177.9,2.0,1.0,0.03518291721419185,2677.2900390625,0.23114598816192183,0.0
^RUT,2026-12-31,2830.0,Call,0.0,0.0,184.53,2.0,1.0,0.03518291721419185,2677.2900390625,0.23114598816192183,0.0
^RUT,2026-12-31,2840.0,Call,0.0,0.0,185.15,2.0,0.0,0.03518291721419185,2677.2900390625,0.23114598816192183,0.0
^RUT,2026-12-31,2850.0,Call,0.0,0.0,189.18,1.0,1.0,0.03518291721419185,2677.2900390625,0.23114598816192183,0.0
^RUT,2026-12-31,2870.0,Call,154.4,168.0,143.1,,73.0,0.03518291721419185,2677.2900390625,0.23114598816192183,0.0
^RUT,2026-12-31,2900.0,Call,0.0,0.0,140.96,1.0,8.0,0.03518291721419185,2677.2900390625,0.23114598816192183,0.0
^RUT,2026-12-31,2900.0,Put,0.0,0.0,312.66,2.0,2.0,0.03518291721419185,2677.2900390625,0.23114598816192183,0.0
^RUT,2026-12-31,2930.0,Put,315.0,339.0,365.28,,2.0,0.03518291721419185,2677.2900390625,0.23114598816192183,0.0
^RUT,2026-12-31,2950.0,Call,0.0,0.0,127.94,79.0,66.0,0.03518291721419185,2677.2900390625,0.23114598816192183,0.0
^RUT,2026-12-31,3000.0,Call,0.0,0.0,108.62,4.0,169.0,0.03518291721419185,2677.2900390625,0.23114598816192183,0.0
^RUT,2026-12-31,3000.0,Put,0.0,0.0,378.65,6.0,4.0,0.03518291721419185,2677.2900390625,0.23114598816192183,0.0
^RUT,2026-12-31,3050.0,Call,0.0,0.0,89.88,2.0,4.0,0.03518291721419185,2677.2900390625,0.23114598816192183,0.0
^RUT,2026-12-31,3050.0,Put,0.0,0.0,397.52,2.0,2.0,0.03518291721419185,2677.2900390625,0.23114598816192183,0.0
^RUT,2026-12-31,3100.0,Call,71.6,80.7,76.56,1.0,16.0,0.03518291721419185,2677.2900390625,0.23114598816192183,0.0
^RUT,2026-12-31,3100.0,Put,0.0,0.0,448.01,4.0,4.0,0.03518291721419185,2677.2900390625,0.23114598816192183,0.0
^RUT,2026-12-31,3150.0,Call,60.5,69.4,66.65,1.0,24.0,0.03518291721419185,2677.2900390625,0.23114598816192183,0.0
^RUT,2026-12-31,3150.0,Put,0.0,0.0,485.1,2.0,2.0,0.03518291721419185,2677.2900390625,0.23114598816192183,0.0
^RUT,2026-12-31,3200.0,Call,50.9,59.5,56.9,2.0,29.0,0.03518291721419185,2677.2900390625,0.23114598816192183,0.0
^RUT,2026-12-31,3250.0,Call,42.6,51.0,51.0,2.0,2.0,0.03518291721419185,2677.2900390625,0.23114598816192183,0.0
^RUT,2026-12-31,3300.0,Call,35.4,43.7,40.57,20.0,28.0,0.03518291721419185,2677.2900390625,0.23114598816192183,0.0
^RUT,2026-12-31,3400.0,Call,24.1,32.2,34.76,2.0,9.0,0.03518291721419185,2677.2900390625,0.23114598816192183,0.0
^RUT,2026-12-31,3450.0,Call,20.1,27.7,28.24,1.0,56.0,0.03518291721419185,2677.2900390625,0.23114598816192183,0.0
^RUT,2026-12-31,3500.0,Call,16.6,24.0,20.26,1.0,113.0,0.03518291721419185,2677.2900390625,0.23114598816192183,0.0
^RUT,2026-12-31,3550.0,Call,14.0,20.9,18.06,2.0,9.0,0.03518291721419185,2677.2900390625,0.23114598816192183,0.0
^RUT,2026-12-31,3600.0,Call,11.4,18.3,17.02,4.0,29.0,0.03518291721419185,2677.2900390625,0.23114598816192183,0.0
^RUT,2026-12-31,3600.0,Put,844.0,868.0,920.87,,1.0,0.03518291721419185,2677.2900390625,0.23114598816192183,0.0
^RUT,2026-12-31,3650.0,Call,9.5,16.1,13.36,1.0,61.0,0.03518291721419185,2677.2900390625,0.23114598816192183,0.0
^RUT,2026-12-31,3700.0,Call,7.9,14.2,11.19,2.0,202.0,0.03518291721419185,2677.2900390625,0.23114598816192183,0.0
^RUT,2026-12-31,3700.0,Put,936.0,960.0,1015.54,1.0,3.0,0.03518291721419185,2677.2900390625,0.23114598816192183,0.0
^RUT,2027-06-17,1100.0,Put,8.6,13.4,10.24,2.0,819.0,0.03449962768287341,2677.2900390625,0.23114598816192183,0.0
^RUT,2027-06-17,1150.0,Put,9.1,13.4,10.1,,2.0,0.03449962768287341,2677.2900390625,0.23114598816192183,0.0
^RUT,2027-06-17,1200.0,Put,11.2,16.4,11.59,,1.0,0.03449962768287341,2677.2900390625,0.23114598816192183,0.0
^RUT,2027-06-17,1250.0,Put,16.1,21.6,15.1,,2.0,0.03449962768287341,2677.2900390625,0.23114598816192183,0.0
^RUT,2027-06-17,1350.0,Put,15.8,22.0,17.14,1.0,12.0,0.03449962768287341,2677.2900390625,0.23114598816192183,0.0
^RUT,2027-06-17,1400.0,Put,17.6,24.2,19.72,1.0,71.0,0.03449962768287341,2677.2900390625,0.23114598816192183,0.0
^RUT,2027-06-17,1450.0,Put,18.8,24.9,25.55,13.0,52.0,0.03449962768287341,2677.2900390625,0.23114598816192183,0.0
^RUT,2027-06-17,1500.0,Call,1169.0,1193.0,1106.21,,1.0,0.03449962768287341,2677.2900390625,0.23114598816192183,0.0
^RUT,2027-06-17,1500.0,Put,21.1,27.7,28.13,13.0,53.0,0.03449962768287341,2677.2900390625,0.23114598816192183,0.0
^RUT,2027-06-17,1550.0,Call,1126.0,1150.0,1052.0,1.0,2.0,0.03449962768287341,2677.2900390625,0.23114598816192183,0.0
^RUT,2027-06-17,1600.0,Put,37.0,46.0,51.2,,1.0,0.03449962768287341,2677.2900390625,0.23114598816192183,0.0
^RUT,2027-06-17,1700.0,Put,46.0,55.6,72.22,,750.0,0.03449962768287341,2677.2900390625,0.23114598816192183,0.0
^RUT,2027-06-17,1800.0,Put,42.3,50.8,47.1,1.0,753.0,0.03449962768287341,2677.2900390625,0.23114598816192183,0.0
^RUT,2027-06-17,1850.0,Put,76.0,86.0,70.9,1.0,1.0,0.03449962768287341,2677.2900390625,0.23114598816192183,0.0
^RUT,2027-06-17,1900.0,Put,55.1,60.9,84.8,1.0,2.0,0.03449962768287341,2677.2900390625,0.23114598816192183,0.0
^RUT,2027-06-17,2000.0,Put,64.6,74.1,63.05,29.0,153.0,0.03449962768287341,2677.2900390625,0.23114598816192183,0.0
^RUT,2027-06-17,2050.0,Call,0.0,0.0,704.74,2.0,2.0,0.03449962768287341,2677.2900390625,0.23114598816192183,0.0
^RUT,2027-06-17,2050.0,Put,71.6,81.5,72.51,2.0,15.0,0.03449962768287341,2677.2900390625,0.23114598816192183,0.0
^RUT,2027-06-17,2100.0,Put,79.4,89.4,86.44,1.0,39.0,0.03449962768287341,2677.2900390625,0.23114598816192183,0.0
^RUT,2027-06-17,2200.0,Call,0.0,0.0,638.46,4.0,4.0,0.03449962768287341,2677.2900390625,0.23114598816192183,0.0
^RUT,2027-06-17,2200.0,Put,97.2,107.7,93.31,2.0,43.0,0.03449962768287341,2677.2900390625,0.23114598816192183,0.0
^RUT,2027-06-17,2250.0,Call,518.4,536.4,476.0,3.0,2.0,0.03449962768287341,2677.2900390625,0.23114598816192183,0.0
^RUT,2027-06-17,2250.0,Put,107.4,118.1,102.86,2.0,21.0,0.03449962768287341,2677.2900390625,0.23114598816192183,0.0
^RUT,2027-06-17,2300.0,Call,396.0,420.0,302.8,4.0,4.0,0.03449962768287341,2677.2900390625,0.23114598816192183,0.0
^RUT,2027-06-17,2300.0,Put,118.6,129.4,116.35,1.0,20.0,0.03449962768287341,2677.2900390625,0.23114598816192183,0.0
^RUT,2027-06-17,2350.0,Call,0.0,0.0,527.65,2.0,1.0,0.03449962768287341,2677.2900390625,0.23114598816192183,0.0
^RUT,2027-06-17,2350.0,Put,130.8,141.7,133.7,100.0,123.0,0.03449962768287341,2677.2900390625,0.23114598816192183,0.0
^RUT,2027-06-17,2400.0,Call,0.0,0.0,483.73,2.0,69.0,0.03449962768287341,2677.2900390625,0.23114598816192183,0.0
^RUT,2027-06-17,2400.0,Put,143.9,155.1,148.39,2.0,14.0,0.03449962768287341,2677.2900390625,0.23114598816192183,0.0
^RUT,2027-06-17,2450.0,Call,0.0,0.0,435.87,,1.0,0.03449962768287341,2677.2900390625,0.23114598816192183,0.0
^RUT,2027-06-17,2450.0,Put,158.4,169.6,162.96,63.0,68.0,0.03449962768287341,2677.2900390625,0.23114598816192183,0.0
^RUT,2027-06-17,2500.0,Call,0.0,0.0,418.87,23.0,163.0,0.03449962768287341,2677.2900390625,0.23114598816192183,0.0
^RUT,2027-06-17,2500.0,Put,0.0,0.0,179.4,2.0,80.0,0.03449962768287341,2677.2900390625,0.23114598816192183,0.0
^RUT,2027-06-17,2550.0,Call,0.0,0.0,382.5,1.0,101.0,0.03449962768287341,2677.2900390625,0.23114598816192183,0.0
^RUT,2027-06-17,2550.0,Put,0.0,0.0,198.05,2.0,100.0,0.03449962768287341,2677.2900390625,0.23114598816192183,0.0
^RUT,2027-06-17,2600.0,Call,0.0,0.0,414.58,1.0,100.0,0.03449962768287341,2677.2900390625,0.23114598816192183,0.0
^RUT,2027-06-17,2600.0,Put,0.0,0.0,211.15,2.0,21.0,0.03449962768287341,2677.2900390625,0.23114598816192183,0.0
^RUT,2027-06-17,2650.0,Call,0.0,0.0,334.66,2.0,3.0,0.03449962768287341,2677.2900390625,0.23114598816192183,0.0
^RUT,2027-06-17,2650.0,Put,0.0,0.0,231.08,22.0,10.0,0.03449962768287341,2677.2900390625,0.23114598816192183,0.0
^RUT,2027-06-17,2700.0,Call,0.0,0.0,267.17,2.0,99.0,0.03449962768287341,2677.2900390625,0.23114598816192183,0.0
^RUT,2027-06-17,2700.0,Put,0.0,0.0,258.22,4.0,53.0,0.03449962768287341,2677.2900390625,0.23114598816192183,0.0
^RUT,2027-06-17,2750.0,Call,0.0,0.0,278.1,2.0,50.0,0.03449962768287341,2677.2900390625,0.23114598816192183,0.0
^RUT,2027-06-17,2750.0,Put,0.0,0.0,267.5,,1.0,0.03449962768287341,2677.2900390625,0.23114598816192183,0.0
^RUT,2027-06-17,2800.0,Call,0.0,0.0,252.88,23.0,28.0,0.03449962768287341,2677.2900390625,0.23114598816192183,0.0
^RUT,2027-06-17,2800.0,Put,0.0,0.0,303.61,2.0,108.0,0.03449962768287341,2677.2900390625,0.23114598816192183,0.0
^RUT,2027-06-17,2850.0,Call,0.0,0.0,220.6,1.0,3.0,0.03449962768287341,2677.2900390625,0.23114598816192183,0.0
^RUT,2027-06-17,2850.0,Put,0.0,0.0,322.02,63.0,58.0,0.03449962768287341,2677.2900390625,0.23114598816192183,0.0
^RUT,2027-06-17,2900.0,Call,174.1,228.7,193.45,2.0,0.0,0.03449962768287341,2677.2900390625,0.23114598816192183,0.0
^RUT,2027-06-17,2900.0,Put,0.0,0.0,347.09,2.0,11.0,0.03449962768287341,2677.2900390625,0.23114598816192183,0.0
^RUT,2027-06-17,2950.0,Call,184.1,200.0,167.5,,14.0,0.03449962768287341,2677.2900390625,0.23114598816192183,0.0
^RUT,2027-06-17,2950.0,Put,0.0,0.0,375.2,,11.0,0.03449962768287341,2677.2900390625,0.23114598816192183,0.0
^RUT,2027-06-17,3000.0,Call,149.0,165.0,133.02,,14.0,0.03449962768287341,2677.2900390625,0.23114598816192183,0.0
^RUT,2027-06-17,3000.0,Put,0.0,0.0,432.78,2.0,1.0,0.03449962768287341,2677.2900390625,0.23114598816192183,0.0
^RUT,2027-06-17,3100.0,Call,89.2,97.6,94.26,1.0,2.0,0.03449962768287341,2677.2900390625,0.23114598816192183,0.0
^RUT,2027-06-17,3150.0,Call,0.0,0.0,116.13,2.0,143.0,0.03449962768287341,2677.2900390625,0.23114598816192183,0.0
^RUT,2027-12-17,1200.0,Call,1295.0,1319.0,1121.0,1.0,6.0,0.033998642137538324,2677.2900390625,0.23114598816192183,0.0
^RUT,2027-12-17,1200.0,Put,16.2,23.2,19.09,67.0,385.0,0.033998642137538324,2677.2900390625,0.23114598816192183,0.0
^RUT,2027-12-17,1250.0,Call,1251.0,1275.0,1079.0,,3.0,0.033998642137538324,2677.2900390625,0.23114598816192183,0.0
^RUT,2027-12-17,1250.0,Put,18.2,25.6,21.08,2.0,37.0,0.033998642137538324,2677.2900390625,0.23114598816192183,0.0
^RUT,2027-12-17,1300.0,Call,1208.0,1232.0,1037.0,,3.0,0.033998642137538324,2677.2900390625,0.23114598816192183,0.0
^RUT,2027-12-17,1300.0,Put,27.7,36.0,30.4,2.0,21.0,0.033998642137538324,2677.2900390625,0.23114598816192183,0.0
^RUT,2027-12-17,1350.0,Call,1165.0,1189.0,996.0,,2.0,0.033998642137538324,2677.2900390625,0.23114598816192183,0.0
^RUT,2027-12-17,1350.0,Put,21.9,29.5,27.82,50.0,59.0,0.033998642137538324,2677.2900390625,0.23114598816192183,0.0
^RUT,2027-12-17,1400.0,Call,754.0,778.0,668.0,1.0,0.0,0.033998642137538324,2677.2900390625,0.23114598816192183,0.0
^RUT,2027-12-17,1400.0,Put,38.0,48.0,36.0,42.0,147.0,0.033998642137538324,2677.2900390625,0.23114598816192183,0.0
^RUT,2027-12-17,1450.0,Put,42.0,52.0,40.1,12.0,219.0,0.033998642137538324,2677.2900390625,0.23114598816192183,0.0
^RUT,2027-12-17,1500.0,Put,31.4,40.6,34.43,33.0,1126.0,0.033998642137538324,2677.2900390625,0.23114598816192183,0.0
^RUT,2027-12-17,1550.0,Put,35.0,44.4,41.7,1.0,28.0,0.033998642137538324,2677.2900390625,0.23114598816192183,0.0
^RUT,2027-12-17,1600.0,Call,619.0,643.0,855.1,,1.0,0.033998642137538324,2677.2900390625,0.23114598816192183,0.0
^RUT,2027-12-17,1600.0,Put,38.9,48.6,42.16,1.0,1020.0,0.033998642137538324,2677.2900390625,0.23114598816192183,0.0
^RUT,2027-12-17,1650.0,Call,915.0,939.0,682.0,3.0,1.0,0.033998642137538324,2677.2900390625,0.23114598816192183,0.0
^RUT,2027-12-17,1650.0,Put,43.1,53.1,45.5,1.0,1455.0,0.033998642137538324,2677.2900390625,0.23114598816192183,0.0
^RUT,2027-12-17,1700.0,Call,624.0,648.0,530.1,,5.0,0.033998642137538324,2677.2900390625,0.23114598816192183,0.0
^RUT,2027-12-17,1700.0,Put,47.8,58.3,52.62,2.0,1677.0,0.033998642137538324,2677.2900390625,0.23114598816192183,0.0
^RUT,2027-12-17,1750.0,Call,558.0,582.0,492.2,,4.0,0.033998642137538324,2677.2900390625,0.23114598816192183,0.0
^RUT,2027-12-17,1750.0,Put,52.9,63.6,57.9,1.0,1449.0,0.033998642137538324,2677.2900390625,0.23114598816192183,0.0
^RUT,2027-12-17,1800.0,Call,796.0,820.0,572.27,5.0,11.0,0.033998642137538324,2677.2900390625,0.23114598816192183,0.0
^RUT,2027-12-17,1800.0,Put,58.4,69.1,63.64,1.0,1709.0,0.033998642137538324,2677.2900390625,0.23114598816192183,0.0
^RUT,2027-12-17,1850.0,Call,521.0,545.0,437.1,2.0,658.0,0.033998642137538324,2677.2900390625,0.23114598816192183,0.0
^RUT,2027-12-17,1850.0,Put,64.4,75.4,68.0,1.0,1702.0,0.033998642137538324,2677.2900390625,0.23114598816192183,0.0
^RUT,2027-12-17,1900.0,Call,719.0,743.0,662.58,11.0,25.0,0.033998642137538324,2677.2900390625,0.23114598816192183,0.0
^RUT,2027-12-17,1900.0,Put,71.2,81.0,83.0,600.0,1882.0,0.033998642137538324,2677.2900390625,0.23114598816192183,0.0
^RUT,2027-12-17,1950.0,Call,783.7,807.0,664.94,2.0,2.0,0.033998642137538324,2677.2900390625,0.23114598816192183,0.0
^RUT,2027-12-17,1950.0,Put,79.0,88.0,89.5,9.0,324.0,0.033998642137538324,2677.2900390625,0.23114598816192183,0.0
^RUT,2027-12-17,2000.0,Call,783.0,807.0,697.36,6.0,7.0,0.033998642137538324,2677.2900390625,0.23114598816192183,0.0
^RUT,2027-12-17,2000.0,Put,85.8,97.8,88.8,10.0,2914.0,0.033998642137538324,2677.2900390625,0.23114598816192183,0.0
^RUT,2027-12-17,2050.0,Put,95.0,105.0,107.7,40.0,107.0,0.033998642137538324,2677.2900390625,0.23114598816192183,0.0
^RUT,2027-12-17,2100.0,Call,669.0,693.0,562.14,2.0,257.0,0.033998642137538324,2677.2900390625,0.23114598816192183,0.0
^RUT,2027-12-17,2100.0,Put,103.4,115.8,117.0,1.0,270.0,0.033998642137538324,2677.2900390625,0.23114598816192183,0.0
^RUT,2027-12-17,2150.0,Call,541.0,565.0,357.6,6.0,6.0,0.033998642137538324,2677.2900390625,0.23114598816192183,0.0
^RUT,2027-12-17,2150.0,Put,113.3,125.7,122.8,5.0,192.0,0.033998642137538324,2677.2900390625,0.23114598816192183,0.0
^RUT,2027-12-17,2200.0,Call,509.0,533.0,331.5,7.0,387.0,0.033998642137538324,2677.2900390625,0.23114598816192183,0.0
^RUT,2027-12-17,2200.0,Put,123.8,136.6,130.3,30.0,1453.0,0.033998642137538324,2677.2900390625,0.23114598816192183,0.0
^RUT,2027-12-17,2250.0,Call,477.0,501.0,400.23,1.0,7.0,0.033998642137538324,2677.2900390625,0.23114598816192183,0.0
^RUT,2027-12-17,2250.0,Put,135.3,148.1,149.34,50.0,77.0,0.033998642137538324,2677.2900390625,0.23114598816192183,0.0
^RUT,2027-12-17,2300.0,Call,0.0,0.0,600.0,1.0,304.0,0.033998642137538324,2677.2900390625,0.23114598816192183,0.0
^RUT,2027-12-17,2300.0,Put,147.5,160.7,139.29,45.0,144.0,0.033998642137538324,2677.2900390625,0.23114598816192183,0.0
^RUT,2027-12-17,2350.0,Put,194.0,210.0,191.1,6.0,14.0,0.033998642137538324,2677.2900390625,0.23114598816192183,0.0
^RUT,2027-12-17,2400.0,Call,0.0,0.0,564.48,2.0,876.0,0.033998642137538324,2677.2900390625,0.23114598816192183,0.0
^RUT,2027-12-17,2400.0,Put,174.8,188.3,177.08,2.0,1001.0,0.033998642137538324,2677.2900390625,0.23114598816192183,0.0
^RUT,2027-12-17,2450.0,Call,375.0,399.0,362.0,1.0,251.0,0.033998642137538324,2677.2900390625,0.23114598816192183,0.0
^RUT,2027-12-17,2450.0,Put,196.7,205.5,247.51,1.0,269.0,0.033998642137538324,2677.2900390625,0.23114598816192183,0.0
^RUT,2027-12-17,2500.0,Call,473.0,497.0,452.61,2.0,61.0,0.033998642137538324,2677.2900390625,0.23114598816192183,0.0
^RUT,2027-12-17,2500.0,Put,0.0,0.0,228.0,1.0,103.0,0.033998642137538324,2677.2900390625,0.23114598816192183,0.0
^RUT,2027-12-17,2550.0,Call,141.0,157.0,94.0,,1.0,0.033998642137538324,2677.2900390625,0.23114598816192183,0.0
^RUT,2027-12-17,2550.0,Put,221.1,244.0,255.0,76.0,443.0,0.033998642137538324,2677.2900390625,0.23114598816192183,0.0
^RUT,2027-12-17,2600.0,Call,0.0,0.0,400.64,1.0,269.0,0.033998642137538324,2677.2900390625,0.23114598816192183,0.0
^RUT,2027-12-17,2600.0,Put,0.0,0.0,242.19,2.0,105.0,0.033998642137538324,2677.2900390625,0.23114598816192183,0.0
^RUT,2027-12-17,2650.0,Call,0.0,0.0,423.0,11.0,34.0,0.033998642137538324,2677.2900390625,0.23114598816192183,0.0
^RUT,2027-12-17,2650.0,Put,0.0,0.0,253.75,30.0,31.0,0.033998642137538324,2677.2900390625,0.23114598816192183,0.0
^RUT,2027-12-17,2700.0,Call,0.0,0.0,420.84,4.0,1247.0,0.033998642137538324,2677.2900390625,0.23114598816192183,0.0
^RUT,2027-12-17,2700.0,Put,0.0,0.0,250.09,4.0,531.0,0.033998642137538324,2677.2900390625,0.23114598816192183,0.0
^RUT,2027-12-17,2750.0,Call,0.0,0.0,314.5,4.0,27.0,0.033998642137538324,2677.2900390625,0.23114598816192183,0.0
^RUT,2027-12-17,2750.0,Put,0.0,0.0,316.5,4.0,4.0,0.033998642137538324,2677.2900390625,0.23114598816192183,0.0
^RUT,2027-12-17,2800.0,Call,0.0,0.0,307.27,3.0,391.0,0.033998642137538324,2677.2900390625,0.23114598816192183,0.0
^RUT,2027-12-17,2800.0,Put,642.0,666.0,885.0,,1.0,0.033998642137538324,2677.2900390625,0.23114598816192183,0.0
^RUT,2027-12-17,2850.0,Call,261.0,285.0,228.43,50.0,61.0,0.033998642137538324,2677.2900390625,0.23114598816192183,0.0
^RUT,2027-12-17,2850.0,Put,425.0,449.0,501.91,,2.0,0.033998642137538324,2677.2900390625,0.23114598816192183,0.0
^RUT,2027-12-17,2900.0,Call,0.0,0.0,254.6,1.0,852.0,0.033998642137538324,2677.2900390625,0.23114598816192183,0.0
^RUT,2027-12-17,2900.0,Put,455.0,479.0,534.1,,1.0,0.033998642137538324,2677.2900390625,0.23114598816192183,0.0
^RUT,2027-12-17,2950.0,Call,0.0,0.0,152.5,1.0,1.0,0.033998642137538324,2677.2900390625,0.23114598816192183,0.0
^RUT,2027-12-17,3000.0,Call,0.0,0.0,236.63,1.0,177.0,0.033998642137538324,2677.2900390625,0.23114598816192183,0.0
^RUT,2027-12-17,3000.0,Put,432.0,456.0,489.66,6.0,8.0,0.033998642137538324,2677.2900390625,0.23114598816192183,0.0
^RUT,2027-12-17,3100.0,Call,0.0,0.0,182.29,1.0,15.0,0.033998642137538324,2677.2900390625,0.23114598816192183,0.0
^RUT,2027-12-17,3100.0,Put,584.0,608.0,723.0,,1.0,0.033998642137538324,2677.2900390625,0.23114598816192183,0.0
^RUT,2027-12-17,3150.0,Put,912.0,936.0,1137.0,,1.0,0.033998642137538324,2677.2900390625,0.23114598816192183,0.0
^RUT,2027-12-17,3200.0,Call,0.0,0.0,143.84,1.0,261.0,0.033998642137538324,2677.2900390625,0.23114598816192183,0.0
^RUT,2027-12-17,3200.0,Put,953.0,977.0,1180.0,1.0,2.0,0.033998642137538324,2677.2900390625,0.23114598816192183,0.0
^RUT,2027-12-17,3250.0,Call,0.0,0.0,133.0,3.0,32.0,0.033998642137538324,2677.2900390625,0.23114598816192183,0.0
^RUT,2027-12-17,3300.0,Call,119.0,135.0,125.0,1.0,461.0,0.033998642137538324,2677.2900390625,0.23114598816192183,0.0
^RUT,2027-12-17,3300.0,Put,1036.0,1060.0,1123.0,,2.0,0.033998642137538324,2677.2900390625,0.23114598816192183,0.0
^RUT,2027-12-17,3350.0,Call,94.5,103.3,89.5,1.0,2.0,0.033998642137538324,2677.2900390625,0.23114598816192183,0.0
^RUT,2027-12-17,3350.0,Put,1078.0,1102.0,1234.0,,6.0,0.033998642137538324,2677.2900390625,0.23114598816192183,0.0
^RUT,2027-12-17,3400.0,Call,27.0,34.7,30.0,,1.0,0.033998642137538324,2677.2900390625,0.23114598816192183,0.0
^RUT,2027-12-17,3400.0,Put,1034.0,1046.6,1304.0,,4.0,0.033998642137538324,2677.2900390625,0.23114598816192183,0.0
^RUT,2027-12-17,3450.0,Call,70.0,78.2,53.0,1.0,22.0,0.033998642137538324,2677.2900390625,0.23114598816192183,0.0
^RUT,2027-12-17,3450.0,Put,1163.0,1187.0,1443.1,2.0,14.0,0.033998642137538324,2677.2900390625,0.23114598816192183,0.0
^RUT,2027-12-17,3500.0,Call,82.1,95.5,88.0,2.0,32.0,0.033998642137538324,2677.2900390625,0.23114598816192183,0.0
^RUT,2027-12-17,3500.0,Put,1138.0,1162.0,1193.9,4.0,30.0,0.033998642137538324,2677.2900390625,0.23114598816192183,0.0
^RUT,2027-12-17,3550.0,Call,74.1,87.2,73.67,1.0,33.0,0.033998642137538324,2677.2900390625,0.23114598816192183,0.0
^RUT,2027-12-17,3550.0,Put,928.0,952.0,1085.0,1.0,4.0,0.033998642137538324,2677.2900390625,0.23114598816192183,0.0
^RUT,2027-12-17,3600.0,Call,66.7,79.7,66.72,1.0,105.0,0.033998642137538324,2677.2900390625,0.23114598816192183,0.0
^RUT,2027-12-17,3600.0,Put,969.0,993.0,1201.28,6.0,34.0,0.033998642137538324,2677.2900390625,0.23114598816192183,0.0
^RUT,2028-12-15,1300.0,Call,0.0,0.0,1445.07,,10.0,0.03387978537012702,2677.2900390625,0.23114598816192183,0.0
^RUT,2028-12-15,1300.0,Put,0.0,0.0,36.2,1.0,707.0,0.03387978537012702,2677.2900390625,0.23114598816192183,0.0
^RUT,2028-12-15,1350.0,Call,0.0,0.0,1403.92,,10.0,0.03387978537012702,2677.2900390625,0.23114598816192183,0.0
^RUT,2028-12-15,1400.0,Call,0.0,0.0,1362.92,,10.0,0.03387978537012702,2677.2900390625,0.23114598816192183,0.0
^RUT,2028-12-15,1450.0,Call,0.0,0.0,1322.07,,10.0,0.03387978537012702,2677.2900390625,0.23114598816192183,0.0
^RUT,2028-12-15,1750.0,Put,0.0,0.0,81.67,75.0,78.0,0.03387978537012702,2677.2900390625,0.23114598816192183,0.0
^RUT,2028-12-15,1800.0,Put,0.0,0.0,79.0,1.0,899.0,0.03387978537012702,2677.2900390625,0.23114598816192183,0.0
^RUT,2028-12-15,1850.0,Put,0.0,0.0,97.0,35.0,41.0,0.03387978537012702,2677.2900390625,0.23114598816192183,0.0
^RUT,2028-12-15,1950.0,Put,102.0,118.0,115.0,3.0,403.0,0.03387978537012702,2677.2900390625,0.23114598816192183,0.0
^RUT,2028-12-15,2000.0,Put,111.0,127.0,113.5,,354.0,0.03387978537012702,2677.2900390625,0.23114598816192183,0.0
^RUT,2028-12-15,2050.0,Put,121.0,137.0,135.7,1.0,76.0,0.03387978537012702,2677.2900390625,0.23114598816192183,0.0
^RUT,2028-12-15,2100.0,Put,0.0,0.0,141.9,,175.0,0.03387978537012702,2677.2900390625,0.23114598816192183,0.0
^RUT,2028-12-15,2300.0,Put,0.0,0.0,194.0,,15.0,0.03387978537012702,2677.2900390625,0.23114598816192183,0.0
^RUT,2028-12-15,2350.0,Put,0.0,0.0,191.9,,6.0,0.03387978537012702,2677.2900390625,0.23114598816192183,0.0
^RUT,2028-12-15,2500.0,Put,0.0,0.0,247.35,,45.0,0.03387978537012702,2677.2900390625,0.23114598816192183,0.0
^RUT,2028-12-15,2700.0,Put,0.0,0.0,297.22,4.0,200.0,0.03387978537012702,2677.2900390625,0.23114598816192183,0.0
^RUT,2028-12-15,2800.0,Call,0.0,0.0,411.48,3.0,330.0,0.03387978537012702,2677.2900390625,0.23114598816192183,0.0
^RUT,2028-12-15,2800.0,Put,0.0,0.0,372.38,4.0,104.0,0.03387978537012702,2677.2900390625,0.23114598816192183,0.0
^RUT,2028-12-15,2850.0,Put,0.0,0.0,394.58,4.0,0.0,0.03387978537012702,2677.2900390625,0.23114598816192183,0.0
^RUT,2028-12-15,3150.0,Put,536.0,560.0,592.0,,4.0,0.03387978537012702,2677.2900390625,0.23114598816192183,0.0
^RUT,2028-12-15,3500.0,Call,172.0,188.0,110.0,1.0,1.0,0.03387978537012702,2677.2900390625,0.23114598816192183,0.0
^VIX,2026-03-03,10.0,Call,8.17,12.83,10.0,1.0,6.0,0.037573718791064394,18.6299991607666,1.36760414697634,0.0
^VIX,2026-03-03,11.0,Put,0.0,0.01,0.01,21.0,106.0,0.037573718791064394,18.6299991607666,1.36760414697634,0.0
^VIX,2026-03-03,12.0,Call,6.17,10.83,9.23,,1.0,0.037573718791064394,18.6299991607666,1.36760414697634,0.0
^VIX,2026-03-03,12.0,Put,0.0,0.02,0.01,1.0,5006.0,0.037573718791064394,18.6299991607666,1.36760414697634,0.0
^VIX,2026-03-03,13.0,Call,5.35,9.84,6.13,,1.0,0.037573718791064394,18.6299991607666,1.36760414697634,0.0
^VIX,2026-03-03,13.5,Call,4.71,8.69,6.02,5.0,6.0,0.037573718791064394,18.6299991607666,1.36760414697634,0.0
^VIX,2026-03-03,14.0,Call,4.21,8.19,5.45,115.0,134.0,0.037573718791064394,18.6299991607666,1.36760414697634,0.0
^VIX,2026-03-03,14.0,Put,0.0,0.04,0.02,5.0,34.0,0.037573718791064394,18.6299991607666,1.36760414697634,0.0
^VIX,2026-03-03,14.5,Call,4.43,8.34,5.7,23.0,25.0,0.037573718791064394,18.6299991607666,1.36760414697634,0.0
^VIX,2026-03-03,14.5,Put,0.0,0.04,0.01,1.0,1041.0,0.037573718791064394,18.6299991607666,1.36760414697634,0.0
^VIX,2026-03-03,15.0,Call,4.18,7.83,4.57,14.0,191.0,0.037573718791064394,18.6299991607666,1.36760414697634,0.0
^VIX,2026-03-03,15.0,Put,0.0,0.04,0.01,321.0,680.0,0.037573718791064394,18.6299991607666,1.36760414697634,0.0
^VIX,2026-03-03,16.0,Call,2.93,5.18,3.41,446.0,2276.0,0.037573718791064394,18.6299991607666,1.36760414697634,0.0
^VIX,2026-03-03,16.0,Put,0.0,0.05,0.02,179.0,1325.0,0.037573718791064394,18.6299991607666,1.36760414697634,0.0
^VIX,2026-03-03,17.0,Call,1.94,4.41,2.3,218.0,732.0,0.037573718791064394,18.6299991607666,1.36760414697634,0.0
^VIX,2026-03-03,17.0,Put,0.01,0.09,0.07,3253.0,3257.0,0.037573718791064394,18.6299991607666,1.36760414697634,0.0
^VIX,2026-03-03,18.0,Call,1.13,3.6,1.72,1959.0,2188.0,0.037573718791064394,18.6299991607666,1.36760414697634,0.0
^VIX,2026-03-03,18.0,Put,0.05,0.31,0.26,4609.0,5518.0,0.037573718791064394,18.6299991607666,1.36760414697634,0.0
^VIX,2026-03-03,19.0,Call,0.87,2.29,1.71,7.0,8973.0,0.037573718791064394,18.6299991607666,1.36760414697634,0.0
^VIX,2026-03-03,19.0,Put,0.11,0.76,0.76,2552.0,2558.0,0.037573718791064394,18.6299991607666,1.36760414697634,0.0
^VIX,2026-03-03,20.0,Call,0.5,1.85,0.9,5301.0,18366.0,0.037573718791064394,18.6299991607666,1.36760414697634,0.0
^VIX,2026-03-03,20.0,Put,0.51,1.68,1.45,2479.0,2756.0,0.037573718791064394,18.6299991607666,1.36760414697634,0.0
^VIX,2026-03-03,21.0,Call,0.42,1.56,0.62,1828.0,3097.0,0.037573718791064394,18.6299991607666,1.36760414697634,0.0
^VIX,2026-03-03,21.0,Put,1.01,2.2,2.23,310.0,614.0,0.037573718791064394,18.6299991607666,1.36760414697634,0.0
^VIX,2026-03-03,22.0,Call,0.36,1.46,0.48,2710.0,5076.0,0.037573718791064394,18.6299991607666,1.36760414697634,0.0
^VIX,2026-03-03,22.0,Put,1.34,3.7,2.8,244.0,716.0,0.037573718791064394,18.6299991607666,1.36760414697634,0.0
^VIX,2026-03-03,23.0,Call,0.33,1.19,0.38,1621.0,5186.0,0.037573718791064394,18.6299991607666,1.36760414697634,0.0
^VIX,2026-03-03,23.0,Put,2.23,4.72,3.96,133.0,323.0,0.037573718791064394,18.6299991607666,1.36760414697634,0.0
^VIX,2026-03-03,24.0,Call,0.31,0.89,0.28,2302.0,2799.0,0.037573718791064394,18.6299991607666,1.36760414697634,0.0
^VIX,2026-03-03,24.0,Put,3.14,5.89,4.65,112.0,143.0,0.037573718791064394,18.6299991607666,1.36760414697634,0.0
^VIX,2026-03-03,25.0,Call,0.26,0.78,0.25,2423.0,9675.0,0.037573718791064394,18.6299991607666,1.36760414697634,0.0
^VIX,2026-03-03,25.0,Put,4.06,6.95,5.33,10.0,125.0,0.037573718791064394,18.6299991607666,1.36760414697634,0.0
^VIX,2026-03-03,26.0,Call,0.2,0.66,0.21,349.0,632.0,0.037573718791064394,18.6299991607666,1.36760414697634,0.0
^VIX,2026-03-03,26.0,Put,4.21,7.72,5.86,25.0,59.0,0.037573718791064394,18.6299991607666,1.36760414697634,0.0
^VIX,2026-03-03,27.0,Call,0.06,0.57,0.18,961.0,1732.0,0.037573718791064394,18.6299991607666,1.36760414697634,0.0
^VIX,2026-03-03,27.0,Put,5.35,8.93,8.15,16.0,82.0,0.037573718791064394,18.6299991607666,1.36760414697634,0.0
^VIX,2026-03-03,28.0,Call,0.04,0.5,0.16,2446.0,3434.0,0.037573718791064394,18.6299991607666,1.36760414697634,0.0
^VIX,2026-03-03,28.0,Put,5.62,9.82,8.8,12.0,123.0,0.037573718791064394,18.6299991607666,1.36760414697634,0.0
^VIX,2026-03-03,29.0,Call,0.0,0.43,0.12,2942.0,3164.0,0.037573718791064394,18.6299991607666,1.36760414697634,0.0
^VIX,2026-03-03,29.0,Put,6.42,10.67,9.69,1.0,41.0,0.037573718791064394,18.6299991607666,1.36760414697634,0.0
^VIX,2026-03-03,30.0,Call,0.0,0.31,0.12,1209.0,5300.0,0.037573718791064394,18.6299991607666,1.36760414697634,0.0
^VIX,2026-03-03,30.0,Put,7.62,11.95,10.25,1.0,41.0,0.037573718791064394,18.6299991607666,1.36760414697634,0.0
^VIX,2026-03-03,31.0,Call,0.0,0.35,0.12,176.0,1280.0,0.037573718791064394,18.6299991607666,1.36760414697634,0.0
^VIX,2026-03-03,32.0,Call,0.0,0.31,0.14,6.0,799.0,0.037573718791064394,18.6299991607666,1.36760414697634,0.0
^VIX,2026-03-03,32.0,Put,9.51,13.93,11.94,12.0,13.0,0.037573718791064394,18.6299991607666,1.36760414697634,0.0
^VIX,2026-03-03,33.0,Call,0.0,0.28,0.06,14.0,238.0,0.037573718791064394,18.6299991607666,1.36760414697634,0.0
^VIX,2026-03-03,34.0,Call,0.0,0.26,0.1,107.0,246.0,0.037573718791064394,18.6299991607666,1.36760414697634,0.0
^VIX,2026-03-03,34.0,Put,11.49,15.96,13.99,60.0,61.0,0.037573718791064394,18.6299991607666,1.36760414697634,0.0
^VIX,2026-03-03,35.0,Call,0.0,0.24,0.07,510.0,1282.0,0.037573718791064394,18.6299991607666,1.36760414697634,0.0
^VIX,2026-03-03,36.0,Call,0.0,0.22,0.07,41.0,6548.0,0.037573718791064394,18.6299991607666,1.36760414697634,0.0
^VIX,2026-03-03,36.0,Put,13.19,17.67,15.93,42.0,190.0,0.037573718791064394,18.6299991607666,1.36760414697634,0.0
^VIX,2026-03-03,37.0,Call,0.0,0.2,0.09,4.0,270.0,0.037573718791064394,18.6299991607666,1.36760414697634,0.0
^VIX,2026-03-03,37.0,Put,14.17,18.67,17.15,3.0,53.0,0.037573718791064394,18.6299991607666,1.36760414697634,0.0
^VIX,2026-03-03,38.0,Call,0.0,0.19,0.11,13.0,291.0,0.037573718791064394,18.6299991607666,1.36760414697634,0.0
^VIX,2026-03-03,38.0,Put,15.16,19.67,17.51,,49.0,0.037573718791064394,18.6299991607666,1.36760414697634,0.0
^VIX,2026-03-03,39.0,Call,0.0,0.18,0.07,8.0,410.0,0.037573718791064394,18.6299991607666,1.36760414697634,0.0
^VIX,2026-03-03,39.0,Put,16.14,20.67,19.15,7.0,81.0,0.037573718791064394,18.6299991607666,1.36760414697634,0.0
^VIX,2026-03-03,40.0,Call,0.04,0.17,0.06,2463.0,10618.0,0.037573718791064394,18.6299991607666,1.36760414697634,0.0
^VIX,2026-03-03,40.0,Put,17.12,21.67,18.91,49.0,224.0,0.037573718791064394,18.6299991607666,1.36760414697634,0.0
^VIX,2026-03-03,42.5,Call,0.0,0.15,0.04,19.0,922.0,0.037573718791064394,18.6299991607666,1.36760414697634,0.0
^VIX,2026-03-03,42.5,Put,19.61,24.17,21.65,10.0,12.0,0.037573718791064394,18.6299991607666,1.36760414697634,0.0
^VIX,2026-03-03,45.0,Call,0.0,0.13,0.03,34.0,715.0,0.037573718791064394,18.6299991607666,1.36760414697634,0.0
^VIX,2026-03-03,45.0,Put,22.09,26.66,24.72,1.0,0.0,0.037573718791064394,18.6299991607666,1.36760414697634,0.0
^VIX,2026-03-03,47.5,Call,0.0,0.11,0.06,54.0,174.0,0.037573718791064394,18.6299991607666,1.36760414697634,0.0
^VIX,2026-03-03,50.0,Call,0.0,0.1,0.02,71.0,19813.0,0.037573718791064394,18.6299991607666,1.36760414697634,0.0
^VIX,2026-03-03,50.0,Put,27.06,31.66,30.48,10.0,51.0,0.037573718791064394,18.6299991607666,1.36760414697634,0.0
^VIX,2026-03-03,55.0,Call,0.0,0.08,0.02,35.0,1601.0,0.037573718791064394,18.6299991607666,1.36760414697634,0.0
^VIX,2026-03-03,60.0,Call,0.0,0.07,0.01,762.0,1960.0,0.037573718791064394,18.6299991607666,1.36760414697634,0.0
^VIX,2026-03-03,65.0,Call,0.0,0.07,0.03,1.0,105.0,0.037573718791064394,18.6299991607666,1.36760414697634,0.0
^VIX,2026-03-03,65.0,Put,42.02,46.66,44.6,1.0,5.0,0.037573718791064394,18.6299991607666,1.36760414697634,0.0
^VIX,2026-03-03,70.0,Call,0.0,0.06,0.03,1.0,702.0,0.037573718791064394,18.6299991607666,1.36760414697634,0.0
^VIX,2026-03-03,75.0,Call,0.0,0.05,0.01,17.0,281.0,0.037573718791064394,18.6299991607666,1.36760414697634,0.0
^VIX,2026-03-03,80.0,Call,0.0,0.05,0.01,100.0,543.0,0.037573718791064394,18.6299991607666,1.36760414697634,0.0
^VIX,2026-03-03,85.0,Call,0.0,0.05,0.02,10.0,13.0,0.037573718791064394,18.6299991607666,1.36760414697634,0.0
^VIX,2026-03-03,90.0,Call,0.0,0.05,0.02,20.0,51.0,0.037573718791064394,18.6299991607666,1.36760414697634,0.0
^VIX,2026-03-03,90.0,Put,67.01,71.67,69.52,,2.0,0.037573718791064394,18.6299991607666,1.36760414697634,0.0
^VIX,2026-03-03,95.0,Call,0.0,0.05,0.02,,5.0,0.037573718791064394,18.6299991607666,1.36760414697634,0.0
^VIX,2026-03-03,100.0,Call,0.0,0.04,0.02,1.0,17.0,0.037573718791064394,18.6299991607666,1.36760414697634,0.0
^VIX,2026-03-03,100.0,Put,77.01,81.67,80.41,10.0,50.0,0.037573718791064394,18.6299991607666,1.36760414697634,0.0
^VIX,2026-03-11,12.0,Put,0.0,0.04,0.02,,1000.0,0.03752115637319317,18.6299991607666,1.36760414697634,0.0
^VIX,2026-03-11,12.5,Put,0.0,0.04,0.01,,700.0,0.03752115637319317,18.6299991607666,1.36760414697634,0.0
^VIX,2026-03-11,13.0,Put,0.0,0.04,0.01,,1000.0,0.03752115637319317,18.6299991607666,1.36760414697634,0.0
^VIX,2026-03-11,14.0,Call,4.5,8.24,5.4,9.0,37.0,0.03752115637319317,18.6299991607666,1.36760414697634,0.0
^VIX,2026-03-11,14.0,Put,0.0,0.05,0.02,15.0,1817.0,0.03752115637319317,18.6299991607666,1.36760414697634,0.0
^VIX,2026-03-11,14.5,Call,4.52,8.05,5.88,6.0,6.0,0.03752115637319317,18.6299991607666,1.36760414697634,0.0
^VIX,2026-03-11,14.5,Put,0.0,0.05,0.03,,2.0,0.03752115637319317,18.6299991607666,1.36760414697634,0.0
^VIX,2026-03-11,15.0,Call,4.18,7.54,5.3,40.0,165.0,0.03752115637319317,18.6299991607666,1.36760414697634,0.0
^VIX,2026-03-11,15.0,Put,0.0,0.05,0.04,12.0,691.0,0.03752115637319317,18.6299991607666,1.36760414697634,0.0
^VIX,2026-03-11,16.0,Call,3.09,6.53,3.8,473.0,1688.0,0.03752115637319317,18.6299991607666,1.36760414697634,0.0
^VIX,2026-03-11,16.0,Put,0.0,0.15,0.07,71.0,258.0,0.03752115637319317,18.6299991607666,1.36760414697634,0.0
^VIX,2026-03-11,17.0,Call,2.21,4.58,2.92,67.0,406.0,0.03752115637319317,18.6299991607666,1.36760414697634,0.0
^VIX,2026-03-11,17.0,Put,0.0,0.37,0.26,134.0,414.0,0.03752115637319317,18.6299991607666,1.36760414697634,0.0
^VIX,2026-03-11,18.0,Call,1.47,3.87,2.27,383.0,487.0,0.03752115637319317,18.6299991607666,1.36760414697634,0.0
^VIX,2026-03-11,18.0,Put,0.03,0.8,0.63,229.0,711.0,0.03752115637319317,18.6299991607666,1.36760414697634,0.0
^VIX,2026-03-11,19.0,Call,1.03,2.6,1.81,429.0,2439.0,0.03752115637319317,18.6299991607666,1.36760414697634,0.0
^VIX,2026-03-11,19.0,Put,0.51,1.52,1.16,313.0,1476.0,0.03752115637319317,18.6299991607666,1.36760414697634,0.0
^VIX,2026-03-11,20.0,Call,0.99,2.34,1.45,1093.0,2538.0,0.03752115637319317,18.6299991607666,1.36760414697634,0.0
^VIX,2026-03-11,20.0,Put,0.73,2.07,1.79,119.0,410.0,0.03752115637319317,18.6299991607666,1.36760414697634,0.0
^VIX,2026-03-11,21.0,Call,0.77,2.19,1.16,888.0,1790.0,0.03752115637319317,18.6299991607666,1.36760414697634,0.0
^VIX,2026-03-11,21.0,Put,1.4,3.31,2.23,34.0,274.0,0.03752115637319317,18.6299991607666,1.36760414697634,0.0
^VIX,2026-03-11,22.0,Call,1.3,2.03,1.06,2011.0,4625.0,0.03752115637319317,18.6299991607666,1.36760414697634,0.0
^VIX,2026-03-11,22.0,Put,1.81,4.14,3.18,54.0,883.0,0.03752115637319317,18.6299991607666,1.36760414697634,0.0
^VIX,2026-03-11,23.0,Call,0.37,1.81,0.96,270.0,668.0,0.03752115637319317,18.6299991607666,1.36760414697634,0.0
^VIX,2026-03-11,23.0,Put,2.65,4.76,3.71,1.0,160.0,0.03752115637319317,18.6299991607666,1.36760414697634,0.0
^VIX,2026-03-11,24.0,Call,0.65,1.72,0.99,119.0,403.0,0.03752115637319317,18.6299991607666,1.36760414697634,0.0
^VIX,2026-03-11,24.0,Put,3.43,6.29,5.0,1.0,5.0,0.03752115637319317,18.6299991607666,1.36760414697634,0.0
^VIX,2026-03-11,25.0,Call,0.65,1.55,0.73,1046.0,3985.0,0.03752115637319317,18.6299991607666,1.36760414697634,0.0
^VIX,2026-03-11,25.0,Put,4.33,7.23,5.4,80.0,87.0,0.03752115637319317,18.6299991607666,1.36760414697634,0.0
^VIX,2026-03-11,26.0,Call,0.18,1.41,0.65,16.0,159.0,0.03752115637319317,18.6299991607666,1.36760414697634,0.0
^VIX,2026-03-11,27.0,Call,0.17,0.7,0.58,58.0,876.0,0.03752115637319317,18.6299991607666,1.36760414697634,0.0
^VIX,2026-03-11,27.0,Put,5.67,9.2,8.09,6.0,46.0,0.03752115637319317,18.6299991607666,1.36760414697634,0.0
^VIX,2026-03-11,28.0,Call,0.15,1.19,0.61,411.0,569.0,0.03752115637319317,18.6299991607666,1.36760414697634,0.0
^VIX,2026-03-11,29.0,Call,0.13,1.09,0.5,28.0,216.0,0.03752115637319317,18.6299991607666,1.36760414697634,0.0
^VIX,2026-03-11,29.0,Put,7.46,11.17,9.13,25.0,77.0,0.03752115637319317,18.6299991607666,1.36760414697634,0.0
^VIX,2026-03-11,30.0,Call,0.12,1.01,0.45,693.0,1081.0,0.03752115637319317,18.6299991607666,1.36760414697634,0.0
^VIX,2026-03-11,30.0,Put,8.43,12.11,10.55,39.0,74.0,0.03752115637319317,18.6299991607666,1.36760414697634,0.0
^VIX,2026-03-11,31.0,Call,0.11,0.95,0.44,2.0,24.0,0.03752115637319317,18.6299991607666,1.36760414697634,0.0
^VIX,2026-03-11,31.0,Put,9.32,13.13,11.32,10.0,70.0,0.03752115637319317,18.6299991607666,1.36760414697634,0.0
^VIX,2026-03-11,32.0,Call,0.09,0.89,0.45,2.0,72.0,0.03752115637319317,18.6299991607666,1.36760414697634,0.0
^VIX,2026-03-11,33.0,Call,0.08,0.83,0.43,4.0,93.0,0.03752115637319317,18.6299991607666,1.36760414697634,0.0
^VIX,2026-03-11,34.0,Call,0.07,0.79,0.44,16.0,53.0,0.03752115637319317,18.6299991607666,1.36760414697634,0.0
^VIX,2026-03-11,35.0,Call,0.06,0.74,0.38,36.0,251.0,0.03752115637319317,18.6299991607666,1.36760414697634,0.0
^VIX,2026-03-11,35.0,Put,13.14,17.04,15.58,,1.0,0.03752115637319317,18.6299991607666,1.36760414697634,0.0
^VIX,2026-03-11,36.0,Call,0.05,0.7,0.4,6.0,137.0,0.03752115637319317,18.6299991607666,1.36760414697634,0.0
^VIX,2026-03-11,36.0,Put,14.1,18.03,16.45,1.0,0.0,0.03752115637319317,18.6299991607666,1.36760414697634,0.0
^VIX,2026-03-11,37.0,Call,0.04,0.66,0.34,15.0,75.0,0.03752115637319317,18.6299991607666,1.36760414697634,0.0
^VIX,2026-03-11,38.0,Call,0.02,0.63,0.27,1.0,90.0,0.03752115637319317,18.6299991607666,1.36760414697634,0.0
^VIX,2026-03-11,40.0,Call,0.04,0.57,0.22,327.0,766.0,0.03752115637319317,18.6299991607666,1.36760414697634,0.0
^VIX,2026-03-11,40.0,Put,17.95,22.0,20.13,2.0,75.0,0.03752115637319317,18.6299991607666,1.36760414697634,0.0
^VIX,2026-03-11,42.5,Call,0.0,0.5,0.25,5.0,140.0,0.03752115637319317,18.6299991607666,1.36760414697634,0.0
^VIX,2026-03-11,42.5,Put,20.38,24.49,22.22,55.0,55.0,0.03752115637319317,18.6299991607666,1.36760414697634,0.0
^VIX,2026-03-11,45.0,Call,0.0,0.44,0.19,101.0,253.0,0.03752115637319317,18.6299991607666,1.36760414697634,0.0
^VIX,2026-03-11,45.0,Put,22.82,26.97,24.67,78.0,78.0,0.03752115637319317,18.6299991607666,1.36760414697634,0.0
^VIX,2026-03-11,47.5,Call,0.0,0.39,0.17,80.0,224.0,0.03752115637319317,18.6299991607666,1.36760414697634,0.0
^VIX,2026-03-11,50.0,Call,0.0,0.35,0.17,25.0,526.0,0.03752115637319317,18.6299991607666,1.36760414697634,0.0
^VIX,2026-03-11,50.0,Put,27.74,31.94,30.35,60.0,153.0,0.03752115637319317,18.6299991607666,1.36760414697634,0.0
^VIX,2026-03-11,55.0,Call,0.0,0.28,0.14,305.0,1187.0,0.03752115637319317,18.6299991607666,1.36760414697634,0.0
^VIX,2026-03-11,55.0,Put,32.66,36.93,34.55,194.0,194.0,0.03752115637319317,18.6299991607666,1.36760414697634,0.0
^VIX,2026-03-11,60.0,Call,0.0,0.23,0.09,154.0,298.0,0.03752115637319317,18.6299991607666,1.36760414697634,0.0
^VIX,2026-03-11,60.0,Put,37.6,41.92,39.25,1.0,107.0,0.03752115637319317,18.6299991607666,1.36760414697634,0.0
^VIX,2026-03-11,65.0,Call,0.0,0.2,0.04,1.0,36.0,0.03752115637319317,18.6299991607666,1.36760414697634,0.0
^VIX,2026-03-11,65.0,Put,42.57,46.91,44.45,,2.0,0.03752115637319317,18.6299991607666,1.36760414697634,0.0
^VIX,2026-03-11,70.0,Call,0.0,0.18,0.05,4.0,65.0,0.03752115637319317,18.6299991607666,1.36760414697634,0.0
^VIX,2026-03-11,70.0,Put,47.54,51.91,49.42,87.0,88.0,0.03752115637319317,18.6299991607666,1.36760414697634,0.0
^VIX,2026-03-11,75.0,Call,0.0,0.15,0.03,565.0,1194.0,0.03752115637319317,18.6299991607666,1.36760414697634,0.0
^VIX,2026-03-11,75.0,Put,52.44,56.83,54.95,1.0,1.0,0.03752115637319317,18.6299991607666,1.36760414697634,0.0
^VIX,2026-03-11,80.0,Call,0.0,0.14,0.04,90.0,147.0,0.03752115637319317,18.6299991607666,1.36760414697634,0.0
^VIX,2026-03-11,85.0,Call,0.0,0.12,0.05,20.0,22.0,0.03752115637319317,18.6299991607666,1.36760414697634,0.0
^VIX,2026-03-11,100.0,Call,0.0,0.09,0.03,1.0,172.0,0.03752115637319317,18.6299991607666,1.36760414697634,0.0
^VIX,2026-03-11,100.0,Put,77.35,81.8,80.84,10.0,20.0,0.03752115637319317,18.6299991607666,1.36760414697634,0.0
^VIX,2026-03-18,10.0,Call,10.25,10.45,10.05,2.0,4674.0,0.03747516425755585,18.6299991607666,1.36760414697634,0.0
^VIX,2026-03-18,10.0,Put,0.0,0.02,0.01,1.0,786.0,0.03747516425755585,18.6299991607666,1.36760414697634,0.0
^VIX,2026-03-18,10.5,Call,9.75,9.95,9.8,1.0,14.0,0.03747516425755585,18.6299991607666,1.36760414697634,0.0
^VIX,2026-03-18,10.5,Put,0.0,0.02,0.01,1.0,82.0,0.03747516425755585,18.6299991607666,1.36760414697634,0.0
^VIX,2026-03-18,11.0,Call,9.25,9.45,9.4,10.0,68.0,0.03747516425755585,18.6299991607666,1.36760414697634,0.0
^VIX,2026-03-18,11.0,Put,0.0,0.04,0.02,50.0,179.0,0.03747516425755585,18.6299991607666,1.36760414697634,0.0
^VIX,2026-03-18,11.5,Call,8.75,8.95,7.85,1.0,9.0,0.03747516425755585,18.6299991607666,1.36760414697634,0.0
^VIX,2026-03-18,11.5,Put,0.0,0.04,0.02,15.0,116.0,0.03747516425755585,18.6299991607666,1.36760414697634,0.0
^VIX,2026-03-18,12.0,Call,8.25,8.45,7.62,1.0,2263.0,0.03747516425755585,18.6299991607666,1.36760414697634,0.0
^VIX,2026-03-18,12.0,Put,0.0,0.01,0.01,10.0,1291.0,0.03747516425755585,18.6299991607666,1.36760414697634,0.0
^VIX,2026-03-18,12.5,Call,7.75,7.95,8.25,1.0,53.0,0.03747516425755585,18.6299991607666,1.36760414697634,0.0
^VIX,2026-03-18,12.5,Put,0.0,0.05,0.01,2.0,2244.0,0.03747516425755585,18.6299991607666,1.36760414697634,0.0
^VIX,2026-03-18,13.0,Call,7.25,7.45,7.4,7.0,1824.0,0.03747516425755585,18.6299991607666,1.36760414697634,0.0
^VIX,2026-03-18,13.0,Put,0.0,0.05,0.02,97.0,12221.0,0.03747516425755585,18.6299991607666,1.36760414697634,0.0
^VIX,2026-03-18,13.5,Call,6.8,7.0,6.65,1.0,620.0,0.03747516425755585,18.6299991607666,1.36760414697634,0.0
^VIX,2026-03-18,13.5,Put,0.0,0.05,0.01,1950.0,8997.0,0.03747516425755585,18.6299991607666,1.36760414697634,0.0
^VIX,2026-03-18,14.0,Call,6.3,6.5,6.2,2.0,1660.0,0.03747516425755585,18.6299991607666,1.36760414697634,0.0
^VIX,2026-03-18,14.0,Put,0.0,0.05,0.02,12.0,17123.0,0.03747516425755585,18.6299991607666,1.36760414697634,0.0
^VIX,2026-03-18,14.5,Call,5.75,5.95,5.62,2.0,1098.0,0.03747516425755585,18.6299991607666,1.36760414697634,0.0
^VIX,2026-03-18,14.5,Put,0.0,0.06,0.02,14.0,29231.0,0.03747516425755585,18.6299991607666,1.36760414697634,0.0
^VIX,2026-03-18,15.0,Call,5.25,5.45,5.24,748.0,3958.0,0.03747516425755585,18.6299991607666,1.36760414697634,0.0
^VIX,2026-03-18,15.0,Put,0.01,0.07,0.03,10634.0,171493.0,0.03747516425755585,18.6299991607666,1.36760414697634,0.0
^VIX,2026-03-18,15.5,Call,4.8,5.0,4.3,8.0,223.0,0.03747516425755585,18.6299991607666,1.36760414697634,0.0
^VIX,2026-03-18,15.5,Put,0.0,0.09,0.06,6665.0,29931.0,0.03747516425755585,18.6299991607666,1.36760414697634,0.0
^VIX,2026-03-18,16.0,Call,4.35,4.55,4.01,296.0,4664.0,0.03747516425755585,18.6299991607666,1.36760414697634,0.0
^VIX,2026-03-18,16.0,Put,0.03,0.13,0.12,4890.0,192053.0,0.03747516425755585,18.6299991607666,1.36760414697634,0.0
^VIX,2026-03-18,16.5,Call,3.95,4.1,3.5,17.0,380.0,0.03747516425755585,18.6299991607666,1.36760414697634,0.0
^VIX,2026-03-18,16.5,Put,0.1,0.21,0.21,11914.0,97020.0,0.03747516425755585,18.6299991607666,1.36760414697634,0.0
^VIX,2026-03-18,17.0,Call,3.5,3.7,3.09,162.0,5718.0,0.03747516425755585,18.6299991607666,1.36760414697634,0.0
^VIX,2026-03-18,17.0,Put,0.22,0.3,0.32,34576.0,135838.0,0.03747516425755585,18.6299991607666,1.36760414697634,0.0
^VIX,2026-03-18,17.5,Call,3.15,3.35,2.79,92.0,1396.0,0.03747516425755585,18.6299991607666,1.36760414697634,0.0
^VIX,2026-03-18,17.5,Put,0.33,0.45,0.5,2921.0,22297.0,0.03747516425755585,18.6299991607666,1.36760414697634,0.0
^VIX,2026-03-18,18.0,Call,2.88,3.05,2.46,1162.0,31429.0,0.03747516425755585,18.6299991607666,1.36760414697634,0.0
^VIX,2026-03-18,18.0,Put,0.52,0.65,0.58,1.0,172955.0,0.03747516425755585,18.6299991607666,1.36760414697634,0.0
^VIX,2026-03-18,18.5,Call,2.61,2.76,2.27,125.0,2775.0,0.03747516425755585,18.6299991607666,1.36760414697634,0.0
^VIX,2026-03-18,18.5,Put,0.75,0.87,0.89,1000.0,17920.0,0.03747516425755585,18.6299991607666,1.36760414697634,0.0
^VIX,2026-03-18,19.0,Call,2.37,2.52,2.0,1786.0,68309.0,0.03747516425755585,18.6299991607666,1.36760414697634,0.0
^VIX,2026-03-18,19.0,Put,0.99,1.13,1.22,3671.0,121034.0,0.03747516425755585,18.6299991607666,1.36760414697634,0.0
^VIX,2026-03-18,19.5,Call,2.14,2.28,1.83,1160.0,43152.0,0.03747516425755585,18.6299991607666,1.36760414697634,0.0
^VIX,2026-03-18,19.5,Put,1.27,1.4,1.58,1481.0,60022.0,0.03747516425755585,18.6299991607666,1.36760414697634,0.0
^VIX,2026-03-18,20.0,Call,1.95,2.09,2.09,35.0,195061.0,0.03747516425755585,18.6299991607666,1.36760414697634,0.0
^VIX,2026-03-18,20.0,Put,1.58,1.71,1.91,25316.0,136297.0,0.03747516425755585,18.6299991607666,1.36760414697634,0.0
^VIX,2026-03-18,20.5,Call,1.8,1.93,1.57,1606.0,49023.0,0.03747516425755585,18.6299991607666,1.36760414697634,0.0
^VIX,2026-03-18,20.5,Put,1.92,2.06,2.29,1542.0,64626.0,0.03747516425755585,18.6299991607666,1.36760414697634,0.0
^VIX,2026-03-18,21.0,Call,1.66,1.81,1.52,5.0,62655.0,0.03747516425755585,18.6299991607666,1.36760414697634,0.0
^VIX,2026-03-18,21.0,Put,2.28,2.43,2.61,5345.0,73564.0,0.03747516425755585,18.6299991607666,1.36760414697634,0.0
^VIX,2026-03-18,21.5,Call,1.55,1.69,1.36,72.0,5062.0,0.03747516425755585,18.6299991607666,1.36760414697634,0.0
^VIX,2026-03-18,21.5,Put,2.66,2.79,2.77,12.0,6698.0,0.03747516425755585,18.6299991607666,1.36760414697634,0.0
^VIX,2026-03-18,22.0,Call,1.44,1.58,1.27,5510.0,169988.0,0.03747516425755585,18.6299991607666,1.36760414697634,0.0
^VIX,2026-03-18,22.0,Put,3.05,3.2,3.45,112.0,59307.0,0.03747516425755585,18.6299991607666,1.36760414697634,0.0
^VIX,2026-03-18,22.5,Call,1.36,1.5,1.18,716.0,11588.0,0.03747516425755585,18.6299991607666,1.36760414697634,0.0
^VIX,2026-03-18,22.5,Put,3.45,3.65,3.7,11.0,3021.0,0.03747516425755585,18.6299991607666,1.36760414697634,0.0
^VIX,2026-03-18,23.0,Call,1.28,1.42,1.11,25890.0,143571.0,0.03747516425755585,18.6299991607666,1.36760414697634,0.0
^VIX,2026-03-18,23.0,Put,3.9,4.05,4.0,3011.0,31115.0,0.03747516425755585,18.6299991607666,1.36760414697634,0.0
^VIX,2026-03-18,23.5,Call,1.21,1.35,1.09,539.0,12644.0,0.03747516425755585,18.6299991607666,1.36760414697634,0.0
^VIX,2026-03-18,23.5,Put,4.3,4.5,4.59,1.0,113.0,0.03747516425755585,18.6299991607666,1.36760414697634,0.0
^VIX,2026-03-18,24.0,Call,1.14,1.28,0.99,5243.0,176812.0,0.03747516425755585,18.6299991607666,1.36760414697634,0.0
^VIX,2026-03-18,24.0,Put,4.75,4.9,4.9,16.0,3631.0,0.03747516425755585,18.6299991607666,1.36760414697634,0.0
^VIX,2026-03-18,24.5,Call,1.09,1.23,1.0,1013.0,22968.0,0.03747516425755585,18.6299991607666,1.36760414697634,0.0
^VIX,2026-03-18,24.5,Put,5.2,5.4,6.0,30.0,1086.0,0.03747516425755585,18.6299991607666,1.36760414697634,0.0
^VIX,2026-03-18,25.0,Call,1.04,1.18,1.13,13.0,268891.0,0.03747516425755585,18.6299991607666,1.36760414697634,0.0
^VIX,2026-03-18,25.0,Put,5.65,5.85,6.1,360.0,24838.0,0.03747516425755585,18.6299991607666,1.36760414697634,0.0
^VIX,2026-03-18,26.0,Call,0.94,1.08,0.89,1000.0,59070.0,0.03747516425755585,18.6299991607666,1.36760414697634,0.0
^VIX,2026-03-18,26.0,Put,6.55,6.75,7.04,17.0,1918.0,0.03747516425755585,18.6299991607666,1.36760414697634,0.0
^VIX,2026-03-18,27.0,Call,0.87,1.0,0.78,1131.0,158926.0,0.03747516425755585,18.6299991607666,1.36760414697634,0.0
^VIX,2026-03-18,27.0,Put,7.45,7.65,8.1,26.0,2525.0,0.03747516425755585,18.6299991607666,1.36760414697634,0.0
^VIX,2026-03-18,28.0,Call,0.8,0.93,0.71,1588.0,83379.0,0.03747516425755585,18.6299991607666,1.36760414697634,0.0
^VIX,2026-03-18,28.0,Put,8.4,8.6,8.6,35.0,933.0,0.03747516425755585,18.6299991607666,1.36760414697634,0.0
^VIX,2026-03-18,29.0,Call,0.74,0.88,0.66,5542.0,35944.0,0.03747516425755585,18.6299991607666,1.36760414697634,0.0
^VIX,2026-03-18,29.0,Put,9.35,9.55,10.0,8.0,254.0,0.03747516425755585,18.6299991607666,1.36760414697634,0.0
^VIX,2026-03-18,30.0,Call,0.69,0.83,0.76,10.0,166657.0,0.03747516425755585,18.6299991607666,1.36760414697634,0.0
^VIX,2026-03-18,30.0,Put,10.3,10.45,10.4,2716.0,4073.0,0.03747516425755585,18.6299991607666,1.36760414697634,0.0
^VIX,2026-03-18,31.0,Call,0.65,0.78,0.63,9527.0,25504.0,0.03747516425755585,18.6299991607666,1.36760414697634,0.0
^VIX,2026-03-18,31.0,Put,11.25,11.45,10.95,11.0,147.0,0.03747516425755585,18.6299991607666,1.36760414697634,0.0
^VIX,2026-03-18,32.0,Call,0.6,0.73,0.56,5.0,70378.0,0.03747516425755585,18.6299991607666,1.36760414697634,0.0
^VIX,2026-03-18,32.0,Put,12.15,12.35,11.95,4.0,125.0,0.03747516425755585,18.6299991607666,1.36760414697634,0.0
^VIX,2026-03-18,33.0,Call,0.57,0.7,0.53,320.0,25731.0,0.03747516425755585,18.6299991607666,1.36760414697634,0.0
^VIX,2026-03-18,33.0,Put,13.15,13.3,13.47,50.0,301.0,0.03747516425755585,18.6299991607666,1.36760414697634,0.0
^VIX,2026-03-18,34.0,Call,0.52,0.66,0.5,205.0,15273.0,0.03747516425755585,18.6299991607666,1.36760414697634,0.0
^VIX,2026-03-18,34.0,Put,14.1,14.3,14.1,3.0,805.0,0.03747516425755585,18.6299991607666,1.36760414697634,0.0
^VIX,2026-03-18,35.0,Call,0.49,0.62,0.47,211175.0,297986.0,0.03747516425755585,18.6299991607666,1.36760414697634,0.0
^VIX,2026-03-18,35.0,Put,15.1,15.3,14.7,1.0,5014.0,0.03747516425755585,18.6299991607666,1.36760414697634,0.0
^VIX,2026-03-18,36.0,Call,0.47,0.59,0.44,723.0,13478.0,0.03747516425755585,18.6299991607666,1.36760414697634,0.0
^VIX,2026-03-18,36.0,Put,16.05,16.25,16.15,3000.0,3022.0,0.03747516425755585,18.6299991607666,1.36760414697634,0.0
^VIX,2026-03-18,37.0,Call,0.44,0.57,0.42,2058.0,26355.0,0.03747516425755585,18.6299991607666,1.36760414697634,0.0
^VIX,2026-03-18,37.0,Put,17.0,17.2,17.77,1.0,5.0,0.03747516425755585,18.6299991607666,1.36760414697634,0.0
^VIX,2026-03-18,38.0,Call,0.4,0.53,0.39,709.0,12175.0,0.03747516425755585,18.6299991607666,1.36760414697634,0.0
^VIX,2026-03-18,38.0,Put,17.95,18.15,18.7,84.0,86.0,0.03747516425755585,18.6299991607666,1.36760414697634,0.0
^VIX,2026-03-18,39.0,Call,0.38,0.51,0.51,203.0,16130.0,0.03747516425755585,18.6299991607666,1.36760414697634,0.0
^VIX,2026-03-18,39.0,Put,18.95,19.15,19.3,3.0,5.0,0.03747516425755585,18.6299991607666,1.36760414697634,0.0
^VIX,2026-03-18,40.0,Call,0.36,0.48,0.34,863.0,130918.0,0.03747516425755585,18.6299991607666,1.36760414697634,0.0
^VIX,2026-03-18,40.0,Put,19.95,20.15,20.3,2.0,614.0,0.03747516425755585,18.6299991607666,1.36760414697634,0.0
^VIX,2026-03-18,42.5,Call,0.31,0.43,0.4,409.0,65404.0,0.03747516425755585,18.6299991607666,1.36760414697634,0.0
^VIX,2026-03-18,42.5,Put,22.35,22.55,22.0,,186.0,0.03747516425755585,18.6299991607666,1.36760414697634,0.0
^VIX,2026-03-18,45.0,Call,0.26,0.39,0.3,5229.0,128883.0,0.03747516425755585,18.6299991607666,1.36760414697634,0.0
^VIX,2026-03-18,45.0,Put,24.85,25.05,24.31,1.0,290.0,0.03747516425755585,18.6299991607666,1.36760414697634,0.0
^VIX,2026-03-18,47.5,Call,0.23,0.36,0.26,36.0,16953.0,0.03747516425755585,18.6299991607666,1.36760414697634,0.0
^VIX,2026-03-18,47.5,Put,27.3,27.45,27.4,1.0,2.0,0.03747516425755585,18.6299991607666,1.36760414697634,0.0
^VIX,2026-03-18,50.0,Call,0.2,0.33,0.24,7353.0,212201.0,0.03747516425755585,18.6299991607666,1.36760414697634,0.0
^VIX,2026-03-18,50.0,Put,29.75,29.9,30.55,1.0,62.0,0.03747516425755585,18.6299991607666,1.36760414697634,0.0
^VIX,2026-03-18,55.0,Call,0.15,0.28,0.2,207.0,86248.0,0.03747516425755585,18.6299991607666,1.36760414697634,0.0
^VIX,2026-03-18,55.0,Put,34.7,34.9,35.25,1.0,19.0,0.03747516425755585,18.6299991607666,1.36760414697634,0.0
^VIX,2026-03-18,60.0,Call,0.11,0.24,0.21,2624.0,105875.0,0.03747516425755585,18.6299991607666,1.36760414697634,0.0
^VIX,2026-03-18,60.0,Put,39.65,39.85,39.75,2.0,107.0,0.03747516425755585,18.6299991607666,1.36760414697634,0.0
^VIX,2026-03-18,65.0,Call,0.09,0.22,0.12,202.0,89197.0,0.03747516425755585,18.6299991607666,1.36760414697634,0.0
^VIX,2026-03-18,70.0,Call,0.07,0.19,0.1,14.0,61867.0,0.03747516425755585,18.6299991607666,1.36760414697634,0.0
^VIX,2026-03-18,70.0,Put,49.55,49.75,50.05,1.0,11.0,0.03747516425755585,18.6299991607666,1.36760414697634,0.0
^VIX,2026-03-18,75.0,Call,0.05,0.17,0.07,353.0,99313.0,0.03747516425755585,18.6299991607666,1.36760414697634,0.0
^VIX,2026-03-18,80.0,Call,0.03,0.16,0.06,23.0,146676.0,0.03747516425755585,18.6299991607666,1.36760414697634,0.0
^VIX,2026-03-18,80.0,Put,59.55,59.75,59.4,2.0,7.0,0.03747516425755585,18.6299991607666,1.36760414697634,0.0
^VIX,2026-03-18,85.0,Call,0.02,0.14,0.09,6.0,63927.0,0.03747516425755585,18.6299991607666,1.36760414697634,0.0
^VIX,2026-03-18,85.0,Put,64.45,64.65,64.85,28.0,35.0,0.03747516425755585,18.6299991607666,1.36760414697634,0.0
^VIX,2026-03-18,90.0,Call,0.01,0.13,0.09,6.0,11569.0,0.03747516425755585,18.6299991607666,1.36760414697634,0.0
^VIX,2026-03-18,90.0,Put,69.45,69.65,69.92,4.0,26.0,0.03747516425755585,18.6299991607666,1.36760414697634,0.0
^VIX,2026-03-18,95.0,Call,0.0,0.13,0.05,1.0,9997.0,0.03747516425755585,18.6299991607666,1.36760414697634,0.0
^VIX,2026-03-18,95.0,Put,74.4,74.6,75.0,1.0,19.0,0.03747516425755585,18.6299991607666,1.36760414697634,0.0
^VIX,2026-03-18,100.0,Call,0.0,0.12,0.04,60.0,67122.0,0.03747516425755585,18.6299991607666,1.36760414697634,0.0
^VIX,2026-03-18,100.0,Put,79.45,79.65,79.5,2.0,307.0,0.03747516425755585,18.6299991607666,1.36760414697634,0.0
^VIX,2026-03-18,110.0,Call,0.0,0.11,0.03,85.0,1966.0,0.03747516425755585,18.6299991607666,1.36760414697634,0.0
^VIX,2026-03-18,120.0,Call,0.0,0.1,0.04,2.0,382.0,0.03747516425755585,18.6299991607666,1.36760414697634,0.0
^VIX,2026-03-18,120.0,Put,96.65,97.55,94.8,,1.0,0.03747516425755585,18.6299991607666,1.36760414697634,0.0
^VIX,2026-03-18,130.0,Call,0.0,0.09,0.02,15.0,586.0,0.03747516425755585,18.6299991607666,1.36760414697634,0.0
^VIX,2026-03-18,140.0,Call,0.0,0.09,0.01,95.0,446.0,0.03747516425755585,18.6299991607666,1.36760414697634,0.0
^VIX,2026-03-18,140.0,Put,119.6,120.45,119.7,,110.0,0.03747516425755585,18.6299991607666,1.36760414697634,0.0
^VIX,2026-03-18,150.0,Call,0.0,0.08,0.01,30.0,2176.0,0.03747516425755585,18.6299991607666,1.36760414697634,0.0
^VIX,2026-03-18,150.0,Put,107.25,0.0,125.05,1.0,2.0,0.03747516425755585,18.6299991607666,1.36760414697634,0.0
^VIX,2026-03-18,160.0,Call,0.0,0.08,0.03,210.0,4033.0,0.03747516425755585,18.6299991607666,1.36760414697634,0.0
^VIX,2026-03-18,170.0,Call,0.0,0.08,0.01,1.0,14313.0,0.03747516425755585,18.6299991607666,1.36760414697634,0.0
^VIX,2026-03-18,180.0,Call,0.0,0.08,0.02,25.0,538.0,0.03747516425755585,18.6299991607666,1.36760414697634,0.0
^VIX,2026-03-18,180.0,Put,159.2,159.45,158.87,1.0,65.0,0.03747516425755585,18.6299991607666,1.36760414697634,0.0
^VIX,2026-03-18,190.0,Call,0.0,0.08,0.02,100.0,4650.0,0.03747516425755585,18.6299991607666,1.36760414697634,0.0
^VIX,2026-03-18,200.0,Call,0.0,0.07,0.01,31.0,28271.0,0.03747516425755585,18.6299991607666,1.36760414697634,0.0
^VIX,2026-03-18,200.0,Put,179.2,179.45,179.35,46.0,147.0,0.03747516425755585,18.6299991607666,1.36760414697634,0.0
^VIX,2026-03-25,11.0,Call,7.09,11.49,8.0,1.0,0.0,0.03742917214191853,18.6299991607666,1.36760414697634,0.0
^VIX,2026-03-25,11.5,Call,6.6,11.0,8.15,3.0,1.0,0.03742917214191853,18.6299991607666,1.36760414697634,0.0
^VIX,2026-03-25,12.0,Put,0.0,0.05,0.02,15.0,30.0,0.03742917214191853,18.6299991607666,1.36760414697634,0.0
^VIX,2026-03-25,13.0,Call,5.11,9.5,7.16,1.0,1.0,0.03742917214191853,18.6299991607666,1.36760414697634,0.0
^VIX,2026-03-25,13.0,Put,0.0,0.05,0.05,,2.0,0.03742917214191853,18.6299991607666,1.36760414697634,0.0
^VIX,2026-03-25,14.0,Call,4.39,8.51,6.57,5.0,6.0,0.03742917214191853,18.6299991607666,1.36760414697634,0.0
^VIX,2026-03-25,14.5,Call,4.03,7.99,5.1,2.0,23.0,0.03742917214191853,18.6299991607666,1.36760414697634,0.0
^VIX,2026-03-25,14.5,Put,0.0,0.1,0.04,3.0,23.0,0.03742917214191853,18.6299991607666,1.36760414697634,0.0
^VIX,2026-03-25,15.0,Call,3.57,7.52,5.25,30.0,68.0,0.03742917214191853,18.6299991607666,1.36760414697634,0.0
^VIX,2026-03-25,15.0,Put,0.0,0.14,0.07,6.0,152.0,0.03742917214191853,18.6299991607666,1.36760414697634,0.0
^VIX,2026-03-25,16.0,Call,2.55,6.15,4.4,71.0,157.0,0.03742917214191853,18.6299991607666,1.36760414697634,0.0
^VIX,2026-03-25,16.0,Put,0.0,0.32,0.21,165.0,333.0,0.03742917214191853,18.6299991607666,1.36760414697634,0.0
^VIX,2026-03-25,17.0,Call,1.89,5.66,3.18,3.0,118.0,0.03742917214191853,18.6299991607666,1.36760414697634,0.0
^VIX,2026-03-25,17.0,Put,0.25,0.71,0.42,1.0,176.0,0.03742917214191853,18.6299991607666,1.36760414697634,0.0
^VIX,2026-03-25,18.0,Call,2.15,4.92,2.77,55.0,279.0,0.03742917214191853,18.6299991607666,1.36760414697634,0.0
^VIX,2026-03-25,18.0,Put,0.34,1.26,0.97,24.0,101.0,0.03742917214191853,18.6299991607666,1.36760414697634,0.0
^VIX,2026-03-25,19.0,Call,1.68,4.29,2.3,243.0,449.0,0.03742917214191853,18.6299991607666,1.36760414697634,0.0
^VIX,2026-03-25,19.0,Put,0.71,1.94,1.51,272.0,208.0,0.03742917214191853,18.6299991607666,1.36760414697634,0.0
^VIX,2026-03-25,20.0,Call,1.3,3.0,2.05,330.0,1665.0,0.03742917214191853,18.6299991607666,1.36760414697634,0.0
^VIX,2026-03-25,20.0,Put,1.14,2.76,1.96,72.0,164.0,0.03742917214191853,18.6299991607666,1.36760414697634,0.0
^VIX,2026-03-25,21.0,Call,1.01,3.27,1.67,140.0,479.0,0.03742917214191853,18.6299991607666,1.36760414697634,0.0
^VIX,2026-03-25,21.0,Put,1.78,3.63,2.91,31.0,58.0,0.03742917214191853,18.6299991607666,1.36760414697634,0.0
^VIX,2026-03-25,22.0,Call,0.89,2.77,1.52,156.0,913.0,0.03742917214191853,18.6299991607666,1.36760414697634,0.0
^VIX,2026-03-25,22.0,Put,2.32,4.57,3.43,35.0,297.0,0.03742917214191853,18.6299991607666,1.36760414697634,0.0
^VIX,2026-03-25,23.0,Call,0.61,2.6,1.4,275.0,650.0,0.03742917214191853,18.6299991607666,1.36760414697634,0.0
^VIX,2026-03-25,23.0,Put,2.99,5.53,4.53,2.0,4.0,0.03742917214191853,18.6299991607666,1.36760414697634,0.0
^VIX,2026-03-25,24.0,Call,0.48,2.39,1.35,35.0,182.0,0.03742917214191853,18.6299991607666,1.36760414697634,0.0
^VIX,2026-03-25,24.0,Put,3.76,6.47,5.43,50.0,0.0,0.03742917214191853,18.6299991607666,1.36760414697634,0.0
^VIX,2026-03-25,25.0,Call,0.45,2.19,1.18,772.0,2429.0,0.03742917214191853,18.6299991607666,1.36760414697634,0.0
^VIX,2026-03-25,25.0,Put,4.56,7.44,6.33,50.0,0.0,0.03742917214191853,18.6299991607666,1.36760414697634,0.0
^VIX,2026-03-25,26.0,Call,0.41,2.0,1.06,7.0,58.0,0.03742917214191853,18.6299991607666,1.36760414697634,0.0
^VIX,2026-03-25,27.0,Call,0.69,1.86,1.03,46.0,122.0,0.03742917214191853,18.6299991607666,1.36760414697634,0.0
^VIX,2026-03-25,28.0,Call,0.37,1.73,0.96,72.0,198.0,0.03742917214191853,18.6299991607666,1.36760414697634,0.0
^VIX,2026-03-25,29.0,Call,0.35,1.62,1.0,102.0,207.0,0.03742917214191853,18.6299991607666,1.36760414697634,0.0
^VIX,2026-03-25,30.0,Call,0.4,1.54,0.82,137.0,871.0,0.03742917214191853,18.6299991607666,1.36760414697634,0.0
^VIX,2026-03-25,30.0,Put,8.94,12.25,10.71,1.0,52.0,0.03742917214191853,18.6299991607666,1.36760414697634,0.0
^VIX,2026-03-25,31.0,Call,0.32,0.8,0.83,2.0,446.0,0.03742917214191853,18.6299991607666,1.36760414697634,0.0
^VIX,2026-03-25,32.0,Call,0.29,1.37,0.85,1.0,40.0,0.03742917214191853,18.6299991607666,1.36760414697634,0.0
^VIX,2026-03-25,33.0,Call,0.27,1.31,0.95,3.0,16.0,0.03742917214191853,18.6299991607666,1.36760414697634,0.0
^VIX,2026-03-25,34.0,Call,0.26,1.25,0.72,3.0,17.0,0.03742917214191853,18.6299991607666,1.36760414697634,0.0
^VIX,2026-03-25,35.0,Call,0.24,1.19,0.68,1016.0,1156.0,0.03742917214191853,18.6299991607666,1.36760414697634,0.0
^VIX,2026-03-25,36.0,Call,0.23,1.15,0.68,10.0,11.0,0.03742917214191853,18.6299991607666,1.36760414697634,0.0
^VIX,2026-03-25,37.0,Call,0.21,1.1,0.54,43.0,46.0,0.03742917214191853,18.6299991607666,1.36760414697634,0.0
^VIX,2026-03-25,38.0,Call,0.2,1.05,0.53,2.0,9.0,0.03742917214191853,18.6299991607666,1.36760414697634,0.0
^VIX,2026-03-25,39.0,Call,0.18,1.01,0.48,2.0,13.0,0.03742917214191853,18.6299991607666,1.36760414697634,0.0
^VIX,2026-03-25,40.0,Call,0.17,0.97,0.53,227.0,572.0,0.03742917214191853,18.6299991607666,1.36760414697634,0.0
^VIX,2026-03-25,40.0,Put,18.33,22.07,20.41,1.0,1.0,0.03742917214191853,18.6299991607666,1.36760414697634,0.0
^VIX,2026-03-25,42.5,Call,0.14,0.89,0.47,1.0,6.0,0.03742917214191853,18.6299991607666,1.36760414697634,0.0
^VIX,2026-03-25,45.0,Call,0.11,0.81,0.45,3.0,16.0,0.03742917214191853,18.6299991607666,1.36760414697634,0.0
^VIX,2026-03-25,47.5,Call,0.09,0.74,0.47,,6.0,0.03742917214191853,18.6299991607666,1.36760414697634,0.0
^VIX,2026-03-25,50.0,Call,0.07,0.45,0.3,2.0,241.0,0.03742917214191853,18.6299991607666,1.36760414697634,0.0
^VIX,2026-03-25,50.0,Put,28.02,31.94,30.15,2.0,21.0,0.03742917214191853,18.6299991607666,1.36760414697634,0.0
^VIX,2026-03-25,55.0,Call,0.04,0.58,0.27,10.0,21.0,0.03742917214191853,18.6299991607666,1.36760414697634,0.0
^VIX,2026-03-25,60.0,Call,0.01,0.5,0.29,100.0,194.0,0.03742917214191853,18.6299991607666,1.36760414697634,0.0
^VIX,2026-03-25,65.0,Call,0.0,0.44,0.27,3.0,25.0,0.03742917214191853,18.6299991607666,1.36760414697634,0.0
^VIX,2026-03-25,65.0,Put,42.75,46.83,44.89,232.0,30.0,0.03742917214191853,18.6299991607666,1.36760414697634,0.0
^VIX,2026-03-25,70.0,Call,0.0,0.4,0.17,13.0,64.0,0.03742917214191853,18.6299991607666,1.36760414697634,0.0
^VIX,2026-03-25,70.0,Put,47.69,51.81,49.54,,44.0,0.03742917214191853,18.6299991607666,1.36760414697634,0.0
^VIX,2026-03-25,75.0,Call,0.0,0.35,0.12,60.0,325.0,0.03742917214191853,18.6299991607666,1.36760414697634,0.0
^VIX,2026-03-25,75.0,Put,52.61,56.75,54.72,48.0,48.0,0.03742917214191853,18.6299991607666,1.36760414697634,0.0
^VIX,2026-03-25,80.0,Call,0.0,0.33,0.16,5.0,134.0,0.03742917214191853,18.6299991607666,1.36760414697634,0.0
^VIX,2026-03-25,80.0,Put,57.57,61.73,59.68,47.0,47.0,0.03742917214191853,18.6299991607666,1.36760414697634,0.0
^VIX,2026-03-25,85.0,Call,0.0,0.3,0.12,10.0,20.0,0.03742917214191853,18.6299991607666,1.36760414697634,0.0
^VIX,2026-03-25,90.0,Call,0.0,0.28,0.11,1.0,2.0,0.03742917214191853,18.6299991607666,1.36760414697634,0.0
^VIX,2026-03-25,100.0,Put,77.43,81.67,79.92,10.0,20.0,0.03742917214191853,18.6299991607666,1.36760414697634,0.0
^VIX,2026-04-15,10.0,Call,10.8,10.95,10.52,118.0,1578.0,0.0373,18.6299991607666,1.36760414697634,0.0
^VIX,2026-04-15,10.0,Put,0.0,0.03,0.02,20.0,506.0,0.0373,18.6299991607666,1.36760414697634,0.0
^VIX,2026-04-15,10.5,Call,10.3,10.5,10.85,11.0,18.0,0.0373,18.6299991607666,1.36760414697634,0.0
^VIX,2026-04-15,10.5,Put,0.0,0.04,0.02,1.0,13.0,0.0373,18.6299991607666,1.36760414697634,0.0
^VIX,2026-04-15,11.0,Call,9.8,10.0,9.0,4.0,74.0,0.0373,18.6299991607666,1.36760414697634,0.0
^VIX,2026-04-15,11.0,Put,0.0,0.04,0.04,8.0,277.0,0.0373,18.6299991607666,1.36760414697634,0.0
^VIX,2026-04-15,11.5,Call,9.3,9.5,9.14,1.0,4.0,0.0373,18.6299991607666,1.36760414697634,0.0
^VIX,2026-04-15,11.5,Put,0.0,0.04,0.01,1.0,492.0,0.0373,18.6299991607666,1.36760414697634,0.0
^VIX,2026-04-15,12.0,Call,8.8,9.0,8.6,50.0,225.0,0.0373,18.6299991607666,1.36760414697634,0.0
^VIX,2026-04-15,12.0,Put,0.0,0.01,0.01,4.0,645.0,0.0373,18.6299991607666,1.36760414697634,0.0
^VIX,2026-04-15,12.5,Call,8.35,8.5,8.35,1.0,28.0,0.0373,18.6299991607666,1.36760414697634,0.0
^VIX,2026-04-15,12.5,Put,0.0,0.05,0.01,1.0,332.0,0.0373,18.6299991607666,1.36760414697634,0.0
^VIX,2026-04-15,13.0,Call,7.85,8.0,7.7,2.0,2630.0,0.0373,18.6299991607666,1.36760414697634,0.0
^VIX,2026-04-15,13.0,Put,0.0,0.05,0.02,100.0,3918.0,0.0373,18.6299991607666,1.36760414697634,0.0
^VIX,2026-04-15,13.5,Call,7.35,7.5,7.9,11.0,486.0,0.0373,18.6299991607666,1.36760414697634,0.0
^VIX,2026-04-15,13.5,Put,0.0,0.06,0.01,10.0,758.0,0.0373,18.6299991607666,1.36760414697634,0.0
^VIX,2026-04-15,14.0,Call,6.85,7.05,6.45,5.0,1370.0,0.0373,18.6299991607666,1.36760414697634,0.0
^VIX,2026-04-15,14.0,Put,0.0,0.07,0.03,10.0,1982.0,0.0373,18.6299991607666,1.36760414697634,0.0
^VIX,2026-04-15,14.5,Call,6.35,6.55,6.1,10.0,1176.0,0.0373,18.6299991607666,1.36760414697634,0.0
^VIX,2026-04-15,14.5,Put,0.01,0.09,0.06,10.0,9077.0,0.0373,18.6299991607666,1.36760414697634,0.0
^VIX,2026-04-15,15.0,Call,5.9,6.1,5.99,748.0,1900.0,0.0373,18.6299991607666,1.36760414697634,0.0
^VIX,2026-04-15,15.0,Put,0.04,0.13,0.1,10220.0,48782.0,0.0373,18.6299991607666,1.36760414697634,0.0
^VIX,2026-04-15,15.5,Call,5.5,5.65,5.25,3.0,86.0,0.0373,18.6299991607666,1.36760414697634,0.0
^VIX,2026-04-15,15.5,Put,0.1,0.2,0.17,1.0,2924.0,0.0373,18.6299991607666,1.36760414697634,0.0
^VIX,2026-04-15,16.0,Call,5.1,5.25,4.75,180.0,9984.0,0.0373,18.6299991607666,1.36760414697634,0.0
^VIX,2026-04-15,16.0,Put,0.19,0.29,0.28,381.0,58752.0,0.0373,18.6299991607666,1.36760414697634,0.0
^VIX,2026-04-15,16.5,Call,4.7,4.9,4.55,2.0,95.0,0.0373,18.6299991607666,1.36760414697634,0.0
^VIX,2026-04-15,16.5,Put,0.33,0.43,0.43,2171.0,26751.0,0.0373,18.6299991607666,1.36760414697634,0.0
^VIX,2026-04-15,17.0,Call,4.4,4.55,4.44,2.0,29323.0,0.0373,18.6299991607666,1.36760414697634,0.0
^VIX,2026-04-15,17.0,Put,0.5,0.6,0.62,998.0,110437.0,0.0373,18.6299991607666,1.36760414697634,0.0
^VIX,2026-04-15,17.5,Call,4.1,4.3,3.9,13.0,345.0,0.0373,18.6299991607666,1.36760414697634,0.0
^VIX,2026-04-15,17.5,Put,0.7,0.81,0.84,29.0,12316.0,0.0373,18.6299991607666,1.36760414697634,0.0
^VIX,2026-04-15,18.0,Call,3.8,4.0,3.59,832.0,11009.0,0.0373,18.6299991607666,1.36760414697634,0.0
^VIX,2026-04-15,18.0,Put,0.94,1.04,1.09,831.0,74121.0,0.0373,18.6299991607666,1.36760414697634,0.0
^VIX,2026-04-15,18.5,Call,3.6,3.75,3.4,109.0,385.0,0.0373,18.6299991607666,1.36760414697634,0.0
^VIX,2026-04-15,18.5,Put,1.2,1.31,1.35,1.0,6019.0,0.0373,18.6299991607666,1.36760414697634,0.0
^VIX,2026-04-15,19.0,Call,3.4,3.55,3.2,591.0,9041.0,0.0373,18.6299991607666,1.36760414697634,0.0
^VIX,2026-04-15,19.0,Put,1.48,1.6,1.66,3599.0,35892.0,0.0373,18.6299991607666,1.36760414697634,0.0
^VIX,2026-04-15,19.5,Call,3.2,3.35,3.0,206.0,1090.0,0.0373,18.6299991607666,1.36760414697634,0.0
^VIX,2026-04-15,19.5,Put,1.78,1.89,1.87,5.0,15598.0,0.0373,18.6299991607666,1.36760414697634,0.0
^VIX,2026-04-15,20.0,Call,3.0,3.15,3.1,34.0,82700.0,0.0373,18.6299991607666,1.36760414697634,0.0
^VIX,2026-04-15,20.0,Put,2.1,2.21,2.23,1.0,93633.0,0.0373,18.6299991607666,1.36760414697634,0.0
^VIX,2026-04-15,20.5,Call,2.86,3.0,2.65,1332.0,24323.0,0.0373,18.6299991607666,1.36760414697634,0.0
^VIX,2026-04-15,20.5,Put,2.42,2.55,2.56,2.0,25121.0,0.0373,18.6299991607666,1.36760414697634,0.0
^VIX,2026-04-15,21.0,Call,2.71,2.85,2.53,1452.0,47976.0,0.0373,18.6299991607666,1.36760414697634,0.0
^VIX,2026-04-15,21.0,Put,2.77,2.9,3.02,8335.0,58487.0,0.0373,18.6299991607666,1.36760414697634,0.0
^VIX,2026-04-15,21.5,Call,2.57,2.7,2.39,6.0,16475.0,0.0373,18.6299991607666,1.36760414697634,0.0
^VIX,2026-04-15,21.5,Put,3.1,3.25,3.45,1.0,16410.0,0.0373,18.6299991607666,1.36760414697634,0.0
^VIX,2026-04-15,22.0,Call,2.45,2.57,2.3,377.0,72019.0,0.0373,18.6299991607666,1.36760414697634,0.0
^VIX,2026-04-15,22.0,Put,3.5,3.65,3.61,5049.0,17621.0,0.0373,18.6299991607666,1.36760414697634,0.0
^VIX,2026-04-15,22.5,Call,2.33,2.46,2.2,338.0,9491.0,0.0373,18.6299991607666,1.36760414697634,0.0
^VIX,2026-04-15,22.5,Put,3.85,4.0,4.15,14.0,4609.0,0.0373,18.6299991607666,1.36760414697634,0.0
^VIX,2026-04-15,23.0,Call,2.22,2.35,2.09,17039.0,92717.0,0.0373,18.6299991607666,1.36760414697634,0.0
^VIX,2026-04-15,23.0,Put,4.25,4.4,4.39,130.0,2883.0,0.0373,18.6299991607666,1.36760414697634,0.0
^VIX,2026-04-15,23.5,Call,2.12,2.25,1.99,215.0,3490.0,0.0373,18.6299991607666,1.36760414697634,0.0
^VIX,2026-04-15,23.5,Put,4.65,4.8,4.8,1.0,27.0,0.0373,18.6299991607666,1.36760414697634,0.0
^VIX,2026-04-15,24.0,Call,2.03,2.15,1.87,333.0,26468.0,0.0373,18.6299991607666,1.36760414697634,0.0
^VIX,2026-04-15,24.0,Put,5.05,5.2,5.25,4.0,2619.0,0.0373,18.6299991607666,1.36760414697634,0.0
^VIX,2026-04-15,24.5,Call,1.94,2.07,1.8,331.0,3842.0,0.0373,18.6299991607666,1.36760414697634,0.0
^VIX,2026-04-15,24.5,Put,5.45,5.65,5.66,2.0,81.0,0.0373,18.6299991607666,1.36760414697634,0.0
^VIX,2026-04-15,25.0,Call,1.86,1.99,1.92,2.0,89784.0,0.0373,18.6299991607666,1.36760414697634,0.0
^VIX,2026-04-15,25.0,Put,5.9,6.05,6.15,97.0,1645.0,0.0373,18.6299991607666,1.36760414697634,0.0
^VIX,2026-04-15,26.0,Call,1.72,1.84,1.75,8.0,24530.0,0.0373,18.6299991607666,1.36760414697634,0.0
^VIX,2026-04-15,26.0,Put,6.75,6.9,6.9,26.0,3642.0,0.0373,18.6299991607666,1.36760414697634,0.0
^VIX,2026-04-15,27.0,Call,1.6,1.72,1.54,8.0,14653.0,0.0373,18.6299991607666,1.36760414697634,0.0
^VIX,2026-04-15,27.0,Put,7.6,7.75,7.68,30.0,917.0,0.0373,18.6299991607666,1.36760414697634,0.0
^VIX,2026-04-15,28.0,Call,1.49,1.61,1.41,4079.0,53094.0,0.0373,18.6299991607666,1.36760414697634,0.0
^VIX,2026-04-15,28.0,Put,8.5,8.65,8.8,1.0,674.0,0.0373,18.6299991607666,1.36760414697634,0.0
^VIX,2026-04-15,29.0,Call,1.4,1.52,1.46,6.0,27596.0,0.0373,18.6299991607666,1.36760414697634,0.0
^VIX,2026-04-15,29.0,Put,9.4,9.55,9.8,1.0,50.0,0.0373,18.6299991607666,1.36760414697634,0.0
^VIX,2026-04-15,30.0,Call,1.32,1.43,1.35,15.0,89167.0,0.0373,18.6299991607666,1.36760414697634,0.0
^VIX,2026-04-15,30.0,Put,10.3,10.45,10.77,2.0,375.0,0.0373,18.6299991607666,1.36760414697634,0.0
^VIX,2026-04-15,31.0,Call,1.24,1.36,1.28,2.0,16673.0,0.0373,18.6299991607666,1.36760414697634,0.0
^VIX,2026-04-15,31.0,Put,11.2,11.4,11.37,1.0,10.0,0.0373,18.6299991607666,1.36760414697634,0.0
^VIX,2026-04-15,32.0,Call,1.17,1.29,1.15,271.0,43759.0,0.0373,18.6299991607666,1.36760414697634,0.0
^VIX,2026-04-15,32.0,Put,12.7,12.95,13.27,,1.0,0.0373,18.6299991607666,1.36760414697634,0.0
^VIX,2026-04-15,33.0,Call,1.11,1.23,1.13,66.0,1559.0,0.0373,18.6299991607666,1.36760414697634,0.0
^VIX,2026-04-15,33.0,Put,13.1,13.25,13.7,4.0,301.0,0.0373,18.6299991607666,1.36760414697634,0.0
^VIX,2026-04-15,34.0,Call,1.06,1.17,1.05,160.0,2616.0,0.0373,18.6299991607666,1.36760414697634,0.0
^VIX,2026-04-15,34.0,Put,14.05,14.2,15.05,,600.0,0.0373,18.6299991607666,1.36760414697634,0.0
^VIX,2026-04-15,35.0,Call,1.01,1.12,1.01,104992.0,141674.0,0.0373,18.6299991607666,1.36760414697634,0.0
^VIX,2026-04-15,35.0,Put,15.0,15.15,14.78,5.0,27.0,0.0373,18.6299991607666,1.36760414697634,0.0
^VIX,2026-04-15,36.0,Call,0.96,1.08,0.94,260.0,1330.0,0.0373,18.6299991607666,1.36760414697634,0.0
^VIX,2026-04-15,36.0,Put,15.95,16.1,16.55,12.0,641.0,0.0373,18.6299991607666,1.36760414697634,0.0
^VIX,2026-04-15,37.0,Call,0.92,1.03,0.9,16125.0,41040.0,0.0373,18.6299991607666,1.36760414697634,0.0
^VIX,2026-04-15,38.0,Call,0.88,0.99,0.86,113.0,1514.0,0.0373,18.6299991607666,1.36760414697634,0.0
^VIX,2026-04-15,38.0,Put,17.05,17.25,17.5,,1.0,0.0373,18.6299991607666,1.36760414697634,0.0
^VIX,2026-04-15,39.0,Call,0.84,0.96,0.83,41.0,777.0,0.0373,18.6299991607666,1.36760414697634,0.0
^VIX,2026-04-15,39.0,Put,18.75,18.95,18.8,,150.0,0.0373,18.6299991607666,1.36760414697634,0.0
^VIX,2026-04-15,40.0,Call,0.81,0.92,0.78,4575.0,73670.0,0.0373,18.6299991607666,1.36760414697634,0.0
^VIX,2026-04-15,40.0,Put,19.75,19.9,20.14,10.0,3324.0,0.0373,18.6299991607666,1.36760414697634,0.0
^VIX,2026-04-15,42.5,Call,0.73,0.84,0.82,2.0,4061.0,0.0373,18.6299991607666,1.36760414697634,0.0
^VIX,2026-04-15,45.0,Call,0.66,0.77,0.66,545.0,40156.0,0.0373,18.6299991607666,1.36760414697634,0.0
^VIX,2026-04-15,45.0,Put,24.55,24.75,24.4,15.0,111.0,0.0373,18.6299991607666,1.36760414697634,0.0
^VIX,2026-04-15,47.5,Call,0.6,0.71,0.67,4.0,137612.0,0.0373,18.6299991607666,1.36760414697634,0.0
^VIX,2026-04-15,50.0,Call,0.55,0.65,0.57,1056.0,56185.0,0.0373,18.6299991607666,1.36760414697634,0.0
^VIX,2026-04-15,50.0,Put,29.45,29.65,29.42,152.0,201.0,0.0373,18.6299991607666,1.36760414697634,0.0
^VIX,2026-04-15,55.0,Call,0.46,0.57,0.49,148.0,76971.0,0.0373,18.6299991607666,1.36760414697634,0.0
^VIX,2026-04-15,55.0,Put,34.3,34.5,34.74,111.0,128.0,0.0373,18.6299991607666,1.36760414697634,0.0
^VIX,2026-04-15,60.0,Call,0.39,0.5,0.43,146.0,70505.0,0.0373,18.6299991607666,1.36760414697634,0.0
^VIX,2026-04-15,60.0,Put,39.2,39.4,39.05,4.0,11.0,0.0373,18.6299991607666,1.36760414697634,0.0
^VIX,2026-04-15,65.0,Call,0.35,0.44,0.36,295.0,73003.0,0.0373,18.6299991607666,1.36760414697634,0.0
^VIX,2026-04-15,70.0,Call,0.28,0.39,0.31,1344.0,27146.0,0.0373,18.6299991607666,1.36760414697634,0.0
^VIX,2026-04-15,75.0,Call,0.24,0.35,0.28,297.0,63287.0,0.0373,18.6299991607666,1.36760414697634,0.0
^VIX,2026-04-15,80.0,Call,0.21,0.32,0.26,38.0,234639.0,0.0373,18.6299991607666,1.36760414697634,0.0
^VIX,2026-04-15,80.0,Put,59.3,59.45,59.35,1.0,3.0,0.0373,18.6299991607666,1.36760414697634,0.0
^VIX,2026-04-15,85.0,Call,0.18,0.29,0.24,1725.0,20399.0,0.0373,18.6299991607666,1.36760414697634,0.0
^VIX,2026-04-15,85.0,Put,64.25,64.45,61.4,,1.0,0.0373,18.6299991607666,1.36760414697634,0.0
^VIX,2026-04-15,90.0,Call,0.16,0.27,0.23,19.0,44547.0,0.0373,18.6299991607666,1.36760414697634,0.0
^VIX,2026-04-15,90.0,Put,68.85,69.05,69.15,2.0,14.0,0.0373,18.6299991607666,1.36760414697634,0.0
^VIX,2026-04-15,95.0,Call,0.14,0.25,0.2,2.0,27865.0,0.0373,18.6299991607666,1.36760414697634,0.0
^VIX,2026-04-15,95.0,Put,73.8,73.95,74.01,1.0,18.0,0.0373,18.6299991607666,1.36760414697634,0.0
^VIX,2026-04-15,100.0,Call,0.12,0.23,0.17,24.0,31871.0,0.0373,18.6299991607666,1.36760414697634,0.0
^VIX,2026-04-15,100.0,Put,78.75,78.95,79.17,10.0,60.0,0.0373,18.6299991607666,1.36760414697634,0.0
^VIX,2026-04-15,110.0,Call,0.09,0.2,0.17,10.0,13314.0,0.0373,18.6299991607666,1.36760414697634,0.0
^VIX,2026-04-15,110.0,Put,88.9,89.6,88.9,2.0,2.0,0.0373,18.6299991607666,1.36760414697634,0.0
^VIX,2026-04-15,120.0,Call,0.07,0.18,0.11,10.0,1089.0,0.0373,18.6299991607666,1.36760414697634,0.0
^VIX,2026-04-15,120.0,Put,67.5,0.0,95.2,,1.0,0.0373,18.6299991607666,1.36760414697634,0.0
^VIX,2026-04-15,130.0,Call,0.06,0.16,0.11,5.0,654.0,0.0373,18.6299991607666,1.36760414697634,0.0
^VIX,2026-04-15,140.0,Call,0.04,0.15,0.08,970.0,6672.0,0.0373,18.6299991607666,1.36760414697634,0.0
^VIX,2026-04-15,150.0,Call,0.03,0.14,0.07,2.0,14463.0,0.0373,18.6299991607666,1.36760414697634,0.0
^VIX,2026-04-15,150.0,Put,128.4,128.6,128.3,,8.0,0.0373,18.6299991607666,1.36760414697634,0.0
^VIX,2026-04-15,160.0,Call,0.02,0.13,0.04,70.0,12779.0,0.0373,18.6299991607666,1.36760414697634,0.0
^VIX,2026-04-15,170.0,Call,0.02,0.12,0.06,2.0,1360.0,0.0373,18.6299991607666,1.36760414697634,0.0
^VIX,2026-04-15,180.0,Call,0.01,0.12,0.04,130.0,2470.0,0.0373,18.6299991607666,1.36760414697634,0.0
^VIX,2026-04-15,180.0,Put,158.3,159.05,158.1,48.0,0.0,0.0373,18.6299991607666,1.36760414697634,0.0
^VIX,2026-04-15,190.0,Call,0.0,0.11,0.04,100.0,4149.0,0.0373,18.6299991607666,1.36760414697634,0.0
^VIX,2026-04-15,200.0,Call,0.0,0.11,0.01,2.0,1461.0,0.0373,18.6299991607666,1.36760414697634,0.0
^VIX,2026-04-15,200.0,Put,178.15,178.35,178.21,20.0,382.0,0.0373,18.6299991607666,1.36760414697634,0.0
^VIX,2026-05-19,10.0,Call,11.05,11.25,10.85,120.0,974.0,0.036903416557161624,18.6299991607666,1.36760414697634,0.0
^VIX,2026-05-19,10.0,Put,0.0,0.05,0.01,1.0,3.0,0.036903416557161624,18.6299991607666,1.36760414697634,0.0
^VIX,2026-05-19,10.5,Call,11.4,11.65,11.5,5.0,6.0,0.036903416557161624,18.6299991607666,1.36760414697634,0.0
^VIX,2026-05-19,10.5,Put,0.0,0.62,0.03,1.0,2.0,0.036903416557161624,18.6299991607666,1.36760414697634,0.0
^VIX,2026-05-19,11.0,Call,10.05,10.25,10.1,5.0,102.0,0.036903416557161624,18.6299991607666,1.36760414697634,0.0
^VIX,2026-05-19,11.0,Put,0.0,0.05,0.02,7.0,18.0,0.036903416557161624,18.6299991607666,1.36760414697634,0.0
^VIX,2026-05-19,11.5,Call,9.55,9.75,9.1,1.0,6.0,0.036903416557161624,18.6299991607666,1.36760414697634,0.0
^VIX,2026-05-19,11.5,Put,0.0,0.05,0.01,1.0,107.0,0.036903416557161624,18.6299991607666,1.36760414697634,0.0
^VIX,2026-05-19,12.0,Call,9.05,9.3,9.4,1.0,82.0,0.036903416557161624,18.6299991607666,1.36760414697634,0.0
^VIX,2026-05-19,12.0,Put,0.0,0.06,0.02,1.0,416.0,0.036903416557161624,18.6299991607666,1.36760414697634,0.0
^VIX,2026-05-19,12.5,Call,8.55,8.8,8.45,50.0,50.0,0.036903416557161624,18.6299991607666,1.36760414697634,0.0
^VIX,2026-05-19,12.5,Put,0.0,0.06,0.02,2.0,4.0,0.036903416557161624,18.6299991607666,1.36760414697634,0.0
^VIX,2026-05-19,13.0,Call,8.1,8.3,8.01,3.0,104.0,0.036903416557161624,18.6299991607666,1.36760414697634,0.0
^VIX,2026-05-19,13.0,Put,0.0,0.07,0.02,1.0,619.0,0.036903416557161624,18.6299991607666,1.36760414697634,0.0
^VIX,2026-05-19,13.5,Call,7.6,7.8,8.0,1.0,64.0,0.036903416557161624,18.6299991607666,1.36760414697634,0.0
^VIX,2026-05-19,13.5,Put,0.0,0.08,0.04,1.0,538.0,0.036903416557161624,18.6299991607666,1.36760414697634,0.0
^VIX,2026-05-19,14.0,Call,7.15,7.35,7.05,15.0,400.0,0.036903416557161624,18.6299991607666,1.36760414697634,0.0
^VIX,2026-05-19,14.0,Put,0.0,0.1,0.06,15.0,1995.0,0.036903416557161624,18.6299991607666,1.36760414697634,0.0
^VIX,2026-05-19,14.5,Call,6.7,6.9,6.6,11.0,145.0,0.036903416557161624,18.6299991607666,1.36760414697634,0.0
^VIX,2026-05-19,14.5,Put,0.05,0.16,0.12,2.0,837.0,0.036903416557161624,18.6299991607666,1.36760414697634,0.0
^VIX,2026-05-19,15.0,Call,6.25,6.5,6.26,4.0,532.0,0.036903416557161624,18.6299991607666,1.36760414697634,0.0
^VIX,2026-05-19,15.0,Put,0.13,0.24,0.18,8.0,10426.0,0.036903416557161624,18.6299991607666,1.36760414697634,0.0
^VIX,2026-05-19,16.0,Call,5.5,5.7,5.37,5.0,852.0,0.036903416557161624,18.6299991607666,1.36760414697634,0.0
^VIX,2026-05-19,16.0,Put,0.35,0.47,0.45,11.0,15859.0,0.036903416557161624,18.6299991607666,1.36760414697634,0.0
^VIX,2026-05-19,17.0,Call,4.9,5.1,4.8,1.0,570.0,0.036903416557161624,18.6299991607666,1.36760414697634,0.0
^VIX,2026-05-19,17.0,Put,0.71,0.83,0.79,35.0,10740.0,0.036903416557161624,18.6299991607666,1.36760414697634,0.0
^VIX,2026-05-19,18.0,Call,4.4,4.6,4.3,88.0,954.0,0.036903416557161624,18.6299991607666,1.36760414697634,0.0
^VIX,2026-05-19,18.0,Put,1.2,1.33,1.32,9814.0,51348.0,0.036903416557161624,18.6299991607666,1.36760414697634,0.0
^VIX,2026-05-19,19.0,Call,3.95,4.15,3.85,10.0,1765.0,0.036903416557161624,18.6299991607666,1.36760414697634,0.0
^VIX,2026-05-19,19.0,Put,1.77,1.91,1.88,6083.0,9407.0,0.036903416557161624,18.6299991607666,1.36760414697634,0.0
^VIX,2026-05-19,20.0,Call,3.6,3.8,3.5,397.0,31052.0,0.036903416557161624,18.6299991607666,1.36760414697634,0.0
^VIX,2026-05-19,20.0,Put,2.4,2.54,2.52,203.0,50032.0,0.036903416557161624,18.6299991607666,1.36760414697634,0.0
^VIX,2026-05-19,21.0,Call,3.3,3.5,3.2,6701.0,23165.0,0.036903416557161624,18.6299991607666,1.36760414697634,0.0
^VIX,2026-05-19,21.0,Put,3.05,3.25,3.25,6537.0,26302.0,0.036903416557161624,18.6299991607666,1.36760414697634,0.0
^VIX,2026-05-19,22.0,Call,3.0,3.2,2.93,120.0,16480.0,0.036903416557161624,18.6299991607666,1.36760414697634,0.0
^VIX,2026-05-19,22.0,Put,3.8,3.95,3.9,76.0,33937.0,0.036903416557161624,18.6299991607666,1.36760414697634,0.0
^VIX,2026-05-19,23.0,Call,2.8,2.96,2.76,2405.0,43607.0,0.036903416557161624,18.6299991607666,1.36760414697634,0.0
^VIX,2026-05-19,23.0,Put,4.6,4.7,4.75,2.0,5348.0,0.036903416557161624,18.6299991607666,1.36760414697634,0.0
^VIX,2026-05-19,24.0,Call,2.59,2.75,2.48,261.0,22292.0,0.036903416557161624,18.6299991607666,1.36760414697634,0.0
^VIX,2026-05-19,24.0,Put,5.3,5.5,5.5,8.0,427.0,0.036903416557161624,18.6299991607666,1.36760414697634,0.0
^VIX,2026-05-19,25.0,Call,2.41,2.57,2.34,160.0,40277.0,0.036903416557161624,18.6299991607666,1.36760414697634,0.0
^VIX,2026-05-19,25.0,Put,6.1,6.3,6.25,1.0,975.0,0.036903416557161624,18.6299991607666,1.36760414697634,0.0
^VIX,2026-05-19,26.0,Call,2.25,2.4,2.2,83.0,808.0,0.036903416557161624,18.6299991607666,1.36760414697634,0.0
^VIX,2026-05-19,26.0,Put,6.95,7.15,7.05,1.0,93.0,0.036903416557161624,18.6299991607666,1.36760414697634,0.0
^VIX,2026-05-19,27.0,Call,2.11,2.26,2.03,3.0,5738.0,0.036903416557161624,18.6299991607666,1.36760414697634,0.0
^VIX,2026-05-19,27.0,Put,7.8,8.0,8.07,20.0,131.0,0.036903416557161624,18.6299991607666,1.36760414697634,0.0
^VIX,2026-05-19,28.0,Call,1.98,2.13,1.99,3.0,956.0,0.036903416557161624,18.6299991607666,1.36760414697634,0.0
^VIX,2026-05-19,28.0,Put,8.65,8.85,9.01,10.0,832.0,0.036903416557161624,18.6299991607666,1.36760414697634,0.0
^VIX,2026-05-19,29.0,Call,1.87,2.02,1.88,10.0,719.0,0.036903416557161624,18.6299991607666,1.36760414697634,0.0
^VIX,2026-05-19,29.0,Put,9.55,9.75,9.67,4.0,204.0,0.036903416557161624,18.6299991607666,1.36760414697634,0.0
^VIX,2026-05-19,30.0,Call,1.77,1.91,1.71,185.0,18470.0,0.036903416557161624,18.6299991607666,1.36760414697634,0.0
^VIX,2026-05-19,30.0,Put,10.45,10.6,10.69,1.0,307.0,0.036903416557161624,18.6299991607666,1.36760414697634,0.0
^VIX,2026-05-19,31.0,Call,1.68,1.82,1.67,6.0,502.0,0.036903416557161624,18.6299991607666,1.36760414697634,0.0
^VIX,2026-05-19,31.0,Put,11.35,11.5,11.27,11.0,187.0,0.036903416557161624,18.6299991607666,1.36760414697634,0.0
^VIX,2026-05-19,32.0,Call,1.6,1.74,1.59,17.0,12877.0,0.036903416557161624,18.6299991607666,1.36760414697634,0.0
^VIX,2026-05-19,32.0,Put,11.85,12.3,12.03,,11.0,0.036903416557161624,18.6299991607666,1.36760414697634,0.0
^VIX,2026-05-19,33.0,Call,1.52,1.67,1.53,2.0,2300.0,0.036903416557161624,18.6299991607666,1.36760414697634,0.0
^VIX,2026-05-19,33.0,Put,13.15,13.35,13.47,1.0,1.0,0.036903416557161624,18.6299991607666,1.36760414697634,0.0
^VIX,2026-05-19,34.0,Call,1.46,1.6,1.44,3.0,478.0,0.036903416557161624,18.6299991607666,1.36760414697634,0.0
^VIX,2026-05-19,34.0,Put,14.1,14.3,14.4,3.0,33.0,0.036903416557161624,18.6299991607666,1.36760414697634,0.0
^VIX,2026-05-19,35.0,Call,1.39,1.54,1.37,109162.0,117044.0,0.036903416557161624,18.6299991607666,1.36760414697634,0.0
^VIX,2026-05-19,35.0,Put,15.0,15.2,15.4,1.0,33.0,0.036903416557161624,18.6299991607666,1.36760414697634,0.0
^VIX,2026-05-19,36.0,Call,1.34,1.48,1.34,9.0,10282.0,0.036903416557161624,18.6299991607666,1.36760414697634,0.0
^VIX,2026-05-19,36.0,Put,15.95,16.15,16.15,2.0,4.0,0.036903416557161624,18.6299991607666,1.36760414697634,0.0
^VIX,2026-05-19,37.0,Call,1.29,1.43,1.26,23.0,19307.0,0.036903416557161624,18.6299991607666,1.36760414697634,0.0
^VIX,2026-05-19,37.0,Put,16.9,17.1,16.95,2.0,4.0,0.036903416557161624,18.6299991607666,1.36760414697634,0.0
^VIX,2026-05-19,38.0,Call,1.24,1.38,1.26,72.0,454.0,0.036903416557161624,18.6299991607666,1.36760414697634,0.0
^VIX,2026-05-19,39.0,Call,1.19,1.33,1.2,4.0,500.0,0.036903416557161624,18.6299991607666,1.36760414697634,0.0
^VIX,2026-05-19,40.0,Call,1.15,1.29,1.18,715.0,20497.0,0.036903416557161624,18.6299991607666,1.36760414697634,0.0
^VIX,2026-05-19,40.0,Put,19.7,19.9,19.79,19.0,572.0,0.036903416557161624,18.6299991607666,1.36760414697634,0.0
^VIX,2026-05-19,42.5,Call,1.05,1.2,1.07,23.0,2383.0,0.036903416557161624,18.6299991607666,1.36760414697634,0.0
^VIX,2026-05-19,42.5,Put,22.1,22.3,22.24,2.0,4.0,0.036903416557161624,18.6299991607666,1.36760414697634,0.0
^VIX,2026-05-19,45.0,Call,0.97,1.1,0.99,116.0,4292.0,0.036903416557161624,18.6299991607666,1.36760414697634,0.0
^VIX,2026-05-19,45.0,Put,24.5,24.7,24.6,2.0,52.0,0.036903416557161624,18.6299991607666,1.36760414697634,0.0
^VIX,2026-05-19,47.5,Call,0.9,1.04,0.92,38.0,147201.0,0.036903416557161624,18.6299991607666,1.36760414697634,0.0
^VIX,2026-05-19,50.0,Call,0.83,0.96,0.84,509.0,8933.0,0.036903416557161624,18.6299991607666,1.36760414697634,0.0
^VIX,2026-05-19,50.0,Put,29.3,29.55,29.25,2.0,11.0,0.036903416557161624,18.6299991607666,1.36760414697634,0.0
^VIX,2026-05-19,55.0,Call,0.72,0.86,0.73,89.0,32235.0,0.036903416557161624,18.6299991607666,1.36760414697634,0.0
^VIX,2026-05-19,55.0,Put,34.55,34.7,33.2,4.0,4.0,0.036903416557161624,18.6299991607666,1.36760414697634,0.0
^VIX,2026-05-19,60.0,Call,0.62,0.76,0.7,4.0,37817.0,0.036903416557161624,18.6299991607666,1.36760414697634,0.0
^VIX,2026-05-19,60.0,Put,39.0,39.2,39.0,2.0,19.0,0.036903416557161624,18.6299991607666,1.36760414697634,0.0
^VIX,2026-05-19,65.0,Call,0.55,0.67,0.6,5.0,50931.0,0.036903416557161624,18.6299991607666,1.36760414697634,0.0
^VIX,2026-05-19,70.0,Call,0.47,0.61,0.5,140.0,51357.0,0.036903416557161624,18.6299991607666,1.36760414697634,0.0
^VIX,2026-05-19,75.0,Call,0.41,0.55,0.48,4.0,38412.0,0.036903416557161624,18.6299991607666,1.36760414697634,0.0
^VIX,2026-05-19,80.0,Call,0.37,0.5,0.44,111.0,22112.0,0.036903416557161624,18.6299991607666,1.36760414697634,0.0
^VIX,2026-05-19,80.0,Put,58.8,59.0,57.32,1.0,3.0,0.036903416557161624,18.6299991607666,1.36760414697634,0.0
^VIX,2026-05-19,85.0,Call,0.32,0.46,0.39,1.0,16697.0,0.036903416557161624,18.6299991607666,1.36760414697634,0.0
^VIX,2026-05-19,85.0,Put,63.7,63.85,61.28,,1.0,0.036903416557161624,18.6299991607666,1.36760414697634,0.0
^VIX,2026-05-19,90.0,Call,0.3,0.43,0.35,1.0,4698.0,0.036903416557161624,18.6299991607666,1.36760414697634,0.0
^VIX,2026-05-19,90.0,Put,68.6,68.75,67.03,1.0,2.0,0.036903416557161624,18.6299991607666,1.36760414697634,0.0
^VIX,2026-05-19,95.0,Call,0.26,0.4,0.3,20.0,36206.0,0.036903416557161624,18.6299991607666,1.36760414697634,0.0
^VIX,2026-05-19,100.0,Call,0.24,0.37,0.28,75.0,47881.0,0.036903416557161624,18.6299991607666,1.36760414697634,0.0
^VIX,2026-05-19,100.0,Put,78.3,78.5,78.23,2.0,31.0,0.036903416557161624,18.6299991607666,1.36760414697634,0.0
^VIX,2026-05-19,110.0,Call,0.19,0.33,0.27,27.0,7963.0,0.036903416557161624,18.6299991607666,1.36760414697634,0.0
^VIX,2026-05-19,110.0,Put,85.8,86.45,86.05,,1.0,0.036903416557161624,18.6299991607666,1.36760414697634,0.0
^VIX,2026-05-19,120.0,Call,0.16,0.3,0.26,1.0,586.0,0.036903416557161624,18.6299991607666,1.36760414697634,0.0
^VIX,2026-05-19,120.0,Put,95.5,96.15,95.75,,1.0,0.036903416557161624,18.6299991607666,1.36760414697634,0.0
^VIX,2026-05-19,130.0,Call,0.14,0.27,0.23,1.0,705.0,0.036903416557161624,18.6299991607666,1.36760414697634,0.0
^VIX,2026-05-19,130.0,Put,107.7,108.15,104.5,,1.0,0.036903416557161624,18.6299991607666,1.36760414697634,0.0
^VIX,2026-05-19,140.0,Call,0.12,0.25,0.17,20.0,588.0,0.036903416557161624,18.6299991607666,1.36760414697634,0.0
^VIX,2026-05-19,140.0,Put,115.3,115.8,115.55,,1.0,0.036903416557161624,18.6299991607666,1.36760414697634,0.0
^VIX,2026-05-19,150.0,Call,0.1,0.23,0.14,120.0,3015.0,0.036903416557161624,18.6299991607666,1.36760414697634,0.0
^VIX,2026-05-19,160.0,Call,0.08,0.22,0.15,1.0,9137.0,0.036903416557161624,18.6299991607666,1.36760414697634,0.0
^VIX,2026-05-19,170.0,Call,0.07,0.2,0.14,1.0,602.0,0.036903416557161624,18.6299991607666,1.36760414697634,0.0
^VIX,2026-05-19,180.0,Call,0.06,0.19,0.1,500.0,1001.0,0.036903416557161624,18.6299991607666,1.36760414697634,0.0
^VIX,2026-05-19,190.0,Call,0.05,0.18,0.09,1000.0,901.0,0.036903416557161624,18.6299991607666,1.36760414697634,0.0
^VIX,2026-05-19,200.0,Call,0.04,0.17,0.08,5.0,11016.0,0.036903416557161624,18.6299991607666,1.36760414697634,0.0
^VIX,2026-05-19,200.0,Put,177.05,177.2,175.61,2.0,3.0,0.036903416557161624,18.6299991607666,1.36760414697634,0.0
^VIX,2026-06-17,10.0,Call,11.3,11.55,11.3,1.0,355.0,0.036699999999999997,18.6299991607666,1.36760414697634,0.0
^VIX,2026-06-17,10.0,Put,0.0,0.03,0.01,1.0,47.0,0.036699999999999997,18.6299991607666,1.36760414697634,0.0
^VIX,2026-06-17,10.5,Call,10.8,11.05,10.7,5.0,50.0,0.036699999999999997,18.6299991607666,1.36760414697634,0.0
^VIX,2026-06-17,10.5,Put,0.0,0.11,0.04,2.0,2.0,0.036699999999999997,18.6299991607666,1.36760414697634,0.0
^VIX,2026-06-17,11.0,Call,10.3,10.55,10.28,5.0,72.0,0.036699999999999997,18.6299991607666,1.36760414697634,0.0
^VIX,2026-06-17,11.0,Put,0.0,0.06,0.01,1.0,71.0,0.036699999999999997,18.6299991607666,1.36760414697634,0.0
^VIX,2026-06-17,11.5,Call,10.25,10.7,10.22,,0.0,0.036699999999999997,18.6299991607666,1.36760414697634,0.0
^VIX,2026-06-17,11.5,Put,0.0,0.06,0.02,1.0,205.0,0.036699999999999997,18.6299991607666,1.36760414697634,0.0
^VIX,2026-06-17,12.0,Call,9.3,9.55,9.2,11.0,151.0,0.036699999999999997,18.6299991607666,1.36760414697634,0.0
^VIX,2026-06-17,12.0,Put,0.0,0.07,0.01,100.0,949.0,0.036699999999999997,18.6299991607666,1.36760414697634,0.0
^VIX,2026-06-17,12.5,Call,8.85,9.1,8.0,2.0,20.0,0.036699999999999997,18.6299991607666,1.36760414697634,0.0
^VIX,2026-06-17,12.5,Put,0.01,0.07,0.01,1.0,175.0,0.036699999999999997,18.6299991607666,1.36760414697634,0.0
^VIX,2026-06-17,13.0,Call,8.35,8.6,8.16,1.0,169.0,0.036699999999999997,18.6299991607666,1.36760414697634,0.0
^VIX,2026-06-17,13.0,Put,0.02,0.07,0.04,2.0,5948.0,0.036699999999999997,18.6299991607666,1.36760414697634,0.0
^VIX,2026-06-17,13.5,Call,7.85,8.1,7.8,3.0,720.0,0.036699999999999997,18.6299991607666,1.36760414697634,0.0
^VIX,2026-06-17,13.5,Put,0.03,0.09,0.05,98.0,863.0,0.036699999999999997,18.6299991607666,1.36760414697634,0.0
^VIX,2026-06-17,14.0,Call,7.4,7.65,7.25,10.0,416.0,0.036699999999999997,18.6299991607666,1.36760414697634,0.0
^VIX,2026-06-17,14.0,Put,0.0,0.12,0.09,24.0,7875.0,0.036699999999999997,18.6299991607666,1.36760414697634,0.0
^VIX,2026-06-17,14.5,Call,6.95,7.2,6.97,2.0,369.0,0.036699999999999997,18.6299991607666,1.36760414697634,0.0
^VIX,2026-06-17,14.5,Put,0.06,0.18,0.17,1.0,536.0,0.036699999999999997,18.6299991607666,1.36760414697634,0.0
^VIX,2026-06-17,15.0,Call,6.55,6.8,6.53,113.0,912.0,0.036699999999999997,18.6299991607666,1.36760414697634,0.0
^VIX,2026-06-17,15.0,Put,0.14,0.27,0.22,150.0,21608.0,0.036699999999999997,18.6299991607666,1.36760414697634,0.0
^VIX,2026-06-17,16.0,Call,5.8,6.05,5.75,2.0,720.0,0.036699999999999997,18.6299991607666,1.36760414697634,0.0
^VIX,2026-06-17,16.0,Put,0.38,0.52,0.49,350.0,32647.0,0.036699999999999997,18.6299991607666,1.36760414697634,0.0
^VIX,2026-06-17,17.0,Call,5.2,5.4,5.16,58.0,1685.0,0.036699999999999997,18.6299991607666,1.36760414697634,0.0
^VIX,2026-06-17,17.0,Put,0.74,0.89,0.88,176.0,13403.0,0.036699999999999997,18.6299991607666,1.36760414697634,0.0
^VIX,2026-06-17,18.0,Call,4.65,4.9,4.65,20.0,704.0,0.036699999999999997,18.6299991607666,1.36760414697634,0.0
^VIX,2026-06-17,18.0,Put,1.22,1.37,1.39,3151.0,6535.0,0.036699999999999997,18.6299991607666,1.36760414697634,0.0
^VIX,2026-06-17,19.0,Call,4.25,4.5,4.25,24.0,360.0,0.036699999999999997,18.6299991607666,1.36760414697634,0.0
^VIX,2026-06-17,19.0,Put,1.78,1.95,1.95,183.0,44475.0,0.036699999999999997,18.6299991607666,1.36760414697634,0.0
^VIX,2026-06-17,20.0,Call,3.9,4.1,3.93,249.0,10910.0,0.036699999999999997,18.6299991607666,1.36760414697634,0.0
^VIX,2026-06-17,20.0,Put,2.42,2.58,2.55,1153.0,19583.0,0.036699999999999997,18.6299991607666,1.36760414697634,0.0
^VIX,2026-06-17,21.0,Call,3.6,3.8,3.7,1180.0,32260.0,0.036699999999999997,18.6299991607666,1.36760414697634,0.0
^VIX,2026-06-17,21.0,Put,3.05,3.25,3.3,1301.0,12891.0,0.036699999999999997,18.6299991607666,1.36760414697634,0.0
^VIX,2026-06-17,22.0,Call,3.3,3.55,3.25,228.0,117648.0,0.036699999999999997,18.6299991607666,1.36760414697634,0.0
^VIX,2026-06-17,22.0,Put,3.8,4.0,3.95,155.0,8413.0,0.036699999999999997,18.6299991607666,1.36760414697634,0.0
^VIX,2026-06-17,23.0,Call,3.05,3.3,3.1,28.0,21622.0,0.036699999999999997,18.6299991607666,1.36760414697634,0.0
^VIX,2026-06-17,23.0,Put,4.5,4.75,4.7,150.0,1120.0,0.036699999999999997,18.6299991607666,1.36760414697634,0.0
^VIX,2026-06-17,24.0,Call,2.86,3.05,2.91,151.0,8479.0,0.036699999999999997,18.6299991607666,1.36760414697634,0.0
^VIX,2026-06-17,24.0,Put,5.3,5.5,5.5,2.0,254.0,0.036699999999999997,18.6299991607666,1.36760414697634,0.0
^VIX,2026-06-17,25.0,Call,2.67,2.84,2.7,255.0,10938.0,0.036699999999999997,18.6299991607666,1.36760414697634,0.0
^VIX,2026-06-17,25.0,Put,6.1,6.3,6.3,5.0,386.0,0.036699999999999997,18.6299991607666,1.36760414697634,0.0
^VIX,2026-06-17,26.0,Call,2.49,2.66,2.52,156.0,484.0,0.036699999999999997,18.6299991607666,1.36760414697634,0.0
^VIX,2026-06-17,26.0,Put,6.9,7.1,7.04,10.0,479.0,0.036699999999999997,18.6299991607666,1.36760414697634,0.0
^VIX,2026-06-17,27.0,Call,2.33,2.5,2.5,1.0,4332.0,0.036699999999999997,18.6299991607666,1.36760414697634,0.0
^VIX,2026-06-17,27.0,Put,7.7,7.95,8.0,20.0,61.0,0.036699999999999997,18.6299991607666,1.36760414697634,0.0
^VIX,2026-06-17,28.0,Call,2.19,2.36,2.29,156.0,649.0,0.036699999999999997,18.6299991607666,1.36760414697634,0.0
^VIX,2026-06-17,28.0,Put,8.55,8.8,8.86,20.0,66.0,0.036699999999999997,18.6299991607666,1.36760414697634,0.0
^VIX,2026-06-17,29.0,Call,2.06,2.23,2.2,153.0,701.0,0.036699999999999997,18.6299991607666,1.36760414697634,0.0
^VIX,2026-06-17,29.0,Put,9.4,9.65,9.65,2.0,15.0,0.036699999999999997,18.6299991607666,1.36760414697634,0.0
^VIX,2026-06-17,30.0,Call,1.95,2.11,2.04,534.0,79120.0,0.036699999999999997,18.6299991607666,1.36760414697634,0.0
^VIX,2026-06-17,30.0,Put,10.3,10.5,10.74,2.0,685.0,0.036699999999999997,18.6299991607666,1.36760414697634,0.0
^VIX,2026-06-17,31.0,Call,1.84,2.01,1.89,151.0,449.0,0.036699999999999997,18.6299991607666,1.36760414697634,0.0
^VIX,2026-06-17,31.0,Put,11.2,11.4,12.04,,2.0,0.036699999999999997,18.6299991607666,1.36760414697634,0.0
^VIX,2026-06-17,32.0,Call,1.75,1.91,1.83,152.0,814.0,0.036699999999999997,18.6299991607666,1.36760414697634,0.0
^VIX,2026-06-17,32.0,Put,12.05,12.3,12.45,2.0,2.0,0.036699999999999997,18.6299991607666,1.36760414697634,0.0
^VIX,2026-06-17,33.0,Call,1.67,1.82,1.79,150.0,1504.0,0.036699999999999997,18.6299991607666,1.36760414697634,0.0
^VIX,2026-06-17,34.0,Call,1.59,1.75,1.64,152.0,752.0,0.036699999999999997,18.6299991607666,1.36760414697634,0.0
^VIX,2026-06-17,35.0,Call,1.52,1.67,1.58,185.0,30446.0,0.036699999999999997,18.6299991607666,1.36760414697634,0.0
^VIX,2026-06-17,35.0,Put,14.8,15.0,15.04,2.0,31.0,0.036699999999999997,18.6299991607666,1.36760414697634,0.0
^VIX,2026-06-17,36.0,Call,1.46,1.61,1.48,150.0,2517.0,0.036699999999999997,18.6299991607666,1.36760414697634,0.0
^VIX,2026-06-17,36.0,Put,15.05,15.4,15.5,5.0,5.0,0.036699999999999997,18.6299991607666,1.36760414697634,0.0
^VIX,2026-06-17,37.0,Call,1.4,1.55,1.42,150.0,464.0,0.036699999999999997,18.6299991607666,1.36760414697634,0.0
^VIX,2026-06-17,37.0,Put,16.65,16.85,17.07,1.0,2.0,0.036699999999999997,18.6299991607666,1.36760414697634,0.0
^VIX,2026-06-17,38.0,Call,1.35,1.5,1.41,150.0,593.0,0.036699999999999997,18.6299991607666,1.36760414697634,0.0
^VIX,2026-06-17,39.0,Call,1.3,1.44,1.36,150.0,409.0,0.036699999999999997,18.6299991607666,1.36760414697634,0.0
^VIX,2026-06-17,40.0,Call,1.25,1.39,1.26,5280.0,15718.0,0.036699999999999997,18.6299991607666,1.36760414697634,0.0
^VIX,2026-06-17,40.0,Put,19.45,19.7,19.64,1.0,83.0,0.036699999999999997,18.6299991607666,1.36760414697634,0.0
^VIX,2026-06-17,42.5,Call,1.14,1.29,1.21,374.0,13127.0,0.036699999999999997,18.6299991607666,1.36760414697634,0.0
^VIX,2026-06-17,45.0,Call,1.06,1.2,1.14,5883.0,34389.0,0.036699999999999997,18.6299991607666,1.36760414697634,0.0
^VIX,2026-06-17,45.0,Put,24.2,24.45,24.5,1.0,14.0,0.036699999999999997,18.6299991607666,1.36760414697634,0.0
^VIX,2026-06-17,47.5,Call,0.98,1.12,1.0,631.0,164363.0,0.036699999999999997,18.6299991607666,1.36760414697634,0.0
^VIX,2026-06-17,47.5,Put,26.6,26.85,26.82,1.0,1.0,0.036699999999999997,18.6299991607666,1.36760414697634,0.0
^VIX,2026-06-17,50.0,Call,0.91,1.05,0.94,804.0,30944.0,0.036699999999999997,18.6299991607666,1.36760414697634,0.0
^VIX,2026-06-17,50.0,Put,29.0,29.25,29.42,2.0,6.0,0.036699999999999997,18.6299991607666,1.36760414697634,0.0
^VIX,2026-06-17,55.0,Call,0.79,0.93,0.86,749.0,11614.0,0.036699999999999997,18.6299991607666,1.36760414697634,0.0
^VIX,2026-06-17,60.0,Call,0.69,0.82,0.72,753.0,21273.0,0.036699999999999997,18.6299991607666,1.36760414697634,0.0
^VIX,2026-06-17,60.0,Put,37.55,37.95,37.6,1.0,2.0,0.036699999999999997,18.6299991607666,1.36760414697634,0.0
^VIX,2026-06-17,65.0,Call,0.6,0.73,0.64,10.0,864.0,0.036699999999999997,18.6299991607666,1.36760414697634,0.0
^VIX,2026-06-17,70.0,Call,0.53,0.65,0.65,1.0,31543.0,0.036699999999999997,18.6299991607666,1.36760414697634,0.0
^VIX,2026-06-17,70.0,Put,46.05,48.15,47.62,,1.0,0.036699999999999997,18.6299991607666,1.36760414697634,0.0
^VIX,2026-06-17,75.0,Call,0.46,0.59,0.53,33.0,25311.0,0.036699999999999997,18.6299991607666,1.36760414697634,0.0
^VIX,2026-06-17,80.0,Call,0.41,0.53,0.47,254.0,5337.0,0.036699999999999997,18.6299991607666,1.36760414697634,0.0
^VIX,2026-06-17,80.0,Put,58.4,58.6,57.02,4.0,0.0,0.036699999999999997,18.6299991607666,1.36760414697634,0.0
^VIX,2026-06-17,85.0,Call,0.37,0.48,0.44,10.0,21327.0,0.036699999999999997,18.6299991607666,1.36760414697634,0.0
^VIX,2026-06-17,90.0,Call,0.33,0.44,0.4,1.0,25331.0,0.036699999999999997,18.6299991607666,1.36760414697634,0.0
^VIX,2026-06-17,90.0,Put,68.15,68.35,66.72,4.0,0.0,0.036699999999999997,18.6299991607666,1.36760414697634,0.0
^VIX,2026-06-17,95.0,Call,0.3,0.41,0.35,1.0,11375.0,0.036699999999999997,18.6299991607666,1.36760414697634,0.0
^VIX,2026-06-17,95.0,Put,71.2,71.7,71.0,1.0,1.0,0.036699999999999997,18.6299991607666,1.36760414697634,0.0
^VIX,2026-06-17,100.0,Call,0.27,0.38,0.33,50.0,21484.0,0.036699999999999997,18.6299991607666,1.36760414697634,0.0
^VIX,2026-06-17,100.0,Put,77.9,78.15,77.4,,1.0,0.036699999999999997,18.6299991607666,1.36760414697634,0.0
^VIX,2026-06-17,110.0,Call,0.23,0.34,0.31,8.0,10358.0,0.036699999999999997,18.6299991607666,1.36760414697634,0.0
^VIX,2026-06-17,120.0,Call,0.19,0.3,0.24,2.0,2759.0,0.036699999999999997,18.6299991607666,1.36760414697634,0.0
^VIX,2026-06-17,120.0,Put,95.45,95.95,95.4,1.0,1.0,0.036699999999999997,18.6299991607666,1.36760414697634,0.0
^VIX,2026-06-17,130.0,Call,0.17,0.28,0.2,15.0,159.0,0.036699999999999997,18.6299991607666,1.36760414697634,0.0
^VIX,2026-06-17,140.0,Call,0.15,0.25,0.22,4.0,88.0,0.036699999999999997,18.6299991607666,1.36760414697634,0.0
^VIX,2026-06-17,150.0,Call,0.13,0.24,0.11,5.0,190.0,0.036699999999999997,18.6299991607666,1.36760414697634,0.0
^VIX,2026-06-17,150.0,Put,124.45,125.35,124.5,,0.0,0.036699999999999997,18.6299991607666,1.36760414697634,0.0
^VIX,2026-06-17,160.0,Call,0.12,0.22,0.11,100.0,152.0,0.036699999999999997,18.6299991607666,1.36760414697634,0.0
^VIX,2026-06-17,170.0,Call,0.1,0.21,0.15,5.0,78.0,0.036699999999999997,18.6299991607666,1.36760414697634,0.0
^VIX,2026-06-17,180.0,Call,0.0,0.32,0.11,18.0,77.0,0.036699999999999997,18.6299991607666,1.36760414697634,0.0
^VIX,2026-06-17,190.0,Call,0.08,0.18,0.12,150.0,200.0,0.036699999999999997,18.6299991607666,1.36760414697634,0.0
^VIX,2026-06-17,190.0,Put,163.6,164.15,164.61,140.0,0.0,0.036699999999999997,18.6299991607666,1.36760414697634,0.0
^VIX,2026-06-17,200.0,Call,0.07,0.17,0.12,4.0,306.0,0.036699999999999997,18.6299991607666,1.36760414697634,0.0
^VIX,2026-06-17,200.0,Put,173.4,173.95,173.51,140.0,4.0,0.036699999999999997,18.6299991607666,1.36760414697634,0.0
^VIX,2026-07-22,10.0,Call,11.8,12.05,11.7,30.0,387.0,0.036432785808147176,18.6299991607666,1.36760414697634,0.0
^VIX,2026-07-22,10.0,Put,0.0,0.03,0.01,1.0,45.0,0.036432785808147176,18.6299991607666,1.36760414697634,0.0
^VIX,2026-07-22,10.5,Call,11.3,11.6,10.45,1.0,7.0,0.036432785808147176,18.6299991607666,1.36760414697634,0.0
^VIX,2026-07-22,10.5,Put,0.0,0.06,0.05,21.0,21.0,0.036432785808147176,18.6299991607666,1.36760414697634,0.0
^VIX,2026-07-22,11.0,Call,10.8,11.1,10.8,5.0,47.0,0.036432785808147176,18.6299991607666,1.36760414697634,0.0
^VIX,2026-07-22,11.0,Put,0.0,0.19,0.02,,10.0,0.036432785808147176,18.6299991607666,1.36760414697634,0.0
^VIX,2026-07-22,11.5,Call,10.3,10.6,9.88,1.0,4.0,0.036432785808147176,18.6299991607666,1.36760414697634,0.0
^VIX,2026-07-22,11.5,Put,0.0,0.07,0.01,1.0,9.0,0.036432785808147176,18.6299991607666,1.36760414697634,0.0
^VIX,2026-07-22,12.0,Call,9.85,10.1,9.82,100.0,150.0,0.036432785808147176,18.6299991607666,1.36760414697634,0.0
^VIX,2026-07-22,12.0,Put,0.0,0.07,0.02,1.0,12.0,0.036432785808147176,18.6299991607666,1.36760414697634,0.0
^VIX,2026-07-22,12.5,Call,9.35,9.6,9.2,1.0,7.0,0.036432785808147176,18.6299991607666,1.36760414697634,0.0
^VIX,2026-07-22,12.5,Put,0.01,0.08,0.02,8.0,220.0,0.036432785808147176,18.6299991607666,1.36760414697634,0.0
^VIX,2026-07-22,13.0,Call,8.9,9.15,8.95,10.0,22.0,0.036432785808147176,18.6299991607666,1.36760414697634,0.0
^VIX,2026-07-22,13.0,Put,0.02,0.08,0.03,1.0,3166.0,0.036432785808147176,18.6299991607666,1.36760414697634,0.0
^VIX,2026-07-22,13.5,Call,8.4,8.65,8.5,5.0,47.0,0.036432785808147176,18.6299991607666,1.36760414697634,0.0
^VIX,2026-07-22,13.5,Put,0.03,0.09,0.06,1.0,1741.0,0.036432785808147176,18.6299991607666,1.36760414697634,0.0
^VIX,2026-07-22,14.0,Call,7.95,8.2,7.9,2.0,1826.0,0.036432785808147176,18.6299991607666,1.36760414697634,0.0
^VIX,2026-07-22,14.0,Put,0.0,0.12,0.08,53.0,376.0,0.036432785808147176,18.6299991607666,1.36760414697634,0.0
^VIX,2026-07-22,14.5,Call,7.45,7.75,7.35,2.0,52.0,0.036432785808147176,18.6299991607666,1.36760414697634,0.0
^VIX,2026-07-22,14.5,Put,0.03,0.17,0.18,1.0,326.0,0.036432785808147176,18.6299991607666,1.36760414697634,0.0
^VIX,2026-07-22,15.0,Call,7.1,7.35,7.05,3.0,220.0,0.036432785808147176,18.6299991607666,1.36760414697634,0.0
^VIX,2026-07-22,15.0,Put,0.11,0.26,0.23,52.0,22286.0,0.036432785808147176,18.6299991607666,1.36760414697634,0.0
^VIX,2026-07-22,16.0,Call,6.3,6.55,6.35,1.0,303.0,0.036432785808147176,18.6299991607666,1.36760414697634,0.0
^VIX,2026-07-22,16.0,Put,0.34,0.5,0.48,54.0,35465.0,0.036432785808147176,18.6299991607666,1.36760414697634,0.0
^VIX,2026-07-22,17.0,Call,5.7,5.95,5.75,1.0,2771.0,0.036432785808147176,18.6299991607666,1.36760414697634,0.0
^VIX,2026-07-22,17.0,Put,0.68,0.85,0.85,57.0,2483.0,0.036432785808147176,18.6299991607666,1.36760414697634,0.0
^VIX,2026-07-22,18.0,Call,5.15,5.4,5.2,4.0,600.0,0.036432785808147176,18.6299991607666,1.36760414697634,0.0
^VIX,2026-07-22,18.0,Put,1.14,1.31,1.32,150.0,895.0,0.036432785808147176,18.6299991607666,1.36760414697634,0.0
^VIX,2026-07-22,19.0,Call,4.7,4.95,4.55,23.0,267.0,0.036432785808147176,18.6299991607666,1.36760414697634,0.0
^VIX,2026-07-22,19.0,Put,1.68,1.86,1.83,1.0,231.0,0.036432785808147176,18.6299991607666,1.36760414697634,0.0
^VIX,2026-07-22,20.0,Call,4.35,4.6,4.4,211.0,15422.0,0.036432785808147176,18.6299991607666,1.36760414697634,0.0
^VIX,2026-07-22,20.0,Put,2.3,2.48,2.46,2.0,12793.0,0.036432785808147176,18.6299991607666,1.36760414697634,0.0
^VIX,2026-07-22,21.0,Call,4.05,4.3,4.12,4.0,784.0,0.036432785808147176,18.6299991607666,1.36760414697634,0.0
^VIX,2026-07-22,21.0,Put,2.96,3.15,3.15,1.0,704.0,0.036432785808147176,18.6299991607666,1.36760414697634,0.0
^VIX,2026-07-22,22.0,Call,3.75,4.0,3.75,500.0,7251.0,0.036432785808147176,18.6299991607666,1.36760414697634,0.0
^VIX,2026-07-22,22.0,Put,3.65,3.85,3.77,45.0,6637.0,0.036432785808147176,18.6299991607666,1.36760414697634,0.0
^VIX,2026-07-22,23.0,Call,3.45,3.7,3.42,1.0,129.0,0.036432785808147176,18.6299991607666,1.36760414697634,0.0
^VIX,2026-07-22,23.0,Put,4.35,4.55,4.6,1446.0,2684.0,0.036432785808147176,18.6299991607666,1.36760414697634,0.0
^VIX,2026-07-22,24.0,Call,3.25,3.45,3.25,52.0,1170.0,0.036432785808147176,18.6299991607666,1.36760414697634,0.0
^VIX,2026-07-22,24.0,Put,5.1,5.3,5.25,1.0,1048.0,0.036432785808147176,18.6299991607666,1.36760414697634,0.0
^VIX,2026-07-22,25.0,Call,3.0,3.25,3.1,11.0,1650.0,0.036432785808147176,18.6299991607666,1.36760414697634,0.0
^VIX,2026-07-22,25.0,Put,5.85,6.1,6.05,3.0,235.0,0.036432785808147176,18.6299991607666,1.36760414697634,0.0
^VIX,2026-07-22,26.0,Call,2.84,3.05,2.8,6.0,2400.0,0.036432785808147176,18.6299991607666,1.36760414697634,0.0
^VIX,2026-07-22,26.0,Put,6.65,6.9,6.87,1.0,98.0,0.036432785808147176,18.6299991607666,1.36760414697634,0.0
^VIX,2026-07-22,27.0,Call,2.67,2.87,2.77,35.0,447.0,0.036432785808147176,18.6299991607666,1.36760414697634,0.0
^VIX,2026-07-22,27.0,Put,7.45,7.7,7.67,10.0,12.0,0.036432785808147176,18.6299991607666,1.36760414697634,0.0
^VIX,2026-07-22,28.0,Call,2.51,2.71,2.54,9.0,470.0,0.036432785808147176,18.6299991607666,1.36760414697634,0.0
^VIX,2026-07-22,28.0,Put,8.3,8.5,8.52,10.0,12.0,0.036432785808147176,18.6299991607666,1.36760414697634,0.0
^VIX,2026-07-22,29.0,Call,2.37,2.56,2.35,1.0,379.0,0.036432785808147176,18.6299991607666,1.36760414697634,0.0
^VIX,2026-07-22,29.0,Put,9.15,9.35,9.34,2.0,22.0,0.036432785808147176,18.6299991607666,1.36760414697634,0.0
^VIX,2026-07-22,30.0,Call,2.24,2.4,2.29,513.0,2627.0,0.036432785808147176,18.6299991607666,1.36760414697634,0.0
^VIX,2026-07-22,30.0,Put,10.0,10.2,10.27,10.0,9.0,0.036432785808147176,18.6299991607666,1.36760414697634,0.0
^VIX,2026-07-22,31.0,Call,2.13,2.31,2.14,52.0,333.0,0.036432785808147176,18.6299991607666,1.36760414697634,0.0
^VIX,2026-07-22,31.0,Put,10.85,11.1,11.16,10.0,64.0,0.036432785808147176,18.6299991607666,1.36760414697634,0.0
^VIX,2026-07-22,32.0,Call,2.02,2.2,2.04,1.0,509.0,0.036432785808147176,18.6299991607666,1.36760414697634,0.0
^VIX,2026-07-22,33.0,Call,1.93,2.11,1.96,52.0,243.0,0.036432785808147176,18.6299991607666,1.36760414697634,0.0
^VIX,2026-07-22,34.0,Call,1.84,2.01,1.86,52.0,184.0,0.036432785808147176,18.6299991607666,1.36760414697634,0.0
^VIX,2026-07-22,35.0,Call,1.75,1.93,1.84,2.0,1379.0,0.036432785808147176,18.6299991607666,1.36760414697634,0.0
^VIX,2026-07-22,35.0,Put,14.4,14.65,15.01,1.0,3.0,0.036432785808147176,18.6299991607666,1.36760414697634,0.0
^VIX,2026-07-22,36.0,Call,1.68,1.85,1.72,52.0,1096.0,0.036432785808147176,18.6299991607666,1.36760414697634,0.0
^VIX,2026-07-22,36.0,Put,15.3,15.55,15.55,1.0,3.0,0.036432785808147176,18.6299991607666,1.36760414697634,0.0
^VIX,2026-07-22,37.0,Call,1.61,1.78,1.66,52.0,206.0,0.036432785808147176,18.6299991607666,1.36760414697634,0.0
^VIX,2026-07-22,38.0,Call,1.54,1.72,1.63,43.0,286.0,0.036432785808147176,18.6299991607666,1.36760414697634,0.0
^VIX,2026-07-22,39.0,Call,1.48,1.65,1.51,65.0,1296.0,0.036432785808147176,18.6299991607666,1.36760414697634,0.0
^VIX,2026-07-22,39.0,Put,18.05,18.3,18.75,,2.0,0.036432785808147176,18.6299991607666,1.36760414697634,0.0
^VIX,2026-07-22,40.0,Call,1.43,1.6,1.44,15.0,919.0,0.036432785808147176,18.6299991607666,1.36760414697634,0.0
^VIX,2026-07-22,40.0,Put,19.0,19.25,19.64,1.0,4.0,0.036432785808147176,18.6299991607666,1.36760414697634,0.0
^VIX,2026-07-22,42.5,Call,1.3,1.47,1.34,131.0,327.0,0.036432785808147176,18.6299991607666,1.36760414697634,0.0
^VIX,2026-07-22,45.0,Call,1.19,1.36,1.23,131.0,825.0,0.036432785808147176,18.6299991607666,1.36760414697634,0.0
^VIX,2026-07-22,47.5,Call,1.1,1.26,1.14,131.0,7851.0,0.036432785808147176,18.6299991607666,1.36760414697634,0.0
^VIX,2026-07-22,50.0,Call,1.02,1.17,1.02,265.0,3976.0,0.036432785808147176,18.6299991607666,1.36760414697634,0.0
^VIX,2026-07-22,50.0,Put,28.45,28.7,28.85,3.0,4.0,0.036432785808147176,18.6299991607666,1.36760414697634,0.0
^VIX,2026-07-22,55.0,Call,0.88,1.03,0.89,32.0,1252.0,0.036432785808147176,18.6299991607666,1.36760414697634,0.0
^VIX,2026-07-22,60.0,Call,0.76,0.91,0.79,262.0,2269.0,0.036432785808147176,18.6299991607666,1.36760414697634,0.0
^VIX,2026-07-22,65.0,Call,0.66,0.8,0.67,1.0,291.0,0.036432785808147176,18.6299991607666,1.36760414697634,0.0
^VIX,2026-07-22,70.0,Call,0.57,0.71,0.62,26.0,9295.0,0.036432785808147176,18.6299991607666,1.36760414697634,0.0
^VIX,2026-07-22,75.0,Call,0.5,0.64,0.53,1.0,625.0,0.036432785808147176,18.6299991607666,1.36760414697634,0.0
^VIX,2026-07-22,80.0,Call,0.44,0.58,0.48,1.0,6352.0,0.036432785808147176,18.6299991607666,1.36760414697634,0.0
^VIX,2026-07-22,80.0,Put,57.4,57.65,58.25,,1.0,0.036432785808147176,18.6299991607666,1.36760414697634,0.0
^VIX,2026-07-22,85.0,Call,0.39,0.53,0.47,1.0,2286.0,0.036432785808147176,18.6299991607666,1.36760414697634,0.0
^VIX,2026-07-22,90.0,Call,0.35,0.48,0.4,1.0,259.0,0.036432785808147176,18.6299991607666,1.36760414697634,0.0
^VIX,2026-07-22,95.0,Call,0.32,0.45,0.37,1.0,5229.0,0.036432785808147176,18.6299991607666,1.36760414697634,0.0
^VIX,2026-07-22,100.0,Call,0.29,0.42,0.34,1.0,9736.0,0.036432785808147176,18.6299991607666,1.36760414697634,0.0
^VIX,2026-07-22,100.0,Put,77.2,77.6,76.06,253.0,216.0,0.036432785808147176,18.6299991607666,1.36760414697634,0.0
^VIX,2026-07-22,110.0,Call,0.24,0.37,0.31,1.0,6502.0,0.036432785808147176,18.6299991607666,1.36760414697634,0.0
^VIX,2026-07-22,110.0,Put,86.95,87.3,85.0,,1.0,0.036432785808147176,18.6299991607666,1.36760414697634,0.0
^VIX,2026-07-22,120.0,Call,0.21,0.33,0.27,1.0,4008.0,0.036432785808147176,18.6299991607666,1.36760414697634,0.0
^VIX,2026-07-22,120.0,Put,96.7,97.1,94.85,,1.0,0.036432785808147176,18.6299991607666,1.36760414697634,0.0
^VIX,2026-07-22,130.0,Call,0.18,0.31,0.24,1.0,10015.0,0.036432785808147176,18.6299991607666,1.36760414697634,0.0
^VIX,2026-07-22,140.0,Call,0.13,0.19,0.2,3.0,34.0,0.036432785808147176,18.6299991607666,1.36760414697634,0.0
^VIX,2026-07-22,150.0,Call,0.14,0.26,0.15,1.0,409.0,0.036432785808147176,18.6299991607666,1.36760414697634,0.0
^VIX,2026-07-22,150.0,Put,125.7,127.0,126.2,253.0,218.0,0.036432785808147176,18.6299991607666,1.36760414697634,0.0
^VIX,2026-07-22,170.0,Call,0.11,0.23,0.18,2.0,202.0,0.036432785808147176,18.6299991607666,1.36760414697634,0.0
^VIX,2026-07-22,180.0,Call,0.1,0.22,0.17,2.0,202.0,0.036432785808147176,18.6299991607666,1.36760414697634,0.0
^VIX,2026-07-22,190.0,Call,0.09,0.21,0.16,2.0,177.0,0.036432785808147176,18.6299991607666,1.36760414697634,0.0
^VIX,2026-07-22,200.0,Call,0.08,0.2,0.14,5.0,1627.0,0.036432785808147176,18.6299991607666,1.36760414697634,0.0
^VIX,2026-08-19,10.0,Call,11.95,12.2,11.9,1.0,449.0,0.036110840998685945,18.6299991607666,1.36760414697634,0.0
^VIX,2026-08-19,10.0,Put,0.0,0.04,0.01,4.0,605.0,0.036110840998685945,18.6299991607666,1.36760414697634,0.0
^VIX,2026-08-19,10.5,Call,11.45,11.7,11.0,12.0,31.0,0.036110840998685945,18.6299991607666,1.36760414697634,0.0
^VIX,2026-08-19,11.0,Call,10.95,11.2,10.75,1.0,108.0,0.036110840998685945,18.6299991607666,1.36760414697634,0.0
^VIX,2026-08-19,11.0,Put,0.0,0.07,0.02,,1.0,0.036110840998685945,18.6299991607666,1.36760414697634,0.0
^VIX,2026-08-19,11.5,Call,10.45,10.75,10.32,1.0,20.0,0.036110840998685945,18.6299991607666,1.36760414697634,0.0
^VIX,2026-08-19,11.5,Put,0.01,0.07,0.02,1.0,52.0,0.036110840998685945,18.6299991607666,1.36760414697634,0.0
^VIX,2026-08-19,12.0,Call,9.95,10.25,9.65,10.0,178.0,0.036110840998685945,18.6299991607666,1.36760414697634,0.0
^VIX,2026-08-19,12.0,Put,0.0,0.08,0.02,25.0,663.0,0.036110840998685945,18.6299991607666,1.36760414697634,0.0
^VIX,2026-08-19,12.5,Call,9.5,9.75,9.25,1.0,64.0,0.036110840998685945,18.6299991607666,1.36760414697634,0.0
^VIX,2026-08-19,12.5,Put,0.01,0.08,0.01,1.0,96.0,0.036110840998685945,18.6299991607666,1.36760414697634,0.0
^VIX,2026-08-19,13.0,Call,9.0,9.15,8.8,10.0,1351.0,0.036110840998685945,18.6299991607666,1.36760414697634,0.0
^VIX,2026-08-19,13.0,Put,0.0,0.09,0.03,11.0,72.0,0.036110840998685945,18.6299991607666,1.36760414697634,0.0
^VIX,2026-08-19,13.5,Call,8.5,8.8,8.57,6.0,352.0,0.036110840998685945,18.6299991607666,1.36760414697634,0.0
^VIX,2026-08-19,13.5,Put,0.04,0.1,0.04,2.0,629.0,0.036110840998685945,18.6299991607666,1.36760414697634,0.0
^VIX,2026-08-19,14.0,Call,8.05,8.3,8.05,7.0,841.0,0.036110840998685945,18.6299991607666,1.36760414697634,0.0
^VIX,2026-08-19,14.0,Put,0.0,0.12,0.08,72.0,1691.0,0.036110840998685945,18.6299991607666,1.36760414697634,0.0
^VIX,2026-08-19,14.5,Call,7.6,7.9,7.5,5.0,828.0,0.036110840998685945,18.6299991607666,1.36760414697634,0.0
^VIX,2026-08-19,14.5,Put,0.02,0.18,0.12,1.0,1534.0,0.036110840998685945,18.6299991607666,1.36760414697634,0.0
^VIX,2026-08-19,15.0,Call,7.2,7.45,7.1,6.0,546.0,0.036110840998685945,18.6299991607666,1.36760414697634,0.0
^VIX,2026-08-19,15.0,Put,0.1,0.26,0.25,1.0,186.0,0.036110840998685945,18.6299991607666,1.36760414697634,0.0
^VIX,2026-08-19,16.0,Call,6.45,6.75,6.45,14.0,380.0,0.036110840998685945,18.6299991607666,1.36760414697634,0.0
^VIX,2026-08-19,16.0,Put,0.33,0.5,0.5,1.0,2977.0,0.036110840998685945,18.6299991607666,1.36760414697634,0.0
^VIX,2026-08-19,17.0,Call,5.8,6.05,5.8,2.0,323.0,0.036110840998685945,18.6299991607666,1.36760414697634,0.0
^VIX,2026-08-19,17.0,Put,0.71,0.85,0.87,47.0,161.0,0.036110840998685945,18.6299991607666,1.36760414697634,0.0
^VIX,2026-08-19,18.0,Call,5.3,5.55,5.25,1.0,496.0,0.036110840998685945,18.6299991607666,1.36760414697634,0.0
^VIX,2026-08-19,18.0,Put,1.12,1.31,1.31,46.0,256.0,0.036110840998685945,18.6299991607666,1.36760414697634,0.0
^VIX,2026-08-19,19.0,Call,4.9,5.1,4.8,26.0,142.0,0.036110840998685945,18.6299991607666,1.36760414697634,0.0
^VIX,2026-08-19,19.0,Put,1.66,1.85,1.86,42.0,118.0,0.036110840998685945,18.6299991607666,1.36760414697634,0.0
^VIX,2026-08-19,20.0,Call,4.5,4.65,4.55,10.0,6460.0,0.036110840998685945,18.6299991607666,1.36760414697634,0.0
^VIX,2026-08-19,20.0,Put,2.27,2.47,2.45,7.0,4087.0,0.036110840998685945,18.6299991607666,1.36760414697634,0.0
^VIX,2026-08-19,21.0,Call,4.15,4.4,4.23,100.0,227.0,0.036110840998685945,18.6299991607666,1.36760414697634,0.0
^VIX,2026-08-19,21.0,Put,2.93,3.15,3.1,1.0,125.0,0.036110840998685945,18.6299991607666,1.36760414697634,0.0
^VIX,2026-08-19,22.0,Call,3.85,4.1,4.0,861.0,26528.0,0.036110840998685945,18.6299991607666,1.36760414697634,0.0
^VIX,2026-08-19,22.0,Put,3.6,3.85,3.8,860.0,6392.0,0.036110840998685945,18.6299991607666,1.36760414697634,0.0
^VIX,2026-08-19,23.0,Call,3.6,3.85,3.56,25000.0,26246.0,0.036110840998685945,18.6299991607666,1.36760414697634,0.0
^VIX,2026-08-19,23.0,Put,4.3,4.55,4.55,42.0,59.0,0.036110840998685945,18.6299991607666,1.36760414697634,0.0
^VIX,2026-08-19,24.0,Call,3.35,3.6,3.4,20.0,1142.0,0.036110840998685945,18.6299991607666,1.36760414697634,0.0
^VIX,2026-08-19,24.0,Put,5.05,5.3,5.3,10.0,14.0,0.036110840998685945,18.6299991607666,1.36760414697634,0.0
^VIX,2026-08-19,25.0,Call,3.15,3.4,3.11,19.0,2588.0,0.036110840998685945,18.6299991607666,1.36760414697634,0.0
^VIX,2026-08-19,25.0,Put,5.8,6.05,6.1,5.0,41.0,0.036110840998685945,18.6299991607666,1.36760414697634,0.0
^VIX,2026-08-19,26.0,Call,2.96,3.2,3.07,6.0,151.0,0.036110840998685945,18.6299991607666,1.36760414697634,0.0
^VIX,2026-08-19,26.0,Put,6.6,6.85,6.85,20.0,77.0,0.036110840998685945,18.6299991607666,1.36760414697634,0.0
^VIX,2026-08-19,27.0,Call,2.78,2.99,2.78,43.0,208.0,0.036110840998685945,18.6299991607666,1.36760414697634,0.0
^VIX,2026-08-19,27.0,Put,7.4,7.65,7.62,20.0,24.0,0.036110840998685945,18.6299991607666,1.36760414697634,0.0
^VIX,2026-08-19,28.0,Call,2.62,2.83,2.71,5.0,257.0,0.036110840998685945,18.6299991607666,1.36760414697634,0.0
^VIX,2026-08-19,28.0,Put,8.2,8.45,8.46,20.0,28.0,0.036110840998685945,18.6299991607666,1.36760414697634,0.0
^VIX,2026-08-19,29.0,Call,2.48,2.68,2.6,5.0,328.0,0.036110840998685945,18.6299991607666,1.36760414697634,0.0
^VIX,2026-08-19,29.0,Put,9.05,9.3,9.35,1.0,3.0,0.036110840998685945,18.6299991607666,1.36760414697634,0.0
^VIX,2026-08-19,30.0,Call,2.34,2.55,2.33,1.0,4643.0,0.036110840998685945,18.6299991607666,1.36760414697634,0.0
^VIX,2026-08-19,30.0,Put,9.9,10.15,10.2,4.0,10.0,0.036110840998685945,18.6299991607666,1.36760414697634,0.0
^VIX,2026-08-19,31.0,Call,2.22,2.42,2.23,5.0,137.0,0.036110840998685945,18.6299991607666,1.36760414697634,0.0
^VIX,2026-08-19,32.0,Call,2.11,2.31,2.21,1.0,278.0,0.036110840998685945,18.6299991607666,1.36760414697634,0.0
^VIX,2026-08-19,33.0,Call,2.01,2.21,2.05,42.0,2074.0,0.036110840998685945,18.6299991607666,1.36760414697634,0.0
^VIX,2026-08-19,34.0,Call,1.92,2.11,1.96,42.0,77.0,0.036110840998685945,18.6299991607666,1.36760414697634,0.0
^VIX,2026-08-19,35.0,Call,1.83,2.03,1.88,8.0,10856.0,0.036110840998685945,18.6299991607666,1.36760414697634,0.0
^VIX,2026-08-19,35.0,Put,14.3,14.55,14.66,2.0,3.0,0.036110840998685945,18.6299991607666,1.36760414697634,0.0
^VIX,2026-08-19,36.0,Call,1.75,1.95,1.78,42.0,163.0,0.036110840998685945,18.6299991607666,1.36760414697634,0.0
^VIX,2026-08-19,37.0,Call,1.68,1.87,1.73,42.0,1061.0,0.036110840998685945,18.6299991607666,1.36760414697634,0.0
^VIX,2026-08-19,38.0,Call,1.61,1.8,1.65,42.0,74.0,0.036110840998685945,18.6299991607666,1.36760414697634,0.0
^VIX,2026-08-19,39.0,Call,1.55,1.73,1.58,42.0,53.0,0.036110840998685945,18.6299991607666,1.36760414697634,0.0
^VIX,2026-08-19,40.0,Call,1.49,1.67,1.49,4.0,1036.0,0.036110840998685945,18.6299991607666,1.36760414697634,0.0
^VIX,2026-08-19,40.0,Put,18.85,19.1,19.25,2.0,3.0,0.036110840998685945,18.6299991607666,1.36760414697634,0.0
^VIX,2026-08-19,42.5,Call,1.35,1.53,1.41,104.0,127.0,0.036110840998685945,18.6299991607666,1.36760414697634,0.0
^VIX,2026-08-19,45.0,Call,1.23,1.4,1.28,104.0,3552.0,0.036110840998685945,18.6299991607666,1.36760414697634,0.0
^VIX,2026-08-19,47.5,Call,1.12,1.29,1.21,5.0,80542.0,0.036110840998685945,18.6299991607666,1.36760414697634,0.0
^VIX,2026-08-19,50.0,Call,1.03,1.2,1.08,100210.0,100711.0,0.036110840998685945,18.6299991607666,1.36760414697634,0.0
^VIX,2026-08-19,50.0,Put,28.2,28.45,28.44,2.0,3.0,0.036110840998685945,18.6299991607666,1.36760414697634,0.0
^VIX,2026-08-19,55.0,Call,0.87,1.04,0.97,5000.0,12232.0,0.036110840998685945,18.6299991607666,1.36760414697634,0.0
^VIX,2026-08-19,60.0,Call,0.75,0.9,0.82,233.0,1796.0,0.036110840998685945,18.6299991607666,1.36760414697634,0.0
^VIX,2026-08-19,60.0,Put,37.7,38.0,37.8,,1.0,0.036110840998685945,18.6299991607666,1.36760414697634,0.0
^VIX,2026-08-19,65.0,Call,0.64,0.8,0.65,4.0,513.0,0.036110840998685945,18.6299991607666,1.36760414697634,0.0
^VIX,2026-08-19,70.0,Call,0.56,0.71,0.69,26.0,389.0,0.036110840998685945,18.6299991607666,1.36760414697634,0.0
^VIX,2026-08-19,75.0,Call,0.49,0.64,0.55,2.0,6241.0,0.036110840998685945,18.6299991607666,1.36760414697634,0.0
^VIX,2026-08-19,80.0,Call,0.43,0.58,0.53,40.0,792.0,0.036110840998685945,18.6299991607666,1.36760414697634,0.0
^VIX,2026-08-19,85.0,Call,0.38,0.53,0.49,2.0,57324.0,0.036110840998685945,18.6299991607666,1.36760414697634,0.0
^VIX,2026-08-19,90.0,Call,0.34,0.48,0.43,1.0,1295.0,0.036110840998685945,18.6299991607666,1.36760414697634,0.0
^VIX,2026-08-19,95.0,Call,0.31,0.45,0.33,1.0,8.0,0.036110840998685945,18.6299991607666,1.36760414697634,0.0
^VIX,2026-08-19,100.0,Call,0.28,0.42,0.34,1.0,610.0,0.036110840998685945,18.6299991607666,1.36760414697634,0.0
^VIX,2026-08-19,110.0,Call,0.23,0.37,0.32,2.0,5.0,0.036110840998685945,18.6299991607666,1.36760414697634,0.0
^VIX,2026-08-19,120.0,Call,0.2,0.33,0.24,2023.0,5066.0,0.036110840998685945,18.6299991607666,1.36760414697634,0.0
^VIX,2026-08-19,120.0,Put,96.2,96.6,95.6,1.0,1.0,0.036110840998685945,18.6299991607666,1.36760414697634,0.0
^VIX,2026-08-19,130.0,Call,0.16,0.3,0.25,2.0,632.0,0.036110840998685945,18.6299991607666,1.36760414697634,0.0
^VIX,2026-08-19,130.0,Put,105.85,106.15,106.35,,1.0,0.036110840998685945,18.6299991607666,1.36760414697634,0.0
^VIX,2026-08-19,140.0,Call,0.14,0.28,0.22,2.0,5010.0,0.036110840998685945,18.6299991607666,1.36760414697634,0.0
^VIX,2026-08-19,140.0,Put,115.6,115.95,115.85,1.0,1.0,0.036110840998685945,18.6299991607666,1.36760414697634,0.0
^VIX,2026-08-19,150.0,Call,0.13,0.26,0.2,25.0,6384.0,0.036110840998685945,18.6299991607666,1.36760414697634,0.0
^VIX,2026-08-19,150.0,Put,125.4,126.0,124.7,,1.0,0.036110840998685945,18.6299991607666,1.36760414697634,0.0
^VIX,2026-08-19,160.0,Call,0.11,0.24,0.16,100.0,321.0,0.036110840998685945,18.6299991607666,1.36760414697634,0.0
^VIX,2026-08-19,190.0,Call,0.07,0.2,0.15,100.0,102.0,0.036110840998685945,18.6299991607666,1.36760414697634,0.0
^VIX,2026-08-19,200.0,Call,0.06,0.19,0.14,100.0,183.0,0.036110840998685945,18.6299991607666,1.36760414697634,0.0
^VIX,2026-09-16,10.0,Call,12.2,12.55,12.3,3.0,125.0,0.035879369250985546,18.6299991607666,1.36760414697634,0.0
^VIX,2026-09-16,10.0,Put,0.0,0.07,0.04,51.0,2.0,0.035879369250985546,18.6299991607666,1.36760414697634,0.0
^VIX,2026-09-16,10.5,Call,11.7,12.05,11.35,3.0,5.0,0.035879369250985546,18.6299991607666,1.36760414697634,0.0
^VIX,2026-09-16,11.0,Call,11.2,11.6,10.85,2.0,44.0,0.035879369250985546,18.6299991607666,1.36760414697634,0.0
^VIX,2026-09-16,11.0,Put,0.01,0.07,0.12,,20.0,0.035879369250985546,18.6299991607666,1.36760414697634,0.0
^VIX,2026-09-16,11.5,Call,10.75,11.1,10.15,1.0,14.0,0.035879369250985546,18.6299991607666,1.36760414697634,0.0
^VIX,2026-09-16,11.5,Put,0.01,0.08,0.06,1.0,15.0,0.035879369250985546,18.6299991607666,1.36760414697634,0.0
^VIX,2026-09-16,12.0,Call,10.25,10.6,10.15,2.0,82.0,0.035879369250985546,18.6299991607666,1.36760414697634,0.0
^VIX,2026-09-16,12.0,Put,0.01,0.08,0.01,1.0,50.0,0.035879369250985546,18.6299991607666,1.36760414697634,0.0
^VIX,2026-09-16,12.5,Call,9.75,10.1,9.8,1.0,39.0,0.035879369250985546,18.6299991607666,1.36760414697634,0.0
^VIX,2026-09-16,12.5,Put,0.02,0.08,0.02,1.0,72.0,0.035879369250985546,18.6299991607666,1.36760414697634,0.0
^VIX,2026-09-16,13.0,Call,9.3,9.65,9.2,15.0,776.0,0.035879369250985546,18.6299991607666,1.36760414697634,0.0
^VIX,2026-09-16,13.0,Put,0.02,0.09,0.02,2.0,46.0,0.035879369250985546,18.6299991607666,1.36760414697634,0.0
^VIX,2026-09-16,13.5,Call,8.8,9.15,8.7,22.0,317.0,0.035879369250985546,18.6299991607666,1.36760414697634,0.0
^VIX,2026-09-16,13.5,Put,0.03,0.1,0.14,51.0,52.0,0.035879369250985546,18.6299991607666,1.36760414697634,0.0
^VIX,2026-09-16,14.0,Call,8.3,8.65,8.2,6.0,488.0,0.035879369250985546,18.6299991607666,1.36760414697634,0.0
^VIX,2026-09-16,14.0,Put,0.08,0.12,0.07,2.0,123.0,0.035879369250985546,18.6299991607666,1.36760414697634,0.0
^VIX,2026-09-16,14.5,Call,7.9,8.25,7.8,3.0,446.0,0.035879369250985546,18.6299991607666,1.36760414697634,0.0
^VIX,2026-09-16,14.5,Put,0.0,0.16,0.15,24.0,25.0,0.035879369250985546,18.6299991607666,1.36760414697634,0.0
^VIX,2026-09-16,15.0,Call,7.45,7.8,7.6,17.0,864.0,0.035879369250985546,18.6299991607666,1.36760414697634,0.0
^VIX,2026-09-16,15.0,Put,0.06,0.24,0.23,37.0,146.0,0.035879369250985546,18.6299991607666,1.36760414697634,0.0
^VIX,2026-09-16,16.0,Call,6.7,7.05,6.65,7.0,165.0,0.035879369250985546,18.6299991607666,1.36760414697634,0.0
^VIX,2026-09-16,16.0,Put,0.28,0.47,0.43,3.0,110.0,0.035879369250985546,18.6299991607666,1.36760414697634,0.0
^VIX,2026-09-16,17.0,Call,6.05,6.4,6.2,5.0,298.0,0.035879369250985546,18.6299991607666,1.36760414697634,0.0
^VIX,2026-09-16,17.0,Put,0.61,0.81,0.82,2.0,27.0,0.035879369250985546,18.6299991607666,1.36760414697634,0.0
^VIX,2026-09-16,18.0,Call,5.55,5.85,5.6,1.0,282.0,0.035879369250985546,18.6299991607666,1.36760414697634,0.0
^VIX,2026-09-16,18.0,Put,1.04,1.26,1.2,3.0,58.0,0.035879369250985546,18.6299991607666,1.36760414697634,0.0
^VIX,2026-09-16,19.0,Call,5.1,5.4,5.2,13.0,236.0,0.035879369250985546,18.6299991607666,1.36760414697634,0.0
^VIX,2026-09-16,19.0,Put,1.58,1.8,1.84,1.0,104.0,0.035879369250985546,18.6299991607666,1.36760414697634,0.0
^VIX,2026-09-16,20.0,Call,4.7,5.05,4.85,3.0,818.0,0.035879369250985546,18.6299991607666,1.36760414697634,0.0
^VIX,2026-09-16,20.0,Put,2.18,2.41,2.3,1.0,301.0,0.035879369250985546,18.6299991607666,1.36760414697634,0.0
^VIX,2026-09-16,21.0,Call,4.4,4.7,4.6,3.0,43.0,0.035879369250985546,18.6299991607666,1.36760414697634,0.0
^VIX,2026-09-16,21.0,Put,2.83,3.1,3.05,1.0,24.0,0.035879369250985546,18.6299991607666,1.36760414697634,0.0
^VIX,2026-09-16,22.0,Call,4.1,4.4,4.1,381.0,642.0,0.035879369250985546,18.6299991607666,1.36760414697634,0.0
^VIX,2026-09-16,22.0,Put,3.5,3.75,3.55,4.0,398.0,0.035879369250985546,18.6299991607666,1.36760414697634,0.0
^VIX,2026-09-16,23.0,Call,3.8,4.15,3.9,2.0,197.0,0.035879369250985546,18.6299991607666,1.36760414697634,0.0
^VIX,2026-09-16,23.0,Put,4.2,4.5,4.83,10.0,25.0,0.035879369250985546,18.6299991607666,1.36760414697634,0.0
^VIX,2026-09-16,24.0,Call,3.55,3.9,3.7,1.0,30.0,0.035879369250985546,18.6299991607666,1.36760414697634,0.0
^VIX,2026-09-16,24.0,Put,4.9,5.2,5.1,5.0,5.0,0.035879369250985546,18.6299991607666,1.36760414697634,0.0
^VIX,2026-09-16,25.0,Call,3.35,3.65,3.45,13.0,926.0,0.035879369250985546,18.6299991607666,1.36760414697634,0.0
^VIX,2026-09-16,25.0,Put,5.65,5.95,5.88,10.0,77.0,0.035879369250985546,18.6299991607666,1.36760414697634,0.0
^VIX,2026-09-16,26.0,Call,3.1,3.45,3.15,3.0,8.0,0.035879369250985546,18.6299991607666,1.36760414697634,0.0
^VIX,2026-09-16,26.0,Put,6.45,6.7,6.68,10.0,12.0,0.035879369250985546,18.6299991607666,1.36760414697634,0.0
^VIX,2026-09-16,27.0,Call,2.95,3.25,3.04,2.0,26.0,0.035879369250985546,18.6299991607666,1.36760414697634,0.0
^VIX,2026-09-16,27.0,Put,7.2,7.5,7.57,10.0,12.0,0.035879369250985546,18.6299991607666,1.36760414697634,0.0
^VIX,2026-09-16,28.0,Call,2.77,3.05,2.88,1.0,296.0,0.035879369250985546,18.6299991607666,1.36760414697634,0.0
^VIX,2026-09-16,28.0,Put,8.0,8.3,8.28,2.0,12.0,0.035879369250985546,18.6299991607666,1.36760414697634,0.0
^VIX,2026-09-16,29.0,Call,2.61,2.87,2.65,21.0,273.0,0.035879369250985546,18.6299991607666,1.36760414697634,0.0
^VIX,2026-09-16,29.0,Put,8.8,9.1,9.15,10.0,10.0,0.035879369250985546,18.6299991607666,1.36760414697634,0.0
^VIX,2026-09-16,30.0,Call,2.47,2.72,2.65,5.0,804.0,0.035879369250985546,18.6299991607666,1.36760414697634,0.0
^VIX,2026-09-16,30.0,Put,9.65,9.95,10.01,10.0,22.0,0.035879369250985546,18.6299991607666,1.36760414697634,0.0
^VIX,2026-09-16,31.0,Call,2.33,2.59,2.35,1.0,0.0,0.035879369250985546,18.6299991607666,1.36760414697634,0.0
^VIX,2026-09-16,32.0,Call,2.21,2.46,2.32,1.0,262.0,0.035879369250985546,18.6299991607666,1.36760414697634,0.0
^VIX,2026-09-16,33.0,Call,2.1,2.35,2.05,1.0,6.0,0.035879369250985546,18.6299991607666,1.36760414697634,0.0
^VIX,2026-09-16,34.0,Call,2.0,2.24,2.09,1.0,9.0,0.035879369250985546,18.6299991607666,1.36760414697634,0.0
^VIX,2026-09-16,35.0,Call,1.9,2.14,1.99,2.0,5644.0,0.035879369250985546,18.6299991607666,1.36760414697634,0.0
^VIX,2026-09-16,36.0,Call,1.82,2.05,1.93,,42.0,0.035879369250985546,18.6299991607666,1.36760414697634,0.0
^VIX,2026-09-16,37.0,Call,1.74,1.97,1.9,25.0,26.0,0.035879369250985546,18.6299991607666,1.36760414697634,0.0
^VIX,2026-09-16,38.0,Call,1.67,1.89,1.75,1.0,1.0,0.035879369250985546,18.6299991607666,1.36760414697634,0.0
^VIX,2026-09-16,39.0,Call,1.6,1.82,1.71,65.0,183.0,0.035879369250985546,18.6299991607666,1.36760414697634,0.0
^VIX,2026-09-16,40.0,Call,1.53,1.76,1.61,7.0,1059.0,0.035879369250985546,18.6299991607666,1.36760414697634,0.0
^VIX,2026-09-16,40.0,Put,18.5,18.8,19.2,2.0,2.0,0.035879369250985546,18.6299991607666,1.36760414697634,0.0
^VIX,2026-09-16,42.5,Call,1.39,1.61,1.48,9.0,21.0,0.035879369250985546,18.6299991607666,1.36760414697634,0.0
^VIX,2026-09-16,45.0,Call,1.28,1.49,1.55,25.0,360.0,0.035879369250985546,18.6299991607666,1.36760414697634,0.0
^VIX,2026-09-16,47.5,Call,1.18,1.38,1.25,5.0,10.0,0.035879369250985546,18.6299991607666,1.36760414697634,0.0
^VIX,2026-09-16,50.0,Call,1.09,1.29,1.15,151.0,389.0,0.035879369250985546,18.6299991607666,1.36760414697634,0.0
^VIX,2026-09-16,50.0,Put,27.8,28.15,28.02,1.0,0.0,0.035879369250985546,18.6299991607666,1.36760414697634,0.0
^VIX,2026-09-16,55.0,Call,0.94,1.13,0.98,3.0,424.0,0.035879369250985546,18.6299991607666,1.36760414697634,0.0
^VIX,2026-09-16,55.0,Put,33.0,33.5,33.15,,1.0,0.035879369250985546,18.6299991607666,1.36760414697634,0.0
^VIX,2026-09-16,60.0,Call,0.82,1.01,0.9,2.0,396.0,0.035879369250985546,18.6299991607666,1.36760414697634,0.0
^VIX,2026-09-16,65.0,Call,0.71,0.9,0.8,2.0,31.0,0.035879369250985546,18.6299991607666,1.36760414697634,0.0
^VIX,2026-09-16,70.0,Call,0.62,0.8,0.63,2.0,83.0,0.035879369250985546,18.6299991607666,1.36760414697634,0.0
^VIX,2026-09-16,75.0,Call,0.55,0.72,0.6,27.0,438.0,0.035879369250985546,18.6299991607666,1.36760414697634,0.0
^VIX,2026-09-16,80.0,Call,0.49,0.66,0.56,1.0,72.0,0.035879369250985546,18.6299991607666,1.36760414697634,0.0
^VIX,2026-09-16,85.0,Call,0.43,0.6,0.45,2.0,22.0,0.035879369250985546,18.6299991607666,1.36760414697634,0.0
^VIX,2026-09-16,90.0,Call,0.38,0.55,0.41,2.0,2.0,0.035879369250985546,18.6299991607666,1.36760414697634,0.0
^VIX,2026-09-16,95.0,Call,0.34,0.5,0.38,1.0,2.0,0.035879369250985546,18.6299991607666,1.36760414697634,0.0
^VIX,2026-09-16,100.0,Call,0.31,0.47,0.37,38.0,76.0,0.035879369250985546,18.6299991607666,1.36760414697634,0.0
^VIX,2026-09-16,110.0,Call,0.26,0.41,0.32,4500.0,4504.0,0.035879369250985546,18.6299991607666,1.36760414697634,0.0
^VIX,2026-09-16,120.0,Call,0.22,0.37,0.2,4.0,4.0,0.035879369250985546,18.6299991607666,1.36760414697634,0.0
^VIX,2026-09-16,120.0,Put,95.4,95.8,95.65,1.0,1.0,0.035879369250985546,18.6299991607666,1.36760414697634,0.0
^VIX,2026-09-16,130.0,Call,0.18,0.33,0.26,1.0,2.0,0.035879369250985546,18.6299991607666,1.36760414697634,0.0
^VIX,2026-09-16,150.0,Put,124.7,125.45,124.5,1.0,1.0,0.035879369250985546,18.6299991607666,1.36760414697634,0.0
^VIX,2026-09-16,160.0,Call,0.12,0.26,0.07,1.0,2.0,0.035879369250985546,18.6299991607666,1.36760414697634,0.0
^VIX,2026-09-16,170.0,Call,0.1,0.24,0.18,3.0,103.0,0.035879369250985546,18.6299991607666,1.36760414697634,0.0
^VIX,2026-09-16,190.0,Call,0.08,0.22,0.15,3.0,103.0,0.035879369250985546,18.6299991607666,1.36760414697634,0.0
^VIX,2026-09-16,200.0,Call,0.07,0.2,0.15,5.0,155.0,0.035879369250985546,18.6299991607666,1.36760414697634,0.0
^VIX,2026-09-16,200.0,Put,173.5,174.0,173.5,,10.0,0.035879369250985546,18.6299991607666,1.36760414697634,0.0
^VIX,2026-10-21,10.0,Call,12.35,12.95,12.28,19.0,16.0,0.03564940867279895,18.6299991607666,1.36760414697634,0.0
^VIX,2026-10-21,10.0,Put,0.0,0.08,0.01,1.0,3.0,0.03564940867279895,18.6299991607666,1.36760414697634,0.0
^VIX,2026-10-21,11.0,Call,11.35,11.95,11.16,1.0,1.0,0.03564940867279895,18.6299991607666,1.36760414697634,0.0
^VIX,2026-10-21,11.0,Put,0.0,0.08,0.01,11.0,10.0,0.03564940867279895,18.6299991607666,1.36760414697634,0.0
^VIX,2026-10-21,11.5,Call,10.9,11.45,10.89,1.0,2.0,0.03564940867279895,18.6299991607666,1.36760414697634,0.0
^VIX,2026-10-21,12.0,Call,10.4,11.0,10.56,12.0,20.0,0.03564940867279895,18.6299991607666,1.36760414697634,0.0
^VIX,2026-10-21,12.5,Put,0.0,0.09,0.05,200.0,200.0,0.03564940867279895,18.6299991607666,1.36760414697634,0.0
^VIX,2026-10-21,13.0,Call,9.45,10.0,9.37,5.0,16.0,0.03564940867279895,18.6299991607666,1.36760414697634,0.0
^VIX,2026-10-21,13.0,Put,0.0,0.09,0.05,1.0,22.0,0.03564940867279895,18.6299991607666,1.36760414697634,0.0
^VIX,2026-10-21,13.5,Call,8.95,9.55,8.53,,1.0,0.03564940867279895,18.6299991607666,1.36760414697634,0.0
^VIX,2026-10-21,13.5,Put,0.0,0.12,0.1,,1.0,0.03564940867279895,18.6299991607666,1.36760414697634,0.0
^VIX,2026-10-21,14.0,Call,8.5,9.1,8.5,15.0,50.0,0.03564940867279895,18.6299991607666,1.36760414697634,0.0
^VIX,2026-10-21,14.0,Put,0.0,0.15,0.1,1.0,20.0,0.03564940867279895,18.6299991607666,1.36760414697634,0.0
^VIX,2026-10-21,14.5,Call,8.05,8.65,7.7,2.0,7.0,0.03564940867279895,18.6299991607666,1.36760414697634,0.0
^VIX,2026-10-21,14.5,Put,0.02,0.22,0.21,1.0,38.0,0.03564940867279895,18.6299991607666,1.36760414697634,0.0
^VIX,2026-10-21,15.0,Call,7.65,8.25,7.65,2.0,47.0,0.03564940867279895,18.6299991607666,1.36760414697634,0.0
^VIX,2026-10-21,15.0,Put,0.13,0.31,0.26,5.0,170.0,0.03564940867279895,18.6299991607666,1.36760414697634,0.0
^VIX,2026-10-21,16.0,Call,6.95,7.5,7.1,2.0,6.0,0.03564940867279895,18.6299991607666,1.36760414697634,0.0
^VIX,2026-10-21,16.0,Put,0.34,0.57,0.49,1.0,14.0,0.03564940867279895,18.6299991607666,1.36760414697634,0.0
^VIX,2026-10-21,17.0,Call,6.35,6.9,6.45,1.0,57.0,0.03564940867279895,18.6299991607666,1.36760414697634,0.0
^VIX,2026-10-21,17.0,Put,0.69,0.94,0.9,1.0,11.0,0.03564940867279895,18.6299991607666,1.36760414697634,0.0
^VIX,2026-10-21,18.0,Call,5.8,6.3,5.9,1.0,334.0,0.03564940867279895,18.6299991607666,1.36760414697634,0.0
^VIX,2026-10-21,18.0,Put,1.13,1.41,1.52,5.0,41.0,0.03564940867279895,18.6299991607666,1.36760414697634,0.0
^VIX,2026-10-21,19.0,Call,5.35,5.9,5.4,11.0,23.0,0.03564940867279895,18.6299991607666,1.36760414697634,0.0
^VIX,2026-10-21,19.0,Put,1.68,1.96,1.91,101.0,114.0,0.03564940867279895,18.6299991607666,1.36760414697634,0.0
^VIX,2026-10-21,20.0,Call,5.0,5.5,5.11,25.0,367.0,0.03564940867279895,18.6299991607666,1.36760414697634,0.0
^VIX,2026-10-21,20.0,Put,2.28,2.58,2.59,1.0,118.0,0.03564940867279895,18.6299991607666,1.36760414697634,0.0
^VIX,2026-10-21,21.0,Call,4.7,5.2,4.82,2.0,93.0,0.03564940867279895,18.6299991607666,1.36760414697634,0.0
^VIX,2026-10-21,21.0,Put,2.93,3.25,3.15,6.0,15.0,0.03564940867279895,18.6299991607666,1.36760414697634,0.0
^VIX,2026-10-21,22.0,Call,4.4,4.9,4.48,1.0,13.0,0.03564940867279895,18.6299991607666,1.36760414697634,0.0
^VIX,2026-10-21,22.0,Put,3.6,3.95,3.95,1.0,32.0,0.03564940867279895,18.6299991607666,1.36760414697634,0.0
^VIX,2026-10-21,23.0,Call,4.1,4.6,4.2,1.0,6.0,0.03564940867279895,18.6299991607666,1.36760414697634,0.0
^VIX,2026-10-21,23.0,Put,4.3,4.65,4.47,1.0,4.0,0.03564940867279895,18.6299991607666,1.36760414697634,0.0
^VIX,2026-10-21,24.0,Call,3.85,4.35,4.0,25.0,38.0,0.03564940867279895,18.6299991607666,1.36760414697634,0.0
^VIX,2026-10-21,24.0,Put,5.0,5.35,5.45,,3.0,0.03564940867279895,18.6299991607666,1.36760414697634,0.0
^VIX,2026-10-21,25.0,Call,3.65,4.1,3.71,45.0,197.0,0.03564940867279895,18.6299991607666,1.36760414697634,0.0
^VIX,2026-10-21,25.0,Put,5.7,6.1,5.85,,3.0,0.03564940867279895,18.6299991607666,1.36760414697634,0.0
^VIX,2026-10-21,26.0,Call,3.4,3.9,3.5,5.0,6.0,0.03564940867279895,18.6299991607666,1.36760414697634,0.0
^VIX,2026-10-21,27.0,Call,3.2,3.65,3.4,3.0,8.0,0.03564940867279895,18.6299991607666,1.36760414697634,0.0
^VIX,2026-10-21,28.0,Call,3.05,3.5,3.12,3.0,62.0,0.03564940867279895,18.6299991607666,1.36760414697634,0.0
^VIX,2026-10-21,29.0,Call,2.9,3.3,2.93,140.0,208.0,0.03564940867279895,18.6299991607666,1.36760414697634,0.0
^VIX,2026-10-21,30.0,Call,2.75,3.15,2.75,13.0,1176.0,0.03564940867279895,18.6299991607666,1.36760414697634,0.0
^VIX,2026-10-21,31.0,Call,2.61,2.98,2.58,1.0,4.0,0.03564940867279895,18.6299991607666,1.36760414697634,0.0
^VIX,2026-10-21,32.0,Call,2.48,2.85,2.58,2.0,20.0,0.03564940867279895,18.6299991607666,1.36760414697634,0.0
^VIX,2026-10-21,33.0,Call,2.37,2.73,2.45,10.0,22.0,0.03564940867279895,18.6299991607666,1.36760414697634,0.0
^VIX,2026-10-21,35.0,Call,2.16,2.51,2.21,52.0,183.0,0.03564940867279895,18.6299991607666,1.36760414697634,0.0
^VIX,2026-10-21,36.0,Call,2.07,2.41,2.41,17.0,18.0,0.03564940867279895,18.6299991607666,1.36760414697634,0.0
^VIX,2026-10-21,40.0,Call,1.76,2.08,1.69,10.0,391.0,0.03564940867279895,18.6299991607666,1.36760414697634,0.0
^VIX,2026-10-21,42.5,Call,1.61,1.92,1.75,3.0,3.0,0.03564940867279895,18.6299991607666,1.36760414697634,0.0
^VIX,2026-10-21,45.0,Call,1.48,1.77,1.65,1.0,267.0,0.03564940867279895,18.6299991607666,1.36760414697634,0.0
^VIX,2026-10-21,47.5,Call,1.36,1.47,1.32,,5.0,0.03564940867279895,18.6299991607666,1.36760414697634,0.0
^VIX,2026-10-21,50.0,Call,1.25,1.53,1.33,154.0,340.0,0.03564940867279895,18.6299991607666,1.36760414697634,0.0
^VIX,2026-10-21,55.0,Call,1.08,1.34,1.17,1.0,6.0,0.03564940867279895,18.6299991607666,1.36760414697634,0.0
^VIX,2026-10-21,60.0,Call,0.94,1.19,1.0,6.0,844.0,0.03564940867279895,18.6299991607666,1.36760414697634,0.0
^VIX,2026-10-21,65.0,Call,0.82,1.06,0.99,5.0,11.0,0.03564940867279895,18.6299991607666,1.36760414697634,0.0
^VIX,2026-10-21,70.0,Call,0.71,0.95,0.78,27.0,29.0,0.03564940867279895,18.6299991607666,1.36760414697634,0.0
^VIX,2026-10-21,75.0,Call,0.63,0.85,0.65,152.0,163.0,0.03564940867279895,18.6299991607666,1.36760414697634,0.0
^VIX,2026-10-21,80.0,Call,0.56,0.77,0.7,5.0,67.0,0.03564940867279895,18.6299991607666,1.36760414697634,0.0
^VIX,2026-10-21,85.0,Call,0.49,0.7,0.57,,3.0,0.03564940867279895,18.6299991607666,1.36760414697634,0.0
^VIX,2026-10-21,100.0,Call,0.36,0.55,0.45,10.0,49.0,0.03564940867279895,18.6299991607666,1.36760414697634,0.0
^VIX,2026-10-21,110.0,Call,0.29,0.48,0.43,1.0,7.0,0.03564940867279895,18.6299991607666,1.36760414697634,0.0
^VIX,2026-10-21,120.0,Call,0.24,0.43,0.36,,1.0,0.03564940867279895,18.6299991607666,1.36760414697634,0.0
^VIX,2026-10-21,130.0,Call,0.2,0.39,0.23,,21.0,0.03564940867279895,18.6299991607666,1.36760414697634,0.0
^VIX,2026-10-21,140.0,Call,0.17,0.35,0.31,1.0,2.0,0.03564940867279895,18.6299991607666,1.36760414697634,0.0
^VIX,2026-10-21,150.0,Call,0.15,0.32,0.25,,1.0,0.03564940867279895,18.6299991607666,1.36760414697634,0.0
^VIX,2026-10-21,150.0,Put,123.85,124.55,124.3,,1.0,0.03564940867279895,18.6299991607666,1.36760414697634,0.0
^VIX,2026-10-21,180.0,Call,0.09,0.26,0.08,1.0,21.0,0.03564940867279895,18.6299991607666,1.36760414697634,0.0
^VIX,2026-10-21,200.0,Call,0.07,0.23,0.21,34.0,132.0,0.03564940867279895,18.6299991607666,1.36760414697634,0.0
^VIX,2026-10-21,200.0,Put,172.55,173.25,172.85,2.0,4.0,0.03564940867279895,18.6299991607666,1.36760414697634,0.0
^XDA,2026-03-20,53.0,Call,10.0,15.0,12.45,,2.0,0.037462023653088046,71.02999877929688,0.09813109958608403,0.0
^XDA,2026-03-20,64.0,Call,0.0,0.0,5.49,60.0,24.0,0.037462023653088046,71.02999877929688,0.09813109958608403,0.0
^XDA,2026-03-20,65.0,Call,0.0,5.0,2.12,22.0,23.0,0.037462023653088046,71.02999877929688,0.09813109958608403,0.0
^XDA,2026-04-17,69.0,Call,0.0,0.0,2.16,,1.0,0.0373,71.02999877929688,0.09813109958608403,0.0
^XDA,2026-06-18,70.0,Call,0.0,0.0,1.93,6.0,6.0,0.036699999999999997,71.02999877929688,0.09813109958608403,0.0
^XDA,2026-06-18,71.0,Call,0.0,0.0,1.38,,5.0,0.036699999999999997,71.02999877929688,0.09813109958608403,0.0
^XDA,2026-09-18,68.0,Call,0.0,0.0,3.46,1.0,1.0,0.03586622864651774,71.02999877929688,0.09813109958608403,0.0
^XDA,2026-09-18,69.0,Call,0.0,0.0,2.71,2.0,2.0,0.03586622864651774,71.02999877929688,0.09813109958608403,0.0
^XDA,2026-09-18,70.0,Call,0.0,0.0,2.2,1.0,2.0,0.03586622864651774,71.02999877929688,0.09813109958608403,0.0
^XDA,2026-12-18,66.0,Call,3.0,8.0,3.3,,3.0,0.035268331143232586,71.02999877929688,0.09813109958608403,0.0
^XDA,2026-12-18,75.0,Call,0.0,0.0,1.33,,1.0,0.035268331143232586,71.02999877929688,0.09813109958608403,0.0
^XDB,2026-03-20,120.0,Put,0.0,5.0,0.2,5.0,5.0,0.037462023653088046,134.83900451660156,0.0705253904401043,0.0
^XDB,2026-03-20,130.0,Put,2.14,3.24,3.5,,4.0,0.037462023653088046,134.83900451660156,0.0705253904401043,0.0
^XDB,2026-03-20,132.0,Put,1.55,2.24,3.0,,1.0,0.037462023653088046,134.83900451660156,0.0705253904401043,0.0
^XDB,2026-03-20,133.0,Put,1.89,2.63,2.75,2.0,3.0,0.037462023653088046,134.83900451660156,0.0705253904401043,0.0
^XDB,2026-03-20,135.0,Put,0.0,5.63,7.2,,3.0,0.037462023653088046,134.83900451660156,0.0705253904401043,0.0
^XDB,2026-06-18,127.0,Put,0.93,1.67,1.28,,1.0,0.036699999999999997,134.83900451660156,0.0705253904401043,0.0
^XDB,2026-06-18,137.0,Put,4.28,5.7,4.8,,3.0,0.036699999999999997,134.83900451660156,0.0705253904401043,0.0
^XDB,2026-09-18,129.0,Put,1.68,2.65,2.0,1.0,1.0,0.03586622864651774,134.83900451660156,0.0705253904401043,0.0
^XDB,2026-09-18,130.0,Put,1.97,2.96,2.5,6.0,6.0,0.03586622864651774,134.83900451660156,0.0705253904401043,0.0
^XDB,2026-09-18,133.0,Put,1.84,2.78,4.3,1.0,3.0,0.03586622864651774,134.83900451660156,0.0705253904401043,0.0
^XDB,2026-09-18,134.0,Put,0.0,0.0,1.42,,1.0,0.03586622864651774,134.83900451660156,0.0705253904401043,0.0
^XDB,2026-09-18,135.0,Put,4.21,5.63,4.8,1.0,1.0,0.03586622864651774,134.83900451660156,0.0705253904401043,0.0
^XDB,2026-09-18,136.0,Put,0.0,0.0,2.0,1.0,7.0,0.03586622864651774,134.83900451660156,0.0705253904401043,0.0
^XDB,2026-12-18,140.0,Put,0.0,0.0,6.0,,5.0,0.035268331143232586,134.83900451660156,0.0705253904401043,0.0
^XDE,2026-03-20,114.0,Put,0.0,5.0,1.39,,1.0,0.037462023653088046,117.97699737548828,0.07769338479226999,0.0
^XDE,2026-03-20,115.0,Put,0.0,0.0,1.56,1.0,3.0,0.037462023653088046,117.97699737548828,0.07769338479226999,0.0
^XDE,2026-03-20,116.5,Call,2.7,3.1,2.07,8.0,0.0,0.037462023653088046,117.97699737548828,0.07769338479226999,0.0
^XDE,2026-03-20,117.0,Put,0.0,0.0,0.52,4.0,4.0,0.037462023653088046,117.97699737548828,0.07769338479226999,0.0
^XDE,2026-03-20,117.5,Call,0.0,0.0,1.65,,2.0,0.037462023653088046,117.97699737548828,0.07769338479226999,0.0
^XDE,2026-03-20,118.0,Call,0.0,0.0,1.5,1.0,4.0,0.037462023653088046,117.97699737548828,0.07769338479226999,0.0
^XDE,2026-03-20,118.0,Put,0.0,0.0,0.75,20.0,10.0,0.037462023653088046,117.97699737548828,0.07769338479226999,0.0
^XDE,2026-03-20,118.5,Call,0.0,0.0,1.14,,2.0,0.037462023653088046,117.97699737548828,0.07769338479226999,0.0
^XDE,2026-03-20,118.5,Put,0.0,0.0,1.01,34.0,24.0,0.037462023653088046,117.97699737548828,0.07769338479226999,0.0
^XDE,2026-03-20,119.0,Call,0.56,0.81,1.43,,30.0,0.037462023653088046,117.97699737548828,0.07769338479226999,0.0
^XDE,2026-03-20,119.0,Put,0.0,0.0,1.1,10.0,10.0,0.037462023653088046,117.97699737548828,0.07769338479226999,0.0
^XDE,2026-03-20,122.0,Put,2.5,7.5,4.1,6.0,6.0,0.037462023653088046,117.97699737548828,0.07769338479226999,0.0
^XDE,2026-03-20,123.0,Put,4.0,4.45,5.21,12.0,8.0,0.037462023653088046,117.97699737548828,0.07769338479226999,0.0
^XDE,2026-04-17,119.0,Call,0.0,0.0,1.73,,1.0,0.0373,117.97699737548828,0.07769338479226999,0.0
^XDE,2026-04-17,123.0,Call,0.0,0.0,0.34,,1.0,0.0373,117.97699737548828,0.07769338479226999,0.0
^XDE,2026-04-17,123.0,Put,0.0,0.0,2.92,,6.0,0.0373,117.97699737548828,0.07769338479226999,0.0
^XDE,2026-06-18,110.0,Call,4.5,9.5,7.58,5.0,15.0,0.036699999999999997,117.97699737548828,0.07769338479226999,0.0
^XDE,2026-06-18,114.0,Call,3.0,8.0,6.2,,8.0,0.036699999999999997,117.97699737548828,0.07769338479226999,0.0
^XDE,2026-06-18,116.0,Call,0.0,0.0,3.19,1.0,1.0,0.036699999999999997,117.97699737548828,0.07769338479226999,0.0
^XDE,2026-06-18,116.5,Call,0.0,0.0,4.35,100.0,136.0,0.036699999999999997,117.97699737548828,0.07769338479226999,0.0
^XDE,2026-06-18,117.0,Call,0.0,0.0,1.77,,1.0,0.036699999999999997,117.97699737548828,0.07769338479226999,0.0
^XDE,2026-06-18,117.0,Put,0.0,0.0,1.67,,1.0,0.036699999999999997,117.97699737548828,0.07769338479226999,0.0
^XDE,2026-06-18,117.5,Call,0.5,5.5,3.91,,20.0,0.036699999999999997,117.97699737548828,0.07769338479226999,0.0
^XDE,2026-06-18,118.5,Call,0.0,0.0,2.31,,10.0,0.036699999999999997,117.97699737548828,0.07769338479226999,0.0
^XDE,2026-06-18,119.0,Call,0.0,0.0,2.05,,2.0,0.036699999999999997,117.97699737548828,0.07769338479226999,0.0
^XDE,2026-06-18,120.0,Put,2.13,2.61,2.63,3.0,6.0,0.036699999999999997,117.97699737548828,0.07769338479226999,0.0
^XDE,2026-06-18,123.0,Call,0.81,1.17,0.81,,1.0,0.036699999999999997,117.97699737548828,0.07769338479226999,0.0
^XDE,2026-09-18,116.0,Put,0.0,5.0,2.65,,1.0,0.03586622864651774,117.97699737548828,0.07769338479226999,0.0
^XDE,2026-09-18,120.0,Call,0.0,0.0,2.61,,10.0,0.03586622864651774,117.97699737548828,0.07769338479226999,0.0
^XDE,2026-12-18,120.0,Call,0.0,0.0,3.95,50.0,50.0,0.035268331143232586,117.97699737548828,0.07769338479226999,0.0
^XDN,2026-03-20,63.0,Put,0.0,0.0,0.54,,120.0,0.037462023653088046,64.06800079345703,0.09980561882002939,0.0
^XDN,2026-03-20,64.0,Call,0.0,0.0,1.56,40.0,0.0,0.037462023653088046,64.06800079345703,0.09980561882002939,0.0
^XDN,2026-03-20,65.0,Call,1.08,1.34,1.7,10.0,0.0,0.037462023653088046,64.06800079345703,0.09980561882002939,0.0
^XDN,2026-03-20,68.0,Call,3.78,4.34,4.0,,1.0,0.037462023653088046,64.06800079345703,0.09980561882002939,0.0
^XDN,2026-03-20,71.0,Call,0.21,0.49,0.88,,40.0,0.037462023653088046,64.06800079345703,0.09980561882002939,0.0
^XDN,2026-03-20,72.0,Call,0.0,0.1,0.22,,42.0,0.037462023653088046,64.06800079345703,0.09980561882002939,0.0
^XDN,2026-03-20,73.0,Call,0.07,0.29,0.39,40.0,65.0,0.037462023653088046,64.06800079345703,0.09980561882002939,0.0
^XDN,2026-03-20,75.0,Call,0.0,0.1,0.1,20.0,91.0,0.037462023653088046,64.06800079345703,0.09980561882002939,0.0
^XDN,2026-03-20,76.0,Call,0.0,5.0,1.63,,30.0,0.037462023653088046,64.06800079345703,0.09980561882002939,0.0
^XDN,2026-04-17,64.0,Put,0.0,0.0,0.91,,1.0,0.0373,64.06800079345703,0.09980561882002939,0.0
^XDN,2026-04-17,65.0,Call,0.0,0.0,0.9,,1.0,0.0373,64.06800079345703,0.09980561882002939,0.0
^XDN,2026-04-17,65.0,Put,0.0,0.0,0.75,,2.0,0.0373,64.06800079345703,0.09980561882002939,0.0
^XDN,2026-04-17,69.0,Call,0.0,0.0,0.41,14.0,10.0,0.0373,64.06800079345703,0.09980561882002939,0.0
^XDN,2026-04-17,69.0,Put,0.0,0.0,3.9,,2.0,0.0373,64.06800079345703,0.09980561882002939,0.0
^XDN,2026-06-18,66.0,Call,1.15,1.45,1.71,10.0,5.0,0.036699999999999997,64.06800079345703,0.09980561882002939,0.0
^XDN,2026-06-18,72.0,Call,0.35,0.79,1.18,,30.0,0.036699999999999997,64.06800079345703,0.09980561882002939,0.0
^XDN,2026-09-18,70.0,Call,1.04,1.64,2.25,,8.0,0.03586622864651774,64.06800079345703,0.09980561882002939,0.0
^XDN,2026-09-18,75.0,Call,0.2,0.81,1.07,,15.0,0.03586622864651774,64.06800079345703,0.09980561882002939,0.0
^XDN,2026-12-18,64.0,Call,0.0,0.0,4.6,,1.0,0.035268331143232586,64.06800079345703,0.09980561882002939,0.0
^XDN,2026-12-18,70.0,Call,0.0,0.0,1.13,1.0,41.0,0.035268331143232586,64.06800079345703,0.09980561882002939,0.0
