ticker,expiration,K,option_type,bid_price,ask_price,option_price,volume,open_interest,r,S,sigma,q
^RUT,2026-01-26,2110.0,Put,0.0,0.0,0.11,2.0,2.0,0.038900000000000004,2669.159912109375,0.23005902978931697,0.0
^RUT,2026-01-26,2200.0,Put,0.0,0.0,1.15,1.0,1.0,0.038900000000000004,2669.159912109375,0.23005902978931697,0.0
^RUT,2026-01-26,2240.0,Call,0.0,0.0,450.58,1.0,1.0,0.038900000000000004,2669.159912109375,0.23005902978931697,0.0
^RUT,2026-01-26,2250.0,Put,0.0,0.0,1.7,1.0,1.0,0.038900000000000004,2669.159912109375,0.23005902978931697,0.0
^RUT,2026-01-26,2260.0,Call,0.0,0.0,410.28,60.0,30.0,0.038900000000000004,2669.159912109375,0.23005902978931697,0.0
^RUT,2026-01-26,2300.0,Put,0.0,0.0,4.32,2.0,2.0,0.038900000000000004,2669.159912109375,0.23005902978931697,0.0
^RUT,2026-01-26,2305.0,Put,0.0,0.0,4.57,2.0,2.0,0.038900000000000004,2669.159912109375,0.23005902978931697,0.0
^RUT,2026-01-26,2310.0,Put,0.0,0.0,1.96,1.0,1.0,0.038900000000000004,2669.159912109375,0.23005902978931697,0.0
^RUT,2026-01-26,2320.0,Put,0.0,0.0,4.56,1.0,1.0,0.038900000000000004,2669.159912109375,0.23005902978931697,0.0
^RUT,2026-01-26,2325.0,Put,0.0,0.0,4.83,1.0,1.0,0.038900000000000004,2669.159912109375,0.23005902978931697,0.0
^RUT,2026-01-26,2340.0,Put,0.0,0.0,1.65,1.0,19.0,0.038900000000000004,2669.159912109375,0.23005902978931697,0.0
^RUT,2026-01-26,2350.0,Call,0.0,0.0,236.26,,1.0,0.038900000000000004,2669.159912109375,0.23005902978931697,0.0
^RUT,2026-01-26,2355.0,Put,0.0,0.0,0.82,,3.0,0.038900000000000004,2669.159912109375,0.23005902978931697,0.0
^RUT,2026-01-26,2360.0,Put,0.0,0.0,2.05,,1.0,0.038900000000000004,2669.159912109375,0.23005902978931697,0.0
^RUT,2026-01-26,2385.0,Put,0.0,0.0,0.32,3.0,26.0,0.038900000000000004,2669.159912109375,0.23005902978931697,0.0
^RUT,2026-01-26,2390.0,Put,0.0,0.0,0.35,4.0,10.0,0.038900000000000004,2669.159912109375,0.23005902978931697,0.0
^RUT,2026-01-26,2395.0,Put,0.0,0.0,5.07,,5.0,0.038900000000000004,2669.159912109375,0.23005902978931697,0.0
^RUT,2026-01-26,2400.0,Put,0.0,0.0,0.27,4.0,11.0,0.038900000000000004,2669.159912109375,0.23005902978931697,0.0
^RUT,2026-01-26,2405.0,Call,0.0,0.0,106.23,1.0,1.0,0.038900000000000004,2669.159912109375,0.23005902978931697,0.0
^RUT,2026-01-26,2410.0,Put,0.0,0.0,0.03,1.0,29.0,0.038900000000000004,2669.159912109375,0.23005902978931697,0.0
^RUT,2026-01-26,2415.0,Call,0.0,0.0,98.2,1.0,1.0,0.038900000000000004,2669.159912109375,0.23005902978931697,0.0
^RUT,2026-01-26,2420.0,Put,0.0,0.0,0.08,1.0,31.0,0.038900000000000004,2669.159912109375,0.23005902978931697,0.0
^RUT,2026-01-26,2430.0,Put,0.0,0.0,3.4,1.0,1.0,0.038900000000000004,2669.159912109375,0.23005902978931697,0.0
^RUT,2026-01-26,2440.0,Put,0.0,0.0,0.07,,1.0,0.038900000000000004,2669.159912109375,0.23005902978931697,0.0
^RUT,2026-01-26,2445.0,Put,0.0,0.0,2.06,,64.0,0.038900000000000004,2669.159912109375,0.23005902978931697,0.0
^RUT,2026-01-26,2450.0,Put,0.0,0.0,0.05,4.0,5.0,0.038900000000000004,2669.159912109375,0.23005902978931697,0.0
^RUT,2026-01-26,2455.0,Put,0.0,0.0,0.05,11.0,16.0,0.038900000000000004,2669.159912109375,0.23005902978931697,0.0
^RUT,2026-01-26,2460.0,Put,0.0,0.0,0.1,40.0,43.0,0.038900000000000004,2669.159912109375,0.23005902978931697,0.0
^RUT,2026-01-26,2465.0,Put,0.0,0.0,0.07,3.0,33.0,0.038900000000000004,2669.159912109375,0.23005902978931697,0.0
^RUT,2026-01-26,2470.0,Put,0.0,0.0,0.58,3.0,28.0,0.038900000000000004,2669.159912109375,0.23005902978931697,0.0
^RUT,2026-01-26,2475.0,Put,0.0,0.0,0.52,4.0,4.0,0.038900000000000004,2669.159912109375,0.23005902978931697,0.0
^RUT,2026-01-26,2480.0,Put,0.0,0.0,0.1,2.0,33.0,0.038900000000000004,2669.159912109375,0.23005902978931697,0.0
^RUT,2026-01-26,2485.0,Put,0.0,0.0,0.1,4.0,16.0,0.038900000000000004,2669.159912109375,0.23005902978931697,0.0
^RUT,2026-01-26,2490.0,Call,0.0,0.0,198.46,1.0,101.0,0.038900000000000004,2669.159912109375,0.23005902978931697,0.0
^RUT,2026-01-26,2490.0,Put,0.0,0.0,0.15,2.0,24.0,0.038900000000000004,2669.159912109375,0.23005902978931697,0.0
^RUT,2026-01-26,2495.0,Put,0.0,0.0,0.51,4.0,151.0,0.038900000000000004,2669.159912109375,0.23005902978931697,0.0
^RUT,2026-01-26,2500.0,Call,0.0,0.0,188.7,1.0,1.0,0.038900000000000004,2669.159912109375,0.23005902978931697,0.0
^RUT,2026-01-26,2500.0,Put,0.0,0.0,0.17,110.0,163.0,0.038900000000000004,2669.159912109375,0.23005902978931697,0.0
^RUT,2026-01-26,2505.0,Call,0.0,0.0,184.22,1.0,1.0,0.038900000000000004,2669.159912109375,0.23005902978931697,0.0
^RUT,2026-01-26,2505.0,Put,0.0,0.0,0.15,14.0,40.0,0.038900000000000004,2669.159912109375,0.23005902978931697,0.0
^RUT,2026-01-26,2510.0,Call,0.0,0.0,179.41,1.0,101.0,0.038900000000000004,2669.159912109375,0.23005902978931697,0.0
^RUT,2026-01-26,2510.0,Put,0.0,0.0,0.15,5.0,47.0,0.038900000000000004,2669.159912109375,0.23005902978931697,0.0
^RUT,2026-01-26,2515.0,Put,0.0,0.0,0.2,5.0,15.0,0.038900000000000004,2669.159912109375,0.23005902978931697,0.0
^RUT,2026-01-26,2520.0,Put,0.0,0.0,0.2,18.0,66.0,0.038900000000000004,2669.159912109375,0.23005902978931697,0.0
^RUT,2026-01-26,2525.0,Call,0.0,0.0,205.36,2.0,2.0,0.038900000000000004,2669.159912109375,0.23005902978931697,0.0
^RUT,2026-01-26,2525.0,Put,0.0,0.0,0.25,2.0,24.0,0.038900000000000004,2669.159912109375,0.23005902978931697,0.0
^RUT,2026-01-26,2530.0,Put,0.0,0.0,0.3,6.0,36.0,0.038900000000000004,2669.159912109375,0.23005902978931697,0.0
^RUT,2026-01-26,2535.0,Put,0.0,0.0,0.2,12.0,49.0,0.038900000000000004,2669.159912109375,0.23005902978931697,0.0
^RUT,2026-01-26,2540.0,Call,0.0,0.0,149.37,2.0,3.0,0.038900000000000004,2669.159912109375,0.23005902978931697,0.0
^RUT,2026-01-26,2540.0,Put,0.0,0.0,0.65,13.0,23.0,0.038900000000000004,2669.159912109375,0.23005902978931697,0.0
^RUT,2026-01-26,2545.0,Call,0.0,0.0,144.39,2.0,2.0,0.038900000000000004,2669.159912109375,0.23005902978931697,0.0
^RUT,2026-01-26,2545.0,Put,0.0,0.0,1.5,1.0,66.0,0.038900000000000004,2669.159912109375,0.23005902978931697,0.0
^RUT,2026-01-26,2550.0,Call,0.0,0.0,80.5,,1.0,0.038900000000000004,2669.159912109375,0.23005902978931697,0.0
^RUT,2026-01-26,2550.0,Put,0.0,0.0,0.22,4.0,57.0,0.038900000000000004,2669.159912109375,0.23005902978931697,0.0
^RUT,2026-01-26,2555.0,Call,0.0,0.0,143.03,6.0,6.0,0.038900000000000004,2669.159912109375,0.23005902978931697,0.0
^RUT,2026-01-26,2555.0,Put,0.0,0.0,0.45,1.0,48.0,0.038900000000000004,2669.159912109375,0.23005902978931697,0.0
^RUT,2026-01-26,2560.0,Call,0.0,0.0,170.28,2.0,3.0,0.038900000000000004,2669.159912109375,0.23005902978931697,0.0
^RUT,2026-01-26,2560.0,Put,0.0,0.0,0.22,1.0,39.0,0.038900000000000004,2669.159912109375,0.23005902978931697,0.0
^RUT,2026-01-26,2565.0,Call,0.0,0.0,132.95,,6.0,0.038900000000000004,2669.159912109375,0.23005902978931697,0.0
^RUT,2026-01-26,2565.0,Put,0.0,0.0,0.27,30.0,85.0,0.038900000000000004,2669.159912109375,0.23005902978931697,0.0
^RUT,2026-01-26,2570.0,Call,0.0,0.0,62.11,,1.0,0.038900000000000004,2669.159912109375,0.23005902978931697,0.0
^RUT,2026-01-26,2570.0,Put,0.0,0.0,0.32,24.0,38.0,0.038900000000000004,2669.159912109375,0.23005902978931697,0.0
^RUT,2026-01-26,2575.0,Call,0.0,0.0,43.1,,3.0,0.038900000000000004,2669.159912109375,0.23005902978931697,0.0
^RUT,2026-01-26,2575.0,Put,0.0,0.0,0.3,1.0,66.0,0.038900000000000004,2669.159912109375,0.23005902978931697,0.0
^RUT,2026-01-26,2580.0,Call,0.0,0.0,70.77,1.0,3.0,0.038900000000000004,2669.159912109375,0.23005902978931697,0.0
^RUT,2026-01-26,2580.0,Put,0.0,0.0,0.47,2.0,189.0,0.038900000000000004,2669.159912109375,0.23005902978931697,0.0
^RUT,2026-01-26,2585.0,Put,0.0,0.0,0.33,21.0,64.0,0.038900000000000004,2669.159912109375,0.23005902978931697,0.0
^RUT,2026-01-26,2590.0,Call,0.0,0.0,15.3,,2.0,0.038900000000000004,2669.159912109375,0.23005902978931697,0.0
^RUT,2026-01-26,2590.0,Put,0.0,0.0,0.9,42.0,57.0,0.038900000000000004,2669.159912109375,0.23005902978931697,0.0
^RUT,2026-01-26,2595.0,Call,0.0,0.0,76.48,2.0,5.0,0.038900000000000004,2669.159912109375,0.23005902978931697,0.0
^RUT,2026-01-26,2595.0,Put,0.0,0.0,0.52,49.0,76.0,0.038900000000000004,2669.159912109375,0.23005902978931697,0.0
^RUT,2026-01-26,2600.0,Call,0.0,0.0,86.36,1.0,3.0,0.038900000000000004,2669.159912109375,0.23005902978931697,0.0
^RUT,2026-01-26,2600.0,Put,0.0,0.0,0.76,10.0,77.0,0.038900000000000004,2669.159912109375,0.23005902978931697,0.0
^RUT,2026-01-26,2605.0,Call,0.0,0.0,53.56,1.0,11.0,0.038900000000000004,2669.159912109375,0.23005902978931697,0.0
^RUT,2026-01-26,2605.0,Put,0.0,0.0,0.79,34.0,33.0,0.038900000000000004,2669.159912109375,0.23005902978931697,0.0
^RUT,2026-01-26,2610.0,Call,0.0,0.0,38.65,1.0,34.0,0.038900000000000004,2669.159912109375,0.23005902978931697,0.0
^RUT,2026-01-26,2610.0,Put,0.0,0.0,0.95,66.0,87.0,0.038900000000000004,2669.159912109375,0.23005902978931697,0.0
^RUT,2026-01-26,2615.0,Call,0.0,0.0,107.68,5.0,8.0,0.038900000000000004,2669.159912109375,0.23005902978931697,0.0
^RUT,2026-01-26,2615.0,Put,0.0,0.0,1.03,37.0,40.0,0.038900000000000004,2669.159912109375,0.23005902978931697,0.0
^RUT,2026-01-26,2620.0,Call,0.0,0.0,102.73,5.0,24.0,0.038900000000000004,2669.159912109375,0.23005902978931697,0.0
^RUT,2026-01-26,2620.0,Put,0.0,0.0,2.65,93.0,139.0,0.038900000000000004,2669.159912109375,0.23005902978931697,0.0
^RUT,2026-01-26,2625.0,Call,0.0,0.0,45.3,3.0,8.0,0.038900000000000004,2669.159912109375,0.23005902978931697,0.0
^RUT,2026-01-26,2625.0,Put,0.0,0.0,1.9,31.0,35.0,0.038900000000000004,2669.159912109375,0.23005902978931697,0.0
^RUT,2026-01-26,2630.0,Call,0.0,0.0,61.0,4.0,71.0,0.038900000000000004,2669.159912109375,0.23005902978931697,0.0
^RUT,2026-01-26,2630.0,Put,0.0,0.0,3.9,54.0,82.0,0.038900000000000004,2669.159912109375,0.23005902978931697,0.0
^RUT,2026-01-26,2635.0,Call,0.0,0.0,58.27,3.0,1.0,0.038900000000000004,2669.159912109375,0.23005902978931697,0.0
^RUT,2026-01-26,2635.0,Put,0.0,0.0,4.3,55.0,73.0,0.038900000000000004,2669.159912109375,0.23005902978931697,0.0
^RUT,2026-01-26,2640.0,Call,0.0,0.0,29.67,25.0,99.0,0.038900000000000004,2669.159912109375,0.23005902978931697,0.0
^RUT,2026-01-26,2640.0,Put,0.0,0.0,5.83,141.0,116.0,0.038900000000000004,2669.159912109375,0.23005902978931697,0.0
^RUT,2026-01-26,2645.0,Call,0.0,0.0,24.15,9.0,42.0,0.038900000000000004,2669.159912109375,0.23005902978931697,0.0
^RUT,2026-01-26,2645.0,Put,0.0,0.0,6.95,96.0,86.0,0.038900000000000004,2669.159912109375,0.23005902978931697,0.0
^RUT,2026-01-26,2650.0,Call,0.0,0.0,20.55,23.0,114.0,0.038900000000000004,2669.159912109375,0.23005902978931697,0.0
^RUT,2026-01-26,2650.0,Put,0.0,0.0,7.45,130.0,119.0,0.038900000000000004,2669.159912109375,0.23005902978931697,0.0
^RUT,2026-01-26,2655.0,Call,0.0,0.0,57.66,15.0,19.0,0.038900000000000004,2669.159912109375,0.23005902978931697,0.0
^RUT,2026-01-26,2655.0,Put,0.0,0.0,7.09,116.0,50.0,0.038900000000000004,2669.159912109375,0.23005902978931697,0.0
^RUT,2026-01-26,2660.0,Call,0.0,0.0,18.6,39.0,69.0,0.038900000000000004,2669.159912109375,0.23005902978931697,0.0
^RUT,2026-01-26,2660.0,Put,0.0,0.0,10.09,185.0,108.0,0.038900000000000004,2669.159912109375,0.23005902978931697,0.0
^RUT,2026-01-26,2665.0,Call,0.0,0.0,11.72,8.0,10.0,0.038900000000000004,2669.159912109375,0.23005902978931697,0.0
^RUT,2026-01-26,2665.0,Put,0.0,0.0,13.07,105.0,69.0,0.038900000000000004,2669.159912109375,0.23005902978931697,0.0
^RUT,2026-01-26,2670.0,Call,0.0,0.0,9.95,26.0,44.0,0.038900000000000004,2669.159912109375,0.23005902978931697,0.0
^RUT,2026-01-26,2670.0,Put,0.0,0.0,15.57,133.0,118.0,0.038900000000000004,2669.159912109375,0.23005902978931697,0.0
^RUT,2026-01-26,2675.0,Call,0.0,0.0,7.27,68.0,79.0,0.038900000000000004,2669.159912109375,0.23005902978931697,0.0
^RUT,2026-01-26,2675.0,Put,0.0,0.0,13.6,174.0,166.0,0.038900000000000004,2669.159912109375,0.23005902978931697,0.0
^RUT,2026-01-26,2680.0,Call,0.0,0.0,7.5,41.0,33.0,0.038900000000000004,2669.159912109375,0.23005902978931697,0.0
^RUT,2026-01-26,2680.0,Put,0.0,0.0,21.5,59.0,53.0,0.038900000000000004,2669.159912109375,0.23005902978931697,0.0
^RUT,2026-01-26,2685.0,Call,0.0,0.0,5.69,183.0,163.0,0.038900000000000004,2669.159912109375,0.23005902978931697,0.0
^RUT,2026-01-26,2685.0,Put,0.0,0.0,19.81,59.0,65.0,0.038900000000000004,2669.159912109375,0.23005902978931697,0.0
^RUT,2026-01-26,2690.0,Call,0.0,0.0,3.24,175.0,178.0,0.038900000000000004,2669.159912109375,0.23005902978931697,0.0
^RUT,2026-01-26,2690.0,Put,0.0,0.0,27.4,217.0,141.0,0.038900000000000004,2669.159912109375,0.23005902978931697,0.0
^RUT,2026-01-26,2695.0,Call,0.0,0.0,2.28,71.0,58.0,0.038900000000000004,2669.159912109375,0.23005902978931697,0.0
^RUT,2026-01-26,2695.0,Put,0.0,0.0,27.62,33.0,16.0,0.038900000000000004,2669.159912109375,0.23005902978931697,0.0
^RUT,2026-01-26,2700.0,Call,0.0,0.0,1.7,224.0,227.0,0.038900000000000004,2669.159912109375,0.23005902978931697,0.0
^RUT,2026-01-26,2700.0,Put,0.0,0.0,36.02,85.0,79.0,0.038900000000000004,2669.159912109375,0.23005902978931697,0.0
^RUT,2026-01-26,2705.0,Call,0.0,0.0,1.3,63.0,38.0,0.038900000000000004,2669.159912109375,0.23005902978931697,0.0
^RUT,2026-01-26,2705.0,Put,0.0,0.0,40.16,122.0,117.0,0.038900000000000004,2669.159912109375,0.23005902978931697,0.0
^RUT,2026-01-26,2710.0,Call,0.0,0.0,0.92,120.0,65.0,0.038900000000000004,2669.159912109375,0.23005902978931697,0.0
^RUT,2026-01-26,2710.0,Put,0.0,0.0,43.2,37.0,55.0,0.038900000000000004,2669.159912109375,0.23005902978931697,0.0
^RUT,2026-01-26,2715.0,Call,0.0,0.0,0.85,70.0,88.0,0.038900000000000004,2669.159912109375,0.23005902978931697,0.0
^RUT,2026-01-26,2715.0,Put,0.0,0.0,35.74,28.0,29.0,0.038900000000000004,2669.159912109375,0.23005902978931697,0.0
^RUT,2026-01-26,2720.0,Call,0.0,0.0,0.56,574.0,523.0,0.038900000000000004,2669.159912109375,0.23005902978931697,0.0
^RUT,2026-01-26,2720.0,Put,0.0,0.0,47.0,15.0,28.0,0.038900000000000004,2669.159912109375,0.23005902978931697,0.0
^RUT,2026-01-26,2725.0,Call,0.0,0.0,0.4,92.0,53.0,0.038900000000000004,2669.159912109375,0.23005902978931697,0.0
^RUT,2026-01-26,2725.0,Put,0.0,0.0,57.84,8.0,14.0,0.038900000000000004,2669.159912109375,0.23005902978931697,0.0
^RUT,2026-01-26,2730.0,Call,0.0,0.0,0.47,54.0,41.0,0.038900000000000004,2669.159912109375,0.23005902978931697,0.0
^RUT,2026-01-26,2730.0,Put,0.0,0.0,62.7,13.0,10.0,0.038900000000000004,2669.159912109375,0.23005902978931697,0.0
^RUT,2026-01-26,2735.0,Call,0.0,0.0,0.32,91.0,44.0,0.038900000000000004,2669.159912109375,0.23005902978931697,0.0
^RUT,2026-01-26,2735.0,Put,0.0,0.0,44.7,60.0,80.0,0.038900000000000004,2669.159912109375,0.23005902978931697,0.0
^RUT,2026-01-26,2740.0,Call,0.0,0.0,0.21,69.0,48.0,0.038900000000000004,2669.159912109375,0.23005902978931697,0.0
^RUT,2026-01-26,2740.0,Put,0.0,0.0,54.53,5.0,6.0,0.038900000000000004,2669.159912109375,0.23005902978931697,0.0
^RUT,2026-01-26,2745.0,Call,0.0,0.0,0.2,160.0,102.0,0.038900000000000004,2669.159912109375,0.23005902978931697,0.0
^RUT,2026-01-26,2745.0,Put,0.0,0.0,59.2,5.0,5.0,0.038900000000000004,2669.159912109375,0.23005902978931697,0.0
^RUT,2026-01-26,2750.0,Call,0.0,0.0,0.14,92.0,103.0,0.038900000000000004,2669.159912109375,0.23005902978931697,0.0
^RUT,2026-01-26,2755.0,Call,0.0,0.0,0.13,53.0,46.0,0.038900000000000004,2669.159912109375,0.23005902978931697,0.0
^RUT,2026-01-26,2760.0,Call,0.0,0.0,0.12,108.0,104.0,0.038900000000000004,2669.159912109375,0.23005902978931697,0.0
^RUT,2026-01-26,2760.0,Put,0.0,0.0,67.6,15.0,12.0,0.038900000000000004,2669.159912109375,0.23005902978931697,0.0
^RUT,2026-01-26,2765.0,Call,0.0,0.0,0.16,7.0,20.0,0.038900000000000004,2669.159912109375,0.23005902978931697,0.0
^RUT,2026-01-26,2770.0,Call,0.0,0.0,0.08,5.0,11.0,0.038900000000000004,2669.159912109375,0.23005902978931697,0.0
^RUT,2026-01-26,2770.0,Put,0.0,0.0,53.15,,2.0,0.038900000000000004,2669.159912109375,0.23005902978931697,0.0
^RUT,2026-01-26,2775.0,Call,0.0,0.0,0.08,73.0,96.0,0.038900000000000004,2669.159912109375,0.23005902978931697,0.0
^RUT,2026-01-26,2775.0,Put,0.0,0.0,56.11,,1.0,0.038900000000000004,2669.159912109375,0.23005902978931697,0.0
^RUT,2026-01-26,2780.0,Call,0.0,0.0,0.09,5.0,43.0,0.038900000000000004,2669.159912109375,0.23005902978931697,0.0
^RUT,2026-01-26,2785.0,Call,0.0,0.0,1.44,,3.0,0.038900000000000004,2669.159912109375,0.23005902978931697,0.0
^RUT,2026-01-26,2785.0,Put,0.0,0.0,66.13,,0.0,0.038900000000000004,2669.159912109375,0.23005902978931697,0.0
^RUT,2026-01-26,2790.0,Call,0.0,0.0,1.15,4.0,10.0,0.038900000000000004,2669.159912109375,0.23005902978931697,0.0
^RUT,2026-01-26,2795.0,Call,0.0,0.0,0.67,,10.0,0.038900000000000004,2669.159912109375,0.23005902978931697,0.0
^RUT,2026-01-26,2795.0,Put,0.0,0.0,75.85,,1.0,0.038900000000000004,2669.159912109375,0.23005902978931697,0.0
^RUT,2026-01-26,2800.0,Call,0.0,0.0,0.08,4.0,6.0,0.038900000000000004,2669.159912109375,0.23005902978931697,0.0
^RUT,2026-01-26,2805.0,Call,0.0,0.0,0.65,,3.0,0.038900000000000004,2669.159912109375,0.23005902978931697,0.0
^RUT,2026-01-26,2810.0,Call,0.0,0.0,1.1,,2.0,0.038900000000000004,2669.159912109375,0.23005902978931697,0.0
^RUT,2026-01-26,2815.0,Call,0.0,0.0,0.49,,3.0,0.038900000000000004,2669.159912109375,0.23005902978931697,0.0
^RUT,2026-01-26,2820.0,Put,0.0,0.0,98.3,,3.0,0.038900000000000004,2669.159912109375,0.23005902978931697,0.0
^RUT,2026-01-26,2825.0,Call,0.0,0.0,0.05,1.0,3.0,0.038900000000000004,2669.159912109375,0.23005902978931697,0.0
^RUT,2026-01-26,2825.0,Put,0.0,0.0,103.2,,3.0,0.038900000000000004,2669.159912109375,0.23005902978931697,0.0
^RUT,2026-01-26,2835.0,Call,0.0,0.0,0.05,1.0,2.0,0.038900000000000004,2669.159912109375,0.23005902978931697,0.0
^RUT,2026-01-26,2840.0,Call,0.0,0.0,0.03,6.0,8.0,0.038900000000000004,2669.159912109375,0.23005902978931697,0.0
^RUT,2026-01-26,2845.0,Call,0.0,0.0,0.47,,1.0,0.038900000000000004,2669.159912109375,0.23005902978931697,0.0
^RUT,2026-01-26,2850.0,Call,0.0,0.0,0.47,2.0,2.0,0.038900000000000004,2669.159912109375,0.23005902978931697,0.0
^RUT,2026-01-26,2855.0,Call,0.0,0.0,0.42,,1.0,0.038900000000000004,2669.159912109375,0.23005902978931697,0.0
^RUT,2026-01-26,2880.0,Call,0.0,0.0,0.15,,1.0,0.038900000000000004,2669.159912109375,0.23005902978931697,0.0
^RUT,2026-01-26,2915.0,Call,0.0,0.0,0.2,,1.0,0.038900000000000004,2669.159912109375,0.23005902978931697,0.0
^RUT,2026-01-26,3125.0,Call,0.0,0.0,0.02,2.0,2.0,0.038900000000000004,2669.159912109375,0.23005902978931697,0.0
^RUT,2026-01-27,2235.0,Put,0.0,0.0,0.2,,1.0,0.038860578186596585,2669.159912109375,0.23005902978931697,0.0
^RUT,2026-01-27,2300.0,Put,0.0,0.0,0.57,,2.0,0.038860578186596585,2669.159912109375,0.23005902978931697,0.0
^RUT,2026-01-27,2350.0,Put,0.0,0.0,0.8,,2.0,0.038860578186596585,2669.159912109375,0.23005902978931697,0.0
^RUT,2026-01-27,2375.0,Put,0.0,0.0,1.07,,13.0,0.038860578186596585,2669.159912109375,0.23005902978931697,0.0
^RUT,2026-01-27,2380.0,Put,0.0,0.0,0.88,,0.0,0.038860578186596585,2669.159912109375,0.23005902978931697,0.0
^RUT,2026-01-27,2385.0,Call,0.0,0.0,270.19,,2.0,0.038860578186596585,2669.159912109375,0.23005902978931697,0.0
^RUT,2026-01-27,2390.0,Put,0.0,0.0,0.98,,2.0,0.038860578186596585,2669.159912109375,0.23005902978931697,0.0
^RUT,2026-01-27,2395.0,Call,0.0,0.0,298.43,,2.0,0.038860578186596585,2669.159912109375,0.23005902978931697,0.0
^RUT,2026-01-27,2400.0,Put,0.0,0.0,1.25,,2.0,0.038860578186596585,2669.159912109375,0.23005902978931697,0.0
^RUT,2026-01-27,2410.0,Put,0.0,0.0,0.53,,1.0,0.038860578186596585,2669.159912109375,0.23005902978931697,0.0
^RUT,2026-01-27,2420.0,Call,0.0,0.0,277.6,4.0,4.0,0.038860578186596585,2669.159912109375,0.23005902978931697,0.0
^RUT,2026-01-27,2425.0,Put,0.0,0.0,0.4,,11.0,0.038860578186596585,2669.159912109375,0.23005902978931697,0.0
^RUT,2026-01-27,2430.0,Put,0.0,0.0,1.2,,2.0,0.038860578186596585,2669.159912109375,0.23005902978931697,0.0
^RUT,2026-01-27,2435.0,Put,0.0,0.0,0.32,7.0,7.0,0.038860578186596585,2669.159912109375,0.23005902978931697,0.0
^RUT,2026-01-27,2440.0,Put,0.0,0.0,1.55,,10.0,0.038860578186596585,2669.159912109375,0.23005902978931697,0.0
^RUT,2026-01-27,2445.0,Put,0.0,0.0,0.39,7.0,7.0,0.038860578186596585,2669.159912109375,0.23005902978931697,0.0
^RUT,2026-01-27,2450.0,Put,0.0,0.0,1.8,,10.0,0.038860578186596585,2669.159912109375,0.23005902978931697,0.0
^RUT,2026-01-27,2460.0,Put,0.0,0.0,1.61,,2.0,0.038860578186596585,2669.159912109375,0.23005902978931697,0.0
^RUT,2026-01-27,2465.0,Call,0.0,0.0,270.79,1.0,1.0,0.038860578186596585,2669.159912109375,0.23005902978931697,0.0
^RUT,2026-01-27,2470.0,Put,0.0,0.0,1.25,,1.0,0.038860578186596585,2669.159912109375,0.23005902978931697,0.0
^RUT,2026-01-27,2475.0,Put,0.0,0.0,0.67,,5.0,0.038860578186596585,2669.159912109375,0.23005902978931697,0.0
^RUT,2026-01-27,2480.0,Put,0.0,0.0,0.55,,1.0,0.038860578186596585,2669.159912109375,0.23005902978931697,0.0
^RUT,2026-01-27,2485.0,Put,0.0,0.0,0.85,,2.0,0.038860578186596585,2669.159912109375,0.23005902978931697,0.0
^RUT,2026-01-27,2490.0,Put,0.0,0.0,1.22,1.0,26.0,0.038860578186596585,2669.159912109375,0.23005902978931697,0.0
^RUT,2026-01-27,2495.0,Put,0.0,0.0,3.75,1.0,2.0,0.038860578186596585,2669.159912109375,0.23005902978931697,0.0
^RUT,2026-01-27,2500.0,Put,0.0,0.0,1.26,50.0,52.0,0.038860578186596585,2669.159912109375,0.23005902978931697,0.0
^RUT,2026-01-27,2505.0,Put,0.0,0.0,0.67,6.0,5.0,0.038860578186596585,2669.159912109375,0.23005902978931697,0.0
^RUT,2026-01-27,2510.0,Put,0.0,0.0,1.55,6.0,6.0,0.038860578186596585,2669.159912109375,0.23005902978931697,0.0
^RUT,2026-01-27,2515.0,Put,0.0,0.0,1.55,2.0,2.0,0.038860578186596585,2669.159912109375,0.23005902978931697,0.0
^RUT,2026-01-27,2520.0,Call,0.0,0.0,154.04,5.0,5.0,0.038860578186596585,2669.159912109375,0.23005902978931697,0.0
^RUT,2026-01-27,2520.0,Put,0.0,0.0,2.23,4.0,10.0,0.038860578186596585,2669.159912109375,0.23005902978931697,0.0
^RUT,2026-01-27,2525.0,Call,0.0,0.0,149.62,5.0,5.0,0.038860578186596585,2669.159912109375,0.23005902978931697,0.0
^RUT,2026-01-27,2525.0,Put,0.0,0.0,0.32,3.0,9.0,0.038860578186596585,2669.159912109375,0.23005902978931697,0.0
^RUT,2026-01-27,2530.0,Put,0.0,0.0,0.55,1.0,30.0,0.038860578186596585,2669.159912109375,0.23005902978931697,0.0
^RUT,2026-01-27,2535.0,Put,0.0,0.0,1.01,2.0,16.0,0.038860578186596585,2669.159912109375,0.23005902978931697,0.0
^RUT,2026-01-27,2540.0,Put,0.0,0.0,0.35,2.0,39.0,0.038860578186596585,2669.159912109375,0.23005902978931697,0.0
^RUT,2026-01-27,2545.0,Call,0.0,0.0,123.31,,1.0,0.038860578186596585,2669.159912109375,0.23005902978931697,0.0
^RUT,2026-01-27,2545.0,Put,0.0,0.0,6.7,2.0,8.0,0.038860578186596585,2669.159912109375,0.23005902978931697,0.0
^RUT,2026-01-27,2550.0,Call,0.0,0.0,108.38,2.0,1.0,0.038860578186596585,2669.159912109375,0.23005902978931697,0.0
^RUT,2026-01-27,2550.0,Put,0.0,0.0,0.35,2.0,21.0,0.038860578186596585,2669.159912109375,0.23005902978931697,0.0
^RUT,2026-01-27,2555.0,Call,0.0,0.0,103.66,1.0,0.0,0.038860578186596585,2669.159912109375,0.23005902978931697,0.0
^RUT,2026-01-27,2555.0,Put,0.0,0.0,3.04,3.0,18.0,0.038860578186596585,2669.159912109375,0.23005902978931697,0.0
^RUT,2026-01-27,2560.0,Call,0.0,0.0,122.37,2.0,7.0,0.038860578186596585,2669.159912109375,0.23005902978931697,0.0
^RUT,2026-01-27,2560.0,Put,0.0,0.0,0.72,3.0,50.0,0.038860578186596585,2669.159912109375,0.23005902978931697,0.0
^RUT,2026-01-27,2565.0,Call,0.0,0.0,117.54,2.0,9.0,0.038860578186596585,2669.159912109375,0.23005902978931697,0.0
^RUT,2026-01-27,2565.0,Put,0.0,0.0,0.93,9.0,10.0,0.038860578186596585,2669.159912109375,0.23005902978931697,0.0
^RUT,2026-01-27,2570.0,Put,0.0,0.0,1.11,3.0,38.0,0.038860578186596585,2669.159912109375,0.23005902978931697,0.0
^RUT,2026-01-27,2575.0,Put,0.0,0.0,1.23,4.0,7.0,0.038860578186596585,2669.159912109375,0.23005902978931697,0.0
^RUT,2026-01-27,2580.0,Call,0.0,0.0,93.37,2.0,3.0,0.038860578186596585,2669.159912109375,0.23005902978931697,0.0
^RUT,2026-01-27,2580.0,Put,0.0,0.0,0.95,6.0,68.0,0.038860578186596585,2669.159912109375,0.23005902978931697,0.0
^RUT,2026-01-27,2585.0,Call,0.0,0.0,121.8,2.0,32.0,0.038860578186596585,2669.159912109375,0.23005902978931697,0.0
^RUT,2026-01-27,2585.0,Put,0.0,0.0,1.0,3.0,32.0,0.038860578186596585,2669.159912109375,0.23005902978931697,0.0
^RUT,2026-01-27,2590.0,Call,0.0,0.0,104.05,,19.0,0.038860578186596585,2669.159912109375,0.23005902978931697,0.0
^RUT,2026-01-27,2590.0,Put,0.0,0.0,1.22,29.0,31.0,0.038860578186596585,2669.159912109375,0.23005902978931697,0.0
^RUT,2026-01-27,2595.0,Call,0.0,0.0,91.61,1.0,26.0,0.038860578186596585,2669.159912109375,0.23005902978931697,0.0
^RUT,2026-01-27,2595.0,Put,0.0,0.0,1.38,20.0,41.0,0.038860578186596585,2669.159912109375,0.23005902978931697,0.0
^RUT,2026-01-27,2600.0,Call,0.0,0.0,131.69,1.0,3.0,0.038860578186596585,2669.159912109375,0.23005902978931697,0.0
^RUT,2026-01-27,2600.0,Put,0.0,0.0,2.69,23.0,28.0,0.038860578186596585,2669.159912109375,0.23005902978931697,0.0
^RUT,2026-01-27,2605.0,Call,0.0,0.0,126.76,1.0,4.0,0.038860578186596585,2669.159912109375,0.23005902978931697,0.0
^RUT,2026-01-27,2605.0,Put,0.0,0.0,2.3,31.0,47.0,0.038860578186596585,2669.159912109375,0.23005902978931697,0.0
^RUT,2026-01-27,2610.0,Call,0.0,0.0,46.92,2.0,3.0,0.038860578186596585,2669.159912109375,0.23005902978931697,0.0
^RUT,2026-01-27,2610.0,Put,0.0,0.0,1.23,5.0,23.0,0.038860578186596585,2669.159912109375,0.23005902978931697,0.0
^RUT,2026-01-27,2615.0,Call,0.0,0.0,69.04,1.0,3.0,0.038860578186596585,2669.159912109375,0.23005902978931697,0.0
^RUT,2026-01-27,2615.0,Put,0.0,0.0,4.32,7.0,23.0,0.038860578186596585,2669.159912109375,0.23005902978931697,0.0
^RUT,2026-01-27,2620.0,Call,0.0,0.0,58.37,5.0,5.0,0.038860578186596585,2669.159912109375,0.23005902978931697,0.0
^RUT,2026-01-27,2620.0,Put,0.0,0.0,3.46,16.0,35.0,0.038860578186596585,2669.159912109375,0.23005902978931697,0.0
^RUT,2026-01-27,2625.0,Call,0.0,0.0,54.44,3.0,3.0,0.038860578186596585,2669.159912109375,0.23005902978931697,0.0
^RUT,2026-01-27,2625.0,Put,0.0,0.0,4.07,58.0,71.0,0.038860578186596585,2669.159912109375,0.23005902978931697,0.0
^RUT,2026-01-27,2630.0,Call,0.0,0.0,63.15,1.0,26.0,0.038860578186596585,2669.159912109375,0.23005902978931697,0.0
^RUT,2026-01-27,2630.0,Put,0.0,0.0,4.8,57.0,145.0,0.038860578186596585,2669.159912109375,0.23005902978931697,0.0
^RUT,2026-01-27,2635.0,Call,0.0,0.0,86.24,4.0,8.0,0.038860578186596585,2669.159912109375,0.23005902978931697,0.0
^RUT,2026-01-27,2635.0,Put,0.0,0.0,2.44,3.0,5.0,0.038860578186596585,2669.159912109375,0.23005902978931697,0.0
^RUT,2026-01-27,2640.0,Call,0.0,0.0,65.14,10.0,10.0,0.038860578186596585,2669.159912109375,0.23005902978931697,0.0
^RUT,2026-01-27,2640.0,Put,0.0,0.0,6.8,12.0,22.0,0.038860578186596585,2669.159912109375,0.23005902978931697,0.0
^RUT,2026-01-27,2645.0,Put,0.0,0.0,10.38,20.0,78.0,0.038860578186596585,2669.159912109375,0.23005902978931697,0.0
^RUT,2026-01-27,2650.0,Call,0.0,0.0,54.59,15.0,9.0,0.038860578186596585,2669.159912109375,0.23005902978931697,0.0
^RUT,2026-01-27,2650.0,Put,0.0,0.0,8.65,58.0,51.0,0.038860578186596585,2669.159912109375,0.23005902978931697,0.0
^RUT,2026-01-27,2655.0,Call,0.0,0.0,27.11,2.0,13.0,0.038860578186596585,2669.159912109375,0.23005902978931697,0.0
^RUT,2026-01-27,2655.0,Put,0.0,0.0,8.34,11.0,17.0,0.038860578186596585,2669.159912109375,0.23005902978931697,0.0
^RUT,2026-01-27,2660.0,Call,0.0,0.0,25.9,9.0,19.0,0.038860578186596585,2669.159912109375,0.23005902978931697,0.0
^RUT,2026-01-27,2660.0,Put,0.0,0.0,11.55,18.0,24.0,0.038860578186596585,2669.159912109375,0.23005902978931697,0.0
^RUT,2026-01-27,2665.0,Call,0.0,0.0,16.2,10.0,45.0,0.038860578186596585,2669.159912109375,0.23005902978931697,0.0
^RUT,2026-01-27,2665.0,Put,0.0,0.0,17.01,42.0,45.0,0.038860578186596585,2669.159912109375,0.23005902978931697,0.0
^RUT,2026-01-27,2670.0,Call,0.0,0.0,15.8,21.0,73.0,0.038860578186596585,2669.159912109375,0.23005902978931697,0.0
^RUT,2026-01-27,2670.0,Put,0.0,0.0,19.42,64.0,40.0,0.038860578186596585,2669.159912109375,0.23005902978931697,0.0
^RUT,2026-01-27,2675.0,Call,0.0,0.0,14.8,33.0,29.0,0.038860578186596585,2669.159912109375,0.23005902978931697,0.0
^RUT,2026-01-27,2675.0,Put,0.0,0.0,22.8,35.0,57.0,0.038860578186596585,2669.159912109375,0.23005902978931697,0.0
^RUT,2026-01-27,2680.0,Call,0.0,0.0,11.5,55.0,58.0,0.038860578186596585,2669.159912109375,0.23005902978931697,0.0
^RUT,2026-01-27,2680.0,Put,0.0,0.0,25.65,34.0,53.0,0.038860578186596585,2669.159912109375,0.23005902978931697,0.0
^RUT,2026-01-27,2685.0,Call,0.0,0.0,10.05,14.0,41.0,0.038860578186596585,2669.159912109375,0.23005902978931697,0.0
^RUT,2026-01-27,2685.0,Put,0.0,0.0,26.82,15.0,39.0,0.038860578186596585,2669.159912109375,0.23005902978931697,0.0
^RUT,2026-01-27,2690.0,Call,0.0,0.0,7.67,29.0,32.0,0.038860578186596585,2669.159912109375,0.23005902978931697,0.0
^RUT,2026-01-27,2690.0,Put,0.0,0.0,30.1,30.0,37.0,0.038860578186596585,2669.159912109375,0.23005902978931697,0.0
^RUT,2026-01-27,2695.0,Call,0.0,0.0,5.8,50.0,50.0,0.038860578186596585,2669.159912109375,0.23005902978931697,0.0
^RUT,2026-01-27,2695.0,Put,0.0,0.0,36.17,28.0,18.0,0.038860578186596585,2669.159912109375,0.23005902978931697,0.0
^RUT,2026-01-27,2700.0,Call,0.0,0.0,4.13,15.0,26.0,0.038860578186596585,2669.159912109375,0.23005902978931697,0.0
^RUT,2026-01-27,2700.0,Put,0.0,0.0,40.04,55.0,50.0,0.038860578186596585,2669.159912109375,0.23005902978931697,0.0
^RUT,2026-01-27,2705.0,Call,0.0,0.0,3.97,23.0,25.0,0.038860578186596585,2669.159912109375,0.23005902978931697,0.0
^RUT,2026-01-27,2705.0,Put,0.0,0.0,39.28,30.0,15.0,0.038860578186596585,2669.159912109375,0.23005902978931697,0.0
^RUT,2026-01-27,2710.0,Call,0.0,0.0,2.59,44.0,29.0,0.038860578186596585,2669.159912109375,0.23005902978931697,0.0
^RUT,2026-01-27,2710.0,Put,0.0,0.0,44.54,7.0,17.0,0.038860578186596585,2669.159912109375,0.23005902978931697,0.0
^RUT,2026-01-27,2715.0,Call,0.0,0.0,2.07,9.0,19.0,0.038860578186596585,2669.159912109375,0.23005902978931697,0.0
^RUT,2026-01-27,2715.0,Put,0.0,0.0,46.71,2.0,11.0,0.038860578186596585,2669.159912109375,0.23005902978931697,0.0
^RUT,2026-01-27,2720.0,Call,0.0,0.0,2.02,46.0,53.0,0.038860578186596585,2669.159912109375,0.23005902978931697,0.0
^RUT,2026-01-27,2720.0,Put,0.0,0.0,24.24,1.0,18.0,0.038860578186596585,2669.159912109375,0.23005902978931697,0.0
^RUT,2026-01-27,2725.0,Call,0.0,0.0,3.51,9.0,47.0,0.038860578186596585,2669.159912109375,0.23005902978931697,0.0
^RUT,2026-01-27,2725.0,Put,0.0,0.0,21.9,,2.0,0.038860578186596585,2669.159912109375,0.23005902978931697,0.0
^RUT,2026-01-27,2730.0,Call,0.0,0.0,1.25,19.0,10.0,0.038860578186596585,2669.159912109375,0.23005902978931697,0.0
^RUT,2026-01-27,2730.0,Put,0.0,0.0,20.4,,20.0,0.038860578186596585,2669.159912109375,0.23005902978931697,0.0
^RUT,2026-01-27,2735.0,Call,0.0,0.0,1.19,18.0,22.0,0.038860578186596585,2669.159912109375,0.23005902978931697,0.0
^RUT,2026-01-27,2735.0,Put,0.0,0.0,59.0,50.0,56.0,0.038860578186596585,2669.159912109375,0.23005902978931697,0.0
^RUT,2026-01-27,2740.0,Call,0.0,0.0,0.67,46.0,49.0,0.038860578186596585,2669.159912109375,0.23005902978931697,0.0
^RUT,2026-01-27,2740.0,Put,0.0,0.0,23.1,,4.0,0.038860578186596585,2669.159912109375,0.23005902978931697,0.0
^RUT,2026-01-27,2745.0,Call,0.0,0.0,0.63,29.0,36.0,0.038860578186596585,2669.159912109375,0.23005902978931697,0.0
^RUT,2026-01-27,2745.0,Put,0.0,0.0,63.31,1.0,2.0,0.038860578186596585,2669.159912109375,0.23005902978931697,0.0
^RUT,2026-01-27,2750.0,Call,0.0,0.0,0.44,31.0,40.0,0.038860578186596585,2669.159912109375,0.23005902978931697,0.0
^RUT,2026-01-27,2750.0,Put,0.0,0.0,78.45,20.0,11.0,0.038860578186596585,2669.159912109375,0.23005902978931697,0.0
^RUT,2026-01-27,2755.0,Call,0.0,0.0,0.39,3.0,16.0,0.038860578186596585,2669.159912109375,0.23005902978931697,0.0
^RUT,2026-01-27,2760.0,Call,0.0,0.0,0.46,7.0,10.0,0.038860578186596585,2669.159912109375,0.23005902978931697,0.0
^RUT,2026-01-27,2765.0,Call,0.0,0.0,0.4,3.0,8.0,0.038860578186596585,2669.159912109375,0.23005902978931697,0.0
^RUT,2026-01-27,2770.0,Call,0.0,0.0,6.39,3.0,4.0,0.038860578186596585,2669.159912109375,0.23005902978931697,0.0
^RUT,2026-01-27,2775.0,Call,0.0,0.0,0.28,3.0,4.0,0.038860578186596585,2669.159912109375,0.23005902978931697,0.0
^RUT,2026-01-27,2780.0,Call,0.0,0.0,0.4,3.0,7.0,0.038860578186596585,2669.159912109375,0.23005902978931697,0.0
^RUT,2026-01-27,2785.0,Call,0.0,0.0,2.25,13.0,13.0,0.038860578186596585,2669.159912109375,0.23005902978931697,0.0
^RUT,2026-01-27,2785.0,Put,0.0,0.0,93.89,,2.0,0.038860578186596585,2669.159912109375,0.23005902978931697,0.0
^RUT,2026-01-27,2790.0,Call,0.0,0.0,0.27,1.0,15.0,0.038860578186596585,2669.159912109375,0.23005902978931697,0.0
^RUT,2026-01-27,2795.0,Call,0.0,0.0,0.2,2.0,7.0,0.038860578186596585,2669.159912109375,0.23005902978931697,0.0
^RUT,2026-01-27,2800.0,Call,0.0,0.0,0.21,1.0,6.0,0.038860578186596585,2669.159912109375,0.23005902978931697,0.0
^RUT,2026-01-27,2810.0,Call,0.0,0.0,1.25,9.0,14.0,0.038860578186596585,2669.159912109375,0.23005902978931697,0.0
^RUT,2026-01-27,2815.0,Call,0.0,0.0,0.87,,2.0,0.038860578186596585,2669.159912109375,0.23005902978931697,0.0
^RUT,2026-01-27,2820.0,Call,0.0,0.0,0.8,,1.0,0.038860578186596585,2669.159912109375,0.23005902978931697,0.0
^RUT,2026-01-27,2830.0,Call,0.0,0.0,0.75,,1.0,0.038860578186596585,2669.159912109375,0.23005902978931697,0.0
^RUT,2026-01-27,2845.0,Call,0.0,0.0,0.45,1.0,4.0,0.038860578186596585,2669.159912109375,0.23005902978931697,0.0
^RUT,2026-01-27,2850.0,Call,0.0,0.0,0.4,1.0,2.0,0.038860578186596585,2669.159912109375,0.23005902978931697,0.0
^RUT,2026-01-27,2855.0,Call,0.0,0.0,0.52,,1.0,0.038860578186596585,2669.159912109375,0.23005902978931697,0.0
^RUT,2026-01-27,2875.0,Call,0.0,0.0,0.4,,1.0,0.038860578186596585,2669.159912109375,0.23005902978931697,0.0
^RUT,2026-01-27,2890.0,Call,0.0,0.0,0.2,,1.0,0.038860578186596585,2669.159912109375,0.23005902978931697,0.0
^RUT,2026-01-27,2935.0,Call,0.0,0.0,0.1,,2.0,0.038860578186596585,2669.159912109375,0.23005902978931697,0.0
^RUT,2026-01-28,2245.0,Put,0.0,0.0,0.5,5.0,5.0,0.038821156373193166,2669.159912109375,0.23005902978931697,0.0
^RUT,2026-01-28,2285.0,Put,0.0,0.0,0.35,,1.0,0.038821156373193166,2669.159912109375,0.23005902978931697,0.0
^RUT,2026-01-28,2320.0,Put,0.0,0.0,0.1,,1.0,0.038821156373193166,2669.159912109375,0.23005902978931697,0.0
^RUT,2026-01-28,2350.0,Put,0.0,0.0,0.9,,5.0,0.038821156373193166,2669.159912109375,0.23005902978931697,0.0
^RUT,2026-01-28,2375.0,Put,0.0,0.0,0.75,,5.0,0.038821156373193166,2669.159912109375,0.23005902978931697,0.0
^RUT,2026-01-28,2405.0,Put,0.0,0.0,0.2,,1.0,0.038821156373193166,2669.159912109375,0.23005902978931697,0.0
^RUT,2026-01-28,2410.0,Put,0.0,0.0,0.86,,3.0,0.038821156373193166,2669.159912109375,0.23005902978931697,0.0
^RUT,2026-01-28,2415.0,Put,0.0,0.0,0.37,503.0,503.0,0.038821156373193166,2669.159912109375,0.23005902978931697,0.0
^RUT,2026-01-28,2435.0,Put,0.0,0.0,1.35,,4.0,0.038821156373193166,2669.159912109375,0.23005902978931697,0.0
^RUT,2026-01-28,2450.0,Put,0.0,0.0,0.35,30.0,95.0,0.038821156373193166,2669.159912109375,0.23005902978931697,0.0
^RUT,2026-01-28,2460.0,Put,0.0,0.0,3.65,,1.0,0.038821156373193166,2669.159912109375,0.23005902978931697,0.0
^RUT,2026-01-28,2465.0,Put,0.0,0.0,1.45,,1.0,0.038821156373193166,2669.159912109375,0.23005902978931697,0.0
^RUT,2026-01-28,2470.0,Put,0.0,0.0,4.17,,1.0,0.038821156373193166,2669.159912109375,0.23005902978931697,0.0
^RUT,2026-01-28,2480.0,Put,0.0,0.0,1.67,,2.0,0.038821156373193166,2669.159912109375,0.23005902978931697,0.0
^RUT,2026-01-28,2485.0,Put,0.0,0.0,1.76,,1.0,0.038821156373193166,2669.159912109375,0.23005902978931697,0.0
^RUT,2026-01-28,2500.0,Put,0.0,0.0,0.75,13.0,10.0,0.038821156373193166,2669.159912109375,0.23005902978931697,0.0
^RUT,2026-01-28,2505.0,Put,0.0,0.0,2.23,,1.0,0.038821156373193166,2669.159912109375,0.23005902978931697,0.0
^RUT,2026-01-28,2510.0,Put,0.0,0.0,0.75,3.0,2.0,0.038821156373193166,2669.159912109375,0.23005902978931697,0.0
^RUT,2026-01-28,2515.0,Put,0.0,0.0,0.6,3.0,506.0,0.038821156373193166,2669.159912109375,0.23005902978931697,0.0
^RUT,2026-01-28,2520.0,Put,0.0,0.0,0.6,6.0,13.0,0.038821156373193166,2669.159912109375,0.23005902978931697,0.0
^RUT,2026-01-28,2525.0,Put,0.0,0.0,0.55,6.0,6.0,0.038821156373193166,2669.159912109375,0.23005902978931697,0.0
^RUT,2026-01-28,2530.0,Put,0.0,0.0,1.17,13.0,14.0,0.038821156373193166,2669.159912109375,0.23005902978931697,0.0
^RUT,2026-01-28,2535.0,Put,0.0,0.0,0.75,1.0,6.0,0.038821156373193166,2669.159912109375,0.23005902978931697,0.0
^RUT,2026-01-28,2540.0,Call,0.0,0.0,128.21,1.0,1.0,0.038821156373193166,2669.159912109375,0.23005902978931697,0.0
^RUT,2026-01-28,2540.0,Put,0.0,0.0,0.9,2.0,141.0,0.038821156373193166,2669.159912109375,0.23005902978931697,0.0
^RUT,2026-01-28,2545.0,Call,0.0,0.0,123.98,1.0,1.0,0.038821156373193166,2669.159912109375,0.23005902978931697,0.0
^RUT,2026-01-28,2545.0,Put,0.0,0.0,1.23,2.0,18.0,0.038821156373193166,2669.159912109375,0.23005902978931697,0.0
^RUT,2026-01-28,2550.0,Call,0.0,0.0,134.29,1.0,1.0,0.038821156373193166,2669.159912109375,0.23005902978931697,0.0
^RUT,2026-01-28,2550.0,Put,0.0,0.0,1.0,62.0,160.0,0.038821156373193166,2669.159912109375,0.23005902978931697,0.0
^RUT,2026-01-28,2555.0,Put,0.0,0.0,1.19,,4.0,0.038821156373193166,2669.159912109375,0.23005902978931697,0.0
^RUT,2026-01-28,2560.0,Call,0.0,0.0,172.76,2.0,2.0,0.038821156373193166,2669.159912109375,0.23005902978931697,0.0
^RUT,2026-01-28,2560.0,Put,0.0,0.0,0.99,3.0,77.0,0.038821156373193166,2669.159912109375,0.23005902978931697,0.0
^RUT,2026-01-28,2565.0,Call,0.0,0.0,168.14,2.0,2.0,0.038821156373193166,2669.159912109375,0.23005902978931697,0.0
^RUT,2026-01-28,2565.0,Put,0.0,0.0,1.9,8.0,81.0,0.038821156373193166,2669.159912109375,0.23005902978931697,0.0
^RUT,2026-01-28,2570.0,Put,0.0,0.0,2.1,6.0,67.0,0.038821156373193166,2669.159912109375,0.23005902978931697,0.0
^RUT,2026-01-28,2575.0,Call,0.0,0.0,136.07,2.0,2.0,0.038821156373193166,2669.159912109375,0.23005902978931697,0.0
^RUT,2026-01-28,2575.0,Put,0.0,0.0,2.82,5.0,41.0,0.038821156373193166,2669.159912109375,0.23005902978931697,0.0
^RUT,2026-01-28,2580.0,Call,0.0,0.0,105.38,,1.0,0.038821156373193166,2669.159912109375,0.23005902978931697,0.0
^RUT,2026-01-28,2580.0,Put,0.0,0.0,3.17,10.0,17.0,0.038821156373193166,2669.159912109375,0.23005902978931697,0.0
^RUT,2026-01-28,2585.0,Call,0.0,0.0,110.0,2.0,2.0,0.038821156373193166,2669.159912109375,0.23005902978931697,0.0
^RUT,2026-01-28,2585.0,Put,0.0,0.0,3.0,25.0,33.0,0.038821156373193166,2669.159912109375,0.23005902978931697,0.0
^RUT,2026-01-28,2590.0,Call,0.0,0.0,75.14,1.0,1.0,0.038821156373193166,2669.159912109375,0.23005902978931697,0.0
^RUT,2026-01-28,2590.0,Put,0.0,0.0,3.78,3.0,26.0,0.038821156373193166,2669.159912109375,0.23005902978931697,0.0
^RUT,2026-01-28,2595.0,Call,0.0,0.0,99.92,2.0,3.0,0.038821156373193166,2669.159912109375,0.23005902978931697,0.0
^RUT,2026-01-28,2595.0,Put,0.0,0.0,2.77,18.0,58.0,0.038821156373193166,2669.159912109375,0.23005902978931697,0.0
^RUT,2026-01-28,2600.0,Call,0.0,0.0,95.71,7.0,3.0,0.038821156373193166,2669.159912109375,0.23005902978931697,0.0
^RUT,2026-01-28,2600.0,Put,0.0,0.0,5.1,32.0,43.0,0.038821156373193166,2669.159912109375,0.23005902978931697,0.0
^RUT,2026-01-28,2605.0,Call,0.0,0.0,91.3,7.0,1.0,0.038821156373193166,2669.159912109375,0.23005902978931697,0.0
^RUT,2026-01-28,2605.0,Put,0.0,0.0,5.56,2.0,62.0,0.038821156373193166,2669.159912109375,0.23005902978931697,0.0
^RUT,2026-01-28,2610.0,Call,0.0,0.0,86.13,2.0,0.0,0.038821156373193166,2669.159912109375,0.23005902978931697,0.0
^RUT,2026-01-28,2610.0,Put,0.0,0.0,6.21,17.0,23.0,0.038821156373193166,2669.159912109375,0.23005902978931697,0.0
^RUT,2026-01-28,2615.0,Call,0.0,0.0,81.36,2.0,0.0,0.038821156373193166,2669.159912109375,0.23005902978931697,0.0
^RUT,2026-01-28,2615.0,Put,0.0,0.0,2.77,1.0,25.0,0.038821156373193166,2669.159912109375,0.23005902978931697,0.0
^RUT,2026-01-28,2620.0,Put,0.0,0.0,7.89,27.0,110.0,0.038821156373193166,2669.159912109375,0.23005902978931697,0.0
^RUT,2026-01-28,2625.0,Put,0.0,0.0,7.0,2.0,42.0,0.038821156373193166,2669.159912109375,0.23005902978931697,0.0
^RUT,2026-01-28,2630.0,Call,0.0,0.0,74.57,,1.0,0.038821156373193166,2669.159912109375,0.23005902978931697,0.0
^RUT,2026-01-28,2630.0,Put,0.0,0.0,9.28,173.0,292.0,0.038821156373193166,2669.159912109375,0.23005902978931697,0.0
^RUT,2026-01-28,2635.0,Call,0.0,0.0,100.28,1.0,6.0,0.038821156373193166,2669.159912109375,0.23005902978931697,0.0
^RUT,2026-01-28,2635.0,Put,0.0,0.0,10.72,10.0,127.0,0.038821156373193166,2669.159912109375,0.23005902978931697,0.0
^RUT,2026-01-28,2640.0,Call,0.0,0.0,95.93,1.0,2.0,0.038821156373193166,2669.159912109375,0.23005902978931697,0.0
^RUT,2026-01-28,2640.0,Put,0.0,0.0,15.44,78.0,62.0,0.038821156373193166,2669.159912109375,0.23005902978931697,0.0
^RUT,2026-01-28,2645.0,Call,0.0,0.0,55.27,1.0,8.0,0.038821156373193166,2669.159912109375,0.23005902978931697,0.0
^RUT,2026-01-28,2645.0,Put,0.0,0.0,13.36,25.0,51.0,0.038821156373193166,2669.159912109375,0.23005902978931697,0.0
^RUT,2026-01-28,2650.0,Call,0.0,0.0,51.24,1.0,14.0,0.038821156373193166,2669.159912109375,0.23005902978931697,0.0
^RUT,2026-01-28,2650.0,Put,0.0,0.0,16.72,10.0,40.0,0.038821156373193166,2669.159912109375,0.23005902978931697,0.0
^RUT,2026-01-28,2655.0,Call,0.0,0.0,38.4,2.0,67.0,0.038821156373193166,2669.159912109375,0.23005902978931697,0.0
^RUT,2026-01-28,2655.0,Put,0.0,0.0,16.21,4.0,16.0,0.038821156373193166,2669.159912109375,0.23005902978931697,0.0
^RUT,2026-01-28,2660.0,Call,0.0,0.0,43.21,1.0,31.0,0.038821156373193166,2669.159912109375,0.23005902978931697,0.0
^RUT,2026-01-28,2660.0,Put,0.0,0.0,20.54,7.0,34.0,0.038821156373193166,2669.159912109375,0.23005902978931697,0.0
^RUT,2026-01-28,2665.0,Call,0.0,0.0,26.3,6.0,57.0,0.038821156373193166,2669.159912109375,0.23005902978931697,0.0
^RUT,2026-01-28,2665.0,Put,0.0,0.0,24.62,26.0,24.0,0.038821156373193166,2669.159912109375,0.23005902978931697,0.0
^RUT,2026-01-28,2670.0,Call,0.0,0.0,24.1,7.0,12.0,0.038821156373193166,2669.159912109375,0.23005902978931697,0.0
^RUT,2026-01-28,2670.0,Put,0.0,0.0,27.04,23.0,33.0,0.038821156373193166,2669.159912109375,0.23005902978931697,0.0
^RUT,2026-01-28,2675.0,Call,0.0,0.0,24.37,12.0,15.0,0.038821156373193166,2669.159912109375,0.23005902978931697,0.0
^RUT,2026-01-28,2675.0,Put,0.0,0.0,19.07,3.0,34.0,0.038821156373193166,2669.159912109375,0.23005902978931697,0.0
^RUT,2026-01-28,2680.0,Call,0.0,0.0,18.29,23.0,26.0,0.038821156373193166,2669.159912109375,0.23005902978931697,0.0
^RUT,2026-01-28,2680.0,Put,0.0,0.0,32.44,10.0,6.0,0.038821156373193166,2669.159912109375,0.23005902978931697,0.0
^RUT,2026-01-28,2685.0,Call,0.0,0.0,16.56,15.0,18.0,0.038821156373193166,2669.159912109375,0.23005902978931697,0.0
^RUT,2026-01-28,2685.0,Put,0.0,0.0,35.48,37.0,50.0,0.038821156373193166,2669.159912109375,0.23005902978931697,0.0
^RUT,2026-01-28,2690.0,Call,0.0,0.0,14.63,7.0,20.0,0.038821156373193166,2669.159912109375,0.23005902978931697,0.0
^RUT,2026-01-28,2690.0,Put,0.0,0.0,33.34,10.0,3.0,0.038821156373193166,2669.159912109375,0.23005902978931697,0.0
^RUT,2026-01-28,2695.0,Call,0.0,0.0,12.6,4.0,3.0,0.038821156373193166,2669.159912109375,0.23005902978931697,0.0
^RUT,2026-01-28,2695.0,Put,0.0,0.0,25.2,4.0,34.0,0.038821156373193166,2669.159912109375,0.23005902978931697,0.0
^RUT,2026-01-28,2700.0,Call,0.0,0.0,10.44,15.0,24.0,0.038821156373193166,2669.159912109375,0.23005902978931697,0.0
^RUT,2026-01-28,2700.0,Put,0.0,0.0,14.0,,13.0,0.038821156373193166,2669.159912109375,0.23005902978931697,0.0
^RUT,2026-01-28,2705.0,Call,0.0,0.0,9.6,32.0,30.0,0.038821156373193166,2669.159912109375,0.23005902978931697,0.0
^RUT,2026-01-28,2705.0,Put,0.0,0.0,46.24,7.0,28.0,0.038821156373193166,2669.159912109375,0.23005902978931697,0.0
^RUT,2026-01-28,2710.0,Call,0.0,0.0,7.79,113.0,106.0,0.038821156373193166,2669.159912109375,0.23005902978931697,0.0
^RUT,2026-01-28,2710.0,Put,0.0,0.0,49.65,1.0,1.0,0.038821156373193166,2669.159912109375,0.23005902978931697,0.0
^RUT,2026-01-28,2715.0,Call,0.0,0.0,6.55,47.0,36.0,0.038821156373193166,2669.159912109375,0.23005902978931697,0.0
^RUT,2026-01-28,2715.0,Put,0.0,0.0,50.98,1.0,1.0,0.038821156373193166,2669.159912109375,0.23005902978931697,0.0
^RUT,2026-01-28,2720.0,Call,0.0,0.0,5.39,24.0,23.0,0.038821156373193166,2669.159912109375,0.23005902978931697,0.0
^RUT,2026-01-28,2720.0,Put,0.0,0.0,34.2,3.0,4.0,0.038821156373193166,2669.159912109375,0.23005902978931697,0.0
^RUT,2026-01-28,2725.0,Call,0.0,0.0,4.52,16.0,77.0,0.038821156373193166,2669.159912109375,0.23005902978931697,0.0
^RUT,2026-01-28,2730.0,Call,0.0,0.0,3.88,6.0,9.0,0.038821156373193166,2669.159912109375,0.23005902978931697,0.0
^RUT,2026-01-28,2730.0,Put,0.0,0.0,29.5,,1.0,0.038821156373193166,2669.159912109375,0.23005902978931697,0.0
^RUT,2026-01-28,2735.0,Call,0.0,0.0,3.1,21.0,33.0,0.038821156373193166,2669.159912109375,0.23005902978931697,0.0
^RUT,2026-01-28,2735.0,Put,0.0,0.0,25.99,,1.0,0.038821156373193166,2669.159912109375,0.23005902978931697,0.0
^RUT,2026-01-28,2740.0,Call,0.0,0.0,3.35,13.0,63.0,0.038821156373193166,2669.159912109375,0.23005902978931697,0.0
^RUT,2026-01-28,2740.0,Put,0.0,0.0,70.33,10.0,12.0,0.038821156373193166,2669.159912109375,0.23005902978931697,0.0
^RUT,2026-01-28,2745.0,Call,0.0,0.0,2.35,4.0,9.0,0.038821156373193166,2669.159912109375,0.23005902978931697,0.0
^RUT,2026-01-28,2745.0,Put,0.0,0.0,50.36,1.0,2.0,0.038821156373193166,2669.159912109375,0.23005902978931697,0.0
^RUT,2026-01-28,2750.0,Call,0.0,0.0,1.78,18.0,107.0,0.038821156373193166,2669.159912109375,0.23005902978931697,0.0
^RUT,2026-01-28,2750.0,Put,0.0,0.0,54.06,1.0,2.0,0.038821156373193166,2669.159912109375,0.23005902978931697,0.0
^RUT,2026-01-28,2755.0,Call,0.0,0.0,1.62,14.0,9.0,0.038821156373193166,2669.159912109375,0.23005902978931697,0.0
^RUT,2026-01-28,2760.0,Call,0.0,0.0,1.37,13.0,61.0,0.038821156373193166,2669.159912109375,0.23005902978931697,0.0
^RUT,2026-01-28,2765.0,Call,0.0,0.0,1.85,4.0,4.0,0.038821156373193166,2669.159912109375,0.23005902978931697,0.0
^RUT,2026-01-28,2770.0,Call,0.0,0.0,0.83,2.0,4.0,0.038821156373193166,2669.159912109375,0.23005902978931697,0.0
^RUT,2026-01-28,2775.0,Call,0.0,0.0,1.2,11.0,12.0,0.038821156373193166,2669.159912109375,0.23005902978931697,0.0
^RUT,2026-01-28,2780.0,Call,0.0,0.0,0.8,2.0,20.0,0.038821156373193166,2669.159912109375,0.23005902978931697,0.0
^RUT,2026-01-28,2785.0,Call,0.0,0.0,0.9,13.0,16.0,0.038821156373193166,2669.159912109375,0.23005902978931697,0.0
^RUT,2026-01-28,2790.0,Call,0.0,0.0,1.74,1.0,14.0,0.038821156373193166,2669.159912109375,0.23005902978931697,0.0
^RUT,2026-01-28,2795.0,Call,0.0,0.0,0.5,2.0,6.0,0.038821156373193166,2669.159912109375,0.23005902978931697,0.0
^RUT,2026-01-28,2800.0,Call,0.0,0.0,0.41,21.0,27.0,0.038821156373193166,2669.159912109375,0.23005902978931697,0.0
^RUT,2026-01-28,2805.0,Call,0.0,0.0,1.1,1.0,7.0,0.038821156373193166,2669.159912109375,0.23005902978931697,0.0
^RUT,2026-01-28,2810.0,Call,0.0,0.0,2.87,151.0,114.0,0.038821156373193166,2669.159912109375,0.23005902978931697,0.0
^RUT,2026-01-28,2815.0,Call,0.0,0.0,2.82,,1.0,0.038821156373193166,2669.159912109375,0.23005902978931697,0.0
^RUT,2026-01-28,2820.0,Call,0.0,0.0,2.26,,6.0,0.038821156373193166,2669.159912109375,0.23005902978931697,0.0
^RUT,2026-01-28,2825.0,Call,0.0,0.0,1.27,,101.0,0.038821156373193166,2669.159912109375,0.23005902978931697,0.0
^RUT,2026-01-28,2835.0,Call,0.0,0.0,1.43,1.0,2.0,0.038821156373193166,2669.159912109375,0.23005902978931697,0.0
^RUT,2026-01-28,2850.0,Call,0.0,0.0,0.18,40.0,43.0,0.038821156373193166,2669.159912109375,0.23005902978931697,0.0
^RUT,2026-01-28,2855.0,Call,0.0,0.0,1.12,,1.0,0.038821156373193166,2669.159912109375,0.23005902978931697,0.0
^RUT,2026-01-28,2890.0,Call,0.0,0.0,0.65,,3.0,0.038821156373193166,2669.159912109375,0.23005902978931697,0.0
^RUT,2026-01-28,2915.0,Call,0.0,0.0,0.4,,1.0,0.038821156373193166,2669.159912109375,0.23005902978931697,0.0
^RUT,2026-01-28,2935.0,Call,0.0,0.0,0.05,1.0,1.0,0.038821156373193166,2669.159912109375,0.23005902978931697,0.0
^RUT,2026-01-29,2250.0,Put,0.0,0.0,0.58,1.0,1.0,0.038781734559789754,2669.159912109375,0.23005902978931697,0.0
^RUT,2026-01-29,2300.0,Put,0.0,0.0,0.14,,3.0,0.038781734559789754,2669.159912109375,0.23005902978931697,0.0
^RUT,2026-01-29,2325.0,Put,0.0,0.0,0.7,,5.0,0.038781734559789754,2669.159912109375,0.23005902978931697,0.0
^RUT,2026-01-29,2390.0,Put,0.0,0.0,0.87,,10.0,0.038781734559789754,2669.159912109375,0.23005902978931697,0.0
^RUT,2026-01-29,2395.0,Put,0.0,0.0,0.32,,1.0,0.038781734559789754,2669.159912109375,0.23005902978931697,0.0
^RUT,2026-01-29,2400.0,Put,0.0,0.0,1.8,,4.0,0.038781734559789754,2669.159912109375,0.23005902978931697,0.0
^RUT,2026-01-29,2405.0,Put,0.0,0.0,0.87,,3.0,0.038781734559789754,2669.159912109375,0.23005902978931697,0.0
^RUT,2026-01-29,2430.0,Put,0.0,0.0,0.4,,1.0,0.038781734559789754,2669.159912109375,0.23005902978931697,0.0
^RUT,2026-01-29,2440.0,Put,0.0,0.0,0.47,6.0,6.0,0.038781734559789754,2669.159912109375,0.23005902978931697,0.0
^RUT,2026-01-29,2445.0,Put,0.0,0.0,0.6,1.0,1.0,0.038781734559789754,2669.159912109375,0.23005902978931697,0.0
^RUT,2026-01-29,2450.0,Put,0.0,0.0,0.53,6.0,17.0,0.038781734559789754,2669.159912109375,0.23005902978931697,0.0
^RUT,2026-01-29,2475.0,Put,0.0,0.0,1.9,,10.0,0.038781734559789754,2669.159912109375,0.23005902978931697,0.0
^RUT,2026-01-29,2480.0,Put,0.0,0.0,5.02,4.0,6.0,0.038781734559789754,2669.159912109375,0.23005902978931697,0.0
^RUT,2026-01-29,2485.0,Put,0.0,0.0,5.31,4.0,14.0,0.038781734559789754,2669.159912109375,0.23005902978931697,0.0
^RUT,2026-01-29,2490.0,Put,0.0,0.0,0.67,4.0,4.0,0.038781734559789754,2669.159912109375,0.23005902978931697,0.0
^RUT,2026-01-29,2495.0,Put,0.0,0.0,3.16,8.0,8.0,0.038781734559789754,2669.159912109375,0.23005902978931697,0.0
^RUT,2026-01-29,2500.0,Put,0.0,0.0,0.65,3.0,6.0,0.038781734559789754,2669.159912109375,0.23005902978931697,0.0
^RUT,2026-01-29,2505.0,Put,0.0,0.0,1.25,20.0,20.0,0.038781734559789754,2669.159912109375,0.23005902978931697,0.0
^RUT,2026-01-29,2510.0,Put,0.0,0.0,9.47,,3.0,0.038781734559789754,2669.159912109375,0.23005902978931697,0.0
^RUT,2026-01-29,2515.0,Put,0.0,0.0,1.4,21.0,31.0,0.038781734559789754,2669.159912109375,0.23005902978931697,0.0
^RUT,2026-01-29,2520.0,Put,0.0,0.0,6.55,2.0,6.0,0.038781734559789754,2669.159912109375,0.23005902978931697,0.0
^RUT,2026-01-29,2525.0,Put,0.0,0.0,1.0,1.0,4.0,0.038781734559789754,2669.159912109375,0.23005902978931697,0.0
^RUT,2026-01-29,2530.0,Put,0.0,0.0,1.2,1.0,5.0,0.038781734559789754,2669.159912109375,0.23005902978931697,0.0
^RUT,2026-01-29,2535.0,Put,0.0,0.0,8.71,,12.0,0.038781734559789754,2669.159912109375,0.23005902978931697,0.0
^RUT,2026-01-29,2540.0,Put,0.0,0.0,1.15,8.0,40.0,0.038781734559789754,2669.159912109375,0.23005902978931697,0.0
^RUT,2026-01-29,2545.0,Call,0.0,0.0,132.37,,1.0,0.038781734559789754,2669.159912109375,0.23005902978931697,0.0
^RUT,2026-01-29,2545.0,Put,0.0,0.0,1.29,7.0,15.0,0.038781734559789754,2669.159912109375,0.23005902978931697,0.0
^RUT,2026-01-29,2550.0,Call,0.0,0.0,144.71,,2.0,0.038781734559789754,2669.159912109375,0.23005902978931697,0.0
^RUT,2026-01-29,2550.0,Put,0.0,0.0,2.45,7.0,15.0,0.038781734559789754,2669.159912109375,0.23005902978931697,0.0
^RUT,2026-01-29,2555.0,Put,0.0,0.0,2.3,7.0,10.0,0.038781734559789754,2669.159912109375,0.23005902978931697,0.0
^RUT,2026-01-29,2560.0,Put,0.0,0.0,1.56,3.0,32.0,0.038781734559789754,2669.159912109375,0.23005902978931697,0.0
^RUT,2026-01-29,2570.0,Put,0.0,0.0,4.15,5.0,11.0,0.038781734559789754,2669.159912109375,0.23005902978931697,0.0
^RUT,2026-01-29,2575.0,Put,0.0,0.0,4.49,5.0,14.0,0.038781734559789754,2669.159912109375,0.23005902978931697,0.0
^RUT,2026-01-29,2580.0,Put,0.0,0.0,4.99,6.0,34.0,0.038781734559789754,2669.159912109375,0.23005902978931697,0.0
^RUT,2026-01-29,2585.0,Call,0.0,0.0,113.42,1.0,1.0,0.038781734559789754,2669.159912109375,0.23005902978931697,0.0
^RUT,2026-01-29,2585.0,Put,0.0,0.0,2.38,26.0,27.0,0.038781734559789754,2669.159912109375,0.23005902978931697,0.0
^RUT,2026-01-29,2590.0,Call,0.0,0.0,101.88,5.0,5.0,0.038781734559789754,2669.159912109375,0.23005902978931697,0.0
^RUT,2026-01-29,2590.0,Put,0.0,0.0,6.24,2.0,27.0,0.038781734559789754,2669.159912109375,0.23005902978931697,0.0
^RUT,2026-01-29,2595.0,Call,0.0,0.0,96.84,4.0,4.0,0.038781734559789754,2669.159912109375,0.23005902978931697,0.0
^RUT,2026-01-29,2595.0,Put,0.0,0.0,6.94,9.0,73.0,0.038781734559789754,2669.159912109375,0.23005902978931697,0.0
^RUT,2026-01-29,2600.0,Call,0.0,0.0,139.76,,2.0,0.038781734559789754,2669.159912109375,0.23005902978931697,0.0
^RUT,2026-01-29,2600.0,Put,0.0,0.0,6.45,8.0,66.0,0.038781734559789754,2669.159912109375,0.23005902978931697,0.0
^RUT,2026-01-29,2605.0,Put,0.0,0.0,3.26,15.0,15.0,0.038781734559789754,2669.159912109375,0.23005902978931697,0.0
^RUT,2026-01-29,2610.0,Call,0.0,0.0,82.97,1.0,0.0,0.038781734559789754,2669.159912109375,0.23005902978931697,0.0
^RUT,2026-01-29,2610.0,Put,0.0,0.0,8.34,2.0,13.0,0.038781734559789754,2669.159912109375,0.23005902978931697,0.0
^RUT,2026-01-29,2615.0,Call,0.0,0.0,78.59,1.0,0.0,0.038781734559789754,2669.159912109375,0.23005902978931697,0.0
^RUT,2026-01-29,2615.0,Put,0.0,0.0,5.86,25.0,37.0,0.038781734559789754,2669.159912109375,0.23005902978931697,0.0
^RUT,2026-01-29,2620.0,Call,0.0,0.0,81.03,1.0,1.0,0.038781734559789754,2669.159912109375,0.23005902978931697,0.0
^RUT,2026-01-29,2620.0,Put,0.0,0.0,9.44,2.0,102.0,0.038781734559789754,2669.159912109375,0.23005902978931697,0.0
^RUT,2026-01-29,2625.0,Call,0.0,0.0,76.73,1.0,1.0,0.038781734559789754,2669.159912109375,0.23005902978931697,0.0
^RUT,2026-01-29,2625.0,Put,0.0,0.0,10.51,2.0,6.0,0.038781734559789754,2669.159912109375,0.23005902978931697,0.0
^RUT,2026-01-29,2630.0,Put,0.0,0.0,12.3,106.0,113.0,0.038781734559789754,2669.159912109375,0.23005902978931697,0.0
^RUT,2026-01-29,2635.0,Put,0.0,0.0,9.09,2.0,10.0,0.038781734559789754,2669.159912109375,0.23005902978931697,0.0
^RUT,2026-01-29,2640.0,Call,0.0,0.0,57.52,3.0,3.0,0.038781734559789754,2669.159912109375,0.23005902978931697,0.0
^RUT,2026-01-29,2640.0,Put,0.0,0.0,15.36,29.0,29.0,0.038781734559789754,2669.159912109375,0.23005902978931697,0.0
^RUT,2026-01-29,2645.0,Call,0.0,0.0,53.65,6.0,3.0,0.038781734559789754,2669.159912109375,0.23005902978931697,0.0
^RUT,2026-01-29,2645.0,Put,0.0,0.0,11.3,10.0,14.0,0.038781734559789754,2669.159912109375,0.23005902978931697,0.0
^RUT,2026-01-29,2650.0,Call,0.0,0.0,40.32,4.0,26.0,0.038781734559789754,2669.159912109375,0.23005902978931697,0.0
^RUT,2026-01-29,2650.0,Put,0.0,0.0,17.43,4.0,53.0,0.038781734559789754,2669.159912109375,0.23005902978931697,0.0
^RUT,2026-01-29,2655.0,Call,0.0,0.0,51.72,2.0,7.0,0.038781734559789754,2669.159912109375,0.23005902978931697,0.0
^RUT,2026-01-29,2655.0,Put,0.0,0.0,9.2,,5.0,0.038781734559789754,2669.159912109375,0.23005902978931697,0.0
^RUT,2026-01-29,2660.0,Call,0.0,0.0,48.07,2.0,2.0,0.038781734559789754,2669.159912109375,0.23005902978931697,0.0
^RUT,2026-01-29,2660.0,Put,0.0,0.0,9.76,10.0,27.0,0.038781734559789754,2669.159912109375,0.23005902978931697,0.0
^RUT,2026-01-29,2665.0,Call,0.0,0.0,45.82,1.0,34.0,0.038781734559789754,2669.159912109375,0.23005902978931697,0.0
^RUT,2026-01-29,2665.0,Put,0.0,0.0,24.45,18.0,28.0,0.038781734559789754,2669.159912109375,0.23005902978931697,0.0
^RUT,2026-01-29,2670.0,Call,0.0,0.0,27.9,2.0,2.0,0.038781734559789754,2669.159912109375,0.23005902978931697,0.0
^RUT,2026-01-29,2670.0,Put,0.0,0.0,25.88,24.0,23.0,0.038781734559789754,2669.159912109375,0.23005902978931697,0.0
^RUT,2026-01-29,2675.0,Call,0.0,0.0,35.5,,1.0,0.038781734559789754,2669.159912109375,0.23005902978931697,0.0
^RUT,2026-01-29,2675.0,Put,0.0,0.0,28.18,1.0,19.0,0.038781734559789754,2669.159912109375,0.23005902978931697,0.0
^RUT,2026-01-29,2680.0,Call,0.0,0.0,23.12,2.0,26.0,0.038781734559789754,2669.159912109375,0.23005902978931697,0.0
^RUT,2026-01-29,2680.0,Put,0.0,0.0,14.9,2.0,32.0,0.038781734559789754,2669.159912109375,0.23005902978931697,0.0
^RUT,2026-01-29,2685.0,Call,0.0,0.0,18.18,1.0,1.0,0.038781734559789754,2669.159912109375,0.23005902978931697,0.0
^RUT,2026-01-29,2685.0,Put,0.0,0.0,26.57,11.0,15.0,0.038781734559789754,2669.159912109375,0.23005902978931697,0.0
^RUT,2026-01-29,2690.0,Call,0.0,0.0,47.4,3.0,44.0,0.038781734559789754,2669.159912109375,0.23005902978931697,0.0
^RUT,2026-01-29,2690.0,Put,0.0,0.0,24.05,1.0,4.0,0.038781734559789754,2669.159912109375,0.23005902978931697,0.0
^RUT,2026-01-29,2695.0,Call,0.0,0.0,25.5,2.0,4.0,0.038781734559789754,2669.159912109375,0.23005902978931697,0.0
^RUT,2026-01-29,2695.0,Put,0.0,0.0,39.91,26.0,35.0,0.038781734559789754,2669.159912109375,0.23005902978931697,0.0
^RUT,2026-01-29,2700.0,Call,0.0,0.0,30.2,,7.0,0.038781734559789754,2669.159912109375,0.23005902978931697,0.0
^RUT,2026-01-29,2700.0,Put,0.0,0.0,26.57,1.0,6.0,0.038781734559789754,2669.159912109375,0.23005902978931697,0.0
^RUT,2026-01-29,2705.0,Call,0.0,0.0,20.76,1.0,5.0,0.038781734559789754,2669.159912109375,0.23005902978931697,0.0
^RUT,2026-01-29,2705.0,Put,0.0,0.0,28.87,1.0,1.0,0.038781734559789754,2669.159912109375,0.23005902978931697,0.0
^RUT,2026-01-29,2710.0,Call,0.0,0.0,14.92,2.0,3.0,0.038781734559789754,2669.159912109375,0.23005902978931697,0.0
^RUT,2026-01-29,2715.0,Call,0.0,0.0,31.14,16.0,40.0,0.038781734559789754,2669.159912109375,0.23005902978931697,0.0
^RUT,2026-01-29,2715.0,Put,0.0,0.0,54.18,10.0,1.0,0.038781734559789754,2669.159912109375,0.23005902978931697,0.0
^RUT,2026-01-29,2720.0,Call,0.0,0.0,11.07,16.0,90.0,0.038781734559789754,2669.159912109375,0.23005902978931697,0.0
^RUT,2026-01-29,2720.0,Put,0.0,0.0,57.98,28.0,17.0,0.038781734559789754,2669.159912109375,0.23005902978931697,0.0
^RUT,2026-01-29,2725.0,Call,0.0,0.0,6.34,6.0,16.0,0.038781734559789754,2669.159912109375,0.23005902978931697,0.0
^RUT,2026-01-29,2725.0,Put,0.0,0.0,48.81,9.0,11.0,0.038781734559789754,2669.159912109375,0.23005902978931697,0.0
^RUT,2026-01-29,2730.0,Call,0.0,0.0,15.9,6.0,13.0,0.038781734559789754,2669.159912109375,0.23005902978931697,0.0
^RUT,2026-01-29,2730.0,Put,0.0,0.0,43.9,1.0,1.0,0.038781734559789754,2669.159912109375,0.23005902978931697,0.0
^RUT,2026-01-29,2735.0,Call,0.0,0.0,7.46,11.0,19.0,0.038781734559789754,2669.159912109375,0.23005902978931697,0.0
^RUT,2026-01-29,2735.0,Put,0.0,0.0,30.5,,8.0,0.038781734559789754,2669.159912109375,0.23005902978931697,0.0
^RUT,2026-01-29,2740.0,Call,0.0,0.0,4.37,9.0,15.0,0.038781734559789754,2669.159912109375,0.23005902978931697,0.0
^RUT,2026-01-29,2745.0,Call,0.0,0.0,11.4,1.0,8.0,0.038781734559789754,2669.159912109375,0.23005902978931697,0.0
^RUT,2026-01-29,2750.0,Call,0.0,0.0,2.97,13.0,49.0,0.038781734559789754,2669.159912109375,0.23005902978931697,0.0
^RUT,2026-01-29,2750.0,Put,0.0,0.0,80.0,1.0,2.0,0.038781734559789754,2669.159912109375,0.23005902978931697,0.0
^RUT,2026-01-29,2755.0,Call,0.0,0.0,4.35,6.0,7.0,0.038781734559789754,2669.159912109375,0.23005902978931697,0.0
^RUT,2026-01-29,2760.0,Call,0.0,0.0,2.19,8.0,11.0,0.038781734559789754,2669.159912109375,0.23005902978931697,0.0
^RUT,2026-01-29,2765.0,Call,0.0,0.0,4.4,2.0,12.0,0.038781734559789754,2669.159912109375,0.23005902978931697,0.0
^RUT,2026-01-29,2770.0,Call,0.0,0.0,1.68,1.0,4.0,0.038781734559789754,2669.159912109375,0.23005902978931697,0.0
^RUT,2026-01-29,2770.0,Put,0.0,0.0,51.45,1.0,4.0,0.038781734559789754,2669.159912109375,0.23005902978931697,0.0
^RUT,2026-01-29,2775.0,Call,0.0,0.0,1.42,4.0,5.0,0.038781734559789754,2669.159912109375,0.23005902978931697,0.0
^RUT,2026-01-29,2775.0,Put,0.0,0.0,54.85,1.0,4.0,0.038781734559789754,2669.159912109375,0.23005902978931697,0.0
^RUT,2026-01-29,2780.0,Call,0.0,0.0,3.93,1.0,3.0,0.038781734559789754,2669.159912109375,0.23005902978931697,0.0
^RUT,2026-01-29,2785.0,Call,0.0,0.0,3.44,1.0,4.0,0.038781734559789754,2669.159912109375,0.23005902978931697,0.0
^RUT,2026-01-29,2790.0,Call,0.0,0.0,9.3,2.0,2.0,0.038781734559789754,2669.159912109375,0.23005902978931697,0.0
^RUT,2026-01-29,2795.0,Call,0.0,0.0,4.03,,1.0,0.038781734559789754,2669.159912109375,0.23005902978931697,0.0
^RUT,2026-01-29,2795.0,Put,0.0,0.0,80.65,1.0,2.0,0.038781734559789754,2669.159912109375,0.23005902978931697,0.0
^RUT,2026-01-29,2800.0,Call,0.0,0.0,2.22,3.0,3.0,0.038781734559789754,2669.159912109375,0.23005902978931697,0.0
^RUT,2026-01-29,2800.0,Put,0.0,0.0,84.63,1.0,2.0,0.038781734559789754,2669.159912109375,0.23005902978931697,0.0
^RUT,2026-01-29,2805.0,Call,0.0,0.0,0.7,5.0,5.0,0.038781734559789754,2669.159912109375,0.23005902978931697,0.0
^RUT,2026-01-29,2810.0,Call,0.0,0.0,1.15,5.0,5.0,0.038781734559789754,2669.159912109375,0.23005902978931697,0.0
^RUT,2026-01-29,2815.0,Call,0.0,0.0,3.48,,3.0,0.038781734559789754,2669.159912109375,0.23005902978931697,0.0
^RUT,2026-01-29,2820.0,Call,0.0,0.0,0.77,2.0,21.0,0.038781734559789754,2669.159912109375,0.23005902978931697,0.0
^RUT,2026-01-29,2830.0,Call,0.0,0.0,2.3,56.0,53.0,0.038781734559789754,2669.159912109375,0.23005902978931697,0.0
^RUT,2026-01-29,2845.0,Call,0.0,0.0,1.6,,20.0,0.038781734559789754,2669.159912109375,0.23005902978931697,0.0
^RUT,2026-01-29,2855.0,Call,0.0,0.0,1.6,,52.0,0.038781734559789754,2669.159912109375,0.23005902978931697,0.0
^RUT,2026-01-29,2860.0,Call,0.0,0.0,0.24,1.0,1.0,0.038781734559789754,2669.159912109375,0.23005902978931697,0.0
^RUT,2026-01-29,2865.0,Call,0.0,0.0,1.06,,2.0,0.038781734559789754,2669.159912109375,0.23005902978931697,0.0
^RUT,2026-01-29,2875.0,Call,0.0,0.0,0.65,,1.0,0.038781734559789754,2669.159912109375,0.23005902978931697,0.0
^RUT,2026-01-29,2880.0,Put,0.0,0.0,203.6,,1.0,0.038781734559789754,2669.159912109375,0.23005902978931697,0.0
^RUT,2026-01-29,2895.0,Call,0.0,0.0,0.52,,3.0,0.038781734559789754,2669.159912109375,0.23005902978931697,0.0
^RUT,2026-01-30,1150.0,Put,0.0,0.1,0.6,10.0,83.0,0.038742312746386336,2669.159912109375,0.23005902978931697,0.0
^RUT,2026-01-30,1200.0,Put,0.0,0.0,0.28,30.0,65.0,0.038742312746386336,2669.159912109375,0.23005902978931697,0.0
^RUT,2026-01-30,1250.0,Put,0.3,0.65,1.29,2.0,0.0,0.038742312746386336,2669.159912109375,0.23005902978931697,0.0
^RUT,2026-01-30,1300.0,Put,0.85,1.2,2.08,2.0,3.0,0.038742312746386336,2669.159912109375,0.23005902978931697,0.0
^RUT,2026-01-30,1350.0,Call,1222.4,1237.5,1109.23,,50.0,0.038742312746386336,2669.159912109375,0.23005902978931697,0.0
^RUT,2026-01-30,1350.0,Put,0.5,0.85,1.78,2.0,0.0,0.038742312746386336,2669.159912109375,0.23005902978931697,0.0
^RUT,2026-01-30,1400.0,Call,1172.3,1191.2,1060.08,,50.0,0.038742312746386336,2669.159912109375,0.23005902978931697,0.0
^RUT,2026-01-30,1400.0,Put,0.0,0.0,0.25,6.0,14.0,0.038742312746386336,2669.159912109375,0.23005902978931697,0.0
^RUT,2026-01-30,1450.0,Put,0.0,0.0,0.2,1.0,4.0,0.038742312746386336,2669.159912109375,0.23005902978931697,0.0
^RUT,2026-01-30,1500.0,Put,0.0,0.0,0.3,2.0,23.0,0.038742312746386336,2669.159912109375,0.23005902978931697,0.0
^RUT,2026-01-30,1550.0,Put,0.0,0.0,0.25,3.0,38.0,0.038742312746386336,2669.159912109375,0.23005902978931697,0.0
^RUT,2026-01-30,1600.0,Put,0.0,0.0,0.4,2.0,68.0,0.038742312746386336,2669.159912109375,0.23005902978931697,0.0
^RUT,2026-01-30,1650.0,Call,0.0,0.0,848.46,2.0,2.0,0.038742312746386336,2669.159912109375,0.23005902978931697,0.0
^RUT,2026-01-30,1650.0,Put,0.0,0.0,0.25,2.0,13.0,0.038742312746386336,2669.159912109375,0.23005902978931697,0.0
^RUT,2026-01-30,1700.0,Put,0.0,0.0,0.12,1.0,43.0,0.038742312746386336,2669.159912109375,0.23005902978931697,0.0
^RUT,2026-01-30,1750.0,Put,0.0,0.0,1.85,1.0,225.0,0.038742312746386336,2669.159912109375,0.23005902978931697,0.0
^RUT,2026-01-30,1790.0,Put,0.15,0.25,7.03,,1.0,0.038742312746386336,2669.159912109375,0.23005902978931697,0.0
^RUT,2026-01-30,1800.0,Put,0.0,0.0,0.05,1.0,1239.0,0.038742312746386336,2669.159912109375,0.23005902978931697,0.0
^RUT,2026-01-30,1810.0,Put,0.0,0.0,1.55,7.0,6.0,0.038742312746386336,2669.159912109375,0.23005902978931697,0.0
^RUT,2026-01-30,1820.0,Put,0.0,0.0,1.6,9.0,43.0,0.038742312746386336,2669.159912109375,0.23005902978931697,0.0
^RUT,2026-01-30,1830.0,Put,0.0,0.0,1.65,18.0,14.0,0.038742312746386336,2669.159912109375,0.23005902978931697,0.0
^RUT,2026-01-30,1840.0,Put,0.0,0.0,0.2,1.0,12.0,0.038742312746386336,2669.159912109375,0.23005902978931697,0.0
^RUT,2026-01-30,1850.0,Put,0.0,0.0,0.52,1.0,1253.0,0.038742312746386336,2669.159912109375,0.23005902978931697,0.0
^RUT,2026-01-30,1860.0,Put,0.0,0.0,0.23,4.0,10.0,0.038742312746386336,2669.159912109375,0.23005902978931697,0.0
^RUT,2026-01-30,1870.0,Put,0.0,0.0,0.25,9.0,29.0,0.038742312746386336,2669.159912109375,0.23005902978931697,0.0
^RUT,2026-01-30,1880.0,Put,0.0,0.0,1.95,5.0,9.0,0.038742312746386336,2669.159912109375,0.23005902978931697,0.0
^RUT,2026-01-30,1890.0,Put,0.0,0.0,2.0,3.0,13.0,0.038742312746386336,2669.159912109375,0.23005902978931697,0.0
^RUT,2026-01-30,1900.0,Put,0.0,0.0,1.15,1.0,89.0,0.038742312746386336,2669.159912109375,0.23005902978931697,0.0
^RUT,2026-01-30,1910.0,Put,0.0,0.0,0.05,1.0,22.0,0.038742312746386336,2669.159912109375,0.23005902978931697,0.0
^RUT,2026-01-30,1920.0,Put,0.0,0.0,0.08,1.0,14.0,0.038742312746386336,2669.159912109375,0.23005902978931697,0.0
^RUT,2026-01-30,1930.0,Put,0.0,0.0,0.32,2.0,11.0,0.038742312746386336,2669.159912109375,0.23005902978931697,0.0
^RUT,2026-01-30,1940.0,Put,0.0,0.0,0.34,1.0,7.0,0.038742312746386336,2669.159912109375,0.23005902978931697,0.0
^RUT,2026-01-30,1950.0,Put,0.0,0.0,0.77,1.0,255.0,0.038742312746386336,2669.159912109375,0.23005902978931697,0.0
^RUT,2026-01-30,1960.0,Put,0.35,0.5,5.3,1.0,11.0,0.038742312746386336,2669.159912109375,0.23005902978931697,0.0
^RUT,2026-01-30,1970.0,Put,0.3,0.55,12.2,1.0,2.0,0.038742312746386336,2669.159912109375,0.23005902978931697,0.0
^RUT,2026-01-30,1980.0,Put,0.0,0.0,0.32,9.0,17.0,0.038742312746386336,2669.159912109375,0.23005902978931697,0.0
^RUT,2026-01-30,1990.0,Put,0.0,0.0,2.88,3.0,36.0,0.038742312746386336,2669.159912109375,0.23005902978931697,0.0
^RUT,2026-01-30,2000.0,Call,0.0,0.0,501.87,1.0,4.0,0.038742312746386336,2669.159912109375,0.23005902978931697,0.0
^RUT,2026-01-30,2000.0,Put,0.0,0.0,0.1,1.0,73.0,0.038742312746386336,2669.159912109375,0.23005902978931697,0.0
^RUT,2026-01-30,2010.0,Put,0.0,0.0,0.05,2.0,17.0,0.038742312746386336,2669.159912109375,0.23005902978931697,0.0
^RUT,2026-01-30,2020.0,Put,0.0,0.0,1.59,3.0,12.0,0.038742312746386336,2669.159912109375,0.23005902978931697,0.0
^RUT,2026-01-30,2030.0,Put,0.0,0.0,0.37,1.0,19.0,0.038742312746386336,2669.159912109375,0.23005902978931697,0.0
^RUT,2026-01-30,2040.0,Call,426.4,446.4,265.13,,22.0,0.038742312746386336,2669.159912109375,0.23005902978931697,0.0
^RUT,2026-01-30,2040.0,Put,0.0,0.0,1.03,1.0,33.0,0.038742312746386336,2669.159912109375,0.23005902978931697,0.0
^RUT,2026-01-30,2050.0,Call,420.4,427.6,382.06,2.0,31.0,0.038742312746386336,2669.159912109375,0.23005902978931697,0.0
^RUT,2026-01-30,2050.0,Put,0.0,0.0,0.62,3.0,32.0,0.038742312746386336,2669.159912109375,0.23005902978931697,0.0
^RUT,2026-01-30,2060.0,Call,408.4,428.4,279.69,2.0,17.0,0.038742312746386336,2669.159912109375,0.23005902978931697,0.0
^RUT,2026-01-30,2060.0,Put,0.0,0.0,0.61,3.0,8.0,0.038742312746386336,2669.159912109375,0.23005902978931697,0.0
^RUT,2026-01-30,2070.0,Call,398.0,421.3,239.2,,2.0,0.038742312746386336,2669.159912109375,0.23005902978931697,0.0
^RUT,2026-01-30,2070.0,Put,0.0,0.0,1.8,3.0,25.0,0.038742312746386336,2669.159912109375,0.23005902978931697,0.0
^RUT,2026-01-30,2080.0,Call,389.1,411.8,240.76,,5.0,0.038742312746386336,2669.159912109375,0.23005902978931697,0.0
^RUT,2026-01-30,2080.0,Put,0.0,0.0,3.95,6.0,7.0,0.038742312746386336,2669.159912109375,0.23005902978931697,0.0
^RUT,2026-01-30,2090.0,Call,380.2,403.0,225.27,,8.0,0.038742312746386336,2669.159912109375,0.23005902978931697,0.0
^RUT,2026-01-30,2090.0,Put,0.0,0.0,3.75,1.0,4.0,0.038742312746386336,2669.159912109375,0.23005902978931697,0.0
^RUT,2026-01-30,2100.0,Call,0.0,0.0,400.22,1.0,23.0,0.038742312746386336,2669.159912109375,0.23005902978931697,0.0
^RUT,2026-01-30,2100.0,Put,0.0,0.0,0.25,1.0,51.0,0.038742312746386336,2669.159912109375,0.23005902978931697,0.0
^RUT,2026-01-30,2110.0,Call,362.6,385.1,263.79,,1.0,0.038742312746386336,2669.159912109375,0.23005902978931697,0.0
^RUT,2026-01-30,2110.0,Put,0.0,0.0,1.55,2.0,64.0,0.038742312746386336,2669.159912109375,0.23005902978931697,0.0
^RUT,2026-01-30,2120.0,Call,354.0,375.6,264.94,4.0,2.0,0.038742312746386336,2669.159912109375,0.23005902978931697,0.0
^RUT,2026-01-30,2120.0,Put,0.0,0.0,0.4,1.0,7.0,0.038742312746386336,2669.159912109375,0.23005902978931697,0.0
^RUT,2026-01-30,2130.0,Call,345.2,367.0,250.88,2.0,3.0,0.038742312746386336,2669.159912109375,0.23005902978931697,0.0
^RUT,2026-01-30,2130.0,Put,0.0,0.0,0.05,1.0,20.0,0.038742312746386336,2669.159912109375,0.23005902978931697,0.0
^RUT,2026-01-30,2140.0,Call,0.0,0.0,554.38,2.0,2.0,0.038742312746386336,2669.159912109375,0.23005902978931697,0.0
^RUT,2026-01-30,2140.0,Put,0.0,0.0,1.96,1.0,7.0,0.038742312746386336,2669.159912109375,0.23005902978931697,0.0
^RUT,2026-01-30,2150.0,Call,0.0,0.0,486.95,1.0,7.0,0.038742312746386336,2669.159912109375,0.23005902978931697,0.0
^RUT,2026-01-30,2150.0,Put,0.0,0.0,0.1,5.0,164.0,0.038742312746386336,2669.159912109375,0.23005902978931697,0.0
^RUT,2026-01-30,2160.0,Call,0.0,0.0,369.27,1.0,2.0,0.038742312746386336,2669.159912109375,0.23005902978931697,0.0
^RUT,2026-01-30,2160.0,Put,0.0,0.0,0.08,1.0,82.0,0.038742312746386336,2669.159912109375,0.23005902978931697,0.0
^RUT,2026-01-30,2170.0,Call,0.0,0.0,331.33,1.0,2.0,0.038742312746386336,2669.159912109375,0.23005902978931697,0.0
^RUT,2026-01-30,2170.0,Put,0.0,0.0,0.08,4.0,45.0,0.038742312746386336,2669.159912109375,0.23005902978931697,0.0
^RUT,2026-01-30,2180.0,Call,0.0,0.0,282.7,2.0,4.0,0.038742312746386336,2669.159912109375,0.23005902978931697,0.0
^RUT,2026-01-30,2180.0,Put,0.0,0.0,0.1,1.0,187.0,0.038742312746386336,2669.159912109375,0.23005902978931697,0.0
^RUT,2026-01-30,2190.0,Put,0.0,0.0,0.1,5.0,25.0,0.038742312746386336,2669.159912109375,0.23005902978931697,0.0
^RUT,2026-01-30,2200.0,Call,0.0,0.0,352.0,5.0,7.0,0.038742312746386336,2669.159912109375,0.23005902978931697,0.0
^RUT,2026-01-30,2200.0,Put,0.0,0.0,0.15,8.0,227.0,0.038742312746386336,2669.159912109375,0.23005902978931697,0.0
^RUT,2026-01-30,2210.0,Call,0.0,0.0,261.9,,7.0,0.038742312746386336,2669.159912109375,0.23005902978931697,0.0
^RUT,2026-01-30,2210.0,Put,0.0,0.0,0.1,1.0,32.0,0.038742312746386336,2669.159912109375,0.23005902978931697,0.0
^RUT,2026-01-30,2220.0,Call,279.9,284.0,246.04,4.0,7.0,0.038742312746386336,2669.159912109375,0.23005902978931697,0.0
^RUT,2026-01-30,2220.0,Put,0.0,0.0,0.15,4.0,48.0,0.038742312746386336,2669.159912109375,0.23005902978931697,0.0
^RUT,2026-01-30,2230.0,Call,0.0,0.0,240.7,6.0,7.0,0.038742312746386336,2669.159912109375,0.23005902978931697,0.0
^RUT,2026-01-30,2230.0,Put,0.0,0.0,0.15,2.0,67.0,0.038742312746386336,2669.159912109375,0.23005902978931697,0.0
^RUT,2026-01-30,2240.0,Call,0.0,0.0,300.22,4.0,7.0,0.038742312746386336,2669.159912109375,0.23005902978931697,0.0
^RUT,2026-01-30,2240.0,Put,0.0,0.0,0.15,1.0,57.0,0.038742312746386336,2669.159912109375,0.23005902978931697,0.0
^RUT,2026-01-30,2245.0,Call,0.0,0.0,448.38,1.0,1.0,0.038742312746386336,2669.159912109375,0.23005902978931697,0.0
^RUT,2026-01-30,2245.0,Put,0.0,0.0,0.15,1.0,369.0,0.038742312746386336,2669.159912109375,0.23005902978931697,0.0
^RUT,2026-01-30,2250.0,Call,0.0,0.0,443.12,1.0,6.0,0.038742312746386336,2669.159912109375,0.23005902978931697,0.0
^RUT,2026-01-30,2250.0,Put,0.0,0.0,0.2,5.0,435.0,0.038742312746386336,2669.159912109375,0.23005902978931697,0.0
^RUT,2026-01-30,2255.0,Put,0.0,0.0,0.17,15.0,250.0,0.038742312746386336,2669.159912109375,0.23005902978931697,0.0
^RUT,2026-01-30,2260.0,Call,0.0,0.0,424.45,8.0,13.0,0.038742312746386336,2669.159912109375,0.23005902978931697,0.0
^RUT,2026-01-30,2260.0,Put,0.0,0.0,0.22,5.0,322.0,0.038742312746386336,2669.159912109375,0.23005902978931697,0.0
^RUT,2026-01-30,2265.0,Call,0.0,0.0,407.84,9.0,9.0,0.038742312746386336,2669.159912109375,0.23005902978931697,0.0
^RUT,2026-01-30,2265.0,Put,0.0,0.0,0.17,2.0,599.0,0.038742312746386336,2669.159912109375,0.23005902978931697,0.0
^RUT,2026-01-30,2270.0,Call,0.0,0.0,327.0,1.0,132.0,0.038742312746386336,2669.159912109375,0.23005902978931697,0.0
^RUT,2026-01-30,2270.0,Put,0.0,0.0,0.17,1.0,343.0,0.038742312746386336,2669.159912109375,0.23005902978931697,0.0
^RUT,2026-01-30,2275.0,Put,0.0,0.0,0.17,8.0,560.0,0.038742312746386336,2669.159912109375,0.23005902978931697,0.0
^RUT,2026-01-30,2280.0,Call,227.0,232.7,258.64,1.0,26.0,0.038742312746386336,2669.159912109375,0.23005902978931697,0.0
^RUT,2026-01-30,2280.0,Put,0.0,0.0,0.18,1.0,134.0,0.038742312746386336,2669.159912109375,0.23005902978931697,0.0
^RUT,2026-01-30,2285.0,Put,0.0,0.0,0.5,1.0,82.0,0.038742312746386336,2669.159912109375,0.23005902978931697,0.0
^RUT,2026-01-30,2290.0,Call,0.0,0.0,268.41,10.0,27.0,0.038742312746386336,2669.159912109375,0.23005902978931697,0.0
^RUT,2026-01-30,2290.0,Put,0.0,0.0,0.22,9.0,217.0,0.038742312746386336,2669.159912109375,0.23005902978931697,0.0
^RUT,2026-01-30,2295.0,Put,0.0,0.0,0.19,5.0,139.0,0.038742312746386336,2669.159912109375,0.23005902978931697,0.0
^RUT,2026-01-30,2300.0,Call,0.0,0.0,384.5,54.0,84.0,0.038742312746386336,2669.159912109375,0.23005902978931697,0.0
^RUT,2026-01-30,2300.0,Put,0.0,0.0,0.22,11.0,1197.0,0.038742312746386336,2669.159912109375,0.23005902978931697,0.0
^RUT,2026-01-30,2305.0,Call,0.0,0.0,379.39,54.0,54.0,0.038742312746386336,2669.159912109375,0.23005902978931697,0.0
^RUT,2026-01-30,2305.0,Put,0.0,0.0,0.28,1.0,342.0,0.038742312746386336,2669.159912109375,0.23005902978931697,0.0
^RUT,2026-01-30,2310.0,Call,0.0,0.0,248.17,6.0,10.0,0.038742312746386336,2669.159912109375,0.23005902978931697,0.0
^RUT,2026-01-30,2310.0,Put,0.0,0.0,0.3,1.0,475.0,0.038742312746386336,2669.159912109375,0.23005902978931697,0.0
^RUT,2026-01-30,2315.0,Put,0.0,0.0,1.1,1.0,299.0,0.038742312746386336,2669.159912109375,0.23005902978931697,0.0
^RUT,2026-01-30,2320.0,Call,0.0,0.0,321.62,1.0,30.0,0.038742312746386336,2669.159912109375,0.23005902978931697,0.0
^RUT,2026-01-30,2320.0,Put,0.0,0.0,0.27,4.0,332.0,0.038742312746386336,2669.159912109375,0.23005902978931697,0.0
^RUT,2026-01-30,2325.0,Call,0.0,0.0,354.94,,2.0,0.038742312746386336,2669.159912109375,0.23005902978931697,0.0
^RUT,2026-01-30,2325.0,Put,0.0,0.0,1.37,1.0,147.0,0.038742312746386336,2669.159912109375,0.23005902978931697,0.0
^RUT,2026-01-30,2330.0,Call,197.3,200.7,155.7,,5.0,0.038742312746386336,2669.159912109375,0.23005902978931697,0.0
^RUT,2026-01-30,2330.0,Put,0.0,0.0,0.3,1.0,288.0,0.038742312746386336,2669.159912109375,0.23005902978931697,0.0
^RUT,2026-01-30,2335.0,Put,0.0,0.0,0.27,3.0,182.0,0.038742312746386336,2669.159912109375,0.23005902978931697,0.0
^RUT,2026-01-30,2340.0,Call,0.0,0.0,301.87,2.0,8.0,0.038742312746386336,2669.159912109375,0.23005902978931697,0.0
^RUT,2026-01-30,2340.0,Put,0.0,0.0,1.58,10.0,267.0,0.038742312746386336,2669.159912109375,0.23005902978931697,0.0
^RUT,2026-01-30,2345.0,Put,0.0,0.0,0.35,1.0,42.0,0.038742312746386336,2669.159912109375,0.23005902978931697,0.0
^RUT,2026-01-30,2350.0,Call,0.0,0.0,312.68,1.0,50.0,0.038742312746386336,2669.159912109375,0.23005902978931697,0.0
^RUT,2026-01-30,2350.0,Put,0.0,0.0,0.4,2.0,567.0,0.038742312746386336,2669.159912109375,0.23005902978931697,0.0
^RUT,2026-01-30,2355.0,Put,0.0,0.0,0.75,11.0,58.0,0.038742312746386336,2669.159912109375,0.23005902978931697,0.0
^RUT,2026-01-30,2360.0,Call,0.0,0.0,203.57,4.0,7.0,0.038742312746386336,2669.159912109375,0.23005902978931697,0.0
^RUT,2026-01-30,2360.0,Put,0.0,0.0,0.47,4.0,314.0,0.038742312746386336,2669.159912109375,0.23005902978931697,0.0
^RUT,2026-01-30,2365.0,Put,0.0,0.0,0.38,2.0,189.0,0.038742312746386336,2669.159912109375,0.23005902978931697,0.0
^RUT,2026-01-30,2370.0,Call,0.0,0.0,323.35,1.0,12.0,0.038742312746386336,2669.159912109375,0.23005902978931697,0.0
^RUT,2026-01-30,2370.0,Put,0.0,0.0,0.45,20.0,157.0,0.038742312746386336,2669.159912109375,0.23005902978931697,0.0
^RUT,2026-01-30,2375.0,Put,0.0,0.0,0.53,6.0,110.0,0.038742312746386336,2669.159912109375,0.23005902978931697,0.0
^RUT,2026-01-30,2380.0,Call,0.0,0.0,215.0,1.0,19.0,0.038742312746386336,2669.159912109375,0.23005902978931697,0.0
^RUT,2026-01-30,2380.0,Put,0.0,0.0,0.5,20.0,172.0,0.038742312746386336,2669.159912109375,0.23005902978931697,0.0
^RUT,2026-01-30,2385.0,Call,0.0,0.0,180.5,,1.0,0.038742312746386336,2669.159912109375,0.23005902978931697,0.0
^RUT,2026-01-30,2385.0,Put,0.0,0.0,1.19,8.0,66.0,0.038742312746386336,2669.159912109375,0.23005902978931697,0.0
^RUT,2026-01-30,2390.0,Call,0.0,0.0,174.16,6.0,20.0,0.038742312746386336,2669.159912109375,0.23005902978931697,0.0
^RUT,2026-01-30,2390.0,Put,0.0,0.0,0.42,1.0,120.0,0.038742312746386336,2669.159912109375,0.23005902978931697,0.0
^RUT,2026-01-30,2395.0,Call,0.0,0.0,297.35,1.0,1.0,0.038742312746386336,2669.159912109375,0.23005902978931697,0.0
^RUT,2026-01-30,2395.0,Put,0.0,0.0,1.97,5.0,14.0,0.038742312746386336,2669.159912109375,0.23005902978931697,0.0
^RUT,2026-01-30,2400.0,Call,0.0,0.0,292.86,4.0,34.0,0.038742312746386336,2669.159912109375,0.23005902978931697,0.0
^RUT,2026-01-30,2400.0,Put,0.0,0.0,0.65,15.0,251.0,0.038742312746386336,2669.159912109375,0.23005902978931697,0.0
^RUT,2026-01-30,2405.0,Call,0.0,0.0,160.65,,6.0,0.038742312746386336,2669.159912109375,0.23005902978931697,0.0
^RUT,2026-01-30,2405.0,Put,0.0,0.0,0.53,5.0,602.0,0.038742312746386336,2669.159912109375,0.23005902978931697,0.0
^RUT,2026-01-30,2410.0,Call,175.2,191.0,103.1,11.0,18.0,0.038742312746386336,2669.159912109375,0.23005902978931697,0.0
^RUT,2026-01-30,2410.0,Put,0.0,0.0,2.23,10.0,60.0,0.038742312746386336,2669.159912109375,0.23005902978931697,0.0
^RUT,2026-01-30,2415.0,Put,0.0,0.0,0.52,3.0,72.0,0.038742312746386336,2669.159912109375,0.23005902978931697,0.0
^RUT,2026-01-30,2420.0,Call,166.0,181.9,138.72,1.0,13.0,0.038742312746386336,2669.159912109375,0.23005902978931697,0.0
^RUT,2026-01-30,2420.0,Put,0.0,0.0,0.6,17.0,275.0,0.038742312746386336,2669.159912109375,0.23005902978931697,0.0
^RUT,2026-01-30,2425.0,Call,0.0,0.0,98.71,4.0,2.0,0.038742312746386336,2669.159912109375,0.23005902978931697,0.0
^RUT,2026-01-30,2425.0,Put,0.0,0.0,0.6,9.0,53.0,0.038742312746386336,2669.159912109375,0.23005902978931697,0.0
^RUT,2026-01-30,2430.0,Call,0.0,0.0,305.0,1.0,20.0,0.038742312746386336,2669.159912109375,0.23005902978931697,0.0
^RUT,2026-01-30,2430.0,Put,0.0,0.0,0.6,13.0,328.0,0.038742312746386336,2669.159912109375,0.23005902978931697,0.0
^RUT,2026-01-30,2435.0,Put,0.0,0.0,0.7,14.0,1367.0,0.038742312746386336,2669.159912109375,0.23005902978931697,0.0
^RUT,2026-01-30,2440.0,Call,0.0,0.0,90.44,12.0,28.0,0.038742312746386336,2669.159912109375,0.23005902978931697,0.0
^RUT,2026-01-30,2440.0,Put,0.0,0.0,0.83,13.0,157.0,0.038742312746386336,2669.159912109375,0.23005902978931697,0.0
^RUT,2026-01-30,2445.0,Put,0.0,0.0,0.75,10.0,123.0,0.038742312746386336,2669.159912109375,0.23005902978931697,0.0
^RUT,2026-01-30,2450.0,Call,0.0,0.0,205.14,21.0,82.0,0.038742312746386336,2669.159912109375,0.23005902978931697,0.0
^RUT,2026-01-30,2450.0,Put,0.0,0.0,0.85,11.0,232.0,0.038742312746386336,2669.159912109375,0.23005902978931697,0.0
^RUT,2026-01-30,2455.0,Call,0.0,0.0,236.35,1.0,2.0,0.038742312746386336,2669.159912109375,0.23005902978931697,0.0
^RUT,2026-01-30,2455.0,Put,0.0,0.0,0.8,9.0,90.0,0.038742312746386336,2669.159912109375,0.23005902978931697,0.0
^RUT,2026-01-30,2460.0,Call,0.0,0.0,277.91,6.0,115.0,0.038742312746386336,2669.159912109375,0.23005902978931697,0.0
^RUT,2026-01-30,2460.0,Put,0.0,0.0,0.85,16.0,152.0,0.038742312746386336,2669.159912109375,0.23005902978931697,0.0
^RUT,2026-01-30,2465.0,Call,0.0,0.0,170.95,2.0,3.0,0.038742312746386336,2669.159912109375,0.23005902978931697,0.0
^RUT,2026-01-30,2465.0,Put,0.0,0.0,0.95,9.0,76.0,0.038742312746386336,2669.159912109375,0.23005902978931697,0.0
^RUT,2026-01-30,2470.0,Call,0.0,0.0,267.91,6.0,40.0,0.038742312746386336,2669.159912109375,0.23005902978931697,0.0
^RUT,2026-01-30,2470.0,Put,0.0,0.0,1.0,17.0,250.0,0.038742312746386336,2669.159912109375,0.23005902978931697,0.0
^RUT,2026-01-30,2475.0,Call,0.0,0.0,216.21,,2.0,0.038742312746386336,2669.159912109375,0.23005902978931697,0.0
^RUT,2026-01-30,2475.0,Put,0.0,0.0,1.0,10.0,118.0,0.038742312746386336,2669.159912109375,0.23005902978931697,0.0
^RUT,2026-01-30,2480.0,Call,0.0,0.0,203.15,4.0,60.0,0.038742312746386336,2669.159912109375,0.23005902978931697,0.0
^RUT,2026-01-30,2480.0,Put,0.0,0.0,1.05,30.0,492.0,0.038742312746386336,2669.159912109375,0.23005902978931697,0.0
^RUT,2026-01-30,2485.0,Put,0.0,0.0,1.1,13.0,204.0,0.038742312746386336,2669.159912109375,0.23005902978931697,0.0
^RUT,2026-01-30,2490.0,Call,0.0,0.0,196.27,10.0,74.0,0.038742312746386336,2669.159912109375,0.23005902978931697,0.0
^RUT,2026-01-30,2490.0,Put,0.0,0.0,1.43,54.0,189.0,0.038742312746386336,2669.159912109375,0.23005902978931697,0.0
^RUT,2026-01-30,2495.0,Call,0.0,0.0,85.55,2.0,3.0,0.038742312746386336,2669.159912109375,0.23005902978931697,0.0
^RUT,2026-01-30,2495.0,Put,0.0,0.0,1.25,14.0,92.0,0.038742312746386336,2669.159912109375,0.23005902978931697,0.0
^RUT,2026-01-30,2500.0,Call,0.0,0.0,195.63,1.0,276.0,0.038742312746386336,2669.159912109375,0.23005902978931697,0.0
^RUT,2026-01-30,2500.0,Put,0.0,0.0,1.45,158.0,622.0,0.038742312746386336,2669.159912109375,0.23005902978931697,0.0
^RUT,2026-01-30,2505.0,Put,0.0,0.0,1.5,20.0,114.0,0.038742312746386336,2669.159912109375,0.23005902978931697,0.0
^RUT,2026-01-30,2510.0,Call,0.0,0.0,177.14,10.0,51.0,0.038742312746386336,2669.159912109375,0.23005902978931697,0.0
^RUT,2026-01-30,2510.0,Put,0.0,0.0,1.55,140.0,453.0,0.038742312746386336,2669.159912109375,0.23005902978931697,0.0
^RUT,2026-01-30,2515.0,Call,0.0,0.0,137.15,10.0,9.0,0.038742312746386336,2669.159912109375,0.23005902978931697,0.0
^RUT,2026-01-30,2515.0,Put,0.0,0.0,1.7,163.0,275.0,0.038742312746386336,2669.159912109375,0.23005902978931697,0.0
^RUT,2026-01-30,2520.0,Call,0.0,0.0,164.96,3.0,15.0,0.038742312746386336,2669.159912109375,0.23005902978931697,0.0
^RUT,2026-01-30,2520.0,Put,0.0,0.0,1.9,246.0,2036.0,0.038742312746386336,2669.159912109375,0.23005902978931697,0.0
^RUT,2026-01-30,2525.0,Call,0.0,0.0,122.88,1.0,13.0,0.038742312746386336,2669.159912109375,0.23005902978931697,0.0
^RUT,2026-01-30,2525.0,Put,0.0,0.0,2.25,92.0,320.0,0.038742312746386336,2669.159912109375,0.23005902978931697,0.0
^RUT,2026-01-30,2530.0,Call,0.0,0.0,142.29,2.0,92.0,0.038742312746386336,2669.159912109375,0.23005902978931697,0.0
^RUT,2026-01-30,2530.0,Put,0.0,0.0,2.63,289.0,2120.0,0.038742312746386336,2669.159912109375,0.23005902978931697,0.0
^RUT,2026-01-30,2535.0,Call,0.0,0.0,151.93,2.0,19.0,0.038742312746386336,2669.159912109375,0.23005902978931697,0.0
^RUT,2026-01-30,2535.0,Put,0.0,0.0,2.95,13.0,352.0,0.038742312746386336,2669.159912109375,0.23005902978931697,0.0
^RUT,2026-01-30,2540.0,Call,0.0,0.0,139.28,47.0,144.0,0.038742312746386336,2669.159912109375,0.23005902978931697,0.0
^RUT,2026-01-30,2540.0,Put,0.0,0.0,2.8,31.0,698.0,0.038742312746386336,2669.159912109375,0.23005902978931697,0.0
^RUT,2026-01-30,2545.0,Call,0.0,0.0,181.49,5.0,22.0,0.038742312746386336,2669.159912109375,0.23005902978931697,0.0
^RUT,2026-01-30,2545.0,Put,0.0,0.0,3.55,20.0,396.0,0.038742312746386336,2669.159912109375,0.23005902978931697,0.0
^RUT,2026-01-30,2550.0,Call,0.0,0.0,120.7,6.0,69.0,0.038742312746386336,2669.159912109375,0.23005902978931697,0.0
^RUT,2026-01-30,2550.0,Put,0.0,0.0,3.46,137.0,585.0,0.038742312746386336,2669.159912109375,0.23005902978931697,0.0
^RUT,2026-01-30,2555.0,Call,0.0,0.0,146.86,1.0,26.0,0.038742312746386336,2669.159912109375,0.23005902978931697,0.0
^RUT,2026-01-30,2555.0,Put,0.0,0.0,3.82,19.0,163.0,0.038742312746386336,2669.159912109375,0.23005902978931697,0.0
^RUT,2026-01-30,2560.0,Call,0.0,0.0,112.94,3.0,29.0,0.038742312746386336,2669.159912109375,0.23005902978931697,0.0
^RUT,2026-01-30,2560.0,Put,0.0,0.0,3.86,63.0,371.0,0.038742312746386336,2669.159912109375,0.23005902978931697,0.0
^RUT,2026-01-30,2565.0,Call,0.0,0.0,138.88,1.0,12.0,0.038742312746386336,2669.159912109375,0.23005902978931697,0.0
^RUT,2026-01-30,2565.0,Put,0.0,0.0,4.82,84.0,164.0,0.038742312746386336,2669.159912109375,0.23005902978931697,0.0
^RUT,2026-01-30,2570.0,Call,0.0,0.0,162.1,4.0,32.0,0.038742312746386336,2669.159912109375,0.23005902978931697,0.0
^RUT,2026-01-30,2570.0,Put,0.0,0.0,4.8,55.0,247.0,0.038742312746386336,2669.159912109375,0.23005902978931697,0.0
^RUT,2026-01-30,2575.0,Call,0.0,0.0,130.36,4.0,33.0,0.038742312746386336,2669.159912109375,0.23005902978931697,0.0
^RUT,2026-01-30,2575.0,Put,0.0,0.0,5.35,73.0,193.0,0.038742312746386336,2669.159912109375,0.23005902978931697,0.0
^RUT,2026-01-30,2580.0,Call,0.0,0.0,126.16,4.0,72.0,0.038742312746386336,2669.159912109375,0.23005902978931697,0.0
^RUT,2026-01-30,2580.0,Put,0.0,0.0,7.1,41.0,236.0,0.038742312746386336,2669.159912109375,0.23005902978931697,0.0
^RUT,2026-01-30,2585.0,Call,0.0,0.0,94.01,4.0,19.0,0.038742312746386336,2669.159912109375,0.23005902978931697,0.0
^RUT,2026-01-30,2585.0,Put,0.0,0.0,7.8,35.0,41.0,0.038742312746386336,2669.159912109375,0.23005902978931697,0.0
^RUT,2026-01-30,2590.0,Call,0.0,0.0,115.86,2.0,26.0,0.038742312746386336,2669.159912109375,0.23005902978931697,0.0
^RUT,2026-01-30,2590.0,Put,0.0,0.0,8.43,72.0,152.0,0.038742312746386336,2669.159912109375,0.23005902978931697,0.0
^RUT,2026-01-30,2595.0,Call,0.0,0.0,81.59,12.0,32.0,0.038742312746386336,2669.159912109375,0.23005902978931697,0.0
^RUT,2026-01-30,2595.0,Put,0.0,0.0,8.0,43.0,136.0,0.038742312746386336,2669.159912109375,0.23005902978931697,0.0
^RUT,2026-01-30,2600.0,Call,0.0,0.0,79.12,39.0,255.0,0.038742312746386336,2669.159912109375,0.23005902978931697,0.0
^RUT,2026-01-30,2600.0,Put,0.0,0.0,10.56,358.0,644.0,0.038742312746386336,2669.159912109375,0.23005902978931697,0.0
^RUT,2026-01-30,2605.0,Call,0.0,0.0,73.34,52.0,65.0,0.038742312746386336,2669.159912109375,0.23005902978931697,0.0
^RUT,2026-01-30,2605.0,Put,0.0,0.0,11.46,162.0,152.0,0.038742312746386336,2669.159912109375,0.23005902978931697,0.0
^RUT,2026-01-30,2610.0,Call,0.0,0.0,88.75,5.0,40.0,0.038742312746386336,2669.159912109375,0.23005902978931697,0.0
^RUT,2026-01-30,2610.0,Put,0.0,0.0,10.3,802.0,862.0,0.038742312746386336,2669.159912109375,0.23005902978931697,0.0
^RUT,2026-01-30,2615.0,Call,0.0,0.0,97.51,14.0,31.0,0.038742312746386336,2669.159912109375,0.23005902978931697,0.0
^RUT,2026-01-30,2615.0,Put,0.0,0.0,11.4,42.0,70.0,0.038742312746386336,2669.159912109375,0.23005902978931697,0.0
^RUT,2026-01-30,2620.0,Call,0.0,0.0,64.77,12.0,229.0,0.038742312746386336,2669.159912109375,0.23005902978931697,0.0
^RUT,2026-01-30,2620.0,Put,0.0,0.0,12.5,293.0,382.0,0.038742312746386336,2669.159912109375,0.23005902978931697,0.0
^RUT,2026-01-30,2625.0,Call,0.0,0.0,70.4,10.0,56.0,0.038742312746386336,2669.159912109375,0.23005902978931697,0.0
^RUT,2026-01-30,2625.0,Put,0.0,0.0,14.0,109.0,211.0,0.038742312746386336,2669.159912109375,0.23005902978931697,0.0
^RUT,2026-01-30,2630.0,Call,0.0,0.0,55.75,56.0,84.0,0.038742312746386336,2669.159912109375,0.23005902978931697,0.0
^RUT,2026-01-30,2630.0,Put,0.0,0.0,14.9,48.0,115.0,0.038742312746386336,2669.159912109375,0.23005902978931697,0.0
^RUT,2026-01-30,2635.0,Call,0.0,0.0,57.68,50.0,67.0,0.038742312746386336,2669.159912109375,0.23005902978931697,0.0
^RUT,2026-01-30,2635.0,Put,0.0,0.0,16.3,49.0,86.0,0.038742312746386336,2669.159912109375,0.23005902978931697,0.0
^RUT,2026-01-30,2640.0,Call,0.0,0.0,66.88,2.0,106.0,0.038742312746386336,2669.159912109375,0.23005902978931697,0.0
^RUT,2026-01-30,2640.0,Put,0.0,0.0,17.9,31.0,239.0,0.038742312746386336,2669.159912109375,0.23005902978931697,0.0
^RUT,2026-01-30,2645.0,Call,0.0,0.0,44.73,10.0,39.0,0.038742312746386336,2669.159912109375,0.23005902978931697,0.0
^RUT,2026-01-30,2645.0,Put,0.0,0.0,19.7,35.0,62.0,0.038742312746386336,2669.159912109375,0.23005902978931697,0.0
^RUT,2026-01-30,2650.0,Call,0.0,0.0,42.4,66.0,913.0,0.038742312746386336,2669.159912109375,0.23005902978931697,0.0
^RUT,2026-01-30,2650.0,Put,0.0,0.0,23.89,190.0,352.0,0.038742312746386336,2669.159912109375,0.23005902978931697,0.0
^RUT,2026-01-30,2655.0,Call,0.0,0.0,40.57,11.0,103.0,0.038742312746386336,2669.159912109375,0.23005902978931697,0.0
^RUT,2026-01-30,2655.0,Put,0.0,0.0,23.3,219.0,259.0,0.038742312746386336,2669.159912109375,0.23005902978931697,0.0
^RUT,2026-01-30,2660.0,Call,0.0,0.0,37.47,15.0,146.0,0.038742312746386336,2669.159912109375,0.23005902978931697,0.0
^RUT,2026-01-30,2660.0,Put,0.0,0.0,28.85,46.0,93.0,0.038742312746386336,2669.159912109375,0.23005902978931697,0.0
^RUT,2026-01-30,2665.0,Call,0.0,0.0,30.15,343.0,351.0,0.038742312746386336,2669.159912109375,0.23005902978931697,0.0
^RUT,2026-01-30,2665.0,Put,0.0,0.0,30.95,144.0,124.0,0.038742312746386336,2669.159912109375,0.23005902978931697,0.0
^RUT,2026-01-30,2670.0,Call,0.0,0.0,30.1,31.0,83.0,0.038742312746386336,2669.159912109375,0.23005902978931697,0.0
^RUT,2026-01-30,2670.0,Put,0.0,0.0,29.19,36.0,81.0,0.038742312746386336,2669.159912109375,0.23005902978931697,0.0
^RUT,2026-01-30,2675.0,Call,0.0,0.0,25.02,16.0,113.0,0.038742312746386336,2669.159912109375,0.23005902978931697,0.0
^RUT,2026-01-30,2675.0,Put,0.0,0.0,30.02,40.0,183.0,0.038742312746386336,2669.159912109375,0.23005902978931697,0.0
^RUT,2026-01-30,2680.0,Call,0.0,0.0,22.8,33.0,161.0,0.038742312746386336,2669.159912109375,0.23005902978931697,0.0
^RUT,2026-01-30,2680.0,Put,0.0,0.0,34.5,57.0,368.0,0.038742312746386336,2669.159912109375,0.23005902978931697,0.0
^RUT,2026-01-30,2685.0,Call,0.0,0.0,20.7,29.0,63.0,0.038742312746386336,2669.159912109375,0.23005902978931697,0.0
^RUT,2026-01-30,2685.0,Put,0.0,0.0,41.84,5.0,32.0,0.038742312746386336,2669.159912109375,0.23005902978931697,0.0
^RUT,2026-01-30,2690.0,Call,0.0,0.0,20.0,24.0,113.0,0.038742312746386336,2669.159912109375,0.23005902978931697,0.0
^RUT,2026-01-30,2690.0,Put,0.0,0.0,41.64,294.0,203.0,0.038742312746386336,2669.159912109375,0.23005902978931697,0.0
^RUT,2026-01-30,2695.0,Call,0.0,0.0,19.0,35.0,93.0,0.038742312746386336,2669.159912109375,0.23005902978931697,0.0
^RUT,2026-01-30,2695.0,Put,0.0,0.0,38.52,7.0,30.0,0.038742312746386336,2669.159912109375,0.23005902978931697,0.0
^RUT,2026-01-30,2700.0,Call,0.0,0.0,14.9,65.0,554.0,0.038742312746386336,2669.159912109375,0.23005902978931697,0.0
^RUT,2026-01-30,2700.0,Put,0.0,0.0,45.2,144.0,161.0,0.038742312746386336,2669.159912109375,0.23005902978931697,0.0
^RUT,2026-01-30,2705.0,Call,0.0,0.0,14.5,33.0,309.0,0.038742312746386336,2669.159912109375,0.23005902978931697,0.0
^RUT,2026-01-30,2705.0,Put,0.0,0.0,50.06,200.0,133.0,0.038742312746386336,2669.159912109375,0.23005902978931697,0.0
^RUT,2026-01-30,2710.0,Call,0.0,0.0,12.12,170.0,470.0,0.038742312746386336,2669.159912109375,0.23005902978931697,0.0
^RUT,2026-01-30,2710.0,Put,0.0,0.0,51.84,117.0,102.0,0.038742312746386336,2669.159912109375,0.23005902978931697,0.0
^RUT,2026-01-30,2715.0,Call,0.0,0.0,11.4,36.0,278.0,0.038742312746386336,2669.159912109375,0.23005902978931697,0.0
^RUT,2026-01-30,2715.0,Put,0.0,0.0,28.91,9.0,5.0,0.038742312746386336,2669.159912109375,0.23005902978931697,0.0
^RUT,2026-01-30,2720.0,Call,0.0,0.0,10.3,111.0,454.0,0.038742312746386336,2669.159912109375,0.23005902978931697,0.0
^RUT,2026-01-30,2720.0,Put,0.0,0.0,49.5,5.0,16.0,0.038742312746386336,2669.159912109375,0.23005902978931697,0.0
^RUT,2026-01-30,2725.0,Call,0.0,0.0,8.13,120.0,239.0,0.038742312746386336,2669.159912109375,0.23005902978931697,0.0
^RUT,2026-01-30,2725.0,Put,0.0,0.0,45.54,6.0,9.0,0.038742312746386336,2669.159912109375,0.23005902978931697,0.0
^RUT,2026-01-30,2730.0,Call,0.0,0.0,8.1,102.0,202.0,0.038742312746386336,2669.159912109375,0.23005902978931697,0.0
^RUT,2026-01-30,2730.0,Put,0.0,0.0,55.87,7.0,27.0,0.038742312746386336,2669.159912109375,0.23005902978931697,0.0
^RUT,2026-01-30,2735.0,Call,0.0,0.0,6.14,106.0,208.0,0.038742312746386336,2669.159912109375,0.23005902978931697,0.0
^RUT,2026-01-30,2735.0,Put,0.0,0.0,35.15,,9.0,0.038742312746386336,2669.159912109375,0.23005902978931697,0.0
^RUT,2026-01-30,2740.0,Call,0.0,0.0,6.1,605.0,822.0,0.038742312746386336,2669.159912109375,0.23005902978931697,0.0
^RUT,2026-01-30,2740.0,Put,0.0,0.0,74.6,2.0,11.0,0.038742312746386336,2669.159912109375,0.23005902978931697,0.0
^RUT,2026-01-30,2745.0,Call,0.0,0.0,5.19,55.0,258.0,0.038742312746386336,2669.159912109375,0.23005902978931697,0.0
^RUT,2026-01-30,2745.0,Put,0.0,0.0,61.07,1.0,5.0,0.038742312746386336,2669.159912109375,0.23005902978931697,0.0
^RUT,2026-01-30,2750.0,Call,0.0,0.0,4.0,126.0,404.0,0.038742312746386336,2669.159912109375,0.23005902978931697,0.0
^RUT,2026-01-30,2750.0,Put,0.0,0.0,85.15,108.0,72.0,0.038742312746386336,2669.159912109375,0.23005902978931697,0.0
^RUT,2026-01-30,2755.0,Call,0.0,0.0,3.9,42.0,270.0,0.038742312746386336,2669.159912109375,0.23005902978931697,0.0
^RUT,2026-01-30,2755.0,Put,0.0,0.0,48.12,1.0,1.0,0.038742312746386336,2669.159912109375,0.23005902978931697,0.0
^RUT,2026-01-30,2760.0,Call,0.0,0.0,3.3,92.0,280.0,0.038742312746386336,2669.159912109375,0.23005902978931697,0.0
^RUT,2026-01-30,2760.0,Put,0.0,0.0,83.55,2.0,7.0,0.038742312746386336,2669.159912109375,0.23005902978931697,0.0
^RUT,2026-01-30,2765.0,Call,0.0,0.0,2.85,11.0,222.0,0.038742312746386336,2669.159912109375,0.23005902978931697,0.0
^RUT,2026-01-30,2765.0,Put,0.0,0.0,233.46,4.0,4.0,0.038742312746386336,2669.159912109375,0.23005902978931697,0.0
^RUT,2026-01-30,2770.0,Call,0.0,0.0,2.45,78.0,244.0,0.038742312746386336,2669.159912109375,0.23005902978931697,0.0
^RUT,2026-01-30,2770.0,Put,0.0,0.0,60.67,,1.0,0.038742312746386336,2669.159912109375,0.23005902978931697,0.0
^RUT,2026-01-30,2775.0,Call,0.0,0.0,2.15,68.0,131.0,0.038742312746386336,2669.159912109375,0.23005902978931697,0.0
^RUT,2026-01-30,2775.0,Put,0.0,0.0,55.0,1.0,1.0,0.038742312746386336,2669.159912109375,0.23005902978931697,0.0
^RUT,2026-01-30,2780.0,Call,0.0,0.0,1.74,74.0,340.0,0.038742312746386336,2669.159912109375,0.23005902978931697,0.0
^RUT,2026-01-30,2785.0,Call,0.0,0.0,1.75,19.0,131.0,0.038742312746386336,2669.159912109375,0.23005902978931697,0.0
^RUT,2026-01-30,2785.0,Put,0.0,0.0,239.99,,1.0,0.038742312746386336,2669.159912109375,0.23005902978931697,0.0
^RUT,2026-01-30,2790.0,Call,0.0,0.0,1.7,74.0,266.0,0.038742312746386336,2669.159912109375,0.23005902978931697,0.0
^RUT,2026-01-30,2790.0,Put,0.0,0.0,244.84,,1.0,0.038742312746386336,2669.159912109375,0.23005902978931697,0.0
^RUT,2026-01-30,2795.0,Call,0.0,0.0,1.26,46.0,84.0,0.038742312746386336,2669.159912109375,0.23005902978931697,0.0
^RUT,2026-01-30,2800.0,Call,0.0,0.0,1.04,197.0,585.0,0.038742312746386336,2669.159912109375,0.23005902978931697,0.0
^RUT,2026-01-30,2805.0,Call,0.0,0.0,1.05,18.0,46.0,0.038742312746386336,2669.159912109375,0.23005902978931697,0.0
^RUT,2026-01-30,2810.0,Call,0.0,0.0,0.96,12.0,101.0,0.038742312746386336,2669.159912109375,0.23005902978931697,0.0
^RUT,2026-01-30,2815.0,Call,0.0,0.0,0.83,39.0,265.0,0.038742312746386336,2669.159912109375,0.23005902978931697,0.0
^RUT,2026-01-30,2820.0,Call,0.0,0.0,0.65,15.0,139.0,0.038742312746386336,2669.159912109375,0.23005902978931697,0.0
^RUT,2026-01-30,2825.0,Call,0.0,0.0,0.62,15.0,89.0,0.038742312746386336,2669.159912109375,0.23005902978931697,0.0
^RUT,2026-01-30,2830.0,Call,0.0,0.0,0.6,36.0,304.0,0.038742312746386336,2669.159912109375,0.23005902978931697,0.0
^RUT,2026-01-30,2835.0,Call,0.0,0.0,0.5,8.0,16.0,0.038742312746386336,2669.159912109375,0.23005902978931697,0.0
^RUT,2026-01-30,2840.0,Call,0.0,0.0,0.52,1.0,83.0,0.038742312746386336,2669.159912109375,0.23005902978931697,0.0
^RUT,2026-01-30,2845.0,Call,0.0,0.0,0.55,4.0,13.0,0.038742312746386336,2669.159912109375,0.23005902978931697,0.0
^RUT,2026-01-30,2850.0,Call,0.0,0.0,0.37,78.0,172.0,0.038742312746386336,2669.159912109375,0.23005902978931697,0.0
^RUT,2026-01-30,2855.0,Call,0.0,0.0,1.0,2.0,11.0,0.038742312746386336,2669.159912109375,0.23005902978931697,0.0
^RUT,2026-01-30,2860.0,Call,0.0,0.0,0.37,2.0,6.0,0.038742312746386336,2669.159912109375,0.23005902978931697,0.0
^RUT,2026-01-30,2865.0,Call,0.0,0.0,0.45,2.0,72.0,0.038742312746386336,2669.159912109375,0.23005902978931697,0.0
^RUT,2026-01-30,2870.0,Call,0.0,0.0,1.13,,46.0,0.038742312746386336,2669.159912109375,0.23005902978931697,0.0
^RUT,2026-01-30,2875.0,Call,0.0,0.0,1.12,1.0,1.0,0.038742312746386336,2669.159912109375,0.23005902978931697,0.0
^RUT,2026-01-30,2880.0,Call,0.0,0.0,0.22,5.0,5.0,0.038742312746386336,2669.159912109375,0.23005902978931697,0.0
^RUT,2026-01-30,2890.0,Call,0.0,0.0,0.69,,3.0,0.038742312746386336,2669.159912109375,0.23005902978931697,0.0
^RUT,2026-01-30,2895.0,Call,0.0,0.0,0.72,,1.0,0.038742312746386336,2669.159912109375,0.23005902978931697,0.0
^RUT,2026-01-30,2900.0,Call,0.0,0.0,0.25,4.0,81.0,0.038742312746386336,2669.159912109375,0.23005902978931697,0.0
^RUT,2026-01-30,2900.0,Put,0.0,0.0,399.64,2.0,2.0,0.038742312746386336,2669.159912109375,0.23005902978931697,0.0
^RUT,2026-01-30,2905.0,Call,0.0,0.0,0.67,,2.0,0.038742312746386336,2669.159912109375,0.23005902978931697,0.0
^RUT,2026-01-30,2940.0,Call,0.0,0.0,0.5,,1.0,0.038742312746386336,2669.159912109375,0.23005902978931697,0.0
^RUT,2026-01-30,2950.0,Call,0.0,0.0,0.12,3.0,18.0,0.038742312746386336,2669.159912109375,0.23005902978931697,0.0
^RUT,2026-01-30,2965.0,Call,0.0,0.0,0.15,,2.0,0.038742312746386336,2669.159912109375,0.23005902978931697,0.0
^RUT,2026-01-30,2980.0,Call,0.0,0.0,0.27,,2.0,0.038742312746386336,2669.159912109375,0.23005902978931697,0.0
^RUT,2026-01-30,2985.0,Call,0.0,0.0,0.15,,16.0,0.038742312746386336,2669.159912109375,0.23005902978931697,0.0
^RUT,2026-01-30,3000.0,Call,0.0,0.0,0.25,2.0,62.0,0.038742312746386336,2669.159912109375,0.23005902978931697,0.0
^RUT,2026-01-30,3030.0,Call,0.0,0.0,0.1,,15.0,0.038742312746386336,2669.159912109375,0.23005902978931697,0.0
^RUT,2026-01-30,3050.0,Call,0.0,0.0,0.25,1.0,38.0,0.038742312746386336,2669.159912109375,0.23005902978931697,0.0
^RUT,2026-01-30,3100.0,Call,0.0,0.0,0.05,1.0,89.0,0.038742312746386336,2669.159912109375,0.23005902978931697,0.0
^RUT,2026-01-30,3150.0,Call,0.0,0.0,0.1,1.0,57.0,0.038742312746386336,2669.159912109375,0.23005902978931697,0.0
^RUT,2026-01-30,3200.0,Call,0.0,0.0,0.2,1.0,7.0,0.038742312746386336,2669.159912109375,0.23005902978931697,0.0
^RUT,2026-01-30,3250.0,Call,0.0,0.0,0.05,1.0,3.0,0.038742312746386336,2669.159912109375,0.23005902978931697,0.0
^RUT,2026-01-30,3300.0,Call,0.0,0.0,0.04,50.0,121.0,0.038742312746386336,2669.159912109375,0.23005902978931697,0.0
^RUT,2026-02-02,2215.0,Put,0.0,0.0,0.65,2.0,1.0,0.038624047306176086,2669.159912109375,0.23005902978931697,0.0
^RUT,2026-02-02,2260.0,Call,0.0,0.0,411.83,60.0,60.0,0.038624047306176086,2669.159912109375,0.23005902978931697,0.0
^RUT,2026-02-02,2295.0,Put,0.0,0.0,0.31,6.0,3.0,0.038624047306176086,2669.159912109375,0.23005902978931697,0.0
^RUT,2026-02-02,2305.0,Put,0.0,0.0,0.33,3.0,1.0,0.038624047306176086,2669.159912109375,0.23005902978931697,0.0
^RUT,2026-02-02,2310.0,Put,0.0,0.0,0.37,14.0,14.0,0.038624047306176086,2669.159912109375,0.23005902978931697,0.0
^RUT,2026-02-02,2325.0,Put,0.0,0.0,0.41,,0.0,0.038624047306176086,2669.159912109375,0.23005902978931697,0.0
^RUT,2026-02-02,2350.0,Put,0.0,0.0,0.41,3.0,11.0,0.038624047306176086,2669.159912109375,0.23005902978931697,0.0
^RUT,2026-02-02,2360.0,Put,0.0,0.0,2.01,,5.0,0.038624047306176086,2669.159912109375,0.23005902978931697,0.0
^RUT,2026-02-02,2370.0,Put,0.0,0.0,2.38,5.0,6.0,0.038624047306176086,2669.159912109375,0.23005902978931697,0.0
^RUT,2026-02-02,2400.0,Call,0.0,0.0,277.83,1.0,1.0,0.038624047306176086,2669.159912109375,0.23005902978931697,0.0
^RUT,2026-02-02,2400.0,Put,0.0,0.0,2.97,63.0,63.0,0.038624047306176086,2669.159912109375,0.23005902978931697,0.0
^RUT,2026-02-02,2410.0,Put,0.0,0.0,4.06,,5.0,0.038624047306176086,2669.159912109375,0.23005902978931697,0.0
^RUT,2026-02-02,2415.0,Put,0.0,0.0,1.21,4.0,3.0,0.038624047306176086,2669.159912109375,0.23005902978931697,0.0
^RUT,2026-02-02,2420.0,Put,0.0,0.0,0.86,1.0,7.0,0.038624047306176086,2669.159912109375,0.23005902978931697,0.0
^RUT,2026-02-02,2425.0,Put,0.0,0.0,1.34,4.0,3.0,0.038624047306176086,2669.159912109375,0.23005902978931697,0.0
^RUT,2026-02-02,2430.0,Put,0.0,0.0,0.9,,0.0,0.038624047306176086,2669.159912109375,0.23005902978931697,0.0
^RUT,2026-02-02,2435.0,Put,0.0,0.0,0.92,14.0,14.0,0.038624047306176086,2669.159912109375,0.23005902978931697,0.0
^RUT,2026-02-02,2440.0,Put,0.0,0.0,0.82,,16.0,0.038624047306176086,2669.159912109375,0.23005902978931697,0.0
^RUT,2026-02-02,2450.0,Put,0.0,0.0,1.07,14.0,29.0,0.038624047306176086,2669.159912109375,0.23005902978931697,0.0
^RUT,2026-02-02,2455.0,Put,0.0,0.0,1.12,,2.0,0.038624047306176086,2669.159912109375,0.23005902978931697,0.0
^RUT,2026-02-02,2465.0,Put,0.0,0.0,1.07,1.0,2.0,0.038624047306176086,2669.159912109375,0.23005902978931697,0.0
^RUT,2026-02-02,2470.0,Call,0.0,0.0,268.1,,1.0,0.038624047306176086,2669.159912109375,0.23005902978931697,0.0
^RUT,2026-02-02,2470.0,Put,0.0,0.0,3.87,3.0,16.0,0.038624047306176086,2669.159912109375,0.23005902978931697,0.0
^RUT,2026-02-02,2475.0,Put,0.0,0.0,1.2,1.0,3.0,0.038624047306176086,2669.159912109375,0.23005902978931697,0.0
^RUT,2026-02-02,2480.0,Put,0.0,0.0,7.0,16.0,30.0,0.038624047306176086,2669.159912109375,0.23005902978931697,0.0
^RUT,2026-02-02,2485.0,Put,0.0,0.0,7.88,,1.0,0.038624047306176086,2669.159912109375,0.23005902978931697,0.0
^RUT,2026-02-02,2490.0,Put,0.0,0.0,1.63,2.0,2.0,0.038624047306176086,2669.159912109375,0.23005902978931697,0.0
^RUT,2026-02-02,2495.0,Put,0.0,0.0,3.51,1.0,0.0,0.038624047306176086,2669.159912109375,0.23005902978931697,0.0
^RUT,2026-02-02,2500.0,Put,0.0,0.0,1.51,3.0,9.0,0.038624047306176086,2669.159912109375,0.23005902978931697,0.0
^RUT,2026-02-02,2505.0,Put,0.0,0.0,5.32,,2.0,0.038624047306176086,2669.159912109375,0.23005902978931697,0.0
^RUT,2026-02-02,2510.0,Put,0.0,0.0,10.1,4.0,11.0,0.038624047306176086,2669.159912109375,0.23005902978931697,0.0
^RUT,2026-02-02,2515.0,Put,0.0,0.0,1.97,,4.0,0.038624047306176086,2669.159912109375,0.23005902978931697,0.0
^RUT,2026-02-02,2520.0,Put,0.0,0.0,2.05,4.0,20.0,0.038624047306176086,2669.159912109375,0.23005902978931697,0.0
^RUT,2026-02-02,2525.0,Put,0.0,0.0,2.17,,8.0,0.038624047306176086,2669.159912109375,0.23005902978931697,0.0
^RUT,2026-02-02,2530.0,Put,0.0,0.0,3.1,15.0,20.0,0.038624047306176086,2669.159912109375,0.23005902978931697,0.0
^RUT,2026-02-02,2535.0,Put,0.0,0.0,9.14,1.0,4.0,0.038624047306176086,2669.159912109375,0.23005902978931697,0.0
^RUT,2026-02-02,2540.0,Put,0.0,0.0,3.95,1.0,34.0,0.038624047306176086,2669.159912109375,0.23005902978931697,0.0
^RUT,2026-02-02,2545.0,Put,0.0,0.0,14.15,63.0,73.0,0.038624047306176086,2669.159912109375,0.23005902978931697,0.0
^RUT,2026-02-02,2550.0,Put,0.0,0.0,4.45,11.0,36.0,0.038624047306176086,2669.159912109375,0.23005902978931697,0.0
^RUT,2026-02-02,2555.0,Put,0.0,0.0,5.68,6.0,14.0,0.038624047306176086,2669.159912109375,0.23005902978931697,0.0
^RUT,2026-02-02,2560.0,Call,0.0,0.0,138.15,,1.0,0.038624047306176086,2669.159912109375,0.23005902978931697,0.0
^RUT,2026-02-02,2560.0,Put,0.0,0.0,4.95,10.0,34.0,0.038624047306176086,2669.159912109375,0.23005902978931697,0.0
^RUT,2026-02-02,2565.0,Call,0.0,0.0,112.82,2.0,3.0,0.038624047306176086,2669.159912109375,0.23005902978931697,0.0
^RUT,2026-02-02,2565.0,Put,0.0,0.0,6.44,8.0,65.0,0.038624047306176086,2669.159912109375,0.23005902978931697,0.0
^RUT,2026-02-02,2570.0,Call,0.0,0.0,129.26,1.0,4.0,0.038624047306176086,2669.159912109375,0.23005902978931697,0.0
^RUT,2026-02-02,2570.0,Put,0.0,0.0,7.59,12.0,22.0,0.038624047306176086,2669.159912109375,0.23005902978931697,0.0
^RUT,2026-02-02,2575.0,Call,0.0,0.0,124.54,,3.0,0.038624047306176086,2669.159912109375,0.23005902978931697,0.0
^RUT,2026-02-02,2575.0,Put,0.0,0.0,7.53,6.0,66.0,0.038624047306176086,2669.159912109375,0.23005902978931697,0.0
^RUT,2026-02-02,2580.0,Call,0.0,0.0,120.06,3.0,8.0,0.038624047306176086,2669.159912109375,0.23005902978931697,0.0
^RUT,2026-02-02,2580.0,Put,0.0,0.0,7.67,5.0,14.0,0.038624047306176086,2669.159912109375,0.23005902978931697,0.0
^RUT,2026-02-02,2585.0,Put,0.0,0.0,7.84,1.0,6.0,0.038624047306176086,2669.159912109375,0.23005902978931697,0.0
^RUT,2026-02-02,2590.0,Call,0.0,0.0,97.62,1.0,5.0,0.038624047306176086,2669.159912109375,0.23005902978931697,0.0
^RUT,2026-02-02,2590.0,Put,0.0,0.0,10.89,1.0,15.0,0.038624047306176086,2669.159912109375,0.23005902978931697,0.0
^RUT,2026-02-02,2600.0,Call,0.0,0.0,89.51,1.0,50.0,0.038624047306176086,2669.159912109375,0.23005902978931697,0.0
^RUT,2026-02-02,2600.0,Put,0.0,0.0,10.84,6.0,37.0,0.038624047306176086,2669.159912109375,0.23005902978931697,0.0
^RUT,2026-02-02,2605.0,Call,0.0,0.0,82.88,2.0,5.0,0.038624047306176086,2669.159912109375,0.23005902978931697,0.0
^RUT,2026-02-02,2605.0,Put,0.0,0.0,13.91,4.0,9.0,0.038624047306176086,2669.159912109375,0.23005902978931697,0.0
^RUT,2026-02-02,2610.0,Call,0.0,0.0,79.13,2.0,56.0,0.038624047306176086,2669.159912109375,0.23005902978931697,0.0
^RUT,2026-02-02,2610.0,Put,0.0,0.0,12.54,4.0,4.0,0.038624047306176086,2669.159912109375,0.23005902978931697,0.0
^RUT,2026-02-02,2615.0,Call,0.0,0.0,128.8,1.0,2.0,0.038624047306176086,2669.159912109375,0.23005902978931697,0.0
^RUT,2026-02-02,2615.0,Put,0.0,0.0,9.42,1.0,4.0,0.038624047306176086,2669.159912109375,0.23005902978931697,0.0
^RUT,2026-02-02,2620.0,Call,0.0,0.0,118.28,,0.0,0.038624047306176086,2669.159912109375,0.23005902978931697,0.0
^RUT,2026-02-02,2620.0,Put,0.0,0.0,15.43,156.0,159.0,0.038624047306176086,2669.159912109375,0.23005902978931697,0.0
^RUT,2026-02-02,2625.0,Put,0.0,0.0,16.47,11.0,17.0,0.038624047306176086,2669.159912109375,0.23005902978931697,0.0
^RUT,2026-02-02,2630.0,Call,0.0,0.0,109.56,1.0,5.0,0.038624047306176086,2669.159912109375,0.23005902978931697,0.0
^RUT,2026-02-02,2630.0,Put,0.0,0.0,13.59,1.0,23.0,0.038624047306176086,2669.159912109375,0.23005902978931697,0.0
^RUT,2026-02-02,2635.0,Call,0.0,0.0,59.02,1.0,5.0,0.038624047306176086,2669.159912109375,0.23005902978931697,0.0
^RUT,2026-02-02,2635.0,Put,0.0,0.0,19.22,12.0,23.0,0.038624047306176086,2669.159912109375,0.23005902978931697,0.0
^RUT,2026-02-02,2640.0,Call,0.0,0.0,67.76,,3.0,0.038624047306176086,2669.159912109375,0.23005902978931697,0.0
^RUT,2026-02-02,2640.0,Put,0.0,0.0,21.08,5.0,47.0,0.038624047306176086,2669.159912109375,0.23005902978931697,0.0
^RUT,2026-02-02,2645.0,Call,0.0,0.0,65.09,,13.0,0.038624047306176086,2669.159912109375,0.23005902978931697,0.0
^RUT,2026-02-02,2645.0,Put,0.0,0.0,22.4,8.0,24.0,0.038624047306176086,2669.159912109375,0.23005902978931697,0.0
^RUT,2026-02-02,2650.0,Call,0.0,0.0,65.84,37.0,41.0,0.038624047306176086,2669.159912109375,0.23005902978931697,0.0
^RUT,2026-02-02,2650.0,Put,0.0,0.0,23.71,19.0,38.0,0.038624047306176086,2669.159912109375,0.23005902978931697,0.0
^RUT,2026-02-02,2655.0,Call,0.0,0.0,35.39,1.0,1.0,0.038624047306176086,2669.159912109375,0.23005902978931697,0.0
^RUT,2026-02-02,2655.0,Put,0.0,0.0,20.36,3.0,10.0,0.038624047306176086,2669.159912109375,0.23005902978931697,0.0
^RUT,2026-02-02,2660.0,Call,0.0,0.0,83.85,,2.0,0.038624047306176086,2669.159912109375,0.23005902978931697,0.0
^RUT,2026-02-02,2660.0,Put,0.0,0.0,19.9,5.0,89.0,0.038624047306176086,2669.159912109375,0.23005902978931697,0.0
^RUT,2026-02-02,2665.0,Call,0.0,0.0,36.98,4.0,6.0,0.038624047306176086,2669.159912109375,0.23005902978931697,0.0
^RUT,2026-02-02,2665.0,Put,0.0,0.0,30.0,5.0,21.0,0.038624047306176086,2669.159912109375,0.23005902978931697,0.0
^RUT,2026-02-02,2670.0,Call,0.0,0.0,34.62,2.0,7.0,0.038624047306176086,2669.159912109375,0.23005902978931697,0.0
^RUT,2026-02-02,2670.0,Put,0.0,0.0,33.45,14.0,172.0,0.038624047306176086,2669.159912109375,0.23005902978931697,0.0
^RUT,2026-02-02,2675.0,Call,0.0,0.0,38.02,1.0,2.0,0.038624047306176086,2669.159912109375,0.23005902978931697,0.0
^RUT,2026-02-02,2675.0,Put,0.0,0.0,15.81,32.0,37.0,0.038624047306176086,2669.159912109375,0.23005902978931697,0.0
^RUT,2026-02-02,2680.0,Call,0.0,0.0,28.96,3.0,24.0,0.038624047306176086,2669.159912109375,0.23005902978931697,0.0
^RUT,2026-02-02,2680.0,Put,0.0,0.0,34.52,3.0,65.0,0.038624047306176086,2669.159912109375,0.23005902978931697,0.0
^RUT,2026-02-02,2685.0,Call,0.0,0.0,25.43,,10.0,0.038624047306176086,2669.159912109375,0.23005902978931697,0.0
^RUT,2026-02-02,2685.0,Put,0.0,0.0,28.31,6.0,6.0,0.038624047306176086,2669.159912109375,0.23005902978931697,0.0
^RUT,2026-02-02,2690.0,Call,0.0,0.0,24.7,32.0,51.0,0.038624047306176086,2669.159912109375,0.23005902978931697,0.0
^RUT,2026-02-02,2690.0,Put,0.0,0.0,29.55,1.0,4.0,0.038624047306176086,2669.159912109375,0.23005902978931697,0.0
^RUT,2026-02-02,2695.0,Call,0.0,0.0,33.6,1.0,15.0,0.038624047306176086,2669.159912109375,0.23005902978931697,0.0
^RUT,2026-02-02,2695.0,Put,0.0,0.0,43.7,1.0,3.0,0.038624047306176086,2669.159912109375,0.23005902978931697,0.0
^RUT,2026-02-02,2700.0,Call,0.0,0.0,19.35,20.0,39.0,0.038624047306176086,2669.159912109375,0.23005902978931697,0.0
^RUT,2026-02-02,2700.0,Put,0.0,0.0,49.61,6.0,8.0,0.038624047306176086,2669.159912109375,0.23005902978931697,0.0
^RUT,2026-02-02,2705.0,Call,0.0,0.0,18.06,3.0,21.0,0.038624047306176086,2669.159912109375,0.23005902978931697,0.0
^RUT,2026-02-02,2705.0,Put,0.0,0.0,34.8,1.0,2.0,0.038624047306176086,2669.159912109375,0.23005902978931697,0.0
^RUT,2026-02-02,2710.0,Call,0.0,0.0,49.58,3.0,37.0,0.038624047306176086,2669.159912109375,0.23005902978931697,0.0
^RUT,2026-02-02,2710.0,Put,0.0,0.0,26.31,,2.0,0.038624047306176086,2669.159912109375,0.23005902978931697,0.0
^RUT,2026-02-02,2715.0,Call,0.0,0.0,44.07,26.0,46.0,0.038624047306176086,2669.159912109375,0.23005902978931697,0.0
^RUT,2026-02-02,2715.0,Put,0.0,0.0,42.7,1.0,1.0,0.038624047306176086,2669.159912109375,0.23005902978931697,0.0
^RUT,2026-02-02,2720.0,Call,0.0,0.0,16.82,4.0,5.0,0.038624047306176086,2669.159912109375,0.23005902978931697,0.0
^RUT,2026-02-02,2720.0,Put,0.0,0.0,45.32,5.0,6.0,0.038624047306176086,2669.159912109375,0.23005902978931697,0.0
^RUT,2026-02-02,2725.0,Call,0.0,0.0,14.75,3.0,13.0,0.038624047306176086,2669.159912109375,0.23005902978931697,0.0
^RUT,2026-02-02,2725.0,Put,0.0,0.0,36.6,,8.0,0.038624047306176086,2669.159912109375,0.23005902978931697,0.0
^RUT,2026-02-02,2730.0,Call,0.0,0.0,9.84,14.0,27.0,0.038624047306176086,2669.159912109375,0.23005902978931697,0.0
^RUT,2026-02-02,2735.0,Call,0.0,0.0,9.3,3.0,65.0,0.038624047306176086,2669.159912109375,0.23005902978931697,0.0
^RUT,2026-02-02,2740.0,Call,0.0,0.0,9.13,6.0,36.0,0.038624047306176086,2669.159912109375,0.23005902978931697,0.0
^RUT,2026-02-02,2745.0,Call,0.0,0.0,29.7,8.0,10.0,0.038624047306176086,2669.159912109375,0.23005902978931697,0.0
^RUT,2026-02-02,2745.0,Put,0.0,0.0,41.51,,2.0,0.038624047306176086,2669.159912109375,0.23005902978931697,0.0
^RUT,2026-02-02,2750.0,Call,0.0,0.0,7.14,29.0,52.0,0.038624047306176086,2669.159912109375,0.23005902978931697,0.0
^RUT,2026-02-02,2755.0,Call,0.0,0.0,19.41,,2.0,0.038624047306176086,2669.159912109375,0.23005902978931697,0.0
^RUT,2026-02-02,2755.0,Put,0.0,0.0,51.8,,3.0,0.038624047306176086,2669.159912109375,0.23005902978931697,0.0
^RUT,2026-02-02,2760.0,Call,0.0,0.0,4.42,15.0,70.0,0.038624047306176086,2669.159912109375,0.23005902978931697,0.0
^RUT,2026-02-02,2765.0,Call,0.0,0.0,4.6,2.0,8.0,0.038624047306176086,2669.159912109375,0.23005902978931697,0.0
^RUT,2026-02-02,2770.0,Call,0.0,0.0,14.73,56.0,76.0,0.038624047306176086,2669.159912109375,0.23005902978931697,0.0
^RUT,2026-02-02,2775.0,Call,0.0,0.0,3.0,1.0,17.0,0.038624047306176086,2669.159912109375,0.23005902978931697,0.0
^RUT,2026-02-02,2780.0,Call,0.0,0.0,2.96,13.0,27.0,0.038624047306176086,2669.159912109375,0.23005902978931697,0.0
^RUT,2026-02-02,2785.0,Call,0.0,0.0,4.4,,4.0,0.038624047306176086,2669.159912109375,0.23005902978931697,0.0
^RUT,2026-02-02,2790.0,Call,0.0,0.0,14.74,,4.0,0.038624047306176086,2669.159912109375,0.23005902978931697,0.0
^RUT,2026-02-02,2795.0,Call,0.0,0.0,8.3,,16.0,0.038624047306176086,2669.159912109375,0.23005902978931697,0.0
^RUT,2026-02-02,2800.0,Call,0.0,0.0,2.45,4.0,16.0,0.038624047306176086,2669.159912109375,0.23005902978931697,0.0
^RUT,2026-02-02,2805.0,Call,0.0,0.0,2.57,2.0,77.0,0.038624047306176086,2669.159912109375,0.23005902978931697,0.0
^RUT,2026-02-02,2810.0,Call,0.0,0.0,1.85,4.0,48.0,0.038624047306176086,2669.159912109375,0.23005902978931697,0.0
^RUT,2026-02-02,2815.0,Call,0.0,0.0,2.67,1.0,74.0,0.038624047306176086,2669.159912109375,0.23005902978931697,0.0
^RUT,2026-02-02,2820.0,Call,0.0,0.0,1.27,5.0,34.0,0.038624047306176086,2669.159912109375,0.23005902978931697,0.0
^RUT,2026-02-02,2825.0,Call,0.0,0.0,1.12,4.0,10.0,0.038624047306176086,2669.159912109375,0.23005902978931697,0.0
^RUT,2026-02-02,2835.0,Call,0.0,0.0,4.42,,4.0,0.038624047306176086,2669.159912109375,0.23005902978931697,0.0
^RUT,2026-02-02,2840.0,Call,0.0,0.0,1.5,1.0,2.0,0.038624047306176086,2669.159912109375,0.23005902978931697,0.0
^RUT,2026-02-02,2850.0,Call,0.0,0.0,0.6,3.0,3.0,0.038624047306176086,2669.159912109375,0.23005902978931697,0.0
^RUT,2026-02-02,2865.0,Call,0.0,0.0,0.52,2.0,2.0,0.038624047306176086,2669.159912109375,0.23005902978931697,0.0
^RUT,2026-02-02,2870.0,Call,0.0,0.0,1.53,,15.0,0.038624047306176086,2669.159912109375,0.23005902978931697,0.0
^RUT,2026-02-02,2880.0,Call,0.0,0.0,1.4,,21.0,0.038624047306176086,2669.159912109375,0.23005902978931697,0.0
^RUT,2026-02-02,2885.0,Call,0.0,0.0,1.5,,0.0,0.038624047306176086,2669.159912109375,0.23005902978931697,0.0
^RUT,2026-02-02,2890.0,Call,0.0,0.0,1.57,6.0,9.0,0.038624047306176086,2669.159912109375,0.23005902978931697,0.0
^RUT,2026-02-02,2895.0,Call,0.0,0.0,0.93,,1.0,0.038624047306176086,2669.159912109375,0.23005902978931697,0.0
^RUT,2026-02-02,2900.0,Call,0.0,0.0,0.4,3.0,19.0,0.038624047306176086,2669.159912109375,0.23005902978931697,0.0
^RUT,2026-02-02,2910.0,Call,0.0,0.0,0.85,,1.0,0.038624047306176086,2669.159912109375,0.23005902978931697,0.0
^RUT,2026-02-02,2925.0,Call,0.0,0.0,0.85,,1.0,0.038624047306176086,2669.159912109375,0.23005902978931697,0.0
^RUT,2026-02-02,2985.0,Call,0.0,0.0,0.33,,0.0,0.038624047306176086,2669.159912109375,0.23005902978931697,0.0
^RUT,2026-02-03,2315.0,Put,0.0,0.0,1.31,,10.0,0.03858462549277267,2669.159912109375,0.23005902978931697,0.0
^RUT,2026-02-03,2320.0,Put,0.0,0.0,1.32,,3.0,0.03858462549277267,2669.159912109375,0.23005902978931697,0.0
^RUT,2026-02-03,2350.0,Put,0.0,0.0,2.05,,1.0,0.03858462549277267,2669.159912109375,0.23005902978931697,0.0
^RUT,2026-02-03,2375.0,Put,0.0,0.0,1.89,,10.0,0.03858462549277267,2669.159912109375,0.23005902978931697,0.0
^RUT,2026-02-03,2410.0,Put,0.0,0.0,2.45,,10.0,0.03858462549277267,2669.159912109375,0.23005902978931697,0.0
^RUT,2026-02-03,2420.0,Put,0.0,0.0,2.69,,10.0,0.03858462549277267,2669.159912109375,0.23005902978931697,0.0
^RUT,2026-02-03,2425.0,Put,0.0,0.0,3.77,,1.0,0.03858462549277267,2669.159912109375,0.23005902978931697,0.0
^RUT,2026-02-03,2430.0,Put,0.0,0.0,4.15,,25.0,0.03858462549277267,2669.159912109375,0.23005902978931697,0.0
^RUT,2026-02-03,2435.0,Put,0.0,0.0,4.12,,1.0,0.03858462549277267,2669.159912109375,0.23005902978931697,0.0
^RUT,2026-02-03,2440.0,Put,0.0,0.0,4.55,,25.0,0.03858462549277267,2669.159912109375,0.23005902978931697,0.0
^RUT,2026-02-03,2470.0,Put,0.0,0.0,4.31,,3.0,0.03858462549277267,2669.159912109375,0.23005902978931697,0.0
^RUT,2026-02-03,2480.0,Put,0.0,0.0,1.62,6.0,6.0,0.03858462549277267,2669.159912109375,0.23005902978931697,0.0
^RUT,2026-02-03,2490.0,Put,0.0,0.0,1.78,6.0,20.0,0.03858462549277267,2669.159912109375,0.23005902978931697,0.0
^RUT,2026-02-03,2495.0,Put,0.0,0.0,4.45,,1.0,0.03858462549277267,2669.159912109375,0.23005902978931697,0.0
^RUT,2026-02-03,2500.0,Put,0.0,0.0,1.7,2.0,8.0,0.03858462549277267,2669.159912109375,0.23005902978931697,0.0
^RUT,2026-02-03,2505.0,Put,0.0,0.0,2.22,1.0,1.0,0.03858462549277267,2669.159912109375,0.23005902978931697,0.0
^RUT,2026-02-03,2520.0,Put,0.0,0.0,11.67,4.0,6.0,0.03858462549277267,2669.159912109375,0.23005902978931697,0.0
^RUT,2026-02-03,2525.0,Put,0.0,0.0,2.32,2.0,12.0,0.03858462549277267,2669.159912109375,0.23005902978931697,0.0
^RUT,2026-02-03,2530.0,Put,0.0,0.0,2.85,,2.0,0.03858462549277267,2669.159912109375,0.23005902978931697,0.0
^RUT,2026-02-03,2535.0,Put,0.0,0.0,3.06,,2.0,0.03858462549277267,2669.159912109375,0.23005902978931697,0.0
^RUT,2026-02-03,2540.0,Put,0.0,0.0,3.3,1.0,24.0,0.03858462549277267,2669.159912109375,0.23005902978931697,0.0
^RUT,2026-02-03,2550.0,Put,0.0,0.0,15.5,10.0,12.0,0.03858462549277267,2669.159912109375,0.23005902978931697,0.0
^RUT,2026-02-03,2555.0,Call,0.0,0.0,134.29,1.0,1.0,0.03858462549277267,2669.159912109375,0.23005902978931697,0.0
^RUT,2026-02-03,2555.0,Put,0.0,0.0,12.5,5.0,12.0,0.03858462549277267,2669.159912109375,0.23005902978931697,0.0
^RUT,2026-02-03,2560.0,Call,0.0,0.0,110.86,,1.0,0.03858462549277267,2669.159912109375,0.23005902978931697,0.0
^RUT,2026-02-03,2560.0,Put,0.0,0.0,4.95,3.0,18.0,0.03858462549277267,2669.159912109375,0.23005902978931697,0.0
^RUT,2026-02-03,2565.0,Call,0.0,0.0,106.64,,1.0,0.03858462549277267,2669.159912109375,0.23005902978931697,0.0
^RUT,2026-02-03,2565.0,Put,0.0,0.0,5.35,3.0,23.0,0.03858462549277267,2669.159912109375,0.23005902978931697,0.0
^RUT,2026-02-03,2570.0,Call,0.0,0.0,115.85,,5.0,0.03858462549277267,2669.159912109375,0.23005902978931697,0.0
^RUT,2026-02-03,2570.0,Put,0.0,0.0,6.84,3.0,12.0,0.03858462549277267,2669.159912109375,0.23005902978931697,0.0
^RUT,2026-02-03,2575.0,Call,0.0,0.0,112.15,,7.0,0.03858462549277267,2669.159912109375,0.23005902978931697,0.0
^RUT,2026-02-03,2575.0,Put,0.0,0.0,7.39,3.0,3.0,0.03858462549277267,2669.159912109375,0.23005902978931697,0.0
^RUT,2026-02-03,2580.0,Call,0.0,0.0,115.16,,2.0,0.03858462549277267,2669.159912109375,0.23005902978931697,0.0
^RUT,2026-02-03,2580.0,Put,0.0,0.0,21.66,1.0,2.0,0.03858462549277267,2669.159912109375,0.23005902978931697,0.0
^RUT,2026-02-03,2585.0,Put,0.0,0.0,9.78,2.0,20.0,0.03858462549277267,2669.159912109375,0.23005902978931697,0.0
^RUT,2026-02-03,2590.0,Call,0.0,0.0,96.57,,2.0,0.03858462549277267,2669.159912109375,0.23005902978931697,0.0
^RUT,2026-02-03,2590.0,Put,0.0,0.0,8.42,2.0,6.0,0.03858462549277267,2669.159912109375,0.23005902978931697,0.0
^RUT,2026-02-03,2595.0,Call,0.0,0.0,92.47,,2.0,0.03858462549277267,2669.159912109375,0.23005902978931697,0.0
^RUT,2026-02-03,2595.0,Put,0.0,0.0,7.0,,4.0,0.03858462549277267,2669.159912109375,0.23005902978931697,0.0
^RUT,2026-02-03,2600.0,Put,0.0,0.0,12.31,3.0,20.0,0.03858462549277267,2669.159912109375,0.23005902978931697,0.0
^RUT,2026-02-03,2605.0,Call,0.0,0.0,96.05,,1.0,0.03858462549277267,2669.159912109375,0.23005902978931697,0.0
^RUT,2026-02-03,2605.0,Put,0.0,0.0,10.76,1.0,6.0,0.03858462549277267,2669.159912109375,0.23005902978931697,0.0
^RUT,2026-02-03,2610.0,Call,0.0,0.0,92.31,,2.0,0.03858462549277267,2669.159912109375,0.23005902978931697,0.0
^RUT,2026-02-03,2610.0,Put,0.0,0.0,6.85,2.0,18.0,0.03858462549277267,2669.159912109375,0.23005902978931697,0.0
^RUT,2026-02-03,2615.0,Call,0.0,0.0,68.84,,1.0,0.03858462549277267,2669.159912109375,0.23005902978931697,0.0
^RUT,2026-02-03,2615.0,Put,0.0,0.0,10.52,2.0,4.0,0.03858462549277267,2669.159912109375,0.23005902978931697,0.0
^RUT,2026-02-03,2620.0,Put,0.0,0.0,15.84,2.0,2.0,0.03858462549277267,2669.159912109375,0.23005902978931697,0.0
^RUT,2026-02-03,2625.0,Put,0.0,0.0,9.67,,2.0,0.03858462549277267,2669.159912109375,0.23005902978931697,0.0
^RUT,2026-02-03,2630.0,Call,0.0,0.0,111.27,,4.0,0.03858462549277267,2669.159912109375,0.23005902978931697,0.0
^RUT,2026-02-03,2630.0,Put,0.0,0.0,10.37,3.0,4.0,0.03858462549277267,2669.159912109375,0.23005902978931697,0.0
^RUT,2026-02-03,2635.0,Call,0.0,0.0,62.81,,3.0,0.03858462549277267,2669.159912109375,0.23005902978931697,0.0
^RUT,2026-02-03,2640.0,Call,0.0,0.0,102.27,,1.0,0.03858462549277267,2669.159912109375,0.23005902978931697,0.0
^RUT,2026-02-03,2645.0,Call,0.0,0.0,65.18,,3.0,0.03858462549277267,2669.159912109375,0.23005902978931697,0.0
^RUT,2026-02-03,2645.0,Put,0.0,0.0,25.88,5.0,8.0,0.03858462549277267,2669.159912109375,0.23005902978931697,0.0
^RUT,2026-02-03,2650.0,Call,0.0,0.0,69.5,1.0,4.0,0.03858462549277267,2669.159912109375,0.23005902978931697,0.0
^RUT,2026-02-03,2650.0,Put,0.0,0.0,26.01,4.0,7.0,0.03858462549277267,2669.159912109375,0.23005902978931697,0.0
^RUT,2026-02-03,2655.0,Call,0.0,0.0,65.89,1.0,1.0,0.03858462549277267,2669.159912109375,0.23005902978931697,0.0
^RUT,2026-02-03,2655.0,Put,0.0,0.0,20.59,2.0,1.0,0.03858462549277267,2669.159912109375,0.23005902978931697,0.0
^RUT,2026-02-03,2660.0,Put,0.0,0.0,20.4,1.0,10.0,0.03858462549277267,2669.159912109375,0.23005902978931697,0.0
^RUT,2026-02-03,2665.0,Call,0.0,0.0,34.4,,4.0,0.03858462549277267,2669.159912109375,0.23005902978931697,0.0
^RUT,2026-02-03,2665.0,Put,0.0,0.0,31.6,9.0,9.0,0.03858462549277267,2669.159912109375,0.23005902978931697,0.0
^RUT,2026-02-03,2670.0,Put,0.0,0.0,33.91,2.0,3.0,0.03858462549277267,2669.159912109375,0.23005902978931697,0.0
^RUT,2026-02-03,2675.0,Put,0.0,0.0,36.2,9.0,16.0,0.03858462549277267,2669.159912109375,0.23005902978931697,0.0
^RUT,2026-02-03,2680.0,Call,0.0,0.0,30.6,13.0,13.0,0.03858462549277267,2669.159912109375,0.23005902978931697,0.0
^RUT,2026-02-03,2680.0,Put,0.0,0.0,19.3,,1.0,0.03858462549277267,2669.159912109375,0.23005902978931697,0.0
^RUT,2026-02-03,2685.0,Call,0.0,0.0,63.54,,16.0,0.03858462549277267,2669.159912109375,0.23005902978931697,0.0
^RUT,2026-02-03,2685.0,Put,0.0,0.0,42.0,2.0,3.0,0.03858462549277267,2669.159912109375,0.23005902978931697,0.0
^RUT,2026-02-03,2690.0,Call,0.0,0.0,23.2,1.0,5.0,0.03858462549277267,2669.159912109375,0.23005902978931697,0.0
^RUT,2026-02-03,2695.0,Call,0.0,0.0,25.76,,1.0,0.03858462549277267,2669.159912109375,0.23005902978931697,0.0
^RUT,2026-02-03,2700.0,Call,0.0,0.0,22.46,2.0,15.0,0.03858462549277267,2669.159912109375,0.23005902978931697,0.0
^RUT,2026-02-03,2705.0,Call,0.0,0.0,36.0,10.0,10.0,0.03858462549277267,2669.159912109375,0.23005902978931697,0.0
^RUT,2026-02-03,2705.0,Put,0.0,0.0,53.5,1.0,1.0,0.03858462549277267,2669.159912109375,0.23005902978931697,0.0
^RUT,2026-02-03,2710.0,Call,0.0,0.0,17.9,8.0,8.0,0.03858462549277267,2669.159912109375,0.23005902978931697,0.0
^RUT,2026-02-03,2725.0,Put,0.0,0.0,33.4,,24.0,0.03858462549277267,2669.159912109375,0.23005902978931697,0.0
^RUT,2026-02-03,2730.0,Call,0.0,0.0,24.14,15.0,16.0,0.03858462549277267,2669.159912109375,0.23005902978931697,0.0
^RUT,2026-02-03,2730.0,Put,0.0,0.0,40.4,,2.0,0.03858462549277267,2669.159912109375,0.23005902978931697,0.0
^RUT,2026-02-03,2735.0,Call,0.0,0.0,36.1,,20.0,0.03858462549277267,2669.159912109375,0.23005902978931697,0.0
^RUT,2026-02-03,2745.0,Call,0.0,0.0,9.42,3.0,3.0,0.03858462549277267,2669.159912109375,0.23005902978931697,0.0
^RUT,2026-02-03,2750.0,Call,0.0,0.0,8.42,9.0,21.0,0.03858462549277267,2669.159912109375,0.23005902978931697,0.0
^RUT,2026-02-03,2755.0,Call,0.0,0.0,8.46,2.0,2.0,0.03858462549277267,2669.159912109375,0.23005902978931697,0.0
^RUT,2026-02-03,2760.0,Call,0.0,0.0,5.08,2.0,6.0,0.03858462549277267,2669.159912109375,0.23005902978931697,0.0
^RUT,2026-02-03,2765.0,Call,0.0,0.0,9.4,10.0,15.0,0.03858462549277267,2669.159912109375,0.23005902978931697,0.0
^RUT,2026-02-03,2770.0,Call,0.0,0.0,15.78,3.0,6.0,0.03858462549277267,2669.159912109375,0.23005902978931697,0.0
^RUT,2026-02-03,2770.0,Put,0.0,0.0,82.75,1.0,4.0,0.03858462549277267,2669.159912109375,0.23005902978931697,0.0
^RUT,2026-02-03,2775.0,Call,0.0,0.0,4.53,7.0,9.0,0.03858462549277267,2669.159912109375,0.23005902978931697,0.0
^RUT,2026-02-03,2775.0,Put,0.0,0.0,86.79,1.0,4.0,0.03858462549277267,2669.159912109375,0.23005902978931697,0.0
^RUT,2026-02-03,2780.0,Call,0.0,0.0,17.25,,3.0,0.03858462549277267,2669.159912109375,0.23005902978931697,0.0
^RUT,2026-02-03,2785.0,Call,0.0,0.0,6.1,,3.0,0.03858462549277267,2669.159912109375,0.23005902978931697,0.0
^RUT,2026-02-03,2790.0,Call,0.0,0.0,2.77,9.0,3.0,0.03858462549277267,2669.159912109375,0.23005902978931697,0.0
^RUT,2026-02-03,2800.0,Call,0.0,0.0,2.14,8.0,29.0,0.03858462549277267,2669.159912109375,0.23005902978931697,0.0
^RUT,2026-02-03,2805.0,Call,0.0,0.0,3.39,1.0,1.0,0.03858462549277267,2669.159912109375,0.23005902978931697,0.0
^RUT,2026-02-03,2810.0,Call,0.0,0.0,3.9,12.0,22.0,0.03858462549277267,2669.159912109375,0.23005902978931697,0.0
^RUT,2026-02-03,2815.0,Call,0.0,0.0,2.62,1.0,1.0,0.03858462549277267,2669.159912109375,0.23005902978931697,0.0
^RUT,2026-02-03,2825.0,Call,0.0,0.0,2.68,,3.0,0.03858462549277267,2669.159912109375,0.23005902978931697,0.0
^RUT,2026-02-03,2855.0,Call,0.0,0.0,0.85,1.0,1.0,0.03858462549277267,2669.159912109375,0.23005902978931697,0.0
^RUT,2026-02-03,2895.0,Call,0.0,0.0,0.72,,3.0,0.03858462549277267,2669.159912109375,0.23005902978931697,0.0
^RUT,2026-02-04,2295.0,Put,0.0,0.0,1.26,,3.0,0.038545203679369255,2669.159912109375,0.23005902978931697,0.0
^RUT,2026-02-04,2300.0,Put,0.0,0.0,1.95,,24.0,0.038545203679369255,2669.159912109375,0.23005902978931697,0.0
^RUT,2026-02-04,2390.0,Put,0.0,0.0,0.85,1.0,1.0,0.038545203679369255,2669.159912109375,0.23005902978931697,0.0
^RUT,2026-02-04,2410.0,Put,0.0,0.0,1.05,1.0,1.0,0.038545203679369255,2669.159912109375,0.23005902978931697,0.0
^RUT,2026-02-04,2430.0,Put,0.0,0.0,4.41,,10.0,0.038545203679369255,2669.159912109375,0.23005902978931697,0.0
^RUT,2026-02-04,2440.0,Put,0.0,0.0,1.2,2.0,18.0,0.038545203679369255,2669.159912109375,0.23005902978931697,0.0
^RUT,2026-02-04,2450.0,Put,0.0,0.0,1.57,,26.0,0.038545203679369255,2669.159912109375,0.23005902978931697,0.0
^RUT,2026-02-04,2470.0,Put,0.0,0.0,3.22,,63.0,0.038545203679369255,2669.159912109375,0.23005902978931697,0.0
^RUT,2026-02-04,2475.0,Put,0.0,0.0,5.08,,3.0,0.038545203679369255,2669.159912109375,0.23005902978931697,0.0
^RUT,2026-02-04,2490.0,Put,0.0,0.0,2.74,5.0,5.0,0.038545203679369255,2669.159912109375,0.23005902978931697,0.0
^RUT,2026-02-04,2500.0,Put,0.0,0.0,3.17,4.0,7.0,0.038545203679369255,2669.159912109375,0.23005902978931697,0.0
^RUT,2026-02-04,2505.0,Put,0.0,0.0,11.31,,5.0,0.038545203679369255,2669.159912109375,0.23005902978931697,0.0
^RUT,2026-02-04,2510.0,Put,0.0,0.0,2.62,1.0,1.0,0.038545203679369255,2669.159912109375,0.23005902978931697,0.0
^RUT,2026-02-04,2515.0,Put,0.0,0.0,10.2,,65.0,0.038545203679369255,2669.159912109375,0.23005902978931697,0.0
^RUT,2026-02-04,2520.0,Put,0.0,0.0,2.56,,1.0,0.038545203679369255,2669.159912109375,0.23005902978931697,0.0
^RUT,2026-02-04,2525.0,Put,0.0,0.0,14.0,,2.0,0.038545203679369255,2669.159912109375,0.23005902978931697,0.0
^RUT,2026-02-04,2530.0,Put,0.0,0.0,5.53,,76.0,0.038545203679369255,2669.159912109375,0.23005902978931697,0.0
^RUT,2026-02-04,2535.0,Put,0.0,0.0,2.96,,77.0,0.038545203679369255,2669.159912109375,0.23005902978931697,0.0
^RUT,2026-02-04,2540.0,Put,0.0,0.0,6.22,,52.0,0.038545203679369255,2669.159912109375,0.23005902978931697,0.0
^RUT,2026-02-04,2545.0,Put,0.0,0.0,6.6,,75.0,0.038545203679369255,2669.159912109375,0.23005902978931697,0.0
^RUT,2026-02-04,2550.0,Put,0.0,0.0,5.91,1.0,35.0,0.038545203679369255,2669.159912109375,0.23005902978931697,0.0
^RUT,2026-02-04,2560.0,Put,0.0,0.0,8.6,7.0,17.0,0.038545203679369255,2669.159912109375,0.23005902978931697,0.0
^RUT,2026-02-04,2565.0,Put,0.0,0.0,8.41,3.0,3.0,0.038545203679369255,2669.159912109375,0.23005902978931697,0.0
^RUT,2026-02-04,2575.0,Put,0.0,0.0,9.8,2.0,2.0,0.038545203679369255,2669.159912109375,0.23005902978931697,0.0
^RUT,2026-02-04,2580.0,Call,0.0,0.0,95.81,,1.0,0.038545203679369255,2669.159912109375,0.23005902978931697,0.0
^RUT,2026-02-04,2580.0,Put,0.0,0.0,8.44,2.0,8.0,0.038545203679369255,2669.159912109375,0.23005902978931697,0.0
^RUT,2026-02-04,2585.0,Put,0.0,0.0,18.73,,13.0,0.038545203679369255,2669.159912109375,0.23005902978931697,0.0
^RUT,2026-02-04,2590.0,Call,0.0,0.0,88.16,,1.0,0.038545203679369255,2669.159912109375,0.23005902978931697,0.0
^RUT,2026-02-04,2590.0,Put,0.0,0.0,11.06,13.0,14.0,0.038545203679369255,2669.159912109375,0.23005902978931697,0.0
^RUT,2026-02-04,2595.0,Call,0.0,0.0,108.91,2.0,2.0,0.038545203679369255,2669.159912109375,0.23005902978931697,0.0
^RUT,2026-02-04,2595.0,Put,0.0,0.0,13.25,17.0,18.0,0.038545203679369255,2669.159912109375,0.23005902978931697,0.0
^RUT,2026-02-04,2605.0,Call,0.0,0.0,99.78,2.0,2.0,0.038545203679369255,2669.159912109375,0.23005902978931697,0.0
^RUT,2026-02-04,2605.0,Put,0.0,0.0,7.8,,63.0,0.038545203679369255,2669.159912109375,0.23005902978931697,0.0
^RUT,2026-02-04,2610.0,Call,0.0,0.0,96.05,7.0,7.0,0.038545203679369255,2669.159912109375,0.23005902978931697,0.0
^RUT,2026-02-04,2610.0,Put,0.0,0.0,9.2,,2.0,0.038545203679369255,2669.159912109375,0.23005902978931697,0.0
^RUT,2026-02-04,2615.0,Call,0.0,0.0,92.16,7.0,7.0,0.038545203679369255,2669.159912109375,0.23005902978931697,0.0
^RUT,2026-02-04,2615.0,Put,0.0,0.0,9.85,,1.0,0.038545203679369255,2669.159912109375,0.23005902978931697,0.0
^RUT,2026-02-04,2620.0,Call,0.0,0.0,87.36,2.0,8.0,0.038545203679369255,2669.159912109375,0.23005902978931697,0.0
^RUT,2026-02-04,2620.0,Put,0.0,0.0,9.52,,10.0,0.038545203679369255,2669.159912109375,0.23005902978931697,0.0
^RUT,2026-02-04,2625.0,Call,0.0,0.0,83.18,2.0,8.0,0.038545203679369255,2669.159912109375,0.23005902978931697,0.0
^RUT,2026-02-04,2625.0,Put,0.0,0.0,19.71,1.0,10.0,0.038545203679369255,2669.159912109375,0.23005902978931697,0.0
^RUT,2026-02-04,2630.0,Call,0.0,0.0,113.32,,3.0,0.038545203679369255,2669.159912109375,0.23005902978931697,0.0
^RUT,2026-02-04,2630.0,Put,0.0,0.0,21.83,12.0,28.0,0.038545203679369255,2669.159912109375,0.23005902978931697,0.0
^RUT,2026-02-04,2635.0,Call,0.0,0.0,109.43,,3.0,0.038545203679369255,2669.159912109375,0.23005902978931697,0.0
^RUT,2026-02-04,2635.0,Put,0.0,0.0,24.14,,1.0,0.038545203679369255,2669.159912109375,0.23005902978931697,0.0
^RUT,2026-02-04,2640.0,Put,0.0,0.0,25.27,1.0,3.0,0.038545203679369255,2669.159912109375,0.23005902978931697,0.0
^RUT,2026-02-04,2645.0,Call,0.0,0.0,101.03,,1.0,0.038545203679369255,2669.159912109375,0.23005902978931697,0.0
^RUT,2026-02-04,2645.0,Put,0.0,0.0,25.79,2.0,2.0,0.038545203679369255,2669.159912109375,0.23005902978931697,0.0
^RUT,2026-02-04,2650.0,Call,0.0,0.0,97.17,,1.0,0.038545203679369255,2669.159912109375,0.23005902978931697,0.0
^RUT,2026-02-04,2650.0,Put,0.0,0.0,27.5,5.0,4.0,0.038545203679369255,2669.159912109375,0.23005902978931697,0.0
^RUT,2026-02-04,2655.0,Call,0.0,0.0,60.24,1.0,1.0,0.038545203679369255,2669.159912109375,0.23005902978931697,0.0
^RUT,2026-02-04,2660.0,Call,0.0,0.0,56.77,1.0,1.0,0.038545203679369255,2669.159912109375,0.23005902978931697,0.0
^RUT,2026-02-04,2660.0,Put,0.0,0.0,32.08,3.0,3.0,0.038545203679369255,2669.159912109375,0.23005902978931697,0.0
^RUT,2026-02-04,2665.0,Put,0.0,0.0,31.0,,14.0,0.038545203679369255,2669.159912109375,0.23005902978931697,0.0
^RUT,2026-02-04,2670.0,Call,0.0,0.0,37.6,8.0,47.0,0.038545203679369255,2669.159912109375,0.23005902978931697,0.0
^RUT,2026-02-04,2670.0,Put,0.0,0.0,36.08,2.0,27.0,0.038545203679369255,2669.159912109375,0.23005902978931697,0.0
^RUT,2026-02-04,2675.0,Call,0.0,0.0,35.05,4.0,16.0,0.038545203679369255,2669.159912109375,0.23005902978931697,0.0
^RUT,2026-02-04,2680.0,Call,0.0,0.0,43.56,1.0,1.0,0.038545203679369255,2669.159912109375,0.23005902978931697,0.0
^RUT,2026-02-04,2685.0,Call,0.0,0.0,45.5,,35.0,0.038545203679369255,2669.159912109375,0.23005902978931697,0.0
^RUT,2026-02-04,2690.0,Call,0.0,0.0,39.8,1.0,1.0,0.038545203679369255,2669.159912109375,0.23005902978931697,0.0
^RUT,2026-02-04,2695.0,Call,0.0,0.0,33.62,,3.0,0.038545203679369255,2669.159912109375,0.23005902978931697,0.0
^RUT,2026-02-04,2700.0,Call,0.0,0.0,23.35,4.0,8.0,0.038545203679369255,2669.159912109375,0.23005902978931697,0.0
^RUT,2026-02-04,2700.0,Put,0.0,0.0,37.22,1.0,2.0,0.038545203679369255,2669.159912109375,0.23005902978931697,0.0
^RUT,2026-02-04,2705.0,Call,0.0,0.0,21.23,16.0,16.0,0.038545203679369255,2669.159912109375,0.23005902978931697,0.0
^RUT,2026-02-04,2710.0,Call,0.0,0.0,50.3,,48.0,0.038545203679369255,2669.159912109375,0.23005902978931697,0.0
^RUT,2026-02-04,2720.0,Call,0.0,0.0,23.5,,5.0,0.038545203679369255,2669.159912109375,0.23005902978931697,0.0
^RUT,2026-02-04,2725.0,Call,0.0,0.0,14.6,3.0,3.0,0.038545203679369255,2669.159912109375,0.23005902978931697,0.0
^RUT,2026-02-04,2730.0,Call,0.0,0.0,21.07,1.0,10.0,0.038545203679369255,2669.159912109375,0.23005902978931697,0.0
^RUT,2026-02-04,2740.0,Call,0.0,0.0,11.18,1.0,3.0,0.038545203679369255,2669.159912109375,0.23005902978931697,0.0
^RUT,2026-02-04,2745.0,Call,0.0,0.0,9.61,9.0,10.0,0.038545203679369255,2669.159912109375,0.23005902978931697,0.0
^RUT,2026-02-04,2750.0,Call,0.0,0.0,9.76,2.0,3.0,0.038545203679369255,2669.159912109375,0.23005902978931697,0.0
^RUT,2026-02-04,2755.0,Call,0.0,0.0,7.8,3.0,15.0,0.038545203679369255,2669.159912109375,0.23005902978931697,0.0
^RUT,2026-02-04,2760.0,Call,0.0,0.0,10.92,1.0,3.0,0.038545203679369255,2669.159912109375,0.23005902978931697,0.0
^RUT,2026-02-04,2765.0,Call,0.0,0.0,9.97,1.0,1.0,0.038545203679369255,2669.159912109375,0.23005902978931697,0.0
^RUT,2026-02-04,2785.0,Call,0.0,0.0,7.73,,2.0,0.038545203679369255,2669.159912109375,0.23005902978931697,0.0
^RUT,2026-02-04,2790.0,Call,0.0,0.0,3.47,5.0,16.0,0.038545203679369255,2669.159912109375,0.23005902978931697,0.0
^RUT,2026-02-04,2800.0,Call,0.0,0.0,2.75,4.0,4.0,0.038545203679369255,2669.159912109375,0.23005902978931697,0.0
^RUT,2026-02-04,2815.0,Call,0.0,0.0,5.41,,50.0,0.038545203679369255,2669.159912109375,0.23005902978931697,0.0
^RUT,2026-02-04,2825.0,Call,0.0,0.0,4.36,,110.0,0.038545203679369255,2669.159912109375,0.23005902978931697,0.0
^RUT,2026-02-04,2830.0,Call,0.0,0.0,2.44,,3.0,0.038545203679369255,2669.159912109375,0.23005902978931697,0.0
^RUT,2026-02-04,2835.0,Call,0.0,0.0,3.62,,75.0,0.038545203679369255,2669.159912109375,0.23005902978931697,0.0
^RUT,2026-02-04,2860.0,Call,0.0,0.0,1.56,3.0,4.0,0.038545203679369255,2669.159912109375,0.23005902978931697,0.0
^RUT,2026-02-04,2885.0,Call,0.0,0.0,1.86,,1.0,0.038545203679369255,2669.159912109375,0.23005902978931697,0.0
^RUT,2026-02-04,2885.0,Put,0.0,0.0,206.4,,1.0,0.038545203679369255,2669.159912109375,0.23005902978931697,0.0
^RUT,2026-02-04,2900.0,Call,0.0,0.0,0.5,2.0,5.0,0.038545203679369255,2669.159912109375,0.23005902978931697,0.0
^RUT,2026-02-04,2905.0,Call,0.0,0.0,1.28,,1.0,0.038545203679369255,2669.159912109375,0.23005902978931697,0.0
^RUT,2026-02-04,2910.0,Call,0.0,0.0,0.65,1.0,1.0,0.038545203679369255,2669.159912109375,0.23005902978931697,0.0
^RUT,2026-02-05,2330.0,Put,0.0,0.0,0.78,15.0,15.0,0.03850578186596584,2669.159912109375,0.23005902978931697,0.0
^RUT,2026-02-05,2395.0,Put,0.0,0.0,1.16,15.0,15.0,0.03850578186596584,2669.159912109375,0.23005902978931697,0.0
^RUT,2026-02-05,2400.0,Call,0.0,0.0,322.1,,1.0,0.03850578186596584,2669.159912109375,0.23005902978931697,0.0
^RUT,2026-02-05,2400.0,Put,0.0,0.0,1.35,20.0,27.0,0.03850578186596584,2669.159912109375,0.23005902978931697,0.0
^RUT,2026-02-05,2420.0,Put,0.0,0.0,1.39,15.0,15.0,0.03850578186596584,2669.159912109375,0.23005902978931697,0.0
^RUT,2026-02-05,2430.0,Put,0.0,0.0,1.52,15.0,15.0,0.03850578186596584,2669.159912109375,0.23005902978931697,0.0
^RUT,2026-02-05,2450.0,Put,0.0,0.0,1.74,,10.0,0.03850578186596584,2669.159912109375,0.23005902978931697,0.0
^RUT,2026-02-05,2470.0,Put,0.0,0.0,2.05,,10.0,0.03850578186596584,2669.159912109375,0.23005902978931697,0.0
^RUT,2026-02-05,2480.0,Put,0.0,0.0,2.98,60.0,70.0,0.03850578186596584,2669.159912109375,0.23005902978931697,0.0
^RUT,2026-02-05,2485.0,Put,0.0,0.0,3.12,40.0,40.0,0.03850578186596584,2669.159912109375,0.23005902978931697,0.0
^RUT,2026-02-05,2490.0,Put,0.0,0.0,3.38,20.0,20.0,0.03850578186596584,2669.159912109375,0.23005902978931697,0.0
^RUT,2026-02-05,2495.0,Put,0.0,0.0,9.0,,9.0,0.03850578186596584,2669.159912109375,0.23005902978931697,0.0
^RUT,2026-02-05,2500.0,Put,0.0,0.0,2.78,20.0,20.0,0.03850578186596584,2669.159912109375,0.23005902978931697,0.0
^RUT,2026-02-05,2510.0,Put,0.0,0.0,3.09,20.0,20.0,0.03850578186596584,2669.159912109375,0.23005902978931697,0.0
^RUT,2026-02-05,2520.0,Put,0.0,0.0,3.59,3.0,3.0,0.03850578186596584,2669.159912109375,0.23005902978931697,0.0
^RUT,2026-02-05,2530.0,Put,0.0,0.0,3.75,,15.0,0.03850578186596584,2669.159912109375,0.23005902978931697,0.0
^RUT,2026-02-05,2540.0,Put,0.0,0.0,4.18,,15.0,0.03850578186596584,2669.159912109375,0.23005902978931697,0.0
^RUT,2026-02-05,2545.0,Put,0.0,0.0,7.57,,4.0,0.03850578186596584,2669.159912109375,0.23005902978931697,0.0
^RUT,2026-02-05,2550.0,Put,0.0,0.0,6.52,8.0,18.0,0.03850578186596584,2669.159912109375,0.23005902978931697,0.0
^RUT,2026-02-05,2560.0,Put,0.0,0.0,7.52,8.0,8.0,0.03850578186596584,2669.159912109375,0.23005902978931697,0.0
^RUT,2026-02-05,2565.0,Put,0.0,0.0,9.7,6.0,10.0,0.03850578186596584,2669.159912109375,0.23005902978931697,0.0
^RUT,2026-02-05,2570.0,Put,0.0,0.0,8.7,2.0,2.0,0.03850578186596584,2669.159912109375,0.23005902978931697,0.0
^RUT,2026-02-05,2575.0,Put,0.0,0.0,9.29,2.0,9.0,0.03850578186596584,2669.159912109375,0.23005902978931697,0.0
^RUT,2026-02-05,2580.0,Put,0.0,0.0,8.56,8.0,8.0,0.03850578186596584,2669.159912109375,0.23005902978931697,0.0
^RUT,2026-02-05,2585.0,Put,0.0,0.0,12.4,31.0,31.0,0.03850578186596584,2669.159912109375,0.23005902978931697,0.0
^RUT,2026-02-05,2590.0,Put,0.0,0.0,7.3,,24.0,0.03850578186596584,2669.159912109375,0.23005902978931697,0.0
^RUT,2026-02-05,2595.0,Call,0.0,0.0,113.79,1.0,1.0,0.03850578186596584,2669.159912109375,0.23005902978931697,0.0
^RUT,2026-02-05,2595.0,Put,0.0,0.0,9.95,8.0,9.0,0.03850578186596584,2669.159912109375,0.23005902978931697,0.0
^RUT,2026-02-05,2600.0,Call,0.0,0.0,101.33,5.0,4.0,0.03850578186596584,2669.159912109375,0.23005902978931697,0.0
^RUT,2026-02-05,2600.0,Put,0.0,0.0,10.65,21.0,38.0,0.03850578186596584,2669.159912109375,0.23005902978931697,0.0
^RUT,2026-02-05,2605.0,Call,0.0,0.0,96.72,4.0,4.0,0.03850578186596584,2669.159912109375,0.23005902978931697,0.0
^RUT,2026-02-05,2605.0,Put,0.0,0.0,8.95,,3.0,0.03850578186596584,2669.159912109375,0.23005902978931697,0.0
^RUT,2026-02-05,2610.0,Put,0.0,0.0,9.75,,6.0,0.03850578186596584,2669.159912109375,0.23005902978931697,0.0
^RUT,2026-02-05,2620.0,Call,0.0,0.0,84.04,1.0,1.0,0.03850578186596584,2669.159912109375,0.23005902978931697,0.0
^RUT,2026-02-05,2620.0,Put,0.0,0.0,14.2,4.0,6.0,0.03850578186596584,2669.159912109375,0.23005902978931697,0.0
^RUT,2026-02-05,2625.0,Call,0.0,0.0,80.12,1.0,1.0,0.03850578186596584,2669.159912109375,0.23005902978931697,0.0
^RUT,2026-02-05,2625.0,Put,0.0,0.0,15.15,1.0,4.0,0.03850578186596584,2669.159912109375,0.23005902978931697,0.0
^RUT,2026-02-05,2630.0,Call,0.0,0.0,83.63,1.0,1.0,0.03850578186596584,2669.159912109375,0.23005902978931697,0.0
^RUT,2026-02-05,2630.0,Put,0.0,0.0,16.19,1.0,4.0,0.03850578186596584,2669.159912109375,0.23005902978931697,0.0
^RUT,2026-02-05,2635.0,Call,0.0,0.0,79.82,1.0,1.0,0.03850578186596584,2669.159912109375,0.23005902978931697,0.0
^RUT,2026-02-05,2635.0,Put,0.0,0.0,13.25,,4.0,0.03850578186596584,2669.159912109375,0.23005902978931697,0.0
^RUT,2026-02-05,2640.0,Put,0.0,0.0,13.83,,3.0,0.03850578186596584,2669.159912109375,0.23005902978931697,0.0
^RUT,2026-02-05,2650.0,Put,0.0,0.0,29.47,2.0,2.0,0.03850578186596584,2669.159912109375,0.23005902978931697,0.0
^RUT,2026-02-05,2655.0,Call,0.0,0.0,58.24,6.0,9.0,0.03850578186596584,2669.159912109375,0.23005902978931697,0.0
^RUT,2026-02-05,2660.0,Call,0.0,0.0,54.91,6.0,6.0,0.03850578186596584,2669.159912109375,0.23005902978931697,0.0
^RUT,2026-02-05,2660.0,Put,0.0,0.0,23.74,2.0,3.0,0.03850578186596584,2669.159912109375,0.23005902978931697,0.0
^RUT,2026-02-05,2665.0,Put,0.0,0.0,25.8,6.0,6.0,0.03850578186596584,2669.159912109375,0.23005902978931697,0.0
^RUT,2026-02-05,2670.0,Call,0.0,0.0,53.37,2.0,2.0,0.03850578186596584,2669.159912109375,0.23005902978931697,0.0
^RUT,2026-02-05,2670.0,Put,0.0,0.0,37.49,2.0,5.0,0.03850578186596584,2669.159912109375,0.23005902978931697,0.0
^RUT,2026-02-05,2675.0,Call,0.0,0.0,50.27,2.0,2.0,0.03850578186596584,2669.159912109375,0.23005902978931697,0.0
^RUT,2026-02-05,2680.0,Put,0.0,0.0,36.5,1.0,1.0,0.03850578186596584,2669.159912109375,0.23005902978931697,0.0
^RUT,2026-02-05,2685.0,Call,0.0,0.0,31.9,,1.0,0.03850578186596584,2669.159912109375,0.23005902978931697,0.0
^RUT,2026-02-05,2690.0,Call,0.0,0.0,42.29,1.0,1.0,0.03850578186596584,2669.159912109375,0.23005902978931697,0.0
^RUT,2026-02-05,2690.0,Put,0.0,0.0,32.6,4.0,4.0,0.03850578186596584,2669.159912109375,0.23005902978931697,0.0
^RUT,2026-02-05,2695.0,Call,0.0,0.0,27.5,12.0,12.0,0.03850578186596584,2669.159912109375,0.23005902978931697,0.0
^RUT,2026-02-05,2705.0,Call,0.0,0.0,22.53,15.0,16.0,0.03850578186596584,2669.159912109375,0.23005902978931697,0.0
^RUT,2026-02-05,2710.0,Call,0.0,0.0,55.58,,1.0,0.03850578186596584,2669.159912109375,0.23005902978931697,0.0
^RUT,2026-02-05,2715.0,Call,0.0,0.0,18.0,10.0,10.0,0.03850578186596584,2669.159912109375,0.23005902978931697,0.0
^RUT,2026-02-05,2720.0,Call,0.0,0.0,42.6,,7.0,0.03850578186596584,2669.159912109375,0.23005902978931697,0.0
^RUT,2026-02-05,2725.0,Call,0.0,0.0,47.1,,19.0,0.03850578186596584,2669.159912109375,0.23005902978931697,0.0
^RUT,2026-02-05,2730.0,Call,0.0,0.0,42.3,,45.0,0.03850578186596584,2669.159912109375,0.23005902978931697,0.0
^RUT,2026-02-05,2730.0,Put,0.0,0.0,38.35,,26.0,0.03850578186596584,2669.159912109375,0.23005902978931697,0.0
^RUT,2026-02-05,2735.0,Call,0.0,0.0,41.72,,10.0,0.03850578186596584,2669.159912109375,0.23005902978931697,0.0
^RUT,2026-02-05,2740.0,Call,0.0,0.0,18.55,1.0,8.0,0.03850578186596584,2669.159912109375,0.23005902978931697,0.0
^RUT,2026-02-05,2745.0,Call,0.0,0.0,16.95,1.0,14.0,0.03850578186596584,2669.159912109375,0.23005902978931697,0.0
^RUT,2026-02-05,2755.0,Call,0.0,0.0,11.89,2.0,3.0,0.03850578186596584,2669.159912109375,0.23005902978931697,0.0
^RUT,2026-02-05,2760.0,Call,0.0,0.0,10.71,2.0,7.0,0.03850578186596584,2669.159912109375,0.23005902978931697,0.0
^RUT,2026-02-05,2770.0,Call,0.0,0.0,22.6,,66.0,0.03850578186596584,2669.159912109375,0.23005902978931697,0.0
^RUT,2026-02-05,2780.0,Call,0.0,0.0,6.4,,8.0,0.03850578186596584,2669.159912109375,0.23005902978931697,0.0
^RUT,2026-02-05,2825.0,Call,0.0,0.0,7.1,,10.0,0.03850578186596584,2669.159912109375,0.23005902978931697,0.0
^RUT,2026-02-05,2835.0,Call,0.0,0.0,6.0,,7.0,0.03850578186596584,2669.159912109375,0.23005902978931697,0.0
^RUT,2026-02-05,2850.0,Call,0.0,0.0,2.46,3.0,4.0,0.03850578186596584,2669.159912109375,0.23005902978931697,0.0
^RUT,2026-02-05,2855.0,Call,0.0,0.0,2.47,2.0,2.0,0.03850578186596584,2669.159912109375,0.23005902978931697,0.0
^RUT,2026-02-05,2860.0,Call,0.0,0.0,2.21,2.0,3.0,0.03850578186596584,2669.159912109375,0.23005902978931697,0.0
^RUT,2026-02-05,2920.0,Call,0.0,0.0,0.7,3.0,3.0,0.03850578186596584,2669.159912109375,0.23005902978931697,0.0
^RUT,2026-02-05,3025.0,Call,0.0,0.0,0.19,1.0,1.0,0.03850578186596584,2669.159912109375,0.23005902978931697,0.0
^RUT,2026-02-06,1950.0,Put,0.0,0.0,0.74,16.0,27.0,0.03846636005256242,2669.159912109375,0.23005902978931697,0.0
^RUT,2026-02-06,1985.0,Put,0.0,0.0,0.8,,6.0,0.03846636005256242,2669.159912109375,0.23005902978931697,0.0
^RUT,2026-02-06,1990.0,Put,0.0,0.0,0.83,,8.0,0.03846636005256242,2669.159912109375,0.23005902978931697,0.0
^RUT,2026-02-06,2000.0,Put,0.0,0.0,0.37,3.0,3.0,0.03846636005256242,2669.159912109375,0.23005902978931697,0.0
^RUT,2026-02-06,2005.0,Put,0.0,0.0,0.97,,3.0,0.03846636005256242,2669.159912109375,0.23005902978931697,0.0
^RUT,2026-02-06,2010.0,Put,0.0,0.0,0.98,,6.0,0.03846636005256242,2669.159912109375,0.23005902978931697,0.0
^RUT,2026-02-06,2030.0,Put,0.0,0.0,0.25,1.0,1.0,0.03846636005256242,2669.159912109375,0.23005902978931697,0.0
^RUT,2026-02-06,2055.0,Put,0.0,0.0,0.32,,1.0,0.03846636005256242,2669.159912109375,0.23005902978931697,0.0
^RUT,2026-02-06,2065.0,Put,0.0,0.0,1.15,,1.0,0.03846636005256242,2669.159912109375,0.23005902978931697,0.0
^RUT,2026-02-06,2100.0,Put,0.0,0.0,0.63,2.0,22.0,0.03846636005256242,2669.159912109375,0.23005902978931697,0.0
^RUT,2026-02-06,2120.0,Put,0.0,0.0,1.05,3.0,3.0,0.03846636005256242,2669.159912109375,0.23005902978931697,0.0
^RUT,2026-02-06,2125.0,Put,0.0,0.0,0.52,1.0,2.0,0.03846636005256242,2669.159912109375,0.23005902978931697,0.0
^RUT,2026-02-06,2130.0,Put,0.0,0.0,1.55,,3.0,0.03846636005256242,2669.159912109375,0.23005902978931697,0.0
^RUT,2026-02-06,2135.0,Put,0.0,0.0,0.5,1.0,5.0,0.03846636005256242,2669.159912109375,0.23005902978931697,0.0
^RUT,2026-02-06,2140.0,Put,0.0,0.0,0.35,10.0,10.0,0.03846636005256242,2669.159912109375,0.23005902978931697,0.0
^RUT,2026-02-06,2150.0,Put,0.0,0.0,1.05,1.0,32.0,0.03846636005256242,2669.159912109375,0.23005902978931697,0.0
^RUT,2026-02-06,2155.0,Put,0.0,0.0,0.6,1.0,2.0,0.03846636005256242,2669.159912109375,0.23005902978931697,0.0
^RUT,2026-02-06,2160.0,Put,0.0,0.0,0.57,1.0,0.0,0.03846636005256242,2669.159912109375,0.23005902978931697,0.0
^RUT,2026-02-06,2165.0,Put,0.0,0.0,1.3,2.0,1.0,0.03846636005256242,2669.159912109375,0.23005902978931697,0.0
^RUT,2026-02-06,2170.0,Put,0.0,0.0,0.4,2.0,7.0,0.03846636005256242,2669.159912109375,0.23005902978931697,0.0
^RUT,2026-02-06,2175.0,Put,0.0,0.0,0.65,2.0,3.0,0.03846636005256242,2669.159912109375,0.23005902978931697,0.0
^RUT,2026-02-06,2180.0,Put,0.0,0.0,0.35,2.0,2.0,0.03846636005256242,2669.159912109375,0.23005902978931697,0.0
^RUT,2026-02-06,2185.0,Put,0.0,0.0,0.7,1.0,2.0,0.03846636005256242,2669.159912109375,0.23005902978931697,0.0
^RUT,2026-02-06,2190.0,Put,0.0,0.0,0.45,1.0,3.0,0.03846636005256242,2669.159912109375,0.23005902978931697,0.0
^RUT,2026-02-06,2195.0,Put,0.0,0.0,2.17,,2.0,0.03846636005256242,2669.159912109375,0.23005902978931697,0.0
^RUT,2026-02-06,2200.0,Put,0.0,0.0,0.5,1.0,47.0,0.03846636005256242,2669.159912109375,0.23005902978931697,0.0
^RUT,2026-02-06,2205.0,Put,0.0,0.0,2.46,,3.0,0.03846636005256242,2669.159912109375,0.23005902978931697,0.0
^RUT,2026-02-06,2210.0,Put,0.0,0.0,0.5,1.0,2.0,0.03846636005256242,2669.159912109375,0.23005902978931697,0.0
^RUT,2026-02-06,2215.0,Put,0.0,0.0,0.47,4.0,5.0,0.03846636005256242,2669.159912109375,0.23005902978931697,0.0
^RUT,2026-02-06,2220.0,Put,0.0,0.0,0.5,4.0,37.0,0.03846636005256242,2669.159912109375,0.23005902978931697,0.0
^RUT,2026-02-06,2225.0,Put,0.0,0.0,0.53,5.0,8.0,0.03846636005256242,2669.159912109375,0.23005902978931697,0.0
^RUT,2026-02-06,2230.0,Put,0.0,0.0,0.6,3.0,14.0,0.03846636005256242,2669.159912109375,0.23005902978931697,0.0
^RUT,2026-02-06,2235.0,Put,0.0,0.0,0.47,3.0,9.0,0.03846636005256242,2669.159912109375,0.23005902978931697,0.0
^RUT,2026-02-06,2240.0,Put,0.0,0.0,1.92,2.0,36.0,0.03846636005256242,2669.159912109375,0.23005902978931697,0.0
^RUT,2026-02-06,2245.0,Put,0.0,0.0,1.47,10.0,46.0,0.03846636005256242,2669.159912109375,0.23005902978931697,0.0
^RUT,2026-02-06,2250.0,Call,0.0,0.0,320.11,,2.0,0.03846636005256242,2669.159912109375,0.23005902978931697,0.0
^RUT,2026-02-06,2250.0,Put,0.0,0.0,0.87,6.0,34.0,0.03846636005256242,2669.159912109375,0.23005902978931697,0.0
^RUT,2026-02-06,2255.0,Put,0.0,0.0,0.6,3.0,53.0,0.03846636005256242,2669.159912109375,0.23005902978931697,0.0
^RUT,2026-02-06,2260.0,Put,0.0,0.0,1.54,1.0,29.0,0.03846636005256242,2669.159912109375,0.23005902978931697,0.0
^RUT,2026-02-06,2265.0,Put,0.0,0.0,0.8,1.0,44.0,0.03846636005256242,2669.159912109375,0.23005902978931697,0.0
^RUT,2026-02-06,2270.0,Put,0.0,0.0,1.75,3.0,127.0,0.03846636005256242,2669.159912109375,0.23005902978931697,0.0
^RUT,2026-02-06,2275.0,Put,0.0,0.0,0.6,2.0,2554.0,0.03846636005256242,2669.159912109375,0.23005902978931697,0.0
^RUT,2026-02-06,2280.0,Put,0.0,0.0,1.05,5.0,35.0,0.03846636005256242,2669.159912109375,0.23005902978931697,0.0
^RUT,2026-02-06,2285.0,Put,0.0,0.0,1.7,1.0,28.0,0.03846636005256242,2669.159912109375,0.23005902978931697,0.0
^RUT,2026-02-06,2290.0,Call,0.0,0.0,258.23,5.0,5.0,0.03846636005256242,2669.159912109375,0.23005902978931697,0.0
^RUT,2026-02-06,2290.0,Put,0.0,0.0,0.7,1.0,186.0,0.03846636005256242,2669.159912109375,0.23005902978931697,0.0
^RUT,2026-02-06,2295.0,Put,0.0,0.0,1.1,1.0,39.0,0.03846636005256242,2669.159912109375,0.23005902978931697,0.0
^RUT,2026-02-06,2300.0,Put,0.0,0.0,1.25,20.0,40.0,0.03846636005256242,2669.159912109375,0.23005902978931697,0.0
^RUT,2026-02-06,2305.0,Put,0.0,0.0,3.12,2.0,2490.0,0.03846636005256242,2669.159912109375,0.23005902978931697,0.0
^RUT,2026-02-06,2310.0,Put,0.0,0.0,2.35,3.0,15.0,0.03846636005256242,2669.159912109375,0.23005902978931697,0.0
^RUT,2026-02-06,2315.0,Put,0.0,0.0,0.8,2.0,36.0,0.03846636005256242,2669.159912109375,0.23005902978931697,0.0
^RUT,2026-02-06,2320.0,Put,0.0,0.0,0.95,5.0,144.0,0.03846636005256242,2669.159912109375,0.23005902978931697,0.0
^RUT,2026-02-06,2325.0,Call,0.0,0.0,408.51,,2.0,0.03846636005256242,2669.159912109375,0.23005902978931697,0.0
^RUT,2026-02-06,2325.0,Put,0.0,0.0,1.11,22.0,54.0,0.03846636005256242,2669.159912109375,0.23005902978931697,0.0
^RUT,2026-02-06,2330.0,Put,0.0,0.0,1.15,20.0,47.0,0.03846636005256242,2669.159912109375,0.23005902978931697,0.0
^RUT,2026-02-06,2335.0,Put,0.0,0.0,1.04,3.0,20.0,0.03846636005256242,2669.159912109375,0.23005902978931697,0.0
^RUT,2026-02-06,2340.0,Call,0.0,0.0,266.9,1.0,1.0,0.03846636005256242,2669.159912109375,0.23005902978931697,0.0
^RUT,2026-02-06,2340.0,Put,0.0,0.0,0.93,2.0,72.0,0.03846636005256242,2669.159912109375,0.23005902978931697,0.0
^RUT,2026-02-06,2345.0,Put,0.0,0.0,1.08,40.0,111.0,0.03846636005256242,2669.159912109375,0.23005902978931697,0.0
^RUT,2026-02-06,2350.0,Put,0.0,0.0,1.16,21.0,109.0,0.03846636005256242,2669.159912109375,0.23005902978931697,0.0
^RUT,2026-02-06,2355.0,Put,0.0,0.0,1.16,35.0,111.0,0.03846636005256242,2669.159912109375,0.23005902978931697,0.0
^RUT,2026-02-06,2360.0,Put,0.0,0.0,3.59,4.0,99.0,0.03846636005256242,2669.159912109375,0.23005902978931697,0.0
^RUT,2026-02-06,2365.0,Put,0.0,0.0,1.18,11.0,84.0,0.03846636005256242,2669.159912109375,0.23005902978931697,0.0
^RUT,2026-02-06,2370.0,Put,0.0,0.0,1.12,1.0,255.0,0.03846636005256242,2669.159912109375,0.23005902978931697,0.0
^RUT,2026-02-06,2375.0,Put,0.0,0.0,1.35,1.0,196.0,0.03846636005256242,2669.159912109375,0.23005902978931697,0.0
^RUT,2026-02-06,2380.0,Call,0.0,0.0,218.64,,4.0,0.03846636005256242,2669.159912109375,0.23005902978931697,0.0
^RUT,2026-02-06,2380.0,Put,0.0,0.0,1.17,3.0,511.0,0.03846636005256242,2669.159912109375,0.23005902978931697,0.0
^RUT,2026-02-06,2385.0,Put,0.0,0.0,1.2,1.0,382.0,0.03846636005256242,2669.159912109375,0.23005902978931697,0.0
^RUT,2026-02-06,2390.0,Put,0.0,0.0,1.24,40.0,342.0,0.03846636005256242,2669.159912109375,0.23005902978931697,0.0
^RUT,2026-02-06,2395.0,Put,0.0,0.0,1.32,23.0,164.0,0.03846636005256242,2669.159912109375,0.23005902978931697,0.0
^RUT,2026-02-06,2400.0,Call,0.0,0.0,200.87,,4.0,0.03846636005256242,2669.159912109375,0.23005902978931697,0.0
^RUT,2026-02-06,2400.0,Put,0.0,0.0,1.39,3.0,251.0,0.03846636005256242,2669.159912109375,0.23005902978931697,0.0
^RUT,2026-02-06,2405.0,Put,0.0,0.0,1.74,1.0,277.0,0.03846636005256242,2669.159912109375,0.23005902978931697,0.0
^RUT,2026-02-06,2410.0,Put,0.0,0.0,1.95,3.0,301.0,0.03846636005256242,2669.159912109375,0.23005902978931697,0.0
^RUT,2026-02-06,2415.0,Put,0.0,0.0,1.55,1.0,153.0,0.03846636005256242,2669.159912109375,0.23005902978931697,0.0
^RUT,2026-02-06,2420.0,Call,0.0,0.0,151.49,1.0,1.0,0.03846636005256242,2669.159912109375,0.23005902978931697,0.0
^RUT,2026-02-06,2420.0,Put,0.0,0.0,2.95,12.0,73.0,0.03846636005256242,2669.159912109375,0.23005902978931697,0.0
^RUT,2026-02-06,2425.0,Put,0.0,0.0,1.81,10.0,151.0,0.03846636005256242,2669.159912109375,0.23005902978931697,0.0
^RUT,2026-02-06,2430.0,Put,0.0,0.0,2.3,4.0,155.0,0.03846636005256242,2669.159912109375,0.23005902978931697,0.0
^RUT,2026-02-06,2435.0,Put,0.0,0.0,7.15,9.0,120.0,0.03846636005256242,2669.159912109375,0.23005902978931697,0.0
^RUT,2026-02-06,2440.0,Call,0.0,0.0,137.22,1.0,1.0,0.03846636005256242,2669.159912109375,0.23005902978931697,0.0
^RUT,2026-02-06,2440.0,Put,0.0,0.0,2.21,2.0,132.0,0.03846636005256242,2669.159912109375,0.23005902978931697,0.0
^RUT,2026-02-06,2445.0,Put,0.0,0.0,3.4,10.0,52.0,0.03846636005256242,2669.159912109375,0.23005902978931697,0.0
^RUT,2026-02-06,2450.0,Call,0.0,0.0,248.1,1.0,2.0,0.03846636005256242,2669.159912109375,0.23005902978931697,0.0
^RUT,2026-02-06,2450.0,Put,0.0,0.0,2.63,116.0,311.0,0.03846636005256242,2669.159912109375,0.23005902978931697,0.0
^RUT,2026-02-06,2455.0,Put,0.0,0.0,2.88,25.0,47.0,0.03846636005256242,2669.159912109375,0.23005902978931697,0.0
^RUT,2026-02-06,2460.0,Call,0.0,0.0,115.55,4.0,4.0,0.03846636005256242,2669.159912109375,0.23005902978931697,0.0
^RUT,2026-02-06,2460.0,Put,0.0,0.0,2.85,37.0,111.0,0.03846636005256242,2669.159912109375,0.23005902978931697,0.0
^RUT,2026-02-06,2465.0,Put,0.0,0.0,3.18,26.0,97.0,0.03846636005256242,2669.159912109375,0.23005902978931697,0.0
^RUT,2026-02-06,2470.0,Call,0.0,0.0,111.76,5.0,16.0,0.03846636005256242,2669.159912109375,0.23005902978931697,0.0
^RUT,2026-02-06,2470.0,Put,0.0,0.0,2.39,21.0,145.0,0.03846636005256242,2669.159912109375,0.23005902978931697,0.0
^RUT,2026-02-06,2475.0,Put,0.0,0.0,2.47,5.0,34.0,0.03846636005256242,2669.159912109375,0.23005902978931697,0.0
^RUT,2026-02-06,2480.0,Call,0.0,0.0,201.99,1.0,4.0,0.03846636005256242,2669.159912109375,0.23005902978931697,0.0
^RUT,2026-02-06,2480.0,Put,0.0,0.0,3.7,6.0,251.0,0.03846636005256242,2669.159912109375,0.23005902978931697,0.0
^RUT,2026-02-06,2485.0,Put,0.0,0.0,8.15,1.0,83.0,0.03846636005256242,2669.159912109375,0.23005902978931697,0.0
^RUT,2026-02-06,2490.0,Call,0.0,0.0,96.78,10.0,7.0,0.03846636005256242,2669.159912109375,0.23005902978931697,0.0
^RUT,2026-02-06,2490.0,Put,0.0,0.0,3.86,14.0,132.0,0.03846636005256242,2669.159912109375,0.23005902978931697,0.0
^RUT,2026-02-06,2495.0,Call,0.0,0.0,180.75,7.0,9.0,0.03846636005256242,2669.159912109375,0.23005902978931697,0.0
^RUT,2026-02-06,2495.0,Put,0.0,0.0,3.16,50.0,75.0,0.03846636005256242,2669.159912109375,0.23005902978931697,0.0
^RUT,2026-02-06,2500.0,Call,0.0,0.0,178.12,2.0,7.0,0.03846636005256242,2669.159912109375,0.23005902978931697,0.0
^RUT,2026-02-06,2500.0,Put,0.0,0.0,5.05,60.0,486.0,0.03846636005256242,2669.159912109375,0.23005902978931697,0.0
^RUT,2026-02-06,2505.0,Call,0.0,0.0,170.95,7.0,37.0,0.03846636005256242,2669.159912109375,0.23005902978931697,0.0
^RUT,2026-02-06,2505.0,Put,0.0,0.0,5.42,6.0,34.0,0.03846636005256242,2669.159912109375,0.23005902978931697,0.0
^RUT,2026-02-06,2510.0,Call,0.0,0.0,80.81,5.0,20.0,0.03846636005256242,2669.159912109375,0.23005902978931697,0.0
^RUT,2026-02-06,2510.0,Put,0.0,0.0,5.77,5.0,188.0,0.03846636005256242,2669.159912109375,0.23005902978931697,0.0
^RUT,2026-02-06,2515.0,Call,0.0,0.0,131.5,4.0,7.0,0.03846636005256242,2669.159912109375,0.23005902978931697,0.0
^RUT,2026-02-06,2515.0,Put,0.0,0.0,5.66,4.0,67.0,0.03846636005256242,2669.159912109375,0.23005902978931697,0.0
^RUT,2026-02-06,2520.0,Call,0.0,0.0,215.75,20.0,27.0,0.03846636005256242,2669.159912109375,0.23005902978931697,0.0
^RUT,2026-02-06,2520.0,Put,0.0,0.0,5.76,8.0,385.0,0.03846636005256242,2669.159912109375,0.23005902978931697,0.0
^RUT,2026-02-06,2525.0,Call,0.0,0.0,125.92,,2.0,0.03846636005256242,2669.159912109375,0.23005902978931697,0.0
^RUT,2026-02-06,2525.0,Put,0.0,0.0,7.5,30.0,92.0,0.03846636005256242,2669.159912109375,0.23005902978931697,0.0
^RUT,2026-02-06,2530.0,Call,0.0,0.0,154.93,5.0,8.0,0.03846636005256242,2669.159912109375,0.23005902978931697,0.0
^RUT,2026-02-06,2530.0,Put,0.0,0.0,7.99,44.0,203.0,0.03846636005256242,2669.159912109375,0.23005902978931697,0.0
^RUT,2026-02-06,2535.0,Call,0.0,0.0,159.8,1.0,0.0,0.03846636005256242,2669.159912109375,0.23005902978931697,0.0
^RUT,2026-02-06,2535.0,Put,0.0,0.0,8.42,48.0,208.0,0.03846636005256242,2669.159912109375,0.23005902978931697,0.0
^RUT,2026-02-06,2540.0,Call,0.0,0.0,155.29,1.0,37.0,0.03846636005256242,2669.159912109375,0.23005902978931697,0.0
^RUT,2026-02-06,2540.0,Put,0.0,0.0,8.64,17.0,120.0,0.03846636005256242,2669.159912109375,0.23005902978931697,0.0
^RUT,2026-02-06,2545.0,Call,0.0,0.0,55.92,2.0,13.0,0.03846636005256242,2669.159912109375,0.23005902978931697,0.0
^RUT,2026-02-06,2545.0,Put,0.0,0.0,9.46,5.0,41.0,0.03846636005256242,2669.159912109375,0.23005902978931697,0.0
^RUT,2026-02-06,2550.0,Call,0.0,0.0,183.07,1.0,12.0,0.03846636005256242,2669.159912109375,0.23005902978931697,0.0
^RUT,2026-02-06,2550.0,Put,0.0,0.0,9.37,54.0,380.0,0.03846636005256242,2669.159912109375,0.23005902978931697,0.0
^RUT,2026-02-06,2555.0,Call,0.0,0.0,182.63,20.0,20.0,0.03846636005256242,2669.159912109375,0.23005902978931697,0.0
^RUT,2026-02-06,2555.0,Put,0.0,0.0,9.85,30.0,82.0,0.03846636005256242,2669.159912109375,0.23005902978931697,0.0
^RUT,2026-02-06,2560.0,Call,0.0,0.0,90.33,1.0,5.0,0.03846636005256242,2669.159912109375,0.23005902978931697,0.0
^RUT,2026-02-06,2560.0,Put,0.0,0.0,10.5,35.0,252.0,0.03846636005256242,2669.159912109375,0.23005902978931697,0.0
^RUT,2026-02-06,2565.0,Call,0.0,0.0,121.27,1.0,2.0,0.03846636005256242,2669.159912109375,0.23005902978931697,0.0
^RUT,2026-02-06,2565.0,Put,0.0,0.0,11.2,6.0,151.0,0.03846636005256242,2669.159912109375,0.23005902978931697,0.0
^RUT,2026-02-06,2570.0,Call,0.0,0.0,111.74,12.0,63.0,0.03846636005256242,2669.159912109375,0.23005902978931697,0.0
^RUT,2026-02-06,2570.0,Put,0.0,0.0,11.98,55.0,387.0,0.03846636005256242,2669.159912109375,0.23005902978931697,0.0
^RUT,2026-02-06,2575.0,Call,0.0,0.0,113.08,2.0,46.0,0.03846636005256242,2669.159912109375,0.23005902978931697,0.0
^RUT,2026-02-06,2575.0,Put,0.0,0.0,12.75,102.0,207.0,0.03846636005256242,2669.159912109375,0.23005902978931697,0.0
^RUT,2026-02-06,2580.0,Call,0.0,0.0,105.97,2.0,40.0,0.03846636005256242,2669.159912109375,0.23005902978931697,0.0
^RUT,2026-02-06,2580.0,Put,0.0,0.0,13.12,107.0,430.0,0.03846636005256242,2669.159912109375,0.23005902978931697,0.0
^RUT,2026-02-06,2585.0,Call,0.0,0.0,93.52,2.0,16.0,0.03846636005256242,2669.159912109375,0.23005902978931697,0.0
^RUT,2026-02-06,2585.0,Put,0.0,0.0,15.1,92.0,328.0,0.03846636005256242,2669.159912109375,0.23005902978931697,0.0
^RUT,2026-02-06,2590.0,Call,0.0,0.0,107.37,6.0,34.0,0.03846636005256242,2669.159912109375,0.23005902978931697,0.0
^RUT,2026-02-06,2590.0,Put,0.0,0.0,17.65,130.0,4818.0,0.03846636005256242,2669.159912109375,0.23005902978931697,0.0
^RUT,2026-02-06,2595.0,Call,0.0,0.0,119.65,5.0,17.0,0.03846636005256242,2669.159912109375,0.23005902978931697,0.0
^RUT,2026-02-06,2595.0,Put,0.0,0.0,18.86,11.0,214.0,0.03846636005256242,2669.159912109375,0.23005902978931697,0.0
^RUT,2026-02-06,2600.0,Call,0.0,0.0,91.53,6.0,28.0,0.03846636005256242,2669.159912109375,0.23005902978931697,0.0
^RUT,2026-02-06,2600.0,Put,0.0,0.0,20.0,118.0,4904.0,0.03846636005256242,2669.159912109375,0.23005902978931697,0.0
^RUT,2026-02-06,2605.0,Call,0.0,0.0,102.25,3.0,7.0,0.03846636005256242,2669.159912109375,0.23005902978931697,0.0
^RUT,2026-02-06,2605.0,Put,0.0,0.0,18.6,9.0,58.0,0.03846636005256242,2669.159912109375,0.23005902978931697,0.0
^RUT,2026-02-06,2610.0,Call,0.0,0.0,108.76,2.0,32.0,0.03846636005256242,2669.159912109375,0.23005902978931697,0.0
^RUT,2026-02-06,2610.0,Put,0.0,0.0,20.18,46.0,223.0,0.03846636005256242,2669.159912109375,0.23005902978931697,0.0
^RUT,2026-02-06,2615.0,Call,0.0,0.0,77.52,1.0,23.0,0.03846636005256242,2669.159912109375,0.23005902978931697,0.0
^RUT,2026-02-06,2615.0,Put,0.0,0.0,16.5,11.0,28.0,0.03846636005256242,2669.159912109375,0.23005902978931697,0.0
^RUT,2026-02-06,2620.0,Call,0.0,0.0,96.15,2.0,88.0,0.03846636005256242,2669.159912109375,0.23005902978931697,0.0
^RUT,2026-02-06,2620.0,Put,0.0,0.0,23.22,13.0,257.0,0.03846636005256242,2669.159912109375,0.23005902978931697,0.0
^RUT,2026-02-06,2625.0,Call,0.0,0.0,86.29,1.0,56.0,0.03846636005256242,2669.159912109375,0.23005902978931697,0.0
^RUT,2026-02-06,2625.0,Put,0.0,0.0,26.39,3.0,23.0,0.03846636005256242,2669.159912109375,0.23005902978931697,0.0
^RUT,2026-02-06,2630.0,Call,0.0,0.0,68.19,3.0,55.0,0.03846636005256242,2669.159912109375,0.23005902978931697,0.0
^RUT,2026-02-06,2630.0,Put,0.0,0.0,28.54,10.0,229.0,0.03846636005256242,2669.159912109375,0.23005902978931697,0.0
^RUT,2026-02-06,2635.0,Call,0.0,0.0,65.26,2.0,12.0,0.03846636005256242,2669.159912109375,0.23005902978931697,0.0
^RUT,2026-02-06,2635.0,Put,0.0,0.0,30.21,38.0,103.0,0.03846636005256242,2669.159912109375,0.23005902978931697,0.0
^RUT,2026-02-06,2640.0,Call,0.0,0.0,62.57,5.0,28.0,0.03846636005256242,2669.159912109375,0.23005902978931697,0.0
^RUT,2026-02-06,2640.0,Put,0.0,0.0,28.94,16.0,97.0,0.03846636005256242,2669.159912109375,0.23005902978931697,0.0
^RUT,2026-02-06,2645.0,Call,0.0,0.0,66.03,11.0,25.0,0.03846636005256242,2669.159912109375,0.23005902978931697,0.0
^RUT,2026-02-06,2645.0,Put,0.0,0.0,30.95,10.0,70.0,0.03846636005256242,2669.159912109375,0.23005902978931697,0.0
^RUT,2026-02-06,2650.0,Call,0.0,0.0,54.45,16.0,69.0,0.03846636005256242,2669.159912109375,0.23005902978931697,0.0
^RUT,2026-02-06,2650.0,Put,0.0,0.0,34.69,270.0,572.0,0.03846636005256242,2669.159912109375,0.23005902978931697,0.0
^RUT,2026-02-06,2655.0,Call,0.0,0.0,53.01,4.0,10.0,0.03846636005256242,2669.159912109375,0.23005902978931697,0.0
^RUT,2026-02-06,2655.0,Put,0.0,0.0,35.8,24.0,59.0,0.03846636005256242,2669.159912109375,0.23005902978931697,0.0
^RUT,2026-02-06,2660.0,Call,0.0,0.0,50.07,40.0,64.0,0.03846636005256242,2669.159912109375,0.23005902978931697,0.0
^RUT,2026-02-06,2660.0,Put,0.0,0.0,35.47,9.0,114.0,0.03846636005256242,2669.159912109375,0.23005902978931697,0.0
^RUT,2026-02-06,2665.0,Call,0.0,0.0,47.05,18.0,20.0,0.03846636005256242,2669.159912109375,0.23005902978931697,0.0
^RUT,2026-02-06,2665.0,Put,0.0,0.0,41.82,18.0,41.0,0.03846636005256242,2669.159912109375,0.23005902978931697,0.0
^RUT,2026-02-06,2670.0,Call,0.0,0.0,41.53,27.0,59.0,0.03846636005256242,2669.159912109375,0.23005902978931697,0.0
^RUT,2026-02-06,2670.0,Put,0.0,0.0,44.09,378.0,271.0,0.03846636005256242,2669.159912109375,0.23005902978931697,0.0
^RUT,2026-02-06,2675.0,Call,0.0,0.0,52.12,1.0,18.0,0.03846636005256242,2669.159912109375,0.23005902978931697,0.0
^RUT,2026-02-06,2675.0,Put,0.0,0.0,41.84,22.0,78.0,0.03846636005256242,2669.159912109375,0.23005902978931697,0.0
^RUT,2026-02-06,2680.0,Call,0.0,0.0,38.45,5.0,81.0,0.03846636005256242,2669.159912109375,0.23005902978931697,0.0
^RUT,2026-02-06,2680.0,Put,0.0,0.0,46.07,18.0,41.0,0.03846636005256242,2669.159912109375,0.23005902978931697,0.0
^RUT,2026-02-06,2685.0,Call,0.0,0.0,34.74,37.0,44.0,0.03846636005256242,2669.159912109375,0.23005902978931697,0.0
^RUT,2026-02-06,2685.0,Put,0.0,0.0,51.69,35.0,145.0,0.03846636005256242,2669.159912109375,0.23005902978931697,0.0
^RUT,2026-02-06,2690.0,Call,0.0,0.0,32.38,65.0,81.0,0.03846636005256242,2669.159912109375,0.23005902978931697,0.0
^RUT,2026-02-06,2690.0,Put,0.0,0.0,54.42,109.0,89.0,0.03846636005256242,2669.159912109375,0.23005902978931697,0.0
^RUT,2026-02-06,2695.0,Call,0.0,0.0,29.56,12.0,27.0,0.03846636005256242,2669.159912109375,0.23005902978931697,0.0
^RUT,2026-02-06,2695.0,Put,0.0,0.0,54.68,50.0,49.0,0.03846636005256242,2669.159912109375,0.23005902978931697,0.0
^RUT,2026-02-06,2700.0,Call,0.0,0.0,27.66,20.0,222.0,0.03846636005256242,2669.159912109375,0.23005902978931697,0.0
^RUT,2026-02-06,2700.0,Put,0.0,0.0,54.71,263.0,369.0,0.03846636005256242,2669.159912109375,0.23005902978931697,0.0
^RUT,2026-02-06,2705.0,Call,0.0,0.0,32.45,9.0,16.0,0.03846636005256242,2669.159912109375,0.23005902978931697,0.0
^RUT,2026-02-06,2705.0,Put,0.0,0.0,46.44,3.0,29.0,0.03846636005256242,2669.159912109375,0.23005902978931697,0.0
^RUT,2026-02-06,2710.0,Call,0.0,0.0,22.66,19.0,323.0,0.03846636005256242,2669.159912109375,0.23005902978931697,0.0
^RUT,2026-02-06,2710.0,Put,0.0,0.0,61.57,13.0,44.0,0.03846636005256242,2669.159912109375,0.23005902978931697,0.0
^RUT,2026-02-06,2715.0,Call,0.0,0.0,21.77,34.0,93.0,0.03846636005256242,2669.159912109375,0.23005902978931697,0.0
^RUT,2026-02-06,2715.0,Put,0.0,0.0,65.09,12.0,16.0,0.03846636005256242,2669.159912109375,0.23005902978931697,0.0
^RUT,2026-02-06,2720.0,Call,0.0,0.0,19.71,37.0,124.0,0.03846636005256242,2669.159912109375,0.23005902978931697,0.0
^RUT,2026-02-06,2720.0,Put,0.0,0.0,66.32,18.0,48.0,0.03846636005256242,2669.159912109375,0.23005902978931697,0.0
^RUT,2026-02-06,2725.0,Call,0.0,0.0,23.49,43.0,70.0,0.03846636005256242,2669.159912109375,0.23005902978931697,0.0
^RUT,2026-02-06,2725.0,Put,0.0,0.0,56.05,21.0,38.0,0.03846636005256242,2669.159912109375,0.23005902978931697,0.0
^RUT,2026-02-06,2730.0,Call,0.0,0.0,18.08,72.0,224.0,0.03846636005256242,2669.159912109375,0.23005902978931697,0.0
^RUT,2026-02-06,2730.0,Put,0.0,0.0,74.5,11.0,28.0,0.03846636005256242,2669.159912109375,0.23005902978931697,0.0
^RUT,2026-02-06,2735.0,Call,0.0,0.0,16.04,7.0,128.0,0.03846636005256242,2669.159912109375,0.23005902978931697,0.0
^RUT,2026-02-06,2735.0,Put,0.0,0.0,61.93,6.0,11.0,0.03846636005256242,2669.159912109375,0.23005902978931697,0.0
^RUT,2026-02-06,2740.0,Call,0.0,0.0,14.08,77.0,258.0,0.03846636005256242,2669.159912109375,0.23005902978931697,0.0
^RUT,2026-02-06,2740.0,Put,0.0,0.0,44.94,18.0,20.0,0.03846636005256242,2669.159912109375,0.23005902978931697,0.0
^RUT,2026-02-06,2745.0,Call,0.0,0.0,13.2,3.0,45.0,0.03846636005256242,2669.159912109375,0.23005902978931697,0.0
^RUT,2026-02-06,2745.0,Put,0.0,0.0,85.88,2.0,12.0,0.03846636005256242,2669.159912109375,0.23005902978931697,0.0
^RUT,2026-02-06,2750.0,Call,0.0,0.0,12.23,15.0,142.0,0.03846636005256242,2669.159912109375,0.23005902978931697,0.0
^RUT,2026-02-06,2750.0,Put,0.0,0.0,88.21,20.0,108.0,0.03846636005256242,2669.159912109375,0.23005902978931697,0.0
^RUT,2026-02-06,2755.0,Call,0.0,0.0,10.96,2.0,118.0,0.03846636005256242,2669.159912109375,0.23005902978931697,0.0
^RUT,2026-02-06,2755.0,Put,0.0,0.0,93.81,1.0,5.0,0.03846636005256242,2669.159912109375,0.23005902978931697,0.0
^RUT,2026-02-06,2760.0,Call,0.0,0.0,9.7,197.0,3871.0,0.03846636005256242,2669.159912109375,0.23005902978931697,0.0
^RUT,2026-02-06,2760.0,Put,0.0,0.0,56.1,18.0,17.0,0.03846636005256242,2669.159912109375,0.23005902978931697,0.0
^RUT,2026-02-06,2765.0,Call,0.0,0.0,9.17,15.0,121.0,0.03846636005256242,2669.159912109375,0.23005902978931697,0.0
^RUT,2026-02-06,2765.0,Put,0.0,0.0,66.29,,6.0,0.03846636005256242,2669.159912109375,0.23005902978931697,0.0
^RUT,2026-02-06,2770.0,Call,0.0,0.0,8.1,103.0,3786.0,0.03846636005256242,2669.159912109375,0.23005902978931697,0.0
^RUT,2026-02-06,2770.0,Put,0.0,0.0,81.18,7.0,43.0,0.03846636005256242,2669.159912109375,0.23005902978931697,0.0
^RUT,2026-02-06,2775.0,Call,0.0,0.0,7.76,10.0,141.0,0.03846636005256242,2669.159912109375,0.23005902978931697,0.0
^RUT,2026-02-06,2780.0,Call,0.0,0.0,5.86,19.0,173.0,0.03846636005256242,2669.159912109375,0.23005902978931697,0.0
^RUT,2026-02-06,2780.0,Put,0.0,0.0,72.56,,1.0,0.03846636005256242,2669.159912109375,0.23005902978931697,0.0
^RUT,2026-02-06,2785.0,Call,0.0,0.0,6.02,12.0,368.0,0.03846636005256242,2669.159912109375,0.23005902978931697,0.0
^RUT,2026-02-06,2785.0,Put,0.0,0.0,77.68,,1.0,0.03846636005256242,2669.159912109375,0.23005902978931697,0.0
^RUT,2026-02-06,2790.0,Call,0.0,0.0,5.6,11.0,86.0,0.03846636005256242,2669.159912109375,0.23005902978931697,0.0
^RUT,2026-02-06,2790.0,Put,0.0,0.0,126.44,1.0,1.0,0.03846636005256242,2669.159912109375,0.23005902978931697,0.0
^RUT,2026-02-06,2795.0,Call,0.0,0.0,4.84,28.0,392.0,0.03846636005256242,2669.159912109375,0.23005902978931697,0.0
^RUT,2026-02-06,2795.0,Put,0.0,0.0,115.75,5.0,6.0,0.03846636005256242,2669.159912109375,0.23005902978931697,0.0
^RUT,2026-02-06,2800.0,Call,0.0,0.0,3.91,35.0,233.0,0.03846636005256242,2669.159912109375,0.23005902978931697,0.0
^RUT,2026-02-06,2800.0,Put,0.0,0.0,132.83,6.0,7.0,0.03846636005256242,2669.159912109375,0.23005902978931697,0.0
^RUT,2026-02-06,2805.0,Call,0.0,0.0,3.97,19.0,46.0,0.03846636005256242,2669.159912109375,0.23005902978931697,0.0
^RUT,2026-02-06,2810.0,Call,0.0,0.0,3.65,71.0,160.0,0.03846636005256242,2669.159912109375,0.23005902978931697,0.0
^RUT,2026-02-06,2810.0,Put,0.0,0.0,142.14,4.0,9.0,0.03846636005256242,2669.159912109375,0.23005902978931697,0.0
^RUT,2026-02-06,2815.0,Call,0.0,0.0,2.98,32.0,69.0,0.03846636005256242,2669.159912109375,0.23005902978931697,0.0
^RUT,2026-02-06,2815.0,Put,0.0,0.0,97.27,,10.0,0.03846636005256242,2669.159912109375,0.23005902978931697,0.0
^RUT,2026-02-06,2820.0,Call,0.0,0.0,2.97,2.0,220.0,0.03846636005256242,2669.159912109375,0.23005902978931697,0.0
^RUT,2026-02-06,2820.0,Put,0.0,0.0,139.56,2.0,2.0,0.03846636005256242,2669.159912109375,0.23005902978931697,0.0
^RUT,2026-02-06,2825.0,Call,0.0,0.0,12.05,3.0,282.0,0.03846636005256242,2669.159912109375,0.23005902978931697,0.0
^RUT,2026-02-06,2825.0,Put,0.0,0.0,144.29,2.0,2.0,0.03846636005256242,2669.159912109375,0.23005902978931697,0.0
^RUT,2026-02-06,2830.0,Call,0.0,0.0,2.18,12.0,571.0,0.03846636005256242,2669.159912109375,0.23005902978931697,0.0
^RUT,2026-02-06,2835.0,Call,0.0,0.0,3.6,4.0,37.0,0.03846636005256242,2669.159912109375,0.23005902978931697,0.0
^RUT,2026-02-06,2840.0,Call,0.0,0.0,3.3,8.0,38.0,0.03846636005256242,2669.159912109375,0.23005902978931697,0.0
^RUT,2026-02-06,2845.0,Call,0.0,0.0,3.0,13.0,18.0,0.03846636005256242,2669.159912109375,0.23005902978931697,0.0
^RUT,2026-02-06,2850.0,Call,0.0,0.0,1.54,4.0,50.0,0.03846636005256242,2669.159912109375,0.23005902978931697,0.0
^RUT,2026-02-06,2855.0,Call,0.0,0.0,1.55,11.0,55.0,0.03846636005256242,2669.159912109375,0.23005902978931697,0.0
^RUT,2026-02-06,2860.0,Call,0.0,0.0,1.58,6.0,8.0,0.03846636005256242,2669.159912109375,0.23005902978931697,0.0
^RUT,2026-02-06,2865.0,Call,0.0,0.0,5.35,3.0,14.0,0.03846636005256242,2669.159912109375,0.23005902978931697,0.0
^RUT,2026-02-06,2870.0,Call,0.0,0.0,1.09,3.0,60.0,0.03846636005256242,2669.159912109375,0.23005902978931697,0.0
^RUT,2026-02-06,2880.0,Call,0.0,0.0,4.52,5.0,56.0,0.03846636005256242,2669.159912109375,0.23005902978931697,0.0
^RUT,2026-02-06,2885.0,Call,0.0,0.0,2.96,9.0,37.0,0.03846636005256242,2669.159912109375,0.23005902978931697,0.0
^RUT,2026-02-06,2890.0,Call,0.0,0.0,1.05,1.0,37.0,0.03846636005256242,2669.159912109375,0.23005902978931697,0.0
^RUT,2026-02-06,2895.0,Call,0.0,0.0,2.45,21.0,36.0,0.03846636005256242,2669.159912109375,0.23005902978931697,0.0
^RUT,2026-02-06,2900.0,Call,0.0,0.0,0.85,1.0,31.0,0.03846636005256242,2669.159912109375,0.23005902978931697,0.0
^RUT,2026-02-06,2905.0,Call,0.0,0.0,2.0,,18.0,0.03846636005256242,2669.159912109375,0.23005902978931697,0.0
^RUT,2026-02-06,2910.0,Call,0.0,0.0,2.45,,1.0,0.03846636005256242,2669.159912109375,0.23005902978931697,0.0
^RUT,2026-02-06,2915.0,Call,0.0,0.0,1.07,35.0,19.0,0.03846636005256242,2669.159912109375,0.23005902978931697,0.0
^RUT,2026-02-06,2925.0,Call,0.0,0.0,1.38,,4.0,0.03846636005256242,2669.159912109375,0.23005902978931697,0.0
^RUT,2026-02-06,2930.0,Call,0.0,0.0,0.79,1.0,1.0,0.03846636005256242,2669.159912109375,0.23005902978931697,0.0
^RUT,2026-02-06,2950.0,Call,0.0,0.0,0.45,4.0,4.0,0.03846636005256242,2669.159912109375,0.23005902978931697,0.0
^RUT,2026-02-06,2990.0,Put,0.0,0.0,309.5,,1.0,0.03846636005256242,2669.159912109375,0.23005902978931697,0.0
^RUT,2026-02-06,3000.0,Call,0.0,0.0,0.4,2.0,5.0,0.03846636005256242,2669.159912109375,0.23005902978931697,0.0
^RUT,2026-02-06,3030.0,Call,0.0,0.0,0.27,1.0,2.0,0.03846636005256242,2669.159912109375,0.23005902978931697,0.0
^RUT,2026-02-06,3035.0,Call,0.0,0.0,0.3,1.0,2.0,0.03846636005256242,2669.159912109375,0.23005902978931697,0.0
^RUT,2026-02-09,2450.0,Call,0.0,0.0,249.05,1.0,1.0,0.03834809461235217,2669.159912109375,0.23005902978931697,0.0
^RUT,2026-02-09,2480.0,Put,0.0,0.0,3.54,10.0,10.0,0.03834809461235217,2669.159912109375,0.23005902978931697,0.0
^RUT,2026-02-09,2490.0,Call,0.0,0.0,193.8,1.0,1.0,0.03834809461235217,2669.159912109375,0.23005902978931697,0.0
^RUT,2026-02-09,2490.0,Put,0.0,0.0,3.94,20.0,10.0,0.03834809461235217,2669.159912109375,0.23005902978931697,0.0
^RUT,2026-02-09,2500.0,Put,0.0,0.0,4.3,12.0,12.0,0.03834809461235217,2669.159912109375,0.23005902978931697,0.0
^RUT,2026-02-09,2530.0,Put,0.0,0.0,7.95,3.0,3.0,0.03834809461235217,2669.159912109375,0.23005902978931697,0.0
^RUT,2026-02-09,2535.0,Put,0.0,0.0,7.17,2.0,2.0,0.03834809461235217,2669.159912109375,0.23005902978931697,0.0
^RUT,2026-02-09,2540.0,Call,0.0,0.0,147.76,1.0,1.0,0.03834809461235217,2669.159912109375,0.23005902978931697,0.0
^RUT,2026-02-09,2540.0,Put,0.0,0.0,9.22,2.0,2.0,0.03834809461235217,2669.159912109375,0.23005902978931697,0.0
^RUT,2026-02-09,2550.0,Put,0.0,0.0,10.46,3.0,3.0,0.03834809461235217,2669.159912109375,0.23005902978931697,0.0
^RUT,2026-02-09,2565.0,Put,0.0,0.0,9.58,9.0,9.0,0.03834809461235217,2669.159912109375,0.23005902978931697,0.0
^RUT,2026-02-09,2575.0,Put,0.0,0.0,11.65,8.0,8.0,0.03834809461235217,2669.159912109375,0.23005902978931697,0.0
^RUT,2026-02-09,2580.0,Call,0.0,0.0,119.6,1.0,1.0,0.03834809461235217,2669.159912109375,0.23005902978931697,0.0
^RUT,2026-02-09,2580.0,Put,0.0,0.0,12.78,1.0,1.0,0.03834809461235217,2669.159912109375,0.23005902978931697,0.0
^RUT,2026-02-09,2590.0,Put,0.0,0.0,17.35,5.0,5.0,0.03834809461235217,2669.159912109375,0.23005902978931697,0.0
^RUT,2026-02-09,2610.0,Put,0.0,0.0,15.7,1.0,1.0,0.03834809461235217,2669.159912109375,0.23005902978931697,0.0
^RUT,2026-02-09,2625.0,Put,0.0,0.0,26.38,8.0,8.0,0.03834809461235217,2669.159912109375,0.23005902978931697,0.0
^RUT,2026-02-09,2630.0,Put,0.0,0.0,27.47,3.0,3.0,0.03834809461235217,2669.159912109375,0.23005902978931697,0.0
^RUT,2026-02-09,2635.0,Put,0.0,0.0,22.52,2.0,2.0,0.03834809461235217,2669.159912109375,0.23005902978931697,0.0
^RUT,2026-02-09,2650.0,Put,0.0,0.0,32.82,31.0,30.0,0.03834809461235217,2669.159912109375,0.23005902978931697,0.0
^RUT,2026-02-09,2655.0,Put,0.0,0.0,28.28,2.0,2.0,0.03834809461235217,2669.159912109375,0.23005902978931697,0.0
^RUT,2026-02-09,2660.0,Call,0.0,0.0,58.91,2.0,2.0,0.03834809461235217,2669.159912109375,0.23005902978931697,0.0
^RUT,2026-02-09,2670.0,Call,0.0,0.0,48.8,1.0,1.0,0.03834809461235217,2669.159912109375,0.23005902978931697,0.0
^RUT,2026-02-09,2680.0,Call,0.0,0.0,43.06,30.0,30.0,0.03834809461235217,2669.159912109375,0.23005902978931697,0.0
^RUT,2026-02-09,2720.0,Call,0.0,0.0,26.81,1.0,1.0,0.03834809461235217,2669.159912109375,0.23005902978931697,0.0
^RUT,2026-02-09,2740.0,Call,0.0,0.0,20.88,30.0,30.0,0.03834809461235217,2669.159912109375,0.23005902978931697,0.0
^RUT,2026-02-09,2745.0,Call,0.0,0.0,18.33,1.0,1.0,0.03834809461235217,2669.159912109375,0.23005902978931697,0.0
^RUT,2026-02-09,2770.0,Call,0.0,0.0,11.75,1.0,1.0,0.03834809461235217,2669.159912109375,0.23005902978931697,0.0
^RUT,2026-02-09,2780.0,Call,0.0,0.0,7.52,1.0,1.0,0.03834809461235217,2669.159912109375,0.23005902978931697,0.0
^RUT,2026-02-09,2790.0,Call,0.0,0.0,6.21,1.0,1.0,0.03834809461235217,2669.159912109375,0.23005902978931697,0.0
^RUT,2026-02-09,2835.0,Call,0.0,0.0,2.74,8.0,8.0,0.03834809461235217,2669.159912109375,0.23005902978931697,0.0
^RUT,2026-02-09,2850.0,Call,0.0,0.0,3.1,50.0,50.0,0.03834809461235217,2669.159912109375,0.23005902978931697,0.0
^RUT,2026-02-13,1900.0,Put,0.0,0.0,0.45,20.0,20.0,0.0381904073587385,2669.159912109375,0.23005902978931697,0.0
^RUT,2026-02-13,1935.0,Put,0.0,0.0,0.4,,1.0,0.0381904073587385,2669.159912109375,0.23005902978931697,0.0
^RUT,2026-02-13,1950.0,Put,0.0,0.0,1.23,,1.0,0.0381904073587385,2669.159912109375,0.23005902978931697,0.0
^RUT,2026-02-13,1965.0,Put,0.0,0.0,0.86,,6.0,0.0381904073587385,2669.159912109375,0.23005902978931697,0.0
^RUT,2026-02-13,2095.0,Put,0.0,0.0,0.83,,1.0,0.0381904073587385,2669.159912109375,0.23005902978931697,0.0
^RUT,2026-02-13,2100.0,Put,0.0,0.0,3.47,1.0,1.0,0.0381904073587385,2669.159912109375,0.23005902978931697,0.0
^RUT,2026-02-13,2115.0,Put,0.0,0.0,0.85,17.0,20.0,0.0381904073587385,2669.159912109375,0.23005902978931697,0.0
^RUT,2026-02-13,2120.0,Put,0.0,0.0,0.78,1.0,1.0,0.0381904073587385,2669.159912109375,0.23005902978931697,0.0
^RUT,2026-02-13,2125.0,Put,0.0,0.0,0.67,1.0,5.0,0.0381904073587385,2669.159912109375,0.23005902978931697,0.0
^RUT,2026-02-13,2135.0,Put,0.0,0.0,1.79,1.0,1.0,0.0381904073587385,2669.159912109375,0.23005902978931697,0.0
^RUT,2026-02-13,2145.0,Put,0.0,0.0,2.15,,1.0,0.0381904073587385,2669.159912109375,0.23005902978931697,0.0
^RUT,2026-02-13,2155.0,Put,0.0,0.0,1.05,,7.0,0.0381904073587385,2669.159912109375,0.23005902978931697,0.0
^RUT,2026-02-13,2170.0,Put,0.0,0.0,3.5,,3.0,0.0381904073587385,2669.159912109375,0.23005902978931697,0.0
^RUT,2026-02-13,2180.0,Put,0.0,0.0,1.05,,5.0,0.0381904073587385,2669.159912109375,0.23005902978931697,0.0
^RUT,2026-02-13,2185.0,Put,0.0,0.0,1.25,2.0,2.0,0.0381904073587385,2669.159912109375,0.23005902978931697,0.0
^RUT,2026-02-13,2190.0,Put,0.0,0.0,2.5,,6.0,0.0381904073587385,2669.159912109375,0.23005902978931697,0.0
^RUT,2026-02-13,2195.0,Put,0.0,0.0,2.23,,2.0,0.0381904073587385,2669.159912109375,0.23005902978931697,0.0
^RUT,2026-02-13,2200.0,Put,0.0,0.0,1.15,10.0,11.0,0.0381904073587385,2669.159912109375,0.23005902978931697,0.0
^RUT,2026-02-13,2205.0,Put,0.0,0.0,2.7,,1.0,0.0381904073587385,2669.159912109375,0.23005902978931697,0.0
^RUT,2026-02-13,2210.0,Put,0.0,0.0,1.41,1.0,1.0,0.0381904073587385,2669.159912109375,0.23005902978931697,0.0
^RUT,2026-02-13,2220.0,Call,0.0,0.0,285.44,4.0,4.0,0.0381904073587385,2669.159912109375,0.23005902978931697,0.0
^RUT,2026-02-13,2220.0,Put,0.0,0.0,1.0,1.0,4.0,0.0381904073587385,2669.159912109375,0.23005902978931697,0.0
^RUT,2026-02-13,2225.0,Put,0.0,0.0,3.7,,1.0,0.0381904073587385,2669.159912109375,0.23005902978931697,0.0
^RUT,2026-02-13,2230.0,Put,0.0,0.0,1.61,,30.0,0.0381904073587385,2669.159912109375,0.23005902978931697,0.0
^RUT,2026-02-13,2235.0,Put,0.0,0.0,2.7,,4.0,0.0381904073587385,2669.159912109375,0.23005902978931697,0.0
^RUT,2026-02-13,2240.0,Put,0.0,0.0,3.05,1.0,17.0,0.0381904073587385,2669.159912109375,0.23005902978931697,0.0
^RUT,2026-02-13,2250.0,Put,0.0,0.0,1.59,5.0,23.0,0.0381904073587385,2669.159912109375,0.23005902978931697,0.0
^RUT,2026-02-13,2255.0,Call,0.0,0.0,360.29,2.0,2.0,0.0381904073587385,2669.159912109375,0.23005902978931697,0.0
^RUT,2026-02-13,2255.0,Put,0.0,0.0,1.22,2.0,7.0,0.0381904073587385,2669.159912109375,0.23005902978931697,0.0
^RUT,2026-02-13,2260.0,Put,0.0,0.0,2.55,1.0,2.0,0.0381904073587385,2669.159912109375,0.23005902978931697,0.0
^RUT,2026-02-13,2270.0,Put,0.0,0.0,1.79,5.0,9.0,0.0381904073587385,2669.159912109375,0.23005902978931697,0.0
^RUT,2026-02-13,2275.0,Put,0.0,0.0,2.02,1.0,4.0,0.0381904073587385,2669.159912109375,0.23005902978931697,0.0
^RUT,2026-02-13,2280.0,Put,0.0,0.0,1.85,1.0,9.0,0.0381904073587385,2669.159912109375,0.23005902978931697,0.0
^RUT,2026-02-13,2285.0,Put,0.0,0.0,6.48,5.0,5.0,0.0381904073587385,2669.159912109375,0.23005902978931697,0.0
^RUT,2026-02-13,2290.0,Put,0.0,0.0,3.55,2.0,15.0,0.0381904073587385,2669.159912109375,0.23005902978931697,0.0
^RUT,2026-02-13,2295.0,Put,0.0,0.0,2.85,6.0,7.0,0.0381904073587385,2669.159912109375,0.23005902978931697,0.0
^RUT,2026-02-13,2300.0,Put,0.0,0.0,1.74,2.0,60.0,0.0381904073587385,2669.159912109375,0.23005902978931697,0.0
^RUT,2026-02-13,2305.0,Put,0.0,0.0,4.8,3.0,8.0,0.0381904073587385,2669.159912109375,0.23005902978931697,0.0
^RUT,2026-02-13,2310.0,Put,0.0,0.0,5.78,10.0,31.0,0.0381904073587385,2669.159912109375,0.23005902978931697,0.0
^RUT,2026-02-13,2315.0,Put,0.0,0.0,2.37,29.0,34.0,0.0381904073587385,2669.159912109375,0.23005902978931697,0.0
^RUT,2026-02-13,2320.0,Put,0.0,0.0,2.0,1.0,158.0,0.0381904073587385,2669.159912109375,0.23005902978931697,0.0
^RUT,2026-02-13,2325.0,Put,0.0,0.0,2.17,4.0,68.0,0.0381904073587385,2669.159912109375,0.23005902978931697,0.0
^RUT,2026-02-13,2330.0,Put,0.0,0.0,2.23,5.0,207.0,0.0381904073587385,2669.159912109375,0.23005902978931697,0.0
^RUT,2026-02-13,2335.0,Put,0.0,0.0,1.97,1.0,115.0,0.0381904073587385,2669.159912109375,0.23005902978931697,0.0
^RUT,2026-02-13,2340.0,Put,0.0,0.0,1.86,1.0,173.0,0.0381904073587385,2669.159912109375,0.23005902978931697,0.0
^RUT,2026-02-13,2345.0,Put,0.0,0.0,6.57,112.0,120.0,0.0381904073587385,2669.159912109375,0.23005902978931697,0.0
^RUT,2026-02-13,2350.0,Put,0.0,0.0,6.6,45.0,111.0,0.0381904073587385,2669.159912109375,0.23005902978931697,0.0
^RUT,2026-02-13,2355.0,Put,0.0,0.0,2.2,1.0,139.0,0.0381904073587385,2669.159912109375,0.23005902978931697,0.0
^RUT,2026-02-13,2360.0,Put,0.0,0.0,4.95,10.0,212.0,0.0381904073587385,2669.159912109375,0.23005902978931697,0.0
^RUT,2026-02-13,2365.0,Put,0.0,0.0,7.35,78.0,70.0,0.0381904073587385,2669.159912109375,0.23005902978931697,0.0
^RUT,2026-02-13,2370.0,Put,0.0,0.0,2.32,2.0,147.0,0.0381904073587385,2669.159912109375,0.23005902978931697,0.0
^RUT,2026-02-13,2375.0,Put,0.0,0.0,3.71,4.0,150.0,0.0381904073587385,2669.159912109375,0.23005902978931697,0.0
^RUT,2026-02-13,2380.0,Put,0.0,0.0,6.2,69.0,159.0,0.0381904073587385,2669.159912109375,0.23005902978931697,0.0
^RUT,2026-02-13,2385.0,Put,0.0,0.0,8.06,117.0,222.0,0.0381904073587385,2669.159912109375,0.23005902978931697,0.0
^RUT,2026-02-13,2390.0,Put,0.0,0.0,2.72,1.0,376.0,0.0381904073587385,2669.159912109375,0.23005902978931697,0.0
^RUT,2026-02-13,2395.0,Put,0.0,0.0,2.57,1.0,165.0,0.0381904073587385,2669.159912109375,0.23005902978931697,0.0
^RUT,2026-02-13,2400.0,Put,0.0,0.0,3.4,1.0,283.0,0.0381904073587385,2669.159912109375,0.23005902978931697,0.0
^RUT,2026-02-13,2405.0,Put,0.0,0.0,3.84,25.0,413.0,0.0381904073587385,2669.159912109375,0.23005902978931697,0.0
^RUT,2026-02-13,2410.0,Put,0.0,0.0,3.75,21.0,485.0,0.0381904073587385,2669.159912109375,0.23005902978931697,0.0
^RUT,2026-02-13,2415.0,Put,0.0,0.0,3.82,35.0,299.0,0.0381904073587385,2669.159912109375,0.23005902978931697,0.0
^RUT,2026-02-13,2420.0,Call,0.0,0.0,117.4,,6.0,0.0381904073587385,2669.159912109375,0.23005902978931697,0.0
^RUT,2026-02-13,2420.0,Put,0.0,0.0,4.05,15.0,464.0,0.0381904073587385,2669.159912109375,0.23005902978931697,0.0
^RUT,2026-02-13,2425.0,Put,0.0,0.0,4.17,15.0,308.0,0.0381904073587385,2669.159912109375,0.23005902978931697,0.0
^RUT,2026-02-13,2430.0,Call,0.0,0.0,110.13,,6.0,0.0381904073587385,2669.159912109375,0.23005902978931697,0.0
^RUT,2026-02-13,2430.0,Put,0.0,0.0,3.65,1.0,67.0,0.0381904073587385,2669.159912109375,0.23005902978931697,0.0
^RUT,2026-02-13,2435.0,Put,0.0,0.0,4.4,26.0,299.0,0.0381904073587385,2669.159912109375,0.23005902978931697,0.0
^RUT,2026-02-13,2440.0,Put,0.0,0.0,4.89,12.0,134.0,0.0381904073587385,2669.159912109375,0.23005902978931697,0.0
^RUT,2026-02-13,2445.0,Put,0.0,0.0,5.07,19.0,303.0,0.0381904073587385,2669.159912109375,0.23005902978931697,0.0
^RUT,2026-02-13,2450.0,Call,0.0,0.0,292.5,,2.0,0.0381904073587385,2669.159912109375,0.23005902978931697,0.0
^RUT,2026-02-13,2450.0,Put,0.0,0.0,5.31,17.0,330.0,0.0381904073587385,2669.159912109375,0.23005902978931697,0.0
^RUT,2026-02-13,2455.0,Put,0.0,0.0,5.95,71.0,98.0,0.0381904073587385,2669.159912109375,0.23005902978931697,0.0
^RUT,2026-02-13,2460.0,Call,0.0,0.0,84.87,2.0,2.0,0.0381904073587385,2669.159912109375,0.23005902978931697,0.0
^RUT,2026-02-13,2460.0,Put,0.0,0.0,6.17,83.0,112.0,0.0381904073587385,2669.159912109375,0.23005902978931697,0.0
^RUT,2026-02-13,2465.0,Put,0.0,0.0,6.18,7.0,112.0,0.0381904073587385,2669.159912109375,0.23005902978931697,0.0
^RUT,2026-02-13,2470.0,Put,0.0,0.0,7.2,26.0,197.0,0.0381904073587385,2669.159912109375,0.23005902978931697,0.0
^RUT,2026-02-13,2475.0,Call,0.0,0.0,70.0,10.0,10.0,0.0381904073587385,2669.159912109375,0.23005902978931697,0.0
^RUT,2026-02-13,2475.0,Put,0.0,0.0,6.18,8.0,151.0,0.0381904073587385,2669.159912109375,0.23005902978931697,0.0
^RUT,2026-02-13,2480.0,Call,0.0,0.0,202.69,,40.0,0.0381904073587385,2669.159912109375,0.23005902978931697,0.0
^RUT,2026-02-13,2480.0,Put,0.0,0.0,7.43,18.0,206.0,0.0381904073587385,2669.159912109375,0.23005902978931697,0.0
^RUT,2026-02-13,2485.0,Put,0.0,0.0,5.62,50.0,66.0,0.0381904073587385,2669.159912109375,0.23005902978931697,0.0
^RUT,2026-02-13,2490.0,Call,0.0,0.0,193.71,40.0,48.0,0.0381904073587385,2669.159912109375,0.23005902978931697,0.0
^RUT,2026-02-13,2490.0,Put,0.0,0.0,8.75,6.0,162.0,0.0381904073587385,2669.159912109375,0.23005902978931697,0.0
^RUT,2026-02-13,2495.0,Put,0.0,0.0,8.5,14.0,54.0,0.0381904073587385,2669.159912109375,0.23005902978931697,0.0
^RUT,2026-02-13,2500.0,Call,0.0,0.0,156.07,14.0,18.0,0.0381904073587385,2669.159912109375,0.23005902978931697,0.0
^RUT,2026-02-13,2500.0,Put,0.0,0.0,9.9,55.0,294.0,0.0381904073587385,2669.159912109375,0.23005902978931697,0.0
^RUT,2026-02-13,2505.0,Call,0.0,0.0,56.3,1.0,1.0,0.0381904073587385,2669.159912109375,0.23005902978931697,0.0
^RUT,2026-02-13,2505.0,Put,0.0,0.0,10.37,3.0,32.0,0.0381904073587385,2669.159912109375,0.23005902978931697,0.0
^RUT,2026-02-13,2510.0,Call,0.0,0.0,55.79,4.0,17.0,0.0381904073587385,2669.159912109375,0.23005902978931697,0.0
^RUT,2026-02-13,2510.0,Put,0.0,0.0,9.92,37.0,61.0,0.0381904073587385,2669.159912109375,0.23005902978931697,0.0
^RUT,2026-02-13,2515.0,Call,0.0,0.0,168.96,4.0,2.0,0.0381904073587385,2669.159912109375,0.23005902978931697,0.0
^RUT,2026-02-13,2515.0,Put,0.0,0.0,11.75,10.0,69.0,0.0381904073587385,2669.159912109375,0.23005902978931697,0.0
^RUT,2026-02-13,2520.0,Call,0.0,0.0,168.34,,11.0,0.0381904073587385,2669.159912109375,0.23005902978931697,0.0
^RUT,2026-02-13,2520.0,Put,0.0,0.0,11.44,31.0,99.0,0.0381904073587385,2669.159912109375,0.23005902978931697,0.0
^RUT,2026-02-13,2525.0,Put,0.0,0.0,13.02,30.0,82.0,0.0381904073587385,2669.159912109375,0.23005902978931697,0.0
^RUT,2026-02-13,2530.0,Call,0.0,0.0,136.3,2.0,3.0,0.0381904073587385,2669.159912109375,0.23005902978931697,0.0
^RUT,2026-02-13,2530.0,Put,0.0,0.0,12.3,70.0,76.0,0.0381904073587385,2669.159912109375,0.23005902978931697,0.0
^RUT,2026-02-13,2535.0,Put,0.0,0.0,13.32,38.0,33.0,0.0381904073587385,2669.159912109375,0.23005902978931697,0.0
^RUT,2026-02-13,2540.0,Call,0.0,0.0,137.23,2.0,7.0,0.0381904073587385,2669.159912109375,0.23005902978931697,0.0
^RUT,2026-02-13,2540.0,Put,0.0,0.0,14.95,155.0,143.0,0.0381904073587385,2669.159912109375,0.23005902978931697,0.0
^RUT,2026-02-13,2545.0,Call,0.0,0.0,44.9,2.0,2.0,0.0381904073587385,2669.159912109375,0.23005902978931697,0.0
^RUT,2026-02-13,2545.0,Put,0.0,0.0,14.95,52.0,58.0,0.0381904073587385,2669.159912109375,0.23005902978931697,0.0
^RUT,2026-02-13,2550.0,Put,0.0,0.0,16.55,204.0,428.0,0.0381904073587385,2669.159912109375,0.23005902978931697,0.0
^RUT,2026-02-13,2555.0,Put,0.0,0.0,17.13,67.0,55.0,0.0381904073587385,2669.159912109375,0.23005902978931697,0.0
^RUT,2026-02-13,2560.0,Call,0.0,0.0,95.75,14.0,25.0,0.0381904073587385,2669.159912109375,0.23005902978931697,0.0
^RUT,2026-02-13,2560.0,Put,0.0,0.0,17.65,111.0,115.0,0.0381904073587385,2669.159912109375,0.23005902978931697,0.0
^RUT,2026-02-13,2565.0,Call,0.0,0.0,127.74,4.0,3.0,0.0381904073587385,2669.159912109375,0.23005902978931697,0.0
^RUT,2026-02-13,2565.0,Put,0.0,0.0,18.07,102.0,144.0,0.0381904073587385,2669.159912109375,0.23005902978931697,0.0
^RUT,2026-02-13,2570.0,Call,0.0,0.0,98.3,9.0,30.0,0.0381904073587385,2669.159912109375,0.23005902978931697,0.0
^RUT,2026-02-13,2570.0,Put,0.0,0.0,19.62,237.0,228.0,0.0381904073587385,2669.159912109375,0.23005902978931697,0.0
^RUT,2026-02-13,2575.0,Call,0.0,0.0,82.13,1.0,11.0,0.0381904073587385,2669.159912109375,0.23005902978931697,0.0
^RUT,2026-02-13,2575.0,Put,0.0,0.0,20.12,106.0,84.0,0.0381904073587385,2669.159912109375,0.23005902978931697,0.0
^RUT,2026-02-13,2580.0,Call,0.0,0.0,89.92,15.0,15.0,0.0381904073587385,2669.159912109375,0.23005902978931697,0.0
^RUT,2026-02-13,2580.0,Put,0.0,0.0,22.62,436.0,324.0,0.0381904073587385,2669.159912109375,0.23005902978931697,0.0
^RUT,2026-02-13,2585.0,Call,0.0,0.0,28.2,10.0,10.0,0.0381904073587385,2669.159912109375,0.23005902978931697,0.0
^RUT,2026-02-13,2585.0,Put,0.0,0.0,21.83,236.0,242.0,0.0381904073587385,2669.159912109375,0.23005902978931697,0.0
^RUT,2026-02-13,2590.0,Call,0.0,0.0,28.5,4.0,4.0,0.0381904073587385,2669.159912109375,0.23005902978931697,0.0
^RUT,2026-02-13,2590.0,Put,0.0,0.0,24.92,539.0,417.0,0.0381904073587385,2669.159912109375,0.23005902978931697,0.0
^RUT,2026-02-13,2595.0,Call,0.0,0.0,120.73,5.0,6.0,0.0381904073587385,2669.159912109375,0.23005902978931697,0.0
^RUT,2026-02-13,2595.0,Put,0.0,0.0,24.7,335.0,291.0,0.0381904073587385,2669.159912109375,0.23005902978931697,0.0
^RUT,2026-02-13,2600.0,Call,0.0,0.0,147.19,5.0,50.0,0.0381904073587385,2669.159912109375,0.23005902978931697,0.0
^RUT,2026-02-13,2600.0,Put,0.0,0.0,27.71,6321.0,6034.0,0.0381904073587385,2669.159912109375,0.23005902978931697,0.0
^RUT,2026-02-13,2605.0,Call,0.0,0.0,112.86,5.0,20.0,0.0381904073587385,2669.159912109375,0.23005902978931697,0.0
^RUT,2026-02-13,2605.0,Put,0.0,0.0,25.82,227.0,163.0,0.0381904073587385,2669.159912109375,0.23005902978931697,0.0
^RUT,2026-02-13,2610.0,Call,0.0,0.0,138.81,5.0,21.0,0.0381904073587385,2669.159912109375,0.23005902978931697,0.0
^RUT,2026-02-13,2610.0,Put,0.0,0.0,30.43,6585.0,6197.0,0.0381904073587385,2669.159912109375,0.23005902978931697,0.0
^RUT,2026-02-13,2615.0,Call,0.0,0.0,96.6,1.0,10.0,0.0381904073587385,2669.159912109375,0.23005902978931697,0.0
^RUT,2026-02-13,2615.0,Put,0.0,0.0,29.32,104.0,91.0,0.0381904073587385,2669.159912109375,0.23005902978931697,0.0
^RUT,2026-02-13,2620.0,Call,0.0,0.0,108.03,21.0,37.0,0.0381904073587385,2669.159912109375,0.23005902978931697,0.0
^RUT,2026-02-13,2620.0,Put,0.0,0.0,32.48,504.0,604.0,0.0381904073587385,2669.159912109375,0.23005902978931697,0.0
^RUT,2026-02-13,2625.0,Call,0.0,0.0,92.58,1.0,35.0,0.0381904073587385,2669.159912109375,0.23005902978931697,0.0
^RUT,2026-02-13,2625.0,Put,0.0,0.0,34.0,71.0,83.0,0.0381904073587385,2669.159912109375,0.23005902978931697,0.0
^RUT,2026-02-13,2630.0,Call,0.0,0.0,73.08,1.0,18.0,0.0381904073587385,2669.159912109375,0.23005902978931697,0.0
^RUT,2026-02-13,2630.0,Put,0.0,0.0,27.2,28.0,76.0,0.0381904073587385,2669.159912109375,0.23005902978931697,0.0
^RUT,2026-02-13,2635.0,Call,0.0,0.0,64.4,,4.0,0.0381904073587385,2669.159912109375,0.23005902978931697,0.0
^RUT,2026-02-13,2635.0,Put,0.0,0.0,34.65,51.0,80.0,0.0381904073587385,2669.159912109375,0.23005902978931697,0.0
^RUT,2026-02-13,2640.0,Call,0.0,0.0,53.8,3.0,32.0,0.0381904073587385,2669.159912109375,0.23005902978931697,0.0
^RUT,2026-02-13,2640.0,Put,0.0,0.0,30.0,7.0,99.0,0.0381904073587385,2669.159912109375,0.23005902978931697,0.0
^RUT,2026-02-13,2645.0,Call,0.0,0.0,114.84,1.0,13.0,0.0381904073587385,2669.159912109375,0.23005902978931697,0.0
^RUT,2026-02-13,2645.0,Put,0.0,0.0,24.19,23.0,34.0,0.0381904073587385,2669.159912109375,0.23005902978931697,0.0
^RUT,2026-02-13,2650.0,Call,0.0,0.0,65.72,14.0,86.0,0.0381904073587385,2669.159912109375,0.23005902978931697,0.0
^RUT,2026-02-13,2650.0,Put,0.0,0.0,40.56,10.0,168.0,0.0381904073587385,2669.159912109375,0.23005902978931697,0.0
^RUT,2026-02-13,2655.0,Call,0.0,0.0,78.72,1.0,10.0,0.0381904073587385,2669.159912109375,0.23005902978931697,0.0
^RUT,2026-02-13,2655.0,Put,0.0,0.0,26.32,56.0,51.0,0.0381904073587385,2669.159912109375,0.23005902978931697,0.0
^RUT,2026-02-13,2660.0,Call,0.0,0.0,59.55,1.0,25.0,0.0381904073587385,2669.159912109375,0.23005902978931697,0.0
^RUT,2026-02-13,2660.0,Put,0.0,0.0,44.0,9.0,239.0,0.0381904073587385,2669.159912109375,0.23005902978931697,0.0
^RUT,2026-02-13,2665.0,Call,0.0,0.0,99.55,1.0,30.0,0.0381904073587385,2669.159912109375,0.23005902978931697,0.0
^RUT,2026-02-13,2665.0,Put,0.0,0.0,28.83,,31.0,0.0381904073587385,2669.159912109375,0.23005902978931697,0.0
^RUT,2026-02-13,2670.0,Call,0.0,0.0,52.72,4.0,36.0,0.0381904073587385,2669.159912109375,0.23005902978931697,0.0
^RUT,2026-02-13,2670.0,Put,0.0,0.0,48.25,47.0,46.0,0.0381904073587385,2669.159912109375,0.23005902978931697,0.0
^RUT,2026-02-13,2675.0,Call,0.0,0.0,84.0,32.0,80.0,0.0381904073587385,2669.159912109375,0.23005902978931697,0.0
^RUT,2026-02-13,2675.0,Put,0.0,0.0,41.32,23.0,82.0,0.0381904073587385,2669.159912109375,0.23005902978931697,0.0
^RUT,2026-02-13,2680.0,Call,0.0,0.0,81.5,4.0,52.0,0.0381904073587385,2669.159912109375,0.23005902978931697,0.0
^RUT,2026-02-13,2680.0,Put,0.0,0.0,52.77,6.0,25.0,0.0381904073587385,2669.159912109375,0.23005902978931697,0.0
^RUT,2026-02-13,2685.0,Call,0.0,0.0,52.0,10.0,26.0,0.0381904073587385,2669.159912109375,0.23005902978931697,0.0
^RUT,2026-02-13,2685.0,Put,0.0,0.0,55.49,35.0,42.0,0.0381904073587385,2669.159912109375,0.23005902978931697,0.0
^RUT,2026-02-13,2690.0,Call,0.0,0.0,42.24,11.0,12.0,0.0381904073587385,2669.159912109375,0.23005902978931697,0.0
^RUT,2026-02-13,2690.0,Put,0.0,0.0,59.19,8.0,3.0,0.0381904073587385,2669.159912109375,0.23005902978931697,0.0
^RUT,2026-02-13,2695.0,Call,0.0,0.0,45.0,1.0,37.0,0.0381904073587385,2669.159912109375,0.23005902978931697,0.0
^RUT,2026-02-13,2695.0,Put,0.0,0.0,51.6,14.0,58.0,0.0381904073587385,2669.159912109375,0.23005902978931697,0.0
^RUT,2026-02-13,2700.0,Call,0.0,0.0,72.49,6.0,91.0,0.0381904073587385,2669.159912109375,0.23005902978931697,0.0
^RUT,2026-02-13,2700.0,Put,0.0,0.0,63.18,9.0,60.0,0.0381904073587385,2669.159912109375,0.23005902978931697,0.0
^RUT,2026-02-13,2705.0,Call,0.0,0.0,36.57,45.0,63.0,0.0381904073587385,2669.159912109375,0.23005902978931697,0.0
^RUT,2026-02-13,2710.0,Call,0.0,0.0,38.57,7.0,24.0,0.0381904073587385,2669.159912109375,0.23005902978931697,0.0
^RUT,2026-02-13,2710.0,Put,0.0,0.0,43.3,30.0,36.0,0.0381904073587385,2669.159912109375,0.23005902978931697,0.0
^RUT,2026-02-13,2715.0,Call,0.0,0.0,32.24,52.0,39.0,0.0381904073587385,2669.159912109375,0.23005902978931697,0.0
^RUT,2026-02-13,2715.0,Put,0.0,0.0,100.0,,1.0,0.0381904073587385,2669.159912109375,0.23005902978931697,0.0
^RUT,2026-02-13,2720.0,Call,0.0,0.0,33.75,3.0,99.0,0.0381904073587385,2669.159912109375,0.23005902978931697,0.0
^RUT,2026-02-13,2720.0,Put,0.0,0.0,73.72,38.0,64.0,0.0381904073587385,2669.159912109375,0.23005902978931697,0.0
^RUT,2026-02-13,2725.0,Call,0.0,0.0,25.59,6.0,57.0,0.0381904073587385,2669.159912109375,0.23005902978931697,0.0
^RUT,2026-02-13,2725.0,Put,0.0,0.0,77.45,3.0,15.0,0.0381904073587385,2669.159912109375,0.23005902978931697,0.0
^RUT,2026-02-13,2730.0,Call,0.0,0.0,23.87,4.0,166.0,0.0381904073587385,2669.159912109375,0.23005902978931697,0.0
^RUT,2026-02-13,2730.0,Put,0.0,0.0,64.05,1.0,11.0,0.0381904073587385,2669.159912109375,0.23005902978931697,0.0
^RUT,2026-02-13,2735.0,Call,0.0,0.0,55.98,11.0,29.0,0.0381904073587385,2669.159912109375,0.23005902978931697,0.0
^RUT,2026-02-13,2740.0,Call,0.0,0.0,22.75,15.0,173.0,0.0381904073587385,2669.159912109375,0.23005902978931697,0.0
^RUT,2026-02-13,2740.0,Put,0.0,0.0,53.4,,8.0,0.0381904073587385,2669.159912109375,0.23005902978931697,0.0
^RUT,2026-02-13,2745.0,Call,0.0,0.0,24.97,1.0,153.0,0.0381904073587385,2669.159912109375,0.23005902978931697,0.0
^RUT,2026-02-13,2745.0,Put,0.0,0.0,59.0,,5.0,0.0381904073587385,2669.159912109375,0.23005902978931697,0.0
^RUT,2026-02-13,2750.0,Call,0.0,0.0,19.75,36.0,323.0,0.0381904073587385,2669.159912109375,0.23005902978931697,0.0
^RUT,2026-02-13,2750.0,Put,0.0,0.0,61.2,,32.0,0.0381904073587385,2669.159912109375,0.23005902978931697,0.0
^RUT,2026-02-13,2755.0,Call,0.0,0.0,17.78,4.0,10.0,0.0381904073587385,2669.159912109375,0.23005902978931697,0.0
^RUT,2026-02-13,2755.0,Put,0.0,0.0,60.9,,6.0,0.0381904073587385,2669.159912109375,0.23005902978931697,0.0
^RUT,2026-02-13,2760.0,Call,0.0,0.0,16.96,6.0,25.0,0.0381904073587385,2669.159912109375,0.23005902978931697,0.0
^RUT,2026-02-13,2765.0,Call,0.0,0.0,16.46,2.0,14.0,0.0381904073587385,2669.159912109375,0.23005902978931697,0.0
^RUT,2026-02-13,2770.0,Call,0.0,0.0,14.71,41.0,104.0,0.0381904073587385,2669.159912109375,0.23005902978931697,0.0
^RUT,2026-02-13,2770.0,Put,0.0,0.0,99.87,10.0,21.0,0.0381904073587385,2669.159912109375,0.23005902978931697,0.0
^RUT,2026-02-13,2775.0,Call,0.0,0.0,12.59,5.0,15.0,0.0381904073587385,2669.159912109375,0.23005902978931697,0.0
^RUT,2026-02-13,2780.0,Call,0.0,0.0,12.65,72.0,160.0,0.0381904073587385,2669.159912109375,0.23005902978931697,0.0
^RUT,2026-02-13,2785.0,Call,0.0,0.0,12.65,7.0,161.0,0.0381904073587385,2669.159912109375,0.23005902978931697,0.0
^RUT,2026-02-13,2785.0,Put,0.0,0.0,146.25,1.0,1.0,0.0381904073587385,2669.159912109375,0.23005902978931697,0.0
^RUT,2026-02-13,2790.0,Call,0.0,0.0,10.75,50.0,288.0,0.0381904073587385,2669.159912109375,0.23005902978931697,0.0
^RUT,2026-02-13,2790.0,Put,0.0,0.0,121.1,,3.0,0.0381904073587385,2669.159912109375,0.23005902978931697,0.0
^RUT,2026-02-13,2795.0,Call,0.0,0.0,9.9,10.0,44.0,0.0381904073587385,2669.159912109375,0.23005902978931697,0.0
^RUT,2026-02-13,2800.0,Call,0.0,0.0,9.64,75.0,73.0,0.0381904073587385,2669.159912109375,0.23005902978931697,0.0
^RUT,2026-02-13,2805.0,Call,0.0,0.0,8.91,25.0,64.0,0.0381904073587385,2669.159912109375,0.23005902978931697,0.0
^RUT,2026-02-13,2810.0,Call,0.0,0.0,7.92,23.0,94.0,0.0381904073587385,2669.159912109375,0.23005902978931697,0.0
^RUT,2026-02-13,2815.0,Call,0.0,0.0,10.38,15.0,32.0,0.0381904073587385,2669.159912109375,0.23005902978931697,0.0
^RUT,2026-02-13,2820.0,Call,0.0,0.0,9.08,1.0,126.0,0.0381904073587385,2669.159912109375,0.23005902978931697,0.0
^RUT,2026-02-13,2825.0,Call,0.0,0.0,8.87,15.0,115.0,0.0381904073587385,2669.159912109375,0.23005902978931697,0.0
^RUT,2026-02-13,2830.0,Call,0.0,0.0,5.35,9.0,77.0,0.0381904073587385,2669.159912109375,0.23005902978931697,0.0
^RUT,2026-02-13,2835.0,Call,0.0,0.0,5.39,20.0,119.0,0.0381904073587385,2669.159912109375,0.23005902978931697,0.0
^RUT,2026-02-13,2840.0,Call,0.0,0.0,4.85,35.0,48.0,0.0381904073587385,2669.159912109375,0.23005902978931697,0.0
^RUT,2026-02-13,2845.0,Call,0.0,0.0,13.8,7.0,24.0,0.0381904073587385,2669.159912109375,0.23005902978931697,0.0
^RUT,2026-02-13,2850.0,Call,0.0,0.0,4.13,20.0,48.0,0.0381904073587385,2669.159912109375,0.23005902978931697,0.0
^RUT,2026-02-13,2855.0,Call,0.0,0.0,5.3,10.0,18.0,0.0381904073587385,2669.159912109375,0.23005902978931697,0.0
^RUT,2026-02-13,2860.0,Call,0.0,0.0,4.0,27.0,61.0,0.0381904073587385,2669.159912109375,0.23005902978931697,0.0
^RUT,2026-02-13,2865.0,Call,0.0,0.0,8.55,1.0,6.0,0.0381904073587385,2669.159912109375,0.23005902978931697,0.0
^RUT,2026-02-13,2870.0,Call,0.0,0.0,4.3,19.0,91.0,0.0381904073587385,2669.159912109375,0.23005902978931697,0.0
^RUT,2026-02-13,2875.0,Call,0.0,0.0,2.52,28.0,69.0,0.0381904073587385,2669.159912109375,0.23005902978931697,0.0
^RUT,2026-02-13,2880.0,Call,0.0,0.0,2.49,2.0,31.0,0.0381904073587385,2669.159912109375,0.23005902978931697,0.0
^RUT,2026-02-13,2885.0,Call,0.0,0.0,2.42,27.0,54.0,0.0381904073587385,2669.159912109375,0.23005902978931697,0.0
^RUT,2026-02-13,2890.0,Call,0.0,0.0,2.15,1.0,100.0,0.0381904073587385,2669.159912109375,0.23005902978931697,0.0
^RUT,2026-02-13,2895.0,Call,0.0,0.0,6.4,12.0,97.0,0.0381904073587385,2669.159912109375,0.23005902978931697,0.0
^RUT,2026-02-13,2900.0,Call,0.0,0.0,6.5,43.0,124.0,0.0381904073587385,2669.159912109375,0.23005902978931697,0.0
^RUT,2026-02-13,2905.0,Call,0.0,0.0,5.35,5.0,107.0,0.0381904073587385,2669.159912109375,0.23005902978931697,0.0
^RUT,2026-02-13,2910.0,Call,0.0,0.0,1.85,1.0,195.0,0.0381904073587385,2669.159912109375,0.23005902978931697,0.0
^RUT,2026-02-13,2915.0,Call,0.0,0.0,2.62,,253.0,0.0381904073587385,2669.159912109375,0.23005902978931697,0.0
^RUT,2026-02-13,2920.0,Call,0.0,0.0,4.47,2.0,62.0,0.0381904073587385,2669.159912109375,0.23005902978931697,0.0
^RUT,2026-02-13,2925.0,Call,0.0,0.0,1.55,1.0,209.0,0.0381904073587385,2669.159912109375,0.23005902978931697,0.0
^RUT,2026-02-13,2930.0,Call,0.0,0.0,3.87,2.0,105.0,0.0381904073587385,2669.159912109375,0.23005902978931697,0.0
^RUT,2026-02-13,2935.0,Call,0.0,0.0,2.45,,9.0,0.0381904073587385,2669.159912109375,0.23005902978931697,0.0
^RUT,2026-02-13,2940.0,Call,0.0,0.0,1.38,1.0,106.0,0.0381904073587385,2669.159912109375,0.23005902978931697,0.0
^RUT,2026-02-13,2950.0,Call,0.0,0.0,3.2,8.0,19.0,0.0381904073587385,2669.159912109375,0.23005902978931697,0.0
^RUT,2026-02-13,2955.0,Call,0.0,0.0,1.08,1.0,25.0,0.0381904073587385,2669.159912109375,0.23005902978931697,0.0
^RUT,2026-02-13,2960.0,Call,0.0,0.0,0.9,5.0,45.0,0.0381904073587385,2669.159912109375,0.23005902978931697,0.0
^RUT,2026-02-13,2965.0,Call,0.0,0.0,1.58,,40.0,0.0381904073587385,2669.159912109375,0.23005902978931697,0.0
^RUT,2026-02-13,2970.0,Call,0.0,0.0,0.86,2.0,27.0,0.0381904073587385,2669.159912109375,0.23005902978931697,0.0
^RUT,2026-02-13,2975.0,Call,0.0,0.0,1.38,,3.0,0.0381904073587385,2669.159912109375,0.23005902978931697,0.0
^RUT,2026-02-13,2985.0,Call,0.0,0.0,0.71,1.0,1.0,0.0381904073587385,2669.159912109375,0.23005902978931697,0.0
^RUT,2026-02-13,2990.0,Call,0.0,0.0,1.41,,1.0,0.0381904073587385,2669.159912109375,0.23005902978931697,0.0
^RUT,2026-02-13,2995.0,Call,0.0,0.0,0.8,2.0,2.0,0.0381904073587385,2669.159912109375,0.23005902978931697,0.0
^RUT,2026-02-13,3000.0,Call,0.0,0.0,0.6,6.0,9.0,0.0381904073587385,2669.159912109375,0.23005902978931697,0.0
^RUT,2026-02-13,3010.0,Call,0.0,0.0,1.0,,1.0,0.0381904073587385,2669.159912109375,0.23005902978931697,0.0
^RUT,2026-02-13,3015.0,Call,0.0,0.0,1.01,,11.0,0.0381904073587385,2669.159912109375,0.23005902978931697,0.0
^RUT,2026-02-13,3020.0,Call,0.0,0.0,1.01,,7.0,0.0381904073587385,2669.159912109375,0.23005902978931697,0.0
^RUT,2026-02-20,1200.0,Put,0.0,0.0,0.12,2.0,4.0,0.03791445466491459,2669.159912109375,0.23005902978931697,0.0
^RUT,2026-02-20,1300.0,Put,0.0,0.0,0.1,,1.0,0.03791445466491459,2669.159912109375,0.23005902978931697,0.0
^RUT,2026-02-20,1350.0,Put,0.0,0.0,0.2,,1.0,0.03791445466491459,2669.159912109375,0.23005902978931697,0.0
^RUT,2026-02-20,1400.0,Put,0.1,0.3,2.4,1.0,1.0,0.03791445466491459,2669.159912109375,0.23005902978931697,0.0
^RUT,2026-02-20,1450.0,Put,0.0,0.0,0.12,,4.0,0.03791445466491459,2669.159912109375,0.23005902978931697,0.0
^RUT,2026-02-20,1500.0,Put,0.0,0.0,0.15,2.0,7.0,0.03791445466491459,2669.159912109375,0.23005902978931697,0.0
^RUT,2026-02-20,1550.0,Put,0.0,0.0,0.32,3.0,5.0,0.03791445466491459,2669.159912109375,0.23005902978931697,0.0
^RUT,2026-02-20,1600.0,Put,0.0,0.0,0.95,,1.0,0.03791445466491459,2669.159912109375,0.23005902978931697,0.0
^RUT,2026-02-20,1650.0,Put,0.0,0.0,0.42,1.0,21.0,0.03791445466491459,2669.159912109375,0.23005902978931697,0.0
^RUT,2026-02-20,1700.0,Put,0.0,0.0,1.35,1.0,4.0,0.03791445466491459,2669.159912109375,0.23005902978931697,0.0
^RUT,2026-02-20,1750.0,Put,0.0,0.0,0.45,2.0,3.0,0.03791445466491459,2669.159912109375,0.23005902978931697,0.0
^RUT,2026-02-20,1800.0,Put,0.0,0.0,1.24,1.0,2.0,0.03791445466491459,2669.159912109375,0.23005902978931697,0.0
^RUT,2026-02-20,1850.0,Put,0.0,0.0,0.27,2.0,218.0,0.03791445466491459,2669.159912109375,0.23005902978931697,0.0
^RUT,2026-02-20,1900.0,Put,0.0,0.0,1.0,1.0,2.0,0.03791445466491459,2669.159912109375,0.23005902978931697,0.0
^RUT,2026-02-20,1950.0,Put,0.0,0.0,0.7,127.0,226.0,0.03791445466491459,2669.159912109375,0.23005902978931697,0.0
^RUT,2026-02-20,1980.0,Put,0.0,0.0,0.98,,1.0,0.03791445466491459,2669.159912109375,0.23005902978931697,0.0
^RUT,2026-02-20,2000.0,Call,0.0,0.0,670.73,3.0,3.0,0.03791445466491459,2669.159912109375,0.23005902978931697,0.0
^RUT,2026-02-20,2000.0,Put,0.0,0.0,0.57,6.0,196.0,0.03791445466491459,2669.159912109375,0.23005902978931697,0.0
^RUT,2026-02-20,2020.0,Put,0.0,0.0,1.0,,1.0,0.03791445466491459,2669.159912109375,0.23005902978931697,0.0
^RUT,2026-02-20,2050.0,Call,0.0,0.0,621.26,3.0,4.0,0.03791445466491459,2669.159912109375,0.23005902978931697,0.0
^RUT,2026-02-20,2050.0,Put,0.0,0.0,1.0,34.0,35.0,0.03791445466491459,2669.159912109375,0.23005902978931697,0.0
^RUT,2026-02-20,2080.0,Put,0.0,0.0,0.83,1.0,2.0,0.03791445466491459,2669.159912109375,0.23005902978931697,0.0
^RUT,2026-02-20,2100.0,Put,0.0,0.0,2.22,21.0,439.0,0.03791445466491459,2669.159912109375,0.23005902978931697,0.0
^RUT,2026-02-20,2120.0,Put,0.0,0.0,2.35,2.0,2.0,0.03791445466491459,2669.159912109375,0.23005902978931697,0.0
^RUT,2026-02-20,2140.0,Call,0.0,0.0,450.04,,1.0,0.03791445466491459,2669.159912109375,0.23005902978931697,0.0
^RUT,2026-02-20,2140.0,Put,0.0,0.0,4.1,,2.0,0.03791445466491459,2669.159912109375,0.23005902978931697,0.0
^RUT,2026-02-20,2150.0,Call,0.0,0.0,464.4,,0.0,0.03791445466491459,2669.159912109375,0.23005902978931697,0.0
^RUT,2026-02-20,2150.0,Put,0.0,0.0,1.51,1.0,27.0,0.03791445466491459,2669.159912109375,0.23005902978931697,0.0
^RUT,2026-02-20,2160.0,Put,0.0,0.0,1.43,2.0,132.0,0.03791445466491459,2669.159912109375,0.23005902978931697,0.0
^RUT,2026-02-20,2165.0,Put,0.0,0.0,3.56,,2.0,0.03791445466491459,2669.159912109375,0.23005902978931697,0.0
^RUT,2026-02-20,2170.0,Put,0.0,0.0,3.81,,1.0,0.03791445466491459,2669.159912109375,0.23005902978931697,0.0
^RUT,2026-02-20,2180.0,Call,0.0,0.0,515.5,,1.0,0.03791445466491459,2669.159912109375,0.23005902978931697,0.0
^RUT,2026-02-20,2180.0,Put,0.0,0.0,4.22,2.0,4.0,0.03791445466491459,2669.159912109375,0.23005902978931697,0.0
^RUT,2026-02-20,2190.0,Put,0.0,0.0,1.42,10.0,2153.0,0.03791445466491459,2669.159912109375,0.23005902978931697,0.0
^RUT,2026-02-20,2200.0,Put,0.0,0.0,1.55,11.0,449.0,0.03791445466491459,2669.159912109375,0.23005902978931697,0.0
^RUT,2026-02-20,2210.0,Put,0.0,0.0,2.74,1.0,5.0,0.03791445466491459,2669.159912109375,0.23005902978931697,0.0
^RUT,2026-02-20,2215.0,Put,0.0,0.0,1.7,2.0,2.0,0.03791445466491459,2669.159912109375,0.23005902978931697,0.0
^RUT,2026-02-20,2220.0,Put,0.0,0.0,1.87,30.0,30.0,0.03791445466491459,2669.159912109375,0.23005902978931697,0.0
^RUT,2026-02-20,2225.0,Put,0.0,0.0,3.8,,3.0,0.03791445466491459,2669.159912109375,0.23005902978931697,0.0
^RUT,2026-02-20,2230.0,Call,0.0,0.0,424.03,,1.0,0.03791445466491459,2669.159912109375,0.23005902978931697,0.0
^RUT,2026-02-20,2230.0,Put,0.0,0.0,1.72,2.0,6.0,0.03791445466491459,2669.159912109375,0.23005902978931697,0.0
^RUT,2026-02-20,2235.0,Put,0.0,0.0,3.1,,2.0,0.03791445466491459,2669.159912109375,0.23005902978931697,0.0
^RUT,2026-02-20,2240.0,Put,0.0,0.0,1.75,10.0,187.0,0.03791445466491459,2669.159912109375,0.23005902978931697,0.0
^RUT,2026-02-20,2245.0,Put,0.0,0.0,3.29,1.0,2.0,0.03791445466491459,2669.159912109375,0.23005902978931697,0.0
^RUT,2026-02-20,2250.0,Put,0.0,0.0,2.02,4.0,605.0,0.03791445466491459,2669.159912109375,0.23005902978931697,0.0
^RUT,2026-02-20,2255.0,Put,0.0,0.0,1.77,3.0,4.0,0.03791445466491459,2669.159912109375,0.23005902978931697,0.0
^RUT,2026-02-20,2260.0,Put,0.0,0.0,1.97,178.0,116.0,0.03791445466491459,2669.159912109375,0.23005902978931697,0.0
^RUT,2026-02-20,2265.0,Put,0.0,0.0,4.1,,6.0,0.03791445466491459,2669.159912109375,0.23005902978931697,0.0
^RUT,2026-02-20,2270.0,Call,0.0,0.0,260.38,1.0,4.0,0.03791445466491459,2669.159912109375,0.23005902978931697,0.0
^RUT,2026-02-20,2270.0,Put,0.0,0.0,2.15,129.0,184.0,0.03791445466491459,2669.159912109375,0.23005902978931697,0.0
^RUT,2026-02-20,2275.0,Put,0.0,0.0,2.96,,1.0,0.03791445466491459,2669.159912109375,0.23005902978931697,0.0
^RUT,2026-02-20,2280.0,Put,0.0,0.0,2.25,2.0,600.0,0.03791445466491459,2669.159912109375,0.23005902978931697,0.0
^RUT,2026-02-20,2290.0,Call,0.0,0.0,347.14,,0.0,0.03791445466491459,2669.159912109375,0.23005902978931697,0.0
^RUT,2026-02-20,2290.0,Put,0.0,0.0,2.57,30.0,66.0,0.03791445466491459,2669.159912109375,0.23005902978931697,0.0
^RUT,2026-02-20,2295.0,Put,0.0,0.0,3.2,4.0,5.0,0.03791445466491459,2669.159912109375,0.23005902978931697,0.0
^RUT,2026-02-20,2300.0,Call,0.0,0.0,399.06,,1.0,0.03791445466491459,2669.159912109375,0.23005902978931697,0.0
^RUT,2026-02-20,2300.0,Put,0.0,0.0,2.08,1.0,57.0,0.03791445466491459,2669.159912109375,0.23005902978931697,0.0
^RUT,2026-02-20,2305.0,Put,0.0,0.0,2.27,1.0,610.0,0.03791445466491459,2669.159912109375,0.23005902978931697,0.0
^RUT,2026-02-20,2310.0,Call,0.0,0.0,237.94,2.0,2.0,0.03791445466491459,2669.159912109375,0.23005902978931697,0.0
^RUT,2026-02-20,2310.0,Put,0.0,0.0,4.05,1.0,41.0,0.03791445466491459,2669.159912109375,0.23005902978931697,0.0
^RUT,2026-02-20,2315.0,Put,0.0,0.0,5.47,96.0,781.0,0.03791445466491459,2669.159912109375,0.23005902978931697,0.0
^RUT,2026-02-20,2320.0,Call,0.0,0.0,274.44,,2.0,0.03791445466491459,2669.159912109375,0.23005902978931697,0.0
^RUT,2026-02-20,2320.0,Put,0.0,0.0,3.44,124.0,495.0,0.03791445466491459,2669.159912109375,0.23005902978931697,0.0
^RUT,2026-02-20,2325.0,Put,0.0,0.0,2.97,,8.0,0.03791445466491459,2669.159912109375,0.23005902978931697,0.0
^RUT,2026-02-20,2330.0,Call,0.0,0.0,310.87,4.0,11.0,0.03791445466491459,2669.159912109375,0.23005902978931697,0.0
^RUT,2026-02-20,2330.0,Put,0.0,0.0,3.24,31.0,262.0,0.03791445466491459,2669.159912109375,0.23005902978931697,0.0
^RUT,2026-02-20,2335.0,Put,0.0,0.0,2.65,1.0,27.0,0.03791445466491459,2669.159912109375,0.23005902978931697,0.0
^RUT,2026-02-20,2340.0,Call,0.0,0.0,308.25,,5.0,0.03791445466491459,2669.159912109375,0.23005902978931697,0.0
^RUT,2026-02-20,2340.0,Put,0.0,0.0,2.66,2.0,335.0,0.03791445466491459,2669.159912109375,0.23005902978931697,0.0
^RUT,2026-02-20,2345.0,Put,0.0,0.0,3.44,1.0,12.0,0.03791445466491459,2669.159912109375,0.23005902978931697,0.0
^RUT,2026-02-20,2350.0,Call,0.0,0.0,247.82,2.0,2.0,0.03791445466491459,2669.159912109375,0.23005902978931697,0.0
^RUT,2026-02-20,2350.0,Put,0.0,0.0,3.6,9.0,93.0,0.03791445466491459,2669.159912109375,0.23005902978931697,0.0
^RUT,2026-02-20,2355.0,Put,0.0,0.0,4.24,65.0,266.0,0.03791445466491459,2669.159912109375,0.23005902978931697,0.0
^RUT,2026-02-20,2360.0,Call,0.0,0.0,211.71,,2.0,0.03791445466491459,2669.159912109375,0.23005902978931697,0.0
^RUT,2026-02-20,2360.0,Put,0.0,0.0,2.85,5.0,370.0,0.03791445466491459,2669.159912109375,0.23005902978931697,0.0
^RUT,2026-02-20,2365.0,Put,0.0,0.0,3.5,3.0,46.0,0.03791445466491459,2669.159912109375,0.23005902978931697,0.0
^RUT,2026-02-20,2370.0,Call,0.0,0.0,297.49,44.0,45.0,0.03791445466491459,2669.159912109375,0.23005902978931697,0.0
^RUT,2026-02-20,2370.0,Put,0.0,0.0,4.25,3.0,50.0,0.03791445466491459,2669.159912109375,0.23005902978931697,0.0
^RUT,2026-02-20,2375.0,Put,0.0,0.0,4.13,80.0,649.0,0.03791445466491459,2669.159912109375,0.23005902978931697,0.0
^RUT,2026-02-20,2380.0,Put,0.0,0.0,4.04,85.0,906.0,0.03791445466491459,2669.159912109375,0.23005902978931697,0.0
^RUT,2026-02-20,2385.0,Put,0.0,0.0,4.75,90.0,107.0,0.03791445466491459,2669.159912109375,0.23005902978931697,0.0
^RUT,2026-02-20,2390.0,Call,211.4,217.3,112.4,,1.0,0.03791445466491459,2669.159912109375,0.23005902978931697,0.0
^RUT,2026-02-20,2390.0,Put,0.0,0.0,4.7,156.0,179.0,0.03791445466491459,2669.159912109375,0.23005902978931697,0.0
^RUT,2026-02-20,2395.0,Put,0.0,0.0,4.7,53.0,600.0,0.03791445466491459,2669.159912109375,0.23005902978931697,0.0
^RUT,2026-02-20,2400.0,Call,0.0,0.0,175.82,1.0,7.0,0.03791445466491459,2669.159912109375,0.23005902978931697,0.0
^RUT,2026-02-20,2400.0,Put,0.0,0.0,5.06,172.0,206.0,0.03791445466491459,2669.159912109375,0.23005902978931697,0.0
^RUT,2026-02-20,2405.0,Put,0.0,0.0,5.22,352.0,593.0,0.03791445466491459,2669.159912109375,0.23005902978931697,0.0
^RUT,2026-02-20,2410.0,Call,0.0,0.0,289.1,1.0,10.0,0.03791445466491459,2669.159912109375,0.23005902978931697,0.0
^RUT,2026-02-20,2410.0,Put,0.0,0.0,5.09,270.0,640.0,0.03791445466491459,2669.159912109375,0.23005902978931697,0.0
^RUT,2026-02-20,2415.0,Put,0.0,0.0,5.98,65.0,135.0,0.03791445466491459,2669.159912109375,0.23005902978931697,0.0
^RUT,2026-02-20,2420.0,Call,0.0,0.0,210.62,4.0,11.0,0.03791445466491459,2669.159912109375,0.23005902978931697,0.0
^RUT,2026-02-20,2420.0,Put,0.0,0.0,6.02,233.0,854.0,0.03791445466491459,2669.159912109375,0.23005902978931697,0.0
^RUT,2026-02-20,2425.0,Put,0.0,0.0,6.55,44.0,78.0,0.03791445466491459,2669.159912109375,0.23005902978931697,0.0
^RUT,2026-02-20,2430.0,Call,0.0,0.0,227.19,2.0,10.0,0.03791445466491459,2669.159912109375,0.23005902978931697,0.0
^RUT,2026-02-20,2430.0,Put,0.0,0.0,6.23,361.0,719.0,0.03791445466491459,2669.159912109375,0.23005902978931697,0.0
^RUT,2026-02-20,2435.0,Put,0.0,0.0,7.1,45.0,95.0,0.03791445466491459,2669.159912109375,0.23005902978931697,0.0
^RUT,2026-02-20,2440.0,Call,0.0,0.0,227.4,1.0,17.0,0.03791445466491459,2669.159912109375,0.23005902978931697,0.0
^RUT,2026-02-20,2440.0,Put,0.0,0.0,7.15,1029.0,1165.0,0.03791445466491459,2669.159912109375,0.23005902978931697,0.0
^RUT,2026-02-20,2445.0,Put,0.0,0.0,7.75,211.0,246.0,0.03791445466491459,2669.159912109375,0.23005902978931697,0.0
^RUT,2026-02-20,2450.0,Call,0.0,0.0,252.66,1.0,196.0,0.03791445466491459,2669.159912109375,0.23005902978931697,0.0
^RUT,2026-02-20,2450.0,Put,0.0,0.0,8.7,246.0,286.0,0.03791445466491459,2669.159912109375,0.23005902978931697,0.0
^RUT,2026-02-20,2455.0,Put,0.0,0.0,9.09,46.0,112.0,0.03791445466491459,2669.159912109375,0.23005902978931697,0.0
^RUT,2026-02-20,2460.0,Call,0.0,0.0,200.34,5.0,17.0,0.03791445466491459,2669.159912109375,0.23005902978931697,0.0
^RUT,2026-02-20,2460.0,Put,0.0,0.0,8.38,49.0,630.0,0.03791445466491459,2669.159912109375,0.23005902978931697,0.0
^RUT,2026-02-20,2465.0,Put,0.0,0.0,7.62,9.0,66.0,0.03791445466491459,2669.159912109375,0.23005902978931697,0.0
^RUT,2026-02-20,2470.0,Call,0.0,0.0,195.09,1.0,20.0,0.03791445466491459,2669.159912109375,0.23005902978931697,0.0
^RUT,2026-02-20,2470.0,Put,0.0,0.0,9.46,7.0,153.0,0.03791445466491459,2669.159912109375,0.23005902978931697,0.0
^RUT,2026-02-20,2475.0,Put,0.0,0.0,8.1,7.0,59.0,0.03791445466491459,2669.159912109375,0.23005902978931697,0.0
^RUT,2026-02-20,2480.0,Call,0.0,0.0,137.23,3.0,12.0,0.03791445466491459,2669.159912109375,0.23005902978931697,0.0
^RUT,2026-02-20,2480.0,Put,0.0,0.0,10.77,6.0,82.0,0.03791445466491459,2669.159912109375,0.23005902978931697,0.0
^RUT,2026-02-20,2485.0,Put,0.0,0.0,8.89,6.0,24.0,0.03791445466491459,2669.159912109375,0.23005902978931697,0.0
^RUT,2026-02-20,2490.0,Call,0.0,0.0,185.58,8.0,4.0,0.03791445466491459,2669.159912109375,0.23005902978931697,0.0
^RUT,2026-02-20,2490.0,Put,0.0,0.0,11.5,23.0,958.0,0.03791445466491459,2669.159912109375,0.23005902978931697,0.0
^RUT,2026-02-20,2495.0,Put,0.0,0.0,11.0,1020.0,800.0,0.03791445466491459,2669.159912109375,0.23005902978931697,0.0
^RUT,2026-02-20,2500.0,Call,0.0,0.0,200.51,1.0,246.0,0.03791445466491459,2669.159912109375,0.23005902978931697,0.0
^RUT,2026-02-20,2500.0,Put,0.0,0.0,11.51,99.0,1918.0,0.03791445466491459,2669.159912109375,0.23005902978931697,0.0
^RUT,2026-02-20,2505.0,Put,0.0,0.0,10.04,20.0,117.0,0.03791445466491459,2669.159912109375,0.23005902978931697,0.0
^RUT,2026-02-20,2510.0,Call,0.0,0.0,231.47,1.0,761.0,0.03791445466491459,2669.159912109375,0.23005902978931697,0.0
^RUT,2026-02-20,2510.0,Put,0.0,0.0,13.76,13.0,83.0,0.03791445466491459,2669.159912109375,0.23005902978931697,0.0
^RUT,2026-02-20,2515.0,Put,0.0,0.0,11.47,5.0,13.0,0.03791445466491459,2669.159912109375,0.23005902978931697,0.0
^RUT,2026-02-20,2520.0,Call,0.0,0.0,222.42,1.0,87.0,0.03791445466491459,2669.159912109375,0.23005902978931697,0.0
^RUT,2026-02-20,2520.0,Put,0.0,0.0,14.55,30.0,361.0,0.03791445466491459,2669.159912109375,0.23005902978931697,0.0
^RUT,2026-02-20,2525.0,Call,0.0,0.0,180.15,1.0,2.0,0.03791445466491459,2669.159912109375,0.23005902978931697,0.0
^RUT,2026-02-20,2525.0,Put,0.0,0.0,15.74,4.0,40.0,0.03791445466491459,2669.159912109375,0.23005902978931697,0.0
^RUT,2026-02-20,2530.0,Call,0.0,0.0,213.27,2.0,27.0,0.03791445466491459,2669.159912109375,0.23005902978931697,0.0
^RUT,2026-02-20,2530.0,Put,0.0,0.0,15.19,10.0,52.0,0.03791445466491459,2669.159912109375,0.23005902978931697,0.0
^RUT,2026-02-20,2535.0,Put,0.0,0.0,13.4,10.0,23.0,0.03791445466491459,2669.159912109375,0.23005902978931697,0.0
^RUT,2026-02-20,2540.0,Call,0.0,0.0,149.02,1.0,282.0,0.03791445466491459,2669.159912109375,0.23005902978931697,0.0
^RUT,2026-02-20,2540.0,Put,0.0,0.0,18.2,14.0,99.0,0.03791445466491459,2669.159912109375,0.23005902978931697,0.0
^RUT,2026-02-20,2545.0,Call,0.0,0.0,144.8,1.0,7.0,0.03791445466491459,2669.159912109375,0.23005902978931697,0.0
^RUT,2026-02-20,2545.0,Put,0.0,0.0,18.5,14.0,20.0,0.03791445466491459,2669.159912109375,0.23005902978931697,0.0
^RUT,2026-02-20,2550.0,Call,0.0,0.0,158.22,10.0,23.0,0.03791445466491459,2669.159912109375,0.23005902978931697,0.0
^RUT,2026-02-20,2550.0,Put,0.0,0.0,19.95,34.0,176.0,0.03791445466491459,2669.159912109375,0.23005902978931697,0.0
^RUT,2026-02-20,2555.0,Call,0.0,0.0,140.55,2.0,9.0,0.03791445466491459,2669.159912109375,0.23005902978931697,0.0
^RUT,2026-02-20,2555.0,Put,0.0,0.0,20.9,7.0,111.0,0.03791445466491459,2669.159912109375,0.23005902978931697,0.0
^RUT,2026-02-20,2560.0,Call,0.0,0.0,188.49,8.0,1105.0,0.03791445466491459,2669.159912109375,0.23005902978931697,0.0
^RUT,2026-02-20,2560.0,Put,0.0,0.0,21.79,42.0,79.0,0.03791445466491459,2669.159912109375,0.23005902978931697,0.0
^RUT,2026-02-20,2565.0,Call,0.0,0.0,133.48,6.0,7.0,0.03791445466491459,2669.159912109375,0.23005902978931697,0.0
^RUT,2026-02-20,2565.0,Put,0.0,0.0,20.33,1.0,17.0,0.03791445466491459,2669.159912109375,0.23005902978931697,0.0
^RUT,2026-02-20,2570.0,Call,0.0,0.0,94.45,15.0,20.0,0.03791445466491459,2669.159912109375,0.23005902978931697,0.0
^RUT,2026-02-20,2570.0,Put,0.0,0.0,24.29,29.0,749.0,0.03791445466491459,2669.159912109375,0.23005902978931697,0.0
^RUT,2026-02-20,2575.0,Call,0.0,0.0,149.73,6.0,6.0,0.03791445466491459,2669.159912109375,0.23005902978931697,0.0
^RUT,2026-02-20,2575.0,Put,0.0,0.0,21.46,3.0,30.0,0.03791445466491459,2669.159912109375,0.23005902978931697,0.0
^RUT,2026-02-20,2580.0,Call,0.0,0.0,118.7,7.0,189.0,0.03791445466491459,2669.159912109375,0.23005902978931697,0.0
^RUT,2026-02-20,2580.0,Put,0.0,0.0,26.49,29.0,318.0,0.03791445466491459,2669.159912109375,0.23005902978931697,0.0
^RUT,2026-02-20,2585.0,Call,0.0,0.0,119.87,1.0,7.0,0.03791445466491459,2669.159912109375,0.23005902978931697,0.0
^RUT,2026-02-20,2585.0,Put,0.0,0.0,21.7,21.0,35.0,0.03791445466491459,2669.159912109375,0.23005902978931697,0.0
^RUT,2026-02-20,2590.0,Call,0.0,0.0,137.37,6.0,36.0,0.03791445466491459,2669.159912109375,0.23005902978931697,0.0
^RUT,2026-02-20,2590.0,Put,0.0,0.0,27.55,36.0,161.0,0.03791445466491459,2669.159912109375,0.23005902978931697,0.0
^RUT,2026-02-20,2595.0,Call,0.0,0.0,121.18,2.0,2.0,0.03791445466491459,2669.159912109375,0.23005902978931697,0.0
^RUT,2026-02-20,2595.0,Put,0.0,0.0,29.93,13.0,49.0,0.03791445466491459,2669.159912109375,0.23005902978931697,0.0
^RUT,2026-02-20,2600.0,Call,0.0,0.0,107.26,1.0,785.0,0.03791445466491459,2669.159912109375,0.23005902978931697,0.0
^RUT,2026-02-20,2600.0,Put,0.0,0.0,30.92,76.0,210.0,0.03791445466491459,2669.159912109375,0.23005902978931697,0.0
^RUT,2026-02-20,2605.0,Call,0.0,0.0,149.55,,1.0,0.03791445466491459,2669.159912109375,0.23005902978931697,0.0
^RUT,2026-02-20,2605.0,Put,0.0,0.0,33.86,5.0,6.0,0.03791445466491459,2669.159912109375,0.23005902978931697,0.0
^RUT,2026-02-20,2610.0,Call,0.0,0.0,103.64,6.0,24.0,0.03791445466491459,2669.159912109375,0.23005902978931697,0.0
^RUT,2026-02-20,2610.0,Put,0.0,0.0,29.72,39.0,157.0,0.03791445466491459,2669.159912109375,0.23005902978931697,0.0
^RUT,2026-02-20,2615.0,Call,0.0,0.0,95.39,1.0,2.0,0.03791445466491459,2669.159912109375,0.23005902978931697,0.0
^RUT,2026-02-20,2615.0,Put,0.0,0.0,35.5,2.0,10.0,0.03791445466491459,2669.159912109375,0.23005902978931697,0.0
^RUT,2026-02-20,2620.0,Call,0.0,0.0,129.57,628.0,411.0,0.03791445466491459,2669.159912109375,0.23005902978931697,0.0
^RUT,2026-02-20,2620.0,Put,0.0,0.0,36.21,6.0,208.0,0.03791445466491459,2669.159912109375,0.23005902978931697,0.0
^RUT,2026-02-20,2625.0,Call,0.0,0.0,87.76,3.0,1.0,0.03791445466491459,2669.159912109375,0.23005902978931697,0.0
^RUT,2026-02-20,2625.0,Put,0.0,0.0,38.3,4.0,14.0,0.03791445466491459,2669.159912109375,0.23005902978931697,0.0
^RUT,2026-02-20,2630.0,Call,0.0,0.0,99.36,1.0,31.0,0.03791445466491459,2669.159912109375,0.23005902978931697,0.0
^RUT,2026-02-20,2630.0,Put,0.0,0.0,39.58,16.0,67.0,0.03791445466491459,2669.159912109375,0.23005902978931697,0.0
^RUT,2026-02-20,2635.0,Call,0.0,0.0,80.72,8.0,530.0,0.03791445466491459,2669.159912109375,0.23005902978931697,0.0
^RUT,2026-02-20,2635.0,Put,0.0,0.0,40.9,82.0,465.0,0.03791445466491459,2669.159912109375,0.23005902978931697,0.0
^RUT,2026-02-20,2640.0,Call,0.0,0.0,80.61,4.0,66.0,0.03791445466491459,2669.159912109375,0.23005902978931697,0.0
^RUT,2026-02-20,2640.0,Put,0.0,0.0,30.0,7.0,45.0,0.03791445466491459,2669.159912109375,0.23005902978931697,0.0
^RUT,2026-02-20,2645.0,Call,0.0,0.0,75.13,3.0,39.0,0.03791445466491459,2669.159912109375,0.23005902978931697,0.0
^RUT,2026-02-20,2645.0,Put,0.0,0.0,46.92,6.0,21.0,0.03791445466491459,2669.159912109375,0.23005902978931697,0.0
^RUT,2026-02-20,2650.0,Call,0.0,0.0,71.25,28.0,1883.0,0.03791445466491459,2669.159912109375,0.23005902978931697,0.0
^RUT,2026-02-20,2650.0,Put,0.0,0.0,47.8,28.0,58.0,0.03791445466491459,2669.159912109375,0.23005902978931697,0.0
^RUT,2026-02-20,2655.0,Call,0.0,0.0,67.5,1.0,6.0,0.03791445466491459,2669.159912109375,0.23005902978931697,0.0
^RUT,2026-02-20,2655.0,Put,0.0,0.0,38.6,7.0,30.0,0.03791445466491459,2669.159912109375,0.23005902978931697,0.0
^RUT,2026-02-20,2660.0,Call,0.0,0.0,66.61,3.0,356.0,0.03791445466491459,2669.159912109375,0.23005902978931697,0.0
^RUT,2026-02-20,2660.0,Put,0.0,0.0,50.79,10.0,75.0,0.03791445466491459,2669.159912109375,0.23005902978931697,0.0
^RUT,2026-02-20,2665.0,Call,0.0,0.0,62.83,3.0,10.0,0.03791445466491459,2669.159912109375,0.23005902978931697,0.0
^RUT,2026-02-20,2665.0,Put,0.0,0.0,52.15,13.0,15.0,0.03791445466491459,2669.159912109375,0.23005902978931697,0.0
^RUT,2026-02-20,2670.0,Call,0.0,0.0,57.7,1.0,176.0,0.03791445466491459,2669.159912109375,0.23005902978931697,0.0
^RUT,2026-02-20,2670.0,Put,0.0,0.0,51.47,3.0,84.0,0.03791445466491459,2669.159912109375,0.23005902978931697,0.0
^RUT,2026-02-20,2675.0,Call,0.0,0.0,56.38,41.0,292.0,0.03791445466491459,2669.159912109375,0.23005902978931697,0.0
^RUT,2026-02-20,2675.0,Put,0.0,0.0,37.59,39.0,42.0,0.03791445466491459,2669.159912109375,0.23005902978931697,0.0
^RUT,2026-02-20,2680.0,Call,0.0,0.0,53.4,94.0,5072.0,0.03791445466491459,2669.159912109375,0.23005902978931697,0.0
^RUT,2026-02-20,2680.0,Put,0.0,0.0,59.35,14.0,66.0,0.03791445466491459,2669.159912109375,0.23005902978931697,0.0
^RUT,2026-02-20,2685.0,Call,0.0,0.0,59.89,7.0,14.0,0.03791445466491459,2669.159912109375,0.23005902978931697,0.0
^RUT,2026-02-20,2685.0,Put,0.0,0.0,59.9,13.0,17.0,0.03791445466491459,2669.159912109375,0.23005902978931697,0.0
^RUT,2026-02-20,2690.0,Call,0.0,0.0,82.58,5.0,30.0,0.03791445466491459,2669.159912109375,0.23005902978931697,0.0
^RUT,2026-02-20,2690.0,Put,0.0,0.0,65.39,14.0,25.0,0.03791445466491459,2669.159912109375,0.23005902978931697,0.0
^RUT,2026-02-20,2695.0,Call,0.0,0.0,53.0,5.0,249.0,0.03791445466491459,2669.159912109375,0.23005902978931697,0.0
^RUT,2026-02-20,2695.0,Put,0.0,0.0,62.77,11.0,13.0,0.03791445466491459,2669.159912109375,0.23005902978931697,0.0
^RUT,2026-02-20,2700.0,Call,0.0,0.0,46.0,6.0,88.0,0.03791445466491459,2669.159912109375,0.23005902978931697,0.0
^RUT,2026-02-20,2700.0,Put,0.0,0.0,69.16,10.0,57.0,0.03791445466491459,2669.159912109375,0.23005902978931697,0.0
^RUT,2026-02-20,2705.0,Call,0.0,0.0,76.0,20.0,24.0,0.03791445466491459,2669.159912109375,0.23005902978931697,0.0
^RUT,2026-02-20,2705.0,Put,0.0,0.0,69.46,2.0,16.0,0.03791445466491459,2669.159912109375,0.23005902978931697,0.0
^RUT,2026-02-20,2710.0,Call,0.0,0.0,42.45,16.0,31.0,0.03791445466491459,2669.159912109375,0.23005902978931697,0.0
^RUT,2026-02-20,2710.0,Put,0.0,0.0,75.03,28.0,71.0,0.03791445466491459,2669.159912109375,0.23005902978931697,0.0
^RUT,2026-02-20,2715.0,Call,0.0,0.0,44.6,18.0,35.0,0.03791445466491459,2669.159912109375,0.23005902978931697,0.0
^RUT,2026-02-20,2715.0,Put,0.0,0.0,65.95,11.0,32.0,0.03791445466491459,2669.159912109375,0.23005902978931697,0.0
^RUT,2026-02-20,2720.0,Call,0.0,0.0,41.57,2.0,48.0,0.03791445466491459,2669.159912109375,0.23005902978931697,0.0
^RUT,2026-02-20,2720.0,Put,0.0,0.0,80.37,9.0,47.0,0.03791445466491459,2669.159912109375,0.23005902978931697,0.0
^RUT,2026-02-20,2725.0,Call,0.0,0.0,33.4,10.0,75.0,0.03791445466491459,2669.159912109375,0.23005902978931697,0.0
^RUT,2026-02-20,2725.0,Put,0.0,0.0,79.58,,2.0,0.03791445466491459,2669.159912109375,0.23005902978931697,0.0
^RUT,2026-02-20,2730.0,Call,0.0,0.0,35.39,26.0,108.0,0.03791445466491459,2669.159912109375,0.23005902978931697,0.0
^RUT,2026-02-20,2730.0,Put,0.0,0.0,77.82,,1.0,0.03791445466491459,2669.159912109375,0.23005902978931697,0.0
^RUT,2026-02-20,2735.0,Call,0.0,0.0,55.8,2.0,27.0,0.03791445466491459,2669.159912109375,0.23005902978931697,0.0
^RUT,2026-02-20,2735.0,Put,0.0,0.0,75.71,3.0,41.0,0.03791445466491459,2669.159912109375,0.23005902978931697,0.0
^RUT,2026-02-20,2740.0,Call,0.0,0.0,29.17,32.0,136.0,0.03791445466491459,2669.159912109375,0.23005902978931697,0.0
^RUT,2026-02-20,2740.0,Put,0.0,0.0,62.04,4.0,88.0,0.03791445466491459,2669.159912109375,0.23005902978931697,0.0
^RUT,2026-02-20,2745.0,Call,0.0,0.0,48.26,1.0,37.0,0.03791445466491459,2669.159912109375,0.23005902978931697,0.0
^RUT,2026-02-20,2745.0,Put,0.0,0.0,80.66,6.0,61.0,0.03791445466491459,2669.159912109375,0.23005902978931697,0.0
^RUT,2026-02-20,2750.0,Call,0.0,0.0,26.87,17.0,1130.0,0.03791445466491459,2669.159912109375,0.23005902978931697,0.0
^RUT,2026-02-20,2750.0,Put,0.0,0.0,64.2,,11.0,0.03791445466491459,2669.159912109375,0.23005902978931697,0.0
^RUT,2026-02-20,2755.0,Call,0.0,0.0,35.6,10.0,100.0,0.03791445466491459,2669.159912109375,0.23005902978931697,0.0
^RUT,2026-02-20,2755.0,Put,0.0,0.0,69.8,5.0,7.0,0.03791445466491459,2669.159912109375,0.23005902978931697,0.0
^RUT,2026-02-20,2760.0,Call,0.0,0.0,23.75,37.0,103.0,0.03791445466491459,2669.159912109375,0.23005902978931697,0.0
^RUT,2026-02-20,2760.0,Put,0.0,0.0,78.16,5.0,5.0,0.03791445466491459,2669.159912109375,0.23005902978931697,0.0
^RUT,2026-02-20,2765.0,Call,0.0,0.0,24.78,1.0,12.0,0.03791445466491459,2669.159912109375,0.23005902978931697,0.0
^RUT,2026-02-20,2765.0,Put,0.0,0.0,73.38,,3.0,0.03791445466491459,2669.159912109375,0.23005902978931697,0.0
^RUT,2026-02-20,2770.0,Call,0.0,0.0,20.18,3.0,390.0,0.03791445466491459,2669.159912109375,0.23005902978931697,0.0
^RUT,2026-02-20,2770.0,Put,0.0,0.0,74.44,,4.0,0.03791445466491459,2669.159912109375,0.23005902978931697,0.0
^RUT,2026-02-20,2775.0,Call,0.0,0.0,18.1,10.0,43.0,0.03791445466491459,2669.159912109375,0.23005902978931697,0.0
^RUT,2026-02-20,2775.0,Put,0.0,0.0,80.86,,4.0,0.03791445466491459,2669.159912109375,0.23005902978931697,0.0
^RUT,2026-02-20,2780.0,Call,0.0,0.0,17.73,7.0,50.0,0.03791445466491459,2669.159912109375,0.23005902978931697,0.0
^RUT,2026-02-20,2780.0,Put,0.0,0.0,82.48,5.0,5.0,0.03791445466491459,2669.159912109375,0.23005902978931697,0.0
^RUT,2026-02-20,2785.0,Call,0.0,0.0,15.8,34.0,29.0,0.03791445466491459,2669.159912109375,0.23005902978931697,0.0
^RUT,2026-02-20,2785.0,Put,0.0,0.0,126.82,2.0,5.0,0.03791445466491459,2669.159912109375,0.23005902978931697,0.0
^RUT,2026-02-20,2790.0,Call,0.0,0.0,34.8,10.0,28.0,0.03791445466491459,2669.159912109375,0.23005902978931697,0.0
^RUT,2026-02-20,2790.0,Put,0.0,0.0,148.77,,1.0,0.03791445466491459,2669.159912109375,0.23005902978931697,0.0
^RUT,2026-02-20,2795.0,Call,0.0,0.0,16.36,6.0,203.0,0.03791445466491459,2669.159912109375,0.23005902978931697,0.0
^RUT,2026-02-20,2795.0,Put,0.0,0.0,90.65,,2.0,0.03791445466491459,2669.159912109375,0.23005902978931697,0.0
^RUT,2026-02-20,2800.0,Call,0.0,0.0,13.68,92.0,176.0,0.03791445466491459,2669.159912109375,0.23005902978931697,0.0
^RUT,2026-02-20,2800.0,Put,0.0,0.0,131.4,32.0,49.0,0.03791445466491459,2669.159912109375,0.23005902978931697,0.0
^RUT,2026-02-20,2805.0,Call,0.0,0.0,12.13,22.0,85.0,0.03791445466491459,2669.159912109375,0.23005902978931697,0.0
^RUT,2026-02-20,2805.0,Put,0.0,0.0,96.0,,3.0,0.03791445466491459,2669.159912109375,0.23005902978931697,0.0
^RUT,2026-02-20,2810.0,Call,0.0,0.0,30.36,3.0,40.0,0.03791445466491459,2669.159912109375,0.23005902978931697,0.0
^RUT,2026-02-20,2810.0,Put,0.0,0.0,146.22,2.0,1.0,0.03791445466491459,2669.159912109375,0.23005902978931697,0.0
^RUT,2026-02-20,2815.0,Call,0.0,0.0,11.3,29.0,50.0,0.03791445466491459,2669.159912109375,0.23005902978931697,0.0
^RUT,2026-02-20,2815.0,Put,0.0,0.0,150.4,2.0,1.0,0.03791445466491459,2669.159912109375,0.23005902978931697,0.0
^RUT,2026-02-20,2820.0,Call,0.0,0.0,9.5,8.0,46.0,0.03791445466491459,2669.159912109375,0.23005902978931697,0.0
^RUT,2026-02-20,2825.0,Call,0.0,0.0,9.3,1.0,35.0,0.03791445466491459,2669.159912109375,0.23005902978931697,0.0
^RUT,2026-02-20,2830.0,Call,0.0,0.0,8.85,1.0,42.0,0.03791445466491459,2669.159912109375,0.23005902978931697,0.0
^RUT,2026-02-20,2835.0,Call,0.0,0.0,12.5,50.0,51.0,0.03791445466491459,2669.159912109375,0.23005902978931697,0.0
^RUT,2026-02-20,2835.0,Put,0.0,0.0,124.55,1.0,1.0,0.03791445466491459,2669.159912109375,0.23005902978931697,0.0
^RUT,2026-02-20,2840.0,Call,0.0,0.0,11.4,3.0,68.0,0.03791445466491459,2669.159912109375,0.23005902978931697,0.0
^RUT,2026-02-20,2845.0,Call,0.0,0.0,7.25,50.0,101.0,0.03791445466491459,2669.159912109375,0.23005902978931697,0.0
^RUT,2026-02-20,2845.0,Put,0.0,0.0,132.3,1.0,1.0,0.03791445466491459,2669.159912109375,0.23005902978931697,0.0
^RUT,2026-02-20,2850.0,Call,0.0,0.0,6.69,3.0,84.0,0.03791445466491459,2669.159912109375,0.23005902978931697,0.0
^RUT,2026-02-20,2850.0,Put,0.0,0.0,173.0,,1.0,0.03791445466491459,2669.159912109375,0.23005902978931697,0.0
^RUT,2026-02-20,2855.0,Call,0.0,0.0,6.18,10.0,14.0,0.03791445466491459,2669.159912109375,0.23005902978931697,0.0
^RUT,2026-02-20,2860.0,Call,0.0,0.0,4.86,26.0,64.0,0.03791445466491459,2669.159912109375,0.23005902978931697,0.0
^RUT,2026-02-20,2865.0,Call,0.0,0.0,5.04,2.0,82.0,0.03791445466491459,2669.159912109375,0.23005902978931697,0.0
^RUT,2026-02-20,2870.0,Call,0.0,0.0,13.13,34.0,35.0,0.03791445466491459,2669.159912109375,0.23005902978931697,0.0
^RUT,2026-02-20,2875.0,Call,0.0,0.0,6.05,29.0,176.0,0.03791445466491459,2669.159912109375,0.23005902978931697,0.0
^RUT,2026-02-20,2880.0,Call,0.0,0.0,4.9,46.0,84.0,0.03791445466491459,2669.159912109375,0.23005902978931697,0.0
^RUT,2026-02-20,2885.0,Call,0.0,0.0,5.77,3.0,47.0,0.03791445466491459,2669.159912109375,0.23005902978931697,0.0
^RUT,2026-02-20,2890.0,Call,0.0,0.0,10.55,,11.0,0.03791445466491459,2669.159912109375,0.23005902978931697,0.0
^RUT,2026-02-20,2890.0,Put,0.0,0.0,170.01,,1.0,0.03791445466491459,2669.159912109375,0.23005902978931697,0.0
^RUT,2026-02-20,2895.0,Call,0.0,0.0,8.81,,4.0,0.03791445466491459,2669.159912109375,0.23005902978931697,0.0
^RUT,2026-02-20,2900.0,Call,0.0,0.0,9.9,41.0,54.0,0.03791445466491459,2669.159912109375,0.23005902978931697,0.0
^RUT,2026-02-20,2900.0,Put,0.0,0.0,178.78,1.0,6.0,0.03791445466491459,2669.159912109375,0.23005902978931697,0.0
^RUT,2026-02-20,2905.0,Call,0.0,0.0,3.01,10.0,55.0,0.03791445466491459,2669.159912109375,0.23005902978931697,0.0
^RUT,2026-02-20,2910.0,Call,0.0,0.0,2.82,26.0,486.0,0.03791445466491459,2669.159912109375,0.23005902978931697,0.0
^RUT,2026-02-20,2915.0,Call,0.0,0.0,2.47,27.0,30.0,0.03791445466491459,2669.159912109375,0.23005902978931697,0.0
^RUT,2026-02-20,2920.0,Call,0.0,0.0,7.4,34.0,234.0,0.03791445466491459,2669.159912109375,0.23005902978931697,0.0
^RUT,2026-02-20,2925.0,Call,0.0,0.0,6.49,12.0,134.0,0.03791445466491459,2669.159912109375,0.23005902978931697,0.0
^RUT,2026-02-20,2930.0,Call,0.0,0.0,6.08,,4.0,0.03791445466491459,2669.159912109375,0.23005902978931697,0.0
^RUT,2026-02-20,2935.0,Call,0.0,0.0,6.08,,1.0,0.03791445466491459,2669.159912109375,0.23005902978931697,0.0
^RUT,2026-02-20,2940.0,Call,0.0,0.0,2.7,23.0,158.0,0.03791445466491459,2669.159912109375,0.23005902978931697,0.0
^RUT,2026-02-20,2945.0,Call,0.0,0.0,5.27,,5.0,0.03791445466491459,2669.159912109375,0.23005902978931697,0.0
^RUT,2026-02-20,2950.0,Call,0.0,0.0,1.45,10.0,144.0,0.03791445466491459,2669.159912109375,0.23005902978931697,0.0
^RUT,2026-02-20,2955.0,Call,0.0,0.0,2.2,3.0,11.0,0.03791445466491459,2669.159912109375,0.23005902978931697,0.0
^RUT,2026-02-20,2960.0,Call,0.0,0.0,1.79,10.0,13.0,0.03791445466491459,2669.159912109375,0.23005902978931697,0.0
^RUT,2026-02-20,2965.0,Call,0.0,0.0,1.63,1.0,2.0,0.03791445466491459,2669.159912109375,0.23005902978931697,0.0
^RUT,2026-02-20,2970.0,Call,0.0,0.0,1.57,10.0,111.0,0.03791445466491459,2669.159912109375,0.23005902978931697,0.0
^RUT,2026-02-20,2975.0,Call,0.0,0.0,1.4,,1.0,0.03791445466491459,2669.159912109375,0.23005902978931697,0.0
^RUT,2026-02-20,2980.0,Call,0.0,0.0,1.29,1.0,1.0,0.03791445466491459,2669.159912109375,0.23005902978931697,0.0
^RUT,2026-02-20,2985.0,Call,0.0,0.0,3.2,,51.0,0.03791445466491459,2669.159912109375,0.23005902978931697,0.0
^RUT,2026-02-20,2990.0,Call,0.0,0.0,1.53,,1.0,0.03791445466491459,2669.159912109375,0.23005902978931697,0.0
^RUT,2026-02-20,2995.0,Call,0.0,0.0,1.62,,5.0,0.03791445466491459,2669.159912109375,0.23005902978931697,0.0
^RUT,2026-02-20,3000.0,Call,0.0,0.0,1.0,9.0,183.0,0.03791445466491459,2669.159912109375,0.23005902978931697,0.0
^RUT,2026-02-20,3050.0,Call,0.0,0.0,1.28,15.0,28.0,0.03791445466491459,2669.159912109375,0.23005902978931697,0.0
^RUT,2026-02-20,3100.0,Call,0.0,0.0,0.89,,6.0,0.03791445466491459,2669.159912109375,0.23005902978931697,0.0
^RUT,2026-02-20,3150.0,Call,0.0,0.0,0.3,72.0,75.0,0.03791445466491459,2669.159912109375,0.23005902978931697,0.0
^RUT,2026-02-20,3200.0,Call,0.0,0.0,0.37,2.0,76.0,0.03791445466491459,2669.159912109375,0.23005902978931697,0.0
^RUT,2026-02-20,3250.0,Call,0.0,0.0,0.3,5.0,14.0,0.03791445466491459,2669.159912109375,0.23005902978931697,0.0
^RUT,2026-02-20,3300.0,Call,0.0,0.0,0.26,1.0,17.0,0.03791445466491459,2669.159912109375,0.23005902978931697,0.0
^RUT,2026-02-20,3350.0,Call,0.0,0.0,0.15,2.0,16.0,0.03791445466491459,2669.159912109375,0.23005902978931697,0.0
^RUT,2026-02-20,3400.0,Call,0.0,0.0,0.15,4.0,55.0,0.03791445466491459,2669.159912109375,0.23005902978931697,0.0
^RUT,2026-02-20,3450.0,Call,0.0,0.0,0.1,,5.0,0.03791445466491459,2669.159912109375,0.23005902978931697,0.0
^RUT,2026-02-20,3500.0,Call,0.0,0.0,0.05,15.0,21.0,0.03791445466491459,2669.159912109375,0.23005902978931697,0.0
^RUT,2026-02-20,3550.0,Call,0.0,0.0,0.1,9.0,65.0,0.03791445466491459,2669.159912109375,0.23005902978931697,0.0
^RUT,2026-02-20,3750.0,Call,0.0,0.0,0.12,,1.0,0.03791445466491459,2669.159912109375,0.23005902978931697,0.0
^RUT,2026-02-27,1200.0,Put,0.0,0.0,0.2,1.0,1.0,0.03763850197109067,2669.159912109375,0.23005902978931697,0.0
^RUT,2026-02-27,1300.0,Put,0.0,0.0,0.26,40.0,41.0,0.03763850197109067,2669.159912109375,0.23005902978931697,0.0
^RUT,2026-02-27,1350.0,Put,0.0,0.45,3.1,1.0,4.0,0.03763850197109067,2669.159912109375,0.23005902978931697,0.0
^RUT,2026-02-27,1400.0,Put,0.15,0.45,3.23,1.0,1.0,0.03763850197109067,2669.159912109375,0.23005902978931697,0.0
^RUT,2026-02-27,1450.0,Call,1125.1,1145.0,1042.86,,50.0,0.03763850197109067,2669.159912109375,0.23005902978931697,0.0
^RUT,2026-02-27,1450.0,Put,0.0,0.0,0.27,15.0,20.0,0.03763850197109067,2669.159912109375,0.23005902978931697,0.0
^RUT,2026-02-27,1500.0,Call,1074.0,1095.1,993.66,,50.0,0.03763850197109067,2669.159912109375,0.23005902978931697,0.0
^RUT,2026-02-27,1500.0,Put,0.0,0.0,0.95,2.0,8.0,0.03763850197109067,2669.159912109375,0.23005902978931697,0.0
^RUT,2026-02-27,1550.0,Put,0.0,0.0,1.05,3.0,27.0,0.03763850197109067,2669.159912109375,0.23005902978931697,0.0
^RUT,2026-02-27,1600.0,Put,0.0,0.0,1.35,2.0,15.0,0.03763850197109067,2669.159912109375,0.23005902978931697,0.0
^RUT,2026-02-27,1650.0,Put,0.0,0.0,0.56,6.0,27.0,0.03763850197109067,2669.159912109375,0.23005902978931697,0.0
^RUT,2026-02-27,1700.0,Put,0.0,0.0,0.65,6.0,43.0,0.03763850197109067,2669.159912109375,0.23005902978931697,0.0
^RUT,2026-02-27,1750.0,Put,0.75,1.05,7.6,5.0,15.0,0.03763850197109067,2669.159912109375,0.23005902978931697,0.0
^RUT,2026-02-27,1800.0,Put,0.0,0.0,3.8,1.0,28.0,0.03763850197109067,2669.159912109375,0.23005902978931697,0.0
^RUT,2026-02-27,1850.0,Put,0.0,0.0,2.23,1.0,7.0,0.03763850197109067,2669.159912109375,0.23005902978931697,0.0
^RUT,2026-02-27,1900.0,Call,0.0,0.0,729.91,,1.0,0.03763850197109067,2669.159912109375,0.23005902978931697,0.0
^RUT,2026-02-27,1900.0,Put,0.0,0.0,2.64,1.0,51.0,0.03763850197109067,2669.159912109375,0.23005902978931697,0.0
^RUT,2026-02-27,1910.0,Put,1.45,1.75,16.33,1.0,1.0,0.03763850197109067,2669.159912109375,0.23005902978931697,0.0
^RUT,2026-02-27,1920.0,Put,0.0,0.0,1.02,10.0,14.0,0.03763850197109067,2669.159912109375,0.23005902978931697,0.0
^RUT,2026-02-27,1930.0,Put,1.6,1.9,11.92,1.0,1.0,0.03763850197109067,2669.159912109375,0.23005902978931697,0.0
^RUT,2026-02-27,1940.0,Put,0.0,0.0,1.47,,3.0,0.03763850197109067,2669.159912109375,0.23005902978931697,0.0
^RUT,2026-02-27,1950.0,Call,507.6,531.0,551.0,,2.0,0.03763850197109067,2669.159912109375,0.23005902978931697,0.0
^RUT,2026-02-27,1950.0,Put,0.0,0.0,0.8,46.0,47.0,0.03763850197109067,2669.159912109375,0.23005902978931697,0.0
^RUT,2026-02-27,1960.0,Put,0.0,0.0,1.67,2.0,7.0,0.03763850197109067,2669.159912109375,0.23005902978931697,0.0
^RUT,2026-02-27,1970.0,Put,0.0,0.0,1.25,10.0,10.0,0.03763850197109067,2669.159912109375,0.23005902978931697,0.0
^RUT,2026-02-27,1990.0,Put,0.0,0.0,4.9,1.0,13.0,0.03763850197109067,2669.159912109375,0.23005902978931697,0.0
^RUT,2026-02-27,2000.0,Put,0.0,0.0,3.61,2.0,58.0,0.03763850197109067,2669.159912109375,0.23005902978931697,0.0
^RUT,2026-02-27,2010.0,Put,2.3,2.6,24.4,13.0,33.0,0.03763850197109067,2669.159912109375,0.23005902978931697,0.0
^RUT,2026-02-27,2020.0,Put,0.0,0.0,3.86,11.0,19.0,0.03763850197109067,2669.159912109375,0.23005902978931697,0.0
^RUT,2026-02-27,2030.0,Put,0.0,0.0,2.05,,2.0,0.03763850197109067,2669.159912109375,0.23005902978931697,0.0
^RUT,2026-02-27,2040.0,Put,0.0,0.0,2.1,2.0,14.0,0.03763850197109067,2669.159912109375,0.23005902978931697,0.0
^RUT,2026-02-27,2050.0,Put,0.0,0.0,1.35,1.0,7.0,0.03763850197109067,2669.159912109375,0.23005902978931697,0.0
^RUT,2026-02-27,2070.0,Call,0.0,0.0,565.97,2.0,4.0,0.03763850197109067,2669.159912109375,0.23005902978931697,0.0
^RUT,2026-02-27,2070.0,Put,0.0,0.0,2.07,1.0,20.0,0.03763850197109067,2669.159912109375,0.23005902978931697,0.0
^RUT,2026-02-27,2080.0,Put,0.0,0.0,2.77,1.0,21.0,0.03763850197109067,2669.159912109375,0.23005902978931697,0.0
^RUT,2026-02-27,2090.0,Put,0.0,0.0,2.82,1.0,11.0,0.03763850197109067,2669.159912109375,0.23005902978931697,0.0
^RUT,2026-02-27,2100.0,Call,0.0,0.0,408.45,1.0,1.0,0.03763850197109067,2669.159912109375,0.23005902978931697,0.0
^RUT,2026-02-27,2100.0,Put,0.0,0.0,1.73,1.0,27.0,0.03763850197109067,2669.159912109375,0.23005902978931697,0.0
^RUT,2026-02-27,2110.0,Call,0.0,0.0,481.68,,5.0,0.03763850197109067,2669.159912109375,0.23005902978931697,0.0
^RUT,2026-02-27,2110.0,Put,19.9,21.0,26.8,1.0,1.0,0.03763850197109067,2669.159912109375,0.23005902978931697,0.0
^RUT,2026-02-27,2120.0,Put,3.7,4.1,22.4,1.0,1.0,0.03763850197109067,2669.159912109375,0.23005902978931697,0.0
^RUT,2026-02-27,2130.0,Call,0.0,0.0,507.3,2.0,9.0,0.03763850197109067,2669.159912109375,0.23005902978931697,0.0
^RUT,2026-02-27,2130.0,Put,0.0,0.0,3.67,1.0,6.0,0.03763850197109067,2669.159912109375,0.23005902978931697,0.0
^RUT,2026-02-27,2140.0,Put,0.0,0.0,1.85,1.0,5.0,0.03763850197109067,2669.159912109375,0.23005902978931697,0.0
^RUT,2026-02-27,2150.0,Put,0.0,0.0,2.75,1.0,30.0,0.03763850197109067,2669.159912109375,0.23005902978931697,0.0
^RUT,2026-02-27,2160.0,Call,0.0,0.0,474.11,,0.0,0.03763850197109067,2669.159912109375,0.23005902978931697,0.0
^RUT,2026-02-27,2160.0,Put,0.0,0.0,1.87,1.0,3.0,0.03763850197109067,2669.159912109375,0.23005902978931697,0.0
^RUT,2026-02-27,2170.0,Call,0.0,0.0,341.68,1.0,1.0,0.03763850197109067,2669.159912109375,0.23005902978931697,0.0
^RUT,2026-02-27,2170.0,Put,0.0,0.0,2.37,1.0,14.0,0.03763850197109067,2669.159912109375,0.23005902978931697,0.0
^RUT,2026-02-27,2180.0,Call,351.1,369.7,261.19,,0.0,0.03763850197109067,2669.159912109375,0.23005902978931697,0.0
^RUT,2026-02-27,2180.0,Put,0.0,0.0,3.58,1.0,2.0,0.03763850197109067,2669.159912109375,0.23005902978931697,0.0
^RUT,2026-02-27,2190.0,Call,0.0,0.0,445.1,,0.0,0.03763850197109067,2669.159912109375,0.23005902978931697,0.0
^RUT,2026-02-27,2190.0,Put,0.0,0.0,9.5,7.0,7.0,0.03763850197109067,2669.159912109375,0.23005902978931697,0.0
^RUT,2026-02-27,2200.0,Call,334.6,352.0,273.42,2.0,0.0,0.03763850197109067,2669.159912109375,0.23005902978931697,0.0
^RUT,2026-02-27,2200.0,Put,0.0,0.0,2.2,9.0,66.0,0.03763850197109067,2669.159912109375,0.23005902978931697,0.0
^RUT,2026-02-27,2210.0,Put,0.0,0.0,2.57,2.0,30.0,0.03763850197109067,2669.159912109375,0.23005902978931697,0.0
^RUT,2026-02-27,2220.0,Call,0.0,0.0,324.03,2.0,3.0,0.03763850197109067,2669.159912109375,0.23005902978931697,0.0
^RUT,2026-02-27,2220.0,Put,0.0,0.0,4.69,1.0,8.0,0.03763850197109067,2669.159912109375,0.23005902978931697,0.0
^RUT,2026-02-27,2230.0,Call,0.0,0.0,315.03,2.0,6.0,0.03763850197109067,2669.159912109375,0.23005902978931697,0.0
^RUT,2026-02-27,2230.0,Put,0.0,0.0,4.5,1.0,19.0,0.03763850197109067,2669.159912109375,0.23005902978931697,0.0
^RUT,2026-02-27,2240.0,Call,0.0,0.0,328.12,3.0,5.0,0.03763850197109067,2669.159912109375,0.23005902978931697,0.0
^RUT,2026-02-27,2240.0,Put,0.0,0.0,2.82,3.0,18.0,0.03763850197109067,2669.159912109375,0.23005902978931697,0.0
^RUT,2026-02-27,2250.0,Call,0.0,0.0,446.6,1.0,5.0,0.03763850197109067,2669.159912109375,0.23005902978931697,0.0
^RUT,2026-02-27,2250.0,Put,0.0,0.0,2.95,1.0,149.0,0.03763850197109067,2669.159912109375,0.23005902978931697,0.0
^RUT,2026-02-27,2260.0,Call,0.0,0.0,251.05,2.0,3.0,0.03763850197109067,2669.159912109375,0.23005902978931697,0.0
^RUT,2026-02-27,2260.0,Put,0.0,0.0,2.75,1.0,12.0,0.03763850197109067,2669.159912109375,0.23005902978931697,0.0
^RUT,2026-02-27,2270.0,Put,0.0,0.0,3.29,3.0,15.0,0.03763850197109067,2669.159912109375,0.23005902978931697,0.0
^RUT,2026-02-27,2280.0,Put,0.0,0.0,3.3,2.0,11.0,0.03763850197109067,2669.159912109375,0.23005902978931697,0.0
^RUT,2026-02-27,2290.0,Put,0.0,0.0,7.57,6.0,19.0,0.03763850197109067,2669.159912109375,0.23005902978931697,0.0
^RUT,2026-02-27,2300.0,Call,289.6,309.5,147.4,,4.0,0.03763850197109067,2669.159912109375,0.23005902978931697,0.0
^RUT,2026-02-27,2300.0,Put,0.0,0.0,3.45,36.0,466.0,0.03763850197109067,2669.159912109375,0.23005902978931697,0.0
^RUT,2026-02-27,2310.0,Call,0.0,0.0,339.91,4.0,13.0,0.03763850197109067,2669.159912109375,0.23005902978931697,0.0
^RUT,2026-02-27,2310.0,Put,0.0,0.0,5.59,1.0,11.0,0.03763850197109067,2669.159912109375,0.23005902978931697,0.0
^RUT,2026-02-27,2320.0,Put,0.0,0.0,4.0,1.0,35.0,0.03763850197109067,2669.159912109375,0.23005902978931697,0.0
^RUT,2026-02-27,2325.0,Call,0.0,0.0,329.44,2.0,2.0,0.03763850197109067,2669.159912109375,0.23005902978931697,0.0
^RUT,2026-02-27,2325.0,Put,0.0,0.0,3.95,1.0,8.0,0.03763850197109067,2669.159912109375,0.23005902978931697,0.0
^RUT,2026-02-27,2330.0,Put,0.0,0.0,7.27,4.0,2.0,0.03763850197109067,2669.159912109375,0.23005902978931697,0.0
^RUT,2026-02-27,2335.0,Put,0.0,0.0,4.1,1.0,3.0,0.03763850197109067,2669.159912109375,0.23005902978931697,0.0
^RUT,2026-02-27,2340.0,Call,0.0,0.0,312.9,4.0,3.0,0.03763850197109067,2669.159912109375,0.23005902978931697,0.0
^RUT,2026-02-27,2340.0,Put,0.0,0.0,4.77,9.0,36.0,0.03763850197109067,2669.159912109375,0.23005902978931697,0.0
^RUT,2026-02-27,2345.0,Call,0.0,0.0,323.72,1.0,0.0,0.03763850197109067,2669.159912109375,0.23005902978931697,0.0
^RUT,2026-02-27,2345.0,Put,0.0,0.0,11.27,6.0,7.0,0.03763850197109067,2669.159912109375,0.23005902978931697,0.0
^RUT,2026-02-27,2350.0,Call,224.8,230.7,199.4,8.0,4.0,0.03763850197109067,2669.159912109375,0.23005902978931697,0.0
^RUT,2026-02-27,2350.0,Put,0.0,0.0,4.75,15.0,4389.0,0.03763850197109067,2669.159912109375,0.23005902978931697,0.0
^RUT,2026-02-27,2355.0,Put,0.0,0.0,4.58,2.0,42.0,0.03763850197109067,2669.159912109375,0.23005902978931697,0.0
^RUT,2026-02-27,2360.0,Call,217.7,223.4,193.7,,4.0,0.03763850197109067,2669.159912109375,0.23005902978931697,0.0
^RUT,2026-02-27,2360.0,Put,0.0,0.0,4.81,2.0,26.0,0.03763850197109067,2669.159912109375,0.23005902978931697,0.0
^RUT,2026-02-27,2365.0,Put,0.0,0.0,4.9,1.0,45.0,0.03763850197109067,2669.159912109375,0.23005902978931697,0.0
^RUT,2026-02-27,2370.0,Call,0.0,0.0,245.07,1.0,2.0,0.03763850197109067,2669.159912109375,0.23005902978931697,0.0
^RUT,2026-02-27,2370.0,Put,0.0,0.0,5.07,1.0,21.0,0.03763850197109067,2669.159912109375,0.23005902978931697,0.0
^RUT,2026-02-27,2375.0,Put,0.0,0.0,6.12,20.0,70.0,0.03763850197109067,2669.159912109375,0.23005902978931697,0.0
^RUT,2026-02-27,2380.0,Call,0.0,0.0,207.95,1.0,1.0,0.03763850197109067,2669.159912109375,0.23005902978931697,0.0
^RUT,2026-02-27,2380.0,Put,0.0,0.0,5.59,1.0,105.0,0.03763850197109067,2669.159912109375,0.23005902978931697,0.0
^RUT,2026-02-27,2385.0,Put,0.0,0.0,6.56,20.0,24.0,0.03763850197109067,2669.159912109375,0.23005902978931697,0.0
^RUT,2026-02-27,2390.0,Call,0.0,0.0,200.3,1.0,2.0,0.03763850197109067,2669.159912109375,0.23005902978931697,0.0
^RUT,2026-02-27,2390.0,Put,0.0,0.0,7.32,2.0,38.0,0.03763850197109067,2669.159912109375,0.23005902978931697,0.0
^RUT,2026-02-27,2395.0,Put,0.0,0.0,7.57,9.0,20.0,0.03763850197109067,2669.159912109375,0.23005902978931697,0.0
^RUT,2026-02-27,2400.0,Call,0.0,0.0,255.87,4.0,20.0,0.03763850197109067,2669.159912109375,0.23005902978931697,0.0
^RUT,2026-02-27,2400.0,Put,0.0,0.0,8.1,18.0,621.0,0.03763850197109067,2669.159912109375,0.23005902978931697,0.0
^RUT,2026-02-27,2405.0,Put,0.0,0.0,8.38,16.0,16.0,0.03763850197109067,2669.159912109375,0.23005902978931697,0.0
^RUT,2026-02-27,2410.0,Call,0.0,0.0,126.27,2.0,4.0,0.03763850197109067,2669.159912109375,0.23005902978931697,0.0
^RUT,2026-02-27,2410.0,Put,0.0,0.0,8.27,21.0,63.0,0.03763850197109067,2669.159912109375,0.23005902978931697,0.0
^RUT,2026-02-27,2415.0,Put,0.0,0.0,8.64,9.0,11.0,0.03763850197109067,2669.159912109375,0.23005902978931697,0.0
^RUT,2026-02-27,2420.0,Put,0.0,0.0,9.0,46.0,72.0,0.03763850197109067,2669.159912109375,0.23005902978931697,0.0
^RUT,2026-02-27,2425.0,Put,0.0,0.0,9.32,45.0,43.0,0.03763850197109067,2669.159912109375,0.23005902978931697,0.0
^RUT,2026-02-27,2430.0,Call,0.0,0.0,283.52,2.0,4.0,0.03763850197109067,2669.159912109375,0.23005902978931697,0.0
^RUT,2026-02-27,2430.0,Put,0.0,0.0,8.52,3.0,44.0,0.03763850197109067,2669.159912109375,0.23005902978931697,0.0
^RUT,2026-02-27,2435.0,Put,0.0,0.0,10.05,1.0,12.0,0.03763850197109067,2669.159912109375,0.23005902978931697,0.0
^RUT,2026-02-27,2440.0,Call,0.0,0.0,274.1,2.0,12.0,0.03763850197109067,2669.159912109375,0.23005902978931697,0.0
^RUT,2026-02-27,2440.0,Put,0.0,0.0,9.59,22.0,198.0,0.03763850197109067,2669.159912109375,0.23005902978931697,0.0
^RUT,2026-02-27,2445.0,Put,0.0,0.0,9.37,25.0,29.0,0.03763850197109067,2669.159912109375,0.23005902978931697,0.0
^RUT,2026-02-27,2450.0,Call,0.0,0.0,133.34,1.0,17.0,0.03763850197109067,2669.159912109375,0.23005902978931697,0.0
^RUT,2026-02-27,2450.0,Put,0.0,0.0,10.99,11.0,548.0,0.03763850197109067,2669.159912109375,0.23005902978931697,0.0
^RUT,2026-02-27,2455.0,Put,0.0,0.0,9.25,4.0,9.0,0.03763850197109067,2669.159912109375,0.23005902978931697,0.0
^RUT,2026-02-27,2460.0,Call,0.0,0.0,97.21,2.0,29.0,0.03763850197109067,2669.159912109375,0.23005902978931697,0.0
^RUT,2026-02-27,2460.0,Put,0.0,0.0,11.3,7.0,173.0,0.03763850197109067,2669.159912109375,0.23005902978931697,0.0
^RUT,2026-02-27,2465.0,Put,0.0,0.0,9.79,1.0,21.0,0.03763850197109067,2669.159912109375,0.23005902978931697,0.0
^RUT,2026-02-27,2470.0,Call,150.1,154.0,116.6,1.0,3.0,0.03763850197109067,2669.159912109375,0.23005902978931697,0.0
^RUT,2026-02-27,2470.0,Put,0.0,0.0,13.28,44.0,248.0,0.03763850197109067,2669.159912109375,0.23005902978931697,0.0
^RUT,2026-02-27,2475.0,Call,0.0,0.0,167.85,,6.0,0.03763850197109067,2669.159912109375,0.23005902978931697,0.0
^RUT,2026-02-27,2475.0,Put,0.0,0.0,13.19,34.0,144.0,0.03763850197109067,2669.159912109375,0.23005902978931697,0.0
^RUT,2026-02-27,2480.0,Call,0.0,0.0,164.05,1.0,8.0,0.03763850197109067,2669.159912109375,0.23005902978931697,0.0
^RUT,2026-02-27,2480.0,Put,0.0,0.0,14.72,10.0,186.0,0.03763850197109067,2669.159912109375,0.23005902978931697,0.0
^RUT,2026-02-27,2485.0,Put,0.0,0.0,15.22,16.0,28.0,0.03763850197109067,2669.159912109375,0.23005902978931697,0.0
^RUT,2026-02-27,2490.0,Call,0.0,0.0,78.06,2.0,2.0,0.03763850197109067,2669.159912109375,0.23005902978931697,0.0
^RUT,2026-02-27,2490.0,Put,0.0,0.0,14.31,5.0,486.0,0.03763850197109067,2669.159912109375,0.23005902978931697,0.0
^RUT,2026-02-27,2495.0,Put,0.0,0.0,16.75,2.0,31.0,0.03763850197109067,2669.159912109375,0.23005902978931697,0.0
^RUT,2026-02-27,2500.0,Call,0.0,0.0,202.81,1.0,35.0,0.03763850197109067,2669.159912109375,0.23005902978931697,0.0
^RUT,2026-02-27,2500.0,Put,0.0,0.0,17.22,17.0,579.0,0.03763850197109067,2669.159912109375,0.23005902978931697,0.0
^RUT,2026-02-27,2505.0,Put,0.0,0.0,14.57,1.0,19.0,0.03763850197109067,2669.159912109375,0.23005902978931697,0.0
^RUT,2026-02-27,2510.0,Call,0.0,0.0,198.62,1.0,18.0,0.03763850197109067,2669.159912109375,0.23005902978931697,0.0
^RUT,2026-02-27,2510.0,Put,0.0,0.0,13.17,3193.0,3316.0,0.03763850197109067,2669.159912109375,0.23005902978931697,0.0
^RUT,2026-02-27,2515.0,Call,0.0,0.0,160.15,,6.0,0.03763850197109067,2669.159912109375,0.23005902978931697,0.0
^RUT,2026-02-27,2515.0,Put,0.0,0.0,15.77,1.0,18.0,0.03763850197109067,2669.159912109375,0.23005902978931697,0.0
^RUT,2026-02-27,2520.0,Call,0.0,0.0,156.11,6.0,8.0,0.03763850197109067,2669.159912109375,0.23005902978931697,0.0
^RUT,2026-02-27,2520.0,Put,0.0,0.0,19.79,7.0,149.0,0.03763850197109067,2669.159912109375,0.23005902978931697,0.0
^RUT,2026-02-27,2525.0,Put,0.0,0.0,14.8,13.0,36.0,0.03763850197109067,2669.159912109375,0.23005902978931697,0.0
^RUT,2026-02-27,2530.0,Call,0.0,0.0,217.36,10.0,63.0,0.03763850197109067,2669.159912109375,0.23005902978931697,0.0
^RUT,2026-02-27,2530.0,Put,0.0,0.0,21.46,7.0,255.0,0.03763850197109067,2669.159912109375,0.23005902978931697,0.0
^RUT,2026-02-27,2535.0,Put,0.0,0.0,22.67,15.0,16.0,0.03763850197109067,2669.159912109375,0.23005902978931697,0.0
^RUT,2026-02-27,2540.0,Call,0.0,0.0,170.8,4.0,14.0,0.03763850197109067,2669.159912109375,0.23005902978931697,0.0
^RUT,2026-02-27,2540.0,Put,0.0,0.0,23.15,3.0,60.0,0.03763850197109067,2669.159912109375,0.23005902978931697,0.0
^RUT,2026-02-27,2545.0,Put,0.0,0.0,17.06,,50.0,0.03763850197109067,2669.159912109375,0.23005902978931697,0.0
^RUT,2026-02-27,2550.0,Call,0.0,0.0,145.93,1.0,45.0,0.03763850197109067,2669.159912109375,0.23005902978931697,0.0
^RUT,2026-02-27,2550.0,Put,0.0,0.0,25.0,29.0,3807.0,0.03763850197109067,2669.159912109375,0.23005902978931697,0.0
^RUT,2026-02-27,2555.0,Call,0.0,0.0,124.63,,0.0,0.03763850197109067,2669.159912109375,0.23005902978931697,0.0
^RUT,2026-02-27,2555.0,Put,0.0,0.0,18.04,1.0,15.0,0.03763850197109067,2669.159912109375,0.23005902978931697,0.0
^RUT,2026-02-27,2560.0,Call,0.0,0.0,138.1,1.0,9.0,0.03763850197109067,2669.159912109375,0.23005902978931697,0.0
^RUT,2026-02-27,2560.0,Put,0.0,0.0,26.89,22.0,75.0,0.03763850197109067,2669.159912109375,0.23005902978931697,0.0
^RUT,2026-02-27,2565.0,Call,0.0,0.0,121.22,,2.0,0.03763850197109067,2669.159912109375,0.23005902978931697,0.0
^RUT,2026-02-27,2565.0,Put,0.0,0.0,36.7,1.0,4.0,0.03763850197109067,2669.159912109375,0.23005902978931697,0.0
^RUT,2026-02-27,2570.0,Call,0.0,0.0,160.31,6.0,14.0,0.03763850197109067,2669.159912109375,0.23005902978931697,0.0
^RUT,2026-02-27,2570.0,Put,0.0,0.0,30.0,20.0,91.0,0.03763850197109067,2669.159912109375,0.23005902978931697,0.0
^RUT,2026-02-27,2575.0,Put,0.0,0.0,25.6,1.0,9.0,0.03763850197109067,2669.159912109375,0.23005902978931697,0.0
^RUT,2026-02-27,2580.0,Call,0.0,0.0,175.23,10.0,33.0,0.03763850197109067,2669.159912109375,0.23005902978931697,0.0
^RUT,2026-02-27,2580.0,Put,0.0,0.0,31.74,10.0,112.0,0.03763850197109067,2669.159912109375,0.23005902978931697,0.0
^RUT,2026-02-27,2585.0,Put,0.0,0.0,23.05,1.0,17.0,0.03763850197109067,2669.159912109375,0.23005902978931697,0.0
^RUT,2026-02-27,2590.0,Call,0.0,0.0,139.13,4.0,11.0,0.03763850197109067,2669.159912109375,0.23005902978931697,0.0
^RUT,2026-02-27,2590.0,Put,0.0,0.0,33.98,26.0,71.0,0.03763850197109067,2669.159912109375,0.23005902978931697,0.0
^RUT,2026-02-27,2595.0,Put,0.0,0.0,29.62,1.0,1.0,0.03763850197109067,2669.159912109375,0.23005902978931697,0.0
^RUT,2026-02-27,2600.0,Call,0.0,0.0,121.51,3.0,67.0,0.03763850197109067,2669.159912109375,0.23005902978931697,0.0
^RUT,2026-02-27,2600.0,Put,0.0,0.0,37.6,37.0,232.0,0.03763850197109067,2669.159912109375,0.23005902978931697,0.0
^RUT,2026-02-27,2605.0,Call,0.0,0.0,105.35,1.0,1.0,0.03763850197109067,2669.159912109375,0.23005902978931697,0.0
^RUT,2026-02-27,2605.0,Put,0.0,0.0,34.41,4.0,4.0,0.03763850197109067,2669.159912109375,0.23005902978931697,0.0
^RUT,2026-02-27,2610.0,Call,0.0,0.0,135.04,3.0,46.0,0.03763850197109067,2669.159912109375,0.23005902978931697,0.0
^RUT,2026-02-27,2610.0,Put,0.0,0.0,40.98,8.0,79.0,0.03763850197109067,2669.159912109375,0.23005902978931697,0.0
^RUT,2026-02-27,2615.0,Put,0.0,0.0,54.75,10.0,11.0,0.03763850197109067,2669.159912109375,0.23005902978931697,0.0
^RUT,2026-02-27,2620.0,Call,0.0,0.0,113.57,1.0,47.0,0.03763850197109067,2669.159912109375,0.23005902978931697,0.0
^RUT,2026-02-27,2620.0,Put,0.0,0.0,42.51,9.0,152.0,0.03763850197109067,2669.159912109375,0.23005902978931697,0.0
^RUT,2026-02-27,2625.0,Call,0.0,0.0,113.34,,1.0,0.03763850197109067,2669.159912109375,0.23005902978931697,0.0
^RUT,2026-02-27,2625.0,Put,0.0,0.0,37.49,1.0,137.0,0.03763850197109067,2669.159912109375,0.23005902978931697,0.0
^RUT,2026-02-27,2630.0,Call,0.0,0.0,86.35,15.0,20.0,0.03763850197109067,2669.159912109375,0.23005902978931697,0.0
^RUT,2026-02-27,2630.0,Put,0.0,0.0,46.07,7.0,97.0,0.03763850197109067,2669.159912109375,0.23005902978931697,0.0
^RUT,2026-02-27,2635.0,Call,0.0,0.0,89.73,1.0,4.0,0.03763850197109067,2669.159912109375,0.23005902978931697,0.0
^RUT,2026-02-27,2635.0,Put,0.0,0.0,53.88,5.0,19.0,0.03763850197109067,2669.159912109375,0.23005902978931697,0.0
^RUT,2026-02-27,2640.0,Call,0.0,0.0,79.99,5.0,80.0,0.03763850197109067,2669.159912109375,0.23005902978931697,0.0
^RUT,2026-02-27,2640.0,Put,0.0,0.0,50.96,16.0,63.0,0.03763850197109067,2669.159912109375,0.23005902978931697,0.0
^RUT,2026-02-27,2645.0,Put,0.0,0.0,66.2,,4.0,0.03763850197109067,2669.159912109375,0.23005902978931697,0.0
^RUT,2026-02-27,2650.0,Call,0.0,0.0,81.33,1.0,171.0,0.03763850197109067,2669.159912109375,0.23005902978931697,0.0
^RUT,2026-02-27,2650.0,Put,0.0,0.0,43.4,2.0,72.0,0.03763850197109067,2669.159912109375,0.23005902978931697,0.0
^RUT,2026-02-27,2655.0,Put,0.0,0.0,37.13,8.0,22.0,0.03763850197109067,2669.159912109375,0.23005902978931697,0.0
^RUT,2026-02-27,2660.0,Call,0.0,0.0,71.25,2.0,79.0,0.03763850197109067,2669.159912109375,0.23005902978931697,0.0
^RUT,2026-02-27,2660.0,Put,0.0,0.0,57.1,20.0,64.0,0.03763850197109067,2669.159912109375,0.23005902978931697,0.0
^RUT,2026-02-27,2665.0,Put,0.0,0.0,52.67,11.0,10.0,0.03763850197109067,2669.159912109375,0.23005902978931697,0.0
^RUT,2026-02-27,2670.0,Call,0.0,0.0,47.08,3.0,34.0,0.03763850197109067,2669.159912109375,0.23005902978931697,0.0
^RUT,2026-02-27,2670.0,Put,0.0,0.0,58.74,16.0,51.0,0.03763850197109067,2669.159912109375,0.23005902978931697,0.0
^RUT,2026-02-27,2675.0,Call,0.0,0.0,62.05,1.0,11.0,0.03763850197109067,2669.159912109375,0.23005902978931697,0.0
^RUT,2026-02-27,2675.0,Put,0.0,0.0,53.67,4.0,18.0,0.03763850197109067,2669.159912109375,0.23005902978931697,0.0
^RUT,2026-02-27,2680.0,Call,0.0,0.0,70.1,1.0,77.0,0.03763850197109067,2669.159912109375,0.23005902978931697,0.0
^RUT,2026-02-27,2680.0,Put,0.0,0.0,67.61,18.0,69.0,0.03763850197109067,2669.159912109375,0.23005902978931697,0.0
^RUT,2026-02-27,2685.0,Call,0.0,0.0,72.7,2.0,4.0,0.03763850197109067,2669.159912109375,0.23005902978931697,0.0
^RUT,2026-02-27,2685.0,Put,0.0,0.0,44.66,1.0,31.0,0.03763850197109067,2669.159912109375,0.23005902978931697,0.0
^RUT,2026-02-27,2690.0,Call,0.0,0.0,81.68,1.0,25.0,0.03763850197109067,2669.159912109375,0.23005902978931697,0.0
^RUT,2026-02-27,2690.0,Put,0.0,0.0,57.3,1.0,62.0,0.03763850197109067,2669.159912109375,0.23005902978931697,0.0
^RUT,2026-02-27,2695.0,Call,0.0,0.0,93.1,1.0,103.0,0.03763850197109067,2669.159912109375,0.23005902978931697,0.0
^RUT,2026-02-27,2695.0,Put,0.0,0.0,73.98,2.0,31.0,0.03763850197109067,2669.159912109375,0.23005902978931697,0.0
^RUT,2026-02-27,2700.0,Call,0.0,0.0,81.82,18.0,214.0,0.03763850197109067,2669.159912109375,0.23005902978931697,0.0
^RUT,2026-02-27,2700.0,Put,0.0,0.0,77.53,20.0,89.0,0.03763850197109067,2669.159912109375,0.23005902978931697,0.0
^RUT,2026-02-27,2705.0,Call,0.0,0.0,89.74,10.0,19.0,0.03763850197109067,2669.159912109375,0.23005902978931697,0.0
^RUT,2026-02-27,2705.0,Put,0.0,0.0,51.26,,1.0,0.03763850197109067,2669.159912109375,0.23005902978931697,0.0
^RUT,2026-02-27,2710.0,Call,0.0,0.0,84.0,2.0,86.0,0.03763850197109067,2669.159912109375,0.23005902978931697,0.0
^RUT,2026-02-27,2710.0,Put,0.0,0.0,53.48,2.0,14.0,0.03763850197109067,2669.159912109375,0.23005902978931697,0.0
^RUT,2026-02-27,2715.0,Call,0.0,0.0,42.71,4.0,13.0,0.03763850197109067,2669.159912109375,0.23005902978931697,0.0
^RUT,2026-02-27,2715.0,Put,0.0,0.0,84.68,2.0,2.0,0.03763850197109067,2669.159912109375,0.23005902978931697,0.0
^RUT,2026-02-27,2720.0,Call,0.0,0.0,70.7,1.0,8.0,0.03763850197109067,2669.159912109375,0.23005902978931697,0.0
^RUT,2026-02-27,2720.0,Put,0.0,0.0,83.08,11.0,18.0,0.03763850197109067,2669.159912109375,0.23005902978931697,0.0
^RUT,2026-02-27,2725.0,Call,0.0,0.0,39.05,5.0,23.0,0.03763850197109067,2669.159912109375,0.23005902978931697,0.0
^RUT,2026-02-27,2725.0,Put,0.0,0.0,60.22,,2.0,0.03763850197109067,2669.159912109375,0.23005902978931697,0.0
^RUT,2026-02-27,2730.0,Call,0.0,0.0,52.65,1.0,21.0,0.03763850197109067,2669.159912109375,0.23005902978931697,0.0
^RUT,2026-02-27,2730.0,Put,0.0,0.0,60.46,15.0,19.0,0.03763850197109067,2669.159912109375,0.23005902978931697,0.0
^RUT,2026-02-27,2735.0,Call,0.0,0.0,50.35,1.0,2.0,0.03763850197109067,2669.159912109375,0.23005902978931697,0.0
^RUT,2026-02-27,2735.0,Put,0.0,0.0,63.09,4.0,5.0,0.03763850197109067,2669.159912109375,0.23005902978931697,0.0
^RUT,2026-02-27,2740.0,Call,0.0,0.0,48.04,1.0,22.0,0.03763850197109067,2669.159912109375,0.23005902978931697,0.0
^RUT,2026-02-27,2740.0,Put,0.0,0.0,94.67,10.0,47.0,0.03763850197109067,2669.159912109375,0.23005902978931697,0.0
^RUT,2026-02-27,2745.0,Call,0.0,0.0,33.66,7.0,47.0,0.03763850197109067,2669.159912109375,0.23005902978931697,0.0
^RUT,2026-02-27,2745.0,Put,0.0,0.0,90.75,,1.0,0.03763850197109067,2669.159912109375,0.23005902978931697,0.0
^RUT,2026-02-27,2750.0,Call,0.0,0.0,32.32,32.0,215.0,0.03763850197109067,2669.159912109375,0.23005902978931697,0.0
^RUT,2026-02-27,2750.0,Put,0.0,0.0,73.11,13.0,23.0,0.03763850197109067,2669.159912109375,0.23005902978931697,0.0
^RUT,2026-02-27,2755.0,Call,0.0,0.0,30.32,10.0,52.0,0.03763850197109067,2669.159912109375,0.23005902978931697,0.0
^RUT,2026-02-27,2760.0,Call,0.0,0.0,29.96,31.0,129.0,0.03763850197109067,2669.159912109375,0.23005902978931697,0.0
^RUT,2026-02-27,2760.0,Put,0.0,0.0,97.23,1.0,10.0,0.03763850197109067,2669.159912109375,0.23005902978931697,0.0
^RUT,2026-02-27,2770.0,Call,0.0,0.0,26.49,20.0,43.0,0.03763850197109067,2669.159912109375,0.23005902978931697,0.0
^RUT,2026-02-27,2770.0,Put,0.0,0.0,103.66,1.0,2.0,0.03763850197109067,2669.159912109375,0.23005902978931697,0.0
^RUT,2026-02-27,2775.0,Call,0.0,0.0,49.29,5.0,7.0,0.03763850197109067,2669.159912109375,0.23005902978931697,0.0
^RUT,2026-02-27,2775.0,Put,0.0,0.0,86.46,,4.0,0.03763850197109067,2669.159912109375,0.23005902978931697,0.0
^RUT,2026-02-27,2780.0,Call,0.0,0.0,29.64,17.0,82.0,0.03763850197109067,2669.159912109375,0.23005902978931697,0.0
^RUT,2026-02-27,2780.0,Put,0.0,0.0,84.62,,2.0,0.03763850197109067,2669.159912109375,0.23005902978931697,0.0
^RUT,2026-02-27,2785.0,Call,0.0,0.0,22.36,20.0,33.0,0.03763850197109067,2669.159912109375,0.23005902978931697,0.0
^RUT,2026-02-27,2785.0,Put,0.0,0.0,87.92,,1.0,0.03763850197109067,2669.159912109375,0.23005902978931697,0.0
^RUT,2026-02-27,2790.0,Call,0.0,0.0,45.28,3.0,19.0,0.03763850197109067,2669.159912109375,0.23005902978931697,0.0
^RUT,2026-02-27,2790.0,Put,0.0,0.0,134.25,1.0,1.0,0.03763850197109067,2669.159912109375,0.23005902978931697,0.0
^RUT,2026-02-27,2795.0,Call,0.0,0.0,27.26,1.0,3.0,0.03763850197109067,2669.159912109375,0.23005902978931697,0.0
^RUT,2026-02-27,2800.0,Call,0.0,0.0,19.41,56.0,179.0,0.03763850197109067,2669.159912109375,0.23005902978931697,0.0
^RUT,2026-02-27,2800.0,Put,0.0,0.0,148.03,17.0,22.0,0.03763850197109067,2669.159912109375,0.23005902978931697,0.0
^RUT,2026-02-27,2805.0,Call,0.0,0.0,21.82,11.0,55.0,0.03763850197109067,2669.159912109375,0.23005902978931697,0.0
^RUT,2026-02-27,2810.0,Call,0.0,0.0,17.25,13.0,18.0,0.03763850197109067,2669.159912109375,0.23005902978931697,0.0
^RUT,2026-02-27,2815.0,Call,0.0,0.0,15.7,1.0,46.0,0.03763850197109067,2669.159912109375,0.23005902978931697,0.0
^RUT,2026-02-27,2820.0,Call,0.0,0.0,16.91,2.0,94.0,0.03763850197109067,2669.159912109375,0.23005902978931697,0.0
^RUT,2026-02-27,2825.0,Call,0.0,0.0,18.1,4.0,28.0,0.03763850197109067,2669.159912109375,0.23005902978931697,0.0
^RUT,2026-02-27,2830.0,Call,0.0,0.0,26.59,85.0,116.0,0.03763850197109067,2669.159912109375,0.23005902978931697,0.0
^RUT,2026-02-27,2835.0,Call,0.0,0.0,12.93,2.0,2.0,0.03763850197109067,2669.159912109375,0.23005902978931697,0.0
^RUT,2026-02-27,2840.0,Call,0.0,0.0,13.25,2.0,48.0,0.03763850197109067,2669.159912109375,0.23005902978931697,0.0
^RUT,2026-02-27,2845.0,Call,0.0,0.0,10.46,32.0,124.0,0.03763850197109067,2669.159912109375,0.23005902978931697,0.0
^RUT,2026-02-27,2850.0,Call,0.0,0.0,9.85,34.0,149.0,0.03763850197109067,2669.159912109375,0.23005902978931697,0.0
^RUT,2026-02-27,2850.0,Put,0.0,0.0,189.45,17.0,10.0,0.03763850197109067,2669.159912109375,0.23005902978931697,0.0
^RUT,2026-02-27,2855.0,Call,0.0,0.0,9.3,16.0,22.0,0.03763850197109067,2669.159912109375,0.23005902978931697,0.0
^RUT,2026-02-27,2860.0,Call,0.0,0.0,8.75,15.0,31.0,0.03763850197109067,2669.159912109375,0.23005902978931697,0.0
^RUT,2026-02-27,2865.0,Call,0.0,0.0,13.49,2.0,3.0,0.03763850197109067,2669.159912109375,0.23005902978931697,0.0
^RUT,2026-02-27,2870.0,Call,0.0,0.0,7.7,2.0,17.0,0.03763850197109067,2669.159912109375,0.23005902978931697,0.0
^RUT,2026-02-27,2875.0,Call,0.0,0.0,9.32,23.0,25.0,0.03763850197109067,2669.159912109375,0.23005902978931697,0.0
^RUT,2026-02-27,2880.0,Call,0.0,0.0,8.77,20.0,35.0,0.03763850197109067,2669.159912109375,0.23005902978931697,0.0
^RUT,2026-02-27,2885.0,Call,0.0,0.0,6.8,1.0,1.0,0.03763850197109067,2669.159912109375,0.23005902978931697,0.0
^RUT,2026-02-27,2890.0,Call,0.0,0.0,6.42,6.0,53.0,0.03763850197109067,2669.159912109375,0.23005902978931697,0.0
^RUT,2026-02-27,2895.0,Call,0.0,0.0,11.6,1.0,3.0,0.03763850197109067,2669.159912109375,0.23005902978931697,0.0
^RUT,2026-02-27,2900.0,Call,0.0,0.0,5.38,12.0,122.0,0.03763850197109067,2669.159912109375,0.23005902978931697,0.0
^RUT,2026-02-27,2905.0,Call,0.0,0.0,6.7,10.0,15.0,0.03763850197109067,2669.159912109375,0.23005902978931697,0.0
^RUT,2026-02-27,2910.0,Call,0.0,0.0,4.92,2.0,4.0,0.03763850197109067,2669.159912109375,0.23005902978931697,0.0
^RUT,2026-02-27,2920.0,Call,0.0,0.0,5.39,1.0,1.0,0.03763850197109067,2669.159912109375,0.23005902978931697,0.0
^RUT,2026-02-27,2925.0,Call,0.0,0.0,3.95,8.0,8.0,0.03763850197109067,2669.159912109375,0.23005902978931697,0.0
^RUT,2026-02-27,2945.0,Call,0.0,0.0,4.96,,1.0,0.03763850197109067,2669.159912109375,0.23005902978931697,0.0
^RUT,2026-02-27,2950.0,Call,0.0,0.0,2.84,6.0,34.0,0.03763850197109067,2669.159912109375,0.23005902978931697,0.0
^RUT,2026-02-27,2950.0,Put,0.0,0.0,282.57,17.0,24.0,0.03763850197109067,2669.159912109375,0.23005902978931697,0.0
^RUT,2026-02-27,2965.0,Call,0.0,0.0,2.4,2.0,3.0,0.03763850197109067,2669.159912109375,0.23005902978931697,0.0
^RUT,2026-02-27,2970.0,Call,0.0,0.0,2.88,1.0,2.0,0.03763850197109067,2669.159912109375,0.23005902978931697,0.0
^RUT,2026-02-27,2975.0,Call,0.0,0.0,3.21,,1.0,0.03763850197109067,2669.159912109375,0.23005902978931697,0.0
^RUT,2026-02-27,2980.0,Call,0.0,0.0,3.5,5.0,11.0,0.03763850197109067,2669.159912109375,0.23005902978931697,0.0
^RUT,2026-02-27,2990.0,Call,0.0,0.0,2.1,2.0,53.0,0.03763850197109067,2669.159912109375,0.23005902978931697,0.0
^RUT,2026-02-27,2995.0,Call,0.0,0.0,2.87,,2.0,0.03763850197109067,2669.159912109375,0.23005902978931697,0.0
^RUT,2026-02-27,3000.0,Call,0.0,0.0,3.2,62.0,83.0,0.03763850197109067,2669.159912109375,0.23005902978931697,0.0
^RUT,2026-02-27,3000.0,Put,0.0,0.0,331.69,17.0,10.0,0.03763850197109067,2669.159912109375,0.23005902978931697,0.0
^RUT,2026-02-27,3050.0,Call,0.0,0.0,1.07,14.0,44.0,0.03763850197109067,2669.159912109375,0.23005902978931697,0.0
^RUT,2026-02-27,3100.0,Call,0.0,0.0,1.5,2.0,94.0,0.03763850197109067,2669.159912109375,0.23005902978931697,0.0
^RUT,2026-02-27,3100.0,Put,0.0,0.0,436.88,8.0,7.0,0.03763850197109067,2669.159912109375,0.23005902978931697,0.0
^RUT,2026-02-27,3150.0,Call,0.0,0.0,1.06,6.0,72.0,0.03763850197109067,2669.159912109375,0.23005902978931697,0.0
^RUT,2026-02-27,3200.0,Call,0.0,0.0,0.8,6.0,28.0,0.03763850197109067,2669.159912109375,0.23005902978931697,0.0
^RUT,2026-02-27,3250.0,Call,0.0,0.0,0.45,1.0,3.0,0.03763850197109067,2669.159912109375,0.23005902978931697,0.0
^RUT,2026-02-27,3300.0,Call,0.0,0.0,0.36,13.0,12.0,0.03763850197109067,2669.159912109375,0.23005902978931697,0.0
^RUT,2026-02-27,3350.0,Call,0.0,0.0,0.3,1.0,14.0,0.03763850197109067,2669.159912109375,0.23005902978931697,0.0
^RUT,2026-02-27,3350.0,Put,745.6,765.0,845.67,17.0,15.0,0.03763850197109067,2669.159912109375,0.23005902978931697,0.0
^RUT,2026-02-27,3400.0,Call,0.0,0.0,0.18,3.0,7.0,0.03763850197109067,2669.159912109375,0.23005902978931697,0.0
^RUT,2026-02-27,3450.0,Call,0.0,0.0,0.35,1.0,0.0,0.03763850197109067,2669.159912109375,0.23005902978931697,0.0
^RUT,2026-02-27,3500.0,Call,0.0,0.0,0.13,26.0,23.0,0.03763850197109067,2669.159912109375,0.23005902978931697,0.0
^RUT,2026-02-27,3500.0,Put,895.0,914.0,994.18,17.0,15.0,0.03763850197109067,2669.159912109375,0.23005902978931697,0.0
^RUT,2026-03-06,2200.0,Put,0.0,0.0,3.5,1.0,1.0,0.03736254927726675,2669.159912109375,0.23005902978931697,0.0
^RUT,2026-03-06,2245.0,Put,0.0,0.0,4.62,2.0,2.0,0.03736254927726675,2669.159912109375,0.23005902978931697,0.0
^RUT,2026-03-06,2270.0,Put,0.0,0.0,4.43,1.0,1.0,0.03736254927726675,2669.159912109375,0.23005902978931697,0.0
^RUT,2026-03-06,2365.0,Put,0.0,0.0,7.93,1.0,1.0,0.03736254927726675,2669.159912109375,0.23005902978931697,0.0
^RUT,2026-03-06,2375.0,Put,0.0,0.0,9.18,5.0,5.0,0.03736254927726675,2669.159912109375,0.23005902978931697,0.0
^RUT,2026-03-06,2380.0,Put,0.0,0.0,9.45,4.0,4.0,0.03736254927726675,2669.159912109375,0.23005902978931697,0.0
^RUT,2026-03-06,2385.0,Put,0.0,0.0,10.1,1.0,1.0,0.03736254927726675,2669.159912109375,0.23005902978931697,0.0
^RUT,2026-03-06,2390.0,Put,0.0,0.0,10.42,1.0,1.0,0.03736254927726675,2669.159912109375,0.23005902978931697,0.0
^RUT,2026-03-06,2395.0,Put,0.0,0.0,8.8,1.0,1.0,0.03736254927726675,2669.159912109375,0.23005902978931697,0.0
^RUT,2026-03-06,2400.0,Put,0.0,0.0,9.06,4.0,4.0,0.03736254927726675,2669.159912109375,0.23005902978931697,0.0
^RUT,2026-03-06,2405.0,Put,0.0,0.0,11.8,2.0,2.0,0.03736254927726675,2669.159912109375,0.23005902978931697,0.0
^RUT,2026-03-06,2410.0,Put,0.0,0.0,9.75,1.0,1.0,0.03736254927726675,2669.159912109375,0.23005902978931697,0.0
^RUT,2026-03-06,2415.0,Put,0.0,0.0,12.6,2.0,2.0,0.03736254927726675,2669.159912109375,0.23005902978931697,0.0
^RUT,2026-03-06,2420.0,Put,0.0,0.0,12.19,2.0,2.0,0.03736254927726675,2669.159912109375,0.23005902978931697,0.0
^RUT,2026-03-06,2425.0,Put,0.0,0.0,10.91,2.0,2.0,0.03736254927726675,2669.159912109375,0.23005902978931697,0.0
^RUT,2026-03-06,2430.0,Put,0.0,0.0,13.45,7.0,7.0,0.03736254927726675,2669.159912109375,0.23005902978931697,0.0
^RUT,2026-03-06,2435.0,Put,0.0,0.0,11.11,1.0,1.0,0.03736254927726675,2669.159912109375,0.23005902978931697,0.0
^RUT,2026-03-06,2440.0,Put,0.0,0.0,11.7,25.0,25.0,0.03736254927726675,2669.159912109375,0.23005902978931697,0.0
^RUT,2026-03-06,2445.0,Put,0.0,0.0,15.12,2.0,2.0,0.03736254927726675,2669.159912109375,0.23005902978931697,0.0
^RUT,2026-03-06,2450.0,Put,0.0,0.0,15.1,5.0,3.0,0.03736254927726675,2669.159912109375,0.23005902978931697,0.0
^RUT,2026-03-06,2460.0,Put,0.0,0.0,14.59,1.0,1.0,0.03736254927726675,2669.159912109375,0.23005902978931697,0.0
^RUT,2026-03-06,2470.0,Put,0.0,0.0,16.87,3.0,3.0,0.03736254927726675,2669.159912109375,0.23005902978931697,0.0
^RUT,2026-03-06,2480.0,Put,0.0,0.0,17.07,19.0,17.0,0.03736254927726675,2669.159912109375,0.23005902978931697,0.0
^RUT,2026-03-06,2490.0,Put,0.0,0.0,19.41,6.0,31.0,0.03736254927726675,2669.159912109375,0.23005902978931697,0.0
^RUT,2026-03-06,2495.0,Put,0.0,0.0,15.71,,20.0,0.03736254927726675,2669.159912109375,0.23005902978931697,0.0
^RUT,2026-03-06,2500.0,Put,0.0,0.0,21.8,12.0,17.0,0.03736254927726675,2669.159912109375,0.23005902978931697,0.0
^RUT,2026-03-06,2505.0,Put,0.0,0.0,19.11,5.0,5.0,0.03736254927726675,2669.159912109375,0.23005902978931697,0.0
^RUT,2026-03-06,2510.0,Put,0.0,0.0,23.2,4.0,4.0,0.03736254927726675,2669.159912109375,0.23005902978931697,0.0
^RUT,2026-03-06,2515.0,Put,0.0,0.0,19.41,1.0,1.0,0.03736254927726675,2669.159912109375,0.23005902978931697,0.0
^RUT,2026-03-06,2520.0,Put,0.0,0.0,24.58,5.0,5.0,0.03736254927726675,2669.159912109375,0.23005902978931697,0.0
^RUT,2026-03-06,2525.0,Put,0.0,0.0,19.55,,1.0,0.03736254927726675,2669.159912109375,0.23005902978931697,0.0
^RUT,2026-03-06,2530.0,Put,0.0,0.0,26.35,26.0,27.0,0.03736254927726675,2669.159912109375,0.23005902978931697,0.0
^RUT,2026-03-06,2535.0,Put,0.0,0.0,20.55,,1.0,0.03736254927726675,2669.159912109375,0.23005902978931697,0.0
^RUT,2026-03-06,2540.0,Put,0.0,0.0,28.25,12.0,16.0,0.03736254927726675,2669.159912109375,0.23005902978931697,0.0
^RUT,2026-03-06,2545.0,Put,0.0,0.0,30.22,14.0,15.0,0.03736254927726675,2669.159912109375,0.23005902978931697,0.0
^RUT,2026-03-06,2550.0,Put,0.0,0.0,27.24,29.0,28.0,0.03736254927726675,2669.159912109375,0.23005902978931697,0.0
^RUT,2026-03-06,2555.0,Put,0.0,0.0,24.03,,1.0,0.03736254927726675,2669.159912109375,0.23005902978931697,0.0
^RUT,2026-03-06,2560.0,Put,0.0,0.0,24.81,,1.0,0.03736254927726675,2669.159912109375,0.23005902978931697,0.0
^RUT,2026-03-06,2565.0,Put,0.0,0.0,35.45,1.0,1.0,0.03736254927726675,2669.159912109375,0.23005902978931697,0.0
^RUT,2026-03-06,2570.0,Put,0.0,0.0,35.33,2.0,62.0,0.03736254927726675,2669.159912109375,0.23005902978931697,0.0
^RUT,2026-03-06,2575.0,Put,0.0,0.0,37.92,2.0,122.0,0.03736254927726675,2669.159912109375,0.23005902978931697,0.0
^RUT,2026-03-06,2580.0,Put,0.0,0.0,31.21,7.0,7.0,0.03736254927726675,2669.159912109375,0.23005902978931697,0.0
^RUT,2026-03-06,2585.0,Put,0.0,0.0,31.8,1.0,1.0,0.03736254927726675,2669.159912109375,0.23005902978931697,0.0
^RUT,2026-03-06,2590.0,Put,0.0,0.0,33.43,5.0,5.0,0.03736254927726675,2669.159912109375,0.23005902978931697,0.0
^RUT,2026-03-06,2595.0,Put,0.0,0.0,42.47,3.0,3.0,0.03736254927726675,2669.159912109375,0.23005902978931697,0.0
^RUT,2026-03-06,2600.0,Put,0.0,0.0,43.14,6.0,9.0,0.03736254927726675,2669.159912109375,0.23005902978931697,0.0
^RUT,2026-03-06,2610.0,Put,0.0,0.0,40.91,1.0,1.0,0.03736254927726675,2669.159912109375,0.23005902978931697,0.0
^RUT,2026-03-06,2620.0,Put,0.0,0.0,37.15,,40.0,0.03736254927726675,2669.159912109375,0.23005902978931697,0.0
^RUT,2026-03-06,2625.0,Put,0.0,0.0,38.27,,100.0,0.03736254927726675,2669.159912109375,0.23005902978931697,0.0
^RUT,2026-03-06,2630.0,Put,0.0,0.0,52.55,1.0,1.0,0.03736254927726675,2669.159912109375,0.23005902978931697,0.0
^RUT,2026-03-06,2640.0,Put,0.0,0.0,47.14,4.0,4.0,0.03736254927726675,2669.159912109375,0.23005902978931697,0.0
^RUT,2026-03-06,2645.0,Put,0.0,0.0,51.27,1.0,1.0,0.03736254927726675,2669.159912109375,0.23005902978931697,0.0
^RUT,2026-03-06,2650.0,Put,0.0,0.0,52.98,1.0,1.0,0.03736254927726675,2669.159912109375,0.23005902978931697,0.0
^RUT,2026-03-06,2690.0,Put,0.0,0.0,65.64,2.0,2.0,0.03736254927726675,2669.159912109375,0.23005902978931697,0.0
^RUT,2026-03-06,2695.0,Put,0.0,0.0,72.24,6.0,6.0,0.03736254927726675,2669.159912109375,0.23005902978931697,0.0
^RUT,2026-03-06,2700.0,Put,0.0,0.0,60.8,,3.0,0.03736254927726675,2669.159912109375,0.23005902978931697,0.0
^RUT,2026-03-06,2705.0,Put,0.0,0.0,84.88,1.0,1.0,0.03736254927726675,2669.159912109375,0.23005902978931697,0.0
^RUT,2026-03-06,2710.0,Put,0.0,0.0,87.2,5.0,5.0,0.03736254927726675,2669.159912109375,0.23005902978931697,0.0
^RUT,2026-03-06,2720.0,Call,0.0,0.0,76.4,,4.0,0.03736254927726675,2669.159912109375,0.23005902978931697,0.0
^RUT,2026-03-06,2720.0,Put,0.0,0.0,70.05,,51.0,0.03736254927726675,2669.159912109375,0.23005902978931697,0.0
^RUT,2026-03-06,2725.0,Call,0.0,0.0,73.6,,3.0,0.03736254927726675,2669.159912109375,0.23005902978931697,0.0
^RUT,2026-03-06,2730.0,Put,0.0,0.0,70.03,,52.0,0.03736254927726675,2669.159912109375,0.23005902978931697,0.0
^RUT,2026-03-06,2735.0,Call,0.0,0.0,68.3,,3.0,0.03736254927726675,2669.159912109375,0.23005902978931697,0.0
^RUT,2026-03-06,2780.0,Call,0.0,0.0,56.6,,1.0,0.03736254927726675,2669.159912109375,0.23005902978931697,0.0
^RUT,2026-03-06,2790.0,Call,0.0,0.0,45.91,,45.0,0.03736254927726675,2669.159912109375,0.23005902978931697,0.0
^RUT,2026-03-06,2800.0,Call,0.0,0.0,24.37,10.0,55.0,0.03736254927726675,2669.159912109375,0.23005902978931697,0.0
^RUT,2026-03-06,2805.0,Call,0.0,0.0,23.17,35.0,25.0,0.03736254927726675,2669.159912109375,0.23005902978931697,0.0
^RUT,2026-03-06,2810.0,Call,0.0,0.0,24.74,1.0,96.0,0.03736254927726675,2669.159912109375,0.23005902978931697,0.0
^RUT,2026-03-06,2815.0,Call,0.0,0.0,23.5,1.0,51.0,0.03736254927726675,2669.159912109375,0.23005902978931697,0.0
^RUT,2026-03-06,2820.0,Call,0.0,0.0,34.22,,50.0,0.03736254927726675,2669.159912109375,0.23005902978931697,0.0
^RUT,2026-03-06,2825.0,Call,0.0,0.0,18.26,29.0,70.0,0.03736254927726675,2669.159912109375,0.23005902978931697,0.0
^RUT,2026-03-06,2830.0,Call,0.0,0.0,17.37,29.0,125.0,0.03736254927726675,2669.159912109375,0.23005902978931697,0.0
^RUT,2026-03-06,2835.0,Call,0.0,0.0,16.4,4.0,50.0,0.03736254927726675,2669.159912109375,0.23005902978931697,0.0
^RUT,2026-03-06,2840.0,Call,0.0,0.0,19.63,12.0,12.0,0.03736254927726675,2669.159912109375,0.23005902978931697,0.0
^RUT,2026-03-06,2850.0,Call,0.0,0.0,14.52,1.0,1.0,0.03736254927726675,2669.159912109375,0.23005902978931697,0.0
^RUT,2026-03-06,2860.0,Call,0.0,0.0,12.12,13.0,13.0,0.03736254927726675,2669.159912109375,0.23005902978931697,0.0
^RUT,2026-03-06,2870.0,Call,0.0,0.0,11.66,2.0,2.0,0.03736254927726675,2669.159912109375,0.23005902978931697,0.0
^RUT,2026-03-06,2875.0,Call,0.0,0.0,21.97,,1.0,0.03736254927726675,2669.159912109375,0.23005902978931697,0.0
^RUT,2026-03-06,2880.0,Call,0.0,0.0,22.34,,23.0,0.03736254927726675,2669.159912109375,0.23005902978931697,0.0
^RUT,2026-03-06,2885.0,Call,0.0,0.0,20.2,,9.0,0.03736254927726675,2669.159912109375,0.23005902978931697,0.0
^RUT,2026-03-06,2890.0,Call,0.0,0.0,9.91,2.0,2.0,0.03736254927726675,2669.159912109375,0.23005902978931697,0.0
^RUT,2026-03-06,2895.0,Call,0.0,0.0,9.32,1.0,13.0,0.03736254927726675,2669.159912109375,0.23005902978931697,0.0
^RUT,2026-03-06,2900.0,Call,0.0,0.0,8.84,3.0,25.0,0.03736254927726675,2669.159912109375,0.23005902978931697,0.0
^RUT,2026-03-06,2905.0,Call,0.0,0.0,8.37,1.0,1.0,0.03736254927726675,2669.159912109375,0.23005902978931697,0.0
^RUT,2026-03-06,2910.0,Call,0.0,0.0,6.81,3.0,9.0,0.03736254927726675,2669.159912109375,0.23005902978931697,0.0
^RUT,2026-03-06,2915.0,Call,0.0,0.0,8.26,3.0,3.0,0.03736254927726675,2669.159912109375,0.23005902978931697,0.0
^RUT,2026-03-06,2920.0,Call,0.0,0.0,7.09,3.0,23.0,0.03736254927726675,2669.159912109375,0.23005902978931697,0.0
^RUT,2026-03-06,2925.0,Call,0.0,0.0,7.5,1.0,1.0,0.03736254927726675,2669.159912109375,0.23005902978931697,0.0
^RUT,2026-03-06,2930.0,Call,0.0,0.0,5.55,2.0,2.0,0.03736254927726675,2669.159912109375,0.23005902978931697,0.0
^RUT,2026-03-06,2940.0,Call,0.0,0.0,11.1,,21.0,0.03736254927726675,2669.159912109375,0.23005902978931697,0.0
^RUT,2026-03-06,2960.0,Call,0.0,0.0,9.09,,30.0,0.03736254927726675,2669.159912109375,0.23005902978931697,0.0
^RUT,2026-03-06,2965.0,Call,0.0,0.0,4.7,2.0,49.0,0.03736254927726675,2669.159912109375,0.23005902978931697,0.0
^RUT,2026-03-20,1050.0,Call,0.0,0.0,1463.36,91.0,95.0,0.037051773981603156,2669.159912109375,0.23005902978931697,0.0
^RUT,2026-03-20,1050.0,Put,0.0,0.0,0.05,2.0,94.0,0.037051773981603156,2669.159912109375,0.23005902978931697,0.0
^RUT,2026-03-20,1100.0,Call,1375.1,1395.1,1290.2,4.0,4.0,0.037051773981603156,2669.159912109375,0.23005902978931697,0.0
^RUT,2026-03-20,1100.0,Put,0.0,0.0,0.25,15.0,16.0,0.037051773981603156,2669.159912109375,0.23005902978931697,0.0
^RUT,2026-03-20,1150.0,Call,1325.8,1345.7,1241.6,6.0,6.0,0.037051773981603156,2669.159912109375,0.23005902978931697,0.0
^RUT,2026-03-20,1150.0,Put,1.8,2.65,3.0,2.0,38.0,0.037051773981603156,2669.159912109375,0.23005902978931697,0.0
^RUT,2026-03-20,1200.0,Call,0.0,0.0,1296.99,20.0,748.0,0.037051773981603156,2669.159912109375,0.23005902978931697,0.0
^RUT,2026-03-20,1200.0,Put,0.0,0.0,1.12,6.0,30.0,0.037051773981603156,2669.159912109375,0.23005902978931697,0.0
^RUT,2026-03-20,1250.0,Call,1228.2,1248.2,1146.9,5.0,5.0,0.037051773981603156,2669.159912109375,0.23005902978931697,0.0
^RUT,2026-03-20,1250.0,Put,0.0,0.0,0.25,3.0,92.0,0.037051773981603156,2669.159912109375,0.23005902978931697,0.0
^RUT,2026-03-20,1300.0,Call,1180.6,1200.6,1096.6,1.0,1.0,0.037051773981603156,2669.159912109375,0.23005902978931697,0.0
^RUT,2026-03-20,1300.0,Put,0.0,0.0,0.4,18.0,47.0,0.037051773981603156,2669.159912109375,0.23005902978931697,0.0
^RUT,2026-03-20,1350.0,Call,1132.1,1152.1,1051.2,1.0,1.0,0.037051773981603156,2669.159912109375,0.23005902978931697,0.0
^RUT,2026-03-20,1350.0,Put,0.0,0.0,0.35,3.0,60.0,0.037051773981603156,2669.159912109375,0.23005902978931697,0.0
^RUT,2026-03-20,1400.0,Put,0.0,0.0,0.35,3.0,526.0,0.037051773981603156,2669.159912109375,0.23005902978931697,0.0
^RUT,2026-03-20,1450.0,Put,0.0,0.0,0.55,1.0,749.0,0.037051773981603156,2669.159912109375,0.23005902978931697,0.0
^RUT,2026-03-20,1500.0,Call,964.0,983.9,986.96,,12.0,0.037051773981603156,2669.159912109375,0.23005902978931697,0.0
^RUT,2026-03-20,1500.0,Put,0.0,0.0,2.65,2.0,490.0,0.037051773981603156,2669.159912109375,0.23005902978931697,0.0
^RUT,2026-03-20,1550.0,Put,0.0,0.0,0.89,,1.0,0.037051773981603156,2669.159912109375,0.23005902978931697,0.0
^RUT,2026-03-20,1600.0,Call,0.0,0.0,975.48,1.0,35.0,0.037051773981603156,2669.159912109375,0.23005902978931697,0.0
^RUT,2026-03-20,1600.0,Put,0.0,0.0,0.83,1.0,1359.0,0.037051773981603156,2669.159912109375,0.23005902978931697,0.0
^RUT,2026-03-20,1650.0,Call,456.0,480.0,380.5,,1.0,0.037051773981603156,2669.159912109375,0.23005902978931697,0.0
^RUT,2026-03-20,1650.0,Put,0.0,0.0,1.32,5.0,240.0,0.037051773981603156,2669.159912109375,0.23005902978931697,0.0
^RUT,2026-03-20,1660.0,Call,793.4,813.3,678.65,1.0,11.0,0.037051773981603156,2669.159912109375,0.23005902978931697,0.0
^RUT,2026-03-20,1660.0,Put,0.0,0.0,3.67,22.0,38.0,0.037051773981603156,2669.159912109375,0.23005902978931697,0.0
^RUT,2026-03-20,1670.0,Call,783.7,803.6,669.35,1.0,14.0,0.037051773981603156,2669.159912109375,0.23005902978931697,0.0
^RUT,2026-03-20,1670.0,Put,0.0,0.0,3.87,22.0,90.0,0.037051773981603156,2669.159912109375,0.23005902978931697,0.0
^RUT,2026-03-20,1680.0,Call,425.0,449.0,339.6,,1.0,0.037051773981603156,2669.159912109375,0.23005902978931697,0.0
^RUT,2026-03-20,1680.0,Put,0.0,0.0,3.48,22.0,81.0,0.037051773981603156,2669.159912109375,0.23005902978931697,0.0
^RUT,2026-03-20,1690.0,Call,420.8,427.4,283.08,1.0,0.0,0.037051773981603156,2669.159912109375,0.23005902978931697,0.0
^RUT,2026-03-20,1690.0,Put,0.0,0.0,1.57,5.0,37.0,0.037051773981603156,2669.159912109375,0.23005902978931697,0.0
^RUT,2026-03-20,1700.0,Call,409.0,433.0,272.41,2.0,1.0,0.037051773981603156,2669.159912109375,0.23005902978931697,0.0
^RUT,2026-03-20,1700.0,Put,0.0,0.0,1.1,,50.0,0.037051773981603156,2669.159912109375,0.23005902978931697,0.0
^RUT,2026-03-20,1710.0,Put,0.0,0.0,3.8,86.0,123.0,0.037051773981603156,2669.159912109375,0.23005902978931697,0.0
^RUT,2026-03-20,1720.0,Put,0.0,0.0,1.07,1.0,28.0,0.037051773981603156,2669.159912109375,0.23005902978931697,0.0
^RUT,2026-03-20,1730.0,Put,0.0,0.0,1.67,20.0,47.0,0.037051773981603156,2669.159912109375,0.23005902978931697,0.0
^RUT,2026-03-20,1740.0,Put,0.0,0.0,2.4,4.0,77.0,0.037051773981603156,2669.159912109375,0.23005902978931697,0.0
^RUT,2026-03-20,1750.0,Call,472.4,481.3,433.0,,1.0,0.037051773981603156,2669.159912109375,0.23005902978931697,0.0
^RUT,2026-03-20,1750.0,Put,0.0,0.0,2.5,1.0,157.0,0.037051773981603156,2669.159912109375,0.23005902978931697,0.0
^RUT,2026-03-20,1760.0,Put,0.0,0.0,2.72,110.0,122.0,0.037051773981603156,2669.159912109375,0.23005902978931697,0.0
^RUT,2026-03-20,1770.0,Call,688.6,708.6,535.59,6.0,6.0,0.037051773981603156,2669.159912109375,0.23005902978931697,0.0
^RUT,2026-03-20,1770.0,Put,0.0,0.0,2.27,5.0,443.0,0.037051773981603156,2669.159912109375,0.23005902978931697,0.0
^RUT,2026-03-20,1780.0,Call,679.4,699.4,471.11,6.0,0.0,0.037051773981603156,2669.159912109375,0.23005902978931697,0.0
^RUT,2026-03-20,1780.0,Put,0.0,0.0,2.97,216.0,119.0,0.037051773981603156,2669.159912109375,0.23005902978931697,0.0
^RUT,2026-03-20,1790.0,Call,669.5,689.4,490.12,6.0,0.0,0.037051773981603156,2669.159912109375,0.23005902978931697,0.0
^RUT,2026-03-20,1790.0,Put,0.0,0.0,1.7,1.0,96.0,0.037051773981603156,2669.159912109375,0.23005902978931697,0.0
^RUT,2026-03-20,1800.0,Call,663.1,674.2,619.61,6.0,16.0,0.037051773981603156,2669.159912109375,0.23005902978931697,0.0
^RUT,2026-03-20,1800.0,Put,0.0,0.0,1.66,1.0,1735.0,0.037051773981603156,2669.159912109375,0.23005902978931697,0.0
^RUT,2026-03-20,1810.0,Call,388.0,412.0,229.9,,2.0,0.037051773981603156,2669.159912109375,0.23005902978931697,0.0
^RUT,2026-03-20,1810.0,Put,0.0,0.0,3.7,21.0,62.0,0.037051773981603156,2669.159912109375,0.23005902978931697,0.0
^RUT,2026-03-20,1820.0,Call,0.0,0.0,313.06,,0.0,0.037051773981603156,2669.159912109375,0.23005902978931697,0.0
^RUT,2026-03-20,1820.0,Put,0.0,0.0,3.5,7.0,77.0,0.037051773981603156,2669.159912109375,0.23005902978931697,0.0
^RUT,2026-03-20,1830.0,Put,0.0,0.0,2.05,3.0,151.0,0.037051773981603156,2669.159912109375,0.23005902978931697,0.0
^RUT,2026-03-20,1840.0,Call,199.0,299.0,377.79,,0.0,0.037051773981603156,2669.159912109375,0.23005902978931697,0.0
^RUT,2026-03-20,1840.0,Put,0.0,0.0,4.05,15.0,36.0,0.037051773981603156,2669.159912109375,0.23005902978931697,0.0
^RUT,2026-03-20,1850.0,Call,321.0,345.0,256.2,5.0,155.0,0.037051773981603156,2669.159912109375,0.23005902978931697,0.0
^RUT,2026-03-20,1850.0,Put,0.0,0.0,2.65,50.0,530.0,0.037051773981603156,2669.159912109375,0.23005902978931697,0.0
^RUT,2026-03-20,1860.0,Put,0.0,0.0,2.01,36.0,226.0,0.037051773981603156,2669.159912109375,0.23005902978931697,0.0
^RUT,2026-03-20,1870.0,Call,0.0,0.0,294.2,10.0,0.0,0.037051773981603156,2669.159912109375,0.23005902978931697,0.0
^RUT,2026-03-20,1870.0,Put,0.0,0.0,2.1,44.0,545.0,0.037051773981603156,2669.159912109375,0.23005902978931697,0.0
^RUT,2026-03-20,1880.0,Call,282.2,297.3,155.38,,1.0,0.037051773981603156,2669.159912109375,0.23005902978931697,0.0
^RUT,2026-03-20,1880.0,Put,0.0,0.0,2.22,132.0,123.0,0.037051773981603156,2669.159912109375,0.23005902978931697,0.0
^RUT,2026-03-20,1890.0,Call,292.0,316.0,231.8,6.0,12.0,0.037051773981603156,2669.159912109375,0.23005902978931697,0.0
^RUT,2026-03-20,1890.0,Put,0.0,0.0,2.0,1.0,113.0,0.037051773981603156,2669.159912109375,0.23005902978931697,0.0
^RUT,2026-03-20,1900.0,Call,568.4,585.1,519.9,2100.0,2100.0,0.037051773981603156,2669.159912109375,0.23005902978931697,0.0
^RUT,2026-03-20,1900.0,Put,0.0,0.0,2.37,290.0,3083.0,0.037051773981603156,2669.159912109375,0.23005902978931697,0.0
^RUT,2026-03-20,1910.0,Call,262.5,277.4,159.83,,1.0,0.037051773981603156,2669.159912109375,0.23005902978931697,0.0
^RUT,2026-03-20,1910.0,Put,0.0,0.0,3.25,44.0,38.0,0.037051773981603156,2669.159912109375,0.23005902978931697,0.0
^RUT,2026-03-20,1920.0,Call,214.8,223.9,292.62,8.0,7.0,0.037051773981603156,2669.159912109375,0.23005902978931697,0.0
^RUT,2026-03-20,1920.0,Put,0.0,0.0,2.98,211.0,149.0,0.037051773981603156,2669.159912109375,0.23005902978931697,0.0
^RUT,2026-03-20,1930.0,Call,209.1,218.1,284.79,12.0,12.0,0.037051773981603156,2669.159912109375,0.23005902978931697,0.0
^RUT,2026-03-20,1930.0,Put,0.0,0.0,2.28,91.0,181.0,0.037051773981603156,2669.159912109375,0.23005902978931697,0.0
^RUT,2026-03-20,1940.0,Call,642.4,662.3,428.93,2.0,19.0,0.037051773981603156,2669.159912109375,0.23005902978931697,0.0
^RUT,2026-03-20,1940.0,Put,0.0,0.0,2.56,6.0,300.0,0.037051773981603156,2669.159912109375,0.23005902978931697,0.0
^RUT,2026-03-20,1950.0,Call,514.0,533.9,591.0,1.0,105.0,0.037051773981603156,2669.159912109375,0.23005902978931697,0.0
^RUT,2026-03-20,1950.0,Put,0.0,0.0,2.75,17.0,826.0,0.037051773981603156,2669.159912109375,0.23005902978931697,0.0
^RUT,2026-03-20,1960.0,Put,0.0,0.0,2.47,69.0,131.0,0.037051773981603156,2669.159912109375,0.23005902978931697,0.0
^RUT,2026-03-20,1970.0,Call,504.0,523.8,344.66,60.0,98.0,0.037051773981603156,2669.159912109375,0.23005902978931697,0.0
^RUT,2026-03-20,1970.0,Put,0.0,0.0,2.72,66.0,599.0,0.037051773981603156,2669.159912109375,0.23005902978931697,0.0
^RUT,2026-03-20,1980.0,Call,262.0,286.0,156.5,12.0,21.0,0.037051773981603156,2669.159912109375,0.23005902978931697,0.0
^RUT,2026-03-20,1980.0,Put,0.0,0.0,2.64,86.0,389.0,0.037051773981603156,2669.159912109375,0.23005902978931697,0.0
^RUT,2026-03-20,1990.0,Call,256.0,280.0,139.9,6.0,39.0,0.037051773981603156,2669.159912109375,0.23005902978931697,0.0
^RUT,2026-03-20,1990.0,Put,0.0,0.0,3.1,62.0,566.0,0.037051773981603156,2669.159912109375,0.23005902978931697,0.0
^RUT,2026-03-20,2000.0,Call,0.0,0.0,677.01,3.0,75.0,0.037051773981603156,2669.159912109375,0.23005902978931697,0.0
^RUT,2026-03-20,2000.0,Put,0.0,0.0,5.3,,2.0,0.037051773981603156,2669.159912109375,0.23005902978931697,0.0
^RUT,2026-03-20,2010.0,Call,472.0,491.9,308.73,2.0,31.0,0.037051773981603156,2669.159912109375,0.23005902978931697,0.0
^RUT,2026-03-20,2010.0,Put,0.0,0.0,3.42,66.0,471.0,0.037051773981603156,2669.159912109375,0.23005902978931697,0.0
^RUT,2026-03-20,2020.0,Call,462.3,479.7,271.98,2.0,40.0,0.037051773981603156,2669.159912109375,0.23005902978931697,0.0
^RUT,2026-03-20,2020.0,Put,0.0,0.0,4.1,310.0,420.0,0.037051773981603156,2669.159912109375,0.23005902978931697,0.0
^RUT,2026-03-20,2030.0,Call,450.4,470.4,271.68,2.0,62.0,0.037051773981603156,2669.159912109375,0.23005902978931697,0.0
^RUT,2026-03-20,2030.0,Put,0.0,0.0,3.5,5.0,233.0,0.037051773981603156,2669.159912109375,0.23005902978931697,0.0
^RUT,2026-03-20,2040.0,Call,446.4,465.6,318.83,4.0,41.0,0.037051773981603156,2669.159912109375,0.23005902978931697,0.0
^RUT,2026-03-20,2040.0,Put,0.0,0.0,4.38,14.0,221.0,0.037051773981603156,2669.159912109375,0.23005902978931697,0.0
^RUT,2026-03-20,2050.0,Call,0.0,0.0,628.24,3.0,279.0,0.037051773981603156,2669.159912109375,0.23005902978931697,0.0
^RUT,2026-03-20,2050.0,Put,0.0,0.0,3.68,3.0,928.0,0.037051773981603156,2669.159912109375,0.23005902978931697,0.0
^RUT,2026-03-20,2060.0,Call,425.3,445.1,258.51,2.0,2.0,0.037051773981603156,2669.159912109375,0.23005902978931697,0.0
^RUT,2026-03-20,2060.0,Put,0.0,0.0,3.4,3.0,291.0,0.037051773981603156,2669.159912109375,0.23005902978931697,0.0
^RUT,2026-03-20,2070.0,Call,418.3,436.5,257.33,4.0,20.0,0.037051773981603156,2669.159912109375,0.23005902978931697,0.0
^RUT,2026-03-20,2070.0,Put,0.0,0.0,3.5,1.0,285.0,0.037051773981603156,2669.159912109375,0.23005902978931697,0.0
^RUT,2026-03-20,2080.0,Call,407.0,426.8,284.59,2.0,1.0,0.037051773981603156,2669.159912109375,0.23005902978931697,0.0
^RUT,2026-03-20,2080.0,Put,0.0,0.0,3.74,40.0,46.0,0.037051773981603156,2669.159912109375,0.23005902978931697,0.0
^RUT,2026-03-20,2090.0,Call,398.7,418.7,243.95,,1.0,0.037051773981603156,2669.159912109375,0.23005902978931697,0.0
^RUT,2026-03-20,2090.0,Put,0.0,0.0,3.71,40.0,67.0,0.037051773981603156,2669.159912109375,0.23005902978931697,0.0
^RUT,2026-03-20,2100.0,Call,0.0,0.0,411.91,1.0,2167.0,0.037051773981603156,2669.159912109375,0.23005902978931697,0.0
^RUT,2026-03-20,2100.0,Put,0.0,0.0,4.4,14.0,418.0,0.037051773981603156,2669.159912109375,0.23005902978931697,0.0
^RUT,2026-03-20,2110.0,Call,382.8,401.7,282.91,2.0,97.0,0.037051773981603156,2669.159912109375,0.23005902978931697,0.0
^RUT,2026-03-20,2110.0,Put,0.0,0.0,5.22,28.0,23.0,0.037051773981603156,2669.159912109375,0.23005902978931697,0.0
^RUT,2026-03-20,2120.0,Call,373.6,393.6,278.52,2.0,33.0,0.037051773981603156,2669.159912109375,0.23005902978931697,0.0
^RUT,2026-03-20,2120.0,Put,0.0,0.0,5.06,13.0,44.0,0.037051773981603156,2669.159912109375,0.23005902978931697,0.0
^RUT,2026-03-20,2130.0,Call,365.6,385.6,270.45,2.0,2.0,0.037051773981603156,2669.159912109375,0.23005902978931697,0.0
^RUT,2026-03-20,2130.0,Put,0.0,0.0,4.4,193.0,393.0,0.037051773981603156,2669.159912109375,0.23005902978931697,0.0
^RUT,2026-03-20,2140.0,Call,357.3,377.3,216.31,2.0,12.0,0.037051773981603156,2669.159912109375,0.23005902978931697,0.0
^RUT,2026-03-20,2140.0,Put,0.0,0.0,5.75,19.0,349.0,0.037051773981603156,2669.159912109375,0.23005902978931697,0.0
^RUT,2026-03-20,2150.0,Call,0.0,0.0,365.28,1.0,120.0,0.037051773981603156,2669.159912109375,0.23005902978931697,0.0
^RUT,2026-03-20,2150.0,Put,0.0,0.0,4.96,103.0,2857.0,0.037051773981603156,2669.159912109375,0.23005902978931697,0.0
^RUT,2026-03-20,2160.0,Call,340.9,360.9,169.94,2.0,1.0,0.037051773981603156,2669.159912109375,0.23005902978931697,0.0
^RUT,2026-03-20,2160.0,Put,0.0,0.0,5.07,11.0,291.0,0.037051773981603156,2669.159912109375,0.23005902978931697,0.0
^RUT,2026-03-20,2170.0,Call,336.2,356.0,194.93,2.0,3.0,0.037051773981603156,2669.159912109375,0.23005902978931697,0.0
^RUT,2026-03-20,2170.0,Put,0.0,0.0,6.5,90.0,226.0,0.037051773981603156,2669.159912109375,0.23005902978931697,0.0
^RUT,2026-03-20,2180.0,Call,334.3,337.9,255.66,12.0,7.0,0.037051773981603156,2669.159912109375,0.23005902978931697,0.0
^RUT,2026-03-20,2180.0,Put,0.0,0.0,5.3,140.0,785.0,0.037051773981603156,2669.159912109375,0.23005902978931697,0.0
^RUT,2026-03-20,2190.0,Call,326.3,329.9,248.45,,1.0,0.037051773981603156,2669.159912109375,0.23005902978931697,0.0
^RUT,2026-03-20,2190.0,Put,0.0,0.0,6.09,1.0,61.0,0.037051773981603156,2669.159912109375,0.23005902978931697,0.0
^RUT,2026-03-20,2200.0,Call,0.0,0.0,493.86,1.0,265.0,0.037051773981603156,2669.159912109375,0.23005902978931697,0.0
^RUT,2026-03-20,2200.0,Put,0.0,0.0,6.22,786.0,2246.0,0.037051773981603156,2669.159912109375,0.23005902978931697,0.0
^RUT,2026-03-20,2210.0,Call,0.0,0.0,417.47,5.0,12.0,0.037051773981603156,2669.159912109375,0.23005902978931697,0.0
^RUT,2026-03-20,2210.0,Put,0.0,0.0,10.1,11.0,122.0,0.037051773981603156,2669.159912109375,0.23005902978931697,0.0
^RUT,2026-03-20,2220.0,Call,0.0,0.0,350.43,4.0,50.0,0.037051773981603156,2669.159912109375,0.23005902978931697,0.0
^RUT,2026-03-20,2220.0,Put,0.0,0.0,6.6,2.0,248.0,0.037051773981603156,2669.159912109375,0.23005902978931697,0.0
^RUT,2026-03-20,2230.0,Call,345.7,352.2,325.77,2.0,6.0,0.037051773981603156,2669.159912109375,0.23005902978931697,0.0
^RUT,2026-03-20,2230.0,Put,0.0,0.0,6.61,20.0,234.0,0.037051773981603156,2669.159912109375,0.23005902978931697,0.0
^RUT,2026-03-20,2240.0,Call,287.7,291.0,182.6,1.0,8.0,0.037051773981603156,2669.159912109375,0.23005902978931697,0.0
^RUT,2026-03-20,2240.0,Put,0.0,0.0,12.01,,14.0,0.037051773981603156,2669.159912109375,0.23005902978931697,0.0
^RUT,2026-03-20,2245.0,Put,0.0,0.0,8.61,,3.0,0.037051773981603156,2669.159912109375,0.23005902978931697,0.0
^RUT,2026-03-20,2250.0,Call,0.0,0.0,416.05,,14.0,0.037051773981603156,2669.159912109375,0.23005902978931697,0.0
^RUT,2026-03-20,2250.0,Put,0.0,0.0,7.9,762.0,777.0,0.037051773981603156,2669.159912109375,0.23005902978931697,0.0
^RUT,2026-03-20,2260.0,Call,0.0,0.0,406.74,,14.0,0.037051773981603156,2669.159912109375,0.23005902978931697,0.0
^RUT,2026-03-20,2260.0,Put,0.0,0.0,13.1,1.0,30.0,0.037051773981603156,2669.159912109375,0.23005902978931697,0.0
^RUT,2026-03-20,2265.0,Put,0.0,0.0,9.38,,16.0,0.037051773981603156,2669.159912109375,0.23005902978931697,0.0
^RUT,2026-03-20,2270.0,Call,332.8,339.0,234.0,1.0,3.0,0.037051773981603156,2669.159912109375,0.23005902978931697,0.0
^RUT,2026-03-20,2270.0,Put,0.0,0.0,8.2,69.0,63.0,0.037051773981603156,2669.159912109375,0.23005902978931697,0.0
^RUT,2026-03-20,2275.0,Put,0.0,0.0,13.38,,5.0,0.037051773981603156,2669.159912109375,0.23005902978931697,0.0
^RUT,2026-03-20,2280.0,Call,258.1,261.3,173.58,2.0,7.0,0.037051773981603156,2669.159912109375,0.23005902978931697,0.0
^RUT,2026-03-20,2280.0,Put,0.0,0.0,8.03,1.0,9.0,0.037051773981603156,2669.159912109375,0.23005902978931697,0.0
^RUT,2026-03-20,2285.0,Call,0.0,0.0,383.87,,4.0,0.037051773981603156,2669.159912109375,0.23005902978931697,0.0
^RUT,2026-03-20,2290.0,Call,314.2,320.5,160.1,3.0,3.0,0.037051773981603156,2669.159912109375,0.23005902978931697,0.0
^RUT,2026-03-20,2290.0,Put,0.0,0.0,17.09,1.0,68.0,0.037051773981603156,2669.159912109375,0.23005902978931697,0.0
^RUT,2026-03-20,2300.0,Call,0.0,0.0,387.1,4.0,2182.0,0.037051773981603156,2669.159912109375,0.23005902978931697,0.0
^RUT,2026-03-20,2300.0,Put,0.0,0.0,9.82,3.0,2131.0,0.037051773981603156,2669.159912109375,0.23005902978931697,0.0
^RUT,2026-03-20,2310.0,Call,304.9,308.2,220.72,2.0,8.0,0.037051773981603156,2669.159912109375,0.23005902978931697,0.0
^RUT,2026-03-20,2310.0,Put,0.0,0.0,9.0,28.0,66.0,0.037051773981603156,2669.159912109375,0.23005902978931697,0.0
^RUT,2026-03-20,2320.0,Call,287.9,293.7,238.4,2.0,1.0,0.037051773981603156,2669.159912109375,0.23005902978931697,0.0
^RUT,2026-03-20,2320.0,Put,0.0,0.0,11.0,13.0,55.0,0.037051773981603156,2669.159912109375,0.23005902978931697,0.0
^RUT,2026-03-20,2325.0,Put,0.0,0.0,10.8,7.0,7.0,0.037051773981603156,2669.159912109375,0.23005902978931697,0.0
^RUT,2026-03-20,2330.0,Call,82.8,85.9,61.89,5.0,8.0,0.037051773981603156,2669.159912109375,0.23005902978931697,0.0
^RUT,2026-03-20,2330.0,Put,0.0,0.0,13.93,,32.0,0.037051773981603156,2669.159912109375,0.23005902978931697,0.0
^RUT,2026-03-20,2340.0,Call,205.8,209.0,210.33,2.0,2.0,0.037051773981603156,2669.159912109375,0.23005902978931697,0.0
^RUT,2026-03-20,2340.0,Put,0.0,0.0,14.56,,32.0,0.037051773981603156,2669.159912109375,0.23005902978931697,0.0
^RUT,2026-03-20,2345.0,Put,0.0,0.0,11.5,,17.0,0.037051773981603156,2669.159912109375,0.23005902978931697,0.0
^RUT,2026-03-20,2350.0,Call,0.0,0.0,362.1,1.0,1.0,0.037051773981603156,2669.159912109375,0.23005902978931697,0.0
^RUT,2026-03-20,2350.0,Put,0.0,0.0,12.22,11.0,1616.0,0.037051773981603156,2669.159912109375,0.23005902978931697,0.0
^RUT,2026-03-20,2355.0,Put,0.0,0.0,19.6,,4.0,0.037051773981603156,2669.159912109375,0.23005902978931697,0.0
^RUT,2026-03-20,2360.0,Call,253.2,258.6,122.3,3.0,8.0,0.037051773981603156,2669.159912109375,0.23005902978931697,0.0
^RUT,2026-03-20,2360.0,Put,0.0,0.0,13.5,29.0,171.0,0.037051773981603156,2669.159912109375,0.23005902978931697,0.0
^RUT,2026-03-20,2365.0,Put,0.0,0.0,21.9,,21.0,0.037051773981603156,2669.159912109375,0.23005902978931697,0.0
^RUT,2026-03-20,2370.0,Call,245.5,249.8,140.96,350.0,351.0,0.037051773981603156,2669.159912109375,0.23005902978931697,0.0
^RUT,2026-03-20,2370.0,Put,0.0,0.0,14.39,6.0,472.0,0.037051773981603156,2669.159912109375,0.23005902978931697,0.0
^RUT,2026-03-20,2375.0,Put,0.0,0.0,15.2,9.0,10.0,0.037051773981603156,2669.159912109375,0.23005902978931697,0.0
^RUT,2026-03-20,2380.0,Call,0.0,0.0,212.7,6.0,23.0,0.037051773981603156,2669.159912109375,0.23005902978931697,0.0
^RUT,2026-03-20,2380.0,Put,0.0,0.0,12.05,21.0,207.0,0.037051773981603156,2669.159912109375,0.23005902978931697,0.0
^RUT,2026-03-20,2390.0,Call,227.8,232.9,182.16,2.0,3.0,0.037051773981603156,2669.159912109375,0.23005902978931697,0.0
^RUT,2026-03-20,2390.0,Put,0.0,0.0,14.75,4.0,15.0,0.037051773981603156,2669.159912109375,0.23005902978931697,0.0
^RUT,2026-03-20,2395.0,Put,0.0,0.0,23.67,,1.0,0.037051773981603156,2669.159912109375,0.23005902978931697,0.0
^RUT,2026-03-20,2400.0,Call,0.0,0.0,351.84,6.0,485.0,0.037051773981603156,2669.159912109375,0.23005902978931697,0.0
^RUT,2026-03-20,2400.0,Put,0.0,0.0,16.7,13.0,1864.0,0.037051773981603156,2669.159912109375,0.23005902978931697,0.0
^RUT,2026-03-20,2405.0,Call,0.0,0.0,304.14,8.0,8.0,0.037051773981603156,2669.159912109375,0.23005902978931697,0.0
^RUT,2026-03-20,2410.0,Call,0.0,0.0,307.1,1.0,1.0,0.037051773981603156,2669.159912109375,0.23005902978931697,0.0
^RUT,2026-03-20,2410.0,Put,0.0,0.0,17.9,17.0,17.0,0.037051773981603156,2669.159912109375,0.23005902978931697,0.0
^RUT,2026-03-20,2415.0,Put,0.0,0.0,18.8,25.0,42.0,0.037051773981603156,2669.159912109375,0.23005902978931697,0.0
^RUT,2026-03-20,2420.0,Call,0.0,0.0,287.15,10.0,1521.0,0.037051773981603156,2669.159912109375,0.23005902978931697,0.0
^RUT,2026-03-20,2420.0,Put,0.0,0.0,19.16,1.0,15.0,0.037051773981603156,2669.159912109375,0.23005902978931697,0.0
^RUT,2026-03-20,2425.0,Put,0.0,0.0,19.26,,1.0,0.037051773981603156,2669.159912109375,0.23005902978931697,0.0
^RUT,2026-03-20,2430.0,Call,0.0,0.0,278.32,10.0,107.0,0.037051773981603156,2669.159912109375,0.23005902978931697,0.0
^RUT,2026-03-20,2430.0,Put,0.0,0.0,20.0,,3.0,0.037051773981603156,2669.159912109375,0.23005902978931697,0.0
^RUT,2026-03-20,2440.0,Call,0.0,0.0,258.98,1.0,9.0,0.037051773981603156,2669.159912109375,0.23005902978931697,0.0
^RUT,2026-03-20,2440.0,Put,0.0,0.0,21.41,11.0,199.0,0.037051773981603156,2669.159912109375,0.23005902978931697,0.0
^RUT,2026-03-20,2445.0,Call,0.0,0.0,276.71,1.0,1.0,0.037051773981603156,2669.159912109375,0.23005902978931697,0.0
^RUT,2026-03-20,2445.0,Put,0.0,0.0,19.07,1.0,12.0,0.037051773981603156,2669.159912109375,0.23005902978931697,0.0
^RUT,2026-03-20,2450.0,Call,0.0,0.0,272.1,1.0,1.0,0.037051773981603156,2669.159912109375,0.23005902978931697,0.0
^RUT,2026-03-20,2450.0,Put,0.0,0.0,22.33,4.0,1905.0,0.037051773981603156,2669.159912109375,0.23005902978931697,0.0
^RUT,2026-03-20,2455.0,Put,0.0,0.0,32.71,4.0,36.0,0.037051773981603156,2669.159912109375,0.23005902978931697,0.0
^RUT,2026-03-20,2460.0,Call,0.0,0.0,209.2,1.0,25.0,0.037051773981603156,2669.159912109375,0.23005902978931697,0.0
^RUT,2026-03-20,2460.0,Put,0.0,0.0,18.8,5.0,150.0,0.037051773981603156,2669.159912109375,0.23005902978931697,0.0
^RUT,2026-03-20,2465.0,Put,0.0,0.0,29.92,,5.0,0.037051773981603156,2669.159912109375,0.23005902978931697,0.0
^RUT,2026-03-20,2470.0,Put,0.0,0.0,21.51,3.0,104.0,0.037051773981603156,2669.159912109375,0.23005902978931697,0.0
^RUT,2026-03-20,2475.0,Put,0.0,0.0,28.9,2.0,49.0,0.037051773981603156,2669.159912109375,0.23005902978931697,0.0
^RUT,2026-03-20,2480.0,Call,0.0,0.0,140.06,,1.0,0.037051773981603156,2669.159912109375,0.23005902978931697,0.0
^RUT,2026-03-20,2480.0,Put,0.0,0.0,34.7,,31.0,0.037051773981603156,2669.159912109375,0.23005902978931697,0.0
^RUT,2026-03-20,2485.0,Put,0.0,0.0,20.9,1.0,30.0,0.037051773981603156,2669.159912109375,0.23005902978931697,0.0
^RUT,2026-03-20,2490.0,Call,0.0,0.0,217.58,2.0,60.0,0.037051773981603156,2669.159912109375,0.23005902978931697,0.0
^RUT,2026-03-20,2490.0,Put,0.0,0.0,28.62,8.0,12.0,0.037051773981603156,2669.159912109375,0.23005902978931697,0.0
^RUT,2026-03-20,2495.0,Put,0.0,0.0,29.14,6.0,31.0,0.037051773981603156,2669.159912109375,0.23005902978931697,0.0
^RUT,2026-03-20,2500.0,Call,0.0,0.0,229.0,578.0,4059.0,0.037051773981603156,2669.159912109375,0.23005902978931697,0.0
^RUT,2026-03-20,2500.0,Put,0.0,0.0,30.07,482.0,3790.0,0.037051773981603156,2669.159912109375,0.23005902978931697,0.0
^RUT,2026-03-20,2505.0,Call,0.0,0.0,182.3,2.0,7.0,0.037051773981603156,2669.159912109375,0.23005902978931697,0.0
^RUT,2026-03-20,2505.0,Put,0.0,0.0,27.2,3.0,14.0,0.037051773981603156,2669.159912109375,0.23005902978931697,0.0
^RUT,2026-03-20,2510.0,Call,0.0,0.0,214.71,,3.0,0.037051773981603156,2669.159912109375,0.23005902978931697,0.0
^RUT,2026-03-20,2510.0,Put,0.0,0.0,24.04,356.0,1402.0,0.037051773981603156,2669.159912109375,0.23005902978931697,0.0
^RUT,2026-03-20,2515.0,Call,0.0,0.0,103.2,,90.0,0.037051773981603156,2669.159912109375,0.23005902978931697,0.0
^RUT,2026-03-20,2515.0,Put,0.0,0.0,33.1,81.0,238.0,0.037051773981603156,2669.159912109375,0.23005902978931697,0.0
^RUT,2026-03-20,2520.0,Call,0.0,0.0,149.47,1.0,866.0,0.037051773981603156,2669.159912109375,0.23005902978931697,0.0
^RUT,2026-03-20,2520.0,Put,0.0,0.0,34.27,1.0,314.0,0.037051773981603156,2669.159912109375,0.23005902978931697,0.0
^RUT,2026-03-20,2525.0,Call,0.0,0.0,77.8,139.0,449.0,0.037051773981603156,2669.159912109375,0.23005902978931697,0.0
^RUT,2026-03-20,2525.0,Put,0.0,0.0,32.81,,1.0,0.037051773981603156,2669.159912109375,0.23005902978931697,0.0
^RUT,2026-03-20,2530.0,Call,0.0,0.0,107.32,70.0,337.0,0.037051773981603156,2669.159912109375,0.23005902978931697,0.0
^RUT,2026-03-20,2530.0,Put,0.0,0.0,36.45,27.0,726.0,0.037051773981603156,2669.159912109375,0.23005902978931697,0.0
^RUT,2026-03-20,2535.0,Call,0.0,0.0,115.4,1.0,129.0,0.037051773981603156,2669.159912109375,0.23005902978931697,0.0
^RUT,2026-03-20,2535.0,Put,0.0,0.0,31.63,4.0,146.0,0.037051773981603156,2669.159912109375,0.23005902978931697,0.0
^RUT,2026-03-20,2540.0,Call,0.0,0.0,189.29,1.0,806.0,0.037051773981603156,2669.159912109375,0.23005902978931697,0.0
^RUT,2026-03-20,2540.0,Put,0.0,0.0,39.05,34.0,777.0,0.037051773981603156,2669.159912109375,0.23005902978931697,0.0
^RUT,2026-03-20,2545.0,Call,0.0,0.0,173.7,,4.0,0.037051773981603156,2669.159912109375,0.23005902978931697,0.0
^RUT,2026-03-20,2545.0,Put,0.0,0.0,39.2,265.0,399.0,0.037051773981603156,2669.159912109375,0.23005902978931697,0.0
^RUT,2026-03-20,2550.0,Call,0.0,0.0,182.03,1.0,2580.0,0.037051773981603156,2669.159912109375,0.23005902978931697,0.0
^RUT,2026-03-20,2550.0,Put,0.0,0.0,40.56,77.0,2996.0,0.037051773981603156,2669.159912109375,0.23005902978931697,0.0
^RUT,2026-03-20,2555.0,Call,0.0,0.0,185.0,1.0,217.0,0.037051773981603156,2669.159912109375,0.23005902978931697,0.0
^RUT,2026-03-20,2555.0,Put,0.0,0.0,42.0,21.0,241.0,0.037051773981603156,2669.159912109375,0.23005902978931697,0.0
^RUT,2026-03-20,2560.0,Call,0.0,0.0,151.99,1.0,420.0,0.037051773981603156,2669.159912109375,0.23005902978931697,0.0
^RUT,2026-03-20,2560.0,Put,0.0,0.0,42.94,7.0,425.0,0.037051773981603156,2669.159912109375,0.23005902978931697,0.0
^RUT,2026-03-20,2565.0,Call,0.0,0.0,170.11,17.0,387.0,0.037051773981603156,2669.159912109375,0.23005902978931697,0.0
^RUT,2026-03-20,2565.0,Put,0.0,0.0,44.4,,3.0,0.037051773981603156,2669.159912109375,0.23005902978931697,0.0
^RUT,2026-03-20,2570.0,Call,0.0,0.0,167.24,,3.0,0.037051773981603156,2669.159912109375,0.23005902978931697,0.0
^RUT,2026-03-20,2570.0,Put,0.0,0.0,44.4,165.0,814.0,0.037051773981603156,2669.159912109375,0.23005902978931697,0.0
^RUT,2026-03-20,2575.0,Call,0.0,0.0,88.0,39.0,257.0,0.037051773981603156,2669.159912109375,0.23005902978931697,0.0
^RUT,2026-03-20,2575.0,Put,0.0,0.0,35.75,4.0,376.0,0.037051773981603156,2669.159912109375,0.23005902978931697,0.0
^RUT,2026-03-20,2580.0,Call,0.0,0.0,88.7,367.0,379.0,0.037051773981603156,2669.159912109375,0.23005902978931697,0.0
^RUT,2026-03-20,2580.0,Put,0.0,0.0,48.42,2.0,411.0,0.037051773981603156,2669.159912109375,0.23005902978931697,0.0
^RUT,2026-03-20,2585.0,Call,0.0,0.0,139.1,3.0,83.0,0.037051773981603156,2669.159912109375,0.23005902978931697,0.0
^RUT,2026-03-20,2585.0,Put,0.0,0.0,49.0,1.0,2.0,0.037051773981603156,2669.159912109375,0.23005902978931697,0.0
^RUT,2026-03-20,2590.0,Call,0.0,0.0,135.7,3.0,438.0,0.037051773981603156,2669.159912109375,0.23005902978931697,0.0
^RUT,2026-03-20,2590.0,Put,0.0,0.0,50.46,53.0,545.0,0.037051773981603156,2669.159912109375,0.23005902978931697,0.0
^RUT,2026-03-20,2595.0,Call,0.0,0.0,96.0,68.0,77.0,0.037051773981603156,2669.159912109375,0.23005902978931697,0.0
^RUT,2026-03-20,2595.0,Put,0.0,0.0,39.0,8.0,92.0,0.037051773981603156,2669.159912109375,0.23005902978931697,0.0
^RUT,2026-03-20,2600.0,Call,0.0,0.0,185.2,190.0,2173.0,0.037051773981603156,2669.159912109375,0.23005902978931697,0.0
^RUT,2026-03-20,2600.0,Put,0.0,0.0,53.25,2.0,5.0,0.037051773981603156,2669.159912109375,0.23005902978931697,0.0
^RUT,2026-03-20,2605.0,Call,0.0,0.0,141.49,2.0,27.0,0.037051773981603156,2669.159912109375,0.23005902978931697,0.0
^RUT,2026-03-20,2605.0,Put,0.0,0.0,54.75,1.0,1.0,0.037051773981603156,2669.159912109375,0.23005902978931697,0.0
^RUT,2026-03-20,2610.0,Call,0.0,0.0,130.68,2.0,209.0,0.037051773981603156,2669.159912109375,0.23005902978931697,0.0
^RUT,2026-03-20,2610.0,Put,0.0,0.0,57.28,50.0,50.0,0.037051773981603156,2669.159912109375,0.23005902978931697,0.0
^RUT,2026-03-20,2615.0,Call,0.0,0.0,136.8,10.0,153.0,0.037051773981603156,2669.159912109375,0.23005902978931697,0.0
^RUT,2026-03-20,2615.0,Put,0.0,0.0,54.01,5.0,147.0,0.037051773981603156,2669.159912109375,0.23005902978931697,0.0
^RUT,2026-03-20,2620.0,Call,0.0,0.0,122.59,1.0,503.0,0.037051773981603156,2669.159912109375,0.23005902978931697,0.0
^RUT,2026-03-20,2620.0,Put,0.0,0.0,46.55,4.0,650.0,0.037051773981603156,2669.159912109375,0.23005902978931697,0.0
^RUT,2026-03-20,2625.0,Call,0.0,0.0,139.3,10.0,72.0,0.037051773981603156,2669.159912109375,0.23005902978931697,0.0
^RUT,2026-03-20,2625.0,Put,0.0,0.0,47.05,4.0,97.0,0.037051773981603156,2669.159912109375,0.23005902978931697,0.0
^RUT,2026-03-20,2630.0,Call,0.0,0.0,130.23,3.0,169.0,0.037051773981603156,2669.159912109375,0.23005902978931697,0.0
^RUT,2026-03-20,2630.0,Put,0.0,0.0,47.09,1.0,234.0,0.037051773981603156,2669.159912109375,0.23005902978931697,0.0
^RUT,2026-03-20,2635.0,Call,0.0,0.0,110.77,10.0,232.0,0.037051773981603156,2669.159912109375,0.23005902978931697,0.0
^RUT,2026-03-20,2635.0,Put,0.0,0.0,48.38,1.0,175.0,0.037051773981603156,2669.159912109375,0.23005902978931697,0.0
^RUT,2026-03-20,2640.0,Call,0.0,0.0,111.86,1.0,316.0,0.037051773981603156,2669.159912109375,0.23005902978931697,0.0
^RUT,2026-03-20,2640.0,Put,0.0,0.0,69.26,3.0,8.0,0.037051773981603156,2669.159912109375,0.23005902978931697,0.0
^RUT,2026-03-20,2645.0,Call,0.0,0.0,115.42,1.0,270.0,0.037051773981603156,2669.159912109375,0.23005902978931697,0.0
^RUT,2026-03-20,2645.0,Put,0.0,0.0,71.15,3.0,3.0,0.037051773981603156,2669.159912109375,0.23005902978931697,0.0
^RUT,2026-03-20,2650.0,Call,0.0,0.0,140.3,5.0,2283.0,0.037051773981603156,2669.159912109375,0.23005902978931697,0.0
^RUT,2026-03-20,2650.0,Put,0.0,0.0,70.74,107.0,2617.0,0.037051773981603156,2669.159912109375,0.23005902978931697,0.0
^RUT,2026-03-20,2655.0,Call,0.0,0.0,144.68,1.0,15.0,0.037051773981603156,2669.159912109375,0.23005902978931697,0.0
^RUT,2026-03-20,2655.0,Put,0.0,0.0,68.45,5.0,25.0,0.037051773981603156,2669.159912109375,0.23005902978931697,0.0
^RUT,2026-03-20,2660.0,Call,0.0,0.0,93.3,252.0,269.0,0.037051773981603156,2669.159912109375,0.23005902978931697,0.0
^RUT,2026-03-20,2660.0,Put,0.0,0.0,55.98,13.0,17.0,0.037051773981603156,2669.159912109375,0.23005902978931697,0.0
^RUT,2026-03-20,2665.0,Call,0.0,0.0,96.07,1.0,4.0,0.037051773981603156,2669.159912109375,0.23005902978931697,0.0
^RUT,2026-03-20,2665.0,Put,0.0,0.0,71.59,10.0,20.0,0.037051773981603156,2669.159912109375,0.23005902978931697,0.0
^RUT,2026-03-20,2670.0,Call,0.0,0.0,103.0,,10.0,0.037051773981603156,2669.159912109375,0.23005902978931697,0.0
^RUT,2026-03-20,2670.0,Put,0.0,0.0,82.2,82.0,82.0,0.037051773981603156,2669.159912109375,0.23005902978931697,0.0
^RUT,2026-03-20,2675.0,Call,0.0,0.0,90.2,1.0,370.0,0.037051773981603156,2669.159912109375,0.23005902978931697,0.0
^RUT,2026-03-20,2675.0,Put,0.0,0.0,83.64,6.0,3.0,0.037051773981603156,2669.159912109375,0.23005902978931697,0.0
^RUT,2026-03-20,2680.0,Call,0.0,0.0,88.08,92.0,806.0,0.037051773981603156,2669.159912109375,0.23005902978931697,0.0
^RUT,2026-03-20,2680.0,Put,0.0,0.0,85.92,7.0,4.0,0.037051773981603156,2669.159912109375,0.23005902978931697,0.0
^RUT,2026-03-20,2685.0,Call,0.0,0.0,95.1,,0.0,0.037051773981603156,2669.159912109375,0.23005902978931697,0.0
^RUT,2026-03-20,2685.0,Put,0.0,0.0,86.0,38.0,332.0,0.037051773981603156,2669.159912109375,0.23005902978931697,0.0
^RUT,2026-03-20,2690.0,Call,0.0,0.0,82.7,5.0,461.0,0.037051773981603156,2669.159912109375,0.23005902978931697,0.0
^RUT,2026-03-20,2690.0,Put,0.0,0.0,80.85,1.0,3.0,0.037051773981603156,2669.159912109375,0.23005902978931697,0.0
^RUT,2026-03-20,2695.0,Call,0.0,0.0,78.0,45.0,207.0,0.037051773981603156,2669.159912109375,0.23005902978931697,0.0
^RUT,2026-03-20,2695.0,Put,0.0,0.0,76.92,1.0,1.0,0.037051773981603156,2669.159912109375,0.23005902978931697,0.0
^RUT,2026-03-20,2700.0,Call,0.0,0.0,74.0,910.0,4063.0,0.037051773981603156,2669.159912109375,0.23005902978931697,0.0
^RUT,2026-03-20,2700.0,Put,0.0,0.0,94.16,12.0,14.0,0.037051773981603156,2669.159912109375,0.23005902978931697,0.0
^RUT,2026-03-20,2705.0,Call,0.0,0.0,71.14,2.0,7.0,0.037051773981603156,2669.159912109375,0.23005902978931697,0.0
^RUT,2026-03-20,2705.0,Put,0.0,0.0,98.3,1.0,22.0,0.037051773981603156,2669.159912109375,0.23005902978931697,0.0
^RUT,2026-03-20,2710.0,Call,0.0,0.0,86.08,3.0,4.0,0.037051773981603156,2669.159912109375,0.23005902978931697,0.0
^RUT,2026-03-20,2710.0,Put,0.0,0.0,96.33,11.0,115.0,0.037051773981603156,2669.159912109375,0.23005902978931697,0.0
^RUT,2026-03-20,2715.0,Call,0.0,0.0,74.54,7.0,20.0,0.037051773981603156,2669.159912109375,0.23005902978931697,0.0
^RUT,2026-03-20,2715.0,Put,0.0,0.0,102.0,14.0,15.0,0.037051773981603156,2669.159912109375,0.23005902978931697,0.0
^RUT,2026-03-20,2720.0,Call,0.0,0.0,102.61,1.0,1.0,0.037051773981603156,2669.159912109375,0.23005902978931697,0.0
^RUT,2026-03-20,2720.0,Put,0.0,0.0,106.59,45.0,45.0,0.037051773981603156,2669.159912109375,0.23005902978931697,0.0
^RUT,2026-03-20,2725.0,Call,0.0,0.0,62.5,2.0,61.0,0.037051773981603156,2669.159912109375,0.23005902978931697,0.0
^RUT,2026-03-20,2730.0,Call,0.0,0.0,60.7,2.0,264.0,0.037051773981603156,2669.159912109375,0.23005902978931697,0.0
^RUT,2026-03-20,2730.0,Put,0.0,0.0,109.32,1.0,1.0,0.037051773981603156,2669.159912109375,0.23005902978931697,0.0
^RUT,2026-03-20,2735.0,Call,0.0,0.0,74.4,7.0,224.0,0.037051773981603156,2669.159912109375,0.23005902978931697,0.0
^RUT,2026-03-20,2735.0,Put,0.0,0.0,98.1,1.0,203.0,0.037051773981603156,2669.159912109375,0.23005902978931697,0.0
^RUT,2026-03-20,2740.0,Call,0.0,0.0,63.73,14.0,211.0,0.037051773981603156,2669.159912109375,0.23005902978931697,0.0
^RUT,2026-03-20,2740.0,Put,0.0,0.0,87.5,233.0,196.0,0.037051773981603156,2669.159912109375,0.23005902978931697,0.0
^RUT,2026-03-20,2745.0,Call,0.0,0.0,53.97,1.0,42.0,0.037051773981603156,2669.159912109375,0.23005902978931697,0.0
^RUT,2026-03-20,2745.0,Put,0.0,0.0,103.4,1.0,43.0,0.037051773981603156,2669.159912109375,0.23005902978931697,0.0
^RUT,2026-03-20,2750.0,Call,0.0,0.0,84.02,1.0,1.0,0.037051773981603156,2669.159912109375,0.23005902978931697,0.0
^RUT,2026-03-20,2750.0,Put,0.0,0.0,120.85,20.0,146.0,0.037051773981603156,2669.159912109375,0.23005902978931697,0.0
^RUT,2026-03-20,2755.0,Call,0.0,0.0,73.28,27.0,26.0,0.037051773981603156,2669.159912109375,0.23005902978931697,0.0
^RUT,2026-03-20,2755.0,Put,0.0,0.0,110.68,1.0,2.0,0.037051773981603156,2669.159912109375,0.23005902978931697,0.0
^RUT,2026-03-20,2760.0,Call,0.0,0.0,56.1,1.0,20.0,0.037051773981603156,2669.159912109375,0.23005902978931697,0.0
^RUT,2026-03-20,2760.0,Put,0.0,0.0,125.1,6.0,9.0,0.037051773981603156,2669.159912109375,0.23005902978931697,0.0
^RUT,2026-03-20,2765.0,Call,0.0,0.0,45.07,5.0,42.0,0.037051773981603156,2669.159912109375,0.23005902978931697,0.0
^RUT,2026-03-20,2765.0,Put,0.0,0.0,143.82,,5.0,0.037051773981603156,2669.159912109375,0.23005902978931697,0.0
^RUT,2026-03-20,2770.0,Call,0.0,0.0,66.2,,628.0,0.037051773981603156,2669.159912109375,0.23005902978931697,0.0
^RUT,2026-03-20,2770.0,Put,0.0,0.0,102.79,,2.0,0.037051773981603156,2669.159912109375,0.23005902978931697,0.0
^RUT,2026-03-20,2775.0,Call,0.0,0.0,73.05,26.0,44.0,0.037051773981603156,2669.159912109375,0.23005902978931697,0.0
^RUT,2026-03-20,2775.0,Put,0.0,0.0,139.58,,1.0,0.037051773981603156,2669.159912109375,0.23005902978931697,0.0
^RUT,2026-03-20,2780.0,Call,0.0,0.0,64.47,55.0,78.0,0.037051773981603156,2669.159912109375,0.23005902978931697,0.0
^RUT,2026-03-20,2780.0,Put,0.0,0.0,103.17,6.0,9.0,0.037051773981603156,2669.159912109375,0.23005902978931697,0.0
^RUT,2026-03-20,2785.0,Call,0.0,0.0,45.0,37.0,46.0,0.037051773981603156,2669.159912109375,0.23005902978931697,0.0
^RUT,2026-03-20,2785.0,Put,0.0,0.0,150.29,1.0,7.0,0.037051773981603156,2669.159912109375,0.23005902978931697,0.0
^RUT,2026-03-20,2790.0,Call,0.0,0.0,62.3,,48.0,0.037051773981603156,2669.159912109375,0.23005902978931697,0.0
^RUT,2026-03-20,2790.0,Put,0.0,0.0,117.26,,12.0,0.037051773981603156,2669.159912109375,0.23005902978931697,0.0
^RUT,2026-03-20,2795.0,Call,0.0,0.0,48.4,13.0,47.0,0.037051773981603156,2669.159912109375,0.23005902978931697,0.0
^RUT,2026-03-20,2795.0,Put,0.0,0.0,141.82,,1.0,0.037051773981603156,2669.159912109375,0.23005902978931697,0.0
^RUT,2026-03-20,2800.0,Call,0.0,0.0,34.6,49.0,3910.0,0.037051773981603156,2669.159912109375,0.23005902978931697,0.0
^RUT,2026-03-20,2800.0,Put,0.0,0.0,114.23,2.0,6.0,0.037051773981603156,2669.159912109375,0.23005902978931697,0.0
^RUT,2026-03-20,2805.0,Call,0.0,0.0,33.22,10.0,10.0,0.037051773981603156,2669.159912109375,0.23005902978931697,0.0
^RUT,2026-03-20,2820.0,Call,0.0,0.0,30.88,,27.0,0.037051773981603156,2669.159912109375,0.23005902978931697,0.0
^RUT,2026-03-20,2825.0,Call,0.0,0.0,51.6,1.0,27.0,0.037051773981603156,2669.159912109375,0.23005902978931697,0.0
^RUT,2026-03-20,2830.0,Call,0.0,0.0,33.3,,6.0,0.037051773981603156,2669.159912109375,0.23005902978931697,0.0
^RUT,2026-03-20,2845.0,Call,0.0,0.0,27.47,3.0,4.0,0.037051773981603156,2669.159912109375,0.23005902978931697,0.0
^RUT,2026-03-20,2850.0,Call,0.0,0.0,21.99,475.0,989.0,0.037051773981603156,2669.159912109375,0.23005902978931697,0.0
^RUT,2026-03-20,2850.0,Put,389.7,409.6,455.61,2.0,2.0,0.037051773981603156,2669.159912109375,0.23005902978931697,0.0
^RUT,2026-03-20,2865.0,Call,0.0,0.0,33.79,,46.0,0.037051773981603156,2669.159912109375,0.23005902978931697,0.0
^RUT,2026-03-20,2875.0,Call,0.0,0.0,21.33,,1.0,0.037051773981603156,2669.159912109375,0.23005902978931697,0.0
^RUT,2026-03-20,2880.0,Call,0.0,0.0,29.9,45.0,55.0,0.037051773981603156,2669.159912109375,0.23005902978931697,0.0
^RUT,2026-03-20,2885.0,Call,0.0,0.0,21.92,1.0,11.0,0.037051773981603156,2669.159912109375,0.23005902978931697,0.0
^RUT,2026-03-20,2890.0,Call,0.0,0.0,20.97,,1.0,0.037051773981603156,2669.159912109375,0.23005902978931697,0.0
^RUT,2026-03-20,2900.0,Call,0.0,0.0,14.7,33.0,804.0,0.037051773981603156,2669.159912109375,0.23005902978931697,0.0
^RUT,2026-03-20,2900.0,Put,0.0,0.0,252.2,6.0,23.0,0.037051773981603156,2669.159912109375,0.23005902978931697,0.0
^RUT,2026-03-20,2910.0,Call,0.0,0.0,14.65,1.0,1.0,0.037051773981603156,2669.159912109375,0.23005902978931697,0.0
^RUT,2026-03-20,2915.0,Call,0.0,0.0,18.55,,1.0,0.037051773981603156,2669.159912109375,0.23005902978931697,0.0
^RUT,2026-03-20,2920.0,Call,0.0,0.0,17.7,1.0,1.0,0.037051773981603156,2669.159912109375,0.23005902978931697,0.0
^RUT,2026-03-20,2930.0,Call,0.0,0.0,18.39,,628.0,0.037051773981603156,2669.159912109375,0.23005902978931697,0.0
^RUT,2026-03-20,2945.0,Call,0.0,0.0,18.3,14.0,15.0,0.037051773981603156,2669.159912109375,0.23005902978931697,0.0
^RUT,2026-03-20,2950.0,Call,0.0,0.0,8.53,294.0,2890.0,0.037051773981603156,2669.159912109375,0.23005902978931697,0.0
^RUT,2026-03-20,2950.0,Put,482.4,502.4,444.0,22.0,13.0,0.037051773981603156,2669.159912109375,0.23005902978931697,0.0
^RUT,2026-03-20,2975.0,Call,0.0,0.0,8.85,,1.0,0.037051773981603156,2669.159912109375,0.23005902978931697,0.0
^RUT,2026-03-20,3000.0,Call,0.0,0.0,11.5,20.0,907.0,0.037051773981603156,2669.159912109375,0.23005902978931697,0.0
^RUT,2026-03-20,3000.0,Put,0.0,0.0,267.35,3.0,66.0,0.037051773981603156,2669.159912109375,0.23005902978931697,0.0
^RUT,2026-03-20,3010.0,Call,0.0,0.0,6.66,,32.0,0.037051773981603156,2669.159912109375,0.23005902978931697,0.0
^RUT,2026-03-20,3025.0,Call,0.0,0.0,5.8,15.0,18.0,0.037051773981603156,2669.159912109375,0.23005902978931697,0.0
^RUT,2026-03-20,3050.0,Call,0.0,0.0,3.55,32.0,853.0,0.037051773981603156,2669.159912109375,0.23005902978931697,0.0
^RUT,2026-03-20,3050.0,Put,0.0,0.0,368.09,32.0,84.0,0.037051773981603156,2669.159912109375,0.23005902978931697,0.0
^RUT,2026-03-20,3100.0,Call,0.0,0.0,4.29,2.0,15.0,0.037051773981603156,2669.159912109375,0.23005902978931697,0.0
^RUT,2026-03-20,3150.0,Call,0.0,0.0,1.83,37.0,38.0,0.037051773981603156,2669.159912109375,0.23005902978931697,0.0
^RUT,2026-03-20,3200.0,Call,0.0,0.0,1.43,,2.0,0.037051773981603156,2669.159912109375,0.23005902978931697,0.0
^RUT,2026-03-20,3300.0,Call,0.0,0.0,1.18,,3.0,0.037051773981603156,2669.159912109375,0.23005902978931697,0.0
^RUT,2026-03-20,3350.0,Call,0.0,0.0,1.15,,1.0,0.037051773981603156,2669.159912109375,0.23005902978931697,0.0
^RUT,2026-03-20,3450.0,Call,0.0,0.0,0.45,,1.0,0.037051773981603156,2669.159912109375,0.23005902978931697,0.0
^RUT,2026-03-20,3500.0,Call,0.0,0.0,0.4,1.0,1.0,0.037051773981603156,2669.159912109375,0.23005902978931697,0.0
^RUT,2026-03-31,1000.0,Put,0.0,0.0,0.2,1.0,27.0,0.03696925098554534,2669.159912109375,0.23005902978931697,0.0
^RUT,2026-03-31,1050.0,Put,3.6,5.2,6.57,2.0,2.0,0.03696925098554534,2669.159912109375,0.23005902978931697,0.0
^RUT,2026-03-31,1100.0,Put,0.0,0.0,0.74,1.0,2.0,0.03696925098554534,2669.159912109375,0.23005902978931697,0.0
^RUT,2026-03-31,1150.0,Put,0.0,0.0,1.07,2.0,13.0,0.03696925098554534,2669.159912109375,0.23005902978931697,0.0
^RUT,2026-03-31,1200.0,Put,1.85,3.3,2.95,,2.0,0.03696925098554534,2669.159912109375,0.23005902978931697,0.0
^RUT,2026-03-31,1250.0,Put,0.0,0.0,1.1,30.0,30.0,0.03696925098554534,2669.159912109375,0.23005902978931697,0.0
^RUT,2026-03-31,1350.0,Put,0.0,0.0,1.63,1.0,1.0,0.03696925098554534,2669.159912109375,0.23005902978931697,0.0
^RUT,2026-03-31,1400.0,Put,3.7,5.2,5.15,1.0,2.0,0.03696925098554534,2669.159912109375,0.23005902978931697,0.0
^RUT,2026-03-31,1450.0,Put,0.0,0.0,2.64,3.0,4.0,0.03696925098554534,2669.159912109375,0.23005902978931697,0.0
^RUT,2026-03-31,1500.0,Put,0.0,0.0,3.02,,3.0,0.03696925098554534,2669.159912109375,0.23005902978931697,0.0
^RUT,2026-03-31,1550.0,Put,0.0,0.0,3.1,8.0,9.0,0.03696925098554534,2669.159912109375,0.23005902978931697,0.0
^RUT,2026-03-31,1600.0,Call,0.0,0.0,1038.61,50.0,52.0,0.03696925098554534,2669.159912109375,0.23005902978931697,0.0
^RUT,2026-03-31,1600.0,Put,0.0,0.0,2.02,17.0,42.0,0.03696925098554534,2669.159912109375,0.23005902978931697,0.0
^RUT,2026-03-31,1610.0,Call,605.0,627.7,535.43,1.0,2.0,0.03696925098554534,2669.159912109375,0.23005902978931697,0.0
^RUT,2026-03-31,1610.0,Put,8.3,9.6,24.9,1.0,13.0,0.03696925098554534,2669.159912109375,0.23005902978931697,0.0
^RUT,2026-03-31,1620.0,Call,532.0,556.0,482.09,,5.0,0.03696925098554534,2669.159912109375,0.23005902978931697,0.0
^RUT,2026-03-31,1620.0,Put,8.9,9.8,25.4,1.0,16.0,0.03696925098554534,2669.159912109375,0.23005902978931697,0.0
^RUT,2026-03-31,1630.0,Call,587.0,609.8,518.18,1.0,2.0,0.03696925098554534,2669.159912109375,0.23005902978931697,0.0
^RUT,2026-03-31,1630.0,Put,8.8,10.1,26.2,,2.0,0.03696925098554534,2669.159912109375,0.23005902978931697,0.0
^RUT,2026-03-31,1640.0,Put,9.0,10.3,27.2,11.0,25.0,0.03696925098554534,2669.159912109375,0.23005902978931697,0.0
^RUT,2026-03-31,1650.0,Call,0.0,0.0,989.26,,50.0,0.03696925098554534,2669.159912109375,0.23005902978931697,0.0
^RUT,2026-03-31,1650.0,Put,9.3,10.6,27.8,,1.0,0.03696925098554534,2669.159912109375,0.23005902978931697,0.0
^RUT,2026-03-31,1660.0,Put,9.5,10.8,28.9,,2.0,0.03696925098554534,2669.159912109375,0.23005902978931697,0.0
^RUT,2026-03-31,1670.0,Put,9.8,11.1,29.8,,5.0,0.03696925098554534,2669.159912109375,0.23005902978931697,0.0
^RUT,2026-03-31,1680.0,Put,10.1,11.4,30.7,,4.0,0.03696925098554534,2669.159912109375,0.23005902978931697,0.0
^RUT,2026-03-31,1700.0,Call,756.0,780.0,523.85,,0.0,0.03696925098554534,2669.159912109375,0.23005902978931697,0.0
^RUT,2026-03-31,1700.0,Put,0.0,0.0,2.15,31.0,47.0,0.03696925098554534,2669.159912109375,0.23005902978931697,0.0
^RUT,2026-03-31,1710.0,Call,747.0,770.5,515.34,,0.0,0.03696925098554534,2669.159912109375,0.23005902978931697,0.0
^RUT,2026-03-31,1710.0,Put,11.0,12.3,32.44,,6.0,0.03696925098554534,2669.159912109375,0.23005902978931697,0.0
^RUT,2026-03-31,1720.0,Put,11.3,12.6,30.0,1.0,8.0,0.03696925098554534,2669.159912109375,0.23005902978931697,0.0
^RUT,2026-03-31,1730.0,Put,11.6,13.0,30.9,2.0,10.0,0.03696925098554534,2669.159912109375,0.23005902978931697,0.0
^RUT,2026-03-31,1740.0,Put,12.0,13.3,31.9,5.0,6.0,0.03696925098554534,2669.159912109375,0.23005902978931697,0.0
^RUT,2026-03-31,1750.0,Put,12.4,13.7,32.9,1.0,5.0,0.03696925098554534,2669.159912109375,0.23005902978931697,0.0
^RUT,2026-03-31,1760.0,Put,12.7,14.1,33.9,3.0,4.0,0.03696925098554534,2669.159912109375,0.23005902978931697,0.0
^RUT,2026-03-31,1770.0,Put,2.35,2.8,14.87,1.0,1.0,0.03696925098554534,2669.159912109375,0.23005902978931697,0.0
^RUT,2026-03-31,1780.0,Put,0.0,0.0,6.64,3.0,64.0,0.03696925098554534,2669.159912109375,0.23005902978931697,0.0
^RUT,2026-03-31,1800.0,Put,59.4,61.3,96.42,1.0,1.0,0.03696925098554534,2669.159912109375,0.23005902978931697,0.0
^RUT,2026-03-31,1810.0,Put,0.0,0.0,2.12,1.0,2.0,0.03696925098554534,2669.159912109375,0.23005902978931697,0.0
^RUT,2026-03-31,1840.0,Put,0.0,0.0,18.0,,27.0,0.03696925098554534,2669.159912109375,0.23005902978931697,0.0
^RUT,2026-03-31,1870.0,Put,0.0,0.0,2.48,9.0,9.0,0.03696925098554534,2669.159912109375,0.23005902978931697,0.0
^RUT,2026-03-31,1880.0,Put,70.7,77.2,72.0,7.0,4.0,0.03696925098554534,2669.159912109375,0.23005902978931697,0.0
^RUT,2026-03-31,1890.0,Put,3.6,4.1,21.22,1.0,1.0,0.03696925098554534,2669.159912109375,0.23005902978931697,0.0
^RUT,2026-03-31,1900.0,Call,569.4,593.0,380.9,1.0,2.0,0.03696925098554534,2669.159912109375,0.23005902978931697,0.0
^RUT,2026-03-31,1900.0,Put,0.0,0.0,4.97,1.0,111.0,0.03696925098554534,2669.159912109375,0.23005902978931697,0.0
^RUT,2026-03-31,1910.0,Put,0.0,0.0,3.03,3.0,3.0,0.03696925098554534,2669.159912109375,0.23005902978931697,0.0
^RUT,2026-03-31,1920.0,Put,16.3,17.7,27.1,10.0,10.0,0.03696925098554534,2669.159912109375,0.23005902978931697,0.0
^RUT,2026-03-31,1930.0,Put,0.0,0.0,4.72,1.0,13.0,0.03696925098554534,2669.159912109375,0.23005902978931697,0.0
^RUT,2026-03-31,1940.0,Put,0.0,0.0,3.1,1.0,1.0,0.03696925098554534,2669.159912109375,0.23005902978931697,0.0
^RUT,2026-03-31,1950.0,Call,371.4,388.0,313.09,5.0,3.0,0.03696925098554534,2669.159912109375,0.23005902978931697,0.0
^RUT,2026-03-31,1950.0,Put,0.0,0.0,3.3,46.0,80.0,0.03696925098554534,2669.159912109375,0.23005902978931697,0.0
^RUT,2026-03-31,1960.0,Put,0.0,0.0,5.01,1.0,2.0,0.03696925098554534,2669.159912109375,0.23005902978931697,0.0
^RUT,2026-03-31,1970.0,Put,22.9,23.9,24.8,1.0,3.0,0.03696925098554534,2669.159912109375,0.23005902978931697,0.0
^RUT,2026-03-31,1980.0,Put,5.2,5.6,31.1,1.0,4.0,0.03696925098554534,2669.159912109375,0.23005902978931697,0.0
^RUT,2026-03-31,1990.0,Call,538.8,548.8,524.45,20.0,10.0,0.03696925098554534,2669.159912109375,0.23005902978931697,0.0
^RUT,2026-03-31,2000.0,Call,531.2,541.1,515.6,20.0,20.0,0.03696925098554534,2669.159912109375,0.23005902978931697,0.0
^RUT,2026-03-31,2000.0,Put,0.0,0.0,5.1,1.0,47.0,0.03696925098554534,2669.159912109375,0.23005902978931697,0.0
^RUT,2026-03-31,2010.0,Call,0.0,0.0,675.45,1.0,7.0,0.03696925098554534,2669.159912109375,0.23005902978931697,0.0
^RUT,2026-03-31,2010.0,Put,0.0,0.0,4.5,,1.0,0.03696925098554534,2669.159912109375,0.23005902978931697,0.0
^RUT,2026-03-31,2020.0,Call,327.5,333.9,243.09,88.0,40.0,0.03696925098554534,2669.159912109375,0.23005902978931697,0.0
^RUT,2026-03-31,2020.0,Put,37.4,41.0,34.56,20.0,20.0,0.03696925098554534,2669.159912109375,0.23005902978931697,0.0
^RUT,2026-03-31,2030.0,Call,455.1,475.1,353.36,1.0,19.0,0.03696925098554534,2669.159912109375,0.23005902978931697,0.0
^RUT,2026-03-31,2030.0,Put,21.4,22.3,34.93,2.0,7.0,0.03696925098554534,2669.159912109375,0.23005902978931697,0.0
^RUT,2026-03-31,2040.0,Call,0.0,0.0,649.8,46.0,27.0,0.03696925098554534,2669.159912109375,0.23005902978931697,0.0
^RUT,2026-03-31,2040.0,Put,0.0,0.0,10.4,,1.0,0.03696925098554534,2669.159912109375,0.23005902978931697,0.0
^RUT,2026-03-31,2050.0,Call,471.5,490.5,373.57,2.0,77.0,0.03696925098554534,2669.159912109375,0.23005902978931697,0.0
^RUT,2026-03-31,2050.0,Put,0.0,0.0,5.0,1.0,55.0,0.03696925098554534,2669.159912109375,0.23005902978931697,0.0
^RUT,2026-03-31,2060.0,Call,477.0,488.6,372.59,18.0,40.0,0.03696925098554534,2669.159912109375,0.23005902978931697,0.0
^RUT,2026-03-31,2060.0,Put,0.0,0.0,7.0,12.0,38.0,0.03696925098554534,2669.159912109375,0.23005902978931697,0.0
^RUT,2026-03-31,2070.0,Call,419.0,440.9,269.42,2.0,15.0,0.03696925098554534,2669.159912109375,0.23005902978931697,0.0
^RUT,2026-03-31,2070.0,Put,7.4,7.9,37.7,1.0,1.0,0.03696925098554534,2669.159912109375,0.23005902978931697,0.0
^RUT,2026-03-31,2080.0,Call,410.1,432.1,262.52,2.0,19.0,0.03696925098554534,2669.159912109375,0.23005902978931697,0.0
^RUT,2026-03-31,2080.0,Put,0.0,0.0,8.85,1.0,47.0,0.03696925098554534,2669.159912109375,0.23005902978931697,0.0
^RUT,2026-03-31,2090.0,Call,403.6,423.6,284.49,,30.0,0.03696925098554534,2669.159912109375,0.23005902978931697,0.0
^RUT,2026-03-31,2090.0,Put,0.0,0.0,18.61,1.0,11.0,0.03696925098554534,2669.159912109375,0.23005902978931697,0.0
^RUT,2026-03-31,2100.0,Call,0.0,0.0,584.92,1.0,22.0,0.03696925098554534,2669.159912109375,0.23005902978931697,0.0
^RUT,2026-03-31,2100.0,Put,0.0,0.0,7.84,20.0,235.0,0.03696925098554534,2669.159912109375,0.23005902978931697,0.0
^RUT,2026-03-31,2110.0,Call,402.0,425.7,387.29,1.0,24.0,0.03696925098554534,2669.159912109375,0.23005902978931697,0.0
^RUT,2026-03-31,2110.0,Put,0.0,0.0,9.49,5.0,60.0,0.03696925098554534,2669.159912109375,0.23005902978931697,0.0
^RUT,2026-03-31,2120.0,Call,377.0,400.5,252.44,16.0,25.0,0.03696925098554534,2669.159912109375,0.23005902978931697,0.0
^RUT,2026-03-31,2120.0,Put,0.0,0.0,13.9,1.0,1.0,0.03696925098554534,2669.159912109375,0.23005902978931697,0.0
^RUT,2026-03-31,2130.0,Call,368.2,391.0,244.93,2.0,1.0,0.03696925098554534,2669.159912109375,0.23005902978931697,0.0
^RUT,2026-03-31,2130.0,Put,0.0,0.0,18.15,4.0,64.0,0.03696925098554534,2669.159912109375,0.23005902978931697,0.0
^RUT,2026-03-31,2140.0,Put,0.0,0.0,9.3,,10.0,0.03696925098554534,2669.159912109375,0.23005902978931697,0.0
^RUT,2026-03-31,2145.0,Put,0.0,0.0,6.7,,12.0,0.03696925098554534,2669.159912109375,0.23005902978931697,0.0
^RUT,2026-03-31,2150.0,Call,352.0,373.8,316.0,10.0,55.0,0.03696925098554534,2669.159912109375,0.23005902978931697,0.0
^RUT,2026-03-31,2150.0,Put,0.0,0.0,7.4,1.0,65.0,0.03696925098554534,2669.159912109375,0.23005902978931697,0.0
^RUT,2026-03-31,2160.0,Put,38.6,41.7,48.5,,5.0,0.03696925098554534,2669.159912109375,0.23005902978931697,0.0
^RUT,2026-03-31,2165.0,Put,0.0,0.0,6.41,,1.0,0.03696925098554534,2669.159912109375,0.23005902978931697,0.0
^RUT,2026-03-31,2170.0,Call,222.7,228.4,154.3,1.0,0.0,0.03696925098554534,2669.159912109375,0.23005902978931697,0.0
^RUT,2026-03-31,2170.0,Put,0.0,0.0,21.25,4.0,7.0,0.03696925098554534,2669.159912109375,0.23005902978931697,0.0
^RUT,2026-03-31,2180.0,Call,366.0,374.9,299.26,2.0,1.0,0.03696925098554534,2669.159912109375,0.23005902978931697,0.0
^RUT,2026-03-31,2180.0,Put,0.0,0.0,10.7,1.0,4.0,0.03696925098554534,2669.159912109375,0.23005902978931697,0.0
^RUT,2026-03-31,2190.0,Put,0.0,0.0,14.48,4.0,9.0,0.03696925098554534,2669.159912109375,0.23005902978931697,0.0
^RUT,2026-03-31,2200.0,Call,322.0,326.1,286.68,10.0,7.0,0.03696925098554534,2669.159912109375,0.23005902978931697,0.0
^RUT,2026-03-31,2200.0,Put,0.0,0.0,8.51,20.0,796.0,0.03696925098554534,2669.159912109375,0.23005902978931697,0.0
^RUT,2026-03-31,2210.0,Call,314.3,318.3,278.95,,2.0,0.03696925098554534,2669.159912109375,0.23005902978931697,0.0
^RUT,2026-03-31,2210.0,Put,0.0,0.0,10.51,4.0,6.0,0.03696925098554534,2669.159912109375,0.23005902978931697,0.0
^RUT,2026-03-31,2220.0,Call,281.9,288.2,287.52,32.0,19.0,0.03696925098554534,2669.159912109375,0.23005902978931697,0.0
^RUT,2026-03-31,2220.0,Put,0.0,0.0,12.94,1.0,35.0,0.03696925098554534,2669.159912109375,0.23005902978931697,0.0
^RUT,2026-03-31,2230.0,Call,299.0,303.0,255.87,1.0,7.0,0.03696925098554534,2669.159912109375,0.23005902978931697,0.0
^RUT,2026-03-31,2230.0,Put,0.0,0.0,12.07,1.0,13.0,0.03696925098554534,2669.159912109375,0.23005902978931697,0.0
^RUT,2026-03-31,2235.0,Call,0.0,0.0,516.14,,0.0,0.03696925098554534,2669.159912109375,0.23005902978931697,0.0
^RUT,2026-03-31,2235.0,Put,0.0,0.0,10.16,,1.0,0.03696925098554534,2669.159912109375,0.23005902978931697,0.0
^RUT,2026-03-31,2240.0,Call,266.4,273.6,251.4,6.0,16.0,0.03696925098554534,2669.159912109375,0.23005902978931697,0.0
^RUT,2026-03-31,2240.0,Put,15.1,15.9,67.97,4.0,32.0,0.03696925098554534,2669.159912109375,0.23005902978931697,0.0
^RUT,2026-03-31,2250.0,Call,0.0,0.0,373.71,1.0,16.0,0.03696925098554534,2669.159912109375,0.23005902978931697,0.0
^RUT,2026-03-31,2250.0,Put,0.0,0.0,9.24,1.0,142.0,0.03696925098554534,2669.159912109375,0.23005902978931697,0.0
^RUT,2026-03-31,2260.0,Call,348.5,352.4,260.33,2.0,11.0,0.03696925098554534,2669.159912109375,0.23005902978931697,0.0
^RUT,2026-03-31,2260.0,Put,0.0,0.0,32.31,2.0,15.0,0.03696925098554534,2669.159912109375,0.23005902978931697,0.0
^RUT,2026-03-31,2270.0,Call,296.8,301.2,217.21,4.0,3.0,0.03696925098554534,2669.159912109375,0.23005902978931697,0.0
^RUT,2026-03-31,2270.0,Put,0.0,0.0,20.65,2.0,11.0,0.03696925098554534,2669.159912109375,0.23005902978931697,0.0
^RUT,2026-03-31,2280.0,Call,262.1,265.8,187.31,1.0,2.0,0.03696925098554534,2669.159912109375,0.23005902978931697,0.0
^RUT,2026-03-31,2280.0,Put,0.0,0.0,21.7,2.0,30.0,0.03696925098554534,2669.159912109375,0.23005902978931697,0.0
^RUT,2026-03-31,2290.0,Call,285.1,291.2,254.18,2.0,11.0,0.03696925098554534,2669.159912109375,0.23005902978931697,0.0
^RUT,2026-03-31,2290.0,Put,0.0,0.0,11.35,18.0,35.0,0.03696925098554534,2669.159912109375,0.23005902978931697,0.0
^RUT,2026-03-31,2300.0,Call,0.0,0.0,403.19,36.0,59.0,0.03696925098554534,2669.159912109375,0.23005902978931697,0.0
^RUT,2026-03-31,2300.0,Put,0.0,0.0,11.86,19.0,63.0,0.03696925098554534,2669.159912109375,0.23005902978931697,0.0
^RUT,2026-03-31,2305.0,Call,0.0,0.0,398.45,36.0,36.0,0.03696925098554534,2669.159912109375,0.23005902978931697,0.0
^RUT,2026-03-31,2310.0,Call,219.1,224.9,231.18,6.0,10.0,0.03696925098554534,2669.159912109375,0.23005902978931697,0.0
^RUT,2026-03-31,2310.0,Put,0.0,0.0,32.54,2.0,21.0,0.03696925098554534,2669.159912109375,0.23005902978931697,0.0
^RUT,2026-03-31,2320.0,Call,231.8,234.6,204.38,2.0,1.0,0.03696925098554534,2669.159912109375,0.23005902978931697,0.0
^RUT,2026-03-31,2320.0,Put,0.0,0.0,42.24,4.0,10.0,0.03696925098554534,2669.159912109375,0.23005902978931697,0.0
^RUT,2026-03-31,2325.0,Put,0.0,0.0,14.72,,1.0,0.03696925098554534,2669.159912109375,0.23005902978931697,0.0
^RUT,2026-03-31,2330.0,Put,0.0,0.0,35.6,2.0,28.0,0.03696925098554534,2669.159912109375,0.23005902978931697,0.0
^RUT,2026-03-31,2335.0,Put,0.0,0.0,19.2,,10.0,0.03696925098554534,2669.159912109375,0.23005902978931697,0.0
^RUT,2026-03-31,2340.0,Call,0.0,0.0,258.95,2.0,18.0,0.03696925098554534,2669.159912109375,0.23005902978931697,0.0
^RUT,2026-03-31,2340.0,Put,0.0,0.0,26.81,4.0,18.0,0.03696925098554534,2669.159912109375,0.23005902978931697,0.0
^RUT,2026-03-31,2350.0,Call,0.0,0.0,289.21,1.0,24.0,0.03696925098554534,2669.159912109375,0.23005902978931697,0.0
^RUT,2026-03-31,2350.0,Put,0.0,0.0,20.92,3.0,73.0,0.03696925098554534,2669.159912109375,0.23005902978931697,0.0
^RUT,2026-03-31,2355.0,Put,0.0,0.0,25.04,,1.0,0.03696925098554534,2669.159912109375,0.23005902978931697,0.0
^RUT,2026-03-31,2360.0,Call,239.5,242.6,167.3,6.0,8.0,0.03696925098554534,2669.159912109375,0.23005902978931697,0.0
^RUT,2026-03-31,2360.0,Put,0.0,0.0,25.54,1.0,281.0,0.03696925098554534,2669.159912109375,0.23005902978931697,0.0
^RUT,2026-03-31,2365.0,Put,0.0,0.0,23.2,2.0,1.0,0.03696925098554534,2669.159912109375,0.23005902978931697,0.0
^RUT,2026-03-31,2370.0,Call,180.7,187.0,191.2,,8.0,0.03696925098554534,2669.159912109375,0.23005902978931697,0.0
^RUT,2026-03-31,2370.0,Put,0.0,0.0,37.4,9.0,17.0,0.03696925098554534,2669.159912109375,0.23005902978931697,0.0
^RUT,2026-03-31,2375.0,Put,0.0,0.0,20.03,,2.0,0.03696925098554534,2669.159912109375,0.23005902978931697,0.0
^RUT,2026-03-31,2380.0,Call,241.2,246.7,125.4,1.0,25.0,0.03696925098554534,2669.159912109375,0.23005902978931697,0.0
^RUT,2026-03-31,2380.0,Put,0.0,0.0,44.4,5.0,10.0,0.03696925098554534,2669.159912109375,0.23005902978931697,0.0
^RUT,2026-03-31,2390.0,Call,169.9,175.2,180.4,2.0,1.0,0.03696925098554534,2669.159912109375,0.23005902978931697,0.0
^RUT,2026-03-31,2390.0,Put,0.0,0.0,18.46,9.0,73.0,0.03696925098554534,2669.159912109375,0.23005902978931697,0.0
^RUT,2026-03-31,2400.0,Call,0.0,0.0,316.74,18.0,109.0,0.03696925098554534,2669.159912109375,0.23005902978931697,0.0
^RUT,2026-03-31,2400.0,Put,0.0,0.0,19.42,9.0,376.0,0.03696925098554534,2669.159912109375,0.23005902978931697,0.0
^RUT,2026-03-31,2405.0,Call,0.0,0.0,311.46,18.0,18.0,0.03696925098554534,2669.159912109375,0.23005902978931697,0.0
^RUT,2026-03-31,2405.0,Put,0.0,0.0,18.46,2.0,2.0,0.03696925098554534,2669.159912109375,0.23005902978931697,0.0
^RUT,2026-03-31,2410.0,Call,142.9,144.0,216.49,2.0,4.0,0.03696925098554534,2669.159912109375,0.23005902978931697,0.0
^RUT,2026-03-31,2410.0,Put,0.0,0.0,51.7,27.0,27.0,0.03696925098554534,2669.159912109375,0.23005902978931697,0.0
^RUT,2026-03-31,2425.0,Put,0.0,0.0,24.0,9.0,99.0,0.03696925098554534,2669.159912109375,0.23005902978931697,0.0
^RUT,2026-03-31,2430.0,Put,0.0,0.0,24.97,12.0,12.0,0.03696925098554534,2669.159912109375,0.23005902978931697,0.0
^RUT,2026-03-31,2440.0,Call,0.0,0.0,323.46,,1.0,0.03696925098554534,2669.159912109375,0.23005902978931697,0.0
^RUT,2026-03-31,2440.0,Put,0.0,0.0,24.65,,2.0,0.03696925098554534,2669.159912109375,0.23005902978931697,0.0
^RUT,2026-03-31,2445.0,Put,0.0,0.0,29.0,14.0,15.0,0.03696925098554534,2669.159912109375,0.23005902978931697,0.0
^RUT,2026-03-31,2450.0,Call,0.0,0.0,203.79,6.0,48.0,0.03696925098554534,2669.159912109375,0.23005902978931697,0.0
^RUT,2026-03-31,2450.0,Put,0.0,0.0,27.77,10.0,272.0,0.03696925098554534,2669.159912109375,0.23005902978931697,0.0
^RUT,2026-03-31,2455.0,Put,0.0,0.0,38.7,,11.0,0.03696925098554534,2669.159912109375,0.23005902978931697,0.0
^RUT,2026-03-31,2460.0,Put,0.0,0.0,34.8,1.0,58.0,0.03696925098554534,2669.159912109375,0.23005902978931697,0.0
^RUT,2026-03-31,2465.0,Put,0.0,0.0,35.7,1.0,11.0,0.03696925098554534,2669.159912109375,0.23005902978931697,0.0
^RUT,2026-03-31,2470.0,Put,0.0,0.0,24.89,,21.0,0.03696925098554534,2669.159912109375,0.23005902978931697,0.0
^RUT,2026-03-31,2475.0,Call,0.0,0.0,141.81,,1.0,0.03696925098554534,2669.159912109375,0.23005902978931697,0.0
^RUT,2026-03-31,2475.0,Put,0.0,0.0,24.9,2.0,2.0,0.03696925098554534,2669.159912109375,0.23005902978931697,0.0
^RUT,2026-03-31,2480.0,Put,0.0,0.0,52.65,,5.0,0.03696925098554534,2669.159912109375,0.23005902978931697,0.0
^RUT,2026-03-31,2485.0,Put,0.0,0.0,53.44,,3.0,0.03696925098554534,2669.159912109375,0.23005902978931697,0.0
^RUT,2026-03-31,2490.0,Put,0.0,0.0,50.21,,2.0,0.03696925098554534,2669.159912109375,0.23005902978931697,0.0
^RUT,2026-03-31,2495.0,Put,0.0,0.0,42.9,,7.0,0.03696925098554534,2669.159912109375,0.23005902978931697,0.0
^RUT,2026-03-31,2500.0,Call,0.0,0.0,151.32,3.0,79.0,0.03696925098554534,2669.159912109375,0.23005902978931697,0.0
^RUT,2026-03-31,2500.0,Put,0.0,0.0,35.61,1.0,114.0,0.03696925098554534,2669.159912109375,0.23005902978931697,0.0
^RUT,2026-03-31,2510.0,Put,0.0,0.0,45.98,6.0,21.0,0.03696925098554534,2669.159912109375,0.23005902978931697,0.0
^RUT,2026-03-31,2515.0,Put,0.0,0.0,44.1,6.0,17.0,0.03696925098554534,2669.159912109375,0.23005902978931697,0.0
^RUT,2026-03-31,2520.0,Put,0.0,0.0,31.03,5.0,12.0,0.03696925098554534,2669.159912109375,0.23005902978931697,0.0
^RUT,2026-03-31,2525.0,Call,0.0,0.0,90.6,5.0,5.0,0.03696925098554534,2669.159912109375,0.23005902978931697,0.0
^RUT,2026-03-31,2525.0,Put,0.0,0.0,52.5,,80.0,0.03696925098554534,2669.159912109375,0.23005902978931697,0.0
^RUT,2026-03-31,2530.0,Call,0.0,0.0,239.25,,10.0,0.03696925098554534,2669.159912109375,0.23005902978931697,0.0
^RUT,2026-03-31,2530.0,Put,0.0,0.0,40.4,,12.0,0.03696925098554534,2669.159912109375,0.23005902978931697,0.0
^RUT,2026-03-31,2535.0,Call,0.0,0.0,86.1,4.0,4.0,0.03696925098554534,2669.159912109375,0.23005902978931697,0.0
^RUT,2026-03-31,2535.0,Put,0.0,0.0,69.11,,8.0,0.03696925098554534,2669.159912109375,0.23005902978931697,0.0
^RUT,2026-03-31,2540.0,Call,0.0,0.0,77.4,4.0,4.0,0.03696925098554534,2669.159912109375,0.23005902978931697,0.0
^RUT,2026-03-31,2540.0,Put,0.0,0.0,55.88,,3.0,0.03696925098554534,2669.159912109375,0.23005902978931697,0.0
^RUT,2026-03-31,2545.0,Put,0.0,0.0,59.7,31.0,30.0,0.03696925098554534,2669.159912109375,0.23005902978931697,0.0
^RUT,2026-03-31,2550.0,Call,0.0,0.0,166.5,1.0,88.0,0.03696925098554534,2669.159912109375,0.23005902978931697,0.0
^RUT,2026-03-31,2550.0,Put,0.0,0.0,46.5,1.0,163.0,0.03696925098554534,2669.159912109375,0.23005902978931697,0.0
^RUT,2026-03-31,2555.0,Put,0.0,0.0,48.8,2.0,2.0,0.03696925098554534,2669.159912109375,0.23005902978931697,0.0
^RUT,2026-03-31,2560.0,Put,0.0,0.0,50.1,3.0,60.0,0.03696925098554534,2669.159912109375,0.23005902978931697,0.0
^RUT,2026-03-31,2565.0,Put,0.0,0.0,63.77,1.0,6.0,0.03696925098554534,2669.159912109375,0.23005902978931697,0.0
^RUT,2026-03-31,2570.0,Call,0.0,0.0,186.72,,1.0,0.03696925098554534,2669.159912109375,0.23005902978931697,0.0
^RUT,2026-03-31,2570.0,Put,0.0,0.0,52.57,4.0,29.0,0.03696925098554534,2669.159912109375,0.23005902978931697,0.0
^RUT,2026-03-31,2575.0,Call,0.0,0.0,152.62,,4.0,0.03696925098554534,2669.159912109375,0.23005902978931697,0.0
^RUT,2026-03-31,2575.0,Put,0.0,0.0,58.82,7.0,11.0,0.03696925098554534,2669.159912109375,0.23005902978931697,0.0
^RUT,2026-03-31,2580.0,Call,0.0,0.0,200.23,10.0,17.0,0.03696925098554534,2669.159912109375,0.23005902978931697,0.0
^RUT,2026-03-31,2580.0,Put,0.0,0.0,54.82,3.0,11.0,0.03696925098554534,2669.159912109375,0.23005902978931697,0.0
^RUT,2026-03-31,2585.0,Call,0.0,0.0,136.5,10.0,10.0,0.03696925098554534,2669.159912109375,0.23005902978931697,0.0
^RUT,2026-03-31,2585.0,Put,0.0,0.0,57.6,,9.0,0.03696925098554534,2669.159912109375,0.23005902978931697,0.0
^RUT,2026-03-31,2590.0,Call,0.0,0.0,139.9,5.0,5.0,0.03696925098554534,2669.159912109375,0.23005902978931697,0.0
^RUT,2026-03-31,2590.0,Put,0.0,0.0,54.3,55.0,53.0,0.03696925098554534,2669.159912109375,0.23005902978931697,0.0
^RUT,2026-03-31,2600.0,Call,0.0,0.0,143.43,1.0,378.0,0.03696925098554534,2669.159912109375,0.23005902978931697,0.0
^RUT,2026-03-31,2600.0,Put,0.0,0.0,57.73,10.0,375.0,0.03696925098554534,2669.159912109375,0.23005902978931697,0.0
^RUT,2026-03-31,2605.0,Call,0.0,0.0,132.47,4.0,5.0,0.03696925098554534,2669.159912109375,0.23005902978931697,0.0
^RUT,2026-03-31,2605.0,Put,0.0,0.0,62.14,13.0,51.0,0.03696925098554534,2669.159912109375,0.23005902978931697,0.0
^RUT,2026-03-31,2610.0,Call,0.0,0.0,137.87,,2.0,0.03696925098554534,2669.159912109375,0.23005902978931697,0.0
^RUT,2026-03-31,2610.0,Put,0.0,0.0,64.9,3.0,348.0,0.03696925098554534,2669.159912109375,0.23005902978931697,0.0
^RUT,2026-03-31,2615.0,Call,0.0,0.0,141.5,,1.0,0.03696925098554534,2669.159912109375,0.23005902978931697,0.0
^RUT,2026-03-31,2615.0,Put,0.0,0.0,77.33,6.0,16.0,0.03696925098554534,2669.159912109375,0.23005902978931697,0.0
^RUT,2026-03-31,2620.0,Put,0.0,0.0,67.99,8.0,68.0,0.03696925098554534,2669.159912109375,0.23005902978931697,0.0
^RUT,2026-03-31,2625.0,Call,0.0,0.0,128.19,,2.0,0.03696925098554534,2669.159912109375,0.23005902978931697,0.0
^RUT,2026-03-31,2625.0,Put,0.0,0.0,74.16,10.0,13.0,0.03696925098554534,2669.159912109375,0.23005902978931697,0.0
^RUT,2026-03-31,2630.0,Call,0.0,0.0,134.36,1.0,3.0,0.03696925098554534,2669.159912109375,0.23005902978931697,0.0
^RUT,2026-03-31,2630.0,Put,0.0,0.0,70.78,6.0,76.0,0.03696925098554534,2669.159912109375,0.23005902978931697,0.0
^RUT,2026-03-31,2640.0,Call,0.0,0.0,111.54,,1.0,0.03696925098554534,2669.159912109375,0.23005902978931697,0.0
^RUT,2026-03-31,2640.0,Put,0.0,0.0,69.3,27.0,40.0,0.03696925098554534,2669.159912109375,0.23005902978931697,0.0
^RUT,2026-03-31,2645.0,Put,0.0,0.0,76.01,4.0,25.0,0.03696925098554534,2669.159912109375,0.23005902978931697,0.0
^RUT,2026-03-31,2650.0,Call,0.0,0.0,122.93,4.0,127.0,0.03696925098554534,2669.159912109375,0.23005902978931697,0.0
^RUT,2026-03-31,2650.0,Put,0.0,0.0,88.55,80.0,184.0,0.03696925098554534,2669.159912109375,0.23005902978931697,0.0
^RUT,2026-03-31,2655.0,Put,0.0,0.0,74.89,6.0,31.0,0.03696925098554534,2669.159912109375,0.23005902978931697,0.0
^RUT,2026-03-31,2660.0,Call,0.0,0.0,111.43,3.0,1.0,0.03696925098554534,2669.159912109375,0.23005902978931697,0.0
^RUT,2026-03-31,2660.0,Put,0.0,0.0,83.17,8.0,223.0,0.03696925098554534,2669.159912109375,0.23005902978931697,0.0
^RUT,2026-03-31,2665.0,Call,0.0,0.0,126.6,,1.0,0.03696925098554534,2669.159912109375,0.23005902978931697,0.0
^RUT,2026-03-31,2665.0,Put,0.0,0.0,65.1,,17.0,0.03696925098554534,2669.159912109375,0.23005902978931697,0.0
^RUT,2026-03-31,2670.0,Put,0.0,0.0,86.44,3.0,34.0,0.03696925098554534,2669.159912109375,0.23005902978931697,0.0
^RUT,2026-03-31,2675.0,Call,0.0,0.0,99.3,4.0,6.0,0.03696925098554534,2669.159912109375,0.23005902978931697,0.0
^RUT,2026-03-31,2675.0,Put,0.0,0.0,88.18,2.0,5.0,0.03696925098554534,2669.159912109375,0.23005902978931697,0.0
^RUT,2026-03-31,2680.0,Call,0.0,0.0,111.11,10.0,11.0,0.03696925098554534,2669.159912109375,0.23005902978931697,0.0
^RUT,2026-03-31,2680.0,Put,0.0,0.0,69.12,10.0,87.0,0.03696925098554534,2669.159912109375,0.23005902978931697,0.0
^RUT,2026-03-31,2685.0,Call,0.0,0.0,123.03,1.0,8.0,0.03696925098554534,2669.159912109375,0.23005902978931697,0.0
^RUT,2026-03-31,2685.0,Put,0.0,0.0,75.46,1.0,1.0,0.03696925098554534,2669.159912109375,0.23005902978931697,0.0
^RUT,2026-03-31,2690.0,Call,0.0,0.0,106.4,20.0,58.0,0.03696925098554534,2669.159912109375,0.23005902978931697,0.0
^RUT,2026-03-31,2690.0,Put,0.0,0.0,82.77,1.0,19.0,0.03696925098554534,2669.159912109375,0.23005902978931697,0.0
^RUT,2026-03-31,2695.0,Call,0.0,0.0,88.0,4.0,4.0,0.03696925098554534,2669.159912109375,0.23005902978931697,0.0
^RUT,2026-03-31,2700.0,Call,0.0,0.0,89.59,1.0,229.0,0.03696925098554534,2669.159912109375,0.23005902978931697,0.0
^RUT,2026-03-31,2700.0,Put,0.0,0.0,102.9,6.0,24.0,0.03696925098554534,2669.159912109375,0.23005902978931697,0.0
^RUT,2026-03-31,2705.0,Call,0.0,0.0,82.25,,0.0,0.03696925098554534,2669.159912109375,0.23005902978931697,0.0
^RUT,2026-03-31,2710.0,Call,0.0,0.0,108.12,2.0,3.0,0.03696925098554534,2669.159912109375,0.23005902978931697,0.0
^RUT,2026-03-31,2715.0,Call,0.0,0.0,105.1,,1.0,0.03696925098554534,2669.159912109375,0.23005902978931697,0.0
^RUT,2026-03-31,2715.0,Put,0.0,0.0,87.29,,45.0,0.03696925098554534,2669.159912109375,0.23005902978931697,0.0
^RUT,2026-03-31,2720.0,Call,0.0,0.0,103.2,1.0,12.0,0.03696925098554534,2669.159912109375,0.23005902978931697,0.0
^RUT,2026-03-31,2720.0,Put,0.0,0.0,87.77,,30.0,0.03696925098554534,2669.159912109375,0.23005902978931697,0.0
^RUT,2026-03-31,2725.0,Call,0.0,0.0,87.0,11.0,11.0,0.03696925098554534,2669.159912109375,0.23005902978931697,0.0
^RUT,2026-03-31,2730.0,Call,0.0,0.0,58.8,,1.0,0.03696925098554534,2669.159912109375,0.23005902978931697,0.0
^RUT,2026-03-31,2730.0,Put,0.0,0.0,118.35,3.0,8.0,0.03696925098554534,2669.159912109375,0.23005902978931697,0.0
^RUT,2026-03-31,2735.0,Put,0.0,0.0,102.1,5.0,6.0,0.03696925098554534,2669.159912109375,0.23005902978931697,0.0
^RUT,2026-03-31,2740.0,Call,0.0,0.0,36.46,,1.0,0.03696925098554534,2669.159912109375,0.23005902978931697,0.0
^RUT,2026-03-31,2750.0,Call,0.0,0.0,65.49,1.0,169.0,0.03696925098554534,2669.159912109375,0.23005902978931697,0.0
^RUT,2026-03-31,2755.0,Call,0.0,0.0,40.87,,1.0,0.03696925098554534,2669.159912109375,0.23005902978931697,0.0
^RUT,2026-03-31,2755.0,Put,0.0,0.0,117.6,4.0,5.0,0.03696925098554534,2669.159912109375,0.23005902978931697,0.0
^RUT,2026-03-31,2760.0,Put,0.0,0.0,106.82,,12.0,0.03696925098554534,2669.159912109375,0.23005902978931697,0.0
^RUT,2026-03-31,2765.0,Call,0.0,0.0,45.25,,1.0,0.03696925098554534,2669.159912109375,0.23005902978931697,0.0
^RUT,2026-03-31,2770.0,Call,0.0,0.0,23.22,,4.0,0.03696925098554534,2669.159912109375,0.23005902978931697,0.0
^RUT,2026-03-31,2775.0,Call,0.0,0.0,48.56,1.0,41.0,0.03696925098554534,2669.159912109375,0.23005902978931697,0.0
^RUT,2026-03-31,2780.0,Call,0.0,0.0,48.86,1.0,54.0,0.03696925098554534,2669.159912109375,0.23005902978931697,0.0
^RUT,2026-03-31,2780.0,Put,0.0,0.0,157.8,,1.0,0.03696925098554534,2669.159912109375,0.23005902978931697,0.0
^RUT,2026-03-31,2785.0,Call,0.0,0.0,39.25,,1.0,0.03696925098554534,2669.159912109375,0.23005902978931697,0.0
^RUT,2026-03-31,2795.0,Call,0.0,0.0,50.03,,1.0,0.03696925098554534,2669.159912109375,0.23005902978931697,0.0
^RUT,2026-03-31,2800.0,Call,0.0,0.0,42.15,124.0,434.0,0.03696925098554534,2669.159912109375,0.23005902978931697,0.0
^RUT,2026-03-31,2800.0,Put,0.0,0.0,285.0,2.0,2.0,0.03696925098554534,2669.159912109375,0.23005902978931697,0.0
^RUT,2026-03-31,2805.0,Call,0.0,0.0,45.01,,4.0,0.03696925098554534,2669.159912109375,0.23005902978931697,0.0
^RUT,2026-03-31,2810.0,Call,0.0,0.0,48.03,1.0,80.0,0.03696925098554534,2669.159912109375,0.23005902978931697,0.0
^RUT,2026-03-31,2815.0,Call,0.0,0.0,44.15,2.0,3.0,0.03696925098554534,2669.159912109375,0.23005902978931697,0.0
^RUT,2026-03-31,2820.0,Call,0.0,0.0,39.78,1.0,2.0,0.03696925098554534,2669.159912109375,0.23005902978931697,0.0
^RUT,2026-03-31,2825.0,Call,0.0,0.0,38.9,,3.0,0.03696925098554534,2669.159912109375,0.23005902978931697,0.0
^RUT,2026-03-31,2830.0,Call,0.0,0.0,36.83,1.0,2.0,0.03696925098554534,2669.159912109375,0.23005902978931697,0.0
^RUT,2026-03-31,2835.0,Call,0.0,0.0,40.25,,12.0,0.03696925098554534,2669.159912109375,0.23005902978931697,0.0
^RUT,2026-03-31,2840.0,Call,0.0,0.0,52.82,,4.0,0.03696925098554534,2669.159912109375,0.23005902978931697,0.0
^RUT,2026-03-31,2845.0,Call,0.0,0.0,50.02,,1.0,0.03696925098554534,2669.159912109375,0.23005902978931697,0.0
^RUT,2026-03-31,2850.0,Call,0.0,0.0,49.6,12.0,185.0,0.03696925098554534,2669.159912109375,0.23005902978931697,0.0
^RUT,2026-03-31,2860.0,Call,0.0,0.0,45.89,,6.0,0.03696925098554534,2669.159912109375,0.23005902978931697,0.0
^RUT,2026-03-31,2865.0,Call,0.0,0.0,43.37,,1.0,0.03696925098554534,2669.159912109375,0.23005902978931697,0.0
^RUT,2026-03-31,2900.0,Call,0.0,0.0,18.0,243.0,423.0,0.03696925098554534,2669.159912109375,0.23005902978931697,0.0
^RUT,2026-03-31,2950.0,Call,0.0,0.0,17.62,1.0,54.0,0.03696925098554534,2669.159912109375,0.23005902978931697,0.0
^RUT,2026-03-31,3000.0,Call,0.0,0.0,8.01,121.0,314.0,0.03696925098554534,2669.159912109375,0.23005902978931697,0.0
^RUT,2026-03-31,3050.0,Call,0.0,0.0,7.3,8.0,20.0,0.03696925098554534,2669.159912109375,0.23005902978931697,0.0
^RUT,2026-03-31,3100.0,Call,0.0,0.0,4.5,2.0,79.0,0.03696925098554534,2669.159912109375,0.23005902978931697,0.0
^RUT,2026-03-31,3100.0,Put,952.6,1021.3,1111.7,,1.0,0.03696925098554534,2669.159912109375,0.23005902978931697,0.0
^RUT,2026-04-17,1350.0,Call,0.0,0.0,1331.9,,1.0,0.036801708278580814,2669.159912109375,0.23005902978931697,0.0
^RUT,2026-04-17,1350.0,Put,0.0,0.0,0.9,,1.0,0.036801708278580814,2669.159912109375,0.23005902978931697,0.0
^RUT,2026-04-17,1700.0,Put,0.0,0.0,3.86,,17.0,0.036801708278580814,2669.159912109375,0.23005902978931697,0.0
^RUT,2026-04-17,1800.0,Put,0.0,0.0,5.07,,16.0,0.036801708278580814,2669.159912109375,0.23005902978931697,0.0
^RUT,2026-04-17,1850.0,Put,0.0,0.0,5.78,10.0,20.0,0.036801708278580814,2669.159912109375,0.23005902978931697,0.0
^RUT,2026-04-17,1950.0,Put,0.0,0.0,6.0,1.0,21.0,0.036801708278580814,2669.159912109375,0.23005902978931697,0.0
^RUT,2026-04-17,2000.0,Put,0.0,0.0,5.5,,10.0,0.036801708278580814,2669.159912109375,0.23005902978931697,0.0
^RUT,2026-04-17,2050.0,Put,0.0,0.0,7.95,,1.0,0.036801708278580814,2669.159912109375,0.23005902978931697,0.0
^RUT,2026-04-17,2100.0,Put,0.0,0.0,8.47,,1.0,0.036801708278580814,2669.159912109375,0.23005902978931697,0.0
^RUT,2026-04-17,2150.0,Put,0.0,0.0,8.7,30.0,50.0,0.036801708278580814,2669.159912109375,0.23005902978931697,0.0
^RUT,2026-04-17,2200.0,Put,0.0,0.0,11.1,1.0,9.0,0.036801708278580814,2669.159912109375,0.23005902978931697,0.0
^RUT,2026-04-17,2250.0,Put,0.0,0.0,13.52,1.0,25.0,0.036801708278580814,2669.159912109375,0.23005902978931697,0.0
^RUT,2026-04-17,2300.0,Put,0.0,0.0,17.9,32.0,42.0,0.036801708278580814,2669.159912109375,0.23005902978931697,0.0
^RUT,2026-04-17,2350.0,Put,0.0,0.0,19.3,2.0,28.0,0.036801708278580814,2669.159912109375,0.23005902978931697,0.0
^RUT,2026-04-17,2370.0,Put,0.0,0.0,25.39,,15.0,0.036801708278580814,2669.159912109375,0.23005902978931697,0.0
^RUT,2026-04-17,2380.0,Put,0.0,0.0,25.0,23.0,23.0,0.036801708278580814,2669.159912109375,0.23005902978931697,0.0
^RUT,2026-04-17,2390.0,Put,0.0,0.0,25.26,,19.0,0.036801708278580814,2669.159912109375,0.23005902978931697,0.0
^RUT,2026-04-17,2400.0,Put,0.0,0.0,27.4,22.0,25.0,0.036801708278580814,2669.159912109375,0.23005902978931697,0.0
^RUT,2026-04-17,2410.0,Put,0.0,0.0,36.1,1.0,20.0,0.036801708278580814,2669.159912109375,0.23005902978931697,0.0
^RUT,2026-04-17,2420.0,Put,0.0,0.0,25.4,,20.0,0.036801708278580814,2669.159912109375,0.23005902978931697,0.0
^RUT,2026-04-17,2430.0,Put,0.0,0.0,41.4,,5.0,0.036801708278580814,2669.159912109375,0.23005902978931697,0.0
^RUT,2026-04-17,2440.0,Put,0.0,0.0,27.75,,20.0,0.036801708278580814,2669.159912109375,0.23005902978931697,0.0
^RUT,2026-04-17,2450.0,Put,0.0,0.0,29.29,2.0,9.0,0.036801708278580814,2669.159912109375,0.23005902978931697,0.0
^RUT,2026-04-17,2460.0,Put,0.0,0.0,29.3,,2.0,0.036801708278580814,2669.159912109375,0.23005902978931697,0.0
^RUT,2026-04-17,2480.0,Put,0.0,0.0,46.02,,4.0,0.036801708278580814,2669.159912109375,0.23005902978931697,0.0
^RUT,2026-04-17,2500.0,Put,0.0,0.0,41.31,1.0,150.0,0.036801708278580814,2669.159912109375,0.23005902978931697,0.0
^RUT,2026-04-17,2510.0,Put,0.0,0.0,36.66,,3.0,0.036801708278580814,2669.159912109375,0.23005902978931697,0.0
^RUT,2026-04-17,2520.0,Put,0.0,0.0,38.87,,9.0,0.036801708278580814,2669.159912109375,0.23005902978931697,0.0
^RUT,2026-04-17,2540.0,Put,0.0,0.0,53.79,2.0,2.0,0.036801708278580814,2669.159912109375,0.23005902978931697,0.0
^RUT,2026-04-17,2550.0,Put,0.0,0.0,56.73,8.0,47.0,0.036801708278580814,2669.159912109375,0.23005902978931697,0.0
^RUT,2026-04-17,2560.0,Put,0.0,0.0,60.1,183.0,205.0,0.036801708278580814,2669.159912109375,0.23005902978931697,0.0
^RUT,2026-04-17,2580.0,Put,0.0,0.0,60.37,3.0,48.0,0.036801708278580814,2669.159912109375,0.23005902978931697,0.0
^RUT,2026-04-17,2590.0,Put,0.0,0.0,53.8,30.0,352.0,0.036801708278580814,2669.159912109375,0.23005902978931697,0.0
^RUT,2026-04-17,2600.0,Call,0.0,0.0,157.37,6.0,4.0,0.036801708278580814,2669.159912109375,0.23005902978931697,0.0
^RUT,2026-04-17,2600.0,Put,0.0,0.0,70.96,8.0,58.0,0.036801708278580814,2669.159912109375,0.23005902978931697,0.0
^RUT,2026-04-17,2610.0,Put,0.0,0.0,67.6,6.0,216.0,0.036801708278580814,2669.159912109375,0.23005902978931697,0.0
^RUT,2026-04-17,2620.0,Put,0.0,0.0,68.6,740.0,735.0,0.036801708278580814,2669.159912109375,0.23005902978931697,0.0
^RUT,2026-04-17,2630.0,Put,0.0,0.0,81.8,243.0,720.0,0.036801708278580814,2669.159912109375,0.23005902978931697,0.0
^RUT,2026-04-17,2640.0,Put,0.0,0.0,86.82,21.0,21.0,0.036801708278580814,2669.159912109375,0.23005902978931697,0.0
^RUT,2026-04-17,2650.0,Put,0.0,0.0,88.88,5.0,794.0,0.036801708278580814,2669.159912109375,0.23005902978931697,0.0
^RUT,2026-04-17,2660.0,Put,0.0,0.0,91.4,187.0,1205.0,0.036801708278580814,2669.159912109375,0.23005902978931697,0.0
^RUT,2026-04-17,2690.0,Put,0.0,0.0,98.9,,1.0,0.036801708278580814,2669.159912109375,0.23005902978931697,0.0
^RUT,2026-04-17,2700.0,Put,0.0,0.0,88.72,151.0,160.0,0.036801708278580814,2669.159912109375,0.23005902978931697,0.0
^RUT,2026-04-17,2710.0,Call,0.0,0.0,128.9,,1.0,0.036801708278580814,2669.159912109375,0.23005902978931697,0.0
^RUT,2026-04-17,2710.0,Put,0.0,0.0,107.6,,41.0,0.036801708278580814,2669.159912109375,0.23005902978931697,0.0
^RUT,2026-04-17,2720.0,Call,0.0,0.0,123.0,1.0,5.0,0.036801708278580814,2669.159912109375,0.23005902978931697,0.0
^RUT,2026-04-17,2720.0,Put,0.0,0.0,99.0,3.0,58.0,0.036801708278580814,2669.159912109375,0.23005902978931697,0.0
^RUT,2026-04-17,2730.0,Call,0.0,0.0,117.04,,0.0,0.036801708278580814,2669.159912109375,0.23005902978931697,0.0
^RUT,2026-04-17,2730.0,Put,0.0,0.0,116.0,,11.0,0.036801708278580814,2669.159912109375,0.23005902978931697,0.0
^RUT,2026-04-17,2740.0,Call,0.0,0.0,83.3,,1.0,0.036801708278580814,2669.159912109375,0.23005902978931697,0.0
^RUT,2026-04-17,2740.0,Put,0.0,0.0,151.6,6.0,16.0,0.036801708278580814,2669.159912109375,0.23005902978931697,0.0
^RUT,2026-04-17,2750.0,Call,0.0,0.0,99.41,16.0,54.0,0.036801708278580814,2669.159912109375,0.23005902978931697,0.0
^RUT,2026-04-17,2750.0,Put,0.0,0.0,128.8,,1.0,0.036801708278580814,2669.159912109375,0.23005902978931697,0.0
^RUT,2026-04-17,2760.0,Call,0.0,0.0,103.29,1.0,1.0,0.036801708278580814,2669.159912109375,0.23005902978931697,0.0
^RUT,2026-04-17,2770.0,Call,0.0,0.0,89.1,,3.0,0.036801708278580814,2669.159912109375,0.23005902978931697,0.0
^RUT,2026-04-17,2770.0,Put,0.0,0.0,120.2,,10.0,0.036801708278580814,2669.159912109375,0.23005902978931697,0.0
^RUT,2026-04-17,2780.0,Call,0.0,0.0,61.43,1.0,5.0,0.036801708278580814,2669.159912109375,0.23005902978931697,0.0
^RUT,2026-04-17,2790.0,Call,0.0,0.0,71.42,1.0,4.0,0.036801708278580814,2669.159912109375,0.23005902978931697,0.0
^RUT,2026-04-17,2800.0,Call,0.0,0.0,54.18,1.0,29.0,0.036801708278580814,2669.159912109375,0.23005902978931697,0.0
^RUT,2026-04-17,2810.0,Call,0.0,0.0,48.69,,2.0,0.036801708278580814,2669.159912109375,0.23005902978931697,0.0
^RUT,2026-04-17,2820.0,Call,0.0,0.0,56.25,2.0,3.0,0.036801708278580814,2669.159912109375,0.23005902978931697,0.0
^RUT,2026-04-17,2830.0,Call,0.0,0.0,51.04,2.0,6.0,0.036801708278580814,2669.159912109375,0.23005902978931697,0.0
^RUT,2026-04-17,2840.0,Call,0.0,0.0,46.05,2.0,1.0,0.036801708278580814,2669.159912109375,0.23005902978931697,0.0
^RUT,2026-04-17,2850.0,Call,0.0,0.0,39.07,2.0,12.0,0.036801708278580814,2669.159912109375,0.23005902978931697,0.0
^RUT,2026-04-17,2860.0,Call,0.0,0.0,34.83,2.0,11.0,0.036801708278580814,2669.159912109375,0.23005902978931697,0.0
^RUT,2026-04-17,2870.0,Call,0.0,0.0,32.43,1.0,19.0,0.036801708278580814,2669.159912109375,0.23005902978931697,0.0
^RUT,2026-04-17,2880.0,Call,0.0,0.0,52.0,,9.0,0.036801708278580814,2669.159912109375,0.23005902978931697,0.0
^RUT,2026-04-17,2900.0,Call,0.0,0.0,37.1,2.0,5.0,0.036801708278580814,2669.159912109375,0.23005902978931697,0.0
^RUT,2026-04-17,2950.0,Call,0.0,0.0,20.84,3.0,55.0,0.036801708278580814,2669.159912109375,0.23005902978931697,0.0
^RUT,2026-04-17,3000.0,Call,0.0,0.0,15.21,1.0,4.0,0.036801708278580814,2669.159912109375,0.23005902978931697,0.0
^RUT,2026-04-17,3050.0,Call,0.0,0.0,10.04,3.0,118.0,0.036801708278580814,2669.159912109375,0.23005902978931697,0.0
^RUT,2026-04-17,3100.0,Call,0.0,0.0,11.08,,23.0,0.036801708278580814,2669.159912109375,0.23005902978931697,0.0
^RUT,2026-04-17,3150.0,Call,0.0,0.0,8.1,10.0,15.0,0.036801708278580814,2669.159912109375,0.23005902978931697,0.0
^RUT,2026-04-17,3200.0,Call,0.0,0.0,5.63,2.0,6.0,0.036801708278580814,2669.159912109375,0.23005902978931697,0.0
^RUT,2026-04-17,3300.0,Call,0.0,0.0,2.25,2.0,9.0,0.036801708278580814,2669.159912109375,0.23005902978931697,0.0
^RUT,2026-04-17,3400.0,Call,0.0,0.0,1.94,,5.0,0.036801708278580814,2669.159912109375,0.23005902978931697,0.0
^RUT,2026-04-17,3500.0,Call,0.0,0.0,1.24,45.0,43.0,0.036801708278580814,2669.159912109375,0.23005902978931697,0.0
^RUT,2026-04-17,3700.0,Call,0.0,0.0,0.59,,6.0,0.036801708278580814,2669.159912109375,0.23005902978931697,0.0
^RUT,2026-04-17,3750.0,Call,0.0,0.0,0.52,,85.0,0.036801708278580814,2669.159912109375,0.23005902978931697,0.0
^RUT,2026-04-17,3800.0,Call,0.0,0.0,0.35,,5.0,0.036801708278580814,2669.159912109375,0.23005902978931697,0.0
^RUT,2026-04-17,3850.0,Call,0.0,0.0,0.3,,15.0,0.036801708278580814,2669.159912109375,0.23005902978931697,0.0
^RUT,2026-04-17,3900.0,Call,0.0,0.0,0.33,,3.0,0.036801708278580814,2669.159912109375,0.23005902978931697,0.0
^RUT,2026-04-30,1250.0,Put,0.0,0.0,0.85,7.0,17.0,0.036699999999999997,2669.159912109375,0.23005902978931697,0.0
^RUT,2026-04-30,1300.0,Put,0.0,0.0,1.02,7.0,10.0,0.036699999999999997,2669.159912109375,0.23005902978931697,0.0
^RUT,2026-04-30,1350.0,Put,0.0,0.0,1.61,40.0,42.0,0.036699999999999997,2669.159912109375,0.23005902978931697,0.0
^RUT,2026-04-30,1400.0,Put,0.0,0.0,1.25,4.0,9.0,0.036699999999999997,2669.159912109375,0.23005902978931697,0.0
^RUT,2026-04-30,1450.0,Put,0.0,0.0,1.48,3.0,3.0,0.036699999999999997,2669.159912109375,0.23005902978931697,0.0
^RUT,2026-04-30,1500.0,Call,0.0,0.0,1057.31,,1.0,0.036699999999999997,2669.159912109375,0.23005902978931697,0.0
^RUT,2026-04-30,1500.0,Put,0.0,0.0,1.95,2.0,13.0,0.036699999999999997,2669.159912109375,0.23005902978931697,0.0
^RUT,2026-04-30,1550.0,Put,0.0,0.0,5.5,5.0,5.0,0.036699999999999997,2669.159912109375,0.23005902978931697,0.0
^RUT,2026-04-30,1650.0,Call,0.0,0.0,911.21,,1.0,0.036699999999999997,2669.159912109375,0.23005902978931697,0.0
^RUT,2026-04-30,1650.0,Put,0.0,0.0,3.51,1.0,2.0,0.036699999999999997,2669.159912109375,0.23005902978931697,0.0
^RUT,2026-04-30,1700.0,Put,0.0,0.0,4.37,1.0,5017.0,0.036699999999999997,2669.159912109375,0.23005902978931697,0.0
^RUT,2026-04-30,1750.0,Put,0.0,0.0,3.44,3.0,10.0,0.036699999999999997,2669.159912109375,0.23005902978931697,0.0
^RUT,2026-04-30,1800.0,Put,0.0,0.0,6.0,15.0,38.0,0.036699999999999997,2669.159912109375,0.23005902978931697,0.0
^RUT,2026-04-30,1850.0,Put,0.0,0.0,5.81,1.0,2.0,0.036699999999999997,2669.159912109375,0.23005902978931697,0.0
^RUT,2026-04-30,1900.0,Put,0.0,0.0,6.09,20.0,72.0,0.036699999999999997,2669.159912109375,0.23005902978931697,0.0
^RUT,2026-04-30,1950.0,Put,0.0,0.0,5.8,47.0,51.0,0.036699999999999997,2669.159912109375,0.23005902978931697,0.0
^RUT,2026-04-30,2000.0,Put,0.0,0.0,10.0,5.0,942.0,0.036699999999999997,2669.159912109375,0.23005902978931697,0.0
^RUT,2026-04-30,2010.0,Put,0.0,0.0,15.48,,1.0,0.036699999999999997,2669.159912109375,0.23005902978931697,0.0
^RUT,2026-04-30,2030.0,Put,10.8,11.2,42.27,2.0,0.0,0.036699999999999997,2669.159912109375,0.23005902978931697,0.0
^RUT,2026-04-30,2050.0,Put,0.0,0.0,11.2,1.0,64.0,0.036699999999999997,2669.159912109375,0.23005902978931697,0.0
^RUT,2026-04-30,2080.0,Put,0.0,0.0,11.37,,1.0,0.036699999999999997,2669.159912109375,0.23005902978931697,0.0
^RUT,2026-04-30,2100.0,Put,0.0,0.0,9.53,1.0,22.0,0.036699999999999997,2669.159912109375,0.23005902978931697,0.0
^RUT,2026-04-30,2110.0,Put,0.0,0.0,19.3,,2.0,0.036699999999999997,2669.159912109375,0.23005902978931697,0.0
^RUT,2026-04-30,2120.0,Put,0.0,0.0,24.43,4.0,1.0,0.036699999999999997,2669.159912109375,0.23005902978931697,0.0
^RUT,2026-04-30,2130.0,Put,0.0,0.0,14.26,1.0,8.0,0.036699999999999997,2669.159912109375,0.23005902978931697,0.0
^RUT,2026-04-30,2150.0,Call,0.0,0.0,554.31,1.0,1.0,0.036699999999999997,2669.159912109375,0.23005902978931697,0.0
^RUT,2026-04-30,2150.0,Put,0.0,0.0,15.26,1.0,170.0,0.036699999999999997,2669.159912109375,0.23005902978931697,0.0
^RUT,2026-04-30,2160.0,Call,0.0,0.0,544.73,1.0,1.0,0.036699999999999997,2669.159912109375,0.23005902978931697,0.0
^RUT,2026-04-30,2160.0,Put,0.0,0.0,28.23,4.0,2.0,0.036699999999999997,2669.159912109375,0.23005902978931697,0.0
^RUT,2026-04-30,2170.0,Put,0.0,0.0,26.41,2.0,31.0,0.036699999999999997,2669.159912109375,0.23005902978931697,0.0
^RUT,2026-04-30,2180.0,Put,0.0,0.0,26.26,4.0,2.0,0.036699999999999997,2669.159912109375,0.23005902978931697,0.0
^RUT,2026-04-30,2190.0,Put,19.6,20.2,87.8,17.0,17.0,0.036699999999999997,2669.159912109375,0.23005902978931697,0.0
^RUT,2026-04-30,2200.0,Put,0.0,0.0,13.54,1.0,81.0,0.036699999999999997,2669.159912109375,0.23005902978931697,0.0
^RUT,2026-04-30,2210.0,Put,0.0,0.0,22.99,4.0,33.0,0.036699999999999997,2669.159912109375,0.23005902978931697,0.0
^RUT,2026-04-30,2220.0,Put,0.0,0.0,17.2,22.0,33.0,0.036699999999999997,2669.159912109375,0.23005902978931697,0.0
^RUT,2026-04-30,2230.0,Call,0.0,0.0,507.02,1.0,1.0,0.036699999999999997,2669.159912109375,0.23005902978931697,0.0
^RUT,2026-04-30,2240.0,Call,0.0,0.0,519.46,,0.0,0.036699999999999997,2669.159912109375,0.23005902978931697,0.0
^RUT,2026-04-30,2240.0,Put,0.0,0.0,21.69,1.0,0.0,0.036699999999999997,2669.159912109375,0.23005902978931697,0.0
^RUT,2026-04-30,2250.0,Call,0.0,0.0,510.0,,1.0,0.036699999999999997,2669.159912109375,0.23005902978931697,0.0
^RUT,2026-04-30,2250.0,Put,0.0,0.0,17.77,5.0,22.0,0.036699999999999997,2669.159912109375,0.23005902978931697,0.0
^RUT,2026-04-30,2260.0,Put,26.1,26.7,99.0,,3.0,0.036699999999999997,2669.159912109375,0.23005902978931697,0.0
^RUT,2026-04-30,2270.0,Put,0.0,0.0,37.1,12.0,11.0,0.036699999999999997,2669.159912109375,0.23005902978931697,0.0
^RUT,2026-04-30,2290.0,Put,0.0,0.0,33.85,2.0,4.0,0.036699999999999997,2669.159912109375,0.23005902978931697,0.0
^RUT,2026-04-30,2300.0,Put,0.0,0.0,26.0,1.0,147.0,0.036699999999999997,2669.159912109375,0.23005902978931697,0.0
^RUT,2026-04-30,2310.0,Put,0.0,0.0,25.0,2.0,9.0,0.036699999999999997,2669.159912109375,0.23005902978931697,0.0
^RUT,2026-04-30,2320.0,Call,309.4,315.4,211.44,,1.0,0.036699999999999997,2669.159912109375,0.23005902978931697,0.0
^RUT,2026-04-30,2320.0,Put,0.0,0.0,27.65,1.0,23.0,0.036699999999999997,2669.159912109375,0.23005902978931697,0.0
^RUT,2026-04-30,2330.0,Put,0.0,0.0,24.4,16.0,7.0,0.036699999999999997,2669.159912109375,0.23005902978931697,0.0
^RUT,2026-04-30,2340.0,Put,0.0,0.0,30.22,8.0,47.0,0.036699999999999997,2669.159912109375,0.23005902978931697,0.0
^RUT,2026-04-30,2350.0,Put,0.0,0.0,23.5,3.0,52.0,0.036699999999999997,2669.159912109375,0.23005902978931697,0.0
^RUT,2026-04-30,2360.0,Put,0.0,0.0,52.76,4.0,5.0,0.036699999999999997,2669.159912109375,0.23005902978931697,0.0
^RUT,2026-04-30,2370.0,Put,0.0,0.0,34.6,1.0,14.0,0.036699999999999997,2669.159912109375,0.23005902978931697,0.0
^RUT,2026-04-30,2380.0,Put,0.0,0.0,36.43,2.0,10.0,0.036699999999999997,2669.159912109375,0.23005902978931697,0.0
^RUT,2026-04-30,2390.0,Put,0.0,0.0,60.8,,7.0,0.036699999999999997,2669.159912109375,0.23005902978931697,0.0
^RUT,2026-04-30,2400.0,Call,0.0,0.0,252.76,,1.0,0.036699999999999997,2669.159912109375,0.23005902978931697,0.0
^RUT,2026-04-30,2400.0,Put,0.0,0.0,38.9,1.0,249.0,0.036699999999999997,2669.159912109375,0.23005902978931697,0.0
^RUT,2026-04-30,2410.0,Put,0.0,0.0,35.25,2.0,4.0,0.036699999999999997,2669.159912109375,0.23005902978931697,0.0
^RUT,2026-04-30,2420.0,Put,0.0,0.0,36.58,2.0,22.0,0.036699999999999997,2669.159912109375,0.23005902978931697,0.0
^RUT,2026-04-30,2430.0,Put,53.7,54.6,140.0,2.0,4.0,0.036699999999999997,2669.159912109375,0.23005902978931697,0.0
^RUT,2026-04-30,2440.0,Call,0.0,0.0,208.93,,1.0,0.036699999999999997,2669.159912109375,0.23005902978931697,0.0
^RUT,2026-04-30,2440.0,Put,0.0,0.0,44.5,7.0,49.0,0.036699999999999997,2669.159912109375,0.23005902978931697,0.0
^RUT,2026-04-30,2450.0,Call,0.0,0.0,195.8,,2.0,0.036699999999999997,2669.159912109375,0.23005902978931697,0.0
^RUT,2026-04-30,2450.0,Put,0.0,0.0,42.27,20.0,99.0,0.036699999999999997,2669.159912109375,0.23005902978931697,0.0
^RUT,2026-04-30,2460.0,Call,200.9,205.3,163.61,2.0,1.0,0.036699999999999997,2669.159912109375,0.23005902978931697,0.0
^RUT,2026-04-30,2470.0,Put,0.0,0.0,55.1,,5.0,0.036699999999999997,2669.159912109375,0.23005902978931697,0.0
^RUT,2026-04-30,2480.0,Put,0.0,0.0,57.1,1.0,2.0,0.036699999999999997,2669.159912109375,0.23005902978931697,0.0
^RUT,2026-04-30,2490.0,Put,0.0,0.0,58.3,8.0,8.0,0.036699999999999997,2669.159912109375,0.23005902978931697,0.0
^RUT,2026-04-30,2500.0,Call,0.0,0.0,227.1,1.0,16.0,0.036699999999999997,2669.159912109375,0.23005902978931697,0.0
^RUT,2026-04-30,2500.0,Put,0.0,0.0,58.96,13.0,175.0,0.036699999999999997,2669.159912109375,0.23005902978931697,0.0
^RUT,2026-04-30,2510.0,Put,0.0,0.0,61.1,36.0,72.0,0.036699999999999997,2669.159912109375,0.23005902978931697,0.0
^RUT,2026-04-30,2520.0,Put,0.0,0.0,61.7,6.0,17.0,0.036699999999999997,2669.159912109375,0.23005902978931697,0.0
^RUT,2026-04-30,2530.0,Call,153.8,156.3,140.32,,1.0,0.036699999999999997,2669.159912109375,0.23005902978931697,0.0
^RUT,2026-04-30,2530.0,Put,0.0,0.0,54.02,7.0,14.0,0.036699999999999997,2669.159912109375,0.23005902978931697,0.0
^RUT,2026-04-30,2550.0,Call,0.0,0.0,169.89,4.0,3.0,0.036699999999999997,2669.159912109375,0.23005902978931697,0.0
^RUT,2026-04-30,2550.0,Put,0.0,0.0,63.89,2.0,68.0,0.036699999999999997,2669.159912109375,0.23005902978931697,0.0
^RUT,2026-04-30,2560.0,Call,0.0,0.0,112.97,10.0,11.0,0.036699999999999997,2669.159912109375,0.23005902978931697,0.0
^RUT,2026-04-30,2560.0,Put,0.0,0.0,122.7,6.0,7.0,0.036699999999999997,2669.159912109375,0.23005902978931697,0.0
^RUT,2026-04-30,2570.0,Put,0.0,0.0,128.4,,10.0,0.036699999999999997,2669.159912109375,0.23005902978931697,0.0
^RUT,2026-04-30,2580.0,Call,0.0,0.0,125.52,1.0,10.0,0.036699999999999997,2669.159912109375,0.23005902978931697,0.0
^RUT,2026-04-30,2580.0,Put,0.0,0.0,154.8,,6.0,0.036699999999999997,2669.159912109375,0.23005902978931697,0.0
^RUT,2026-04-30,2590.0,Call,0.0,0.0,141.62,,2.0,0.036699999999999997,2669.159912109375,0.23005902978931697,0.0
^RUT,2026-04-30,2600.0,Call,0.0,0.0,147.62,1.0,129.0,0.036699999999999997,2669.159912109375,0.23005902978931697,0.0
^RUT,2026-04-30,2600.0,Put,0.0,0.0,77.35,2.0,80.0,0.036699999999999997,2669.159912109375,0.23005902978931697,0.0
^RUT,2026-04-30,2610.0,Call,0.0,0.0,133.57,1.0,1.0,0.036699999999999997,2669.159912109375,0.23005902978931697,0.0
^RUT,2026-04-30,2610.0,Put,0.0,0.0,119.8,4.0,14.0,0.036699999999999997,2669.159912109375,0.23005902978931697,0.0
^RUT,2026-04-30,2620.0,Call,0.0,0.0,122.49,1.0,1.0,0.036699999999999997,2669.159912109375,0.23005902978931697,0.0
^RUT,2026-04-30,2630.0,Call,0.0,0.0,139.9,3.0,5.0,0.036699999999999997,2669.159912109375,0.23005902978931697,0.0
^RUT,2026-04-30,2630.0,Put,0.0,0.0,81.21,14.0,24.0,0.036699999999999997,2669.159912109375,0.23005902978931697,0.0
^RUT,2026-04-30,2640.0,Call,0.0,0.0,136.5,7.0,11.0,0.036699999999999997,2669.159912109375,0.23005902978931697,0.0
^RUT,2026-04-30,2640.0,Put,0.0,0.0,84.8,1.0,1.0,0.036699999999999997,2669.159912109375,0.23005902978931697,0.0
^RUT,2026-04-30,2650.0,Call,0.0,0.0,128.15,4.0,10.0,0.036699999999999997,2669.159912109375,0.23005902978931697,0.0
^RUT,2026-04-30,2650.0,Put,0.0,0.0,93.56,2.0,6.0,0.036699999999999997,2669.159912109375,0.23005902978931697,0.0
^RUT,2026-04-30,2660.0,Call,0.0,0.0,132.9,6.0,8.0,0.036699999999999997,2669.159912109375,0.23005902978931697,0.0
^RUT,2026-04-30,2670.0,Call,0.0,0.0,124.2,6.0,109.0,0.036699999999999997,2669.159912109375,0.23005902978931697,0.0
^RUT,2026-04-30,2670.0,Put,0.0,0.0,126.2,,2.0,0.036699999999999997,2669.159912109375,0.23005902978931697,0.0
^RUT,2026-04-30,2680.0,Call,0.0,0.0,120.75,16.0,12.0,0.036699999999999997,2669.159912109375,0.23005902978931697,0.0
^RUT,2026-04-30,2680.0,Put,0.0,0.0,133.8,,2.0,0.036699999999999997,2669.159912109375,0.23005902978931697,0.0
^RUT,2026-04-30,2690.0,Call,0.0,0.0,118.2,1.0,6.0,0.036699999999999997,2669.159912109375,0.23005902978931697,0.0
^RUT,2026-04-30,2690.0,Put,0.0,0.0,135.8,,4.0,0.036699999999999997,2669.159912109375,0.23005902978931697,0.0
^RUT,2026-04-30,2700.0,Call,0.0,0.0,140.95,1.0,239.0,0.036699999999999997,2669.159912109375,0.23005902978931697,0.0
^RUT,2026-04-30,2700.0,Put,0.0,0.0,132.1,,1.0,0.036699999999999997,2669.159912109375,0.23005902978931697,0.0
^RUT,2026-04-30,2710.0,Call,0.0,0.0,102.85,1.0,37.0,0.036699999999999997,2669.159912109375,0.23005902978931697,0.0
^RUT,2026-04-30,2710.0,Put,0.0,0.0,123.72,1.0,3.0,0.036699999999999997,2669.159912109375,0.23005902978931697,0.0
^RUT,2026-04-30,2720.0,Call,0.0,0.0,98.41,1.0,10.0,0.036699999999999997,2669.159912109375,0.23005902978931697,0.0
^RUT,2026-04-30,2720.0,Put,0.0,0.0,128.68,1.0,3.0,0.036699999999999997,2669.159912109375,0.23005902978931697,0.0
^RUT,2026-04-30,2730.0,Call,0.0,0.0,93.6,1.0,24.0,0.036699999999999997,2669.159912109375,0.23005902978931697,0.0
^RUT,2026-04-30,2730.0,Put,0.0,0.0,120.57,7.0,7.0,0.036699999999999997,2669.159912109375,0.23005902978931697,0.0
^RUT,2026-04-30,2740.0,Call,0.0,0.0,97.6,10.0,31.0,0.036699999999999997,2669.159912109375,0.23005902978931697,0.0
^RUT,2026-04-30,2750.0,Call,0.0,0.0,93.8,10.0,55.0,0.036699999999999997,2669.159912109375,0.23005902978931697,0.0
^RUT,2026-04-30,2750.0,Put,0.0,0.0,120.7,151.0,101.0,0.036699999999999997,2669.159912109375,0.23005902978931697,0.0
^RUT,2026-04-30,2760.0,Call,0.0,0.0,84.7,186.0,572.0,0.036699999999999997,2669.159912109375,0.23005902978931697,0.0
^RUT,2026-04-30,2770.0,Call,0.0,0.0,74.66,4.0,7.0,0.036699999999999997,2669.159912109375,0.23005902978931697,0.0
^RUT,2026-04-30,2780.0,Call,0.0,0.0,55.86,2.0,15.0,0.036699999999999997,2669.159912109375,0.23005902978931697,0.0
^RUT,2026-04-30,2790.0,Call,0.0,0.0,67.65,2.0,77.0,0.036699999999999997,2669.159912109375,0.23005902978931697,0.0
^RUT,2026-04-30,2800.0,Call,0.0,0.0,64.41,1.0,51.0,0.036699999999999997,2669.159912109375,0.23005902978931697,0.0
^RUT,2026-04-30,2810.0,Call,0.0,0.0,68.3,4.0,5.0,0.036699999999999997,2669.159912109375,0.23005902978931697,0.0
^RUT,2026-04-30,2820.0,Call,0.0,0.0,38.58,4.0,4.0,0.036699999999999997,2669.159912109375,0.23005902978931697,0.0
^RUT,2026-04-30,2840.0,Call,0.0,0.0,35.28,4.0,13.0,0.036699999999999997,2669.159912109375,0.23005902978931697,0.0
^RUT,2026-04-30,2850.0,Call,0.0,0.0,66.27,151.0,230.0,0.036699999999999997,2669.159912109375,0.23005902978931697,0.0
^RUT,2026-04-30,2860.0,Call,0.0,0.0,46.6,1.0,11.0,0.036699999999999997,2669.159912109375,0.23005902978931697,0.0
^RUT,2026-04-30,2870.0,Call,0.0,0.0,41.15,50.0,0.0,0.036699999999999997,2669.159912109375,0.23005902978931697,0.0
^RUT,2026-04-30,2890.0,Call,21.8,22.6,25.3,4.0,4.0,0.036699999999999997,2669.159912109375,0.23005902978931697,0.0
^RUT,2026-04-30,2900.0,Call,0.0,0.0,37.44,2.0,104.0,0.036699999999999997,2669.159912109375,0.23005902978931697,0.0
^RUT,2026-04-30,2910.0,Call,19.2,20.1,21.7,4.0,4.0,0.036699999999999997,2669.159912109375,0.23005902978931697,0.0
^RUT,2026-04-30,2920.0,Call,0.0,0.0,49.18,1.0,13.0,0.036699999999999997,2669.159912109375,0.23005902978931697,0.0
^RUT,2026-04-30,2930.0,Call,0.0,0.0,43.2,8.0,8.0,0.036699999999999997,2669.159912109375,0.23005902978931697,0.0
^RUT,2026-04-30,2940.0,Call,15.8,16.8,18.5,4.0,4.0,0.036699999999999997,2669.159912109375,0.23005902978931697,0.0
^RUT,2026-04-30,2950.0,Call,0.0,0.0,27.42,,1.0,0.036699999999999997,2669.159912109375,0.23005902978931697,0.0
^RUT,2026-04-30,2970.0,Call,13.2,13.9,14.84,1.0,1.0,0.036699999999999997,2669.159912109375,0.23005902978931697,0.0
^RUT,2026-04-30,3000.0,Call,0.0,0.0,22.56,10.0,87.0,0.036699999999999997,2669.159912109375,0.23005902978931697,0.0
^RUT,2026-04-30,3050.0,Call,0.0,0.0,10.25,,2.0,0.036699999999999997,2669.159912109375,0.23005902978931697,0.0
^RUT,2026-04-30,3100.0,Call,0.0,0.0,7.65,,1.0,0.036699999999999997,2669.159912109375,0.23005902978931697,0.0
^RUT,2026-04-30,3150.0,Call,0.0,0.0,5.91,,5.0,0.036699999999999997,2669.159912109375,0.23005902978931697,0.0
^RUT,2026-04-30,3200.0,Call,0.0,0.0,6.0,205.0,210.0,0.036699999999999997,2669.159912109375,0.23005902978931697,0.0
^RUT,2026-04-30,3250.0,Call,0.0,0.0,3.84,2.0,12.0,0.036699999999999997,2669.159912109375,0.23005902978931697,0.0
^RUT,2026-04-30,3300.0,Call,0.0,0.0,1.49,,10.0,0.036699999999999997,2669.159912109375,0.23005902978931697,0.0
^RUT,2026-04-30,3350.0,Call,0.0,0.0,2.34,10.0,11.0,0.036699999999999997,2669.159912109375,0.23005902978931697,0.0
^RUT,2026-04-30,3400.0,Call,0.0,0.0,1.84,10.0,10.0,0.036699999999999997,2669.159912109375,0.23005902978931697,0.0
^RUT,2026-04-30,3500.0,Call,0.0,0.0,1.4,2.0,42.0,0.036699999999999997,2669.159912109375,0.23005902978931697,0.0
^RUT,2026-04-30,3550.0,Call,0.0,0.0,1.15,3.0,19.0,0.036699999999999997,2669.159912109375,0.23005902978931697,0.0
^RUT,2026-04-30,3600.0,Call,0.0,0.0,1.02,3.0,6.0,0.036699999999999997,2669.159912109375,0.23005902978931697,0.0
^RUT,2026-04-30,3650.0,Call,0.0,0.0,0.85,,0.0,0.036699999999999997,2669.159912109375,0.23005902978931697,0.0
^RUT,2026-04-30,3700.0,Call,0.0,0.0,0.91,2.0,3.0,0.036699999999999997,2669.159912109375,0.23005902978931697,0.0
^RUT,2026-05-29,1250.0,Put,1.2,1.85,3.44,,1.0,0.036689816031537446,2669.159912109375,0.23005902978931697,0.0
^RUT,2026-05-29,1350.0,Put,1.8,2.4,4.46,,1.0,0.036689816031537446,2669.159912109375,0.23005902978931697,0.0
^RUT,2026-05-29,1500.0,Put,0.0,0.0,6.13,,12.0,0.036689816031537446,2669.159912109375,0.23005902978931697,0.0
^RUT,2026-05-29,1650.0,Put,0.0,0.0,5.9,5.0,5.0,0.036689816031537446,2669.159912109375,0.23005902978931697,0.0
^RUT,2026-05-29,1750.0,Put,0.0,0.0,6.0,,5.0,0.036689816031537446,2669.159912109375,0.23005902978931697,0.0
^RUT,2026-05-29,1800.0,Put,0.0,0.0,6.47,2.0,3.0,0.036689816031537446,2669.159912109375,0.23005902978931697,0.0
^RUT,2026-05-29,1850.0,Put,0.0,0.0,6.71,1.0,2.0,0.036689816031537446,2669.159912109375,0.23005902978931697,0.0
^RUT,2026-05-29,1900.0,Put,0.0,0.0,14.73,1.0,1.0,0.036689816031537446,2669.159912109375,0.23005902978931697,0.0
^RUT,2026-05-29,1950.0,Put,0.0,0.0,8.8,50.0,55.0,0.036689816031537446,2669.159912109375,0.23005902978931697,0.0
^RUT,2026-05-29,2000.0,Call,0.0,0.0,604.0,,1.0,0.036689816031537446,2669.159912109375,0.23005902978931697,0.0
^RUT,2026-05-29,2000.0,Put,0.0,0.0,20.13,3.0,15.0,0.036689816031537446,2669.159912109375,0.23005902978931697,0.0
^RUT,2026-05-29,2050.0,Call,0.0,0.0,572.0,,0.0,0.036689816031537446,2669.159912109375,0.23005902978931697,0.0
^RUT,2026-05-29,2100.0,Put,0.0,0.0,27.03,,4.0,0.036689816031537446,2669.159912109375,0.23005902978931697,0.0
^RUT,2026-05-29,2110.0,Put,0.0,0.0,18.71,,1.0,0.036689816031537446,2669.159912109375,0.23005902978931697,0.0
^RUT,2026-05-29,2150.0,Put,0.0,0.0,20.79,30.0,45.0,0.036689816031537446,2669.159912109375,0.23005902978931697,0.0
^RUT,2026-05-29,2190.0,Put,0.0,0.0,20.68,1.0,1.0,0.036689816031537446,2669.159912109375,0.23005902978931697,0.0
^RUT,2026-05-29,2200.0,Put,0.0,0.0,32.4,,2.0,0.036689816031537446,2669.159912109375,0.23005902978931697,0.0
^RUT,2026-05-29,2230.0,Put,0.0,0.0,24.35,,1.0,0.036689816031537446,2669.159912109375,0.23005902978931697,0.0
^RUT,2026-05-29,2250.0,Put,0.0,0.0,29.88,2.0,27.0,0.036689816031537446,2669.159912109375,0.23005902978931697,0.0
^RUT,2026-05-29,2280.0,Put,0.0,0.0,34.95,1.0,2.0,0.036689816031537446,2669.159912109375,0.23005902978931697,0.0
^RUT,2026-05-29,2300.0,Put,0.0,0.0,35.85,2.0,9.0,0.036689816031537446,2669.159912109375,0.23005902978931697,0.0
^RUT,2026-05-29,2310.0,Put,0.0,0.0,44.2,21.0,23.0,0.036689816031537446,2669.159912109375,0.23005902978931697,0.0
^RUT,2026-05-29,2320.0,Put,0.0,0.0,32.01,8.0,10.0,0.036689816031537446,2669.159912109375,0.23005902978931697,0.0
^RUT,2026-05-29,2330.0,Put,0.0,0.0,30.31,8.0,36.0,0.036689816031537446,2669.159912109375,0.23005902978931697,0.0
^RUT,2026-05-29,2340.0,Put,0.0,0.0,42.71,4.0,6.0,0.036689816031537446,2669.159912109375,0.23005902978931697,0.0
^RUT,2026-05-29,2350.0,Put,0.0,0.0,49.0,1.0,4.0,0.036689816031537446,2669.159912109375,0.23005902978931697,0.0
^RUT,2026-05-29,2360.0,Put,0.0,0.0,43.9,19.0,19.0,0.036689816031537446,2669.159912109375,0.23005902978931697,0.0
^RUT,2026-05-29,2370.0,Put,0.0,0.0,58.98,4.0,8.0,0.036689816031537446,2669.159912109375,0.23005902978931697,0.0
^RUT,2026-05-29,2380.0,Put,0.0,0.0,46.15,1.0,5.0,0.036689816031537446,2669.159912109375,0.23005902978931697,0.0
^RUT,2026-05-29,2400.0,Put,0.0,0.0,44.41,2.0,21.0,0.036689816031537446,2669.159912109375,0.23005902978931697,0.0
^RUT,2026-05-29,2410.0,Put,0.0,0.0,45.93,2.0,4.0,0.036689816031537446,2669.159912109375,0.23005902978931697,0.0
^RUT,2026-05-29,2420.0,Put,0.0,0.0,59.39,,6.0,0.036689816031537446,2669.159912109375,0.23005902978931697,0.0
^RUT,2026-05-29,2430.0,Put,0.0,0.0,44.82,5.0,14.0,0.036689816031537446,2669.159912109375,0.23005902978931697,0.0
^RUT,2026-05-29,2440.0,Put,0.0,0.0,61.2,9.0,16.0,0.036689816031537446,2669.159912109375,0.23005902978931697,0.0
^RUT,2026-05-29,2450.0,Put,0.0,0.0,48.22,5.0,71.0,0.036689816031537446,2669.159912109375,0.23005902978931697,0.0
^RUT,2026-05-29,2460.0,Put,0.0,0.0,55.97,20.0,78.0,0.036689816031537446,2669.159912109375,0.23005902978931697,0.0
^RUT,2026-05-29,2480.0,Put,0.0,0.0,59.31,12.0,25.0,0.036689816031537446,2669.159912109375,0.23005902978931697,0.0
^RUT,2026-05-29,2490.0,Put,0.0,0.0,60.85,4.0,24.0,0.036689816031537446,2669.159912109375,0.23005902978931697,0.0
^RUT,2026-05-29,2500.0,Call,0.0,0.0,173.02,3.0,3.0,0.036689816031537446,2669.159912109375,0.23005902978931697,0.0
^RUT,2026-05-29,2500.0,Put,0.0,0.0,76.4,1.0,43.0,0.036689816031537446,2669.159912109375,0.23005902978931697,0.0
^RUT,2026-05-29,2510.0,Put,0.0,0.0,67.6,,3.0,0.036689816031537446,2669.159912109375,0.23005902978931697,0.0
^RUT,2026-05-29,2520.0,Call,0.0,0.0,169.93,3.0,3.0,0.036689816031537446,2669.159912109375,0.23005902978931697,0.0
^RUT,2026-05-29,2520.0,Put,0.0,0.0,67.23,1.0,10.0,0.036689816031537446,2669.159912109375,0.23005902978931697,0.0
^RUT,2026-05-29,2530.0,Call,0.0,0.0,171.04,1.0,2.0,0.036689816031537446,2669.159912109375,0.23005902978931697,0.0
^RUT,2026-05-29,2530.0,Put,0.0,0.0,60.32,2.0,12.0,0.036689816031537446,2669.159912109375,0.23005902978931697,0.0
^RUT,2026-05-29,2550.0,Call,0.0,0.0,204.76,1.0,8.0,0.036689816031537446,2669.159912109375,0.23005902978931697,0.0
^RUT,2026-05-29,2550.0,Put,0.0,0.0,76.67,4.0,7.0,0.036689816031537446,2669.159912109375,0.23005902978931697,0.0
^RUT,2026-05-29,2560.0,Call,0.0,0.0,195.21,,1.0,0.036689816031537446,2669.159912109375,0.23005902978931697,0.0
^RUT,2026-05-29,2560.0,Put,0.0,0.0,88.2,5.0,6.0,0.036689816031537446,2669.159912109375,0.23005902978931697,0.0
^RUT,2026-05-29,2570.0,Call,0.0,0.0,114.33,1.0,1.0,0.036689816031537446,2669.159912109375,0.23005902978931697,0.0
^RUT,2026-05-29,2580.0,Call,0.0,0.0,98.1,3.0,6.0,0.036689816031537446,2669.159912109375,0.23005902978931697,0.0
^RUT,2026-05-29,2580.0,Put,0.0,0.0,100.36,,1.0,0.036689816031537446,2669.159912109375,0.23005902978931697,0.0
^RUT,2026-05-29,2600.0,Call,0.0,0.0,167.36,1.0,7.0,0.036689816031537446,2669.159912109375,0.23005902978931697,0.0
^RUT,2026-05-29,2600.0,Put,0.0,0.0,92.32,8.0,14.0,0.036689816031537446,2669.159912109375,0.23005902978931697,0.0
^RUT,2026-05-29,2610.0,Call,0.0,0.0,112.7,1.0,1.0,0.036689816031537446,2669.159912109375,0.23005902978931697,0.0
^RUT,2026-05-29,2620.0,Call,0.0,0.0,155.8,2.0,1.0,0.036689816031537446,2669.159912109375,0.23005902978931697,0.0
^RUT,2026-05-29,2630.0,Put,0.0,0.0,139.1,,4.0,0.036689816031537446,2669.159912109375,0.23005902978931697,0.0
^RUT,2026-05-29,2640.0,Call,0.0,0.0,173.0,1.0,2.0,0.036689816031537446,2669.159912109375,0.23005902978931697,0.0
^RUT,2026-05-29,2640.0,Put,0.0,0.0,106.87,4.0,9.0,0.036689816031537446,2669.159912109375,0.23005902978931697,0.0
^RUT,2026-05-29,2650.0,Call,0.0,0.0,166.26,2.0,3.0,0.036689816031537446,2669.159912109375,0.23005902978931697,0.0
^RUT,2026-05-29,2650.0,Put,0.0,0.0,108.08,,2.0,0.036689816031537446,2669.159912109375,0.23005902978931697,0.0
^RUT,2026-05-29,2680.0,Call,0.0,0.0,65.3,8.0,8.0,0.036689816031537446,2669.159912109375,0.23005902978931697,0.0
^RUT,2026-05-29,2680.0,Put,0.0,0.0,134.6,1.0,4.0,0.036689816031537446,2669.159912109375,0.23005902978931697,0.0
^RUT,2026-05-29,2690.0,Call,0.0,0.0,145.48,2.0,2.0,0.036689816031537446,2669.159912109375,0.23005902978931697,0.0
^RUT,2026-05-29,2700.0,Call,0.0,0.0,130.46,16.0,11.0,0.036689816031537446,2669.159912109375,0.23005902978931697,0.0
^RUT,2026-05-29,2710.0,Call,0.0,0.0,132.37,2.0,2.0,0.036689816031537446,2669.159912109375,0.23005902978931697,0.0
^RUT,2026-05-29,2730.0,Call,0.0,0.0,101.43,4.0,4.0,0.036689816031537446,2669.159912109375,0.23005902978931697,0.0
^RUT,2026-05-29,2740.0,Call,0.0,0.0,117.02,2.0,16.0,0.036689816031537446,2669.159912109375,0.23005902978931697,0.0
^RUT,2026-05-29,2740.0,Put,0.0,0.0,154.3,,1.0,0.036689816031537446,2669.159912109375,0.23005902978931697,0.0
^RUT,2026-05-29,2750.0,Call,0.0,0.0,109.1,5.0,17.0,0.036689816031537446,2669.159912109375,0.23005902978931697,0.0
^RUT,2026-05-29,2760.0,Call,0.0,0.0,85.84,8.0,18.0,0.036689816031537446,2669.159912109375,0.23005902978931697,0.0
^RUT,2026-05-29,2770.0,Call,0.0,0.0,95.05,1.0,4.0,0.036689816031537446,2669.159912109375,0.23005902978931697,0.0
^RUT,2026-05-29,2780.0,Call,0.0,0.0,90.77,1.0,4.0,0.036689816031537446,2669.159912109375,0.23005902978931697,0.0
^RUT,2026-05-29,2790.0,Call,0.0,0.0,85.85,4.0,8.0,0.036689816031537446,2669.159912109375,0.23005902978931697,0.0
^RUT,2026-05-29,2800.0,Call,0.0,0.0,93.15,1.0,38.0,0.036689816031537446,2669.159912109375,0.23005902978931697,0.0
^RUT,2026-05-29,2810.0,Call,0.0,0.0,54.68,,4.0,0.036689816031537446,2669.159912109375,0.23005902978931697,0.0
^RUT,2026-05-29,2820.0,Call,0.0,0.0,58.55,,4.0,0.036689816031537446,2669.159912109375,0.23005902978931697,0.0
^RUT,2026-05-29,2830.0,Call,0.0,0.0,57.09,2.0,12.0,0.036689816031537446,2669.159912109375,0.23005902978931697,0.0
^RUT,2026-05-29,2840.0,Call,0.0,0.0,91.32,2.0,14.0,0.036689816031537446,2669.159912109375,0.23005902978931697,0.0
^RUT,2026-05-29,2850.0,Call,0.0,0.0,43.8,,5.0,0.036689816031537446,2669.159912109375,0.23005902978931697,0.0
^RUT,2026-05-29,2860.0,Call,0.0,0.0,52.8,,8.0,0.036689816031537446,2669.159912109375,0.23005902978931697,0.0
^RUT,2026-05-29,2870.0,Call,0.0,0.0,58.41,8.0,50.0,0.036689816031537446,2669.159912109375,0.23005902978931697,0.0
^RUT,2026-05-29,2880.0,Call,0.0,0.0,56.2,8.0,12.0,0.036689816031537446,2669.159912109375,0.23005902978931697,0.0
^RUT,2026-05-29,2900.0,Call,0.0,0.0,53.17,8.0,9.0,0.036689816031537446,2669.159912109375,0.23005902978931697,0.0
^RUT,2026-05-29,2910.0,Call,0.0,0.0,52.0,8.0,12.0,0.036689816031537446,2669.159912109375,0.23005902978931697,0.0
^RUT,2026-05-29,2920.0,Call,0.0,0.0,49.02,,4.0,0.036689816031537446,2669.159912109375,0.23005902978931697,0.0
^RUT,2026-05-29,2950.0,Call,0.0,0.0,53.93,,2.0,0.036689816031537446,2669.159912109375,0.23005902978931697,0.0
^RUT,2026-05-29,3000.0,Call,0.0,0.0,29.93,2.0,4.0,0.036689816031537446,2669.159912109375,0.23005902978931697,0.0
^RUT,2026-05-29,3050.0,Call,0.0,0.0,18.0,,40.0,0.036689816031537446,2669.159912109375,0.23005902978931697,0.0
^RUT,2026-05-29,3100.0,Call,0.0,0.0,16.01,10.0,51.0,0.036689816031537446,2669.159912109375,0.23005902978931697,0.0
^RUT,2026-05-29,3150.0,Call,0.0,0.0,18.85,,2.0,0.036689816031537446,2669.159912109375,0.23005902978931697,0.0
^RUT,2026-05-29,3300.0,Call,0.0,0.0,6.2,1.0,6.0,0.036689816031537446,2669.159912109375,0.23005902978931697,0.0
^RUT,2026-05-29,3350.0,Call,0.0,0.0,5.2,4.0,9.0,0.036689816031537446,2669.159912109375,0.23005902978931697,0.0
^RUT,2026-05-29,3400.0,Call,0.0,0.0,5.58,15.0,15.0,0.036689816031537446,2669.159912109375,0.23005902978931697,0.0
^RUT,2026-05-29,3450.0,Call,0.0,0.0,2.85,,10.0,0.036689816031537446,2669.159912109375,0.23005902978931697,0.0
^RUT,2026-05-29,3500.0,Call,0.0,0.0,2.5,1.0,1.0,0.036689816031537446,2669.159912109375,0.23005902978931697,0.0
^RUT,2026-05-29,3550.0,Call,0.0,0.0,2.6,5.0,6.0,0.036689816031537446,2669.159912109375,0.23005902978931697,0.0
^RUT,2026-05-29,3600.0,Call,0.0,0.0,2.49,30.0,29.0,0.036689816031537446,2669.159912109375,0.23005902978931697,0.0
^RUT,2026-05-29,3700.0,Call,0.0,0.0,1.95,,3.0,0.036689816031537446,2669.159912109375,0.23005902978931697,0.0
^RUT,2026-05-29,3750.0,Call,0.0,0.0,1.3,3.0,12.0,0.036689816031537446,2669.159912109375,0.23005902978931697,0.0
^RUT,2026-06-18,1050.0,Call,1389.3,1409.3,1127.3,1.0,1.0,0.03652555847568988,2669.159912109375,0.23005902978931697,0.0
^RUT,2026-06-18,1050.0,Put,0.0,0.0,1.25,26.0,646.0,0.03652555847568988,2669.159912109375,0.23005902978931697,0.0
^RUT,2026-06-18,1100.0,Call,950.0,974.0,830.2,,4.0,0.03652555847568988,2669.159912109375,0.23005902978931697,0.0
^RUT,2026-06-18,1100.0,Put,0.0,0.0,1.45,24.0,55.0,0.03652555847568988,2669.159912109375,0.23005902978931697,0.0
^RUT,2026-06-18,1150.0,Put,3.1,5.3,5.4,100.0,334.0,0.03652555847568988,2669.159912109375,0.23005902978931697,0.0
^RUT,2026-06-18,1200.0,Put,0.0,0.0,1.95,10.0,4361.0,0.03652555847568988,2669.159912109375,0.23005902978931697,0.0
^RUT,2026-06-18,1250.0,Call,0.0,0.0,1289.1,1.0,1.0,0.03652555847568988,2669.159912109375,0.23005902978931697,0.0
^RUT,2026-06-18,1250.0,Put,0.0,0.0,2.0,3.0,292.0,0.03652555847568988,2669.159912109375,0.23005902978931697,0.0
^RUT,2026-06-18,1300.0,Put,0.0,0.0,2.31,2.0,827.0,0.03652555847568988,2669.159912109375,0.23005902978931697,0.0
^RUT,2026-06-18,1350.0,Put,2.5,2.95,7.73,2.0,402.0,0.03652555847568988,2669.159912109375,0.23005902978931697,0.0
^RUT,2026-06-18,1400.0,Put,0.0,0.0,3.6,1.0,405.0,0.03652555847568988,2669.159912109375,0.23005902978931697,0.0
^RUT,2026-06-18,1450.0,Call,635.0,659.0,468.4,,1.0,0.03652555847568988,2669.159912109375,0.23005902978931697,0.0
^RUT,2026-06-18,1450.0,Put,0.0,0.0,4.1,9.0,776.0,0.03652555847568988,2669.159912109375,0.23005902978931697,0.0
^RUT,2026-06-18,1500.0,Call,719.0,743.0,653.2,1.0,2.0,0.03652555847568988,2669.159912109375,0.23005902978931697,0.0
^RUT,2026-06-18,1500.0,Put,0.0,0.0,4.38,2.0,213.0,0.03652555847568988,2669.159912109375,0.23005902978931697,0.0
^RUT,2026-06-18,1550.0,Call,674.0,698.0,609.77,1.0,3.0,0.03652555847568988,2669.159912109375,0.23005902978931697,0.0
^RUT,2026-06-18,1550.0,Put,0.0,0.0,5.25,17.0,1603.0,0.03652555847568988,2669.159912109375,0.23005902978931697,0.0
^RUT,2026-06-18,1600.0,Put,0.0,0.0,4.68,1.0,1937.0,0.03652555847568988,2669.159912109375,0.23005902978931697,0.0
^RUT,2026-06-18,1650.0,Call,576.4,588.8,531.75,5.0,5.0,0.03652555847568988,2669.159912109375,0.23005902978931697,0.0
^RUT,2026-06-18,1650.0,Put,0.0,0.0,6.0,2.0,1455.0,0.03652555847568988,2669.159912109375,0.23005902978931697,0.0
^RUT,2026-06-18,1700.0,Call,772.6,792.5,560.86,152.0,37.0,0.03652555847568988,2669.159912109375,0.23005902978931697,0.0
^RUT,2026-06-18,1700.0,Put,0.0,0.0,6.6,1.0,1373.0,0.03652555847568988,2669.159912109375,0.23005902978931697,0.0
^RUT,2026-06-18,1710.0,Call,763.4,783.3,552.3,,37.0,0.03652555847568988,2669.159912109375,0.23005902978931697,0.0
^RUT,2026-06-18,1710.0,Put,0.0,0.0,6.8,1.0,44.0,0.03652555847568988,2669.159912109375,0.23005902978931697,0.0
^RUT,2026-06-18,1720.0,Put,17.5,19.9,19.9,2.0,3.0,0.03652555847568988,2669.159912109375,0.23005902978931697,0.0
^RUT,2026-06-18,1730.0,Put,15.8,18.1,22.7,,2.0,0.03652555847568988,2669.159912109375,0.23005902978931697,0.0
^RUT,2026-06-18,1740.0,Put,16.2,18.6,23.3,,2.0,0.03652555847568988,2669.159912109375,0.23005902978931697,0.0
^RUT,2026-06-18,1750.0,Call,726.9,746.9,486.46,1.0,39.0,0.03652555847568988,2669.159912109375,0.23005902978931697,0.0
^RUT,2026-06-18,1750.0,Put,0.0,0.0,7.32,1.0,1633.0,0.03652555847568988,2669.159912109375,0.23005902978931697,0.0
^RUT,2026-06-18,1770.0,Call,0.0,0.0,923.77,6.0,6.0,0.03652555847568988,2669.159912109375,0.23005902978931697,0.0
^RUT,2026-06-18,1770.0,Put,0.0,0.0,8.35,6.0,214.0,0.03652555847568988,2669.159912109375,0.23005902978931697,0.0
^RUT,2026-06-18,1780.0,Call,0.0,0.0,739.25,6.0,6.0,0.03652555847568988,2669.159912109375,0.23005902978931697,0.0
^RUT,2026-06-18,1780.0,Put,0.0,0.0,8.2,6.0,38.0,0.03652555847568988,2669.159912109375,0.23005902978931697,0.0
^RUT,2026-06-18,1790.0,Call,806.0,825.8,744.64,6.0,6.0,0.03652555847568988,2669.159912109375,0.23005902978931697,0.0
^RUT,2026-06-18,1790.0,Put,0.0,0.0,9.5,1.0,36.0,0.03652555847568988,2669.159912109375,0.23005902978931697,0.0
^RUT,2026-06-18,1800.0,Call,697.6,717.6,725.36,6.0,6.0,0.03652555847568988,2669.159912109375,0.23005902978931697,0.0
^RUT,2026-06-18,1800.0,Put,0.0,0.0,7.75,1.0,2441.0,0.03652555847568988,2669.159912109375,0.23005902978931697,0.0
^RUT,2026-06-18,1810.0,Call,666.1,686.0,672.1,6.0,0.0,0.03652555847568988,2669.159912109375,0.23005902978931697,0.0
^RUT,2026-06-18,1820.0,Put,0.0,0.0,8.83,1.0,1.0,0.03652555847568988,2669.159912109375,0.23005902978931697,0.0
^RUT,2026-06-18,1840.0,Put,0.0,0.0,9.33,1.0,1.0,0.03652555847568988,2669.159912109375,0.23005902978931697,0.0
^RUT,2026-06-18,1850.0,Call,637.0,657.0,378.0,3.0,4.0,0.03652555847568988,2669.159912109375,0.23005902978931697,0.0
^RUT,2026-06-18,1850.0,Put,0.0,0.0,8.97,4.0,534.0,0.03652555847568988,2669.159912109375,0.23005902978931697,0.0
^RUT,2026-06-18,1860.0,Put,0.0,0.0,8.97,129.0,36.0,0.03652555847568988,2669.159912109375,0.23005902978931697,0.0
^RUT,2026-06-18,1870.0,Put,0.0,0.0,9.32,26.0,42.0,0.03652555847568988,2669.159912109375,0.23005902978931697,0.0
^RUT,2026-06-18,1880.0,Put,0.0,0.0,9.94,130.0,163.0,0.03652555847568988,2669.159912109375,0.23005902978931697,0.0
^RUT,2026-06-18,1890.0,Put,0.0,0.0,11.1,35.0,687.0,0.03652555847568988,2669.159912109375,0.23005902978931697,0.0
^RUT,2026-06-18,1900.0,Call,0.0,0.0,799.44,6.0,15.0,0.03652555847568988,2669.159912109375,0.23005902978931697,0.0
^RUT,2026-06-18,1900.0,Put,0.0,0.0,11.75,6.0,5969.0,0.03652555847568988,2669.159912109375,0.23005902978931697,0.0
^RUT,2026-06-18,1910.0,Put,0.0,0.0,14.23,3.0,435.0,0.03652555847568988,2669.159912109375,0.23005902978931697,0.0
^RUT,2026-06-18,1920.0,Put,0.0,0.0,11.65,17.0,263.0,0.03652555847568988,2669.159912109375,0.23005902978931697,0.0
^RUT,2026-06-18,1930.0,Put,0.0,0.0,12.3,7.0,226.0,0.03652555847568988,2669.159912109375,0.23005902978931697,0.0
^RUT,2026-06-18,1940.0,Put,0.0,0.0,14.51,5.0,29.0,0.03652555847568988,2669.159912109375,0.23005902978931697,0.0
^RUT,2026-06-18,1950.0,Call,549.1,568.3,363.67,1.0,450.0,0.03652555847568988,2669.159912109375,0.23005902978931697,0.0
^RUT,2026-06-18,1950.0,Put,0.0,0.0,13.14,1.0,1399.0,0.03652555847568988,2669.159912109375,0.23005902978931697,0.0
^RUT,2026-06-18,1960.0,Put,0.0,0.0,11.85,29.0,193.0,0.03652555847568988,2669.159912109375,0.23005902978931697,0.0
^RUT,2026-06-18,1970.0,Put,0.0,0.0,13.31,10.0,87.0,0.03652555847568988,2669.159912109375,0.23005902978931697,0.0
^RUT,2026-06-18,1980.0,Put,0.0,0.0,12.48,20.0,44.0,0.03652555847568988,2669.159912109375,0.23005902978931697,0.0
^RUT,2026-06-18,1990.0,Put,0.0,0.0,12.8,33.0,94.0,0.03652555847568988,2669.159912109375,0.23005902978931697,0.0
^RUT,2026-06-18,2000.0,Call,0.0,0.0,731.56,1.0,1116.0,0.03652555847568988,2669.159912109375,0.23005902978931697,0.0
^RUT,2026-06-18,2000.0,Put,0.0,0.0,13.04,70.0,2568.0,0.03652555847568988,2669.159912109375,0.23005902978931697,0.0
^RUT,2026-06-18,2010.0,Call,497.8,517.5,322.02,,2.0,0.03652555847568988,2669.159912109375,0.23005902978931697,0.0
^RUT,2026-06-18,2010.0,Put,50.4,54.4,48.49,2.0,22.0,0.03652555847568988,2669.159912109375,0.23005902978931697,0.0
^RUT,2026-06-18,2020.0,Call,489.1,509.1,302.23,2.0,1.0,0.03652555847568988,2669.159912109375,0.23005902978931697,0.0
^RUT,2026-06-18,2020.0,Put,18.3,19.0,64.7,15.0,25.0,0.03652555847568988,2669.159912109375,0.23005902978931697,0.0
^RUT,2026-06-18,2030.0,Put,0.0,0.0,14.4,1.0,39.0,0.03652555847568988,2669.159912109375,0.23005902978931697,0.0
^RUT,2026-06-18,2040.0,Call,472.5,492.5,350.3,4.0,41.0,0.03652555847568988,2669.159912109375,0.23005902978931697,0.0
^RUT,2026-06-18,2040.0,Put,41.8,44.5,66.06,1.0,123.0,0.03652555847568988,2669.159912109375,0.23005902978931697,0.0
^RUT,2026-06-18,2050.0,Call,499.9,519.8,401.19,2.0,114.0,0.03652555847568988,2669.159912109375,0.23005902978931697,0.0
^RUT,2026-06-18,2050.0,Put,0.0,0.0,17.7,8.0,189.0,0.03652555847568988,2669.159912109375,0.23005902978931697,0.0
^RUT,2026-06-18,2060.0,Call,493.0,506.5,399.98,20.0,40.0,0.03652555847568988,2669.159912109375,0.23005902978931697,0.0
^RUT,2026-06-18,2060.0,Put,0.0,0.0,21.0,4.0,82.0,0.03652555847568988,2669.159912109375,0.23005902978931697,0.0
^RUT,2026-06-18,2070.0,Call,447.5,467.4,291.36,2.0,20.0,0.03652555847568988,2669.159912109375,0.23005902978931697,0.0
^RUT,2026-06-18,2070.0,Put,0.0,0.0,15.93,675.0,479.0,0.03652555847568988,2669.159912109375,0.23005902978931697,0.0
^RUT,2026-06-18,2080.0,Call,542.8,550.9,416.8,11.0,35.0,0.03652555847568988,2669.159912109375,0.23005902978931697,0.0
^RUT,2026-06-18,2080.0,Put,0.0,0.0,19.5,675.0,723.0,0.03652555847568988,2669.159912109375,0.23005902978931697,0.0
^RUT,2026-06-18,2090.0,Call,532.6,541.0,409.3,22.0,68.0,0.03652555847568988,2669.159912109375,0.23005902978931697,0.0
^RUT,2026-06-18,2090.0,Put,0.0,0.0,20.8,1.0,112.0,0.03652555847568988,2669.159912109375,0.23005902978931697,0.0
^RUT,2026-06-18,2100.0,Call,523.8,532.0,401.5,8.0,1593.0,0.03652555847568988,2669.159912109375,0.23005902978931697,0.0
^RUT,2026-06-18,2100.0,Put,0.0,0.0,21.2,3.0,2867.0,0.03652555847568988,2669.159912109375,0.23005902978931697,0.0
^RUT,2026-06-18,2110.0,Call,514.7,522.8,393.4,10.0,96.0,0.03652555847568988,2669.159912109375,0.23005902978931697,0.0
^RUT,2026-06-18,2110.0,Put,60.1,63.4,61.5,49.0,38.0,0.03652555847568988,2669.159912109375,0.23005902978931697,0.0
^RUT,2026-06-18,2120.0,Call,505.7,513.8,386.0,3.0,61.0,0.03652555847568988,2669.159912109375,0.23005902978931697,0.0
^RUT,2026-06-18,2120.0,Put,0.0,0.0,26.4,5.0,175.0,0.03652555847568988,2669.159912109375,0.23005902978931697,0.0
^RUT,2026-06-18,2130.0,Call,496.8,505.1,378.3,3.0,5.0,0.03652555847568988,2669.159912109375,0.23005902978931697,0.0
^RUT,2026-06-18,2130.0,Put,0.0,0.0,24.92,156.0,247.0,0.03652555847568988,2669.159912109375,0.23005902978931697,0.0
^RUT,2026-06-18,2140.0,Call,400.1,407.1,250.08,2.0,1.0,0.03652555847568988,2669.159912109375,0.23005902978931697,0.0
^RUT,2026-06-18,2140.0,Put,0.0,0.0,30.3,5.0,59.0,0.03652555847568988,2669.159912109375,0.23005902978931697,0.0
^RUT,2026-06-18,2150.0,Call,396.8,416.8,455.48,3.0,45.0,0.03652555847568988,2669.159912109375,0.23005902978931697,0.0
^RUT,2026-06-18,2150.0,Put,0.0,0.0,26.9,4.0,368.0,0.03652555847568988,2669.159912109375,0.23005902978931697,0.0
^RUT,2026-06-18,2160.0,Call,388.7,408.7,447.37,3.0,8.0,0.03652555847568988,2669.159912109375,0.23005902978931697,0.0
^RUT,2026-06-18,2160.0,Put,0.0,0.0,39.18,1.0,83.0,0.03652555847568988,2669.159912109375,0.23005902978931697,0.0
^RUT,2026-06-18,2170.0,Put,68.9,72.2,71.92,61.0,276.0,0.03652555847568988,2669.159912109375,0.23005902978931697,0.0
^RUT,2026-06-18,2180.0,Call,403.5,409.1,330.24,2.0,8.0,0.03652555847568988,2669.159912109375,0.23005902978931697,0.0
^RUT,2026-06-18,2180.0,Put,71.0,74.3,73.0,48.0,12.0,0.03652555847568988,2669.159912109375,0.23005902978931697,0.0
^RUT,2026-06-18,2190.0,Call,361.7,368.7,283.43,,1.0,0.03652555847568988,2669.159912109375,0.23005902978931697,0.0
^RUT,2026-06-18,2190.0,Put,0.0,0.0,31.3,26.0,56.0,0.03652555847568988,2669.159912109375,0.23005902978931697,0.0
^RUT,2026-06-18,2200.0,Call,348.2,353.9,384.05,40.0,906.0,0.03652555847568988,2669.159912109375,0.23005902978931697,0.0
^RUT,2026-06-18,2200.0,Put,0.0,0.0,23.27,182.0,648.0,0.03652555847568988,2669.159912109375,0.23005902978931697,0.0
^RUT,2026-06-18,2210.0,Call,346.8,353.7,204.07,,1.0,0.03652555847568988,2669.159912109375,0.23005902978931697,0.0
^RUT,2026-06-18,2210.0,Put,62.3,63.9,72.4,1.0,44.0,0.03652555847568988,2669.159912109375,0.23005902978931697,0.0
^RUT,2026-06-18,2220.0,Call,314.1,326.2,319.85,32.0,20.0,0.03652555847568988,2669.159912109375,0.23005902978931697,0.0
^RUT,2026-06-18,2220.0,Put,35.1,36.4,93.08,1.0,44.0,0.03652555847568988,2669.159912109375,0.23005902978931697,0.0
^RUT,2026-06-18,2230.0,Put,36.8,37.5,75.3,10.0,16.0,0.03652555847568988,2669.159912109375,0.23005902978931697,0.0
^RUT,2026-06-18,2240.0,Call,360.8,366.1,347.11,2.0,4.0,0.03652555847568988,2669.159912109375,0.23005902978931697,0.0
^RUT,2026-06-18,2240.0,Put,0.0,0.0,53.89,24.0,187.0,0.03652555847568988,2669.159912109375,0.23005902978931697,0.0
^RUT,2026-06-18,2250.0,Call,351.0,359.8,316.16,1.0,487.0,0.03652555847568988,2669.159912109375,0.23005902978931697,0.0
^RUT,2026-06-18,2250.0,Put,0.0,0.0,30.72,1.0,764.0,0.03652555847568988,2669.159912109375,0.23005902978931697,0.0
^RUT,2026-06-18,2260.0,Call,286.4,298.4,292.62,2.0,3.0,0.03652555847568988,2669.159912109375,0.23005902978931697,0.0
^RUT,2026-06-18,2260.0,Put,0.0,0.0,37.4,1.0,120.0,0.03652555847568988,2669.159912109375,0.23005902978931697,0.0
^RUT,2026-06-18,2270.0,Call,303.6,310.3,204.0,3.0,1.0,0.03652555847568988,2669.159912109375,0.23005902978931697,0.0
^RUT,2026-06-18,2270.0,Put,0.0,0.0,38.44,275.0,211.0,0.03652555847568988,2669.159912109375,0.23005902978931697,0.0
^RUT,2026-06-18,2280.0,Call,296.7,303.4,189.7,,3.0,0.03652555847568988,2669.159912109375,0.23005902978931697,0.0
^RUT,2026-06-18,2280.0,Put,0.0,0.0,33.9,1.0,673.0,0.03652555847568988,2669.159912109375,0.23005902978931697,0.0
^RUT,2026-06-18,2290.0,Call,0.0,0.0,339.25,4.0,16.0,0.03652555847568988,2669.159912109375,0.23005902978931697,0.0
^RUT,2026-06-18,2290.0,Put,0.0,0.0,34.67,1.0,56.0,0.03652555847568988,2669.159912109375,0.23005902978931697,0.0
^RUT,2026-06-18,2300.0,Call,350.6,357.1,218.0,7.0,1481.0,0.03652555847568988,2669.159912109375,0.23005902978931697,0.0
^RUT,2026-06-18,2300.0,Put,0.0,0.0,35.8,7.0,1904.0,0.03652555847568988,2669.159912109375,0.23005902978931697,0.0
^RUT,2026-06-18,2310.0,Call,325.1,330.6,260.58,2.0,0.0,0.03652555847568988,2669.159912109375,0.23005902978931697,0.0
^RUT,2026-06-18,2310.0,Put,0.0,0.0,60.6,1.0,121.0,0.03652555847568988,2669.159912109375,0.23005902978931697,0.0
^RUT,2026-06-18,2320.0,Call,303.5,308.4,290.7,1.0,9.0,0.03652555847568988,2669.159912109375,0.23005902978931697,0.0
^RUT,2026-06-18,2320.0,Put,0.0,0.0,38.9,6.0,306.0,0.03652555847568988,2669.159912109375,0.23005902978931697,0.0
^RUT,2026-06-18,2330.0,Call,326.9,331.8,278.74,2.0,8.0,0.03652555847568988,2669.159912109375,0.23005902978931697,0.0
^RUT,2026-06-18,2330.0,Put,0.0,0.0,71.1,1.0,185.0,0.03652555847568988,2669.159912109375,0.23005902978931697,0.0
^RUT,2026-06-18,2340.0,Call,303.7,309.0,248.47,6.0,4.0,0.03652555847568988,2669.159912109375,0.23005902978931697,0.0
^RUT,2026-06-18,2340.0,Put,0.0,0.0,45.75,1.0,87.0,0.03652555847568988,2669.159912109375,0.23005902978931697,0.0
^RUT,2026-06-18,2350.0,Call,0.0,0.0,355.46,2.0,396.0,0.03652555847568988,2669.159912109375,0.23005902978931697,0.0
^RUT,2026-06-18,2350.0,Put,0.0,0.0,47.9,5.0,622.0,0.03652555847568988,2669.159912109375,0.23005902978931697,0.0
^RUT,2026-06-18,2360.0,Call,243.9,250.2,158.34,1.0,2.0,0.03652555847568988,2669.159912109375,0.23005902978931697,0.0
^RUT,2026-06-18,2360.0,Put,0.0,0.0,49.58,4.0,40.0,0.03652555847568988,2669.159912109375,0.23005902978931697,0.0
^RUT,2026-06-18,2370.0,Call,216.7,228.4,222.74,2.0,9.0,0.03652555847568988,2669.159912109375,0.23005902978931697,0.0
^RUT,2026-06-18,2370.0,Put,0.0,0.0,44.75,1.0,16.0,0.03652555847568988,2669.159912109375,0.23005902978931697,0.0
^RUT,2026-06-18,2380.0,Put,0.0,0.0,68.97,1.0,14.0,0.03652555847568988,2669.159912109375,0.23005902978931697,0.0
^RUT,2026-06-18,2390.0,Call,219.8,224.7,244.13,5.0,6.0,0.03652555847568988,2669.159912109375,0.23005902978931697,0.0
^RUT,2026-06-18,2390.0,Put,0.0,0.0,49.6,1.0,224.0,0.03652555847568988,2669.159912109375,0.23005902978931697,0.0
^RUT,2026-06-18,2400.0,Call,0.0,0.0,393.8,1.0,1081.0,0.03652555847568988,2669.159912109375,0.23005902978931697,0.0
^RUT,2026-06-18,2400.0,Put,0.0,0.0,47.2,8.0,1143.0,0.03652555847568988,2669.159912109375,0.23005902978931697,0.0
^RUT,2026-06-18,2410.0,Call,0.0,0.0,332.16,4.0,7.0,0.03652555847568988,2669.159912109375,0.23005902978931697,0.0
^RUT,2026-06-18,2410.0,Put,0.0,0.0,62.2,1.0,29.0,0.03652555847568988,2669.159912109375,0.23005902978931697,0.0
^RUT,2026-06-18,2420.0,Call,0.0,0.0,324.26,4.0,5.0,0.03652555847568988,2669.159912109375,0.23005902978931697,0.0
^RUT,2026-06-18,2420.0,Put,0.0,0.0,52.18,1.0,73.0,0.03652555847568988,2669.159912109375,0.23005902978931697,0.0
^RUT,2026-06-18,2430.0,Call,0.0,0.0,228.92,1.0,598.0,0.03652555847568988,2669.159912109375,0.23005902978931697,0.0
^RUT,2026-06-18,2430.0,Put,0.0,0.0,78.47,1.0,62.0,0.03652555847568988,2669.159912109375,0.23005902978931697,0.0
^RUT,2026-06-18,2440.0,Call,0.0,0.0,225.59,,1.0,0.03652555847568988,2669.159912109375,0.23005902978931697,0.0
^RUT,2026-06-18,2440.0,Put,0.0,0.0,59.0,188.0,226.0,0.03652555847568988,2669.159912109375,0.23005902978931697,0.0
^RUT,2026-06-18,2450.0,Call,0.0,0.0,310.72,2.0,1022.0,0.03652555847568988,2669.159912109375,0.23005902978931697,0.0
^RUT,2026-06-18,2450.0,Put,0.0,0.0,65.18,10.0,888.0,0.03652555847568988,2669.159912109375,0.23005902978931697,0.0
^RUT,2026-06-18,2460.0,Call,180.3,184.8,202.63,,5.0,0.03652555847568988,2669.159912109375,0.23005902978931697,0.0
^RUT,2026-06-18,2460.0,Put,0.0,0.0,83.6,2.0,84.0,0.03652555847568988,2669.159912109375,0.23005902978931697,0.0
^RUT,2026-06-18,2470.0,Call,0.0,0.0,285.71,5.0,7.0,0.03652555847568988,2669.159912109375,0.23005902978931697,0.0
^RUT,2026-06-18,2470.0,Put,0.0,0.0,70.1,1.0,137.0,0.03652555847568988,2669.159912109375,0.23005902978931697,0.0
^RUT,2026-06-18,2480.0,Call,0.0,0.0,278.21,5.0,9.0,0.03652555847568988,2669.159912109375,0.23005902978931697,0.0
^RUT,2026-06-18,2480.0,Put,0.0,0.0,67.8,12.0,138.0,0.03652555847568988,2669.159912109375,0.23005902978931697,0.0
^RUT,2026-06-18,2490.0,Call,0.0,0.0,291.4,1.0,5.0,0.03652555847568988,2669.159912109375,0.23005902978931697,0.0
^RUT,2026-06-18,2490.0,Put,0.0,0.0,64.2,6.0,339.0,0.03652555847568988,2669.159912109375,0.23005902978931697,0.0
^RUT,2026-06-18,2500.0,Call,0.0,0.0,279.62,6.0,3178.0,0.03652555847568988,2669.159912109375,0.23005902978931697,0.0
^RUT,2026-06-18,2500.0,Put,0.0,0.0,63.2,75.0,1844.0,0.03652555847568988,2669.159912109375,0.23005902978931697,0.0
^RUT,2026-06-18,2510.0,Call,196.8,199.4,157.7,1.0,4.0,0.03652555847568988,2669.159912109375,0.23005902978931697,0.0
^RUT,2026-06-18,2510.0,Put,0.0,0.0,72.7,3.0,31.0,0.03652555847568988,2669.159912109375,0.23005902978931697,0.0
^RUT,2026-06-18,2520.0,Call,0.0,0.0,253.41,2.0,1.0,0.03652555847568988,2669.159912109375,0.23005902978931697,0.0
^RUT,2026-06-18,2520.0,Put,0.0,0.0,70.8,3.0,20.0,0.03652555847568988,2669.159912109375,0.23005902978931697,0.0
^RUT,2026-06-18,2530.0,Call,0.0,0.0,245.71,16.0,34.0,0.03652555847568988,2669.159912109375,0.23005902978931697,0.0
^RUT,2026-06-18,2530.0,Put,0.0,0.0,93.1,2.0,12.0,0.03652555847568988,2669.159912109375,0.23005902978931697,0.0
^RUT,2026-06-18,2550.0,Call,0.0,0.0,230.55,10.0,1713.0,0.03652555847568988,2669.159912109375,0.23005902978931697,0.0
^RUT,2026-06-18,2550.0,Put,0.0,0.0,73.38,141.0,2584.0,0.03652555847568988,2669.159912109375,0.23005902978931697,0.0
^RUT,2026-06-18,2600.0,Call,0.0,0.0,200.71,10.0,2521.0,0.03652555847568988,2669.159912109375,0.23005902978931697,0.0
^RUT,2026-06-18,2600.0,Put,0.0,0.0,92.7,1.0,1240.0,0.03652555847568988,2669.159912109375,0.23005902978931697,0.0
^RUT,2026-06-18,2650.0,Call,0.0,0.0,212.44,201.0,751.0,0.03652555847568988,2669.159912109375,0.23005902978931697,0.0
^RUT,2026-06-18,2650.0,Put,0.0,0.0,120.3,79.0,476.0,0.03652555847568988,2669.159912109375,0.23005902978931697,0.0
^RUT,2026-06-18,2700.0,Call,0.0,0.0,148.26,801.0,2171.0,0.03652555847568988,2669.159912109375,0.23005902978931697,0.0
^RUT,2026-06-18,2700.0,Put,0.0,0.0,142.2,10.0,452.0,0.03652555847568988,2669.159912109375,0.23005902978931697,0.0
^RUT,2026-06-18,2750.0,Call,0.0,0.0,116.1,9.0,297.0,0.03652555847568988,2669.159912109375,0.23005902978931697,0.0
^RUT,2026-06-18,2750.0,Put,0.0,0.0,167.8,14.0,123.0,0.03652555847568988,2669.159912109375,0.23005902978931697,0.0
^RUT,2026-06-18,2800.0,Call,0.0,0.0,106.3,802.0,4165.0,0.03652555847568988,2669.159912109375,0.23005902978931697,0.0
^RUT,2026-06-18,2800.0,Put,0.0,0.0,170.0,34.0,496.0,0.03652555847568988,2669.159912109375,0.23005902978931697,0.0
^RUT,2026-06-18,2850.0,Call,0.0,0.0,100.98,30.0,1106.0,0.03652555847568988,2669.159912109375,0.23005902978931697,0.0
^RUT,2026-06-18,2850.0,Put,0.0,0.0,217.66,,1.0,0.03652555847568988,2669.159912109375,0.23005902978931697,0.0
^RUT,2026-06-18,2900.0,Call,0.0,0.0,60.7,65.0,601.0,0.03652555847568988,2669.159912109375,0.23005902978931697,0.0
^RUT,2026-06-18,2900.0,Put,0.0,0.0,244.54,2.0,2.0,0.03652555847568988,2669.159912109375,0.23005902978931697,0.0
^RUT,2026-06-18,2950.0,Call,0.0,0.0,49.9,5.0,895.0,0.03652555847568988,2669.159912109375,0.23005902978931697,0.0
^RUT,2026-06-18,2950.0,Put,0.0,0.0,279.37,2.0,2.0,0.03652555847568988,2669.159912109375,0.23005902978931697,0.0
^RUT,2026-06-18,3000.0,Call,0.0,0.0,41.73,21.0,2228.0,0.03652555847568988,2669.159912109375,0.23005902978931697,0.0
^RUT,2026-06-18,3000.0,Put,0.0,0.0,360.86,2.0,5.0,0.03652555847568988,2669.159912109375,0.23005902978931697,0.0
^RUT,2026-06-18,3050.0,Call,0.0,0.0,41.99,20.0,126.0,0.03652555847568988,2669.159912109375,0.23005902978931697,0.0
^RUT,2026-06-18,3050.0,Put,0.0,0.0,324.2,1.0,3.0,0.03652555847568988,2669.159912109375,0.23005902978931697,0.0
^RUT,2026-06-18,3100.0,Call,0.0,0.0,34.26,335.0,1515.0,0.03652555847568988,2669.159912109375,0.23005902978931697,0.0
^RUT,2026-06-18,3150.0,Call,0.0,0.0,16.8,40.0,389.0,0.03652555847568988,2669.159912109375,0.23005902978931697,0.0
^RUT,2026-06-18,3150.0,Put,1004.0,1028.0,1222.2,3.0,4.0,0.03652555847568988,2669.159912109375,0.23005902978931697,0.0
^RUT,2026-06-18,3200.0,Call,0.0,0.0,13.7,81.0,1776.0,0.03652555847568988,2669.159912109375,0.23005902978931697,0.0
^RUT,2026-06-18,3200.0,Put,1051.0,1075.0,1269.3,,5.0,0.03652555847568988,2669.159912109375,0.23005902978931697,0.0
^RUT,2026-06-18,3250.0,Call,0.0,0.0,16.87,22.0,438.0,0.03652555847568988,2669.159912109375,0.23005902978931697,0.0
^RUT,2026-06-18,3250.0,Put,1098.0,1122.0,1315.1,,1.0,0.03652555847568988,2669.159912109375,0.23005902978931697,0.0
^RUT,2026-06-18,3300.0,Call,0.0,0.0,7.91,1.0,101.0,0.03652555847568988,2669.159912109375,0.23005902978931697,0.0
^RUT,2026-06-18,3300.0,Put,1145.0,1169.0,1418.5,,1.0,0.03652555847568988,2669.159912109375,0.23005902978931697,0.0
^RUT,2026-06-18,3350.0,Call,0.0,0.0,8.32,9.0,78.0,0.03652555847568988,2669.159912109375,0.23005902978931697,0.0
^RUT,2026-06-18,3350.0,Put,845.5,865.5,795.59,85.0,13.0,0.03652555847568988,2669.159912109375,0.23005902978931697,0.0
^RUT,2026-06-18,3400.0,Call,0.0,0.0,8.05,20.0,49.0,0.03652555847568988,2669.159912109375,0.23005902978931697,0.0
^RUT,2026-06-18,3400.0,Put,893.1,913.1,842.56,85.0,13.0,0.03652555847568988,2669.159912109375,0.23005902978931697,0.0
^RUT,2026-06-18,3450.0,Call,0.0,0.0,5.17,25.0,81.0,0.03652555847568988,2669.159912109375,0.23005902978931697,0.0
^RUT,2026-06-18,3450.0,Put,1287.0,1311.0,1519.9,,1.0,0.03652555847568988,2669.159912109375,0.23005902978931697,0.0
^RUT,2026-06-18,3500.0,Call,0.0,0.0,5.6,11.0,50.0,0.03652555847568988,2669.159912109375,0.23005902978931697,0.0
^RUT,2026-06-18,3550.0,Call,0.0,0.0,3.77,18.0,56.0,0.03652555847568988,2669.159912109375,0.23005902978931697,0.0
^RUT,2026-06-18,3550.0,Put,1062.8,1083.0,1024.0,1.0,1.0,0.03652555847568988,2669.159912109375,0.23005902978931697,0.0
^RUT,2026-06-18,3600.0,Call,0.0,0.0,2.8,2.0,3173.0,0.03652555847568988,2669.159912109375,0.23005902978931697,0.0
^RUT,2026-06-18,3600.0,Put,1110.7,1130.3,1072.28,1.0,0.0,0.03652555847568988,2669.159912109375,0.23005902978931697,0.0
^RUT,2026-06-30,1000.0,Call,1436.0,1459.7,1330.0,,2.0,0.03642700394218134,2669.159912109375,0.23005902978931697,0.0
^RUT,2026-06-30,1000.0,Put,0.75,1.35,2.2,10.0,11.0,0.03642700394218134,2669.159912109375,0.23005902978931697,0.0
^RUT,2026-06-30,1050.0,Put,0.85,1.5,3.3,1.0,2.0,0.03642700394218134,2669.159912109375,0.23005902978931697,0.0
^RUT,2026-06-30,1100.0,Put,2.5,5.8,5.17,2.0,1.0,0.03642700394218134,2669.159912109375,0.23005902978931697,0.0
^RUT,2026-06-30,1200.0,Put,1.65,2.2,4.2,2.0,4.0,0.03642700394218134,2669.159912109375,0.23005902978931697,0.0
^RUT,2026-06-30,1300.0,Put,0.0,0.0,2.6,,2.0,0.03642700394218134,2669.159912109375,0.23005902978931697,0.0
^RUT,2026-06-30,1400.0,Put,0.0,0.0,3.43,1.0,3.0,0.03642700394218134,2669.159912109375,0.23005902978931697,0.0
^RUT,2026-06-30,1500.0,Put,12.0,14.7,12.2,1.0,1.0,0.03642700394218134,2669.159912109375,0.23005902978931697,0.0
^RUT,2026-06-30,1550.0,Put,0.0,0.0,8.95,,15.0,0.03642700394218134,2669.159912109375,0.23005902978931697,0.0
^RUT,2026-06-30,1600.0,Put,13.3,16.8,28.0,,1.0,0.03642700394218134,2669.159912109375,0.23005902978931697,0.0
^RUT,2026-06-30,1650.0,Put,0.0,0.0,6.81,1.0,1.0,0.03642700394218134,2669.159912109375,0.23005902978931697,0.0
^RUT,2026-06-30,1700.0,Put,0.0,0.0,7.76,1.0,5.0,0.03642700394218134,2669.159912109375,0.23005902978931697,0.0
^RUT,2026-06-30,1740.0,Put,19.7,23.4,34.45,1.0,1.0,0.03642700394218134,2669.159912109375,0.23005902978931697,0.0
^RUT,2026-06-30,1750.0,Put,0.0,0.0,14.74,5.0,20.0,0.03642700394218134,2669.159912109375,0.23005902978931697,0.0
^RUT,2026-06-30,1800.0,Put,0.0,0.0,9.53,,11.0,0.03642700394218134,2669.159912109375,0.23005902978931697,0.0
^RUT,2026-06-30,1820.0,Put,10.6,11.6,33.2,2.0,1.0,0.03642700394218134,2669.159912109375,0.23005902978931697,0.0
^RUT,2026-06-30,1830.0,Put,11.0,11.9,26.65,,1.0,0.03642700394218134,2669.159912109375,0.23005902978931697,0.0
^RUT,2026-06-30,1850.0,Put,0.0,0.0,10.3,1.0,11.0,0.03642700394218134,2669.159912109375,0.23005902978931697,0.0
^RUT,2026-06-30,1900.0,Put,0.0,0.0,17.4,2.0,22.0,0.03642700394218134,2669.159912109375,0.23005902978931697,0.0
^RUT,2026-06-30,1950.0,Put,36.7,40.6,58.8,1.0,1.0,0.03642700394218134,2669.159912109375,0.23005902978931697,0.0
^RUT,2026-06-30,1980.0,Put,40.2,44.1,64.0,,19.0,0.03642700394218134,2669.159912109375,0.23005902978931697,0.0
^RUT,2026-06-30,1990.0,Put,41.4,45.4,66.5,,4.0,0.03642700394218134,2669.159912109375,0.23005902978931697,0.0
^RUT,2026-06-30,2000.0,Call,0.0,0.0,626.0,1.0,0.0,0.03642700394218134,2669.159912109375,0.23005902978931697,0.0
^RUT,2026-06-30,2000.0,Put,36.6,38.6,40.18,1.0,22.0,0.03642700394218134,2669.159912109375,0.23005902978931697,0.0
^RUT,2026-06-30,2010.0,Put,0.0,0.0,20.43,1.0,4.0,0.03642700394218134,2669.159912109375,0.23005902978931697,0.0
^RUT,2026-06-30,2020.0,Call,491.0,513.0,297.5,3.0,2.0,0.03642700394218134,2669.159912109375,0.23005902978931697,0.0
^RUT,2026-06-30,2020.0,Put,43.2,44.9,53.2,2.0,6.0,0.03642700394218134,2669.159912109375,0.23005902978931697,0.0
^RUT,2026-06-30,2030.0,Call,483.0,504.5,305.08,2.0,0.0,0.03642700394218134,2669.159912109375,0.23005902978931697,0.0
^RUT,2026-06-30,2040.0,Call,475.0,495.5,345.08,2.0,3.0,0.03642700394218134,2669.159912109375,0.23005902978931697,0.0
^RUT,2026-06-30,2040.0,Put,21.0,22.1,53.8,,5.0,0.03642700394218134,2669.159912109375,0.23005902978931697,0.0
^RUT,2026-06-30,2050.0,Call,467.0,488.2,317.98,6.0,3.0,0.03642700394218134,2669.159912109375,0.23005902978931697,0.0
^RUT,2026-06-30,2050.0,Put,0.0,0.0,18.1,1.0,2.0,0.03642700394218134,2669.159912109375,0.23005902978931697,0.0
^RUT,2026-06-30,2060.0,Call,496.4,512.2,402.69,2.0,2.0,0.03642700394218134,2669.159912109375,0.23005902978931697,0.0
^RUT,2026-06-30,2060.0,Put,22.3,23.5,54.2,,2.0,0.03642700394218134,2669.159912109375,0.23005902978931697,0.0
^RUT,2026-06-30,2070.0,Call,450.0,472.1,393.59,,1.0,0.03642700394218134,2669.159912109375,0.23005902978931697,0.0
^RUT,2026-06-30,2070.0,Put,0.0,0.0,23.5,1.0,3.0,0.03642700394218134,2669.159912109375,0.23005902978931697,0.0
^RUT,2026-06-30,2090.0,Put,65.2,74.0,61.0,1.0,1.0,0.03642700394218134,2669.159912109375,0.23005902978931697,0.0
^RUT,2026-06-30,2100.0,Call,426.0,448.2,304.58,10.0,5.0,0.03642700394218134,2669.159912109375,0.23005902978931697,0.0
^RUT,2026-06-30,2100.0,Put,0.0,0.0,19.0,1.0,40.0,0.03642700394218134,2669.159912109375,0.23005902978931697,0.0
^RUT,2026-06-30,2110.0,Call,418.0,440.2,322.19,,0.0,0.03642700394218134,2669.159912109375,0.23005902978931697,0.0
^RUT,2026-06-30,2110.0,Put,0.0,0.0,27.83,1.0,10.0,0.03642700394218134,2669.159912109375,0.23005902978931697,0.0
^RUT,2026-06-30,2120.0,Call,410.0,432.3,243.08,2.0,16.0,0.03642700394218134,2669.159912109375,0.23005902978931697,0.0
^RUT,2026-06-30,2130.0,Call,411.0,418.3,325.95,2.0,2.0,0.03642700394218134,2669.159912109375,0.23005902978931697,0.0
^RUT,2026-06-30,2130.0,Put,0.0,0.0,36.51,1.0,1.0,0.03642700394218134,2669.159912109375,0.23005902978931697,0.0
^RUT,2026-06-30,2140.0,Call,403.2,410.5,278.92,,0.0,0.03642700394218134,2669.159912109375,0.23005902978931697,0.0
^RUT,2026-06-30,2140.0,Put,29.1,30.2,64.93,2.0,5.0,0.03642700394218134,2669.159912109375,0.23005902978931697,0.0
^RUT,2026-06-30,2150.0,Call,0.0,0.0,361.2,2.0,27.0,0.03642700394218134,2669.159912109375,0.23005902978931697,0.0
^RUT,2026-06-30,2150.0,Put,0.0,0.0,22.0,1.0,40.0,0.03642700394218134,2669.159912109375,0.23005902978931697,0.0
^RUT,2026-06-30,2160.0,Put,31.1,32.2,63.5,1.0,2.0,0.03642700394218134,2669.159912109375,0.23005902978931697,0.0
^RUT,2026-06-30,2170.0,Put,0.0,0.0,51.37,1.0,25.0,0.03642700394218134,2669.159912109375,0.23005902978931697,0.0
^RUT,2026-06-30,2180.0,Call,372.6,379.8,228.07,,1.0,0.03642700394218134,2669.159912109375,0.23005902978931697,0.0
^RUT,2026-06-30,2180.0,Put,67.1,69.7,74.85,4.0,2.0,0.03642700394218134,2669.159912109375,0.23005902978931697,0.0
^RUT,2026-06-30,2190.0,Call,365.1,372.3,248.73,,50.0,0.03642700394218134,2669.159912109375,0.23005902978931697,0.0
^RUT,2026-06-30,2190.0,Put,0.0,0.0,40.7,1.0,1.0,0.03642700394218134,2669.159912109375,0.23005902978931697,0.0
^RUT,2026-06-30,2200.0,Call,357.7,364.8,243.22,20.0,21.0,0.03642700394218134,2669.159912109375,0.23005902978931697,0.0
^RUT,2026-06-30,2200.0,Put,0.0,0.0,28.39,4.0,40.0,0.03642700394218134,2669.159912109375,0.23005902978931697,0.0
^RUT,2026-06-30,2210.0,Call,350.3,357.4,222.22,,1.0,0.03642700394218134,2669.159912109375,0.23005902978931697,0.0
^RUT,2026-06-30,2220.0,Call,343.0,350.0,238.0,,10.0,0.03642700394218134,2669.159912109375,0.23005902978931697,0.0
^RUT,2026-06-30,2220.0,Put,0.0,0.0,27.3,33.0,40.0,0.03642700394218134,2669.159912109375,0.23005902978931697,0.0
^RUT,2026-06-30,2230.0,Put,0.0,0.0,27.96,1.0,16.0,0.03642700394218134,2669.159912109375,0.23005902978931697,0.0
^RUT,2026-06-30,2240.0,Call,326.3,331.6,287.9,1.0,6.0,0.03642700394218134,2669.159912109375,0.23005902978931697,0.0
^RUT,2026-06-30,2240.0,Put,86.7,91.5,178.7,1.0,1.0,0.03642700394218134,2669.159912109375,0.23005902978931697,0.0
^RUT,2026-06-30,2250.0,Call,321.4,328.4,213.79,1.0,8.0,0.03642700394218134,2669.159912109375,0.23005902978931697,0.0
^RUT,2026-06-30,2250.0,Put,0.0,0.0,56.0,1.0,28.0,0.03642700394218134,2669.159912109375,0.23005902978931697,0.0
^RUT,2026-06-30,2260.0,Call,314.4,321.3,208.08,1.0,11.0,0.03642700394218134,2669.159912109375,0.23005902978931697,0.0
^RUT,2026-06-30,2260.0,Put,43.4,44.5,68.44,1.0,16.0,0.03642700394218134,2669.159912109375,0.23005902978931697,0.0
^RUT,2026-06-30,2270.0,Call,284.0,295.0,281.31,1.0,3.0,0.03642700394218134,2669.159912109375,0.23005902978931697,0.0
^RUT,2026-06-30,2280.0,Call,300.5,307.3,248.71,,1.0,0.03642700394218134,2669.159912109375,0.23005902978931697,0.0
^RUT,2026-06-30,2280.0,Put,0.0,0.0,36.87,2.0,436.0,0.03642700394218134,2669.159912109375,0.23005902978931697,0.0
^RUT,2026-06-30,2290.0,Call,265.1,268.0,341.49,2.0,1.0,0.03642700394218134,2669.159912109375,0.23005902978931697,0.0
^RUT,2026-06-30,2290.0,Put,101.0,106.1,91.8,1.0,3.0,0.03642700394218134,2669.159912109375,0.23005902978931697,0.0
^RUT,2026-06-30,2300.0,Call,0.0,0.0,401.2,1.0,58.0,0.03642700394218134,2669.159912109375,0.23005902978931697,0.0
^RUT,2026-06-30,2300.0,Put,0.0,0.0,35.15,50.0,55.0,0.03642700394218134,2669.159912109375,0.23005902978931697,0.0
^RUT,2026-06-30,2310.0,Call,251.6,254.7,321.61,16.0,10.0,0.03642700394218134,2669.159912109375,0.23005902978931697,0.0
^RUT,2026-06-30,2310.0,Put,51.4,52.7,104.73,,1.0,0.03642700394218134,2669.159912109375,0.23005902978931697,0.0
^RUT,2026-06-30,2320.0,Call,245.6,248.9,313.91,,9.0,0.03642700394218134,2669.159912109375,0.23005902978931697,0.0
^RUT,2026-06-30,2320.0,Put,99.4,102.3,108.3,16.0,8.0,0.03642700394218134,2669.159912109375,0.23005902978931697,0.0
^RUT,2026-06-30,2330.0,Call,331.6,338.2,300.0,118.0,62.0,0.03642700394218134,2669.159912109375,0.23005902978931697,0.0
^RUT,2026-06-30,2330.0,Put,0.0,0.0,38.37,1.0,1.0,0.03642700394218134,2669.159912109375,0.23005902978931697,0.0
^RUT,2026-06-30,2340.0,Call,265.7,270.8,272.21,2.0,13.0,0.03642700394218134,2669.159912109375,0.23005902978931697,0.0
^RUT,2026-06-30,2340.0,Put,57.1,58.0,88.56,1.0,3.0,0.03642700394218134,2669.159912109375,0.23005902978931697,0.0
^RUT,2026-06-30,2350.0,Call,226.5,229.0,312.75,,10.0,0.03642700394218134,2669.159912109375,0.23005902978931697,0.0
^RUT,2026-06-30,2350.0,Put,0.0,0.0,78.4,2.0,56.0,0.03642700394218134,2669.159912109375,0.23005902978931697,0.0
^RUT,2026-06-30,2360.0,Call,220.5,222.8,285.11,,9.0,0.03642700394218134,2669.159912109375,0.23005902978931697,0.0
^RUT,2026-06-30,2360.0,Put,111.0,114.0,121.77,12.0,6.0,0.03642700394218134,2669.159912109375,0.23005902978931697,0.0
^RUT,2026-06-30,2370.0,Call,214.3,216.7,278.3,18.0,10.0,0.03642700394218134,2669.159912109375,0.23005902978931697,0.0
^RUT,2026-06-30,2370.0,Put,0.0,0.0,84.4,1.0,1.0,0.03642700394218134,2669.159912109375,0.23005902978931697,0.0
^RUT,2026-06-30,2380.0,Call,239.8,244.1,246.39,1.0,11.0,0.03642700394218134,2669.159912109375,0.23005902978931697,0.0
^RUT,2026-06-30,2380.0,Put,114.1,117.6,141.3,1.0,0.0,0.03642700394218134,2669.159912109375,0.23005902978931697,0.0
^RUT,2026-06-30,2390.0,Call,202.6,205.8,264.96,,9.0,0.03642700394218134,2669.159912109375,0.23005902978931697,0.0
^RUT,2026-06-30,2390.0,Put,134.1,139.6,133.3,,3.0,0.03642700394218134,2669.159912109375,0.23005902978931697,0.0
^RUT,2026-06-30,2400.0,Call,0.0,0.0,294.88,1.0,12.0,0.03642700394218134,2669.159912109375,0.23005902978931697,0.0
^RUT,2026-06-30,2400.0,Put,0.0,0.0,47.14,1.0,96.0,0.03642700394218134,2669.159912109375,0.23005902978931697,0.0
^RUT,2026-06-30,2410.0,Call,270.7,276.3,187.4,1.0,12.0,0.03642700394218134,2669.159912109375,0.23005902978931697,0.0
^RUT,2026-06-30,2420.0,Call,0.0,0.0,262.93,2.0,10.0,0.03642700394218134,2669.159912109375,0.23005902978931697,0.0
^RUT,2026-06-30,2420.0,Put,144.1,149.4,172.39,,1.0,0.03642700394218134,2669.159912109375,0.23005902978931697,0.0
^RUT,2026-06-30,2430.0,Call,180.0,182.7,238.51,,5.0,0.03642700394218134,2669.159912109375,0.23005902978931697,0.0
^RUT,2026-06-30,2430.0,Put,0.0,0.0,67.68,8.0,9.0,0.03642700394218134,2669.159912109375,0.23005902978931697,0.0
^RUT,2026-06-30,2440.0,Call,174.2,177.3,232.58,,4.0,0.03642700394218134,2669.159912109375,0.23005902978931697,0.0
^RUT,2026-06-30,2440.0,Put,0.0,0.0,74.1,12.0,28.0,0.03642700394218134,2669.159912109375,0.23005902978931697,0.0
^RUT,2026-06-30,2450.0,Call,168.7,172.0,232.64,6.0,3.0,0.03642700394218134,2669.159912109375,0.23005902978931697,0.0
^RUT,2026-06-30,2450.0,Put,0.0,0.0,55.1,2.0,19.0,0.03642700394218134,2669.159912109375,0.23005902978931697,0.0
^RUT,2026-06-30,2460.0,Call,0.0,0.0,214.3,2.0,4.0,0.03642700394218134,2669.159912109375,0.23005902978931697,0.0
^RUT,2026-06-30,2460.0,Put,0.0,0.0,66.48,4.0,4.0,0.03642700394218134,2669.159912109375,0.23005902978931697,0.0
^RUT,2026-06-30,2470.0,Call,227.5,231.6,192.9,1.0,3.0,0.03642700394218134,2669.159912109375,0.23005902978931697,0.0
^RUT,2026-06-30,2470.0,Put,0.0,0.0,69.56,8.0,25.0,0.03642700394218134,2669.159912109375,0.23005902978931697,0.0
^RUT,2026-06-30,2480.0,Call,221.4,225.0,178.8,2.0,5.0,0.03642700394218134,2669.159912109375,0.23005902978931697,0.0
^RUT,2026-06-30,2480.0,Put,0.0,0.0,72.12,4.0,9.0,0.03642700394218134,2669.159912109375,0.23005902978931697,0.0
^RUT,2026-06-30,2490.0,Put,0.0,0.0,73.62,4.0,7.0,0.03642700394218134,2669.159912109375,0.23005902978931697,0.0
^RUT,2026-06-30,2500.0,Call,0.0,0.0,159.0,1.0,16.0,0.03642700394218134,2669.159912109375,0.23005902978931697,0.0
^RUT,2026-06-30,2500.0,Put,0.0,0.0,100.4,1.0,24.0,0.03642700394218134,2669.159912109375,0.23005902978931697,0.0
^RUT,2026-06-30,2510.0,Call,139.5,142.0,213.5,1.0,4.0,0.03642700394218134,2669.159912109375,0.23005902978931697,0.0
^RUT,2026-06-30,2510.0,Put,0.0,0.0,68.6,2.0,3.0,0.03642700394218134,2669.159912109375,0.23005902978931697,0.0
^RUT,2026-06-30,2520.0,Put,0.0,0.0,69.8,63.0,66.0,0.03642700394218134,2669.159912109375,0.23005902978931697,0.0
^RUT,2026-06-30,2530.0,Call,0.0,0.0,249.83,2.0,2.0,0.03642700394218134,2669.159912109375,0.23005902978931697,0.0
^RUT,2026-06-30,2550.0,Call,0.0,0.0,236.17,10.0,6.0,0.03642700394218134,2669.159912109375,0.23005902978931697,0.0
^RUT,2026-06-30,2550.0,Put,184.6,187.3,187.86,2.0,3.0,0.03642700394218134,2669.159912109375,0.23005902978931697,0.0
^RUT,2026-06-30,2560.0,Put,119.8,121.1,168.7,10.0,10.0,0.03642700394218134,2669.159912109375,0.23005902978931697,0.0
^RUT,2026-06-30,2590.0,Call,0.0,0.0,225.15,1.0,17.0,0.03642700394218134,2669.159912109375,0.23005902978931697,0.0
^RUT,2026-06-30,2600.0,Call,0.0,0.0,203.33,4.0,47.0,0.03642700394218134,2669.159912109375,0.23005902978931697,0.0
^RUT,2026-06-30,2600.0,Put,0.0,0.0,89.75,,11.0,0.03642700394218134,2669.159912109375,0.23005902978931697,0.0
^RUT,2026-06-30,2610.0,Call,0.0,0.0,170.3,2.0,17.0,0.03642700394218134,2669.159912109375,0.23005902978931697,0.0
^RUT,2026-06-30,2620.0,Call,0.0,0.0,106.1,1.0,3.0,0.03642700394218134,2669.159912109375,0.23005902978931697,0.0
^RUT,2026-06-30,2650.0,Call,0.0,0.0,208.4,5.0,10.0,0.03642700394218134,2669.159912109375,0.23005902978931697,0.0
^RUT,2026-06-30,2700.0,Call,0.0,0.0,178.8,5.0,43.0,0.03642700394218134,2669.159912109375,0.23005902978931697,0.0
^RUT,2026-06-30,2750.0,Call,0.0,0.0,132.5,14.0,15.0,0.03642700394218134,2669.159912109375,0.23005902978931697,0.0
^RUT,2026-06-30,2800.0,Call,0.0,0.0,97.3,2.0,37.0,0.03642700394218134,2669.159912109375,0.23005902978931697,0.0
^RUT,2026-06-30,2850.0,Call,0.0,0.0,53.11,1.0,37.0,0.03642700394218134,2669.159912109375,0.23005902978931697,0.0
^RUT,2026-06-30,2900.0,Call,0.0,0.0,66.05,16.0,73.0,0.03642700394218134,2669.159912109375,0.23005902978931697,0.0
^RUT,2026-06-30,2950.0,Call,0.0,0.0,56.97,8.0,92.0,0.03642700394218134,2669.159912109375,0.23005902978931697,0.0
^RUT,2026-06-30,3000.0,Call,0.0,0.0,56.48,2.0,9.0,0.03642700394218134,2669.159912109375,0.23005902978931697,0.0
^RUT,2026-06-30,3050.0,Call,0.0,0.0,35.83,10.0,43.0,0.03642700394218134,2669.159912109375,0.23005902978931697,0.0
^RUT,2026-06-30,3100.0,Call,0.0,0.0,28.35,10.0,19.0,0.03642700394218134,2669.159912109375,0.23005902978931697,0.0
^RUT,2026-06-30,3150.0,Call,0.0,0.0,28.1,3.0,28.0,0.03642700394218134,2669.159912109375,0.23005902978931697,0.0
^RUT,2026-06-30,3200.0,Call,0.0,0.0,18.64,,1.0,0.03642700394218134,2669.159912109375,0.23005902978931697,0.0
^RUT,2026-06-30,3250.0,Call,9.7,11.3,14.12,2.0,32.0,0.03642700394218134,2669.159912109375,0.23005902978931697,0.0
^RUT,2026-06-30,3300.0,Call,0.0,0.0,7.4,6.0,36.0,0.03642700394218134,2669.159912109375,0.23005902978931697,0.0
^RUT,2026-09-18,1250.0,Put,0.0,0.0,5.16,2.0,589.0,0.03591331581252738,2669.159912109375,0.23005902978931697,0.0
^RUT,2026-09-18,1300.0,Put,8.4,10.1,9.4,168.0,229.0,0.03591331581252738,2669.159912109375,0.23005902978931697,0.0
^RUT,2026-09-18,1350.0,Call,0.0,0.0,1187.32,2.0,0.0,0.03591331581252738,2669.159912109375,0.23005902978931697,0.0
^RUT,2026-09-18,1350.0,Put,0.0,0.0,6.5,2.0,450.0,0.03591331581252738,2669.159912109375,0.23005902978931697,0.0
^RUT,2026-09-18,1400.0,Put,0.0,0.0,10.65,4.0,100.0,0.03591331581252738,2669.159912109375,0.23005902978931697,0.0
^RUT,2026-09-18,1500.0,Put,0.0,0.0,9.23,1.0,39.0,0.03591331581252738,2669.159912109375,0.23005902978931697,0.0
^RUT,2026-09-18,1550.0,Put,0.0,0.0,12.94,1.0,284.0,0.03591331581252738,2669.159912109375,0.23005902978931697,0.0
^RUT,2026-09-18,1600.0,Call,0.0,0.0,949.62,2.0,0.0,0.03591331581252738,2669.159912109375,0.23005902978931697,0.0
^RUT,2026-09-18,1600.0,Put,0.0,0.0,12.25,2.0,32.0,0.03591331581252738,2669.159912109375,0.23005902978931697,0.0
^RUT,2026-09-18,1650.0,Put,0.0,0.0,15.06,28.0,31.0,0.03591331581252738,2669.159912109375,0.23005902978931697,0.0
^RUT,2026-09-18,1700.0,Put,0.0,0.0,21.2,2.0,21.0,0.03591331581252738,2669.159912109375,0.23005902978931697,0.0
^RUT,2026-09-18,1750.0,Put,0.0,0.0,19.3,5.0,328.0,0.03591331581252738,2669.159912109375,0.23005902978931697,0.0
^RUT,2026-09-18,1800.0,Put,0.0,0.0,15.28,1.0,43.0,0.03591331581252738,2669.159912109375,0.23005902978931697,0.0
^RUT,2026-09-18,1850.0,Put,0.0,0.0,25.4,54.0,325.0,0.03591331581252738,2669.159912109375,0.23005902978931697,0.0
^RUT,2026-09-18,1900.0,Put,23.2,25.4,33.7,49.0,126.0,0.03591331581252738,2669.159912109375,0.23005902978931697,0.0
^RUT,2026-09-18,1930.0,Put,0.0,0.0,30.24,,7.0,0.03591331581252738,2669.159912109375,0.23005902978931697,0.0
^RUT,2026-09-18,1950.0,Put,0.0,0.0,34.0,46.0,265.0,0.03591331581252738,2669.159912109375,0.23005902978931697,0.0
^RUT,2026-09-18,1960.0,Put,27.7,29.6,51.2,,36.0,0.03591331581252738,2669.159912109375,0.23005902978931697,0.0
^RUT,2026-09-18,2000.0,Put,0.0,0.0,36.7,39.0,1306.0,0.03591331581252738,2669.159912109375,0.23005902978931697,0.0
^RUT,2026-09-18,2020.0,Put,0.0,0.0,42.29,,1.0,0.03591331581252738,2669.159912109375,0.23005902978931697,0.0
^RUT,2026-09-18,2030.0,Put,33.7,35.5,62.4,,1.0,0.03591331581252738,2669.159912109375,0.23005902978931697,0.0
^RUT,2026-09-18,2050.0,Put,0.0,0.0,32.7,20.0,206.0,0.03591331581252738,2669.159912109375,0.23005902978931697,0.0
^RUT,2026-09-18,2060.0,Put,0.0,0.0,53.2,,2.0,0.03591331581252738,2669.159912109375,0.23005902978931697,0.0
^RUT,2026-09-18,2070.0,Put,71.9,75.3,77.18,,1.0,0.03591331581252738,2669.159912109375,0.23005902978931697,0.0
^RUT,2026-09-18,2080.0,Put,59.7,62.6,60.81,,0.0,0.03591331581252738,2669.159912109375,0.23005902978931697,0.0
^RUT,2026-09-18,2090.0,Put,0.0,0.0,73.91,2.0,0.0,0.03591331581252738,2669.159912109375,0.23005902978931697,0.0
^RUT,2026-09-18,2100.0,Put,0.0,0.0,35.52,80.0,327.0,0.03591331581252738,2669.159912109375,0.23005902978931697,0.0
^RUT,2026-09-18,2110.0,Put,62.9,69.2,83.0,,1.0,0.03591331581252738,2669.159912109375,0.23005902978931697,0.0
^RUT,2026-09-18,2130.0,Put,44.5,46.4,84.3,26.0,26.0,0.03591331581252738,2669.159912109375,0.23005902978931697,0.0
^RUT,2026-09-18,2140.0,Put,0.0,0.0,59.53,2.0,3.0,0.03591331581252738,2669.159912109375,0.23005902978931697,0.0
^RUT,2026-09-18,2150.0,Put,84.0,89.5,88.2,2.0,2.0,0.03591331581252738,2669.159912109375,0.23005902978931697,0.0
^RUT,2026-09-18,2160.0,Put,0.0,0.0,62.86,,2.0,0.03591331581252738,2669.159912109375,0.23005902978931697,0.0
^RUT,2026-09-18,2200.0,Call,0.0,0.0,508.44,8.0,8.0,0.03591331581252738,2669.159912109375,0.23005902978931697,0.0
^RUT,2026-09-18,2200.0,Put,0.0,0.0,52.42,2.0,442.0,0.03591331581252738,2669.159912109375,0.23005902978931697,0.0
^RUT,2026-09-18,2210.0,Put,84.7,89.6,84.64,,0.0,0.03591331581252738,2669.159912109375,0.23005902978931697,0.0
^RUT,2026-09-18,2230.0,Put,0.0,0.0,109.8,9.0,9.0,0.03591331581252738,2669.159912109375,0.23005902978931697,0.0
^RUT,2026-09-18,2240.0,Put,0.0,0.0,83.3,1.0,6.0,0.03591331581252738,2669.159912109375,0.23005902978931697,0.0
^RUT,2026-09-18,2250.0,Call,0.0,0.0,525.48,,0.0,0.03591331581252738,2669.159912109375,0.23005902978931697,0.0
^RUT,2026-09-18,2250.0,Put,0.0,0.0,63.3,236.0,477.0,0.03591331581252738,2669.159912109375,0.23005902978931697,0.0
^RUT,2026-09-18,2260.0,Call,349.6,357.7,403.8,,1.0,0.03591331581252738,2669.159912109375,0.23005902978931697,0.0
^RUT,2026-09-18,2260.0,Put,0.0,0.0,118.2,4.0,6.0,0.03591331581252738,2669.159912109375,0.23005902978931697,0.0
^RUT,2026-09-18,2270.0,Put,0.0,0.0,116.69,7.0,4.0,0.03591331581252738,2669.159912109375,0.23005902978931697,0.0
^RUT,2026-09-18,2280.0,Put,0.0,0.0,124.2,3.0,4.0,0.03591331581252738,2669.159912109375,0.23005902978931697,0.0
^RUT,2026-09-18,2290.0,Call,294.3,307.4,374.09,2.0,2.0,0.03591331581252738,2669.159912109375,0.23005902978931697,0.0
^RUT,2026-09-18,2290.0,Put,69.5,71.8,125.5,1.0,4.0,0.03591331581252738,2669.159912109375,0.23005902978931697,0.0
^RUT,2026-09-18,2300.0,Call,0.0,0.0,436.23,4.0,57.0,0.03591331581252738,2669.159912109375,0.23005902978931697,0.0
^RUT,2026-09-18,2300.0,Put,0.0,0.0,99.1,3.0,433.0,0.03591331581252738,2669.159912109375,0.23005902978931697,0.0
^RUT,2026-09-18,2310.0,Call,0.0,0.0,328.56,2.0,11.0,0.03591331581252738,2669.159912109375,0.23005902978931697,0.0
^RUT,2026-09-18,2310.0,Put,73.9,76.0,111.26,4.0,5.0,0.03591331581252738,2669.159912109375,0.23005902978931697,0.0
^RUT,2026-09-18,2320.0,Call,276.5,288.0,346.41,,9.0,0.03591331581252738,2669.159912109375,0.23005902978931697,0.0
^RUT,2026-09-18,2320.0,Put,0.0,0.0,97.92,12.0,9.0,0.03591331581252738,2669.159912109375,0.23005902978931697,0.0
^RUT,2026-09-18,2330.0,Call,270.2,281.7,338.31,18.0,9.0,0.03591331581252738,2669.159912109375,0.23005902978931697,0.0
^RUT,2026-09-18,2330.0,Put,0.0,0.0,97.1,17.0,27.0,0.03591331581252738,2669.159912109375,0.23005902978931697,0.0
^RUT,2026-09-18,2340.0,Call,264.5,275.4,339.89,20.0,13.0,0.03591331581252738,2669.159912109375,0.23005902978931697,0.0
^RUT,2026-09-18,2340.0,Put,0.0,0.0,99.8,7.0,8.0,0.03591331581252738,2669.159912109375,0.23005902978931697,0.0
^RUT,2026-09-18,2350.0,Call,257.9,269.3,345.71,2.0,12.0,0.03591331581252738,2669.159912109375,0.23005902978931697,0.0
^RUT,2026-09-18,2350.0,Put,0.0,0.0,102.6,10.0,151.0,0.03591331581252738,2669.159912109375,0.23005902978931697,0.0
^RUT,2026-09-18,2360.0,Call,251.3,263.2,318.55,,9.0,0.03591331581252738,2669.159912109375,0.23005902978931697,0.0
^RUT,2026-09-18,2360.0,Put,0.0,0.0,78.01,90.0,325.0,0.03591331581252738,2669.159912109375,0.23005902978931697,0.0
^RUT,2026-09-18,2370.0,Call,337.0,342.6,234.01,1.0,10.0,0.03591331581252738,2669.159912109375,0.23005902978931697,0.0
^RUT,2026-09-18,2370.0,Put,0.0,0.0,108.4,10.0,14.0,0.03591331581252738,2669.159912109375,0.23005902978931697,0.0
^RUT,2026-09-18,2380.0,Call,330.4,336.1,228.41,1.0,58.0,0.03591331581252738,2669.159912109375,0.23005902978931697,0.0
^RUT,2026-09-18,2380.0,Put,0.0,0.0,111.5,11.0,15.0,0.03591331581252738,2669.159912109375,0.23005902978931697,0.0
^RUT,2026-09-18,2390.0,Call,0.0,0.0,345.35,10.0,9.0,0.03591331581252738,2669.159912109375,0.23005902978931697,0.0
^RUT,2026-09-18,2390.0,Put,0.0,0.0,114.6,8.0,11.0,0.03591331581252738,2669.159912109375,0.23005902978931697,0.0
^RUT,2026-09-18,2400.0,Call,0.0,0.0,404.66,2.0,430.0,0.03591331581252738,2669.159912109375,0.23005902978931697,0.0
^RUT,2026-09-18,2400.0,Put,0.0,0.0,71.12,66.0,1178.0,0.03591331581252738,2669.159912109375,0.23005902978931697,0.0
^RUT,2026-09-18,2410.0,Call,308.5,313.9,221.22,1.0,12.0,0.03591331581252738,2669.159912109375,0.23005902978931697,0.0
^RUT,2026-09-18,2410.0,Put,0.0,0.0,81.69,604.0,627.0,0.03591331581252738,2669.159912109375,0.23005902978931697,0.0
^RUT,2026-09-18,2420.0,Call,301.6,306.9,171.73,2.0,10.0,0.03591331581252738,2669.159912109375,0.23005902978931697,0.0
^RUT,2026-09-18,2420.0,Put,0.0,0.0,124.3,8.0,35.0,0.03591331581252738,2669.159912109375,0.23005902978931697,0.0
^RUT,2026-09-18,2430.0,Call,294.8,300.0,173.56,7.0,13.0,0.03591331581252738,2669.159912109375,0.23005902978931697,0.0
^RUT,2026-09-18,2430.0,Put,0.0,0.0,92.06,1.0,3.0,0.03591331581252738,2669.159912109375,0.23005902978931697,0.0
^RUT,2026-09-18,2440.0,Call,288.1,294.4,167.12,4.0,6.0,0.03591331581252738,2669.159912109375,0.23005902978931697,0.0
^RUT,2026-09-18,2440.0,Put,0.0,0.0,85.2,253.0,285.0,0.03591331581252738,2669.159912109375,0.23005902978931697,0.0
^RUT,2026-09-18,2450.0,Call,0.0,0.0,352.92,2.0,103.0,0.03591331581252738,2669.159912109375,0.23005902978931697,0.0
^RUT,2026-09-18,2450.0,Put,0.0,0.0,95.15,3.0,95.0,0.03591331581252738,2669.159912109375,0.23005902978931697,0.0
^RUT,2026-09-18,2460.0,Call,274.1,280.5,170.07,6.0,4.0,0.03591331581252738,2669.159912109375,0.23005902978931697,0.0
^RUT,2026-09-18,2460.0,Put,0.0,0.0,100.7,3.0,17.0,0.03591331581252738,2669.159912109375,0.23005902978931697,0.0
^RUT,2026-09-18,2470.0,Call,268.7,273.5,175.49,10.0,9.0,0.03591331581252738,2669.159912109375,0.23005902978931697,0.0
^RUT,2026-09-18,2470.0,Put,0.0,0.0,98.71,3.0,585.0,0.03591331581252738,2669.159912109375,0.23005902978931697,0.0
^RUT,2026-09-18,2480.0,Call,262.0,266.8,172.24,14.0,6.0,0.03591331581252738,2669.159912109375,0.23005902978931697,0.0
^RUT,2026-09-18,2480.0,Put,0.0,0.0,97.53,6.0,4.0,0.03591331581252738,2669.159912109375,0.23005902978931697,0.0
^RUT,2026-09-18,2490.0,Call,0.0,0.0,195.7,2.0,17.0,0.03591331581252738,2669.159912109375,0.23005902978931697,0.0
^RUT,2026-09-18,2490.0,Put,0.0,0.0,97.93,6.0,1.0,0.03591331581252738,2669.159912109375,0.23005902978931697,0.0
^RUT,2026-09-18,2500.0,Call,0.0,0.0,317.7,8.0,371.0,0.03591331581252738,2669.159912109375,0.23005902978931697,0.0
^RUT,2026-09-18,2500.0,Put,0.0,0.0,103.18,6.0,1066.0,0.03591331581252738,2669.159912109375,0.23005902978931697,0.0
^RUT,2026-09-18,2510.0,Call,243.7,248.3,177.79,7.0,6.0,0.03591331581252738,2669.159912109375,0.23005902978931697,0.0
^RUT,2026-09-18,2510.0,Put,0.0,0.0,95.99,1.0,247.0,0.03591331581252738,2669.159912109375,0.23005902978931697,0.0
^RUT,2026-09-18,2520.0,Call,237.6,241.5,172.09,6.0,8.0,0.03591331581252738,2669.159912109375,0.23005902978931697,0.0
^RUT,2026-09-18,2520.0,Put,0.0,0.0,98.05,4.0,7.0,0.03591331581252738,2669.159912109375,0.23005902978931697,0.0
^RUT,2026-09-18,2530.0,Call,230.9,236.0,167.24,2.0,7.0,0.03591331581252738,2669.159912109375,0.23005902978931697,0.0
^RUT,2026-09-18,2530.0,Put,0.0,0.0,99.45,5.0,13.0,0.03591331581252738,2669.159912109375,0.23005902978931697,0.0
^RUT,2026-09-18,2540.0,Call,225.7,229.9,179.14,3.0,4.0,0.03591331581252738,2669.159912109375,0.23005902978931697,0.0
^RUT,2026-09-18,2540.0,Put,0.0,0.0,102.15,2.0,19.0,0.03591331581252738,2669.159912109375,0.23005902978931697,0.0
^RUT,2026-09-18,2550.0,Call,0.0,0.0,283.71,2.0,44.0,0.03591331581252738,2669.159912109375,0.23005902978931697,0.0
^RUT,2026-09-18,2550.0,Put,0.0,0.0,132.8,13.0,575.0,0.03591331581252738,2669.159912109375,0.23005902978931697,0.0
^RUT,2026-09-18,2560.0,Call,0.0,0.0,251.17,4.0,14.0,0.03591331581252738,2669.159912109375,0.23005902978931697,0.0
^RUT,2026-09-18,2560.0,Put,0.0,0.0,175.7,,8.0,0.03591331581252738,2669.159912109375,0.23005902978931697,0.0
^RUT,2026-09-18,2570.0,Call,0.0,0.0,245.25,4.0,10.0,0.03591331581252738,2669.159912109375,0.23005902978931697,0.0
^RUT,2026-09-18,2570.0,Put,201.0,225.0,235.78,,2.0,0.03591331581252738,2669.159912109375,0.23005902978931697,0.0
^RUT,2026-09-18,2580.0,Call,0.0,0.0,238.57,4.0,8.0,0.03591331581252738,2669.159912109375,0.23005902978931697,0.0
^RUT,2026-09-18,2580.0,Put,0.0,0.0,124.75,,1.0,0.03591331581252738,2669.159912109375,0.23005902978931697,0.0
^RUT,2026-09-18,2590.0,Call,0.0,0.0,237.8,2.0,574.0,0.03591331581252738,2669.159912109375,0.23005902978931697,0.0
^RUT,2026-09-18,2590.0,Put,159.6,162.9,216.6,2.0,2.0,0.03591331581252738,2669.159912109375,0.23005902978931697,0.0
^RUT,2026-09-18,2600.0,Call,0.0,0.0,298.71,14.0,627.0,0.03591331581252738,2669.159912109375,0.23005902978931697,0.0
^RUT,2026-09-18,2600.0,Put,0.0,0.0,121.01,1.0,713.0,0.03591331581252738,2669.159912109375,0.23005902978931697,0.0
^RUT,2026-09-18,2610.0,Call,0.0,0.0,219.89,4.0,12.0,0.03591331581252738,2669.159912109375,0.23005902978931697,0.0
^RUT,2026-09-18,2610.0,Put,0.0,0.0,162.99,,1.0,0.03591331581252738,2669.159912109375,0.23005902978931697,0.0
^RUT,2026-09-18,2620.0,Call,0.0,0.0,214.05,2.0,6.0,0.03591331581252738,2669.159912109375,0.23005902978931697,0.0
^RUT,2026-09-18,2630.0,Call,0.0,0.0,209.08,2.0,7.0,0.03591331581252738,2669.159912109375,0.23005902978931697,0.0
^RUT,2026-09-18,2630.0,Put,0.0,0.0,210.03,3.0,3.0,0.03591331581252738,2669.159912109375,0.23005902978931697,0.0
^RUT,2026-09-18,2640.0,Call,0.0,0.0,203.08,4.0,19.0,0.03591331581252738,2669.159912109375,0.23005902978931697,0.0
^RUT,2026-09-18,2650.0,Call,0.0,0.0,254.68,10.0,144.0,0.03591331581252738,2669.159912109375,0.23005902978931697,0.0
^RUT,2026-09-18,2650.0,Put,186.7,190.2,282.9,70.0,71.0,0.03591331581252738,2669.159912109375,0.23005902978931697,0.0
^RUT,2026-09-18,2660.0,Call,0.0,0.0,161.37,1.0,21.0,0.03591331581252738,2669.159912109375,0.23005902978931697,0.0
^RUT,2026-09-18,2670.0,Call,0.0,0.0,162.83,1.0,8.0,0.03591331581252738,2669.159912109375,0.23005902978931697,0.0
^RUT,2026-09-18,2670.0,Put,297.2,309.2,306.05,,1.0,0.03591331581252738,2669.159912109375,0.23005902978931697,0.0
^RUT,2026-09-18,2680.0,Call,0.0,0.0,165.09,4.0,7.0,0.03591331581252738,2669.159912109375,0.23005902978931697,0.0
^RUT,2026-09-18,2680.0,Put,0.0,0.0,160.75,,1.0,0.03591331581252738,2669.159912109375,0.23005902978931697,0.0
^RUT,2026-09-18,2690.0,Call,0.0,0.0,178.27,2.0,2.0,0.03591331581252738,2669.159912109375,0.23005902978931697,0.0
^RUT,2026-09-18,2690.0,Put,0.0,0.0,164.82,,1.0,0.03591331581252738,2669.159912109375,0.23005902978931697,0.0
^RUT,2026-09-18,2700.0,Call,0.0,0.0,228.4,2.0,495.0,0.03591331581252738,2669.159912109375,0.23005902978931697,0.0
^RUT,2026-09-18,2700.0,Put,0.0,0.0,156.13,4.0,1045.0,0.03591331581252738,2669.159912109375,0.23005902978931697,0.0
^RUT,2026-09-18,2710.0,Call,0.0,0.0,168.08,6.0,3.0,0.03591331581252738,2669.159912109375,0.23005902978931697,0.0
^RUT,2026-09-18,2710.0,Put,0.0,0.0,195.95,,6.0,0.03591331581252738,2669.159912109375,0.23005902978931697,0.0
^RUT,2026-09-18,2720.0,Call,0.0,0.0,183.35,80.0,506.0,0.03591331581252738,2669.159912109375,0.23005902978931697,0.0
^RUT,2026-09-18,2720.0,Put,0.0,0.0,183.21,155.0,328.0,0.03591331581252738,2669.159912109375,0.23005902978931697,0.0
^RUT,2026-09-18,2730.0,Call,0.0,0.0,165.17,,13.0,0.03591331581252738,2669.159912109375,0.23005902978931697,0.0
^RUT,2026-09-18,2730.0,Put,0.0,0.0,206.96,,4.0,0.03591331581252738,2669.159912109375,0.23005902978931697,0.0
^RUT,2026-09-18,2740.0,Call,0.0,0.0,186.0,16.0,449.0,0.03591331581252738,2669.159912109375,0.23005902978931697,0.0
^RUT,2026-09-18,2740.0,Put,0.0,0.0,211.96,,2.0,0.03591331581252738,2669.159912109375,0.23005902978931697,0.0
^RUT,2026-09-18,2750.0,Call,0.0,0.0,168.63,2.0,16.0,0.03591331581252738,2669.159912109375,0.23005902978931697,0.0
^RUT,2026-09-18,2750.0,Put,0.0,0.0,195.09,2.0,1.0,0.03591331581252738,2669.159912109375,0.23005902978931697,0.0
^RUT,2026-09-18,2760.0,Call,0.0,0.0,166.92,3.0,0.0,0.03591331581252738,2669.159912109375,0.23005902978931697,0.0
^RUT,2026-09-18,2770.0,Call,0.0,0.0,170.47,6.0,3.0,0.03591331581252738,2669.159912109375,0.23005902978931697,0.0
^RUT,2026-09-18,2780.0,Call,0.0,0.0,150.65,3.0,6.0,0.03591331581252738,2669.159912109375,0.23005902978931697,0.0
^RUT,2026-09-18,2790.0,Call,0.0,0.0,146.15,6.0,13.0,0.03591331581252738,2669.159912109375,0.23005902978931697,0.0
^RUT,2026-09-18,2800.0,Call,0.0,0.0,146.63,6.0,1286.0,0.03591331581252738,2669.159912109375,0.23005902978931697,0.0
^RUT,2026-09-18,2800.0,Put,0.0,0.0,199.82,1.0,4.0,0.03591331581252738,2669.159912109375,0.23005902978931697,0.0
^RUT,2026-09-18,2810.0,Call,0.0,0.0,146.2,6.0,3.0,0.03591331581252738,2669.159912109375,0.23005902978931697,0.0
^RUT,2026-09-18,2810.0,Put,0.0,0.0,265.93,,4.0,0.03591331581252738,2669.159912109375,0.23005902978931697,0.0
^RUT,2026-09-18,2820.0,Call,0.0,0.0,145.08,6.0,9.0,0.03591331581252738,2669.159912109375,0.23005902978931697,0.0
^RUT,2026-09-18,2830.0,Call,0.0,0.0,147.78,3.0,27.0,0.03591331581252738,2669.159912109375,0.23005902978931697,0.0
^RUT,2026-09-18,2830.0,Put,0.0,0.0,278.41,,1.0,0.03591331581252738,2669.159912109375,0.23005902978931697,0.0
^RUT,2026-09-18,2840.0,Call,0.0,0.0,112.58,,2.0,0.03591331581252738,2669.159912109375,0.23005902978931697,0.0
^RUT,2026-09-18,2850.0,Call,0.0,0.0,125.32,3.0,9.0,0.03591331581252738,2669.159912109375,0.23005902978931697,0.0
^RUT,2026-09-18,2860.0,Call,0.0,0.0,104.67,4.0,4.0,0.03591331581252738,2669.159912109375,0.23005902978931697,0.0
^RUT,2026-09-18,2870.0,Call,0.0,0.0,101.12,,1.0,0.03591331581252738,2669.159912109375,0.23005902978931697,0.0
^RUT,2026-09-18,2880.0,Call,0.0,0.0,142.85,1.0,3.0,0.03591331581252738,2669.159912109375,0.23005902978931697,0.0
^RUT,2026-09-18,2890.0,Call,0.0,0.0,97.97,2.0,10.0,0.03591331581252738,2669.159912109375,0.23005902978931697,0.0
^RUT,2026-09-18,2900.0,Call,0.0,0.0,135.95,15.0,248.0,0.03591331581252738,2669.159912109375,0.23005902978931697,0.0
^RUT,2026-09-18,2950.0,Call,0.0,0.0,109.12,10.0,79.0,0.03591331581252738,2669.159912109375,0.23005902978931697,0.0
^RUT,2026-09-18,3000.0,Call,0.0,0.0,94.84,3.0,146.0,0.03591331581252738,2669.159912109375,0.23005902978931697,0.0
^RUT,2026-09-18,3050.0,Call,0.0,0.0,79.98,50.0,63.0,0.03591331581252738,2669.159912109375,0.23005902978931697,0.0
^RUT,2026-09-18,3100.0,Call,0.0,0.0,52.84,2.0,15.0,0.03591331581252738,2669.159912109375,0.23005902978931697,0.0
^RUT,2026-09-18,3150.0,Call,0.0,0.0,47.83,3.0,6.0,0.03591331581252738,2669.159912109375,0.23005902978931697,0.0
^RUT,2026-09-18,3200.0,Call,0.0,0.0,33.65,10.0,713.0,0.03591331581252738,2669.159912109375,0.23005902978931697,0.0
^RUT,2026-09-18,3250.0,Call,0.0,0.0,27.29,6.0,10.0,0.03591331581252738,2669.159912109375,0.23005902978931697,0.0
^RUT,2026-09-18,3300.0,Call,0.0,0.0,25.4,2.0,6.0,0.03591331581252738,2669.159912109375,0.23005902978931697,0.0
^RUT,2026-09-18,3350.0,Call,0.0,0.0,20.5,59.0,89.0,0.03591331581252738,2669.159912109375,0.23005902978931697,0.0
^RUT,2026-09-18,3400.0,Call,0.0,0.0,19.33,1.0,87.0,0.03591331581252738,2669.159912109375,0.23005902978931697,0.0
^RUT,2026-09-18,3450.0,Call,0.0,0.0,13.3,10.0,17.0,0.03591331581252738,2669.159912109375,0.23005902978931697,0.0
^RUT,2026-09-18,3500.0,Call,0.0,0.0,11.04,1.0,15.0,0.03591331581252738,2669.159912109375,0.23005902978931697,0.0
^RUT,2026-09-18,3550.0,Call,0.0,0.0,10.83,4.0,27.0,0.03591331581252738,2669.159912109375,0.23005902978931697,0.0
^RUT,2026-09-18,3600.0,Call,0.0,0.0,9.9,47.0,200.0,0.03591331581252738,2669.159912109375,0.23005902978931697,0.0
^RUT,2026-09-30,1250.0,Put,0.0,0.0,7.1,2.0,18.0,0.03584761279018835,2669.159912109375,0.23005902978931697,0.0
^RUT,2026-09-30,1400.0,Put,0.0,0.0,9.0,1.0,1.0,0.03584761279018835,2669.159912109375,0.23005902978931697,0.0
^RUT,2026-09-30,1450.0,Put,13.4,16.0,18.3,18.0,18.0,0.03584761279018835,2669.159912109375,0.23005902978931697,0.0
^RUT,2026-09-30,1500.0,Put,0.0,0.0,12.65,1.0,2.0,0.03584761279018835,2669.159912109375,0.23005902978931697,0.0
^RUT,2026-09-30,1550.0,Put,0.0,0.0,15.18,8.0,7.0,0.03584761279018835,2669.159912109375,0.23005902978931697,0.0
^RUT,2026-09-30,1700.0,Put,24.5,27.5,33.52,1.0,0.0,0.03584761279018835,2669.159912109375,0.23005902978931697,0.0
^RUT,2026-09-30,1800.0,Put,0.0,0.0,23.13,,2.0,0.03584761279018835,2669.159912109375,0.23005902978931697,0.0
^RUT,2026-09-30,1850.0,Put,37.5,46.0,38.6,32.0,32.0,0.03584761279018835,2669.159912109375,0.23005902978931697,0.0
^RUT,2026-09-30,1900.0,Put,0.0,0.0,30.46,2.0,52.0,0.03584761279018835,2669.159912109375,0.23005902978931697,0.0
^RUT,2026-09-30,1950.0,Put,28.8,31.4,53.9,,22.0,0.03584761279018835,2669.159912109375,0.23005902978931697,0.0
^RUT,2026-09-30,1970.0,Put,29.4,33.2,56.7,,1.0,0.03584761279018835,2669.159912109375,0.23005902978931697,0.0
^RUT,2026-09-30,2000.0,Put,0.0,0.0,30.3,1.0,4.0,0.03584761279018835,2669.159912109375,0.23005902978931697,0.0
^RUT,2026-09-30,2130.0,Put,47.2,49.4,82.1,,1.0,0.03584761279018835,2669.159912109375,0.23005902978931697,0.0
^RUT,2026-09-30,2140.0,Put,48.5,50.8,80.2,,7.0,0.03584761279018835,2669.159912109375,0.23005902978931697,0.0
^RUT,2026-09-30,2150.0,Put,0.0,0.0,54.7,200.0,489.0,0.03584761279018835,2669.159912109375,0.23005902978931697,0.0
^RUT,2026-09-30,2170.0,Put,94.8,98.6,97.1,,1.0,0.03584761279018835,2669.159912109375,0.23005902978931697,0.0
^RUT,2026-09-30,2200.0,Put,89.4,93.6,98.9,1.0,1.0,0.03584761279018835,2669.159912109375,0.23005902978931697,0.0
^RUT,2026-09-30,2210.0,Put,91.8,96.0,97.9,,1.0,0.03584761279018835,2669.159912109375,0.23005902978931697,0.0
^RUT,2026-09-30,2220.0,Put,60.6,62.7,100.0,1.0,1.0,0.03584761279018835,2669.159912109375,0.23005902978931697,0.0
^RUT,2026-09-30,2250.0,Put,115.2,120.0,103.8,1.0,0.0,0.03584761279018835,2669.159912109375,0.23005902978931697,0.0
^RUT,2026-09-30,2270.0,Put,0.0,0.0,60.55,,2.0,0.03584761279018835,2669.159912109375,0.23005902978931697,0.0
^RUT,2026-09-30,2280.0,Put,0.0,0.0,62.2,3.0,12.0,0.03584761279018835,2669.159912109375,0.23005902978931697,0.0
^RUT,2026-09-30,2290.0,Put,0.0,0.0,96.8,,13.0,0.03584761279018835,2669.159912109375,0.23005902978931697,0.0
^RUT,2026-09-30,2300.0,Put,0.0,0.0,65.7,,1.0,0.03584761279018835,2669.159912109375,0.23005902978931697,0.0
^RUT,2026-09-30,2310.0,Put,0.0,0.0,97.59,,20.0,0.03584761279018835,2669.159912109375,0.23005902978931697,0.0
^RUT,2026-09-30,2320.0,Call,0.0,0.0,356.0,6.0,17.0,0.03584761279018835,2669.159912109375,0.23005902978931697,0.0
^RUT,2026-09-30,2320.0,Put,79.7,82.0,106.5,,3.0,0.03584761279018835,2669.159912109375,0.23005902978931697,0.0
^RUT,2026-09-30,2330.0,Put,82.0,84.3,109.2,,1.0,0.03584761279018835,2669.159912109375,0.23005902978931697,0.0
^RUT,2026-09-30,2340.0,Put,84.1,86.4,112.8,,8.0,0.03584761279018835,2669.159912109375,0.23005902978931697,0.0
^RUT,2026-09-30,2350.0,Call,0.0,0.0,399.0,5.0,5.0,0.03584761279018835,2669.159912109375,0.23005902978931697,0.0
^RUT,2026-09-30,2350.0,Put,86.6,88.9,110.5,,29.0,0.03584761279018835,2669.159912109375,0.23005902978931697,0.0
^RUT,2026-09-30,2360.0,Call,0.0,0.0,334.7,,1.0,0.03584761279018835,2669.159912109375,0.23005902978931697,0.0
^RUT,2026-09-30,2380.0,Call,265.0,289.0,293.0,1.0,1.0,0.03584761279018835,2669.159912109375,0.23005902978931697,0.0
^RUT,2026-09-30,2400.0,Call,320.9,327.8,285.9,3.0,3.0,0.03584761279018835,2669.159912109375,0.23005902978931697,0.0
^RUT,2026-09-30,2400.0,Put,165.9,171.8,150.8,,3.0,0.03584761279018835,2669.159912109375,0.23005902978931697,0.0
^RUT,2026-09-30,2410.0,Call,312.9,320.0,275.6,,1.0,0.03584761279018835,2669.159912109375,0.23005902978931697,0.0
^RUT,2026-09-30,2410.0,Put,169.9,175.9,154.2,,11.0,0.03584761279018835,2669.159912109375,0.23005902978931697,0.0
^RUT,2026-09-30,2420.0,Call,306.3,313.2,216.76,1.0,1.0,0.03584761279018835,2669.159912109375,0.23005902978931697,0.0
^RUT,2026-09-30,2430.0,Call,210.0,225.6,284.43,,4.0,0.03584761279018835,2669.159912109375,0.23005902978931697,0.0
^RUT,2026-09-30,2440.0,Call,0.0,0.0,313.91,2.0,2.0,0.03584761279018835,2669.159912109375,0.23005902978931697,0.0
^RUT,2026-09-30,2450.0,Call,205.4,214.8,272.71,,2.0,0.03584761279018835,2669.159912109375,0.23005902978931697,0.0
^RUT,2026-09-30,2450.0,Put,0.0,0.0,101.16,,1.0,0.03584761279018835,2669.159912109375,0.23005902978931697,0.0
^RUT,2026-09-30,2460.0,Call,279.7,286.3,237.06,,2.0,0.03584761279018835,2669.159912109375,0.23005902978931697,0.0
^RUT,2026-09-30,2480.0,Call,266.6,272.9,238.0,1.0,2.0,0.03584761279018835,2669.159912109375,0.23005902978931697,0.0
^RUT,2026-09-30,2500.0,Call,0.0,0.0,295.21,,29.0,0.03584761279018835,2669.159912109375,0.23005902978931697,0.0
^RUT,2026-09-30,2510.0,Call,0.0,0.0,210.9,,2.0,0.03584761279018835,2669.159912109375,0.23005902978931697,0.0
^RUT,2026-09-30,2520.0,Call,0.0,0.0,306.94,2.0,1.0,0.03584761279018835,2669.159912109375,0.23005902978931697,0.0
^RUT,2026-09-30,2530.0,Call,0.0,0.0,299.65,14.0,12.0,0.03584761279018835,2669.159912109375,0.23005902978931697,0.0
^RUT,2026-09-30,2540.0,Call,0.0,0.0,211.2,3.0,5.0,0.03584761279018835,2669.159912109375,0.23005902978931697,0.0
^RUT,2026-09-30,2560.0,Call,180.9,187.8,219.17,10.0,5.0,0.03584761279018835,2669.159912109375,0.23005902978931697,0.0
^RUT,2026-09-30,2560.0,Put,152.0,155.1,195.68,,1.0,0.03584761279018835,2669.159912109375,0.23005902978931697,0.0
^RUT,2026-09-30,2570.0,Call,0.0,0.0,189.11,2.0,5.0,0.03584761279018835,2669.159912109375,0.23005902978931697,0.0
^RUT,2026-09-30,2580.0,Call,207.1,212.3,173.5,11.0,11.0,0.03584761279018835,2669.159912109375,0.23005902978931697,0.0
^RUT,2026-09-30,2590.0,Call,201.7,206.8,166.8,4.0,3.0,0.03584761279018835,2669.159912109375,0.23005902978931697,0.0
^RUT,2026-09-30,2600.0,Call,0.0,0.0,204.62,1.0,2.0,0.03584761279018835,2669.159912109375,0.23005902978931697,0.0
^RUT,2026-09-30,2600.0,Put,0.0,0.0,136.65,1.0,1.0,0.03584761279018835,2669.159912109375,0.23005902978931697,0.0
^RUT,2026-09-30,2610.0,Call,0.0,0.0,230.5,5.0,6.0,0.03584761279018835,2669.159912109375,0.23005902978931697,0.0
^RUT,2026-09-30,2610.0,Put,0.0,0.0,166.67,2.0,5.0,0.03584761279018835,2669.159912109375,0.23005902978931697,0.0
^RUT,2026-09-30,2620.0,Call,154.3,160.3,189.92,2.0,1.0,0.03584761279018835,2669.159912109375,0.23005902978931697,0.0
^RUT,2026-09-30,2650.0,Put,0.0,0.0,170.52,,2.0,0.03584761279018835,2669.159912109375,0.23005902978931697,0.0
^RUT,2026-09-30,2700.0,Call,0.0,0.0,205.74,1.0,4.0,0.03584761279018835,2669.159912109375,0.23005902978931697,0.0
^RUT,2026-09-30,2710.0,Call,142.8,146.8,121.3,13.0,13.0,0.03584761279018835,2669.159912109375,0.23005902978931697,0.0
^RUT,2026-09-30,2720.0,Call,138.7,142.6,127.4,,10.0,0.03584761279018835,2669.159912109375,0.23005902978931697,0.0
^RUT,2026-09-30,2730.0,Call,134.5,138.6,123.54,,1.0,0.03584761279018835,2669.159912109375,0.23005902978931697,0.0
^RUT,2026-09-30,2750.0,Call,0.0,0.0,154.97,30.0,29.0,0.03584761279018835,2669.159912109375,0.23005902978931697,0.0
^RUT,2026-09-30,2760.0,Call,123.0,126.7,112.93,2.0,15.0,0.03584761279018835,2669.159912109375,0.23005902978931697,0.0
^RUT,2026-09-30,2780.0,Call,96.4,101.6,125.24,24.0,12.0,0.03584761279018835,2669.159912109375,0.23005902978931697,0.0
^RUT,2026-09-30,2780.0,Put,0.0,0.0,251.86,2.0,2.0,0.03584761279018835,2669.159912109375,0.23005902978931697,0.0
^RUT,2026-09-30,2800.0,Call,0.0,0.0,156.09,1.0,6.0,0.03584761279018835,2669.159912109375,0.23005902978931697,0.0
^RUT,2026-09-30,2810.0,Call,87.8,92.8,115.56,4.0,2.0,0.03584761279018835,2669.159912109375,0.23005902978931697,0.0
^RUT,2026-09-30,2820.0,Call,77.0,86.9,101.9,1.0,0.0,0.03584761279018835,2669.159912109375,0.23005902978931697,0.0
^RUT,2026-09-30,2830.0,Call,82.3,87.4,96.9,,1.0,0.03584761279018835,2669.159912109375,0.23005902978931697,0.0
^RUT,2026-09-30,2830.0,Put,0.0,0.0,340.76,,1.0,0.03584761279018835,2669.159912109375,0.23005902978931697,0.0
^RUT,2026-09-30,2840.0,Put,0.0,0.0,347.57,,1.0,0.03584761279018835,2669.159912109375,0.23005902978931697,0.0
^RUT,2026-09-30,2850.0,Call,0.0,0.0,84.49,,2.0,0.03584761279018835,2669.159912109375,0.23005902978931697,0.0
^RUT,2026-09-30,2850.0,Put,0.0,0.0,274.65,,1.0,0.03584761279018835,2669.159912109375,0.23005902978931697,0.0
^RUT,2026-09-30,2860.0,Call,0.0,0.0,78.52,,3.0,0.03584761279018835,2669.159912109375,0.23005902978931697,0.0
^RUT,2026-09-30,2900.0,Call,0.0,0.0,137.29,1.0,2.0,0.03584761279018835,2669.159912109375,0.23005902978931697,0.0
^RUT,2026-09-30,2950.0,Call,0.0,0.0,77.9,4.0,3.0,0.03584761279018835,2669.159912109375,0.23005902978931697,0.0
^RUT,2026-09-30,3000.0,Call,47.4,51.4,67.32,18.0,9.0,0.03584761279018835,2669.159912109375,0.23005902978931697,0.0
^RUT,2026-09-30,3150.0,Call,0.0,0.0,29.18,2.0,2.0,0.03584761279018835,2669.159912109375,0.23005902978931697,0.0
^RUT,2026-09-30,3200.0,Call,24.6,28.0,38.59,2.0,1.0,0.03584761279018835,2669.159912109375,0.23005902978931697,0.0
^RUT,2026-09-30,3300.0,Call,0.0,0.0,25.54,1.0,1.0,0.03584761279018835,2669.159912109375,0.23005902978931697,0.0
^RUT,2026-09-30,3350.0,Call,0.0,0.0,20.0,1.0,1.0,0.03584761279018835,2669.159912109375,0.23005902978931697,0.0
^RUT,2026-09-30,3550.0,Call,0.0,0.0,10.55,1.0,2.0,0.03584761279018835,2669.159912109375,0.23005902978931697,0.0
^RUT,2026-09-30,3600.0,Call,0.0,0.0,9.15,1.0,22.0,0.03584761279018835,2669.159912109375,0.23005902978931697,0.0
^RUT,2026-12-18,950.0,Call,0.0,0.0,1622.96,20.0,150.0,0.035415067893123084,2669.159912109375,0.23005902978931697,0.0
^RUT,2026-12-18,950.0,Put,0.0,0.0,3.07,2.0,1428.0,0.035415067893123084,2669.159912109375,0.23005902978931697,0.0
^RUT,2026-12-18,1000.0,Call,0.0,0.0,1643.0,5.0,31.0,0.035415067893123084,2669.159912109375,0.23005902978931697,0.0
^RUT,2026-12-18,1000.0,Put,0.0,0.0,3.78,8.0,363.0,0.035415067893123084,2669.159912109375,0.23005902978931697,0.0
^RUT,2026-12-18,1050.0,Call,0.0,0.0,1527.66,20.0,125.0,0.035415067893123084,2669.159912109375,0.23005902978931697,0.0
^RUT,2026-12-18,1050.0,Put,0.0,0.0,4.39,56.0,110.0,0.035415067893123084,2669.159912109375,0.23005902978931697,0.0
^RUT,2026-12-18,1100.0,Call,0.0,0.0,1040.0,,0.0,0.035415067893123084,2669.159912109375,0.23005902978931697,0.0
^RUT,2026-12-18,1100.0,Put,0.0,0.0,5.3,72.0,239.0,0.035415067893123084,2669.159912109375,0.23005902978931697,0.0
^RUT,2026-12-18,1150.0,Call,0.0,0.0,1377.66,20.0,30.0,0.035415067893123084,2669.159912109375,0.23005902978931697,0.0
^RUT,2026-12-18,1150.0,Put,0.0,0.0,5.49,1.0,56.0,0.035415067893123084,2669.159912109375,0.23005902978931697,0.0
^RUT,2026-12-18,1200.0,Put,0.0,0.0,6.54,4.0,984.0,0.035415067893123084,2669.159912109375,0.23005902978931697,0.0
^RUT,2026-12-18,1250.0,Call,1235.0,1259.0,1040.0,6.0,1.0,0.035415067893123084,2669.159912109375,0.23005902978931697,0.0
^RUT,2026-12-18,1250.0,Put,0.0,0.0,7.46,28.0,441.0,0.035415067893123084,2669.159912109375,0.23005902978931697,0.0
^RUT,2026-12-18,1300.0,Put,0.0,0.0,8.08,2.0,287.0,0.035415067893123084,2669.159912109375,0.23005902978931697,0.0
^RUT,2026-12-18,1350.0,Put,0.0,0.0,9.75,46.0,165.0,0.035415067893123084,2669.159912109375,0.23005902978931697,0.0
^RUT,2026-12-18,1400.0,Call,699.0,723.0,786.65,1.0,0.0,0.035415067893123084,2669.159912109375,0.23005902978931697,0.0
^RUT,2026-12-18,1400.0,Put,0.0,0.0,11.2,1.0,779.0,0.035415067893123084,2669.159912109375,0.23005902978931697,0.0
^RUT,2026-12-18,1450.0,Call,0.0,0.0,904.5,1.0,1.0,0.035415067893123084,2669.159912109375,0.23005902978931697,0.0
^RUT,2026-12-18,1450.0,Put,0.0,0.0,15.57,13.0,597.0,0.035415067893123084,2669.159912109375,0.23005902978931697,0.0
^RUT,2026-12-18,1500.0,Call,0.0,0.0,1081.21,1.0,150.0,0.035415067893123084,2669.159912109375,0.23005902978931697,0.0
^RUT,2026-12-18,1500.0,Put,0.0,0.0,15.27,100.0,872.0,0.035415067893123084,2669.159912109375,0.23005902978931697,0.0
^RUT,2026-12-18,1550.0,Call,983.0,1003.2,978.6,1.0,201.0,0.035415067893123084,2669.159912109375,0.23005902978931697,0.0
^RUT,2026-12-18,1550.0,Put,0.0,0.0,13.95,2.0,958.0,0.035415067893123084,2669.159912109375,0.23005902978931697,0.0
^RUT,2026-12-18,1600.0,Call,663.0,687.0,588.25,1.0,152.0,0.035415067893123084,2669.159912109375,0.23005902978931697,0.0
^RUT,2026-12-18,1600.0,Put,0.0,0.0,15.8,280.0,1491.0,0.035415067893123084,2669.159912109375,0.23005902978931697,0.0
^RUT,2026-12-18,1650.0,Call,0.0,0.0,747.7,3.0,3.0,0.035415067893123084,2669.159912109375,0.23005902978931697,0.0
^RUT,2026-12-18,1650.0,Put,0.0,0.0,18.71,10.0,1343.0,0.035415067893123084,2669.159912109375,0.23005902978931697,0.0
^RUT,2026-12-18,1700.0,Call,807.0,831.0,582.0,3.0,0.0,0.035415067893123084,2669.159912109375,0.23005902978931697,0.0
^RUT,2026-12-18,1700.0,Put,0.0,0.0,19.3,25.0,1612.0,0.035415067893123084,2669.159912109375,0.23005902978931697,0.0
^RUT,2026-12-18,1750.0,Call,630.0,654.0,593.0,,100.0,0.035415067893123084,2669.159912109375,0.23005902978931697,0.0
^RUT,2026-12-18,1750.0,Put,0.0,0.0,21.88,43.0,2804.0,0.035415067893123084,2669.159912109375,0.23005902978931697,0.0
^RUT,2026-12-18,1800.0,Call,466.9,477.6,286.0,,15.0,0.035415067893123084,2669.159912109375,0.23005902978931697,0.0
^RUT,2026-12-18,1800.0,Put,0.0,0.0,23.66,3.0,3553.0,0.035415067893123084,2669.159912109375,0.23005902978931697,0.0
^RUT,2026-12-18,1850.0,Call,679.0,703.0,467.51,2.0,35.0,0.035415067893123084,2669.159912109375,0.23005902978931697,0.0
^RUT,2026-12-18,1850.0,Put,0.0,0.0,40.7,9.0,1359.0,0.035415067893123084,2669.159912109375,0.23005902978931697,0.0
^RUT,2026-12-18,1900.0,Call,638.0,662.0,582.48,12.0,40.0,0.035415067893123084,2669.159912109375,0.23005902978931697,0.0
^RUT,2026-12-18,1900.0,Put,0.0,0.0,35.0,1.0,2771.0,0.035415067893123084,2669.159912109375,0.23005902978931697,0.0
^RUT,2026-12-18,1950.0,Call,310.5,326.2,209.8,8.0,14.0,0.035415067893123084,2669.159912109375,0.23005902978931697,0.0
^RUT,2026-12-18,1950.0,Put,0.0,0.0,38.1,1.0,641.0,0.035415067893123084,2669.159912109375,0.23005902978931697,0.0
^RUT,2026-12-18,2000.0,Call,0.0,0.0,731.63,25.0,2095.0,0.035415067893123084,2669.159912109375,0.23005902978931697,0.0
^RUT,2026-12-18,2000.0,Put,0.0,0.0,45.39,24.0,3316.0,0.035415067893123084,2669.159912109375,0.23005902978931697,0.0
^RUT,2026-12-18,2050.0,Call,555.0,572.0,472.5,3.0,835.0,0.035415067893123084,2669.159912109375,0.23005902978931697,0.0
^RUT,2026-12-18,2050.0,Put,0.0,0.0,50.2,1.0,848.0,0.035415067893123084,2669.159912109375,0.23005902978931697,0.0
^RUT,2026-12-18,2100.0,Call,575.6,586.9,508.0,3.0,2110.0,0.035415067893123084,2669.159912109375,0.23005902978931697,0.0
^RUT,2026-12-18,2100.0,Put,0.0,0.0,56.4,15.0,3871.0,0.035415067893123084,2669.159912109375,0.23005902978931697,0.0
^RUT,2026-12-18,2150.0,Call,535.0,546.3,469.8,3.0,9.0,0.035415067893123084,2669.159912109375,0.23005902978931697,0.0
^RUT,2026-12-18,2150.0,Put,0.0,0.0,57.6,40.0,1017.0,0.035415067893123084,2669.159912109375,0.23005902978931697,0.0
^RUT,2026-12-18,2200.0,Call,0.0,0.0,549.0,21.0,1077.0,0.035415067893123084,2669.159912109375,0.23005902978931697,0.0
^RUT,2026-12-18,2200.0,Put,0.0,0.0,69.49,50.0,1116.0,0.035415067893123084,2669.159912109375,0.23005902978931697,0.0
^RUT,2026-12-18,2250.0,Call,0.0,0.0,531.0,2.0,329.0,0.035415067893123084,2669.159912109375,0.23005902978931697,0.0
^RUT,2026-12-18,2250.0,Put,0.0,0.0,71.01,1.0,809.0,0.035415067893123084,2669.159912109375,0.23005902978931697,0.0
^RUT,2026-12-18,2300.0,Call,0.0,0.0,476.07,2.0,1669.0,0.035415067893123084,2669.159912109375,0.23005902978931697,0.0
^RUT,2026-12-18,2300.0,Put,0.0,0.0,80.8,169.0,979.0,0.035415067893123084,2669.159912109375,0.23005902978931697,0.0
^RUT,2026-12-18,2350.0,Call,0.0,0.0,386.43,6.0,238.0,0.035415067893123084,2669.159912109375,0.23005902978931697,0.0
^RUT,2026-12-18,2350.0,Put,0.0,0.0,91.43,3.0,418.0,0.035415067893123084,2669.159912109375,0.23005902978931697,0.0
^RUT,2026-12-18,2400.0,Call,0.0,0.0,423.83,12.0,461.0,0.035415067893123084,2669.159912109375,0.23005902978931697,0.0
^RUT,2026-12-18,2400.0,Put,0.0,0.0,103.82,153.0,1561.0,0.035415067893123084,2669.159912109375,0.23005902978931697,0.0
^RUT,2026-12-18,2450.0,Call,0.0,0.0,390.12,2.0,473.0,0.035415067893123084,2669.159912109375,0.23005902978931697,0.0
^RUT,2026-12-18,2450.0,Put,0.0,0.0,115.88,35.0,850.0,0.035415067893123084,2669.159912109375,0.23005902978931697,0.0
^RUT,2026-12-18,2500.0,Call,0.0,0.0,374.03,4.0,772.0,0.035415067893123084,2669.159912109375,0.23005902978931697,0.0
^RUT,2026-12-18,2500.0,Put,0.0,0.0,130.08,6.0,849.0,0.035415067893123084,2669.159912109375,0.23005902978931697,0.0
^RUT,2026-12-18,2550.0,Call,0.0,0.0,248.8,11.0,556.0,0.035415067893123084,2669.159912109375,0.23005902978931697,0.0
^RUT,2026-12-18,2550.0,Put,0.0,0.0,142.77,2.0,582.0,0.035415067893123084,2669.159912109375,0.23005902978931697,0.0
^RUT,2026-12-18,2600.0,Call,0.0,0.0,308.7,1.0,1343.0,0.035415067893123084,2669.159912109375,0.23005902978931697,0.0
^RUT,2026-12-18,2600.0,Put,0.0,0.0,156.56,10.0,748.0,0.035415067893123084,2669.159912109375,0.23005902978931697,0.0
^RUT,2026-12-18,2650.0,Call,0.0,0.0,277.79,8.0,1595.0,0.035415067893123084,2669.159912109375,0.23005902978931697,0.0
^RUT,2026-12-18,2650.0,Put,0.0,0.0,189.5,5.0,725.0,0.035415067893123084,2669.159912109375,0.23005902978931697,0.0
^RUT,2026-12-18,2700.0,Call,0.0,0.0,234.78,12.0,602.0,0.035415067893123084,2669.159912109375,0.23005902978931697,0.0
^RUT,2026-12-18,2700.0,Put,0.0,0.0,203.74,2.0,603.0,0.035415067893123084,2669.159912109375,0.23005902978931697,0.0
^RUT,2026-12-18,2750.0,Call,0.0,0.0,210.08,3.0,100.0,0.035415067893123084,2669.159912109375,0.23005902978931697,0.0
^RUT,2026-12-18,2750.0,Put,0.0,0.0,220.3,1.0,51.0,0.035415067893123084,2669.159912109375,0.23005902978931697,0.0
^RUT,2026-12-18,2800.0,Call,0.0,0.0,187.06,11.0,1281.0,0.035415067893123084,2669.159912109375,0.23005902978931697,0.0
^RUT,2026-12-18,2800.0,Put,0.0,0.0,228.08,2.0,154.0,0.035415067893123084,2669.159912109375,0.23005902978931697,0.0
^RUT,2026-12-18,2850.0,Call,0.0,0.0,157.66,2.0,100.0,0.035415067893123084,2669.159912109375,0.23005902978931697,0.0
^RUT,2026-12-18,2850.0,Put,0.0,0.0,253.4,6.0,14.0,0.035415067893123084,2669.159912109375,0.23005902978931697,0.0
^RUT,2026-12-18,2900.0,Call,0.0,0.0,177.72,2.0,632.0,0.035415067893123084,2669.159912109375,0.23005902978931697,0.0
^RUT,2026-12-18,2900.0,Put,0.0,0.0,299.01,58.0,63.0,0.035415067893123084,2669.159912109375,0.23005902978931697,0.0
^RUT,2026-12-18,2950.0,Call,0.0,0.0,122.0,7.0,110.0,0.035415067893123084,2669.159912109375,0.23005902978931697,0.0
^RUT,2026-12-18,2950.0,Put,0.0,0.0,321.43,6.0,9.0,0.035415067893123084,2669.159912109375,0.23005902978931697,0.0
^RUT,2026-12-18,3000.0,Call,0.0,0.0,136.3,73.0,1768.0,0.035415067893123084,2669.159912109375,0.23005902978931697,0.0
^RUT,2026-12-18,3000.0,Put,0.0,0.0,366.94,2.0,52.0,0.035415067893123084,2669.159912109375,0.23005902978931697,0.0
^RUT,2026-12-18,3050.0,Call,0.0,0.0,96.5,138.0,398.0,0.035415067893123084,2669.159912109375,0.23005902978931697,0.0
^RUT,2026-12-18,3050.0,Put,0.0,0.0,421.67,,4.0,0.035415067893123084,2669.159912109375,0.23005902978931697,0.0
^RUT,2026-12-18,3100.0,Call,0.0,0.0,93.01,4.0,547.0,0.035415067893123084,2669.159912109375,0.23005902978931697,0.0
^RUT,2026-12-18,3100.0,Put,923.0,947.0,1156.0,,1.0,0.035415067893123084,2669.159912109375,0.23005902978931697,0.0
^RUT,2026-12-18,3150.0,Call,0.0,0.0,81.3,79.0,635.0,0.035415067893123084,2669.159912109375,0.23005902978931697,0.0
^RUT,2026-12-18,3150.0,Put,0.0,0.0,556.7,5.0,25.0,0.035415067893123084,2669.159912109375,0.23005902978931697,0.0
^RUT,2026-12-18,3200.0,Call,0.0,0.0,62.14,42.0,821.0,0.035415067893123084,2669.159912109375,0.23005902978931697,0.0
^RUT,2026-12-18,3250.0,Call,0.0,0.0,56.13,5.0,153.0,0.035415067893123084,2669.159912109375,0.23005902978931697,0.0
^RUT,2026-12-18,3250.0,Put,749.0,766.7,723.44,5.0,25.0,0.035415067893123084,2669.159912109375,0.23005902978931697,0.0
^RUT,2026-12-18,3300.0,Call,0.0,0.0,52.01,4.0,427.0,0.035415067893123084,2669.159912109375,0.23005902978931697,0.0
^RUT,2026-12-18,3300.0,Put,1105.0,1129.0,1340.1,,1.0,0.035415067893123084,2669.159912109375,0.23005902978931697,0.0
^RUT,2026-12-18,3350.0,Call,0.0,0.0,50.86,3.0,117.0,0.035415067893123084,2669.159912109375,0.23005902978931697,0.0
^RUT,2026-12-18,3350.0,Put,0.0,0.0,623.11,2.0,4.0,0.035415067893123084,2669.159912109375,0.23005902978931697,0.0
^RUT,2026-12-18,3400.0,Call,0.0,0.0,34.75,1.0,230.0,0.035415067893123084,2669.159912109375,0.23005902978931697,0.0
^RUT,2026-12-18,3400.0,Put,0.0,0.0,665.76,2.0,4.0,0.035415067893123084,2669.159912109375,0.23005902978931697,0.0
^RUT,2026-12-18,3450.0,Call,0.0,0.0,18.3,10.0,19.0,0.035415067893123084,2669.159912109375,0.23005902978931697,0.0
^RUT,2026-12-18,3500.0,Call,0.0,0.0,26.5,1.0,708.0,0.035415067893123084,2669.159912109375,0.23005902978931697,0.0
^RUT,2026-12-18,3500.0,Put,940.0,964.0,1002.12,10.0,21.0,0.035415067893123084,2669.159912109375,0.23005902978931697,0.0
^RUT,2026-12-18,3550.0,Call,0.0,0.0,12.21,6.0,79.0,0.035415067893123084,2669.159912109375,0.23005902978931697,0.0
^RUT,2026-12-18,3550.0,Put,0.0,0.0,757.38,4.0,174.0,0.035415067893123084,2669.159912109375,0.23005902978931697,0.0
^RUT,2026-12-18,3600.0,Call,0.0,0.0,19.09,5.0,1848.0,0.035415067893123084,2669.159912109375,0.23005902978931697,0.0
^RUT,2026-12-18,3600.0,Put,0.0,0.0,802.05,4.0,183.0,0.035415067893123084,2669.159912109375,0.23005902978931697,0.0
^RUT,2026-12-31,1250.0,Put,0.0,0.0,9.08,,1.0,0.03534388961892247,2669.159912109375,0.23005902978931697,0.0
^RUT,2026-12-31,1300.0,Put,0.0,0.0,10.25,,1.0,0.03534388961892247,2669.159912109375,0.23005902978931697,0.0
^RUT,2026-12-31,1350.0,Call,0.0,0.0,1274.22,,1.0,0.03534388961892247,2669.159912109375,0.23005902978931697,0.0
^RUT,2026-12-31,1350.0,Put,0.0,0.0,11.89,,1.0,0.03534388961892247,2669.159912109375,0.23005902978931697,0.0
^RUT,2026-12-31,1450.0,Call,0.0,0.0,1178.64,1.0,3.0,0.03534388961892247,2669.159912109375,0.23005902978931697,0.0
^RUT,2026-12-31,1450.0,Put,0.0,0.0,14.7,1.0,3.0,0.03534388961892247,2669.159912109375,0.23005902978931697,0.0
^RUT,2026-12-31,1800.0,Put,0.0,0.0,31.7,,1.0,0.03534388961892247,2669.159912109375,0.23005902978931697,0.0
^RUT,2026-12-31,1900.0,Put,0.0,0.0,33.45,1.0,0.0,0.03534388961892247,2669.159912109375,0.23005902978931697,0.0
^RUT,2026-12-31,2000.0,Put,0.0,0.0,43.34,2.0,2.0,0.03534388961892247,2669.159912109375,0.23005902978931697,0.0
^RUT,2026-12-31,2040.0,Put,0.0,0.0,47.5,,0.0,0.03534388961892247,2669.159912109375,0.23005902978931697,0.0
^RUT,2026-12-31,2060.0,Put,0.0,0.0,55.7,,3.0,0.03534388961892247,2669.159912109375,0.23005902978931697,0.0
^RUT,2026-12-31,2100.0,Put,0.0,0.0,54.58,1.0,1.0,0.03534388961892247,2669.159912109375,0.23005902978931697,0.0
^RUT,2026-12-31,2130.0,Put,0.0,0.0,59.35,,1.0,0.03534388961892247,2669.159912109375,0.23005902978931697,0.0
^RUT,2026-12-31,2140.0,Put,0.0,0.0,60.27,,1.0,0.03534388961892247,2669.159912109375,0.23005902978931697,0.0
^RUT,2026-12-31,2150.0,Put,0.0,0.0,54.61,3.0,8.0,0.03534388961892247,2669.159912109375,0.23005902978931697,0.0
^RUT,2026-12-31,2190.0,Put,0.0,0.0,69.6,,6.0,0.03534388961892247,2669.159912109375,0.23005902978931697,0.0
^RUT,2026-12-31,2200.0,Put,0.0,0.0,59.42,,30.0,0.03534388961892247,2669.159912109375,0.23005902978931697,0.0
^RUT,2026-12-31,2250.0,Put,0.0,0.0,74.8,3.0,23.0,0.03534388961892247,2669.159912109375,0.23005902978931697,0.0
^RUT,2026-12-31,2370.0,Put,0.0,0.0,102.45,,2.0,0.03534388961892247,2669.159912109375,0.23005902978931697,0.0
^RUT,2026-12-31,2380.0,Put,0.0,0.0,111.83,,1.0,0.03534388961892247,2669.159912109375,0.23005902978931697,0.0
^RUT,2026-12-31,2390.0,Put,0.0,0.0,102.8,200.0,200.0,0.03534388961892247,2669.159912109375,0.23005902978931697,0.0
^RUT,2026-12-31,2400.0,Call,0.0,0.0,382.53,,1.0,0.03534388961892247,2669.159912109375,0.23005902978931697,0.0
^RUT,2026-12-31,2400.0,Put,0.0,0.0,110.1,2.0,1.0,0.03534388961892247,2669.159912109375,0.23005902978931697,0.0
^RUT,2026-12-31,2410.0,Call,0.0,0.0,375.83,,1.0,0.03534388961892247,2669.159912109375,0.23005902978931697,0.0
^RUT,2026-12-31,2410.0,Put,0.0,0.0,114.05,,0.0,0.03534388961892247,2669.159912109375,0.23005902978931697,0.0
^RUT,2026-12-31,2420.0,Put,0.0,0.0,119.2,14.0,12.0,0.03534388961892247,2669.159912109375,0.23005902978931697,0.0
^RUT,2026-12-31,2430.0,Put,0.0,0.0,125.76,1.0,1.0,0.03534388961892247,2669.159912109375,0.23005902978931697,0.0
^RUT,2026-12-31,2440.0,Put,0.0,0.0,118.13,,0.0,0.03534388961892247,2669.159912109375,0.23005902978931697,0.0
^RUT,2026-12-31,2450.0,Call,0.0,0.0,348.26,,5.0,0.03534388961892247,2669.159912109375,0.23005902978931697,0.0
^RUT,2026-12-31,2450.0,Put,0.0,0.0,131.31,1.0,1.0,0.03534388961892247,2669.159912109375,0.23005902978931697,0.0
^RUT,2026-12-31,2460.0,Put,0.0,0.0,117.93,,0.0,0.03534388961892247,2669.159912109375,0.23005902978931697,0.0
^RUT,2026-12-31,2470.0,Put,0.0,0.0,112.58,1.0,2.0,0.03534388961892247,2669.159912109375,0.23005902978931697,0.0
^RUT,2026-12-31,2480.0,Put,0.0,0.0,115.28,,1.0,0.03534388961892247,2669.159912109375,0.23005902978931697,0.0
^RUT,2026-12-31,2490.0,Put,0.0,0.0,117.18,,0.0,0.03534388961892247,2669.159912109375,0.23005902978931697,0.0
^RUT,2026-12-31,2500.0,Call,0.0,0.0,370.0,200.0,100.0,0.03534388961892247,2669.159912109375,0.23005902978931697,0.0
^RUT,2026-12-31,2500.0,Put,0.0,0.0,119.88,,4.0,0.03534388961892247,2669.159912109375,0.23005902978931697,0.0
^RUT,2026-12-31,2550.0,Call,0.0,0.0,242.4,,4.0,0.03534388961892247,2669.159912109375,0.23005902978931697,0.0
^RUT,2026-12-31,2600.0,Call,0.0,0.0,320.98,,1.0,0.03534388961892247,2669.159912109375,0.23005902978931697,0.0
^RUT,2026-12-31,2600.0,Put,0.0,0.0,162.2,1.0,3.0,0.03534388961892247,2669.159912109375,0.23005902978931697,0.0
^RUT,2026-12-31,2610.0,Put,0.0,0.0,173.02,,1.0,0.03534388961892247,2669.159912109375,0.23005902978931697,0.0
^RUT,2026-12-31,2620.0,Call,0.0,0.0,298.27,,1.0,0.03534388961892247,2669.159912109375,0.23005902978931697,0.0
^RUT,2026-12-31,2630.0,Call,0.0,0.0,261.02,,1.0,0.03534388961892247,2669.159912109375,0.23005902978931697,0.0
^RUT,2026-12-31,2630.0,Put,0.0,0.0,190.62,,1.0,0.03534388961892247,2669.159912109375,0.23005902978931697,0.0
^RUT,2026-12-31,2640.0,Call,0.0,0.0,258.0,,200.0,0.03534388961892247,2669.159912109375,0.23005902978931697,0.0
^RUT,2026-12-31,2650.0,Put,0.0,0.0,180.2,,1.0,0.03534388961892247,2669.159912109375,0.23005902978931697,0.0
^RUT,2026-12-31,2670.0,Call,0.0,0.0,220.78,,1.0,0.03534388961892247,2669.159912109375,0.23005902978931697,0.0
^RUT,2026-12-31,2670.0,Put,0.0,0.0,219.73,,1.0,0.03534388961892247,2669.159912109375,0.23005902978931697,0.0
^RUT,2026-12-31,2700.0,Call,0.0,0.0,252.35,,1.0,0.03534388961892247,2669.159912109375,0.23005902978931697,0.0
^RUT,2026-12-31,2700.0,Put,0.0,0.0,209.7,4.0,4.0,0.03534388961892247,2669.159912109375,0.23005902978931697,0.0
^RUT,2026-12-31,2730.0,Call,0.0,0.0,203.19,,1.0,0.03534388961892247,2669.159912109375,0.23005902978931697,0.0
^RUT,2026-12-31,2740.0,Call,0.0,0.0,208.67,1.0,1.0,0.03534388961892247,2669.159912109375,0.23005902978931697,0.0
^RUT,2026-12-31,2750.0,Call,0.0,0.0,204.48,,1.0,0.03534388961892247,2669.159912109375,0.23005902978931697,0.0
^RUT,2026-12-31,2760.0,Call,0.0,0.0,208.43,,16.0,0.03534388961892247,2669.159912109375,0.23005902978931697,0.0
^RUT,2026-12-31,2770.0,Call,0.0,0.0,208.23,,0.0,0.03534388961892247,2669.159912109375,0.23005902978931697,0.0
^RUT,2026-12-31,2780.0,Call,0.0,0.0,207.38,,0.0,0.03534388961892247,2669.159912109375,0.23005902978931697,0.0
^RUT,2026-12-31,2790.0,Call,0.0,0.0,211.86,3.0,2.0,0.03534388961892247,2669.159912109375,0.23005902978931697,0.0
^RUT,2026-12-31,2800.0,Call,0.0,0.0,193.0,1.0,6.0,0.03534388961892247,2669.159912109375,0.23005902978931697,0.0
^RUT,2026-12-31,2800.0,Put,0.0,0.0,257.25,,3.0,0.03534388961892247,2669.159912109375,0.23005902978931697,0.0
^RUT,2026-12-31,2810.0,Call,0.0,0.0,190.56,1.0,2.0,0.03534388961892247,2669.159912109375,0.23005902978931697,0.0
^RUT,2026-12-31,2820.0,Call,0.0,0.0,186.06,2.0,2.0,0.03534388961892247,2669.159912109375,0.23005902978931697,0.0
^RUT,2026-12-31,2830.0,Call,0.0,0.0,184.53,2.0,1.0,0.03534388961892247,2669.159912109375,0.23005902978931697,0.0
^RUT,2026-12-31,2840.0,Call,0.0,0.0,185.15,2.0,0.0,0.03534388961892247,2669.159912109375,0.23005902978931697,0.0
^RUT,2026-12-31,2850.0,Call,0.0,0.0,189.18,1.0,1.0,0.03534388961892247,2669.159912109375,0.23005902978931697,0.0
^RUT,2026-12-31,2870.0,Call,0.0,0.0,143.1,,73.0,0.03534388961892247,2669.159912109375,0.23005902978931697,0.0
^RUT,2026-12-31,2900.0,Call,0.0,0.0,166.32,2.0,7.0,0.03534388961892247,2669.159912109375,0.23005902978931697,0.0
^RUT,2026-12-31,2900.0,Put,0.0,0.0,296.97,,2.0,0.03534388961892247,2669.159912109375,0.23005902978931697,0.0
^RUT,2026-12-31,2930.0,Put,0.0,0.0,365.28,,2.0,0.03534388961892247,2669.159912109375,0.23005902978931697,0.0
^RUT,2026-12-31,3000.0,Call,0.0,0.0,114.5,201.0,241.0,0.03534388961892247,2669.159912109375,0.23005902978931697,0.0
^RUT,2026-12-31,3200.0,Call,0.0,0.0,70.7,20.0,21.0,0.03534388961892247,2669.159912109375,0.23005902978931697,0.0
^RUT,2026-12-31,3300.0,Call,0.0,0.0,56.0,1.0,1.0,0.03534388961892247,2669.159912109375,0.23005902978931697,0.0
^RUT,2026-12-31,3450.0,Call,0.0,0.0,28.0,23.0,24.0,0.03534388961892247,2669.159912109375,0.23005902978931697,0.0
^RUT,2026-12-31,3500.0,Call,0.0,0.0,23.4,,24.0,0.03534388961892247,2669.159912109375,0.23005902978931697,0.0
^RUT,2026-12-31,3550.0,Call,0.0,0.0,19.9,,6.0,0.03534388961892247,2669.159912109375,0.23005902978931697,0.0
^RUT,2026-12-31,3600.0,Call,0.0,0.0,16.39,,1.0,0.03534388961892247,2669.159912109375,0.23005902978931697,0.0
^RUT,2026-12-31,3600.0,Put,0.0,0.0,920.87,,1.0,0.03534388961892247,2669.159912109375,0.23005902978931697,0.0
^RUT,2026-12-31,3650.0,Call,0.0,0.0,13.14,,1.0,0.03534388961892247,2669.159912109375,0.23005902978931697,0.0
^RUT,2026-12-31,3700.0,Call,0.0,0.0,13.35,1.0,11.0,0.03534388961892247,2669.159912109375,0.23005902978931697,0.0
^RUT,2026-12-31,3700.0,Put,0.0,0.0,1015.54,1.0,3.0,0.03534388961892247,2669.159912109375,0.23005902978931697,0.0
^RUT,2027-06-17,1100.0,Put,0.0,0.0,9.4,2.0,836.0,0.035355190538764784,2669.159912109375,0.23005902978931697,0.0
^RUT,2027-06-17,1150.0,Put,0.0,0.0,10.1,,2.0,0.035355190538764784,2669.159912109375,0.23005902978931697,0.0
^RUT,2027-06-17,1250.0,Put,16.1,21.6,15.1,,2.0,0.035355190538764784,2669.159912109375,0.23005902978931697,0.0
^RUT,2027-06-17,1350.0,Put,0.0,0.0,16.26,1.0,2.0,0.035355190538764784,2669.159912109375,0.23005902978931697,0.0
^RUT,2027-06-17,1400.0,Put,0.0,0.0,20.5,2.0,59.0,0.035355190538764784,2669.159912109375,0.23005902978931697,0.0
^RUT,2027-06-17,1450.0,Put,0.0,0.0,25.55,13.0,52.0,0.035355190538764784,2669.159912109375,0.23005902978931697,0.0
^RUT,2027-06-17,1500.0,Call,0.0,0.0,1106.21,,1.0,0.035355190538764784,2669.159912109375,0.23005902978931697,0.0
^RUT,2027-06-17,1500.0,Put,0.0,0.0,28.13,13.0,53.0,0.035355190538764784,2669.159912109375,0.23005902978931697,0.0
^RUT,2027-06-17,1550.0,Call,0.0,0.0,1052.0,1.0,2.0,0.035355190538764784,2669.159912109375,0.23005902978931697,0.0
^RUT,2027-06-17,1600.0,Put,37.0,46.0,51.2,,1.0,0.035355190538764784,2669.159912109375,0.23005902978931697,0.0
^RUT,2027-06-17,1700.0,Put,46.0,55.6,72.22,,750.0,0.035355190538764784,2669.159912109375,0.23005902978931697,0.0
^RUT,2027-06-17,1800.0,Put,0.0,0.0,43.5,1.0,753.0,0.035355190538764784,2669.159912109375,0.23005902978931697,0.0
^RUT,2027-06-17,1850.0,Put,76.0,86.0,70.9,1.0,1.0,0.035355190538764784,2669.159912109375,0.23005902978931697,0.0
^RUT,2027-06-17,1900.0,Put,55.1,60.9,84.8,1.0,2.0,0.035355190538764784,2669.159912109375,0.23005902978931697,0.0
^RUT,2027-06-17,2000.0,Put,0.0,0.0,84.7,1.0,81.0,0.035355190538764784,2669.159912109375,0.23005902978931697,0.0
^RUT,2027-06-17,2050.0,Put,0.0,0.0,72.51,2.0,15.0,0.035355190538764784,2669.159912109375,0.23005902978931697,0.0
^RUT,2027-06-17,2100.0,Put,0.0,0.0,79.84,6.0,38.0,0.035355190538764784,2669.159912109375,0.23005902978931697,0.0
^RUT,2027-06-17,2200.0,Call,0.0,0.0,536.0,1.0,4.0,0.035355190538764784,2669.159912109375,0.23005902978931697,0.0
^RUT,2027-06-17,2200.0,Put,0.0,0.0,132.56,,1.0,0.035355190538764784,2669.159912109375,0.23005902978931697,0.0
^RUT,2027-06-17,2250.0,Call,518.4,536.4,476.0,3.0,2.0,0.035355190538764784,2669.159912109375,0.23005902978931697,0.0
^RUT,2027-06-17,2250.0,Put,115.5,120.8,193.2,1.0,19.0,0.035355190538764784,2669.159912109375,0.23005902978931697,0.0
^RUT,2027-06-17,2300.0,Call,396.0,420.0,302.8,4.0,4.0,0.035355190538764784,2669.159912109375,0.23005902978931697,0.0
^RUT,2027-06-17,2300.0,Put,0.0,0.0,116.35,1.0,20.0,0.035355190538764784,2669.159912109375,0.23005902978931697,0.0
^RUT,2027-06-17,2350.0,Call,0.0,0.0,527.65,2.0,1.0,0.035355190538764784,2669.159912109375,0.23005902978931697,0.0
^RUT,2027-06-17,2350.0,Put,0.0,0.0,131.2,48.0,58.0,0.035355190538764784,2669.159912109375,0.23005902978931697,0.0
^RUT,2027-06-17,2400.0,Call,0.0,0.0,479.16,4.0,68.0,0.035355190538764784,2669.159912109375,0.23005902978931697,0.0
^RUT,2027-06-17,2400.0,Put,0.0,0.0,140.24,2.0,15.0,0.035355190538764784,2669.159912109375,0.23005902978931697,0.0
^RUT,2027-06-17,2450.0,Call,0.0,0.0,435.87,,1.0,0.035355190538764784,2669.159912109375,0.23005902978931697,0.0
^RUT,2027-06-17,2450.0,Put,0.0,0.0,157.02,8.0,18.0,0.035355190538764784,2669.159912109375,0.23005902978931697,0.0
^RUT,2027-06-17,2500.0,Call,0.0,0.0,443.03,4.0,140.0,0.035355190538764784,2669.159912109375,0.23005902978931697,0.0
^RUT,2027-06-17,2500.0,Put,0.0,0.0,161.2,4.0,83.0,0.035355190538764784,2669.159912109375,0.23005902978931697,0.0
^RUT,2027-06-17,2550.0,Call,245.9,262.5,291.22,,100.0,0.035355190538764784,2669.159912109375,0.23005902978931697,0.0
^RUT,2027-06-17,2550.0,Put,277.2,291.7,262.0,,100.0,0.035355190538764784,2669.159912109375,0.23005902978931697,0.0
^RUT,2027-06-17,2600.0,Call,0.0,0.0,414.58,1.0,100.0,0.035355190538764784,2669.159912109375,0.23005902978931697,0.0
^RUT,2027-06-17,2600.0,Put,0.0,0.0,209.61,2.0,21.0,0.035355190538764784,2669.159912109375,0.23005902978931697,0.0
^RUT,2027-06-17,2650.0,Call,0.0,0.0,338.07,3.0,2.0,0.035355190538764784,2669.159912109375,0.23005902978931697,0.0
^RUT,2027-06-17,2650.0,Put,0.0,0.0,217.95,7.0,3.0,0.035355190538764784,2669.159912109375,0.23005902978931697,0.0
^RUT,2027-06-17,2700.0,Call,0.0,0.0,294.42,2.0,99.0,0.035355190538764784,2669.159912109375,0.23005902978931697,0.0
^RUT,2027-06-17,2700.0,Put,0.0,0.0,241.74,2.0,51.0,0.035355190538764784,2669.159912109375,0.23005902978931697,0.0
^RUT,2027-06-17,2750.0,Call,0.0,0.0,257.92,,48.0,0.035355190538764784,2669.159912109375,0.23005902978931697,0.0
^RUT,2027-06-17,2750.0,Put,0.0,0.0,267.5,,1.0,0.035355190538764784,2669.159912109375,0.23005902978931697,0.0
^RUT,2027-06-17,2800.0,Call,0.0,0.0,289.29,4.0,5.0,0.035355190538764784,2669.159912109375,0.23005902978931697,0.0
^RUT,2027-06-17,2800.0,Put,0.0,0.0,264.49,4.0,47.0,0.035355190538764784,2669.159912109375,0.23005902978931697,0.0
^RUT,2027-06-17,2850.0,Call,0.0,0.0,241.09,,2.0,0.035355190538764784,2669.159912109375,0.23005902978931697,0.0
^RUT,2027-06-17,2850.0,Put,0.0,0.0,303.2,,1.0,0.035355190538764784,2669.159912109375,0.23005902978931697,0.0
^RUT,2027-06-17,2900.0,Call,0.0,0.0,193.45,2.0,76.0,0.035355190538764784,2669.159912109375,0.23005902978931697,0.0
^RUT,2027-06-17,2900.0,Put,0.0,0.0,327.48,,1.0,0.035355190538764784,2669.159912109375,0.23005902978931697,0.0
^RUT,2027-06-17,2950.0,Call,0.0,0.0,167.5,,14.0,0.035355190538764784,2669.159912109375,0.23005902978931697,0.0
^RUT,2027-06-17,3000.0,Call,0.0,0.0,133.02,,14.0,0.035355190538764784,2669.159912109375,0.23005902978931697,0.0
^RUT,2027-06-17,3100.0,Call,89.2,97.6,94.26,1.0,2.0,0.035355190538764784,2669.159912109375,0.23005902978931697,0.0
^RUT,2027-06-17,3150.0,Call,0.0,0.0,126.5,138.0,143.0,0.035355190538764784,2669.159912109375,0.23005902978931697,0.0
^RUT,2027-12-17,1200.0,Call,1295.0,1319.0,1121.0,1.0,6.0,0.035555584756898816,2669.159912109375,0.23005902978931697,0.0
^RUT,2027-12-17,1200.0,Put,0.0,0.0,19.34,24.0,85.0,0.035555584756898816,2669.159912109375,0.23005902978931697,0.0
^RUT,2027-12-17,1250.0,Call,1251.0,1275.0,1079.0,,3.0,0.035555584756898816,2669.159912109375,0.23005902978931697,0.0
^RUT,2027-12-17,1250.0,Put,0.0,0.0,22.84,3.0,31.0,0.035555584756898816,2669.159912109375,0.23005902978931697,0.0
^RUT,2027-12-17,1300.0,Call,1208.0,1232.0,1037.0,,3.0,0.035555584756898816,2669.159912109375,0.23005902978931697,0.0
^RUT,2027-12-17,1300.0,Put,27.7,36.0,30.4,2.0,21.0,0.035555584756898816,2669.159912109375,0.23005902978931697,0.0
^RUT,2027-12-17,1350.0,Call,1165.0,1189.0,996.0,,2.0,0.035555584756898816,2669.159912109375,0.23005902978931697,0.0
^RUT,2027-12-17,1350.0,Put,0.0,0.0,27.82,50.0,59.0,0.035555584756898816,2669.159912109375,0.23005902978931697,0.0
^RUT,2027-12-17,1400.0,Call,754.0,778.0,668.0,1.0,0.0,0.035555584756898816,2669.159912109375,0.23005902978931697,0.0
^RUT,2027-12-17,1400.0,Put,38.0,48.0,36.0,42.0,147.0,0.035555584756898816,2669.159912109375,0.23005902978931697,0.0
^RUT,2027-12-17,1450.0,Put,42.0,52.0,40.1,12.0,219.0,0.035555584756898816,2669.159912109375,0.23005902978931697,0.0
^RUT,2027-12-17,1500.0,Put,0.0,0.0,36.82,12.0,1018.0,0.035555584756898816,2669.159912109375,0.23005902978931697,0.0
^RUT,2027-12-17,1550.0,Put,41.5,49.5,43.12,1.0,28.0,0.035555584756898816,2669.159912109375,0.23005902978931697,0.0
^RUT,2027-12-17,1600.0,Call,619.0,643.0,855.1,,1.0,0.035555584756898816,2669.159912109375,0.23005902978931697,0.0
^RUT,2027-12-17,1600.0,Put,0.0,0.0,39.3,3.0,1019.0,0.035555584756898816,2669.159912109375,0.23005902978931697,0.0
^RUT,2027-12-17,1650.0,Call,915.0,939.0,682.0,3.0,1.0,0.035555584756898816,2669.159912109375,0.23005902978931697,0.0
^RUT,2027-12-17,1650.0,Put,0.0,0.0,45.5,1.0,1452.0,0.035555584756898816,2669.159912109375,0.23005902978931697,0.0
^RUT,2027-12-17,1700.0,Call,624.0,648.0,530.1,,5.0,0.035555584756898816,2669.159912109375,0.23005902978931697,0.0
^RUT,2027-12-17,1700.0,Put,0.0,0.0,45.2,11.0,1675.0,0.035555584756898816,2669.159912109375,0.23005902978931697,0.0
^RUT,2027-12-17,1750.0,Call,558.0,582.0,492.2,,4.0,0.035555584756898816,2669.159912109375,0.23005902978931697,0.0
^RUT,2027-12-17,1750.0,Put,0.0,0.0,50.0,1.0,1455.0,0.035555584756898816,2669.159912109375,0.23005902978931697,0.0
^RUT,2027-12-17,1800.0,Call,796.0,820.0,572.27,5.0,11.0,0.035555584756898816,2669.159912109375,0.23005902978931697,0.0
^RUT,2027-12-17,1800.0,Put,0.0,0.0,59.38,241.0,1694.0,0.035555584756898816,2669.159912109375,0.23005902978931697,0.0
^RUT,2027-12-17,1850.0,Call,521.0,545.0,437.1,2.0,658.0,0.035555584756898816,2669.159912109375,0.23005902978931697,0.0
^RUT,2027-12-17,1850.0,Put,0.0,0.0,73.9,6.0,1684.0,0.035555584756898816,2669.159912109375,0.23005902978931697,0.0
^RUT,2027-12-17,1900.0,Call,719.0,743.0,662.58,11.0,25.0,0.035555584756898816,2669.159912109375,0.23005902978931697,0.0
^RUT,2027-12-17,1900.0,Put,0.0,0.0,83.0,600.0,1882.0,0.035555584756898816,2669.159912109375,0.23005902978931697,0.0
^RUT,2027-12-17,1950.0,Call,783.7,807.0,664.94,2.0,2.0,0.035555584756898816,2669.159912109375,0.23005902978931697,0.0
^RUT,2027-12-17,1950.0,Put,0.0,0.0,89.5,9.0,324.0,0.035555584756898816,2669.159912109375,0.23005902978931697,0.0
^RUT,2027-12-17,2000.0,Call,0.0,0.0,697.36,6.0,7.0,0.035555584756898816,2669.159912109375,0.23005902978931697,0.0
^RUT,2027-12-17,2000.0,Put,0.0,0.0,84.5,10.0,2754.0,0.035555584756898816,2669.159912109375,0.23005902978931697,0.0
^RUT,2027-12-17,2050.0,Put,0.0,0.0,107.7,40.0,107.0,0.035555584756898816,2669.159912109375,0.23005902978931697,0.0
^RUT,2027-12-17,2100.0,Call,669.0,693.0,562.14,2.0,257.0,0.035555584756898816,2669.159912109375,0.23005902978931697,0.0
^RUT,2027-12-17,2100.0,Put,0.0,0.0,115.6,29.0,269.0,0.035555584756898816,2669.159912109375,0.23005902978931697,0.0
^RUT,2027-12-17,2150.0,Call,541.0,565.0,357.6,6.0,6.0,0.035555584756898816,2669.159912109375,0.23005902978931697,0.0
^RUT,2027-12-17,2150.0,Put,0.0,0.0,132.1,40.0,187.0,0.035555584756898816,2669.159912109375,0.23005902978931697,0.0
^RUT,2027-12-17,2200.0,Call,509.0,533.0,331.5,7.0,387.0,0.035555584756898816,2669.159912109375,0.23005902978931697,0.0
^RUT,2027-12-17,2200.0,Put,0.0,0.0,137.3,89.0,1423.0,0.035555584756898816,2669.159912109375,0.23005902978931697,0.0
^RUT,2027-12-17,2250.0,Call,477.0,501.0,400.23,1.0,7.0,0.035555584756898816,2669.159912109375,0.23005902978931697,0.0
^RUT,2027-12-17,2250.0,Put,0.0,0.0,154.25,50.0,76.0,0.035555584756898816,2669.159912109375,0.23005902978931697,0.0
^RUT,2027-12-17,2300.0,Call,0.0,0.0,600.0,1.0,304.0,0.035555584756898816,2669.159912109375,0.23005902978931697,0.0
^RUT,2027-12-17,2300.0,Put,0.0,0.0,139.29,45.0,144.0,0.035555584756898816,2669.159912109375,0.23005902978931697,0.0
^RUT,2027-12-17,2350.0,Put,194.0,210.0,191.1,6.0,14.0,0.035555584756898816,2669.159912109375,0.23005902978931697,0.0
^RUT,2027-12-17,2400.0,Call,0.0,0.0,564.48,2.0,876.0,0.035555584756898816,2669.159912109375,0.23005902978931697,0.0
^RUT,2027-12-17,2400.0,Put,0.0,0.0,177.08,2.0,1001.0,0.035555584756898816,2669.159912109375,0.23005902978931697,0.0
^RUT,2027-12-17,2450.0,Call,375.0,399.0,362.0,1.0,251.0,0.035555584756898816,2669.159912109375,0.23005902978931697,0.0
^RUT,2027-12-17,2450.0,Put,196.7,205.5,247.51,1.0,269.0,0.035555584756898816,2669.159912109375,0.23005902978931697,0.0
^RUT,2027-12-17,2500.0,Call,0.0,0.0,452.61,2.0,61.0,0.035555584756898816,2669.159912109375,0.23005902978931697,0.0
^RUT,2027-12-17,2500.0,Put,0.0,0.0,208.1,1.0,105.0,0.035555584756898816,2669.159912109375,0.23005902978931697,0.0
^RUT,2027-12-17,2550.0,Call,141.0,157.0,94.0,,1.0,0.035555584756898816,2669.159912109375,0.23005902978931697,0.0
^RUT,2027-12-17,2550.0,Put,0.0,0.0,255.0,76.0,443.0,0.035555584756898816,2669.159912109375,0.23005902978931697,0.0
^RUT,2027-12-17,2600.0,Call,0.0,0.0,400.64,1.0,269.0,0.035555584756898816,2669.159912109375,0.23005902978931697,0.0
^RUT,2027-12-17,2600.0,Put,0.0,0.0,242.19,2.0,105.0,0.035555584756898816,2669.159912109375,0.23005902978931697,0.0
^RUT,2027-12-17,2650.0,Call,0.0,0.0,423.0,11.0,34.0,0.035555584756898816,2669.159912109375,0.23005902978931697,0.0
^RUT,2027-12-17,2650.0,Put,0.0,0.0,244.0,11.0,19.0,0.035555584756898816,2669.159912109375,0.23005902978931697,0.0
^RUT,2027-12-17,2700.0,Call,0.0,0.0,420.84,4.0,1247.0,0.035555584756898816,2669.159912109375,0.23005902978931697,0.0
^RUT,2027-12-17,2700.0,Put,0.0,0.0,250.09,4.0,531.0,0.035555584756898816,2669.159912109375,0.23005902978931697,0.0
^RUT,2027-12-17,2750.0,Call,0.0,0.0,391.77,20.0,31.0,0.035555584756898816,2669.159912109375,0.23005902978931697,0.0
^RUT,2027-12-17,2750.0,Put,0.0,0.0,270.77,,8.0,0.035555584756898816,2669.159912109375,0.23005902978931697,0.0
^RUT,2027-12-17,2800.0,Call,0.0,0.0,307.27,3.0,391.0,0.035555584756898816,2669.159912109375,0.23005902978931697,0.0
^RUT,2027-12-17,2800.0,Put,642.0,666.0,885.0,,1.0,0.035555584756898816,2669.159912109375,0.23005902978931697,0.0
^RUT,2027-12-17,2850.0,Call,0.0,0.0,228.43,50.0,61.0,0.035555584756898816,2669.159912109375,0.23005902978931697,0.0
^RUT,2027-12-17,2850.0,Put,425.0,449.0,501.91,,2.0,0.035555584756898816,2669.159912109375,0.23005902978931697,0.0
^RUT,2027-12-17,2900.0,Call,0.0,0.0,254.6,1.0,852.0,0.035555584756898816,2669.159912109375,0.23005902978931697,0.0
^RUT,2027-12-17,2900.0,Put,455.0,479.0,534.1,,1.0,0.035555584756898816,2669.159912109375,0.23005902978931697,0.0
^RUT,2027-12-17,2950.0,Call,0.0,0.0,152.5,1.0,1.0,0.035555584756898816,2669.159912109375,0.23005902978931697,0.0
^RUT,2027-12-17,3000.0,Call,0.0,0.0,250.0,68.0,177.0,0.035555584756898816,2669.159912109375,0.23005902978931697,0.0
^RUT,2027-12-17,3000.0,Put,0.0,0.0,489.66,6.0,8.0,0.035555584756898816,2669.159912109375,0.23005902978931697,0.0
^RUT,2027-12-17,3100.0,Call,0.0,0.0,182.29,1.0,15.0,0.035555584756898816,2669.159912109375,0.23005902978931697,0.0
^RUT,2027-12-17,3100.0,Put,584.0,608.0,723.0,,1.0,0.035555584756898816,2669.159912109375,0.23005902978931697,0.0
^RUT,2027-12-17,3150.0,Put,912.0,936.0,1137.0,,1.0,0.035555584756898816,2669.159912109375,0.23005902978931697,0.0
^RUT,2027-12-17,3200.0,Call,0.0,0.0,196.43,2.0,262.0,0.035555584756898816,2669.159912109375,0.23005902978931697,0.0
^RUT,2027-12-17,3200.0,Put,953.0,977.0,1180.0,1.0,2.0,0.035555584756898816,2669.159912109375,0.23005902978931697,0.0
^RUT,2027-12-17,3250.0,Call,0.0,0.0,179.18,1.0,33.0,0.035555584756898816,2669.159912109375,0.23005902978931697,0.0
^RUT,2027-12-17,3300.0,Call,0.0,0.0,125.0,1.0,461.0,0.035555584756898816,2669.159912109375,0.23005902978931697,0.0
^RUT,2027-12-17,3300.0,Put,1036.0,1060.0,1123.0,,2.0,0.035555584756898816,2669.159912109375,0.23005902978931697,0.0
^RUT,2027-12-17,3350.0,Call,94.5,103.3,89.5,1.0,2.0,0.035555584756898816,2669.159912109375,0.23005902978931697,0.0
^RUT,2027-12-17,3350.0,Put,1078.0,1102.0,1234.0,,6.0,0.035555584756898816,2669.159912109375,0.23005902978931697,0.0
^RUT,2027-12-17,3400.0,Call,27.0,34.7,30.0,,1.0,0.035555584756898816,2669.159912109375,0.23005902978931697,0.0
^RUT,2027-12-17,3400.0,Put,1034.0,1046.6,1304.0,,4.0,0.035555584756898816,2669.159912109375,0.23005902978931697,0.0
^RUT,2027-12-17,3450.0,Call,70.0,78.2,53.0,1.0,22.0,0.035555584756898816,2669.159912109375,0.23005902978931697,0.0
^RUT,2027-12-17,3450.0,Put,1163.0,1187.0,1443.1,2.0,14.0,0.035555584756898816,2669.159912109375,0.23005902978931697,0.0
^RUT,2027-12-17,3500.0,Call,0.0,0.0,88.0,2.0,32.0,0.035555584756898816,2669.159912109375,0.23005902978931697,0.0
^RUT,2027-12-17,3500.0,Put,1138.0,1162.0,1193.9,4.0,30.0,0.035555584756898816,2669.159912109375,0.23005902978931697,0.0
^RUT,2027-12-17,3550.0,Call,0.0,0.0,68.24,1.0,35.0,0.035555584756898816,2669.159912109375,0.23005902978931697,0.0
^RUT,2027-12-17,3550.0,Put,928.0,952.0,1085.0,1.0,4.0,0.035555584756898816,2669.159912109375,0.23005902978931697,0.0
^RUT,2027-12-17,3600.0,Call,0.0,0.0,98.27,6.0,107.0,0.035555584756898816,2669.159912109375,0.23005902978931697,0.0
^RUT,2027-12-17,3600.0,Put,969.0,993.0,1201.28,6.0,34.0,0.035555584756898816,2669.159912109375,0.23005902978931697,0.0
^RUT,2028-12-15,1300.0,Put,0.0,0.0,34.74,,700.0,0.03648545773105563,2669.159912109375,0.23005902978931697,0.0
^RUT,2028-12-15,1750.0,Put,0.0,0.0,81.9,3.0,3.0,0.03648545773105563,2669.159912109375,0.23005902978931697,0.0
^RUT,2028-12-15,1800.0,Put,0.0,0.0,79.0,1.0,899.0,0.03648545773105563,2669.159912109375,0.23005902978931697,0.0
^RUT,2028-12-15,1850.0,Put,0.0,0.0,90.0,1.0,5.0,0.03648545773105563,2669.159912109375,0.23005902978931697,0.0
^RUT,2028-12-15,1950.0,Put,0.0,0.0,115.0,3.0,403.0,0.03648545773105563,2669.159912109375,0.23005902978931697,0.0
^RUT,2028-12-15,2000.0,Put,0.0,0.0,113.5,,354.0,0.03648545773105563,2669.159912109375,0.23005902978931697,0.0
^RUT,2028-12-15,2050.0,Put,0.0,0.0,135.7,1.0,76.0,0.03648545773105563,2669.159912109375,0.23005902978931697,0.0
^RUT,2028-12-15,2700.0,Put,0.0,0.0,297.22,4.0,200.0,0.03648545773105563,2669.159912109375,0.23005902978931697,0.0
^RUT,2028-12-15,2800.0,Call,0.0,0.0,456.5,2.0,328.0,0.03648545773105563,2669.159912109375,0.23005902978931697,0.0
^RUT,2028-12-15,2850.0,Put,0.0,0.0,355.72,,4.0,0.03648545773105563,2669.159912109375,0.23005902978931697,0.0
^RUT,2028-12-15,3150.0,Put,0.0,0.0,592.0,,4.0,0.03648545773105563,2669.159912109375,0.23005902978931697,0.0
^RUT,2028-12-15,3500.0,Call,0.0,0.0,110.0,1.0,1.0,0.03648545773105563,2669.159912109375,0.23005902978931697,0.0
^VIX,2026-01-28,10.0,Call,5.5,9.1,6.8,2.0,136.0,0.038821156373193166,16.09000015258789,1.3627813022009942,0.0
^VIX,2026-01-28,10.5,Call,5.05,8.65,6.43,2.0,5.0,0.038821156373193166,16.09000015258789,1.3627813022009942,0.0
^VIX,2026-01-28,11.0,Call,5.15,8.75,8.6,4.0,290.0,0.038821156373193166,16.09000015258789,1.3627813022009942,0.0
^VIX,2026-01-28,11.5,Call,4.65,6.9,6.05,,71.0,0.038821156373193166,16.09000015258789,1.3627813022009942,0.0
^VIX,2026-01-28,11.5,Put,0.0,0.0,0.01,,2.0,0.038821156373193166,16.09000015258789,1.3627813022009942,0.0
^VIX,2026-01-28,12.0,Call,4.15,6.4,5.08,100.0,103.0,0.038821156373193166,16.09000015258789,1.3627813022009942,0.0
^VIX,2026-01-28,12.5,Call,3.65,5.9,6.11,2.0,18.0,0.038821156373193166,16.09000015258789,1.3627813022009942,0.0
^VIX,2026-01-28,12.5,Put,0.0,0.0,0.01,,3.0,0.038821156373193166,16.09000015258789,1.3627813022009942,0.0
^VIX,2026-01-28,13.0,Call,3.15,5.4,4.4,18.0,23.0,0.038821156373193166,16.09000015258789,1.3627813022009942,0.0
^VIX,2026-01-28,13.0,Put,0.0,0.04,0.02,,1.0,0.038821156373193166,16.09000015258789,1.3627813022009942,0.0
^VIX,2026-01-28,13.5,Call,3.1,5.35,4.85,5.0,119.0,0.038821156373193166,16.09000015258789,1.3627813022009942,0.0
^VIX,2026-01-28,13.5,Put,0.0,0.05,0.02,14.0,36.0,0.038821156373193166,16.09000015258789,1.3627813022009942,0.0
^VIX,2026-01-28,14.0,Call,2.59,3.9,3.11,10.0,420.0,0.038821156373193166,16.09000015258789,1.3627813022009942,0.0
^VIX,2026-01-28,14.0,Put,0.0,0.05,0.01,54.0,305.0,0.038821156373193166,16.09000015258789,1.3627813022009942,0.0
^VIX,2026-01-28,14.5,Call,2.09,3.4,2.52,3.0,312.0,0.038821156373193166,16.09000015258789,1.3627813022009942,0.0
^VIX,2026-01-28,14.5,Put,0.0,0.0,0.01,195.0,1627.0,0.038821156373193166,16.09000015258789,1.3627813022009942,0.0
^VIX,2026-01-28,15.0,Call,1.6,2.95,2.35,812.0,961.0,0.038821156373193166,16.09000015258789,1.3627813022009942,0.0
^VIX,2026-01-28,15.0,Put,0.03,0.07,0.07,50.0,15010.0,0.038821156373193166,16.09000015258789,1.3627813022009942,0.0
^VIX,2026-01-28,16.0,Call,0.99,1.89,1.45,672.0,2283.0,0.038821156373193166,16.09000015258789,1.3627813022009942,0.0
^VIX,2026-01-28,16.0,Put,0.0,0.63,0.21,20.0,12858.0,0.038821156373193166,16.09000015258789,1.3627813022009942,0.0
^VIX,2026-01-28,17.0,Call,0.0,0.0,0.9,1483.0,3325.0,0.038821156373193166,16.09000015258789,1.3627813022009942,0.0
^VIX,2026-01-28,17.0,Put,0.0,0.0,0.63,638.0,5257.0,0.038821156373193166,16.09000015258789,1.3627813022009942,0.0
^VIX,2026-01-28,18.0,Call,0.4,0.9,0.6,4402.0,7959.0,0.038821156373193166,16.09000015258789,1.3627813022009942,0.0
^VIX,2026-01-28,18.0,Put,0.71,1.65,1.49,2.0,2058.0,0.038821156373193166,16.09000015258789,1.3627813022009942,0.0
^VIX,2026-01-28,19.0,Call,0.0,0.9,0.44,307.0,5253.0,0.038821156373193166,16.09000015258789,1.3627813022009942,0.0
^VIX,2026-01-28,19.0,Put,1.31,2.73,2.23,192.0,1171.0,0.038821156373193166,16.09000015258789,1.3627813022009942,0.0
^VIX,2026-01-28,20.0,Call,0.15,0.4,0.45,1.0,29467.0,0.038821156373193166,16.09000015258789,1.3627813022009942,0.0
^VIX,2026-01-28,20.0,Put,2.23,3.65,3.2,200.0,1662.0,0.038821156373193166,16.09000015258789,1.3627813022009942,0.0
^VIX,2026-01-28,21.0,Call,0.0,0.9,0.26,7064.0,6479.0,0.038821156373193166,16.09000015258789,1.3627813022009942,0.0
^VIX,2026-01-28,21.0,Put,3.25,5.5,4.0,39.0,197.0,0.038821156373193166,16.09000015258789,1.3627813022009942,0.0
^VIX,2026-01-28,22.0,Call,0.0,0.0,0.22,263.0,2223.0,0.038821156373193166,16.09000015258789,1.3627813022009942,0.0
^VIX,2026-01-28,22.0,Put,3.65,6.0,5.04,5.0,61.0,0.038821156373193166,16.09000015258789,1.3627813022009942,0.0
^VIX,2026-01-28,23.0,Call,0.0,0.0,0.18,206.0,2017.0,0.038821156373193166,16.09000015258789,1.3627813022009942,0.0
^VIX,2026-01-28,23.0,Put,4.65,7.0,6.09,16.0,1531.0,0.038821156373193166,16.09000015258789,1.3627813022009942,0.0
^VIX,2026-01-28,24.0,Call,0.0,0.73,0.13,32.0,3202.0,0.038821156373193166,16.09000015258789,1.3627813022009942,0.0
^VIX,2026-01-28,24.0,Put,5.65,9.3,7.1,1.0,50.0,0.038821156373193166,16.09000015258789,1.3627813022009942,0.0
^VIX,2026-01-28,25.0,Call,0.03,0.63,0.13,1434.0,3272.0,0.038821156373193166,16.09000015258789,1.3627813022009942,0.0
^VIX,2026-01-28,25.0,Put,6.0,9.6,7.8,13.0,722.0,0.038821156373193166,16.09000015258789,1.3627813022009942,0.0
^VIX,2026-01-28,26.0,Call,0.0,0.55,0.11,367.0,1752.0,0.038821156373193166,16.09000015258789,1.3627813022009942,0.0
^VIX,2026-01-28,26.0,Put,7.0,10.6,8.54,5.0,8.0,0.038821156373193166,16.09000015258789,1.3627813022009942,0.0
^VIX,2026-01-28,27.0,Call,0.0,0.47,0.08,16.0,843.0,0.038821156373193166,16.09000015258789,1.3627813022009942,0.0
^VIX,2026-01-28,27.0,Put,8.0,11.6,9.42,54.0,73.0,0.038821156373193166,16.09000015258789,1.3627813022009942,0.0
^VIX,2026-01-28,28.0,Call,0.0,0.43,0.08,2.0,2330.0,0.038821156373193166,16.09000015258789,1.3627813022009942,0.0
^VIX,2026-01-28,28.0,Put,9.0,12.6,9.35,9.0,15.0,0.038821156373193166,16.09000015258789,1.3627813022009942,0.0
^VIX,2026-01-28,29.0,Call,0.03,0.37,0.05,1100.0,3225.0,0.038821156373193166,16.09000015258789,1.3627813022009942,0.0
^VIX,2026-01-28,29.0,Put,10.0,13.6,11.39,,67.0,0.038821156373193166,16.09000015258789,1.3627813022009942,0.0
^VIX,2026-01-28,30.0,Call,0.03,0.33,0.06,6436.0,13201.0,0.038821156373193166,16.09000015258789,1.3627813022009942,0.0
^VIX,2026-01-28,30.0,Put,10.85,16.3,13.11,48.0,136.0,0.038821156373193166,16.09000015258789,1.3627813022009942,0.0
^VIX,2026-01-28,31.0,Call,0.0,0.29,0.04,22.0,99.0,0.038821156373193166,16.09000015258789,1.3627813022009942,0.0
^VIX,2026-01-28,31.0,Put,11.05,16.45,14.1,25.0,51.0,0.038821156373193166,16.09000015258789,1.3627813022009942,0.0
^VIX,2026-01-28,32.0,Call,0.0,0.25,0.04,288.0,760.0,0.038821156373193166,16.09000015258789,1.3627813022009942,0.0
^VIX,2026-01-28,32.0,Put,12.05,17.45,13.25,32.0,304.0,0.038821156373193166,16.09000015258789,1.3627813022009942,0.0
^VIX,2026-01-28,33.0,Call,0.0,0.22,0.02,21.0,88.0,0.038821156373193166,16.09000015258789,1.3627813022009942,0.0
^VIX,2026-01-28,33.0,Put,13.05,18.45,16.0,10.0,32.0,0.038821156373193166,16.09000015258789,1.3627813022009942,0.0
^VIX,2026-01-28,34.0,Call,0.0,0.2,0.03,20.0,1587.0,0.038821156373193166,16.09000015258789,1.3627813022009942,0.0
^VIX,2026-01-28,34.0,Put,14.05,19.45,15.25,,257.0,0.038821156373193166,16.09000015258789,1.3627813022009942,0.0
^VIX,2026-01-28,35.0,Call,0.0,0.18,0.02,146.0,381.0,0.038821156373193166,16.09000015258789,1.3627813022009942,0.0
^VIX,2026-01-28,35.0,Put,15.05,20.45,17.95,27.0,40.0,0.038821156373193166,16.09000015258789,1.3627813022009942,0.0
^VIX,2026-01-28,36.0,Call,0.0,0.16,0.03,6.0,286.0,0.038821156373193166,16.09000015258789,1.3627813022009942,0.0
^VIX,2026-01-28,36.0,Put,16.05,21.45,17.3,256.0,527.0,0.038821156373193166,16.09000015258789,1.3627813022009942,0.0
^VIX,2026-01-28,37.0,Call,0.0,0.15,0.05,2.0,29.0,0.038821156373193166,16.09000015258789,1.3627813022009942,0.0
^VIX,2026-01-28,37.0,Put,17.05,22.45,18.4,,10.0,0.038821156373193166,16.09000015258789,1.3627813022009942,0.0
^VIX,2026-01-28,38.0,Call,0.0,0.14,0.13,1.0,8.0,0.038821156373193166,16.09000015258789,1.3627813022009942,0.0
^VIX,2026-01-28,38.0,Put,18.05,23.45,19.2,,6.0,0.038821156373193166,16.09000015258789,1.3627813022009942,0.0
^VIX,2026-01-28,39.0,Call,0.0,0.13,0.02,1.0,32.0,0.038821156373193166,16.09000015258789,1.3627813022009942,0.0
^VIX,2026-01-28,39.0,Put,19.05,24.45,21.83,129.0,161.0,0.038821156373193166,16.09000015258789,1.3627813022009942,0.0
^VIX,2026-01-28,40.0,Call,0.0,0.12,0.01,60.0,4525.0,0.038821156373193166,16.09000015258789,1.3627813022009942,0.0
^VIX,2026-01-28,40.0,Put,20.05,25.45,22.8,99.0,203.0,0.038821156373193166,16.09000015258789,1.3627813022009942,0.0
^VIX,2026-01-28,42.5,Call,0.0,0.1,0.03,11.0,57.0,0.038821156373193166,16.09000015258789,1.3627813022009942,0.0
^VIX,2026-01-28,42.5,Put,22.55,27.95,23.65,10.0,160.0,0.038821156373193166,16.09000015258789,1.3627813022009942,0.0
^VIX,2026-01-28,45.0,Call,0.0,0.08,0.03,65.0,465.0,0.038821156373193166,16.09000015258789,1.3627813022009942,0.0
^VIX,2026-01-28,45.0,Put,25.05,30.45,26.35,,47.0,0.038821156373193166,16.09000015258789,1.3627813022009942,0.0
^VIX,2026-01-28,47.5,Call,0.0,0.07,0.05,8.0,166.0,0.038821156373193166,16.09000015258789,1.3627813022009942,0.0
^VIX,2026-01-28,47.5,Put,27.55,32.95,27.65,,1.0,0.038821156373193166,16.09000015258789,1.3627813022009942,0.0
^VIX,2026-01-28,50.0,Call,0.0,0.06,0.02,28.0,297.0,0.038821156373193166,16.09000015258789,1.3627813022009942,0.0
^VIX,2026-01-28,50.0,Put,30.05,39.05,31.2,21.0,41.0,0.038821156373193166,16.09000015258789,1.3627813022009942,0.0
^VIX,2026-01-28,55.0,Call,0.0,0.0,0.02,2.0,1217.0,0.038821156373193166,16.09000015258789,1.3627813022009942,0.0
^VIX,2026-01-28,55.0,Put,33.25,42.25,36.1,,2.0,0.038821156373193166,16.09000015258789,1.3627813022009942,0.0
^VIX,2026-01-28,60.0,Call,0.0,0.04,0.02,30.0,1296.0,0.038821156373193166,16.09000015258789,1.3627813022009942,0.0
^VIX,2026-01-28,65.0,Call,0.0,0.0,0.02,25.0,64.0,0.038821156373193166,16.09000015258789,1.3627813022009942,0.0
^VIX,2026-01-28,70.0,Call,0.0,0.0,0.01,7.0,70.0,0.038821156373193166,16.09000015258789,1.3627813022009942,0.0
^VIX,2026-01-28,75.0,Call,0.0,0.0,0.02,20.0,48.0,0.038821156373193166,16.09000015258789,1.3627813022009942,0.0
^VIX,2026-01-28,80.0,Call,0.0,0.0,0.02,10.0,286.0,0.038821156373193166,16.09000015258789,1.3627813022009942,0.0
^VIX,2026-01-28,85.0,Call,0.0,0.0,0.04,7.0,7.0,0.038821156373193166,16.09000015258789,1.3627813022009942,0.0
^VIX,2026-01-28,90.0,Call,0.0,0.0,0.03,7.0,27.0,0.038821156373193166,16.09000015258789,1.3627813022009942,0.0
^VIX,2026-01-28,95.0,Call,0.0,0.0,0.02,,25.0,0.038821156373193166,16.09000015258789,1.3627813022009942,0.0
^VIX,2026-01-28,100.0,Call,0.0,0.0,0.02,5.0,128.0,0.038821156373193166,16.09000015258789,1.3627813022009942,0.0
^VIX,2026-01-28,100.0,Put,78.25,87.25,80.57,10.0,30.0,0.038821156373193166,16.09000015258789,1.3627813022009942,0.0
^VIX,2026-02-04,10.0,Call,5.95,9.55,6.93,1.0,3.0,0.038545203679369255,16.09000015258789,1.3627813022009942,0.0
^VIX,2026-02-04,10.0,Put,0.0,0.0,0.01,16.0,17.0,0.038545203679369255,16.09000015258789,1.3627813022009942,0.0
^VIX,2026-02-04,10.5,Call,5.45,9.05,8.94,,1.0,0.038545203679369255,16.09000015258789,1.3627813022009942,0.0
^VIX,2026-02-04,11.0,Call,5.7,9.3,7.76,,10.0,0.038545203679369255,16.09000015258789,1.3627813022009942,0.0
^VIX,2026-02-04,11.5,Call,5.1,8.7,8.09,,0.0,0.038545203679369255,16.09000015258789,1.3627813022009942,0.0
^VIX,2026-02-04,11.5,Put,0.0,0.0,0.01,4.0,4.0,0.038545203679369255,16.09000015258789,1.3627813022009942,0.0
^VIX,2026-02-04,12.0,Call,4.6,6.85,5.43,2.0,42.0,0.038545203679369255,16.09000015258789,1.3627813022009942,0.0
^VIX,2026-02-04,12.0,Put,0.0,0.04,0.01,,8.0,0.038545203679369255,16.09000015258789,1.3627813022009942,0.0
^VIX,2026-02-04,12.5,Call,4.1,6.35,5.3,,8.0,0.038545203679369255,16.09000015258789,1.3627813022009942,0.0
^VIX,2026-02-04,13.0,Call,3.6,5.85,4.47,1.0,195.0,0.038545203679369255,16.09000015258789,1.3627813022009942,0.0
^VIX,2026-02-04,13.0,Put,0.0,0.0,0.02,19.0,164.0,0.038545203679369255,16.09000015258789,1.3627813022009942,0.0
^VIX,2026-02-04,13.5,Call,3.1,5.4,3.97,232.0,212.0,0.038545203679369255,16.09000015258789,1.3627813022009942,0.0
^VIX,2026-02-04,13.5,Put,0.0,0.0,0.02,43.0,67.0,0.038545203679369255,16.09000015258789,1.3627813022009942,0.0
^VIX,2026-02-04,14.0,Call,3.15,5.35,3.35,3.0,328.0,0.038545203679369255,16.09000015258789,1.3627813022009942,0.0
^VIX,2026-02-04,14.0,Put,0.0,0.0,0.02,83.0,207.0,0.038545203679369255,16.09000015258789,1.3627813022009942,0.0
^VIX,2026-02-04,14.5,Call,2.59,3.9,2.85,16.0,235.0,0.038545203679369255,16.09000015258789,1.3627813022009942,0.0
^VIX,2026-02-04,14.5,Put,0.0,0.0,0.04,28.0,1406.0,0.038545203679369255,16.09000015258789,1.3627813022009942,0.0
^VIX,2026-02-04,15.0,Call,2.15,3.45,2.6,330.0,1352.0,0.038545203679369255,16.09000015258789,1.3627813022009942,0.0
^VIX,2026-02-04,15.0,Put,0.01,0.19,0.08,141.0,1884.0,0.038545203679369255,16.09000015258789,1.3627813022009942,0.0
^VIX,2026-02-04,16.0,Call,1.35,2.7,1.99,910.0,1337.0,0.038545203679369255,16.09000015258789,1.3627813022009942,0.0
^VIX,2026-02-04,16.0,Put,0.0,0.9,0.32,458.0,664.0,0.038545203679369255,16.09000015258789,1.3627813022009942,0.0
^VIX,2026-02-04,17.0,Call,1.01,2.36,2.0,5.0,906.0,0.038545203679369255,16.09000015258789,1.3627813022009942,0.0
^VIX,2026-02-04,17.0,Put,0.25,1.2,0.82,383.0,917.0,0.038545203679369255,16.09000015258789,1.3627813022009942,0.0
^VIX,2026-02-04,18.0,Call,0.9,1.56,1.16,1221.0,1864.0,0.038545203679369255,16.09000015258789,1.3627813022009942,0.0
^VIX,2026-02-04,18.0,Put,0.89,1.84,1.65,179.0,1164.0,0.038545203679369255,16.09000015258789,1.3627813022009942,0.0
^VIX,2026-02-04,19.0,Call,0.7,1.34,0.86,184.0,1164.0,0.038545203679369255,16.09000015258789,1.3627813022009942,0.0
^VIX,2026-02-04,19.0,Put,1.42,2.84,2.37,48.0,419.0,0.038545203679369255,16.09000015258789,1.3627813022009942,0.0
^VIX,2026-02-04,20.0,Call,0.0,0.0,0.76,7.0,4657.0,0.038545203679369255,16.09000015258789,1.3627813022009942,0.0
^VIX,2026-02-04,20.0,Put,2.35,3.65,3.3,12.0,308.0,0.038545203679369255,16.09000015258789,1.3627813022009942,0.0
^VIX,2026-02-04,21.0,Call,0.54,1.08,0.54,72.0,206.0,0.038545203679369255,16.09000015258789,1.3627813022009942,0.0
^VIX,2026-02-04,21.0,Put,3.2,5.5,4.0,14.0,442.0,0.038545203679369255,16.09000015258789,1.3627813022009942,0.0
^VIX,2026-02-04,22.0,Call,0.1,1.0,0.52,197.0,2717.0,0.038545203679369255,16.09000015258789,1.3627813022009942,0.0
^VIX,2026-02-04,22.0,Put,3.65,6.0,5.27,2.0,314.0,0.038545203679369255,16.09000015258789,1.3627813022009942,0.0
^VIX,2026-02-04,23.0,Call,0.04,0.94,0.43,31.0,193.0,0.038545203679369255,16.09000015258789,1.3627813022009942,0.0
^VIX,2026-02-04,23.0,Put,4.55,6.9,6.01,21.0,22.0,0.038545203679369255,16.09000015258789,1.3627813022009942,0.0
^VIX,2026-02-04,24.0,Call,0.0,0.9,0.41,12.0,190.0,0.038545203679369255,16.09000015258789,1.3627813022009942,0.0
^VIX,2026-02-04,24.0,Put,5.55,9.2,6.85,,27.0,0.038545203679369255,16.09000015258789,1.3627813022009942,0.0
^VIX,2026-02-04,25.0,Call,0.0,0.9,0.4,54.0,568.0,0.038545203679369255,16.09000015258789,1.3627813022009942,0.0
^VIX,2026-02-04,25.0,Put,5.9,9.5,8.12,31.0,144.0,0.038545203679369255,16.09000015258789,1.3627813022009942,0.0
^VIX,2026-02-04,26.0,Call,0.0,0.9,0.3,27.0,84.0,0.038545203679369255,16.09000015258789,1.3627813022009942,0.0
^VIX,2026-02-04,26.0,Put,6.85,10.45,8.66,31.0,139.0,0.038545203679369255,16.09000015258789,1.3627813022009942,0.0
^VIX,2026-02-04,27.0,Call,0.0,0.9,0.26,226.0,1077.0,0.038545203679369255,16.09000015258789,1.3627813022009942,0.0
^VIX,2026-02-04,27.0,Put,7.8,11.4,9.63,,73.0,0.038545203679369255,16.09000015258789,1.3627813022009942,0.0
^VIX,2026-02-04,28.0,Call,0.0,0.9,0.26,3.0,368.0,0.038545203679369255,16.09000015258789,1.3627813022009942,0.0
^VIX,2026-02-04,28.0,Put,8.75,12.35,10.6,,5.0,0.038545203679369255,16.09000015258789,1.3627813022009942,0.0
^VIX,2026-02-04,29.0,Call,0.0,0.9,0.26,1.0,9.0,0.038545203679369255,16.09000015258789,1.3627813022009942,0.0
^VIX,2026-02-04,29.0,Put,9.75,13.35,10.07,,20.0,0.038545203679369255,16.09000015258789,1.3627813022009942,0.0
^VIX,2026-02-04,30.0,Call,0.0,0.0,0.25,219.0,1080.0,0.038545203679369255,16.09000015258789,1.3627813022009942,0.0
^VIX,2026-02-04,30.0,Put,10.7,16.1,11.88,1.0,3.0,0.038545203679369255,16.09000015258789,1.3627813022009942,0.0
^VIX,2026-02-04,31.0,Call,0.0,0.95,0.2,1.0,54.0,0.038545203679369255,16.09000015258789,1.3627813022009942,0.0
^VIX,2026-02-04,32.0,Call,0.0,0.9,0.22,105.0,2148.0,0.038545203679369255,16.09000015258789,1.3627813022009942,0.0
^VIX,2026-02-04,33.0,Call,0.0,0.83,0.21,8.0,28.0,0.038545203679369255,16.09000015258789,1.3627813022009942,0.0
^VIX,2026-02-04,33.0,Put,12.75,18.15,13.55,,1.0,0.038545203679369255,16.09000015258789,1.3627813022009942,0.0
^VIX,2026-02-04,34.0,Call,0.0,0.79,0.18,6.0,508.0,0.038545203679369255,16.09000015258789,1.3627813022009942,0.0
^VIX,2026-02-04,34.0,Put,13.75,19.15,15.8,,51.0,0.038545203679369255,16.09000015258789,1.3627813022009942,0.0
^VIX,2026-02-04,35.0,Call,0.0,0.71,0.15,76.0,372.0,0.038545203679369255,16.09000015258789,1.3627813022009942,0.0
^VIX,2026-02-04,36.0,Call,0.0,0.67,0.14,5.0,39.0,0.038545203679369255,16.09000015258789,1.3627813022009942,0.0
^VIX,2026-02-04,37.0,Call,0.0,0.64,0.12,2.0,11.0,0.038545203679369255,16.09000015258789,1.3627813022009942,0.0
^VIX,2026-02-04,37.0,Put,16.7,22.1,18.74,,56.0,0.038545203679369255,16.09000015258789,1.3627813022009942,0.0
^VIX,2026-02-04,38.0,Call,0.0,0.59,0.14,5.0,17.0,0.038545203679369255,16.09000015258789,1.3627813022009942,0.0
^VIX,2026-02-04,39.0,Call,0.0,0.56,0.4,,253.0,0.038545203679369255,16.09000015258789,1.3627813022009942,0.0
^VIX,2026-02-04,40.0,Call,0.0,0.52,0.11,22.0,793.0,0.038545203679369255,16.09000015258789,1.3627813022009942,0.0
^VIX,2026-02-04,40.0,Put,19.65,25.05,21.66,,158.0,0.038545203679369255,16.09000015258789,1.3627813022009942,0.0
^VIX,2026-02-04,42.5,Call,0.0,0.47,0.37,8.0,10.0,0.038545203679369255,16.09000015258789,1.3627813022009942,0.0
^VIX,2026-02-04,42.5,Put,22.15,27.55,25.09,,22.0,0.038545203679369255,16.09000015258789,1.3627813022009942,0.0
^VIX,2026-02-04,45.0,Call,0.0,0.43,0.08,16.0,55.0,0.038545203679369255,16.09000015258789,1.3627813022009942,0.0
^VIX,2026-02-04,45.0,Put,24.65,30.05,27.35,7.0,105.0,0.038545203679369255,16.09000015258789,1.3627813022009942,0.0
^VIX,2026-02-04,47.5,Call,0.0,0.37,0.14,,34.0,0.038545203679369255,16.09000015258789,1.3627813022009942,0.0
^VIX,2026-02-04,47.5,Put,27.15,32.55,30.04,97.0,131.0,0.038545203679369255,16.09000015258789,1.3627813022009942,0.0
^VIX,2026-02-04,50.0,Call,0.0,0.34,0.05,523.0,578.0,0.038545203679369255,16.09000015258789,1.3627813022009942,0.0
^VIX,2026-02-04,50.0,Put,29.6,35.0,32.56,128.0,107.0,0.038545203679369255,16.09000015258789,1.3627813022009942,0.0
^VIX,2026-02-04,55.0,Call,0.0,0.29,0.05,247.0,1725.0,0.038545203679369255,16.09000015258789,1.3627813022009942,0.0
^VIX,2026-02-04,55.0,Put,32.8,41.8,37.54,,92.0,0.038545203679369255,16.09000015258789,1.3627813022009942,0.0
^VIX,2026-02-04,60.0,Call,0.0,0.25,0.06,5919.0,6539.0,0.038545203679369255,16.09000015258789,1.3627813022009942,0.0
^VIX,2026-02-04,60.0,Put,37.8,46.8,40.1,4.0,80.0,0.038545203679369255,16.09000015258789,1.3627813022009942,0.0
^VIX,2026-02-04,65.0,Call,0.0,0.22,0.09,,20.0,0.038545203679369255,16.09000015258789,1.3627813022009942,0.0
^VIX,2026-02-04,65.0,Put,42.75,51.75,45.11,,79.0,0.038545203679369255,16.09000015258789,1.3627813022009942,0.0
^VIX,2026-02-04,70.0,Call,0.0,0.19,0.03,15.0,162.0,0.038545203679369255,16.09000015258789,1.3627813022009942,0.0
^VIX,2026-02-04,75.0,Call,0.0,0.16,0.06,4.0,81.0,0.038545203679369255,16.09000015258789,1.3627813022009942,0.0
^VIX,2026-02-04,75.0,Put,52.75,61.75,56.45,,52.0,0.038545203679369255,16.09000015258789,1.3627813022009942,0.0
^VIX,2026-02-04,80.0,Call,0.0,0.15,0.02,10.0,50.0,0.038545203679369255,16.09000015258789,1.3627813022009942,0.0
^VIX,2026-02-04,80.0,Put,57.75,66.75,61.43,,41.0,0.038545203679369255,16.09000015258789,1.3627813022009942,0.0
^VIX,2026-02-04,85.0,Call,0.0,0.13,0.02,20.0,51.0,0.038545203679369255,16.09000015258789,1.3627813022009942,0.0
^VIX,2026-02-04,85.0,Put,62.75,71.75,66.42,,51.0,0.038545203679369255,16.09000015258789,1.3627813022009942,0.0
^VIX,2026-02-04,90.0,Put,67.75,76.75,71.41,,65.0,0.038545203679369255,16.09000015258789,1.3627813022009942,0.0
^VIX,2026-02-04,95.0,Call,0.0,0.11,0.03,,87.0,0.038545203679369255,16.09000015258789,1.3627813022009942,0.0
^VIX,2026-02-04,95.0,Put,72.75,81.75,76.39,38.0,77.0,0.038545203679369255,16.09000015258789,1.3627813022009942,0.0
^VIX,2026-02-04,100.0,Call,0.0,0.11,0.02,1.0,74.0,0.038545203679369255,16.09000015258789,1.3627813022009942,0.0
^VIX,2026-02-04,100.0,Put,77.7,86.7,81.38,37.0,57.0,0.038545203679369255,16.09000015258789,1.3627813022009942,0.0
^VIX,2026-02-11,10.0,Call,6.15,9.75,8.04,,8.0,0.03826925098554534,16.09000015258789,1.3627813022009942,0.0
^VIX,2026-02-11,10.0,Put,0.0,0.0,0.01,,15.0,0.03826925098554534,16.09000015258789,1.3627813022009942,0.0
^VIX,2026-02-11,11.5,Call,5.3,8.9,6.11,,1.0,0.03826925098554534,16.09000015258789,1.3627813022009942,0.0
^VIX,2026-02-11,11.5,Put,0.0,0.04,0.02,,5.0,0.03826925098554534,16.09000015258789,1.3627813022009942,0.0
^VIX,2026-02-11,12.5,Call,4.3,6.55,5.12,,1.0,0.03826925098554534,16.09000015258789,1.3627813022009942,0.0
^VIX,2026-02-11,12.5,Put,0.0,0.04,0.01,1.0,1.0,0.03826925098554534,16.09000015258789,1.3627813022009942,0.0
^VIX,2026-02-11,13.0,Call,3.85,6.1,4.87,,57.0,0.03826925098554534,16.09000015258789,1.3627813022009942,0.0
^VIX,2026-02-11,13.0,Put,0.0,0.0,0.01,4.0,9.0,0.03826925098554534,16.09000015258789,1.3627813022009942,0.0
^VIX,2026-02-11,13.5,Put,0.0,0.0,0.03,,20.0,0.03826925098554534,16.09000015258789,1.3627813022009942,0.0
^VIX,2026-02-11,14.0,Call,3.35,5.55,3.81,12.0,1014.0,0.03826925098554534,16.09000015258789,1.3627813022009942,0.0
^VIX,2026-02-11,14.0,Put,0.0,0.06,0.02,200.0,1636.0,0.03826925098554534,16.09000015258789,1.3627813022009942,0.0
^VIX,2026-02-11,14.5,Call,2.81,4.15,3.71,219.0,222.0,0.03826925098554534,16.09000015258789,1.3627813022009942,0.0
^VIX,2026-02-11,14.5,Put,0.0,0.09,0.06,188.0,1280.0,0.03826925098554534,16.09000015258789,1.3627813022009942,0.0
^VIX,2026-02-11,15.0,Call,2.38,3.7,2.85,100.0,213.0,0.03826925098554534,16.09000015258789,1.3627813022009942,0.0
^VIX,2026-02-11,15.0,Put,0.0,0.27,0.12,208.0,458.0,0.03826925098554534,16.09000015258789,1.3627813022009942,0.0
^VIX,2026-02-11,16.0,Call,1.68,3.0,2.25,182.0,571.0,0.03826925098554534,16.09000015258789,1.3627813022009942,0.0
^VIX,2026-02-11,16.0,Put,0.0,0.9,0.4,157.0,486.0,0.03826925098554534,16.09000015258789,1.3627813022009942,0.0
^VIX,2026-02-11,17.0,Call,1.18,2.53,1.65,168.0,443.0,0.03826925098554534,16.09000015258789,1.3627813022009942,0.0
^VIX,2026-02-11,17.0,Put,0.48,1.38,0.95,45.0,142.0,0.03826925098554534,16.09000015258789,1.3627813022009942,0.0
^VIX,2026-02-11,18.0,Call,1.1,2.41,1.45,89.0,798.0,0.03826925098554534,16.09000015258789,1.3627813022009942,0.0
^VIX,2026-02-11,18.0,Put,1.09,2.49,1.7,7.0,146.0,0.03826925098554534,16.09000015258789,1.3627813022009942,0.0
^VIX,2026-02-11,19.0,Call,0.81,1.71,1.21,47.0,254.0,0.03826925098554534,16.09000015258789,1.3627813022009942,0.0
^VIX,2026-02-11,19.0,Put,1.66,3.0,2.5,35.0,127.0,0.03826925098554534,16.09000015258789,1.3627813022009942,0.0
^VIX,2026-02-11,20.0,Call,0.63,1.53,1.07,240.0,540.0,0.03826925098554534,16.09000015258789,1.3627813022009942,0.0
^VIX,2026-02-11,20.0,Put,2.49,3.8,3.1,5.0,104.0,0.03826925098554534,16.09000015258789,1.3627813022009942,0.0
^VIX,2026-02-11,21.0,Call,0.51,1.4,0.98,120.0,306.0,0.03826925098554534,16.09000015258789,1.3627813022009942,0.0
^VIX,2026-02-11,21.0,Put,3.35,5.6,4.11,3.0,172.0,0.03826925098554534,16.09000015258789,1.3627813022009942,0.0
^VIX,2026-02-11,22.0,Call,0.4,1.3,0.77,4.0,150.0,0.03826925098554534,16.09000015258789,1.3627813022009942,0.0
^VIX,2026-02-11,22.0,Put,3.8,6.05,4.98,3.0,64.0,0.03826925098554534,16.09000015258789,1.3627813022009942,0.0
^VIX,2026-02-11,23.0,Call,0.32,1.22,0.72,115.0,384.0,0.03826925098554534,16.09000015258789,1.3627813022009942,0.0
^VIX,2026-02-11,23.0,Put,4.65,7.0,5.9,41.0,106.0,0.03826925098554534,16.09000015258789,1.3627813022009942,0.0
^VIX,2026-02-11,24.0,Call,0.25,1.15,0.63,25.0,190.0,0.03826925098554534,16.09000015258789,1.3627813022009942,0.0
^VIX,2026-02-11,25.0,Call,0.19,0.65,0.63,517.0,721.0,0.03826925098554534,16.09000015258789,1.3627813022009942,0.0
^VIX,2026-02-11,25.0,Put,5.9,9.5,7.82,,45.0,0.03826925098554534,16.09000015258789,1.3627813022009942,0.0
^VIX,2026-02-11,26.0,Call,0.14,1.04,0.48,16.0,155.0,0.03826925098554534,16.09000015258789,1.3627813022009942,0.0
^VIX,2026-02-11,26.0,Put,6.85,10.45,8.7,2.0,23.0,0.03826925098554534,16.09000015258789,1.3627813022009942,0.0
^VIX,2026-02-11,27.0,Call,0.09,0.99,0.81,16.0,119.0,0.03826925098554534,16.09000015258789,1.3627813022009942,0.0
^VIX,2026-02-11,28.0,Call,0.05,0.95,0.43,5.0,105.0,0.03826925098554534,16.09000015258789,1.3627813022009942,0.0
^VIX,2026-02-11,28.0,Put,8.8,12.4,10.68,,81.0,0.03826925098554534,16.09000015258789,1.3627813022009942,0.0
^VIX,2026-02-11,29.0,Call,0.02,0.92,0.86,4.0,7.0,0.03826925098554534,16.09000015258789,1.3627813022009942,0.0
^VIX,2026-02-11,30.0,Call,0.0,0.9,0.35,12.0,608.0,0.03826925098554534,16.09000015258789,1.3627813022009942,0.0
^VIX,2026-02-11,30.0,Put,10.7,16.1,10.84,8.0,3.0,0.03826925098554534,16.09000015258789,1.3627813022009942,0.0
^VIX,2026-02-11,31.0,Call,0.0,0.9,0.43,19.0,26.0,0.03826925098554534,16.09000015258789,1.3627813022009942,0.0
^VIX,2026-02-11,32.0,Call,0.0,0.9,0.3,2.0,7.0,0.03826925098554534,16.09000015258789,1.3627813022009942,0.0
^VIX,2026-02-11,33.0,Call,0.0,0.9,0.3,31.0,37.0,0.03826925098554534,16.09000015258789,1.3627813022009942,0.0
^VIX,2026-02-11,34.0,Call,0.0,0.9,0.28,1.0,5.0,0.03826925098554534,16.09000015258789,1.3627813022009942,0.0
^VIX,2026-02-11,35.0,Call,0.05,0.9,0.26,27.0,125.0,0.03826925098554534,16.09000015258789,1.3627813022009942,0.0
^VIX,2026-02-11,36.0,Call,0.0,0.9,0.25,,3.0,0.03826925098554534,16.09000015258789,1.3627813022009942,0.0
^VIX,2026-02-11,36.0,Put,15.65,21.05,18.45,,21.0,0.03826925098554534,16.09000015258789,1.3627813022009942,0.0
^VIX,2026-02-11,37.0,Call,0.0,0.9,0.36,,7.0,0.03826925098554534,16.09000015258789,1.3627813022009942,0.0
^VIX,2026-02-11,38.0,Call,0.0,0.97,0.39,,3.0,0.03826925098554534,16.09000015258789,1.3627813022009942,0.0
^VIX,2026-02-11,38.0,Put,17.65,23.05,19.3,4.0,7.0,0.03826925098554534,16.09000015258789,1.3627813022009942,0.0
^VIX,2026-02-11,39.0,Call,0.0,0.91,0.54,2.0,3.0,0.03826925098554534,16.09000015258789,1.3627813022009942,0.0
^VIX,2026-02-11,40.0,Call,0.0,0.87,0.19,23.0,211.0,0.03826925098554534,16.09000015258789,1.3627813022009942,0.0
^VIX,2026-02-11,42.5,Call,0.0,0.77,0.34,,1.0,0.03826925098554534,16.09000015258789,1.3627813022009942,0.0
^VIX,2026-02-11,42.5,Put,22.05,27.45,24.43,,100.0,0.03826925098554534,16.09000015258789,1.3627813022009942,0.0
^VIX,2026-02-11,45.0,Call,0.0,0.69,0.29,2.0,3.0,0.03826925098554534,16.09000015258789,1.3627813022009942,0.0
^VIX,2026-02-11,45.0,Put,24.55,29.95,27.1,4.0,119.0,0.03826925098554534,16.09000015258789,1.3627813022009942,0.0
^VIX,2026-02-11,50.0,Call,0.0,0.58,0.14,2.0,16.0,0.03826925098554534,16.09000015258789,1.3627813022009942,0.0
^VIX,2026-02-11,50.0,Put,29.5,34.9,31.44,2.0,23.0,0.03826925098554534,16.09000015258789,1.3627813022009942,0.0
^VIX,2026-02-11,55.0,Call,0.0,0.49,0.11,,1188.0,0.03826925098554534,16.09000015258789,1.3627813022009942,0.0
^VIX,2026-02-11,60.0,Call,0.0,0.43,0.21,29.0,149.0,0.03826925098554534,16.09000015258789,1.3627813022009942,0.0
^VIX,2026-02-11,65.0,Call,0.0,0.38,0.1,,7.0,0.03826925098554534,16.09000015258789,1.3627813022009942,0.0
^VIX,2026-02-11,70.0,Call,0.0,0.32,0.07,5.0,69.0,0.03826925098554534,16.09000015258789,1.3627813022009942,0.0
^VIX,2026-02-11,75.0,Call,0.0,0.28,0.05,50.0,222.0,0.03826925098554534,16.09000015258789,1.3627813022009942,0.0
^VIX,2026-02-11,80.0,Call,0.0,0.25,0.09,20.0,30.0,0.03826925098554534,16.09000015258789,1.3627813022009942,0.0
^VIX,2026-02-11,85.0,Call,0.0,0.22,0.05,10.0,212.0,0.03826925098554534,16.09000015258789,1.3627813022009942,0.0
^VIX,2026-02-11,95.0,Call,0.0,0.19,0.01,,60.0,0.03826925098554534,16.09000015258789,1.3627813022009942,0.0
^VIX,2026-02-11,100.0,Call,0.0,0.17,0.04,,1.0,0.03826925098554534,16.09000015258789,1.3627813022009942,0.0
^VIX,2026-02-11,100.0,Put,77.45,86.45,82.08,189.0,209.0,0.03826925098554534,16.09000015258789,1.3627813022009942,0.0
^VIX,2026-02-18,10.0,Call,8.3,8.45,8.0,7.0,4748.0,0.03799329829172142,16.09000015258789,1.3627813022009942,0.0
^VIX,2026-02-18,10.0,Put,0.0,0.0,0.01,8.0,133.0,0.03799329829172142,16.09000015258789,1.3627813022009942,0.0
^VIX,2026-02-18,10.5,Call,7.85,8.0,9.05,1.0,16.0,0.03799329829172142,16.09000015258789,1.3627813022009942,0.0
^VIX,2026-02-18,10.5,Put,0.0,0.0,0.01,1.0,22.0,0.03799329829172142,16.09000015258789,1.3627813022009942,0.0
^VIX,2026-02-18,11.0,Call,7.35,7.5,7.1,50.0,152.0,0.03799329829172142,16.09000015258789,1.3627813022009942,0.0
^VIX,2026-02-18,11.0,Put,0.0,0.03,0.03,1.0,24.0,0.03799329829172142,16.09000015258789,1.3627813022009942,0.0
^VIX,2026-02-18,11.5,Call,6.8,7.0,6.6,50.0,733.0,0.03799329829172142,16.09000015258789,1.3627813022009942,0.0
^VIX,2026-02-18,11.5,Put,0.0,0.03,0.01,33.0,70.0,0.03799329829172142,16.09000015258789,1.3627813022009942,0.0
^VIX,2026-02-18,12.0,Call,6.25,6.45,5.8,5.0,2601.0,0.03799329829172142,16.09000015258789,1.3627813022009942,0.0
^VIX,2026-02-18,12.0,Put,0.0,0.0,0.01,10.0,591.0,0.03799329829172142,16.09000015258789,1.3627813022009942,0.0
^VIX,2026-02-18,12.5,Call,5.8,5.95,5.85,2.0,91.0,0.03799329829172142,16.09000015258789,1.3627813022009942,0.0
^VIX,2026-02-18,12.5,Put,0.0,0.03,0.01,150.0,605.0,0.03799329829172142,16.09000015258789,1.3627813022009942,0.0
^VIX,2026-02-18,13.0,Call,5.25,5.45,5.06,4.0,2228.0,0.03799329829172142,16.09000015258789,1.3627813022009942,0.0
^VIX,2026-02-18,13.0,Put,0.0,0.03,0.01,1006.0,17484.0,0.03799329829172142,16.09000015258789,1.3627813022009942,0.0
^VIX,2026-02-18,13.5,Call,4.75,4.95,4.75,12.0,379.0,0.03799329829172142,16.09000015258789,1.3627813022009942,0.0
^VIX,2026-02-18,13.5,Put,0.0,0.04,0.02,9.0,1985.0,0.03799329829172142,16.09000015258789,1.3627813022009942,0.0
^VIX,2026-02-18,14.0,Call,4.35,4.5,4.32,91.0,3434.0,0.03799329829172142,16.09000015258789,1.3627813022009942,0.0
^VIX,2026-02-18,14.0,Put,0.0,0.05,0.05,1.0,13229.0,0.03799329829172142,16.09000015258789,1.3627813022009942,0.0
^VIX,2026-02-18,14.5,Call,3.9,4.05,4.0,50.0,1272.0,0.03799329829172142,16.09000015258789,1.3627813022009942,0.0
^VIX,2026-02-18,14.5,Put,0.04,0.07,0.04,266.0,81292.0,0.03799329829172142,16.09000015258789,1.3627813022009942,0.0
^VIX,2026-02-18,15.0,Call,3.45,3.6,3.35,492.0,5069.0,0.03799329829172142,16.09000015258789,1.3627813022009942,0.0
^VIX,2026-02-18,15.0,Put,0.07,0.13,0.08,10.0,128254.0,0.03799329829172142,16.09000015258789,1.3627813022009942,0.0
^VIX,2026-02-18,15.5,Call,2.98,3.15,3.11,511.0,1146.0,0.03799329829172142,16.09000015258789,1.3627813022009942,0.0
^VIX,2026-02-18,15.5,Put,0.15,0.22,0.23,18078.0,61943.0,0.03799329829172142,16.09000015258789,1.3627813022009942,0.0
^VIX,2026-02-18,16.0,Call,2.64,2.78,2.99,20.0,10985.0,0.03799329829172142,16.09000015258789,1.3627813022009942,0.0
^VIX,2026-02-18,16.0,Put,0.3,0.39,0.35,1.0,180279.0,0.03799329829172142,16.09000015258789,1.3627813022009942,0.0
^VIX,2026-02-18,16.5,Call,2.41,2.55,2.41,256.0,1755.0,0.03799329829172142,16.09000015258789,1.3627813022009942,0.0
^VIX,2026-02-18,16.5,Put,0.51,0.6,0.55,1.0,66528.0,0.03799329829172142,16.09000015258789,1.3627813022009942,0.0
^VIX,2026-02-18,17.0,Call,2.17,2.31,2.59,1.0,26134.0,0.03799329829172142,16.09000015258789,1.3627813022009942,0.0
^VIX,2026-02-18,17.0,Put,0.76,0.86,0.8,5.0,109599.0,0.03799329829172142,16.09000015258789,1.3627813022009942,0.0
^VIX,2026-02-18,17.5,Call,1.93,2.06,2.08,796.0,3079.0,0.03799329829172142,16.09000015258789,1.3627813022009942,0.0
^VIX,2026-02-18,17.5,Put,1.08,1.18,1.09,1.0,39009.0,0.03799329829172142,16.09000015258789,1.3627813022009942,0.0
^VIX,2026-02-18,18.0,Call,1.76,1.89,1.87,12477.0,55826.0,0.03799329829172142,16.09000015258789,1.3627813022009942,0.0
^VIX,2026-02-18,18.0,Put,1.41,1.52,1.42,5.0,138625.0,0.03799329829172142,16.09000015258789,1.3627813022009942,0.0
^VIX,2026-02-18,18.5,Call,1.62,1.75,1.56,1800.0,66729.0,0.03799329829172142,16.09000015258789,1.3627813022009942,0.0
^VIX,2026-02-18,18.5,Put,1.77,1.88,1.84,328.0,79860.0,0.03799329829172142,16.09000015258789,1.3627813022009942,0.0
^VIX,2026-02-18,19.0,Call,1.51,1.64,1.57,1185.0,74390.0,0.03799329829172142,16.09000015258789,1.3627813022009942,0.0
^VIX,2026-02-18,19.0,Put,2.14,2.25,2.17,966.0,80135.0,0.03799329829172142,16.09000015258789,1.3627813022009942,0.0
^VIX,2026-02-18,19.5,Call,1.41,1.53,1.47,3294.0,30536.0,0.03799329829172142,16.09000015258789,1.3627813022009942,0.0
^VIX,2026-02-18,19.5,Put,2.54,2.65,2.72,6207.0,24604.0,0.03799329829172142,16.09000015258789,1.3627813022009942,0.0
^VIX,2026-02-18,20.0,Call,1.32,1.44,1.5,85.0,169059.0,0.03799329829172142,16.09000015258789,1.3627813022009942,0.0
^VIX,2026-02-18,20.0,Put,2.91,3.05,2.87,4.0,75189.0,0.03799329829172142,16.09000015258789,1.3627813022009942,0.0
^VIX,2026-02-18,20.5,Call,1.23,1.34,1.26,4402.0,18719.0,0.03799329829172142,16.09000015258789,1.3627813022009942,0.0
^VIX,2026-02-18,20.5,Put,3.35,3.5,3.43,4.0,16005.0,0.03799329829172142,16.09000015258789,1.3627813022009942,0.0
^VIX,2026-02-18,21.0,Call,1.18,1.29,1.2,11150.0,56437.0,0.03799329829172142,16.09000015258789,1.3627813022009942,0.0
^VIX,2026-02-18,21.0,Put,3.7,3.9,4.0,512.0,19691.0,0.03799329829172142,16.09000015258789,1.3627813022009942,0.0
^VIX,2026-02-18,21.5,Call,1.07,1.19,1.12,163.0,31825.0,0.03799329829172142,16.09000015258789,1.3627813022009942,0.0
^VIX,2026-02-18,21.5,Put,4.2,4.35,4.49,2.0,699.0,0.03799329829172142,16.09000015258789,1.3627813022009942,0.0
^VIX,2026-02-18,22.0,Call,1.02,1.13,1.13,8234.0,173321.0,0.03799329829172142,16.09000015258789,1.3627813022009942,0.0
^VIX,2026-02-18,22.0,Put,4.6,4.8,5.0,20.0,25100.0,0.03799329829172142,16.09000015258789,1.3627813022009942,0.0
^VIX,2026-02-18,22.5,Call,0.97,1.07,1.01,198.0,6589.0,0.03799329829172142,16.09000015258789,1.3627813022009942,0.0
^VIX,2026-02-18,22.5,Put,5.0,5.2,5.35,20.0,202.0,0.03799329829172142,16.09000015258789,1.3627813022009942,0.0
^VIX,2026-02-18,23.0,Call,0.94,1.05,1.16,2.0,116955.0,0.03799329829172142,16.09000015258789,1.3627813022009942,0.0
^VIX,2026-02-18,23.0,Put,5.45,5.65,5.57,17.0,9356.0,0.03799329829172142,16.09000015258789,1.3627813022009942,0.0
^VIX,2026-02-18,23.5,Call,0.88,0.97,1.13,25.0,14364.0,0.03799329829172142,16.09000015258789,1.3627813022009942,0.0
^VIX,2026-02-18,23.5,Put,5.9,6.1,6.38,3.0,934.0,0.03799329829172142,16.09000015258789,1.3627813022009942,0.0
^VIX,2026-02-18,24.0,Call,0.84,0.93,0.93,2067.0,88046.0,0.03799329829172142,16.09000015258789,1.3627813022009942,0.0
^VIX,2026-02-18,24.0,Put,6.4,6.6,6.67,20.0,2541.0,0.03799329829172142,16.09000015258789,1.3627813022009942,0.0
^VIX,2026-02-18,24.5,Call,0.8,0.9,0.85,1157.0,13309.0,0.03799329829172142,16.09000015258789,1.3627813022009942,0.0
^VIX,2026-02-18,24.5,Put,6.9,7.05,7.1,2.0,147.0,0.03799329829172142,16.09000015258789,1.3627813022009942,0.0
^VIX,2026-02-18,25.0,Call,0.77,0.87,0.9,10.0,325307.0,0.03799329829172142,16.09000015258789,1.3627813022009942,0.0
^VIX,2026-02-18,25.0,Put,7.35,7.5,7.62,21.0,4125.0,0.03799329829172142,16.09000015258789,1.3627813022009942,0.0
^VIX,2026-02-18,26.0,Call,0.73,0.81,0.7,9078.0,63728.0,0.03799329829172142,16.09000015258789,1.3627813022009942,0.0
^VIX,2026-02-18,26.0,Put,8.2,8.4,8.64,2.0,2118.0,0.03799329829172142,16.09000015258789,1.3627813022009942,0.0
^VIX,2026-02-18,27.0,Call,0.66,0.75,0.75,5416.0,52008.0,0.03799329829172142,16.09000015258789,1.3627813022009942,0.0
^VIX,2026-02-18,27.0,Put,9.2,9.4,9.7,30.0,2289.0,0.03799329829172142,16.09000015258789,1.3627813022009942,0.0
^VIX,2026-02-18,28.0,Call,0.6,0.69,0.65,4471.0,104556.0,0.03799329829172142,16.09000015258789,1.3627813022009942,0.0
^VIX,2026-02-18,28.0,Put,10.1,10.3,10.35,1.0,863.0,0.03799329829172142,16.09000015258789,1.3627813022009942,0.0
^VIX,2026-02-18,29.0,Call,0.56,0.65,0.56,1457.0,112623.0,0.03799329829172142,16.09000015258789,1.3627813022009942,0.0
^VIX,2026-02-18,29.0,Put,11.05,11.25,11.39,200.0,208.0,0.03799329829172142,16.09000015258789,1.3627813022009942,0.0
^VIX,2026-02-18,30.0,Call,0.53,0.62,0.6,15556.0,148211.0,0.03799329829172142,16.09000015258789,1.3627813022009942,0.0
^VIX,2026-02-18,30.0,Put,12.05,12.2,12.4,7.0,5920.0,0.03799329829172142,16.09000015258789,1.3627813022009942,0.0
^VIX,2026-02-18,31.0,Call,0.51,0.59,0.57,360.0,3257.0,0.03799329829172142,16.09000015258789,1.3627813022009942,0.0
^VIX,2026-02-18,31.0,Put,13.0,13.15,12.37,10.0,37.0,0.03799329829172142,16.09000015258789,1.3627813022009942,0.0
^VIX,2026-02-18,32.0,Call,0.48,0.56,0.54,5918.0,33039.0,0.03799329829172142,16.09000015258789,1.3627813022009942,0.0
^VIX,2026-02-18,32.0,Put,13.95,14.15,12.42,33.0,138.0,0.03799329829172142,16.09000015258789,1.3627813022009942,0.0
^VIX,2026-02-18,33.0,Call,0.45,0.53,0.51,651.0,5413.0,0.03799329829172142,16.09000015258789,1.3627813022009942,0.0
^VIX,2026-02-18,33.0,Put,14.9,15.1,15.37,74.0,135.0,0.03799329829172142,16.09000015258789,1.3627813022009942,0.0
^VIX,2026-02-18,34.0,Call,0.42,0.5,0.42,140.0,10008.0,0.03799329829172142,16.09000015258789,1.3627813022009942,0.0
^VIX,2026-02-18,34.0,Put,15.95,16.15,15.55,,150.0,0.03799329829172142,16.09000015258789,1.3627813022009942,0.0
^VIX,2026-02-18,35.0,Call,0.4,0.47,0.44,7878.0,333067.0,0.03799329829172142,16.09000015258789,1.3627813022009942,0.0
^VIX,2026-02-18,35.0,Put,16.95,17.1,17.0,60.0,131.0,0.03799329829172142,16.09000015258789,1.3627813022009942,0.0
^VIX,2026-02-18,36.0,Call,0.38,0.46,0.43,27.0,19847.0,0.03799329829172142,16.09000015258789,1.3627813022009942,0.0
^VIX,2026-02-18,36.0,Put,17.85,18.05,18.05,2.0,4046.0,0.03799329829172142,16.09000015258789,1.3627813022009942,0.0
^VIX,2026-02-18,37.0,Call,0.36,0.43,0.42,1350.0,47271.0,0.03799329829172142,16.09000015258789,1.3627813022009942,0.0
^VIX,2026-02-18,37.0,Put,18.85,19.0,18.45,150.0,153.0,0.03799329829172142,16.09000015258789,1.3627813022009942,0.0
^VIX,2026-02-18,38.0,Call,0.35,0.42,0.41,13.0,24999.0,0.03799329829172142,16.09000015258789,1.3627813022009942,0.0
^VIX,2026-02-18,38.0,Put,19.85,20.05,19.32,,6.0,0.03799329829172142,16.09000015258789,1.3627813022009942,0.0
^VIX,2026-02-18,39.0,Call,0.33,0.4,0.39,33.0,15766.0,0.03799329829172142,16.09000015258789,1.3627813022009942,0.0
^VIX,2026-02-18,40.0,Call,0.32,0.39,0.38,6717.0,122874.0,0.03799329829172142,16.09000015258789,1.3627813022009942,0.0
^VIX,2026-02-18,40.0,Put,21.85,22.0,22.1,203.0,455.0,0.03799329829172142,16.09000015258789,1.3627813022009942,0.0
^VIX,2026-02-18,42.5,Call,0.28,0.35,0.35,16.0,57980.0,0.03799329829172142,16.09000015258789,1.3627813022009942,0.0
^VIX,2026-02-18,42.5,Put,24.3,24.45,23.35,2.0,5.0,0.03799329829172142,16.09000015258789,1.3627813022009942,0.0
^VIX,2026-02-18,45.0,Call,0.26,0.33,0.32,55.0,72936.0,0.03799329829172142,16.09000015258789,1.3627813022009942,0.0
^VIX,2026-02-18,45.0,Put,26.7,26.85,25.8,30.0,290.0,0.03799329829172142,16.09000015258789,1.3627813022009942,0.0
^VIX,2026-02-18,47.5,Call,0.23,0.3,0.3,7.0,190997.0,0.03799329829172142,16.09000015258789,1.3627813022009942,0.0
^VIX,2026-02-18,47.5,Put,29.5,29.5,27.26,1.0,170.0,0.03799329829172142,16.09000015258789,1.3627813022009942,0.0
^VIX,2026-02-18,50.0,Call,0.21,0.28,0.28,2532.0,167830.0,0.03799329829172142,16.09000015258789,1.3627813022009942,0.0
^VIX,2026-02-18,50.0,Put,31.65,31.8,32.05,10.0,37.0,0.03799329829172142,16.09000015258789,1.3627813022009942,0.0
^VIX,2026-02-18,55.0,Call,0.17,0.24,0.24,745.0,138538.0,0.03799329829172142,16.09000015258789,1.3627813022009942,0.0
^VIX,2026-02-18,55.0,Put,36.85,36.95,33.9,1.0,0.0,0.03799329829172142,16.09000015258789,1.3627813022009942,0.0
^VIX,2026-02-18,60.0,Call,0.14,0.22,0.21,621.0,121158.0,0.03799329829172142,16.09000015258789,1.3627813022009942,0.0
^VIX,2026-02-18,60.0,Put,41.55,41.7,41.87,8.0,32.0,0.03799329829172142,16.09000015258789,1.3627813022009942,0.0
^VIX,2026-02-18,65.0,Call,0.12,0.19,0.18,6126.0,71710.0,0.03799329829172142,16.09000015258789,1.3627813022009942,0.0
^VIX,2026-02-18,70.0,Call,0.1,0.17,0.14,42.0,104546.0,0.03799329829172142,16.09000015258789,1.3627813022009942,0.0
^VIX,2026-02-18,70.0,Put,51.5,51.65,49.78,1.0,51.0,0.03799329829172142,16.09000015258789,1.3627813022009942,0.0
^VIX,2026-02-18,75.0,Call,0.08,0.15,0.14,540.0,50692.0,0.03799329829172142,16.09000015258789,1.3627813022009942,0.0
^VIX,2026-02-18,80.0,Call,0.07,0.13,0.07,143.0,36399.0,0.03799329829172142,16.09000015258789,1.3627813022009942,0.0
^VIX,2026-02-18,80.0,Put,61.5,61.7,61.65,10.0,11.0,0.03799329829172142,16.09000015258789,1.3627813022009942,0.0
^VIX,2026-02-18,85.0,Call,0.06,0.12,0.06,2.0,46689.0,0.03799329829172142,16.09000015258789,1.3627813022009942,0.0
^VIX,2026-02-18,90.0,Call,0.04,0.11,0.05,268.0,9951.0,0.03799329829172142,16.09000015258789,1.3627813022009942,0.0
^VIX,2026-02-18,90.0,Put,71.45,71.65,71.8,10.0,25.0,0.03799329829172142,16.09000015258789,1.3627813022009942,0.0
^VIX,2026-02-18,95.0,Call,0.03,0.1,0.05,4.0,4830.0,0.03799329829172142,16.09000015258789,1.3627813022009942,0.0
^VIX,2026-02-18,100.0,Call,0.03,0.09,0.06,75.0,118657.0,0.03799329829172142,16.09000015258789,1.3627813022009942,0.0
^VIX,2026-02-18,100.0,Put,81.35,81.55,81.66,2.0,10.0,0.03799329829172142,16.09000015258789,1.3627813022009942,0.0
^VIX,2026-02-18,110.0,Call,0.02,0.08,0.03,107.0,6321.0,0.03799329829172142,16.09000015258789,1.3627813022009942,0.0
^VIX,2026-02-18,110.0,Put,91.25,91.5,90.46,10.0,21.0,0.03799329829172142,16.09000015258789,1.3627813022009942,0.0
^VIX,2026-02-18,120.0,Call,0.01,0.07,0.03,7.0,8894.0,0.03799329829172142,16.09000015258789,1.3627813022009942,0.0
^VIX,2026-02-18,120.0,Put,97.25,97.85,95.45,,1.0,0.03799329829172142,16.09000015258789,1.3627813022009942,0.0
^VIX,2026-02-18,130.0,Call,0.0,0.06,0.04,4.0,5919.0,0.03799329829172142,16.09000015258789,1.3627813022009942,0.0
^VIX,2026-02-18,140.0,Call,0.0,0.06,0.04,1.0,10545.0,0.03799329829172142,16.09000015258789,1.3627813022009942,0.0
^VIX,2026-02-18,140.0,Put,114.5,115.4,114.82,20.0,0.0,0.03799329829172142,16.09000015258789,1.3627813022009942,0.0
^VIX,2026-02-18,150.0,Call,0.0,0.06,0.05,20.0,197.0,0.03799329829172142,16.09000015258789,1.3627813022009942,0.0
^VIX,2026-02-18,150.0,Put,0.0,0.0,124.75,1.0,1.0,0.03799329829172142,16.09000015258789,1.3627813022009942,0.0
^VIX,2026-02-18,160.0,Call,0.0,0.05,0.03,1.0,72.0,0.03799329829172142,16.09000015258789,1.3627813022009942,0.0
^VIX,2026-02-18,170.0,Call,0.07,0.15,0.13,1.0,3.0,0.03799329829172142,16.09000015258789,1.3627813022009942,0.0
^VIX,2026-02-18,170.0,Put,151.0,151.4,148.0,50.0,50.0,0.03799329829172142,16.09000015258789,1.3627813022009942,0.0
^VIX,2026-02-18,180.0,Put,161.1,161.4,161.18,3.0,354.0,0.03799329829172142,16.09000015258789,1.3627813022009942,0.0
^VIX,2026-02-18,190.0,Call,0.0,0.05,0.02,2.0,315.0,0.03799329829172142,16.09000015258789,1.3627813022009942,0.0
^VIX,2026-02-18,190.0,Put,171.1,171.3,168.35,,241.0,0.03799329829172142,16.09000015258789,1.3627813022009942,0.0
^VIX,2026-02-18,200.0,Call,0.0,0.04,0.03,2.0,1631.0,0.03799329829172142,16.09000015258789,1.3627813022009942,0.0
^VIX,2026-02-18,200.0,Put,181.0,181.2,181.45,2.0,322.0,0.03799329829172142,16.09000015258789,1.3627813022009942,0.0
^VIX,2026-02-25,10.0,Put,0.0,0.0,0.01,15.0,25.0,0.0377173455978975,16.09000015258789,1.3627813022009942,0.0
^VIX,2026-02-25,13.0,Put,0.0,1.35,0.23,1.0,1.0,0.0377173455978975,16.09000015258789,1.3627813022009942,0.0
^VIX,2026-02-25,14.0,Put,0.0,1.35,0.27,1.0,1.0,0.0377173455978975,16.09000015258789,1.3627813022009942,0.0
^VIX,2026-02-25,14.5,Call,3.65,7.3,4.2,,0.0,0.0377173455978975,16.09000015258789,1.3627813022009942,0.0
^VIX,2026-02-25,14.5,Put,0.0,1.35,0.22,1.0,6.0,0.0377173455978975,16.09000015258789,1.3627813022009942,0.0
^VIX,2026-02-25,15.0,Call,3.15,6.75,4.05,104.0,3686.0,0.0377173455978975,16.09000015258789,1.3627813022009942,0.0
^VIX,2026-02-25,15.0,Put,0.0,1.35,0.27,16.0,16.0,0.0377173455978975,16.09000015258789,1.3627813022009942,0.0
^VIX,2026-02-25,16.0,Call,2.36,4.6,3.5,34.0,781.0,0.0377173455978975,16.09000015258789,1.3627813022009942,0.0
^VIX,2026-02-25,16.0,Put,0.0,1.35,0.61,,30.0,0.0377173455978975,16.09000015258789,1.3627813022009942,0.0
^VIX,2026-02-25,17.0,Call,1.75,3.5,2.84,14.0,56.0,0.0377173455978975,16.09000015258789,1.3627813022009942,0.0
^VIX,2026-02-25,17.0,Put,0.04,1.39,0.7,10.0,90.0,0.0377173455978975,16.09000015258789,1.3627813022009942,0.0
^VIX,2026-02-25,18.0,Call,1.3,3.55,2.4,12.0,72.0,0.0377173455978975,16.09000015258789,1.3627813022009942,0.0
^VIX,2026-02-25,18.0,Put,0.58,1.93,1.48,,516.0,0.0377173455978975,16.09000015258789,1.3627813022009942,0.0
^VIX,2026-02-25,19.0,Call,1.44,3.7,2.1,53.0,1973.0,0.0377173455978975,16.09000015258789,1.3627813022009942,0.0
^VIX,2026-02-25,19.0,Put,1.23,3.45,1.69,24.0,44.0,0.0377173455978975,16.09000015258789,1.3627813022009942,0.0
^VIX,2026-02-25,20.0,Call,1.15,3.4,1.85,31.0,117.0,0.0377173455978975,16.09000015258789,1.3627813022009942,0.0
^VIX,2026-02-25,20.0,Put,1.52,3.75,3.17,3.0,13.0,0.0377173455978975,16.09000015258789,1.3627813022009942,0.0
^VIX,2026-02-25,21.0,Call,0.95,2.3,1.5,17.0,39.0,0.0377173455978975,16.09000015258789,1.3627813022009942,0.0
^VIX,2026-02-25,21.0,Put,2.32,4.55,3.74,,3.0,0.0377173455978975,16.09000015258789,1.3627813022009942,0.0
^VIX,2026-02-25,22.0,Call,0.79,2.14,1.85,11.0,52.0,0.0377173455978975,16.09000015258789,1.3627813022009942,0.0
^VIX,2026-02-25,22.0,Put,3.15,6.75,4.35,,5.0,0.0377173455978975,16.09000015258789,1.3627813022009942,0.0
^VIX,2026-02-25,23.0,Call,0.66,2.01,1.25,2.0,9.0,0.0377173455978975,16.09000015258789,1.3627813022009942,0.0
^VIX,2026-02-25,23.0,Put,4.05,7.65,5.2,2.0,3.0,0.0377173455978975,16.09000015258789,1.3627813022009942,0.0
^VIX,2026-02-25,24.0,Call,0.55,1.9,1.03,33.0,57.0,0.0377173455978975,16.09000015258789,1.3627813022009942,0.0
^VIX,2026-02-25,24.0,Put,4.15,7.85,6.31,,2.0,0.0377173455978975,16.09000015258789,1.3627813022009942,0.0
^VIX,2026-02-25,25.0,Call,0.46,1.81,1.21,19.0,128.0,0.0377173455978975,16.09000015258789,1.3627813022009942,0.0
^VIX,2026-02-25,25.0,Put,5.15,10.55,7.1,,10.0,0.0377173455978975,16.09000015258789,1.3627813022009942,0.0
^VIX,2026-02-25,26.0,Call,0.38,1.73,1.02,6.0,10.0,0.0377173455978975,16.09000015258789,1.3627813022009942,0.0
^VIX,2026-02-25,26.0,Put,5.15,10.6,8.04,22.0,26.0,0.0377173455978975,16.09000015258789,1.3627813022009942,0.0
^VIX,2026-02-25,27.0,Call,0.31,1.66,0.81,1.0,20.0,0.0377173455978975,16.09000015258789,1.3627813022009942,0.0
^VIX,2026-02-25,28.0,Call,0.25,1.6,0.98,31.0,41.0,0.0377173455978975,16.09000015258789,1.3627813022009942,0.0
^VIX,2026-02-25,28.0,Put,7.05,12.45,10.02,,5.0,0.0377173455978975,16.09000015258789,1.3627813022009942,0.0
^VIX,2026-02-25,30.0,Call,0.15,1.5,0.93,3.0,37.0,0.0377173455978975,16.09000015258789,1.3627813022009942,0.0
^VIX,2026-02-25,31.0,Call,0.1,1.45,0.6,,2.0,0.0377173455978975,16.09000015258789,1.3627813022009942,0.0
^VIX,2026-02-25,33.0,Call,0.03,1.38,0.5,,3.0,0.0377173455978975,16.09000015258789,1.3627813022009942,0.0
^VIX,2026-02-25,35.0,Call,0.0,1.35,0.62,1.0,11.0,0.0377173455978975,16.09000015258789,1.3627813022009942,0.0
^VIX,2026-02-25,40.0,Call,0.0,1.35,0.45,2.0,30.0,0.0377173455978975,16.09000015258789,1.3627813022009942,0.0
^VIX,2026-02-25,42.5,Call,0.0,1.35,0.28,,63.0,0.0377173455978975,16.09000015258789,1.3627813022009942,0.0
^VIX,2026-02-25,45.0,Call,0.0,1.35,0.33,2.0,11.0,0.0377173455978975,16.09000015258789,1.3627813022009942,0.0
^VIX,2026-02-25,50.0,Call,0.0,1.35,0.35,20.0,23.0,0.0377173455978975,16.09000015258789,1.3627813022009942,0.0
^VIX,2026-02-25,50.0,Put,26.6,35.6,30.6,,11.0,0.0377173455978975,16.09000015258789,1.3627813022009942,0.0
^VIX,2026-02-25,55.0,Call,0.0,1.35,0.35,,1.0,0.0377173455978975,16.09000015258789,1.3627813022009942,0.0
^VIX,2026-02-25,60.0,Call,0.0,1.35,0.15,1.0,16.0,0.0377173455978975,16.09000015258789,1.3627813022009942,0.0
^VIX,2026-02-25,65.0,Call,0.0,1.35,0.68,,3.0,0.0377173455978975,16.09000015258789,1.3627813022009942,0.0
^VIX,2026-02-25,90.0,Call,0.0,1.35,0.1,,15.0,0.0377173455978975,16.09000015258789,1.3627813022009942,0.0
^VIX,2026-02-25,100.0,Put,76.15,85.15,80.23,,10.0,0.0377173455978975,16.09000015258789,1.3627813022009942,0.0
^VIX,2026-03-18,10.0,Call,9.15,9.3,9.06,35.0,750.0,0.03706491458607096,16.09000015258789,1.3627813022009942,0.0
^VIX,2026-03-18,10.0,Put,0.0,0.0,0.01,1.0,786.0,0.03706491458607096,16.09000015258789,1.3627813022009942,0.0
^VIX,2026-03-18,10.5,Call,8.65,8.8,10.15,1.0,14.0,0.03706491458607096,16.09000015258789,1.3627813022009942,0.0
^VIX,2026-03-18,10.5,Put,0.0,0.06,0.02,70.0,82.0,0.03706491458607096,16.09000015258789,1.3627813022009942,0.0
^VIX,2026-03-18,11.0,Call,8.15,8.3,7.9,1.0,76.0,0.03706491458607096,16.09000015258789,1.3627813022009942,0.0
^VIX,2026-03-18,11.0,Put,0.0,0.06,0.02,5.0,21.0,0.03706491458607096,16.09000015258789,1.3627813022009942,0.0
^VIX,2026-03-18,11.5,Call,7.65,7.85,7.6,3.0,10.0,0.03706491458607096,16.09000015258789,1.3627813022009942,0.0
^VIX,2026-03-18,11.5,Put,0.0,0.04,0.03,99.0,100.0,0.03706491458607096,16.09000015258789,1.3627813022009942,0.0
^VIX,2026-03-18,12.0,Call,7.15,7.35,7.8,16.0,131.0,0.03706491458607096,16.09000015258789,1.3627813022009942,0.0
^VIX,2026-03-18,12.0,Put,0.0,0.06,0.02,135.0,933.0,0.03706491458607096,16.09000015258789,1.3627813022009942,0.0
^VIX,2026-03-18,12.5,Call,6.65,6.85,7.25,59.0,70.0,0.03706491458607096,16.09000015258789,1.3627813022009942,0.0
^VIX,2026-03-18,12.5,Put,0.0,0.07,0.03,1.0,174.0,0.03706491458607096,16.09000015258789,1.3627813022009942,0.0
^VIX,2026-03-18,13.0,Call,6.15,6.35,6.05,65.0,1256.0,0.03706491458607096,16.09000015258789,1.3627813022009942,0.0
^VIX,2026-03-18,13.0,Put,0.0,0.07,0.04,8.0,6002.0,0.03706491458607096,16.09000015258789,1.3627813022009942,0.0
^VIX,2026-03-18,13.5,Call,5.7,5.85,5.65,11.0,610.0,0.03706491458607096,16.09000015258789,1.3627813022009942,0.0
^VIX,2026-03-18,13.5,Put,0.0,0.09,0.04,3.0,10651.0,0.03706491458607096,16.09000015258789,1.3627813022009942,0.0
^VIX,2026-03-18,14.0,Call,5.2,5.4,5.35,117.0,1578.0,0.03706491458607096,16.09000015258789,1.3627813022009942,0.0
^VIX,2026-03-18,14.0,Put,0.0,0.12,0.07,41.0,13133.0,0.03706491458607096,16.09000015258789,1.3627813022009942,0.0
^VIX,2026-03-18,14.5,Call,4.8,4.95,4.65,20.0,1033.0,0.03706491458607096,16.09000015258789,1.3627813022009942,0.0
^VIX,2026-03-18,14.5,Put,0.07,0.19,0.14,62.0,25221.0,0.03706491458607096,16.09000015258789,1.3627813022009942,0.0
^VIX,2026-03-18,15.0,Call,4.4,4.55,4.5,524.0,3746.0,0.03706491458607096,16.09000015258789,1.3627813022009942,0.0
^VIX,2026-03-18,15.0,Put,0.16,0.28,0.22,319.0,151300.0,0.03706491458607096,16.09000015258789,1.3627813022009942,0.0
^VIX,2026-03-18,15.5,Call,4.0,4.2,4.1,242.0,263.0,0.03706491458607096,16.09000015258789,1.3627813022009942,0.0
^VIX,2026-03-18,15.5,Put,0.3,0.42,0.4,1.0,9.0,0.03706491458607096,16.09000015258789,1.3627813022009942,0.0
^VIX,2026-03-18,16.0,Call,3.65,3.85,3.81,305.0,4486.0,0.03706491458607096,16.09000015258789,1.3627813022009942,0.0
^VIX,2026-03-18,16.0,Put,0.48,0.6,0.54,768.0,50564.0,0.03706491458607096,16.09000015258789,1.3627813022009942,0.0
^VIX,2026-03-18,16.5,Call,3.35,3.55,3.3,7.0,38.0,0.03706491458607096,16.09000015258789,1.3627813022009942,0.0
^VIX,2026-03-18,16.5,Put,0.7,0.81,0.79,103.0,108.0,0.03706491458607096,16.09000015258789,1.3627813022009942,0.0
^VIX,2026-03-18,17.0,Call,3.15,3.3,3.25,474.0,5145.0,0.03706491458607096,16.09000015258789,1.3627813022009942,0.0
^VIX,2026-03-18,17.0,Put,0.96,1.07,1.01,1644.0,53985.0,0.03706491458607096,16.09000015258789,1.3627813022009942,0.0
^VIX,2026-03-18,17.5,Call,2.98,3.15,2.94,57.0,62.0,0.03706491458607096,16.09000015258789,1.3627813022009942,0.0
^VIX,2026-03-18,17.5,Put,1.23,1.35,1.39,1.0,1536.0,0.03706491458607096,16.09000015258789,1.3627813022009942,0.0
^VIX,2026-03-18,18.0,Call,2.75,2.9,3.2,1.0,27096.0,0.03706491458607096,16.09000015258789,1.3627813022009942,0.0
^VIX,2026-03-18,18.0,Put,1.54,1.67,1.59,569.0,97802.0,0.03706491458607096,16.09000015258789,1.3627813022009942,0.0
^VIX,2026-03-18,18.5,Call,2.59,2.74,2.68,1468.0,743.0,0.03706491458607096,16.09000015258789,1.3627813022009942,0.0
^VIX,2026-03-18,19.0,Call,2.45,2.59,2.52,15469.0,52903.0,0.03706491458607096,16.09000015258789,1.3627813022009942,0.0
^VIX,2026-03-18,19.0,Put,2.21,2.34,2.28,23082.0,73729.0,0.03706491458607096,16.09000015258789,1.3627813022009942,0.0
^VIX,2026-03-18,19.5,Call,2.35,2.49,2.31,7.0,35.0,0.03706491458607096,16.09000015258789,1.3627813022009942,0.0
^VIX,2026-03-18,19.5,Put,2.58,2.7,2.73,,6.0,0.03706491458607096,16.09000015258789,1.3627813022009942,0.0
^VIX,2026-03-18,20.0,Call,2.21,2.35,2.29,8356.0,154292.0,0.03706491458607096,16.09000015258789,1.3627813022009942,0.0
^VIX,2026-03-18,20.0,Put,2.97,3.1,2.96,10.0,64084.0,0.03706491458607096,16.09000015258789,1.3627813022009942,0.0
^VIX,2026-03-18,20.5,Call,2.09,2.24,2.07,11.0,15.0,0.03706491458607096,16.09000015258789,1.3627813022009942,0.0
^VIX,2026-03-18,20.5,Put,3.35,3.5,3.45,359.0,596.0,0.03706491458607096,16.09000015258789,1.3627813022009942,0.0
^VIX,2026-03-18,21.0,Call,2.0,2.14,2.05,3204.0,38533.0,0.03706491458607096,16.09000015258789,1.3627813022009942,0.0
^VIX,2026-03-18,21.0,Put,3.75,3.9,3.85,16.0,36192.0,0.03706491458607096,16.09000015258789,1.3627813022009942,0.0
^VIX,2026-03-18,21.5,Call,1.91,2.05,1.91,412.0,418.0,0.03706491458607096,16.09000015258789,1.3627813022009942,0.0
^VIX,2026-03-18,21.5,Put,4.15,4.3,4.22,1.0,1.0,0.03706491458607096,16.09000015258789,1.3627813022009942,0.0
^VIX,2026-03-18,22.0,Call,1.84,1.98,1.92,38467.0,76741.0,0.03706491458607096,16.09000015258789,1.3627813022009942,0.0
^VIX,2026-03-18,22.0,Put,4.55,4.75,4.8,21.0,54402.0,0.03706491458607096,16.09000015258789,1.3627813022009942,0.0
^VIX,2026-03-18,22.5,Call,1.76,1.91,1.68,3.0,29.0,0.03706491458607096,16.09000015258789,1.3627813022009942,0.0
^VIX,2026-03-18,22.5,Put,4.95,5.15,5.24,3.0,5.0,0.03706491458607096,16.09000015258789,1.3627813022009942,0.0
^VIX,2026-03-18,23.0,Call,1.69,1.83,1.71,326.0,112027.0,0.03706491458607096,16.09000015258789,1.3627813022009942,0.0
^VIX,2026-03-18,23.0,Put,5.4,5.55,5.6,3.0,28544.0,0.03706491458607096,16.09000015258789,1.3627813022009942,0.0
^VIX,2026-03-18,23.5,Call,1.62,1.76,1.58,1.0,3.0,0.03706491458607096,16.09000015258789,1.3627813022009942,0.0
^VIX,2026-03-18,23.5,Put,5.8,6.0,5.97,,1.0,0.03706491458607096,16.09000015258789,1.3627813022009942,0.0
^VIX,2026-03-18,24.0,Call,1.54,1.68,1.61,254.0,104507.0,0.03706491458607096,16.09000015258789,1.3627813022009942,0.0
^VIX,2026-03-18,24.0,Put,6.25,6.45,6.45,27.0,1916.0,0.03706491458607096,16.09000015258789,1.3627813022009942,0.0
^VIX,2026-03-18,24.5,Call,1.48,1.61,1.42,5.0,5.0,0.03706491458607096,16.09000015258789,1.3627813022009942,0.0
^VIX,2026-03-18,24.5,Put,6.7,6.85,6.81,360.0,381.0,0.03706491458607096,16.09000015258789,1.3627813022009942,0.0
^VIX,2026-03-18,25.0,Call,1.44,1.57,1.5,2151.0,152353.0,0.03706491458607096,16.09000015258789,1.3627813022009942,0.0
^VIX,2026-03-18,25.0,Put,7.15,7.3,7.23,8.0,23201.0,0.03706491458607096,16.09000015258789,1.3627813022009942,0.0
^VIX,2026-03-18,26.0,Call,1.35,1.47,1.38,477.0,16527.0,0.03706491458607096,16.09000015258789,1.3627813022009942,0.0
^VIX,2026-03-18,26.0,Put,8.0,8.2,8.23,95.0,1466.0,0.03706491458607096,16.09000015258789,1.3627813022009942,0.0
^VIX,2026-03-18,27.0,Call,1.24,1.36,1.29,418.0,21120.0,0.03706491458607096,16.09000015258789,1.3627813022009942,0.0
^VIX,2026-03-18,27.0,Put,8.95,9.1,8.55,53.0,2437.0,0.03706491458607096,16.09000015258789,1.3627813022009942,0.0
^VIX,2026-03-18,28.0,Call,1.17,1.28,1.25,279.0,22026.0,0.03706491458607096,16.09000015258789,1.3627813022009942,0.0
^VIX,2026-03-18,28.0,Put,9.85,10.05,10.05,6.0,48.0,0.03706491458607096,16.09000015258789,1.3627813022009942,0.0
^VIX,2026-03-18,29.0,Call,1.12,1.23,1.16,442.0,16236.0,0.03706491458607096,16.09000015258789,1.3627813022009942,0.0
^VIX,2026-03-18,29.0,Put,10.75,10.95,10.95,4.0,42.0,0.03706491458607096,16.09000015258789,1.3627813022009942,0.0
^VIX,2026-03-18,30.0,Call,1.05,1.17,1.1,1662.0,90610.0,0.03706491458607096,16.09000015258789,1.3627813022009942,0.0
^VIX,2026-03-18,30.0,Put,11.7,11.85,11.93,5.0,995.0,0.03706491458607096,16.09000015258789,1.3627813022009942,0.0
^VIX,2026-03-18,31.0,Call,1.0,1.1,1.04,738.0,2249.0,0.03706491458607096,16.09000015258789,1.3627813022009942,0.0
^VIX,2026-03-18,31.0,Put,12.65,12.85,12.41,50.0,52.0,0.03706491458607096,16.09000015258789,1.3627813022009942,0.0
^VIX,2026-03-18,32.0,Call,0.95,1.07,1.0,10721.0,36830.0,0.03706491458607096,16.09000015258789,1.3627813022009942,0.0
^VIX,2026-03-18,32.0,Put,13.6,13.8,13.9,10.0,70.0,0.03706491458607096,16.09000015258789,1.3627813022009942,0.0
^VIX,2026-03-18,33.0,Call,0.91,1.02,1.0,494.0,16218.0,0.03706491458607096,16.09000015258789,1.3627813022009942,0.0
^VIX,2026-03-18,33.0,Put,14.55,14.75,14.39,,1.0,0.03706491458607096,16.09000015258789,1.3627813022009942,0.0
^VIX,2026-03-18,34.0,Call,0.87,0.98,0.93,209.0,951.0,0.03706491458607096,16.09000015258789,1.3627813022009942,0.0
^VIX,2026-03-18,34.0,Put,15.5,15.7,15.15,1.0,802.0,0.03706491458607096,16.09000015258789,1.3627813022009942,0.0
^VIX,2026-03-18,35.0,Call,0.83,0.94,0.89,10867.0,60101.0,0.03706491458607096,16.09000015258789,1.3627813022009942,0.0
^VIX,2026-03-18,35.0,Put,16.45,16.6,16.45,1.0,48.0,0.03706491458607096,16.09000015258789,1.3627813022009942,0.0
^VIX,2026-03-18,36.0,Call,0.79,0.9,0.86,222.0,3440.0,0.03706491458607096,16.09000015258789,1.3627813022009942,0.0
^VIX,2026-03-18,36.0,Put,17.4,17.55,17.75,10.0,21.0,0.03706491458607096,16.09000015258789,1.3627813022009942,0.0
^VIX,2026-03-18,37.0,Call,0.76,0.87,0.83,28132.0,29906.0,0.03706491458607096,16.09000015258789,1.3627813022009942,0.0
^VIX,2026-03-18,37.0,Put,15.95,16.8,16.8,,2.0,0.03706491458607096,16.09000015258789,1.3627813022009942,0.0
^VIX,2026-03-18,38.0,Call,0.73,0.84,0.79,258.0,3600.0,0.03706491458607096,16.09000015258789,1.3627813022009942,0.0
^VIX,2026-03-18,39.0,Call,0.7,0.81,0.75,102.0,6140.0,0.03706491458607096,16.09000015258789,1.3627813022009942,0.0
^VIX,2026-03-18,39.0,Put,20.3,20.45,19.3,3.0,5.0,0.03706491458607096,16.09000015258789,1.3627813022009942,0.0
^VIX,2026-03-18,40.0,Call,0.67,0.78,0.75,2068.0,49631.0,0.03706491458607096,16.09000015258789,1.3627813022009942,0.0
^VIX,2026-03-18,40.0,Put,21.3,21.45,20.3,1.0,213.0,0.03706491458607096,16.09000015258789,1.3627813022009942,0.0
^VIX,2026-03-18,42.5,Call,0.61,0.72,0.67,346.0,47178.0,0.03706491458607096,16.09000015258789,1.3627813022009942,0.0
^VIX,2026-03-18,42.5,Put,21.7,22.0,21.85,,0.0,0.03706491458607096,16.09000015258789,1.3627813022009942,0.0
^VIX,2026-03-18,45.0,Call,0.55,0.66,0.61,1822.0,48409.0,0.03706491458607096,16.09000015258789,1.3627813022009942,0.0
^VIX,2026-03-18,45.0,Put,26.15,26.3,26.1,89.0,290.0,0.03706491458607096,16.09000015258789,1.3627813022009942,0.0
^VIX,2026-03-18,47.5,Call,0.5,0.61,0.55,355.0,7877.0,0.03706491458607096,16.09000015258789,1.3627813022009942,0.0
^VIX,2026-03-18,47.5,Put,28.55,28.7,28.32,1.0,1.0,0.03706491458607096,16.09000015258789,1.3627813022009942,0.0
^VIX,2026-03-18,50.0,Call,0.45,0.56,0.53,853.0,169798.0,0.03706491458607096,16.09000015258789,1.3627813022009942,0.0
^VIX,2026-03-18,50.0,Put,31.0,31.2,31.2,4.0,10.0,0.03706491458607096,16.09000015258789,1.3627813022009942,0.0
^VIX,2026-03-18,55.0,Call,0.38,0.49,0.43,1328.0,75903.0,0.03706491458607096,16.09000015258789,1.3627813022009942,0.0
^VIX,2026-03-18,55.0,Put,35.75,35.9,33.35,1.0,1.0,0.03706491458607096,16.09000015258789,1.3627813022009942,0.0
^VIX,2026-03-18,60.0,Call,0.31,0.43,0.37,2546.0,92909.0,0.03706491458607096,16.09000015258789,1.3627813022009942,0.0
^VIX,2026-03-18,60.0,Put,40.8,41.0,40.27,1.0,87.0,0.03706491458607096,16.09000015258789,1.3627813022009942,0.0
^VIX,2026-03-18,65.0,Call,0.26,0.38,0.33,414.0,43780.0,0.03706491458607096,16.09000015258789,1.3627813022009942,0.0
^VIX,2026-03-18,70.0,Call,0.22,0.34,0.27,201.0,47004.0,0.03706491458607096,16.09000015258789,1.3627813022009942,0.0
^VIX,2026-03-18,70.0,Put,50.45,50.55,48.47,2.0,2.0,0.03706491458607096,16.09000015258789,1.3627813022009942,0.0
^VIX,2026-03-18,75.0,Call,0.19,0.31,0.26,714.0,93461.0,0.03706491458607096,16.09000015258789,1.3627813022009942,0.0
^VIX,2026-03-18,80.0,Call,0.16,0.28,0.23,134.0,168179.0,0.03706491458607096,16.09000015258789,1.3627813022009942,0.0
^VIX,2026-03-18,80.0,Put,60.35,60.45,58.24,2.0,4.0,0.03706491458607096,16.09000015258789,1.3627813022009942,0.0
^VIX,2026-03-18,85.0,Call,0.14,0.26,0.2,33.0,73209.0,0.03706491458607096,16.09000015258789,1.3627813022009942,0.0
^VIX,2026-03-18,90.0,Call,0.12,0.24,0.19,3.0,8699.0,0.03706491458607096,16.09000015258789,1.3627813022009942,0.0
^VIX,2026-03-18,90.0,Put,70.45,70.65,70.66,4.0,9.0,0.03706491458607096,16.09000015258789,1.3627813022009942,0.0
^VIX,2026-03-18,95.0,Call,0.1,0.22,0.16,224.0,13065.0,0.03706491458607096,16.09000015258789,1.3627813022009942,0.0
^VIX,2026-03-18,100.0,Call,0.09,0.21,0.15,11.0,68294.0,0.03706491458607096,16.09000015258789,1.3627813022009942,0.0
^VIX,2026-03-18,100.0,Put,80.3,80.55,79.7,251.0,258.0,0.03706491458607096,16.09000015258789,1.3627813022009942,0.0
^VIX,2026-03-18,110.0,Call,0.07,0.18,0.11,2.0,1239.0,0.03706491458607096,16.09000015258789,1.3627813022009942,0.0
^VIX,2026-03-18,120.0,Call,0.05,0.17,0.15,111.0,171.0,0.03706491458607096,16.09000015258789,1.3627813022009942,0.0
^VIX,2026-03-18,120.0,Put,96.65,97.55,94.8,,1.0,0.03706491458607096,16.09000015258789,1.3627813022009942,0.0
^VIX,2026-03-18,130.0,Call,0.04,0.15,0.09,2.0,118.0,0.03706491458607096,16.09000015258789,1.3627813022009942,0.0
^VIX,2026-03-18,140.0,Call,0.02,0.14,0.09,1.0,282.0,0.03706491458607096,16.09000015258789,1.3627813022009942,0.0
^VIX,2026-03-18,140.0,Put,120.05,120.3,119.7,,110.0,0.03706491458607096,16.09000015258789,1.3627813022009942,0.0
^VIX,2026-03-18,150.0,Call,0.02,0.13,0.08,30.0,1521.0,0.03706491458607096,16.09000015258789,1.3627813022009942,0.0
^VIX,2026-03-18,150.0,Put,107.25,0.0,125.05,1.0,2.0,0.03706491458607096,16.09000015258789,1.3627813022009942,0.0
^VIX,2026-03-18,160.0,Call,0.01,0.13,0.05,1.0,2011.0,0.03706491458607096,16.09000015258789,1.3627813022009942,0.0
^VIX,2026-03-18,170.0,Call,0.0,0.12,0.06,109.0,635.0,0.03706491458607096,16.09000015258789,1.3627813022009942,0.0
^VIX,2026-03-18,180.0,Call,0.0,0.12,0.04,1.0,238.0,0.03706491458607096,16.09000015258789,1.3627813022009942,0.0
^VIX,2026-03-18,180.0,Put,159.75,160.0,159.35,13.0,64.0,0.03706491458607096,16.09000015258789,1.3627813022009942,0.0
^VIX,2026-03-18,190.0,Call,0.0,0.11,0.03,1175.0,4450.0,0.03706491458607096,16.09000015258789,1.3627813022009942,0.0
^VIX,2026-03-18,200.0,Call,0.0,0.11,0.03,228.0,28351.0,0.03706491458607096,16.09000015258789,1.3627813022009942,0.0
^VIX,2026-03-18,200.0,Put,179.65,179.85,179.1,2.0,101.0,0.03706491458607096,16.09000015258789,1.3627813022009942,0.0
^VIX,2026-04-15,10.0,Call,9.75,9.95,9.79,42.0,589.0,0.03682141918528252,16.09000015258789,1.3627813022009942,0.0
^VIX,2026-04-15,10.0,Put,0.0,0.06,0.02,20.0,506.0,0.03682141918528252,16.09000015258789,1.3627813022009942,0.0
^VIX,2026-04-15,10.5,Call,9.25,9.45,9.75,6.0,16.0,0.03682141918528252,16.09000015258789,1.3627813022009942,0.0
^VIX,2026-04-15,10.5,Put,0.0,0.07,0.01,1.0,12.0,0.03682141918528252,16.09000015258789,1.3627813022009942,0.0
^VIX,2026-04-15,11.0,Call,8.75,8.95,9.4,6.0,70.0,0.03682141918528252,16.09000015258789,1.3627813022009942,0.0
^VIX,2026-04-15,11.0,Put,0.0,0.07,0.01,1.0,255.0,0.03682141918528252,16.09000015258789,1.3627813022009942,0.0
^VIX,2026-04-15,11.5,Call,8.25,8.45,8.2,1.0,4.0,0.03682141918528252,16.09000015258789,1.3627813022009942,0.0
^VIX,2026-04-15,11.5,Put,0.0,0.07,0.02,1.0,492.0,0.03682141918528252,16.09000015258789,1.3627813022009942,0.0
^VIX,2026-04-15,12.0,Call,7.75,8.0,7.75,1.0,217.0,0.03682141918528252,16.09000015258789,1.3627813022009942,0.0
^VIX,2026-04-15,12.0,Put,0.0,0.07,0.01,1.0,455.0,0.03682141918528252,16.09000015258789,1.3627813022009942,0.0
^VIX,2026-04-15,12.5,Call,7.25,7.5,8.1,5.0,28.0,0.03682141918528252,16.09000015258789,1.3627813022009942,0.0
^VIX,2026-04-15,12.5,Put,0.0,0.08,0.07,5.0,288.0,0.03682141918528252,16.09000015258789,1.3627813022009942,0.0
^VIX,2026-04-15,13.0,Call,6.8,7.05,6.75,7.0,159.0,0.03682141918528252,16.09000015258789,1.3627813022009942,0.0
^VIX,2026-04-15,13.0,Put,0.0,0.1,0.03,67.0,3815.0,0.03682141918528252,16.09000015258789,1.3627813022009942,0.0
^VIX,2026-04-15,13.5,Call,6.35,6.55,6.5,2.0,454.0,0.03682141918528252,16.09000015258789,1.3627813022009942,0.0
^VIX,2026-04-15,13.5,Put,0.01,0.13,0.07,350.0,744.0,0.03682141918528252,16.09000015258789,1.3627813022009942,0.0
^VIX,2026-04-15,14.0,Call,5.95,6.15,6.0,39.0,1416.0,0.03682141918528252,16.09000015258789,1.3627813022009942,0.0
^VIX,2026-04-15,14.0,Put,0.05,0.17,0.11,159.0,1087.0,0.03682141918528252,16.09000015258789,1.3627813022009942,0.0
^VIX,2026-04-15,14.5,Call,5.45,5.7,5.5,154.0,997.0,0.03682141918528252,16.09000015258789,1.3627813022009942,0.0
^VIX,2026-04-15,14.5,Put,0.13,0.25,0.2,350.0,2467.0,0.03682141918528252,16.09000015258789,1.3627813022009942,0.0
^VIX,2026-04-15,15.0,Call,5.1,5.35,5.24,239.0,1739.0,0.03682141918528252,16.09000015258789,1.3627813022009942,0.0
^VIX,2026-04-15,15.0,Put,0.23,0.31,0.3,15.0,26602.0,0.03682141918528252,16.09000015258789,1.3627813022009942,0.0
^VIX,2026-04-15,15.5,Call,4.7,4.9,4.8,23.0,27.0,0.03682141918528252,16.09000015258789,1.3627813022009942,0.0
^VIX,2026-04-15,15.5,Put,0.37,0.5,0.43,26.0,24.0,0.03682141918528252,16.09000015258789,1.3627813022009942,0.0
^VIX,2026-04-15,16.0,Call,4.45,4.6,4.55,17.0,2066.0,0.03682141918528252,16.09000015258789,1.3627813022009942,0.0
^VIX,2026-04-15,16.0,Put,0.53,0.67,0.63,55.0,39944.0,0.03682141918528252,16.09000015258789,1.3627813022009942,0.0
^VIX,2026-04-15,16.5,Call,4.15,4.3,4.17,6.0,6.0,0.03682141918528252,16.09000015258789,1.3627813022009942,0.0
^VIX,2026-04-15,17.0,Call,3.9,4.1,4.0,300.0,27926.0,0.03682141918528252,16.09000015258789,1.3627813022009942,0.0
^VIX,2026-04-15,17.0,Put,0.98,1.12,1.1,20.0,46926.0,0.03682141918528252,16.09000015258789,1.3627813022009942,0.0
^VIX,2026-04-15,17.5,Call,3.65,3.85,3.68,3.0,109.0,0.03682141918528252,16.09000015258789,1.3627813022009942,0.0
^VIX,2026-04-15,18.0,Call,3.45,3.6,3.5,213.0,2697.0,0.03682141918528252,16.09000015258789,1.3627813022009942,0.0
^VIX,2026-04-15,18.0,Put,1.54,1.68,1.65,10.0,41971.0,0.03682141918528252,16.09000015258789,1.3627813022009942,0.0
^VIX,2026-04-15,18.5,Call,3.25,3.5,3.3,1.0,4.0,0.03682141918528252,16.09000015258789,1.3627813022009942,0.0
^VIX,2026-04-15,19.0,Call,3.1,3.3,3.25,11.0,1103.0,0.03682141918528252,16.09000015258789,1.3627813022009942,0.0
^VIX,2026-04-15,19.0,Put,2.18,2.34,2.27,20.0,10671.0,0.03682141918528252,16.09000015258789,1.3627813022009942,0.0
^VIX,2026-04-15,19.5,Call,2.95,3.15,2.94,13.0,643.0,0.03682141918528252,16.09000015258789,1.3627813022009942,0.0
^VIX,2026-04-15,19.5,Put,2.53,2.69,2.66,13.0,643.0,0.03682141918528252,16.09000015258789,1.3627813022009942,0.0
^VIX,2026-04-15,20.0,Call,2.84,2.99,2.93,10.0,45893.0,0.03682141918528252,16.09000015258789,1.3627813022009942,0.0
^VIX,2026-04-15,20.0,Put,2.89,3.05,3.0,1670.0,40360.0,0.03682141918528252,16.09000015258789,1.3627813022009942,0.0
^VIX,2026-04-15,20.5,Call,2.7,2.86,2.63,31.0,32.0,0.03682141918528252,16.09000015258789,1.3627813022009942,0.0
^VIX,2026-04-15,20.5,Put,3.25,3.45,3.32,,1.0,0.03682141918528252,16.09000015258789,1.3627813022009942,0.0
^VIX,2026-04-15,21.0,Call,2.6,2.75,2.59,3.0,12821.0,0.03682141918528252,16.09000015258789,1.3627813022009942,0.0
^VIX,2026-04-15,21.0,Put,3.65,3.8,3.75,29.0,20519.0,0.03682141918528252,16.09000015258789,1.3627813022009942,0.0
^VIX,2026-04-15,21.5,Call,2.47,2.64,2.51,2739.0,2839.0,0.03682141918528252,16.09000015258789,1.3627813022009942,0.0
^VIX,2026-04-15,22.0,Call,2.37,2.53,2.44,13.0,47169.0,0.03682141918528252,16.09000015258789,1.3627813022009942,0.0
^VIX,2026-04-15,22.0,Put,4.4,4.6,4.55,1.0,4036.0,0.03682141918528252,16.09000015258789,1.3627813022009942,0.0
^VIX,2026-04-15,23.0,Call,2.2,2.36,2.25,1.0,35472.0,0.03682141918528252,16.09000015258789,1.3627813022009942,0.0
^VIX,2026-04-15,23.0,Put,5.2,5.4,5.35,6.0,2411.0,0.03682141918528252,16.09000015258789,1.3627813022009942,0.0
^VIX,2026-04-15,23.5,Put,5.65,5.8,5.81,5.0,5.0,0.03682141918528252,16.09000015258789,1.3627813022009942,0.0
^VIX,2026-04-15,24.0,Call,2.04,2.19,2.1,3.0,1572.0,0.03682141918528252,16.09000015258789,1.3627813022009942,0.0
^VIX,2026-04-15,24.0,Put,6.05,6.25,6.15,13.0,158.0,0.03682141918528252,16.09000015258789,1.3627813022009942,0.0
^VIX,2026-04-15,24.5,Call,1.98,2.12,2.08,3.0,3.0,0.03682141918528252,16.09000015258789,1.3627813022009942,0.0
^VIX,2026-04-15,24.5,Put,6.45,6.65,6.52,,1.0,0.03682141918528252,16.09000015258789,1.3627813022009942,0.0
^VIX,2026-04-15,25.0,Call,1.91,2.05,2.0,161.0,10140.0,0.03682141918528252,16.09000015258789,1.3627813022009942,0.0
^VIX,2026-04-15,25.0,Put,6.9,7.1,7.0,2.0,1152.0,0.03682141918528252,16.09000015258789,1.3627813022009942,0.0
^VIX,2026-04-15,26.0,Call,1.78,1.92,1.73,5.0,696.0,0.03682141918528252,16.09000015258789,1.3627813022009942,0.0
^VIX,2026-04-15,26.0,Put,7.75,7.95,7.99,3.0,3414.0,0.03682141918528252,16.09000015258789,1.3627813022009942,0.0
^VIX,2026-04-15,27.0,Call,1.67,1.8,1.66,11.0,5839.0,0.03682141918528252,16.09000015258789,1.3627813022009942,0.0
^VIX,2026-04-15,27.0,Put,8.6,8.8,8.8,3.0,191.0,0.03682141918528252,16.09000015258789,1.3627813022009942,0.0
^VIX,2026-04-15,28.0,Call,1.57,1.72,1.57,2.0,1204.0,0.03682141918528252,16.09000015258789,1.3627813022009942,0.0
^VIX,2026-04-15,28.0,Put,9.55,9.7,9.52,3.0,29.0,0.03682141918528252,16.09000015258789,1.3627813022009942,0.0
^VIX,2026-04-15,29.0,Call,1.49,1.63,1.46,10.0,2709.0,0.03682141918528252,16.09000015258789,1.3627813022009942,0.0
^VIX,2026-04-15,29.0,Put,10.45,10.6,9.75,2.0,46.0,0.03682141918528252,16.09000015258789,1.3627813022009942,0.0
^VIX,2026-04-15,30.0,Call,1.41,1.55,1.49,5756.0,54344.0,0.03682141918528252,16.09000015258789,1.3627813022009942,0.0
^VIX,2026-04-15,30.0,Put,11.35,11.55,11.5,6.0,36.0,0.03682141918528252,16.09000015258789,1.3627813022009942,0.0
^VIX,2026-04-15,31.0,Call,1.35,1.48,1.46,1.0,3191.0,0.03682141918528252,16.09000015258789,1.3627813022009942,0.0
^VIX,2026-04-15,31.0,Put,12.25,12.45,11.86,1.0,10.0,0.03682141918528252,16.09000015258789,1.3627813022009942,0.0
^VIX,2026-04-15,32.0,Call,1.29,1.42,1.39,183.0,14786.0,0.03682141918528252,16.09000015258789,1.3627813022009942,0.0
^VIX,2026-04-15,32.0,Put,13.2,13.4,13.27,,1.0,0.03682141918528252,16.09000015258789,1.3627813022009942,0.0
^VIX,2026-04-15,33.0,Call,1.23,1.36,1.21,11.0,336.0,0.03682141918528252,16.09000015258789,1.3627813022009942,0.0
^VIX,2026-04-15,33.0,Put,14.15,14.35,14.26,1.0,1.0,0.03682141918528252,16.09000015258789,1.3627813022009942,0.0
^VIX,2026-04-15,34.0,Call,1.18,1.31,1.19,4.0,374.0,0.03682141918528252,16.09000015258789,1.3627813022009942,0.0
^VIX,2026-04-15,34.0,Put,15.05,15.3,15.05,,600.0,0.03682141918528252,16.09000015258789,1.3627813022009942,0.0
^VIX,2026-04-15,35.0,Call,1.13,1.26,1.23,66.0,30313.0,0.03682141918528252,16.09000015258789,1.3627813022009942,0.0
^VIX,2026-04-15,35.0,Put,16.05,16.25,15.65,3.0,27.0,0.03682141918528252,16.09000015258789,1.3627813022009942,0.0
^VIX,2026-04-15,36.0,Call,1.09,1.22,1.09,3.0,507.0,0.03682141918528252,16.09000015258789,1.3627813022009942,0.0
^VIX,2026-04-15,36.0,Put,17.0,17.2,17.15,27.0,628.0,0.03682141918528252,16.09000015258789,1.3627813022009942,0.0
^VIX,2026-04-15,37.0,Call,1.09,1.19,1.14,39.0,16421.0,0.03682141918528252,16.09000015258789,1.3627813022009942,0.0
^VIX,2026-04-15,38.0,Call,1.01,1.14,1.11,54.0,580.0,0.03682141918528252,16.09000015258789,1.3627813022009942,0.0
^VIX,2026-04-15,38.0,Put,17.05,17.25,17.5,,1.0,0.03682141918528252,16.09000015258789,1.3627813022009942,0.0
^VIX,2026-04-15,39.0,Call,0.98,1.1,1.06,29.0,424.0,0.03682141918528252,16.09000015258789,1.3627813022009942,0.0
^VIX,2026-04-15,40.0,Call,0.94,1.07,1.04,866.0,42385.0,0.03682141918528252,16.09000015258789,1.3627813022009942,0.0
^VIX,2026-04-15,40.0,Put,20.8,21.0,20.55,2.0,22.0,0.03682141918528252,16.09000015258789,1.3627813022009942,0.0
^VIX,2026-04-15,42.5,Call,0.87,0.99,0.95,12.0,1750.0,0.03682141918528252,16.09000015258789,1.3627813022009942,0.0
^VIX,2026-04-15,45.0,Call,0.8,0.92,0.85,3.0,18320.0,0.03682141918528252,16.09000015258789,1.3627813022009942,0.0
^VIX,2026-04-15,45.0,Put,25.55,25.8,24.85,1.0,244.0,0.03682141918528252,16.09000015258789,1.3627813022009942,0.0
^VIX,2026-04-15,47.5,Call,0.73,0.86,0.8,20.0,123605.0,0.03682141918528252,16.09000015258789,1.3627813022009942,0.0
^VIX,2026-04-15,50.0,Call,0.68,0.8,0.76,87.0,45859.0,0.03682141918528252,16.09000015258789,1.3627813022009942,0.0
^VIX,2026-04-15,50.0,Put,30.45,30.65,30.3,1.0,2.0,0.03682141918528252,16.09000015258789,1.3627813022009942,0.0
^VIX,2026-04-15,55.0,Call,0.58,0.7,0.66,9881.0,38860.0,0.03682141918528252,16.09000015258789,1.3627813022009942,0.0
^VIX,2026-04-15,55.0,Put,35.3,35.5,35.4,1.0,2.0,0.03682141918528252,16.09000015258789,1.3627813022009942,0.0
^VIX,2026-04-15,60.0,Call,0.49,0.62,0.55,160.0,60538.0,0.03682141918528252,16.09000015258789,1.3627813022009942,0.0
^VIX,2026-04-15,60.0,Put,40.15,40.35,39.87,2.0,2.0,0.03682141918528252,16.09000015258789,1.3627813022009942,0.0
^VIX,2026-04-15,65.0,Call,0.42,0.54,0.47,432.0,71263.0,0.03682141918528252,16.09000015258789,1.3627813022009942,0.0
^VIX,2026-04-15,70.0,Call,0.36,0.48,0.4,1010.0,27993.0,0.03682141918528252,16.09000015258789,1.3627813022009942,0.0
^VIX,2026-04-15,75.0,Call,0.32,0.43,0.35,1000.0,46977.0,0.03682141918528252,16.09000015258789,1.3627813022009942,0.0
^VIX,2026-04-15,80.0,Call,0.35,0.39,0.33,6.0,67063.0,0.03682141918528252,16.09000015258789,1.3627813022009942,0.0
^VIX,2026-04-15,80.0,Put,59.75,59.95,59.35,1.0,3.0,0.03682141918528252,16.09000015258789,1.3627813022009942,0.0
^VIX,2026-04-15,85.0,Call,0.24,0.36,0.29,1.0,16270.0,0.03682141918528252,16.09000015258789,1.3627813022009942,0.0
^VIX,2026-04-15,85.0,Put,64.25,64.45,61.4,,1.0,0.03682141918528252,16.09000015258789,1.3627813022009942,0.0
^VIX,2026-04-15,90.0,Call,0.21,0.33,0.27,10.0,33627.0,0.03682141918528252,16.09000015258789,1.3627813022009942,0.0
^VIX,2026-04-15,90.0,Put,69.65,69.85,69.1,1.0,5.0,0.03682141918528252,16.09000015258789,1.3627813022009942,0.0
^VIX,2026-04-15,95.0,Call,0.19,0.31,0.27,25.0,27641.0,0.03682141918528252,16.09000015258789,1.3627813022009942,0.0
^VIX,2026-04-15,100.0,Call,0.17,0.29,0.24,407.0,27747.0,0.03682141918528252,16.09000015258789,1.3627813022009942,0.0
^VIX,2026-04-15,100.0,Put,79.5,79.7,79.15,2.0,9.0,0.03682141918528252,16.09000015258789,1.3627813022009942,0.0
^VIX,2026-04-15,110.0,Call,0.14,0.19,0.18,1.0,12394.0,0.03682141918528252,16.09000015258789,1.3627813022009942,0.0
^VIX,2026-04-15,110.0,Put,89.35,89.6,88.9,2.0,2.0,0.03682141918528252,16.09000015258789,1.3627813022009942,0.0
^VIX,2026-04-15,120.0,Call,0.12,0.23,0.17,10.0,47.0,0.03682141918528252,16.09000015258789,1.3627813022009942,0.0
^VIX,2026-04-15,120.0,Put,67.5,0.0,95.2,,1.0,0.03682141918528252,16.09000015258789,1.3627813022009942,0.0
^VIX,2026-04-15,130.0,Call,0.1,0.21,0.15,2.0,45.0,0.03682141918528252,16.09000015258789,1.3627813022009942,0.0
^VIX,2026-04-15,140.0,Call,0.08,0.2,0.17,75.0,886.0,0.03682141918528252,16.09000015258789,1.3627813022009942,0.0
^VIX,2026-04-15,150.0,Call,0.07,0.19,0.12,1.0,871.0,0.03682141918528252,16.09000015258789,1.3627813022009942,0.0
^VIX,2026-04-15,150.0,Put,128.9,129.15,128.3,,8.0,0.03682141918528252,16.09000015258789,1.3627813022009942,0.0
^VIX,2026-04-15,160.0,Call,0.06,0.18,0.12,288.0,288.0,0.03682141918528252,16.09000015258789,1.3627813022009942,0.0
^VIX,2026-04-15,180.0,Call,0.04,0.16,0.09,100.0,101.0,0.03682141918528252,16.09000015258789,1.3627813022009942,0.0
^VIX,2026-04-15,180.0,Put,158.6,158.9,158.1,48.0,0.0,0.03682141918528252,16.09000015258789,1.3627813022009942,0.0
^VIX,2026-04-15,190.0,Call,0.03,0.15,0.1,1.0,585.0,0.03682141918528252,16.09000015258789,1.3627813022009942,0.0
^VIX,2026-04-15,200.0,Call,0.03,0.14,0.08,2.0,1177.0,0.03682141918528252,16.09000015258789,1.3627813022009942,0.0
^VIX,2026-04-15,200.0,Put,178.45,178.7,177.65,1.0,353.0,0.03682141918528252,16.09000015258789,1.3627813022009942,0.0
^VIX,2026-05-19,10.0,Call,10.05,10.3,10.6,28.0,263.0,0.036699999999999997,16.09000015258789,1.3627813022009942,0.0
^VIX,2026-05-19,10.0,Put,0.0,0.03,0.01,1.0,2.0,0.036699999999999997,16.09000015258789,1.3627813022009942,0.0
^VIX,2026-05-19,10.5,Call,11.4,11.65,11.5,5.0,6.0,0.036699999999999997,16.09000015258789,1.3627813022009942,0.0
^VIX,2026-05-19,10.5,Put,0.0,0.62,0.03,1.0,2.0,0.036699999999999997,16.09000015258789,1.3627813022009942,0.0
^VIX,2026-05-19,11.0,Call,9.1,9.35,9.05,1.0,107.0,0.036699999999999997,16.09000015258789,1.3627813022009942,0.0
^VIX,2026-05-19,11.0,Put,0.0,0.4,0.05,1.0,11.0,0.036699999999999997,16.09000015258789,1.3627813022009942,0.0
^VIX,2026-05-19,11.5,Call,8.6,8.8,9.5,4.0,8.0,0.036699999999999997,16.09000015258789,1.3627813022009942,0.0
^VIX,2026-05-19,11.5,Put,0.0,0.09,0.02,5.0,106.0,0.036699999999999997,16.09000015258789,1.3627813022009942,0.0
^VIX,2026-05-19,12.0,Call,8.1,8.35,8.25,6.0,38.0,0.036699999999999997,16.09000015258789,1.3627813022009942,0.0
^VIX,2026-05-19,12.0,Put,0.0,0.1,0.01,50.0,89.0,0.036699999999999997,16.09000015258789,1.3627813022009942,0.0
^VIX,2026-05-19,12.5,Call,7.6,7.85,8.2,2.0,2.0,0.036699999999999997,16.09000015258789,1.3627813022009942,0.0
^VIX,2026-05-19,12.5,Put,0.0,0.11,0.02,2.0,4.0,0.036699999999999997,16.09000015258789,1.3627813022009942,0.0
^VIX,2026-05-19,13.0,Call,7.15,7.35,7.15,1.0,58.0,0.036699999999999997,16.09000015258789,1.3627813022009942,0.0
^VIX,2026-05-19,13.0,Put,0.0,0.13,0.05,100.0,690.0,0.036699999999999997,16.09000015258789,1.3627813022009942,0.0
^VIX,2026-05-19,13.5,Call,6.7,6.9,6.79,3.0,66.0,0.036699999999999997,16.09000015258789,1.3627813022009942,0.0
^VIX,2026-05-19,13.5,Put,0.01,0.16,0.12,29.0,588.0,0.036699999999999997,16.09000015258789,1.3627813022009942,0.0
^VIX,2026-05-19,14.0,Call,6.25,6.5,6.45,43.0,416.0,0.036699999999999997,16.09000015258789,1.3627813022009942,0.0
^VIX,2026-05-19,14.0,Put,0.07,0.22,0.15,20.0,2572.0,0.036699999999999997,16.09000015258789,1.3627813022009942,0.0
^VIX,2026-05-19,14.5,Call,5.85,6.05,5.95,13.0,158.0,0.036699999999999997,16.09000015258789,1.3627813022009942,0.0
^VIX,2026-05-19,14.5,Put,0.16,0.31,0.26,10.0,406.0,0.036699999999999997,16.09000015258789,1.3627813022009942,0.0
^VIX,2026-05-19,15.0,Call,5.5,5.7,5.65,66.0,522.0,0.036699999999999997,16.09000015258789,1.3627813022009942,0.0
^VIX,2026-05-19,15.0,Put,0.28,0.43,0.37,41.0,4387.0,0.036699999999999997,16.09000015258789,1.3627813022009942,0.0
^VIX,2026-05-19,16.0,Call,4.9,5.05,4.95,30.0,846.0,0.036699999999999997,16.09000015258789,1.3627813022009942,0.0
^VIX,2026-05-19,16.0,Put,0.61,0.76,0.7,4.0,11746.0,0.036699999999999997,16.09000015258789,1.3627813022009942,0.0
^VIX,2026-05-19,17.0,Call,4.3,4.5,4.45,22.0,358.0,0.036699999999999997,16.09000015258789,1.3627813022009942,0.0
^VIX,2026-05-19,17.0,Put,1.06,1.22,1.15,252.0,4949.0,0.036699999999999997,16.09000015258789,1.3627813022009942,0.0
^VIX,2026-05-19,18.0,Call,3.85,4.1,4.0,33.0,969.0,0.036699999999999997,16.09000015258789,1.3627813022009942,0.0
^VIX,2026-05-19,18.0,Put,1.61,1.78,1.68,15030.0,33410.0,0.036699999999999997,16.09000015258789,1.3627813022009942,0.0
^VIX,2026-05-19,19.0,Call,3.5,3.7,3.6,21.0,1687.0,0.036699999999999997,16.09000015258789,1.3627813022009942,0.0
^VIX,2026-05-19,19.0,Put,2.24,2.41,2.35,12.0,3415.0,0.036699999999999997,16.09000015258789,1.3627813022009942,0.0
^VIX,2026-05-19,20.0,Call,3.2,3.4,3.35,12009.0,27445.0,0.036699999999999997,16.09000015258789,1.3627813022009942,0.0
^VIX,2026-05-19,20.0,Put,2.93,3.05,3.0,12469.0,37432.0,0.036699999999999997,16.09000015258789,1.3627813022009942,0.0
^VIX,2026-05-19,21.0,Call,2.96,3.15,3.06,1.0,12414.0,0.036699999999999997,16.09000015258789,1.3627813022009942,0.0
^VIX,2026-05-19,21.0,Put,3.65,3.85,3.75,1.0,12799.0,0.036699999999999997,16.09000015258789,1.3627813022009942,0.0
^VIX,2026-05-19,22.0,Call,2.75,2.92,2.77,32.0,5728.0,0.036699999999999997,16.09000015258789,1.3627813022009942,0.0
^VIX,2026-05-19,22.0,Put,4.4,4.6,4.45,12.0,24787.0,0.036699999999999997,16.09000015258789,1.3627813022009942,0.0
^VIX,2026-05-19,23.0,Call,2.55,2.72,2.53,1.0,30610.0,0.036699999999999997,16.09000015258789,1.3627813022009942,0.0
^VIX,2026-05-19,23.0,Put,5.2,5.4,5.3,4.0,5231.0,0.036699999999999997,16.09000015258789,1.3627813022009942,0.0
^VIX,2026-05-19,24.0,Call,2.36,2.54,2.47,12.0,318.0,0.036699999999999997,16.09000015258789,1.3627813022009942,0.0
^VIX,2026-05-19,24.0,Put,6.0,6.2,6.05,8.0,209.0,0.036699999999999997,16.09000015258789,1.3627813022009942,0.0
^VIX,2026-05-19,25.0,Call,2.21,2.38,2.3,37.0,25304.0,0.036699999999999997,16.09000015258789,1.3627813022009942,0.0
^VIX,2026-05-19,25.0,Put,6.8,7.05,6.95,501.0,857.0,0.036699999999999997,16.09000015258789,1.3627813022009942,0.0
^VIX,2026-05-19,26.0,Call,2.07,2.24,2.13,3.0,669.0,0.036699999999999997,16.09000015258789,1.3627813022009942,0.0
^VIX,2026-05-19,26.0,Put,7.65,7.9,7.5,10.0,24.0,0.036699999999999997,16.09000015258789,1.3627813022009942,0.0
^VIX,2026-05-19,27.0,Call,1.95,2.11,2.04,1.0,5656.0,0.036699999999999997,16.09000015258789,1.3627813022009942,0.0
^VIX,2026-05-19,27.0,Put,8.55,8.75,8.15,1.0,5.0,0.036699999999999997,16.09000015258789,1.3627813022009942,0.0
^VIX,2026-05-19,28.0,Call,1.84,1.99,1.87,2.0,538.0,0.036699999999999997,16.09000015258789,1.3627813022009942,0.0
^VIX,2026-05-19,28.0,Put,9.4,9.6,9.55,1.0,14.0,0.036699999999999997,16.09000015258789,1.3627813022009942,0.0
^VIX,2026-05-19,29.0,Call,1.73,1.89,1.99,2.0,652.0,0.036699999999999997,16.09000015258789,1.3627813022009942,0.0
^VIX,2026-05-19,29.0,Put,10.3,10.5,9.9,1.0,148.0,0.036699999999999997,16.09000015258789,1.3627813022009942,0.0
^VIX,2026-05-19,30.0,Call,1.64,1.79,1.74,308.0,14464.0,0.036699999999999997,16.09000015258789,1.3627813022009942,0.0
^VIX,2026-05-19,30.0,Put,11.2,11.4,11.4,1.0,238.0,0.036699999999999997,16.09000015258789,1.3627813022009942,0.0
^VIX,2026-05-19,31.0,Call,1.56,1.71,1.59,15.0,395.0,0.036699999999999997,16.09000015258789,1.3627813022009942,0.0
^VIX,2026-05-19,31.0,Put,11.75,11.85,10.35,1.0,175.0,0.036699999999999997,16.09000015258789,1.3627813022009942,0.0
^VIX,2026-05-19,32.0,Call,1.48,1.64,1.51,95.0,900.0,0.036699999999999997,16.09000015258789,1.3627813022009942,0.0
^VIX,2026-05-19,32.0,Put,11.85,12.3,12.03,,11.0,0.036699999999999997,16.09000015258789,1.3627813022009942,0.0
^VIX,2026-05-19,33.0,Call,1.41,1.58,1.6,52.0,604.0,0.036699999999999997,16.09000015258789,1.3627813022009942,0.0
^VIX,2026-05-19,34.0,Call,1.35,1.51,1.45,68.0,356.0,0.036699999999999997,16.09000015258789,1.3627813022009942,0.0
^VIX,2026-05-19,34.0,Put,14.85,15.05,14.78,,10.0,0.036699999999999997,16.09000015258789,1.3627813022009942,0.0
^VIX,2026-05-19,35.0,Call,1.29,1.45,1.41,36.0,19884.0,0.036699999999999997,16.09000015258789,1.3627813022009942,0.0
^VIX,2026-05-19,35.0,Put,15.8,16.0,15.7,10.0,12.0,0.036699999999999997,16.09000015258789,1.3627813022009942,0.0
^VIX,2026-05-19,36.0,Call,1.24,1.4,1.34,8.0,431.0,0.036699999999999997,16.09000015258789,1.3627813022009942,0.0
^VIX,2026-05-19,36.0,Put,16.7,16.95,16.97,1.0,2.0,0.036699999999999997,16.09000015258789,1.3627813022009942,0.0
^VIX,2026-05-19,37.0,Call,1.19,1.35,1.27,5.0,439.0,0.036699999999999997,16.09000015258789,1.3627813022009942,0.0
^VIX,2026-05-19,38.0,Call,1.15,1.3,1.25,20.0,373.0,0.036699999999999997,16.09000015258789,1.3627813022009942,0.0
^VIX,2026-05-19,39.0,Call,1.11,1.26,1.24,202.0,498.0,0.036699999999999997,16.09000015258789,1.3627813022009942,0.0
^VIX,2026-05-19,40.0,Call,1.08,1.22,1.23,16.0,13517.0,0.036699999999999997,16.09000015258789,1.3627813022009942,0.0
^VIX,2026-05-19,40.0,Put,20.5,20.7,20.5,29.0,366.0,0.036699999999999997,16.09000015258789,1.3627813022009942,0.0
^VIX,2026-05-19,42.5,Call,0.99,1.14,1.13,20.0,1942.0,0.036699999999999997,16.09000015258789,1.3627813022009942,0.0
^VIX,2026-05-19,45.0,Call,0.93,1.06,0.99,1001.0,2669.0,0.036699999999999997,16.09000015258789,1.3627813022009942,0.0
^VIX,2026-05-19,47.5,Call,0.85,1.0,0.94,43050.0,144934.0,0.036699999999999997,16.09000015258789,1.3627813022009942,0.0
^VIX,2026-05-19,50.0,Call,0.79,0.94,0.9,21.0,4655.0,0.036699999999999997,16.09000015258789,1.3627813022009942,0.0
^VIX,2026-05-19,50.0,Put,30.1,30.3,29.85,3.0,10.0,0.036699999999999997,16.09000015258789,1.3627813022009942,0.0
^VIX,2026-05-19,55.0,Call,0.68,0.83,0.75,450.0,14856.0,0.036699999999999997,16.09000015258789,1.3627813022009942,0.0
^VIX,2026-05-19,55.0,Put,34.55,34.7,33.2,4.0,4.0,0.036699999999999997,16.09000015258789,1.3627813022009942,0.0
^VIX,2026-05-19,60.0,Call,0.58,0.73,0.66,1020.0,12176.0,0.036699999999999997,16.09000015258789,1.3627813022009942,0.0
^VIX,2026-05-19,60.0,Put,39.75,39.95,39.72,2.0,3.0,0.036699999999999997,16.09000015258789,1.3627813022009942,0.0
^VIX,2026-05-19,65.0,Call,0.5,0.65,0.57,15.0,12477.0,0.036699999999999997,16.09000015258789,1.3627813022009942,0.0
^VIX,2026-05-19,70.0,Call,0.43,0.58,0.53,10.0,6664.0,0.036699999999999997,16.09000015258789,1.3627813022009942,0.0
^VIX,2026-05-19,75.0,Call,0.37,0.52,0.45,10.0,21636.0,0.036699999999999997,16.09000015258789,1.3627813022009942,0.0
^VIX,2026-05-19,80.0,Call,0.33,0.47,0.42,75.0,2002.0,0.036699999999999997,16.09000015258789,1.3627813022009942,0.0
^VIX,2026-05-19,80.0,Put,58.8,59.0,57.32,1.0,3.0,0.036699999999999997,16.09000015258789,1.3627813022009942,0.0
^VIX,2026-05-19,85.0,Call,0.29,0.44,0.42,3.0,1354.0,0.036699999999999997,16.09000015258789,1.3627813022009942,0.0
^VIX,2026-05-19,85.0,Put,63.7,63.85,61.28,,1.0,0.036699999999999997,16.09000015258789,1.3627813022009942,0.0
^VIX,2026-05-19,90.0,Call,0.3,0.4,0.32,1.0,1333.0,0.036699999999999997,16.09000015258789,1.3627813022009942,0.0
^VIX,2026-05-19,90.0,Put,68.6,68.75,67.03,1.0,2.0,0.036699999999999997,16.09000015258789,1.3627813022009942,0.0
^VIX,2026-05-19,95.0,Call,0.23,0.37,0.31,3.0,857.0,0.036699999999999997,16.09000015258789,1.3627813022009942,0.0
^VIX,2026-05-19,100.0,Call,0.2,0.35,0.29,18.0,7046.0,0.036699999999999997,16.09000015258789,1.3627813022009942,0.0
^VIX,2026-05-19,100.0,Put,78.85,79.1,78.82,2.0,4.0,0.036699999999999997,16.09000015258789,1.3627813022009942,0.0
^VIX,2026-05-19,110.0,Call,0.16,0.31,0.26,8.0,5116.0,0.036699999999999997,16.09000015258789,1.3627813022009942,0.0
^VIX,2026-05-19,110.0,Put,85.8,86.45,86.05,,1.0,0.036699999999999997,16.09000015258789,1.3627813022009942,0.0
^VIX,2026-05-19,120.0,Call,0.13,0.28,0.2,500.0,540.0,0.036699999999999997,16.09000015258789,1.3627813022009942,0.0
^VIX,2026-05-19,120.0,Put,95.5,96.15,95.75,,1.0,0.036699999999999997,16.09000015258789,1.3627813022009942,0.0
^VIX,2026-05-19,130.0,Call,0.11,0.26,0.29,2.0,4.0,0.036699999999999997,16.09000015258789,1.3627813022009942,0.0
^VIX,2026-05-19,130.0,Put,107.7,108.15,104.5,,1.0,0.036699999999999997,16.09000015258789,1.3627813022009942,0.0
^VIX,2026-05-19,140.0,Call,0.21,0.27,0.3,1.0,1.0,0.036699999999999997,16.09000015258789,1.3627813022009942,0.0
^VIX,2026-05-19,140.0,Put,115.3,115.8,115.55,,1.0,0.036699999999999997,16.09000015258789,1.3627813022009942,0.0
^VIX,2026-05-19,150.0,Call,0.07,0.22,0.14,60.0,985.0,0.036699999999999997,16.09000015258789,1.3627813022009942,0.0
^VIX,2026-05-19,160.0,Call,0.06,0.21,0.13,8.0,360.0,0.036699999999999997,16.09000015258789,1.3627813022009942,0.0
^VIX,2026-05-19,180.0,Call,0.04,0.19,0.1,100.0,200.0,0.036699999999999997,16.09000015258789,1.3627813022009942,0.0
^VIX,2026-05-19,200.0,Call,0.02,0.17,0.11,11.0,6824.0,0.036699999999999997,16.09000015258789,1.3627813022009942,0.0
^VIX,2026-05-19,200.0,Put,177.4,177.75,175.61,2.0,3.0,0.036699999999999997,16.09000015258789,1.3627813022009942,0.0
^VIX,2026-06-17,10.0,Call,10.3,10.55,10.39,11.0,358.0,0.03653377135348226,16.09000015258789,1.3627813022009942,0.0
^VIX,2026-06-17,10.0,Put,0.0,0.03,0.01,1.0,47.0,0.03653377135348226,16.09000015258789,1.3627813022009942,0.0
^VIX,2026-06-17,10.5,Call,9.8,10.05,10.08,7.0,51.0,0.03653377135348226,16.09000015258789,1.3627813022009942,0.0
^VIX,2026-06-17,10.5,Put,0.0,0.11,0.04,2.0,2.0,0.03653377135348226,16.09000015258789,1.3627813022009942,0.0
^VIX,2026-06-17,11.0,Call,9.3,9.55,9.35,2.0,74.0,0.03653377135348226,16.09000015258789,1.3627813022009942,0.0
^VIX,2026-06-17,11.0,Put,0.0,0.12,0.03,200.0,70.0,0.03653377135348226,16.09000015258789,1.3627813022009942,0.0
^VIX,2026-06-17,11.5,Call,10.25,10.7,10.22,,0.0,0.03653377135348226,16.09000015258789,1.3627813022009942,0.0
^VIX,2026-06-17,11.5,Put,0.0,0.11,0.03,1.0,204.0,0.03653377135348226,16.09000015258789,1.3627813022009942,0.0
^VIX,2026-06-17,12.0,Call,8.3,8.55,8.45,11.0,164.0,0.03653377135348226,16.09000015258789,1.3627813022009942,0.0
^VIX,2026-06-17,12.0,Put,0.0,0.11,0.02,7.0,700.0,0.03653377135348226,16.09000015258789,1.3627813022009942,0.0
^VIX,2026-06-17,12.5,Call,7.8,8.1,8.0,2.0,20.0,0.03653377135348226,16.09000015258789,1.3627813022009942,0.0
^VIX,2026-06-17,12.5,Put,0.0,0.13,0.05,2.0,174.0,0.03653377135348226,16.09000015258789,1.3627813022009942,0.0
^VIX,2026-06-17,13.0,Call,7.35,7.65,7.4,1.0,195.0,0.03653377135348226,16.09000015258789,1.3627813022009942,0.0
^VIX,2026-06-17,13.0,Put,0.0,0.15,0.07,22.0,5945.0,0.03653377135348226,16.09000015258789,1.3627813022009942,0.0
^VIX,2026-06-17,13.5,Call,6.9,7.15,7.0,1.0,822.0,0.03653377135348226,16.09000015258789,1.3627813022009942,0.0
^VIX,2026-06-17,13.5,Put,0.01,0.19,0.15,110.0,964.0,0.03653377135348226,16.09000015258789,1.3627813022009942,0.0
^VIX,2026-06-17,14.0,Call,6.5,6.75,6.61,11.0,1216.0,0.03653377135348226,16.09000015258789,1.3627813022009942,0.0
^VIX,2026-06-17,14.0,Put,0.09,0.25,0.18,20.0,7463.0,0.03653377135348226,16.09000015258789,1.3627813022009942,0.0
^VIX,2026-06-17,14.5,Call,6.05,6.35,6.25,10.0,432.0,0.03653377135348226,16.09000015258789,1.3627813022009942,0.0
^VIX,2026-06-17,14.5,Put,0.19,0.3,0.27,10.0,406.0,0.03653377135348226,16.09000015258789,1.3627813022009942,0.0
^VIX,2026-06-17,15.0,Call,5.7,5.95,5.86,35.0,1041.0,0.03653377135348226,16.09000015258789,1.3627813022009942,0.0
^VIX,2026-06-17,15.0,Put,0.31,0.47,0.4,1.0,6904.0,0.03653377135348226,16.09000015258789,1.3627813022009942,0.0
^VIX,2026-06-17,16.0,Call,5.05,5.3,5.21,233.0,793.0,0.03653377135348226,16.09000015258789,1.3627813022009942,0.0
^VIX,2026-06-17,16.0,Put,0.65,0.81,0.71,2.0,11524.0,0.03653377135348226,16.09000015258789,1.3627813022009942,0.0
^VIX,2026-06-17,17.0,Call,4.5,4.8,4.7,21.0,814.0,0.03653377135348226,16.09000015258789,1.3627813022009942,0.0
^VIX,2026-06-17,17.0,Put,1.09,1.27,1.17,10000.0,10292.0,0.03653377135348226,16.09000015258789,1.3627813022009942,0.0
^VIX,2026-06-17,18.0,Call,4.1,4.35,4.3,182.0,681.0,0.03653377135348226,16.09000015258789,1.3627813022009942,0.0
^VIX,2026-06-17,18.0,Put,1.63,1.81,1.74,2.0,596.0,0.03653377135348226,16.09000015258789,1.3627813022009942,0.0
^VIX,2026-06-17,19.0,Call,3.7,4.0,3.9,21.0,325.0,0.03653377135348226,16.09000015258789,1.3627813022009942,0.0
^VIX,2026-06-17,19.0,Put,2.24,2.43,2.33,1.0,44232.0,0.03653377135348226,16.09000015258789,1.3627813022009942,0.0
^VIX,2026-06-17,20.0,Call,3.45,3.7,3.6,1906.0,15370.0,0.03653377135348226,16.09000015258789,1.3627813022009942,0.0
^VIX,2026-06-17,20.0,Put,2.91,3.1,3.0,1700.0,22229.0,0.03653377135348226,16.09000015258789,1.3627813022009942,0.0
^VIX,2026-06-17,21.0,Call,3.15,3.4,3.3,50.0,5101.0,0.03653377135348226,16.09000015258789,1.3627813022009942,0.0
^VIX,2026-06-17,21.0,Put,3.6,3.85,3.8,51.0,4802.0,0.03653377135348226,16.09000015258789,1.3627813022009942,0.0
^VIX,2026-06-17,22.0,Call,2.93,3.15,3.05,13.0,3153.0,0.03653377135348226,16.09000015258789,1.3627813022009942,0.0
^VIX,2026-06-17,22.0,Put,4.35,4.6,4.42,2.0,643.0,0.03653377135348226,16.09000015258789,1.3627813022009942,0.0
^VIX,2026-06-17,23.0,Call,2.72,2.93,2.77,4.0,21509.0,0.03653377135348226,16.09000015258789,1.3627813022009942,0.0
^VIX,2026-06-17,23.0,Put,5.15,5.4,5.3,4.0,718.0,0.03653377135348226,16.09000015258789,1.3627813022009942,0.0
^VIX,2026-06-17,24.0,Call,2.54,2.74,2.71,22.0,483.0,0.03653377135348226,16.09000015258789,1.3627813022009942,0.0
^VIX,2026-06-17,24.0,Put,5.9,6.15,6.0,10.0,43.0,0.03653377135348226,16.09000015258789,1.3627813022009942,0.0
^VIX,2026-06-17,25.0,Call,2.37,2.58,2.54,15.0,5178.0,0.03653377135348226,16.09000015258789,1.3627813022009942,0.0
^VIX,2026-06-17,25.0,Put,6.75,7.0,6.85,26.0,130.0,0.03653377135348226,16.09000015258789,1.3627813022009942,0.0
^VIX,2026-06-17,26.0,Call,2.22,2.43,2.54,1.0,42.0,0.03653377135348226,16.09000015258789,1.3627813022009942,0.0
^VIX,2026-06-17,26.0,Put,7.55,7.8,7.7,3.0,25.0,0.03653377135348226,16.09000015258789,1.3627813022009942,0.0
^VIX,2026-06-17,27.0,Call,2.1,2.31,2.19,2.0,100.0,0.03653377135348226,16.09000015258789,1.3627813022009942,0.0
^VIX,2026-06-17,27.0,Put,8.4,8.65,8.15,13.0,22.0,0.03653377135348226,16.09000015258789,1.3627813022009942,0.0
^VIX,2026-06-17,28.0,Call,1.97,2.17,2.05,20.0,402.0,0.03653377135348226,16.09000015258789,1.3627813022009942,0.0
^VIX,2026-06-17,28.0,Put,9.3,9.55,9.35,2.0,11.0,0.03653377135348226,16.09000015258789,1.3627813022009942,0.0
^VIX,2026-06-17,29.0,Call,1.86,2.06,2.1,1.0,346.0,0.03653377135348226,16.09000015258789,1.3627813022009942,0.0
^VIX,2026-06-17,29.0,Put,10.15,10.4,10.0,,1.0,0.03653377135348226,16.09000015258789,1.3627813022009942,0.0
^VIX,2026-06-17,30.0,Call,1.77,1.96,1.9,10201.0,78372.0,0.03653377135348226,16.09000015258789,1.3627813022009942,0.0
^VIX,2026-06-17,30.0,Put,11.05,11.3,11.27,2.0,73.0,0.03653377135348226,16.09000015258789,1.3627813022009942,0.0
^VIX,2026-06-17,31.0,Call,1.69,1.88,1.8,4.0,103.0,0.03653377135348226,16.09000015258789,1.3627813022009942,0.0
^VIX,2026-06-17,31.0,Put,11.9,12.2,12.04,,2.0,0.03653377135348226,16.09000015258789,1.3627813022009942,0.0
^VIX,2026-06-17,32.0,Call,1.61,1.79,1.8,100.0,288.0,0.03653377135348226,16.09000015258789,1.3627813022009942,0.0
^VIX,2026-06-17,33.0,Call,1.52,1.7,1.62,1.0,207.0,0.03653377135348226,16.09000015258789,1.3627813022009942,0.0
^VIX,2026-06-17,34.0,Call,1.46,1.64,1.57,5.0,47.0,0.03653377135348226,16.09000015258789,1.3627813022009942,0.0
^VIX,2026-06-17,35.0,Call,1.39,1.58,1.5,20.0,13721.0,0.03653377135348226,16.09000015258789,1.3627813022009942,0.0
^VIX,2026-06-17,35.0,Put,15.6,15.85,15.67,1.0,29.0,0.03653377135348226,16.09000015258789,1.3627813022009942,0.0
^VIX,2026-06-17,36.0,Call,1.33,1.52,1.4,3.0,178.0,0.03653377135348226,16.09000015258789,1.3627813022009942,0.0
^VIX,2026-06-17,36.0,Put,15.05,15.4,15.5,5.0,5.0,0.03653377135348226,16.09000015258789,1.3627813022009942,0.0
^VIX,2026-06-17,37.0,Call,1.28,1.45,1.35,1.0,26.0,0.03653377135348226,16.09000015258789,1.3627813022009942,0.0
^VIX,2026-06-17,37.0,Put,17.4,17.7,17.07,1.0,2.0,0.03653377135348226,16.09000015258789,1.3627813022009942,0.0
^VIX,2026-06-17,38.0,Call,1.23,1.4,1.32,75.0,259.0,0.03653377135348226,16.09000015258789,1.3627813022009942,0.0
^VIX,2026-06-17,39.0,Call,1.18,1.35,1.25,1.0,56.0,0.03653377135348226,16.09000015258789,1.3627813022009942,0.0
^VIX,2026-06-17,40.0,Call,1.14,1.31,1.25,17.0,4668.0,0.03653377135348226,16.09000015258789,1.3627813022009942,0.0
^VIX,2026-06-17,40.0,Put,20.25,20.5,20.36,1.0,83.0,0.03653377135348226,16.09000015258789,1.3627813022009942,0.0
^VIX,2026-06-17,42.5,Call,1.04,1.22,1.13,15.0,479.0,0.03653377135348226,16.09000015258789,1.3627813022009942,0.0
^VIX,2026-06-17,45.0,Call,0.97,1.14,1.01,501.0,10907.0,0.03653377135348226,16.09000015258789,1.3627813022009942,0.0
^VIX,2026-06-17,45.0,Put,24.95,25.25,24.9,2.0,13.0,0.03653377135348226,16.09000015258789,1.3627813022009942,0.0
^VIX,2026-06-17,47.5,Call,0.89,1.06,0.99,4.0,81511.0,0.03653377135348226,16.09000015258789,1.3627813022009942,0.0
^VIX,2026-06-17,47.5,Put,0.0,0.0,27.21,1.0,1.0,0.03653377135348226,16.09000015258789,1.3627813022009942,0.0
^VIX,2026-06-17,50.0,Call,0.82,0.99,0.91,10001.0,17272.0,0.03653377135348226,16.09000015258789,1.3627813022009942,0.0
^VIX,2026-06-17,50.0,Put,29.8,30.0,29.61,2.0,4.0,0.03653377135348226,16.09000015258789,1.3627813022009942,0.0
^VIX,2026-06-17,55.0,Call,0.76,0.89,0.8,5.0,5747.0,0.03653377135348226,16.09000015258789,1.3627813022009942,0.0
^VIX,2026-06-17,60.0,Call,0.61,0.78,0.69,1780.0,9763.0,0.03653377135348226,16.09000015258789,1.3627813022009942,0.0
^VIX,2026-06-17,60.0,Put,37.55,37.95,37.6,1.0,2.0,0.03653377135348226,16.09000015258789,1.3627813022009942,0.0
^VIX,2026-06-17,65.0,Call,0.53,0.7,0.61,5.0,434.0,0.03653377135348226,16.09000015258789,1.3627813022009942,0.0
^VIX,2026-06-17,70.0,Call,0.46,0.62,0.53,300.0,11957.0,0.03653377135348226,16.09000015258789,1.3627813022009942,0.0
^VIX,2026-06-17,70.0,Put,46.05,48.15,47.62,,1.0,0.03653377135348226,16.09000015258789,1.3627813022009942,0.0
^VIX,2026-06-17,75.0,Call,0.39,0.56,0.53,10.0,653.0,0.03653377135348226,16.09000015258789,1.3627813022009942,0.0
^VIX,2026-06-17,80.0,Call,0.35,0.51,0.46,202.0,2517.0,0.03653377135348226,16.09000015258789,1.3627813022009942,0.0
^VIX,2026-06-17,80.0,Put,58.4,58.6,57.02,4.0,0.0,0.03653377135348226,16.09000015258789,1.3627813022009942,0.0
^VIX,2026-06-17,85.0,Call,0.29,0.47,0.4,4.0,4060.0,0.03653377135348226,16.09000015258789,1.3627813022009942,0.0
^VIX,2026-06-17,90.0,Call,0.3,0.44,0.38,190.0,695.0,0.03653377135348226,16.09000015258789,1.3627813022009942,0.0
^VIX,2026-06-17,90.0,Put,68.15,68.35,66.72,4.0,0.0,0.03653377135348226,16.09000015258789,1.3627813022009942,0.0
^VIX,2026-06-17,95.0,Call,0.23,0.41,0.35,2.0,1569.0,0.03653377135348226,16.09000015258789,1.3627813022009942,0.0
^VIX,2026-06-17,95.0,Put,71.2,71.7,71.0,1.0,1.0,0.03653377135348226,16.09000015258789,1.3627813022009942,0.0
^VIX,2026-06-17,100.0,Call,0.21,0.38,0.32,5.0,746.0,0.03653377135348226,16.09000015258789,1.3627813022009942,0.0
^VIX,2026-06-17,100.0,Put,78.35,78.65,77.4,,1.0,0.03653377135348226,16.09000015258789,1.3627813022009942,0.0
^VIX,2026-06-17,110.0,Call,0.17,0.34,0.29,1.0,10154.0,0.03653377135348226,16.09000015258789,1.3627813022009942,0.0
^VIX,2026-06-17,120.0,Call,0.13,0.3,0.24,1.0,674.0,0.03653377135348226,16.09000015258789,1.3627813022009942,0.0
^VIX,2026-06-17,120.0,Put,95.45,95.95,95.4,1.0,1.0,0.03653377135348226,16.09000015258789,1.3627813022009942,0.0
^VIX,2026-06-17,130.0,Call,0.11,0.27,0.2,1.0,84.0,0.03653377135348226,16.09000015258789,1.3627813022009942,0.0
^VIX,2026-06-17,140.0,Call,0.09,0.25,0.22,4.0,88.0,0.03653377135348226,16.09000015258789,1.3627813022009942,0.0
^VIX,2026-06-17,150.0,Call,0.07,0.24,0.16,5.0,193.0,0.03653377135348226,16.09000015258789,1.3627813022009942,0.0
^VIX,2026-06-17,150.0,Put,124.45,125.35,124.5,,0.0,0.03653377135348226,16.09000015258789,1.3627813022009942,0.0
^VIX,2026-06-17,160.0,Call,0.06,0.23,0.13,,52.0,0.03653377135348226,16.09000015258789,1.3627813022009942,0.0
^VIX,2026-06-17,170.0,Call,0.04,0.22,0.12,17.0,73.0,0.03653377135348226,16.09000015258789,1.3627813022009942,0.0
^VIX,2026-06-17,180.0,Call,0.03,0.21,0.11,18.0,77.0,0.03653377135348226,16.09000015258789,1.3627813022009942,0.0
^VIX,2026-06-17,190.0,Call,0.02,0.2,0.1,3.0,50.0,0.03653377135348226,16.09000015258789,1.3627813022009942,0.0
^VIX,2026-06-17,190.0,Put,163.6,164.15,164.61,140.0,0.0,0.03653377135348226,16.09000015258789,1.3627813022009942,0.0
^VIX,2026-06-17,200.0,Call,0.02,0.19,0.13,5.0,80.0,0.03653377135348226,16.09000015258789,1.3627813022009942,0.0
^VIX,2026-06-17,200.0,Put,173.4,173.95,173.51,140.0,4.0,0.03653377135348226,16.09000015258789,1.3627813022009942,0.0
^VIX,2026-07-22,10.0,Call,0.0,0.0,10.7,1.0,359.0,0.036246320630749014,16.09000015258789,1.3627813022009942,0.0
^VIX,2026-07-22,10.0,Put,0.0,0.04,0.02,10.0,44.0,0.036246320630749014,16.09000015258789,1.3627813022009942,0.0
^VIX,2026-07-22,10.5,Call,10.2,10.5,10.45,1.0,7.0,0.036246320630749014,16.09000015258789,1.3627813022009942,0.0
^VIX,2026-07-22,10.5,Put,0.0,0.06,0.05,21.0,21.0,0.036246320630749014,16.09000015258789,1.3627813022009942,0.0
^VIX,2026-07-22,11.0,Call,9.75,10.0,10.45,29.0,43.0,0.036246320630749014,16.09000015258789,1.3627813022009942,0.0
^VIX,2026-07-22,11.0,Put,0.0,0.12,0.02,,10.0,0.036246320630749014,16.09000015258789,1.3627813022009942,0.0
^VIX,2026-07-22,11.5,Call,9.25,9.55,9.53,1.0,5.0,0.036246320630749014,16.09000015258789,1.3627813022009942,0.0
^VIX,2026-07-22,11.5,Put,0.0,0.13,0.03,6.0,8.0,0.036246320630749014,16.09000015258789,1.3627813022009942,0.0
^VIX,2026-07-22,12.0,Call,8.75,9.05,9.4,48.0,177.0,0.036246320630749014,16.09000015258789,1.3627813022009942,0.0
^VIX,2026-07-22,12.0,Put,0.0,0.0,0.03,1.0,11.0,0.036246320630749014,16.09000015258789,1.3627813022009942,0.0
^VIX,2026-07-22,12.5,Call,8.3,8.55,8.7,2.0,9.0,0.036246320630749014,16.09000015258789,1.3627813022009942,0.0
^VIX,2026-07-22,12.5,Put,0.0,0.15,0.08,1.0,120.0,0.036246320630749014,16.09000015258789,1.3627813022009942,0.0
^VIX,2026-07-22,13.0,Call,7.85,8.1,7.9,2.0,39.0,0.036246320630749014,16.09000015258789,1.3627813022009942,0.0
^VIX,2026-07-22,13.0,Put,0.0,0.18,0.11,70.0,3156.0,0.036246320630749014,16.09000015258789,1.3627813022009942,0.0
^VIX,2026-07-22,13.5,Call,7.4,7.65,7.55,5.0,53.0,0.036246320630749014,16.09000015258789,1.3627813022009942,0.0
^VIX,2026-07-22,13.5,Put,0.02,0.21,0.13,6.0,1652.0,0.036246320630749014,16.09000015258789,1.3627813022009942,0.0
^VIX,2026-07-22,14.0,Call,6.95,7.25,7.05,1.0,1165.0,0.036246320630749014,16.09000015258789,1.3627813022009942,0.0
^VIX,2026-07-22,14.0,Put,0.09,0.27,0.19,50.0,320.0,0.036246320630749014,16.09000015258789,1.3627813022009942,0.0
^VIX,2026-07-22,14.5,Call,6.55,6.8,7.15,5.0,55.0,0.036246320630749014,16.09000015258789,1.3627813022009942,0.0
^VIX,2026-07-22,14.5,Put,0.18,0.36,0.25,5.0,105.0,0.036246320630749014,16.09000015258789,1.3627813022009942,0.0
^VIX,2026-07-22,15.0,Call,0.0,0.0,6.12,3.0,296.0,0.036246320630749014,16.09000015258789,1.3627813022009942,0.0
^VIX,2026-07-22,15.0,Put,0.3,0.46,0.39,30.0,14094.0,0.036246320630749014,16.09000015258789,1.3627813022009942,0.0
^VIX,2026-07-22,16.0,Call,5.5,5.8,5.6,1.0,287.0,0.036246320630749014,16.09000015258789,1.3627813022009942,0.0
^VIX,2026-07-22,16.0,Put,0.63,0.79,0.71,31.0,287.0,0.036246320630749014,16.09000015258789,1.3627813022009942,0.0
^VIX,2026-07-22,17.0,Call,4.95,5.25,5.15,5.0,2780.0,0.036246320630749014,16.09000015258789,1.3627813022009942,0.0
^VIX,2026-07-22,17.0,Put,1.04,1.23,1.14,5.0,363.0,0.036246320630749014,16.09000015258789,1.3627813022009942,0.0
^VIX,2026-07-22,18.0,Call,4.5,4.8,4.6,2.0,590.0,0.036246320630749014,16.09000015258789,1.3627813022009942,0.0
^VIX,2026-07-22,18.0,Put,1.56,1.76,1.64,2.0,886.0,0.036246320630749014,16.09000015258789,1.3627813022009942,0.0
^VIX,2026-07-22,19.0,Call,4.15,4.4,4.25,3.0,250.0,0.036246320630749014,16.09000015258789,1.3627813022009942,0.0
^VIX,2026-07-22,19.0,Put,2.14,2.36,2.25,10.0,113.0,0.036246320630749014,16.09000015258789,1.3627813022009942,0.0
^VIX,2026-07-22,20.0,Call,3.8,4.05,4.0,17.0,5861.0,0.036246320630749014,16.09000015258789,1.3627813022009942,0.0
^VIX,2026-07-22,20.0,Put,2.78,3.0,2.89,4.0,5476.0,0.036246320630749014,16.09000015258789,1.3627813022009942,0.0
^VIX,2026-07-22,21.0,Call,0.0,0.0,3.66,240.0,376.0,0.036246320630749014,16.09000015258789,1.3627813022009942,0.0
^VIX,2026-07-22,21.0,Put,3.45,3.75,3.59,240.0,287.0,0.036246320630749014,16.09000015258789,1.3627813022009942,0.0
^VIX,2026-07-22,22.0,Call,3.25,3.5,3.55,4.0,337.0,0.036246320630749014,16.09000015258789,1.3627813022009942,0.0
^VIX,2026-07-22,22.0,Put,4.2,4.45,4.4,2.0,46.0,0.036246320630749014,16.09000015258789,1.3627813022009942,0.0
^VIX,2026-07-22,23.0,Call,3.05,3.3,3.1,10.0,65.0,0.036246320630749014,16.09000015258789,1.3627813022009942,0.0
^VIX,2026-07-22,23.0,Put,4.95,5.2,5.15,2.0,48.0,0.036246320630749014,16.09000015258789,1.3627813022009942,0.0
^VIX,2026-07-22,24.0,Call,2.83,3.05,2.86,2.0,1034.0,0.036246320630749014,16.09000015258789,1.3627813022009942,0.0
^VIX,2026-07-22,24.0,Put,5.7,6.0,5.9,2.0,1009.0,0.036246320630749014,16.09000015258789,1.3627813022009942,0.0
^VIX,2026-07-22,25.0,Call,2.65,2.86,2.73,40.0,473.0,0.036246320630749014,16.09000015258789,1.3627813022009942,0.0
^VIX,2026-07-22,25.0,Put,0.0,0.0,6.7,53.0,87.0,0.036246320630749014,16.09000015258789,1.3627813022009942,0.0
^VIX,2026-07-22,26.0,Call,2.49,2.7,2.69,2.0,71.0,0.036246320630749014,16.09000015258789,1.3627813022009942,0.0
^VIX,2026-07-22,26.0,Put,0.0,0.0,7.4,2.0,19.0,0.036246320630749014,16.09000015258789,1.3627813022009942,0.0
^VIX,2026-07-22,27.0,Call,2.35,2.56,2.62,41.0,318.0,0.036246320630749014,16.09000015258789,1.3627813022009942,0.0
^VIX,2026-07-22,27.0,Put,8.15,8.45,7.8,3.0,3.0,0.036246320630749014,16.09000015258789,1.3627813022009942,0.0
^VIX,2026-07-22,28.0,Call,2.22,2.43,2.31,2.0,415.0,0.036246320630749014,16.09000015258789,1.3627813022009942,0.0
^VIX,2026-07-22,28.0,Put,9.0,9.3,9.2,,1.0,0.036246320630749014,16.09000015258789,1.3627813022009942,0.0
^VIX,2026-07-22,29.0,Call,2.1,2.31,2.13,1.0,287.0,0.036246320630749014,16.09000015258789,1.3627813022009942,0.0
^VIX,2026-07-22,30.0,Call,1.99,2.2,2.05,101.0,1857.0,0.036246320630749014,16.09000015258789,1.3627813022009942,0.0
^VIX,2026-07-22,30.0,Put,10.75,11.0,10.85,2.0,3.0,0.036246320630749014,16.09000015258789,1.3627813022009942,0.0
^VIX,2026-07-22,31.0,Call,1.89,2.1,2.02,150.0,272.0,0.036246320630749014,16.09000015258789,1.3627813022009942,0.0
^VIX,2026-07-22,31.0,Put,0.0,0.0,11.6,3.0,3.0,0.036246320630749014,16.09000015258789,1.3627813022009942,0.0
^VIX,2026-07-22,32.0,Call,1.8,2.01,1.9,5.0,339.0,0.036246320630749014,16.09000015258789,1.3627813022009942,0.0
^VIX,2026-07-22,33.0,Call,1.72,1.93,1.77,7.0,38.0,0.036246320630749014,16.09000015258789,1.3627813022009942,0.0
^VIX,2026-07-22,34.0,Call,1.64,1.85,1.73,3.0,131.0,0.036246320630749014,16.09000015258789,1.3627813022009942,0.0
^VIX,2026-07-22,35.0,Call,1.57,1.78,1.69,151.0,649.0,0.036246320630749014,16.09000015258789,1.3627813022009942,0.0
^VIX,2026-07-22,35.0,Put,0.0,0.0,15.47,2.0,2.0,0.036246320630749014,16.09000015258789,1.3627813022009942,0.0
^VIX,2026-07-22,36.0,Put,16.15,16.4,16.27,,2.0,0.036246320630749014,16.09000015258789,1.3627813022009942,0.0
^VIX,2026-07-22,37.0,Call,1.46,1.67,1.73,50.0,105.0,0.036246320630749014,16.09000015258789,1.3627813022009942,0.0
^VIX,2026-07-22,38.0,Call,1.38,1.59,1.52,1.0,23.0,0.036246320630749014,16.09000015258789,1.3627813022009942,0.0
^VIX,2026-07-22,39.0,Call,1.33,1.54,1.45,1000.0,1050.0,0.036246320630749014,16.09000015258789,1.3627813022009942,0.0
^VIX,2026-07-22,40.0,Call,1.28,1.48,1.42,2.0,599.0,0.036246320630749014,16.09000015258789,1.3627813022009942,0.0
^VIX,2026-07-22,40.0,Put,19.85,20.1,20.12,2.0,3.0,0.036246320630749014,16.09000015258789,1.3627813022009942,0.0
^VIX,2026-07-22,42.5,Call,1.17,1.37,1.28,3.0,79.0,0.036246320630749014,16.09000015258789,1.3627813022009942,0.0
^VIX,2026-07-22,45.0,Call,1.07,1.27,1.16,170.0,549.0,0.036246320630749014,16.09000015258789,1.3627813022009942,0.0
^VIX,2026-07-22,47.5,Call,0.99,1.16,1.1,372.0,521.0,0.036246320630749014,16.09000015258789,1.3627813022009942,0.0
^VIX,2026-07-22,50.0,Call,0.91,1.08,1.02,1.0,1153.0,0.036246320630749014,16.09000015258789,1.3627813022009942,0.0
^VIX,2026-07-22,50.0,Put,29.3,29.55,29.39,1.0,1.0,0.036246320630749014,16.09000015258789,1.3627813022009942,0.0
^VIX,2026-07-22,55.0,Call,0.78,0.95,0.88,151.0,769.0,0.036246320630749014,16.09000015258789,1.3627813022009942,0.0
^VIX,2026-07-22,60.0,Call,0.66,0.84,0.77,844.0,1685.0,0.036246320630749014,16.09000015258789,1.3627813022009942,0.0
^VIX,2026-07-22,65.0,Call,0.57,0.75,0.69,6.0,76.0,0.036246320630749014,16.09000015258789,1.3627813022009942,0.0
^VIX,2026-07-22,70.0,Call,0.49,0.67,0.59,84.0,593.0,0.036246320630749014,16.09000015258789,1.3627813022009942,0.0
^VIX,2026-07-22,75.0,Call,0.43,0.61,0.54,5.0,299.0,0.036246320630749014,16.09000015258789,1.3627813022009942,0.0
^VIX,2026-07-22,80.0,Call,0.38,0.56,0.5,110.0,1566.0,0.036246320630749014,16.09000015258789,1.3627813022009942,0.0
^VIX,2026-07-22,80.0,Put,58.15,58.45,58.25,,1.0,0.036246320630749014,16.09000015258789,1.3627813022009942,0.0
^VIX,2026-07-22,85.0,Call,0.33,0.51,0.5,10.0,25.0,0.036246320630749014,16.09000015258789,1.3627813022009942,0.0
^VIX,2026-07-22,90.0,Call,0.29,0.47,0.37,10.0,13.0,0.036246320630749014,16.09000015258789,1.3627813022009942,0.0
^VIX,2026-07-22,95.0,Call,0.25,0.43,0.51,4.0,5.0,0.036246320630749014,16.09000015258789,1.3627813022009942,0.0
^VIX,2026-07-22,100.0,Call,0.22,0.4,0.38,2.0,59.0,0.036246320630749014,16.09000015258789,1.3627813022009942,0.0
^VIX,2026-07-22,100.0,Put,77.2,77.6,76.06,253.0,216.0,0.036246320630749014,16.09000015258789,1.3627813022009942,0.0
^VIX,2026-07-22,110.0,Call,0.17,0.35,0.31,5.0,109.0,0.036246320630749014,16.09000015258789,1.3627813022009942,0.0
^VIX,2026-07-22,110.0,Put,86.95,87.3,85.0,,1.0,0.036246320630749014,16.09000015258789,1.3627813022009942,0.0
^VIX,2026-07-22,120.0,Call,0.14,0.32,0.25,2.0,4.0,0.036246320630749014,16.09000015258789,1.3627813022009942,0.0
^VIX,2026-07-22,120.0,Put,96.7,97.1,94.85,,1.0,0.036246320630749014,16.09000015258789,1.3627813022009942,0.0
^VIX,2026-07-22,130.0,Call,0.11,0.29,0.25,2.0,13.0,0.036246320630749014,16.09000015258789,1.3627813022009942,0.0
^VIX,2026-07-22,140.0,Call,0.09,0.27,0.2,3.0,34.0,0.036246320630749014,16.09000015258789,1.3627813022009942,0.0
^VIX,2026-07-22,150.0,Call,0.07,0.25,0.17,5.0,155.0,0.036246320630749014,16.09000015258789,1.3627813022009942,0.0
^VIX,2026-07-22,150.0,Put,126.45,126.9,126.2,253.0,218.0,0.036246320630749014,16.09000015258789,1.3627813022009942,0.0
^VIX,2026-07-22,200.0,Call,0.02,0.2,0.15,1.0,105.0,0.036246320630749014,16.09000015258789,1.3627813022009942,0.0
^VIX,2026-08-19,10.0,Call,10.8,11.2,11.05,1.0,487.0,0.03607757336837495,16.09000015258789,1.3627813022009942,0.0
^VIX,2026-08-19,10.0,Put,0.0,0.0,0.01,4.0,605.0,0.03607757336837495,16.09000015258789,1.3627813022009942,0.0
^VIX,2026-08-19,10.5,Call,10.3,10.75,10.55,1.0,31.0,0.03607757336837495,16.09000015258789,1.3627813022009942,0.0
^VIX,2026-08-19,11.0,Call,9.8,10.25,9.65,2.0,122.0,0.03607757336837495,16.09000015258789,1.3627813022009942,0.0
^VIX,2026-08-19,11.5,Call,9.35,9.75,9.9,3.0,30.0,0.03607757336837495,16.09000015258789,1.3627813022009942,0.0
^VIX,2026-08-19,11.5,Put,0.0,0.0,0.05,21.0,51.0,0.03607757336837495,16.09000015258789,1.3627813022009942,0.0
^VIX,2026-08-19,12.0,Call,0.0,0.0,9.05,10.0,176.0,0.03607757336837495,16.09000015258789,1.3627813022009942,0.0
^VIX,2026-08-19,12.0,Put,0.0,0.0,0.04,13.0,731.0,0.03607757336837495,16.09000015258789,1.3627813022009942,0.0
^VIX,2026-08-19,12.5,Call,8.35,8.8,8.55,9.0,77.0,0.03607757336837495,16.09000015258789,1.3627813022009942,0.0
^VIX,2026-08-19,12.5,Put,0.0,0.0,0.08,3.0,94.0,0.03607757336837495,16.09000015258789,1.3627813022009942,0.0
^VIX,2026-08-19,13.0,Call,0.0,0.0,8.05,5.0,1829.0,0.03607757336837495,16.09000015258789,1.3627813022009942,0.0
^VIX,2026-08-19,13.0,Put,0.0,0.0,0.08,10.0,75.0,0.03607757336837495,16.09000015258789,1.3627813022009942,0.0
^VIX,2026-08-19,13.5,Call,0.0,0.0,7.55,6.0,615.0,0.03607757336837495,16.09000015258789,1.3627813022009942,0.0
^VIX,2026-08-19,13.5,Put,0.0,0.0,0.16,275.0,656.0,0.03607757336837495,16.09000015258789,1.3627813022009942,0.0
^VIX,2026-08-19,14.0,Call,0.0,0.0,7.1,2.0,1183.0,0.03607757336837495,16.09000015258789,1.3627813022009942,0.0
^VIX,2026-08-19,14.0,Put,0.0,0.0,0.23,1.0,95.0,0.03607757336837495,16.09000015258789,1.3627813022009942,0.0
^VIX,2026-08-19,14.5,Call,0.0,0.0,6.75,19.0,1710.0,0.03607757336837495,16.09000015258789,1.3627813022009942,0.0
^VIX,2026-08-19,14.5,Put,0.0,0.0,0.22,1.0,33.0,0.03607757336837495,16.09000015258789,1.3627813022009942,0.0
^VIX,2026-08-19,15.0,Call,6.2,6.65,6.35,5.0,738.0,0.03607757336837495,16.09000015258789,1.3627813022009942,0.0
^VIX,2026-08-19,15.0,Put,0.22,0.45,0.42,2.0,46.0,0.03607757336837495,16.09000015258789,1.3627813022009942,0.0
^VIX,2026-08-19,16.0,Call,0.0,0.0,5.8,4.0,537.0,0.03607757336837495,16.09000015258789,1.3627813022009942,0.0
^VIX,2026-08-19,16.0,Put,0.55,0.77,0.7,2.0,115.0,0.03607757336837495,16.09000015258789,1.3627813022009942,0.0
^VIX,2026-08-19,17.0,Call,0.0,0.0,5.22,1.0,348.0,0.03607757336837495,16.09000015258789,1.3627813022009942,0.0
^VIX,2026-08-19,17.0,Put,0.97,1.2,1.09,1.0,150.0,0.03607757336837495,16.09000015258789,1.3627813022009942,0.0
^VIX,2026-08-19,18.0,Call,0.0,0.0,4.75,1.0,263.0,0.03607757336837495,16.09000015258789,1.3627813022009942,0.0
^VIX,2026-08-19,18.0,Put,0.0,0.0,1.58,10.0,128.0,0.03607757336837495,16.09000015258789,1.3627813022009942,0.0
^VIX,2026-08-19,19.0,Call,0.0,0.0,4.5,3.0,103.0,0.03607757336837495,16.09000015258789,1.3627813022009942,0.0
^VIX,2026-08-19,19.0,Put,0.0,0.0,2.3,1.0,16.0,0.03607757336837495,16.09000015258789,1.3627813022009942,0.0
^VIX,2026-08-19,20.0,Call,0.0,0.0,4.2,37.0,1380.0,0.03607757336837495,16.09000015258789,1.3627813022009942,0.0
^VIX,2026-08-19,20.0,Put,0.0,0.0,2.95,2.0,262.0,0.03607757336837495,16.09000015258789,1.3627813022009942,0.0
^VIX,2026-08-19,21.0,Call,0.0,0.0,3.74,56.0,126.0,0.03607757336837495,16.09000015258789,1.3627813022009942,0.0
^VIX,2026-08-19,21.0,Put,3.35,3.7,3.59,65.0,98.0,0.03607757336837495,16.09000015258789,1.3627813022009942,0.0
^VIX,2026-08-19,22.0,Call,3.3,3.6,3.38,1.0,72.0,0.03607757336837495,16.09000015258789,1.3627813022009942,0.0
^VIX,2026-08-19,22.0,Put,0.0,0.0,4.3,1.0,61.0,0.03607757336837495,16.09000015258789,1.3627813022009942,0.0
^VIX,2026-08-19,23.0,Call,0.0,0.0,3.3,1.0,1041.0,0.03607757336837495,16.09000015258789,1.3627813022009942,0.0
^VIX,2026-08-19,23.0,Put,4.8,5.15,5.05,2.0,18.0,0.03607757336837495,16.09000015258789,1.3627813022009942,0.0
^VIX,2026-08-19,24.0,Call,2.86,3.2,3.1,1.0,1105.0,0.03607757336837495,16.09000015258789,1.3627813022009942,0.0
^VIX,2026-08-19,24.0,Put,0.0,0.0,6.0,,1.0,0.03607757336837495,16.09000015258789,1.3627813022009942,0.0
^VIX,2026-08-19,25.0,Call,2.74,3.05,2.95,9.0,2366.0,0.03607757336837495,16.09000015258789,1.3627813022009942,0.0
^VIX,2026-08-19,25.0,Put,6.35,6.7,6.51,1.0,11.0,0.03607757336837495,16.09000015258789,1.3627813022009942,0.0
^VIX,2026-08-19,26.0,Call,2.49,2.82,2.72,5.0,114.0,0.03607757336837495,16.09000015258789,1.3627813022009942,0.0
^VIX,2026-08-19,26.0,Put,7.15,7.5,7.41,,11.0,0.03607757336837495,16.09000015258789,1.3627813022009942,0.0
^VIX,2026-08-19,27.0,Call,2.34,2.66,2.51,2.0,46.0,0.03607757336837495,16.09000015258789,1.3627813022009942,0.0
^VIX,2026-08-19,27.0,Put,0.0,0.0,8.21,,14.0,0.03607757336837495,16.09000015258789,1.3627813022009942,0.0
^VIX,2026-08-19,28.0,Call,2.19,2.51,2.37,1.0,206.0,0.03607757336837495,16.09000015258789,1.3627813022009942,0.0
^VIX,2026-08-19,28.0,Put,0.0,0.0,9.09,,6.0,0.03607757336837495,16.09000015258789,1.3627813022009942,0.0
^VIX,2026-08-19,29.0,Call,2.06,2.38,2.25,160.0,282.0,0.03607757336837495,16.09000015258789,1.3627813022009942,0.0
^VIX,2026-08-19,29.0,Put,9.65,10.0,9.95,,2.0,0.03607757336837495,16.09000015258789,1.3627813022009942,0.0
^VIX,2026-08-19,30.0,Call,1.95,2.26,2.16,2.0,829.0,0.03607757336837495,16.09000015258789,1.3627813022009942,0.0
^VIX,2026-08-19,30.0,Put,0.0,0.0,10.67,1.0,5.0,0.03607757336837495,16.09000015258789,1.3627813022009942,0.0
^VIX,2026-08-19,31.0,Call,1.84,2.14,2.1,25.0,64.0,0.03607757336837495,16.09000015258789,1.3627813022009942,0.0
^VIX,2026-08-19,32.0,Call,1.75,2.04,2.09,1.0,182.0,0.03607757336837495,16.09000015258789,1.3627813022009942,0.0
^VIX,2026-08-19,33.0,Call,1.66,1.95,1.95,10.0,25.0,0.03607757336837495,16.09000015258789,1.3627813022009942,0.0
^VIX,2026-08-19,34.0,Call,1.58,1.86,1.99,1.0,2.0,0.03607757336837495,16.09000015258789,1.3627813022009942,0.0
^VIX,2026-08-19,35.0,Call,1.5,1.79,1.7,1.0,455.0,0.03607757336837495,16.09000015258789,1.3627813022009942,0.0
^VIX,2026-08-19,35.0,Put,0.0,0.0,15.15,1.0,1.0,0.03607757336837495,16.09000015258789,1.3627813022009942,0.0
^VIX,2026-08-19,36.0,Call,1.43,1.71,1.5,115.0,117.0,0.03607757336837495,16.09000015258789,1.3627813022009942,0.0
^VIX,2026-08-19,37.0,Call,1.37,1.64,1.62,,0.0,0.03607757336837495,16.09000015258789,1.3627813022009942,0.0
^VIX,2026-08-19,38.0,Call,1.31,1.58,1.5,,20.0,0.03607757336837495,16.09000015258789,1.3627813022009942,0.0
^VIX,2026-08-19,39.0,Call,1.25,1.52,1.55,1.0,3.0,0.03607757336837495,16.09000015258789,1.3627813022009942,0.0
^VIX,2026-08-19,40.0,Call,0.0,0.0,1.38,5.0,783.0,0.03607757336837495,16.09000015258789,1.3627813022009942,0.0
^VIX,2026-08-19,40.0,Put,19.5,19.9,19.56,,1.0,0.03607757336837495,16.09000015258789,1.3627813022009942,0.0
^VIX,2026-08-19,42.5,Call,1.09,1.34,1.3,1.0,17.0,0.03607757336837495,16.09000015258789,1.3627813022009942,0.0
^VIX,2026-08-19,45.0,Call,0.97,1.23,1.17,1.0,212.0,0.03607757336837495,16.09000015258789,1.3627813022009942,0.0
^VIX,2026-08-19,47.5,Call,0.89,1.13,1.07,372.0,383.0,0.03607757336837495,16.09000015258789,1.3627813022009942,0.0
^VIX,2026-08-19,50.0,Call,0.8,1.05,1.03,10.0,189.0,0.03607757336837495,16.09000015258789,1.3627813022009942,0.0
^VIX,2026-08-19,50.0,Put,28.85,29.25,29.05,,1.0,0.03607757336837495,16.09000015258789,1.3627813022009942,0.0
^VIX,2026-08-19,55.0,Call,0.67,0.91,0.88,1264.0,1793.0,0.03607757336837495,16.09000015258789,1.3627813022009942,0.0
^VIX,2026-08-19,60.0,Call,0.56,0.8,0.74,1.0,1077.0,0.03607757336837495,16.09000015258789,1.3627813022009942,0.0
^VIX,2026-08-19,65.0,Call,0.48,0.72,0.61,2.0,513.0,0.03607757336837495,16.09000015258789,1.3627813022009942,0.0
^VIX,2026-08-19,70.0,Call,0.4,0.64,0.55,1.0,12.0,0.03607757336837495,16.09000015258789,1.3627813022009942,0.0
^VIX,2026-08-19,75.0,Call,0.34,0.58,0.5,15.0,1183.0,0.03607757336837495,16.09000015258789,1.3627813022009942,0.0
^VIX,2026-08-19,80.0,Call,0.0,0.0,0.45,744.0,747.0,0.03607757336837495,16.09000015258789,1.3627813022009942,0.0
^VIX,2026-08-19,85.0,Call,0.0,0.0,0.47,10.0,10.0,0.03607757336837495,16.09000015258789,1.3627813022009942,0.0
^VIX,2026-08-19,90.0,Call,0.0,0.0,0.36,1.0,285.0,0.03607757336837495,16.09000015258789,1.3627813022009942,0.0
^VIX,2026-08-19,95.0,Call,0.18,0.41,0.4,2.0,7.0,0.03607757336837495,16.09000015258789,1.3627813022009942,0.0
^VIX,2026-08-19,100.0,Call,0.14,0.38,0.24,1.0,572.0,0.03607757336837495,16.09000015258789,1.3627813022009942,0.0
^VIX,2026-08-19,110.0,Call,0.0,0.0,0.36,2.0,3.0,0.03607757336837495,16.09000015258789,1.3627813022009942,0.0
^VIX,2026-08-19,120.0,Call,0.0,0.0,0.29,1.0,66.0,0.03607757336837495,16.09000015258789,1.3627813022009942,0.0
^VIX,2026-08-19,120.0,Put,96.5,97.05,95.6,1.0,1.0,0.03607757336837495,16.09000015258789,1.3627813022009942,0.0
^VIX,2026-08-19,130.0,Put,106.25,106.85,106.35,,1.0,0.03607757336837495,16.09000015258789,1.3627813022009942,0.0
^VIX,2026-08-19,150.0,Call,0.0,0.0,0.3,8.0,22.0,0.03607757336837495,16.09000015258789,1.3627813022009942,0.0
^VIX,2026-08-19,150.0,Put,125.75,126.4,124.7,,1.0,0.03607757336837495,16.09000015258789,1.3627813022009942,0.0
^VIX,2026-08-19,160.0,Call,0.0,0.0,0.2,1.0,1.0,0.03607757336837495,16.09000015258789,1.3627813022009942,0.0
^VIX,2026-08-19,190.0,Call,0.0,0.0,0.14,,1.0,0.03607757336837495,16.09000015258789,1.3627813022009942,0.0
^VIX,2026-08-19,200.0,Call,0.0,0.0,0.11,1.0,66.0,0.03607757336837495,16.09000015258789,1.3627813022009942,0.0
^VIX,2026-09-16,10.0,Call,0.0,0.0,11.5,3.0,136.0,0.03592426631625055,16.09000015258789,1.3627813022009942,0.0
^VIX,2026-09-16,10.0,Put,0.0,0.0,0.03,2.0,53.0,0.03592426631625055,16.09000015258789,1.3627813022009942,0.0
^VIX,2026-09-16,10.5,Call,10.45,11.1,12.1,1.0,13.0,0.03592426631625055,16.09000015258789,1.3627813022009942,0.0
^VIX,2026-09-16,11.0,Call,9.95,10.65,10.2,7.0,53.0,0.03592426631625055,16.09000015258789,1.3627813022009942,0.0
^VIX,2026-09-16,11.0,Put,0.0,0.0,0.12,,20.0,0.03592426631625055,16.09000015258789,1.3627813022009942,0.0
^VIX,2026-09-16,11.5,Call,9.45,10.15,10.0,4.0,15.0,0.03592426631625055,16.09000015258789,1.3627813022009942,0.0
^VIX,2026-09-16,11.5,Put,0.0,0.0,0.15,,15.0,0.03592426631625055,16.09000015258789,1.3627813022009942,0.0
^VIX,2026-09-16,12.0,Call,9.0,9.65,9.5,39.0,113.0,0.03592426631625055,16.09000015258789,1.3627813022009942,0.0
^VIX,2026-09-16,12.0,Put,0.0,0.0,0.17,,50.0,0.03592426631625055,16.09000015258789,1.3627813022009942,0.0
^VIX,2026-09-16,12.5,Call,8.5,9.2,8.9,2.0,56.0,0.03592426631625055,16.09000015258789,1.3627813022009942,0.0
^VIX,2026-09-16,12.5,Put,0.0,0.0,0.09,1.0,66.0,0.03592426631625055,16.09000015258789,1.3627813022009942,0.0
^VIX,2026-09-16,13.0,Call,8.05,8.75,8.5,13.0,1201.0,0.03592426631625055,16.09000015258789,1.3627813022009942,0.0
^VIX,2026-09-16,13.0,Put,0.0,0.0,0.11,20.0,47.0,0.03592426631625055,16.09000015258789,1.3627813022009942,0.0
^VIX,2026-09-16,13.5,Call,7.6,8.3,7.85,6.0,398.0,0.03592426631625055,16.09000015258789,1.3627813022009942,0.0
^VIX,2026-09-16,13.5,Put,0.0,0.0,0.22,1.0,102.0,0.03592426631625055,16.09000015258789,1.3627813022009942,0.0
^VIX,2026-09-16,14.0,Call,7.2,7.85,7.6,91.0,726.0,0.03592426631625055,16.09000015258789,1.3627813022009942,0.0
^VIX,2026-09-16,14.0,Put,0.0,0.0,0.25,2.0,119.0,0.03592426631625055,16.09000015258789,1.3627813022009942,0.0
^VIX,2026-09-16,14.5,Call,6.8,7.45,7.05,12.0,519.0,0.03592426631625055,16.09000015258789,1.3627813022009942,0.0
^VIX,2026-09-16,14.5,Put,0.0,0.0,0.36,1.0,29.0,0.03592426631625055,16.09000015258789,1.3627813022009942,0.0
^VIX,2026-09-16,15.0,Call,6.4,7.05,7.1,63.0,854.0,0.03592426631625055,16.09000015258789,1.3627813022009942,0.0
^VIX,2026-09-16,15.0,Put,0.24,0.5,0.45,4.0,146.0,0.03592426631625055,16.09000015258789,1.3627813022009942,0.0
^VIX,2026-09-16,16.0,Call,5.75,6.4,5.8,1.0,176.0,0.03592426631625055,16.09000015258789,1.3627813022009942,0.0
^VIX,2026-09-16,16.0,Put,0.56,0.84,0.75,1.0,108.0,0.03592426631625055,16.09000015258789,1.3627813022009942,0.0
^VIX,2026-09-16,17.0,Call,0.0,0.0,5.7,1.0,223.0,0.03592426631625055,16.09000015258789,1.3627813022009942,0.0
^VIX,2026-09-16,17.0,Put,0.97,1.29,1.17,,5.0,0.03592426631625055,16.09000015258789,1.3627813022009942,0.0
^VIX,2026-09-16,18.0,Call,0.0,0.0,5.22,1.0,260.0,0.03592426631625055,16.09000015258789,1.3627813022009942,0.0
^VIX,2026-09-16,18.0,Put,1.49,1.82,1.74,1.0,12.0,0.03592426631625055,16.09000015258789,1.3627813022009942,0.0
^VIX,2026-09-16,19.0,Call,0.0,0.0,5.2,16.0,239.0,0.03592426631625055,16.09000015258789,1.3627813022009942,0.0
^VIX,2026-09-16,19.0,Put,0.0,0.0,2.36,,1.0,0.03592426631625055,16.09000015258789,1.3627813022009942,0.0
^VIX,2026-09-16,20.0,Call,4.1,4.7,4.7,42.0,907.0,0.03592426631625055,16.09000015258789,1.3627813022009942,0.0
^VIX,2026-09-16,20.0,Put,0.0,0.0,3.1,11.0,249.0,0.03592426631625055,16.09000015258789,1.3627813022009942,0.0
^VIX,2026-09-16,21.0,Call,3.8,4.4,4.04,1.0,28.0,0.03592426631625055,16.09000015258789,1.3627813022009942,0.0
^VIX,2026-09-16,21.0,Put,0.0,0.0,3.58,,10.0,0.03592426631625055,16.09000015258789,1.3627813022009942,0.0
^VIX,2026-09-16,22.0,Call,3.55,4.1,3.91,1.0,363.0,0.03592426631625055,16.09000015258789,1.3627813022009942,0.0
^VIX,2026-09-16,22.0,Put,0.0,0.0,4.2,18.0,25.0,0.03592426631625055,16.09000015258789,1.3627813022009942,0.0
^VIX,2026-09-16,23.0,Call,3.3,3.85,3.75,2.0,143.0,0.03592426631625055,16.09000015258789,1.3627813022009942,0.0
^VIX,2026-09-16,23.0,Put,0.0,0.0,4.45,8.0,15.0,0.03592426631625055,16.09000015258789,1.3627813022009942,0.0
^VIX,2026-09-16,24.0,Call,3.1,3.6,3.1,1.0,30.0,0.03592426631625055,16.09000015258789,1.3627813022009942,0.0
^VIX,2026-09-16,24.0,Put,5.55,6.0,6.0,,1.0,0.03592426631625055,16.09000015258789,1.3627813022009942,0.0
^VIX,2026-09-16,25.0,Call,3.0,3.4,3.25,10.0,611.0,0.03592426631625055,16.09000015258789,1.3627813022009942,0.0
^VIX,2026-09-16,25.0,Put,6.3,6.75,6.53,5.0,66.0,0.03592426631625055,16.09000015258789,1.3627813022009942,0.0
^VIX,2026-09-16,26.0,Call,2.72,3.25,3.1,2.0,5.0,0.03592426631625055,16.09000015258789,1.3627813022009942,0.0
^VIX,2026-09-16,26.0,Put,0.0,0.0,7.05,,12.0,0.03592426631625055,16.09000015258789,1.3627813022009942,0.0
^VIX,2026-09-16,27.0,Call,2.55,3.05,2.84,10.0,18.0,0.03592426631625055,16.09000015258789,1.3627813022009942,0.0
^VIX,2026-09-16,27.0,Put,0.0,0.0,8.0,,1.0,0.03592426631625055,16.09000015258789,1.3627813022009942,0.0
^VIX,2026-09-16,28.0,Call,2.41,2.88,2.63,5.0,240.0,0.03592426631625055,16.09000015258789,1.3627813022009942,0.0
^VIX,2026-09-16,29.0,Call,0.0,0.0,2.79,31.0,249.0,0.03592426631625055,16.09000015258789,1.3627813022009942,0.0
^VIX,2026-09-16,30.0,Call,2.15,2.6,2.52,25.0,638.0,0.03592426631625055,16.09000015258789,1.3627813022009942,0.0
^VIX,2026-09-16,30.0,Put,10.4,10.9,10.58,10.0,11.0,0.03592426631625055,16.09000015258789,1.3627813022009942,0.0
^VIX,2026-09-16,32.0,Call,1.93,2.37,2.27,1.0,231.0,0.03592426631625055,16.09000015258789,1.3627813022009942,0.0
^VIX,2026-09-16,34.0,Call,1.76,2.17,2.09,1.0,9.0,0.03592426631625055,16.09000015258789,1.3627813022009942,0.0
^VIX,2026-09-16,35.0,Call,1.68,2.08,2.03,4.0,5527.0,0.03592426631625055,16.09000015258789,1.3627813022009942,0.0
^VIX,2026-09-16,37.0,Call,1.54,1.92,2.06,,1.0,0.03592426631625055,16.09000015258789,1.3627813022009942,0.0
^VIX,2026-09-16,38.0,Call,1.48,1.85,1.75,1.0,1.0,0.03592426631625055,16.09000015258789,1.3627813022009942,0.0
^VIX,2026-09-16,39.0,Call,1.42,1.79,1.93,,5.0,0.03592426631625055,16.09000015258789,1.3627813022009942,0.0
^VIX,2026-09-16,40.0,Call,1.36,1.73,1.6,98.0,1310.0,0.03592426631625055,16.09000015258789,1.3627813022009942,0.0
^VIX,2026-09-16,42.5,Call,1.23,1.59,1.51,1.0,7.0,0.03592426631625055,16.09000015258789,1.3627813022009942,0.0
^VIX,2026-09-16,45.0,Call,0.0,0.0,1.34,2.0,56.0,0.03592426631625055,16.09000015258789,1.3627813022009942,0.0
^VIX,2026-09-16,47.5,Call,1.02,1.36,1.17,4.0,15.0,0.03592426631625055,16.09000015258789,1.3627813022009942,0.0
^VIX,2026-09-16,50.0,Call,0.0,0.0,1.07,112.0,171.0,0.03592426631625055,16.09000015258789,1.3627813022009942,0.0
^VIX,2026-09-16,55.0,Call,0.8,1.1,0.99,2.0,18.0,0.03592426631625055,16.09000015258789,1.3627813022009942,0.0
^VIX,2026-09-16,55.0,Put,33.25,33.9,33.15,,1.0,0.03592426631625055,16.09000015258789,1.3627813022009942,0.0
^VIX,2026-09-16,60.0,Call,0.68,0.83,0.9,5.0,298.0,0.03592426631625055,16.09000015258789,1.3627813022009942,0.0
^VIX,2026-09-16,65.0,Call,0.59,0.85,0.77,15.0,26.0,0.03592426631625055,16.09000015258789,1.3627813022009942,0.0
^VIX,2026-09-16,70.0,Call,0.5,0.77,0.59,7.0,70.0,0.03592426631625055,16.09000015258789,1.3627813022009942,0.0
^VIX,2026-09-16,75.0,Call,0.0,0.0,0.68,1.0,46.0,0.03592426631625055,16.09000015258789,1.3627813022009942,0.0
^VIX,2026-09-16,80.0,Call,0.37,0.64,0.63,1.0,70.0,0.03592426631625055,16.09000015258789,1.3627813022009942,0.0
^VIX,2026-09-16,100.0,Call,0.0,0.0,0.45,4.0,66.0,0.03592426631625055,16.09000015258789,1.3627813022009942,0.0
^VIX,2026-09-16,110.0,Call,0.0,0.0,0.3,2.0,4.0,0.03592426631625055,16.09000015258789,1.3627813022009942,0.0
^VIX,2026-09-16,120.0,Call,0.0,0.0,0.2,4.0,4.0,0.03592426631625055,16.09000015258789,1.3627813022009942,0.0
^VIX,2026-09-16,150.0,Put,125.0,125.9,124.5,1.0,1.0,0.03592426631625055,16.09000015258789,1.3627813022009942,0.0
^VIX,2026-09-16,160.0,Call,0.0,0.0,0.15,2.0,3.0,0.03592426631625055,16.09000015258789,1.3627813022009942,0.0
^VIX,2026-09-16,200.0,Call,0.0,0.0,0.12,15.0,31.0,0.03592426631625055,16.09000015258789,1.3627813022009942,0.0
^XDA,2026-03-20,53.0,Call,10.0,15.0,12.45,,2.0,0.037051773981603156,68.93000030517578,0.09543305054485496,0.0
^XDA,2026-03-20,64.0,Call,0.0,5.0,2.76,,30.0,0.037051773981603156,68.93000030517578,0.09543305054485496,0.0
^XDA,2026-03-20,65.0,Call,0.0,5.0,2.12,22.0,23.0,0.037051773981603156,68.93000030517578,0.09543305054485496,0.0
^XDA,2026-12-18,66.0,Call,0.0,0.0,3.3,,3.0,0.035415067893123084,68.93000030517578,0.09543305054485496,0.0
^XDB,2026-02-20,136.0,Call,0.0,0.0,0.7,10.0,10.0,0.03791445466491459,136.44200134277344,0.06909168216758585,0.0
^XDB,2026-03-20,120.0,Put,0.0,5.0,0.2,5.0,5.0,0.037051773981603156,136.44200134277344,0.06909168216758585,0.0
^XDB,2026-03-20,130.0,Put,2.14,3.24,3.5,,4.0,0.037051773981603156,136.44200134277344,0.06909168216758585,0.0
^XDB,2026-03-20,132.0,Put,1.55,2.24,3.0,,1.0,0.037051773981603156,136.44200134277344,0.06909168216758585,0.0
^XDB,2026-03-20,133.0,Put,1.89,2.63,2.75,2.0,3.0,0.037051773981603156,136.44200134277344,0.06909168216758585,0.0
^XDB,2026-03-20,135.0,Put,0.0,5.63,7.2,,3.0,0.037051773981603156,136.44200134277344,0.06909168216758585,0.0
^XDB,2026-06-18,127.0,Put,0.93,1.67,1.28,,1.0,0.03652555847568988,136.44200134277344,0.06909168216758585,0.0
^XDB,2026-06-18,137.0,Put,4.28,5.7,4.8,,3.0,0.03652555847568988,136.44200134277344,0.06909168216758585,0.0
^XDB,2026-09-18,129.0,Put,1.68,2.65,2.0,1.0,1.0,0.03591331581252738,136.44200134277344,0.06909168216758585,0.0
^XDB,2026-09-18,130.0,Put,1.97,2.96,2.5,6.0,6.0,0.03591331581252738,136.44200134277344,0.06909168216758585,0.0
^XDB,2026-09-18,133.0,Put,1.84,2.78,4.3,1.0,3.0,0.03591331581252738,136.44200134277344,0.06909168216758585,0.0
^XDB,2026-09-18,135.0,Put,4.21,5.63,4.8,1.0,1.0,0.03591331581252738,136.44200134277344,0.06909168216758585,0.0
^XDB,2026-09-18,136.0,Put,4.0,9.0,5.0,3.0,6.0,0.03591331581252738,136.44200134277344,0.06909168216758585,0.0
^XDE,2026-02-20,117.0,Put,0.0,0.0,1.12,,10.0,0.03791445466491459,118.2300033569336,0.07706531463885788,0.0
^XDE,2026-02-20,118.0,Call,0.0,0.0,0.46,,1.0,0.03791445466491459,118.2300033569336,0.07706531463885788,0.0
^XDE,2026-02-20,118.0,Put,0.0,0.0,0.49,10.0,15.0,0.03791445466491459,118.2300033569336,0.07706531463885788,0.0
^XDE,2026-03-20,114.0,Put,0.0,5.0,1.39,,1.0,0.037051773981603156,118.2300033569336,0.07706531463885788,0.0
^XDE,2026-03-20,115.0,Put,0.0,0.0,1.56,1.0,3.0,0.037051773981603156,118.2300033569336,0.07706531463885788,0.0
^XDE,2026-03-20,116.5,Call,0.0,0.0,2.07,8.0,0.0,0.037051773981603156,118.2300033569336,0.07706531463885788,0.0
^XDE,2026-03-20,119.0,Call,0.56,0.81,1.43,,30.0,0.037051773981603156,118.2300033569336,0.07706531463885788,0.0
^XDE,2026-03-20,122.0,Put,2.5,7.5,4.1,6.0,6.0,0.037051773981603156,118.2300033569336,0.07706531463885788,0.0
^XDE,2026-03-20,123.0,Put,0.0,0.0,5.21,12.0,8.0,0.037051773981603156,118.2300033569336,0.07706531463885788,0.0
^XDE,2026-06-18,110.0,Call,4.5,9.5,7.58,5.0,15.0,0.03652555847568988,118.2300033569336,0.07706531463885788,0.0
^XDE,2026-06-18,114.0,Call,3.0,8.0,6.2,,8.0,0.03652555847568988,118.2300033569336,0.07706531463885788,0.0
^XDE,2026-06-18,116.0,Call,0.0,0.0,2.47,1.0,2.0,0.03652555847568988,118.2300033569336,0.07706531463885788,0.0
^XDE,2026-06-18,116.5,Call,2.16,2.69,3.02,100.0,186.0,0.03652555847568988,118.2300033569336,0.07706531463885788,0.0
^XDE,2026-06-18,117.0,Call,0.0,0.0,1.77,,1.0,0.03652555847568988,118.2300033569336,0.07706531463885788,0.0
^XDE,2026-06-18,117.0,Put,0.0,0.0,1.67,,1.0,0.03652555847568988,118.2300033569336,0.07706531463885788,0.0
^XDE,2026-06-18,117.5,Call,0.5,5.5,3.91,,20.0,0.03652555847568988,118.2300033569336,0.07706531463885788,0.0
^XDE,2026-06-18,120.0,Put,0.0,0.0,2.63,3.0,6.0,0.03652555847568988,118.2300033569336,0.07706531463885788,0.0
^XDE,2026-06-18,123.0,Call,0.0,0.0,0.81,,1.0,0.03652555847568988,118.2300033569336,0.07706531463885788,0.0
^XDE,2026-09-18,116.0,Put,0.0,5.0,2.65,,1.0,0.03591331581252738,118.2300033569336,0.07706531463885788,0.0
^XDN,2026-02-20,63.0,Call,0.0,0.0,1.06,2.0,1.0,0.03791445466491459,64.22899627685547,0.10023086328083966,0.0
^XDN,2026-02-20,63.0,Put,0.0,0.0,0.38,,0.0,0.03791445466491459,64.22899627685547,0.10023086328083966,0.0
^XDN,2026-02-20,64.0,Call,0.0,0.0,0.45,,50.0,0.03791445466491459,64.22899627685547,0.10023086328083966,0.0
^XDN,2026-03-20,64.0,Call,0.0,0.0,0.84,,40.0,0.037051773981603156,64.22899627685547,0.10023086328083966,0.0
^XDN,2026-03-20,65.0,Call,1.08,1.34,1.7,10.0,0.0,0.037051773981603156,64.22899627685547,0.10023086328083966,0.0
^XDN,2026-03-20,68.0,Call,3.78,4.34,4.0,,1.0,0.037051773981603156,64.22899627685547,0.10023086328083966,0.0
^XDN,2026-03-20,71.0,Call,0.21,0.49,0.88,,40.0,0.037051773981603156,64.22899627685547,0.10023086328083966,0.0
^XDN,2026-03-20,72.0,Call,0.0,0.1,0.22,,42.0,0.037051773981603156,64.22899627685547,0.10023086328083966,0.0
^XDN,2026-03-20,73.0,Call,0.07,0.29,0.39,40.0,65.0,0.037051773981603156,64.22899627685547,0.10023086328083966,0.0
^XDN,2026-03-20,75.0,Call,0.0,0.0,0.1,20.0,91.0,0.037051773981603156,64.22899627685547,0.10023086328083966,0.0
^XDN,2026-03-20,76.0,Call,0.0,5.0,1.63,,30.0,0.037051773981603156,64.22899627685547,0.10023086328083966,0.0
^XDN,2026-06-18,66.0,Call,0.0,0.0,1.71,10.0,5.0,0.03652555847568988,64.22899627685547,0.10023086328083966,0.0
^XDN,2026-06-18,72.0,Call,0.35,0.79,1.18,,30.0,0.03652555847568988,64.22899627685547,0.10023086328083966,0.0
^XDN,2026-09-18,70.0,Call,1.04,1.64,2.25,,8.0,0.03591331581252738,64.22899627685547,0.10023086328083966,0.0
^XDN,2026-09-18,75.0,Call,0.2,0.81,1.07,,15.0,0.03591331581252738,64.22899627685547,0.10023086328083966,0.0
^XDN,2026-12-18,70.0,Call,0.0,0.0,1.13,1.0,41.0,0.035415067893123084,64.22899627685547,0.10023086328083966,0.0
