Ticker,Expiration,strike,Type,bid,ask,lastPrice,volume,openInterest,treasury_rate,current_stock_price,historical_volatility,dividend_yield
^RUT,2026-03-27,2000.0,Put,0.0,0.15,0.05,1.0,0.0,0.03760000000000001,2677.2900390625,0.2309495479878582,0.0
^RUT,2026-03-27,2005.0,Put,0.0,0.15,0.13,11.0,0.0,0.03760000000000001,2677.2900390625,0.2309495479878582,0.0
^RUT,2026-03-27,2010.0,Put,0.0,0.15,0.27,3.0,0.0,0.03760000000000001,2677.2900390625,0.2309495479878582,0.0
^RUT,2026-03-27,2015.0,Put,0.0,0.15,0.55,2.0,0.0,0.03760000000000001,2677.2900390625,0.2309495479878582,0.0
^RUT,2026-03-27,2020.0,Put,0.0,0.15,1.05,4.0,0.0,0.03760000000000001,2677.2900390625,0.2309495479878582,0.0
^RUT,2026-03-27,2025.0,Put,0.0,0.15,1.4,4.0,0.0,0.03760000000000001,2677.2900390625,0.2309495479878582,0.0
^RUT,2026-03-27,2030.0,Put,0.0,0.15,3.71,3.0,0.0,0.03760000000000001,2677.2900390625,0.2309495479878582,0.0
^RUT,2026-03-27,2040.0,Put,0.0,0.15,0.3,3.0,0.0,0.03760000000000001,2677.2900390625,0.2309495479878582,0.0
^RUT,2026-03-27,2050.0,Put,0.0,0.15,0.72,100.0,0.0,0.03760000000000001,2677.2900390625,0.2309495479878582,0.0
^RUT,2026-03-27,2055.0,Put,0.0,0.15,0.6,1.0,0.0,0.03760000000000001,2677.2900390625,0.2309495479878582,0.0
^RUT,2026-03-27,2060.0,Put,0.0,0.15,1.28,,0.0,0.03760000000000001,2677.2900390625,0.2309495479878582,0.0
^RUT,2026-03-27,2065.0,Put,0.0,0.15,0.92,,0.0,0.03760000000000001,2677.2900390625,0.2309495479878582,0.0
^RUT,2026-03-27,2075.0,Put,0.0,0.15,0.64,10.0,0.0,0.03760000000000001,2677.2900390625,0.2309495479878582,0.0
^RUT,2026-03-27,2080.0,Put,0.0,0.15,0.05,5.0,0.0,0.03760000000000001,2677.2900390625,0.2309495479878582,0.0
^RUT,2026-03-27,2085.0,Put,0.0,0.15,2.27,1.0,0.0,0.03760000000000001,2677.2900390625,0.2309495479878582,0.0
^RUT,2026-03-27,2090.0,Put,0.0,0.15,0.35,100.0,0.0,0.03760000000000001,2677.2900390625,0.2309495479878582,0.0
^RUT,2026-03-27,2095.0,Put,0.0,0.15,0.13,2.0,0.0,0.03760000000000001,2677.2900390625,0.2309495479878582,0.0
^RUT,2026-03-27,2100.0,Call,376.7,400.7,371.14,,0.0,0.03760000000000001,2677.2900390625,0.2309495479878582,0.0
^RUT,2026-03-27,2100.0,Put,0.0,0.15,0.15,33.0,0.0,0.03760000000000001,2677.2900390625,0.2309495479878582,0.0
^RUT,2026-03-27,2105.0,Put,0.0,0.15,0.15,2.0,0.0,0.03760000000000001,2677.2900390625,0.2309495479878582,0.0
^RUT,2026-03-27,2110.0,Put,0.0,0.15,0.5,1.0,0.0,0.03760000000000001,2677.2900390625,0.2309495479878582,0.0
^RUT,2026-03-27,2115.0,Put,0.0,0.15,0.75,8.0,0.0,0.03760000000000001,2677.2900390625,0.2309495479878582,0.0
^RUT,2026-03-27,2120.0,Put,0.0,0.15,0.4,50.0,0.0,0.03760000000000001,2677.2900390625,0.2309495479878582,0.0
^RUT,2026-03-27,2125.0,Put,0.0,0.15,0.8,8.0,0.0,0.03760000000000001,2677.2900390625,0.2309495479878582,0.0
^RUT,2026-03-27,2130.0,Put,0.0,0.15,0.9,8.0,0.0,0.03760000000000001,2677.2900390625,0.2309495479878582,0.0
^RUT,2026-03-27,2135.0,Put,0.0,0.15,0.95,8.0,0.0,0.03760000000000001,2677.2900390625,0.2309495479878582,0.0
^RUT,2026-03-27,2140.0,Put,0.0,0.15,0.2,1.0,0.0,0.03760000000000001,2677.2900390625,0.2309495479878582,0.0
^RUT,2026-03-27,2145.0,Put,0.0,0.15,1.05,8.0,0.0,0.03760000000000001,2677.2900390625,0.2309495479878582,0.0
^RUT,2026-03-27,2150.0,Put,0.0,0.15,1.05,8.0,0.0,0.03760000000000001,2677.2900390625,0.2309495479878582,0.0
^RUT,2026-03-27,2155.0,Put,0.0,0.15,0.45,50.0,0.0,0.03760000000000001,2677.2900390625,0.2309495479878582,0.0
^RUT,2026-03-27,2160.0,Put,0.0,0.15,1.25,8.0,0.0,0.03760000000000001,2677.2900390625,0.2309495479878582,0.0
^RUT,2026-03-27,2165.0,Put,0.0,0.15,1.3,8.0,0.0,0.03760000000000001,2677.2900390625,0.2309495479878582,0.0
^RUT,2026-03-27,2170.0,Put,0.0,0.15,0.1,4.0,0.0,0.03760000000000001,2677.2900390625,0.2309495479878582,0.0
^RUT,2026-03-27,2175.0,Put,0.0,0.15,0.29,3.0,0.0,0.03760000000000001,2677.2900390625,0.2309495479878582,0.0
^RUT,2026-03-27,2180.0,Put,0.0,0.15,0.39,3.0,0.0,0.03760000000000001,2677.2900390625,0.2309495479878582,0.0
^RUT,2026-03-27,2185.0,Put,0.0,0.15,0.27,53.0,0.0,0.03760000000000001,2677.2900390625,0.2309495479878582,0.0
^RUT,2026-03-27,2190.0,Put,0.0,0.15,0.04,2.0,0.0,0.03760000000000001,2677.2900390625,0.2309495479878582,0.0
^RUT,2026-03-27,2195.0,Put,0.0,0.15,0.09,1.0,0.0,0.03760000000000001,2677.2900390625,0.2309495479878582,0.0
^RUT,2026-03-27,2200.0,Put,0.0,0.15,0.02,1.0,0.0,0.03760000000000001,2677.2900390625,0.2309495479878582,0.0
^RUT,2026-03-27,2205.0,Put,0.0,0.15,2.2,8.0,0.0,0.03760000000000001,2677.2900390625,0.2309495479878582,0.0
^RUT,2026-03-27,2210.0,Put,0.0,0.15,0.1,399.0,0.0,0.03760000000000001,2677.2900390625,0.2309495479878582,0.0
^RUT,2026-03-27,2215.0,Put,0.0,0.15,0.38,100.0,0.0,0.03760000000000001,2677.2900390625,0.2309495479878582,0.0
^RUT,2026-03-27,2220.0,Put,0.0,0.15,0.14,395.0,0.0,0.03760000000000001,2677.2900390625,0.2309495479878582,0.0
^RUT,2026-03-27,2225.0,Put,0.0,0.15,0.37,1.0,0.0,0.03760000000000001,2677.2900390625,0.2309495479878582,0.0
^RUT,2026-03-27,2230.0,Put,0.0,0.15,0.35,1.0,0.0,0.03760000000000001,2677.2900390625,0.2309495479878582,0.0
^RUT,2026-03-27,2235.0,Put,0.0,0.15,0.75,4.0,0.0,0.03760000000000001,2677.2900390625,0.2309495479878582,0.0
^RUT,2026-03-27,2240.0,Put,0.0,0.15,0.06,6.0,0.0,0.03760000000000001,2677.2900390625,0.2309495479878582,0.0
^RUT,2026-03-27,2245.0,Put,0.0,0.15,0.13,1.0,0.0,0.03760000000000001,2677.2900390625,0.2309495479878582,0.0
^RUT,2026-03-27,2250.0,Put,0.0,0.15,0.09,1.0,0.0,0.03760000000000001,2677.2900390625,0.2309495479878582,0.0
^RUT,2026-03-27,2255.0,Put,0.0,0.15,0.65,4.0,0.0,0.03760000000000001,2677.2900390625,0.2309495479878582,0.0
^RUT,2026-03-27,2260.0,Put,0.0,0.15,1.59,16.0,0.0,0.03760000000000001,2677.2900390625,0.2309495479878582,0.0
^RUT,2026-03-27,2265.0,Put,0.0,0.15,0.17,1.0,0.0,0.03760000000000001,2677.2900390625,0.2309495479878582,0.0
^RUT,2026-03-27,2270.0,Put,0.0,0.15,0.15,3.0,0.0,0.03760000000000001,2677.2900390625,0.2309495479878582,0.0
^RUT,2026-03-27,2275.0,Put,0.0,0.15,0.05,13.0,0.0,0.03760000000000001,2677.2900390625,0.2309495479878582,0.0
^RUT,2026-03-27,2280.0,Put,0.0,0.15,0.09,62.0,0.0,0.03760000000000001,2677.2900390625,0.2309495479878582,0.0
^RUT,2026-03-27,2285.0,Put,0.0,0.15,0.08,69.0,0.0,0.03760000000000001,2677.2900390625,0.2309495479878582,0.0
^RUT,2026-03-27,2290.0,Put,0.0,0.15,0.05,53.0,0.0,0.03760000000000001,2677.2900390625,0.2309495479878582,0.0
^RUT,2026-03-27,2295.0,Put,0.0,0.2,0.1,62.0,0.0,0.03760000000000001,2677.2900390625,0.2309495479878582,0.0
^RUT,2026-03-27,2300.0,Put,0.0,0.2,0.08,4.0,0.0,0.03760000000000001,2677.2900390625,0.2309495479878582,0.0
^RUT,2026-03-27,2305.0,Put,0.0,0.2,0.05,10.0,0.0,0.03760000000000001,2677.2900390625,0.2309495479878582,0.0
^RUT,2026-03-27,2310.0,Call,170.8,186.8,223.66,5.0,0.0,0.03760000000000001,2677.2900390625,0.2309495479878582,0.0
^RUT,2026-03-27,2310.0,Put,0.0,0.2,0.1,50.0,0.0,0.03760000000000001,2677.2900390625,0.2309495479878582,0.0
^RUT,2026-03-27,2315.0,Call,165.8,181.8,202.72,4.0,0.0,0.03760000000000001,2677.2900390625,0.2309495479878582,0.0
^RUT,2026-03-27,2315.0,Put,0.0,0.2,0.12,4.0,0.0,0.03760000000000001,2677.2900390625,0.2309495479878582,0.0
^RUT,2026-03-27,2320.0,Put,0.0,0.2,0.1,47.0,0.0,0.03760000000000001,2677.2900390625,0.2309495479878582,0.0
^RUT,2026-03-27,2325.0,Call,156.8,171.8,122.65,4.0,0.0,0.03760000000000001,2677.2900390625,0.2309495479878582,0.0
^RUT,2026-03-27,2325.0,Put,0.0,0.2,0.14,12.0,0.0,0.03760000000000001,2677.2900390625,0.2309495479878582,0.0
^RUT,2026-03-27,2330.0,Call,151.8,166.8,116.48,4.0,0.0,0.03760000000000001,2677.2900390625,0.2309495479878582,0.0
^RUT,2026-03-27,2330.0,Put,0.0,0.2,0.15,29.0,0.0,0.03760000000000001,2677.2900390625,0.2309495479878582,0.0
^RUT,2026-03-27,2335.0,Put,0.0,0.2,0.15,14.0,0.0,0.03760000000000001,2677.2900390625,0.2309495479878582,0.0
^RUT,2026-03-27,2340.0,Call,141.8,156.8,167.13,,0.0,0.03760000000000001,2677.2900390625,0.2309495479878582,0.0
^RUT,2026-03-27,2340.0,Put,0.0,0.2,3.63,72.0,0.0,0.03760000000000001,2677.2900390625,0.2309495479878582,0.0
^RUT,2026-03-27,2345.0,Put,0.0,0.2,0.21,18.0,0.0,0.03760000000000001,2677.2900390625,0.2309495479878582,0.0
^RUT,2026-03-27,2350.0,Call,131.8,146.8,169.36,1.0,0.0,0.03760000000000001,2677.2900390625,0.2309495479878582,0.0
^RUT,2026-03-27,2350.0,Put,0.0,0.25,0.22,118.0,0.0,0.03760000000000001,2677.2900390625,0.2309495479878582,0.0
^RUT,2026-03-27,2355.0,Call,126.8,141.8,159.55,1.0,0.0,0.03760000000000001,2677.2900390625,0.2309495479878582,0.0
^RUT,2026-03-27,2355.0,Put,0.0,0.25,0.22,17.0,0.0,0.03760000000000001,2677.2900390625,0.2309495479878582,0.0
^RUT,2026-03-27,2360.0,Call,121.8,136.8,92.04,7.0,0.0,0.03760000000000001,2677.2900390625,0.2309495479878582,0.0
^RUT,2026-03-27,2360.0,Put,0.0,0.25,0.27,20.0,0.0,0.03760000000000001,2677.2900390625,0.2309495479878582,0.0
^RUT,2026-03-27,2365.0,Call,116.8,131.9,144.03,5.0,0.0,0.03760000000000001,2677.2900390625,0.2309495479878582,0.0
^RUT,2026-03-27,2365.0,Put,0.0,0.25,0.29,27.0,0.0,0.03760000000000001,2677.2900390625,0.2309495479878582,0.0
^RUT,2026-03-27,2370.0,Call,111.8,126.9,149.67,1.0,0.0,0.03760000000000001,2677.2900390625,0.2309495479878582,0.0
^RUT,2026-03-27,2370.0,Put,0.0,0.25,0.18,76.0,0.0,0.03760000000000001,2677.2900390625,0.2309495479878582,0.0
^RUT,2026-03-27,2375.0,Call,106.9,121.9,147.7,52.0,0.0,0.03760000000000001,2677.2900390625,0.2309495479878582,0.0
^RUT,2026-03-27,2375.0,Put,0.0,0.3,0.12,69.0,0.0,0.03760000000000001,2677.2900390625,0.2309495479878582,0.0
^RUT,2026-03-27,2380.0,Call,101.8,116.8,130.0,8.0,0.0,0.03760000000000001,2677.2900390625,0.2309495479878582,0.0
^RUT,2026-03-27,2380.0,Put,0.0,0.3,0.23,132.0,0.0,0.03760000000000001,2677.2900390625,0.2309495479878582,0.0
^RUT,2026-03-27,2385.0,Call,100.1,108.9,129.0,10.0,0.0,0.03760000000000001,2677.2900390625,0.2309495479878582,0.0
^RUT,2026-03-27,2385.0,Put,0.0,0.35,0.45,40.0,0.0,0.03760000000000001,2677.2900390625,0.2309495479878582,0.0
^RUT,2026-03-27,2390.0,Call,94.8,104.0,139.17,5.0,0.0,0.03760000000000001,2677.2900390625,0.2309495479878582,0.0
^RUT,2026-03-27,2390.0,Put,0.05,0.35,0.51,58.0,0.0,0.03760000000000001,2677.2900390625,0.2309495479878582,0.0
^RUT,2026-03-27,2395.0,Call,89.9,99.0,73.92,10.0,0.0,0.03760000000000001,2677.2900390625,0.2309495479878582,0.0
^RUT,2026-03-27,2395.0,Put,0.1,0.4,0.7,145.0,0.0,0.03760000000000001,2677.2900390625,0.2309495479878582,0.0
^RUT,2026-03-27,2400.0,Call,84.3,93.8,124.2,8.0,0.0,0.03760000000000001,2677.2900390625,0.2309495479878582,0.0
^RUT,2026-03-27,2400.0,Put,0.2,0.5,2.43,305.0,0.0,0.03760000000000001,2677.2900390625,0.2309495479878582,0.0
^RUT,2026-03-27,2405.0,Call,79.4,88.9,116.0,6.0,0.0,0.03760000000000001,2677.2900390625,0.2309495479878582,0.0
^RUT,2026-03-27,2405.0,Put,0.25,0.6,1.07,296.0,0.0,0.03760000000000001,2677.2900390625,0.2309495479878582,0.0
^RUT,2026-03-27,2410.0,Call,75.1,84.3,91.85,1.0,0.0,0.03760000000000001,2677.2900390625,0.2309495479878582,0.0
^RUT,2026-03-27,2410.0,Put,0.4,0.8,2.32,508.0,0.0,0.03760000000000001,2677.2900390625,0.2309495479878582,0.0
^RUT,2026-03-27,2415.0,Call,70.1,79.5,123.4,1.0,0.0,0.03760000000000001,2677.2900390625,0.2309495479878582,0.0
^RUT,2026-03-27,2415.0,Put,0.55,0.95,1.62,529.0,0.0,0.03760000000000001,2677.2900390625,0.2309495479878582,0.0
^RUT,2026-03-27,2420.0,Call,65.0,74.4,99.14,1.0,0.0,0.03760000000000001,2677.2900390625,0.2309495479878582,0.0
^RUT,2026-03-27,2420.0,Put,0.8,1.25,0.7,2.0,0.0,0.03760000000000001,2677.2900390625,0.2309495479878582,0.0
^RUT,2026-03-27,2425.0,Call,60.1,69.7,82.0,1.0,0.0,0.03760000000000001,2677.2900390625,0.2309495479878582,0.0
^RUT,2026-03-27,2425.0,Put,1.1,1.65,0.6,460.0,0.0,0.03760000000000001,2677.2900390625,0.2309495479878582,0.0
^RUT,2026-03-27,2430.0,Call,55.5,65.0,69.02,1.0,0.0,0.03760000000000001,2677.2900390625,0.2309495479878582,0.0
^RUT,2026-03-27,2430.0,Put,1.45,2.0,0.6,2.0,0.0,0.03760000000000001,2677.2900390625,0.2309495479878582,0.0
^RUT,2026-03-27,2435.0,Call,51.0,60.7,89.0,2.0,0.0,0.03760000000000001,2677.2900390625,0.2309495479878582,0.0
^RUT,2026-03-27,2435.0,Put,1.85,2.45,0.77,248.0,0.0,0.03760000000000001,2677.2900390625,0.2309495479878582,0.0
^RUT,2026-03-27,2440.0,Call,47.4,56.6,80.55,1.0,0.0,0.03760000000000001,2677.2900390625,0.2309495479878582,0.0
^RUT,2026-03-27,2440.0,Put,2.45,3.1,1.3,4.0,0.0,0.03760000000000001,2677.2900390625,0.2309495479878582,0.0
^RUT,2026-03-27,2445.0,Call,43.1,52.2,47.5,15.0,0.0,0.03760000000000001,2677.2900390625,0.2309495479878582,0.0
^RUT,2026-03-27,2445.0,Put,3.1,3.8,2.3,399.0,0.0,0.03760000000000001,2677.2900390625,0.2309495479878582,0.0
^RUT,2026-03-27,2450.0,Call,38.7,47.9,68.57,262.0,0.0,0.03760000000000001,2677.2900390625,0.2309495479878582,0.0
^RUT,2026-03-27,2450.0,Put,3.8,4.5,3.6,7.0,0.0,0.03760000000000001,2677.2900390625,0.2309495479878582,0.0
^RUT,2026-03-27,2455.0,Call,37.9,41.4,65.4,1.0,0.0,0.03760000000000001,2677.2900390625,0.2309495479878582,0.0
^RUT,2026-03-27,2455.0,Put,4.9,5.6,1.96,135.0,0.0,0.03760000000000001,2677.2900390625,0.2309495479878582,0.0
^RUT,2026-03-27,2460.0,Call,33.6,36.2,59.77,4.0,0.0,0.03760000000000001,2677.2900390625,0.2309495479878582,0.0
^RUT,2026-03-27,2460.0,Put,5.7,6.5,2.6,2.0,0.0,0.03760000000000001,2677.2900390625,0.2309495479878582,0.0
^RUT,2026-03-27,2465.0,Call,29.9,32.3,39.41,4.0,0.0,0.03760000000000001,2677.2900390625,0.2309495479878582,0.0
^RUT,2026-03-27,2465.0,Put,7.1,7.8,3.87,159.0,0.0,0.03760000000000001,2677.2900390625,0.2309495479878582,0.0
^RUT,2026-03-27,2470.0,Call,26.7,28.7,35.47,3.0,0.0,0.03760000000000001,2677.2900390625,0.2309495479878582,0.0
^RUT,2026-03-27,2470.0,Put,8.3,9.1,10.63,169.0,0.0,0.03760000000000001,2677.2900390625,0.2309495479878582,0.0
^RUT,2026-03-27,2475.0,Call,23.6,25.1,60.0,3.0,0.0,0.03760000000000001,2677.2900390625,0.2309495479878582,0.0
^RUT,2026-03-27,2475.0,Put,9.8,10.8,4.87,230.0,0.0,0.03760000000000001,2677.2900390625,0.2309495479878582,0.0
^RUT,2026-03-27,2480.0,Call,20.6,21.7,35.6,10.0,0.0,0.03760000000000001,2677.2900390625,0.2309495479878582,0.0
^RUT,2026-03-27,2480.0,Put,11.6,12.5,8.4,233.0,0.0,0.03760000000000001,2677.2900390625,0.2309495479878582,0.0
^RUT,2026-03-27,2485.0,Call,17.5,18.6,32.4,9.0,0.0,0.03760000000000001,2677.2900390625,0.2309495479878582,0.0
^RUT,2026-03-27,2485.0,Put,14.0,14.9,13.48,3.0,0.0,0.03760000000000001,2677.2900390625,0.2309495479878582,0.0
^RUT,2026-03-27,2490.0,Call,14.9,15.9,21.9,3.0,0.0,0.03760000000000001,2677.2900390625,0.2309495479878582,0.0
^RUT,2026-03-27,2490.0,Put,16.2,17.1,11.19,317.0,0.0,0.03760000000000001,2677.2900390625,0.2309495479878582,0.0
^RUT,2026-03-27,2495.0,Call,12.4,13.4,43.58,37.0,0.0,0.03760000000000001,2677.2900390625,0.2309495479878582,0.0
^RUT,2026-03-27,2495.0,Put,18.7,19.7,18.08,3.0,0.0,0.03760000000000001,2677.2900390625,0.2309495479878582,0.0
^RUT,2026-03-27,2500.0,Call,10.4,11.3,39.98,169.0,0.0,0.03760000000000001,2677.2900390625,0.2309495479878582,0.0
^RUT,2026-03-27,2500.0,Put,21.6,22.9,16.7,164.0,0.0,0.03760000000000001,2677.2900390625,0.2309495479878582,0.0
^RUT,2026-03-27,2505.0,Call,8.4,9.4,13.63,76.0,0.0,0.03760000000000001,2677.2900390625,0.2309495479878582,0.0
^RUT,2026-03-27,2505.0,Put,24.1,26.0,19.2,33.0,0.0,0.03760000000000001,2677.2900390625,0.2309495479878582,0.0
^RUT,2026-03-27,2510.0,Call,7.0,7.7,19.9,1.0,0.0,0.03760000000000001,2677.2900390625,0.2309495479878582,0.0
^RUT,2026-03-27,2510.0,Put,27.5,29.7,18.19,55.0,0.0,0.03760000000000001,2677.2900390625,0.2309495479878582,0.0
^RUT,2026-03-27,2515.0,Call,5.7,6.5,16.9,115.0,0.0,0.03760000000000001,2677.2900390625,0.2309495479878582,0.0
^RUT,2026-03-27,2515.0,Put,30.0,33.1,30.47,25.0,0.0,0.03760000000000001,2677.2900390625,0.2309495479878582,0.0
^RUT,2026-03-27,2520.0,Call,4.6,5.3,15.1,139.0,0.0,0.03760000000000001,2677.2900390625,0.2309495479878582,0.0
^RUT,2026-03-27,2520.0,Put,34.2,37.0,35.16,55.0,0.0,0.03760000000000001,2677.2900390625,0.2309495479878582,0.0
^RUT,2026-03-27,2525.0,Call,3.6,4.3,13.3,946.0,0.0,0.03760000000000001,2677.2900390625,0.2309495479878582,0.0
^RUT,2026-03-27,2525.0,Put,35.2,44.9,36.34,26.0,0.0,0.03760000000000001,2677.2900390625,0.2309495479878582,0.0
^RUT,2026-03-27,2530.0,Call,2.7,3.5,11.8,117.0,0.0,0.03760000000000001,2677.2900390625,0.2309495479878582,0.0
^RUT,2026-03-27,2530.0,Put,39.4,49.4,27.34,61.0,0.0,0.03760000000000001,2677.2900390625,0.2309495479878582,0.0
^RUT,2026-03-27,2535.0,Call,2.1,2.7,12.82,272.0,0.0,0.03760000000000001,2677.2900390625,0.2309495479878582,0.0
^RUT,2026-03-27,2535.0,Put,43.7,53.6,16.81,38.0,0.0,0.03760000000000001,2677.2900390625,0.2309495479878582,0.0
^RUT,2026-03-27,2540.0,Call,1.6,2.2,4.7,1.0,0.0,0.03760000000000001,2677.2900390625,0.2309495479878582,0.0
^RUT,2026-03-27,2540.0,Put,48.2,57.3,33.61,16.0,0.0,0.03760000000000001,2677.2900390625,0.2309495479878582,0.0
^RUT,2026-03-27,2545.0,Call,1.2,1.7,8.3,85.0,0.0,0.03760000000000001,2677.2900390625,0.2309495479878582,0.0
^RUT,2026-03-27,2545.0,Put,52.8,62.8,79.41,28.0,0.0,0.03760000000000001,2677.2900390625,0.2309495479878582,0.0
^RUT,2026-03-27,2550.0,Call,0.8,1.3,15.0,208.0,0.0,0.03760000000000001,2677.2900390625,0.2309495479878582,0.0
^RUT,2026-03-27,2550.0,Put,57.4,67.4,24.24,142.0,0.0,0.03760000000000001,2677.2900390625,0.2309495479878582,0.0
^RUT,2026-03-27,2555.0,Call,0.6,1.05,6.7,251.0,0.0,0.03760000000000001,2677.2900390625,0.2309495479878582,0.0
^RUT,2026-03-27,2555.0,Put,62.1,71.5,36.91,4.0,0.0,0.03760000000000001,2677.2900390625,0.2309495479878582,0.0
^RUT,2026-03-27,2560.0,Call,0.4,0.8,3.5,174.0,0.0,0.03760000000000001,2677.2900390625,0.2309495479878582,0.0
^RUT,2026-03-27,2560.0,Put,66.9,76.3,42.42,9.0,0.0,0.03760000000000001,2677.2900390625,0.2309495479878582,0.0
^RUT,2026-03-27,2565.0,Call,0.25,0.65,2.45,92.0,0.0,0.03760000000000001,2677.2900390625,0.2309495479878582,0.0
^RUT,2026-03-27,2565.0,Put,71.8,81.1,43.09,2.0,0.0,0.03760000000000001,2677.2900390625,0.2309495479878582,0.0
^RUT,2026-03-27,2570.0,Call,0.15,0.5,6.0,707.0,0.0,0.03760000000000001,2677.2900390625,0.2309495479878582,0.0
^RUT,2026-03-27,2570.0,Put,76.7,85.9,72.46,2.0,0.0,0.03760000000000001,2677.2900390625,0.2309495479878582,0.0
^RUT,2026-03-27,2575.0,Call,0.1,0.4,2.65,159.0,0.0,0.03760000000000001,2677.2900390625,0.2309495479878582,0.0
^RUT,2026-03-27,2575.0,Put,81.6,90.8,79.26,3.0,0.0,0.03760000000000001,2677.2900390625,0.2309495479878582,0.0
^RUT,2026-03-27,2580.0,Call,0.05,0.35,0.75,148.0,0.0,0.03760000000000001,2677.2900390625,0.2309495479878582,0.0
^RUT,2026-03-27,2580.0,Put,86.5,95.8,78.38,1.0,0.0,0.03760000000000001,2677.2900390625,0.2309495479878582,0.0
^RUT,2026-03-27,2585.0,Call,0.0,0.3,5.08,91.0,0.0,0.03760000000000001,2677.2900390625,0.2309495479878582,0.0
^RUT,2026-03-27,2585.0,Put,91.5,100.7,83.23,1.0,0.0,0.03760000000000001,2677.2900390625,0.2309495479878582,0.0
^RUT,2026-03-27,2590.0,Call,0.0,0.25,0.44,138.0,0.0,0.03760000000000001,2677.2900390625,0.2309495479878582,0.0
^RUT,2026-03-27,2590.0,Put,96.5,105.7,61.0,4.0,0.0,0.03760000000000001,2677.2900390625,0.2309495479878582,0.0
^RUT,2026-03-27,2595.0,Call,0.0,0.25,0.42,115.0,0.0,0.03760000000000001,2677.2900390625,0.2309495479878582,0.0
^RUT,2026-03-27,2595.0,Put,100.1,115.3,103.99,1.0,0.0,0.03760000000000001,2677.2900390625,0.2309495479878582,0.0
^RUT,2026-03-27,2600.0,Call,0.0,0.25,2.35,666.0,0.0,0.03760000000000001,2677.2900390625,0.2309495479878582,0.0
^RUT,2026-03-27,2600.0,Put,103.4,119.2,79.9,4.0,0.0,0.03760000000000001,2677.2900390625,0.2309495479878582,0.0
^RUT,2026-03-27,2605.0,Call,0.0,0.2,0.34,169.0,0.0,0.03760000000000001,2677.2900390625,0.2309495479878582,0.0
^RUT,2026-03-27,2605.0,Put,108.4,124.1,91.47,2.0,0.0,0.03760000000000001,2677.2900390625,0.2309495479878582,0.0
^RUT,2026-03-27,2610.0,Call,0.0,0.2,2.21,474.0,0.0,0.03760000000000001,2677.2900390625,0.2309495479878582,0.0
^RUT,2026-03-27,2610.0,Put,113.9,129.9,74.91,12.0,0.0,0.03760000000000001,2677.2900390625,0.2309495479878582,0.0
^RUT,2026-03-27,2615.0,Call,0.0,0.2,0.19,373.0,0.0,0.03760000000000001,2677.2900390625,0.2309495479878582,0.0
^RUT,2026-03-27,2615.0,Put,118.9,134.9,96.18,1.0,0.0,0.03760000000000001,2677.2900390625,0.2309495479878582,0.0
^RUT,2026-03-27,2620.0,Call,0.0,0.2,0.14,287.0,0.0,0.03760000000000001,2677.2900390625,0.2309495479878582,0.0
^RUT,2026-03-27,2620.0,Put,123.8,139.8,103.0,13.0,0.0,0.03760000000000001,2677.2900390625,0.2309495479878582,0.0
^RUT,2026-03-27,2625.0,Call,0.0,0.2,0.19,55.0,0.0,0.03760000000000001,2677.2900390625,0.2309495479878582,0.0
^RUT,2026-03-27,2625.0,Put,128.8,144.8,88.21,5.0,0.0,0.03760000000000001,2677.2900390625,0.2309495479878582,0.0
^RUT,2026-03-27,2630.0,Call,0.0,0.2,0.15,161.0,0.0,0.03760000000000001,2677.2900390625,0.2309495479878582,0.0
^RUT,2026-03-27,2630.0,Put,133.8,149.8,181.0,3.0,0.0,0.03760000000000001,2677.2900390625,0.2309495479878582,0.0
^RUT,2026-03-27,2635.0,Call,0.0,0.15,2.31,59.0,0.0,0.03760000000000001,2677.2900390625,0.2309495479878582,0.0
^RUT,2026-03-27,2635.0,Put,138.4,154.4,130.17,1.0,0.0,0.03760000000000001,2677.2900390625,0.2309495479878582,0.0
^RUT,2026-03-27,2640.0,Call,0.0,0.15,0.12,73.0,0.0,0.03760000000000001,2677.2900390625,0.2309495479878582,0.0
^RUT,2026-03-27,2640.0,Put,143.4,159.3,111.0,2.0,0.0,0.03760000000000001,2677.2900390625,0.2309495479878582,0.0
^RUT,2026-03-27,2645.0,Call,0.0,0.15,0.42,1.0,0.0,0.03760000000000001,2677.2900390625,0.2309495479878582,0.0
^RUT,2026-03-27,2645.0,Put,148.4,164.3,141.45,3.0,0.0,0.03760000000000001,2677.2900390625,0.2309495479878582,0.0
^RUT,2026-03-27,2650.0,Call,0.0,0.15,0.08,39.0,0.0,0.03760000000000001,2677.2900390625,0.2309495479878582,0.0
^RUT,2026-03-27,2650.0,Put,153.4,169.2,147.56,10.0,0.0,0.03760000000000001,2677.2900390625,0.2309495479878582,0.0
^RUT,2026-03-27,2655.0,Call,0.0,0.15,0.07,3.0,0.0,0.03760000000000001,2677.2900390625,0.2309495479878582,0.0
^RUT,2026-03-27,2655.0,Put,158.4,174.3,148.82,20.0,0.0,0.03760000000000001,2677.2900390625,0.2309495479878582,0.0
^RUT,2026-03-27,2660.0,Call,0.0,0.15,0.08,13.0,0.0,0.03760000000000001,2677.2900390625,0.2309495479878582,0.0
^RUT,2026-03-27,2660.0,Put,163.8,179.5,151.28,2.0,0.0,0.03760000000000001,2677.2900390625,0.2309495479878582,0.0
^RUT,2026-03-27,2665.0,Call,0.0,0.15,0.13,26.0,0.0,0.03760000000000001,2677.2900390625,0.2309495479878582,0.0
^RUT,2026-03-27,2665.0,Put,162.7,184.5,151.21,2.0,0.0,0.03760000000000001,2677.2900390625,0.2309495479878582,0.0
^RUT,2026-03-27,2670.0,Call,0.0,0.15,0.17,3.0,0.0,0.03760000000000001,2677.2900390625,0.2309495479878582,0.0
^RUT,2026-03-27,2670.0,Put,172.2,189.4,202.44,2.0,0.0,0.03760000000000001,2677.2900390625,0.2309495479878582,0.0
^RUT,2026-03-27,2675.0,Call,0.0,0.15,0.08,19.0,0.0,0.03760000000000001,2677.2900390625,0.2309495479878582,0.0
^RUT,2026-03-27,2675.0,Put,178.4,194.4,241.77,1.0,0.0,0.03760000000000001,2677.2900390625,0.2309495479878582,0.0
^RUT,2026-03-27,2680.0,Call,0.0,0.15,0.05,27.0,0.0,0.03760000000000001,2677.2900390625,0.2309495479878582,0.0
^RUT,2026-03-27,2680.0,Put,183.4,199.4,230.28,3.0,0.0,0.03760000000000001,2677.2900390625,0.2309495479878582,0.0
^RUT,2026-03-27,2685.0,Call,0.0,0.15,0.63,2.0,0.0,0.03760000000000001,2677.2900390625,0.2309495479878582,0.0
^RUT,2026-03-27,2685.0,Put,188.4,204.4,163.0,10.0,0.0,0.03760000000000001,2677.2900390625,0.2309495479878582,0.0
^RUT,2026-03-27,2690.0,Call,0.0,0.15,0.14,7.0,0.0,0.03760000000000001,2677.2900390625,0.2309495479878582,0.0
^RUT,2026-03-27,2690.0,Put,192.0,208.0,180.85,20.0,0.0,0.03760000000000001,2677.2900390625,0.2309495479878582,0.0
^RUT,2026-03-27,2695.0,Call,0.0,0.15,0.48,3.0,0.0,0.03760000000000001,2677.2900390625,0.2309495479878582,0.0
^RUT,2026-03-27,2695.0,Put,198.4,214.4,73.12,1.0,0.0,0.03760000000000001,2677.2900390625,0.2309495479878582,0.0
^RUT,2026-03-27,2700.0,Call,0.0,0.15,0.09,3.0,0.0,0.03760000000000001,2677.2900390625,0.2309495479878582,0.0
^RUT,2026-03-27,2700.0,Put,200.2,222.3,155.45,1.0,0.0,0.03760000000000001,2677.2900390625,0.2309495479878582,0.0
^RUT,2026-03-27,2705.0,Call,0.0,0.15,0.27,11.0,0.0,0.03760000000000001,2677.2900390625,0.2309495479878582,0.0
^RUT,2026-03-27,2705.0,Put,204.4,228.4,255.31,3.0,0.0,0.03760000000000001,2677.2900390625,0.2309495479878582,0.0
^RUT,2026-03-27,2710.0,Call,0.0,0.15,0.15,3.0,0.0,0.03760000000000001,2677.2900390625,0.2309495479878582,0.0
^RUT,2026-03-27,2710.0,Put,209.4,233.4,232.85,1.0,0.0,0.03760000000000001,2677.2900390625,0.2309495479878582,0.0
^RUT,2026-03-27,2715.0,Call,0.0,0.15,0.12,3.0,0.0,0.03760000000000001,2677.2900390625,0.2309495479878582,0.0
^RUT,2026-03-27,2720.0,Call,0.0,0.15,0.14,12.0,0.0,0.03760000000000001,2677.2900390625,0.2309495479878582,0.0
^RUT,2026-03-27,2720.0,Put,219.4,243.4,138.85,1.0,0.0,0.03760000000000001,2677.2900390625,0.2309495479878582,0.0
^RUT,2026-03-27,2725.0,Call,0.0,0.15,0.3,32.0,0.0,0.03760000000000001,2677.2900390625,0.2309495479878582,0.0
^RUT,2026-03-27,2725.0,Put,224.4,248.4,205.23,7.0,0.0,0.03760000000000001,2677.2900390625,0.2309495479878582,0.0
^RUT,2026-03-27,2730.0,Call,0.0,0.15,0.33,1.0,0.0,0.03760000000000001,2677.2900390625,0.2309495479878582,0.0
^RUT,2026-03-27,2730.0,Put,229.4,253.4,144.77,5.0,0.0,0.03760000000000001,2677.2900390625,0.2309495479878582,0.0
^RUT,2026-03-27,2735.0,Call,0.0,0.15,1.4,1.0,0.0,0.03760000000000001,2677.2900390625,0.2309495479878582,0.0
^RUT,2026-03-27,2735.0,Put,234.4,258.4,97.0,,0.0,0.03760000000000001,2677.2900390625,0.2309495479878582,0.0
^RUT,2026-03-27,2740.0,Call,0.0,0.15,0.08,2.0,0.0,0.03760000000000001,2677.2900390625,0.2309495479878582,0.0
^RUT,2026-03-27,2740.0,Put,239.4,263.4,143.06,2.0,0.0,0.03760000000000001,2677.2900390625,0.2309495479878582,0.0
^RUT,2026-03-27,2745.0,Call,0.0,0.15,0.34,2.0,0.0,0.03760000000000001,2677.2900390625,0.2309495479878582,0.0
^RUT,2026-03-27,2745.0,Put,244.4,268.4,124.47,,0.0,0.03760000000000001,2677.2900390625,0.2309495479878582,0.0
^RUT,2026-03-27,2750.0,Call,0.0,0.15,0.03,2.0,0.0,0.03760000000000001,2677.2900390625,0.2309495479878582,0.0
^RUT,2026-03-27,2750.0,Put,249.4,273.4,279.26,1.0,0.0,0.03760000000000001,2677.2900390625,0.2309495479878582,0.0
^RUT,2026-03-27,2755.0,Call,0.0,0.15,0.15,2.0,0.0,0.03760000000000001,2677.2900390625,0.2309495479878582,0.0
^RUT,2026-03-27,2760.0,Call,0.0,0.15,0.16,2.0,0.0,0.03760000000000001,2677.2900390625,0.2309495479878582,0.0
^RUT,2026-03-27,2760.0,Put,259.4,283.4,224.13,1.0,0.0,0.03760000000000001,2677.2900390625,0.2309495479878582,0.0
^RUT,2026-03-27,2765.0,Call,0.0,0.15,0.3,1.0,0.0,0.03760000000000001,2677.2900390625,0.2309495479878582,0.0
^RUT,2026-03-27,2770.0,Call,0.0,0.15,0.15,2.0,0.0,0.03760000000000001,2677.2900390625,0.2309495479878582,0.0
^RUT,2026-03-27,2775.0,Call,0.0,0.15,0.11,13.0,0.0,0.03760000000000001,2677.2900390625,0.2309495479878582,0.0
^RUT,2026-03-27,2780.0,Call,0.0,0.15,0.05,4.0,0.0,0.03760000000000001,2677.2900390625,0.2309495479878582,0.0
^RUT,2026-03-27,2780.0,Put,279.4,303.4,174.62,,0.0,0.03760000000000001,2677.2900390625,0.2309495479878582,0.0
^RUT,2026-03-27,2785.0,Call,0.0,0.15,0.1,13.0,0.0,0.03760000000000001,2677.2900390625,0.2309495479878582,0.0
^RUT,2026-03-27,2790.0,Call,0.0,0.15,0.11,35.0,0.0,0.03760000000000001,2677.2900390625,0.2309495479878582,0.0
^RUT,2026-03-27,2790.0,Put,289.4,313.4,182.77,2.0,0.0,0.03760000000000001,2677.2900390625,0.2309495479878582,0.0
^RUT,2026-03-27,2795.0,Call,0.0,0.15,2.12,9.0,0.0,0.03760000000000001,2677.2900390625,0.2309495479878582,0.0
^RUT,2026-03-27,2800.0,Call,0.0,0.15,0.06,4.0,0.0,0.03760000000000001,2677.2900390625,0.2309495479878582,0.0
^RUT,2026-03-27,2805.0,Call,0.0,0.15,0.12,13.0,0.0,0.03760000000000001,2677.2900390625,0.2309495479878582,0.0
^RUT,2026-03-27,2810.0,Call,0.0,0.15,0.05,4.0,0.0,0.03760000000000001,2677.2900390625,0.2309495479878582,0.0
^RUT,2026-03-27,2815.0,Call,0.0,0.15,0.08,2.0,0.0,0.03760000000000001,2677.2900390625,0.2309495479878582,0.0
^RUT,2026-03-27,2820.0,Call,0.0,0.15,0.1,10.0,0.0,0.03760000000000001,2677.2900390625,0.2309495479878582,0.0
^RUT,2026-03-27,2825.0,Call,0.0,0.15,0.1,10.0,0.0,0.03760000000000001,2677.2900390625,0.2309495479878582,0.0
^RUT,2026-03-27,2830.0,Call,0.0,0.15,0.06,30.0,0.0,0.03760000000000001,2677.2900390625,0.2309495479878582,0.0
^RUT,2026-03-27,2835.0,Call,0.0,0.15,0.08,2.0,0.0,0.03760000000000001,2677.2900390625,0.2309495479878582,0.0
^RUT,2026-03-27,2840.0,Call,0.0,0.15,0.05,5.0,0.0,0.03760000000000001,2677.2900390625,0.2309495479878582,0.0
^RUT,2026-03-27,2845.0,Call,0.0,0.15,0.67,23.0,0.0,0.03760000000000001,2677.2900390625,0.2309495479878582,0.0
^RUT,2026-03-27,2850.0,Call,0.0,0.15,0.09,2.0,0.0,0.03760000000000001,2677.2900390625,0.2309495479878582,0.0
^RUT,2026-03-27,2855.0,Call,0.0,0.15,1.91,1.0,0.0,0.03760000000000001,2677.2900390625,0.2309495479878582,0.0
^RUT,2026-03-27,2860.0,Call,0.0,0.15,0.05,30.0,0.0,0.03760000000000001,2677.2900390625,0.2309495479878582,0.0
^RUT,2026-03-27,2865.0,Call,0.0,0.15,0.94,1.0,0.0,0.03760000000000001,2677.2900390625,0.2309495479878582,0.0
^RUT,2026-03-27,2870.0,Call,0.0,0.15,0.05,10.0,0.0,0.03760000000000001,2677.2900390625,0.2309495479878582,0.0
^RUT,2026-03-27,2870.0,Put,369.4,393.4,391.0,,0.0,0.03760000000000001,2677.2900390625,0.2309495479878582,0.0
^RUT,2026-03-27,2875.0,Call,0.0,0.15,0.07,6.0,0.0,0.03760000000000001,2677.2900390625,0.2309495479878582,0.0
^RUT,2026-03-27,2880.0,Call,0.0,0.15,0.05,10.0,0.0,0.03760000000000001,2677.2900390625,0.2309495479878582,0.0
^RUT,2026-03-27,2885.0,Call,0.0,0.15,0.04,6.0,0.0,0.03760000000000001,2677.2900390625,0.2309495479878582,0.0
^RUT,2026-03-27,2885.0,Put,384.4,408.4,351.6,5.0,0.0,0.03760000000000001,2677.2900390625,0.2309495479878582,0.0
^RUT,2026-03-27,2890.0,Call,0.0,0.15,0.09,2.0,0.0,0.03760000000000001,2677.2900390625,0.2309495479878582,0.0
^RUT,2026-03-27,2895.0,Call,0.0,0.15,0.08,2.0,0.0,0.03760000000000001,2677.2900390625,0.2309495479878582,0.0
^RUT,2026-03-27,2900.0,Call,0.0,0.15,0.05,3.0,0.0,0.03760000000000001,2677.2900390625,0.2309495479878582,0.0
^RUT,2026-03-27,2905.0,Call,0.0,0.15,0.05,58.0,0.0,0.03760000000000001,2677.2900390625,0.2309495479878582,0.0
^RUT,2026-03-27,2910.0,Call,0.0,0.15,0.04,100.0,0.0,0.03760000000000001,2677.2900390625,0.2309495479878582,0.0
^RUT,2026-03-27,2915.0,Call,0.0,0.15,0.04,1.0,0.0,0.03760000000000001,2677.2900390625,0.2309495479878582,0.0
^RUT,2026-03-27,2920.0,Call,0.0,0.15,0.08,1.0,0.0,0.03760000000000001,2677.2900390625,0.2309495479878582,0.0
^RUT,2026-03-27,2925.0,Call,0.0,0.15,0.09,1.0,0.0,0.03760000000000001,2677.2900390625,0.2309495479878582,0.0
^RUT,2026-03-27,2930.0,Call,0.0,0.15,0.07,1.0,0.0,0.03760000000000001,2677.2900390625,0.2309495479878582,0.0
^RUT,2026-03-27,2935.0,Call,0.0,0.15,0.05,100.0,0.0,0.03760000000000001,2677.2900390625,0.2309495479878582,0.0
^RUT,2026-03-27,2940.0,Call,0.0,0.15,0.09,3.0,0.0,0.03760000000000001,2677.2900390625,0.2309495479878582,0.0
^RUT,2026-03-27,2945.0,Call,0.0,0.15,0.09,2.0,0.0,0.03760000000000001,2677.2900390625,0.2309495479878582,0.0
^RUT,2026-03-27,2950.0,Call,0.0,0.15,0.09,1.0,0.0,0.03760000000000001,2677.2900390625,0.2309495479878582,0.0
^RUT,2026-03-27,2955.0,Call,0.0,0.15,0.25,1.0,0.0,0.03760000000000001,2677.2900390625,0.2309495479878582,0.0
^RUT,2026-03-27,2960.0,Call,0.0,0.15,0.05,4.0,0.0,0.03760000000000001,2677.2900390625,0.2309495479878582,0.0
^RUT,2026-03-27,2965.0,Call,0.0,0.15,0.06,1.0,0.0,0.03760000000000001,2677.2900390625,0.2309495479878582,0.0
^RUT,2026-03-27,2970.0,Call,0.0,0.15,0.05,2.0,0.0,0.03760000000000001,2677.2900390625,0.2309495479878582,0.0
^RUT,2026-03-27,2975.0,Call,0.0,0.15,0.06,1.0,0.0,0.03760000000000001,2677.2900390625,0.2309495479878582,0.0
^RUT,2026-03-27,2980.0,Call,0.0,0.15,0.06,7.0,0.0,0.03760000000000001,2677.2900390625,0.2309495479878582,0.0
^RUT,2026-03-27,2985.0,Call,0.0,0.15,0.09,4.0,0.0,0.03760000000000001,2677.2900390625,0.2309495479878582,0.0
^RUT,2026-03-27,2990.0,Call,0.0,0.15,0.09,1.0,0.0,0.03760000000000001,2677.2900390625,0.2309495479878582,0.0
^RUT,2026-03-27,2995.0,Call,0.0,0.15,1.2,,0.0,0.03760000000000001,2677.2900390625,0.2309495479878582,0.0
^RUT,2026-03-27,3000.0,Call,0.0,0.15,0.06,1.0,0.0,0.03760000000000001,2677.2900390625,0.2309495479878582,0.0
^RUT,2026-03-27,3010.0,Call,0.0,0.15,0.2,1.0,0.0,0.03760000000000001,2677.2900390625,0.2309495479878582,0.0
^RUT,2026-03-27,3020.0,Call,0.0,0.15,0.11,1.0,0.0,0.03760000000000001,2677.2900390625,0.2309495479878582,0.0
^RUT,2026-03-27,3030.0,Call,0.0,0.15,0.05,5.0,0.0,0.03760000000000001,2677.2900390625,0.2309495479878582,0.0
^RUT,2026-03-27,3040.0,Call,0.0,0.15,0.9,1.0,0.0,0.03760000000000001,2677.2900390625,0.2309495479878582,0.0
^RUT,2026-03-27,3050.0,Call,0.0,0.15,0.05,1.0,0.0,0.03760000000000001,2677.2900390625,0.2309495479878582,0.0
^RUT,2026-03-27,3055.0,Call,0.0,0.15,0.03,1.0,0.0,0.03760000000000001,2677.2900390625,0.2309495479878582,0.0
^RUT,2026-03-30,2120.0,Put,0.0,0.25,0.55,5.0,0.0,0.037580289093298296,2677.2900390625,0.2309495479878582,0.0
^RUT,2026-03-30,2145.0,Put,0.0,0.25,1.96,,0.0,0.037580289093298296,2677.2900390625,0.2309495479878582,0.0
^RUT,2026-03-30,2160.0,Put,0.0,0.25,1.46,,0.0,0.037580289093298296,2677.2900390625,0.2309495479878582,0.0
^RUT,2026-03-30,2170.0,Put,0.0,0.3,1.32,2.0,0.0,0.037580289093298296,2677.2900390625,0.2309495479878582,0.0
^RUT,2026-03-30,2175.0,Put,0.0,0.3,2.58,,0.0,0.037580289093298296,2677.2900390625,0.2309495479878582,0.0
^RUT,2026-03-30,2185.0,Put,0.0,0.3,2.86,,0.0,0.037580289093298296,2677.2900390625,0.2309495479878582,0.0
^RUT,2026-03-30,2200.0,Put,0.0,0.3,0.9,2.0,0.0,0.037580289093298296,2677.2900390625,0.2309495479878582,0.0
^RUT,2026-03-30,2205.0,Put,0.0,0.3,3.72,,0.0,0.037580289093298296,2677.2900390625,0.2309495479878582,0.0
^RUT,2026-03-30,2210.0,Put,0.0,0.3,0.55,20.0,0.0,0.037580289093298296,2677.2900390625,0.2309495479878582,0.0
^RUT,2026-03-30,2215.0,Put,0.0,0.35,3.48,6.0,0.0,0.037580289093298296,2677.2900390625,0.2309495479878582,0.0
^RUT,2026-03-30,2220.0,Put,0.0,0.35,3.87,15.0,0.0,0.037580289093298296,2677.2900390625,0.2309495479878582,0.0
^RUT,2026-03-30,2225.0,Put,0.0,0.35,0.5,79.0,0.0,0.037580289093298296,2677.2900390625,0.2309495479878582,0.0
^RUT,2026-03-30,2230.0,Put,0.0,0.35,1.75,2.0,0.0,0.037580289093298296,2677.2900390625,0.2309495479878582,0.0
^RUT,2026-03-30,2235.0,Put,0.0,0.35,0.65,2.0,0.0,0.037580289093298296,2677.2900390625,0.2309495479878582,0.0
^RUT,2026-03-30,2240.0,Put,0.0,0.4,8.84,9.0,0.0,0.037580289093298296,2677.2900390625,0.2309495479878582,0.0
^RUT,2026-03-30,2245.0,Put,0.0,0.4,4.17,,0.0,0.037580289093298296,2677.2900390625,0.2309495479878582,0.0
^RUT,2026-03-30,2250.0,Put,0.05,0.4,0.4,5.0,0.0,0.037580289093298296,2677.2900390625,0.2309495479878582,0.0
^RUT,2026-03-30,2255.0,Put,0.05,0.4,0.72,25.0,0.0,0.037580289093298296,2677.2900390625,0.2309495479878582,0.0
^RUT,2026-03-30,2260.0,Put,0.05,0.45,0.46,1.0,0.0,0.037580289093298296,2677.2900390625,0.2309495479878582,0.0
^RUT,2026-03-30,2265.0,Put,0.1,0.45,0.5,1.0,0.0,0.037580289093298296,2677.2900390625,0.2309495479878582,0.0
^RUT,2026-03-30,2270.0,Put,0.1,0.5,2.1,6.0,0.0,0.037580289093298296,2677.2900390625,0.2309495479878582,0.0
^RUT,2026-03-30,2275.0,Put,0.15,0.5,3.1,1.0,0.0,0.037580289093298296,2677.2900390625,0.2309495479878582,0.0
^RUT,2026-03-30,2280.0,Put,0.15,0.55,1.6,16.0,0.0,0.037580289093298296,2677.2900390625,0.2309495479878582,0.0
^RUT,2026-03-30,2285.0,Put,0.2,0.55,1.55,15.0,0.0,0.037580289093298296,2677.2900390625,0.2309495479878582,0.0
^RUT,2026-03-30,2290.0,Put,0.25,0.6,3.25,5.0,0.0,0.037580289093298296,2677.2900390625,0.2309495479878582,0.0
^RUT,2026-03-30,2295.0,Put,0.25,0.7,1.0,1.0,0.0,0.037580289093298296,2677.2900390625,0.2309495479878582,0.0
^RUT,2026-03-30,2300.0,Call,181.0,197.0,220.8,2.0,0.0,0.037580289093298296,2677.2900390625,0.2309495479878582,0.0
^RUT,2026-03-30,2300.0,Put,0.3,0.7,0.95,11.0,0.0,0.037580289093298296,2677.2900390625,0.2309495479878582,0.0
^RUT,2026-03-30,2310.0,Put,0.45,0.85,1.55,3.0,0.0,0.037580289093298296,2677.2900390625,0.2309495479878582,0.0
^RUT,2026-03-30,2315.0,Put,0.5,0.9,2.05,4.0,0.0,0.037580289093298296,2677.2900390625,0.2309495479878582,0.0
^RUT,2026-03-30,2320.0,Put,0.6,1.0,1.0,1.0,0.0,0.037580289093298296,2677.2900390625,0.2309495479878582,0.0
^RUT,2026-03-30,2325.0,Put,0.65,1.15,1.6,3.0,0.0,0.037580289093298296,2677.2900390625,0.2309495479878582,0.0
^RUT,2026-03-30,2330.0,Put,0.75,1.25,1.71,14.0,0.0,0.037580289093298296,2677.2900390625,0.2309495479878582,0.0
^RUT,2026-03-30,2335.0,Put,0.9,1.4,1.7,13.0,0.0,0.037580289093298296,2677.2900390625,0.2309495479878582,0.0
^RUT,2026-03-30,2340.0,Put,1.05,1.55,2.1,22.0,0.0,0.037580289093298296,2677.2900390625,0.2309495479878582,0.0
^RUT,2026-03-30,2345.0,Put,1.2,1.8,2.5,91.0,0.0,0.037580289093298296,2677.2900390625,0.2309495479878582,0.0
^RUT,2026-03-30,2350.0,Put,1.4,2.0,1.0,1.0,0.0,0.037580289093298296,2677.2900390625,0.2309495479878582,0.0
^RUT,2026-03-30,2355.0,Put,1.65,2.25,2.51,76.0,0.0,0.037580289093298296,2677.2900390625,0.2309495479878582,0.0
^RUT,2026-03-30,2360.0,Put,1.95,2.5,2.9,76.0,0.0,0.037580289093298296,2677.2900390625,0.2309495479878582,0.0
^RUT,2026-03-30,2365.0,Put,2.25,2.85,3.3,53.0,0.0,0.037580289093298296,2677.2900390625,0.2309495479878582,0.0
^RUT,2026-03-30,2370.0,Put,2.6,3.2,4.65,13.0,0.0,0.037580289093298296,2677.2900390625,0.2309495479878582,0.0
^RUT,2026-03-30,2375.0,Call,108.9,124.9,151.0,52.0,0.0,0.037580289093298296,2677.2900390625,0.2309495479878582,0.0
^RUT,2026-03-30,2375.0,Put,3.0,3.7,5.35,9.0,0.0,0.037580289093298296,2677.2900390625,0.2309495479878582,0.0
^RUT,2026-03-30,2380.0,Call,104.7,120.7,151.84,5.0,0.0,0.037580289093298296,2677.2900390625,0.2309495479878582,0.0
^RUT,2026-03-30,2380.0,Put,3.5,4.3,4.7,11.0,0.0,0.037580289093298296,2677.2900390625,0.2309495479878582,0.0
^RUT,2026-03-30,2385.0,Put,4.0,4.7,5.85,42.0,0.0,0.037580289093298296,2677.2900390625,0.2309495479878582,0.0
^RUT,2026-03-30,2390.0,Put,4.6,5.3,5.5,59.0,0.0,0.037580289093298296,2677.2900390625,0.2309495479878582,0.0
^RUT,2026-03-30,2395.0,Put,5.2,6.1,8.0,49.0,0.0,0.037580289093298296,2677.2900390625,0.2309495479878582,0.0
^RUT,2026-03-30,2400.0,Call,90.2,100.2,145.09,,0.0,0.037580289093298296,2677.2900390625,0.2309495479878582,0.0
^RUT,2026-03-30,2400.0,Put,5.9,6.8,3.72,2.0,0.0,0.037580289093298296,2677.2900390625,0.2309495479878582,0.0
^RUT,2026-03-30,2405.0,Call,86.2,96.0,140.95,,0.0,0.037580289093298296,2677.2900390625,0.2309495479878582,0.0
^RUT,2026-03-30,2405.0,Put,6.7,7.5,4.92,8.0,0.0,0.037580289093298296,2677.2900390625,0.2309495479878582,0.0
^RUT,2026-03-30,2410.0,Put,7.6,8.5,7.4,25.0,0.0,0.037580289093298296,2677.2900390625,0.2309495479878582,0.0
^RUT,2026-03-30,2415.0,Put,8.4,9.4,6.02,8.0,0.0,0.037580289093298296,2677.2900390625,0.2309495479878582,0.0
^RUT,2026-03-30,2420.0,Call,73.9,83.8,87.65,1.0,0.0,0.037580289093298296,2677.2900390625,0.2309495479878582,0.0
^RUT,2026-03-30,2420.0,Put,9.4,10.3,7.4,13.0,0.0,0.037580289093298296,2677.2900390625,0.2309495479878582,0.0
^RUT,2026-03-30,2425.0,Put,10.5,11.4,7.39,3.0,0.0,0.037580289093298296,2677.2900390625,0.2309495479878582,0.0
^RUT,2026-03-30,2430.0,Put,11.5,12.6,9.6,9.0,0.0,0.037580289093298296,2677.2900390625,0.2309495479878582,0.0
^RUT,2026-03-30,2435.0,Put,12.7,13.7,12.1,13.0,0.0,0.037580289093298296,2677.2900390625,0.2309495479878582,0.0
^RUT,2026-03-30,2440.0,Call,62.3,64.8,107.74,6.0,0.0,0.037580289093298296,2677.2900390625,0.2309495479878582,0.0
^RUT,2026-03-30,2440.0,Put,14.1,15.1,13.65,280.0,0.0,0.037580289093298296,2677.2900390625,0.2309495479878582,0.0
^RUT,2026-03-30,2445.0,Put,15.6,16.5,13.4,13.0,0.0,0.037580289093298296,2677.2900390625,0.2309495479878582,0.0
^RUT,2026-03-30,2450.0,Call,55.5,58.0,63.06,1.0,0.0,0.037580289093298296,2677.2900390625,0.2309495479878582,0.0
^RUT,2026-03-30,2450.0,Put,16.9,17.9,20.89,9.0,0.0,0.037580289093298296,2677.2900390625,0.2309495479878582,0.0
^RUT,2026-03-30,2455.0,Call,51.5,53.8,63.13,1.0,0.0,0.037580289093298296,2677.2900390625,0.2309495479878582,0.0
^RUT,2026-03-30,2455.0,Put,18.2,19.3,16.4,8.0,0.0,0.037580289093298296,2677.2900390625,0.2309495479878582,0.0
^RUT,2026-03-30,2460.0,Call,48.9,50.6,65.4,1.0,0.0,0.037580289093298296,2677.2900390625,0.2309495479878582,0.0
^RUT,2026-03-30,2460.0,Put,20.0,21.1,18.5,32.0,0.0,0.037580289093298296,2677.2900390625,0.2309495479878582,0.0
^RUT,2026-03-30,2465.0,Call,45.5,47.1,62.1,3.0,0.0,0.037580289093298296,2677.2900390625,0.2309495479878582,0.0
^RUT,2026-03-30,2465.0,Put,21.8,22.8,18.0,5.0,0.0,0.037580289093298296,2677.2900390625,0.2309495479878582,0.0
^RUT,2026-03-30,2470.0,Call,42.4,43.8,67.75,1.0,0.0,0.037580289093298296,2677.2900390625,0.2309495479878582,0.0
^RUT,2026-03-30,2470.0,Put,23.6,24.8,25.71,42.0,0.0,0.037580289093298296,2677.2900390625,0.2309495479878582,0.0
^RUT,2026-03-30,2475.0,Call,39.1,40.5,51.8,2.0,0.0,0.037580289093298296,2677.2900390625,0.2309495479878582,0.0
^RUT,2026-03-30,2475.0,Put,25.5,26.8,23.2,3.0,0.0,0.037580289093298296,2677.2900390625,0.2309495479878582,0.0
^RUT,2026-03-30,2480.0,Call,36.2,37.5,52.9,1.0,0.0,0.037580289093298296,2677.2900390625,0.2309495479878582,0.0
^RUT,2026-03-30,2480.0,Put,27.6,28.8,24.4,61.0,0.0,0.037580289093298296,2677.2900390625,0.2309495479878582,0.0
^RUT,2026-03-30,2485.0,Call,33.6,34.8,57.62,2.0,0.0,0.037580289093298296,2677.2900390625,0.2309495479878582,0.0
^RUT,2026-03-30,2485.0,Put,29.7,31.0,26.8,7.0,0.0,0.037580289093298296,2677.2900390625,0.2309495479878582,0.0
^RUT,2026-03-30,2490.0,Put,31.7,32.9,33.4,1.0,0.0,0.037580289093298296,2677.2900390625,0.2309495479878582,0.0
^RUT,2026-03-30,2500.0,Call,25.7,27.0,42.0,5.0,0.0,0.037580289093298296,2677.2900390625,0.2309495479878582,0.0
^RUT,2026-03-30,2500.0,Put,36.9,38.1,40.0,27.0,0.0,0.037580289093298296,2677.2900390625,0.2309495479878582,0.0
^RUT,2026-03-30,2505.0,Call,23.4,24.7,31.6,49.0,0.0,0.037580289093298296,2677.2900390625,0.2309495479878582,0.0
^RUT,2026-03-30,2510.0,Call,21.7,22.8,41.2,1.0,0.0,0.037580289093298296,2677.2900390625,0.2309495479878582,0.0
^RUT,2026-03-30,2510.0,Put,42.4,44.0,36.8,11.0,0.0,0.037580289093298296,2677.2900390625,0.2309495479878582,0.0
^RUT,2026-03-30,2515.0,Call,19.3,20.5,34.5,2.0,0.0,0.037580289093298296,2677.2900390625,0.2309495479878582,0.0
^RUT,2026-03-30,2515.0,Put,45.3,47.1,41.7,37.0,0.0,0.037580289093298296,2677.2900390625,0.2309495479878582,0.0
^RUT,2026-03-30,2520.0,Call,17.4,18.6,32.1,8.0,0.0,0.037580289093298296,2677.2900390625,0.2309495479878582,0.0
^RUT,2026-03-30,2520.0,Put,48.0,49.7,44.4,13.0,0.0,0.037580289093298296,2677.2900390625,0.2309495479878582,0.0
^RUT,2026-03-30,2525.0,Call,15.9,17.0,21.5,23.0,0.0,0.037580289093298296,2677.2900390625,0.2309495479878582,0.0
^RUT,2026-03-30,2525.0,Put,51.4,53.4,43.91,6.0,0.0,0.037580289093298296,2677.2900390625,0.2309495479878582,0.0
^RUT,2026-03-30,2530.0,Call,14.1,15.0,21.98,32.0,0.0,0.037580289093298296,2677.2900390625,0.2309495479878582,0.0
^RUT,2026-03-30,2530.0,Put,54.0,56.8,55.03,35.0,0.0,0.037580289093298296,2677.2900390625,0.2309495479878582,0.0
^RUT,2026-03-30,2535.0,Call,12.6,13.7,19.9,20.0,0.0,0.037580289093298296,2677.2900390625,0.2309495479878582,0.0
^RUT,2026-03-30,2535.0,Put,57.3,60.0,59.55,18.0,0.0,0.037580289093298296,2677.2900390625,0.2309495479878582,0.0
^RUT,2026-03-30,2540.0,Call,11.1,12.1,23.5,6.0,0.0,0.037580289093298296,2677.2900390625,0.2309495479878582,0.0
^RUT,2026-03-30,2545.0,Call,9.8,10.9,22.0,15.0,0.0,0.037580289093298296,2677.2900390625,0.2309495479878582,0.0
^RUT,2026-03-30,2545.0,Put,64.5,67.7,48.61,2.0,0.0,0.037580289093298296,2677.2900390625,0.2309495479878582,0.0
^RUT,2026-03-30,2550.0,Call,8.5,9.4,19.9,30.0,0.0,0.037580289093298296,2677.2900390625,0.2309495479878582,0.0
^RUT,2026-03-30,2550.0,Put,68.2,71.5,47.56,75.0,0.0,0.037580289093298296,2677.2900390625,0.2309495479878582,0.0
^RUT,2026-03-30,2555.0,Call,7.5,8.3,11.85,7.0,0.0,0.037580289093298296,2677.2900390625,0.2309495479878582,0.0
^RUT,2026-03-30,2560.0,Call,6.5,7.3,11.25,3.0,0.0,0.037580289093298296,2677.2900390625,0.2309495479878582,0.0
^RUT,2026-03-30,2565.0,Call,5.6,6.4,27.41,9.0,0.0,0.037580289093298296,2677.2900390625,0.2309495479878582,0.0
^RUT,2026-03-30,2570.0,Call,4.7,5.5,9.6,18.0,0.0,0.037580289093298296,2677.2900390625,0.2309495479878582,0.0
^RUT,2026-03-30,2570.0,Put,81.3,91.3,66.68,4.0,0.0,0.037580289093298296,2677.2900390625,0.2309495479878582,0.0
^RUT,2026-03-30,2575.0,Call,4.1,4.8,11.9,14.0,0.0,0.037580289093298296,2677.2900390625,0.2309495479878582,0.0
^RUT,2026-03-30,2580.0,Call,3.4,4.2,10.7,10.0,0.0,0.037580289093298296,2677.2900390625,0.2309495479878582,0.0
^RUT,2026-03-30,2585.0,Call,2.8,3.6,9.8,17.0,0.0,0.037580289093298296,2677.2900390625,0.2309495479878582,0.0
^RUT,2026-03-30,2585.0,Put,94.4,104.0,116.4,,0.0,0.037580289093298296,2677.2900390625,0.2309495479878582,0.0
^RUT,2026-03-30,2590.0,Call,2.45,3.1,5.47,29.0,0.0,0.037580289093298296,2677.2900390625,0.2309495479878582,0.0
^RUT,2026-03-30,2595.0,Call,2.05,2.65,4.77,23.0,0.0,0.037580289093298296,2677.2900390625,0.2309495479878582,0.0
^RUT,2026-03-30,2600.0,Call,1.7,2.3,3.6,1.0,0.0,0.037580289093298296,2677.2900390625,0.2309495479878582,0.0
^RUT,2026-03-30,2600.0,Put,105.7,121.2,99.38,10.0,0.0,0.037580289093298296,2677.2900390625,0.2309495479878582,0.0
^RUT,2026-03-30,2605.0,Call,1.4,2.0,3.95,16.0,0.0,0.037580289093298296,2677.2900390625,0.2309495479878582,0.0
^RUT,2026-03-30,2610.0,Call,1.15,1.7,3.22,30.0,0.0,0.037580289093298296,2677.2900390625,0.2309495479878582,0.0
^RUT,2026-03-30,2615.0,Call,0.9,1.5,2.78,17.0,0.0,0.037580289093298296,2677.2900390625,0.2309495479878582,0.0
^RUT,2026-03-30,2620.0,Call,0.75,1.3,2.58,27.0,0.0,0.037580289093298296,2677.2900390625,0.2309495479878582,0.0
^RUT,2026-03-30,2625.0,Call,0.6,1.1,1.84,5.0,0.0,0.037580289093298296,2677.2900390625,0.2309495479878582,0.0
^RUT,2026-03-30,2630.0,Call,0.5,0.95,1.96,31.0,0.0,0.037580289093298296,2677.2900390625,0.2309495479878582,0.0
^RUT,2026-03-30,2635.0,Call,0.4,0.85,1.38,25.0,0.0,0.037580289093298296,2677.2900390625,0.2309495479878582,0.0
^RUT,2026-03-30,2635.0,Put,138.8,154.8,105.4,2.0,0.0,0.037580289093298296,2677.2900390625,0.2309495479878582,0.0
^RUT,2026-03-30,2640.0,Call,0.3,0.7,1.4,14.0,0.0,0.037580289093298296,2677.2900390625,0.2309495479878582,0.0
^RUT,2026-03-30,2645.0,Call,0.25,0.65,1.3,11.0,0.0,0.037580289093298296,2677.2900390625,0.2309495479878582,0.0
^RUT,2026-03-30,2650.0,Call,0.15,0.55,1.07,59.0,0.0,0.037580289093298296,2677.2900390625,0.2309495479878582,0.0
^RUT,2026-03-30,2655.0,Call,0.1,0.5,1.13,10.0,0.0,0.037580289093298296,2677.2900390625,0.2309495479878582,0.0
^RUT,2026-03-30,2660.0,Call,0.1,0.5,0.82,16.0,0.0,0.037580289093298296,2677.2900390625,0.2309495479878582,0.0
^RUT,2026-03-30,2665.0,Call,0.05,0.45,2.26,1.0,0.0,0.037580289093298296,2677.2900390625,0.2309495479878582,0.0
^RUT,2026-03-30,2670.0,Call,0.05,0.4,0.77,1.0,0.0,0.037580289093298296,2677.2900390625,0.2309495479878582,0.0
^RUT,2026-03-30,2675.0,Call,0.0,0.4,0.97,7.0,0.0,0.037580289093298296,2677.2900390625,0.2309495479878582,0.0
^RUT,2026-03-30,2680.0,Call,0.0,0.35,1.75,2.0,0.0,0.037580289093298296,2677.2900390625,0.2309495479878582,0.0
^RUT,2026-03-30,2685.0,Call,0.0,0.35,1.45,2.0,0.0,0.037580289093298296,2677.2900390625,0.2309495479878582,0.0
^RUT,2026-03-30,2690.0,Call,0.0,0.3,0.9,3.0,0.0,0.037580289093298296,2677.2900390625,0.2309495479878582,0.0
^RUT,2026-03-30,2695.0,Call,0.0,0.3,0.32,1.0,0.0,0.037580289093298296,2677.2900390625,0.2309495479878582,0.0
^RUT,2026-03-30,2700.0,Call,0.0,0.3,0.32,21.0,0.0,0.037580289093298296,2677.2900390625,0.2309495479878582,0.0
^RUT,2026-03-30,2705.0,Call,0.0,0.3,0.65,3.0,0.0,0.037580289093298296,2677.2900390625,0.2309495479878582,0.0
^RUT,2026-03-30,2710.0,Call,0.0,0.25,0.42,2.0,0.0,0.037580289093298296,2677.2900390625,0.2309495479878582,0.0
^RUT,2026-03-30,2720.0,Call,0.0,0.25,0.46,1.0,0.0,0.037580289093298296,2677.2900390625,0.2309495479878582,0.0
^RUT,2026-03-30,2735.0,Call,0.0,0.25,0.35,,0.0,0.037580289093298296,2677.2900390625,0.2309495479878582,0.0
^RUT,2026-03-30,2755.0,Call,0.0,0.2,0.22,1.0,0.0,0.037580289093298296,2677.2900390625,0.2309495479878582,0.0
^RUT,2026-03-30,2860.0,Call,0.0,0.2,0.15,,0.0,0.037580289093298296,2677.2900390625,0.2309495479878582,0.0
^RUT,2026-03-31,1000.0,Put,0.0,0.2,0.1,1.0,28.0,0.037573718791064394,2677.2900390625,0.2309495479878582,0.0
^RUT,2026-03-31,1050.0,Put,3.6,5.2,6.57,2.0,2.0,0.037573718791064394,2677.2900390625,0.2309495479878582,0.0
^RUT,2026-03-31,1100.0,Put,0.0,0.35,0.74,1.0,2.0,0.037573718791064394,2677.2900390625,0.2309495479878582,0.0
^RUT,2026-03-31,1150.0,Put,0.0,0.2,0.1,1.0,0.0,0.037573718791064394,2677.2900390625,0.2309495479878582,0.0
^RUT,2026-03-31,1200.0,Put,0.0,0.2,0.05,,0.0,0.037573718791064394,2677.2900390625,0.2309495479878582,0.0
^RUT,2026-03-31,1250.0,Put,0.0,0.2,0.18,30.0,0.0,0.037573718791064394,2677.2900390625,0.2309495479878582,0.0
^RUT,2026-03-31,1350.0,Put,0.25,0.6,1.63,1.0,1.0,0.037573718791064394,2677.2900390625,0.2309495479878582,0.0
^RUT,2026-03-31,1400.0,Put,0.05,0.3,0.65,1.0,2.0,0.037573718791064394,2677.2900390625,0.2309495479878582,0.0
^RUT,2026-03-31,1450.0,Put,0.4,0.8,2.64,3.0,4.0,0.037573718791064394,2677.2900390625,0.2309495479878582,0.0
^RUT,2026-03-31,1500.0,Put,0.0,0.2,0.3,1.0,0.0,0.037573718791064394,2677.2900390625,0.2309495479878582,0.0
^RUT,2026-03-31,1550.0,Put,0.0,0.2,0.37,1.0,0.0,0.037573718791064394,2677.2900390625,0.2309495479878582,0.0
^RUT,2026-03-31,1600.0,Call,942.5,956.2,1038.61,50.0,52.0,0.037573718791064394,2677.2900390625,0.2309495479878582,0.0
^RUT,2026-03-31,1600.0,Put,0.0,0.2,0.15,8.0,0.0,0.037573718791064394,2677.2900390625,0.2309495479878582,0.0
^RUT,2026-03-31,1610.0,Call,865.8,889.8,944.1,1.0,0.0,0.037573718791064394,2677.2900390625,0.2309495479878582,0.0
^RUT,2026-03-31,1610.0,Put,0.0,0.2,0.9,16.0,0.0,0.037573718791064394,2677.2900390625,0.2309495479878582,0.0
^RUT,2026-03-31,1620.0,Call,532.0,556.0,482.09,,5.0,0.037573718791064394,2677.2900390625,0.2309495479878582,0.0
^RUT,2026-03-31,1620.0,Put,0.0,0.2,0.75,16.0,0.0,0.037573718791064394,2677.2900390625,0.2309495479878582,0.0
^RUT,2026-03-31,1630.0,Call,845.8,869.8,924.1,1.0,0.0,0.037573718791064394,2677.2900390625,0.2309495479878582,0.0
^RUT,2026-03-31,1630.0,Put,0.0,0.2,1.25,1.0,0.0,0.037573718791064394,2677.2900390625,0.2309495479878582,0.0
^RUT,2026-03-31,1640.0,Put,0.0,0.2,0.95,15.0,0.0,0.037573718791064394,2677.2900390625,0.2309495479878582,0.0
^RUT,2026-03-31,1650.0,Call,892.8,906.3,989.26,,50.0,0.037573718791064394,2677.2900390625,0.2309495479878582,0.0
^RUT,2026-03-31,1650.0,Put,0.0,0.2,1.6,30.0,0.0,0.037573718791064394,2677.2900390625,0.2309495479878582,0.0
^RUT,2026-03-31,1660.0,Put,9.5,10.8,28.9,,2.0,0.037573718791064394,2677.2900390625,0.2309495479878582,0.0
^RUT,2026-03-31,1670.0,Put,0.0,0.2,0.75,24.0,0.0,0.037573718791064394,2677.2900390625,0.2309495479878582,0.0
^RUT,2026-03-31,1680.0,Put,10.1,11.4,30.7,,4.0,0.037573718791064394,2677.2900390625,0.2309495479878582,0.0
^RUT,2026-03-31,1700.0,Call,756.0,780.0,523.85,,0.0,0.037573718791064394,2677.2900390625,0.2309495479878582,0.0
^RUT,2026-03-31,1700.0,Put,0.0,0.2,1.9,30.0,0.0,0.037573718791064394,2677.2900390625,0.2309495479878582,0.0
^RUT,2026-03-31,1710.0,Call,747.0,770.5,515.34,,0.0,0.037573718791064394,2677.2900390625,0.2309495479878582,0.0
^RUT,2026-03-31,1710.0,Put,11.0,12.3,32.44,,6.0,0.037573718791064394,2677.2900390625,0.2309495479878582,0.0
^RUT,2026-03-31,1720.0,Put,11.3,12.6,30.0,1.0,8.0,0.037573718791064394,2677.2900390625,0.2309495479878582,0.0
^RUT,2026-03-31,1730.0,Put,0.0,0.2,0.1,1.0,0.0,0.037573718791064394,2677.2900390625,0.2309495479878582,0.0
^RUT,2026-03-31,1740.0,Put,12.0,13.3,31.9,5.0,6.0,0.037573718791064394,2677.2900390625,0.2309495479878582,0.0
^RUT,2026-03-31,1750.0,Put,12.4,13.7,32.9,1.0,5.0,0.037573718791064394,2677.2900390625,0.2309495479878582,0.0
^RUT,2026-03-31,1760.0,Put,12.7,14.1,33.9,3.0,4.0,0.037573718791064394,2677.2900390625,0.2309495479878582,0.0
^RUT,2026-03-31,1770.0,Put,0.65,0.95,2.9,1.0,1.0,0.037573718791064394,2677.2900390625,0.2309495479878582,0.0
^RUT,2026-03-31,1780.0,Put,1.75,2.1,6.64,3.0,64.0,0.037573718791064394,2677.2900390625,0.2309495479878582,0.0
^RUT,2026-03-31,1790.0,Call,685.5,709.5,730.54,1.0,0.0,0.037573718791064394,2677.2900390625,0.2309495479878582,0.0
^RUT,2026-03-31,1800.0,Put,0.0,0.2,0.35,1.0,0.0,0.037573718791064394,2677.2900390625,0.2309495479878582,0.0
^RUT,2026-03-31,1810.0,Put,0.0,0.2,2.03,2.0,0.0,0.037573718791064394,2677.2900390625,0.2309495479878582,0.0
^RUT,2026-03-31,1820.0,Put,0.0,0.2,3.0,,0.0,0.037573718791064394,2677.2900390625,0.2309495479878582,0.0
^RUT,2026-03-31,1830.0,Put,0.0,0.2,0.21,30.0,0.0,0.037573718791064394,2677.2900390625,0.2309495479878582,0.0
^RUT,2026-03-31,1840.0,Put,0.0,0.2,1.52,9.0,0.0,0.037573718791064394,2677.2900390625,0.2309495479878582,0.0
^RUT,2026-03-31,1860.0,Call,615.9,639.9,616.37,,0.0,0.037573718791064394,2677.2900390625,0.2309495479878582,0.0
^RUT,2026-03-31,1870.0,Put,0.0,0.2,1.62,9.0,0.0,0.037573718791064394,2677.2900390625,0.2309495479878582,0.0
^RUT,2026-03-31,1880.0,Call,595.9,619.9,777.52,1.0,0.0,0.037573718791064394,2677.2900390625,0.2309495479878582,0.0
^RUT,2026-03-31,1880.0,Put,0.0,0.2,0.24,2.0,0.0,0.037573718791064394,2677.2900390625,0.2309495479878582,0.0
^RUT,2026-03-31,1890.0,Put,3.6,4.1,21.22,1.0,1.0,0.037573718791064394,2677.2900390625,0.2309495479878582,0.0
^RUT,2026-03-31,1900.0,Call,569.4,593.0,380.9,1.0,2.0,0.037573718791064394,2677.2900390625,0.2309495479878582,0.0
^RUT,2026-03-31,1900.0,Put,0.0,0.25,1.23,2.0,0.0,0.037573718791064394,2677.2900390625,0.2309495479878582,0.0
^RUT,2026-03-31,1910.0,Call,565.9,589.9,641.79,,0.0,0.037573718791064394,2677.2900390625,0.2309495479878582,0.0
^RUT,2026-03-31,1910.0,Put,0.0,0.25,0.45,24.0,0.0,0.037573718791064394,2677.2900390625,0.2309495479878582,0.0
^RUT,2026-03-31,1920.0,Put,0.0,0.25,0.69,1.0,0.0,0.037573718791064394,2677.2900390625,0.2309495479878582,0.0
^RUT,2026-03-31,1930.0,Put,0.0,0.25,1.66,1.0,0.0,0.037573718791064394,2677.2900390625,0.2309495479878582,0.0
^RUT,2026-03-31,1940.0,Put,0.0,0.25,2.0,2.0,0.0,0.037573718791064394,2677.2900390625,0.2309495479878582,0.0
^RUT,2026-03-31,1950.0,Call,518.4,538.0,727.6,3.0,3.0,0.037573718791064394,2677.2900390625,0.2309495479878582,0.0
^RUT,2026-03-31,1950.0,Put,0.0,0.25,0.25,3.0,0.0,0.037573718791064394,2677.2900390625,0.2309495479878582,0.0
^RUT,2026-03-31,1960.0,Put,0.0,0.25,0.43,30.0,0.0,0.037573718791064394,2677.2900390625,0.2309495479878582,0.0
^RUT,2026-03-31,1970.0,Put,0.0,0.25,0.57,1.0,0.0,0.037573718791064394,2677.2900390625,0.2309495479878582,0.0
^RUT,2026-03-31,1980.0,Call,496.0,520.0,659.85,1.0,0.0,0.037573718791064394,2677.2900390625,0.2309495479878582,0.0
^RUT,2026-03-31,1980.0,Put,0.0,0.25,0.8,1.0,0.0,0.037573718791064394,2677.2900390625,0.2309495479878582,0.0
^RUT,2026-03-31,1990.0,Call,486.0,510.0,540.16,10.0,0.0,0.037573718791064394,2677.2900390625,0.2309495479878582,0.0
^RUT,2026-03-31,1990.0,Put,0.0,0.25,0.29,4.0,0.0,0.037573718791064394,2677.2900390625,0.2309495479878582,0.0
^RUT,2026-03-31,2000.0,Call,476.0,500.0,535.0,11.0,0.0,0.037573718791064394,2677.2900390625,0.2309495479878582,0.0
^RUT,2026-03-31,2000.0,Put,0.0,0.25,0.76,6.0,0.0,0.037573718791064394,2677.2900390625,0.2309495479878582,0.0
^RUT,2026-03-31,2010.0,Call,466.0,490.0,505.24,2.0,0.0,0.037573718791064394,2677.2900390625,0.2309495479878582,0.0
^RUT,2026-03-31,2010.0,Put,0.0,0.25,5.7,1.0,0.0,0.037573718791064394,2677.2900390625,0.2309495479878582,0.0
^RUT,2026-03-31,2020.0,Call,455.6,479.6,488.51,88.0,0.0,0.037573718791064394,2677.2900390625,0.2309495479878582,0.0
^RUT,2026-03-31,2020.0,Put,0.0,0.25,0.42,2.0,0.0,0.037573718791064394,2677.2900390625,0.2309495479878582,0.0
^RUT,2026-03-31,2030.0,Call,445.6,469.6,627.71,1.0,0.0,0.037573718791064394,2677.2900390625,0.2309495479878582,0.0
^RUT,2026-03-31,2030.0,Put,0.0,0.25,0.17,3.0,0.0,0.037573718791064394,2677.2900390625,0.2309495479878582,0.0
^RUT,2026-03-31,2040.0,Call,436.0,460.0,615.6,1.0,0.0,0.037573718791064394,2677.2900390625,0.2309495479878582,0.0
^RUT,2026-03-31,2040.0,Put,0.0,0.3,3.9,1.0,0.0,0.037573718791064394,2677.2900390625,0.2309495479878582,0.0
^RUT,2026-03-31,2050.0,Call,426.0,450.0,461.17,8.0,0.0,0.037573718791064394,2677.2900390625,0.2309495479878582,0.0
^RUT,2026-03-31,2050.0,Put,0.0,0.3,0.4,6.0,0.0,0.037573718791064394,2677.2900390625,0.2309495479878582,0.0
^RUT,2026-03-31,2060.0,Call,477.0,488.6,372.59,18.0,40.0,0.037573718791064394,2677.2900390625,0.2309495479878582,0.0
^RUT,2026-03-31,2060.0,Put,0.0,0.3,1.55,7.0,0.0,0.037573718791064394,2677.2900390625,0.2309495479878582,0.0
^RUT,2026-03-31,2070.0,Call,406.0,430.0,441.27,8.0,0.0,0.037573718791064394,2677.2900390625,0.2309495479878582,0.0
^RUT,2026-03-31,2070.0,Put,0.0,0.3,0.38,1.0,0.0,0.037573718791064394,2677.2900390625,0.2309495479878582,0.0
^RUT,2026-03-31,2080.0,Call,396.0,420.0,428.76,5.0,0.0,0.037573718791064394,2677.2900390625,0.2309495479878582,0.0
^RUT,2026-03-31,2080.0,Put,0.0,0.3,0.57,7.0,0.0,0.037573718791064394,2677.2900390625,0.2309495479878582,0.0
^RUT,2026-03-31,2090.0,Call,403.6,423.6,284.49,,30.0,0.037573718791064394,2677.2900390625,0.2309495479878582,0.0
^RUT,2026-03-31,2090.0,Put,0.0,0.3,0.43,3.0,0.0,0.037573718791064394,2677.2900390625,0.2309495479878582,0.0
^RUT,2026-03-31,2100.0,Call,376.1,400.1,533.81,1.0,0.0,0.037573718791064394,2677.2900390625,0.2309495479878582,0.0
^RUT,2026-03-31,2100.0,Put,0.0,0.3,0.46,5.0,0.0,0.037573718791064394,2677.2900390625,0.2309495479878582,0.0
^RUT,2026-03-31,2110.0,Call,402.0,425.7,387.29,1.0,24.0,0.037573718791064394,2677.2900390625,0.2309495479878582,0.0
^RUT,2026-03-31,2110.0,Put,0.0,0.35,0.62,4.0,0.0,0.037573718791064394,2677.2900390625,0.2309495479878582,0.0
^RUT,2026-03-31,2115.0,Put,0.0,0.35,0.36,3.0,0.0,0.037573718791064394,2677.2900390625,0.2309495479878582,0.0
^RUT,2026-03-31,2120.0,Call,377.0,400.5,252.44,16.0,25.0,0.037573718791064394,2677.2900390625,0.2309495479878582,0.0
^RUT,2026-03-31,2120.0,Put,0.0,0.35,0.51,1.0,0.0,0.037573718791064394,2677.2900390625,0.2309495479878582,0.0
^RUT,2026-03-31,2125.0,Put,0.0,0.35,2.07,5.0,0.0,0.037573718791064394,2677.2900390625,0.2309495479878582,0.0
^RUT,2026-03-31,2130.0,Call,346.1,370.1,526.01,1.0,0.0,0.037573718791064394,2677.2900390625,0.2309495479878582,0.0
^RUT,2026-03-31,2130.0,Put,0.0,0.35,0.31,1.0,0.0,0.037573718791064394,2677.2900390625,0.2309495479878582,0.0
^RUT,2026-03-31,2135.0,Call,341.1,365.1,508.23,1.0,0.0,0.037573718791064394,2677.2900390625,0.2309495479878582,0.0
^RUT,2026-03-31,2135.0,Put,0.0,0.35,1.23,1.0,0.0,0.037573718791064394,2677.2900390625,0.2309495479878582,0.0
^RUT,2026-03-31,2140.0,Put,0.0,0.35,0.45,1.0,0.0,0.037573718791064394,2677.2900390625,0.2309495479878582,0.0
^RUT,2026-03-31,2145.0,Put,0.0,0.4,0.95,4.0,0.0,0.037573718791064394,2677.2900390625,0.2309495479878582,0.0
^RUT,2026-03-31,2150.0,Call,352.0,373.8,316.0,10.0,55.0,0.037573718791064394,2677.2900390625,0.2309495479878582,0.0
^RUT,2026-03-31,2150.0,Put,0.0,0.4,0.5,1.0,0.0,0.037573718791064394,2677.2900390625,0.2309495479878582,0.0
^RUT,2026-03-31,2155.0,Put,0.0,0.4,1.65,3.0,0.0,0.037573718791064394,2677.2900390625,0.2309495479878582,0.0
^RUT,2026-03-31,2160.0,Call,316.2,340.2,469.08,1.0,0.0,0.037573718791064394,2677.2900390625,0.2309495479878582,0.0
^RUT,2026-03-31,2160.0,Put,0.0,0.4,0.5,17.0,0.0,0.037573718791064394,2677.2900390625,0.2309495479878582,0.0
^RUT,2026-03-31,2165.0,Put,0.0,0.4,0.35,1.0,0.0,0.037573718791064394,2677.2900390625,0.2309495479878582,0.0
^RUT,2026-03-31,2170.0,Call,222.7,228.4,154.3,1.0,0.0,0.037573718791064394,2677.2900390625,0.2309495479878582,0.0
^RUT,2026-03-31,2170.0,Put,0.05,0.45,1.27,2.0,0.0,0.037573718791064394,2677.2900390625,0.2309495479878582,0.0
^RUT,2026-03-31,2175.0,Put,0.05,0.45,1.97,1.0,0.0,0.037573718791064394,2677.2900390625,0.2309495479878582,0.0
^RUT,2026-03-31,2180.0,Call,366.0,374.9,299.26,2.0,1.0,0.037573718791064394,2677.2900390625,0.2309495479878582,0.0
^RUT,2026-03-31,2180.0,Put,0.05,0.45,0.82,1.0,0.0,0.037573718791064394,2677.2900390625,0.2309495479878582,0.0
^RUT,2026-03-31,2185.0,Put,0.1,0.5,1.3,2.0,0.0,0.037573718791064394,2677.2900390625,0.2309495479878582,0.0
^RUT,2026-03-31,2190.0,Put,0.1,0.5,0.45,5.0,0.0,0.037573718791064394,2677.2900390625,0.2309495479878582,0.0
^RUT,2026-03-31,2195.0,Put,0.1,0.5,0.85,3.0,0.0,0.037573718791064394,2677.2900390625,0.2309495479878582,0.0
^RUT,2026-03-31,2200.0,Call,322.0,326.1,286.68,10.0,7.0,0.037573718791064394,2677.2900390625,0.2309495479878582,0.0
^RUT,2026-03-31,2200.0,Put,0.15,0.55,0.65,7.0,0.0,0.037573718791064394,2677.2900390625,0.2309495479878582,0.0
^RUT,2026-03-31,2205.0,Put,0.15,0.55,1.65,1.0,0.0,0.037573718791064394,2677.2900390625,0.2309495479878582,0.0
^RUT,2026-03-31,2210.0,Call,314.3,318.3,278.95,,2.0,0.037573718791064394,2677.2900390625,0.2309495479878582,0.0
^RUT,2026-03-31,2210.0,Put,0.15,0.6,0.7,4.0,0.0,0.037573718791064394,2677.2900390625,0.2309495479878582,0.0
^RUT,2026-03-31,2215.0,Put,0.2,0.6,0.75,4.0,0.0,0.037573718791064394,2677.2900390625,0.2309495479878582,0.0
^RUT,2026-03-31,2220.0,Call,281.9,288.2,287.52,32.0,19.0,0.037573718791064394,2677.2900390625,0.2309495479878582,0.0
^RUT,2026-03-31,2220.0,Put,0.2,0.65,1.91,12.0,0.0,0.037573718791064394,2677.2900390625,0.2309495479878582,0.0
^RUT,2026-03-31,2225.0,Put,0.25,0.65,2.51,7.0,0.0,0.037573718791064394,2677.2900390625,0.2309495479878582,0.0
^RUT,2026-03-31,2230.0,Call,299.0,303.0,255.87,1.0,7.0,0.037573718791064394,2677.2900390625,0.2309495479878582,0.0
^RUT,2026-03-31,2230.0,Put,0.3,0.7,0.77,3.0,0.0,0.037573718791064394,2677.2900390625,0.2309495479878582,0.0
^RUT,2026-03-31,2235.0,Call,317.8,332.4,516.14,,0.0,0.037573718791064394,2677.2900390625,0.2309495479878582,0.0
^RUT,2026-03-31,2235.0,Put,0.3,0.75,1.15,1.0,0.0,0.037573718791064394,2677.2900390625,0.2309495479878582,0.0
^RUT,2026-03-31,2240.0,Call,266.4,273.6,251.4,6.0,16.0,0.037573718791064394,2677.2900390625,0.2309495479878582,0.0
^RUT,2026-03-31,2240.0,Put,0.35,0.75,1.05,3.0,0.0,0.037573718791064394,2677.2900390625,0.2309495479878582,0.0
^RUT,2026-03-31,2245.0,Put,0.4,0.8,1.29,1.0,0.0,0.037573718791064394,2677.2900390625,0.2309495479878582,0.0
^RUT,2026-03-31,2250.0,Call,226.6,250.6,208.45,2.0,0.0,0.037573718791064394,2677.2900390625,0.2309495479878582,0.0
^RUT,2026-03-31,2250.0,Put,0.45,0.85,1.93,13.0,0.0,0.037573718791064394,2677.2900390625,0.2309495479878582,0.0
^RUT,2026-03-31,2255.0,Put,0.5,0.9,7.87,1.0,0.0,0.037573718791064394,2677.2900390625,0.2309495479878582,0.0
^RUT,2026-03-31,2260.0,Call,348.5,352.4,260.33,2.0,11.0,0.037573718791064394,2677.2900390625,0.2309495479878582,0.0
^RUT,2026-03-31,2260.0,Put,0.55,0.95,2.03,1.0,0.0,0.037573718791064394,2677.2900390625,0.2309495479878582,0.0
^RUT,2026-03-31,2265.0,Put,0.6,1.1,1.65,1.0,0.0,0.037573718791064394,2677.2900390625,0.2309495479878582,0.0
^RUT,2026-03-31,2270.0,Call,296.8,301.2,217.21,4.0,3.0,0.037573718791064394,2677.2900390625,0.2309495479878582,0.0
^RUT,2026-03-31,2270.0,Put,0.65,1.1,1.48,2.0,0.0,0.037573718791064394,2677.2900390625,0.2309495479878582,0.0
^RUT,2026-03-31,2275.0,Put,0.75,1.15,1.09,18.0,0.0,0.037573718791064394,2677.2900390625,0.2309495479878582,0.0
^RUT,2026-03-31,2280.0,Call,262.1,265.8,187.31,1.0,2.0,0.037573718791064394,2677.2900390625,0.2309495479878582,0.0
^RUT,2026-03-31,2280.0,Put,0.8,1.3,1.18,19.0,0.0,0.037573718791064394,2677.2900390625,0.2309495479878582,0.0
^RUT,2026-03-31,2285.0,Put,0.9,1.35,1.35,1.0,0.0,0.037573718791064394,2677.2900390625,0.2309495479878582,0.0
^RUT,2026-03-31,2290.0,Call,285.1,291.2,254.18,2.0,11.0,0.037573718791064394,2677.2900390625,0.2309495479878582,0.0
^RUT,2026-03-31,2290.0,Put,1.0,1.5,1.95,9.0,0.0,0.037573718791064394,2677.2900390625,0.2309495479878582,0.0
^RUT,2026-03-31,2295.0,Put,1.1,1.6,2.03,11.0,0.0,0.037573718791064394,2677.2900390625,0.2309495479878582,0.0
^RUT,2026-03-31,2300.0,Call,181.5,197.5,235.33,36.0,0.0,0.037573718791064394,2677.2900390625,0.2309495479878582,0.0
^RUT,2026-03-31,2300.0,Put,1.2,1.75,3.63,63.0,0.0,0.037573718791064394,2677.2900390625,0.2309495479878582,0.0
^RUT,2026-03-31,2305.0,Call,176.6,192.6,231.46,36.0,0.0,0.037573718791064394,2677.2900390625,0.2309495479878582,0.0
^RUT,2026-03-31,2305.0,Put,1.35,1.95,3.73,62.0,0.0,0.037573718791064394,2677.2900390625,0.2309495479878582,0.0
^RUT,2026-03-31,2310.0,Call,219.1,224.9,231.18,6.0,10.0,0.037573718791064394,2677.2900390625,0.2309495479878582,0.0
^RUT,2026-03-31,2310.0,Put,1.5,2.1,2.78,55.0,0.0,0.037573718791064394,2677.2900390625,0.2309495479878582,0.0
^RUT,2026-03-31,2315.0,Put,1.7,2.35,2.89,56.0,0.0,0.037573718791064394,2677.2900390625,0.2309495479878582,0.0
^RUT,2026-03-31,2320.0,Call,162.2,178.2,208.05,2.0,0.0,0.037573718791064394,2677.2900390625,0.2309495479878582,0.0
^RUT,2026-03-31,2320.0,Put,1.9,2.5,3.11,57.0,0.0,0.037573718791064394,2677.2900390625,0.2309495479878582,0.0
^RUT,2026-03-31,2325.0,Put,2.15,2.85,3.45,85.0,0.0,0.037573718791064394,2677.2900390625,0.2309495479878582,0.0
^RUT,2026-03-31,2330.0,Call,152.7,168.7,200.15,2.0,0.0,0.037573718791064394,2677.2900390625,0.2309495479878582,0.0
^RUT,2026-03-31,2330.0,Put,2.4,3.1,3.75,33.0,0.0,0.037573718791064394,2677.2900390625,0.2309495479878582,0.0
^RUT,2026-03-31,2335.0,Put,2.7,3.4,4.1,4.0,0.0,0.037573718791064394,2677.2900390625,0.2309495479878582,0.0
^RUT,2026-03-31,2340.0,Call,0.0,0.0,258.95,2.0,18.0,0.037573718791064394,2677.2900390625,0.2309495479878582,0.0
^RUT,2026-03-31,2340.0,Put,3.0,3.7,3.52,4.0,0.0,0.037573718791064394,2677.2900390625,0.2309495479878582,0.0
^RUT,2026-03-31,2345.0,Put,3.4,4.1,2.45,8.0,0.0,0.037573718791064394,2677.2900390625,0.2309495479878582,0.0
^RUT,2026-03-31,2350.0,Call,128.1,156.1,123.39,2.0,0.0,0.037573718791064394,2677.2900390625,0.2309495479878582,0.0
^RUT,2026-03-31,2350.0,Put,3.8,4.5,4.39,74.0,0.0,0.037573718791064394,2677.2900390625,0.2309495479878582,0.0
^RUT,2026-03-31,2355.0,Put,4.2,5.0,2.95,15.0,0.0,0.037573718791064394,2677.2900390625,0.2309495479878582,0.0
^RUT,2026-03-31,2360.0,Call,119.1,147.1,155.0,2.0,0.0,0.037573718791064394,2677.2900390625,0.2309495479878582,0.0
^RUT,2026-03-31,2360.0,Put,4.8,5.7,5.69,40.0,0.0,0.037573718791064394,2677.2900390625,0.2309495479878582,0.0
^RUT,2026-03-31,2365.0,Put,5.3,6.1,7.0,3.0,0.0,0.037573718791064394,2677.2900390625,0.2309495479878582,0.0
^RUT,2026-03-31,2370.0,Call,110.2,138.2,147.4,2.0,0.0,0.037573718791064394,2677.2900390625,0.2309495479878582,0.0
^RUT,2026-03-31,2370.0,Put,5.8,6.7,7.8,54.0,0.0,0.037573718791064394,2677.2900390625,0.2309495479878582,0.0
^RUT,2026-03-31,2375.0,Put,6.4,7.3,8.9,29.0,0.0,0.037573718791064394,2677.2900390625,0.2309495479878582,0.0
^RUT,2026-03-31,2380.0,Call,241.2,246.7,125.4,1.0,25.0,0.037573718791064394,2677.2900390625,0.2309495479878582,0.0
^RUT,2026-03-31,2380.0,Put,7.2,8.0,9.5,1.0,0.0,0.037573718791064394,2677.2900390625,0.2309495479878582,0.0
^RUT,2026-03-31,2385.0,Put,8.0,9.0,10.62,9.0,0.0,0.037573718791064394,2677.2900390625,0.2309495479878582,0.0
^RUT,2026-03-31,2390.0,Call,98.7,115.7,162.29,1.0,0.0,0.037573718791064394,2677.2900390625,0.2309495479878582,0.0
^RUT,2026-03-31,2390.0,Put,8.7,9.6,11.47,6.0,0.0,0.037573718791064394,2677.2900390625,0.2309495479878582,0.0
^RUT,2026-03-31,2395.0,Call,94.6,111.6,148.01,1.0,0.0,0.037573718791064394,2677.2900390625,0.2309495479878582,0.0
^RUT,2026-03-31,2395.0,Put,9.6,10.6,11.5,7.0,0.0,0.037573718791064394,2677.2900390625,0.2309495479878582,0.0
^RUT,2026-03-31,2400.0,Call,94.1,104.1,143.51,1.0,0.0,0.037573718791064394,2677.2900390625,0.2309495479878582,0.0
^RUT,2026-03-31,2400.0,Put,10.5,11.5,8.34,63.0,0.0,0.037573718791064394,2677.2900390625,0.2309495479878582,0.0
^RUT,2026-03-31,2405.0,Call,86.5,103.5,137.29,18.0,0.0,0.037573718791064394,2677.2900390625,0.2309495479878582,0.0
^RUT,2026-03-31,2405.0,Put,11.4,12.4,12.7,1.0,0.0,0.037573718791064394,2677.2900390625,0.2309495479878582,0.0
^RUT,2026-03-31,2410.0,Call,142.9,144.0,216.49,2.0,4.0,0.037573718791064394,2677.2900390625,0.2309495479878582,0.0
^RUT,2026-03-31,2410.0,Put,12.4,13.5,14.65,8.0,0.0,0.037573718791064394,2677.2900390625,0.2309495479878582,0.0
^RUT,2026-03-31,2415.0,Call,86.1,89.6,140.42,1.0,0.0,0.037573718791064394,2677.2900390625,0.2309495479878582,0.0
^RUT,2026-03-31,2415.0,Put,13.5,14.6,15.6,16.0,0.0,0.037573718791064394,2677.2900390625,0.2309495479878582,0.0
^RUT,2026-03-31,2420.0,Call,82.3,85.1,108.76,,0.0,0.037573718791064394,2677.2900390625,0.2309495479878582,0.0
^RUT,2026-03-31,2420.0,Put,14.7,15.8,16.9,48.0,0.0,0.037573718791064394,2677.2900390625,0.2309495479878582,0.0
^RUT,2026-03-31,2425.0,Put,16.0,17.0,15.8,39.0,0.0,0.037573718791064394,2677.2900390625,0.2309495479878582,0.0
^RUT,2026-03-31,2430.0,Call,74.5,77.3,126.47,3.0,0.0,0.037573718791064394,2677.2900390625,0.2309495479878582,0.0
^RUT,2026-03-31,2430.0,Put,17.2,18.3,20.7,14.0,0.0,0.037573718791064394,2677.2900390625,0.2309495479878582,0.0
^RUT,2026-03-31,2435.0,Call,70.9,73.6,111.92,,0.0,0.037573718791064394,2677.2900390625,0.2309495479878582,0.0
^RUT,2026-03-31,2435.0,Put,18.4,19.5,16.5,18.0,0.0,0.037573718791064394,2677.2900390625,0.2309495479878582,0.0
^RUT,2026-03-31,2440.0,Call,67.7,70.2,95.0,10.0,0.0,0.037573718791064394,2677.2900390625,0.2309495479878582,0.0
^RUT,2026-03-31,2440.0,Put,16.2,24.7,22.3,16.0,0.0,0.037573718791064394,2677.2900390625,0.2309495479878582,0.0
^RUT,2026-03-31,2445.0,Put,21.5,22.5,18.79,1.0,0.0,0.037573718791064394,2677.2900390625,0.2309495479878582,0.0
^RUT,2026-03-31,2450.0,Call,52.9,69.9,66.1,33.0,0.0,0.037573718791064394,2677.2900390625,0.2309495479878582,0.0
^RUT,2026-03-31,2450.0,Put,23.0,24.3,22.8,23.0,0.0,0.037573718791064394,2677.2900390625,0.2309495479878582,0.0
^RUT,2026-03-31,2455.0,Call,52.2,64.4,98.07,5.0,0.0,0.037573718791064394,2677.2900390625,0.2309495479878582,0.0
^RUT,2026-03-31,2455.0,Put,24.5,25.6,19.7,2.0,0.0,0.037573718791064394,2677.2900390625,0.2309495479878582,0.0
^RUT,2026-03-31,2460.0,Call,49.0,61.3,78.72,1.0,0.0,0.037573718791064394,2677.2900390625,0.2309495479878582,0.0
^RUT,2026-03-31,2460.0,Put,26.0,27.2,28.2,11.0,0.0,0.037573718791064394,2677.2900390625,0.2309495479878582,0.0
^RUT,2026-03-31,2465.0,Call,45.8,57.9,78.9,1.0,0.0,0.037573718791064394,2677.2900390625,0.2309495479878582,0.0
^RUT,2026-03-31,2465.0,Put,24.0,33.2,29.28,17.0,0.0,0.037573718791064394,2677.2900390625,0.2309495479878582,0.0
^RUT,2026-03-31,2470.0,Call,42.7,54.6,54.84,15.0,0.0,0.037573718791064394,2677.2900390625,0.2309495479878582,0.0
^RUT,2026-03-31,2470.0,Put,25.9,35.2,33.43,23.0,0.0,0.037573718791064394,2677.2900390625,0.2309495479878582,0.0
^RUT,2026-03-31,2475.0,Call,44.6,46.1,68.4,2.0,0.0,0.037573718791064394,2677.2900390625,0.2309495479878582,0.0
^RUT,2026-03-31,2475.0,Put,31.8,33.2,24.57,11.0,0.0,0.037573718791064394,2677.2900390625,0.2309495479878582,0.0
^RUT,2026-03-31,2480.0,Call,41.6,43.1,58.2,5.0,0.0,0.037573718791064394,2677.2900390625,0.2309495479878582,0.0
^RUT,2026-03-31,2480.0,Put,33.9,35.2,31.85,151.0,0.0,0.037573718791064394,2677.2900390625,0.2309495479878582,0.0
^RUT,2026-03-31,2485.0,Call,34.8,44.9,55.04,2.0,0.0,0.037573718791064394,2677.2900390625,0.2309495479878582,0.0
^RUT,2026-03-31,2485.0,Put,36.0,37.4,39.94,5.0,0.0,0.037573718791064394,2677.2900390625,0.2309495479878582,0.0
^RUT,2026-03-31,2490.0,Call,36.6,37.9,61.27,2.0,0.0,0.037573718791064394,2677.2900390625,0.2309495479878582,0.0
^RUT,2026-03-31,2490.0,Put,37.9,39.2,35.87,155.0,0.0,0.037573718791064394,2677.2900390625,0.2309495479878582,0.0
^RUT,2026-03-31,2495.0,Call,33.8,35.0,58.04,6.0,0.0,0.037573718791064394,2677.2900390625,0.2309495479878582,0.0
^RUT,2026-03-31,2495.0,Put,36.5,46.5,42.79,26.0,0.0,0.037573718791064394,2677.2900390625,0.2309495479878582,0.0
^RUT,2026-03-31,2500.0,Call,31.4,32.7,38.2,21.0,0.0,0.037573718791064394,2677.2900390625,0.2309495479878582,0.0
^RUT,2026-03-31,2500.0,Put,43.1,44.4,47.58,49.0,0.0,0.037573718791064394,2677.2900390625,0.2309495479878582,0.0
^RUT,2026-03-31,2505.0,Call,24.7,34.4,62.69,5.0,0.0,0.037573718791064394,2677.2900390625,0.2309495479878582,0.0
^RUT,2026-03-31,2505.0,Put,45.6,47.0,42.1,21.0,0.0,0.037573718791064394,2677.2900390625,0.2309495479878582,0.0
^RUT,2026-03-31,2510.0,Call,26.6,27.7,42.1,6.0,0.0,0.037573718791064394,2677.2900390625,0.2309495479878582,0.0
^RUT,2026-03-31,2510.0,Put,48.1,49.6,50.04,48.0,0.0,0.037573718791064394,2677.2900390625,0.2309495479878582,0.0
^RUT,2026-03-31,2515.0,Call,20.4,29.8,47.19,2.0,0.0,0.037573718791064394,2677.2900390625,0.2309495479878582,0.0
^RUT,2026-03-31,2515.0,Put,50.9,52.5,52.46,4.0,0.0,0.037573718791064394,2677.2900390625,0.2309495479878582,0.0
^RUT,2026-03-31,2520.0,Call,18.3,27.6,27.9,2.0,0.0,0.037573718791064394,2677.2900390625,0.2309495479878582,0.0
^RUT,2026-03-31,2520.0,Put,53.8,55.5,51.18,60.0,0.0,0.037573718791064394,2677.2900390625,0.2309495479878582,0.0
^RUT,2026-03-31,2525.0,Call,16.6,25.4,40.9,17.0,0.0,0.037573718791064394,2677.2900390625,0.2309495479878582,0.0
^RUT,2026-03-31,2525.0,Put,56.8,59.0,58.01,14.0,0.0,0.037573718791064394,2677.2900390625,0.2309495479878582,0.0
^RUT,2026-03-31,2530.0,Call,18.8,20.0,38.58,24.0,0.0,0.037573718791064394,2677.2900390625,0.2309495479878582,0.0
^RUT,2026-03-31,2530.0,Put,59.9,62.2,62.11,64.0,0.0,0.037573718791064394,2677.2900390625,0.2309495479878582,0.0
^RUT,2026-03-31,2535.0,Call,17.0,18.1,30.1,1.0,0.0,0.037573718791064394,2677.2900390625,0.2309495479878582,0.0
^RUT,2026-03-31,2535.0,Put,62.4,65.3,57.62,9.0,0.0,0.037573718791064394,2677.2900390625,0.2309495479878582,0.0
^RUT,2026-03-31,2540.0,Call,15.3,16.5,28.1,6.0,0.0,0.037573718791064394,2677.2900390625,0.2309495479878582,0.0
^RUT,2026-03-31,2540.0,Put,66.4,69.1,49.3,5.0,0.0,0.037573718791064394,2677.2900390625,0.2309495479878582,0.0
^RUT,2026-03-31,2545.0,Call,13.9,14.9,31.28,1.0,0.0,0.037573718791064394,2677.2900390625,0.2309495479878582,0.0
^RUT,2026-03-31,2545.0,Put,62.9,79.9,53.95,5.0,0.0,0.037573718791064394,2677.2900390625,0.2309495479878582,0.0
^RUT,2026-03-31,2550.0,Call,12.4,13.3,28.95,27.0,0.0,0.037573718791064394,2677.2900390625,0.2309495479878582,0.0
^RUT,2026-03-31,2550.0,Put,66.5,83.5,76.6,85.0,0.0,0.037573718791064394,2677.2900390625,0.2309495479878582,0.0
^RUT,2026-03-31,2555.0,Call,11.1,12.1,27.02,2.0,0.0,0.037573718791064394,2677.2900390625,0.2309495479878582,0.0
^RUT,2026-03-31,2555.0,Put,76.8,79.9,58.4,3.0,0.0,0.037573718791064394,2677.2900390625,0.2309495479878582,0.0
^RUT,2026-03-31,2560.0,Call,9.9,10.8,15.05,25.0,0.0,0.037573718791064394,2677.2900390625,0.2309495479878582,0.0
^RUT,2026-03-31,2560.0,Put,80.1,83.3,78.05,5.0,0.0,0.037573718791064394,2677.2900390625,0.2309495479878582,0.0
^RUT,2026-03-31,2565.0,Call,8.6,9.7,26.99,1.0,0.0,0.037573718791064394,2677.2900390625,0.2309495479878582,0.0
^RUT,2026-03-31,2565.0,Put,77.9,94.9,86.06,2.0,0.0,0.037573718791064394,2677.2900390625,0.2309495479878582,0.0
^RUT,2026-03-31,2570.0,Call,7.6,8.6,12.25,44.0,0.0,0.037573718791064394,2677.2900390625,0.2309495479878582,0.0
^RUT,2026-03-31,2570.0,Put,81.9,98.9,104.14,2.0,0.0,0.037573718791064394,2677.2900390625,0.2309495479878582,0.0
^RUT,2026-03-31,2575.0,Call,6.6,7.6,10.85,46.0,0.0,0.037573718791064394,2677.2900390625,0.2309495479878582,0.0
^RUT,2026-03-31,2575.0,Put,86.0,103.0,80.8,4.0,0.0,0.037573718791064394,2677.2900390625,0.2309495479878582,0.0
^RUT,2026-03-31,2580.0,Call,5.9,6.7,9.35,34.0,0.0,0.037573718791064394,2677.2900390625,0.2309495479878582,0.0
^RUT,2026-03-31,2580.0,Put,90.2,107.2,85.07,1.0,0.0,0.037573718791064394,2677.2900390625,0.2309495479878582,0.0
^RUT,2026-03-31,2585.0,Call,5.0,6.0,8.35,16.0,0.0,0.037573718791064394,2677.2900390625,0.2309495479878582,0.0
^RUT,2026-03-31,2585.0,Put,97.6,107.6,92.14,1.0,0.0,0.037573718791064394,2677.2900390625,0.2309495479878582,0.0
^RUT,2026-03-31,2590.0,Call,4.5,5.3,9.9,11.0,0.0,0.037573718791064394,2677.2900390625,0.2309495479878582,0.0
^RUT,2026-03-31,2590.0,Put,98.8,115.8,73.57,5.0,0.0,0.037573718791064394,2677.2900390625,0.2309495479878582,0.0
^RUT,2026-03-31,2595.0,Call,3.8,4.7,7.65,26.0,0.0,0.037573718791064394,2677.2900390625,0.2309495479878582,0.0
^RUT,2026-03-31,2595.0,Put,103.3,119.3,75.02,15.0,0.0,0.037573718791064394,2677.2900390625,0.2309495479878582,0.0
^RUT,2026-03-31,2600.0,Call,3.2,4.0,5.78,39.0,0.0,0.037573718791064394,2677.2900390625,0.2309495479878582,0.0
^RUT,2026-03-31,2600.0,Put,102.2,130.2,79.98,5.0,0.0,0.037573718791064394,2677.2900390625,0.2309495479878582,0.0
^RUT,2026-03-31,2605.0,Call,2.8,3.6,5.7,11.0,0.0,0.037573718791064394,2677.2900390625,0.2309495479878582,0.0
^RUT,2026-03-31,2605.0,Put,106.6,134.6,105.96,18.0,0.0,0.037573718791064394,2677.2900390625,0.2309495479878582,0.0
^RUT,2026-03-31,2610.0,Call,2.4,3.2,5.1,34.0,0.0,0.037573718791064394,2677.2900390625,0.2309495479878582,0.0
^RUT,2026-03-31,2610.0,Put,111.2,139.2,123.69,12.0,0.0,0.037573718791064394,2677.2900390625,0.2309495479878582,0.0
^RUT,2026-03-31,2615.0,Call,2.05,2.75,8.0,11.0,0.0,0.037573718791064394,2677.2900390625,0.2309495479878582,0.0
^RUT,2026-03-31,2615.0,Put,115.8,143.8,110.56,1.0,0.0,0.037573718791064394,2677.2900390625,0.2309495479878582,0.0
^RUT,2026-03-31,2620.0,Call,1.7,2.4,5.95,97.0,0.0,0.037573718791064394,2677.2900390625,0.2309495479878582,0.0
^RUT,2026-03-31,2620.0,Put,120.5,148.5,125.26,5.0,0.0,0.037573718791064394,2677.2900390625,0.2309495479878582,0.0
^RUT,2026-03-31,2625.0,Call,1.5,2.1,3.03,10.0,0.0,0.037573718791064394,2677.2900390625,0.2309495479878582,0.0
^RUT,2026-03-31,2625.0,Put,125.2,153.2,103.0,2.0,0.0,0.037573718791064394,2677.2900390625,0.2309495479878582,0.0
^RUT,2026-03-31,2630.0,Call,1.25,1.9,4.6,95.0,0.0,0.037573718791064394,2677.2900390625,0.2309495479878582,0.0
^RUT,2026-03-31,2630.0,Put,135.6,151.6,107.0,3.0,0.0,0.037573718791064394,2677.2900390625,0.2309495479878582,0.0
^RUT,2026-03-31,2635.0,Call,1.05,1.65,3.1,18.0,0.0,0.037573718791064394,2677.2900390625,0.2309495479878582,0.0
^RUT,2026-03-31,2635.0,Put,134.7,162.7,167.39,20.0,0.0,0.037573718791064394,2677.2900390625,0.2309495479878582,0.0
^RUT,2026-03-31,2640.0,Call,0.85,1.45,2.07,46.0,0.0,0.037573718791064394,2677.2900390625,0.2309495479878582,0.0
^RUT,2026-03-31,2640.0,Put,145.2,161.2,151.22,14.0,0.0,0.037573718791064394,2677.2900390625,0.2309495479878582,0.0
^RUT,2026-03-31,2645.0,Call,0.75,1.25,2.32,23.0,0.0,0.037573718791064394,2677.2900390625,0.2309495479878582,0.0
^RUT,2026-03-31,2645.0,Put,148.7,164.7,139.94,6.0,0.0,0.037573718791064394,2677.2900390625,0.2309495479878582,0.0
^RUT,2026-03-31,2650.0,Call,0.6,1.1,1.57,11.0,0.0,0.037573718791064394,2677.2900390625,0.2309495479878582,0.0
^RUT,2026-03-31,2650.0,Put,154.9,170.9,151.93,1.0,0.0,0.037573718791064394,2677.2900390625,0.2309495479878582,0.0
^RUT,2026-03-31,2655.0,Call,0.5,1.0,1.37,19.0,0.0,0.037573718791064394,2677.2900390625,0.2309495479878582,0.0
^RUT,2026-03-31,2655.0,Put,159.8,175.8,144.64,9.0,0.0,0.037573718791064394,2677.2900390625,0.2309495479878582,0.0
^RUT,2026-03-31,2660.0,Call,0.45,0.9,1.21,19.0,0.0,0.037573718791064394,2677.2900390625,0.2309495479878582,0.0
^RUT,2026-03-31,2660.0,Put,164.7,180.7,167.6,11.0,0.0,0.037573718791064394,2677.2900390625,0.2309495479878582,0.0
^RUT,2026-03-31,2665.0,Call,0.35,0.8,1.45,4.0,0.0,0.037573718791064394,2677.2900390625,0.2309495479878582,0.0
^RUT,2026-03-31,2665.0,Put,169.6,185.6,192.95,10.0,0.0,0.037573718791064394,2677.2900390625,0.2309495479878582,0.0
^RUT,2026-03-31,2670.0,Call,0.3,0.7,0.98,16.0,0.0,0.037573718791064394,2677.2900390625,0.2309495479878582,0.0
^RUT,2026-03-31,2670.0,Put,174.5,190.5,158.02,5.0,0.0,0.037573718791064394,2677.2900390625,0.2309495479878582,0.0
^RUT,2026-03-31,2675.0,Call,0.25,0.65,0.85,9.0,0.0,0.037573718791064394,2677.2900390625,0.2309495479878582,0.0
^RUT,2026-03-31,2675.0,Put,179.5,195.5,200.7,10.0,0.0,0.037573718791064394,2677.2900390625,0.2309495479878582,0.0
^RUT,2026-03-31,2680.0,Call,0.2,0.6,0.74,24.0,0.0,0.037573718791064394,2677.2900390625,0.2309495479878582,0.0
^RUT,2026-03-31,2680.0,Put,183.0,199.0,180.0,1.0,0.0,0.037573718791064394,2677.2900390625,0.2309495479878582,0.0
^RUT,2026-03-31,2685.0,Call,0.15,0.55,0.75,14.0,0.0,0.037573718791064394,2677.2900390625,0.2309495479878582,0.0
^RUT,2026-03-31,2685.0,Put,189.4,205.4,142.7,1.0,0.0,0.037573718791064394,2677.2900390625,0.2309495479878582,0.0
^RUT,2026-03-31,2690.0,Call,0.1,0.55,1.14,2.0,0.0,0.037573718791064394,2677.2900390625,0.2309495479878582,0.0
^RUT,2026-03-31,2690.0,Put,194.4,210.4,227.07,10.0,0.0,0.037573718791064394,2677.2900390625,0.2309495479878582,0.0
^RUT,2026-03-31,2695.0,Call,0.1,0.5,1.42,8.0,0.0,0.037573718791064394,2677.2900390625,0.2309495479878582,0.0
^RUT,2026-03-31,2695.0,Put,199.3,215.3,96.5,10.0,0.0,0.037573718791064394,2677.2900390625,0.2309495479878582,0.0
^RUT,2026-03-31,2700.0,Call,0.05,0.45,0.5,8.0,0.0,0.037573718791064394,2677.2900390625,0.2309495479878582,0.0
^RUT,2026-03-31,2700.0,Put,200.3,224.3,176.68,11.0,0.0,0.037573718791064394,2677.2900390625,0.2309495479878582,0.0
^RUT,2026-03-31,2705.0,Call,0.05,0.45,1.62,4.0,0.0,0.037573718791064394,2677.2900390625,0.2309495479878582,0.0
^RUT,2026-03-31,2705.0,Put,205.3,229.3,174.5,2.0,0.0,0.037573718791064394,2677.2900390625,0.2309495479878582,0.0
^RUT,2026-03-31,2710.0,Call,0.0,0.4,0.4,8.0,0.0,0.037573718791064394,2677.2900390625,0.2309495479878582,0.0
^RUT,2026-03-31,2710.0,Put,210.2,234.2,223.34,2.0,0.0,0.037573718791064394,2677.2900390625,0.2309495479878582,0.0
^RUT,2026-03-31,2715.0,Call,0.0,0.4,0.97,2.0,0.0,0.037573718791064394,2677.2900390625,0.2309495479878582,0.0
^RUT,2026-03-31,2715.0,Put,215.2,239.2,210.48,1.0,0.0,0.037573718791064394,2677.2900390625,0.2309495479878582,0.0
^RUT,2026-03-31,2720.0,Call,0.0,0.4,0.7,8.0,0.0,0.037573718791064394,2677.2900390625,0.2309495479878582,0.0
^RUT,2026-03-31,2720.0,Put,220.2,244.2,239.5,1.0,0.0,0.037573718791064394,2677.2900390625,0.2309495479878582,0.0
^RUT,2026-03-31,2725.0,Call,0.0,0.35,0.37,11.0,0.0,0.037573718791064394,2677.2900390625,0.2309495479878582,0.0
^RUT,2026-03-31,2725.0,Put,225.2,249.2,194.76,2.0,0.0,0.037573718791064394,2677.2900390625,0.2309495479878582,0.0
^RUT,2026-03-31,2730.0,Call,0.0,0.35,0.6,10.0,0.0,0.037573718791064394,2677.2900390625,0.2309495479878582,0.0
^RUT,2026-03-31,2730.0,Put,230.2,254.2,229.8,1.0,0.0,0.037573718791064394,2677.2900390625,0.2309495479878582,0.0
^RUT,2026-03-31,2735.0,Call,0.0,0.35,0.6,10.0,0.0,0.037573718791064394,2677.2900390625,0.2309495479878582,0.0
^RUT,2026-03-31,2735.0,Put,235.2,259.2,205.41,3.0,0.0,0.037573718791064394,2677.2900390625,0.2309495479878582,0.0
^RUT,2026-03-31,2740.0,Call,0.0,0.35,0.5,2.0,0.0,0.037573718791064394,2677.2900390625,0.2309495479878582,0.0
^RUT,2026-03-31,2740.0,Put,240.2,264.2,194.08,2.0,0.0,0.037573718791064394,2677.2900390625,0.2309495479878582,0.0
^RUT,2026-03-31,2745.0,Call,0.0,0.3,0.29,1.0,0.0,0.037573718791064394,2677.2900390625,0.2309495479878582,0.0
^RUT,2026-03-31,2750.0,Call,0.0,0.3,0.4,2.0,0.0,0.037573718791064394,2677.2900390625,0.2309495479878582,0.0
^RUT,2026-03-31,2750.0,Put,250.1,274.1,244.65,1.0,0.0,0.037573718791064394,2677.2900390625,0.2309495479878582,0.0
^RUT,2026-03-31,2755.0,Call,0.0,0.3,0.28,2.0,0.0,0.037573718791064394,2677.2900390625,0.2309495479878582,0.0
^RUT,2026-03-31,2755.0,Put,253.7,277.7,127.4,1.0,0.0,0.037573718791064394,2677.2900390625,0.2309495479878582,0.0
^RUT,2026-03-31,2760.0,Call,0.0,0.3,0.35,1.0,0.0,0.037573718791064394,2677.2900390625,0.2309495479878582,0.0
^RUT,2026-03-31,2760.0,Put,260.1,284.1,297.23,5.0,0.0,0.037573718791064394,2677.2900390625,0.2309495479878582,0.0
^RUT,2026-03-31,2765.0,Call,0.0,0.3,0.22,7.0,0.0,0.037573718791064394,2677.2900390625,0.2309495479878582,0.0
^RUT,2026-03-31,2770.0,Call,0.0,0.3,0.39,2.0,0.0,0.037573718791064394,2677.2900390625,0.2309495479878582,0.0
^RUT,2026-03-31,2775.0,Call,0.0,0.3,0.2,26.0,0.0,0.037573718791064394,2677.2900390625,0.2309495479878582,0.0
^RUT,2026-03-31,2780.0,Call,0.0,0.25,0.2,18.0,0.0,0.037573718791064394,2677.2900390625,0.2309495479878582,0.0
^RUT,2026-03-31,2780.0,Put,280.1,304.1,274.4,1.0,0.0,0.037573718791064394,2677.2900390625,0.2309495479878582,0.0
^RUT,2026-03-31,2785.0,Call,0.0,0.25,0.32,1.0,0.0,0.037573718791064394,2677.2900390625,0.2309495479878582,0.0
^RUT,2026-03-31,2790.0,Call,0.0,0.25,0.22,10.0,0.0,0.037573718791064394,2677.2900390625,0.2309495479878582,0.0
^RUT,2026-03-31,2790.0,Put,290.1,314.1,130.65,,0.0,0.037573718791064394,2677.2900390625,0.2309495479878582,0.0
^RUT,2026-03-31,2795.0,Call,0.0,0.25,0.17,10.0,0.0,0.037573718791064394,2677.2900390625,0.2309495479878582,0.0
^RUT,2026-03-31,2795.0,Put,293.7,317.7,133.8,,0.0,0.037573718791064394,2677.2900390625,0.2309495479878582,0.0
^RUT,2026-03-31,2800.0,Call,0.0,0.25,0.25,11.0,0.0,0.037573718791064394,2677.2900390625,0.2309495479878582,0.0
^RUT,2026-03-31,2800.0,Put,300.1,324.1,273.13,20.0,0.0,0.037573718791064394,2677.2900390625,0.2309495479878582,0.0
^RUT,2026-03-31,2805.0,Call,0.0,0.25,0.22,1.0,0.0,0.037573718791064394,2677.2900390625,0.2309495479878582,0.0
^RUT,2026-03-31,2810.0,Call,0.0,0.25,0.22,6.0,0.0,0.037573718791064394,2677.2900390625,0.2309495479878582,0.0
^RUT,2026-03-31,2810.0,Put,310.1,334.1,175.2,,0.0,0.037573718791064394,2677.2900390625,0.2309495479878582,0.0
^RUT,2026-03-31,2815.0,Call,0.0,0.25,2.11,95.0,0.0,0.037573718791064394,2677.2900390625,0.2309495479878582,0.0
^RUT,2026-03-31,2820.0,Call,0.0,0.25,0.19,8.0,0.0,0.037573718791064394,2677.2900390625,0.2309495479878582,0.0
^RUT,2026-03-31,2825.0,Call,0.0,0.25,0.15,1.0,0.0,0.037573718791064394,2677.2900390625,0.2309495479878582,0.0
^RUT,2026-03-31,2830.0,Call,0.0,0.25,0.22,2.0,0.0,0.037573718791064394,2677.2900390625,0.2309495479878582,0.0
^RUT,2026-03-31,2835.0,Call,0.0,0.25,0.2,1.0,0.0,0.037573718791064394,2677.2900390625,0.2309495479878582,0.0
^RUT,2026-03-31,2840.0,Call,0.0,0.25,0.17,1.0,0.0,0.037573718791064394,2677.2900390625,0.2309495479878582,0.0
^RUT,2026-03-31,2845.0,Call,0.0,0.25,0.87,3.0,0.0,0.037573718791064394,2677.2900390625,0.2309495479878582,0.0
^RUT,2026-03-31,2845.0,Put,345.0,369.0,190.0,1.0,0.0,0.037573718791064394,2677.2900390625,0.2309495479878582,0.0
^RUT,2026-03-31,2850.0,Call,0.0,0.2,0.1,1.0,0.0,0.037573718791064394,2677.2900390625,0.2309495479878582,0.0
^RUT,2026-03-31,2850.0,Put,350.0,374.0,197.0,1.0,0.0,0.037573718791064394,2677.2900390625,0.2309495479878582,0.0
^RUT,2026-03-31,2855.0,Call,0.0,0.2,0.17,1.0,0.0,0.037573718791064394,2677.2900390625,0.2309495479878582,0.0
^RUT,2026-03-31,2855.0,Put,355.0,379.0,220.0,5.0,0.0,0.037573718791064394,2677.2900390625,0.2309495479878582,0.0
^RUT,2026-03-31,2860.0,Call,0.0,0.2,0.12,2.0,0.0,0.037573718791064394,2677.2900390625,0.2309495479878582,0.0
^RUT,2026-03-31,2860.0,Put,360.0,384.0,224.0,3.0,0.0,0.037573718791064394,2677.2900390625,0.2309495479878582,0.0
^RUT,2026-03-31,2865.0,Call,0.0,0.2,0.1,25.0,0.0,0.037573718791064394,2677.2900390625,0.2309495479878582,0.0
^RUT,2026-03-31,2865.0,Put,365.0,389.0,198.0,1.0,0.0,0.037573718791064394,2677.2900390625,0.2309495479878582,0.0
^RUT,2026-03-31,2900.0,Call,0.0,0.2,5.03,1.0,448.0,0.037573718791064394,2677.2900390625,0.2309495479878582,0.0
^RUT,2026-03-31,2950.0,Call,0.0,0.2,4.98,2.0,75.0,0.037573718791064394,2677.2900390625,0.2309495479878582,0.0
^RUT,2026-03-31,3000.0,Call,0.0,0.2,0.05,7.0,0.0,0.037573718791064394,2677.2900390625,0.2309495479878582,0.0
^RUT,2026-03-31,3050.0,Call,0.0,0.2,0.05,3.0,0.0,0.037573718791064394,2677.2900390625,0.2309495479878582,0.0
^RUT,2026-03-31,3100.0,Call,0.0,0.2,0.05,1.0,0.0,0.037573718791064394,2677.2900390625,0.2309495479878582,0.0
^RUT,2026-03-31,3100.0,Put,952.6,1021.3,1111.7,,1.0,0.037573718791064394,2677.2900390625,0.2309495479878582,0.0
^RUT,2026-04-01,2130.0,Put,0.15,0.55,1.72,80.0,0.0,0.03756714848883049,2677.2900390625,0.2309495479878582,0.0
^RUT,2026-04-01,2140.0,Put,0.15,0.55,0.75,2.0,0.0,0.03756714848883049,2677.2900390625,0.2309495479878582,0.0
^RUT,2026-04-01,2165.0,Put,0.25,0.7,0.83,3.0,0.0,0.03756714848883049,2677.2900390625,0.2309495479878582,0.0
^RUT,2026-04-01,2170.0,Put,0.3,0.7,3.66,,0.0,0.03756714848883049,2677.2900390625,0.2309495479878582,0.0
^RUT,2026-04-01,2175.0,Put,0.3,0.75,4.0,,0.0,0.03756714848883049,2677.2900390625,0.2309495479878582,0.0
^RUT,2026-04-01,2180.0,Put,0.35,0.75,0.84,5.0,0.0,0.03756714848883049,2677.2900390625,0.2309495479878582,0.0
^RUT,2026-04-01,2185.0,Put,0.35,0.8,1.07,3.0,0.0,0.03756714848883049,2677.2900390625,0.2309495479878582,0.0
^RUT,2026-04-01,2200.0,Put,0.45,0.9,1.15,1.0,0.0,0.03756714848883049,2677.2900390625,0.2309495479878582,0.0
^RUT,2026-04-01,2215.0,Put,0.6,1.0,8.1,2.0,0.0,0.03756714848883049,2677.2900390625,0.2309495479878582,0.0
^RUT,2026-04-01,2220.0,Put,0.65,1.05,1.5,4.0,0.0,0.03756714848883049,2677.2900390625,0.2309495479878582,0.0
^RUT,2026-04-01,2225.0,Put,0.7,1.15,6.08,,0.0,0.03756714848883049,2677.2900390625,0.2309495479878582,0.0
^RUT,2026-04-01,2230.0,Put,0.75,1.2,1.98,2.0,0.0,0.03756714848883049,2677.2900390625,0.2309495479878582,0.0
^RUT,2026-04-01,2240.0,Put,0.9,1.35,1.62,5.0,0.0,0.03756714848883049,2677.2900390625,0.2309495479878582,0.0
^RUT,2026-04-01,2245.0,Put,0.95,1.4,1.88,25.0,0.0,0.03756714848883049,2677.2900390625,0.2309495479878582,0.0
^RUT,2026-04-01,2250.0,Put,1.05,1.5,1.8,14.0,0.0,0.03756714848883049,2677.2900390625,0.2309495479878582,0.0
^RUT,2026-04-01,2270.0,Put,1.45,1.95,2.18,1.0,0.0,0.03756714848883049,2677.2900390625,0.2309495479878582,0.0
^RUT,2026-04-01,2275.0,Put,1.55,2.1,2.53,21.0,0.0,0.03756714848883049,2677.2900390625,0.2309495479878582,0.0
^RUT,2026-04-01,2280.0,Put,1.7,2.3,2.23,1.0,0.0,0.03756714848883049,2677.2900390625,0.2309495479878582,0.0
^RUT,2026-04-01,2295.0,Put,2.2,2.9,14.27,1.0,0.0,0.03756714848883049,2677.2900390625,0.2309495479878582,0.0
^RUT,2026-04-01,2300.0,Put,2.4,3.2,3.86,5.0,0.0,0.03756714848883049,2677.2900390625,0.2309495479878582,0.0
^RUT,2026-04-01,2310.0,Put,2.95,3.7,5.08,9.0,0.0,0.03756714848883049,2677.2900390625,0.2309495479878582,0.0
^RUT,2026-04-01,2320.0,Put,0.2,8.0,5.1,10.0,0.0,0.03756714848883049,2677.2900390625,0.2309495479878582,0.0
^RUT,2026-04-01,2330.0,Put,0.85,8.7,5.13,76.0,0.0,0.03756714848883049,2677.2900390625,0.2309495479878582,0.0
^RUT,2026-04-01,2340.0,Put,1.6,9.8,5.67,11.0,0.0,0.03756714848883049,2677.2900390625,0.2309495479878582,0.0
^RUT,2026-04-01,2345.0,Put,5.7,6.5,7.35,5.0,0.0,0.03756714848883049,2677.2900390625,0.2309495479878582,0.0
^RUT,2026-04-01,2350.0,Put,6.2,7.1,8.22,15.0,0.0,0.03756714848883049,2677.2900390625,0.2309495479878582,0.0
^RUT,2026-04-01,2355.0,Put,6.8,7.8,8.2,4.0,0.0,0.03756714848883049,2677.2900390625,0.2309495479878582,0.0
^RUT,2026-04-01,2360.0,Put,7.5,8.3,10.0,37.0,0.0,0.03756714848883049,2677.2900390625,0.2309495479878582,0.0
^RUT,2026-04-01,2365.0,Put,4.5,12.8,9.0,1.0,0.0,0.03756714848883049,2677.2900390625,0.2309495479878582,0.0
^RUT,2026-04-01,2370.0,Put,8.8,9.7,9.4,7.0,0.0,0.03756714848883049,2677.2900390625,0.2309495479878582,0.0
^RUT,2026-04-01,2380.0,Put,10.5,11.4,11.88,1.0,0.0,0.03756714848883049,2677.2900390625,0.2309495479878582,0.0
^RUT,2026-04-01,2390.0,Put,12.2,13.2,15.2,47.0,0.0,0.03756714848883049,2677.2900390625,0.2309495479878582,0.0
^RUT,2026-04-01,2395.0,Put,13.2,14.2,11.1,14.0,0.0,0.03756714848883049,2677.2900390625,0.2309495479878582,0.0
^RUT,2026-04-01,2400.0,Put,14.2,15.2,16.38,3.0,0.0,0.03756714848883049,2677.2900390625,0.2309495479878582,0.0
^RUT,2026-04-01,2405.0,Put,15.2,16.3,15.04,17.0,0.0,0.03756714848883049,2677.2900390625,0.2309495479878582,0.0
^RUT,2026-04-01,2410.0,Put,16.5,17.6,17.24,3.0,0.0,0.03756714848883049,2677.2900390625,0.2309495479878582,0.0
^RUT,2026-04-01,2420.0,Put,19.0,20.0,20.1,4.0,0.0,0.03756714848883049,2677.2900390625,0.2309495479878582,0.0
^RUT,2026-04-01,2425.0,Call,83.1,85.9,108.2,,0.0,0.03756714848883049,2677.2900390625,0.2309495479878582,0.0
^RUT,2026-04-01,2430.0,Call,79.4,82.1,129.34,6.0,0.0,0.03756714848883049,2677.2900390625,0.2309495479878582,0.0
^RUT,2026-04-01,2430.0,Put,17.9,26.6,22.9,8.0,0.0,0.03756714848883049,2677.2900390625,0.2309495479878582,0.0
^RUT,2026-04-01,2440.0,Put,24.4,25.6,24.93,23.0,0.0,0.03756714848883049,2677.2900390625,0.2309495479878582,0.0
^RUT,2026-04-01,2450.0,Put,23.4,32.8,27.24,3.0,0.0,0.03756714848883049,2677.2900390625,0.2309495479878582,0.0
^RUT,2026-04-01,2455.0,Call,62.3,64.0,85.6,2.0,0.0,0.03756714848883049,2677.2900390625,0.2309495479878582,0.0
^RUT,2026-04-01,2455.0,Put,29.0,30.2,25.39,1.0,0.0,0.03756714848883049,2677.2900390625,0.2309495479878582,0.0
^RUT,2026-04-01,2460.0,Call,59.3,61.0,64.9,1.0,0.0,0.03756714848883049,2677.2900390625,0.2309495479878582,0.0
^RUT,2026-04-01,2460.0,Put,30.8,31.9,26.55,4.0,0.0,0.03756714848883049,2677.2900390625,0.2309495479878582,0.0
^RUT,2026-04-01,2465.0,Put,32.7,33.9,25.74,2.0,0.0,0.03756714848883049,2677.2900390625,0.2309495479878582,0.0
^RUT,2026-04-01,2470.0,Put,34.3,35.6,33.1,5.0,0.0,0.03756714848883049,2677.2900390625,0.2309495479878582,0.0
^RUT,2026-04-01,2475.0,Put,36.4,37.6,39.6,9.0,0.0,0.03756714848883049,2677.2900390625,0.2309495479878582,0.0
^RUT,2026-04-01,2480.0,Call,47.1,48.5,67.45,4.0,0.0,0.03756714848883049,2677.2900390625,0.2309495479878582,0.0
^RUT,2026-04-01,2480.0,Put,38.6,39.8,36.85,4.0,0.0,0.03756714848883049,2677.2900390625,0.2309495479878582,0.0
^RUT,2026-04-01,2485.0,Put,40.5,41.8,43.7,3.0,0.0,0.03756714848883049,2677.2900390625,0.2309495479878582,0.0
^RUT,2026-04-01,2490.0,Put,42.7,44.0,45.9,6.0,0.0,0.03756714848883049,2677.2900390625,0.2309495479878582,0.0
^RUT,2026-04-01,2500.0,Call,36.3,37.5,48.4,11.0,0.0,0.03756714848883049,2677.2900390625,0.2309495479878582,0.0
^RUT,2026-04-01,2500.0,Put,47.8,49.2,50.32,6.0,0.0,0.03756714848883049,2677.2900390625,0.2309495479878582,0.0
^RUT,2026-04-01,2515.0,Call,28.8,30.2,50.0,7.0,0.0,0.03756714848883049,2677.2900390625,0.2309495479878582,0.0
^RUT,2026-04-01,2520.0,Call,27.1,28.3,45.7,1.0,0.0,0.03756714848883049,2677.2900390625,0.2309495479878582,0.0
^RUT,2026-04-01,2525.0,Call,24.6,26.0,44.77,2.0,0.0,0.03756714848883049,2677.2900390625,0.2309495479878582,0.0
^RUT,2026-04-01,2530.0,Call,22.9,24.0,41.8,7.0,0.0,0.03756714848883049,2677.2900390625,0.2309495479878582,0.0
^RUT,2026-04-01,2535.0,Call,21.2,22.4,32.75,1.0,0.0,0.03756714848883049,2677.2900390625,0.2309495479878582,0.0
^RUT,2026-04-01,2540.0,Call,19.3,20.3,30.48,3.0,0.0,0.03756714848883049,2677.2900390625,0.2309495479878582,0.0
^RUT,2026-04-01,2545.0,Call,17.6,18.6,48.16,6.0,0.0,0.03756714848883049,2677.2900390625,0.2309495479878582,0.0
^RUT,2026-04-01,2550.0,Call,16.0,17.1,23.4,7.0,0.0,0.03756714848883049,2677.2900390625,0.2309495479878582,0.0
^RUT,2026-04-01,2555.0,Call,14.5,15.6,32.12,3.0,0.0,0.03756714848883049,2677.2900390625,0.2309495479878582,0.0
^RUT,2026-04-01,2570.0,Call,10.5,11.5,19.24,1.0,0.0,0.03756714848883049,2677.2900390625,0.2309495479878582,0.0
^RUT,2026-04-01,2575.0,Call,9.5,10.4,23.82,3.0,0.0,0.03756714848883049,2677.2900390625,0.2309495479878582,0.0
^RUT,2026-04-01,2580.0,Call,4.8,12.9,14.65,13.0,0.0,0.03756714848883049,2677.2900390625,0.2309495479878582,0.0
^RUT,2026-04-01,2600.0,Call,5.0,6.0,8.04,5.0,0.0,0.03756714848883049,2677.2900390625,0.2309495479878582,0.0
^RUT,2026-04-01,2610.0,Call,0.45,8.1,7.02,11.0,0.0,0.03756714848883049,2677.2900390625,0.2309495479878582,0.0
^RUT,2026-04-01,2615.0,Call,3.4,4.2,5.73,10.0,0.0,0.03756714848883049,2677.2900390625,0.2309495479878582,0.0
^RUT,2026-04-01,2620.0,Call,2.95,3.8,9.03,7.0,0.0,0.03756714848883049,2677.2900390625,0.2309495479878582,0.0
^RUT,2026-04-01,2625.0,Call,2.6,3.4,5.27,10.0,0.0,0.03756714848883049,2677.2900390625,0.2309495479878582,0.0
^RUT,2026-04-01,2630.0,Call,2.2,2.95,3.89,10.0,0.0,0.03756714848883049,2677.2900390625,0.2309495479878582,0.0
^RUT,2026-04-01,2635.0,Call,1.95,2.6,3.84,12.0,0.0,0.03756714848883049,2677.2900390625,0.2309495479878582,0.0
^RUT,2026-04-01,2640.0,Call,1.65,2.3,3.02,12.0,0.0,0.03756714848883049,2677.2900390625,0.2309495479878582,0.0
^RUT,2026-04-01,2645.0,Call,1.35,2.05,3.02,5.0,0.0,0.03756714848883049,2677.2900390625,0.2309495479878582,0.0
^RUT,2026-04-01,2650.0,Call,1.2,1.8,2.64,13.0,0.0,0.03756714848883049,2677.2900390625,0.2309495479878582,0.0
^RUT,2026-04-01,2655.0,Call,1.0,1.6,6.76,1.0,0.0,0.03756714848883049,2677.2900390625,0.2309495479878582,0.0
^RUT,2026-04-01,2660.0,Call,0.85,1.5,2.1,26.0,0.0,0.03756714848883049,2677.2900390625,0.2309495479878582,0.0
^RUT,2026-04-01,2665.0,Call,0.75,1.25,4.97,1.0,0.0,0.03756714848883049,2677.2900390625,0.2309495479878582,0.0
^RUT,2026-04-01,2670.0,Call,0.6,1.1,1.41,89.0,0.0,0.03756714848883049,2677.2900390625,0.2309495479878582,0.0
^RUT,2026-04-01,2675.0,Call,0.55,1.0,1.45,20.0,0.0,0.03756714848883049,2677.2900390625,0.2309495479878582,0.0
^RUT,2026-04-01,2680.0,Call,0.45,0.9,3.06,6.0,0.0,0.03756714848883049,2677.2900390625,0.2309495479878582,0.0
^RUT,2026-04-01,2700.0,Call,0.2,0.65,1.15,6.0,0.0,0.03756714848883049,2677.2900390625,0.2309495479878582,0.0
^RUT,2026-04-01,2705.0,Call,0.15,0.6,0.71,5.0,0.0,0.03756714848883049,2677.2900390625,0.2309495479878582,0.0
^RUT,2026-04-01,2710.0,Call,0.15,0.55,0.93,5.0,0.0,0.03756714848883049,2677.2900390625,0.2309495479878582,0.0
^RUT,2026-04-01,2715.0,Call,0.1,0.5,1.28,2.0,0.0,0.03756714848883049,2677.2900390625,0.2309495479878582,0.0
^RUT,2026-04-01,2720.0,Call,0.1,0.5,0.9,,0.0,0.03756714848883049,2677.2900390625,0.2309495479878582,0.0
^RUT,2026-04-01,2750.0,Call,0.0,0.4,0.55,12.0,0.0,0.03756714848883049,2677.2900390625,0.2309495479878582,0.0
^RUT,2026-04-01,2785.0,Call,0.0,0.3,0.35,,0.0,0.03756714848883049,2677.2900390625,0.2309495479878582,0.0
^RUT,2026-04-02,2145.0,Put,0.45,0.95,0.5,1.0,0.0,0.03756057818659659,2677.2900390625,0.2309495479878582,0.0
^RUT,2026-04-02,2150.0,Put,0.5,0.9,1.12,1.0,0.0,0.03756057818659659,2677.2900390625,0.2309495479878582,0.0
^RUT,2026-04-02,2155.0,Put,0.5,0.95,0.57,1.0,0.0,0.03756057818659659,2677.2900390625,0.2309495479878582,0.0
^RUT,2026-04-02,2160.0,Put,0.55,1.0,3.81,,0.0,0.03756057818659659,2677.2900390625,0.2309495479878582,0.0
^RUT,2026-04-02,2165.0,Put,0.6,1.0,4.55,,0.0,0.03756057818659659,2677.2900390625,0.2309495479878582,0.0
^RUT,2026-04-02,2170.0,Put,0.6,1.05,7.2,2.0,0.0,0.03756057818659659,2677.2900390625,0.2309495479878582,0.0
^RUT,2026-04-02,2175.0,Put,0.65,1.1,1.52,1.0,0.0,0.03756057818659659,2677.2900390625,0.2309495479878582,0.0
^RUT,2026-04-02,2180.0,Put,0.7,1.15,1.42,13.0,0.0,0.03756057818659659,2677.2900390625,0.2309495479878582,0.0
^RUT,2026-04-02,2190.0,Put,0.8,1.25,5.69,,0.0,0.03756057818659659,2677.2900390625,0.2309495479878582,0.0
^RUT,2026-04-02,2195.0,Put,0.85,1.3,3.25,42.0,0.0,0.03756057818659659,2677.2900390625,0.2309495479878582,0.0
^RUT,2026-04-02,2200.0,Put,0.9,1.4,1.77,25.0,0.0,0.03756057818659659,2677.2900390625,0.2309495479878582,0.0
^RUT,2026-04-02,2205.0,Put,1.0,1.45,1.87,25.0,0.0,0.03756057818659659,2677.2900390625,0.2309495479878582,0.0
^RUT,2026-04-02,2210.0,Put,1.05,1.5,1.87,2.0,0.0,0.03756057818659659,2677.2900390625,0.2309495479878582,0.0
^RUT,2026-04-02,2220.0,Put,1.2,1.65,1.82,1.0,0.0,0.03756057818659659,2677.2900390625,0.2309495479878582,0.0
^RUT,2026-04-02,2225.0,Put,1.25,1.8,2.06,6.0,0.0,0.03756057818659659,2677.2900390625,0.2309495479878582,0.0
^RUT,2026-04-02,2230.0,Put,1.35,1.85,2.15,18.0,0.0,0.03756057818659659,2677.2900390625,0.2309495479878582,0.0
^RUT,2026-04-02,2235.0,Put,1.45,1.95,2.25,16.0,0.0,0.03756057818659659,2677.2900390625,0.2309495479878582,0.0
^RUT,2026-04-02,2240.0,Put,1.55,2.05,2.55,2.0,0.0,0.03756057818659659,2677.2900390625,0.2309495479878582,0.0
^RUT,2026-04-02,2250.0,Put,1.75,2.35,2.68,24.0,0.0,0.03756057818659659,2677.2900390625,0.2309495479878582,0.0
^RUT,2026-04-02,2255.0,Put,1.9,2.55,2.94,1.0,0.0,0.03756057818659659,2677.2900390625,0.2309495479878582,0.0
^RUT,2026-04-02,2260.0,Put,2.05,2.7,3.04,14.0,0.0,0.03756057818659659,2677.2900390625,0.2309495479878582,0.0
^RUT,2026-04-02,2265.0,Put,2.2,2.85,3.43,2.0,0.0,0.03756057818659659,2677.2900390625,0.2309495479878582,0.0
^RUT,2026-04-02,2270.0,Put,0.25,6.4,3.57,5.0,0.0,0.03756057818659659,2677.2900390625,0.2309495479878582,0.0
^RUT,2026-04-02,2275.0,Put,2.55,3.3,3.75,7.0,0.0,0.03756057818659659,2677.2900390625,0.2309495479878582,0.0
^RUT,2026-04-02,2280.0,Put,2.8,3.6,3.96,44.0,0.0,0.03756057818659659,2677.2900390625,0.2309495479878582,0.0
^RUT,2026-04-02,2285.0,Put,3.0,3.8,4.3,28.0,0.0,0.03756057818659659,2677.2900390625,0.2309495479878582,0.0
^RUT,2026-04-02,2290.0,Put,3.3,4.0,4.54,36.0,0.0,0.03756057818659659,2677.2900390625,0.2309495479878582,0.0
^RUT,2026-04-02,2295.0,Put,3.6,4.3,4.9,3.0,0.0,0.03756057818659659,2677.2900390625,0.2309495479878582,0.0
^RUT,2026-04-02,2300.0,Put,3.9,4.6,5.41,39.0,0.0,0.03756057818659659,2677.2900390625,0.2309495479878582,0.0
^RUT,2026-04-02,2305.0,Put,4.2,4.9,5.2,9.0,0.0,0.03756057818659659,2677.2900390625,0.2309495479878582,0.0
^RUT,2026-04-02,2310.0,Put,1.8,9.0,6.46,26.0,0.0,0.03756057818659659,2677.2900390625,0.2309495479878582,0.0
^RUT,2026-04-02,2315.0,Put,5.0,5.8,6.23,5.0,0.0,0.03756057818659659,2677.2900390625,0.2309495479878582,0.0
^RUT,2026-04-02,2320.0,Put,5.4,6.2,7.47,16.0,0.0,0.03756057818659659,2677.2900390625,0.2309495479878582,0.0
^RUT,2026-04-02,2325.0,Put,5.9,6.8,7.42,6.0,0.0,0.03756057818659659,2677.2900390625,0.2309495479878582,0.0
^RUT,2026-04-02,2330.0,Call,157.8,173.8,207.05,1.0,0.0,0.03756057818659659,2677.2900390625,0.2309495479878582,0.0
^RUT,2026-04-02,2330.0,Put,6.4,7.3,8.8,43.0,0.0,0.03756057818659659,2677.2900390625,0.2309495479878582,0.0
^RUT,2026-04-02,2335.0,Put,6.9,7.8,6.51,26.0,0.0,0.03756057818659659,2677.2900390625,0.2309495479878582,0.0
^RUT,2026-04-02,2340.0,Call,148.9,164.9,197.76,1.0,0.0,0.03756057818659659,2677.2900390625,0.2309495479878582,0.0
^RUT,2026-04-02,2340.0,Put,7.5,8.5,10.0,44.0,0.0,0.03756057818659659,2677.2900390625,0.2309495479878582,0.0
^RUT,2026-04-02,2345.0,Put,8.1,9.0,10.36,3.0,0.0,0.03756057818659659,2677.2900390625,0.2309495479878582,0.0
^RUT,2026-04-02,2350.0,Call,134.0,162.0,170.34,1.0,0.0,0.03756057818659659,2677.2900390625,0.2309495479878582,0.0
^RUT,2026-04-02,2350.0,Put,8.8,9.8,10.9,18.0,0.0,0.03756057818659659,2677.2900390625,0.2309495479878582,0.0
^RUT,2026-04-02,2355.0,Call,129.7,157.7,158.54,1.0,0.0,0.03756057818659659,2677.2900390625,0.2309495479878582,0.0
^RUT,2026-04-02,2355.0,Put,9.5,10.5,11.0,20.0,0.0,0.03756057818659659,2677.2900390625,0.2309495479878582,0.0
^RUT,2026-04-02,2360.0,Put,10.2,11.2,12.63,36.0,0.0,0.03756057818659659,2677.2900390625,0.2309495479878582,0.0
^RUT,2026-04-02,2365.0,Call,121.3,149.3,156.56,1.0,0.0,0.03756057818659659,2677.2900390625,0.2309495479878582,0.0
^RUT,2026-04-02,2365.0,Put,11.1,12.0,12.38,10.0,0.0,0.03756057818659659,2677.2900390625,0.2309495479878582,0.0
^RUT,2026-04-02,2370.0,Put,11.7,12.8,14.3,38.0,0.0,0.03756057818659659,2677.2900390625,0.2309495479878582,0.0
^RUT,2026-04-02,2375.0,Call,113.0,141.0,131.78,,0.0,0.03756057818659659,2677.2900390625,0.2309495479878582,0.0
^RUT,2026-04-02,2375.0,Put,12.8,13.9,11.66,1.0,0.0,0.03756057818659659,2677.2900390625,0.2309495479878582,0.0
^RUT,2026-04-02,2380.0,Call,109.0,137.0,94.36,6.0,0.0,0.03756057818659659,2677.2900390625,0.2309495479878582,0.0
^RUT,2026-04-02,2380.0,Put,13.5,14.6,15.58,25.0,0.0,0.03756057818659659,2677.2900390625,0.2309495479878582,0.0
^RUT,2026-04-02,2385.0,Put,14.6,15.7,13.2,17.0,0.0,0.03756057818659659,2677.2900390625,0.2309495479878582,0.0
^RUT,2026-04-02,2390.0,Put,15.6,16.7,18.95,41.0,0.0,0.03756057818659659,2677.2900390625,0.2309495479878582,0.0
^RUT,2026-04-02,2395.0,Put,16.7,17.8,17.95,13.0,0.0,0.03756057818659659,2677.2900390625,0.2309495479878582,0.0
^RUT,2026-04-02,2400.0,Call,98.7,115.7,122.14,1.0,0.0,0.03756057818659659,2677.2900390625,0.2309495479878582,0.0
^RUT,2026-04-02,2400.0,Put,17.7,18.9,12.15,104.0,0.0,0.03756057818659659,2677.2900390625,0.2309495479878582,0.0
^RUT,2026-04-02,2405.0,Put,18.8,19.9,16.26,1.0,0.0,0.03756057818659659,2677.2900390625,0.2309495479878582,0.0
^RUT,2026-04-02,2410.0,Put,20.0,21.1,13.78,31.0,0.0,0.03756057818659659,2677.2900390625,0.2309495479878582,0.0
^RUT,2026-04-02,2415.0,Call,94.7,97.5,97.62,,0.0,0.03756057818659659,2677.2900390625,0.2309495479878582,0.0
^RUT,2026-04-02,2415.0,Put,21.5,22.7,24.36,28.0,0.0,0.03756057818659659,2677.2900390625,0.2309495479878582,0.0
^RUT,2026-04-02,2420.0,Put,22.6,23.7,25.78,52.0,0.0,0.03756057818659659,2677.2900390625,0.2309495479878582,0.0
^RUT,2026-04-02,2425.0,Call,79.9,96.9,103.4,3.0,0.0,0.03756057818659659,2677.2900390625,0.2309495479878582,0.0
^RUT,2026-04-02,2425.0,Put,20.2,28.9,17.09,23.0,0.0,0.03756057818659659,2677.2900390625,0.2309495479878582,0.0
^RUT,2026-04-02,2430.0,Put,25.4,26.6,26.7,60.0,0.0,0.03756057818659659,2677.2900390625,0.2309495479878582,0.0
^RUT,2026-04-02,2435.0,Call,80.7,83.1,104.61,5.0,0.0,0.03756057818659659,2677.2900390625,0.2309495479878582,0.0
^RUT,2026-04-02,2435.0,Put,27.0,28.3,24.79,22.0,0.0,0.03756057818659659,2677.2900390625,0.2309495479878582,0.0
^RUT,2026-04-02,2440.0,Call,77.3,79.3,57.59,8.0,0.0,0.03756057818659659,2677.2900390625,0.2309495479878582,0.0
^RUT,2026-04-02,2440.0,Put,24.5,33.7,29.97,28.0,0.0,0.03756057818659659,2677.2900390625,0.2309495479878582,0.0
^RUT,2026-04-02,2445.0,Call,73.9,75.8,97.33,5.0,0.0,0.03756057818659659,2677.2900390625,0.2309495479878582,0.0
^RUT,2026-04-02,2445.0,Put,25.9,35.0,26.76,9.0,0.0,0.03756057818659659,2677.2900390625,0.2309495479878582,0.0
^RUT,2026-04-02,2450.0,Call,65.3,77.7,97.27,10.0,0.0,0.03756057818659659,2677.2900390625,0.2309495479878582,0.0
^RUT,2026-04-02,2450.0,Put,27.2,36.8,21.3,222.0,0.0,0.03756057818659659,2677.2900390625,0.2309495479878582,0.0
^RUT,2026-04-02,2455.0,Put,28.9,38.5,34.35,8.0,0.0,0.03756057818659659,2677.2900390625,0.2309495479878582,0.0
^RUT,2026-04-02,2460.0,Call,63.6,65.4,86.51,21.0,0.0,0.03756057818659659,2677.2900390625,0.2309495479878582,0.0
^RUT,2026-04-02,2460.0,Put,34.9,36.1,39.21,97.0,0.0,0.03756057818659659,2677.2900390625,0.2309495479878582,0.0
^RUT,2026-04-02,2465.0,Call,55.6,67.7,82.54,1.0,0.0,0.03756057818659659,2677.2900390625,0.2309495479878582,0.0
^RUT,2026-04-02,2465.0,Put,36.7,37.9,37.5,6.0,0.0,0.03756057818659659,2677.2900390625,0.2309495479878582,0.0
^RUT,2026-04-02,2470.0,Call,57.3,59.0,84.7,1.0,0.0,0.03756057818659659,2677.2900390625,0.2309495479878582,0.0
^RUT,2026-04-02,2470.0,Put,38.4,39.6,40.79,22.0,0.0,0.03756057818659659,2677.2900390625,0.2309495479878582,0.0
^RUT,2026-04-02,2475.0,Call,49.8,61.2,78.29,1.0,0.0,0.03756057818659659,2677.2900390625,0.2309495479878582,0.0
^RUT,2026-04-02,2475.0,Put,40.6,42.0,42.8,34.0,0.0,0.03756057818659659,2677.2900390625,0.2309495479878582,0.0
^RUT,2026-04-02,2480.0,Call,46.9,58.2,71.8,4.0,0.0,0.03756057818659659,2677.2900390625,0.2309495479878582,0.0
^RUT,2026-04-02,2480.0,Put,37.8,48.4,28.0,41.0,0.0,0.03756057818659659,2677.2900390625,0.2309495479878582,0.0
^RUT,2026-04-02,2485.0,Call,48.9,50.2,61.02,1.0,0.0,0.03756057818659659,2677.2900390625,0.2309495479878582,0.0
^RUT,2026-04-02,2485.0,Put,44.7,45.9,44.25,3.0,0.0,0.03756057818659659,2677.2900390625,0.2309495479878582,0.0
^RUT,2026-04-02,2490.0,Call,46.1,47.4,65.23,67.0,0.0,0.03756057818659659,2677.2900390625,0.2309495479878582,0.0
^RUT,2026-04-02,2490.0,Put,47.0,48.4,49.49,56.0,0.0,0.03756057818659659,2677.2900390625,0.2309495479878582,0.0
^RUT,2026-04-02,2495.0,Call,38.7,49.5,66.0,34.0,0.0,0.03756057818659659,2677.2900390625,0.2309495479878582,0.0
^RUT,2026-04-02,2495.0,Put,49.2,50.4,53.68,14.0,0.0,0.03756057818659659,2677.2900390625,0.2309495479878582,0.0
^RUT,2026-04-02,2500.0,Call,40.4,41.9,49.15,8.0,0.0,0.03756057818659659,2677.2900390625,0.2309495479878582,0.0
^RUT,2026-04-02,2500.0,Put,46.4,57.7,55.0,35.0,0.0,0.03756057818659659,2677.2900390625,0.2309495479878582,0.0
^RUT,2026-04-02,2505.0,Call,38.2,39.4,48.17,29.0,0.0,0.03756057818659659,2677.2900390625,0.2309495479878582,0.0
^RUT,2026-04-02,2505.0,Put,48.5,60.5,57.3,22.0,0.0,0.03756057818659659,2677.2900390625,0.2309495479878582,0.0
^RUT,2026-04-02,2510.0,Call,31.3,41.9,55.57,14.0,0.0,0.03756057818659659,2677.2900390625,0.2309495479878582,0.0
^RUT,2026-04-02,2510.0,Put,51.1,63.5,57.1,12.0,0.0,0.03756057818659659,2677.2900390625,0.2309495479878582,0.0
^RUT,2026-04-02,2515.0,Call,33.5,34.7,63.83,4.0,0.0,0.03756057818659659,2677.2900390625,0.2309495479878582,0.0
^RUT,2026-04-02,2515.0,Put,53.3,66.1,51.6,8.0,0.0,0.03756057818659659,2677.2900390625,0.2309495479878582,0.0
^RUT,2026-04-02,2520.0,Call,31.2,32.5,42.4,2.0,0.0,0.03756057818659659,2677.2900390625,0.2309495479878582,0.0
^RUT,2026-04-02,2520.0,Put,55.9,68.9,41.37,134.0,0.0,0.03756057818659659,2677.2900390625,0.2309495479878582,0.0
^RUT,2026-04-02,2525.0,Call,24.9,34.9,48.78,5.0,0.0,0.03756057818659659,2677.2900390625,0.2309495479878582,0.0
^RUT,2026-04-02,2530.0,Call,27.2,28.4,33.12,15.0,0.0,0.03756057818659659,2677.2900390625,0.2309495479878582,0.0
^RUT,2026-04-02,2530.0,Put,67.2,69.0,69.05,14.0,0.0,0.03756057818659659,2677.2900390625,0.2309495479878582,0.0
^RUT,2026-04-02,2535.0,Call,25.0,26.2,31.39,23.0,0.0,0.03756057818659659,2677.2900390625,0.2309495479878582,0.0
^RUT,2026-04-02,2540.0,Call,23.2,24.3,29.79,35.0,0.0,0.03756057818659659,2677.2900390625,0.2309495479878582,0.0
^RUT,2026-04-02,2540.0,Put,73.1,75.3,49.65,83.0,0.0,0.03756057818659659,2677.2900390625,0.2309495479878582,0.0
^RUT,2026-04-02,2545.0,Call,21.4,22.7,35.25,1.0,0.0,0.03756057818659659,2677.2900390625,0.2309495479878582,0.0
^RUT,2026-04-02,2545.0,Put,76.1,78.6,77.5,3.0,0.0,0.03756057818659659,2677.2900390625,0.2309495479878582,0.0
^RUT,2026-04-02,2550.0,Call,19.6,20.8,32.9,117.0,0.0,0.03756057818659659,2677.2900390625,0.2309495479878582,0.0
^RUT,2026-04-02,2555.0,Call,18.0,19.0,27.4,27.0,0.0,0.03756057818659659,2677.2900390625,0.2309495479878582,0.0
^RUT,2026-04-02,2555.0,Put,82.1,85.4,91.18,,0.0,0.03756057818659659,2677.2900390625,0.2309495479878582,0.0
^RUT,2026-04-02,2560.0,Call,16.5,17.6,25.51,138.0,0.0,0.03756057818659659,2677.2900390625,0.2309495479878582,0.0
^RUT,2026-04-02,2565.0,Call,15.0,16.1,19.91,21.0,0.0,0.03756057818659659,2677.2900390625,0.2309495479878582,0.0
^RUT,2026-04-02,2565.0,Put,83.1,100.1,69.37,1.0,0.0,0.03756057818659659,2677.2900390625,0.2309495479878582,0.0
^RUT,2026-04-02,2570.0,Call,13.7,14.7,18.07,64.0,0.0,0.03756057818659659,2677.2900390625,0.2309495479878582,0.0
^RUT,2026-04-02,2575.0,Call,12.4,13.4,18.01,53.0,0.0,0.03756057818659659,2677.2900390625,0.2309495479878582,0.0
^RUT,2026-04-02,2575.0,Put,90.4,107.4,95.49,3.0,0.0,0.03756057818659659,2677.2900390625,0.2309495479878582,0.0
^RUT,2026-04-02,2580.0,Call,11.2,12.1,21.6,71.0,0.0,0.03756057818659659,2677.2900390625,0.2309495479878582,0.0
^RUT,2026-04-02,2585.0,Call,6.5,14.7,14.33,4.0,0.0,0.03756057818659659,2677.2900390625,0.2309495479878582,0.0
^RUT,2026-04-02,2590.0,Call,5.5,13.7,15.53,242.0,0.0,0.03756057818659659,2677.2900390625,0.2309495479878582,0.0
^RUT,2026-04-02,2600.0,Call,7.1,8.1,10.0,1.0,0.0,0.03756057818659659,2677.2900390625,0.2309495479878582,0.0
^RUT,2026-04-02,2600.0,Put,104.8,132.8,134.48,,0.0,0.03756057818659659,2677.2900390625,0.2309495479878582,0.0
^RUT,2026-04-02,2605.0,Call,6.4,7.2,9.43,30.0,0.0,0.03756057818659659,2677.2900390625,0.2309495479878582,0.0
^RUT,2026-04-02,2610.0,Call,5.7,6.5,10.04,63.0,0.0,0.03756057818659659,2677.2900390625,0.2309495479878582,0.0
^RUT,2026-04-02,2615.0,Call,5.0,5.9,8.4,25.0,0.0,0.03756057818659659,2677.2900390625,0.2309495479878582,0.0
^RUT,2026-04-02,2615.0,Put,117.6,145.6,131.4,,0.0,0.03756057818659659,2677.2900390625,0.2309495479878582,0.0
^RUT,2026-04-02,2620.0,Call,4.3,5.2,7.08,57.0,0.0,0.03756057818659659,2677.2900390625,0.2309495479878582,0.0
^RUT,2026-04-02,2625.0,Call,3.9,4.7,7.8,214.0,0.0,0.03756057818659659,2677.2900390625,0.2309495479878582,0.0
^RUT,2026-04-02,2630.0,Call,3.3,4.2,14.18,58.0,0.0,0.03756057818659659,2677.2900390625,0.2309495479878582,0.0
^RUT,2026-04-02,2635.0,Call,2.95,3.8,5.41,63.0,0.0,0.03756057818659659,2677.2900390625,0.2309495479878582,0.0
^RUT,2026-04-02,2640.0,Call,2.6,3.4,11.81,63.0,0.0,0.03756057818659659,2677.2900390625,0.2309495479878582,0.0
^RUT,2026-04-02,2645.0,Call,0.0,5.7,9.65,6.0,0.0,0.03756057818659659,2677.2900390625,0.2309495479878582,0.0
^RUT,2026-04-02,2650.0,Call,1.95,2.65,3.7,18.0,0.0,0.03756057818659659,2677.2900390625,0.2309495479878582,0.0
^RUT,2026-04-02,2650.0,Put,155.2,171.2,140.66,2.0,0.0,0.03756057818659659,2677.2900390625,0.2309495479878582,0.0
^RUT,2026-04-02,2655.0,Call,1.65,2.35,3.55,25.0,0.0,0.03756057818659659,2677.2900390625,0.2309495479878582,0.0
^RUT,2026-04-02,2660.0,Call,1.45,2.1,2.77,55.0,0.0,0.03756057818659659,2677.2900390625,0.2309495479878582,0.0
^RUT,2026-04-02,2665.0,Call,1.2,1.85,6.72,23.0,0.0,0.03756057818659659,2677.2900390625,0.2309495479878582,0.0
^RUT,2026-04-02,2670.0,Call,1.1,1.65,2.19,68.0,0.0,0.03756057818659659,2677.2900390625,0.2309495479878582,0.0
^RUT,2026-04-02,2675.0,Call,0.9,1.5,2.2,73.0,0.0,0.03756057818659659,2677.2900390625,0.2309495479878582,0.0
^RUT,2026-04-02,2680.0,Call,0.8,1.35,2.22,8.0,0.0,0.03756057818659659,2677.2900390625,0.2309495479878582,0.0
^RUT,2026-04-02,2685.0,Call,0.65,1.2,2.62,50.0,0.0,0.03756057818659659,2677.2900390625,0.2309495479878582,0.0
^RUT,2026-04-02,2690.0,Call,0.55,1.05,1.4,5.0,0.0,0.03756057818659659,2677.2900390625,0.2309495479878582,0.0
^RUT,2026-04-02,2700.0,Call,0.4,0.9,2.36,3.0,0.0,0.03756057818659659,2677.2900390625,0.2309495479878582,0.0
^RUT,2026-04-02,2705.0,Call,0.35,0.8,2.24,1.0,0.0,0.03756057818659659,2677.2900390625,0.2309495479878582,0.0
^RUT,2026-04-02,2710.0,Call,0.3,0.75,2.38,2.0,0.0,0.03756057818659659,2677.2900390625,0.2309495479878582,0.0
^RUT,2026-04-02,2715.0,Call,0.25,0.7,0.9,2.0,0.0,0.03756057818659659,2677.2900390625,0.2309495479878582,0.0
^RUT,2026-04-02,2720.0,Call,0.2,0.65,0.97,3.0,0.0,0.03756057818659659,2677.2900390625,0.2309495479878582,0.0
^RUT,2026-04-02,2725.0,Call,0.15,0.6,1.2,1.0,0.0,0.03756057818659659,2677.2900390625,0.2309495479878582,0.0
^RUT,2026-04-02,2735.0,Call,0.1,0.55,0.6,1.0,0.0,0.03756057818659659,2677.2900390625,0.2309495479878582,0.0
^RUT,2026-04-02,2820.0,Call,0.0,0.3,0.5,,0.0,0.03756057818659659,2677.2900390625,0.2309495479878582,0.0
^RUT,2026-04-02,2825.0,Call,0.0,0.3,0.5,,0.0,0.03756057818659659,2677.2900390625,0.2309495479878582,0.0
^RUT,2026-04-02,2830.0,Call,0.0,0.3,0.5,,0.0,0.03756057818659659,2677.2900390625,0.2309495479878582,0.0
^RUT,2026-04-02,2835.0,Call,0.0,0.3,0.5,,0.0,0.03756057818659659,2677.2900390625,0.2309495479878582,0.0
^RUT,2026-04-02,2840.0,Call,0.0,0.3,0.5,,0.0,0.03756057818659659,2677.2900390625,0.2309495479878582,0.0
^RUT,2026-04-02,2845.0,Call,0.0,0.3,0.5,,0.0,0.03756057818659659,2677.2900390625,0.2309495479878582,0.0
^RUT,2026-04-02,2850.0,Call,0.0,0.25,0.5,,0.0,0.03756057818659659,2677.2900390625,0.2309495479878582,0.0
^RUT,2026-04-02,2855.0,Call,0.0,0.25,0.5,,0.0,0.03756057818659659,2677.2900390625,0.2309495479878582,0.0
^RUT,2026-04-02,2860.0,Call,0.0,0.25,0.2,2.0,0.0,0.03756057818659659,2677.2900390625,0.2309495479878582,0.0
^RUT,2026-04-02,2865.0,Call,0.0,0.25,0.2,2.0,0.0,0.03756057818659659,2677.2900390625,0.2309495479878582,0.0
^RUT,2026-04-02,2870.0,Call,0.0,0.25,0.2,2.0,0.0,0.03756057818659659,2677.2900390625,0.2309495479878582,0.0
^RUT,2026-04-06,2155.0,Put,1.35,1.85,3.15,1.0,0.0,0.03753429697766098,2677.2900390625,0.2309495479878582,0.0
^RUT,2026-04-06,2160.0,Put,1.4,1.9,6.93,1.0,0.0,0.03753429697766098,2677.2900390625,0.2309495479878582,0.0
^RUT,2026-04-06,2175.0,Put,1.65,2.15,3.63,11.0,0.0,0.03753429697766098,2677.2900390625,0.2309495479878582,0.0
^RUT,2026-04-06,2180.0,Put,1.75,2.25,5.9,2.0,0.0,0.03753429697766098,2677.2900390625,0.2309495479878582,0.0
^RUT,2026-04-06,2185.0,Put,1.8,2.35,6.9,22.0,0.0,0.03753429697766098,2677.2900390625,0.2309495479878582,0.0
^RUT,2026-04-06,2190.0,Put,1.9,2.5,4.33,83.0,0.0,0.03753429697766098,2677.2900390625,0.2309495479878582,0.0
^RUT,2026-04-06,2200.0,Put,2.15,2.7,3.38,1.0,0.0,0.03753429697766098,2677.2900390625,0.2309495479878582,0.0
^RUT,2026-04-06,2210.0,Put,2.4,3.0,12.45,22.0,0.0,0.03753429697766098,2677.2900390625,0.2309495479878582,0.0
^RUT,2026-04-06,2220.0,Put,2.7,3.3,3.03,1.0,0.0,0.03753429697766098,2677.2900390625,0.2309495479878582,0.0
^RUT,2026-04-06,2230.0,Put,3.0,3.7,3.9,2.0,0.0,0.03753429697766098,2677.2900390625,0.2309495479878582,0.0
^RUT,2026-04-06,2265.0,Put,4.7,5.5,8.54,1.0,0.0,0.03753429697766098,2677.2900390625,0.2309495479878582,0.0
^RUT,2026-04-06,2270.0,Put,5.0,5.8,5.2,1.0,0.0,0.03753429697766098,2677.2900390625,0.2309495479878582,0.0
^RUT,2026-04-06,2285.0,Put,6.2,7.1,5.96,25.0,0.0,0.03753429697766098,2677.2900390625,0.2309495479878582,0.0
^RUT,2026-04-06,2290.0,Put,6.6,7.5,11.81,10.0,0.0,0.03753429697766098,2677.2900390625,0.2309495479878582,0.0
^RUT,2026-04-06,2300.0,Put,7.5,8.3,8.77,3.0,0.0,0.03753429697766098,2677.2900390625,0.2309495479878582,0.0
^RUT,2026-04-06,2305.0,Put,8.0,8.9,8.11,4.0,0.0,0.03753429697766098,2677.2900390625,0.2309495479878582,0.0
^RUT,2026-04-06,2315.0,Put,9.1,10.0,8.04,2.0,0.0,0.03753429697766098,2677.2900390625,0.2309495479878582,0.0
^RUT,2026-04-06,2320.0,Put,9.7,10.7,17.57,2.0,0.0,0.03753429697766098,2677.2900390625,0.2309495479878582,0.0
^RUT,2026-04-06,2325.0,Put,10.4,11.4,11.55,2.0,0.0,0.03753429697766098,2677.2900390625,0.2309495479878582,0.0
^RUT,2026-04-06,2340.0,Put,12.5,13.5,10.84,40.0,0.0,0.03753429697766098,2677.2900390625,0.2309495479878582,0.0
^RUT,2026-04-06,2345.0,Put,13.3,14.2,14.32,13.0,0.0,0.03753429697766098,2677.2900390625,0.2309495479878582,0.0
^RUT,2026-04-06,2350.0,Put,14.1,15.2,11.95,12.0,0.0,0.03753429697766098,2677.2900390625,0.2309495479878582,0.0
^RUT,2026-04-06,2360.0,Put,16.0,16.9,13.65,5.0,0.0,0.03753429697766098,2677.2900390625,0.2309495479878582,0.0
^RUT,2026-04-06,2365.0,Put,16.8,17.8,17.21,14.0,0.0,0.03753429697766098,2677.2900390625,0.2309495479878582,0.0
^RUT,2026-04-06,2370.0,Put,17.8,18.8,19.89,1.0,0.0,0.03753429697766098,2677.2900390625,0.2309495479878582,0.0
^RUT,2026-04-06,2375.0,Put,18.9,20.1,20.17,1.0,0.0,0.03753429697766098,2677.2900390625,0.2309495479878582,0.0
^RUT,2026-04-06,2380.0,Put,19.9,21.0,20.34,45.0,0.0,0.03753429697766098,2677.2900390625,0.2309495479878582,0.0
^RUT,2026-04-06,2385.0,Put,21.1,22.1,22.26,1.0,0.0,0.03753429697766098,2677.2900390625,0.2309495479878582,0.0
^RUT,2026-04-06,2400.0,Put,24.7,25.7,24.94,9.0,0.0,0.03753429697766098,2677.2900390625,0.2309495479878582,0.0
^RUT,2026-04-06,2415.0,Put,28.5,29.6,28.54,1.0,0.0,0.03753429697766098,2677.2900390625,0.2309495479878582,0.0
^RUT,2026-04-06,2440.0,Call,79.5,92.4,70.72,2.0,0.0,0.03753429697766098,2677.2900390625,0.2309495479878582,0.0
^RUT,2026-04-06,2445.0,Call,81.5,83.2,70.21,2.0,0.0,0.03753429697766098,2677.2900390625,0.2309495479878582,0.0
^RUT,2026-04-06,2450.0,Call,72.8,85.0,99.02,4.0,0.0,0.03753429697766098,2677.2900390625,0.2309495479878582,0.0
^RUT,2026-04-06,2455.0,Call,69.8,82.0,63.5,2.0,0.0,0.03753429697766098,2677.2900390625,0.2309495479878582,0.0
^RUT,2026-04-06,2455.0,Put,40.5,41.8,41.2,5.0,0.0,0.03753429697766098,2677.2900390625,0.2309495479878582,0.0
^RUT,2026-04-06,2460.0,Call,66.6,78.6,95.52,4.0,0.0,0.03753429697766098,2677.2900390625,0.2309495479878582,0.0
^RUT,2026-04-06,2460.0,Put,42.4,43.6,32.06,10.0,0.0,0.03753429697766098,2677.2900390625,0.2309495479878582,0.0
^RUT,2026-04-06,2465.0,Call,68.8,70.4,52.01,8.0,0.0,0.03753429697766098,2677.2900390625,0.2309495479878582,0.0
^RUT,2026-04-06,2465.0,Put,39.7,50.0,45.98,4.0,0.0,0.03753429697766098,2677.2900390625,0.2309495479878582,0.0
^RUT,2026-04-06,2470.0,Call,60.5,72.1,51.03,4.0,0.0,0.03753429697766098,2677.2900390625,0.2309495479878582,0.0
^RUT,2026-04-06,2470.0,Put,46.1,47.3,42.93,4.0,0.0,0.03753429697766098,2677.2900390625,0.2309495479878582,0.0
^RUT,2026-04-06,2475.0,Call,62.3,63.8,57.2,4.0,,0.03753429697766098,2677.2900390625,0.2309495479878582,0.0
^RUT,2026-04-06,2475.0,Put,43.4,53.9,48.4,10.0,0.0,0.03753429697766098,2677.2900390625,0.2309495479878582,0.0
^RUT,2026-04-06,2480.0,Call,54.7,66.1,88.96,1.0,0.0,0.03753429697766098,2677.2900390625,0.2309495479878582,0.0
^RUT,2026-04-06,2480.0,Put,45.5,56.2,41.09,4.0,0.0,0.03753429697766098,2677.2900390625,0.2309495479878582,0.0
^RUT,2026-04-06,2485.0,Call,51.7,63.1,44.6,25.0,0.0,0.03753429697766098,2677.2900390625,0.2309495479878582,0.0
^RUT,2026-04-06,2485.0,Put,52.0,53.5,51.94,1.0,0.0,0.03753429697766098,2677.2900390625,0.2309495479878582,0.0
^RUT,2026-04-06,2490.0,Call,49.0,60.2,81.69,2.0,0.0,0.03753429697766098,2677.2900390625,0.2309495479878582,0.0
^RUT,2026-04-06,2490.0,Put,54.2,55.5,56.19,2.0,0.0,0.03753429697766098,2677.2900390625,0.2309495479878582,0.0
^RUT,2026-04-06,2495.0,Call,51.1,52.5,57.48,1.0,0.0,0.03753429697766098,2677.2900390625,0.2309495479878582,0.0
^RUT,2026-04-06,2495.0,Put,56.7,58.0,55.39,8.0,0.0,0.03753429697766098,2677.2900390625,0.2309495479878582,0.0
^RUT,2026-04-06,2505.0,Put,61.2,62.6,55.33,1.0,0.0,0.03753429697766098,2677.2900390625,0.2309495479878582,0.0
^RUT,2026-04-06,2510.0,Call,43.4,44.6,62.87,3.0,0.0,0.03753429697766098,2677.2900390625,0.2309495479878582,0.0
^RUT,2026-04-06,2510.0,Put,63.7,65.1,65.92,18.0,0.0,0.03753429697766098,2677.2900390625,0.2309495479878582,0.0
^RUT,2026-04-06,2515.0,Call,41.0,42.3,61.64,1.0,0.0,0.03753429697766098,2677.2900390625,0.2309495479878582,0.0
^RUT,2026-04-06,2525.0,Call,36.4,37.6,60.33,4.0,0.0,0.03753429697766098,2677.2900390625,0.2309495479878582,0.0
^RUT,2026-04-06,2530.0,Call,34.1,35.3,59.32,1.0,0.0,0.03753429697766098,2677.2900390625,0.2309495479878582,0.0
^RUT,2026-04-06,2535.0,Call,32.2,33.5,56.44,1.0,0.0,0.03753429697766098,2677.2900390625,0.2309495479878582,0.0
^RUT,2026-04-06,2540.0,Call,30.0,31.2,45.2,2.0,0.0,0.03753429697766098,2677.2900390625,0.2309495479878582,0.0
^RUT,2026-04-06,2550.0,Call,26.2,27.6,36.5,6.0,0.0,0.03753429697766098,2677.2900390625,0.2309495479878582,0.0
^RUT,2026-04-06,2575.0,Call,17.9,19.1,29.4,5.0,0.0,0.03753429697766098,2677.2900390625,0.2309495479878582,0.0
^RUT,2026-04-06,2580.0,Call,16.5,17.5,36.81,78.0,0.0,0.03753429697766098,2677.2900390625,0.2309495479878582,0.0
^RUT,2026-04-06,2585.0,Call,15.0,16.1,28.35,2.0,0.0,0.03753429697766098,2677.2900390625,0.2309495479878582,0.0
^RUT,2026-04-06,2610.0,Call,9.4,10.4,16.04,12.0,0.0,0.03753429697766098,2677.2900390625,0.2309495479878582,0.0
^RUT,2026-04-06,2615.0,Call,8.4,9.5,13.21,1.0,0.0,0.03753429697766098,2677.2900390625,0.2309495479878582,0.0
^RUT,2026-04-06,2620.0,Call,7.7,8.6,13.1,3.0,0.0,0.03753429697766098,2677.2900390625,0.2309495479878582,0.0
^RUT,2026-04-06,2625.0,Call,6.8,7.8,14.93,10.0,0.0,0.03753429697766098,2677.2900390625,0.2309495479878582,0.0
^RUT,2026-04-06,2630.0,Call,6.2,7.1,16.58,40.0,0.0,0.03753429697766098,2677.2900390625,0.2309495479878582,0.0
^RUT,2026-04-06,2635.0,Call,5.5,6.4,14.52,1.0,0.0,0.03753429697766098,2677.2900390625,0.2309495479878582,0.0
^RUT,2026-04-06,2640.0,Call,5.0,5.8,10.26,42.0,0.0,0.03753429697766098,2677.2900390625,0.2309495479878582,0.0
^RUT,2026-04-06,2645.0,Call,4.3,5.2,9.91,8.0,0.0,0.03753429697766098,2677.2900390625,0.2309495479878582,0.0
^RUT,2026-04-06,2660.0,Call,3.1,3.8,9.67,1.0,0.0,0.03753429697766098,2677.2900390625,0.2309495479878582,0.0
^RUT,2026-04-06,2665.0,Call,2.7,3.5,6.0,47.0,0.0,0.03753429697766098,2677.2900390625,0.2309495479878582,0.0
^RUT,2026-04-06,2675.0,Call,2.1,2.75,4.44,1.0,0.0,0.03753429697766098,2677.2900390625,0.2309495479878582,0.0
^RUT,2026-04-06,2680.0,Call,1.85,2.5,8.3,5.0,0.0,0.03753429697766098,2677.2900390625,0.2309495479878582,0.0
^RUT,2026-04-06,2690.0,Call,1.4,2.0,4.0,2.0,0.0,0.03753429697766098,2677.2900390625,0.2309495479878582,0.0
^RUT,2026-04-06,2700.0,Call,1.05,1.6,4.5,1.0,0.0,0.03753429697766098,2677.2900390625,0.2309495479878582,0.0
^RUT,2026-04-10,2000.0,Put,1.3,1.75,1.77,1.0,0.0,0.03750801576872537,2677.2900390625,0.2309495479878582,0.0
^RUT,2026-04-10,2005.0,Put,1.35,1.8,3.88,,0.0,0.03750801576872537,2677.2900390625,0.2309495479878582,0.0
^RUT,2026-04-10,2010.0,Put,1.4,1.85,5.45,1.0,0.0,0.03750801576872537,2677.2900390625,0.2309495479878582,0.0
^RUT,2026-04-10,2015.0,Put,1.45,1.9,2.0,1.0,0.0,0.03750801576872537,2677.2900390625,0.2309495479878582,0.0
^RUT,2026-04-10,2020.0,Put,1.5,1.95,3.37,6.0,0.0,0.03750801576872537,2677.2900390625,0.2309495479878582,0.0
^RUT,2026-04-10,2025.0,Put,1.55,2.0,2.59,1.0,0.0,0.03750801576872537,2677.2900390625,0.2309495479878582,0.0
^RUT,2026-04-10,2030.0,Put,1.6,2.05,2.31,1.0,0.0,0.03750801576872537,2677.2900390625,0.2309495479878582,0.0
^RUT,2026-04-10,2035.0,Put,1.65,2.1,6.73,118.0,0.0,0.03750801576872537,2677.2900390625,0.2309495479878582,0.0
^RUT,2026-04-10,2040.0,Put,1.7,2.15,2.29,1.0,0.0,0.03750801576872537,2677.2900390625,0.2309495479878582,0.0
^RUT,2026-04-10,2045.0,Put,1.75,2.25,2.51,1.0,0.0,0.03750801576872537,2677.2900390625,0.2309495479878582,0.0
^RUT,2026-04-10,2050.0,Put,1.8,2.3,2.1,6.0,0.0,0.03750801576872537,2677.2900390625,0.2309495479878582,0.0
^RUT,2026-04-10,2055.0,Call,425.0,449.0,452.12,1.0,0.0,0.03750801576872537,2677.2900390625,0.2309495479878582,0.0
^RUT,2026-04-10,2055.0,Put,1.9,2.35,3.95,1.0,0.0,0.03750801576872537,2677.2900390625,0.2309495479878582,0.0
^RUT,2026-04-10,2060.0,Put,1.95,2.45,7.72,154.0,0.0,0.03750801576872537,2677.2900390625,0.2309495479878582,0.0
^RUT,2026-04-10,2065.0,Put,2.0,2.5,2.77,20.0,0.0,0.03750801576872537,2677.2900390625,0.2309495479878582,0.0
^RUT,2026-04-10,2070.0,Put,2.05,2.6,5.2,70.0,0.0,0.03750801576872537,2677.2900390625,0.2309495479878582,0.0
^RUT,2026-04-10,2075.0,Put,2.15,2.65,3.9,1.0,0.0,0.03750801576872537,2677.2900390625,0.2309495479878582,0.0
^RUT,2026-04-10,2080.0,Put,2.2,2.75,4.35,10.0,0.0,0.03750801576872537,2677.2900390625,0.2309495479878582,0.0
^RUT,2026-04-10,2085.0,Put,2.3,2.8,2.79,5.0,0.0,0.03750801576872537,2677.2900390625,0.2309495479878582,0.0
^RUT,2026-04-10,2090.0,Put,2.4,2.9,4.8,11.0,0.0,0.03750801576872537,2677.2900390625,0.2309495479878582,0.0
^RUT,2026-04-10,2095.0,Put,2.45,3.1,7.13,5.0,0.0,0.03750801576872537,2677.2900390625,0.2309495479878582,0.0
^RUT,2026-04-10,2100.0,Put,2.55,3.1,3.45,116.0,0.0,0.03750801576872537,2677.2900390625,0.2309495479878582,0.0
^RUT,2026-04-10,2105.0,Put,2.65,3.2,3.4,1.0,0.0,0.03750801576872537,2677.2900390625,0.2309495479878582,0.0
^RUT,2026-04-10,2110.0,Put,2.75,3.3,5.43,10.0,0.0,0.03750801576872537,2677.2900390625,0.2309495479878582,0.0
^RUT,2026-04-10,2115.0,Call,366.1,390.1,430.37,5.0,0.0,0.03750801576872537,2677.2900390625,0.2309495479878582,0.0
^RUT,2026-04-10,2115.0,Put,2.85,3.4,5.66,15.0,0.0,0.03750801576872537,2677.2900390625,0.2309495479878582,0.0
^RUT,2026-04-10,2120.0,Put,2.95,3.5,7.05,22.0,0.0,0.03750801576872537,2677.2900390625,0.2309495479878582,0.0
^RUT,2026-04-10,2125.0,Call,356.0,380.0,380.82,,0.0,0.03750801576872537,2677.2900390625,0.2309495479878582,0.0
^RUT,2026-04-10,2125.0,Put,3.0,3.7,5.2,1.0,0.0,0.03750801576872537,2677.2900390625,0.2309495479878582,0.0
^RUT,2026-04-10,2130.0,Put,3.2,3.8,3.3,10.0,0.0,0.03750801576872537,2677.2900390625,0.2309495479878582,0.0
^RUT,2026-04-10,2135.0,Put,3.3,4.0,6.39,12.0,0.0,0.03750801576872537,2677.2900390625,0.2309495479878582,0.0
^RUT,2026-04-10,2140.0,Call,341.8,365.8,370.79,,0.0,0.03750801576872537,2677.2900390625,0.2309495479878582,0.0
^RUT,2026-04-10,2140.0,Put,3.4,4.1,4.35,2.0,0.0,0.03750801576872537,2677.2900390625,0.2309495479878582,0.0
^RUT,2026-04-10,2145.0,Call,337.0,361.0,366.09,,0.0,0.03750801576872537,2677.2900390625,0.2309495479878582,0.0
^RUT,2026-04-10,2145.0,Put,3.6,4.3,4.81,1.0,0.0,0.03750801576872537,2677.2900390625,0.2309495479878582,0.0
^RUT,2026-04-10,2150.0,Put,3.7,4.4,5.5,200.0,0.0,0.03750801576872537,2677.2900390625,0.2309495479878582,0.0
^RUT,2026-04-10,2155.0,Put,3.9,4.6,6.65,1.0,0.0,0.03750801576872537,2677.2900390625,0.2309495479878582,0.0
^RUT,2026-04-10,2160.0,Put,4.0,4.8,5.46,5.0,0.0,0.03750801576872537,2677.2900390625,0.2309495479878582,0.0
^RUT,2026-04-10,2165.0,Put,4.2,4.9,5.67,5.0,0.0,0.03750801576872537,2677.2900390625,0.2309495479878582,0.0
^RUT,2026-04-10,2170.0,Put,4.4,5.1,4.65,10.0,0.0,0.03750801576872537,2677.2900390625,0.2309495479878582,0.0
^RUT,2026-04-10,2175.0,Put,4.6,5.4,5.51,2.0,0.0,0.03750801576872537,2677.2900390625,0.2309495479878582,0.0
^RUT,2026-04-10,2180.0,Put,4.8,5.7,7.29,1.0,0.0,0.03750801576872537,2677.2900390625,0.2309495479878582,0.0
^RUT,2026-04-10,2185.0,Put,5.1,5.8,11.39,1.0,0.0,0.03750801576872537,2677.2900390625,0.2309495479878582,0.0
^RUT,2026-04-10,2190.0,Put,5.3,6.2,7.35,20.0,0.0,0.03750801576872537,2677.2900390625,0.2309495479878582,0.0
^RUT,2026-04-10,2195.0,Put,5.6,6.3,5.78,5.0,0.0,0.03750801576872537,2677.2900390625,0.2309495479878582,0.0
^RUT,2026-04-10,2200.0,Put,5.8,6.7,6.3,6.0,0.0,0.03750801576872537,2677.2900390625,0.2309495479878582,0.0
^RUT,2026-04-10,2205.0,Put,6.1,7.0,9.59,2.0,0.0,0.03750801576872537,2677.2900390625,0.2309495479878582,0.0
^RUT,2026-04-10,2210.0,Put,6.4,7.2,7.25,11.0,0.0,0.03750801576872537,2677.2900390625,0.2309495479878582,0.0
^RUT,2026-04-10,2215.0,Put,6.8,7.5,7.91,5.0,0.0,0.03750801576872537,2677.2900390625,0.2309495479878582,0.0
^RUT,2026-04-10,2220.0,Put,7.1,8.0,8.05,11.0,0.0,0.03750801576872537,2677.2900390625,0.2309495479878582,0.0
^RUT,2026-04-10,2225.0,Put,7.4,8.3,8.5,11.0,0.0,0.03750801576872537,2677.2900390625,0.2309495479878582,0.0
^RUT,2026-04-10,2230.0,Put,7.8,8.6,9.32,7.0,0.0,0.03750801576872537,2677.2900390625,0.2309495479878582,0.0
^RUT,2026-04-10,2235.0,Put,8.2,9.0,13.07,10.0,0.0,0.03750801576872537,2677.2900390625,0.2309495479878582,0.0
^RUT,2026-04-10,2240.0,Put,8.6,9.4,10.63,1.0,0.0,0.03750801576872537,2677.2900390625,0.2309495479878582,0.0
^RUT,2026-04-10,2245.0,Put,9.0,9.9,15.85,10.0,0.0,0.03750801576872537,2677.2900390625,0.2309495479878582,0.0
^RUT,2026-04-10,2250.0,Put,9.5,10.3,10.8,22.0,0.0,0.03750801576872537,2677.2900390625,0.2309495479878582,0.0
^RUT,2026-04-10,2255.0,Put,9.9,10.9,10.6,2.0,0.0,0.03750801576872537,2677.2900390625,0.2309495479878582,0.0
^RUT,2026-04-10,2260.0,Put,10.4,11.4,11.7,12.0,0.0,0.03750801576872537,2677.2900390625,0.2309495479878582,0.0
^RUT,2026-04-10,2265.0,Put,11.0,12.0,12.4,19.0,0.0,0.03750801576872537,2677.2900390625,0.2309495479878582,0.0
^RUT,2026-04-10,2270.0,Put,11.5,12.4,12.5,10.0,0.0,0.03750801576872537,2677.2900390625,0.2309495479878582,0.0
^RUT,2026-04-10,2275.0,Call,215.8,239.8,200.92,2.0,0.0,0.03750801576872537,2677.2900390625,0.2309495479878582,0.0
^RUT,2026-04-10,2275.0,Put,12.1,13.0,11.5,8.0,0.0,0.03750801576872537,2677.2900390625,0.2309495479878582,0.0
^RUT,2026-04-10,2280.0,Put,12.6,13.5,13.97,31.0,0.0,0.03750801576872537,2677.2900390625,0.2309495479878582,0.0
^RUT,2026-04-10,2285.0,Put,13.2,14.3,10.11,31.0,0.0,0.03750801576872537,2677.2900390625,0.2309495479878582,0.0
^RUT,2026-04-10,2290.0,Put,13.9,14.8,14.8,11.0,0.0,0.03750801576872537,2677.2900390625,0.2309495479878582,0.0
^RUT,2026-04-10,2295.0,Put,14.5,15.6,11.45,6.0,0.0,0.03750801576872537,2677.2900390625,0.2309495479878582,0.0
^RUT,2026-04-10,2300.0,Put,15.3,16.3,11.39,94.0,0.0,0.03750801576872537,2677.2900390625,0.2309495479878582,0.0
^RUT,2026-04-10,2305.0,Call,193.8,209.8,239.33,2.0,0.0,0.03750801576872537,2677.2900390625,0.2309495479878582,0.0
^RUT,2026-04-10,2305.0,Put,16.0,16.9,12.85,1.0,0.0,0.03750801576872537,2677.2900390625,0.2309495479878582,0.0
^RUT,2026-04-10,2310.0,Call,189.6,205.6,225.17,3.0,0.0,0.03750801576872537,2677.2900390625,0.2309495479878582,0.0
^RUT,2026-04-10,2310.0,Put,16.7,17.7,14.97,2.0,0.0,0.03750801576872537,2677.2900390625,0.2309495479878582,0.0
^RUT,2026-04-10,2315.0,Put,17.5,18.6,18.1,36.0,0.0,0.03750801576872537,2677.2900390625,0.2309495479878582,0.0
^RUT,2026-04-10,2320.0,Call,181.2,197.2,179.57,3.0,0.0,0.03750801576872537,2677.2900390625,0.2309495479878582,0.0
^RUT,2026-04-10,2320.0,Put,18.3,19.3,16.5,8.0,0.0,0.03750801576872537,2677.2900390625,0.2309495479878582,0.0
^RUT,2026-04-10,2325.0,Put,19.1,20.1,19.65,71.0,0.0,0.03750801576872537,2677.2900390625,0.2309495479878582,0.0
^RUT,2026-04-10,2330.0,Call,172.9,188.9,203.93,1.0,0.0,0.03750801576872537,2677.2900390625,0.2309495479878582,0.0
^RUT,2026-04-10,2330.0,Put,20.0,21.1,21.45,12.0,0.0,0.03750801576872537,2677.2900390625,0.2309495479878582,0.0
^RUT,2026-04-10,2335.0,Call,168.9,184.9,184.2,1.0,0.0,0.03750801576872537,2677.2900390625,0.2309495479878582,0.0
^RUT,2026-04-10,2335.0,Put,21.0,22.1,15.57,40.0,0.0,0.03750801576872537,2677.2900390625,0.2309495479878582,0.0
^RUT,2026-04-10,2340.0,Call,164.8,180.8,195.5,1.0,0.0,0.03750801576872537,2677.2900390625,0.2309495479878582,0.0
^RUT,2026-04-10,2340.0,Put,21.9,23.0,23.04,5.0,0.0,0.03750801576872537,2677.2900390625,0.2309495479878582,0.0
^RUT,2026-04-10,2345.0,Call,154.5,182.5,159.82,1.0,0.0,0.03750801576872537,2677.2900390625,0.2309495479878582,0.0
^RUT,2026-04-10,2345.0,Put,22.9,23.9,16.8,4.0,0.0,0.03750801576872537,2677.2900390625,0.2309495479878582,0.0
^RUT,2026-04-10,2350.0,Call,163.2,166.5,159.16,2.0,0.0,0.03750801576872537,2677.2900390625,0.2309495479878582,0.0
^RUT,2026-04-10,2350.0,Put,23.9,24.9,25.51,7.0,0.0,0.03750801576872537,2677.2900390625,0.2309495479878582,0.0
^RUT,2026-04-10,2355.0,Call,159.3,162.3,196.1,2.0,0.0,0.03750801576872537,2677.2900390625,0.2309495479878582,0.0
^RUT,2026-04-10,2355.0,Put,24.9,26.0,26.22,7.0,0.0,0.03750801576872537,2677.2900390625,0.2309495479878582,0.0
^RUT,2026-04-10,2360.0,Call,155.4,158.6,194.41,13.0,0.0,0.03750801576872537,2677.2900390625,0.2309495479878582,0.0
^RUT,2026-04-10,2360.0,Put,25.8,27.0,27.29,9.0,0.0,0.03750801576872537,2677.2900390625,0.2309495479878582,0.0
^RUT,2026-04-10,2365.0,Call,151.5,154.7,174.19,10.0,0.0,0.03750801576872537,2677.2900390625,0.2309495479878582,0.0
^RUT,2026-04-10,2365.0,Put,27.0,28.1,25.81,14.0,0.0,0.03750801576872537,2677.2900390625,0.2309495479878582,0.0
^RUT,2026-04-10,2370.0,Call,147.7,150.8,171.05,2.0,0.0,0.03750801576872537,2677.2900390625,0.2309495479878582,0.0
^RUT,2026-04-10,2370.0,Put,28.1,29.3,20.28,91.0,0.0,0.03750801576872537,2677.2900390625,0.2309495479878582,0.0
^RUT,2026-04-10,2375.0,Call,131.1,159.1,167.84,2.0,0.0,0.03750801576872537,2677.2900390625,0.2309495479878582,0.0
^RUT,2026-04-10,2375.0,Put,29.2,30.3,30.95,13.0,0.0,0.03750801576872537,2677.2900390625,0.2309495479878582,0.0
^RUT,2026-04-10,2380.0,Call,140.1,143.1,179.81,2.0,0.0,0.03750801576872537,2677.2900390625,0.2309495479878582,0.0
^RUT,2026-04-10,2380.0,Put,30.5,31.6,21.93,74.0,0.0,0.03750801576872537,2677.2900390625,0.2309495479878582,0.0
^RUT,2026-04-10,2385.0,Put,31.6,32.8,23.93,1.0,0.0,0.03750801576872537,2677.2900390625,0.2309495479878582,0.0
^RUT,2026-04-10,2390.0,Call,132.6,135.6,145.7,2.0,0.0,0.03750801576872537,2677.2900390625,0.2309495479878582,0.0
^RUT,2026-04-10,2390.0,Put,33.0,34.1,31.44,44.0,0.0,0.03750801576872537,2677.2900390625,0.2309495479878582,0.0
^RUT,2026-04-10,2395.0,Put,34.1,35.3,30.0,9.0,0.0,0.03750801576872537,2677.2900390625,0.2309495479878582,0.0
^RUT,2026-04-10,2400.0,Call,112.5,140.5,155.25,1.0,0.0,0.03750801576872537,2677.2900390625,0.2309495479878582,0.0
^RUT,2026-04-10,2400.0,Put,35.6,36.7,37.5,37.0,0.0,0.03750801576872537,2677.2900390625,0.2309495479878582,0.0
^RUT,2026-04-10,2405.0,Call,122.0,124.8,133.08,10.0,0.0,0.03750801576872537,2677.2900390625,0.2309495479878582,0.0
^RUT,2026-04-10,2405.0,Put,32.9,41.9,35.73,8.0,0.0,0.03750801576872537,2677.2900390625,0.2309495479878582,0.0
^RUT,2026-04-10,2410.0,Call,113.2,131.1,153.68,1.0,0.0,0.03750801576872537,2677.2900390625,0.2309495479878582,0.0
^RUT,2026-04-10,2410.0,Put,38.4,39.5,36.7,17.0,0.0,0.03750801576872537,2677.2900390625,0.2309495479878582,0.0
^RUT,2026-04-10,2415.0,Call,103.8,121.7,150.62,6.0,0.0,0.03750801576872537,2677.2900390625,0.2309495479878582,0.0
^RUT,2026-04-10,2415.0,Put,39.8,40.9,35.16,9.0,0.0,0.03750801576872537,2677.2900390625,0.2309495479878582,0.0
^RUT,2026-04-10,2420.0,Call,111.3,113.9,123.69,2.0,0.0,0.03750801576872537,2677.2900390625,0.2309495479878582,0.0
^RUT,2026-04-10,2420.0,Put,41.2,42.4,37.17,7.0,0.0,0.03750801576872537,2677.2900390625,0.2309495479878582,0.0
^RUT,2026-04-10,2425.0,Put,38.5,48.0,41.85,3.0,0.0,0.03750801576872537,2677.2900390625,0.2309495479878582,0.0
^RUT,2026-04-10,2430.0,Call,104.7,106.8,142.49,4.0,0.0,0.03750801576872537,2677.2900390625,0.2309495479878582,0.0
^RUT,2026-04-10,2430.0,Put,43.9,45.4,45.55,14.0,0.0,0.03750801576872537,2677.2900390625,0.2309495479878582,0.0
^RUT,2026-04-10,2435.0,Put,41.6,51.4,40.5,21.0,0.0,0.03750801576872537,2677.2900390625,0.2309495479878582,0.0
^RUT,2026-04-10,2440.0,Call,92.2,104.5,133.16,1.0,0.0,0.03750801576872537,2677.2900390625,0.2309495479878582,0.0
^RUT,2026-04-10,2440.0,Put,43.1,53.1,37.14,7.0,0.0,0.03750801576872537,2677.2900390625,0.2309495479878582,0.0
^RUT,2026-04-10,2445.0,Call,94.4,96.5,98.5,1.0,0.0,0.03750801576872537,2677.2900390625,0.2309495479878582,0.0
^RUT,2026-04-10,2445.0,Put,48.8,50.1,46.95,2.0,0.0,0.03750801576872537,2677.2900390625,0.2309495479878582,0.0
^RUT,2026-04-10,2450.0,Call,85.8,97.9,123.39,2.0,0.0,0.03750801576872537,2677.2900390625,0.2309495479878582,0.0
^RUT,2026-04-10,2450.0,Put,46.1,56.6,53.3,8.0,0.0,0.03750801576872537,2677.2900390625,0.2309495479878582,0.0
^RUT,2026-04-10,2455.0,Call,88.2,89.9,100.82,3.0,0.0,0.03750801576872537,2677.2900390625,0.2309495479878582,0.0
^RUT,2026-04-10,2455.0,Put,52.3,53.6,53.35,16.0,0.0,0.03750801576872537,2677.2900390625,0.2309495479878582,0.0
^RUT,2026-04-10,2460.0,Call,80.1,92.1,103.17,21.0,0.0,0.03750801576872537,2677.2900390625,0.2309495479878582,0.0
^RUT,2026-04-10,2460.0,Put,54.1,55.4,43.05,24.0,0.0,0.03750801576872537,2677.2900390625,0.2309495479878582,0.0
^RUT,2026-04-10,2465.0,Call,81.9,83.5,117.05,2.0,0.0,0.03750801576872537,2677.2900390625,0.2309495479878582,0.0
^RUT,2026-04-10,2465.0,Put,51.8,62.2,57.33,7.0,0.0,0.03750801576872537,2677.2900390625,0.2309495479878582,0.0
^RUT,2026-04-10,2470.0,Call,74.0,85.3,111.1,1.0,0.0,0.03750801576872537,2677.2900390625,0.2309495479878582,0.0
^RUT,2026-04-10,2470.0,Put,58.1,59.4,58.03,22.0,0.0,0.03750801576872537,2677.2900390625,0.2309495479878582,0.0
^RUT,2026-04-10,2475.0,Call,75.6,77.1,88.0,4.0,0.0,0.03750801576872537,2677.2900390625,0.2309495479878582,0.0
^RUT,2026-04-10,2475.0,Put,59.7,61.1,61.79,11.0,0.0,0.03750801576872537,2677.2900390625,0.2309495479878582,0.0
^RUT,2026-04-10,2480.0,Call,72.8,74.3,110.53,7.0,0.0,0.03750801576872537,2677.2900390625,0.2309495479878582,0.0
^RUT,2026-04-10,2480.0,Put,61.7,63.1,63.82,10.0,0.0,0.03750801576872537,2677.2900390625,0.2309495479878582,0.0
^RUT,2026-04-10,2485.0,Call,64.9,76.3,99.01,4.0,0.0,0.03750801576872537,2677.2900390625,0.2309495479878582,0.0
^RUT,2026-04-10,2485.0,Put,63.8,65.2,60.33,8.0,0.0,0.03750801576872537,2677.2900390625,0.2309495479878582,0.0
^RUT,2026-04-10,2490.0,Call,62.4,73.5,97.21,6.0,0.0,0.03750801576872537,2677.2900390625,0.2309495479878582,0.0
^RUT,2026-04-10,2490.0,Put,61.5,72.3,68.32,220.0,0.0,0.03750801576872537,2677.2900390625,0.2309495479878582,0.0
^RUT,2026-04-10,2495.0,Call,64.3,65.7,75.6,3.0,0.0,0.03750801576872537,2677.2900390625,0.2309495479878582,0.0
^RUT,2026-04-10,2495.0,Put,63.9,74.6,71.72,19.0,0.0,0.03750801576872537,2677.2900390625,0.2309495479878582,0.0
^RUT,2026-04-10,2500.0,Call,56.9,67.4,68.22,8.0,0.0,0.03750801576872537,2677.2900390625,0.2309495479878582,0.0
^RUT,2026-04-10,2500.0,Put,66.1,77.0,72.23,106.0,0.0,0.03750801576872537,2677.2900390625,0.2309495479878582,0.0
^RUT,2026-04-10,2505.0,Call,54.3,65.0,88.2,2.0,0.0,0.03750801576872537,2677.2900390625,0.2309495479878582,0.0
^RUT,2026-04-10,2505.0,Put,72.7,74.1,73.75,5.0,0.0,0.03750801576872537,2677.2900390625,0.2309495479878582,0.0
^RUT,2026-04-10,2510.0,Call,56.2,57.6,67.2,2.0,0.0,0.03750801576872537,2677.2900390625,0.2309495479878582,0.0
^RUT,2026-04-10,2510.0,Put,75.1,76.5,76.5,130.0,0.0,0.03750801576872537,2677.2900390625,0.2309495479878582,0.0
^RUT,2026-04-10,2515.0,Call,53.7,55.1,63.85,5.0,0.0,0.03750801576872537,2677.2900390625,0.2309495479878582,0.0
^RUT,2026-04-10,2515.0,Put,73.1,84.5,59.52,2.0,0.0,0.03750801576872537,2677.2900390625,0.2309495479878582,0.0
^RUT,2026-04-10,2520.0,Call,50.9,52.2,59.72,3.0,0.0,0.03750801576872537,2677.2900390625,0.2309495479878582,0.0
^RUT,2026-04-10,2520.0,Put,75.5,87.1,79.76,19.0,0.0,0.03750801576872537,2677.2900390625,0.2309495479878582,0.0
^RUT,2026-04-10,2525.0,Call,48.7,50.2,55.06,5.0,0.0,0.03750801576872537,2677.2900390625,0.2309495479878582,0.0
^RUT,2026-04-10,2525.0,Put,78.1,90.0,82.63,6.0,0.0,0.03750801576872537,2677.2900390625,0.2309495479878582,0.0
^RUT,2026-04-10,2530.0,Call,46.2,47.5,69.2,65.0,0.0,0.03750801576872537,2677.2900390625,0.2309495479878582,0.0
^RUT,2026-04-10,2530.0,Put,85.3,86.9,64.58,12.0,0.0,0.03750801576872537,2677.2900390625,0.2309495479878582,0.0
^RUT,2026-04-10,2535.0,Call,43.6,45.2,64.25,42.0,0.0,0.03750801576872537,2677.2900390625,0.2309495479878582,0.0
^RUT,2026-04-10,2535.0,Put,83.3,95.4,78.49,1.0,0.0,0.03750801576872537,2677.2900390625,0.2309495479878582,0.0
^RUT,2026-04-10,2540.0,Call,41.8,43.0,65.1,67.0,0.0,0.03750801576872537,2677.2900390625,0.2309495479878582,0.0
^RUT,2026-04-10,2540.0,Put,84.6,97.8,85.4,4.0,0.0,0.03750801576872537,2677.2900390625,0.2309495479878582,0.0
^RUT,2026-04-10,2545.0,Call,39.5,40.8,66.45,4.0,0.0,0.03750801576872537,2677.2900390625,0.2309495479878582,0.0
^RUT,2026-04-10,2545.0,Put,88.7,101.1,88.12,5.0,0.0,0.03750801576872537,2677.2900390625,0.2309495479878582,0.0
^RUT,2026-04-10,2550.0,Call,37.5,38.8,47.48,23.0,0.0,0.03750801576872537,2677.2900390625,0.2309495479878582,0.0
^RUT,2026-04-10,2550.0,Put,90.2,104.1,90.76,13.0,0.0,0.03750801576872537,2677.2900390625,0.2309495479878582,0.0
^RUT,2026-04-10,2555.0,Call,31.2,41.0,42.78,4.0,0.0,0.03750801576872537,2677.2900390625,0.2309495479878582,0.0
^RUT,2026-04-10,2555.0,Put,98.6,101.0,91.93,10.0,0.0,0.03750801576872537,2677.2900390625,0.2309495479878582,0.0
^RUT,2026-04-10,2560.0,Call,29.3,39.0,43.99,15.0,0.0,0.03750801576872537,2677.2900390625,0.2309495479878582,0.0
^RUT,2026-04-10,2560.0,Put,95.3,112.3,72.56,5.0,0.0,0.03750801576872537,2677.2900390625,0.2309495479878582,0.0
^RUT,2026-04-10,2565.0,Call,31.7,33.0,40.43,3.0,0.0,0.03750801576872537,2677.2900390625,0.2309495479878582,0.0
^RUT,2026-04-10,2565.0,Put,98.3,115.3,99.68,9.0,0.0,0.03750801576872537,2677.2900390625,0.2309495479878582,0.0
^RUT,2026-04-10,2570.0,Call,29.8,31.0,34.6,22.0,0.0,0.03750801576872537,2677.2900390625,0.2309495479878582,0.0
^RUT,2026-04-10,2570.0,Put,100.1,128.1,88.08,11.0,0.0,0.03750801576872537,2677.2900390625,0.2309495479878582,0.0
^RUT,2026-04-10,2575.0,Call,28.0,29.2,33.05,16.0,0.0,0.03750801576872537,2677.2900390625,0.2309495479878582,0.0
^RUT,2026-04-10,2575.0,Put,100.1,128.1,111.09,8.0,0.0,0.03750801576872537,2677.2900390625,0.2309495479878582,0.0
^RUT,2026-04-10,2580.0,Call,26.1,27.4,30.71,33.0,0.0,0.03750801576872537,2677.2900390625,0.2309495479878582,0.0
^RUT,2026-04-10,2580.0,Put,102.4,130.4,99.32,6.0,0.0,0.03750801576872537,2677.2900390625,0.2309495479878582,0.0
^RUT,2026-04-10,2585.0,Call,24.7,25.8,40.65,8.0,0.0,0.03750801576872537,2677.2900390625,0.2309495479878582,0.0
^RUT,2026-04-10,2585.0,Put,105.8,133.8,97.33,2.0,0.0,0.03750801576872537,2677.2900390625,0.2309495479878582,0.0
^RUT,2026-04-10,2590.0,Call,23.0,24.2,27.2,25.0,0.0,0.03750801576872537,2677.2900390625,0.2309495479878582,0.0
^RUT,2026-04-10,2590.0,Put,109.2,137.2,113.32,11.0,0.0,0.03750801576872537,2677.2900390625,0.2309495479878582,0.0
^RUT,2026-04-10,2595.0,Call,21.5,22.7,33.8,6.0,0.0,0.03750801576872537,2677.2900390625,0.2309495479878582,0.0
^RUT,2026-04-10,2595.0,Put,112.7,140.7,106.92,4.0,0.0,0.03750801576872537,2677.2900390625,0.2309495479878582,0.0
^RUT,2026-04-10,2600.0,Call,20.1,21.2,39.06,11.0,0.0,0.03750801576872537,2677.2900390625,0.2309495479878582,0.0
^RUT,2026-04-10,2600.0,Put,116.2,144.2,104.88,8.0,0.0,0.03750801576872537,2677.2900390625,0.2309495479878582,0.0
^RUT,2026-04-10,2605.0,Call,18.7,19.8,30.91,8.0,0.0,0.03750801576872537,2677.2900390625,0.2309495479878582,0.0
^RUT,2026-04-10,2605.0,Put,119.7,147.7,114.63,10.0,0.0,0.03750801576872537,2677.2900390625,0.2309495479878582,0.0
^RUT,2026-04-10,2610.0,Call,17.3,18.5,34.86,9.0,0.0,0.03750801576872537,2677.2900390625,0.2309495479878582,0.0
^RUT,2026-04-10,2610.0,Put,134.8,138.5,129.68,28.0,0.0,0.03750801576872537,2677.2900390625,0.2309495479878582,0.0
^RUT,2026-04-10,2615.0,Call,16.1,17.1,21.34,8.0,0.0,0.03750801576872537,2677.2900390625,0.2309495479878582,0.0
^RUT,2026-04-10,2615.0,Put,127.1,155.1,103.36,6.0,0.0,0.03750801576872537,2677.2900390625,0.2309495479878582,0.0
^RUT,2026-04-10,2620.0,Call,14.9,15.9,21.36,36.0,0.0,0.03750801576872537,2677.2900390625,0.2309495479878582,0.0
^RUT,2026-04-10,2620.0,Put,136.7,152.7,124.0,7.0,0.0,0.03750801576872537,2677.2900390625,0.2309495479878582,0.0
^RUT,2026-04-10,2625.0,Call,13.8,14.8,18.56,2.0,0.0,0.03750801576872537,2677.2900390625,0.2309495479878582,0.0
^RUT,2026-04-10,2625.0,Put,140.5,156.5,158.91,23.0,0.0,0.03750801576872537,2677.2900390625,0.2309495479878582,0.0
^RUT,2026-04-10,2630.0,Call,12.7,13.7,24.87,8.0,0.0,0.03750801576872537,2677.2900390625,0.2309495479878582,0.0
^RUT,2026-04-10,2630.0,Put,144.4,160.4,143.6,4.0,0.0,0.03750801576872537,2677.2900390625,0.2309495479878582,0.0
^RUT,2026-04-10,2635.0,Call,11.5,12.6,21.36,20.0,0.0,0.03750801576872537,2677.2900390625,0.2309495479878582,0.0
^RUT,2026-04-10,2635.0,Put,148.4,164.4,81.4,,0.0,0.03750801576872537,2677.2900390625,0.2309495479878582,0.0
^RUT,2026-04-10,2640.0,Call,10.6,11.7,23.44,12.0,0.0,0.03750801576872537,2677.2900390625,0.2309495479878582,0.0
^RUT,2026-04-10,2640.0,Put,152.5,168.5,154.32,1.0,0.0,0.03750801576872537,2677.2900390625,0.2309495479878582,0.0
^RUT,2026-04-10,2645.0,Call,9.7,10.8,21.85,1.0,0.0,0.03750801576872537,2677.2900390625,0.2309495479878582,0.0
^RUT,2026-04-10,2645.0,Put,156.6,172.6,158.03,1.0,0.0,0.03750801576872537,2677.2900390625,0.2309495479878582,0.0
^RUT,2026-04-10,2650.0,Call,9.0,9.9,11.5,14.0,0.0,0.03750801576872537,2677.2900390625,0.2309495479878582,0.0
^RUT,2026-04-10,2650.0,Put,160.7,176.7,173.26,1.0,0.0,0.03750801576872537,2677.2900390625,0.2309495479878582,0.0
^RUT,2026-04-10,2655.0,Call,8.2,9.2,10.42,24.0,0.0,0.03750801576872537,2677.2900390625,0.2309495479878582,0.0
^RUT,2026-04-10,2655.0,Put,164.9,180.9,98.7,2.0,0.0,0.03750801576872537,2677.2900390625,0.2309495479878582,0.0
^RUT,2026-04-10,2660.0,Call,7.4,8.4,11.35,22.0,0.0,0.03750801576872537,2677.2900390625,0.2309495479878582,0.0
^RUT,2026-04-10,2660.0,Put,169.2,185.2,193.97,1.0,0.0,0.03750801576872537,2677.2900390625,0.2309495479878582,0.0
^RUT,2026-04-10,2665.0,Call,6.8,7.7,16.75,54.0,0.0,0.03750801576872537,2677.2900390625,0.2309495479878582,0.0
^RUT,2026-04-10,2670.0,Call,6.2,7.0,10.33,25.0,0.0,0.03750801576872537,2677.2900390625,0.2309495479878582,0.0
^RUT,2026-04-10,2670.0,Put,177.9,193.9,104.8,1.0,0.0,0.03750801576872537,2677.2900390625,0.2309495479878582,0.0
^RUT,2026-04-10,2675.0,Call,5.6,6.5,12.54,5.0,0.0,0.03750801576872537,2677.2900390625,0.2309495479878582,0.0
^RUT,2026-04-10,2680.0,Call,5.1,5.9,7.39,6.0,0.0,0.03750801576872537,2677.2900390625,0.2309495479878582,0.0
^RUT,2026-04-10,2680.0,Put,186.7,202.7,155.24,5.0,0.0,0.03750801576872537,2677.2900390625,0.2309495479878582,0.0
^RUT,2026-04-10,2685.0,Call,4.5,5.4,6.99,1.0,0.0,0.03750801576872537,2677.2900390625,0.2309495479878582,0.0
^RUT,2026-04-10,2690.0,Call,4.1,4.9,9.66,11.0,0.0,0.03750801576872537,2677.2900390625,0.2309495479878582,0.0
^RUT,2026-04-10,2690.0,Put,195.7,211.7,189.26,1.0,0.0,0.03750801576872537,2677.2900390625,0.2309495479878582,0.0
^RUT,2026-04-10,2695.0,Call,3.7,4.5,10.46,13.0,0.0,0.03750801576872537,2677.2900390625,0.2309495479878582,0.0
^RUT,2026-04-10,2700.0,Call,3.3,4.1,5.27,6.0,0.0,0.03750801576872537,2677.2900390625,0.2309495479878582,0.0
^RUT,2026-04-10,2700.0,Put,200.9,224.9,194.28,4.0,0.0,0.03750801576872537,2677.2900390625,0.2309495479878582,0.0
^RUT,2026-04-10,2705.0,Call,2.95,3.8,7.48,52.0,0.0,0.03750801576872537,2677.2900390625,0.2309495479878582,0.0
^RUT,2026-04-10,2705.0,Put,205.5,229.5,164.85,1.0,0.0,0.03750801576872537,2677.2900390625,0.2309495479878582,0.0
^RUT,2026-04-10,2710.0,Call,2.65,3.4,6.18,9.0,0.0,0.03750801576872537,2677.2900390625,0.2309495479878582,0.0
^RUT,2026-04-10,2710.0,Put,210.2,234.2,110.6,5.0,0.0,0.03750801576872537,2677.2900390625,0.2309495479878582,0.0
^RUT,2026-04-10,2715.0,Call,2.35,3.1,5.63,9.0,0.0,0.03750801576872537,2677.2900390625,0.2309495479878582,0.0
^RUT,2026-04-10,2715.0,Put,214.9,238.9,175.77,,0.0,0.03750801576872537,2677.2900390625,0.2309495479878582,0.0
^RUT,2026-04-10,2720.0,Call,2.05,2.8,6.52,20.0,0.0,0.03750801576872537,2677.2900390625,0.2309495479878582,0.0
^RUT,2026-04-10,2725.0,Call,1.85,2.55,5.22,1.0,0.0,0.03750801576872537,2677.2900390625,0.2309495479878582,0.0
^RUT,2026-04-10,2725.0,Put,224.4,248.4,144.02,,0.0,0.03750801576872537,2677.2900390625,0.2309495479878582,0.0
^RUT,2026-04-10,2730.0,Call,1.7,2.3,2.85,5.0,0.0,0.03750801576872537,2677.2900390625,0.2309495479878582,0.0
^RUT,2026-04-10,2730.0,Put,229.2,253.2,147.27,,0.0,0.03750801576872537,2677.2900390625,0.2309495479878582,0.0
^RUT,2026-04-10,2735.0,Call,1.45,2.1,2.6,5.0,0.0,0.03750801576872537,2677.2900390625,0.2309495479878582,0.0
^RUT,2026-04-10,2740.0,Call,1.3,1.9,4.8,1.0,0.0,0.03750801576872537,2677.2900390625,0.2309495479878582,0.0
^RUT,2026-04-10,2740.0,Put,238.8,262.8,130.45,,0.0,0.03750801576872537,2677.2900390625,0.2309495479878582,0.0
^RUT,2026-04-10,2745.0,Call,1.15,1.75,0.96,1.0,0.0,0.03750801576872537,2677.2900390625,0.2309495479878582,0.0
^RUT,2026-04-10,2745.0,Put,243.6,267.6,133.63,,0.0,0.03750801576872537,2677.2900390625,0.2309495479878582,0.0
^RUT,2026-04-10,2750.0,Call,1.0,1.65,2.02,6.0,0.0,0.03750801576872537,2677.2900390625,0.2309495479878582,0.0
^RUT,2026-04-10,2755.0,Call,0.9,1.45,2.14,5.0,0.0,0.03750801576872537,2677.2900390625,0.2309495479878582,0.0
^RUT,2026-04-10,2760.0,Call,0.8,1.3,2.87,8.0,0.0,0.03750801576872537,2677.2900390625,0.2309495479878582,0.0
^RUT,2026-04-10,2760.0,Put,258.2,282.2,266.34,,0.0,0.03750801576872537,2677.2900390625,0.2309495479878582,0.0
^RUT,2026-04-10,2765.0,Call,0.7,1.2,1.49,1.0,0.0,0.03750801576872537,2677.2900390625,0.2309495479878582,0.0
^RUT,2026-04-10,2770.0,Call,0.65,1.1,1.42,5.0,0.0,0.03750801576872537,2677.2900390625,0.2309495479878582,0.0
^RUT,2026-04-10,2775.0,Call,0.55,1.05,1.27,5.0,0.0,0.03750801576872537,2677.2900390625,0.2309495479878582,0.0
^RUT,2026-04-10,2780.0,Call,0.5,0.95,0.91,2.0,0.0,0.03750801576872537,2677.2900390625,0.2309495479878582,0.0
^RUT,2026-04-10,2780.0,Put,277.8,301.8,317.2,20.0,0.0,0.03750801576872537,2677.2900390625,0.2309495479878582,0.0
^RUT,2026-04-10,2785.0,Call,0.45,0.9,1.07,6.0,0.0,0.03750801576872537,2677.2900390625,0.2309495479878582,0.0
^RUT,2026-04-10,2790.0,Call,0.4,0.85,1.53,100.0,0.0,0.03750801576872537,2677.2900390625,0.2309495479878582,0.0
^RUT,2026-04-10,2795.0,Call,0.35,0.8,1.13,1.0,0.0,0.03750801576872537,2677.2900390625,0.2309495479878582,0.0
^RUT,2026-04-10,2800.0,Call,0.3,0.75,1.35,3.0,0.0,0.03750801576872537,2677.2900390625,0.2309495479878582,0.0
^RUT,2026-04-10,2800.0,Put,297.6,321.6,297.79,1.0,0.0,0.03750801576872537,2677.2900390625,0.2309495479878582,0.0
^RUT,2026-04-10,2805.0,Call,0.25,0.7,0.47,1.0,0.0,0.03750801576872537,2677.2900390625,0.2309495479878582,0.0
^RUT,2026-04-10,2810.0,Call,0.25,0.7,0.42,10.0,0.0,0.03750801576872537,2677.2900390625,0.2309495479878582,0.0
^RUT,2026-04-10,2815.0,Call,0.2,0.65,0.42,20.0,0.0,0.03750801576872537,2677.2900390625,0.2309495479878582,0.0
^RUT,2026-04-10,2820.0,Call,0.2,0.6,0.39,5.0,0.0,0.03750801576872537,2677.2900390625,0.2309495479878582,0.0
^RUT,2026-04-10,2825.0,Call,0.15,0.6,0.4,9.0,0.0,0.03750801576872537,2677.2900390625,0.2309495479878582,0.0
^RUT,2026-04-10,2830.0,Call,0.15,0.6,0.36,5.0,0.0,0.03750801576872537,2677.2900390625,0.2309495479878582,0.0
^RUT,2026-04-10,2835.0,Call,0.1,0.55,0.63,2.0,0.0,0.03750801576872537,2677.2900390625,0.2309495479878582,0.0
^RUT,2026-04-10,2840.0,Call,0.1,0.55,0.65,5.0,0.0,0.03750801576872537,2677.2900390625,0.2309495479878582,0.0
^RUT,2026-04-10,2840.0,Put,337.3,361.3,318.0,1.0,0.0,0.03750801576872537,2677.2900390625,0.2309495479878582,0.0
^RUT,2026-04-10,2845.0,Call,0.1,0.5,0.85,1.0,0.0,0.03750801576872537,2677.2900390625,0.2309495479878582,0.0
^RUT,2026-04-10,2850.0,Call,0.05,0.5,0.73,1.0,0.0,0.03750801576872537,2677.2900390625,0.2309495479878582,0.0
^RUT,2026-04-10,2855.0,Call,0.05,0.5,0.45,1.0,0.0,0.03750801576872537,2677.2900390625,0.2309495479878582,0.0
^RUT,2026-04-10,2860.0,Call,0.05,0.5,0.62,1.0,0.0,0.03750801576872537,2677.2900390625,0.2309495479878582,0.0
^RUT,2026-04-10,2865.0,Call,0.05,0.45,0.33,1.0,0.0,0.03750801576872537,2677.2900390625,0.2309495479878582,0.0
^RUT,2026-04-10,2870.0,Call,0.0,0.45,0.32,1.0,0.0,0.03750801576872537,2677.2900390625,0.2309495479878582,0.0
^RUT,2026-04-10,2875.0,Call,0.0,0.45,0.44,1.0,0.0,0.03750801576872537,2677.2900390625,0.2309495479878582,0.0
^RUT,2026-04-10,2880.0,Call,0.0,0.45,0.34,2.0,0.0,0.03750801576872537,2677.2900390625,0.2309495479878582,0.0
^RUT,2026-04-10,2885.0,Call,0.0,0.45,0.39,1.0,0.0,0.03750801576872537,2677.2900390625,0.2309495479878582,0.0
^RUT,2026-04-10,2890.0,Call,0.0,0.4,0.43,3.0,0.0,0.03750801576872537,2677.2900390625,0.2309495479878582,0.0
^RUT,2026-04-10,2895.0,Call,0.0,0.4,0.35,5.0,0.0,0.03750801576872537,2677.2900390625,0.2309495479878582,0.0
^RUT,2026-04-10,2900.0,Call,0.0,0.4,0.35,9.0,0.0,0.03750801576872537,2677.2900390625,0.2309495479878582,0.0
^RUT,2026-04-10,2905.0,Call,0.0,0.4,0.27,6.0,0.0,0.03750801576872537,2677.2900390625,0.2309495479878582,0.0
^RUT,2026-04-10,2910.0,Call,0.0,0.4,0.36,1.0,0.0,0.03750801576872537,2677.2900390625,0.2309495479878582,0.0
^RUT,2026-04-10,2915.0,Call,0.0,0.4,0.3,1.0,0.0,0.03750801576872537,2677.2900390625,0.2309495479878582,0.0
^RUT,2026-04-10,2920.0,Call,0.0,0.35,0.25,1.0,0.0,0.03750801576872537,2677.2900390625,0.2309495479878582,0.0
^RUT,2026-04-10,2925.0,Call,0.0,0.35,0.4,10.0,0.0,0.03750801576872537,2677.2900390625,0.2309495479878582,0.0
^RUT,2026-04-10,2930.0,Call,0.0,0.35,0.2,4.0,0.0,0.03750801576872537,2677.2900390625,0.2309495479878582,0.0
^RUT,2026-04-10,2935.0,Call,0.0,0.35,0.34,1.0,0.0,0.03750801576872537,2677.2900390625,0.2309495479878582,0.0
^RUT,2026-04-17,1350.0,Call,1193.7,1206.9,1331.9,,1.0,0.037462023653088046,2677.2900390625,0.2309495479878582,0.0
^RUT,2026-04-17,1350.0,Put,0.0,0.4,0.55,1.0,0.0,0.037462023653088046,2677.2900390625,0.2309495479878582,0.0
^RUT,2026-04-17,1400.0,Put,0.0,0.45,0.74,1.0,0.0,0.037462023653088046,2677.2900390625,0.2309495479878582,0.0
^RUT,2026-04-17,1450.0,Put,0.6,0.95,0.82,,4.0,0.037462023653088046,2677.2900390625,0.2309495479878582,0.0
^RUT,2026-04-17,1500.0,Put,0.05,0.55,0.43,1.0,0.0,0.037462023653088046,2677.2900390625,0.2309495479878582,0.0
^RUT,2026-04-17,1550.0,Put,0.15,0.65,0.4,10.0,0.0,0.037462023653088046,2677.2900390625,0.2309495479878582,0.0
^RUT,2026-04-17,1600.0,Put,0.25,0.75,0.7,1.0,0.0,0.037462023653088046,2677.2900390625,0.2309495479878582,0.0
^RUT,2026-04-17,1650.0,Put,0.4,0.9,1.07,,0.0,0.037462023653088046,2677.2900390625,0.2309495479878582,0.0
^RUT,2026-04-17,1700.0,Put,0.5,1.0,0.95,3.0,0.0,0.037462023653088046,2677.2900390625,0.2309495479878582,0.0
^RUT,2026-04-17,1750.0,Put,0.75,1.25,1.55,18.0,0.0,0.037462023653088046,2677.2900390625,0.2309495479878582,0.0
^RUT,2026-04-17,1800.0,Put,1.05,1.55,1.43,1.0,0.0,0.037462023653088046,2677.2900390625,0.2309495479878582,0.0
^RUT,2026-04-17,1850.0,Put,1.25,1.8,3.15,2.0,0.0,0.037462023653088046,2677.2900390625,0.2309495479878582,0.0
^RUT,2026-04-17,1900.0,Put,1.65,2.2,2.31,6.0,0.0,0.037462023653088046,2677.2900390625,0.2309495479878582,0.0
^RUT,2026-04-17,1950.0,Put,2.35,2.9,2.91,3.0,0.0,0.037462023653088046,2677.2900390625,0.2309495479878582,0.0
^RUT,2026-04-17,2000.0,Put,2.85,3.5,3.6,241.0,0.0,0.037462023653088046,2677.2900390625,0.2309495479878582,0.0
^RUT,2026-04-17,2005.0,Put,3.1,3.8,7.28,43.0,0.0,0.037462023653088046,2677.2900390625,0.2309495479878582,0.0
^RUT,2026-04-17,2010.0,Put,3.2,3.9,7.45,15.0,0.0,0.037462023653088046,2677.2900390625,0.2309495479878582,0.0
^RUT,2026-04-17,2015.0,Put,3.3,3.9,3.59,1.0,0.0,0.037462023653088046,2677.2900390625,0.2309495479878582,0.0
^RUT,2026-04-17,2020.0,Put,3.4,4.0,7.82,36.0,0.0,0.037462023653088046,2677.2900390625,0.2309495479878582,0.0
^RUT,2026-04-17,2025.0,Put,3.4,4.2,3.23,5.0,0.0,0.037462023653088046,2677.2900390625,0.2309495479878582,0.0
^RUT,2026-04-17,2030.0,Put,3.6,4.3,8.48,257.0,0.0,0.037462023653088046,2677.2900390625,0.2309495479878582,0.0
^RUT,2026-04-17,2035.0,Put,3.7,4.4,8.72,374.0,0.0,0.037462023653088046,2677.2900390625,0.2309495479878582,0.0
^RUT,2026-04-17,2040.0,Put,3.8,4.5,4.51,3.0,0.0,0.037462023653088046,2677.2900390625,0.2309495479878582,0.0
^RUT,2026-04-17,2045.0,Put,3.9,4.6,4.4,2.0,0.0,0.037462023653088046,2677.2900390625,0.2309495479878582,0.0
^RUT,2026-04-17,2050.0,Call,433.1,457.1,471.67,,0.0,0.037462023653088046,2677.2900390625,0.2309495479878582,0.0
^RUT,2026-04-17,2050.0,Put,4.0,4.7,4.24,4.0,0.0,0.037462023653088046,2677.2900390625,0.2309495479878582,0.0
^RUT,2026-04-17,2055.0,Put,4.1,4.9,9.8,6.0,0.0,0.037462023653088046,2677.2900390625,0.2309495479878582,0.0
^RUT,2026-04-17,2060.0,Put,4.2,5.0,7.32,113.0,0.0,0.037462023653088046,2677.2900390625,0.2309495479878582,0.0
^RUT,2026-04-17,2065.0,Put,4.4,5.1,10.05,78.0,0.0,0.037462023653088046,2677.2900390625,0.2309495479878582,0.0
^RUT,2026-04-17,2070.0,Put,4.5,5.4,11.22,83.0,0.0,0.037462023653088046,2677.2900390625,0.2309495479878582,0.0
^RUT,2026-04-17,2075.0,Put,4.7,5.4,5.7,22.0,0.0,0.037462023653088046,2677.2900390625,0.2309495479878582,0.0
^RUT,2026-04-17,2080.0,Put,4.8,5.6,5.83,16.0,0.0,0.037462023653088046,2677.2900390625,0.2309495479878582,0.0
^RUT,2026-04-17,2085.0,Put,5.0,5.8,6.17,6.0,0.0,0.037462023653088046,2677.2900390625,0.2309495479878582,0.0
^RUT,2026-04-17,2090.0,Put,5.1,6.0,6.2,7.0,0.0,0.037462023653088046,2677.2900390625,0.2309495479878582,0.0
^RUT,2026-04-17,2095.0,Put,5.4,6.3,6.42,10.0,0.0,0.037462023653088046,2677.2900390625,0.2309495479878582,0.0
^RUT,2026-04-17,2100.0,Put,5.2,6.0,5.75,7.0,0.0,0.037462023653088046,2677.2900390625,0.2309495479878582,0.0
^RUT,2026-04-17,2105.0,Put,5.7,6.6,6.81,5.0,0.0,0.037462023653088046,2677.2900390625,0.2309495479878582,0.0
^RUT,2026-04-17,2110.0,Put,5.6,6.4,7.85,8.0,0.0,0.037462023653088046,2677.2900390625,0.2309495479878582,0.0
^RUT,2026-04-17,2115.0,Put,5.7,6.6,7.27,15.0,0.0,0.037462023653088046,2677.2900390625,0.2309495479878582,0.0
^RUT,2026-04-17,2120.0,Put,6.3,7.3,7.18,10.0,0.0,0.037462023653088046,2677.2900390625,0.2309495479878582,0.0
^RUT,2026-04-17,2125.0,Put,6.6,7.5,14.56,186.0,0.0,0.037462023653088046,2677.2900390625,0.2309495479878582,0.0
^RUT,2026-04-17,2130.0,Put,6.4,7.4,5.57,4.0,0.0,0.037462023653088046,2677.2900390625,0.2309495479878582,0.0
^RUT,2026-04-17,2135.0,Put,6.7,7.5,7.15,4.0,0.0,0.037462023653088046,2677.2900390625,0.2309495479878582,0.0
^RUT,2026-04-17,2140.0,Put,7.4,8.2,7.97,1.0,0.0,0.037462023653088046,2677.2900390625,0.2309495479878582,0.0
^RUT,2026-04-17,2145.0,Put,7.6,8.6,8.22,1.0,0.0,0.037462023653088046,2677.2900390625,0.2309495479878582,0.0
^RUT,2026-04-17,2150.0,Put,7.5,8.3,8.64,1.0,0.0,0.037462023653088046,2677.2900390625,0.2309495479878582,0.0
^RUT,2026-04-17,2155.0,Put,7.7,8.7,7.2,1.0,0.0,0.037462023653088046,2677.2900390625,0.2309495479878582,0.0
^RUT,2026-04-17,2160.0,Put,8.5,9.5,7.2,1.0,0.0,0.037462023653088046,2677.2900390625,0.2309495479878582,0.0
^RUT,2026-04-17,2165.0,Call,323.6,347.6,367.63,,0.0,0.037462023653088046,2677.2900390625,0.2309495479878582,0.0
^RUT,2026-04-17,2165.0,Put,8.9,9.9,7.3,4.0,0.0,0.037462023653088046,2677.2900390625,0.2309495479878582,0.0
^RUT,2026-04-17,2170.0,Put,9.2,10.1,9.74,1.0,0.0,0.037462023653088046,2677.2900390625,0.2309495479878582,0.0
^RUT,2026-04-17,2175.0,Put,9.6,10.6,9.0,1.0,0.0,0.037462023653088046,2677.2900390625,0.2309495479878582,0.0
^RUT,2026-04-17,2180.0,Put,9.4,10.3,10.06,25.0,0.0,0.037462023653088046,2677.2900390625,0.2309495479878582,0.0
^RUT,2026-04-17,2185.0,Put,10.3,11.3,8.57,31.0,0.0,0.037462023653088046,2677.2900390625,0.2309495479878582,0.0
^RUT,2026-04-17,2190.0,Put,10.7,11.8,8.82,30.0,0.0,0.037462023653088046,2677.2900390625,0.2309495479878582,0.0
^RUT,2026-04-17,2195.0,Put,11.1,12.1,12.41,1.0,0.0,0.037462023653088046,2677.2900390625,0.2309495479878582,0.0
^RUT,2026-04-17,2200.0,Call,290.4,314.4,328.58,1.0,0.0,0.037462023653088046,2677.2900390625,0.2309495479878582,0.0
^RUT,2026-04-17,2200.0,Put,11.5,12.5,11.47,2.0,0.0,0.037462023653088046,2677.2900390625,0.2309495479878582,0.0
^RUT,2026-04-17,2205.0,Put,12.0,13.0,10.84,5.0,0.0,0.037462023653088046,2677.2900390625,0.2309495479878582,0.0
^RUT,2026-04-17,2210.0,Put,12.5,13.6,24.14,1.0,0.0,0.037462023653088046,2677.2900390625,0.2309495479878582,0.0
^RUT,2026-04-17,2215.0,Put,13.0,14.1,18.51,1.0,0.0,0.037462023653088046,2677.2900390625,0.2309495479878582,0.0
^RUT,2026-04-17,2220.0,Put,12.7,13.8,14.23,63.0,0.0,0.037462023653088046,2677.2900390625,0.2309495479878582,0.0
^RUT,2026-04-17,2225.0,Put,13.2,14.3,12.23,3.0,0.0,0.037462023653088046,2677.2900390625,0.2309495479878582,0.0
^RUT,2026-04-17,2230.0,Put,13.8,14.9,15.26,459.0,0.0,0.037462023653088046,2677.2900390625,0.2309495479878582,0.0
^RUT,2026-04-17,2235.0,Call,258.9,282.9,282.95,1.0,0.0,0.037462023653088046,2677.2900390625,0.2309495479878582,0.0
^RUT,2026-04-17,2235.0,Put,15.0,16.1,20.35,1.0,0.0,0.037462023653088046,2677.2900390625,0.2309495479878582,0.0
^RUT,2026-04-17,2240.0,Put,14.9,16.0,16.06,4.0,0.0,0.037462023653088046,2677.2900390625,0.2309495479878582,0.0
^RUT,2026-04-17,2245.0,Put,16.2,17.3,18.53,7.0,0.0,0.037462023653088046,2677.2900390625,0.2309495479878582,0.0
^RUT,2026-04-17,2250.0,Call,245.7,269.7,269.44,1.0,0.0,0.037462023653088046,2677.2900390625,0.2309495479878582,0.0
^RUT,2026-04-17,2250.0,Put,16.0,17.1,14.03,27.0,0.0,0.037462023653088046,2677.2900390625,0.2309495479878582,0.0
^RUT,2026-04-17,2255.0,Put,16.6,17.8,16.48,2.0,0.0,0.037462023653088046,2677.2900390625,0.2309495479878582,0.0
^RUT,2026-04-17,2260.0,Call,237.0,261.0,275.42,1.0,0.0,0.037462023653088046,2677.2900390625,0.2309495479878582,0.0
^RUT,2026-04-17,2260.0,Put,17.3,18.4,14.66,8.0,0.0,0.037462023653088046,2677.2900390625,0.2309495479878582,0.0
^RUT,2026-04-17,2265.0,Call,232.7,256.7,248.4,1.0,0.0,0.037462023653088046,2677.2900390625,0.2309495479878582,0.0
^RUT,2026-04-17,2265.0,Put,17.9,19.1,13.67,1.0,0.0,0.037462023653088046,2677.2900390625,0.2309495479878582,0.0
^RUT,2026-04-17,2270.0,Put,19.5,20.7,19.8,10.0,0.0,0.037462023653088046,2677.2900390625,0.2309495479878582,0.0
^RUT,2026-04-17,2275.0,Put,20.2,21.4,20.22,1.0,0.0,0.037462023653088046,2677.2900390625,0.2309495479878582,0.0
^RUT,2026-04-17,2280.0,Put,21.0,22.2,21.14,9.0,0.0,0.037462023653088046,2677.2900390625,0.2309495479878582,0.0
^RUT,2026-04-17,2285.0,Put,20.8,22.0,21.47,20.0,0.0,0.037462023653088046,2677.2900390625,0.2309495479878582,0.0
^RUT,2026-04-17,2290.0,Call,211.4,235.4,226.37,7.0,0.0,0.037462023653088046,2677.2900390625,0.2309495479878582,0.0
^RUT,2026-04-17,2290.0,Put,22.5,23.7,21.87,2.0,0.0,0.037462023653088046,2677.2900390625,0.2309495479878582,0.0
^RUT,2026-04-17,2295.0,Call,207.3,231.3,265.99,1.0,0.0,0.037462023653088046,2677.2900390625,0.2309495479878582,0.0
^RUT,2026-04-17,2295.0,Put,23.3,24.5,22.81,10.0,0.0,0.037462023653088046,2677.2900390625,0.2309495479878582,0.0
^RUT,2026-04-17,2300.0,Call,203.1,227.1,215.45,1.0,0.0,0.037462023653088046,2677.2900390625,0.2309495479878582,0.0
^RUT,2026-04-17,2300.0,Put,24.2,25.5,25.95,123.0,0.0,0.037462023653088046,2677.2900390625,0.2309495479878582,0.0
^RUT,2026-04-17,2305.0,Put,24.1,25.3,22.9,1.0,0.0,0.037462023653088046,2677.2900390625,0.2309495479878582,0.0
^RUT,2026-04-17,2310.0,Put,24.8,26.1,18.84,1.0,0.0,0.037462023653088046,2677.2900390625,0.2309495479878582,0.0
^RUT,2026-04-17,2315.0,Call,194.8,210.8,239.85,1.0,0.0,0.037462023653088046,2677.2900390625,0.2309495479878582,0.0
^RUT,2026-04-17,2315.0,Put,25.9,27.0,20.64,2.0,0.0,0.037462023653088046,2677.2900390625,0.2309495479878582,0.0
^RUT,2026-04-17,2320.0,Call,198.5,202.5,220.93,1.0,0.0,0.037462023653088046,2677.2900390625,0.2309495479878582,0.0
^RUT,2026-04-17,2320.0,Put,27.8,29.0,29.49,26.0,0.0,0.037462023653088046,2677.2900390625,0.2309495479878582,0.0
^RUT,2026-04-17,2325.0,Call,180.8,208.8,198.74,1.0,0.0,0.037462023653088046,2677.2900390625,0.2309495479878582,0.0
^RUT,2026-04-17,2325.0,Put,28.8,30.1,28.72,110.0,0.0,0.037462023653088046,2677.2900390625,0.2309495479878582,0.0
^RUT,2026-04-17,2330.0,Call,190.6,193.7,212.94,1.0,0.0,0.037462023653088046,2677.2900390625,0.2309495479878582,0.0
^RUT,2026-04-17,2330.0,Put,28.7,30.0,36.5,18.0,0.0,0.037462023653088046,2677.2900390625,0.2309495479878582,0.0
^RUT,2026-04-17,2335.0,Call,185.5,188.8,165.18,2.0,0.0,0.037462023653088046,2677.2900390625,0.2309495479878582,0.0
^RUT,2026-04-17,2335.0,Put,29.7,31.0,31.04,5.0,0.0,0.037462023653088046,2677.2900390625,0.2309495479878582,0.0
^RUT,2026-04-17,2340.0,Call,181.6,184.6,214.39,1.0,0.0,0.037462023653088046,2677.2900390625,0.2309495479878582,0.0
^RUT,2026-04-17,2340.0,Put,30.8,32.1,36.33,10.0,0.0,0.037462023653088046,2677.2900390625,0.2309495479878582,0.0
^RUT,2026-04-17,2345.0,Call,165.0,193.0,211.33,1.0,0.0,0.037462023653088046,2677.2900390625,0.2309495479878582,0.0
^RUT,2026-04-17,2345.0,Put,31.8,33.1,30.5,41.0,0.0,0.037462023653088046,2677.2900390625,0.2309495479878582,0.0
^RUT,2026-04-17,2350.0,Call,174.1,177.4,212.51,1.0,0.0,0.037462023653088046,2677.2900390625,0.2309495479878582,0.0
^RUT,2026-04-17,2350.0,Put,34.0,35.4,34.13,5.0,0.0,0.037462023653088046,2677.2900390625,0.2309495479878582,0.0
^RUT,2026-04-17,2355.0,Call,169.9,173.1,197.24,5.0,0.0,0.037462023653088046,2677.2900390625,0.2309495479878582,0.0
^RUT,2026-04-17,2355.0,Put,35.2,36.5,32.08,1.0,0.0,0.037462023653088046,2677.2900390625,0.2309495479878582,0.0
^RUT,2026-04-17,2360.0,Call,166.1,169.1,203.95,1.0,0.0,0.037462023653088046,2677.2900390625,0.2309495479878582,0.0
^RUT,2026-04-17,2360.0,Put,36.4,37.8,34.7,6.0,0.0,0.037462023653088046,2677.2900390625,0.2309495479878582,0.0
^RUT,2026-04-17,2365.0,Call,149.6,177.6,185.13,2.0,0.0,0.037462023653088046,2677.2900390625,0.2309495479878582,0.0
^RUT,2026-04-17,2365.0,Put,37.6,39.0,35.22,1.0,0.0,0.037462023653088046,2677.2900390625,0.2309495479878582,0.0
^RUT,2026-04-17,2370.0,Call,158.9,161.8,154.83,1.0,0.0,0.037462023653088046,2677.2900390625,0.2309495479878582,0.0
^RUT,2026-04-17,2370.0,Put,38.8,40.1,28.6,12.0,0.0,0.037462023653088046,2677.2900390625,0.2309495479878582,0.0
^RUT,2026-04-17,2375.0,Call,154.8,157.9,191.21,1.0,0.0,0.037462023653088046,2677.2900390625,0.2309495479878582,0.0
^RUT,2026-04-17,2375.0,Put,38.8,40.0,36.1,2.0,0.0,0.037462023653088046,2677.2900390625,0.2309495479878582,0.0
^RUT,2026-04-17,2380.0,Call,151.4,154.3,187.19,1.0,0.0,0.037462023653088046,2677.2900390625,0.2309495479878582,0.0
^RUT,2026-04-17,2380.0,Put,40.2,41.4,39.48,2.0,0.0,0.037462023653088046,2677.2900390625,0.2309495479878582,0.0
^RUT,2026-04-17,2385.0,Call,147.4,150.4,170.41,3.0,0.0,0.037462023653088046,2677.2900390625,0.2309495479878582,0.0
^RUT,2026-04-17,2385.0,Put,41.4,42.7,32.49,1.0,0.0,0.037462023653088046,2677.2900390625,0.2309495479878582,0.0
^RUT,2026-04-17,2390.0,Call,144.1,146.8,177.69,7.0,0.0,0.037462023653088046,2677.2900390625,0.2309495479878582,0.0
^RUT,2026-04-17,2390.0,Put,43.7,45.1,42.91,5.0,0.0,0.037462023653088046,2677.2900390625,0.2309495479878582,0.0
^RUT,2026-04-17,2395.0,Call,127.4,155.4,174.73,3.0,0.0,0.037462023653088046,2677.2900390625,0.2309495479878582,0.0
^RUT,2026-04-17,2395.0,Put,44.0,45.4,43.07,78.0,0.0,0.037462023653088046,2677.2900390625,0.2309495479878582,0.0
^RUT,2026-04-17,2400.0,Call,127.3,145.3,131.18,1.0,0.0,0.037462023653088046,2677.2900390625,0.2309495479878582,0.0
^RUT,2026-04-17,2400.0,Put,46.7,48.0,45.36,4.0,0.0,0.037462023653088046,2677.2900390625,0.2309495479878582,0.0
^RUT,2026-04-17,2405.0,Call,133.5,136.1,161.77,1.0,0.0,0.037462023653088046,2677.2900390625,0.2309495479878582,0.0
^RUT,2026-04-17,2405.0,Put,48.0,49.5,52.7,16.0,0.0,0.037462023653088046,2677.2900390625,0.2309495479878582,0.0
^RUT,2026-04-17,2410.0,Call,120.5,138.3,147.2,,0.0,0.037462023653088046,2677.2900390625,0.2309495479878582,0.0
^RUT,2026-04-17,2410.0,Put,44.6,53.7,46.2,15.0,0.0,0.037462023653088046,2677.2900390625,0.2309495479878582,0.0
^RUT,2026-04-17,2415.0,Call,127.8,130.2,159.12,,0.0,0.037462023653088046,2677.2900390625,0.2309495479878582,0.0
^RUT,2026-04-17,2415.0,Put,50.8,52.2,82.99,15.0,0.0,0.037462023653088046,2677.2900390625,0.2309495479878582,0.0
^RUT,2026-04-17,2420.0,Call,116.2,130.0,128.1,1.0,0.0,0.037462023653088046,2677.2900390625,0.2309495479878582,0.0
^RUT,2026-04-17,2420.0,Put,52.6,54.0,49.77,17.0,0.0,0.037462023653088046,2677.2900390625,0.2309495479878582,0.0
^RUT,2026-04-17,2425.0,Call,119.7,121.9,127.42,4.0,0.0,0.037462023653088046,2677.2900390625,0.2309495479878582,0.0
^RUT,2026-04-17,2425.0,Put,52.9,54.3,51.1,6.0,0.0,0.037462023653088046,2677.2900390625,0.2309495479878582,0.0
^RUT,2026-04-17,2430.0,Call,109.5,123.2,119.8,1.0,0.0,0.037462023653088046,2677.2900390625,0.2309495479878582,0.0
^RUT,2026-04-17,2430.0,Put,50.5,59.9,45.0,1.0,0.0,0.037462023653088046,2677.2900390625,0.2309495479878582,0.0
^RUT,2026-04-17,2435.0,Call,113.0,114.9,98.28,1.0,0.0,0.037462023653088046,2677.2900390625,0.2309495479878582,0.0
^RUT,2026-04-17,2435.0,Put,55.8,57.3,57.56,4.0,0.0,0.037462023653088046,2677.2900390625,0.2309495479878582,0.0
^RUT,2026-04-17,2440.0,Call,109.0,111.3,145.44,3.0,0.0,0.037462023653088046,2677.2900390625,0.2309495479878582,0.0
^RUT,2026-04-17,2440.0,Put,54.9,64.6,57.09,19.0,0.0,0.037462023653088046,2677.2900390625,0.2309495479878582,0.0
^RUT,2026-04-17,2445.0,Call,106.4,108.3,137.57,1.0,0.0,0.037462023653088046,2677.2900390625,0.2309495479878582,0.0
^RUT,2026-04-17,2445.0,Put,59.2,60.6,48.0,1.0,0.0,0.037462023653088046,2677.2900390625,0.2309495479878582,0.0
^RUT,2026-04-17,2450.0,Call,96.9,111.0,125.0,210.0,0.0,0.037462023653088046,2677.2900390625,0.2309495479878582,0.0
^RUT,2026-04-17,2450.0,Put,62.4,63.9,64.06,10.0,0.0,0.037462023653088046,2677.2900390625,0.2309495479878582,0.0
^RUT,2026-04-17,2455.0,Call,93.8,108.0,106.71,14.0,0.0,0.037462023653088046,2677.2900390625,0.2309495479878582,0.0
^RUT,2026-04-17,2455.0,Put,60.1,69.9,52.27,6.0,0.0,0.037462023653088046,2677.2900390625,0.2309495479878582,0.0
^RUT,2026-04-17,2460.0,Call,96.7,98.4,123.65,3.0,0.0,0.037462023653088046,2677.2900390625,0.2309495479878582,0.0
^RUT,2026-04-17,2460.0,Put,65.7,67.3,63.83,3.0,0.0,0.037462023653088046,2677.2900390625,0.2309495479878582,0.0
^RUT,2026-04-17,2465.0,Call,89.2,101.4,99.6,62.0,0.0,0.037462023653088046,2677.2900390625,0.2309495479878582,0.0
^RUT,2026-04-17,2465.0,Put,62.7,72.2,61.9,1.0,0.0,0.037462023653088046,2677.2900390625,0.2309495479878582,0.0
^RUT,2026-04-17,2470.0,Call,84.7,97.9,103.53,2.0,0.0,0.037462023653088046,2677.2900390625,0.2309495479878582,0.0
^RUT,2026-04-17,2470.0,Put,65.7,75.5,54.95,4.0,0.0,0.037462023653088046,2677.2900390625,0.2309495479878582,0.0
^RUT,2026-04-17,2475.0,Call,88.5,90.3,196.5,5.0,0.0,0.037462023653088046,2677.2900390625,0.2309495479878582,0.0
^RUT,2026-04-17,2475.0,Put,71.5,73.0,69.08,6.0,0.0,0.037462023653088046,2677.2900390625,0.2309495479878582,0.0
^RUT,2026-04-17,2480.0,Call,84.7,86.4,94.92,5.0,0.0,0.037462023653088046,2677.2900390625,0.2309495479878582,0.0
^RUT,2026-04-17,2480.0,Put,73.9,75.3,78.3,2.0,0.0,0.037462023653088046,2677.2900390625,0.2309495479878582,0.0
^RUT,2026-04-17,2485.0,Call,78.6,88.5,96.48,,0.0,0.037462023653088046,2677.2900390625,0.2309495479878582,0.0
^RUT,2026-04-17,2485.0,Put,71.7,81.6,64.16,10.0,0.0,0.037462023653088046,2677.2900390625,0.2309495479878582,0.0
^RUT,2026-04-17,2490.0,Call,78.9,80.6,99.81,44.0,0.0,0.037462023653088046,2677.2900390625,0.2309495479878582,0.0
^RUT,2026-04-17,2490.0,Put,76.6,78.1,79.05,31.0,0.0,0.037462023653088046,2677.2900390625,0.2309495479878582,0.0
^RUT,2026-04-17,2495.0,Call,77.2,78.8,92.78,1.0,0.0,0.037462023653088046,2677.2900390625,0.2309495479878582,0.0
^RUT,2026-04-17,2495.0,Put,78.7,80.3,81.24,1.0,0.0,0.037462023653088046,2677.2900390625,0.2309495479878582,0.0
^RUT,2026-04-17,2500.0,Call,73.1,74.7,78.8,4.0,0.0,0.037462023653088046,2677.2900390625,0.2309495479878582,0.0
^RUT,2026-04-17,2500.0,Put,80.9,82.5,82.1,63.0,0.0,0.037462023653088046,2677.2900390625,0.2309495479878582,0.0
^RUT,2026-04-17,2505.0,Call,71.8,73.5,61.0,1.0,0.0,0.037462023653088046,2677.2900390625,0.2309495479878582,0.0
^RUT,2026-04-17,2505.0,Put,80.5,90.4,80.3,2.0,0.0,0.037462023653088046,2677.2900390625,0.2309495479878582,0.0
^RUT,2026-04-17,2510.0,Call,69.2,70.8,58.7,2.0,0.0,0.037462023653088046,2677.2900390625,0.2309495479878582,0.0
^RUT,2026-04-17,2510.0,Put,86.5,88.1,73.86,10.0,0.0,0.037462023653088046,2677.2900390625,0.2309495479878582,0.0
^RUT,2026-04-17,2515.0,Call,65.3,66.9,83.2,2.0,0.0,0.037462023653088046,2677.2900390625,0.2309495479878582,0.0
^RUT,2026-04-17,2515.0,Put,84.1,93.8,88.84,27.0,0.0,0.037462023653088046,2677.2900390625,0.2309495479878582,0.0
^RUT,2026-04-17,2520.0,Call,64.0,65.6,74.64,2.0,0.0,0.037462023653088046,2677.2900390625,0.2309495479878582,0.0
^RUT,2026-04-17,2520.0,Put,91.2,92.9,81.81,24.0,0.0,0.037462023653088046,2677.2900390625,0.2309495479878582,0.0
^RUT,2026-04-17,2525.0,Call,61.4,63.1,91.3,1.0,0.0,0.037462023653088046,2677.2900390625,0.2309495479878582,0.0
^RUT,2026-04-17,2525.0,Put,89.0,98.7,73.58,6.0,0.0,0.037462023653088046,2677.2900390625,0.2309495479878582,0.0
^RUT,2026-04-17,2530.0,Call,58.8,60.3,83.69,3.0,0.0,0.037462023653088046,2677.2900390625,0.2309495479878582,0.0
^RUT,2026-04-17,2530.0,Put,95.0,96.7,75.61,6.0,0.0,0.037462023653088046,2677.2900390625,0.2309495479878582,0.0
^RUT,2026-04-17,2535.0,Call,51.4,60.8,71.9,17.0,0.0,0.037462023653088046,2677.2900390625,0.2309495479878582,0.0
^RUT,2026-04-17,2535.0,Put,97.5,99.3,96.61,36.0,0.0,0.037462023653088046,2677.2900390625,0.2309495479878582,0.0
^RUT,2026-04-17,2540.0,Call,49.0,58.5,61.9,5.0,0.0,0.037462023653088046,2677.2900390625,0.2309495479878582,0.0
^RUT,2026-04-17,2540.0,Put,94.0,108.5,90.83,4.0,0.0,0.037462023653088046,2677.2900390625,0.2309495479878582,0.0
^RUT,2026-04-17,2545.0,Call,50.5,52.0,59.11,3.0,0.0,0.037462023653088046,2677.2900390625,0.2309495479878582,0.0
^RUT,2026-04-17,2545.0,Put,104.3,106.1,84.06,1.0,0.0,0.037462023653088046,2677.2900390625,0.2309495479878582,0.0
^RUT,2026-04-17,2550.0,Call,48.3,49.7,69.98,1.0,0.0,0.037462023653088046,2677.2900390625,0.2309495479878582,0.0
^RUT,2026-04-17,2550.0,Put,106.7,108.6,89.54,3.0,0.0,0.037462023653088046,2677.2900390625,0.2309495479878582,0.0
^RUT,2026-04-17,2555.0,Call,47.4,49.0,70.36,1.0,0.0,0.037462023653088046,2677.2900390625,0.2309495479878582,0.0
^RUT,2026-04-17,2555.0,Put,109.4,111.5,87.92,1.0,0.0,0.037462023653088046,2677.2900390625,0.2309495479878582,0.0
^RUT,2026-04-17,2560.0,Call,45.2,46.6,60.25,5.0,0.0,0.037462023653088046,2677.2900390625,0.2309495479878582,0.0
^RUT,2026-04-17,2560.0,Put,105.3,119.6,111.2,41.0,0.0,0.037462023653088046,2677.2900390625,0.2309495479878582,0.0
^RUT,2026-04-17,2565.0,Call,43.2,44.6,65.13,1.0,0.0,0.037462023653088046,2677.2900390625,0.2309495479878582,0.0
^RUT,2026-04-17,2565.0,Put,107.7,122.7,93.28,2.0,0.0,0.037462023653088046,2677.2900390625,0.2309495479878582,0.0
^RUT,2026-04-17,2570.0,Call,41.0,42.8,65.47,1.0,0.0,0.037462023653088046,2677.2900390625,0.2309495479878582,0.0
^RUT,2026-04-17,2570.0,Put,105.9,133.9,92.67,1.0,0.0,0.037462023653088046,2677.2900390625,0.2309495479878582,0.0
^RUT,2026-04-17,2575.0,Call,39.1,40.8,46.32,2.0,0.0,0.037462023653088046,2677.2900390625,0.2309495479878582,0.0
^RUT,2026-04-17,2575.0,Put,121.4,123.7,120.2,2.0,0.0,0.037462023653088046,2677.2900390625,0.2309495479878582,0.0
^RUT,2026-04-17,2580.0,Call,36.0,37.5,43.48,1.0,0.0,0.037462023653088046,2677.2900390625,0.2309495479878582,0.0
^RUT,2026-04-17,2580.0,Put,123.0,125.7,117.52,12.0,0.0,0.037462023653088046,2677.2900390625,0.2309495479878582,0.0
^RUT,2026-04-17,2585.0,Call,34.1,35.5,44.85,10.0,0.0,0.037462023653088046,2677.2900390625,0.2309495479878582,0.0
^RUT,2026-04-17,2585.0,Put,126.0,128.6,113.63,1.0,0.0,0.037462023653088046,2677.2900390625,0.2309495479878582,0.0
^RUT,2026-04-17,2590.0,Call,32.4,33.8,45.9,1.0,0.0,0.037462023653088046,2677.2900390625,0.2309495479878582,0.0
^RUT,2026-04-17,2590.0,Put,130.0,132.9,173.84,41.0,0.0,0.037462023653088046,2677.2900390625,0.2309495479878582,0.0
^RUT,2026-04-17,2595.0,Call,31.7,33.1,51.32,15.0,0.0,0.037462023653088046,2677.2900390625,0.2309495479878582,0.0
^RUT,2026-04-17,2595.0,Put,133.1,136.2,102.49,15.0,0.0,0.037462023653088046,2677.2900390625,0.2309495479878582,0.0
^RUT,2026-04-17,2600.0,Call,30.0,31.4,33.35,4.0,0.0,0.037462023653088046,2677.2900390625,0.2309495479878582,0.0
^RUT,2026-04-17,2600.0,Put,124.7,152.7,119.49,6.0,0.0,0.037462023653088046,2677.2900390625,0.2309495479878582,0.0
^RUT,2026-04-17,2605.0,Call,28.4,29.7,36.6,3.0,0.0,0.037462023653088046,2677.2900390625,0.2309495479878582,0.0
^RUT,2026-04-17,2605.0,Put,138.9,141.8,162.2,1.0,0.0,0.037462023653088046,2677.2900390625,0.2309495479878582,0.0
^RUT,2026-04-17,2610.0,Call,26.0,27.2,29.03,7.0,0.0,0.037462023653088046,2677.2900390625,0.2309495479878582,0.0
^RUT,2026-04-17,2610.0,Put,131.4,159.4,160.25,1.0,0.0,0.037462023653088046,2677.2900390625,0.2309495479878582,0.0
^RUT,2026-04-17,2615.0,Call,24.4,25.6,32.65,1.0,0.0,0.037462023653088046,2677.2900390625,0.2309495479878582,0.0
^RUT,2026-04-17,2615.0,Put,145.7,148.7,118.64,1.0,0.0,0.037462023653088046,2677.2900390625,0.2309495479878582,0.0
^RUT,2026-04-17,2620.0,Call,23.7,25.1,42.79,10.0,0.0,0.037462023653088046,2677.2900390625,0.2309495479878582,0.0
^RUT,2026-04-17,2620.0,Put,138.4,166.4,168.91,1.0,0.0,0.037462023653088046,2677.2900390625,0.2309495479878582,0.0
^RUT,2026-04-17,2625.0,Call,22.4,23.6,28.68,12.0,0.0,0.037462023653088046,2677.2900390625,0.2309495479878582,0.0
^RUT,2026-04-17,2625.0,Put,153.0,156.3,123.88,1.0,0.0,0.037462023653088046,2677.2900390625,0.2309495479878582,0.0
^RUT,2026-04-17,2630.0,Call,20.1,21.4,25.09,3.0,0.0,0.037462023653088046,2677.2900390625,0.2309495479878582,0.0
^RUT,2026-04-17,2630.0,Put,144.8,172.8,129.64,5.0,0.0,0.037462023653088046,2677.2900390625,0.2309495479878582,0.0
^RUT,2026-04-17,2635.0,Call,18.8,20.1,32.35,1.0,0.0,0.037462023653088046,2677.2900390625,0.2309495479878582,0.0
^RUT,2026-04-17,2635.0,Put,148.5,176.5,131.93,1.0,0.0,0.037462023653088046,2677.2900390625,0.2309495479878582,0.0
^RUT,2026-04-17,2640.0,Call,18.4,19.7,33.8,6.0,0.0,0.037462023653088046,2677.2900390625,0.2309495479878582,0.0
^RUT,2026-04-17,2640.0,Put,164.0,167.4,165.06,5.0,0.0,0.037462023653088046,2677.2900390625,0.2309495479878582,0.0
^RUT,2026-04-17,2645.0,Call,17.1,18.4,29.75,2.0,0.0,0.037462023653088046,2677.2900390625,0.2309495479878582,0.0
^RUT,2026-04-17,2645.0,Put,161.3,177.3,159.63,10.0,0.0,0.037462023653088046,2677.2900390625,0.2309495479878582,0.0
^RUT,2026-04-17,2650.0,Call,15.4,16.5,21.11,388.0,0.0,0.037462023653088046,2677.2900390625,0.2309495479878582,0.0
^RUT,2026-04-17,2650.0,Put,165.9,181.9,142.1,8.0,0.0,0.037462023653088046,2677.2900390625,0.2309495479878582,0.0
^RUT,2026-04-17,2655.0,Call,14.2,15.4,16.63,504.0,0.0,0.037462023653088046,2677.2900390625,0.2309495479878582,0.0
^RUT,2026-04-17,2655.0,Put,169.0,185.0,98.8,15.0,0.0,0.037462023653088046,2677.2900390625,0.2309495479878582,0.0
^RUT,2026-04-17,2660.0,Call,14.0,15.1,26.57,21.0,0.0,0.037462023653088046,2677.2900390625,0.2309495479878582,0.0
^RUT,2026-04-17,2660.0,Put,173.8,189.8,179.25,2.0,0.0,0.037462023653088046,2677.2900390625,0.2309495479878582,0.0
^RUT,2026-04-17,2665.0,Call,12.9,14.1,16.99,9.0,0.0,0.037462023653088046,2677.2900390625,0.2309495479878582,0.0
^RUT,2026-04-17,2665.0,Put,178.1,194.1,92.18,3.0,0.0,0.037462023653088046,2677.2900390625,0.2309495479878582,0.0
^RUT,2026-04-17,2670.0,Call,11.4,12.5,15.99,10.0,0.0,0.037462023653088046,2677.2900390625,0.2309495479878582,0.0
^RUT,2026-04-17,2670.0,Put,181.9,197.9,196.8,7.0,0.0,0.037462023653088046,2677.2900390625,0.2309495479878582,0.0
^RUT,2026-04-17,2675.0,Call,11.1,12.3,21.53,5.0,0.0,0.037462023653088046,2677.2900390625,0.2309495479878582,0.0
^RUT,2026-04-17,2675.0,Put,185.1,201.1,130.93,5.0,0.0,0.037462023653088046,2677.2900390625,0.2309495479878582,0.0
^RUT,2026-04-17,2680.0,Call,9.6,10.8,14.9,3.0,0.0,0.037462023653088046,2677.2900390625,0.2309495479878582,0.0
^RUT,2026-04-17,2680.0,Put,189.9,205.9,185.27,5.0,0.0,0.037462023653088046,2677.2900390625,0.2309495479878582,0.0
^RUT,2026-04-17,2685.0,Call,8.9,10.0,11.4,2.0,0.0,0.037462023653088046,2677.2900390625,0.2309495479878582,0.0
^RUT,2026-04-17,2685.0,Put,194.6,210.6,101.79,3.0,0.0,0.037462023653088046,2677.2900390625,0.2309495479878582,0.0
^RUT,2026-04-17,2690.0,Call,8.2,9.3,10.75,3.0,0.0,0.037462023653088046,2677.2900390625,0.2309495479878582,0.0
^RUT,2026-04-17,2690.0,Put,198.4,214.4,194.23,2.0,0.0,0.037462023653088046,2677.2900390625,0.2309495479878582,0.0
^RUT,2026-04-17,2695.0,Call,7.6,8.6,9.8,3.0,0.0,0.037462023653088046,2677.2900390625,0.2309495479878582,0.0
^RUT,2026-04-17,2695.0,Put,200.2,224.2,217.23,2.0,0.0,0.037462023653088046,2677.2900390625,0.2309495479878582,0.0
^RUT,2026-04-17,2700.0,Call,7.5,8.5,11.32,1.0,0.0,0.037462023653088046,2677.2900390625,0.2309495479878582,0.0
^RUT,2026-04-17,2700.0,Put,203.5,227.5,181.1,3.0,0.0,0.037462023653088046,2677.2900390625,0.2309495479878582,0.0
^RUT,2026-04-17,2705.0,Call,6.3,7.4,14.92,12.0,0.0,0.037462023653088046,2677.2900390625,0.2309495479878582,0.0
^RUT,2026-04-17,2705.0,Put,207.4,231.4,181.71,1.0,0.0,0.037462023653088046,2677.2900390625,0.2309495479878582,0.0
^RUT,2026-04-17,2710.0,Call,6.3,7.3,7.9,8.0,0.0,0.037462023653088046,2677.2900390625,0.2309495479878582,0.0
^RUT,2026-04-17,2710.0,Put,212.3,236.3,186.09,4.0,0.0,0.037462023653088046,2677.2900390625,0.2309495479878582,0.0
^RUT,2026-04-17,2715.0,Call,5.3,6.3,7.07,1.0,0.0,0.037462023653088046,2677.2900390625,0.2309495479878582,0.0
^RUT,2026-04-17,2715.0,Put,216.7,240.7,117.49,,0.0,0.037462023653088046,2677.2900390625,0.2309495479878582,0.0
^RUT,2026-04-17,2720.0,Call,4.9,5.8,8.32,52.0,0.0,0.037462023653088046,2677.2900390625,0.2309495479878582,0.0
^RUT,2026-04-17,2720.0,Put,221.3,245.3,265.33,3.0,0.0,0.037462023653088046,2677.2900390625,0.2309495479878582,0.0
^RUT,2026-04-17,2725.0,Call,4.8,5.8,6.95,2.0,0.0,0.037462023653088046,2677.2900390625,0.2309495479878582,0.0
^RUT,2026-04-17,2725.0,Put,225.8,249.8,229.86,2.0,0.0,0.037462023653088046,2677.2900390625,0.2309495479878582,0.0
^RUT,2026-04-17,2730.0,Call,4.0,5.0,7.07,1.0,0.0,0.037462023653088046,2677.2900390625,0.2309495479878582,0.0
^RUT,2026-04-17,2730.0,Put,230.4,254.4,220.95,1.0,0.0,0.037462023653088046,2677.2900390625,0.2309495479878582,0.0
^RUT,2026-04-17,2735.0,Call,3.6,4.6,8.33,4.0,0.0,0.037462023653088046,2677.2900390625,0.2309495479878582,0.0
^RUT,2026-04-17,2735.0,Put,235.0,259.0,215.45,3.0,0.0,0.037462023653088046,2677.2900390625,0.2309495479878582,0.0
^RUT,2026-04-17,2740.0,Call,3.3,4.2,8.18,11.0,0.0,0.037462023653088046,2677.2900390625,0.2309495479878582,0.0
^RUT,2026-04-17,2740.0,Put,239.7,263.7,236.04,1.0,0.0,0.037462023653088046,2677.2900390625,0.2309495479878582,0.0
^RUT,2026-04-17,2745.0,Call,3.2,4.2,7.92,2.0,0.0,0.037462023653088046,2677.2900390625,0.2309495479878582,0.0
^RUT,2026-04-17,2745.0,Put,244.3,268.3,238.67,2.0,0.0,0.037462023653088046,2677.2900390625,0.2309495479878582,0.0
^RUT,2026-04-17,2750.0,Call,2.95,3.8,4.71,13.0,0.0,0.037462023653088046,2677.2900390625,0.2309495479878582,0.0
^RUT,2026-04-17,2750.0,Put,249.0,273.0,282.29,1.0,0.0,0.037462023653088046,2677.2900390625,0.2309495479878582,0.0
^RUT,2026-04-17,2755.0,Call,2.7,3.5,6.83,12.0,0.0,0.037462023653088046,2677.2900390625,0.2309495479878582,0.0
^RUT,2026-04-17,2755.0,Put,253.7,277.7,163.45,15.0,0.0,0.037462023653088046,2677.2900390625,0.2309495479878582,0.0
^RUT,2026-04-17,2760.0,Call,2.4,3.3,0.41,12.0,0.0,0.037462023653088046,2677.2900390625,0.2309495479878582,0.0
^RUT,2026-04-17,2760.0,Put,258.1,282.1,166.05,1.0,0.0,0.037462023653088046,2677.2900390625,0.2309495479878582,0.0
^RUT,2026-04-17,2765.0,Call,1.95,2.75,5.21,1.0,0.0,0.037462023653088046,2677.2900390625,0.2309495479878582,0.0
^RUT,2026-04-17,2765.0,Put,263.2,287.2,233.94,2.0,0.0,0.037462023653088046,2677.2900390625,0.2309495479878582,0.0
^RUT,2026-04-17,2770.0,Call,1.95,2.75,4.55,1.0,0.0,0.037462023653088046,2677.2900390625,0.2309495479878582,0.0
^RUT,2026-04-17,2770.0,Put,268.0,292.0,206.41,1.0,0.0,0.037462023653088046,2677.2900390625,0.2309495479878582,0.0
^RUT,2026-04-17,2775.0,Call,1.8,2.5,3.0,3.0,0.0,0.037462023653088046,2677.2900390625,0.2309495479878582,0.0
^RUT,2026-04-17,2775.0,Put,272.8,296.8,209.75,1.0,0.0,0.037462023653088046,2677.2900390625,0.2309495479878582,0.0
^RUT,2026-04-17,2780.0,Call,1.4,2.1,3.32,5.0,0.0,0.037462023653088046,2677.2900390625,0.2309495479878582,0.0
^RUT,2026-04-17,2780.0,Put,277.6,301.6,220.01,1.0,0.0,0.037462023653088046,2677.2900390625,0.2309495479878582,0.0
^RUT,2026-04-17,2785.0,Call,1.3,1.95,3.42,50.0,0.0,0.037462023653088046,2677.2900390625,0.2309495479878582,0.0
^RUT,2026-04-17,2790.0,Call,1.2,1.8,2.82,6.0,0.0,0.037462023653088046,2677.2900390625,0.2309495479878582,0.0
^RUT,2026-04-17,2790.0,Put,287.3,311.3,228.48,3.0,0.0,0.037462023653088046,2677.2900390625,0.2309495479878582,0.0
^RUT,2026-04-17,2795.0,Call,1.2,1.8,3.38,31.0,0.0,0.037462023653088046,2677.2900390625,0.2309495479878582,0.0
^RUT,2026-04-17,2795.0,Put,292.2,316.2,234.13,1.0,0.0,0.037462023653088046,2677.2900390625,0.2309495479878582,0.0
^RUT,2026-04-17,2800.0,Call,1.05,1.65,2.48,61.0,0.0,0.037462023653088046,2677.2900390625,0.2309495479878582,0.0
^RUT,2026-04-17,2800.0,Put,296.6,320.6,238.64,9.0,0.0,0.037462023653088046,2677.2900390625,0.2309495479878582,0.0
^RUT,2026-04-17,2805.0,Call,0.95,1.55,2.2,1.0,0.0,0.037462023653088046,2677.2900390625,0.2309495479878582,0.0
^RUT,2026-04-17,2805.0,Put,301.9,325.9,223.57,1.0,0.0,0.037462023653088046,2677.2900390625,0.2309495479878582,0.0
^RUT,2026-04-17,2810.0,Call,0.75,1.3,1.38,10.0,0.0,0.037462023653088046,2677.2900390625,0.2309495479878582,0.0
^RUT,2026-04-17,2810.0,Put,306.8,330.8,226.58,11.0,0.0,0.037462023653088046,2677.2900390625,0.2309495479878582,0.0
^RUT,2026-04-17,2815.0,Call,0.75,1.35,2.49,3.0,0.0,0.037462023653088046,2677.2900390625,0.2309495479878582,0.0
^RUT,2026-04-17,2820.0,Call,0.6,1.15,1.75,64.0,0.0,0.037462023653088046,2677.2900390625,0.2309495479878582,0.0
^RUT,2026-04-17,2825.0,Call,0.6,1.15,0.73,10.0,0.0,0.037462023653088046,2677.2900390625,0.2309495479878582,0.0
^RUT,2026-04-17,2830.0,Call,0.55,1.1,1.7,35.0,0.0,0.037462023653088046,2677.2900390625,0.2309495479878582,0.0
^RUT,2026-04-17,2830.0,Put,326.5,350.5,182.46,2.0,0.0,0.037462023653088046,2677.2900390625,0.2309495479878582,0.0
^RUT,2026-04-17,2835.0,Call,0.5,1.05,1.1,3.0,0.0,0.037462023653088046,2677.2900390625,0.2309495479878582,0.0
^RUT,2026-04-17,2840.0,Call,0.45,1.0,1.5,2.0,0.0,0.037462023653088046,2677.2900390625,0.2309495479878582,0.0
^RUT,2026-04-17,2840.0,Put,336.4,360.4,224.01,1.0,0.0,0.037462023653088046,2677.2900390625,0.2309495479878582,0.0
^RUT,2026-04-17,2845.0,Call,0.35,0.85,1.23,3.0,0.0,0.037462023653088046,2677.2900390625,0.2309495479878582,0.0
^RUT,2026-04-17,2850.0,Call,0.35,0.9,1.4,5.0,0.0,0.037462023653088046,2677.2900390625,0.2309495479878582,0.0
^RUT,2026-04-17,2850.0,Put,346.3,370.3,236.53,1.0,0.0,0.037462023653088046,2677.2900390625,0.2309495479878582,0.0
^RUT,2026-04-17,2855.0,Call,0.3,0.8,0.95,1.0,0.0,0.037462023653088046,2677.2900390625,0.2309495479878582,0.0
^RUT,2026-04-17,2860.0,Call,0.3,0.8,1.1,1.0,0.0,0.037462023653088046,2677.2900390625,0.2309495479878582,0.0
^RUT,2026-04-17,2860.0,Put,356.2,380.2,237.09,1.0,0.0,0.037462023653088046,2677.2900390625,0.2309495479878582,0.0
^RUT,2026-04-17,2865.0,Call,0.2,0.75,0.72,2.0,0.0,0.037462023653088046,2677.2900390625,0.2309495479878582,0.0
^RUT,2026-04-17,2870.0,Call,0.2,0.7,0.53,5.0,0.0,0.037462023653088046,2677.2900390625,0.2309495479878582,0.0
^RUT,2026-04-17,2870.0,Put,366.1,390.1,265.28,3.0,0.0,0.037462023653088046,2677.2900390625,0.2309495479878582,0.0
^RUT,2026-04-17,2875.0,Call,0.2,0.7,0.68,5.0,0.0,0.037462023653088046,2677.2900390625,0.2309495479878582,0.0
^RUT,2026-04-17,2875.0,Put,371.1,395.1,235.21,,0.0,0.037462023653088046,2677.2900390625,0.2309495479878582,0.0
^RUT,2026-04-17,2880.0,Call,0.15,0.65,0.65,1.0,0.0,0.037462023653088046,2677.2900390625,0.2309495479878582,0.0
^RUT,2026-04-17,2885.0,Call,0.15,0.65,0.4,1.0,0.0,0.037462023653088046,2677.2900390625,0.2309495479878582,0.0
^RUT,2026-04-17,2890.0,Call,0.1,0.6,0.44,7.0,0.0,0.037462023653088046,2677.2900390625,0.2309495479878582,0.0
^RUT,2026-04-17,2890.0,Put,386.0,410.0,280.88,,0.0,0.037462023653088046,2677.2900390625,0.2309495479878582,0.0
^RUT,2026-04-17,2895.0,Call,0.1,0.6,1.6,,0.0,0.037462023653088046,2677.2900390625,0.2309495479878582,0.0
^RUT,2026-04-17,2900.0,Call,0.1,0.6,0.5,1.0,0.0,0.037462023653088046,2677.2900390625,0.2309495479878582,0.0
^RUT,2026-04-17,2905.0,Call,0.1,0.6,1.52,2.0,0.0,0.037462023653088046,2677.2900390625,0.2309495479878582,0.0
^RUT,2026-04-17,2910.0,Call,0.05,0.55,0.62,7.0,0.0,0.037462023653088046,2677.2900390625,0.2309495479878582,0.0
^RUT,2026-04-17,2915.0,Call,0.05,0.55,0.41,1.0,0.0,0.037462023653088046,2677.2900390625,0.2309495479878582,0.0
^RUT,2026-04-17,2920.0,Call,0.05,0.55,0.35,1.0,0.0,0.037462023653088046,2677.2900390625,0.2309495479878582,0.0
^RUT,2026-04-17,2925.0,Call,0.05,0.55,0.37,1.0,0.0,0.037462023653088046,2677.2900390625,0.2309495479878582,0.0
^RUT,2026-04-17,2930.0,Call,0.0,0.5,5.14,1.0,0.0,0.037462023653088046,2677.2900390625,0.2309495479878582,0.0
^RUT,2026-04-17,2930.0,Put,425.8,449.8,298.72,1.0,0.0,0.037462023653088046,2677.2900390625,0.2309495479878582,0.0
^RUT,2026-04-17,2935.0,Call,0.0,0.5,0.4,1.0,0.0,0.037462023653088046,2677.2900390625,0.2309495479878582,0.0
^RUT,2026-04-17,2940.0,Call,0.0,0.5,0.4,4.0,0.0,0.037462023653088046,2677.2900390625,0.2309495479878582,0.0
^RUT,2026-04-17,2945.0,Call,0.0,0.5,1.6,,0.0,0.037462023653088046,2677.2900390625,0.2309495479878582,0.0
^RUT,2026-04-17,2950.0,Call,0.0,0.5,7.7,,0.0,0.037462023653088046,2677.2900390625,0.2309495479878582,0.0
^RUT,2026-04-17,2950.0,Put,445.3,469.3,285.07,104.0,0.0,0.037462023653088046,2677.2900390625,0.2309495479878582,0.0
^RUT,2026-04-17,2955.0,Call,0.0,0.5,0.3,,0.0,0.037462023653088046,2677.2900390625,0.2309495479878582,0.0
^RUT,2026-04-17,2960.0,Call,0.0,0.45,0.35,6.0,0.0,0.037462023653088046,2677.2900390625,0.2309495479878582,0.0
^RUT,2026-04-17,2965.0,Call,0.0,0.45,0.38,1.0,0.0,0.037462023653088046,2677.2900390625,0.2309495479878582,0.0
^RUT,2026-04-17,2975.0,Call,0.0,0.4,1.02,4.0,0.0,0.037462023653088046,2677.2900390625,0.2309495479878582,0.0
^RUT,2026-04-17,2980.0,Call,0.0,0.4,0.81,8.0,0.0,0.037462023653088046,2677.2900390625,0.2309495479878582,0.0
^RUT,2026-04-17,2985.0,Call,0.0,0.45,0.53,2.0,0.0,0.037462023653088046,2677.2900390625,0.2309495479878582,0.0
^RUT,2026-04-17,2990.0,Call,0.0,0.4,0.6,2.0,0.0,0.037462023653088046,2677.2900390625,0.2309495479878582,0.0
^RUT,2026-04-17,2995.0,Call,0.0,0.4,0.31,1.0,0.0,0.037462023653088046,2677.2900390625,0.2309495479878582,0.0
^RUT,2026-04-17,3000.0,Call,0.0,0.4,0.22,1.0,0.0,0.037462023653088046,2677.2900390625,0.2309495479878582,0.0
^RUT,2026-04-17,3000.0,Put,495.5,519.5,308.85,2.0,0.0,0.037462023653088046,2677.2900390625,0.2309495479878582,0.0
^RUT,2026-04-17,3010.0,Call,0.0,0.4,1.65,5.0,0.0,0.037462023653088046,2677.2900390625,0.2309495479878582,0.0
^RUT,2026-04-17,3015.0,Call,0.0,0.4,0.9,3.0,0.0,0.037462023653088046,2677.2900390625,0.2309495479878582,0.0
^RUT,2026-04-17,3020.0,Call,0.0,0.35,0.45,2.0,0.0,0.037462023653088046,2677.2900390625,0.2309495479878582,0.0
^RUT,2026-04-17,3025.0,Call,0.0,0.35,0.8,1.0,0.0,0.037462023653088046,2677.2900390625,0.2309495479878582,0.0
^RUT,2026-04-17,3040.0,Call,0.0,0.35,2.25,,0.0,0.037462023653088046,2677.2900390625,0.2309495479878582,0.0
^RUT,2026-04-17,3045.0,Call,0.0,0.35,0.9,2.0,0.0,0.037462023653088046,2677.2900390625,0.2309495479878582,0.0
^RUT,2026-04-17,3050.0,Call,0.05,0.35,0.15,1.0,0.0,0.037462023653088046,2677.2900390625,0.2309495479878582,0.0
^RUT,2026-04-17,3100.0,Call,0.0,0.3,0.1,20.0,0.0,0.037462023653088046,2677.2900390625,0.2309495479878582,0.0
^RUT,2026-04-17,3150.0,Call,0.0,0.3,0.1,5.0,0.0,0.037462023653088046,2677.2900390625,0.2309495479878582,0.0
^RUT,2026-04-17,3200.0,Call,0.0,0.25,0.08,11.0,0.0,0.037462023653088046,2677.2900390625,0.2309495479878582,0.0
^RUT,2026-04-17,3250.0,Call,0.0,0.25,0.1,10.0,0.0,0.037462023653088046,2677.2900390625,0.2309495479878582,0.0
^RUT,2026-04-17,3300.0,Call,0.0,0.25,0.09,1.0,0.0,0.037462023653088046,2677.2900390625,0.2309495479878582,0.0
^RUT,2026-04-17,3400.0,Call,0.0,0.3,1.94,,5.0,0.037462023653088046,2677.2900390625,0.2309495479878582,0.0
^RUT,2026-04-17,3450.0,Call,0.0,0.25,0.1,,0.0,0.037462023653088046,2677.2900390625,0.2309495479878582,0.0
^RUT,2026-04-17,3500.0,Call,0.0,0.25,0.1,,0.0,0.037462023653088046,2677.2900390625,0.2309495479878582,0.0
^RUT,2026-04-17,3550.0,Call,0.0,0.25,0.1,,0.0,0.037462023653088046,2677.2900390625,0.2309495479878582,0.0
^RUT,2026-04-17,3600.0,Call,0.0,0.25,0.1,,0.0,0.037462023653088046,2677.2900390625,0.2309495479878582,0.0
^RUT,2026-04-17,3650.0,Call,0.0,0.25,0.1,,0.0,0.037462023653088046,2677.2900390625,0.2309495479878582,0.0
^RUT,2026-04-17,3700.0,Call,0.0,0.25,0.1,20.0,0.0,0.037462023653088046,2677.2900390625,0.2309495479878582,0.0
^RUT,2026-04-17,3750.0,Call,0.0,0.25,0.52,,85.0,0.037462023653088046,2677.2900390625,0.2309495479878582,0.0
^RUT,2026-04-17,3800.0,Call,0.0,0.25,0.1,15.0,0.0,0.037462023653088046,2677.2900390625,0.2309495479878582,0.0
^RUT,2026-04-17,3850.0,Call,0.0,0.2,0.1,30.0,55.0,0.037462023653088046,2677.2900390625,0.2309495479878582,0.0
^RUT,2026-04-17,3900.0,Call,0.0,0.2,0.1,10.0,40.0,0.037462023653088046,2677.2900390625,0.2309495479878582,0.0
^RUT,2026-04-24,2000.0,Put,5.0,6.1,5.9,22.0,0.0,0.037416031537450725,2677.2900390625,0.2309495479878582,0.0
^RUT,2026-04-24,2005.0,Put,5.2,6.1,8.56,10.0,0.0,0.037416031537450725,2677.2900390625,0.2309495479878582,0.0
^RUT,2026-04-24,2010.0,Put,5.3,6.3,4.81,1.0,0.0,0.037416031537450725,2677.2900390625,0.2309495479878582,0.0
^RUT,2026-04-24,2020.0,Put,5.6,6.7,6.73,2.0,0.0,0.037416031537450725,2677.2900390625,0.2309495479878582,0.0
^RUT,2026-04-24,2025.0,Put,5.7,6.7,6.65,40.0,0.0,0.037416031537450725,2677.2900390625,0.2309495479878582,0.0
^RUT,2026-04-24,2030.0,Put,5.9,6.9,5.61,1.0,0.0,0.037416031537450725,2677.2900390625,0.2309495479878582,0.0
^RUT,2026-04-24,2040.0,Put,6.2,7.4,7.05,1.0,0.0,0.037416031537450725,2677.2900390625,0.2309495479878582,0.0
^RUT,2026-04-24,2045.0,Put,6.4,7.5,7.1,1.0,0.0,0.037416031537450725,2677.2900390625,0.2309495479878582,0.0
^RUT,2026-04-24,2050.0,Put,6.6,7.7,7.69,6.0,0.0,0.037416031537450725,2677.2900390625,0.2309495479878582,0.0
^RUT,2026-04-24,2055.0,Put,6.7,7.9,7.67,225.0,0.0,0.037416031537450725,2677.2900390625,0.2309495479878582,0.0
^RUT,2026-04-24,2060.0,Put,7.0,8.2,8.01,265.0,0.0,0.037416031537450725,2677.2900390625,0.2309495479878582,0.0
^RUT,2026-04-24,2065.0,Put,7.2,8.4,8.1,211.0,0.0,0.037416031537450725,2677.2900390625,0.2309495479878582,0.0
^RUT,2026-04-24,2070.0,Put,7.4,8.6,8.42,265.0,0.0,0.037416031537450725,2677.2900390625,0.2309495479878582,0.0
^RUT,2026-04-24,2075.0,Put,7.6,8.8,8.66,43.0,0.0,0.037416031537450725,2677.2900390625,0.2309495479878582,0.0
^RUT,2026-04-24,2080.0,Put,7.9,9.0,7.85,50.0,0.0,0.037416031537450725,2677.2900390625,0.2309495479878582,0.0
^RUT,2026-04-24,2085.0,Put,8.1,9.2,8.9,11.0,0.0,0.037416031537450725,2677.2900390625,0.2309495479878582,0.0
^RUT,2026-04-24,2090.0,Put,8.4,9.5,9.4,196.0,0.0,0.037416031537450725,2677.2900390625,0.2309495479878582,0.0
^RUT,2026-04-24,2095.0,Put,8.6,9.8,9.63,146.0,0.0,0.037416031537450725,2677.2900390625,0.2309495479878582,0.0
^RUT,2026-04-24,2100.0,Put,8.9,10.1,10.18,2427.0,0.0,0.037416031537450725,2677.2900390625,0.2309495479878582,0.0
^RUT,2026-04-24,2105.0,Put,9.2,10.4,10.46,25.0,0.0,0.037416031537450725,2677.2900390625,0.2309495479878582,0.0
^RUT,2026-04-24,2110.0,Put,9.5,10.6,10.73,7.0,0.0,0.037416031537450725,2677.2900390625,0.2309495479878582,0.0
^RUT,2026-04-24,2115.0,Put,9.8,11.0,10.61,12.0,0.0,0.037416031537450725,2677.2900390625,0.2309495479878582,0.0
^RUT,2026-04-24,2120.0,Put,10.1,11.3,11.32,12.0,0.0,0.037416031537450725,2677.2900390625,0.2309495479878582,0.0
^RUT,2026-04-24,2125.0,Put,10.4,11.7,11.51,12.0,0.0,0.037416031537450725,2677.2900390625,0.2309495479878582,0.0
^RUT,2026-04-24,2130.0,Put,10.7,12.0,11.82,25.0,0.0,0.037416031537450725,2677.2900390625,0.2309495479878582,0.0
^RUT,2026-04-24,2135.0,Put,11.1,12.3,12.03,23.0,0.0,0.037416031537450725,2677.2900390625,0.2309495479878582,0.0
^RUT,2026-04-24,2140.0,Put,11.4,12.7,11.72,10.0,0.0,0.037416031537450725,2677.2900390625,0.2309495479878582,0.0
^RUT,2026-04-24,2145.0,Put,11.8,13.1,12.05,63.0,0.0,0.037416031537450725,2677.2900390625,0.2309495479878582,0.0
^RUT,2026-04-24,2150.0,Put,12.2,13.4,13.4,177.0,0.0,0.037416031537450725,2677.2900390625,0.2309495479878582,0.0
^RUT,2026-04-24,2155.0,Put,12.6,13.8,13.75,52.0,0.0,0.037416031537450725,2677.2900390625,0.2309495479878582,0.0
^RUT,2026-04-24,2160.0,Put,13.0,14.3,12.89,159.0,0.0,0.037416031537450725,2677.2900390625,0.2309495479878582,0.0
^RUT,2026-04-24,2165.0,Put,13.4,14.7,12.25,4.0,0.0,0.037416031537450725,2677.2900390625,0.2309495479878582,0.0
^RUT,2026-04-24,2170.0,Put,13.8,15.2,12.58,2.0,0.0,0.037416031537450725,2677.2900390625,0.2309495479878582,0.0
^RUT,2026-04-24,2175.0,Put,14.3,15.7,11.52,4.0,0.0,0.037416031537450725,2677.2900390625,0.2309495479878582,0.0
^RUT,2026-04-24,2180.0,Put,14.7,16.1,15.35,1.0,0.0,0.037416031537450725,2677.2900390625,0.2309495479878582,0.0
^RUT,2026-04-24,2190.0,Put,15.8,17.0,13.3,1.0,0.0,0.037416031537450725,2677.2900390625,0.2309495479878582,0.0
^RUT,2026-04-24,2195.0,Put,16.2,17.7,16.14,1.0,0.0,0.037416031537450725,2677.2900390625,0.2309495479878582,0.0
^RUT,2026-04-24,2200.0,Put,16.7,18.2,16.49,1.0,0.0,0.037416031537450725,2677.2900390625,0.2309495479878582,0.0
^RUT,2026-04-24,2205.0,Put,17.3,18.8,17.05,11.0,0.0,0.037416031537450725,2677.2900390625,0.2309495479878582,0.0
^RUT,2026-04-24,2215.0,Put,18.4,19.8,14.48,2.0,0.0,0.037416031537450725,2677.2900390625,0.2309495479878582,0.0
^RUT,2026-04-24,2220.0,Put,19.0,20.5,14.9,1.0,0.0,0.037416031537450725,2677.2900390625,0.2309495479878582,0.0
^RUT,2026-04-24,2225.0,Put,19.6,21.0,19.2,8.0,0.0,0.037416031537450725,2677.2900390625,0.2309495479878582,0.0
^RUT,2026-04-24,2230.0,Put,20.2,21.8,20.2,8.0,0.0,0.037416031537450725,2677.2900390625,0.2309495479878582,0.0
^RUT,2026-04-24,2235.0,Put,20.9,22.5,20.0,5.0,0.0,0.037416031537450725,2677.2900390625,0.2309495479878582,0.0
^RUT,2026-04-24,2240.0,Put,21.6,23.0,20.35,6.0,0.0,0.037416031537450725,2677.2900390625,0.2309495479878582,0.0
^RUT,2026-04-24,2245.0,Put,22.3,23.9,23.46,2.0,0.0,0.037416031537450725,2677.2900390625,0.2309495479878582,0.0
^RUT,2026-04-24,2250.0,Call,254.8,278.8,376.84,,0.0,0.037416031537450725,2677.2900390625,0.2309495479878582,0.0
^RUT,2026-04-24,2250.0,Put,23.0,24.6,24.13,3.0,0.0,0.037416031537450725,2677.2900390625,0.2309495479878582,0.0
^RUT,2026-04-24,2255.0,Put,23.7,25.3,23.91,1.0,0.0,0.037416031537450725,2677.2900390625,0.2309495479878582,0.0
^RUT,2026-04-24,2260.0,Call,246.0,270.0,367.31,,0.0,0.037416031537450725,2677.2900390625,0.2309495479878582,0.0
^RUT,2026-04-24,2260.0,Put,24.5,26.0,18.54,1.0,0.0,0.037416031537450725,2677.2900390625,0.2309495479878582,0.0
^RUT,2026-04-24,2265.0,Put,25.3,26.7,28.15,75.0,0.0,0.037416031537450725,2677.2900390625,0.2309495479878582,0.0
^RUT,2026-04-24,2270.0,Put,21.0,32.4,27.58,7.0,0.0,0.037416031537450725,2677.2900390625,0.2309495479878582,0.0
^RUT,2026-04-24,2275.0,Put,26.9,28.4,24.55,33.0,0.0,0.037416031537450725,2677.2900390625,0.2309495479878582,0.0
^RUT,2026-04-24,2280.0,Call,229.8,253.8,355.92,,0.0,0.037416031537450725,2677.2900390625,0.2309495479878582,0.0
^RUT,2026-04-24,2280.0,Put,27.7,29.3,29.28,6.0,0.0,0.037416031537450725,2677.2900390625,0.2309495479878582,0.0
^RUT,2026-04-24,2285.0,Call,225.7,249.7,351.28,,0.0,0.037416031537450725,2677.2900390625,0.2309495479878582,0.0
^RUT,2026-04-24,2285.0,Put,28.6,30.1,21.82,11.0,0.0,0.037416031537450725,2677.2900390625,0.2309495479878582,0.0
^RUT,2026-04-24,2290.0,Put,29.5,31.0,27.94,1.0,0.0,0.037416031537450725,2677.2900390625,0.2309495479878582,0.0
^RUT,2026-04-24,2295.0,Put,30.3,32.0,31.1,1.0,0.0,0.037416031537450725,2677.2900390625,0.2309495479878582,0.0
^RUT,2026-04-24,2300.0,Put,31.2,32.9,32.0,1.0,0.0,0.037416031537450725,2677.2900390625,0.2309495479878582,0.0
^RUT,2026-04-24,2305.0,Put,32.2,33.8,25.28,1.0,0.0,0.037416031537450725,2677.2900390625,0.2309495479878582,0.0
^RUT,2026-04-24,2310.0,Put,33.2,34.7,34.42,6.0,0.0,0.037416031537450725,2677.2900390625,0.2309495479878582,0.0
^RUT,2026-04-24,2315.0,Put,34.2,35.7,25.96,1.0,0.0,0.037416031537450725,2677.2900390625,0.2309495479878582,0.0
^RUT,2026-04-24,2320.0,Put,35.2,36.8,32.1,1.0,0.0,0.037416031537450725,2677.2900390625,0.2309495479878582,0.0
^RUT,2026-04-24,2325.0,Put,36.3,37.8,34.81,31.0,0.0,0.037416031537450725,2677.2900390625,0.2309495479878582,0.0
^RUT,2026-04-24,2330.0,Put,37.3,39.0,38.07,3.0,0.0,0.037416031537450725,2677.2900390625,0.2309495479878582,0.0
^RUT,2026-04-24,2335.0,Put,38.4,40.0,39.71,18.0,0.0,0.037416031537450725,2677.2900390625,0.2309495479878582,0.0
^RUT,2026-04-24,2340.0,Put,39.5,41.2,29.98,2.0,0.0,0.037416031537450725,2677.2900390625,0.2309495479878582,0.0
^RUT,2026-04-24,2345.0,Put,40.7,42.3,38.6,7.0,0.0,0.037416031537450725,2677.2900390625,0.2309495479878582,0.0
^RUT,2026-04-24,2350.0,Put,41.9,43.5,39.55,2008.0,0.0,0.037416031537450725,2677.2900390625,0.2309495479878582,0.0
^RUT,2026-04-24,2355.0,Put,43.0,44.8,40.64,7.0,0.0,0.037416031537450725,2677.2900390625,0.2309495479878582,0.0
^RUT,2026-04-24,2360.0,Put,44.3,46.0,37.97,6.0,0.0,0.037416031537450725,2677.2900390625,0.2309495479878582,0.0
^RUT,2026-04-24,2365.0,Put,45.5,47.2,33.77,1.0,0.0,0.037416031537450725,2677.2900390625,0.2309495479878582,0.0
^RUT,2026-04-24,2370.0,Put,46.8,48.3,39.62,2.0,0.0,0.037416031537450725,2677.2900390625,0.2309495479878582,0.0
^RUT,2026-04-24,2375.0,Put,48.1,49.7,40.68,2.0,0.0,0.037416031537450725,2677.2900390625,0.2309495479878582,0.0
^RUT,2026-04-24,2380.0,Put,49.3,51.2,38.5,8.0,0.0,0.037416031537450725,2677.2900390625,0.2309495479878582,0.0
^RUT,2026-04-24,2385.0,Put,50.7,52.5,48.11,10.0,0.0,0.037416031537450725,2677.2900390625,0.2309495479878582,0.0
^RUT,2026-04-24,2390.0,Put,52.2,53.8,39.28,1.0,0.0,0.037416031537450725,2677.2900390625,0.2309495479878582,0.0
^RUT,2026-04-24,2395.0,Put,53.5,55.3,59.9,2.0,0.0,0.037416031537450725,2677.2900390625,0.2309495479878582,0.0
^RUT,2026-04-24,2400.0,Call,143.3,161.0,167.19,2.0,0.0,0.037416031537450725,2677.2900390625,0.2309495479878582,0.0
^RUT,2026-04-24,2400.0,Put,54.8,56.8,53.12,1.0,0.0,0.037416031537450725,2677.2900390625,0.2309495479878582,0.0
^RUT,2026-04-24,2405.0,Call,144.8,147.3,162.9,6.0,0.0,0.037416031537450725,2677.2900390625,0.2309495479878582,0.0
^RUT,2026-04-24,2405.0,Put,56.4,58.2,70.06,1.0,0.0,0.037416031537450725,2677.2900390625,0.2309495479878582,0.0
^RUT,2026-04-24,2410.0,Put,53.9,65.7,71.84,1.0,0.0,0.037416031537450725,2677.2900390625,0.2309495479878582,0.0
^RUT,2026-04-24,2415.0,Put,59.3,61.3,52.98,18.0,0.0,0.037416031537450725,2677.2900390625,0.2309495479878582,0.0
^RUT,2026-04-24,2420.0,Put,61.0,62.8,56.99,31.0,0.0,0.037416031537450725,2677.2900390625,0.2309495479878582,0.0
^RUT,2026-04-24,2425.0,Put,62.5,64.3,64.74,5.0,0.0,0.037416031537450725,2677.2900390625,0.2309495479878582,0.0
^RUT,2026-04-24,2430.0,Put,60.1,72.1,61.92,16.0,0.0,0.037416031537450725,2677.2900390625,0.2309495479878582,0.0
^RUT,2026-04-24,2435.0,Put,65.8,67.7,60.59,15.0,0.0,0.037416031537450725,2677.2900390625,0.2309495479878582,0.0
^RUT,2026-04-24,2440.0,Put,67.5,69.4,49.79,5.0,0.0,0.037416031537450725,2677.2900390625,0.2309495479878582,0.0
^RUT,2026-04-24,2445.0,Put,69.1,71.2,79.03,2.0,0.0,0.037416031537450725,2677.2900390625,0.2309495479878582,0.0
^RUT,2026-04-24,2450.0,Put,66.9,79.0,68.17,12.0,0.0,0.037416031537450725,2677.2900390625,0.2309495479878582,0.0
^RUT,2026-04-24,2455.0,Call,106.9,123.8,97.53,1.0,0.0,0.037416031537450725,2677.2900390625,0.2309495479878582,0.0
^RUT,2026-04-24,2455.0,Put,72.8,74.7,67.45,1.0,0.0,0.037416031537450725,2677.2900390625,0.2309495479878582,0.0
^RUT,2026-04-24,2460.0,Call,108.5,110.7,94.58,1.0,0.0,0.037416031537450725,2677.2900390625,0.2309495479878582,0.0
^RUT,2026-04-24,2460.0,Put,74.6,76.5,60.22,10.0,0.0,0.037416031537450725,2677.2900390625,0.2309495479878582,0.0
^RUT,2026-04-24,2465.0,Put,72.4,84.5,75.9,6.0,0.0,0.037416031537450725,2677.2900390625,0.2309495479878582,0.0
^RUT,2026-04-24,2470.0,Put,74.3,86.5,59.49,8.0,0.0,0.037416031537450725,2677.2900390625,0.2309495479878582,0.0
^RUT,2026-04-24,2475.0,Call,99.1,101.2,104.73,1.0,0.0,0.037416031537450725,2677.2900390625,0.2309495479878582,0.0
^RUT,2026-04-24,2475.0,Put,80.1,82.1,73.54,1.0,0.0,0.037416031537450725,2677.2900390625,0.2309495479878582,0.0
^RUT,2026-04-24,2480.0,Put,78.2,90.4,118.73,1.0,0.0,0.037416031537450725,2677.2900390625,0.2309495479878582,0.0
^RUT,2026-04-24,2485.0,Put,84.4,86.3,90.5,17.0,0.0,0.037416031537450725,2677.2900390625,0.2309495479878582,0.0
^RUT,2026-04-24,2490.0,Put,82.3,94.6,68.9,12.0,0.0,0.037416031537450725,2677.2900390625,0.2309495479878582,0.0
^RUT,2026-04-24,2495.0,Put,84.4,96.8,89.1,10.0,0.0,0.037416031537450725,2677.2900390625,0.2309495479878582,0.0
^RUT,2026-04-24,2500.0,Call,84.6,86.7,95.7,2.0,0.0,0.037416031537450725,2677.2900390625,0.2309495479878582,0.0
^RUT,2026-04-24,2500.0,Put,86.5,99.0,71.71,16.0,0.0,0.037416031537450725,2677.2900390625,0.2309495479878582,0.0
^RUT,2026-04-24,2505.0,Put,88.7,101.2,74.76,1.0,0.0,0.037416031537450725,2677.2900390625,0.2309495479878582,0.0
^RUT,2026-04-24,2510.0,Put,90.9,103.5,94.29,3.0,0.0,0.037416031537450725,2677.2900390625,0.2309495479878582,0.0
^RUT,2026-04-24,2515.0,Put,93.2,105.8,94.9,2.0,0.0,0.037416031537450725,2677.2900390625,0.2309495479878582,0.0
^RUT,2026-04-24,2520.0,Put,99.6,101.6,80.89,20.0,0.0,0.037416031537450725,2677.2900390625,0.2309495479878582,0.0
^RUT,2026-04-24,2525.0,Call,71.3,73.2,92.5,24.0,0.0,0.037416031537450725,2677.2900390625,0.2309495479878582,0.0
^RUT,2026-04-24,2525.0,Put,102.0,104.0,86.0,24.0,0.0,0.037416031537450725,2677.2900390625,0.2309495479878582,0.0
^RUT,2026-04-24,2530.0,Call,68.6,70.7,75.63,1.0,0.0,0.037416031537450725,2677.2900390625,0.2309495479878582,0.0
^RUT,2026-04-24,2530.0,Put,100.2,113.1,83.66,2.0,0.0,0.037416031537450725,2677.2900390625,0.2309495479878582,0.0
^RUT,2026-04-24,2535.0,Put,106.9,109.0,70.8,6.0,0.0,0.037416031537450725,2677.2900390625,0.2309495479878582,0.0
^RUT,2026-04-24,2540.0,Call,63.8,65.7,89.3,1.0,0.0,0.037416031537450725,2677.2900390625,0.2309495479878582,0.0
^RUT,2026-04-24,2540.0,Put,104.1,118.2,91.54,5.0,0.0,0.037416031537450725,2677.2900390625,0.2309495479878582,0.0
^RUT,2026-04-24,2545.0,Call,55.6,69.4,68.39,6.0,0.0,0.037416031537450725,2677.2900390625,0.2309495479878582,0.0
^RUT,2026-04-24,2545.0,Put,112.0,114.1,148.3,6.0,0.0,0.037416031537450725,2677.2900390625,0.2309495479878582,0.0
^RUT,2026-04-24,2550.0,Call,59.0,61.0,46.5,,0.0,0.037416031537450725,2677.2900390625,0.2309495479878582,0.0
^RUT,2026-04-24,2550.0,Put,114.8,117.1,97.26,1.0,0.0,0.037416031537450725,2677.2900390625,0.2309495479878582,0.0
^RUT,2026-04-24,2555.0,Call,56.7,58.7,59.14,1.0,0.0,0.037416031537450725,2677.2900390625,0.2309495479878582,0.0
^RUT,2026-04-24,2560.0,Call,54.5,56.4,61.17,12.0,0.0,0.037416031537450725,2677.2900390625,0.2309495479878582,0.0
^RUT,2026-04-24,2560.0,Put,119.9,122.3,98.88,2.0,0.0,0.037416031537450725,2677.2900390625,0.2309495479878582,0.0
^RUT,2026-04-24,2565.0,Call,52.2,54.3,76.62,1.0,0.0,0.037416031537450725,2677.2900390625,0.2309495479878582,0.0
^RUT,2026-04-24,2570.0,Call,50.3,52.1,65.72,6.0,0.0,0.037416031537450725,2677.2900390625,0.2309495479878582,0.0
^RUT,2026-04-24,2570.0,Put,113.7,141.7,105.14,5.0,0.0,0.037416031537450725,2677.2900390625,0.2309495479878582,0.0
^RUT,2026-04-24,2575.0,Call,48.2,49.9,53.14,6.0,0.0,0.037416031537450725,2677.2900390625,0.2309495479878582,0.0
^RUT,2026-04-24,2575.0,Put,116.6,144.6,116.6,80.0,0.0,0.037416031537450725,2677.2900390625,0.2309495479878582,0.0
^RUT,2026-04-24,2580.0,Call,46.1,47.9,35.89,1.0,0.0,0.037416031537450725,2677.2900390625,0.2309495479878582,0.0
^RUT,2026-04-24,2580.0,Put,131.2,133.8,107.53,3.0,0.0,0.037416031537450725,2677.2900390625,0.2309495479878582,0.0
^RUT,2026-04-24,2585.0,Put,122.5,150.5,92.5,,0.0,0.037416031537450725,2677.2900390625,0.2309495479878582,0.0
^RUT,2026-04-24,2590.0,Put,125.5,153.5,131.98,15.0,0.0,0.037416031537450725,2677.2900390625,0.2309495479878582,0.0
^RUT,2026-04-24,2595.0,Put,128.6,156.6,130.0,5.0,0.0,0.037416031537450725,2677.2900390625,0.2309495479878582,0.0
^RUT,2026-04-24,2600.0,Call,38.5,40.2,56.63,5.0,0.0,0.037416031537450725,2677.2900390625,0.2309495479878582,0.0
^RUT,2026-04-24,2600.0,Put,143.2,146.3,186.6,2.0,0.0,0.037416031537450725,2677.2900390625,0.2309495479878582,0.0
^RUT,2026-04-24,2605.0,Call,36.7,38.4,44.54,,0.0,0.037416031537450725,2677.2900390625,0.2309495479878582,0.0
^RUT,2026-04-24,2610.0,Call,35.0,36.6,36.1,9.0,0.0,0.037416031537450725,2677.2900390625,0.2309495479878582,0.0
^RUT,2026-04-24,2610.0,Put,149.7,153.3,175.62,4.0,0.0,0.037416031537450725,2677.2900390625,0.2309495479878582,0.0
^RUT,2026-04-24,2615.0,Call,33.3,34.9,40.09,,0.0,0.037416031537450725,2677.2900390625,0.2309495479878582,0.0
^RUT,2026-04-24,2620.0,Call,31.5,33.3,36.4,12.0,0.0,0.037416031537450725,2677.2900390625,0.2309495479878582,0.0
^RUT,2026-04-24,2620.0,Put,156.6,159.8,147.95,5.0,0.0,0.037416031537450725,2677.2900390625,0.2309495479878582,0.0
^RUT,2026-04-24,2625.0,Call,29.9,31.7,40.62,5.0,0.0,0.037416031537450725,2677.2900390625,0.2309495479878582,0.0
^RUT,2026-04-24,2625.0,Put,148.1,176.1,145.49,1.0,0.0,0.037416031537450725,2677.2900390625,0.2309495479878582,0.0
^RUT,2026-04-24,2630.0,Call,28.5,30.1,42.34,3.0,0.0,0.037416031537450725,2677.2900390625,0.2309495479878582,0.0
^RUT,2026-04-24,2630.0,Put,163.2,166.8,148.69,1.0,0.0,0.037416031537450725,2677.2900390625,0.2309495479878582,0.0
^RUT,2026-04-24,2640.0,Call,25.5,27.2,38.47,3.0,0.0,0.037416031537450725,2677.2900390625,0.2309495479878582,0.0
^RUT,2026-04-24,2645.0,Put,173.8,177.5,151.76,,0.0,0.037416031537450725,2677.2900390625,0.2309495479878582,0.0
^RUT,2026-04-24,2650.0,Call,22.9,24.4,27.71,1.0,0.0,0.037416031537450725,2677.2900390625,0.2309495479878582,0.0
^RUT,2026-04-24,2650.0,Put,177.0,180.7,148.82,9.0,0.0,0.037416031537450725,2677.2900390625,0.2309495479878582,0.0
^RUT,2026-04-24,2655.0,Call,21.6,23.1,35.06,1.0,0.0,0.037416031537450725,2677.2900390625,0.2309495479878582,0.0
^RUT,2026-04-24,2660.0,Call,20.2,21.9,23.54,15.0,0.0,0.037416031537450725,2677.2900390625,0.2309495479878582,0.0
^RUT,2026-04-24,2660.0,Put,184.8,188.6,147.63,1.0,0.0,0.037416031537450725,2677.2900390625,0.2309495479878582,0.0
^RUT,2026-04-24,2665.0,Call,19.0,20.7,23.23,30.0,0.0,0.037416031537450725,2677.2900390625,0.2309495479878582,0.0
^RUT,2026-04-24,2665.0,Put,182.5,198.5,177.96,3.0,0.0,0.037416031537450725,2677.2900390625,0.2309495479878582,0.0
^RUT,2026-04-24,2670.0,Call,18.0,19.5,30.73,2.0,0.0,0.037416031537450725,2677.2900390625,0.2309495479878582,0.0
^RUT,2026-04-24,2675.0,Call,16.9,18.5,21.91,11.0,0.0,0.037416031537450725,2677.2900390625,0.2309495479878582,0.0
^RUT,2026-04-24,2680.0,Call,15.8,17.4,19.7,15.0,0.0,0.037416031537450725,2677.2900390625,0.2309495479878582,0.0
^RUT,2026-04-24,2685.0,Call,15.0,16.4,22.41,40.0,0.0,0.037416031537450725,2677.2900390625,0.2309495479878582,0.0
^RUT,2026-04-24,2690.0,Call,13.9,15.4,25.19,46.0,0.0,0.037416031537450725,2677.2900390625,0.2309495479878582,0.0
^RUT,2026-04-24,2695.0,Call,13.1,14.5,21.62,3.0,0.0,0.037416031537450725,2677.2900390625,0.2309495479878582,0.0
^RUT,2026-04-24,2700.0,Call,12.2,13.6,16.25,75.0,0.0,0.037416031537450725,2677.2900390625,0.2309495479878582,0.0
^RUT,2026-04-24,2700.0,Put,206.4,230.4,208.95,1.0,0.0,0.037416031537450725,2677.2900390625,0.2309495479878582,0.0
^RUT,2026-04-24,2705.0,Call,11.3,12.8,18.17,4.0,0.0,0.037416031537450725,2677.2900390625,0.2309495479878582,0.0
^RUT,2026-04-24,2705.0,Put,210.6,234.6,221.34,1.0,0.0,0.037416031537450725,2677.2900390625,0.2309495479878582,0.0
^RUT,2026-04-24,2710.0,Call,10.5,12.0,17.11,2.0,0.0,0.037416031537450725,2677.2900390625,0.2309495479878582,0.0
^RUT,2026-04-24,2715.0,Call,9.8,11.3,6.45,2.0,0.0,0.037416031537450725,2677.2900390625,0.2309495479878582,0.0
^RUT,2026-04-24,2720.0,Call,9.2,10.6,12.36,1.0,0.0,0.037416031537450725,2677.2900390625,0.2309495479878582,0.0
^RUT,2026-04-24,2725.0,Call,8.5,9.9,11.25,8.0,0.0,0.037416031537450725,2677.2900390625,0.2309495479878582,0.0
^RUT,2026-04-24,2730.0,Call,7.9,9.3,13.75,9.0,0.0,0.037416031537450725,2677.2900390625,0.2309495479878582,0.0
^RUT,2026-04-24,2735.0,Call,7.3,8.7,14.54,1.0,0.0,0.037416031537450725,2677.2900390625,0.2309495479878582,0.0
^RUT,2026-04-24,2740.0,Call,6.7,8.1,12.03,14.0,0.0,0.037416031537450725,2677.2900390625,0.2309495479878582,0.0
^RUT,2026-04-24,2745.0,Call,6.2,7.6,7.79,11.0,0.0,0.037416031537450725,2677.2900390625,0.2309495479878582,0.0
^RUT,2026-04-24,2750.0,Call,5.8,7.1,9.93,20.0,0.0,0.037416031537450725,2677.2900390625,0.2309495479878582,0.0
^RUT,2026-04-24,2755.0,Call,5.4,6.6,7.36,1.0,0.0,0.037416031537450725,2677.2900390625,0.2309495479878582,0.0
^RUT,2026-04-24,2760.0,Call,4.9,6.2,6.88,2.0,0.0,0.037416031537450725,2677.2900390625,0.2309495479878582,0.0
^RUT,2026-04-24,2765.0,Call,4.5,5.8,5.8,38.0,0.0,0.037416031537450725,2677.2900390625,0.2309495479878582,0.0
^RUT,2026-04-24,2770.0,Call,4.1,5.4,8.22,1.0,0.0,0.037416031537450725,2677.2900390625,0.2309495479878582,0.0
^RUT,2026-04-24,2775.0,Call,3.9,5.0,6.92,1.0,0.0,0.037416031537450725,2677.2900390625,0.2309495479878582,0.0
^RUT,2026-04-24,2780.0,Call,3.5,4.7,6.52,1.0,0.0,0.037416031537450725,2677.2900390625,0.2309495479878582,0.0
^RUT,2026-04-24,2785.0,Call,3.2,4.4,5.61,1.0,0.0,0.037416031537450725,2677.2900390625,0.2309495479878582,0.0
^RUT,2026-04-24,2790.0,Call,3.0,4.1,6.96,5.0,0.0,0.037416031537450725,2677.2900390625,0.2309495479878582,0.0
^RUT,2026-04-24,2795.0,Call,2.7,3.8,4.9,1.0,0.0,0.037416031537450725,2677.2900390625,0.2309495479878582,0.0
^RUT,2026-04-24,2800.0,Call,2.5,3.6,6.02,5.0,0.0,0.037416031537450725,2677.2900390625,0.2309495479878582,0.0
^RUT,2026-04-24,2805.0,Call,2.3,3.3,5.84,28.0,0.0,0.037416031537450725,2677.2900390625,0.2309495479878582,0.0
^RUT,2026-04-24,2810.0,Call,2.15,3.1,5.44,32.0,0.0,0.037416031537450725,2677.2900390625,0.2309495479878582,0.0
^RUT,2026-04-24,2815.0,Call,1.95,2.85,1.94,2.0,0.0,0.037416031537450725,2677.2900390625,0.2309495479878582,0.0
^RUT,2026-04-24,2820.0,Call,1.75,2.7,2.62,7.0,0.0,0.037416031537450725,2677.2900390625,0.2309495479878582,0.0
^RUT,2026-04-24,2825.0,Call,1.65,2.5,2.42,6.0,0.0,0.037416031537450725,2677.2900390625,0.2309495479878582,0.0
^RUT,2026-04-24,2830.0,Call,1.5,2.35,2.58,7.0,0.0,0.037416031537450725,2677.2900390625,0.2309495479878582,0.0
^RUT,2026-04-24,2835.0,Call,1.35,2.15,2.04,14.0,0.0,0.037416031537450725,2677.2900390625,0.2309495479878582,0.0
^RUT,2026-04-24,2840.0,Call,1.25,2.05,2.65,5.0,0.0,0.037416031537450725,2677.2900390625,0.2309495479878582,0.0
^RUT,2026-04-24,2845.0,Call,1.15,1.9,1.71,1.0,0.0,0.037416031537450725,2677.2900390625,0.2309495479878582,0.0
^RUT,2026-04-24,2850.0,Call,1.05,1.8,1.61,1.0,0.0,0.037416031537450725,2677.2900390625,0.2309495479878582,0.0
^RUT,2026-04-24,2855.0,Call,0.95,1.7,1.11,,0.0,0.037416031537450725,2677.2900390625,0.2309495479878582,0.0
^RUT,2026-04-24,2865.0,Call,0.8,1.5,1.7,3.0,0.0,0.037416031537450725,2677.2900390625,0.2309495479878582,0.0
^RUT,2026-04-24,2870.0,Call,0.75,1.45,1.83,4.0,0.0,0.037416031537450725,2677.2900390625,0.2309495479878582,0.0
^RUT,2026-04-24,2875.0,Call,0.7,1.35,1.83,1.0,0.0,0.037416031537450725,2677.2900390625,0.2309495479878582,0.0
^RUT,2026-04-24,2880.0,Call,0.65,1.3,1.13,2.0,0.0,0.037416031537450725,2677.2900390625,0.2309495479878582,0.0
^RUT,2026-04-24,2890.0,Call,0.5,1.2,1.92,2.0,0.0,0.037416031537450725,2677.2900390625,0.2309495479878582,0.0
^RUT,2026-04-24,2895.0,Call,0.45,1.15,1.6,4.0,0.0,0.037416031537450725,2677.2900390625,0.2309495479878582,0.0
^RUT,2026-04-24,2900.0,Call,0.45,1.1,0.86,1.0,0.0,0.037416031537450725,2677.2900390625,0.2309495479878582,0.0
^RUT,2026-04-24,2915.0,Call,0.3,1.0,1.11,2.0,0.0,0.037416031537450725,2677.2900390625,0.2309495479878582,0.0
^RUT,2026-04-24,2925.0,Call,0.25,0.9,1.15,2.0,0.0,0.037416031537450725,2677.2900390625,0.2309495479878582,0.0
^RUT,2026-04-30,1250.0,Put,0.1,0.75,0.44,1.0,0.0,0.037376609724047306,2677.2900390625,0.2309495479878582,0.0
^RUT,2026-04-30,1300.0,Put,0.2,0.85,0.55,1.0,0.0,0.037376609724047306,2677.2900390625,0.2309495479878582,0.0
^RUT,2026-04-30,1350.0,Put,0.3,0.95,0.75,40.0,0.0,0.037376609724047306,2677.2900390625,0.2309495479878582,0.0
^RUT,2026-04-30,1400.0,Put,0.4,1.05,0.9,6.0,0.0,0.037376609724047306,2677.2900390625,0.2309495479878582,0.0
^RUT,2026-04-30,1450.0,Put,0.55,1.25,0.94,1.0,0.0,0.037376609724047306,2677.2900390625,0.2309495479878582,0.0
^RUT,2026-04-30,1500.0,Call,1120.6,1142.9,1057.31,,1.0,0.037376609724047306,2677.2900390625,0.2309495479878582,0.0
^RUT,2026-04-30,1500.0,Put,0.75,1.4,1.15,2.0,0.0,0.037376609724047306,2677.2900390625,0.2309495479878582,0.0
^RUT,2026-04-30,1550.0,Put,1.0,1.65,1.09,5.0,0.0,0.037376609724047306,2677.2900390625,0.2309495479878582,0.0
^RUT,2026-04-30,1600.0,Call,881.2,905.2,877.89,1.0,0.0,0.037376609724047306,2677.2900390625,0.2309495479878582,0.0
^RUT,2026-04-30,1600.0,Put,1.25,1.95,1.75,1.0,0.0,0.037376609724047306,2677.2900390625,0.2309495479878582,0.0
^RUT,2026-04-30,1650.0,Call,822.7,842.9,959.13,50.0,51.0,0.037376609724047306,2677.2900390625,0.2309495479878582,0.0
^RUT,2026-04-30,1650.0,Put,1.6,2.3,4.2,6.0,0.0,0.037376609724047306,2677.2900390625,0.2309495479878582,0.0
^RUT,2026-04-30,1700.0,Put,2.0,2.7,2.65,3.0,0.0,0.037376609724047306,2677.2900390625,0.2309495479878582,0.0
^RUT,2026-04-30,1750.0,Put,2.5,3.2,3.0,3.0,0.0,0.037376609724047306,2677.2900390625,0.2309495479878582,0.0
^RUT,2026-04-30,1800.0,Put,3.0,3.8,2.9,3.0,0.0,0.037376609724047306,2677.2900390625,0.2309495479878582,0.0
^RUT,2026-04-30,1850.0,Put,3.7,4.5,4.0,3.0,0.0,0.037376609724047306,2677.2900390625,0.2309495479878582,0.0
^RUT,2026-04-30,1900.0,Call,585.7,609.7,778.43,,0.0,0.037376609724047306,2677.2900390625,0.2309495479878582,0.0
^RUT,2026-04-30,1900.0,Put,4.5,5.4,4.82,1.0,0.0,0.037376609724047306,2677.2900390625,0.2309495479878582,0.0
^RUT,2026-04-30,1950.0,Put,5.6,6.6,6.01,1.0,0.0,0.037376609724047306,2677.2900390625,0.2309495479878582,0.0
^RUT,2026-04-30,1990.0,Put,6.7,7.8,11.21,9.0,0.0,0.037376609724047306,2677.2900390625,0.2309495479878582,0.0
^RUT,2026-04-30,2000.0,Call,488.7,512.7,697.08,,0.0,0.037376609724047306,2677.2900390625,0.2309495479878582,0.0
^RUT,2026-04-30,2000.0,Put,7.1,8.2,6.24,3.0,0.0,0.037376609724047306,2677.2900390625,0.2309495479878582,0.0
^RUT,2026-04-30,2010.0,Put,8.3,9.0,15.48,,1.0,0.037376609724047306,2677.2900390625,0.2309495479878582,0.0
^RUT,2026-04-30,2020.0,Put,7.8,9.0,7.78,1.0,0.0,0.037376609724047306,2677.2900390625,0.2309495479878582,0.0
^RUT,2026-04-30,2030.0,Put,8.3,9.4,7.74,1.0,0.0,0.037376609724047306,2677.2900390625,0.2309495479878582,0.0
^RUT,2026-04-30,2050.0,Call,441.0,465.0,649.01,,0.0,0.037376609724047306,2677.2900390625,0.2309495479878582,0.0
^RUT,2026-04-30,2050.0,Put,9.2,10.5,9.39,10.0,0.0,0.037376609724047306,2677.2900390625,0.2309495479878582,0.0
^RUT,2026-04-30,2070.0,Put,10.2,11.5,11.35,1.0,0.0,0.037376609724047306,2677.2900390625,0.2309495479878582,0.0
^RUT,2026-04-30,2080.0,Put,10.8,12.1,18.79,1.0,0.0,0.037376609724047306,2677.2900390625,0.2309495479878582,0.0
^RUT,2026-04-30,2090.0,Put,11.4,12.7,13.85,1.0,0.0,0.037376609724047306,2677.2900390625,0.2309495479878582,0.0
^RUT,2026-04-30,2100.0,Put,12.1,13.4,13.9,1.0,0.0,0.037376609724047306,2677.2900390625,0.2309495479878582,0.0
^RUT,2026-04-30,2110.0,Put,12.7,14.2,21.68,6.0,0.0,0.037376609724047306,2677.2900390625,0.2309495479878582,0.0
^RUT,2026-04-30,2120.0,Put,13.5,14.9,8.35,2.0,0.0,0.037376609724047306,2677.2900390625,0.2309495479878582,0.0
^RUT,2026-04-30,2130.0,Put,14.3,15.7,15.87,8.0,0.0,0.037376609724047306,2677.2900390625,0.2309495479878582,0.0
^RUT,2026-04-30,2140.0,Put,15.1,16.5,20.1,5.0,0.0,0.037376609724047306,2677.2900390625,0.2309495479878582,0.0
^RUT,2026-04-30,2150.0,Call,415.2,430.1,554.31,1.0,1.0,0.037376609724047306,2677.2900390625,0.2309495479878582,0.0
^RUT,2026-04-30,2150.0,Put,16.0,17.5,14.5,2.0,0.0,0.037376609724047306,2677.2900390625,0.2309495479878582,0.0
^RUT,2026-04-30,2160.0,Call,406.0,421.2,544.73,1.0,1.0,0.037376609724047306,2677.2900390625,0.2309495479878582,0.0
^RUT,2026-04-30,2160.0,Put,17.0,18.4,16.7,1.0,0.0,0.037376609724047306,2677.2900390625,0.2309495479878582,0.0
^RUT,2026-04-30,2170.0,Call,330.3,354.3,478.56,1.0,0.0,0.037376609724047306,2677.2900390625,0.2309495479878582,0.0
^RUT,2026-04-30,2170.0,Put,18.0,19.5,16.09,2.0,0.0,0.037376609724047306,2677.2900390625,0.2309495479878582,0.0
^RUT,2026-04-30,2180.0,Call,320.4,340.6,506.4,,1.0,0.037376609724047306,2677.2900390625,0.2309495479878582,0.0
^RUT,2026-04-30,2180.0,Put,19.0,20.6,15.16,7.0,0.0,0.037376609724047306,2677.2900390625,0.2309495479878582,0.0
^RUT,2026-04-30,2190.0,Put,20.1,21.7,18.9,1.0,0.0,0.037376609724047306,2677.2900390625,0.2309495479878582,0.0
^RUT,2026-04-30,2200.0,Put,21.4,22.9,18.3,2.0,0.0,0.037376609724047306,2677.2900390625,0.2309495479878582,0.0
^RUT,2026-04-30,2210.0,Put,22.5,24.2,21.57,2.0,0.0,0.037376609724047306,2677.2900390625,0.2309495479878582,0.0
^RUT,2026-04-30,2220.0,Put,23.9,25.4,27.33,12.0,0.0,0.037376609724047306,2677.2900390625,0.2309495479878582,0.0
^RUT,2026-04-30,2230.0,Call,343.3,358.9,507.02,1.0,1.0,0.037376609724047306,2677.2900390625,0.2309495479878582,0.0
^RUT,2026-04-30,2230.0,Put,25.2,26.8,35.53,2.0,0.0,0.037376609724047306,2677.2900390625,0.2309495479878582,0.0
^RUT,2026-04-30,2240.0,Call,333.9,350.0,519.46,,0.0,0.037376609724047306,2677.2900390625,0.2309495479878582,0.0
^RUT,2026-04-30,2240.0,Put,23.6,31.1,27.0,5.0,0.0,0.037376609724047306,2677.2900390625,0.2309495479878582,0.0
^RUT,2026-04-30,2250.0,Call,325.1,341.6,510.0,,1.0,0.037376609724047306,2677.2900390625,0.2309495479878582,0.0
^RUT,2026-04-30,2250.0,Put,28.3,29.8,26.37,3.0,0.0,0.037376609724047306,2677.2900390625,0.2309495479878582,0.0
^RUT,2026-04-30,2260.0,Put,29.9,31.5,30.17,2.0,0.0,0.037376609724047306,2677.2900390625,0.2309495479878582,0.0
^RUT,2026-04-30,2270.0,Put,31.5,33.3,25.2,8.0,0.0,0.037376609724047306,2677.2900390625,0.2309495479878582,0.0
^RUT,2026-04-30,2280.0,Put,33.3,35.1,33.64,11.0,0.0,0.037376609724047306,2677.2900390625,0.2309495479878582,0.0
^RUT,2026-04-30,2290.0,Put,35.3,36.9,34.91,1.0,0.0,0.037376609724047306,2677.2900390625,0.2309495479878582,0.0
^RUT,2026-04-30,2300.0,Put,37.2,38.8,34.3,3.0,0.0,0.037376609724047306,2677.2900390625,0.2309495479878582,0.0
^RUT,2026-04-30,2310.0,Put,39.2,40.9,38.4,1.0,0.0,0.037376609724047306,2677.2900390625,0.2309495479878582,0.0
^RUT,2026-04-30,2320.0,Call,309.4,315.4,211.44,,1.0,0.037376609724047306,2677.2900390625,0.2309495479878582,0.0
^RUT,2026-04-30,2320.0,Put,41.3,43.1,32.2,2.0,0.0,0.037376609724047306,2677.2900390625,0.2309495479878582,0.0
^RUT,2026-04-30,2330.0,Put,43.5,45.3,40.3,1.0,0.0,0.037376609724047306,2677.2900390625,0.2309495479878582,0.0
^RUT,2026-04-30,2340.0,Put,45.8,47.7,35.76,2.0,0.0,0.037376609724047306,2677.2900390625,0.2309495479878582,0.0
^RUT,2026-04-30,2350.0,Put,48.3,50.1,35.32,3.0,0.0,0.037376609724047306,2677.2900390625,0.2309495479878582,0.0
^RUT,2026-04-30,2360.0,Put,50.8,52.6,41.54,4.0,0.0,0.037376609724047306,2677.2900390625,0.2309495479878582,0.0
^RUT,2026-04-30,2370.0,Put,53.3,55.3,44.58,1.0,0.0,0.037376609724047306,2677.2900390625,0.2309495479878582,0.0
^RUT,2026-04-30,2380.0,Call,169.6,172.9,173.84,,0.0,0.037376609724047306,2677.2900390625,0.2309495479878582,0.0
^RUT,2026-04-30,2380.0,Put,56.1,57.8,74.6,2.0,0.0,0.037376609724047306,2677.2900390625,0.2309495479878582,0.0
^RUT,2026-04-30,2390.0,Put,58.8,60.8,56.75,1.0,0.0,0.037376609724047306,2677.2900390625,0.2309495479878582,0.0
^RUT,2026-04-30,2400.0,Call,155.6,158.5,159.88,10.0,0.0,0.037376609724047306,2677.2900390625,0.2309495479878582,0.0
^RUT,2026-04-30,2400.0,Put,61.7,63.8,64.2,7.0,0.0,0.037376609724047306,2677.2900390625,0.2309495479878582,0.0
^RUT,2026-04-30,2410.0,Put,64.7,66.8,66.19,3.0,0.0,0.037376609724047306,2677.2900390625,0.2309495479878582,0.0
^RUT,2026-04-30,2420.0,Put,68.0,69.9,65.3,1.0,0.0,0.037376609724047306,2677.2900390625,0.2309495479878582,0.0
^RUT,2026-04-30,2430.0,Call,127.9,145.7,139.7,18.0,0.0,0.037376609724047306,2677.2900390625,0.2309495479878582,0.0
^RUT,2026-04-30,2430.0,Put,71.2,73.2,93.25,5.0,0.0,0.037376609724047306,2677.2900390625,0.2309495479878582,0.0
^RUT,2026-04-30,2440.0,Call,244.2,247.3,208.93,,1.0,0.037376609724047306,2677.2900390625,0.2309495479878582,0.0
^RUT,2026-04-30,2440.0,Put,74.6,76.6,55.8,12.0,0.0,0.037376609724047306,2677.2900390625,0.2309495479878582,0.0
^RUT,2026-04-30,2450.0,Call,115.1,132.6,134.32,12.0,0.0,0.037376609724047306,2677.2900390625,0.2309495479878582,0.0
^RUT,2026-04-30,2450.0,Put,78.1,80.2,79.61,22.0,0.0,0.037376609724047306,2677.2900390625,0.2309495479878582,0.0
^RUT,2026-04-30,2460.0,Call,116.5,118.8,130.93,14.0,0.0,0.037376609724047306,2677.2900390625,0.2309495479878582,0.0
^RUT,2026-04-30,2460.0,Put,81.8,83.9,83.23,3.0,0.0,0.037376609724047306,2677.2900390625,0.2309495479878582,0.0
^RUT,2026-04-30,2470.0,Call,110.1,112.3,118.66,6.0,0.0,0.037376609724047306,2677.2900390625,0.2309495479878582,0.0
^RUT,2026-04-30,2470.0,Put,85.6,87.7,83.08,4.0,0.0,0.037376609724047306,2677.2900390625,0.2309495479878582,0.0
^RUT,2026-04-30,2480.0,Put,86.0,95.3,71.28,2.0,0.0,0.037376609724047306,2677.2900390625,0.2309495479878582,0.0
^RUT,2026-04-30,2490.0,Call,98.2,100.5,109.1,3.0,0.0,0.037376609724047306,2677.2900390625,0.2309495479878582,0.0
^RUT,2026-04-30,2490.0,Put,90.1,99.5,87.19,1.0,0.0,0.037376609724047306,2677.2900390625,0.2309495479878582,0.0
^RUT,2026-04-30,2500.0,Call,92.6,94.7,120.13,2.0,0.0,0.037376609724047306,2677.2900390625,0.2309495479878582,0.0
^RUT,2026-04-30,2500.0,Put,97.8,100.1,94.0,1.0,0.0,0.037376609724047306,2677.2900390625,0.2309495479878582,0.0
^RUT,2026-04-30,2510.0,Call,83.4,92.8,106.4,,0.0,0.037376609724047306,2677.2900390625,0.2309495479878582,0.0
^RUT,2026-04-30,2510.0,Put,98.9,108.3,89.4,15.0,0.0,0.037376609724047306,2677.2900390625,0.2309495479878582,0.0
^RUT,2026-04-30,2520.0,Call,81.7,83.9,89.3,6.0,0.0,0.037376609724047306,2677.2900390625,0.2309495479878582,0.0
^RUT,2026-04-30,2520.0,Put,106.7,108.8,81.08,11.0,0.0,0.037376609724047306,2677.2900390625,0.2309495479878582,0.0
^RUT,2026-04-30,2530.0,Call,76.5,78.6,83.1,10.0,0.0,0.037376609724047306,2677.2900390625,0.2309495479878582,0.0
^RUT,2026-04-30,2530.0,Put,108.4,117.8,97.7,1.0,0.0,0.037376609724047306,2677.2900390625,0.2309495479878582,0.0
^RUT,2026-04-30,2540.0,Call,71.5,73.7,124.92,,0.0,0.037376609724047306,2677.2900390625,0.2309495479878582,0.0
^RUT,2026-04-30,2540.0,Put,116.6,118.8,107.7,1.0,0.0,0.037376609724047306,2677.2900390625,0.2309495479878582,0.0
^RUT,2026-04-30,2550.0,Call,66.7,68.8,69.51,33.0,0.0,0.037376609724047306,2677.2900390625,0.2309495479878582,0.0
^RUT,2026-04-30,2550.0,Put,121.4,123.7,153.64,3.0,0.0,0.037376609724047306,2677.2900390625,0.2309495479878582,0.0
^RUT,2026-04-30,2560.0,Call,62.2,64.1,86.63,4.0,0.0,0.037376609724047306,2677.2900390625,0.2309495479878582,0.0
^RUT,2026-04-30,2560.0,Put,127.0,129.4,106.36,4.0,0.0,0.037376609724047306,2677.2900390625,0.2309495479878582,0.0
^RUT,2026-04-30,2570.0,Call,57.5,59.6,60.06,1.0,0.0,0.037376609724047306,2677.2900390625,0.2309495479878582,0.0
^RUT,2026-04-30,2570.0,Put,127.7,142.7,167.87,6.0,0.0,0.037376609724047306,2677.2900390625,0.2309495479878582,0.0
^RUT,2026-04-30,2580.0,Call,53.4,55.3,57.43,10.0,0.0,0.037376609724047306,2677.2900390625,0.2309495479878582,0.0
^RUT,2026-04-30,2580.0,Put,138.0,140.6,112.25,2.0,0.0,0.037376609724047306,2677.2900390625,0.2309495479878582,0.0
^RUT,2026-04-30,2590.0,Call,49.3,51.2,53.17,9.0,0.0,0.037376609724047306,2677.2900390625,0.2309495479878582,0.0
^RUT,2026-04-30,2590.0,Put,143.4,146.2,112.48,2.0,0.0,0.037376609724047306,2677.2900390625,0.2309495479878582,0.0
^RUT,2026-04-30,2600.0,Call,45.4,47.2,65.35,1.0,0.0,0.037376609724047306,2677.2900390625,0.2309495479878582,0.0
^RUT,2026-04-30,2600.0,Put,137.9,165.9,141.0,3.0,0.0,0.037376609724047306,2677.2900390625,0.2309495479878582,0.0
^RUT,2026-04-30,2610.0,Call,41.6,43.5,37.0,5.0,0.0,0.037376609724047306,2677.2900390625,0.2309495479878582,0.0
^RUT,2026-04-30,2610.0,Put,155.9,159.1,195.27,8.0,0.0,0.037376609724047306,2677.2900390625,0.2309495479878582,0.0
^RUT,2026-04-30,2620.0,Call,38.0,39.9,30.55,9.0,0.0,0.037376609724047306,2677.2900390625,0.2309495479878582,0.0
^RUT,2026-04-30,2620.0,Put,162.0,165.7,151.36,40.0,0.0,0.037376609724047306,2677.2900390625,0.2309495479878582,0.0
^RUT,2026-04-30,2630.0,Call,34.8,36.6,43.15,1.0,0.0,0.037376609724047306,2677.2900390625,0.2309495479878582,0.0
^RUT,2026-04-30,2630.0,Put,168.6,172.4,146.67,1.0,0.0,0.037376609724047306,2677.2900390625,0.2309495479878582,0.0
^RUT,2026-04-30,2640.0,Call,31.7,33.4,70.16,1.0,0.0,0.037376609724047306,2677.2900390625,0.2309495479878582,0.0
^RUT,2026-04-30,2640.0,Put,175.4,179.2,192.79,4.0,0.0,0.037376609724047306,2677.2900390625,0.2309495479878582,0.0
^RUT,2026-04-30,2650.0,Call,28.6,30.5,33.7,41.0,0.0,0.037376609724047306,2677.2900390625,0.2309495479878582,0.0
^RUT,2026-04-30,2650.0,Put,170.9,198.9,145.29,3.0,0.0,0.037376609724047306,2677.2900390625,0.2309495479878582,0.0
^RUT,2026-04-30,2660.0,Call,25.9,27.7,33.33,2.0,0.0,0.037376609724047306,2677.2900390625,0.2309495479878582,0.0
^RUT,2026-04-30,2660.0,Put,189.5,193.5,173.32,11.0,0.0,0.037376609724047306,2677.2900390625,0.2309495479878582,0.0
^RUT,2026-04-30,2670.0,Call,23.4,25.0,30.65,2.0,0.0,0.037376609724047306,2677.2900390625,0.2309495479878582,0.0
^RUT,2026-04-30,2670.0,Put,185.5,213.5,168.97,10.0,0.0,0.037376609724047306,2677.2900390625,0.2309495479878582,0.0
^RUT,2026-04-30,2680.0,Call,21.0,22.6,31.0,2.0,0.0,0.037376609724047306,2677.2900390625,0.2309495479878582,0.0
^RUT,2026-04-30,2680.0,Put,198.7,214.7,198.75,3.0,0.0,0.037376609724047306,2677.2900390625,0.2309495479878582,0.0
^RUT,2026-04-30,2690.0,Call,18.8,20.7,21.69,16.0,0.0,0.037376609724047306,2677.2900390625,0.2309495479878582,0.0
^RUT,2026-04-30,2690.0,Put,202.2,226.2,236.38,5.0,0.0,0.037376609724047306,2677.2900390625,0.2309495479878582,0.0
^RUT,2026-04-30,2700.0,Call,16.6,18.3,22.78,6.0,0.0,0.037376609724047306,2677.2900390625,0.2309495479878582,0.0
^RUT,2026-04-30,2700.0,Put,210.1,234.1,193.32,1.0,0.0,0.037376609724047306,2677.2900390625,0.2309495479878582,0.0
^RUT,2026-04-30,2710.0,Call,14.8,16.4,22.91,2.0,0.0,0.037376609724047306,2677.2900390625,0.2309495479878582,0.0
^RUT,2026-04-30,2710.0,Put,218.2,242.2,200.64,1.0,0.0,0.037376609724047306,2677.2900390625,0.2309495479878582,0.0
^RUT,2026-04-30,2720.0,Call,10.5,16.9,17.08,3.0,0.0,0.037376609724047306,2677.2900390625,0.2309495479878582,0.0
^RUT,2026-04-30,2720.0,Put,226.4,250.4,170.06,1.0,0.0,0.037376609724047306,2677.2900390625,0.2309495479878582,0.0
^RUT,2026-04-30,2730.0,Call,11.5,13.1,18.4,2.0,0.0,0.037376609724047306,2677.2900390625,0.2309495479878582,0.0
^RUT,2026-04-30,2730.0,Put,251.4,270.0,149.9,1.0,13.0,0.037376609724047306,2677.2900390625,0.2309495479878582,0.0
^RUT,2026-04-30,2740.0,Call,10.2,11.7,14.96,10.0,0.0,0.037376609724047306,2677.2900390625,0.2309495479878582,0.0
^RUT,2026-04-30,2740.0,Put,243.4,267.4,135.2,1.0,0.0,0.037376609724047306,2677.2900390625,0.2309495479878582,0.0
^RUT,2026-04-30,2750.0,Call,8.9,10.4,14.62,5.0,0.0,0.037376609724047306,2677.2900390625,0.2309495479878582,0.0
^RUT,2026-04-30,2750.0,Put,209.4,213.8,120.7,151.0,101.0,0.037376609724047306,2677.2900390625,0.2309495479878582,0.0
^RUT,2026-04-30,2760.0,Call,7.7,9.2,15.45,4.0,0.0,0.037376609724047306,2677.2900390625,0.2309495479878582,0.0
^RUT,2026-04-30,2770.0,Call,6.8,8.2,9.29,8.0,0.0,0.037376609724047306,2677.2900390625,0.2309495479878582,0.0
^RUT,2026-04-30,2770.0,Put,269.8,293.8,165.5,,0.0,0.037376609724047306,2677.2900390625,0.2309495479878582,0.0
^RUT,2026-04-30,2780.0,Call,5.8,7.2,8.2,5.0,0.0,0.037376609724047306,2677.2900390625,0.2309495479878582,0.0
^RUT,2026-04-30,2790.0,Call,5.0,6.4,7.72,3.0,0.0,0.037376609724047306,2677.2900390625,0.2309495479878582,0.0
^RUT,2026-04-30,2800.0,Call,4.4,5.7,8.9,2.0,0.0,0.037376609724047306,2677.2900390625,0.2309495479878582,0.0
^RUT,2026-04-30,2810.0,Call,3.7,5.0,2.62,1.0,0.0,0.037376609724047306,2677.2900390625,0.2309495479878582,0.0
^RUT,2026-04-30,2820.0,Call,3.3,4.4,2.68,1.0,0.0,0.037376609724047306,2677.2900390625,0.2309495479878582,0.0
^RUT,2026-04-30,2830.0,Call,2.8,3.9,4.91,15.0,0.0,0.037376609724047306,2677.2900390625,0.2309495479878582,0.0
^RUT,2026-04-30,2840.0,Call,2.45,3.5,4.1,12.0,0.0,0.037376609724047306,2677.2900390625,0.2309495479878582,0.0
^RUT,2026-04-30,2850.0,Call,2.1,3.1,3.58,11.0,0.0,0.037376609724047306,2677.2900390625,0.2309495479878582,0.0
^RUT,2026-04-30,2850.0,Put,358.8,379.3,280.0,,1.0,0.037376609724047306,2677.2900390625,0.2309495479878582,0.0
^RUT,2026-04-30,2860.0,Call,1.8,2.75,2.82,1.0,0.0,0.037376609724047306,2677.2900390625,0.2309495479878582,0.0
^RUT,2026-04-30,2860.0,Put,368.3,388.8,287.0,,2.0,0.037376609724047306,2677.2900390625,0.2309495479878582,0.0
^RUT,2026-04-30,2870.0,Call,1.55,2.45,3.33,1.0,0.0,0.037376609724047306,2677.2900390625,0.2309495479878582,0.0
^RUT,2026-04-30,2870.0,Put,377.9,398.3,284.0,,1.0,0.037376609724047306,2677.2900390625,0.2309495479878582,0.0
^RUT,2026-04-30,2880.0,Call,1.35,2.2,1.75,1.0,0.0,0.037376609724047306,2677.2900390625,0.2309495479878582,0.0
^RUT,2026-04-30,2890.0,Call,1.15,1.95,1.99,2.0,0.0,0.037376609724047306,2677.2900390625,0.2309495479878582,0.0
^RUT,2026-04-30,2900.0,Call,1.0,1.75,2.16,1.0,0.0,0.037376609724047306,2677.2900390625,0.2309495479878582,0.0
^RUT,2026-04-30,2910.0,Call,0.9,1.6,2.89,2.0,0.0,0.037376609724047306,2677.2900390625,0.2309495479878582,0.0
^RUT,2026-04-30,2920.0,Call,0.75,1.5,1.65,1.0,0.0,0.037376609724047306,2677.2900390625,0.2309495479878582,0.0
^RUT,2026-04-30,2930.0,Call,0.65,1.35,16.48,2.0,0.0,0.037376609724047306,2677.2900390625,0.2309495479878582,0.0
^RUT,2026-04-30,2940.0,Call,0.55,1.3,0.88,1.0,0.0,0.037376609724047306,2677.2900390625,0.2309495479878582,0.0
^RUT,2026-04-30,2950.0,Call,0.5,1.2,1.03,1.0,0.0,0.037376609724047306,2677.2900390625,0.2309495479878582,0.0
^RUT,2026-04-30,2960.0,Call,0.4,1.1,1.26,7.0,0.0,0.037376609724047306,2677.2900390625,0.2309495479878582,0.0
^RUT,2026-04-30,2970.0,Call,0.35,1.05,0.6,1.0,0.0,0.037376609724047306,2677.2900390625,0.2309495479878582,0.0
^RUT,2026-04-30,3000.0,Call,0.25,0.9,0.72,2.0,0.0,0.037376609724047306,2677.2900390625,0.2309495479878582,0.0
^RUT,2026-04-30,3050.0,Call,0.1,0.75,0.59,2.0,0.0,0.037376609724047306,2677.2900390625,0.2309495479878582,0.0
^RUT,2026-04-30,3100.0,Call,0.0,0.7,0.55,6.0,0.0,0.037376609724047306,2677.2900390625,0.2309495479878582,0.0
^RUT,2026-04-30,3150.0,Call,0.0,0.6,0.27,1.0,0.0,0.037376609724047306,2677.2900390625,0.2309495479878582,0.0
^RUT,2026-04-30,3200.0,Call,0.0,0.55,0.69,6.0,0.0,0.037376609724047306,2677.2900390625,0.2309495479878582,0.0
^RUT,2026-04-30,3250.0,Call,0.0,0.5,0.4,26.0,0.0,0.037376609724047306,2677.2900390625,0.2309495479878582,0.0
^RUT,2026-04-30,3300.0,Call,0.0,0.45,0.32,8.0,0.0,0.037376609724047306,2677.2900390625,0.2309495479878582,0.0
^RUT,2026-04-30,3350.0,Call,0.0,0.4,0.1,15.0,0.0,0.037376609724047306,2677.2900390625,0.2309495479878582,0.0
^RUT,2026-04-30,3400.0,Call,0.0,0.4,0.05,1.0,0.0,0.037376609724047306,2677.2900390625,0.2309495479878582,0.0
^RUT,2026-04-30,3450.0,Call,0.0,0.4,0.1,40.0,0.0,0.037376609724047306,2677.2900390625,0.2309495479878582,0.0
^RUT,2026-04-30,3500.0,Call,0.0,0.35,0.1,10.0,0.0,0.037376609724047306,2677.2900390625,0.2309495479878582,0.0
^RUT,2026-04-30,3550.0,Call,0.0,0.35,0.14,3.0,0.0,0.037376609724047306,2677.2900390625,0.2309495479878582,0.0
^RUT,2026-04-30,3600.0,Call,0.0,0.35,0.28,3.0,0.0,0.037376609724047306,2677.2900390625,0.2309495479878582,0.0
^RUT,2026-04-30,3650.0,Call,0.0,0.35,0.05,1.0,0.0,0.037376609724047306,2677.2900390625,0.2309495479878582,0.0
^RUT,2026-04-30,3700.0,Call,0.0,0.4,0.91,2.0,3.0,0.037376609724047306,2677.2900390625,0.2309495479878582,0.0
^RUT,2026-05-01,1950.0,Put,5.9,7.0,6.6,9.0,0.0,0.037370039421813404,2677.2900390625,0.2309495479878582,0.0
^RUT,2026-05-01,1970.0,Put,6.3,7.6,7.35,2.0,0.0,0.037370039421813404,2677.2900390625,0.2309495479878582,0.0
^RUT,2026-05-01,2000.0,Call,489.7,513.7,454.3,1.0,0.0,0.037370039421813404,2677.2900390625,0.2309495479878582,0.0
^RUT,2026-05-01,2000.0,Put,7.4,8.6,8.12,9.0,0.0,0.037370039421813404,2677.2900390625,0.2309495479878582,0.0
^RUT,2026-05-01,2010.0,Call,480.1,504.1,547.3,1.0,0.0,0.037370039421813404,2677.2900390625,0.2309495479878582,0.0
^RUT,2026-05-01,2010.0,Put,7.8,9.0,8.35,,0.0,0.037370039421813404,2677.2900390625,0.2309495479878582,0.0
^RUT,2026-05-01,2020.0,Put,8.2,9.5,7.2,,0.0,0.037370039421813404,2677.2900390625,0.2309495479878582,0.0
^RUT,2026-05-01,2025.0,Put,8.4,9.7,10.86,1.0,0.0,0.037370039421813404,2677.2900390625,0.2309495479878582,0.0
^RUT,2026-05-01,2030.0,Put,8.7,9.8,8.97,1.0,0.0,0.037370039421813404,2677.2900390625,0.2309495479878582,0.0
^RUT,2026-05-01,2040.0,Put,9.1,10.4,10.65,41.0,0.0,0.037370039421813404,2677.2900390625,0.2309495479878582,0.0
^RUT,2026-05-01,2055.0,Put,9.9,11.1,8.45,2.0,0.0,0.037370039421813404,2677.2900390625,0.2309495479878582,0.0
^RUT,2026-05-01,2060.0,Put,10.1,11.5,8.65,2.0,0.0,0.037370039421813404,2677.2900390625,0.2309495479878582,0.0
^RUT,2026-05-01,2065.0,Put,10.4,11.7,11.95,4.0,0.0,0.037370039421813404,2677.2900390625,0.2309495479878582,0.0
^RUT,2026-05-01,2080.0,Put,11.3,12.7,11.41,1.0,0.0,0.037370039421813404,2677.2900390625,0.2309495479878582,0.0
^RUT,2026-05-01,2085.0,Put,11.6,13.0,12.8,2.0,0.0,0.037370039421813404,2677.2900390625,0.2309495479878582,0.0
^RUT,2026-05-01,2095.0,Put,12.3,13.6,11.95,5.0,0.0,0.037370039421813404,2677.2900390625,0.2309495479878582,0.0
^RUT,2026-05-01,2100.0,Put,12.6,13.9,12.23,5.0,0.0,0.037370039421813404,2677.2900390625,0.2309495479878582,0.0
^RUT,2026-05-01,2105.0,Call,390.7,414.7,456.4,1.0,0.0,0.037370039421813404,2677.2900390625,0.2309495479878582,0.0
^RUT,2026-05-01,2105.0,Put,13.0,14.4,16.3,,0.0,0.037370039421813404,2677.2900390625,0.2309495479878582,0.0
^RUT,2026-05-01,2115.0,Put,13.7,15.1,11.93,4.0,0.0,0.037370039421813404,2677.2900390625,0.2309495479878582,0.0
^RUT,2026-05-01,2120.0,Put,14.1,15.5,13.85,3.0,0.0,0.037370039421813404,2677.2900390625,0.2309495479878582,0.0
^RUT,2026-05-01,2125.0,Put,14.5,15.9,14.18,3.0,0.0,0.037370039421813404,2677.2900390625,0.2309495479878582,0.0
^RUT,2026-05-01,2130.0,Put,14.9,16.3,14.24,2.0,0.0,0.037370039421813404,2677.2900390625,0.2309495479878582,0.0
^RUT,2026-05-01,2135.0,Put,15.3,16.8,12.35,2.0,0.0,0.037370039421813404,2677.2900390625,0.2309495479878582,0.0
^RUT,2026-05-01,2140.0,Put,15.8,17.2,12.65,2.0,0.0,0.037370039421813404,2677.2900390625,0.2309495479878582,0.0
^RUT,2026-05-01,2145.0,Put,16.2,17.7,17.32,30.0,0.0,0.037370039421813404,2677.2900390625,0.2309495479878582,0.0
^RUT,2026-05-01,2150.0,Call,349.6,373.6,414.2,1.0,0.0,0.037370039421813404,2677.2900390625,0.2309495479878582,0.0
^RUT,2026-05-01,2150.0,Put,16.7,18.2,15.74,2702.0,0.0,0.037370039421813404,2677.2900390625,0.2309495479878582,0.0
^RUT,2026-05-01,2160.0,Put,17.6,19.4,18.6,,0.0,0.037370039421813404,2677.2900390625,0.2309495479878582,0.0
^RUT,2026-05-01,2180.0,Put,19.7,21.3,15.9,1.0,0.0,0.037370039421813404,2677.2900390625,0.2309495479878582,0.0
^RUT,2026-05-01,2185.0,Put,20.3,21.8,29.5,2.0,0.0,0.037370039421813404,2677.2900390625,0.2309495479878582,0.0
^RUT,2026-05-01,2190.0,Put,20.9,22.4,19.57,,0.0,0.037370039421813404,2677.2900390625,0.2309495479878582,0.0
^RUT,2026-05-01,2195.0,Put,21.5,23.0,16.41,1.0,0.0,0.037370039421813404,2677.2900390625,0.2309495479878582,0.0
^RUT,2026-05-01,2200.0,Put,22.1,23.6,28.82,,0.0,0.037370039421813404,2677.2900390625,0.2309495479878582,0.0
^RUT,2026-05-01,2205.0,Put,22.7,24.2,27.42,2.0,0.0,0.037370039421813404,2677.2900390625,0.2309495479878582,0.0
^RUT,2026-05-01,2210.0,Put,23.1,24.8,21.62,1.0,0.0,0.037370039421813404,2677.2900390625,0.2309495479878582,0.0
^RUT,2026-05-01,2215.0,Put,24.0,25.6,22.17,1.0,0.0,0.037370039421813404,2677.2900390625,0.2309495479878582,0.0
^RUT,2026-05-01,2220.0,Put,24.6,26.3,22.86,1.0,0.0,0.037370039421813404,2677.2900390625,0.2309495479878582,0.0
^RUT,2026-05-01,2225.0,Put,25.4,26.9,25.75,1.0,0.0,0.037370039421813404,2677.2900390625,0.2309495479878582,0.0
^RUT,2026-05-01,2230.0,Put,26.1,27.7,30.67,1.0,0.0,0.037370039421813404,2677.2900390625,0.2309495479878582,0.0
^RUT,2026-05-01,2235.0,Put,26.9,28.4,27.94,2.0,0.0,0.037370039421813404,2677.2900390625,0.2309495479878582,0.0
^RUT,2026-05-01,2240.0,Put,27.5,29.3,39.14,2.0,0.0,0.037370039421813404,2677.2900390625,0.2309495479878582,0.0
^RUT,2026-05-01,2245.0,Put,28.4,29.9,33.02,2.0,0.0,0.037370039421813404,2677.2900390625,0.2309495479878582,0.0
^RUT,2026-05-01,2250.0,Put,29.1,30.7,22.81,2.0,0.0,0.037370039421813404,2677.2900390625,0.2309495479878582,0.0
^RUT,2026-05-01,2255.0,Put,29.9,31.6,31.21,2.0,0.0,0.037370039421813404,2677.2900390625,0.2309495479878582,0.0
^RUT,2026-05-01,2260.0,Put,30.8,32.4,32.09,1.0,0.0,0.037370039421813404,2677.2900390625,0.2309495479878582,0.0
^RUT,2026-05-01,2265.0,Put,31.6,33.2,32.91,1.0,0.0,0.037370039421813404,2677.2900390625,0.2309495479878582,0.0
^RUT,2026-05-01,2270.0,Put,32.5,34.1,25.86,1.0,0.0,0.037370039421813404,2677.2900390625,0.2309495479878582,0.0
^RUT,2026-05-01,2275.0,Put,33.4,35.0,27.1,1.0,0.0,0.037370039421813404,2677.2900390625,0.2309495479878582,0.0
^RUT,2026-05-01,2280.0,Call,237.9,261.9,245.19,,0.0,0.037370039421813404,2677.2900390625,0.2309495479878582,0.0
^RUT,2026-05-01,2280.0,Put,34.3,35.9,33.6,3.0,0.0,0.037370039421813404,2677.2900390625,0.2309495479878582,0.0
^RUT,2026-05-01,2285.0,Put,35.2,36.9,27.37,1.0,0.0,0.037370039421813404,2677.2900390625,0.2309495479878582,0.0
^RUT,2026-05-01,2290.0,Put,36.2,37.8,36.7,1.0,0.0,0.037370039421813404,2677.2900390625,0.2309495479878582,0.0
^RUT,2026-05-01,2295.0,Put,37.1,38.9,33.1,2.0,0.0,0.037370039421813404,2677.2900390625,0.2309495479878582,0.0
^RUT,2026-05-01,2300.0,Put,38.1,39.9,37.19,6.0,0.0,0.037370039421813404,2677.2900390625,0.2309495479878582,0.0
^RUT,2026-05-01,2305.0,Put,39.2,40.9,28.57,,0.0,0.037370039421813404,2677.2900390625,0.2309495479878582,0.0
^RUT,2026-05-01,2310.0,Put,40.3,41.9,48.08,1.0,0.0,0.037370039421813404,2677.2900390625,0.2309495479878582,0.0
^RUT,2026-05-01,2315.0,Put,41.2,43.1,32.27,,0.0,0.037370039421813404,2677.2900390625,0.2309495479878582,0.0
^RUT,2026-05-01,2320.0,Put,42.3,44.2,35.97,13.0,0.0,0.037370039421813404,2677.2900390625,0.2309495479878582,0.0
^RUT,2026-05-01,2325.0,Put,43.5,45.2,61.78,1.0,0.0,0.037370039421813404,2677.2900390625,0.2309495479878582,0.0
^RUT,2026-05-01,2330.0,Put,44.5,46.4,53.36,1.0,0.0,0.037370039421813404,2677.2900390625,0.2309495479878582,0.0
^RUT,2026-05-01,2340.0,Put,46.9,48.7,55.93,1.0,0.0,0.037370039421813404,2677.2900390625,0.2309495479878582,0.0
^RUT,2026-05-01,2345.0,Put,48.1,49.9,56.84,,0.0,0.037370039421813404,2677.2900390625,0.2309495479878582,0.0
^RUT,2026-05-01,2350.0,Put,49.3,51.2,44.25,1.0,0.0,0.037370039421813404,2677.2900390625,0.2309495479878582,0.0
^RUT,2026-05-01,2360.0,Put,51.9,53.5,50.05,1.0,0.0,0.037370039421813404,2677.2900390625,0.2309495479878582,0.0
^RUT,2026-05-01,2380.0,Put,57.1,59.1,45.99,50.0,0.0,0.037370039421813404,2677.2900390625,0.2309495479878582,0.0
^RUT,2026-05-01,2385.0,Put,58.7,60.4,60.43,1.0,0.0,0.037370039421813404,2677.2900390625,0.2309495479878582,0.0
^RUT,2026-05-01,2390.0,Put,60.0,61.9,57.71,1.0,0.0,0.037370039421813404,2677.2900390625,0.2309495479878582,0.0
^RUT,2026-05-01,2400.0,Put,62.9,64.8,54.66,2250.0,0.0,0.037370039421813404,2677.2900390625,0.2309495479878582,0.0
^RUT,2026-05-01,2425.0,Put,70.7,72.7,54.2,,0.0,0.037370039421813404,2677.2900390625,0.2309495479878582,0.0
^RUT,2026-05-01,2430.0,Put,72.5,74.3,72.86,5.0,0.0,0.037370039421813404,2677.2900390625,0.2309495479878582,0.0
^RUT,2026-05-01,2435.0,Put,74.0,75.8,58.6,3.0,0.0,0.037370039421813404,2677.2900390625,0.2309495479878582,0.0
^RUT,2026-05-01,2440.0,Put,75.8,77.7,103.52,44.0,0.0,0.037370039421813404,2677.2900390625,0.2309495479878582,0.0
^RUT,2026-05-01,2445.0,Put,77.5,79.5,60.35,,0.0,0.037370039421813404,2677.2900390625,0.2309495479878582,0.0
^RUT,2026-05-01,2450.0,Put,74.0,86.8,81.15,2.0,0.0,0.037370039421813404,2677.2900390625,0.2309495479878582,0.0
^RUT,2026-05-01,2455.0,Put,75.8,87.3,81.16,17.0,0.0,0.037370039421813404,2677.2900390625,0.2309495479878582,0.0
^RUT,2026-05-01,2460.0,Put,82.8,85.0,84.69,18.0,0.0,0.037370039421813404,2677.2900390625,0.2309495479878582,0.0
^RUT,2026-05-01,2465.0,Put,84.7,86.9,67.3,3.0,0.0,0.037370039421813404,2677.2900390625,0.2309495479878582,0.0
^RUT,2026-05-01,2470.0,Put,86.7,88.6,85.04,12.0,0.0,0.037370039421813404,2677.2900390625,0.2309495479878582,0.0
^RUT,2026-05-01,2475.0,Put,88.7,90.7,75.15,2.0,0.0,0.037370039421813404,2677.2900390625,0.2309495479878582,0.0
^RUT,2026-05-01,2480.0,Put,85.4,97.2,91.62,4.0,0.0,0.037370039421813404,2677.2900390625,0.2309495479878582,0.0
^RUT,2026-05-01,2490.0,Put,89.5,101.4,84.34,6.0,0.0,0.037370039421813404,2677.2900390625,0.2309495479878582,0.0
^RUT,2026-05-01,2500.0,Call,94.5,96.6,100.07,25.0,0.0,0.037370039421813404,2677.2900390625,0.2309495479878582,0.0
^RUT,2026-05-01,2500.0,Put,98.8,100.9,99.92,25.0,0.0,0.037370039421813404,2677.2900390625,0.2309495479878582,0.0
^RUT,2026-05-01,2510.0,Put,98.2,111.2,103.33,2.0,0.0,0.037370039421813404,2677.2900390625,0.2309495479878582,0.0
^RUT,2026-05-01,2520.0,Put,108.0,110.1,83.07,5.0,0.0,0.037370039421813404,2677.2900390625,0.2309495479878582,0.0
^RUT,2026-05-01,2525.0,Put,105.2,118.2,90.01,8.0,0.0,0.037370039421813404,2677.2900390625,0.2309495479878582,0.0
^RUT,2026-05-01,2540.0,Put,112.6,125.6,96.39,10.0,0.0,0.037370039421813404,2677.2900390625,0.2309495479878582,0.0
^RUT,2026-05-01,2545.0,Put,115.1,127.4,93.9,4.0,0.0,0.037370039421813404,2677.2900390625,0.2309495479878582,0.0
^RUT,2026-05-01,2550.0,Call,68.5,70.6,59.8,13.0,0.0,0.037370039421813404,2677.2900390625,0.2309495479878582,0.0
^RUT,2026-05-01,2550.0,Put,117.7,130.7,100.61,5.0,0.0,0.037370039421813404,2677.2900390625,0.2309495479878582,0.0
^RUT,2026-05-01,2560.0,Put,117.5,135.2,169.34,2.0,0.0,0.037370039421813404,2677.2900390625,0.2309495479878582,0.0
^RUT,2026-05-01,2570.0,Put,122.8,140.7,173.41,2.0,0.0,0.037370039421813404,2677.2900390625,0.2309495479878582,0.0
^RUT,2026-05-01,2575.0,Put,123.9,151.9,110.25,,0.0,0.037370039421813404,2677.2900390625,0.2309495479878582,0.0
^RUT,2026-05-01,2580.0,Put,126.8,154.8,120.65,1.0,0.0,0.037370039421813404,2677.2900390625,0.2309495479878582,0.0
^RUT,2026-05-01,2585.0,Put,141.0,144.1,113.74,,0.0,0.037370039421813404,2677.2900390625,0.2309495479878582,0.0
^RUT,2026-05-01,2600.0,Call,46.9,48.9,38.73,1.0,0.0,0.037370039421813404,2677.2900390625,0.2309495479878582,0.0
^RUT,2026-05-01,2600.0,Put,150.5,153.5,126.03,2.0,0.0,0.037370039421813404,2677.2900390625,0.2309495479878582,0.0
^RUT,2026-05-01,2610.0,Call,43.3,45.1,35.55,1.0,0.0,0.037370039421813404,2677.2900390625,0.2309495479878582,0.0
^RUT,2026-05-01,2625.0,Call,37.8,39.8,65.54,5.0,0.0,0.037370039421813404,2677.2900390625,0.2309495479878582,0.0
^RUT,2026-05-01,2625.0,Put,166.0,169.7,140.43,4.0,0.0,0.037370039421813404,2677.2900390625,0.2309495479878582,0.0
^RUT,2026-05-01,2630.0,Put,169.4,172.9,140.6,,0.0,0.037370039421813404,2677.2900390625,0.2309495479878582,0.0
^RUT,2026-05-01,2640.0,Put,176.0,179.8,226.05,1.0,0.0,0.037370039421813404,2677.2900390625,0.2309495479878582,0.0
^RUT,2026-05-01,2645.0,Put,167.9,195.9,181.93,,0.0,0.037370039421813404,2677.2900390625,0.2309495479878582,0.0
^RUT,2026-05-01,2650.0,Call,30.0,31.8,38.08,10.0,0.0,0.037370039421813404,2677.2900390625,0.2309495479878582,0.0
^RUT,2026-05-01,2655.0,Call,28.7,30.4,21.47,1.0,0.0,0.037370039421813404,2677.2900390625,0.2309495479878582,0.0
^RUT,2026-05-01,2660.0,Call,27.2,29.0,22.45,,0.0,0.037370039421813404,2677.2900390625,0.2309495479878582,0.0
^RUT,2026-05-01,2665.0,Call,25.8,27.7,21.3,,0.0,0.037370039421813404,2677.2900390625,0.2309495479878582,0.0
^RUT,2026-05-01,2670.0,Call,20.2,29.2,40.77,1.0,0.0,0.037370039421813404,2677.2900390625,0.2309495479878582,0.0
^RUT,2026-05-01,2675.0,Call,23.3,25.1,36.14,5.0,0.0,0.037370039421813404,2677.2900390625,0.2309495479878582,0.0
^RUT,2026-05-01,2675.0,Put,201.4,204.9,169.58,4.0,0.0,0.037370039421813404,2677.2900390625,0.2309495479878582,0.0
^RUT,2026-05-01,2680.0,Call,22.1,23.8,35.5,6.0,0.0,0.037370039421813404,2677.2900390625,0.2309495479878582,0.0
^RUT,2026-05-01,2685.0,Call,20.9,22.7,26.14,3.0,0.0,0.037370039421813404,2677.2900390625,0.2309495479878582,0.0
^RUT,2026-05-01,2690.0,Call,19.9,21.5,31.05,6.0,0.0,0.037370039421813404,2677.2900390625,0.2309495479878582,0.0
^RUT,2026-05-01,2695.0,Call,18.7,20.5,22.47,1.0,0.0,0.037370039421813404,2677.2900390625,0.2309495479878582,0.0
^RUT,2026-05-01,2695.0,Put,206.4,230.4,224.11,,0.0,0.037370039421813404,2677.2900390625,0.2309495479878582,0.0
^RUT,2026-05-01,2700.0,Call,17.8,19.4,22.46,4.0,0.0,0.037370039421813404,2677.2900390625,0.2309495479878582,0.0
^RUT,2026-05-01,2700.0,Put,210.3,234.3,227.87,,0.0,0.037370039421813404,2677.2900390625,0.2309495479878582,0.0
^RUT,2026-05-01,2705.0,Call,16.7,18.4,22.31,4.0,0.0,0.037370039421813404,2677.2900390625,0.2309495479878582,0.0
^RUT,2026-05-01,2710.0,Call,15.9,17.4,19.03,2.0,0.0,0.037370039421813404,2677.2900390625,0.2309495479878582,0.0
^RUT,2026-05-01,2715.0,Call,14.9,16.5,18.57,7.0,0.0,0.037370039421813404,2677.2900390625,0.2309495479878582,0.0
^RUT,2026-05-01,2720.0,Call,14.0,15.7,18.09,3.0,0.0,0.037370039421813404,2677.2900390625,0.2309495479878582,0.0
^RUT,2026-05-01,2725.0,Call,13.2,14.8,20.39,2.0,0.0,0.037370039421813404,2677.2900390625,0.2309495479878582,0.0
^RUT,2026-05-01,2730.0,Call,12.5,14.0,19.41,2.0,0.0,0.037370039421813404,2677.2900390625,0.2309495479878582,0.0
^RUT,2026-05-01,2735.0,Call,11.7,13.2,8.6,1.0,0.0,0.037370039421813404,2677.2900390625,0.2309495479878582,0.0
^RUT,2026-05-01,2740.0,Call,11.0,12.5,12.8,1.0,0.0,0.037370039421813404,2677.2900390625,0.2309495479878582,0.0
^RUT,2026-05-01,2745.0,Call,10.3,11.8,7.35,4.0,0.0,0.037370039421813404,2677.2900390625,0.2309495479878582,0.0
^RUT,2026-05-01,2750.0,Call,9.6,11.1,15.35,1.0,0.0,0.037370039421813404,2677.2900390625,0.2309495479878582,0.0
^RUT,2026-05-01,2755.0,Call,9.0,10.5,11.6,4.0,0.0,0.037370039421813404,2677.2900390625,0.2309495479878582,0.0
^RUT,2026-05-01,2760.0,Call,8.4,9.9,10.9,4.0,0.0,0.037370039421813404,2677.2900390625,0.2309495479878582,0.0
^RUT,2026-05-01,2765.0,Call,7.9,9.3,14.19,1.0,0.0,0.037370039421813404,2677.2900390625,0.2309495479878582,0.0
^RUT,2026-05-01,2770.0,Call,7.4,8.8,10.21,6.0,0.0,0.037370039421813404,2677.2900390625,0.2309495479878582,0.0
^RUT,2026-05-01,2775.0,Call,6.9,8.3,7.71,2.0,0.0,0.037370039421813404,2677.2900390625,0.2309495479878582,0.0
^RUT,2026-05-01,2780.0,Call,6.4,7.8,8.79,3.0,0.0,0.037370039421813404,2677.2900390625,0.2309495479878582,0.0
^RUT,2026-05-01,2785.0,Call,6.1,7.3,11.11,1.0,0.0,0.037370039421813404,2677.2900390625,0.2309495479878582,0.0
^RUT,2026-05-01,2790.0,Call,5.6,6.9,16.8,1.0,0.0,0.037370039421813404,2677.2900390625,0.2309495479878582,0.0
^RUT,2026-05-01,2795.0,Call,5.3,6.5,6.89,6.0,0.0,0.037370039421813404,2677.2900390625,0.2309495479878582,0.0
^RUT,2026-05-01,2800.0,Call,4.9,6.1,8.47,2.0,0.0,0.037370039421813404,2677.2900390625,0.2309495479878582,0.0
^RUT,2026-05-01,2815.0,Call,3.9,5.1,8.61,1.0,0.0,0.037370039421813404,2677.2900390625,0.2309495479878582,0.0
^RUT,2026-05-01,2820.0,Call,3.6,4.8,6.62,2.0,0.0,0.037370039421813404,2677.2900390625,0.2309495479878582,0.0
^RUT,2026-05-01,2825.0,Call,3.4,4.5,6.67,2.0,0.0,0.037370039421813404,2677.2900390625,0.2309495479878582,0.0
^RUT,2026-05-01,2830.0,Call,3.1,4.3,4.62,1.0,0.0,0.037370039421813404,2677.2900390625,0.2309495479878582,0.0
^RUT,2026-05-01,2835.0,Call,2.95,4.0,6.71,1.0,0.0,0.037370039421813404,2677.2900390625,0.2309495479878582,0.0
^RUT,2026-05-01,2840.0,Call,2.7,3.8,4.06,1.0,0.0,0.037370039421813404,2677.2900390625,0.2309495479878582,0.0
^RUT,2026-05-01,2850.0,Call,2.35,3.4,3.88,100.0,0.0,0.037370039421813404,2677.2900390625,0.2309495479878582,0.0
^RUT,2026-05-01,2855.0,Call,2.15,3.2,1.87,1.0,0.0,0.037370039421813404,2677.2900390625,0.2309495479878582,0.0
^RUT,2026-05-01,2880.0,Call,1.5,2.35,3.7,1.0,0.0,0.037370039421813404,2677.2900390625,0.2309495479878582,0.0
^RUT,2026-05-01,2900.0,Call,1.15,1.9,1.2,1.0,0.0,0.037370039421813404,2677.2900390625,0.2309495479878582,0.0
^RUT,2026-05-08,1900.0,Put,6.4,7.4,7.0,2.0,0.0,0.037324047306176084,2677.2900390625,0.2309495479878582,0.0
^RUT,2026-05-08,2005.0,Put,10.1,11.4,11.4,3.0,0.0,0.037324047306176084,2677.2900390625,0.2309495479878582,0.0
^RUT,2026-05-08,2010.0,Put,10.4,11.6,12.62,25.0,0.0,0.037324047306176084,2677.2900390625,0.2309495479878582,0.0
^RUT,2026-05-08,2025.0,Put,11.1,12.4,14.7,2.0,0.0,0.037324047306176084,2677.2900390625,0.2309495479878582,0.0
^RUT,2026-05-08,2040.0,Put,12.0,13.4,13.5,,0.0,0.037324047306176084,2677.2900390625,0.2309495479878582,0.0
^RUT,2026-05-08,2050.0,Put,12.6,14.0,15.42,2.0,0.0,0.037324047306176084,2677.2900390625,0.2309495479878582,0.0
^RUT,2026-05-08,2060.0,Put,13.3,14.7,14.8,,0.0,0.037324047306176084,2677.2900390625,0.2309495479878582,0.0
^RUT,2026-05-08,2070.0,Put,13.9,15.3,15.5,,0.0,0.037324047306176084,2677.2900390625,0.2309495479878582,0.0
^RUT,2026-05-08,2075.0,Put,14.2,15.6,18.55,2.0,0.0,0.037324047306176084,2677.2900390625,0.2309495479878582,0.0
^RUT,2026-05-08,2100.0,Put,16.1,17.6,14.11,1.0,0.0,0.037324047306176084,2677.2900390625,0.2309495479878582,0.0
^RUT,2026-05-08,2115.0,Put,17.4,18.9,21.26,2.0,0.0,0.037324047306176084,2677.2900390625,0.2309495479878582,0.0
^RUT,2026-05-08,2140.0,Put,19.8,21.4,17.55,1.0,0.0,0.037324047306176084,2677.2900390625,0.2309495479878582,0.0
^RUT,2026-05-08,2150.0,Put,20.8,22.4,22.6,,0.0,0.037324047306176084,2677.2900390625,0.2309495479878582,0.0
^RUT,2026-05-08,2165.0,Put,22.4,24.1,27.03,2.0,0.0,0.037324047306176084,2677.2900390625,0.2309495479878582,0.0
^RUT,2026-05-08,2195.0,Put,26.2,27.8,33.11,1.0,0.0,0.037324047306176084,2677.2900390625,0.2309495479878582,0.0
^RUT,2026-05-08,2200.0,Put,26.8,28.6,26.3,4.0,0.0,0.037324047306176084,2677.2900390625,0.2309495479878582,0.0
^RUT,2026-05-08,2205.0,Put,27.5,29.3,34.76,1.0,0.0,0.037324047306176084,2677.2900390625,0.2309495479878582,0.0
^RUT,2026-05-08,2210.0,Put,28.3,29.9,26.82,2.0,0.0,0.037324047306176084,2677.2900390625,0.2309495479878582,0.0
^RUT,2026-05-08,2215.0,Put,29.0,30.7,23.94,1.0,0.0,0.037324047306176084,2677.2900390625,0.2309495479878582,0.0
^RUT,2026-05-08,2220.0,Put,29.7,31.4,30.86,29.0,0.0,0.037324047306176084,2677.2900390625,0.2309495479878582,0.0
^RUT,2026-05-08,2225.0,Put,30.5,32.1,26.66,2.0,0.0,0.037324047306176084,2677.2900390625,0.2309495479878582,0.0
^RUT,2026-05-08,2230.0,Put,31.2,33.0,39.0,2.0,0.0,0.037324047306176084,2677.2900390625,0.2309495479878582,0.0
^RUT,2026-05-08,2235.0,Put,32.1,33.7,25.66,1.0,0.0,0.037324047306176084,2677.2900390625,0.2309495479878582,0.0
^RUT,2026-05-08,2240.0,Put,32.9,34.6,33.94,25.0,0.0,0.037324047306176084,2677.2900390625,0.2309495479878582,0.0
^RUT,2026-05-08,2245.0,Put,33.7,35.4,30.72,2.0,0.0,0.037324047306176084,2677.2900390625,0.2309495479878582,0.0
^RUT,2026-05-08,2250.0,Put,34.6,36.3,33.56,7.0,0.0,0.037324047306176084,2677.2900390625,0.2309495479878582,0.0
^RUT,2026-05-08,2255.0,Put,35.5,37.1,33.47,2.0,0.0,0.037324047306176084,2677.2900390625,0.2309495479878582,0.0
^RUT,2026-05-08,2260.0,Put,36.3,38.1,28.94,1.0,0.0,0.037324047306176084,2677.2900390625,0.2309495479878582,0.0
^RUT,2026-05-08,2265.0,Put,37.2,39.0,28.87,2.0,0.0,0.037324047306176084,2677.2900390625,0.2309495479878582,0.0
^RUT,2026-05-08,2270.0,Put,38.2,39.9,31.36,1.0,0.0,0.037324047306176084,2677.2900390625,0.2309495479878582,0.0
^RUT,2026-05-08,2275.0,Put,39.1,40.8,37.18,3.0,0.0,0.037324047306176084,2677.2900390625,0.2309495479878582,0.0
^RUT,2026-05-08,2280.0,Put,40.1,41.8,41.39,1.0,0.0,0.037324047306176084,2677.2900390625,0.2309495479878582,0.0
^RUT,2026-05-08,2285.0,Put,41.1,42.8,35.87,2.0,0.0,0.037324047306176084,2677.2900390625,0.2309495479878582,0.0
^RUT,2026-05-08,2290.0,Put,42.1,43.9,33.39,15.0,0.0,0.037324047306176084,2677.2900390625,0.2309495479878582,0.0
^RUT,2026-05-08,2300.0,Call,239.0,242.9,270.32,,0.0,0.037324047306176084,2677.2900390625,0.2309495479878582,0.0
^RUT,2026-05-08,2300.0,Put,44.2,45.9,39.18,2.0,0.0,0.037324047306176084,2677.2900390625,0.2309495479878582,0.0
^RUT,2026-05-08,2305.0,Call,235.1,238.9,266.92,,0.0,0.037324047306176084,2677.2900390625,0.2309495479878582,0.0
^RUT,2026-05-08,2305.0,Put,45.2,47.1,35.73,3.0,0.0,0.037324047306176084,2677.2900390625,0.2309495479878582,0.0
^RUT,2026-05-08,2325.0,Put,49.7,51.6,46.96,2.0,0.0,0.037324047306176084,2677.2900390625,0.2309495479878582,0.0
^RUT,2026-05-08,2330.0,Put,50.9,52.6,43.02,1.0,0.0,0.037324047306176084,2677.2900390625,0.2309495479878582,0.0
^RUT,2026-05-08,2335.0,Put,52.1,53.8,43.98,1.0,0.0,0.037324047306176084,2677.2900390625,0.2309495479878582,0.0
^RUT,2026-05-08,2340.0,Put,53.3,55.1,55.33,,0.0,0.037324047306176084,2677.2900390625,0.2309495479878582,0.0
^RUT,2026-05-08,2345.0,Put,54.6,56.4,51.49,1.0,0.0,0.037324047306176084,2677.2900390625,0.2309495479878582,0.0
^RUT,2026-05-08,2350.0,Call,201.1,204.7,182.44,,0.0,0.037324047306176084,2677.2900390625,0.2309495479878582,0.0
^RUT,2026-05-08,2350.0,Put,55.8,57.7,48.89,18.0,0.0,0.037324047306176084,2677.2900390625,0.2309495479878582,0.0
^RUT,2026-05-08,2355.0,Put,57.1,59.0,55.3,,0.0,0.037324047306176084,2677.2900390625,0.2309495479878582,0.0
^RUT,2026-05-08,2370.0,Put,61.1,63.0,69.67,,0.0,0.037324047306176084,2677.2900390625,0.2309495479878582,0.0
^RUT,2026-05-08,2375.0,Put,62.4,64.5,58.5,2.0,0.0,0.037324047306176084,2677.2900390625,0.2309495479878582,0.0
^RUT,2026-05-08,2390.0,Put,66.7,68.7,64.25,1.0,0.0,0.037324047306176084,2677.2900390625,0.2309495479878582,0.0
^RUT,2026-05-08,2395.0,Call,169.3,172.8,184.43,,0.0,0.037324047306176084,2677.2900390625,0.2309495479878582,0.0
^RUT,2026-05-08,2400.0,Call,165.9,168.9,184.41,23.0,0.0,0.037324047306176084,2677.2900390625,0.2309495479878582,0.0
^RUT,2026-05-08,2400.0,Put,69.7,71.7,58.6,14.0,0.0,0.037324047306176084,2677.2900390625,0.2309495479878582,0.0
^RUT,2026-05-08,2405.0,Call,162.5,165.4,180.74,,0.0,0.037324047306176084,2677.2900390625,0.2309495479878582,0.0
^RUT,2026-05-08,2405.0,Put,67.4,79.3,73.24,,0.0,0.037324047306176084,2677.2900390625,0.2309495479878582,0.0
^RUT,2026-05-08,2410.0,Put,72.8,74.8,73.36,5.0,0.0,0.037324047306176084,2677.2900390625,0.2309495479878582,0.0
^RUT,2026-05-08,2420.0,Put,76.0,78.0,73.16,1.0,0.0,0.037324047306176084,2677.2900390625,0.2309495479878582,0.0
^RUT,2026-05-08,2425.0,Call,148.8,151.5,171.27,,0.0,0.037324047306176084,2677.2900390625,0.2309495479878582,0.0
^RUT,2026-05-08,2430.0,Call,145.4,148.2,128.35,,0.0,0.037324047306176084,2677.2900390625,0.2309495479878582,0.0
^RUT,2026-05-08,2430.0,Put,79.3,81.4,90.09,1.0,0.0,0.037324047306176084,2677.2900390625,0.2309495479878582,0.0
^RUT,2026-05-08,2435.0,Call,142.2,144.9,144.85,,0.0,0.037324047306176084,2677.2900390625,0.2309495479878582,0.0
^RUT,2026-05-08,2450.0,Put,86.3,88.4,88.32,2.0,0.0,0.037324047306176084,2677.2900390625,0.2309495479878582,0.0
^RUT,2026-05-08,2455.0,Put,88.3,90.2,116.26,1.0,0.0,0.037324047306176084,2677.2900390625,0.2309495479878582,0.0
^RUT,2026-05-08,2460.0,Put,89.8,91.9,74.41,2.0,0.0,0.037324047306176084,2677.2900390625,0.2309495479878582,0.0
^RUT,2026-05-08,2465.0,Put,88.0,100.1,125.02,2.0,0.0,0.037324047306176084,2677.2900390625,0.2309495479878582,0.0
^RUT,2026-05-08,2470.0,Put,93.7,95.9,127.47,2.0,0.0,0.037324047306176084,2677.2900390625,0.2309495479878582,0.0
^RUT,2026-05-08,2475.0,Put,95.7,97.9,89.71,8.0,0.0,0.037324047306176084,2677.2900390625,0.2309495479878582,0.0
^RUT,2026-05-08,2480.0,Put,93.8,106.0,84.72,2.0,0.0,0.037324047306176084,2677.2900390625,0.2309495479878582,0.0
^RUT,2026-05-08,2490.0,Put,101.7,104.0,101.36,4.0,0.0,0.037324047306176084,2677.2900390625,0.2309495479878582,0.0
^RUT,2026-05-08,2500.0,Put,105.8,108.0,107.46,1.0,0.0,0.037324047306176084,2677.2900390625,0.2309495479878582,0.0
^RUT,2026-05-08,2505.0,Put,104.1,116.5,85.14,,0.0,0.037324047306176084,2677.2900390625,0.2309495479878582,0.0
^RUT,2026-05-08,2510.0,Put,106.3,118.7,91.24,10.0,0.0,0.037324047306176084,2677.2900390625,0.2309495479878582,0.0
^RUT,2026-05-08,2520.0,Put,114.9,117.2,98.87,39.0,0.0,0.037324047306176084,2677.2900390625,0.2309495479878582,0.0
^RUT,2026-05-08,2525.0,Call,89.2,91.4,101.82,1.0,0.0,0.037324047306176084,2677.2900390625,0.2309495479878582,0.0
^RUT,2026-05-08,2525.0,Put,117.3,119.5,91.82,2.0,0.0,0.037324047306176084,2677.2900390625,0.2309495479878582,0.0
^RUT,2026-05-08,2530.0,Put,119.7,121.8,102.92,39.0,0.0,0.037324047306176084,2677.2900390625,0.2309495479878582,0.0
^RUT,2026-05-08,2555.0,Put,132.0,134.3,113.65,1.0,0.0,0.037324047306176084,2677.2900390625,0.2309495479878582,0.0
^RUT,2026-05-08,2565.0,Call,69.6,71.6,72.3,,0.0,0.037324047306176084,2677.2900390625,0.2309495479878582,0.0
^RUT,2026-05-08,2580.0,Call,62.7,64.8,46.04,1.0,0.0,0.037324047306176084,2677.2900390625,0.2309495479878582,0.0
^RUT,2026-05-08,2590.0,Call,58.6,60.5,59.0,,0.0,0.037324047306176084,2677.2900390625,0.2309495479878582,0.0
^RUT,2026-05-08,2595.0,Call,56.4,58.4,46.3,,0.0,0.037324047306176084,2677.2900390625,0.2309495479878582,0.0
^RUT,2026-05-08,2600.0,Call,54.5,56.4,56.4,,0.0,0.037324047306176084,2677.2900390625,0.2309495479878582,0.0
^RUT,2026-05-08,2605.0,Call,52.4,54.4,54.1,,0.0,0.037324047306176084,2677.2900390625,0.2309495479878582,0.0
^RUT,2026-05-08,2635.0,Call,41.4,43.4,28.62,1.0,0.0,0.037324047306176084,2677.2900390625,0.2309495479878582,0.0
^RUT,2026-05-08,2650.0,Call,36.6,38.4,45.2,2.0,0.0,0.037324047306176084,2677.2900390625,0.2309495479878582,0.0
^RUT,2026-05-08,2655.0,Call,35.1,36.9,43.4,2.0,0.0,0.037324047306176084,2677.2900390625,0.2309495479878582,0.0
^RUT,2026-05-08,2670.0,Call,30.6,32.5,23.91,36.0,0.0,0.037324047306176084,2677.2900390625,0.2309495479878582,0.0
^RUT,2026-05-08,2675.0,Call,29.3,31.1,41.8,12.0,0.0,0.037324047306176084,2677.2900390625,0.2309495479878582,0.0
^RUT,2026-05-08,2680.0,Call,28.0,29.7,21.38,1.0,0.0,0.037324047306176084,2677.2900390625,0.2309495479878582,0.0
^RUT,2026-05-08,2685.0,Call,26.6,28.5,38.45,13.0,0.0,0.037324047306176084,2677.2900390625,0.2309495479878582,0.0
^RUT,2026-05-08,2690.0,Call,25.4,27.2,38.36,1.0,0.0,0.037324047306176084,2677.2900390625,0.2309495479878582,0.0
^RUT,2026-05-08,2695.0,Call,24.1,26.0,30.22,3.0,0.0,0.037324047306176084,2677.2900390625,0.2309495479878582,0.0
^RUT,2026-05-08,2700.0,Call,23.0,24.8,35.59,1.0,0.0,0.037324047306176084,2677.2900390625,0.2309495479878582,0.0
^RUT,2026-05-08,2705.0,Call,21.9,23.7,27.94,1.0,0.0,0.037324047306176084,2677.2900390625,0.2309495479878582,0.0
^RUT,2026-05-08,2710.0,Call,20.8,22.6,21.78,3.0,0.0,0.037324047306176084,2677.2900390625,0.2309495479878582,0.0
^RUT,2026-05-08,2715.0,Call,19.8,21.5,23.29,2.0,0.0,0.037324047306176084,2677.2900390625,0.2309495479878582,0.0
^RUT,2026-05-08,2720.0,Call,18.8,20.5,24.19,39.0,0.0,0.037324047306176084,2677.2900390625,0.2309495479878582,0.0
^RUT,2026-05-08,2725.0,Call,17.8,19.6,25.23,5.0,0.0,0.037324047306176084,2677.2900390625,0.2309495479878582,0.0
^RUT,2026-05-08,2730.0,Call,16.9,18.6,24.72,1.0,0.0,0.037324047306176084,2677.2900390625,0.2309495479878582,0.0
^RUT,2026-05-08,2735.0,Call,16.1,17.7,21.87,7.0,0.0,0.037324047306176084,2677.2900390625,0.2309495479878582,0.0
^RUT,2026-05-08,2740.0,Call,15.2,16.9,19.9,39.0,0.0,0.037324047306176084,2677.2900390625,0.2309495479878582,0.0
^RUT,2026-05-08,2745.0,Call,14.3,16.0,22.89,11.0,0.0,0.037324047306176084,2677.2900390625,0.2309495479878582,0.0
^RUT,2026-05-08,2750.0,Call,13.6,15.2,19.75,2.0,0.0,0.037324047306176084,2677.2900390625,0.2309495479878582,0.0
^RUT,2026-05-08,2755.0,Call,12.9,14.5,15.68,4.0,0.0,0.037324047306176084,2677.2900390625,0.2309495479878582,0.0
^RUT,2026-05-08,2760.0,Call,12.2,13.8,18.38,1.0,0.0,0.037324047306176084,2677.2900390625,0.2309495479878582,0.0
^RUT,2026-05-08,2765.0,Call,11.5,13.1,18.06,11.0,0.0,0.037324047306176084,2677.2900390625,0.2309495479878582,0.0
^RUT,2026-05-08,2770.0,Call,10.8,12.4,12.94,29.0,0.0,0.037324047306176084,2677.2900390625,0.2309495479878582,0.0
^RUT,2026-05-08,2775.0,Call,10.3,11.8,15.76,16.0,0.0,0.037324047306176084,2677.2900390625,0.2309495479878582,0.0
^RUT,2026-05-08,2785.0,Call,9.1,10.6,15.41,1.0,0.0,0.037324047306176084,2677.2900390625,0.2309495479878582,0.0
^RUT,2026-05-08,2795.0,Call,8.0,9.5,10.14,13.0,0.0,0.037324047306176084,2677.2900390625,0.2309495479878582,0.0
^RUT,2026-05-15,1350.0,Put,0.95,1.65,1.1,2.0,0.0,0.03727805519053876,2677.2900390625,0.2309495479878582,0.0
^RUT,2026-05-15,1400.0,Put,1.25,1.9,2.6,,0.0,0.03727805519053876,2677.2900390625,0.2309495479878582,0.0
^RUT,2026-05-15,1450.0,Put,1.55,2.2,1.85,2.0,0.0,0.03727805519053876,2677.2900390625,0.2309495479878582,0.0
^RUT,2026-05-15,1500.0,Put,1.95,2.6,2.4,2.0,0.0,0.03727805519053876,2677.2900390625,0.2309495479878582,0.0
^RUT,2026-05-15,1550.0,Put,2.35,3.1,2.55,2.0,0.0,0.03727805519053876,2677.2900390625,0.2309495479878582,0.0
^RUT,2026-05-15,1600.0,Put,2.8,3.6,2.6,23.0,0.0,0.03727805519053876,2677.2900390625,0.2309495479878582,0.0
^RUT,2026-05-15,1650.0,Put,3.4,4.1,3.08,38.0,0.0,0.03727805519053876,2677.2900390625,0.2309495479878582,0.0
^RUT,2026-05-15,1700.0,Put,4.0,4.8,4.6,24.0,0.0,0.03727805519053876,2677.2900390625,0.2309495479878582,0.0
^RUT,2026-05-15,1750.0,Put,4.7,5.6,5.4,185.0,0.0,0.03727805519053876,2677.2900390625,0.2309495479878582,0.0
^RUT,2026-05-15,1800.0,Call,688.0,712.0,794.78,,0.0,0.03727805519053876,2677.2900390625,0.2309495479878582,0.0
^RUT,2026-05-15,1800.0,Put,5.5,6.5,5.5,19.0,0.0,0.03727805519053876,2677.2900390625,0.2309495479878582,0.0
^RUT,2026-05-15,1850.0,Call,639.4,663.4,746.38,,0.0,0.03727805519053876,2677.2900390625,0.2309495479878582,0.0
^RUT,2026-05-15,1850.0,Put,6.6,7.6,7.07,1.0,0.0,0.03727805519053876,2677.2900390625,0.2309495479878582,0.0
^RUT,2026-05-15,1900.0,Put,7.9,9.1,8.8,15.0,0.0,0.03727805519053876,2677.2900390625,0.2309495479878582,0.0
^RUT,2026-05-15,1950.0,Put,9.7,11.0,10.21,1.0,0.0,0.03727805519053876,2677.2900390625,0.2309495479878582,0.0
^RUT,2026-05-15,1990.0,Put,11.8,13.2,14.51,25.0,0.0,0.03727805519053876,2677.2900390625,0.2309495479878582,0.0
^RUT,2026-05-15,1995.0,Put,12.1,13.4,14.78,25.0,0.0,0.03727805519053876,2677.2900390625,0.2309495479878582,0.0
^RUT,2026-05-15,2000.0,Call,495.8,519.8,535.88,,0.0,0.03727805519053876,2677.2900390625,0.2309495479878582,0.0
^RUT,2026-05-15,2000.0,Put,12.1,13.4,12.38,2.0,0.0,0.03727805519053876,2677.2900390625,0.2309495479878582,0.0
^RUT,2026-05-15,2050.0,Call,449.3,473.3,500.96,2.0,0.0,0.03727805519053876,2677.2900390625,0.2309495479878582,0.0
^RUT,2026-05-15,2050.0,Put,15.2,16.6,12.95,1.0,0.0,0.03727805519053876,2677.2900390625,0.2309495479878582,0.0
^RUT,2026-05-15,2100.0,Call,404.0,428.0,388.4,1.0,0.0,0.03727805519053876,2677.2900390625,0.2309495479878582,0.0
^RUT,2026-05-15,2100.0,Put,19.7,21.1,14.35,20.0,0.0,0.03727805519053876,2677.2900390625,0.2309495479878582,0.0
^RUT,2026-05-15,2120.0,Put,21.2,22.6,25.58,1.0,0.0,0.03727805519053876,2677.2900390625,0.2309495479878582,0.0
^RUT,2026-05-15,2150.0,Call,359.1,383.1,367.29,1.0,0.0,0.03727805519053876,2677.2900390625,0.2309495479878582,0.0
^RUT,2026-05-15,2150.0,Put,24.4,25.9,24.37,3.0,0.0,0.03727805519053876,2677.2900390625,0.2309495479878582,0.0
^RUT,2026-05-15,2180.0,Put,28.2,29.7,29.77,3.0,0.0,0.03727805519053876,2677.2900390625,0.2309495479878582,0.0
^RUT,2026-05-15,2190.0,Put,30.0,31.8,27.8,2.0,0.0,0.03727805519053876,2677.2900390625,0.2309495479878582,0.0
^RUT,2026-05-15,2200.0,Call,315.9,339.9,336.43,2.0,0.0,0.03727805519053876,2677.2900390625,0.2309495479878582,0.0
^RUT,2026-05-15,2200.0,Put,31.0,32.5,31.5,4.0,0.0,0.03727805519053876,2677.2900390625,0.2309495479878582,0.0
^RUT,2026-05-15,2205.0,Put,31.7,33.4,30.14,12.0,0.0,0.03727805519053876,2677.2900390625,0.2309495479878582,0.0
^RUT,2026-05-15,2210.0,Put,32.5,34.0,30.8,13.0,0.0,0.03727805519053876,2677.2900390625,0.2309495479878582,0.0
^RUT,2026-05-15,2220.0,Put,34.0,35.7,35.3,10.0,0.0,0.03727805519053876,2677.2900390625,0.2309495479878582,0.0
^RUT,2026-05-15,2225.0,Put,35.5,37.1,41.35,1.0,0.0,0.03727805519053876,2677.2900390625,0.2309495479878582,0.0
^RUT,2026-05-15,2230.0,Put,36.3,37.9,30.6,21.0,0.0,0.03727805519053876,2677.2900390625,0.2309495479878582,0.0
^RUT,2026-05-15,2235.0,Put,36.5,38.2,30.68,3.0,0.0,0.03727805519053876,2677.2900390625,0.2309495479878582,0.0
^RUT,2026-05-15,2240.0,Put,38.0,39.6,39.17,1.0,0.0,0.03727805519053876,2677.2900390625,0.2309495479878582,0.0
^RUT,2026-05-15,2250.0,Call,274.4,298.4,317.25,4.0,0.0,0.03727805519053876,2677.2900390625,0.2309495479878582,0.0
^RUT,2026-05-15,2250.0,Put,39.8,41.4,40.97,1.0,0.0,0.03727805519053876,2677.2900390625,0.2309495479878582,0.0
^RUT,2026-05-15,2260.0,Put,41.0,42.7,33.72,1.0,0.0,0.03727805519053876,2677.2900390625,0.2309495479878582,0.0
^RUT,2026-05-15,2265.0,Put,41.9,43.8,39.86,3.0,0.0,0.03727805519053876,2677.2900390625,0.2309495479878582,0.0
^RUT,2026-05-15,2275.0,Put,44.0,45.6,45.74,1.0,0.0,0.03727805519053876,2677.2900390625,0.2309495479878582,0.0
^RUT,2026-05-15,2285.0,Call,256.4,260.4,276.44,3.0,0.0,0.03727805519053876,2677.2900390625,0.2309495479878582,0.0
^RUT,2026-05-15,2285.0,Put,45.9,47.8,36.83,1.0,0.0,0.03727805519053876,2677.2900390625,0.2309495479878582,0.0
^RUT,2026-05-15,2290.0,Put,47.7,49.3,37.82,2.0,0.0,0.03727805519053876,2677.2900390625,0.2309495479878582,0.0
^RUT,2026-05-15,2300.0,Call,244.7,248.7,206.9,4.0,0.0,0.03727805519053876,2677.2900390625,0.2309495479878582,0.0
^RUT,2026-05-15,2300.0,Put,49.2,51.0,44.68,4.0,0.0,0.03727805519053876,2677.2900390625,0.2309495479878582,0.0
^RUT,2026-05-15,2310.0,Call,237.8,241.5,227.62,,0.0,0.03727805519053876,2677.2900390625,0.2309495479878582,0.0
^RUT,2026-05-15,2310.0,Put,52.1,53.9,49.9,4.0,0.0,0.03727805519053876,2677.2900390625,0.2309495479878582,0.0
^RUT,2026-05-15,2315.0,Call,233.3,237.0,247.83,2.0,0.0,0.03727805519053876,2677.2900390625,0.2309495479878582,0.0
^RUT,2026-05-15,2315.0,Put,53.3,55.1,49.67,1.0,0.0,0.03727805519053876,2677.2900390625,0.2309495479878582,0.0
^RUT,2026-05-15,2320.0,Call,229.5,233.2,243.98,2.0,0.0,0.03727805519053876,2677.2900390625,0.2309495479878582,0.0
^RUT,2026-05-15,2320.0,Put,53.8,55.6,52.09,4.0,0.0,0.03727805519053876,2677.2900390625,0.2309495479878582,0.0
^RUT,2026-05-15,2325.0,Put,55.6,57.5,72.54,1.0,0.0,0.03727805519053876,2677.2900390625,0.2309495479878582,0.0
^RUT,2026-05-15,2330.0,Put,53.3,62.4,61.83,,0.0,0.03727805519053876,2677.2900390625,0.2309495479878582,0.0
^RUT,2026-05-15,2335.0,Put,58.0,60.0,54.02,2.0,0.0,0.03727805519053876,2677.2900390625,0.2309495479878582,0.0
^RUT,2026-05-15,2340.0,Call,215.6,218.8,206.02,,0.0,0.03727805519053876,2677.2900390625,0.2309495479878582,0.0
^RUT,2026-05-15,2340.0,Put,58.7,60.4,49.08,1.0,0.0,0.03727805519053876,2677.2900390625,0.2309495479878582,0.0
^RUT,2026-05-15,2350.0,Call,194.6,222.6,232.54,4.0,0.0,0.03727805519053876,2677.2900390625,0.2309495479878582,0.0
^RUT,2026-05-15,2350.0,Put,61.2,63.0,58.47,342.0,0.0,0.03727805519053876,2677.2900390625,0.2309495479878582,0.0
^RUT,2026-05-15,2360.0,Put,64.7,66.4,84.99,2.0,0.0,0.03727805519053876,2677.2900390625,0.2309495479878582,0.0
^RUT,2026-05-15,2365.0,Put,65.2,67.1,66.05,15.0,0.0,0.03727805519053876,2677.2900390625,0.2309495479878582,0.0
^RUT,2026-05-15,2370.0,Put,67.3,69.2,65.1,5.0,0.0,0.03727805519053876,2677.2900390625,0.2309495479878582,0.0
^RUT,2026-05-15,2375.0,Put,68.0,69.9,55.6,1.0,0.0,0.03727805519053876,2677.2900390625,0.2309495479878582,0.0
^RUT,2026-05-15,2380.0,Put,70.2,72.1,65.25,2.0,0.0,0.03727805519053876,2677.2900390625,0.2309495479878582,0.0
^RUT,2026-05-15,2390.0,Call,166.0,192.3,201.91,2.0,0.0,0.03727805519053876,2677.2900390625,0.2309495479878582,0.0
^RUT,2026-05-15,2390.0,Put,73.1,74.9,96.74,43.0,0.0,0.03727805519053876,2677.2900390625,0.2309495479878582,0.0
^RUT,2026-05-15,2400.0,Call,167.7,182.2,205.24,4.0,0.0,0.03727805519053876,2677.2900390625,0.2309495479878582,0.0
^RUT,2026-05-15,2400.0,Put,76.0,78.2,71.09,1.0,0.0,0.03727805519053876,2677.2900390625,0.2309495479878582,0.0
^RUT,2026-05-15,2405.0,Put,77.7,79.7,69.1,2.0,0.0,0.03727805519053876,2677.2900390625,0.2309495479878582,0.0
^RUT,2026-05-15,2410.0,Call,165.4,168.0,169.92,9.0,0.0,0.03727805519053876,2677.2900390625,0.2309495479878582,0.0
^RUT,2026-05-15,2410.0,Put,78.5,80.4,74.2,443.0,0.0,0.03727805519053876,2677.2900390625,0.2309495479878582,0.0
^RUT,2026-05-15,2415.0,Call,162.0,164.6,194.13,1.0,0.0,0.03727805519053876,2677.2900390625,0.2309495479878582,0.0
^RUT,2026-05-15,2415.0,Put,80.1,82.1,69.14,1.0,0.0,0.03727805519053876,2677.2900390625,0.2309495479878582,0.0
^RUT,2026-05-15,2420.0,Call,158.7,161.3,131.34,2.0,0.0,0.03727805519053876,2677.2900390625,0.2309495479878582,0.0
^RUT,2026-05-15,2420.0,Put,77.9,87.7,78.7,1.0,0.0,0.03727805519053876,2677.2900390625,0.2309495479878582,0.0
^RUT,2026-05-15,2425.0,Call,156.1,158.7,126.2,5.0,0.0,0.03727805519053876,2677.2900390625,0.2309495479878582,0.0
^RUT,2026-05-15,2425.0,Put,84.2,86.2,75.02,,0.0,0.03727805519053876,2677.2900390625,0.2309495479878582,0.0
^RUT,2026-05-15,2430.0,Put,85.0,87.2,83.57,1.0,0.0,0.03727805519053876,2677.2900390625,0.2309495479878582,0.0
^RUT,2026-05-15,2435.0,Call,145.4,162.5,146.0,1.0,0.0,0.03727805519053876,2677.2900390625,0.2309495479878582,0.0
^RUT,2026-05-15,2435.0,Put,87.3,89.4,111.12,1.0,0.0,0.03727805519053876,2677.2900390625,0.2309495479878582,0.0
^RUT,2026-05-15,2440.0,Call,142.2,159.2,119.9,10.0,0.0,0.03727805519053876,2677.2900390625,0.2309495479878582,0.0
^RUT,2026-05-15,2440.0,Put,89.4,91.3,86.12,2.0,0.0,0.03727805519053876,2677.2900390625,0.2309495479878582,0.0
^RUT,2026-05-15,2450.0,Call,139.6,142.0,121.1,5.0,0.0,0.03727805519053876,2677.2900390625,0.2309495479878582,0.0
^RUT,2026-05-15,2450.0,Put,92.0,94.2,90.34,16.0,0.0,0.03727805519053876,2677.2900390625,0.2309495479878582,0.0
^RUT,2026-05-15,2455.0,Put,93.7,95.8,78.4,1.0,0.0,0.03727805519053876,2677.2900390625,0.2309495479878582,0.0
^RUT,2026-05-15,2460.0,Call,133.1,135.5,116.7,4.0,0.0,0.03727805519053876,2677.2900390625,0.2309495479878582,0.0
^RUT,2026-05-15,2460.0,Put,95.8,97.9,93.98,2.0,0.0,0.03727805519053876,2677.2900390625,0.2309495479878582,0.0
^RUT,2026-05-15,2465.0,Call,130.3,132.4,144.55,1.0,0.0,0.03727805519053876,2677.2900390625,0.2309495479878582,0.0
^RUT,2026-05-15,2465.0,Put,94.5,104.5,80.16,22.0,0.0,0.03727805519053876,2677.2900390625,0.2309495479878582,0.0
^RUT,2026-05-15,2470.0,Call,127.0,129.4,154.03,2.0,0.0,0.03727805519053876,2677.2900390625,0.2309495479878582,0.0
^RUT,2026-05-15,2470.0,Put,100.4,102.5,88.18,2.0,0.0,0.03727805519053876,2677.2900390625,0.2309495479878582,0.0
^RUT,2026-05-15,2475.0,Call,124.8,127.4,125.41,,0.0,0.03727805519053876,2677.2900390625,0.2309495479878582,0.0
^RUT,2026-05-15,2475.0,Put,98.4,108.4,84.0,2.0,0.0,0.03727805519053876,2677.2900390625,0.2309495479878582,0.0
^RUT,2026-05-15,2480.0,Put,99.6,109.6,103.61,76.0,0.0,0.03727805519053876,2677.2900390625,0.2309495479878582,0.0
^RUT,2026-05-15,2485.0,Put,105.6,107.7,105.59,1.0,0.0,0.03727805519053876,2677.2900390625,0.2309495479878582,0.0
^RUT,2026-05-15,2490.0,Call,115.3,117.4,98.7,4.0,0.0,0.03727805519053876,2677.2900390625,0.2309495479878582,0.0
^RUT,2026-05-15,2490.0,Put,107.7,109.8,109.4,1.0,0.0,0.03727805519053876,2677.2900390625,0.2309495479878582,0.0
^RUT,2026-05-15,2495.0,Call,112.3,114.6,141.92,40.0,0.0,0.03727805519053876,2677.2900390625,0.2309495479878582,0.0
^RUT,2026-05-15,2500.0,Call,109.5,111.8,128.15,180.0,0.0,0.03727805519053876,2677.2900390625,0.2309495479878582,0.0
^RUT,2026-05-15,2500.0,Put,107.9,117.9,93.5,216.0,0.0,0.03727805519053876,2677.2900390625,0.2309495479878582,0.0
^RUT,2026-05-15,2510.0,Call,103.9,106.1,124.73,1.0,0.0,0.03727805519053876,2677.2900390625,0.2309495479878582,0.0
^RUT,2026-05-15,2510.0,Put,116.2,118.4,96.93,55.0,0.0,0.03727805519053876,2677.2900390625,0.2309495479878582,0.0
^RUT,2026-05-15,2515.0,Call,102.2,104.1,126.26,20.0,0.0,0.03727805519053876,2677.2900390625,0.2309495479878582,0.0
^RUT,2026-05-15,2520.0,Call,98.5,100.6,77.29,1.0,0.0,0.03727805519053876,2677.2900390625,0.2309495479878582,0.0
^RUT,2026-05-15,2520.0,Put,120.7,122.9,98.28,3.0,0.0,0.03727805519053876,2677.2900390625,0.2309495479878582,0.0
^RUT,2026-05-15,2525.0,Call,96.6,98.7,96.97,,0.0,0.03727805519053876,2677.2900390625,0.2309495479878582,0.0
^RUT,2026-05-15,2530.0,Call,93.2,95.3,89.47,6.0,0.0,0.03727805519053876,2677.2900390625,0.2309495479878582,0.0
^RUT,2026-05-15,2530.0,Put,121.4,131.5,102.29,1.0,0.0,0.03727805519053876,2677.2900390625,0.2309495479878582,0.0
^RUT,2026-05-15,2535.0,Put,124.5,134.5,117.58,,0.0,0.03727805519053876,2677.2900390625,0.2309495479878582,0.0
^RUT,2026-05-15,2540.0,Call,88.0,90.3,98.9,4.0,0.0,0.03727805519053876,2677.2900390625,0.2309495479878582,0.0
^RUT,2026-05-15,2540.0,Put,126.2,136.3,105.94,9.0,0.0,0.03727805519053876,2677.2900390625,0.2309495479878582,0.0
^RUT,2026-05-15,2545.0,Call,86.3,88.4,67.19,1.0,0.0,0.03727805519053876,2677.2900390625,0.2309495479878582,0.0
^RUT,2026-05-15,2545.0,Put,133.2,135.3,111.07,1.0,0.0,0.03727805519053876,2677.2900390625,0.2309495479878582,0.0
^RUT,2026-05-15,2550.0,Call,83.0,85.2,105.9,4.0,0.0,0.03727805519053876,2677.2900390625,0.2309495479878582,0.0
^RUT,2026-05-15,2550.0,Put,135.1,137.3,121.09,5.0,0.0,0.03727805519053876,2677.2900390625,0.2309495479878582,0.0
^RUT,2026-05-15,2555.0,Put,133.8,143.8,116.1,4.0,0.0,0.03727805519053876,2677.2900390625,0.2309495479878582,0.0
^RUT,2026-05-15,2560.0,Call,74.8,84.7,63.5,5.0,0.0,0.03727805519053876,2677.2900390625,0.2309495479878582,0.0
^RUT,2026-05-15,2560.0,Put,140.0,142.2,134.71,1.0,0.0,0.03727805519053876,2677.2900390625,0.2309495479878582,0.0
^RUT,2026-05-15,2565.0,Call,76.5,78.7,97.47,10.0,0.0,0.03727805519053876,2677.2900390625,0.2309495479878582,0.0
^RUT,2026-05-15,2570.0,Call,73.5,75.7,83.2,1.0,0.0,0.03727805519053876,2677.2900390625,0.2309495479878582,0.0
^RUT,2026-05-15,2570.0,Put,145.1,147.4,120.03,1.0,0.0,0.03727805519053876,2677.2900390625,0.2309495479878582,0.0
^RUT,2026-05-15,2575.0,Call,71.9,74.1,83.42,1.0,0.0,0.03727805519053876,2677.2900390625,0.2309495479878582,0.0
^RUT,2026-05-15,2580.0,Call,69.0,71.1,86.6,7.0,0.0,0.03727805519053876,2677.2900390625,0.2309495479878582,0.0
^RUT,2026-05-15,2580.0,Put,146.1,161.0,127.74,6.0,0.0,0.03727805519053876,2677.2900390625,0.2309495479878582,0.0
^RUT,2026-05-15,2590.0,Call,64.7,66.7,83.8,2.0,0.0,0.03727805519053876,2677.2900390625,0.2309495479878582,0.0
^RUT,2026-05-15,2590.0,Put,156.2,158.9,134.08,2.0,0.0,0.03727805519053876,2677.2900390625,0.2309495479878582,0.0
^RUT,2026-05-15,2600.0,Call,60.5,62.5,80.23,3.0,0.0,0.03727805519053876,2677.2900390625,0.2309495479878582,0.0
^RUT,2026-05-15,2600.0,Put,162.0,164.6,144.56,5.0,0.0,0.03727805519053876,2677.2900390625,0.2309495479878582,0.0
^RUT,2026-05-15,2605.0,Call,59.2,61.1,45.2,6.0,0.0,0.03727805519053876,2677.2900390625,0.2309495479878582,0.0
^RUT,2026-05-15,2610.0,Call,56.5,58.5,79.01,3.0,0.0,0.03727805519053876,2677.2900390625,0.2309495479878582,0.0
^RUT,2026-05-15,2610.0,Put,160.1,178.6,157.08,4.0,0.0,0.03727805519053876,2677.2900390625,0.2309495479878582,0.0
^RUT,2026-05-15,2620.0,Call,52.7,54.5,60.2,4.0,0.0,0.03727805519053876,2677.2900390625,0.2309495479878582,0.0
^RUT,2026-05-15,2620.0,Put,173.5,176.4,150.9,4.0,0.0,0.03727805519053876,2677.2900390625,0.2309495479878582,0.0
^RUT,2026-05-15,2630.0,Call,49.0,50.8,52.51,2.0,0.0,0.03727805519053876,2677.2900390625,0.2309495479878582,0.0
^RUT,2026-05-15,2630.0,Put,179.8,182.7,180.01,1.0,0.0,0.03727805519053876,2677.2900390625,0.2309495479878582,0.0
^RUT,2026-05-15,2640.0,Call,45.4,47.3,51.14,2.0,0.0,0.03727805519053876,2677.2900390625,0.2309495479878582,0.0
^RUT,2026-05-15,2640.0,Put,174.3,202.3,180.12,1.0,0.0,0.03727805519053876,2677.2900390625,0.2309495479878582,0.0
^RUT,2026-05-15,2650.0,Call,42.1,43.9,47.01,4.0,0.0,0.03727805519053876,2677.2900390625,0.2309495479878582,0.0
^RUT,2026-05-15,2650.0,Put,192.7,196.2,182.96,75.0,0.0,0.03727805519053876,2677.2900390625,0.2309495479878582,0.0
^RUT,2026-05-15,2660.0,Call,38.8,40.7,44.75,73.0,0.0,0.03727805519053876,2677.2900390625,0.2309495479878582,0.0
^RUT,2026-05-15,2660.0,Put,199.3,203.1,192.57,2.0,0.0,0.03727805519053876,2677.2900390625,0.2309495479878582,0.0
^RUT,2026-05-15,2670.0,Call,35.8,37.6,48.93,7.0,0.0,0.03727805519053876,2677.2900390625,0.2309495479878582,0.0
^RUT,2026-05-15,2670.0,Put,206.3,209.9,175.09,1.0,0.0,0.03727805519053876,2677.2900390625,0.2309495479878582,0.0
^RUT,2026-05-15,2675.0,Call,34.8,36.7,44.35,2.0,0.0,0.03727805519053876,2677.2900390625,0.2309495479878582,0.0
^RUT,2026-05-15,2680.0,Call,33.5,35.2,40.2,5.0,0.0,0.03727805519053876,2677.2900390625,0.2309495479878582,0.0
^RUT,2026-05-15,2680.0,Put,213.3,217.0,192.08,6.0,0.0,0.03727805519053876,2677.2900390625,0.2309495479878582,0.0
^RUT,2026-05-15,2685.0,Call,32.1,33.8,25.6,3.0,0.0,0.03727805519053876,2677.2900390625,0.2309495479878582,0.0
^RUT,2026-05-15,2690.0,Call,30.7,32.4,36.5,5.0,0.0,0.03727805519053876,2677.2900390625,0.2309495479878582,0.0
^RUT,2026-05-15,2690.0,Put,220.5,224.3,200.86,1.0,0.0,0.03727805519053876,2677.2900390625,0.2309495479878582,0.0
^RUT,2026-05-15,2700.0,Call,27.6,29.4,30.6,18.0,0.0,0.03727805519053876,2677.2900390625,0.2309495479878582,0.0
^RUT,2026-05-15,2700.0,Put,227.2,231.7,223.52,1.0,0.0,0.03727805519053876,2677.2900390625,0.2309495479878582,0.0
^RUT,2026-05-15,2705.0,Call,26.4,28.2,35.14,3.0,0.0,0.03727805519053876,2677.2900390625,0.2309495479878582,0.0
^RUT,2026-05-15,2710.0,Call,25.2,27.0,33.53,4.0,0.0,0.03727805519053876,2677.2900390625,0.2309495479878582,0.0
^RUT,2026-05-15,2710.0,Put,223.8,251.8,134.8,,0.0,0.03727805519053876,2677.2900390625,0.2309495479878582,0.0
^RUT,2026-05-15,2720.0,Call,23.1,24.7,31.03,327.0,0.0,0.03727805519053876,2677.2900390625,0.2309495479878582,0.0
^RUT,2026-05-15,2720.0,Put,233.0,257.0,211.14,1.0,0.0,0.03727805519053876,2677.2900390625,0.2309495479878582,0.0
^RUT,2026-05-15,2725.0,Call,22.3,24.1,27.72,6.0,0.0,0.03727805519053876,2677.2900390625,0.2309495479878582,0.0
^RUT,2026-05-15,2730.0,Call,20.9,22.6,25.75,2.0,0.0,0.03727805519053876,2677.2900390625,0.2309495479878582,0.0
^RUT,2026-05-15,2740.0,Call,18.9,20.7,21.35,13.0,0.0,0.03727805519053876,2677.2900390625,0.2309495479878582,0.0
^RUT,2026-05-15,2750.0,Call,17.1,18.9,20.52,66.0,0.0,0.03727805519053876,2677.2900390625,0.2309495479878582,0.0
^RUT,2026-05-15,2750.0,Put,257.0,281.0,233.02,,0.0,0.03727805519053876,2677.2900390625,0.2309495479878582,0.0
^RUT,2026-05-15,2760.0,Call,15.5,17.2,23.41,4.0,0.0,0.03727805519053876,2677.2900390625,0.2309495479878582,0.0
^RUT,2026-05-15,2770.0,Call,14.0,15.6,20.47,1.0,0.0,0.03727805519053876,2677.2900390625,0.2309495479878582,0.0
^RUT,2026-05-15,2770.0,Put,273.7,297.7,256.63,1.0,0.0,0.03727805519053876,2677.2900390625,0.2309495479878582,0.0
^RUT,2026-05-15,2780.0,Call,12.7,14.2,10.2,1.0,0.0,0.03727805519053876,2677.2900390625,0.2309495479878582,0.0
^RUT,2026-05-15,2780.0,Put,282.5,306.5,307.15,20.0,0.0,0.03727805519053876,2677.2900390625,0.2309495479878582,0.0
^RUT,2026-05-15,2790.0,Call,11.4,12.9,17.6,1.0,0.0,0.03727805519053876,2677.2900390625,0.2309495479878582,0.0
^RUT,2026-05-15,2800.0,Call,10.1,11.7,11.56,17.0,0.0,0.03727805519053876,2677.2900390625,0.2309495479878582,0.0
^RUT,2026-05-15,2810.0,Call,9.2,10.5,11.8,85.0,0.0,0.03727805519053876,2677.2900390625,0.2309495479878582,0.0
^RUT,2026-05-15,2820.0,Call,8.2,9.5,10.5,8.0,0.0,0.03727805519053876,2677.2900390625,0.2309495479878582,0.0
^RUT,2026-05-15,2830.0,Call,7.3,8.6,11.78,1.0,0.0,0.03727805519053876,2677.2900390625,0.2309495479878582,0.0
^RUT,2026-05-15,2830.0,Put,326.5,350.5,305.41,2.0,0.0,0.03727805519053876,2677.2900390625,0.2309495479878582,0.0
^RUT,2026-05-15,2840.0,Call,6.4,7.8,8.5,8.0,0.0,0.03727805519053876,2677.2900390625,0.2309495479878582,0.0
^RUT,2026-05-15,2850.0,Call,5.8,7.0,6.99,5.0,0.0,0.03727805519053876,2677.2900390625,0.2309495479878582,0.0
^RUT,2026-05-15,2860.0,Call,5.1,6.4,6.7,4.0,0.0,0.03727805519053876,2677.2900390625,0.2309495479878582,0.0
^RUT,2026-05-15,2860.0,Put,354.4,378.4,355.04,,0.0,0.03727805519053876,2677.2900390625,0.2309495479878582,0.0
^RUT,2026-05-15,2870.0,Call,4.5,5.8,6.0,4.0,0.0,0.03727805519053876,2677.2900390625,0.2309495479878582,0.0
^RUT,2026-05-15,2880.0,Call,4.0,5.2,5.6,1.0,0.0,0.03727805519053876,2677.2900390625,0.2309495479878582,0.0
^RUT,2026-05-15,2880.0,Put,372.9,396.9,391.59,1.0,0.0,0.03727805519053876,2677.2900390625,0.2309495479878582,0.0
^RUT,2026-05-15,2890.0,Call,3.5,4.7,4.55,1.0,0.0,0.03727805519053876,2677.2900390625,0.2309495479878582,0.0
^RUT,2026-05-15,2890.0,Put,382.3,406.3,360.88,10.0,0.0,0.03727805519053876,2677.2900390625,0.2309495479878582,0.0
^RUT,2026-05-15,2900.0,Call,3.1,4.2,4.24,11.0,0.0,0.03727805519053876,2677.2900390625,0.2309495479878582,0.0
^RUT,2026-05-15,2910.0,Call,2.8,3.8,4.0,1.0,0.0,0.03727805519053876,2677.2900390625,0.2309495479878582,0.0
^RUT,2026-05-15,2950.0,Call,1.65,2.55,3.18,1.0,0.0,0.03727805519053876,2677.2900390625,0.2309495479878582,0.0
^RUT,2026-05-15,3000.0,Call,0.9,1.65,1.35,9.0,0.0,0.03727805519053876,2677.2900390625,0.2309495479878582,0.0
^RUT,2026-05-15,3050.0,Call,0.5,1.2,1.2,2.0,0.0,0.03727805519053876,2677.2900390625,0.2309495479878582,0.0
^RUT,2026-05-15,3100.0,Call,0.25,0.95,0.81,5.0,0.0,0.03727805519053876,2677.2900390625,0.2309495479878582,0.0
^RUT,2026-05-15,3150.0,Call,0.1,0.8,0.82,2.0,0.0,0.03727805519053876,2677.2900390625,0.2309495479878582,0.0
^RUT,2026-05-15,3200.0,Call,0.0,0.65,0.55,10.0,0.0,0.03727805519053876,2677.2900390625,0.2309495479878582,0.0
^RUT,2026-05-15,3250.0,Call,0.0,0.6,0.35,13.0,0.0,0.03727805519053876,2677.2900390625,0.2309495479878582,0.0
^RUT,2026-05-15,3300.0,Call,0.0,0.55,0.4,12.0,0.0,0.03727805519053876,2677.2900390625,0.2309495479878582,0.0
^RUT,2026-05-15,3350.0,Call,0.0,0.5,0.35,,0.0,0.03727805519053876,2677.2900390625,0.2309495479878582,0.0
^RUT,2026-05-15,3400.0,Call,0.0,0.45,0.15,10.0,0.0,0.03727805519053876,2677.2900390625,0.2309495479878582,0.0
^RUT,2026-05-15,3450.0,Call,0.0,0.4,0.1,5.0,0.0,0.03727805519053876,2677.2900390625,0.2309495479878582,0.0
^RUT,2026-05-15,3550.0,Call,0.0,0.4,0.1,5.0,0.0,0.03727805519053876,2677.2900390625,0.2309495479878582,0.0
^RUT,2026-05-15,3600.0,Call,0.0,0.35,0.1,10.0,0.0,0.03727805519053876,2677.2900390625,0.2309495479878582,0.0
^RUT,2026-05-15,3650.0,Call,0.0,0.35,0.1,,0.0,0.03727805519053876,2677.2900390625,0.2309495479878582,0.0
^RUT,2026-05-15,3700.0,Call,0.0,0.35,0.1,,0.0,0.03727805519053876,2677.2900390625,0.2309495479878582,0.0
^RUT,2026-05-15,3750.0,Call,0.0,0.35,0.1,10.0,0.0,0.03727805519053876,2677.2900390625,0.2309495479878582,0.0
^RUT,2026-05-15,3800.0,Call,0.0,0.35,0.1,,0.0,0.03727805519053876,2677.2900390625,0.2309495479878582,0.0
^RUT,2026-05-15,3850.0,Call,0.0,0.35,0.1,,0.0,0.03727805519053876,2677.2900390625,0.2309495479878582,0.0
^RUT,2026-05-15,3900.0,Call,0.0,0.35,0.1,,0.0,0.03727805519053876,2677.2900390625,0.2309495479878582,0.0
^RUT,2026-05-15,3950.0,Call,0.0,0.35,0.1,,0.0,0.03727805519053876,2677.2900390625,0.2309495479878582,0.0
^RUT,2026-05-29,1250.0,Put,0.95,1.85,1.0,40.0,0.0,0.03720696452036794,2677.2900390625,0.2309495479878582,0.0
^RUT,2026-05-29,1300.0,Put,1.25,2.15,1.64,,0.0,0.03720696452036794,2677.2900390625,0.2309495479878582,0.0
^RUT,2026-05-29,1350.0,Put,1.55,2.45,2.5,3.0,0.0,0.03720696452036794,2677.2900390625,0.2309495479878582,0.0
^RUT,2026-05-29,1450.0,Put,2.4,3.3,2.42,6.0,0.0,0.03720696452036794,2677.2900390625,0.2309495479878582,0.0
^RUT,2026-05-29,1500.0,Put,2.85,3.9,2.91,10.0,0.0,0.03720696452036794,2677.2900390625,0.2309495479878582,0.0
^RUT,2026-05-29,1550.0,Put,3.4,4.4,3.35,12.0,0.0,0.03720696452036794,2677.2900390625,0.2309495479878582,0.0
^RUT,2026-05-29,1600.0,Put,4.0,5.1,3.97,10.0,0.0,0.03720696452036794,2677.2900390625,0.2309495479878582,0.0
^RUT,2026-05-29,1650.0,Put,4.7,5.9,4.64,18.0,0.0,0.03720696452036794,2677.2900390625,0.2309495479878582,0.0
^RUT,2026-05-29,1700.0,Put,5.6,6.8,4.3,20.0,0.0,0.03720696452036794,2677.2900390625,0.2309495479878582,0.0
^RUT,2026-05-29,1750.0,Put,6.5,7.8,6.9,5.0,0.0,0.03720696452036794,2677.2900390625,0.2309495479878582,0.0
^RUT,2026-05-29,1800.0,Put,7.6,9.0,10.23,1.0,0.0,0.03720696452036794,2677.2900390625,0.2309495479878582,0.0
^RUT,2026-05-29,1850.0,Call,643.7,667.7,787.45,,0.0,0.03720696452036794,2677.2900390625,0.2309495479878582,0.0
^RUT,2026-05-29,1850.0,Put,9.1,10.7,15.5,1.0,0.0,0.03720696452036794,2677.2900390625,0.2309495479878582,0.0
^RUT,2026-05-29,1900.0,Call,596.0,620.0,591.93,2.0,0.0,0.03720696452036794,2677.2900390625,0.2309495479878582,0.0
^RUT,2026-05-29,1900.0,Put,11.0,12.6,10.8,3.0,0.0,0.03720696452036794,2677.2900390625,0.2309495479878582,0.0
^RUT,2026-05-29,1950.0,Put,13.4,15.2,13.1,13.0,0.0,0.03720696452036794,2677.2900390625,0.2309495479878582,0.0
^RUT,2026-05-29,2000.0,Call,502.2,526.2,519.54,7.0,0.0,0.03720696452036794,2677.2900390625,0.2309495479878582,0.0
^RUT,2026-05-29,2000.0,Put,16.5,18.3,16.58,8.0,0.0,0.03720696452036794,2677.2900390625,0.2309495479878582,0.0
^RUT,2026-05-29,2010.0,Call,493.0,517.0,510.42,,0.0,0.03720696452036794,2677.2900390625,0.2309495479878582,0.0
^RUT,2026-05-29,2020.0,Put,17.9,19.8,16.4,1.0,0.0,0.03720696452036794,2677.2900390625,0.2309495479878582,0.0
^RUT,2026-05-29,2030.0,Put,18.7,20.5,16.86,1.0,0.0,0.03720696452036794,2677.2900390625,0.2309495479878582,0.0
^RUT,2026-05-29,2040.0,Put,19.5,21.4,15.27,1.0,0.0,0.03720696452036794,2677.2900390625,0.2309495479878582,0.0
^RUT,2026-05-29,2050.0,Call,635.7,657.7,572.0,,0.0,0.03720696452036794,2677.2900390625,0.2309495479878582,0.0
^RUT,2026-05-29,2050.0,Put,20.3,22.2,23.82,1.0,0.0,0.03720696452036794,2677.2900390625,0.2309495479878582,0.0
^RUT,2026-05-29,2100.0,Put,25.2,27.2,36.0,1.0,0.0,0.03720696452036794,2677.2900390625,0.2309495479878582,0.0
^RUT,2026-05-29,2110.0,Put,22.9,24.6,18.71,,1.0,0.03720696452036794,2677.2900390625,0.2309495479878582,0.0
^RUT,2026-05-29,2120.0,Put,27.4,29.5,16.55,,0.0,0.03720696452036794,2677.2900390625,0.2309495479878582,0.0
^RUT,2026-05-29,2130.0,Put,28.6,30.7,16.5,,0.0,0.03720696452036794,2677.2900390625,0.2309495479878582,0.0
^RUT,2026-05-29,2140.0,Put,35.2,36.4,19.0,,6.0,0.03720696452036794,2677.2900390625,0.2309495479878582,0.0
^RUT,2026-05-29,2150.0,Put,31.1,33.3,32.39,1.0,0.0,0.03720696452036794,2677.2900390625,0.2309495479878582,0.0
^RUT,2026-05-29,2160.0,Put,32.4,34.7,44.0,1.0,0.0,0.03720696452036794,2677.2900390625,0.2309495479878582,0.0
^RUT,2026-05-29,2170.0,Put,33.8,36.1,21.97,,0.0,0.03720696452036794,2677.2900390625,0.2309495479878582,0.0
^RUT,2026-05-29,2190.0,Put,30.7,32.3,20.68,1.0,1.0,0.03720696452036794,2677.2900390625,0.2309495479878582,0.0
^RUT,2026-05-29,2200.0,Put,38.4,40.6,32.1,12.0,0.0,0.03720696452036794,2677.2900390625,0.2309495479878582,0.0
^RUT,2026-05-29,2210.0,Put,40.1,42.4,41.04,,0.0,0.03720696452036794,2677.2900390625,0.2309495479878582,0.0
^RUT,2026-05-29,2220.0,Call,309.1,333.1,321.86,,0.0,0.03720696452036794,2677.2900390625,0.2309495479878582,0.0
^RUT,2026-05-29,2230.0,Call,301.2,325.2,313.41,,0.0,0.03720696452036794,2677.2900390625,0.2309495479878582,0.0
^RUT,2026-05-29,2230.0,Put,35.7,37.2,24.35,,1.0,0.03720696452036794,2677.2900390625,0.2309495479878582,0.0
^RUT,2026-05-29,2240.0,Put,45.5,47.7,38.6,5.0,0.0,0.03720696452036794,2677.2900390625,0.2309495479878582,0.0
^RUT,2026-05-29,2250.0,Put,47.4,49.6,43.75,1.0,0.0,0.03720696452036794,2677.2900390625,0.2309495479878582,0.0
^RUT,2026-05-29,2260.0,Put,49.3,51.6,44.52,,0.0,0.03720696452036794,2677.2900390625,0.2309495479878582,0.0
^RUT,2026-05-29,2270.0,Put,51.3,53.7,43.2,,0.0,0.03720696452036794,2677.2900390625,0.2309495479878582,0.0
^RUT,2026-05-29,2280.0,Put,53.5,55.8,45.2,5.0,0.0,0.03720696452036794,2677.2900390625,0.2309495479878582,0.0
^RUT,2026-05-29,2290.0,Put,55.6,58.1,55.39,2.0,0.0,0.03720696452036794,2677.2900390625,0.2309495479878582,0.0
^RUT,2026-05-29,2300.0,Put,57.9,60.3,60.25,20.0,0.0,0.03720696452036794,2677.2900390625,0.2309495479878582,0.0
^RUT,2026-05-29,2310.0,Put,60.3,62.6,76.36,10.0,0.0,0.03720696452036794,2677.2900390625,0.2309495479878582,0.0
^RUT,2026-05-29,2320.0,Put,62.6,65.0,59.96,110.0,0.0,0.03720696452036794,2677.2900390625,0.2309495479878582,0.0
^RUT,2026-05-29,2330.0,Put,65.1,67.4,82.16,1.0,0.0,0.03720696452036794,2677.2900390625,0.2309495479878582,0.0
^RUT,2026-05-29,2340.0,Call,225.9,230.1,238.88,,0.0,0.03720696452036794,2677.2900390625,0.2309495479878582,0.0
^RUT,2026-05-29,2340.0,Put,67.6,70.2,90.75,3.0,0.0,0.03720696452036794,2677.2900390625,0.2309495479878582,0.0
^RUT,2026-05-29,2350.0,Call,218.7,222.8,231.53,,0.0,0.03720696452036794,2677.2900390625,0.2309495479878582,0.0
^RUT,2026-05-29,2350.0,Put,70.3,72.8,70.0,1.0,0.0,0.03720696452036794,2677.2900390625,0.2309495479878582,0.0
^RUT,2026-05-29,2360.0,Call,211.5,215.6,236.32,,0.0,0.03720696452036794,2677.2900390625,0.2309495479878582,0.0
^RUT,2026-05-29,2360.0,Put,73.0,75.6,69.18,3.0,0.0,0.03720696452036794,2677.2900390625,0.2309495479878582,0.0
^RUT,2026-05-29,2370.0,Put,75.8,78.4,74.96,4.0,0.0,0.03720696452036794,2677.2900390625,0.2309495479878582,0.0
^RUT,2026-05-29,2380.0,Put,78.7,81.3,71.54,3.0,0.0,0.03720696452036794,2677.2900390625,0.2309495479878582,0.0
^RUT,2026-05-29,2390.0,Put,81.7,84.3,65.4,5.0,0.0,0.03720696452036794,2677.2900390625,0.2309495479878582,0.0
^RUT,2026-05-29,2400.0,Put,84.8,87.4,78.36,4.0,0.0,0.03720696452036794,2677.2900390625,0.2309495479878582,0.0
^RUT,2026-05-29,2410.0,Put,88.0,90.4,80.35,1.0,0.0,0.03720696452036794,2677.2900390625,0.2309495479878582,0.0
^RUT,2026-05-29,2420.0,Call,170.6,173.9,185.59,4.0,0.0,0.03720696452036794,2677.2900390625,0.2309495479878582,0.0
^RUT,2026-05-29,2420.0,Put,91.1,94.0,84.22,1.0,0.0,0.03720696452036794,2677.2900390625,0.2309495479878582,0.0
^RUT,2026-05-29,2430.0,Put,94.5,97.4,93.33,2.0,0.0,0.03720696452036794,2677.2900390625,0.2309495479878582,0.0
^RUT,2026-05-29,2440.0,Put,98.0,100.9,82.3,2.0,0.0,0.03720696452036794,2677.2900390625,0.2309495479878582,0.0
^RUT,2026-05-29,2450.0,Call,151.3,154.5,175.71,10.0,0.0,0.03720696452036794,2677.2900390625,0.2309495479878582,0.0
^RUT,2026-05-29,2450.0,Put,101.7,104.4,100.0,1.0,0.0,0.03720696452036794,2677.2900390625,0.2309495479878582,0.0
^RUT,2026-05-29,2460.0,Call,145.5,148.2,152.34,6.0,0.0,0.03720696452036794,2677.2900390625,0.2309495479878582,0.0
^RUT,2026-05-29,2460.0,Put,105.3,108.2,97.34,8.0,0.0,0.03720696452036794,2677.2900390625,0.2309495479878582,0.0
^RUT,2026-05-29,2470.0,Call,139.3,142.1,159.58,,0.0,0.03720696452036794,2677.2900390625,0.2309495479878582,0.0
^RUT,2026-05-29,2470.0,Put,109.2,112.0,94.0,1.0,0.0,0.03720696452036794,2677.2900390625,0.2309495479878582,0.0
^RUT,2026-05-29,2480.0,Call,133.2,136.1,145.25,8.0,0.0,0.03720696452036794,2677.2900390625,0.2309495479878582,0.0
^RUT,2026-05-29,2480.0,Put,113.2,115.9,111.34,2.0,0.0,0.03720696452036794,2677.2900390625,0.2309495479878582,0.0
^RUT,2026-05-29,2490.0,Call,127.8,128.8,210.0,,2.0,0.03720696452036794,2677.2900390625,0.2309495479878582,0.0
^RUT,2026-05-29,2490.0,Put,117.2,119.8,95.65,20.0,0.0,0.03720696452036794,2677.2900390625,0.2309495479878582,0.0
^RUT,2026-05-29,2500.0,Call,121.5,124.6,132.44,1.0,0.0,0.03720696452036794,2677.2900390625,0.2309495479878582,0.0
^RUT,2026-05-29,2500.0,Put,117.9,129.7,116.12,111.0,0.0,0.03720696452036794,2677.2900390625,0.2309495479878582,0.0
^RUT,2026-05-29,2510.0,Put,125.6,128.6,116.12,5.0,0.0,0.03720696452036794,2677.2900390625,0.2309495479878582,0.0
^RUT,2026-05-29,2520.0,Call,110.5,113.4,120.59,1.0,0.0,0.03720696452036794,2677.2900390625,0.2309495479878582,0.0
^RUT,2026-05-29,2520.0,Put,130.1,133.1,109.66,2.0,0.0,0.03720696452036794,2677.2900390625,0.2309495479878582,0.0
^RUT,2026-05-29,2530.0,Call,105.2,108.0,115.0,4.0,0.0,0.03720696452036794,2677.2900390625,0.2309495479878582,0.0
^RUT,2026-05-29,2530.0,Put,134.8,137.6,130.0,1.0,0.0,0.03720696452036794,2677.2900390625,0.2309495479878582,0.0
^RUT,2026-05-29,2540.0,Put,139.7,142.3,114.5,10.0,0.0,0.03720696452036794,2677.2900390625,0.2309495479878582,0.0
^RUT,2026-05-29,2550.0,Call,94.9,97.8,196.05,10.0,0.0,0.03720696452036794,2677.2900390625,0.2309495479878582,0.0
^RUT,2026-05-29,2550.0,Put,144.3,147.0,146.0,1.0,0.0,0.03720696452036794,2677.2900390625,0.2309495479878582,0.0
^RUT,2026-05-29,2560.0,Call,203.9,206.7,195.21,,0.0,0.03720696452036794,2677.2900390625,0.2309495479878582,0.0
^RUT,2026-05-29,2560.0,Put,84.0,86.1,88.2,5.0,0.0,0.03720696452036794,2677.2900390625,0.2309495479878582,0.0
^RUT,2026-05-29,2570.0,Call,118.4,119.2,199.54,1.0,1.0,0.03720696452036794,2677.2900390625,0.2309495479878582,0.0
^RUT,2026-05-29,2570.0,Put,154.5,157.4,113.0,1.0,0.0,0.03720696452036794,2677.2900390625,0.2309495479878582,0.0
^RUT,2026-05-29,2580.0,Call,191.9,194.4,98.1,3.0,6.0,0.03720696452036794,2677.2900390625,0.2309495479878582,0.0
^RUT,2026-05-29,2580.0,Put,159.9,162.7,142.91,1.0,0.0,0.03720696452036794,2677.2900390625,0.2309495479878582,0.0
^RUT,2026-05-29,2590.0,Call,76.3,78.9,56.77,3.0,0.0,0.03720696452036794,2677.2900390625,0.2309495479878582,0.0
^RUT,2026-05-29,2590.0,Put,165.0,168.3,122.1,1.0,0.0,0.03720696452036794,2677.2900390625,0.2309495479878582,0.0
^RUT,2026-05-29,2600.0,Call,71.8,74.5,55.7,2.0,0.0,0.03720696452036794,2677.2900390625,0.2309495479878582,0.0
^RUT,2026-05-29,2600.0,Put,170.6,173.9,160.89,6.0,0.0,0.03720696452036794,2677.2900390625,0.2309495479878582,0.0
^RUT,2026-05-29,2610.0,Call,67.7,70.3,49.99,5.0,0.0,0.03720696452036794,2677.2900390625,0.2309495479878582,0.0
^RUT,2026-05-29,2610.0,Put,176.4,179.6,136.85,1.0,0.0,0.03720696452036794,2677.2900390625,0.2309495479878582,0.0
^RUT,2026-05-29,2620.0,Call,63.6,66.2,49.0,2.0,0.0,0.03720696452036794,2677.2900390625,0.2309495479878582,0.0
^RUT,2026-05-29,2620.0,Put,182.4,185.5,163.39,2.0,0.0,0.03720696452036794,2677.2900390625,0.2309495479878582,0.0
^RUT,2026-05-29,2630.0,Call,59.6,62.4,79.21,10.0,0.0,0.03720696452036794,2677.2900390625,0.2309495479878582,0.0
^RUT,2026-05-29,2630.0,Put,188.4,191.6,169.96,10.0,0.0,0.03720696452036794,2677.2900390625,0.2309495479878582,0.0
^RUT,2026-05-29,2640.0,Call,56.0,58.6,74.71,11.0,0.0,0.03720696452036794,2677.2900390625,0.2309495479878582,0.0
^RUT,2026-05-29,2640.0,Put,194.2,198.0,151.86,1.0,0.0,0.03720696452036794,2677.2900390625,0.2309495479878582,0.0
^RUT,2026-05-29,2650.0,Call,52.4,55.0,60.56,110.0,0.0,0.03720696452036794,2677.2900390625,0.2309495479878582,0.0
^RUT,2026-05-29,2650.0,Put,200.5,204.4,169.71,2.0,0.0,0.03720696452036794,2677.2900390625,0.2309495479878582,0.0
^RUT,2026-05-29,2660.0,Call,48.9,51.6,53.46,1.0,0.0,0.03720696452036794,2677.2900390625,0.2309495479878582,0.0
^RUT,2026-05-29,2660.0,Put,206.9,210.6,196.29,1.0,0.0,0.03720696452036794,2677.2900390625,0.2309495479878582,0.0
^RUT,2026-05-29,2670.0,Call,45.7,48.2,53.31,2.0,0.0,0.03720696452036794,2677.2900390625,0.2309495479878582,0.0
^RUT,2026-05-29,2670.0,Put,213.5,217.7,213.68,,0.0,0.03720696452036794,2677.2900390625,0.2309495479878582,0.0
^RUT,2026-05-29,2680.0,Call,42.6,45.0,58.2,2.0,0.0,0.03720696452036794,2677.2900390625,0.2309495479878582,0.0
^RUT,2026-05-29,2680.0,Put,220.1,224.6,220.33,10.0,0.0,0.03720696452036794,2677.2900390625,0.2309495479878582,0.0
^RUT,2026-05-29,2690.0,Call,39.7,42.0,38.68,44.0,0.0,0.03720696452036794,2677.2900390625,0.2309495479878582,0.0
^RUT,2026-05-29,2690.0,Put,227.1,231.4,138.9,13.0,0.0,0.03720696452036794,2677.2900390625,0.2309495479878582,0.0
^RUT,2026-05-29,2700.0,Call,36.7,39.2,37.17,4.0,0.0,0.03720696452036794,2677.2900390625,0.2309495479878582,0.0
^RUT,2026-05-29,2700.0,Put,234.2,238.5,221.97,3.0,0.0,0.03720696452036794,2677.2900390625,0.2309495479878582,0.0
^RUT,2026-05-29,2710.0,Call,34.1,36.4,34.52,2.0,0.0,0.03720696452036794,2677.2900390625,0.2309495479878582,0.0
^RUT,2026-05-29,2710.0,Put,256.1,257.6,149.0,,1.0,0.03720696452036794,2677.2900390625,0.2309495479878582,0.0
^RUT,2026-05-29,2720.0,Call,31.5,33.9,40.95,20.0,0.0,0.03720696452036794,2677.2900390625,0.2309495479878582,0.0
^RUT,2026-05-29,2730.0,Call,29.1,31.4,51.71,1.0,0.0,0.03720696452036794,2677.2900390625,0.2309495479878582,0.0
^RUT,2026-05-29,2740.0,Call,26.8,29.1,33.0,3.0,0.0,0.03720696452036794,2677.2900390625,0.2309495479878582,0.0
^RUT,2026-05-29,2740.0,Put,278.6,280.2,164.9,2.0,13.0,0.03720696452036794,2677.2900390625,0.2309495479878582,0.0
^RUT,2026-05-29,2750.0,Call,24.7,26.9,37.12,5.0,0.0,0.03720696452036794,2677.2900390625,0.2309495479878582,0.0
^RUT,2026-05-29,2750.0,Put,262.1,286.1,158.84,10.0,0.0,0.03720696452036794,2677.2900390625,0.2309495479878582,0.0
^RUT,2026-05-29,2760.0,Call,22.6,24.9,35.4,6.0,0.0,0.03720696452036794,2677.2900390625,0.2309495479878582,0.0
^RUT,2026-05-29,2760.0,Put,269.8,293.8,149.6,,0.0,0.03720696452036794,2677.2900390625,0.2309495479878582,0.0
^RUT,2026-05-29,2770.0,Call,20.8,23.0,16.04,17.0,0.0,0.03720696452036794,2677.2900390625,0.2309495479878582,0.0
^RUT,2026-05-29,2780.0,Call,19.0,21.2,21.46,5.0,0.0,0.03720696452036794,2677.2900390625,0.2309495479878582,0.0
^RUT,2026-05-29,2780.0,Put,285.9,309.9,160.2,,0.0,0.03720696452036794,2677.2900390625,0.2309495479878582,0.0
^RUT,2026-05-29,2790.0,Call,20.5,22.1,67.7,6.0,6.0,0.03720696452036794,2677.2900390625,0.2309495479878582,0.0
^RUT,2026-05-29,2790.0,Put,294.2,318.2,204.6,,0.0,0.03720696452036794,2677.2900390625,0.2309495479878582,0.0
^RUT,2026-05-29,2800.0,Call,15.8,18.0,23.95,3.0,0.0,0.03720696452036794,2677.2900390625,0.2309495479878582,0.0
^RUT,2026-05-29,2810.0,Call,14.4,16.5,10.7,2.0,0.0,0.03720696452036794,2677.2900390625,0.2309495479878582,0.0
^RUT,2026-05-29,2820.0,Call,13.1,15.1,21.02,1.0,0.0,0.03720696452036794,2677.2900390625,0.2309495479878582,0.0
^RUT,2026-05-29,2830.0,Call,11.9,13.9,58.1,2.0,0.0,0.03720696452036794,2677.2900390625,0.2309495479878582,0.0
^RUT,2026-05-29,2840.0,Call,10.7,12.7,9.3,5.0,0.0,0.03720696452036794,2677.2900390625,0.2309495479878582,0.0
^RUT,2026-05-29,2850.0,Call,9.8,11.7,15.55,1.0,0.0,0.03720696452036794,2677.2900390625,0.2309495479878582,0.0
^RUT,2026-05-29,2860.0,Call,8.8,10.7,36.4,2.0,0.0,0.03720696452036794,2677.2900390625,0.2309495479878582,0.0
^RUT,2026-05-29,2870.0,Call,7.9,9.8,12.61,1.0,0.0,0.03720696452036794,2677.2900390625,0.2309495479878582,0.0
^RUT,2026-05-29,2880.0,Call,7.2,9.0,22.51,1.0,0.0,0.03720696452036794,2677.2900390625,0.2309495479878582,0.0
^RUT,2026-05-29,2890.0,Call,6.5,8.2,51.4,20.0,0.0,0.03720696452036794,2677.2900390625,0.2309495479878582,0.0
^RUT,2026-05-29,2900.0,Call,5.8,7.5,7.6,1.0,0.0,0.03720696452036794,2677.2900390625,0.2309495479878582,0.0
^RUT,2026-05-29,2910.0,Call,5.2,6.9,7.42,1.0,0.0,0.03720696452036794,2677.2900390625,0.2309495479878582,0.0
^RUT,2026-05-29,2920.0,Call,6.6,7.9,42.32,4.0,3.0,0.03720696452036794,2677.2900390625,0.2309495479878582,0.0
^RUT,2026-05-29,2930.0,Call,4.2,5.8,3.8,1.0,0.0,0.03720696452036794,2677.2900390625,0.2309495479878582,0.0
^RUT,2026-05-29,2940.0,Call,3.8,5.3,6.47,1.0,0.0,0.03720696452036794,2677.2900390625,0.2309495479878582,0.0
^RUT,2026-05-29,2950.0,Call,3.4,4.9,3.99,5.0,0.0,0.03720696452036794,2677.2900390625,0.2309495479878582,0.0
^RUT,2026-05-29,2960.0,Call,3.1,4.5,5.02,6.0,0.0,0.03720696452036794,2677.2900390625,0.2309495479878582,0.0
^RUT,2026-05-29,2980.0,Call,2.5,3.8,10.28,3.0,0.0,0.03720696452036794,2677.2900390625,0.2309495479878582,0.0
^RUT,2026-05-29,3000.0,Call,2.0,3.3,3.29,2.0,0.0,0.03720696452036794,2677.2900390625,0.2309495479878582,0.0
^RUT,2026-05-29,3050.0,Call,1.25,2.25,2.5,1.0,0.0,0.03720696452036794,2677.2900390625,0.2309495479878582,0.0
^RUT,2026-05-29,3100.0,Call,0.75,1.7,1.15,10.0,0.0,0.03720696452036794,2677.2900390625,0.2309495479878582,0.0
^RUT,2026-05-29,3150.0,Call,0.45,1.4,1.3,6.0,0.0,0.03720696452036794,2677.2900390625,0.2309495479878582,0.0
^RUT,2026-05-29,3200.0,Call,0.25,1.2,1.05,1.0,0.0,0.03720696452036794,2677.2900390625,0.2309495479878582,0.0
^RUT,2026-05-29,3250.0,Call,0.15,1.05,1.03,8.0,0.0,0.03720696452036794,2677.2900390625,0.2309495479878582,0.0
^RUT,2026-05-29,3300.0,Call,0.1,0.95,0.53,10.0,0.0,0.03720696452036794,2677.2900390625,0.2309495479878582,0.0
^RUT,2026-05-29,3350.0,Call,0.0,0.9,0.58,6.0,0.0,0.03720696452036794,2677.2900390625,0.2309495479878582,0.0
^RUT,2026-05-29,3400.0,Call,0.0,0.85,1.92,1.0,0.0,0.03720696452036794,2677.2900390625,0.2309495479878582,0.0
^RUT,2026-05-29,3450.0,Call,0.0,0.75,0.54,6.0,0.0,0.03720696452036794,2677.2900390625,0.2309495479878582,0.0
^RUT,2026-05-29,3500.0,Call,0.0,0.7,1.1,10.0,0.0,0.03720696452036794,2677.2900390625,0.2309495479878582,0.0
^RUT,2026-05-29,3550.0,Call,0.0,0.65,0.45,1.0,0.0,0.03720696452036794,2677.2900390625,0.2309495479878582,0.0
^RUT,2026-05-29,3600.0,Call,0.0,0.6,0.28,1.0,0.0,0.03720696452036794,2677.2900390625,0.2309495479878582,0.0
^RUT,2026-05-29,3700.0,Call,0.0,0.55,0.2,3.0,0.0,0.03720696452036794,2677.2900390625,0.2309495479878582,0.0
^RUT,2026-05-29,3750.0,Call,0.0,0.55,0.16,3.0,0.0,0.03720696452036794,2677.2900390625,0.2309495479878582,0.0
^RUT,2026-06-18,1050.0,Call,1389.3,1409.3,1127.3,1.0,1.0,0.037272667542706965,2677.2900390625,0.2309495479878582,0.0
^RUT,2026-06-18,1050.0,Put,0.75,1.55,1.05,2.0,0.0,0.037272667542706965,2677.2900390625,0.2309495479878582,0.0
^RUT,2026-06-18,1100.0,Call,950.0,974.0,830.2,,4.0,0.037272667542706965,2677.2900390625,0.2309495479878582,0.0
^RUT,2026-06-18,1100.0,Put,1.0,1.8,1.95,10.0,0.0,0.037272667542706965,2677.2900390625,0.2309495479878582,0.0
^RUT,2026-06-18,1150.0,Put,1.3,2.05,1.36,4.0,0.0,0.037272667542706965,2677.2900390625,0.2309495479878582,0.0
^RUT,2026-06-18,1200.0,Call,1281.3,1305.3,1307.9,1.0,0.0,0.037272667542706965,2677.2900390625,0.2309495479878582,0.0
^RUT,2026-06-18,1200.0,Put,1.6,2.4,2.15,1.0,0.0,0.037272667542706965,2677.2900390625,0.2309495479878582,0.0
^RUT,2026-06-18,1250.0,Call,1370.3,1390.0,1289.1,1.0,1.0,0.037272667542706965,2677.2900390625,0.2309495479878582,0.0
^RUT,2026-06-18,1250.0,Put,2.0,2.8,2.1,4.0,0.0,0.037272667542706965,2677.2900390625,0.2309495479878582,0.0
^RUT,2026-06-18,1300.0,Put,2.4,3.2,2.9,5.0,0.0,0.037272667542706965,2677.2900390625,0.2309495479878582,0.0
^RUT,2026-06-18,1350.0,Put,2.9,3.7,2.15,18.0,0.0,0.037272667542706965,2677.2900390625,0.2309495479878582,0.0
^RUT,2026-06-18,1400.0,Put,3.4,4.3,2.65,10.0,0.0,0.037272667542706965,2677.2900390625,0.2309495479878582,0.0
^RUT,2026-06-18,1450.0,Call,635.0,659.0,468.4,,1.0,0.037272667542706965,2677.2900390625,0.2309495479878582,0.0
^RUT,2026-06-18,1450.0,Put,4.0,4.9,3.5,18.0,0.0,0.037272667542706965,2677.2900390625,0.2309495479878582,0.0
^RUT,2026-06-18,1500.0,Call,719.0,743.0,653.2,1.0,2.0,0.037272667542706965,2677.2900390625,0.2309495479878582,0.0
^RUT,2026-06-18,1500.0,Put,4.7,5.6,3.95,1.0,0.0,0.037272667542706965,2677.2900390625,0.2309495479878582,0.0
^RUT,2026-06-18,1550.0,Call,674.0,698.0,609.77,1.0,3.0,0.037272667542706965,2677.2900390625,0.2309495479878582,0.0
^RUT,2026-06-18,1550.0,Put,5.5,6.4,6.1,66.0,0.0,0.037272667542706965,2677.2900390625,0.2309495479878582,0.0
^RUT,2026-06-18,1600.0,Call,889.7,913.7,911.77,2.0,0.0,0.037272667542706965,2677.2900390625,0.2309495479878582,0.0
^RUT,2026-06-18,1600.0,Put,6.2,7.3,6.9,220.0,0.0,0.037272667542706965,2677.2900390625,0.2309495479878582,0.0
^RUT,2026-06-18,1650.0,Call,841.2,865.2,867.8,1.0,0.0,0.037272667542706965,2677.2900390625,0.2309495479878582,0.0
^RUT,2026-06-18,1650.0,Put,7.2,8.3,7.9,49.0,0.0,0.037272667542706965,2677.2900390625,0.2309495479878582,0.0
^RUT,2026-06-18,1700.0,Call,772.6,792.5,560.86,152.0,37.0,0.037272667542706965,2677.2900390625,0.2309495479878582,0.0
^RUT,2026-06-18,1700.0,Put,8.3,9.5,9.1,2.0,0.0,0.037272667542706965,2677.2900390625,0.2309495479878582,0.0
^RUT,2026-06-18,1710.0,Call,763.4,783.3,552.3,,37.0,0.037272667542706965,2677.2900390625,0.2309495479878582,0.0
^RUT,2026-06-18,1710.0,Put,8.6,9.8,9.58,3.0,0.0,0.037272667542706965,2677.2900390625,0.2309495479878582,0.0
^RUT,2026-06-18,1720.0,Put,8.8,10.1,9.32,3.0,0.0,0.037272667542706965,2677.2900390625,0.2309495479878582,0.0
^RUT,2026-06-18,1730.0,Put,9.1,10.4,9.3,15.0,0.0,0.037272667542706965,2677.2900390625,0.2309495479878582,0.0
^RUT,2026-06-18,1740.0,Put,9.4,10.7,11.76,35.0,0.0,0.037272667542706965,2677.2900390625,0.2309495479878582,0.0
^RUT,2026-06-18,1750.0,Call,726.9,746.9,486.46,1.0,39.0,0.037272667542706965,2677.2900390625,0.2309495479878582,0.0
^RUT,2026-06-18,1750.0,Put,9.7,11.0,9.06,13.0,0.0,0.037272667542706965,2677.2900390625,0.2309495479878582,0.0
^RUT,2026-06-18,1760.0,Put,10.0,11.3,9.4,27.0,0.0,0.037272667542706965,2677.2900390625,0.2309495479878582,0.0
^RUT,2026-06-18,1770.0,Call,792.6,804.8,923.77,6.0,6.0,0.037272667542706965,2677.2900390625,0.2309495479878582,0.0
^RUT,2026-06-18,1770.0,Put,10.3,11.7,11.2,1.0,0.0,0.037272667542706965,2677.2900390625,0.2309495479878582,0.0
^RUT,2026-06-18,1780.0,Call,854.9,874.8,739.25,6.0,6.0,0.037272667542706965,2677.2900390625,0.2309495479878582,0.0
^RUT,2026-06-18,1780.0,Put,10.6,12.0,11.51,14.0,0.0,0.037272667542706965,2677.2900390625,0.2309495479878582,0.0
^RUT,2026-06-18,1790.0,Call,806.0,825.8,744.64,6.0,6.0,0.037272667542706965,2677.2900390625,0.2309495479878582,0.0
^RUT,2026-06-18,1790.0,Put,10.9,12.3,10.0,7.0,0.0,0.037272667542706965,2677.2900390625,0.2309495479878582,0.0
^RUT,2026-06-18,1800.0,Call,697.6,717.6,725.36,6.0,6.0,0.037272667542706965,2677.2900390625,0.2309495479878582,0.0
^RUT,2026-06-18,1800.0,Put,11.3,12.7,9.74,12.0,0.0,0.037272667542706965,2677.2900390625,0.2309495479878582,0.0
^RUT,2026-06-18,1810.0,Call,666.1,686.0,672.1,6.0,0.0,0.037272667542706965,2677.2900390625,0.2309495479878582,0.0
^RUT,2026-06-18,1810.0,Put,11.7,13.2,10.19,6.0,0.0,0.037272667542706965,2677.2900390625,0.2309495479878582,0.0
^RUT,2026-06-18,1820.0,Put,12.1,13.6,10.66,7.0,0.0,0.037272667542706965,2677.2900390625,0.2309495479878582,0.0
^RUT,2026-06-18,1830.0,Put,12.5,14.0,11.02,22.0,0.0,0.037272667542706965,2677.2900390625,0.2309495479878582,0.0
^RUT,2026-06-18,1840.0,Put,12.9,14.4,13.7,2.0,0.0,0.037272667542706965,2677.2900390625,0.2309495479878582,0.0
^RUT,2026-06-18,1850.0,Call,637.0,657.0,378.0,3.0,4.0,0.037272667542706965,2677.2900390625,0.2309495479878582,0.0
^RUT,2026-06-18,1850.0,Put,13.4,14.9,14.42,2.0,0.0,0.037272667542706965,2677.2900390625,0.2309495479878582,0.0
^RUT,2026-06-18,1860.0,Put,13.9,15.4,12.15,8.0,0.0,0.037272667542706965,2677.2900390625,0.2309495479878582,0.0
^RUT,2026-06-18,1870.0,Put,14.4,15.9,15.1,3.0,0.0,0.037272667542706965,2677.2900390625,0.2309495479878582,0.0
^RUT,2026-06-18,1880.0,Put,14.9,16.4,15.67,18.0,0.0,0.037272667542706965,2677.2900390625,0.2309495479878582,0.0
^RUT,2026-06-18,1890.0,Put,15.4,17.0,16.7,160.0,0.0,0.037272667542706965,2677.2900390625,0.2309495479878582,0.0
^RUT,2026-06-18,1900.0,Call,594.5,614.5,748.81,6.0,12.0,0.037272667542706965,2677.2900390625,0.2309495479878582,0.0
^RUT,2026-06-18,1900.0,Put,16.0,17.6,17.2,66.0,0.0,0.037272667542706965,2677.2900390625,0.2309495479878582,0.0
^RUT,2026-06-18,1910.0,Put,16.6,18.1,17.4,29.0,0.0,0.037272667542706965,2677.2900390625,0.2309495479878582,0.0
^RUT,2026-06-18,1920.0,Put,17.2,18.8,18.2,3.0,0.0,0.037272667542706965,2677.2900390625,0.2309495479878582,0.0
^RUT,2026-06-18,1930.0,Put,17.9,19.3,19.36,14.0,0.0,0.037272667542706965,2677.2900390625,0.2309495479878582,0.0
^RUT,2026-06-18,1940.0,Put,18.6,20.0,19.3,2.0,0.0,0.037272667542706965,2677.2900390625,0.2309495479878582,0.0
^RUT,2026-06-18,1950.0,Call,549.1,568.3,363.67,1.0,450.0,0.037272667542706965,2677.2900390625,0.2309495479878582,0.0
^RUT,2026-06-18,1950.0,Put,19.2,20.8,20.3,92.0,0.0,0.037272667542706965,2677.2900390625,0.2309495479878582,0.0
^RUT,2026-06-18,1960.0,Put,19.9,21.5,18.9,4.0,0.0,0.037272667542706965,2677.2900390625,0.2309495479878582,0.0
^RUT,2026-06-18,1970.0,Put,20.7,22.3,22.64,40.0,0.0,0.037272667542706965,2677.2900390625,0.2309495479878582,0.0
^RUT,2026-06-18,1980.0,Put,21.5,23.1,20.8,1.0,0.0,0.037272667542706965,2677.2900390625,0.2309495479878582,0.0
^RUT,2026-06-18,1990.0,Put,22.3,24.0,23.0,6.0,0.0,0.037272667542706965,2677.2900390625,0.2309495479878582,0.0
^RUT,2026-06-18,2000.0,Call,574.2,587.4,731.56,1.0,1116.0,0.037272667542706965,2677.2900390625,0.2309495479878582,0.0
^RUT,2026-06-18,2000.0,Put,23.1,24.8,22.45,11.0,0.0,0.037272667542706965,2677.2900390625,0.2309495479878582,0.0
^RUT,2026-06-18,2010.0,Call,497.8,517.5,322.02,,2.0,0.037272667542706965,2677.2900390625,0.2309495479878582,0.0
^RUT,2026-06-18,2010.0,Put,24.0,25.7,21.8,1.0,0.0,0.037272667542706965,2677.2900390625,0.2309495479878582,0.0
^RUT,2026-06-18,2020.0,Call,489.1,509.1,302.23,2.0,1.0,0.037272667542706965,2677.2900390625,0.2309495479878582,0.0
^RUT,2026-06-18,2020.0,Put,24.9,26.6,23.7,3.0,0.0,0.037272667542706965,2677.2900390625,0.2309495479878582,0.0
^RUT,2026-06-18,2030.0,Put,25.9,27.6,24.8,12.0,0.0,0.037272667542706965,2677.2900390625,0.2309495479878582,0.0
^RUT,2026-06-18,2040.0,Call,472.5,492.5,350.3,4.0,41.0,0.037272667542706965,2677.2900390625,0.2309495479878582,0.0
^RUT,2026-06-18,2040.0,Put,26.9,28.5,27.4,2.0,0.0,0.037272667542706965,2677.2900390625,0.2309495479878582,0.0
^RUT,2026-06-18,2050.0,Call,499.9,519.8,401.19,2.0,114.0,0.037272667542706965,2677.2900390625,0.2309495479878582,0.0
^RUT,2026-06-18,2050.0,Put,27.9,29.6,34.1,4.0,0.0,0.037272667542706965,2677.2900390625,0.2309495479878582,0.0
^RUT,2026-06-18,2060.0,Call,493.0,506.5,399.98,20.0,40.0,0.037272667542706965,2677.2900390625,0.2309495479878582,0.0
^RUT,2026-06-18,2060.0,Put,28.9,30.8,26.4,1.0,0.0,0.037272667542706965,2677.2900390625,0.2309495479878582,0.0
^RUT,2026-06-18,2070.0,Call,447.5,467.4,291.36,2.0,20.0,0.037272667542706965,2677.2900390625,0.2309495479878582,0.0
^RUT,2026-06-18,2070.0,Put,30.0,31.8,28.4,3.0,0.0,0.037272667542706965,2677.2900390625,0.2309495479878582,0.0
^RUT,2026-06-18,2080.0,Call,542.8,550.9,416.8,11.0,35.0,0.037272667542706965,2677.2900390625,0.2309495479878582,0.0
^RUT,2026-06-18,2080.0,Put,31.2,33.1,32.0,11.0,0.0,0.037272667542706965,2677.2900390625,0.2309495479878582,0.0
^RUT,2026-06-18,2090.0,Call,532.6,541.0,409.3,22.0,68.0,0.037272667542706965,2677.2900390625,0.2309495479878582,0.0
^RUT,2026-06-18,2090.0,Put,32.4,34.3,33.4,53.0,0.0,0.037272667542706965,2677.2900390625,0.2309495479878582,0.0
^RUT,2026-06-18,2100.0,Call,422.1,446.1,459.43,12.0,0.0,0.037272667542706965,2677.2900390625,0.2309495479878582,0.0
^RUT,2026-06-18,2100.0,Put,33.6,35.5,34.3,32.0,0.0,0.037272667542706965,2677.2900390625,0.2309495479878582,0.0
^RUT,2026-06-18,2110.0,Call,413.3,437.3,450.86,12.0,0.0,0.037272667542706965,2677.2900390625,0.2309495479878582,0.0
^RUT,2026-06-18,2110.0,Put,34.9,36.8,35.5,10.0,0.0,0.037272667542706965,2677.2900390625,0.2309495479878582,0.0
^RUT,2026-06-18,2120.0,Call,505.7,513.8,386.0,3.0,61.0,0.037272667542706965,2677.2900390625,0.2309495479878582,0.0
^RUT,2026-06-18,2120.0,Put,36.2,38.2,36.8,3.0,0.0,0.037272667542706965,2677.2900390625,0.2309495479878582,0.0
^RUT,2026-06-18,2130.0,Call,496.8,505.1,378.3,3.0,5.0,0.037272667542706965,2677.2900390625,0.2309495479878582,0.0
^RUT,2026-06-18,2130.0,Put,37.6,39.6,38.1,3.0,0.0,0.037272667542706965,2677.2900390625,0.2309495479878582,0.0
^RUT,2026-06-18,2140.0,Call,400.1,407.1,250.08,2.0,1.0,0.037272667542706965,2677.2900390625,0.2309495479878582,0.0
^RUT,2026-06-18,2140.0,Put,39.1,41.0,40.1,28.0,0.0,0.037272667542706965,2677.2900390625,0.2309495479878582,0.0
^RUT,2026-06-18,2150.0,Call,396.8,416.8,455.48,3.0,45.0,0.037272667542706965,2677.2900390625,0.2309495479878582,0.0
^RUT,2026-06-18,2150.0,Put,40.6,42.4,41.2,5.0,0.0,0.037272667542706965,2677.2900390625,0.2309495479878582,0.0
^RUT,2026-06-18,2160.0,Call,388.7,408.7,447.37,3.0,8.0,0.037272667542706965,2677.2900390625,0.2309495479878582,0.0
^RUT,2026-06-18,2160.0,Put,42.1,44.0,44.63,2.0,0.0,0.037272667542706965,2677.2900390625,0.2309495479878582,0.0
^RUT,2026-06-18,2170.0,Put,43.7,45.7,38.03,1.0,0.0,0.037272667542706965,2677.2900390625,0.2309495479878582,0.0
^RUT,2026-06-18,2180.0,Call,403.5,409.1,330.24,2.0,8.0,0.037272667542706965,2677.2900390625,0.2309495479878582,0.0
^RUT,2026-06-18,2180.0,Put,45.3,47.4,50.4,13.0,0.0,0.037272667542706965,2677.2900390625,0.2309495479878582,0.0
^RUT,2026-06-18,2190.0,Call,361.7,368.7,283.43,,1.0,0.037272667542706965,2677.2900390625,0.2309495479878582,0.0
^RUT,2026-06-18,2190.0,Put,47.0,49.1,59.66,2.0,0.0,0.037272667542706965,2677.2900390625,0.2309495479878582,0.0
^RUT,2026-06-18,2200.0,Call,348.2,353.9,384.05,40.0,906.0,0.037272667542706965,2677.2900390625,0.2309495479878582,0.0
^RUT,2026-06-18,2200.0,Put,48.8,50.9,41.81,5.0,0.0,0.037272667542706965,2677.2900390625,0.2309495479878582,0.0
^RUT,2026-06-18,2210.0,Call,346.8,353.7,204.07,,1.0,0.037272667542706965,2677.2900390625,0.2309495479878582,0.0
^RUT,2026-06-18,2210.0,Put,50.6,52.7,45.92,4.0,0.0,0.037272667542706965,2677.2900390625,0.2309495479878582,0.0
^RUT,2026-06-18,2220.0,Call,314.1,326.2,319.85,32.0,20.0,0.037272667542706965,2677.2900390625,0.2309495479878582,0.0
^RUT,2026-06-18,2220.0,Put,52.5,54.5,55.41,1.0,0.0,0.037272667542706965,2677.2900390625,0.2309495479878582,0.0
^RUT,2026-06-18,2230.0,Put,54.5,56.5,56.39,4.0,0.0,0.037272667542706965,2677.2900390625,0.2309495479878582,0.0
^RUT,2026-06-18,2240.0,Call,360.8,366.1,347.11,2.0,4.0,0.037272667542706965,2677.2900390625,0.2309495479878582,0.0
^RUT,2026-06-18,2240.0,Put,56.4,58.6,56.92,4.0,0.0,0.037272667542706965,2677.2900390625,0.2309495479878582,0.0
^RUT,2026-06-18,2250.0,Call,351.0,359.8,316.16,1.0,487.0,0.037272667542706965,2677.2900390625,0.2309495479878582,0.0
^RUT,2026-06-18,2250.0,Put,58.5,60.6,50.08,5.0,0.0,0.037272667542706965,2677.2900390625,0.2309495479878582,0.0
^RUT,2026-06-18,2260.0,Call,286.4,298.4,292.62,2.0,3.0,0.037272667542706965,2677.2900390625,0.2309495479878582,0.0
^RUT,2026-06-18,2260.0,Put,60.7,62.7,58.44,4.0,0.0,0.037272667542706965,2677.2900390625,0.2309495479878582,0.0
^RUT,2026-06-18,2270.0,Call,303.6,310.3,204.0,3.0,1.0,0.037272667542706965,2677.2900390625,0.2309495479878582,0.0
^RUT,2026-06-18,2270.0,Put,62.9,64.8,61.12,8.0,0.0,0.037272667542706965,2677.2900390625,0.2309495479878582,0.0
^RUT,2026-06-18,2280.0,Call,296.7,303.4,189.7,,3.0,0.037272667542706965,2677.2900390625,0.2309495479878582,0.0
^RUT,2026-06-18,2280.0,Put,65.1,67.2,64.6,3.0,0.0,0.037272667542706965,2677.2900390625,0.2309495479878582,0.0
^RUT,2026-06-18,2290.0,Call,385.1,403.5,339.25,4.0,16.0,0.037272667542706965,2677.2900390625,0.2309495479878582,0.0
^RUT,2026-06-18,2290.0,Put,67.5,69.6,68.7,8.0,0.0,0.037272667542706965,2677.2900390625,0.2309495479878582,0.0
^RUT,2026-06-18,2300.0,Call,270.3,274.2,398.55,1.0,0.0,0.037272667542706965,2677.2900390625,0.2309495479878582,0.0
^RUT,2026-06-18,2300.0,Put,69.8,72.0,55.7,3.0,0.0,0.037272667542706965,2677.2900390625,0.2309495479878582,0.0
^RUT,2026-06-18,2310.0,Call,325.1,330.6,260.58,2.0,0.0,0.037272667542706965,2677.2900390625,0.2309495479878582,0.0
^RUT,2026-06-18,2310.0,Put,72.3,74.5,70.39,140.0,0.0,0.037272667542706965,2677.2900390625,0.2309495479878582,0.0
^RUT,2026-06-18,2320.0,Call,303.5,308.4,290.7,1.0,9.0,0.037272667542706965,2677.2900390625,0.2309495479878582,0.0
^RUT,2026-06-18,2320.0,Put,74.8,77.1,73.22,21.0,0.0,0.037272667542706965,2677.2900390625,0.2309495479878582,0.0
^RUT,2026-06-18,2330.0,Call,244.4,245.6,361.93,2.0,8.0,0.037272667542706965,2677.2900390625,0.2309495479878582,0.0
^RUT,2026-06-18,2330.0,Put,77.5,79.6,65.9,131.0,0.0,0.037272667542706965,2677.2900390625,0.2309495479878582,0.0
^RUT,2026-06-18,2340.0,Call,303.7,309.0,248.47,6.0,4.0,0.037272667542706965,2677.2900390625,0.2309495479878582,0.0
^RUT,2026-06-18,2340.0,Put,80.1,82.4,84.2,1.0,0.0,0.037272667542706965,2677.2900390625,0.2309495479878582,0.0
^RUT,2026-06-18,2350.0,Call,371.6,390.5,355.46,2.0,396.0,0.037272667542706965,2677.2900390625,0.2309495479878582,0.0
^RUT,2026-06-18,2350.0,Put,82.9,85.1,70.96,18.0,0.0,0.037272667542706965,2677.2900390625,0.2309495479878582,0.0
^RUT,2026-06-18,2360.0,Call,243.9,250.2,158.34,1.0,2.0,0.037272667542706965,2677.2900390625,0.2309495479878582,0.0
^RUT,2026-06-18,2360.0,Put,85.7,88.0,86.5,50.0,0.0,0.037272667542706965,2677.2900390625,0.2309495479878582,0.0
^RUT,2026-06-18,2370.0,Call,220.1,223.4,334.01,2.0,0.0,0.037272667542706965,2677.2900390625,0.2309495479878582,0.0
^RUT,2026-06-18,2370.0,Put,88.6,90.9,87.2,104.0,0.0,0.037272667542706965,2677.2900390625,0.2309495479878582,0.0
^RUT,2026-06-18,2380.0,Put,91.6,93.7,77.8,1.0,0.0,0.037272667542706965,2677.2900390625,0.2309495479878582,0.0
^RUT,2026-06-18,2390.0,Call,206.5,209.5,201.1,1.0,0.0,0.037272667542706965,2677.2900390625,0.2309495479878582,0.0
^RUT,2026-06-18,2390.0,Put,94.7,97.0,80.5,16.0,0.0,0.037272667542706965,2677.2900390625,0.2309495479878582,0.0
^RUT,2026-06-18,2400.0,Call,199.7,202.9,193.4,1.0,0.0,0.037272667542706965,2677.2900390625,0.2309495479878582,0.0
^RUT,2026-06-18,2400.0,Put,97.9,100.2,95.5,10.0,0.0,0.037272667542706965,2677.2900390625,0.2309495479878582,0.0
^RUT,2026-06-18,2410.0,Call,185.9,200.9,207.1,1.0,0.0,0.037272667542706965,2677.2900390625,0.2309495479878582,0.0
^RUT,2026-06-18,2410.0,Put,101.1,103.5,84.4,1.0,0.0,0.037272667542706965,2677.2900390625,0.2309495479878582,0.0
^RUT,2026-06-18,2420.0,Call,230.6,235.0,324.26,4.0,5.0,0.037272667542706965,2677.2900390625,0.2309495479878582,0.0
^RUT,2026-06-18,2420.0,Put,104.4,106.9,100.5,1.0,0.0,0.037272667542706965,2677.2900390625,0.2309495479878582,0.0
^RUT,2026-06-18,2430.0,Call,180.5,183.4,179.7,7.0,0.0,0.037272667542706965,2677.2900390625,0.2309495479878582,0.0
^RUT,2026-06-18,2430.0,Put,102.0,114.3,99.5,17.0,0.0,0.037272667542706965,2677.2900390625,0.2309495479878582,0.0
^RUT,2026-06-18,2440.0,Call,174.2,177.0,144.0,38.0,0.0,0.037272667542706965,2677.2900390625,0.2309495479878582,0.0
^RUT,2026-06-18,2440.0,Put,111.6,113.8,95.8,203.0,0.0,0.037272667542706965,2677.2900390625,0.2309495479878582,0.0
^RUT,2026-06-18,2450.0,Call,167.7,170.3,197.86,2.0,0.0,0.037272667542706965,2677.2900390625,0.2309495479878582,0.0
^RUT,2026-06-18,2450.0,Put,115.0,117.6,98.2,5.0,0.0,0.037272667542706965,2677.2900390625,0.2309495479878582,0.0
^RUT,2026-06-18,2460.0,Call,161.6,164.2,188.87,10.0,0.0,0.037272667542706965,2677.2900390625,0.2309495479878582,0.0
^RUT,2026-06-18,2460.0,Put,118.8,121.3,105.7,2.0,0.0,0.037272667542706965,2677.2900390625,0.2309495479878582,0.0
^RUT,2026-06-18,2470.0,Call,155.5,158.2,136.0,38.0,0.0,0.037272667542706965,2677.2900390625,0.2309495479878582,0.0
^RUT,2026-06-18,2470.0,Put,122.6,125.2,111.9,1.0,0.0,0.037272667542706965,2677.2900390625,0.2309495479878582,0.0
^RUT,2026-06-18,2480.0,Call,142.2,157.0,160.82,2.0,0.0,0.037272667542706965,2677.2900390625,0.2309495479878582,0.0
^RUT,2026-06-18,2480.0,Put,126.7,129.1,105.1,1.0,0.0,0.037272667542706965,2677.2900390625,0.2309495479878582,0.0
^RUT,2026-06-18,2490.0,Call,143.7,146.4,150.0,1.0,0.0,0.037272667542706965,2677.2900390625,0.2309495479878582,0.0
^RUT,2026-06-18,2490.0,Put,130.5,133.0,119.4,14.0,0.0,0.037272667542706965,2677.2900390625,0.2309495479878582,0.0
^RUT,2026-06-18,2500.0,Call,138.0,140.6,149.0,80.0,0.0,0.037272667542706965,2677.2900390625,0.2309495479878582,0.0
^RUT,2026-06-18,2500.0,Put,134.9,137.4,120.0,4.0,0.0,0.037272667542706965,2677.2900390625,0.2309495479878582,0.0
^RUT,2026-06-18,2510.0,Call,132.7,135.0,139.0,86.0,0.0,0.037272667542706965,2677.2900390625,0.2309495479878582,0.0
^RUT,2026-06-18,2510.0,Put,139.2,141.8,139.0,158.0,0.0,0.037272667542706965,2677.2900390625,0.2309495479878582,0.0
^RUT,2026-06-18,2520.0,Call,127.0,129.5,134.0,206.0,0.0,0.037272667542706965,2677.2900390625,0.2309495479878582,0.0
^RUT,2026-06-18,2520.0,Put,143.7,146.1,143.0,260.0,0.0,0.037272667542706965,2677.2900390625,0.2309495479878582,0.0
^RUT,2026-06-18,2530.0,Call,121.9,124.1,131.95,284.0,0.0,0.037272667542706965,2677.2900390625,0.2309495479878582,0.0
^RUT,2026-06-18,2530.0,Put,148.2,150.7,143.0,282.0,0.0,0.037272667542706965,2677.2900390625,0.2309495479878582,0.0
^RUT,2026-06-18,2540.0,Call,116.6,118.9,137.0,168.0,0.0,0.037272667542706965,2677.2900390625,0.2309495479878582,0.0
^RUT,2026-06-18,2540.0,Put,146.9,159.3,127.3,169.0,0.0,0.037272667542706965,2677.2900390625,0.2309495479878582,0.0
^RUT,2026-06-18,2550.0,Call,111.3,113.9,128.1,1.0,0.0,0.037272667542706965,2677.2900390625,0.2309495479878582,0.0
^RUT,2026-06-18,2550.0,Put,157.4,159.9,154.0,1.0,0.0,0.037272667542706965,2677.2900390625,0.2309495479878582,0.0
^RUT,2026-06-18,2560.0,Put,156.6,169.1,139.0,40.0,0.0,0.037272667542706965,2677.2900390625,0.2309495479878582,0.0
^RUT,2026-06-18,2570.0,Put,161.6,174.1,169.0,14.0,0.0,0.037272667542706965,2677.2900390625,0.2309495479878582,0.0
^RUT,2026-06-18,2600.0,Call,87.7,90.1,96.1,11.0,0.0,0.037272667542706965,2677.2900390625,0.2309495479878582,0.0
^RUT,2026-06-18,2600.0,Put,183.4,186.1,162.06,10.0,0.0,0.037272667542706965,2677.2900390625,0.2309495479878582,0.0
^RUT,2026-06-18,2620.0,Call,79.1,81.5,76.9,6.0,0.0,0.037272667542706965,2677.2900390625,0.2309495479878582,0.0
^RUT,2026-06-18,2620.0,Put,194.3,197.1,209.5,1.0,0.0,0.037272667542706965,2677.2900390625,0.2309495479878582,0.0
^RUT,2026-06-18,2630.0,Put,200.3,203.4,189.0,14.0,0.0,0.037272667542706965,2677.2900390625,0.2309495479878582,0.0
^RUT,2026-06-18,2650.0,Call,67.2,69.7,62.48,1.0,0.0,0.037272667542706965,2677.2900390625,0.2309495479878582,0.0
^RUT,2026-06-18,2650.0,Put,212.2,215.6,176.8,1.0,0.0,0.037272667542706965,2677.2900390625,0.2309495479878582,0.0
^RUT,2026-06-18,2670.0,Call,60.2,62.3,79.61,3.0,0.0,0.037272667542706965,2677.2900390625,0.2309495479878582,0.0
^RUT,2026-06-18,2670.0,Put,212.1,240.1,249.41,1.0,0.0,0.037272667542706965,2677.2900390625,0.2309495479878582,0.0
^RUT,2026-06-18,2680.0,Call,56.7,58.9,61.75,20.0,0.0,0.037272667542706965,2677.2900390625,0.2309495479878582,0.0
^RUT,2026-06-18,2690.0,Call,53.4,55.6,59.27,8.0,0.0,0.037272667542706965,2677.2900390625,0.2309495479878582,0.0
^RUT,2026-06-18,2700.0,Call,50.3,52.4,56.35,11.0,0.0,0.037272667542706965,2677.2900390625,0.2309495479878582,0.0
^RUT,2026-06-18,2700.0,Put,244.3,248.3,222.5,748.0,0.0,0.037272667542706965,2677.2900390625,0.2309495479878582,0.0
^RUT,2026-06-18,2710.0,Call,47.2,49.4,56.71,4.0,0.0,0.037272667542706965,2677.2900390625,0.2309495479878582,0.0
^RUT,2026-06-18,2720.0,Call,44.3,46.5,48.6,120.0,0.0,0.037272667542706965,2677.2900390625,0.2309495479878582,0.0
^RUT,2026-06-18,2730.0,Call,41.5,43.7,51.3,1.0,0.0,0.037272667542706965,2677.2900390625,0.2309495479878582,0.0
^RUT,2026-06-18,2740.0,Call,38.8,41.0,49.4,3.0,0.0,0.037272667542706965,2677.2900390625,0.2309495479878582,0.0
^RUT,2026-06-18,2750.0,Call,36.3,38.5,38.8,6.0,0.0,0.037272667542706965,2677.2900390625,0.2309495479878582,0.0
^RUT,2026-06-18,2750.0,Put,280.1,283.9,248.0,1.0,0.0,0.037272667542706965,2677.2900390625,0.2309495479878582,0.0
^RUT,2026-06-18,2760.0,Call,34.1,36.0,37.4,115.0,0.0,0.037272667542706965,2677.2900390625,0.2309495479878582,0.0
^RUT,2026-06-18,2760.0,Put,287.4,291.5,267.2,,0.0,0.037272667542706965,2677.2900390625,0.2309495479878582,0.0
^RUT,2026-06-18,2780.0,Put,292.8,316.8,303.08,2.0,0.0,0.037272667542706965,2677.2900390625,0.2309495479878582,0.0
^RUT,2026-06-18,2800.0,Call,25.6,27.5,27.8,263.0,0.0,0.037272667542706965,2677.2900390625,0.2309495479878582,0.0
^RUT,2026-06-18,2800.0,Put,308.6,332.6,340.2,1.0,0.0,0.037272667542706965,2677.2900390625,0.2309495479878582,0.0
^RUT,2026-06-18,2850.0,Call,17.4,19.2,20.85,2.0,0.0,0.037272667542706965,2677.2900390625,0.2309495479878582,0.0
^RUT,2026-06-18,2850.0,Put,301.0,317.5,217.66,,1.0,0.037272667542706965,2677.2900390625,0.2309495479878582,0.0
^RUT,2026-06-18,2900.0,Call,11.6,13.2,15.73,6.0,0.0,0.037272667542706965,2677.2900390625,0.2309495479878582,0.0
^RUT,2026-06-18,2900.0,Put,342.2,358.1,244.54,2.0,2.0,0.037272667542706965,2677.2900390625,0.2309495479878582,0.0
^RUT,2026-06-18,2950.0,Call,2.9,10.7,10.25,18.0,0.0,0.037272667542706965,2677.2900390625,0.2309495479878582,0.0
^RUT,2026-06-18,2950.0,Put,385.6,400.6,279.37,2.0,2.0,0.037272667542706965,2677.2900390625,0.2309495479878582,0.0
^RUT,2026-06-18,3000.0,Call,4.8,6.2,8.37,1.0,0.0,0.037272667542706965,2677.2900390625,0.2309495479878582,0.0
^RUT,2026-06-18,3000.0,Put,325.3,340.7,360.86,2.0,5.0,0.037272667542706965,2677.2900390625,0.2309495479878582,0.0
^RUT,2026-06-18,3050.0,Call,3.1,4.3,5.4,9.0,0.0,0.037272667542706965,2677.2900390625,0.2309495479878582,0.0
^RUT,2026-06-18,3050.0,Put,479.1,492.2,324.2,1.0,3.0,0.037272667542706965,2677.2900390625,0.2309495479878582,0.0
^RUT,2026-06-18,3100.0,Call,2.1,3.1,3.3,1.0,0.0,0.037272667542706965,2677.2900390625,0.2309495479878582,0.0
^RUT,2026-06-18,3150.0,Call,1.4,2.3,2.32,6.0,0.0,0.037272667542706965,2677.2900390625,0.2309495479878582,0.0
^RUT,2026-06-18,3150.0,Put,1004.0,1028.0,1222.2,3.0,4.0,0.037272667542706965,2677.2900390625,0.2309495479878582,0.0
^RUT,2026-06-18,3200.0,Call,0.95,1.8,2.3,1.0,0.0,0.037272667542706965,2677.2900390625,0.2309495479878582,0.0
^RUT,2026-06-18,3200.0,Put,1051.0,1075.0,1269.3,,5.0,0.037272667542706965,2677.2900390625,0.2309495479878582,0.0
^RUT,2026-06-18,3250.0,Call,0.65,1.5,1.3,2.0,0.0,0.037272667542706965,2677.2900390625,0.2309495479878582,0.0
^RUT,2026-06-18,3250.0,Put,1098.0,1122.0,1315.1,,1.0,0.037272667542706965,2677.2900390625,0.2309495479878582,0.0
^RUT,2026-06-18,3300.0,Call,0.45,1.3,1.05,6.0,0.0,0.037272667542706965,2677.2900390625,0.2309495479878582,0.0
^RUT,2026-06-18,3300.0,Put,1145.0,1169.0,1418.5,,1.0,0.037272667542706965,2677.2900390625,0.2309495479878582,0.0
^RUT,2026-06-18,3350.0,Call,0.35,1.1,0.88,6.0,0.0,0.037272667542706965,2677.2900390625,0.2309495479878582,0.0
^RUT,2026-06-18,3350.0,Put,845.5,865.5,795.59,85.0,13.0,0.037272667542706965,2677.2900390625,0.2309495479878582,0.0
^RUT,2026-06-18,3400.0,Call,0.2,1.0,0.85,2.0,0.0,0.037272667542706965,2677.2900390625,0.2309495479878582,0.0
^RUT,2026-06-18,3400.0,Put,893.1,913.1,842.56,85.0,13.0,0.037272667542706965,2677.2900390625,0.2309495479878582,0.0
^RUT,2026-06-18,3450.0,Call,0.15,0.9,0.5,1.0,0.0,0.037272667542706965,2677.2900390625,0.2309495479878582,0.0
^RUT,2026-06-18,3450.0,Put,1287.0,1311.0,1519.9,,1.0,0.037272667542706965,2677.2900390625,0.2309495479878582,0.0
^RUT,2026-06-18,3500.0,Call,0.1,0.85,0.5,5.0,0.0,0.037272667542706965,2677.2900390625,0.2309495479878582,0.0
^RUT,2026-06-18,3550.0,Call,0.0,0.8,0.55,5.0,0.0,0.037272667542706965,2677.2900390625,0.2309495479878582,0.0
^RUT,2026-06-18,3550.0,Put,1062.8,1083.0,1024.0,1.0,1.0,0.037272667542706965,2677.2900390625,0.2309495479878582,0.0
^RUT,2026-06-18,3600.0,Call,0.0,0.7,0.45,4.0,0.0,0.037272667542706965,2677.2900390625,0.2309495479878582,0.0
^RUT,2026-06-18,3600.0,Put,1110.7,1130.3,1072.28,1.0,0.0,0.037272667542706965,2677.2900390625,0.2309495479878582,0.0
^RUT,2026-06-30,1000.0,Call,1436.0,1459.7,1330.0,,2.0,0.03728791064388962,2677.2900390625,0.2309495479878582,0.0
^RUT,2026-06-30,1000.0,Put,0.75,1.65,1.15,6.0,0.0,0.03728791064388962,2677.2900390625,0.2309495479878582,0.0
^RUT,2026-06-30,1050.0,Put,1.0,1.85,1.24,8.0,0.0,0.03728791064388962,2677.2900390625,0.2309495479878582,0.0
^RUT,2026-06-30,1100.0,Put,1.25,2.15,1.47,6.0,0.0,0.03728791064388962,2677.2900390625,0.2309495479878582,0.0
^RUT,2026-06-30,1200.0,Put,1.95,2.9,1.6,2.0,0.0,0.03728791064388962,2677.2900390625,0.2309495479878582,0.0
^RUT,2026-06-30,1300.0,Put,2.9,3.9,4.15,1.0,0.0,0.03728791064388962,2677.2900390625,0.2309495479878582,0.0
^RUT,2026-06-30,1350.0,Put,3.4,4.5,3.44,1.0,0.0,0.03728791064388962,2677.2900390625,0.2309495479878582,0.0
^RUT,2026-06-30,1400.0,Put,4.1,5.1,4.0,1.0,0.0,0.03728791064388962,2677.2900390625,0.2309495479878582,0.0
^RUT,2026-06-30,1450.0,Put,4.7,5.8,5.1,9.0,0.0,0.03728791064388962,2677.2900390625,0.2309495479878582,0.0
^RUT,2026-06-30,1500.0,Put,12.0,14.7,12.2,1.0,1.0,0.03728791064388962,2677.2900390625,0.2309495479878582,0.0
^RUT,2026-06-30,1550.0,Call,939.2,963.2,997.82,1.0,0.0,0.03728791064388962,2677.2900390625,0.2309495479878582,0.0
^RUT,2026-06-30,1550.0,Put,6.3,7.5,5.4,5.0,0.0,0.03728791064388962,2677.2900390625,0.2309495479878582,0.0
^RUT,2026-06-30,1600.0,Put,13.3,16.8,28.0,,1.0,0.03728791064388962,2677.2900390625,0.2309495479878582,0.0
^RUT,2026-06-30,1650.0,Put,8.3,9.6,10.4,1.0,0.0,0.03728791064388962,2677.2900390625,0.2309495479878582,0.0
^RUT,2026-06-30,1700.0,Put,9.6,11.1,11.35,5.0,0.0,0.03728791064388962,2677.2900390625,0.2309495479878582,0.0
^RUT,2026-06-30,1740.0,Put,19.7,23.4,34.45,1.0,1.0,0.03728791064388962,2677.2900390625,0.2309495479878582,0.0
^RUT,2026-06-30,1750.0,Put,11.2,12.7,12.95,5.0,0.0,0.03728791064388962,2677.2900390625,0.2309495479878582,0.0
^RUT,2026-06-30,1770.0,Put,11.8,13.5,11.27,1.0,0.0,0.03728791064388962,2677.2900390625,0.2309495479878582,0.0
^RUT,2026-06-30,1780.0,Put,12.2,13.8,9.41,1.0,0.0,0.03728791064388962,2677.2900390625,0.2309495479878582,0.0
^RUT,2026-06-30,1790.0,Call,708.5,732.5,669.53,1.0,0.0,0.03728791064388962,2677.2900390625,0.2309495479878582,0.0
^RUT,2026-06-30,1790.0,Put,12.6,14.3,12.4,,0.0,0.03728791064388962,2677.2900390625,0.2309495479878582,0.0
^RUT,2026-06-30,1800.0,Put,13.1,14.7,11.38,1.0,0.0,0.03728791064388962,2677.2900390625,0.2309495479878582,0.0
^RUT,2026-06-30,1810.0,Put,13.5,15.1,11.86,,0.0,0.03728791064388962,2677.2900390625,0.2309495479878582,0.0
^RUT,2026-06-30,1820.0,Put,10.6,11.6,33.2,2.0,1.0,0.03728791064388962,2677.2900390625,0.2309495479878582,0.0
^RUT,2026-06-30,1830.0,Call,670.7,694.7,861.8,1.0,0.0,0.03728791064388962,2677.2900390625,0.2309495479878582,0.0
^RUT,2026-06-30,1830.0,Put,11.0,11.9,26.65,,1.0,0.03728791064388962,2677.2900390625,0.2309495479878582,0.0
^RUT,2026-06-30,1840.0,Put,14.9,16.6,15.8,,0.0,0.03728791064388962,2677.2900390625,0.2309495479878582,0.0
^RUT,2026-06-30,1850.0,Put,15.4,17.2,17.4,10.0,0.0,0.03728791064388962,2677.2900390625,0.2309495479878582,0.0
^RUT,2026-06-30,1860.0,Put,15.9,17.7,14.38,,0.0,0.03728791064388962,2677.2900390625,0.2309495479878582,0.0
^RUT,2026-06-30,1900.0,Put,12.4,13.3,17.4,2.0,22.0,0.03728791064388962,2677.2900390625,0.2309495479878582,0.0
^RUT,2026-06-30,1920.0,Put,19.6,21.5,17.51,,0.0,0.03728791064388962,2677.2900390625,0.2309495479878582,0.0
^RUT,2026-06-30,1930.0,Put,20.3,22.2,18.14,3.0,0.0,0.03728791064388962,2677.2900390625,0.2309495479878582,0.0
^RUT,2026-06-30,1950.0,Put,21.8,23.7,20.21,4.0,0.0,0.03728791064388962,2677.2900390625,0.2309495479878582,0.0
^RUT,2026-06-30,1980.0,Put,40.2,44.1,64.0,,19.0,0.03728791064388962,2677.2900390625,0.2309495479878582,0.0
^RUT,2026-06-30,1990.0,Put,41.4,45.4,66.5,,4.0,0.03728791064388962,2677.2900390625,0.2309495479878582,0.0
^RUT,2026-06-30,2000.0,Call,690.5,712.6,626.0,1.0,0.0,0.03728791064388962,2677.2900390625,0.2309495479878582,0.0
^RUT,2026-06-30,2000.0,Put,36.6,38.6,40.18,1.0,22.0,0.03728791064388962,2677.2900390625,0.2309495479878582,0.0
^RUT,2026-06-30,2010.0,Put,14.8,15.8,20.43,1.0,4.0,0.03728791064388962,2677.2900390625,0.2309495479878582,0.0
^RUT,2026-06-30,2020.0,Call,491.0,513.0,297.5,3.0,2.0,0.03728791064388962,2677.2900390625,0.2309495479878582,0.0
^RUT,2026-06-30,2020.0,Put,43.2,44.9,53.2,2.0,6.0,0.03728791064388962,2677.2900390625,0.2309495479878582,0.0
^RUT,2026-06-30,2030.0,Call,483.0,504.5,305.08,2.0,0.0,0.03728791064388962,2677.2900390625,0.2309495479878582,0.0
^RUT,2026-06-30,2040.0,Call,475.0,495.5,345.08,2.0,3.0,0.03728791064388962,2677.2900390625,0.2309495479878582,0.0
^RUT,2026-06-30,2040.0,Put,30.1,32.2,15.42,2.0,0.0,0.03728791064388962,2677.2900390625,0.2309495479878582,0.0
^RUT,2026-06-30,2050.0,Call,467.0,488.2,317.98,6.0,3.0,0.03728791064388962,2677.2900390625,0.2309495479878582,0.0
^RUT,2026-06-30,2050.0,Put,31.2,33.3,25.63,59.0,0.0,0.03728791064388962,2677.2900390625,0.2309495479878582,0.0
^RUT,2026-06-30,2060.0,Call,496.4,512.2,402.69,2.0,2.0,0.03728791064388962,2677.2900390625,0.2309495479878582,0.0
^RUT,2026-06-30,2060.0,Put,22.3,23.5,54.2,,2.0,0.03728791064388962,2677.2900390625,0.2309495479878582,0.0
^RUT,2026-06-30,2070.0,Call,450.0,472.1,393.59,,1.0,0.03728791064388962,2677.2900390625,0.2309495479878582,0.0
^RUT,2026-06-30,2070.0,Put,33.6,35.7,29.7,1.0,0.0,0.03728791064388962,2677.2900390625,0.2309495479878582,0.0
^RUT,2026-06-30,2090.0,Put,65.2,74.0,61.0,1.0,1.0,0.03728791064388962,2677.2900390625,0.2309495479878582,0.0
^RUT,2026-06-30,2100.0,Call,426.0,448.2,304.58,10.0,5.0,0.03728791064388962,2677.2900390625,0.2309495479878582,0.0
^RUT,2026-06-30,2100.0,Put,37.4,39.6,31.42,38.0,0.0,0.03728791064388962,2677.2900390625,0.2309495479878582,0.0
^RUT,2026-06-30,2110.0,Call,418.0,440.2,322.19,,0.0,0.03728791064388962,2677.2900390625,0.2309495479878582,0.0
^RUT,2026-06-30,2110.0,Put,20.0,21.1,27.83,1.0,10.0,0.03728791064388962,2677.2900390625,0.2309495479878582,0.0
^RUT,2026-06-30,2120.0,Call,410.0,432.3,243.08,2.0,16.0,0.03728791064388962,2677.2900390625,0.2309495479878582,0.0
^RUT,2026-06-30,2120.0,Put,40.2,42.4,41.73,,0.0,0.03728791064388962,2677.2900390625,0.2309495479878582,0.0
^RUT,2026-06-30,2130.0,Call,411.0,418.3,325.95,2.0,2.0,0.03728791064388962,2677.2900390625,0.2309495479878582,0.0
^RUT,2026-06-30,2130.0,Put,25.5,26.5,36.51,1.0,1.0,0.03728791064388962,2677.2900390625,0.2309495479878582,0.0
^RUT,2026-06-30,2140.0,Call,403.2,410.5,278.92,,0.0,0.03728791064388962,2677.2900390625,0.2309495479878582,0.0
^RUT,2026-06-30,2140.0,Put,29.1,30.2,64.93,2.0,5.0,0.03728791064388962,2677.2900390625,0.2309495479878582,0.0
^RUT,2026-06-30,2150.0,Call,0.0,0.0,361.2,2.0,27.0,0.03728791064388962,2677.2900390625,0.2309495479878582,0.0
^RUT,2026-06-30,2150.0,Put,44.7,47.1,37.47,58.0,0.0,0.03728791064388962,2677.2900390625,0.2309495479878582,0.0
^RUT,2026-06-30,2160.0,Put,31.1,32.2,63.5,1.0,2.0,0.03728791064388962,2677.2900390625,0.2309495479878582,0.0
^RUT,2026-06-30,2170.0,Put,48.0,50.4,24.25,1.0,0.0,0.03728791064388962,2677.2900390625,0.2309495479878582,0.0
^RUT,2026-06-30,2180.0,Call,372.6,379.8,228.07,,1.0,0.03728791064388962,2677.2900390625,0.2309495479878582,0.0
^RUT,2026-06-30,2180.0,Put,67.1,69.7,74.85,4.0,2.0,0.03728791064388962,2677.2900390625,0.2309495479878582,0.0
^RUT,2026-06-30,2190.0,Call,365.1,372.3,248.73,,50.0,0.03728791064388962,2677.2900390625,0.2309495479878582,0.0
^RUT,2026-06-30,2190.0,Put,31.1,32.2,40.7,1.0,1.0,0.03728791064388962,2677.2900390625,0.2309495479878582,0.0
^RUT,2026-06-30,2200.0,Call,357.7,364.8,243.22,20.0,21.0,0.03728791064388962,2677.2900390625,0.2309495479878582,0.0
^RUT,2026-06-30,2200.0,Put,53.4,55.7,44.66,38.0,0.0,0.03728791064388962,2677.2900390625,0.2309495479878582,0.0
^RUT,2026-06-30,2210.0,Call,350.3,357.4,222.22,,1.0,0.03728791064388962,2677.2900390625,0.2309495479878582,0.0
^RUT,2026-06-30,2220.0,Call,343.0,350.0,238.0,,10.0,0.03728791064388962,2677.2900390625,0.2309495479878582,0.0
^RUT,2026-06-30,2220.0,Put,57.3,59.6,56.1,19.0,0.0,0.03728791064388962,2677.2900390625,0.2309495479878582,0.0
^RUT,2026-06-30,2230.0,Put,59.3,61.7,29.09,1.0,0.0,0.03728791064388962,2677.2900390625,0.2309495479878582,0.0
^RUT,2026-06-30,2240.0,Call,326.3,331.6,287.9,1.0,6.0,0.03728791064388962,2677.2900390625,0.2309495479878582,0.0
^RUT,2026-06-30,2240.0,Put,61.4,63.8,77.69,2.0,0.0,0.03728791064388962,2677.2900390625,0.2309495479878582,0.0
^RUT,2026-06-30,2250.0,Call,321.4,328.4,213.79,1.0,8.0,0.03728791064388962,2677.2900390625,0.2309495479878582,0.0
^RUT,2026-06-30,2250.0,Put,63.5,65.9,64.07,20.0,0.0,0.03728791064388962,2677.2900390625,0.2309495479878582,0.0
^RUT,2026-06-30,2260.0,Call,314.4,321.3,208.08,1.0,11.0,0.03728791064388962,2677.2900390625,0.2309495479878582,0.0
^RUT,2026-06-30,2260.0,Put,65.7,68.1,40.67,1.0,0.0,0.03728791064388962,2677.2900390625,0.2309495479878582,0.0
^RUT,2026-06-30,2270.0,Call,284.0,295.0,281.31,1.0,3.0,0.03728791064388962,2677.2900390625,0.2309495479878582,0.0
^RUT,2026-06-30,2270.0,Put,68.0,70.4,57.32,2.0,0.0,0.03728791064388962,2677.2900390625,0.2309495479878582,0.0
^RUT,2026-06-30,2280.0,Call,300.5,307.3,248.71,,1.0,0.03728791064388962,2677.2900390625,0.2309495479878582,0.0
^RUT,2026-06-30,2280.0,Put,70.3,72.8,60.1,2.0,0.0,0.03728791064388962,2677.2900390625,0.2309495479878582,0.0
^RUT,2026-06-30,2290.0,Call,265.1,268.0,341.49,2.0,1.0,0.03728791064388962,2677.2900390625,0.2309495479878582,0.0
^RUT,2026-06-30,2290.0,Put,72.7,75.2,62.53,6.0,0.0,0.03728791064388962,2677.2900390625,0.2309495479878582,0.0
^RUT,2026-06-30,2300.0,Call,418.1,440.4,401.2,1.0,58.0,0.03728791064388962,2677.2900390625,0.2309495479878582,0.0
^RUT,2026-06-30,2300.0,Put,75.2,77.7,68.88,3.0,0.0,0.03728791064388962,2677.2900390625,0.2309495479878582,0.0
^RUT,2026-06-30,2310.0,Call,251.6,254.7,321.61,16.0,10.0,0.03728791064388962,2677.2900390625,0.2309495479878582,0.0
^RUT,2026-06-30,2310.0,Put,77.7,80.2,66.07,2.0,0.0,0.03728791064388962,2677.2900390625,0.2309495479878582,0.0
^RUT,2026-06-30,2320.0,Call,245.6,248.9,313.91,,9.0,0.03728791064388962,2677.2900390625,0.2309495479878582,0.0
^RUT,2026-06-30,2320.0,Put,80.3,82.8,71.1,17.0,0.0,0.03728791064388962,2677.2900390625,0.2309495479878582,0.0
^RUT,2026-06-30,2330.0,Call,331.6,338.2,300.0,118.0,62.0,0.03728791064388962,2677.2900390625,0.2309495479878582,0.0
^RUT,2026-06-30,2330.0,Put,83.0,85.5,73.5,17.0,0.0,0.03728791064388962,2677.2900390625,0.2309495479878582,0.0
^RUT,2026-06-30,2340.0,Call,247.6,251.4,242.35,4.0,0.0,0.03728791064388962,2677.2900390625,0.2309495479878582,0.0
^RUT,2026-06-30,2340.0,Put,85.7,88.3,69.47,4.0,0.0,0.03728791064388962,2677.2900390625,0.2309495479878582,0.0
^RUT,2026-06-30,2350.0,Call,226.5,229.0,312.75,,10.0,0.03728791064388962,2677.2900390625,0.2309495479878582,0.0
^RUT,2026-06-30,2350.0,Put,88.5,91.2,74.6,7.0,0.0,0.03728791064388962,2677.2900390625,0.2309495479878582,0.0
^RUT,2026-06-30,2360.0,Call,220.5,222.8,285.11,,9.0,0.03728791064388962,2677.2900390625,0.2309495479878582,0.0
^RUT,2026-06-30,2360.0,Put,91.4,94.0,64.75,8.0,0.0,0.03728791064388962,2677.2900390625,0.2309495479878582,0.0
^RUT,2026-06-30,2370.0,Call,214.3,216.7,278.3,18.0,10.0,0.03728791064388962,2677.2900390625,0.2309495479878582,0.0
^RUT,2026-06-30,2370.0,Put,94.4,97.0,80.4,2.0,0.0,0.03728791064388962,2677.2900390625,0.2309495479878582,0.0
^RUT,2026-06-30,2380.0,Call,239.8,244.1,246.39,1.0,11.0,0.03728791064388962,2677.2900390625,0.2309495479878582,0.0
^RUT,2026-06-30,2380.0,Put,97.4,100.1,84.41,2.0,0.0,0.03728791064388962,2677.2900390625,0.2309495479878582,0.0
^RUT,2026-06-30,2390.0,Call,199.8,160.5,264.96,,9.0,0.03728791064388962,2677.2900390625,0.2309495479878582,0.0
^RUT,2026-06-30,2390.0,Put,100.5,103.2,66.27,4.0,0.0,0.03728791064388962,2677.2900390625,0.2309495479878582,0.0
^RUT,2026-06-30,2400.0,Call,206.6,209.9,275.5,1.0,0.0,0.03728791064388962,2677.2900390625,0.2309495479878582,0.0
^RUT,2026-06-30,2400.0,Put,103.7,106.4,106.83,1.0,0.0,0.03728791064388962,2677.2900390625,0.2309495479878582,0.0
^RUT,2026-06-30,2410.0,Call,270.7,276.3,187.4,1.0,12.0,0.03728791064388962,2677.2900390625,0.2309495479878582,0.0
^RUT,2026-06-30,2410.0,Put,107.0,109.7,89.16,8.0,0.0,0.03728791064388962,2677.2900390625,0.2309495479878582,0.0
^RUT,2026-06-30,2420.0,Call,193.8,196.8,322.5,2.0,0.0,0.03728791064388962,2677.2900390625,0.2309495479878582,0.0
^RUT,2026-06-30,2420.0,Put,110.3,113.2,91.9,2.0,0.0,0.03728791064388962,2677.2900390625,0.2309495479878582,0.0
^RUT,2026-06-30,2430.0,Call,187.1,190.4,199.37,1.0,0.0,0.03728791064388962,2677.2900390625,0.2309495479878582,0.0
^RUT,2026-06-30,2430.0,Put,113.8,116.7,79.42,6.0,0.0,0.03728791064388962,2677.2900390625,0.2309495479878582,0.0
^RUT,2026-06-30,2440.0,Call,171.4,188.9,149.29,2.0,0.0,0.03728791064388962,2677.2900390625,0.2309495479878582,0.0
^RUT,2026-06-30,2440.0,Put,117.5,120.2,95.11,2.0,0.0,0.03728791064388962,2677.2900390625,0.2309495479878582,0.0
^RUT,2026-06-30,2450.0,Call,174.7,177.7,209.29,2.0,0.0,0.03728791064388962,2677.2900390625,0.2309495479878582,0.0
^RUT,2026-06-30,2450.0,Put,121.1,123.9,113.22,4.0,0.0,0.03728791064388962,2677.2900390625,0.2309495479878582,0.0
^RUT,2026-06-30,2460.0,Call,168.6,171.6,179.99,1.0,0.0,0.03728791064388962,2677.2900390625,0.2309495479878582,0.0
^RUT,2026-06-30,2460.0,Put,124.9,127.5,125.3,81.0,0.0,0.03728791064388962,2677.2900390625,0.2309495479878582,0.0
^RUT,2026-06-30,2470.0,Call,162.5,165.7,143.85,2.0,0.0,0.03728791064388962,2677.2900390625,0.2309495479878582,0.0
^RUT,2026-06-30,2470.0,Put,128.6,131.7,136.0,14.0,0.0,0.03728791064388962,2677.2900390625,0.2309495479878582,0.0
^RUT,2026-06-30,2480.0,Call,156.7,159.5,185.75,4.0,0.0,0.03728791064388962,2677.2900390625,0.2309495479878582,0.0
^RUT,2026-06-30,2480.0,Put,132.7,135.6,76.48,2.0,0.0,0.03728791064388962,2677.2900390625,0.2309495479878582,0.0
^RUT,2026-06-30,2490.0,Call,150.7,153.9,273.82,,0.0,0.03728791064388962,2677.2900390625,0.2309495479878582,0.0
^RUT,2026-06-30,2490.0,Put,136.8,139.6,144.76,2.0,0.0,0.03728791064388962,2677.2900390625,0.2309495479878582,0.0
^RUT,2026-06-30,2500.0,Call,145.2,148.1,172.41,2.0,0.0,0.03728791064388962,2677.2900390625,0.2309495479878582,0.0
^RUT,2026-06-30,2500.0,Put,141.0,143.6,127.3,5.0,0.0,0.03728791064388962,2677.2900390625,0.2309495479878582,0.0
^RUT,2026-06-30,2510.0,Call,139.6,142.5,245.5,2.0,0.0,0.03728791064388962,2677.2900390625,0.2309495479878582,0.0
^RUT,2026-06-30,2510.0,Put,145.3,148.2,145.89,4.0,0.0,0.03728791064388962,2677.2900390625,0.2309495479878582,0.0
^RUT,2026-06-30,2520.0,Put,149.7,152.6,149.8,56.0,0.0,0.03728791064388962,2677.2900390625,0.2309495479878582,0.0
^RUT,2026-06-30,2530.0,Call,128.7,131.7,140.5,3.0,0.0,0.03728791064388962,2677.2900390625,0.2309495479878582,0.0
^RUT,2026-06-30,2530.0,Put,154.1,157.2,184.2,10.0,0.0,0.03728791064388962,2677.2900390625,0.2309495479878582,0.0
^RUT,2026-06-30,2540.0,Call,123.5,126.4,152.02,2.0,0.0,0.03728791064388962,2677.2900390625,0.2309495479878582,0.0
^RUT,2026-06-30,2540.0,Put,158.9,161.5,189.5,10.0,0.0,0.03728791064388962,2677.2900390625,0.2309495479878582,0.0
^RUT,2026-06-30,2550.0,Call,118.4,121.3,135.31,22.0,0.0,0.03728791064388962,2677.2900390625,0.2309495479878582,0.0
^RUT,2026-06-30,2550.0,Put,184.6,187.3,187.86,2.0,3.0,0.03728791064388962,2677.2900390625,0.2309495479878582,0.0
^RUT,2026-06-30,2560.0,Call,113.4,116.2,97.85,4.0,0.0,0.03728791064388962,2677.2900390625,0.2309495479878582,0.0
^RUT,2026-06-30,2560.0,Put,168.5,171.4,152.9,3.0,0.0,0.03728791064388962,2677.2900390625,0.2309495479878582,0.0
^RUT,2026-06-30,2580.0,Put,178.5,181.6,163.9,,0.0,0.03728791064388962,2677.2900390625,0.2309495479878582,0.0
^RUT,2026-06-30,2590.0,Call,99.1,101.9,107.77,1.0,0.0,0.03728791064388962,2677.2900390625,0.2309495479878582,0.0
^RUT,2026-06-30,2590.0,Put,183.9,186.9,169.0,,0.0,0.03728791064388962,2677.2900390625,0.2309495479878582,0.0
^RUT,2026-06-30,2600.0,Call,94.5,97.3,114.19,1.0,0.0,0.03728791064388962,2677.2900390625,0.2309495479878582,0.0
^RUT,2026-06-30,2600.0,Put,179.3,197.6,162.86,1.0,0.0,0.03728791064388962,2677.2900390625,0.2309495479878582,0.0
^RUT,2026-06-30,2610.0,Call,90.2,93.0,184.7,2.0,0.0,0.03728791064388962,2677.2900390625,0.2309495479878582,0.0
^RUT,2026-06-30,2620.0,Call,161.2,163.4,106.1,1.0,3.0,0.03728791064388962,2677.2900390625,0.2309495479878582,0.0
^RUT,2026-06-30,2650.0,Call,73.8,76.6,89.96,1.0,0.0,0.03728791064388962,2677.2900390625,0.2309495479878582,0.0
^RUT,2026-06-30,2650.0,Put,218.0,221.2,172.3,5.0,0.0,0.03728791064388962,2677.2900390625,0.2309495479878582,0.0
^RUT,2026-06-30,2700.0,Call,56.3,58.9,61.21,1.0,0.0,0.03728791064388962,2677.2900390625,0.2309495479878582,0.0
^RUT,2026-06-30,2700.0,Put,249.3,253.1,146.3,2.0,0.0,0.03728791064388962,2677.2900390625,0.2309495479878582,0.0
^RUT,2026-06-30,2750.0,Call,41.9,44.3,54.17,4.0,0.0,0.03728791064388962,2677.2900390625,0.2309495479878582,0.0
^RUT,2026-06-30,2750.0,Put,284.3,288.4,262.3,1.0,0.0,0.03728791064388962,2677.2900390625,0.2309495479878582,0.0
^RUT,2026-06-30,2800.0,Call,30.2,32.5,35.24,2.0,0.0,0.03728791064388962,2677.2900390625,0.2309495479878582,0.0
^RUT,2026-06-30,2850.0,Call,21.3,23.5,31.44,10.0,0.0,0.03728791064388962,2677.2900390625,0.2309495479878582,0.0
^RUT,2026-06-30,2900.0,Call,14.6,16.7,17.83,2.0,0.0,0.03728791064388962,2677.2900390625,0.2309495479878582,0.0
^RUT,2026-06-30,2950.0,Call,9.8,11.8,8.29,19.0,0.0,0.03728791064388962,2677.2900390625,0.2309495479878582,0.0
^RUT,2026-06-30,3000.0,Call,6.6,8.3,7.59,1.0,0.0,0.03728791064388962,2677.2900390625,0.2309495479878582,0.0
^RUT,2026-06-30,3050.0,Call,4.4,5.9,6.4,4.0,0.0,0.03728791064388962,2677.2900390625,0.2309495479878582,0.0
^RUT,2026-06-30,3100.0,Call,2.95,4.3,5.2,1.0,0.0,0.03728791064388962,2677.2900390625,0.2309495479878582,0.0
^RUT,2026-06-30,3150.0,Call,2.05,3.2,3.14,12.0,0.0,0.03728791064388962,2677.2900390625,0.2309495479878582,0.0
^RUT,2026-06-30,3200.0,Call,1.45,2.45,2.67,4.0,0.0,0.03728791064388962,2677.2900390625,0.2309495479878582,0.0
^RUT,2026-06-30,3250.0,Call,1.0,2.0,1.87,10.0,0.0,0.03728791064388962,2677.2900390625,0.2309495479878582,0.0
^RUT,2026-06-30,3300.0,Call,0.7,1.65,1.44,22.0,0.0,0.03728791064388962,2677.2900390625,0.2309495479878582,0.0
^RUT,2026-07-31,1350.0,Put,5.0,6.4,6.2,1.0,0.0,0.037220893561103814,2677.2900390625,0.2309495479878582,0.0
^RUT,2026-07-31,1400.0,Put,5.7,7.3,6.59,5.0,0.0,0.037220893561103814,2677.2900390625,0.2309495479878582,0.0
^RUT,2026-07-31,1450.0,Put,6.6,8.2,7.48,5.0,0.0,0.037220893561103814,2677.2900390625,0.2309495479878582,0.0
^RUT,2026-07-31,1600.0,Put,9.9,11.8,10.0,,0.0,0.037220893561103814,2677.2900390625,0.2309495479878582,0.0
^RUT,2026-07-31,1900.0,Put,24.5,27.2,16.4,,0.0,0.037220893561103814,2677.2900390625,0.2309495479878582,0.0
^RUT,2026-07-31,2000.0,Put,33.9,36.9,29.57,22.0,0.0,0.037220893561103814,2677.2900390625,0.2309495479878582,0.0
^RUT,2026-07-31,2100.0,Put,47.0,50.2,40.08,20.0,0.0,0.037220893561103814,2677.2900390625,0.2309495479878582,0.0
^RUT,2026-07-31,2140.0,Put,53.4,56.8,27.44,,0.0,0.037220893561103814,2677.2900390625,0.2309495479878582,0.0
^RUT,2026-07-31,2150.0,Put,55.2,58.5,58.12,,0.0,0.037220893561103814,2677.2900390625,0.2309495479878582,0.0
^RUT,2026-07-31,2200.0,Put,64.7,68.0,76.43,4.0,0.0,0.037220893561103814,2677.2900390625,0.2309495479878582,0.0
^RUT,2026-07-31,2210.0,Put,66.7,70.1,77.14,4.0,0.0,0.037220893561103814,2677.2900390625,0.2309495479878582,0.0
^RUT,2026-07-31,2240.0,Put,73.2,76.7,72.81,8.0,0.0,0.037220893561103814,2677.2900390625,0.2309495479878582,0.0
^RUT,2026-07-31,2250.0,Put,75.6,79.0,82.94,3.0,0.0,0.037220893561103814,2677.2900390625,0.2309495479878582,0.0
^RUT,2026-07-31,2260.0,Put,77.9,81.4,77.72,2.0,0.0,0.037220893561103814,2677.2900390625,0.2309495479878582,0.0
^RUT,2026-07-31,2270.0,Put,80.3,83.7,78.8,2.0,0.0,0.037220893561103814,2677.2900390625,0.2309495479878582,0.0
^RUT,2026-07-31,2280.0,Put,82.8,86.3,76.69,4.0,0.0,0.037220893561103814,2677.2900390625,0.2309495479878582,0.0
^RUT,2026-07-31,2290.0,Put,85.3,88.9,50.9,75.0,0.0,0.037220893561103814,2677.2900390625,0.2309495479878582,0.0
^RUT,2026-07-31,2300.0,Put,87.9,91.5,76.41,6.0,0.0,0.037220893561103814,2677.2900390625,0.2309495479878582,0.0
^RUT,2026-07-31,2310.0,Put,90.5,94.2,76.72,8.0,0.0,0.037220893561103814,2677.2900390625,0.2309495479878582,0.0
^RUT,2026-07-31,2320.0,Put,93.3,96.9,83.6,5.0,0.0,0.037220893561103814,2677.2900390625,0.2309495479878582,0.0
^RUT,2026-07-31,2330.0,Put,96.1,99.8,79.46,,0.0,0.037220893561103814,2677.2900390625,0.2309495479878582,0.0
^RUT,2026-07-31,2340.0,Put,99.0,102.6,78.53,2.0,0.0,0.037220893561103814,2677.2900390625,0.2309495479878582,0.0
^RUT,2026-07-31,2350.0,Put,101.9,105.5,81.41,1.0,0.0,0.037220893561103814,2677.2900390625,0.2309495479878582,0.0
^RUT,2026-07-31,2370.0,Put,107.9,111.8,95.42,2.0,0.0,0.037220893561103814,2677.2900390625,0.2309495479878582,0.0
^RUT,2026-07-31,2380.0,Put,111.0,115.0,89.9,8.0,0.0,0.037220893561103814,2677.2900390625,0.2309495479878582,0.0
^RUT,2026-07-31,2390.0,Put,114.3,118.0,116.83,2.0,0.0,0.037220893561103814,2677.2900390625,0.2309495479878582,0.0
^RUT,2026-07-31,2400.0,Put,117.6,121.6,100.02,8.0,0.0,0.037220893561103814,2677.2900390625,0.2309495479878582,0.0
^RUT,2026-07-31,2410.0,Put,121.0,124.9,102.87,2.0,0.0,0.037220893561103814,2677.2900390625,0.2309495479878582,0.0
^RUT,2026-07-31,2420.0,Put,124.6,128.4,89.67,6.0,0.0,0.037220893561103814,2677.2900390625,0.2309495479878582,0.0
^RUT,2026-07-31,2430.0,Put,127.9,132.1,120.9,468.0,0.0,0.037220893561103814,2677.2900390625,0.2309495479878582,0.0
^RUT,2026-07-31,2440.0,Put,131.7,135.6,123.86,4.0,0.0,0.037220893561103814,2677.2900390625,0.2309495479878582,0.0
^RUT,2026-07-31,2450.0,Call,196.7,201.1,277.45,,0.0,0.037220893561103814,2677.2900390625,0.2309495479878582,0.0
^RUT,2026-07-31,2450.0,Put,135.3,139.5,134.32,4.0,0.0,0.037220893561103814,2677.2900390625,0.2309495479878582,0.0
^RUT,2026-07-31,2460.0,Put,139.1,143.3,136.02,2.0,0.0,0.037220893561103814,2677.2900390625,0.2309495479878582,0.0
^RUT,2026-07-31,2470.0,Call,184.7,189.1,166.13,,0.0,0.037220893561103814,2677.2900390625,0.2309495479878582,0.0
^RUT,2026-07-31,2470.0,Put,143.1,147.2,135.41,468.0,0.0,0.037220893561103814,2677.2900390625,0.2309495479878582,0.0
^RUT,2026-07-31,2490.0,Call,173.1,177.4,293.17,,0.0,0.037220893561103814,2677.2900390625,0.2309495479878582,0.0
^RUT,2026-07-31,2500.0,Call,167.4,171.8,166.59,3.0,0.0,0.037220893561103814,2677.2900390625,0.2309495479878582,0.0
^RUT,2026-07-31,2500.0,Put,155.4,159.2,159.94,1.0,0.0,0.037220893561103814,2677.2900390625,0.2309495479878582,0.0
^RUT,2026-07-31,2550.0,Call,140.6,144.8,137.05,2.0,0.0,0.037220893561103814,2677.2900390625,0.2309495479878582,0.0
^RUT,2026-07-31,2550.0,Put,185.8,187.6,112.65,22.0,22.0,0.037220893561103814,2677.2900390625,0.2309495479878582,0.0
^RUT,2026-07-31,2560.0,Call,135.6,139.7,119.6,4.0,0.0,0.037220893561103814,2677.2900390625,0.2309495479878582,0.0
^RUT,2026-07-31,2580.0,Put,192.3,196.7,130.7,,0.0,0.037220893561103814,2677.2900390625,0.2309495479878582,0.0
^RUT,2026-07-31,2590.0,Call,121.0,125.1,208.65,,0.0,0.037220893561103814,2677.2900390625,0.2309495479878582,0.0
^RUT,2026-07-31,2600.0,Call,116.4,120.4,192.87,10.0,0.0,0.037220893561103814,2677.2900390625,0.2309495479878582,0.0
^RUT,2026-07-31,2600.0,Put,202.6,207.0,177.53,1.0,0.0,0.037220893561103814,2677.2900390625,0.2309495479878582,0.0
^RUT,2026-07-31,2610.0,Call,111.9,115.9,216.33,2.0,0.0,0.037220893561103814,2677.2900390625,0.2309495479878582,0.0
^RUT,2026-07-31,2620.0,Call,107.3,111.5,221.46,,0.0,0.037220893561103814,2677.2900390625,0.2309495479878582,0.0
^RUT,2026-07-31,2650.0,Call,94.7,98.8,98.53,,0.0,0.037220893561103814,2677.2900390625,0.2309495479878582,0.0
^RUT,2026-07-31,2650.0,Put,230.2,234.7,147.87,,0.0,0.037220893561103814,2677.2900390625,0.2309495479878582,0.0
^RUT,2026-07-31,2680.0,Call,83.2,86.9,117.14,,0.0,0.037220893561103814,2677.2900390625,0.2309495479878582,0.0
^RUT,2026-07-31,2680.0,Put,247.9,252.7,154.15,14.0,0.0,0.037220893561103814,2677.2900390625,0.2309495479878582,0.0
^RUT,2026-07-31,2690.0,Call,79.4,83.3,112.62,,0.0,0.037220893561103814,2677.2900390625,0.2309495479878582,0.0
^RUT,2026-07-31,2690.0,Put,254.2,258.8,184.9,2.0,0.0,0.037220893561103814,2677.2900390625,0.2309495479878582,0.0
^RUT,2026-07-31,2700.0,Call,75.8,79.6,62.31,8.0,0.0,0.037220893561103814,2677.2900390625,0.2309495479878582,0.0
^RUT,2026-07-31,2700.0,Put,260.3,265.2,170.47,2.0,0.0,0.037220893561103814,2677.2900390625,0.2309495479878582,0.0
^RUT,2026-07-31,2710.0,Put,266.7,271.6,151.42,,0.0,0.037220893561103814,2677.2900390625,0.2309495479878582,0.0
^RUT,2026-07-31,2720.0,Call,69.0,72.8,60.45,,0.0,0.037220893561103814,2677.2900390625,0.2309495479878582,0.0
^RUT,2026-07-31,2720.0,Put,273.1,278.2,177.66,,0.0,0.037220893561103814,2677.2900390625,0.2309495479878582,0.0
^RUT,2026-07-31,2730.0,Call,65.8,69.5,58.49,,0.0,0.037220893561103814,2677.2900390625,0.2309495479878582,0.0
^RUT,2026-07-31,2740.0,Call,62.6,66.3,62.1,2.0,0.0,0.037220893561103814,2677.2900390625,0.2309495479878582,0.0
^RUT,2026-07-31,2750.0,Call,59.6,63.2,59.74,2.0,0.0,0.037220893561103814,2677.2900390625,0.2309495479878582,0.0
^RUT,2026-07-31,2750.0,Put,292.2,298.5,184.2,,0.0,0.037220893561103814,2677.2900390625,0.2309495479878582,0.0
^RUT,2026-07-31,2760.0,Call,56.7,60.2,62.24,2.0,0.0,0.037220893561103814,2677.2900390625,0.2309495479878582,0.0
^RUT,2026-07-31,2760.0,Put,299.8,305.5,189.3,,0.0,0.037220893561103814,2677.2900390625,0.2309495479878582,0.0
^RUT,2026-07-31,2770.0,Call,53.8,57.4,61.43,2.0,0.0,0.037220893561103814,2677.2900390625,0.2309495479878582,0.0
^RUT,2026-07-31,2780.0,Call,51.1,54.6,62.23,4.0,0.0,0.037220893561103814,2677.2900390625,0.2309495479878582,0.0
^RUT,2026-07-31,2790.0,Call,48.5,52.0,63.31,4.0,0.0,0.037220893561103814,2677.2900390625,0.2309495479878582,0.0
^RUT,2026-07-31,2800.0,Call,45.9,49.4,61.45,18.0,0.0,0.037220893561103814,2677.2900390625,0.2309495479878582,0.0
^RUT,2026-07-31,2830.0,Call,38.8,42.4,42.16,2.0,0.0,0.037220893561103814,2677.2900390625,0.2309495479878582,0.0
^RUT,2026-07-31,2840.0,Call,36.7,40.2,40.23,2.0,0.0,0.037220893561103814,2677.2900390625,0.2309495479878582,0.0
^RUT,2026-07-31,2850.0,Call,34.7,38.1,37.87,9.0,0.0,0.037220893561103814,2677.2900390625,0.2309495479878582,0.0
^RUT,2026-07-31,2880.0,Call,29.1,32.4,40.84,10.0,0.0,0.037220893561103814,2677.2900390625,0.2309495479878582,0.0
^RUT,2026-07-31,2890.0,Call,27.4,30.6,33.64,2.0,0.0,0.037220893561103814,2677.2900390625,0.2309495479878582,0.0
^RUT,2026-07-31,2900.0,Call,25.7,29.0,36.46,10.0,0.0,0.037220893561103814,2677.2900390625,0.2309495479878582,0.0
^RUT,2026-07-31,2920.0,Call,22.8,25.9,57.4,,0.0,0.037220893561103814,2677.2900390625,0.2309495479878582,0.0
^RUT,2026-07-31,2930.0,Call,21.3,24.5,25.31,4.0,0.0,0.037220893561103814,2677.2900390625,0.2309495479878582,0.0
^RUT,2026-07-31,2940.0,Call,20.0,23.1,36.63,2.0,0.0,0.037220893561103814,2677.2900390625,0.2309495479878582,0.0
^RUT,2026-07-31,2950.0,Call,18.8,21.9,21.42,9.0,0.0,0.037220893561103814,2677.2900390625,0.2309495479878582,0.0
^RUT,2026-07-31,2980.0,Call,15.5,18.4,29.99,4.0,0.0,0.037220893561103814,2677.2900390625,0.2309495479878582,0.0
^RUT,2026-07-31,2990.0,Call,14.5,17.4,20.79,2.0,0.0,0.037220893561103814,2677.2900390625,0.2309495479878582,0.0
^RUT,2026-07-31,3000.0,Call,13.5,16.4,15.5,1.0,0.0,0.037220893561103814,2677.2900390625,0.2309495479878582,0.0
^RUT,2026-07-31,3050.0,Call,9.7,12.3,11.5,1.0,0.0,0.037220893561103814,2677.2900390625,0.2309495479878582,0.0
^RUT,2026-07-31,3100.0,Call,6.9,9.3,25.11,2.0,0.0,0.037220893561103814,2677.2900390625,0.2309495479878582,0.0
^RUT,2026-07-31,3110.0,Call,6.4,8.8,25.67,,0.0,0.037220893561103814,2677.2900390625,0.2309495479878582,0.0
^RUT,2026-07-31,3150.0,Call,4.8,7.1,8.2,,0.0,0.037220893561103814,2677.2900390625,0.2309495479878582,0.0
^RUT,2026-07-31,3300.0,Call,1.8,3.3,9.87,,0.0,0.037220893561103814,2677.2900390625,0.2309495479878582,0.0
^RUT,2026-07-31,3350.0,Call,1.25,2.7,7.49,,0.0,0.037220893561103814,2677.2900390625,0.2309495479878582,0.0
^RUT,2026-07-31,3400.0,Call,0.9,2.25,5.98,,0.0,0.037220893561103814,2677.2900390625,0.2309495479878582,0.0
^RUT,2026-07-31,3500.0,Call,0.4,1.7,2.46,1.0,0.0,0.037220893561103814,2677.2900390625,0.2309495479878582,0.0
^RUT,2026-07-31,3600.0,Call,0.1,1.4,2.89,1.0,0.0,0.037220893561103814,2677.2900390625,0.2309495479878582,0.0
^RUT,2026-07-31,3650.0,Call,0.0,1.25,1.4,,0.0,0.037220893561103814,2677.2900390625,0.2309495479878582,0.0
^RUT,2026-07-31,3700.0,Call,0.0,1.2,1.9,,0.0,0.037220893561103814,2677.2900390625,0.2309495479878582,0.0
^RUT,2026-07-31,3800.0,Call,0.0,1.05,1.58,3.0,0.0,0.037220893561103814,2677.2900390625,0.2309495479878582,0.0
^RUT,2026-07-31,3850.0,Call,0.0,1.0,0.7,1.0,0.0,0.037220893561103814,2677.2900390625,0.2309495479878582,0.0
^RUT,2026-07-31,3850.0,Put,1307.4,1331.4,1334.6,,0.0,0.037220893561103814,2677.2900390625,0.2309495479878582,0.0
^RUT,2026-07-31,3900.0,Call,0.0,0.95,1.1,,0.0,0.037220893561103814,2677.2900390625,0.2309495479878582,0.0
^RUT,2026-07-31,3900.0,Put,1356.7,1380.7,1348.1,,0.0,0.037220893561103814,2677.2900390625,0.2309495479878582,0.0
^RUT,2026-08-31,1350.0,Put,6.5,8.3,7.2,2.0,0.0,0.03737365308804205,2677.2900390625,0.2309495479878582,0.0
^RUT,2026-08-31,1400.0,Put,7.4,9.3,6.84,,0.0,0.03737365308804205,2677.2900390625,0.2309495479878582,0.0
^RUT,2026-08-31,1650.0,Put,14.5,17.1,14.7,,0.0,0.03737365308804205,2677.2900390625,0.2309495479878582,0.0
^RUT,2026-08-31,1700.0,Call,809.2,833.2,770.86,1.0,0.0,0.03737365308804205,2677.2900390625,0.2309495479878582,0.0
^RUT,2026-08-31,1700.0,Put,16.8,19.6,16.7,1.0,0.0,0.03737365308804205,2677.2900390625,0.2309495479878582,0.0
^RUT,2026-08-31,1800.0,Call,717.1,741.1,711.89,,0.0,0.03737365308804205,2677.2900390625,0.2309495479878582,0.0
^RUT,2026-08-31,1900.0,Put,30.5,33.8,31.8,,0.0,0.03737365308804205,2677.2900390625,0.2309495479878582,0.0
^RUT,2026-08-31,2050.0,Put,48.1,51.7,53.25,1.0,0.0,0.03737365308804205,2677.2900390625,0.2309495479878582,0.0
^RUT,2026-08-31,2100.0,Put,55.8,59.7,59.48,5.0,0.0,0.03737365308804205,2677.2900390625,0.2309495479878582,0.0
^RUT,2026-08-31,2190.0,Put,72.8,76.8,83.28,8.0,0.0,0.03737365308804205,2677.2900390625,0.2309495479878582,0.0
^RUT,2026-08-31,2200.0,Put,74.9,78.9,78.49,10.0,0.0,0.03737365308804205,2677.2900390625,0.2309495479878582,0.0
^RUT,2026-08-31,2220.0,Put,79.3,83.4,82.96,,0.0,0.03737365308804205,2677.2900390625,0.2309495479878582,0.0
^RUT,2026-08-31,2230.0,Put,81.6,85.6,81.48,6.0,0.0,0.03737365308804205,2677.2900390625,0.2309495479878582,0.0
^RUT,2026-08-31,2240.0,Put,84.0,88.1,84.4,2.0,0.0,0.03737365308804205,2677.2900390625,0.2309495479878582,0.0
^RUT,2026-08-31,2250.0,Put,86.4,90.5,85.47,2.0,0.0,0.03737365308804205,2677.2900390625,0.2309495479878582,0.0
^RUT,2026-08-31,2260.0,Put,88.2,93.0,82.39,4.0,0.0,0.03737365308804205,2677.2900390625,0.2309495479878582,0.0
^RUT,2026-08-31,2270.0,Put,91.4,95.6,85.73,4.0,0.0,0.03737365308804205,2677.2900390625,0.2309495479878582,0.0
^RUT,2026-08-31,2280.0,Put,93.9,98.2,81.48,4.0,0.0,0.03737365308804205,2677.2900390625,0.2309495479878582,0.0
^RUT,2026-08-31,2290.0,Put,96.6,100.8,83.48,4.0,0.0,0.03737365308804205,2677.2900390625,0.2309495479878582,0.0
^RUT,2026-08-31,2310.0,Put,102.1,106.3,97.29,1.0,0.0,0.03737365308804205,2677.2900390625,0.2309495479878582,0.0
^RUT,2026-08-31,2400.0,Call,244.6,250.2,281.51,2.0,0.0,0.03737365308804205,2677.2900390625,0.2309495479878582,0.0
^RUT,2026-08-31,2500.0,Call,184.9,190.1,202.0,1.0,0.0,0.03737365308804205,2677.2900390625,0.2309495479878582,0.0
^RUT,2026-08-31,2510.0,Put,172.3,177.3,161.3,,0.0,0.03737365308804205,2677.2900390625,0.2309495479878582,0.0
^RUT,2026-08-31,2530.0,Put,181.1,186.2,169.88,,0.0,0.03737365308804205,2677.2900390625,0.2309495479878582,0.0
^RUT,2026-08-31,2550.0,Call,158.2,163.2,153.73,,0.0,0.03737365308804205,2677.2900390625,0.2309495479878582,0.0
^RUT,2026-08-31,2580.0,Call,143.4,148.2,131.19,,0.0,0.03737365308804205,2677.2900390625,0.2309495479878582,0.0
^RUT,2026-08-31,2600.0,Call,133.8,138.7,161.13,1.0,0.0,0.03737365308804205,2677.2900390625,0.2309495479878582,0.0
^RUT,2026-08-31,2600.0,Put,215.2,220.0,186.43,1.0,0.0,0.03737365308804205,2677.2900390625,0.2309495479878582,0.0
^RUT,2026-08-31,2690.0,Call,96.0,100.5,98.57,,0.0,0.03737365308804205,2677.2900390625,0.2309495479878582,0.0
^RUT,2026-08-31,2700.0,Call,92.1,96.7,82.47,11.0,0.0,0.03737365308804205,2677.2900390625,0.2309495479878582,0.0
^RUT,2026-08-31,2720.0,Call,85.0,89.5,103.86,1.0,0.0,0.03737365308804205,2677.2900390625,0.2309495479878582,0.0
^RUT,2026-08-31,2730.0,Call,81.5,86.0,68.6,8.0,0.0,0.03737365308804205,2677.2900390625,0.2309495479878582,0.0
^RUT,2026-08-31,2750.0,Call,75.0,79.3,69.0,5.0,0.0,0.03737365308804205,2677.2900390625,0.2309495479878582,0.0
^RUT,2026-08-31,2760.0,Call,71.8,76.1,65.25,6.0,0.0,0.03737365308804205,2677.2900390625,0.2309495479878582,0.0
^RUT,2026-08-31,2770.0,Call,68.7,73.0,68.68,2.0,0.0,0.03737365308804205,2677.2900390625,0.2309495479878582,0.0
^RUT,2026-08-31,2780.0,Call,65.7,70.0,72.6,4.0,0.0,0.03737365308804205,2677.2900390625,0.2309495479878582,0.0
^RUT,2026-08-31,2790.0,Call,62.8,67.0,68.93,2.0,0.0,0.03737365308804205,2677.2900390625,0.2309495479878582,0.0
^RUT,2026-08-31,2800.0,Call,60.0,64.2,68.29,2.0,0.0,0.03737365308804205,2677.2900390625,0.2309495479878582,0.0
^RUT,2026-08-31,2800.0,Put,336.4,343.5,299.17,2.0,0.0,0.03737365308804205,2677.2900390625,0.2309495479878582,0.0
^RUT,2026-08-31,2810.0,Call,57.2,61.5,69.2,4.0,0.0,0.03737365308804205,2677.2900390625,0.2309495479878582,0.0
^RUT,2026-08-31,2850.0,Call,47.3,51.4,71.82,1.0,0.0,0.03737365308804205,2677.2900390625,0.2309495479878582,0.0
^RUT,2026-08-31,2900.0,Call,36.7,40.7,33.18,1.0,0.0,0.03737365308804205,2677.2900390625,0.2309495479878582,0.0
^RUT,2026-08-31,3100.0,Call,12.0,15.1,11.46,5.0,0.0,0.03737365308804205,2677.2900390625,0.2309495479878582,0.0
^RUT,2026-08-31,3450.0,Call,1.45,3.1,3.29,,0.0,0.03737365308804205,2677.2900390625,0.2309495479878582,0.0
^RUT,2026-08-31,3500.0,Call,1.0,2.65,2.69,,0.0,0.03737365308804205,2677.2900390625,0.2309495479878582,0.0
^RUT,2026-08-31,3550.0,Call,0.65,2.25,3.01,,0.0,0.03737365308804205,2677.2900390625,0.2309495479878582,0.0
^RUT,2026-08-31,3700.0,Call,0.0,1.55,1.72,,0.0,0.03737365308804205,2677.2900390625,0.2309495479878582,0.0
^RUT,2026-09-18,1250.0,Call,1240.8,1264.8,1264.87,1.0,0.0,0.037462352168199736,2677.2900390625,0.2309495479878582,0.0
^RUT,2026-09-18,1250.0,Put,5.9,7.3,6.43,78.0,0.0,0.037462352168199736,2677.2900390625,0.2309495479878582,0.0
^RUT,2026-09-18,1300.0,Put,6.8,8.3,7.61,4.0,0.0,0.037462352168199736,2677.2900390625,0.2309495479878582,0.0
^RUT,2026-09-18,1350.0,Call,1281.0,1300.9,1187.32,2.0,0.0,0.037462352168199736,2677.2900390625,0.2309495479878582,0.0
^RUT,2026-09-18,1350.0,Put,7.8,9.3,7.41,1.0,0.0,0.037462352168199736,2677.2900390625,0.2309495479878582,0.0
^RUT,2026-09-18,1400.0,Put,8.8,10.5,9.39,210.0,0.0,0.037462352168199736,2677.2900390625,0.2309495479878582,0.0
^RUT,2026-09-18,1500.0,Call,1001.5,1025.5,1023.89,,0.0,0.037462352168199736,2677.2900390625,0.2309495479878582,0.0
^RUT,2026-09-18,1500.0,Put,11.4,13.3,11.93,39.0,0.0,0.037462352168199736,2677.2900390625,0.2309495479878582,0.0
^RUT,2026-09-18,1550.0,Put,13.0,15.0,14.2,1.0,0.0,0.037462352168199736,2677.2900390625,0.2309495479878582,0.0
^RUT,2026-09-18,1600.0,Call,1042.1,1062.0,949.62,2.0,0.0,0.037462352168199736,2677.2900390625,0.2309495479878582,0.0
^RUT,2026-09-18,1600.0,Put,14.9,17.0,15.63,105.0,0.0,0.037462352168199736,2677.2900390625,0.2309495479878582,0.0
^RUT,2026-09-18,1650.0,Put,17.0,19.4,16.8,1.0,0.0,0.037462352168199736,2677.2900390625,0.2309495479878582,0.0
^RUT,2026-09-18,1700.0,Put,13.6,24.5,17.7,1.0,0.0,0.037462352168199736,2677.2900390625,0.2309495479878582,0.0
^RUT,2026-09-18,1750.0,Put,16.3,27.8,23.7,45.0,0.0,0.037462352168199736,2677.2900390625,0.2309495479878582,0.0
^RUT,2026-09-18,1800.0,Put,26.2,28.6,28.6,8.0,0.0,0.037462352168199736,2677.2900390625,0.2309495479878582,0.0
^RUT,2026-09-18,1850.0,Put,30.2,32.8,31.03,103.0,0.0,0.037462352168199736,2677.2900390625,0.2309495479878582,0.0
^RUT,2026-09-18,1900.0,Put,34.9,37.5,32.5,1.0,0.0,0.037462352168199736,2677.2900390625,0.2309495479878582,0.0
^RUT,2026-09-18,1930.0,Put,38.0,40.8,38.8,21.0,0.0,0.037462352168199736,2677.2900390625,0.2309495479878582,0.0
^RUT,2026-09-18,1950.0,Call,579.8,599.7,766.69,6.0,6.0,0.037462352168199736,2677.2900390625,0.2309495479878582,0.0
^RUT,2026-09-18,1950.0,Put,40.3,43.1,40.94,50.0,0.0,0.037462352168199736,2677.2900390625,0.2309495479878582,0.0
^RUT,2026-09-18,1960.0,Put,41.5,44.3,35.0,2.0,0.0,0.037462352168199736,2677.2900390625,0.2309495479878582,0.0
^RUT,2026-09-18,1980.0,Call,563.8,587.8,693.02,6.0,0.0,0.037462352168199736,2677.2900390625,0.2309495479878582,0.0
^RUT,2026-09-18,1980.0,Put,43.9,46.8,30.42,3.0,0.0,0.037462352168199736,2677.2900390625,0.2309495479878582,0.0
^RUT,2026-09-18,1990.0,Call,555.3,579.3,683.97,6.0,0.0,0.037462352168199736,2677.2900390625,0.2309495479878582,0.0
^RUT,2026-09-18,1990.0,Put,45.2,48.1,39.6,2.0,0.0,0.037462352168199736,2677.2900390625,0.2309495479878582,0.0
^RUT,2026-09-18,2000.0,Call,546.8,570.8,566.77,,0.0,0.037462352168199736,2677.2900390625,0.2309495479878582,0.0
^RUT,2026-09-18,2000.0,Put,46.5,49.5,41.7,10.0,0.0,0.037462352168199736,2677.2900390625,0.2309495479878582,0.0
^RUT,2026-09-18,2010.0,Call,538.1,562.1,558.07,,0.0,0.037462352168199736,2677.2900390625,0.2309495479878582,0.0
^RUT,2026-09-18,2020.0,Call,529.9,553.9,647.22,,0.0,0.037462352168199736,2677.2900390625,0.2309495479878582,0.0
^RUT,2026-09-18,2020.0,Put,49.2,52.2,43.71,15.0,0.0,0.037462352168199736,2677.2900390625,0.2309495479878582,0.0
^RUT,2026-09-18,2030.0,Call,521.6,545.6,638.34,,0.0,0.037462352168199736,2677.2900390625,0.2309495479878582,0.0
^RUT,2026-09-18,2030.0,Put,50.7,53.7,44.83,15.0,0.0,0.037462352168199736,2677.2900390625,0.2309495479878582,0.0
^RUT,2026-09-18,2050.0,Put,53.6,56.8,48.92,1.0,0.0,0.037462352168199736,2677.2900390625,0.2309495479878582,0.0
^RUT,2026-09-18,2060.0,Put,34.5,36.5,53.2,,2.0,0.037462352168199736,2677.2900390625,0.2309495479878582,0.0
^RUT,2026-09-18,2070.0,Put,56.8,59.9,50.08,25.0,0.0,0.037462352168199736,2677.2900390625,0.2309495479878582,0.0
^RUT,2026-09-18,2080.0,Put,59.7,62.6,60.81,,0.0,0.037462352168199736,2677.2900390625,0.2309495479878582,0.0
^RUT,2026-09-18,2090.0,Put,60.1,63.2,51.9,1.0,0.0,0.037462352168199736,2677.2900390625,0.2309495479878582,0.0
^RUT,2026-09-18,2100.0,Call,464.1,488.1,495.92,,0.0,0.037462352168199736,2677.2900390625,0.2309495479878582,0.0
^RUT,2026-09-18,2100.0,Put,61.8,64.9,56.26,1.0,0.0,0.037462352168199736,2677.2900390625,0.2309495479878582,0.0
^RUT,2026-09-18,2110.0,Call,456.1,480.1,487.98,,0.0,0.037462352168199736,2677.2900390625,0.2309495479878582,0.0
^RUT,2026-09-18,2110.0,Put,63.6,66.7,64.4,21.0,0.0,0.037462352168199736,2677.2900390625,0.2309495479878582,0.0
^RUT,2026-09-18,2130.0,Put,44.5,46.4,84.3,26.0,26.0,0.037462352168199736,2677.2900390625,0.2309495479878582,0.0
^RUT,2026-09-18,2140.0,Put,43.1,45.3,59.53,2.0,3.0,0.037462352168199736,2677.2900390625,0.2309495479878582,0.0
^RUT,2026-09-18,2150.0,Put,71.1,74.3,67.1,7.0,0.0,0.037462352168199736,2677.2900390625,0.2309495479878582,0.0
^RUT,2026-09-18,2160.0,Put,73.1,76.3,73.9,21.0,0.0,0.037462352168199736,2677.2900390625,0.2309495479878582,0.0
^RUT,2026-09-18,2170.0,Put,75.1,78.4,46.2,,0.0,0.037462352168199736,2677.2900390625,0.2309495479878582,0.0
^RUT,2026-09-18,2200.0,Call,537.1,557.1,508.44,8.0,8.0,0.037462352168199736,2677.2900390625,0.2309495479878582,0.0
^RUT,2026-09-18,2200.0,Put,81.6,84.9,77.1,4.0,0.0,0.037462352168199736,2677.2900390625,0.2309495479878582,0.0
^RUT,2026-09-18,2210.0,Put,84.7,89.6,84.64,,0.0,0.037462352168199736,2677.2900390625,0.2309495479878582,0.0
^RUT,2026-09-18,2230.0,Put,88.5,91.8,75.6,6.0,0.0,0.037462352168199736,2677.2900390625,0.2309495479878582,0.0
^RUT,2026-09-18,2240.0,Put,90.9,94.2,89.9,12.0,0.0,0.037462352168199736,2677.2900390625,0.2309495479878582,0.0
^RUT,2026-09-18,2250.0,Call,405.9,412.2,525.48,,0.0,0.037462352168199736,2677.2900390625,0.2309495479878582,0.0
^RUT,2026-09-18,2250.0,Put,93.4,96.7,86.6,1.0,0.0,0.037462352168199736,2677.2900390625,0.2309495479878582,0.0
^RUT,2026-09-18,2260.0,Call,349.6,357.7,403.8,,1.0,0.037462352168199736,2677.2900390625,0.2309495479878582,0.0
^RUT,2026-09-18,2260.0,Put,95.9,99.4,88.9,1.0,0.0,0.037462352168199736,2677.2900390625,0.2309495479878582,0.0
^RUT,2026-09-18,2270.0,Put,98.5,101.9,97.0,185.0,0.0,0.037462352168199736,2677.2900390625,0.2309495479878582,0.0
^RUT,2026-09-18,2280.0,Put,101.2,104.5,90.9,119.0,0.0,0.037462352168199736,2677.2900390625,0.2309495479878582,0.0
^RUT,2026-09-18,2290.0,Call,294.3,307.4,374.09,2.0,2.0,0.037462352168199736,2677.2900390625,0.2309495479878582,0.0
^RUT,2026-09-18,2290.0,Put,103.9,107.2,102.0,3.0,0.0,0.037462352168199736,2677.2900390625,0.2309495479878582,0.0
^RUT,2026-09-18,2300.0,Call,321.9,327.9,445.76,2.0,0.0,0.037462352168199736,2677.2900390625,0.2309495479878582,0.0
^RUT,2026-09-18,2300.0,Put,106.6,110.1,107.9,1.0,0.0,0.037462352168199736,2677.2900390625,0.2309495479878582,0.0
^RUT,2026-09-18,2310.0,Call,446.2,464.3,328.56,2.0,11.0,0.037462352168199736,2677.2900390625,0.2309495479878582,0.0
^RUT,2026-09-18,2310.0,Put,73.9,76.0,111.26,4.0,5.0,0.037462352168199736,2677.2900390625,0.2309495479878582,0.0
^RUT,2026-09-18,2320.0,Call,276.5,288.0,346.41,,9.0,0.037462352168199736,2677.2900390625,0.2309495479878582,0.0
^RUT,2026-09-18,2320.0,Put,112.3,115.8,104.62,1.0,0.0,0.037462352168199736,2677.2900390625,0.2309495479878582,0.0
^RUT,2026-09-18,2330.0,Call,270.2,281.7,338.31,18.0,9.0,0.037462352168199736,2677.2900390625,0.2309495479878582,0.0
^RUT,2026-09-18,2330.0,Put,115.3,118.8,114.0,26.0,0.0,0.037462352168199736,2677.2900390625,0.2309495479878582,0.0
^RUT,2026-09-18,2340.0,Call,294.6,300.1,287.15,4.0,0.0,0.037462352168199736,2677.2900390625,0.2309495479878582,0.0
^RUT,2026-09-18,2340.0,Put,118.2,121.9,103.1,1.0,0.0,0.037462352168199736,2677.2900390625,0.2309495479878582,0.0
^RUT,2026-09-18,2350.0,Call,287.9,293.4,298.1,3.0,0.0,0.037462352168199736,2677.2900390625,0.2309495479878582,0.0
^RUT,2026-09-18,2350.0,Put,121.3,124.9,100.7,1.0,0.0,0.037462352168199736,2677.2900390625,0.2309495479878582,0.0
^RUT,2026-09-18,2360.0,Call,251.3,263.2,318.55,,9.0,0.037462352168199736,2677.2900390625,0.2309495479878582,0.0
^RUT,2026-09-18,2360.0,Put,102.8,104.3,71.5,10.0,325.0,0.037462352168199736,2677.2900390625,0.2309495479878582,0.0
^RUT,2026-09-18,2370.0,Call,275.1,280.0,280.02,1.0,0.0,0.037462352168199736,2677.2900390625,0.2309495479878582,0.0
^RUT,2026-09-18,2370.0,Put,127.7,131.3,111.77,52.0,0.0,0.037462352168199736,2677.2900390625,0.2309495479878582,0.0
^RUT,2026-09-18,2380.0,Call,268.4,273.4,273.35,1.0,0.0,0.037462352168199736,2677.2900390625,0.2309495479878582,0.0
^RUT,2026-09-18,2380.0,Put,120.9,140.1,128.7,6.0,0.0,0.037462352168199736,2677.2900390625,0.2309495479878582,0.0
^RUT,2026-09-18,2390.0,Call,391.3,396.7,345.35,10.0,9.0,0.037462352168199736,2677.2900390625,0.2309495479878582,0.0
^RUT,2026-09-18,2390.0,Put,134.3,138.0,135.18,2.0,0.0,0.037462352168199736,2677.2900390625,0.2309495479878582,0.0
^RUT,2026-09-18,2400.0,Call,255.6,260.5,223.82,1.0,0.0,0.037462352168199736,2677.2900390625,0.2309495479878582,0.0
^RUT,2026-09-18,2400.0,Put,137.8,141.4,155.44,96.0,0.0,0.037462352168199736,2677.2900390625,0.2309495479878582,0.0
^RUT,2026-09-18,2410.0,Call,308.5,313.9,221.22,1.0,12.0,0.037462352168199736,2677.2900390625,0.2309495479878582,0.0
^RUT,2026-09-18,2410.0,Put,141.3,145.0,167.05,15.0,0.0,0.037462352168199736,2677.2900390625,0.2309495479878582,0.0
^RUT,2026-09-18,2420.0,Call,301.6,306.9,171.73,2.0,10.0,0.037462352168199736,2677.2900390625,0.2309495479878582,0.0
^RUT,2026-09-18,2420.0,Put,144.7,148.6,126.31,5.0,0.0,0.037462352168199736,2677.2900390625,0.2309495479878582,0.0
^RUT,2026-09-18,2430.0,Call,294.8,300.0,173.56,7.0,13.0,0.037462352168199736,2677.2900390625,0.2309495479878582,0.0
^RUT,2026-09-18,2430.0,Put,148.5,152.2,129.63,5.0,0.0,0.037462352168199736,2677.2900390625,0.2309495479878582,0.0
^RUT,2026-09-18,2440.0,Call,231.0,235.7,198.14,2.0,0.0,0.037462352168199736,2677.2900390625,0.2309495479878582,0.0
^RUT,2026-09-18,2440.0,Put,152.1,156.1,142.2,1.0,0.0,0.037462352168199736,2677.2900390625,0.2309495479878582,0.0
^RUT,2026-09-18,2450.0,Call,225.1,229.6,259.62,2.0,0.0,0.037462352168199736,2677.2900390625,0.2309495479878582,0.0
^RUT,2026-09-18,2450.0,Put,156.0,159.8,154.8,38.0,0.0,0.037462352168199736,2677.2900390625,0.2309495479878582,0.0
^RUT,2026-09-18,2460.0,Call,206.4,230.1,239.71,2.0,0.0,0.037462352168199736,2677.2900390625,0.2309495479878582,0.0
^RUT,2026-09-18,2460.0,Put,159.9,163.7,156.87,100.0,0.0,0.037462352168199736,2677.2900390625,0.2309495479878582,0.0
^RUT,2026-09-18,2470.0,Call,213.4,217.8,333.28,10.0,0.0,0.037462352168199736,2677.2900390625,0.2309495479878582,0.0
^RUT,2026-09-18,2470.0,Put,163.8,167.7,111.47,3.0,0.0,0.037462352168199736,2677.2900390625,0.2309495479878582,0.0
^RUT,2026-09-18,2480.0,Call,207.7,212.0,231.42,2.0,0.0,0.037462352168199736,2677.2900390625,0.2309495479878582,0.0
^RUT,2026-09-18,2480.0,Put,167.9,171.8,165.8,7.0,0.0,0.037462352168199736,2677.2900390625,0.2309495479878582,0.0
^RUT,2026-09-18,2490.0,Call,285.3,290.1,195.7,2.0,17.0,0.037462352168199736,2677.2900390625,0.2309495479878582,0.0
^RUT,2026-09-18,2490.0,Put,172.0,175.9,201.3,3.0,0.0,0.037462352168199736,2677.2900390625,0.2309495479878582,0.0
^RUT,2026-09-18,2500.0,Call,196.5,200.7,230.2,1.0,0.0,0.037462352168199736,2677.2900390625,0.2309495479878582,0.0
^RUT,2026-09-18,2500.0,Put,176.2,180.1,170.1,1.0,0.0,0.037462352168199736,2677.2900390625,0.2309495479878582,0.0
^RUT,2026-09-18,2510.0,Call,190.9,195.2,191.2,2.0,0.0,0.037462352168199736,2677.2900390625,0.2309495479878582,0.0
^RUT,2026-09-18,2510.0,Put,180.5,184.4,209.12,4.0,0.0,0.037462352168199736,2677.2900390625,0.2309495479878582,0.0
^RUT,2026-09-18,2520.0,Call,185.6,189.7,204.0,32.0,0.0,0.037462352168199736,2677.2900390625,0.2309495479878582,0.0
^RUT,2026-09-18,2520.0,Put,184.9,188.8,202.57,1.0,0.0,0.037462352168199736,2677.2900390625,0.2309495479878582,0.0
^RUT,2026-09-18,2530.0,Call,180.2,184.4,309.42,10.0,0.0,0.037462352168199736,2677.2900390625,0.2309495479878582,0.0
^RUT,2026-09-18,2530.0,Put,189.3,193.3,204.72,3.0,0.0,0.037462352168199736,2677.2900390625,0.2309495479878582,0.0
^RUT,2026-09-18,2540.0,Call,174.9,179.2,204.47,2.0,0.0,0.037462352168199736,2677.2900390625,0.2309495479878582,0.0
^RUT,2026-09-18,2540.0,Put,193.9,197.8,203.0,54.0,0.0,0.037462352168199736,2677.2900390625,0.2309495479878582,0.0
^RUT,2026-09-18,2550.0,Call,169.7,174.0,180.77,75.0,0.0,0.037462352168199736,2677.2900390625,0.2309495479878582,0.0
^RUT,2026-09-18,2550.0,Put,198.5,202.5,195.31,85.0,0.0,0.037462352168199736,2677.2900390625,0.2309495479878582,0.0
^RUT,2026-09-18,2560.0,Call,164.7,168.9,186.8,1.0,0.0,0.037462352168199736,2677.2900390625,0.2309495479878582,0.0
^RUT,2026-09-18,2560.0,Put,137.4,139.8,175.7,,8.0,0.037462352168199736,2677.2900390625,0.2309495479878582,0.0
^RUT,2026-09-18,2570.0,Call,150.3,172.8,159.06,5.0,0.0,0.037462352168199736,2677.2900390625,0.2309495479878582,0.0
^RUT,2026-09-18,2570.0,Put,208.0,212.0,194.31,50.0,0.0,0.037462352168199736,2677.2900390625,0.2309495479878582,0.0
^RUT,2026-09-18,2580.0,Call,155.0,158.9,178.2,24.0,0.0,0.037462352168199736,2677.2900390625,0.2309495479878582,0.0
^RUT,2026-09-18,2580.0,Put,212.9,216.9,163.1,1.0,0.0,0.037462352168199736,2677.2900390625,0.2309495479878582,0.0
^RUT,2026-09-18,2590.0,Call,150.0,154.0,152.29,6.0,0.0,0.037462352168199736,2677.2900390625,0.2309495479878582,0.0
^RUT,2026-09-18,2590.0,Put,217.9,221.9,181.1,4.0,0.0,0.037462352168199736,2677.2900390625,0.2309495479878582,0.0
^RUT,2026-09-18,2600.0,Call,145.2,149.4,152.99,6.0,0.0,0.037462352168199736,2677.2900390625,0.2309495479878582,0.0
^RUT,2026-09-18,2600.0,Put,222.8,227.1,228.1,3.0,0.0,0.037462352168199736,2677.2900390625,0.2309495479878582,0.0
^RUT,2026-09-18,2610.0,Call,140.8,144.7,162.4,1.0,0.0,0.037462352168199736,2677.2900390625,0.2309495479878582,0.0
^RUT,2026-09-18,2610.0,Put,218.8,238.8,198.2,72.0,0.0,0.037462352168199736,2677.2900390625,0.2309495479878582,0.0
^RUT,2026-09-18,2620.0,Call,136.1,140.1,164.68,2.0,0.0,0.037462352168199736,2677.2900390625,0.2309495479878582,0.0
^RUT,2026-09-18,2620.0,Put,233.3,237.4,200.4,,0.0,0.037462352168199736,2677.2900390625,0.2309495479878582,0.0
^RUT,2026-09-18,2630.0,Call,131.7,135.6,159.23,12.0,0.0,0.037462352168199736,2677.2900390625,0.2309495479878582,0.0
^RUT,2026-09-18,2630.0,Put,238.6,242.8,231.0,3.0,0.0,0.037462352168199736,2677.2900390625,0.2309495479878582,0.0
^RUT,2026-09-18,2640.0,Call,127.3,131.2,154.45,15.0,0.0,0.037462352168199736,2677.2900390625,0.2309495479878582,0.0
^RUT,2026-09-18,2640.0,Put,244.0,248.2,148.4,,0.0,0.037462352168199736,2677.2900390625,0.2309495479878582,0.0
^RUT,2026-09-18,2650.0,Call,123.0,126.9,140.75,5.0,0.0,0.037462352168199736,2677.2900390625,0.2309495479878582,0.0
^RUT,2026-09-18,2650.0,Put,249.4,253.9,166.14,4.0,0.0,0.037462352168199736,2677.2900390625,0.2309495479878582,0.0
^RUT,2026-09-18,2660.0,Call,118.8,122.7,136.68,4.0,0.0,0.037462352168199736,2677.2900390625,0.2309495479878582,0.0
^RUT,2026-09-18,2670.0,Call,114.7,118.6,130.68,3.0,0.0,0.037462352168199736,2677.2900390625,0.2309495479878582,0.0
^RUT,2026-09-18,2670.0,Put,297.2,309.2,306.05,,1.0,0.037462352168199736,2677.2900390625,0.2309495479878582,0.0
^RUT,2026-09-18,2680.0,Call,110.6,114.6,127.9,13.0,0.0,0.037462352168199736,2677.2900390625,0.2309495479878582,0.0
^RUT,2026-09-18,2680.0,Put,229.0,229.2,160.75,,1.0,0.037462352168199736,2677.2900390625,0.2309495479878582,0.0
^RUT,2026-09-18,2690.0,Call,100.1,116.0,134.58,6.0,0.0,0.037462352168199736,2677.2900390625,0.2309495479878582,0.0
^RUT,2026-09-18,2690.0,Put,234.4,234.6,164.82,,1.0,0.037462352168199736,2677.2900390625,0.2309495479878582,0.0
^RUT,2026-09-18,2700.0,Call,103.0,106.8,124.35,2003.0,0.0,0.037462352168199736,2677.2900390625,0.2309495479878582,0.0
^RUT,2026-09-18,2700.0,Put,278.3,282.9,263.22,100.0,0.0,0.037462352168199736,2677.2900390625,0.2309495479878582,0.0
^RUT,2026-09-18,2710.0,Call,99.3,103.0,132.15,6.0,0.0,0.037462352168199736,2677.2900390625,0.2309495479878582,0.0
^RUT,2026-09-18,2710.0,Put,178.8,181.2,195.95,,6.0,0.037462352168199736,2677.2900390625,0.2309495479878582,0.0
^RUT,2026-09-18,2720.0,Call,89.1,104.5,113.45,1.0,0.0,0.037462352168199736,2677.2900390625,0.2309495479878582,0.0
^RUT,2026-09-18,2720.0,Put,290.4,295.2,198.6,2.0,0.0,0.037462352168199736,2677.2900390625,0.2309495479878582,0.0
^RUT,2026-09-18,2730.0,Call,92.1,95.8,131.95,6.0,0.0,0.037462352168199736,2677.2900390625,0.2309495479878582,0.0
^RUT,2026-09-18,2730.0,Put,188.0,190.4,206.96,,4.0,0.037462352168199736,2677.2900390625,0.2309495479878582,0.0
^RUT,2026-09-18,2740.0,Call,88.6,92.3,115.54,92.0,0.0,0.037462352168199736,2677.2900390625,0.2309495479878582,0.0
^RUT,2026-09-18,2740.0,Put,192.8,195.4,211.96,,2.0,0.037462352168199736,2677.2900390625,0.2309495479878582,0.0
^RUT,2026-09-18,2750.0,Call,85.3,88.8,98.4,2.0,0.0,0.037462352168199736,2677.2900390625,0.2309495479878582,0.0
^RUT,2026-09-18,2750.0,Put,263.2,267.9,195.09,2.0,1.0,0.037462352168199736,2677.2900390625,0.2309495479878582,0.0
^RUT,2026-09-18,2760.0,Call,81.9,85.6,118.53,2.0,0.0,0.037462352168199736,2677.2900390625,0.2309495479878582,0.0
^RUT,2026-09-18,2770.0,Call,78.8,82.3,135.0,6.0,0.0,0.037462352168199736,2677.2900390625,0.2309495479878582,0.0
^RUT,2026-09-18,2780.0,Call,75.7,79.1,132.48,3.0,0.0,0.037462352168199736,2677.2900390625,0.2309495479878582,0.0
^RUT,2026-09-18,2780.0,Put,328.6,334.4,248.6,,0.0,0.037462352168199736,2677.2900390625,0.2309495479878582,0.0
^RUT,2026-09-18,2790.0,Call,72.7,76.1,139.01,7.0,0.0,0.037462352168199736,2677.2900390625,0.2309495479878582,0.0
^RUT,2026-09-18,2790.0,Put,335.5,341.2,257.3,,0.0,0.037462352168199736,2677.2900390625,0.2309495479878582,0.0
^RUT,2026-09-18,2800.0,Call,69.7,73.1,86.22,6.0,0.0,0.037462352168199736,2677.2900390625,0.2309495479878582,0.0
^RUT,2026-09-18,2800.0,Put,342.3,348.0,320.7,1.0,0.0,0.037462352168199736,2677.2900390625,0.2309495479878582,0.0
^RUT,2026-09-18,2810.0,Call,84.5,85.8,146.2,6.0,3.0,0.037462352168199736,2677.2900390625,0.2309495479878582,0.0
^RUT,2026-09-18,2810.0,Put,228.6,231.4,265.93,,4.0,0.037462352168199736,2677.2900390625,0.2309495479878582,0.0
^RUT,2026-09-18,2820.0,Call,64.0,67.5,70.48,1.0,0.0,0.037462352168199736,2677.2900390625,0.2309495479878582,0.0
^RUT,2026-09-18,2830.0,Call,78.4,79.5,147.78,3.0,27.0,0.037462352168199736,2677.2900390625,0.2309495479878582,0.0
^RUT,2026-09-18,2830.0,Put,239.6,242.5,278.41,,1.0,0.037462352168199736,2677.2900390625,0.2309495479878582,0.0
^RUT,2026-09-18,2840.0,Call,58.7,62.1,64.91,1.0,0.0,0.037462352168199736,2677.2900390625,0.2309495479878582,0.0
^RUT,2026-09-18,2850.0,Call,72.5,73.5,125.32,3.0,9.0,0.037462352168199736,2677.2900390625,0.2309495479878582,0.0
^RUT,2026-09-18,2860.0,Call,114.4,117.1,104.67,4.0,4.0,0.037462352168199736,2677.2900390625,0.2309495479878582,0.0
^RUT,2026-09-18,2870.0,Call,51.3,54.7,59.3,11.0,0.0,0.037462352168199736,2677.2900390625,0.2309495479878582,0.0
^RUT,2026-09-18,2880.0,Call,49.4,51.4,100.84,1.0,3.0,0.037462352168199736,2677.2900390625,0.2309495479878582,0.0
^RUT,2026-09-18,2890.0,Call,101.3,104.0,97.97,2.0,0.0,0.037462352168199736,2677.2900390625,0.2309495479878582,0.0
^RUT,2026-09-18,2900.0,Call,44.7,47.9,47.7,10.0,0.0,0.037462352168199736,2677.2900390625,0.2309495479878582,0.0
^RUT,2026-09-18,2900.0,Put,415.2,421.2,300.39,2000.0,0.0,0.037462352168199736,2677.2900390625,0.2309495479878582,0.0
^RUT,2026-09-18,2950.0,Call,35.2,38.3,39.0,12.0,0.0,0.037462352168199736,2677.2900390625,0.2309495479878582,0.0
^RUT,2026-09-18,3000.0,Call,27.4,30.4,32.11,3.0,0.0,0.037462352168199736,2677.2900390625,0.2309495479878582,0.0
^RUT,2026-09-18,3000.0,Put,499.8,517.3,370.52,,1.0,0.037462352168199736,2677.2900390625,0.2309495479878582,0.0
^RUT,2026-09-18,3050.0,Call,21.1,24.1,25.2,1.0,0.0,0.037462352168199736,2677.2900390625,0.2309495479878582,0.0
^RUT,2026-09-18,3100.0,Call,16.3,19.0,23.27,34.0,0.0,0.037462352168199736,2677.2900390625,0.2309495479878582,0.0
^RUT,2026-09-18,3150.0,Call,12.5,15.0,17.35,4.0,0.0,0.037462352168199736,2677.2900390625,0.2309495479878582,0.0
^RUT,2026-09-18,3200.0,Call,9.4,11.9,12.21,60.0,0.0,0.037462352168199736,2677.2900390625,0.2309495479878582,0.0
^RUT,2026-09-18,3250.0,Call,7.2,9.5,7.1,10.0,0.0,0.037462352168199736,2677.2900390625,0.2309495479878582,0.0
^RUT,2026-09-18,3250.0,Put,711.4,735.4,596.1,,0.0,0.037462352168199736,2677.2900390625,0.2309495479878582,0.0
^RUT,2026-09-18,3300.0,Call,5.5,7.6,11.08,2.0,0.0,0.037462352168199736,2677.2900390625,0.2309495479878582,0.0
^RUT,2026-09-18,3350.0,Call,4.2,6.1,5.81,14.0,0.0,0.037462352168199736,2677.2900390625,0.2309495479878582,0.0
^RUT,2026-09-18,3400.0,Call,3.2,5.0,4.46,1.0,0.0,0.037462352168199736,2677.2900390625,0.2309495479878582,0.0
^RUT,2026-09-18,3450.0,Call,2.5,4.1,4.3,9.0,0.0,0.037462352168199736,2677.2900390625,0.2309495479878582,0.0
^RUT,2026-09-18,3500.0,Call,1.9,3.3,2.5,15.0,0.0,0.037462352168199736,2677.2900390625,0.2309495479878582,0.0
^RUT,2026-09-18,3550.0,Call,1.4,2.75,4.24,4.0,0.0,0.037462352168199736,2677.2900390625,0.2309495479878582,0.0
^RUT,2026-09-18,3600.0,Call,1.0,2.3,2.0,10.0,0.0,0.037462352168199736,2677.2900390625,0.2309495479878582,0.0
^RUT,2026-09-30,1250.0,Put,4.3,5.9,7.1,2.0,18.0,0.0375047744196233,2677.2900390625,0.2309495479878582,0.0
^RUT,2026-09-30,1400.0,Put,9.4,11.4,9.27,9.0,0.0,0.0375047744196233,2677.2900390625,0.2309495479878582,0.0
^RUT,2026-09-30,1450.0,Put,10.7,12.7,11.34,18.0,0.0,0.0375047744196233,2677.2900390625,0.2309495479878582,0.0
^RUT,2026-09-30,1500.0,Put,10.5,19.2,12.82,1.0,0.0,0.0375047744196233,2677.2900390625,0.2309495479878582,0.0
^RUT,2026-09-30,1550.0,Put,13.8,16.2,13.34,8.0,0.0,0.0375047744196233,2677.2900390625,0.2309495479878582,0.0
^RUT,2026-09-30,1650.0,Put,18.1,20.7,17.2,1.0,0.0,0.0375047744196233,2677.2900390625,0.2309495479878582,0.0
^RUT,2026-09-30,1700.0,Put,20.8,23.6,19.82,9.0,0.0,0.0375047744196233,2677.2900390625,0.2309495479878582,0.0
^RUT,2026-09-30,1800.0,Put,17.6,20.4,23.13,,2.0,0.0375047744196233,2677.2900390625,0.2309495479878582,0.0
^RUT,2026-09-30,1850.0,Put,31.8,34.9,36.2,1.0,0.0,0.0375047744196233,2677.2900390625,0.2309495479878582,0.0
^RUT,2026-09-30,1900.0,Put,36.7,39.9,29.6,2.0,0.0,0.0375047744196233,2677.2900390625,0.2309495479878582,0.0
^RUT,2026-09-30,1950.0,Put,42.2,45.6,46.8,1.0,0.0,0.0375047744196233,2677.2900390625,0.2309495479878582,0.0
^RUT,2026-09-30,1970.0,Put,29.4,33.2,56.7,,1.0,0.0375047744196233,2677.2900390625,0.2309495479878582,0.0
^RUT,2026-09-30,1980.0,Put,46.0,49.4,38.87,,0.0,0.0375047744196233,2677.2900390625,0.2309495479878582,0.0
^RUT,2026-09-30,1990.0,Call,558.0,582.0,602.99,10.0,0.0,0.0375047744196233,2677.2900390625,0.2309495479878582,0.0
^RUT,2026-09-30,1990.0,Put,47.3,50.8,43.74,10.0,0.0,0.0375047744196233,2677.2900390625,0.2309495479878582,0.0
^RUT,2026-09-30,2000.0,Call,549.8,573.8,581.57,1.0,0.0,0.0375047744196233,2677.2900390625,0.2309495479878582,0.0
^RUT,2026-09-30,2000.0,Put,48.7,52.2,49.5,32.0,0.0,0.0375047744196233,2677.2900390625,0.2309495479878582,0.0
^RUT,2026-09-30,2100.0,Call,467.7,491.7,455.34,2.0,0.0,0.0375047744196233,2677.2900390625,0.2309495479878582,0.0
^RUT,2026-09-30,2130.0,Put,47.2,49.4,82.1,,1.0,0.0375047744196233,2677.2900390625,0.2309495479878582,0.0
^RUT,2026-09-30,2140.0,Put,48.5,50.8,80.2,,7.0,0.0375047744196233,2677.2900390625,0.2309495479878582,0.0
^RUT,2026-09-30,2150.0,Put,45.9,49.3,54.7,200.0,489.0,0.0375047744196233,2677.2900390625,0.2309495479878582,0.0
^RUT,2026-09-30,2170.0,Put,94.8,98.6,97.1,,1.0,0.0375047744196233,2677.2900390625,0.2309495479878582,0.0
^RUT,2026-09-30,2200.0,Call,398.6,405.5,378.31,6.0,0.0,0.0375047744196233,2677.2900390625,0.2309495479878582,0.0
^RUT,2026-09-30,2200.0,Put,84.7,88.5,75.79,7.0,0.0,0.0375047744196233,2677.2900390625,0.2309495479878582,0.0
^RUT,2026-09-30,2210.0,Put,91.8,96.0,97.9,,1.0,0.0375047744196233,2677.2900390625,0.2309495479878582,0.0
^RUT,2026-09-30,2220.0,Put,89.3,93.2,76.2,16.0,0.0,0.0375047744196233,2677.2900390625,0.2309495479878582,0.0
^RUT,2026-09-30,2250.0,Call,361.7,368.5,391.8,1.0,0.0,0.0375047744196233,2677.2900390625,0.2309495479878582,0.0
^RUT,2026-09-30,2250.0,Put,96.7,100.6,95.09,45.0,0.0,0.0375047744196233,2677.2900390625,0.2309495479878582,0.0
^RUT,2026-09-30,2270.0,Put,62.8,66.5,60.55,,0.0,0.0375047744196233,2677.2900390625,0.2309495479878582,0.0
^RUT,2026-09-30,2280.0,Put,64.5,68.2,62.2,3.0,0.0,0.0375047744196233,2677.2900390625,0.2309495479878582,0.0
^RUT,2026-09-30,2290.0,Put,68.0,71.5,96.8,,13.0,0.0375047744196233,2677.2900390625,0.2309495479878582,0.0
^RUT,2026-09-30,2300.0,Put,110.1,114.1,84.12,1.0,0.0,0.0375047744196233,2677.2900390625,0.2309495479878582,0.0
^RUT,2026-09-30,2310.0,Put,71.8,75.2,97.59,,20.0,0.0375047744196233,2677.2900390625,0.2309495479878582,0.0
^RUT,2026-09-30,2320.0,Call,411.6,418.0,356.0,6.0,17.0,0.0375047744196233,2677.2900390625,0.2309495479878582,0.0
^RUT,2026-09-30,2320.0,Put,79.7,82.0,106.5,,3.0,0.0375047744196233,2677.2900390625,0.2309495479878582,0.0
^RUT,2026-09-30,2330.0,Put,82.0,84.3,109.2,,1.0,0.0375047744196233,2677.2900390625,0.2309495479878582,0.0
^RUT,2026-09-30,2340.0,Put,84.1,86.4,112.8,,8.0,0.0375047744196233,2677.2900390625,0.2309495479878582,0.0
^RUT,2026-09-30,2350.0,Call,425.6,432.7,399.0,5.0,5.0,0.0375047744196233,2677.2900390625,0.2309495479878582,0.0
^RUT,2026-09-30,2350.0,Put,125.0,129.2,114.11,10.0,0.0,0.0375047744196233,2677.2900390625,0.2309495479878582,0.0
^RUT,2026-09-30,2360.0,Call,285.9,292.1,270.4,1.0,0.0,0.0375047744196233,2677.2900390625,0.2309495479878582,0.0
^RUT,2026-09-30,2360.0,Put,128.2,132.4,125.41,10.0,0.0,0.0375047744196233,2677.2900390625,0.2309495479878582,0.0
^RUT,2026-09-30,2370.0,Put,131.4,135.7,138.36,2.0,0.0,0.0375047744196233,2677.2900390625,0.2309495479878582,0.0
^RUT,2026-09-30,2380.0,Call,265.0,289.0,293.0,1.0,1.0,0.0375047744196233,2677.2900390625,0.2309495479878582,0.0
^RUT,2026-09-30,2400.0,Call,320.9,327.8,285.9,3.0,3.0,0.0375047744196233,2677.2900390625,0.2309495479878582,0.0
^RUT,2026-09-30,2400.0,Put,165.9,171.8,150.8,,3.0,0.0375047744196233,2677.2900390625,0.2309495479878582,0.0
^RUT,2026-09-30,2410.0,Call,312.9,320.0,275.6,,1.0,0.0375047744196233,2677.2900390625,0.2309495479878582,0.0
^RUT,2026-09-30,2410.0,Put,169.9,175.9,154.2,,11.0,0.0375047744196233,2677.2900390625,0.2309495479878582,0.0
^RUT,2026-09-30,2420.0,Call,306.3,313.2,216.76,1.0,1.0,0.0375047744196233,2677.2900390625,0.2309495479878582,0.0
^RUT,2026-09-30,2430.0,Call,210.0,225.6,284.43,,4.0,0.0375047744196233,2677.2900390625,0.2309495479878582,0.0
^RUT,2026-09-30,2440.0,Call,357.6,363.5,313.91,2.0,2.0,0.0375047744196233,2677.2900390625,0.2309495479878582,0.0
^RUT,2026-09-30,2440.0,Put,156.1,160.5,137.24,,0.0,0.0375047744196233,2677.2900390625,0.2309495479878582,0.0
^RUT,2026-09-30,2450.0,Call,230.1,235.3,218.91,2.0,0.0,0.0375047744196233,2677.2900390625,0.2309495479878582,0.0
^RUT,2026-09-30,2450.0,Put,159.9,164.4,150.7,10.0,0.0,0.0375047744196233,2677.2900390625,0.2309495479878582,0.0
^RUT,2026-09-30,2460.0,Call,224.1,229.5,245.36,2.0,0.0,0.0375047744196233,2677.2900390625,0.2309495479878582,0.0
^RUT,2026-09-30,2460.0,Put,163.8,168.3,144.2,,0.0,0.0375047744196233,2677.2900390625,0.2309495479878582,0.0
^RUT,2026-09-30,2470.0,Call,217.6,223.6,338.04,10.0,0.0,0.0375047744196233,2677.2900390625,0.2309495479878582,0.0
^RUT,2026-09-30,2480.0,Call,266.6,272.9,238.0,1.0,2.0,0.0375047744196233,2677.2900390625,0.2309495479878582,0.0
^RUT,2026-09-30,2480.0,Put,171.7,176.5,176.5,1.0,0.0,0.0375047744196233,2677.2900390625,0.2309495479878582,0.0
^RUT,2026-09-30,2490.0,Call,207.0,212.2,279.67,,0.0,0.0375047744196233,2677.2900390625,0.2309495479878582,0.0
^RUT,2026-09-30,2490.0,Put,163.4,186.6,138.66,10.0,0.0,0.0375047744196233,2677.2900390625,0.2309495479878582,0.0
^RUT,2026-09-30,2500.0,Call,201.5,206.6,211.21,2.0,0.0,0.0375047744196233,2677.2900390625,0.2309495479878582,0.0
^RUT,2026-09-30,2500.0,Put,180.1,184.8,163.5,6.0,0.0,0.0375047744196233,2677.2900390625,0.2309495479878582,0.0
^RUT,2026-09-30,2510.0,Call,196.0,201.1,277.69,2.0,0.0,0.0375047744196233,2677.2900390625,0.2309495479878582,0.0
^RUT,2026-09-30,2510.0,Put,184.3,189.1,119.1,,0.0,0.0375047744196233,2677.2900390625,0.2309495479878582,0.0
^RUT,2026-09-30,2520.0,Call,223.5,230.1,306.94,2.0,1.0,0.0375047744196233,2677.2900390625,0.2309495479878582,0.0
^RUT,2026-09-30,2520.0,Put,188.8,193.4,121.5,,0.0,0.0375047744196233,2677.2900390625,0.2309495479878582,0.0
^RUT,2026-09-30,2530.0,Call,185.3,190.3,314.29,10.0,0.0,0.0375047744196233,2677.2900390625,0.2309495479878582,0.0
^RUT,2026-09-30,2530.0,Put,193.3,197.7,124.7,,0.0,0.0375047744196233,2677.2900390625,0.2309495479878582,0.0
^RUT,2026-09-30,2540.0,Call,256.9,262.4,211.2,3.0,5.0,0.0375047744196233,2677.2900390625,0.2309495479878582,0.0
^RUT,2026-09-30,2550.0,Call,174.9,179.9,186.56,2.0,0.0,0.0375047744196233,2677.2900390625,0.2309495479878582,0.0
^RUT,2026-09-30,2550.0,Put,202.4,206.9,143.4,12.0,0.0,0.0375047744196233,2677.2900390625,0.2309495479878582,0.0
^RUT,2026-09-30,2560.0,Call,169.9,174.7,188.71,20.0,0.0,0.0375047744196233,2677.2900390625,0.2309495479878582,0.0
^RUT,2026-09-30,2560.0,Put,207.2,211.6,207.12,1.0,0.0,0.0375047744196233,2677.2900390625,0.2309495479878582,0.0
^RUT,2026-09-30,2570.0,Call,164.9,169.7,174.29,2.0,0.0,0.0375047744196233,2677.2900390625,0.2309495479878582,0.0
^RUT,2026-09-30,2570.0,Put,212.0,216.7,143.3,24.0,0.0,0.0375047744196233,2677.2900390625,0.2309495479878582,0.0
^RUT,2026-09-30,2580.0,Call,160.0,164.8,147.54,2.0,0.0,0.0375047744196233,2677.2900390625,0.2309495479878582,0.0
^RUT,2026-09-30,2580.0,Put,203.2,228.2,216.92,1.0,0.0,0.0375047744196233,2677.2900390625,0.2309495479878582,0.0
^RUT,2026-09-30,2590.0,Call,155.1,160.1,234.19,2.0,0.0,0.0375047744196233,2677.2900390625,0.2309495479878582,0.0
^RUT,2026-09-30,2590.0,Put,221.8,226.5,225.0,4.0,0.0,0.0375047744196233,2677.2900390625,0.2309495479878582,0.0
^RUT,2026-09-30,2600.0,Call,150.7,155.2,175.02,2.0,0.0,0.0375047744196233,2677.2900390625,0.2309495479878582,0.0
^RUT,2026-09-30,2600.0,Put,226.9,231.6,233.19,1.0,0.0,0.0375047744196233,2677.2900390625,0.2309495479878582,0.0
^RUT,2026-09-30,2610.0,Call,146.0,150.6,154.29,54.0,0.0,0.0375047744196233,2677.2900390625,0.2309495479878582,0.0
^RUT,2026-09-30,2610.0,Put,141.9,145.8,166.67,2.0,5.0,0.0375047744196233,2677.2900390625,0.2309495479878582,0.0
^RUT,2026-09-30,2620.0,Call,141.3,146.0,138.61,2.0,0.0,0.0375047744196233,2677.2900390625,0.2309495479878582,0.0
^RUT,2026-09-30,2640.0,Call,158.3,164.5,223.4,,5.0,0.0375047744196233,2677.2900390625,0.2309495479878582,0.0
^RUT,2026-09-30,2650.0,Call,128.2,132.8,150.56,1.0,0.0,0.0375047744196233,2677.2900390625,0.2309495479878582,0.0
^RUT,2026-09-30,2650.0,Put,157.1,161.1,170.52,,2.0,0.0375047744196233,2677.2900390625,0.2309495479878582,0.0
^RUT,2026-09-30,2660.0,Call,124.0,128.6,207.81,,0.0,0.0375047744196233,2677.2900390625,0.2309495479878582,0.0
^RUT,2026-09-30,2680.0,Put,270.3,275.4,164.07,,0.0,0.0375047744196233,2677.2900390625,0.2309495479878582,0.0
^RUT,2026-09-30,2690.0,Put,276.1,281.3,256.4,2.0,0.0,0.0375047744196233,2677.2900390625,0.2309495479878582,0.0
^RUT,2026-09-30,2700.0,Call,108.1,112.6,124.89,10.0,0.0,0.0375047744196233,2677.2900390625,0.2309495479878582,0.0
^RUT,2026-09-30,2700.0,Put,282.0,287.3,194.01,2.0,0.0,0.0375047744196233,2677.2900390625,0.2309495479878582,0.0
^RUT,2026-09-30,2710.0,Call,104.3,108.8,154.96,2.0,0.0,0.0375047744196233,2677.2900390625,0.2309495479878582,0.0
^RUT,2026-09-30,2720.0,Call,100.6,105.0,105.7,6.0,0.0,0.0375047744196233,2677.2900390625,0.2309495479878582,0.0
^RUT,2026-09-30,2720.0,Put,294.0,299.5,200.66,,0.0,0.0375047744196233,2677.2900390625,0.2309495479878582,0.0
^RUT,2026-09-30,2730.0,Call,134.5,138.6,123.54,,1.0,0.0375047744196233,2677.2900390625,0.2309495479878582,0.0
^RUT,2026-09-30,2740.0,Call,93.5,97.9,173.58,1.0,0.0,0.0375047744196233,2677.2900390625,0.2309495479878582,0.0
^RUT,2026-09-30,2750.0,Call,90.1,94.4,94.51,1.0,0.0,0.0375047744196233,2677.2900390625,0.2309495479878582,0.0
^RUT,2026-09-30,2760.0,Call,86.8,91.1,90.24,30.0,0.0,0.0375047744196233,2677.2900390625,0.2309495479878582,0.0
^RUT,2026-09-30,2760.0,Put,319.1,324.9,295.25,40.0,0.0,0.0375047744196233,2677.2900390625,0.2309495479878582,0.0
^RUT,2026-09-30,2780.0,Call,96.4,101.6,125.24,24.0,12.0,0.0375047744196233,2677.2900390625,0.2309495479878582,0.0
^RUT,2026-09-30,2780.0,Put,216.2,220.4,251.86,2.0,2.0,0.0375047744196233,2677.2900390625,0.2309495479878582,0.0
^RUT,2026-09-30,2800.0,Call,74.3,78.4,89.89,10.0,0.0,0.0375047744196233,2677.2900390625,0.2309495479878582,0.0
^RUT,2026-09-30,2810.0,Call,87.8,92.8,115.56,4.0,2.0,0.0375047744196233,2677.2900390625,0.2309495479878582,0.0
^RUT,2026-09-30,2820.0,Call,77.0,86.9,101.9,1.0,0.0,0.0375047744196233,2677.2900390625,0.2309495479878582,0.0
^RUT,2026-09-30,2830.0,Call,82.3,87.4,96.9,,1.0,0.0375047744196233,2677.2900390625,0.2309495479878582,0.0
^RUT,2026-09-30,2830.0,Put,269.1,274.9,340.76,,1.0,0.0375047744196233,2677.2900390625,0.2309495479878582,0.0
^RUT,2026-09-30,2840.0,Put,275.8,281.4,347.57,,1.0,0.0375047744196233,2677.2900390625,0.2309495479878582,0.0
^RUT,2026-09-30,2850.0,Call,60.5,64.5,136.5,2.0,0.0,0.0375047744196233,2677.2900390625,0.2309495479878582,0.0
^RUT,2026-09-30,2850.0,Put,253.6,258.8,274.65,,1.0,0.0375047744196233,2677.2900390625,0.2309495479878582,0.0
^RUT,2026-09-30,2860.0,Call,101.1,105.7,78.52,,3.0,0.0375047744196233,2677.2900390625,0.2309495479878582,0.0
^RUT,2026-09-30,2880.0,Call,53.1,57.1,75.15,,0.0,0.0375047744196233,2677.2900390625,0.2309495479878582,0.0
^RUT,2026-09-30,2900.0,Call,48.6,52.5,54.46,2.0,0.0,0.0375047744196233,2677.2900390625,0.2309495479878582,0.0
^RUT,2026-09-30,2950.0,Call,87.7,91.4,77.9,4.0,3.0,0.0375047744196233,2677.2900390625,0.2309495479878582,0.0
^RUT,2026-09-30,3000.0,Call,47.4,51.4,67.32,18.0,9.0,0.0375047744196233,2677.2900390625,0.2309495479878582,0.0
^RUT,2026-09-30,3150.0,Call,14.4,17.4,29.9,2.0,0.0,0.0375047744196233,2677.2900390625,0.2309495479878582,0.0
^RUT,2026-09-30,3200.0,Call,11.0,14.0,30.44,20.0,0.0,0.0375047744196233,2677.2900390625,0.2309495479878582,0.0
^RUT,2026-09-30,3250.0,Call,8.4,11.2,24.84,20.0,0.0,0.0375047744196233,2677.2900390625,0.2309495479878582,0.0
^RUT,2026-09-30,3300.0,Call,6.4,9.1,9.24,1.0,0.0,0.0375047744196233,2677.2900390625,0.2309495479878582,0.0
^RUT,2026-09-30,3350.0,Call,18.6,21.5,20.0,1.0,1.0,0.0375047744196233,2677.2900390625,0.2309495479878582,0.0
^RUT,2026-09-30,3400.0,Call,3.8,5.9,5.64,2.0,0.0,0.0375047744196233,2677.2900390625,0.2309495479878582,0.0
^RUT,2026-09-30,3450.0,Call,2.9,4.8,9.55,1.0,0.0,0.0375047744196233,2677.2900390625,0.2309495479878582,0.0
^RUT,2026-09-30,3500.0,Call,2.25,4.0,3.91,3.0,0.0,0.0375047744196233,2677.2900390625,0.2309495479878582,0.0
^RUT,2026-09-30,3550.0,Call,1.7,3.3,5.24,10.0,0.0,0.0375047744196233,2677.2900390625,0.2309495479878582,0.0
^RUT,2026-09-30,3600.0,Call,1.25,2.8,2.1,1.0,0.0,0.0375047744196233,2677.2900390625,0.2309495479878582,0.0
^RUT,2026-12-18,950.0,Call,1534.6,1558.6,1586.51,20.0,0.0,0.037591283399036356,2677.2900390625,0.2309495479878582,0.0
^RUT,2026-12-18,950.0,Put,3.0,6.2,4.47,2.0,0.0,0.037591283399036356,2677.2900390625,0.2309495479878582,0.0
^RUT,2026-12-18,1000.0,Call,1486.8,1510.8,1540.09,20.0,0.0,0.037591283399036356,2677.2900390625,0.2309495479878582,0.0
^RUT,2026-12-18,1000.0,Put,3.8,7.0,5.4,2.0,0.0,0.037591283399036356,2677.2900390625,0.2309495479878582,0.0
^RUT,2026-12-18,1050.0,Call,1439.1,1463.1,1490.81,20.0,0.0,0.037591283399036356,2677.2900390625,0.2309495479878582,0.0
^RUT,2026-12-18,1050.0,Put,5.6,7.9,5.53,1.0,113.0,0.037591283399036356,2677.2900390625,0.2309495479878582,0.0
^RUT,2026-12-18,1100.0,Call,0.0,0.0,1040.0,,0.0,0.037591283399036356,2677.2900390625,0.2309495479878582,0.0
^RUT,2026-12-18,1100.0,Put,5.5,8.9,7.31,4.0,0.0,0.037591283399036356,2677.2900390625,0.2309495479878582,0.0
^RUT,2026-12-18,1150.0,Call,1477.0,1501.0,1377.66,20.0,30.0,0.037591283399036356,2677.2900390625,0.2309495479878582,0.0
^RUT,2026-12-18,1150.0,Put,6.5,10.0,7.81,1.0,0.0,0.037591283399036356,2677.2900390625,0.2309495479878582,0.0
^RUT,2026-12-18,1200.0,Put,7.6,11.2,8.28,6.0,0.0,0.037591283399036356,2677.2900390625,0.2309495479878582,0.0
^RUT,2026-12-18,1250.0,Call,1235.0,1259.0,1040.0,6.0,1.0,0.037591283399036356,2677.2900390625,0.2309495479878582,0.0
^RUT,2026-12-18,1250.0,Put,8.7,12.6,10.2,2.0,0.0,0.037591283399036356,2677.2900390625,0.2309495479878582,0.0
^RUT,2026-12-18,1300.0,Put,10.0,14.1,11.81,1.0,0.0,0.037591283399036356,2677.2900390625,0.2309495479878582,0.0
^RUT,2026-12-18,1350.0,Put,11.4,15.9,13.64,26.0,0.0,0.037591283399036356,2677.2900390625,0.2309495479878582,0.0
^RUT,2026-12-18,1400.0,Call,699.0,723.0,786.65,1.0,0.0,0.037591283399036356,2677.2900390625,0.2309495479878582,0.0
^RUT,2026-12-18,1400.0,Put,13.1,17.7,15.77,12.0,0.0,0.037591283399036356,2677.2900390625,0.2309495479878582,0.0
^RUT,2026-12-18,1450.0,Call,0.0,0.0,904.5,1.0,1.0,0.037591283399036356,2677.2900390625,0.2309495479878582,0.0
^RUT,2026-12-18,1450.0,Put,14.9,19.9,18.69,4.0,0.0,0.037591283399036356,2677.2900390625,0.2309495479878582,0.0
^RUT,2026-12-18,1500.0,Call,1145.2,1167.9,1081.21,1.0,150.0,0.037591283399036356,2677.2900390625,0.2309495479878582,0.0
^RUT,2026-12-18,1500.0,Put,16.9,22.4,17.26,58.0,0.0,0.037591283399036356,2677.2900390625,0.2309495479878582,0.0
^RUT,2026-12-18,1550.0,Call,983.0,1003.2,978.6,1.0,201.0,0.037591283399036356,2677.2900390625,0.2309495479878582,0.0
^RUT,2026-12-18,1550.0,Put,19.3,25.1,19.17,186.0,0.0,0.037591283399036356,2677.2900390625,0.2309495479878582,0.0
^RUT,2026-12-18,1600.0,Call,663.0,687.0,588.25,1.0,152.0,0.037591283399036356,2677.2900390625,0.2309495479878582,0.0
^RUT,2026-12-18,1600.0,Put,22.1,28.0,24.52,42.0,0.0,0.037591283399036356,2677.2900390625,0.2309495479878582,0.0
^RUT,2026-12-18,1650.0,Call,0.0,0.0,747.7,3.0,3.0,0.037591283399036356,2677.2900390625,0.2309495479878582,0.0
^RUT,2026-12-18,1650.0,Put,25.3,31.4,26.28,16.0,0.0,0.037591283399036356,2677.2900390625,0.2309495479878582,0.0
^RUT,2026-12-18,1700.0,Call,807.0,831.0,582.0,3.0,0.0,0.037591283399036356,2677.2900390625,0.2309495479878582,0.0
^RUT,2026-12-18,1700.0,Put,28.9,35.2,27.5,1.0,0.0,0.037591283399036356,2677.2900390625,0.2309495479878582,0.0
^RUT,2026-12-18,1750.0,Call,630.0,654.0,593.0,,100.0,0.037591283399036356,2677.2900390625,0.2309495479878582,0.0
^RUT,2026-12-18,1750.0,Put,33.0,39.6,31.74,2.0,0.0,0.037591283399036356,2677.2900390625,0.2309495479878582,0.0
^RUT,2026-12-18,1800.0,Call,466.9,477.6,286.0,,15.0,0.037591283399036356,2677.2900390625,0.2309495479878582,0.0
^RUT,2026-12-18,1800.0,Put,37.7,44.4,41.03,600.0,0.0,0.037591283399036356,2677.2900390625,0.2309495479878582,0.0
^RUT,2026-12-18,1850.0,Call,679.0,703.0,467.51,2.0,35.0,0.037591283399036356,2677.2900390625,0.2309495479878582,0.0
^RUT,2026-12-18,1850.0,Put,43.0,49.9,45.6,1.0,0.0,0.037591283399036356,2677.2900390625,0.2309495479878582,0.0
^RUT,2026-12-18,1900.0,Call,660.7,684.7,693.0,6.0,0.0,0.037591283399036356,2677.2900390625,0.2309495479878582,0.0
^RUT,2026-12-18,1900.0,Put,48.9,56.2,59.8,3.0,0.0,0.037591283399036356,2677.2900390625,0.2309495479878582,0.0
^RUT,2026-12-18,1950.0,Call,310.5,326.2,209.8,8.0,14.0,0.037591283399036356,2677.2900390625,0.2309495479878582,0.0
^RUT,2026-12-18,1950.0,Put,54.4,64.4,58.38,1.0,0.0,0.037591283399036356,2677.2900390625,0.2309495479878582,0.0
^RUT,2026-12-18,2000.0,Call,578.2,602.2,759.5,10.0,0.0,0.037591283399036356,2677.2900390625,0.2309495479878582,0.0
^RUT,2026-12-18,2000.0,Put,62.1,72.1,59.87,1.0,0.0,0.037591283399036356,2677.2900390625,0.2309495479878582,0.0
^RUT,2026-12-18,2050.0,Call,555.0,572.0,472.5,3.0,835.0,0.037591283399036356,2677.2900390625,0.2309495479878582,0.0
^RUT,2026-12-18,2050.0,Put,70.7,80.7,67.67,1.0,0.0,0.037591283399036356,2677.2900390625,0.2309495479878582,0.0
^RUT,2026-12-18,2100.0,Call,575.6,586.9,508.0,3.0,2110.0,0.037591283399036356,2677.2900390625,0.2309495479878582,0.0
^RUT,2026-12-18,2100.0,Put,80.3,90.3,80.55,1070.0,0.0,0.037591283399036356,2677.2900390625,0.2309495479878582,0.0
^RUT,2026-12-18,2150.0,Call,535.0,546.3,469.8,3.0,9.0,0.037591283399036356,2677.2900390625,0.2309495479878582,0.0
^RUT,2026-12-18,2150.0,Put,91.1,101.1,89.26,5.0,0.0,0.037591283399036356,2677.2900390625,0.2309495479878582,0.0
^RUT,2026-12-18,2200.0,Call,431.1,442.4,468.6,1.0,0.0,0.037591283399036356,2677.2900390625,0.2309495479878582,0.0
^RUT,2026-12-18,2200.0,Put,103.6,111.9,108.1,14.0,0.0,0.037591283399036356,2677.2900390625,0.2309495479878582,0.0
^RUT,2026-12-18,2250.0,Call,395.6,406.9,458.64,9.0,0.0,0.037591283399036356,2677.2900390625,0.2309495479878582,0.0
^RUT,2026-12-18,2250.0,Put,116.4,125.1,113.13,50.0,0.0,0.037591283399036356,2677.2900390625,0.2309495479878582,0.0
^RUT,2026-12-18,2300.0,Call,361.4,372.7,493.73,2.0,0.0,0.037591283399036356,2677.2900390625,0.2309495479878582,0.0
^RUT,2026-12-18,2300.0,Put,130.7,139.5,124.07,3.0,0.0,0.037591283399036356,2677.2900390625,0.2309495479878582,0.0
^RUT,2026-12-18,2350.0,Call,319.5,327.3,425.37,20.0,248.0,0.037591283399036356,2677.2900390625,0.2309495479878582,0.0
^RUT,2026-12-18,2350.0,Put,146.2,155.3,146.57,25.0,0.0,0.037591283399036356,2677.2900390625,0.2309495479878582,0.0
^RUT,2026-12-18,2400.0,Call,297.4,308.2,420.82,2.0,0.0,0.037591283399036356,2677.2900390625,0.2309495479878582,0.0
^RUT,2026-12-18,2400.0,Put,163.2,172.5,160.31,21.0,0.0,0.037591283399036356,2677.2900390625,0.2309495479878582,0.0
^RUT,2026-12-18,2450.0,Call,268.0,278.2,300.29,4.0,0.0,0.037591283399036356,2677.2900390625,0.2309495479878582,0.0
^RUT,2026-12-18,2450.0,Put,181.7,191.4,166.25,2.0,0.0,0.037591283399036356,2677.2900390625,0.2309495479878582,0.0
^RUT,2026-12-18,2500.0,Call,239.6,249.9,254.0,3.0,0.0,0.037591283399036356,2677.2900390625,0.2309495479878582,0.0
^RUT,2026-12-18,2500.0,Put,201.9,211.8,195.18,4.0,0.0,0.037591283399036356,2677.2900390625,0.2309495479878582,0.0
^RUT,2026-12-18,2550.0,Call,213.1,223.3,219.73,1.0,0.0,0.037591283399036356,2677.2900390625,0.2309495479878582,0.0
^RUT,2026-12-18,2550.0,Put,223.8,233.8,217.16,1.0,0.0,0.037591283399036356,2677.2900390625,0.2309495479878582,0.0
^RUT,2026-12-18,2600.0,Call,188.4,198.5,201.14,284.0,0.0,0.037591283399036356,2677.2900390625,0.2309495479878582,0.0
^RUT,2026-12-18,2600.0,Put,247.6,257.6,250.94,232.0,0.0,0.037591283399036356,2677.2900390625,0.2309495479878582,0.0
^RUT,2026-12-18,2650.0,Call,165.5,175.5,190.81,368.0,0.0,0.037591283399036356,2677.2900390625,0.2309495479878582,0.0
^RUT,2026-12-18,2650.0,Put,273.1,283.2,273.61,4.0,0.0,0.037591283399036356,2677.2900390625,0.2309495479878582,0.0
^RUT,2026-12-18,2700.0,Call,144.4,154.3,167.91,4.0,0.0,0.037591283399036356,2677.2900390625,0.2309495479878582,0.0
^RUT,2026-12-18,2700.0,Put,300.4,310.6,276.61,4.0,0.0,0.037591283399036356,2677.2900390625,0.2309495479878582,0.0
^RUT,2026-12-18,2750.0,Call,125.2,134.8,132.96,1.0,0.0,0.037591283399036356,2677.2900390625,0.2309495479878582,0.0
^RUT,2026-12-18,2750.0,Put,329.4,339.9,307.15,24.0,0.0,0.037591283399036356,2677.2900390625,0.2309495479878582,0.0
^RUT,2026-12-18,2800.0,Call,107.6,117.2,107.77,2.0,0.0,0.037591283399036356,2677.2900390625,0.2309495479878582,0.0
^RUT,2026-12-18,2800.0,Put,360.2,370.9,357.2,4.0,0.0,0.037591283399036356,2677.2900390625,0.2309495479878582,0.0
^RUT,2026-12-18,2850.0,Call,91.6,101.6,91.78,1.0,0.0,0.037591283399036356,2677.2900390625,0.2309495479878582,0.0
^RUT,2026-12-18,2850.0,Put,392.7,403.7,289.1,6.0,0.0,0.037591283399036356,2677.2900390625,0.2309495479878582,0.0
^RUT,2026-12-18,2900.0,Call,77.2,87.2,82.31,1.0,0.0,0.037591283399036356,2677.2900390625,0.2309495479878582,0.0
^RUT,2026-12-18,2900.0,Put,426.8,437.8,416.63,2.0,0.0,0.037591283399036356,2677.2900390625,0.2309495479878582,0.0
^RUT,2026-12-18,2950.0,Call,64.6,74.6,71.39,38.0,0.0,0.037591283399036356,2677.2900390625,0.2309495479878582,0.0
^RUT,2026-12-18,2950.0,Put,462.7,474.0,465.63,1.0,0.0,0.037591283399036356,2677.2900390625,0.2309495479878582,0.0
^RUT,2026-12-18,3000.0,Call,53.5,63.5,70.55,50.0,0.0,0.037591283399036356,2677.2900390625,0.2309495479878582,0.0
^RUT,2026-12-18,3000.0,Put,500.2,511.5,491.5,2.0,0.0,0.037591283399036356,2677.2900390625,0.2309495479878582,0.0
^RUT,2026-12-18,3050.0,Call,43.9,53.9,54.83,42.0,0.0,0.037591283399036356,2677.2900390625,0.2309495479878582,0.0
^RUT,2026-12-18,3050.0,Put,532.7,556.7,540.97,1.0,0.0,0.037591283399036356,2677.2900390625,0.2309495479878582,0.0
^RUT,2026-12-18,3100.0,Call,35.6,45.6,44.38,13.0,0.0,0.037591283399036356,2677.2900390625,0.2309495479878582,0.0
^RUT,2026-12-18,3100.0,Put,923.0,947.0,1156.0,,1.0,0.037591283399036356,2677.2900390625,0.2309495479878582,0.0
^RUT,2026-12-18,3150.0,Call,28.6,38.6,36.81,60.0,0.0,0.037591283399036356,2677.2900390625,0.2309495479878582,0.0
^RUT,2026-12-18,3150.0,Put,566.8,589.0,462.76,1.0,25.0,0.037591283399036356,2677.2900390625,0.2309495479878582,0.0
^RUT,2026-12-18,3200.0,Call,15.2,34.2,33.52,2.0,0.0,0.037591283399036356,2677.2900390625,0.2309495479878582,0.0
^RUT,2026-12-18,3250.0,Call,19.4,26.4,24.69,62.0,0.0,0.037591283399036356,2677.2900390625,0.2309495479878582,0.0
^RUT,2026-12-18,3250.0,Put,749.0,766.7,723.44,5.0,25.0,0.037591283399036356,2677.2900390625,0.2309495479878582,0.0
^RUT,2026-12-18,3300.0,Call,15.5,22.2,22.8,5.0,0.0,0.037591283399036356,2677.2900390625,0.2309495479878582,0.0
^RUT,2026-12-18,3300.0,Put,1105.0,1129.0,1340.1,,1.0,0.037591283399036356,2677.2900390625,0.2309495479878582,0.0
^RUT,2026-12-18,3350.0,Call,12.3,18.7,17.73,225.0,0.0,0.037591283399036356,2677.2900390625,0.2309495479878582,0.0
^RUT,2026-12-18,3350.0,Put,739.0,758.6,623.11,2.0,4.0,0.037591283399036356,2677.2900390625,0.2309495479878582,0.0
^RUT,2026-12-18,3400.0,Call,9.7,15.9,15.35,4.0,0.0,0.037591283399036356,2677.2900390625,0.2309495479878582,0.0
^RUT,2026-12-18,3400.0,Put,784.0,803.8,665.76,2.0,4.0,0.037591283399036356,2677.2900390625,0.2309495479878582,0.0
^RUT,2026-12-18,3450.0,Call,7.7,13.6,12.71,4.0,0.0,0.037591283399036356,2677.2900390625,0.2309495479878582,0.0
^RUT,2026-12-18,3500.0,Call,6.0,11.7,11.14,8.0,0.0,0.037591283399036356,2677.2900390625,0.2309495479878582,0.0
^RUT,2026-12-18,3500.0,Put,940.0,964.0,1002.12,10.0,21.0,0.037591283399036356,2677.2900390625,0.2309495479878582,0.0
^RUT,2026-12-18,3550.0,Call,4.9,10.0,8.36,4.0,0.0,0.037591283399036356,2677.2900390625,0.2309495479878582,0.0
^RUT,2026-12-18,3550.0,Put,976.3,1000.3,960.17,3.0,0.0,0.037591283399036356,2677.2900390625,0.2309495479878582,0.0
^RUT,2026-12-18,3600.0,Call,3.9,8.7,7.56,6.0,0.0,0.037591283399036356,2677.2900390625,0.2309495479878582,0.0
^RUT,2026-12-18,3600.0,Put,1023.7,1047.7,1007.41,3.0,0.0,0.037591283399036356,2677.2900390625,0.2309495479878582,0.0
^RUT,2026-12-31,1250.0,Put,8.8,13.8,10.4,4.0,0.0,0.03760551905387648,2677.2900390625,0.2309495479878582,0.0
^RUT,2026-12-31,1300.0,Put,0.0,0.0,8.95,1.0,1.0,0.03760551905387648,2677.2900390625,0.2309495479878582,0.0
^RUT,2026-12-31,1350.0,Call,1335.0,1359.0,1274.22,,1.0,0.03760551905387648,2677.2900390625,0.2309495479878582,0.0
^RUT,2026-12-31,1350.0,Put,8.4,12.2,11.89,,1.0,0.03760551905387648,2677.2900390625,0.2309495479878582,0.0
^RUT,2026-12-31,1400.0,Put,13.2,19.2,17.17,4.0,0.0,0.03760551905387648,2677.2900390625,0.2309495479878582,0.0
^RUT,2026-12-31,1450.0,Call,1240.0,1264.0,1178.64,1.0,3.0,0.03760551905387648,2677.2900390625,0.2309495479878582,0.0
^RUT,2026-12-31,1450.0,Put,15.0,21.5,18.87,4.0,0.0,0.03760551905387648,2677.2900390625,0.2309495479878582,0.0
^RUT,2026-12-31,1500.0,Put,17.1,24.1,18.99,2.0,0.0,0.03760551905387648,2677.2900390625,0.2309495479878582,0.0
^RUT,2026-12-31,1600.0,Put,22.5,29.8,26.99,2.0,0.0,0.03760551905387648,2677.2900390625,0.2309495479878582,0.0
^RUT,2026-12-31,1650.0,Put,25.6,33.3,29.57,2.0,0.0,0.03760551905387648,2677.2900390625,0.2309495479878582,0.0
^RUT,2026-12-31,1700.0,Put,29.3,37.3,32.96,2.0,0.0,0.03760551905387648,2677.2900390625,0.2309495479878582,0.0
^RUT,2026-12-31,1800.0,Put,38.2,46.7,28.2,,0.0,0.03760551905387648,2677.2900390625,0.2309495479878582,0.0
^RUT,2026-12-31,1900.0,Put,43.0,53.0,33.45,1.0,0.0,0.03760551905387648,2677.2900390625,0.2309495479878582,0.0
^RUT,2026-12-31,1950.0,Put,56.2,65.7,35.92,,0.0,0.03760551905387648,2677.2900390625,0.2309495479878582,0.0
^RUT,2026-12-31,2000.0,Call,0.0,0.0,763.67,,0.0,0.03760551905387648,2677.2900390625,0.2309495479878582,0.0
^RUT,2026-12-31,2000.0,Put,63.9,73.6,70.18,15.0,0.0,0.03760551905387648,2677.2900390625,0.2309495479878582,0.0
^RUT,2026-12-31,2010.0,Put,65.5,75.3,41.2,,0.0,0.03760551905387648,2677.2900390625,0.2309495479878582,0.0
^RUT,2026-12-31,2040.0,Put,61.0,71.0,47.5,,0.0,0.03760551905387648,2677.2900390625,0.2309495479878582,0.0
^RUT,2026-12-31,2060.0,Put,46.0,52.9,55.7,,3.0,0.03760551905387648,2677.2900390625,0.2309495479878582,0.0
^RUT,2026-12-31,2100.0,Put,82.0,92.3,51.03,1.0,0.0,0.03760551905387648,2677.2900390625,0.2309495479878582,0.0
^RUT,2026-12-31,2110.0,Put,84.0,94.3,57.9,,0.0,0.03760551905387648,2677.2900390625,0.2309495479878582,0.0
^RUT,2026-12-31,2130.0,Put,76.0,86.0,59.35,,1.0,0.03760551905387648,2677.2900390625,0.2309495479878582,0.0
^RUT,2026-12-31,2140.0,Put,77.0,87.0,60.27,,1.0,0.03760551905387648,2677.2900390625,0.2309495479878582,0.0
^RUT,2026-12-31,2150.0,Put,92.6,103.1,86.64,8.0,0.0,0.03760551905387648,2677.2900390625,0.2309495479878582,0.0
^RUT,2026-12-31,2190.0,Put,87.0,96.9,69.6,,6.0,0.03760551905387648,2677.2900390625,0.2309495479878582,0.0
^RUT,2026-12-31,2200.0,Put,104.4,115.1,117.68,,0.0,0.03760551905387648,2677.2900390625,0.2309495479878582,0.0
^RUT,2026-12-31,2210.0,Put,61.9,149.9,81.77,2.0,4.0,0.03760551905387648,2677.2900390625,0.2309495479878582,0.0
^RUT,2026-12-31,2220.0,Put,109.4,120.2,111.39,,0.0,0.03760551905387648,2677.2900390625,0.2309495479878582,0.0
^RUT,2026-12-31,2240.0,Put,114.7,125.6,70.8,,0.0,0.03760551905387648,2677.2900390625,0.2309495479878582,0.0
^RUT,2026-12-31,2250.0,Call,399.0,412.6,429.6,2.0,0.0,0.03760551905387648,2677.2900390625,0.2309495479878582,0.0
^RUT,2026-12-31,2250.0,Put,117.3,128.3,123.1,2.0,0.0,0.03760551905387648,2677.2900390625,0.2309495479878582,0.0
^RUT,2026-12-31,2260.0,Put,120.1,131.1,131.43,,0.0,0.03760551905387648,2677.2900390625,0.2309495479878582,0.0
^RUT,2026-12-31,2280.0,Call,378.0,392.0,524.17,,0.0,0.03760551905387648,2677.2900390625,0.2309495479878582,0.0
^RUT,2026-12-31,2280.0,Put,104.0,120.0,81.7,,5.0,0.03760551905387648,2677.2900390625,0.2309495479878582,0.0
^RUT,2026-12-31,2300.0,Call,364.5,378.6,393.87,20.0,0.0,0.03760551905387648,2677.2900390625,0.2309495479878582,0.0
^RUT,2026-12-31,2300.0,Put,131.6,142.8,137.5,2.0,0.0,0.03760551905387648,2677.2900390625,0.2309495479878582,0.0
^RUT,2026-12-31,2350.0,Put,147.1,158.7,146.9,2.0,0.0,0.03760551905387648,2677.2900390625,0.2309495479878582,0.0
^RUT,2026-12-31,2370.0,Put,153.8,165.4,142.63,52.0,0.0,0.03760551905387648,2677.2900390625,0.2309495479878582,0.0
^RUT,2026-12-31,2380.0,Put,99.1,107.5,111.83,,1.0,0.03760551905387648,2677.2900390625,0.2309495479878582,0.0
^RUT,2026-12-31,2390.0,Put,160.6,172.5,185.0,2.0,0.0,0.03760551905387648,2677.2900390625,0.2309495479878582,0.0
^RUT,2026-12-31,2400.0,Call,301.1,314.3,319.69,2.0,0.0,0.03760551905387648,2677.2900390625,0.2309495479878582,0.0
^RUT,2026-12-31,2400.0,Put,164.2,176.0,176.98,1.0,0.0,0.03760551905387648,2677.2900390625,0.2309495479878582,0.0
^RUT,2026-12-31,2410.0,Call,411.0,435.0,375.83,,1.0,0.03760551905387648,2677.2900390625,0.2309495479878582,0.0
^RUT,2026-12-31,2410.0,Put,106.3,114.8,114.05,,0.0,0.03760551905387648,2677.2900390625,0.2309495479878582,0.0
^RUT,2026-12-31,2420.0,Put,144.0,160.0,119.2,14.0,12.0,0.03760551905387648,2677.2900390625,0.2309495479878582,0.0
^RUT,2026-12-31,2430.0,Put,175.1,187.1,170.4,2.0,0.0,0.03760551905387648,2677.2900390625,0.2309495479878582,0.0
^RUT,2026-12-31,2440.0,Call,277.0,290.3,393.89,2.0,0.0,0.03760551905387648,2677.2900390625,0.2309495479878582,0.0
^RUT,2026-12-31,2440.0,Put,151.0,167.0,118.13,,0.0,0.03760551905387648,2677.2900390625,0.2309495479878582,0.0
^RUT,2026-12-31,2450.0,Call,271.2,284.5,297.09,1.0,0.0,0.03760551905387648,2677.2900390625,0.2309495479878582,0.0
^RUT,2026-12-31,2450.0,Put,182.7,194.9,116.43,2.0,0.0,0.03760551905387648,2677.2900390625,0.2309495479878582,0.0
^RUT,2026-12-31,2460.0,Call,265.5,278.7,375.89,,0.0,0.03760551905387648,2677.2900390625,0.2309495479878582,0.0
^RUT,2026-12-31,2460.0,Put,158.0,174.0,117.93,,0.0,0.03760551905387648,2677.2900390625,0.2309495479878582,0.0
^RUT,2026-12-31,2470.0,Put,190.5,202.8,178.86,16.0,0.0,0.03760551905387648,2677.2900390625,0.2309495479878582,0.0
^RUT,2026-12-31,2480.0,Call,254.2,267.3,245.89,2.0,0.0,0.03760551905387648,2677.2900390625,0.2309495479878582,0.0
^RUT,2026-12-31,2480.0,Put,194.5,206.9,138.1,7.0,0.0,0.03760551905387648,2677.2900390625,0.2309495479878582,0.0
^RUT,2026-12-31,2490.0,Put,198.6,211.1,186.92,1.0,0.0,0.03760551905387648,2677.2900390625,0.2309495479878582,0.0
^RUT,2026-12-31,2500.0,Call,243.2,256.3,246.18,25.0,0.0,0.03760551905387648,2677.2900390625,0.2309495479878582,0.0
^RUT,2026-12-31,2500.0,Put,202.8,215.3,207.8,1.0,0.0,0.03760551905387648,2677.2900390625,0.2309495479878582,0.0
^RUT,2026-12-31,2510.0,Call,237.7,250.8,238.66,2.0,0.0,0.03760551905387648,2677.2900390625,0.2309495479878582,0.0
^RUT,2026-12-31,2510.0,Put,207.0,219.6,146.8,,0.0,0.03760551905387648,2677.2900390625,0.2309495479878582,0.0
^RUT,2026-12-31,2520.0,Call,232.4,245.4,362.3,6.0,0.0,0.03760551905387648,2677.2900390625,0.2309495479878582,0.0
^RUT,2026-12-31,2520.0,Put,211.3,223.9,198.5,1.0,0.0,0.03760551905387648,2677.2900390625,0.2309495479878582,0.0
^RUT,2026-12-31,2530.0,Call,227.1,240.1,356.55,,0.0,0.03760551905387648,2677.2900390625,0.2309495479878582,0.0
^RUT,2026-12-31,2530.0,Put,215.7,228.3,154.1,,0.0,0.03760551905387648,2677.2900390625,0.2309495479878582,0.0
^RUT,2026-12-31,2550.0,Call,216.7,229.7,312.59,2.0,0.0,0.03760551905387648,2677.2900390625,0.2309495479878582,0.0
^RUT,2026-12-31,2550.0,Put,224.7,237.3,172.98,2.0,0.0,0.03760551905387648,2677.2900390625,0.2309495479878582,0.0
^RUT,2026-12-31,2560.0,Call,211.9,224.6,333.51,,0.0,0.03760551905387648,2677.2900390625,0.2309495479878582,0.0
^RUT,2026-12-31,2570.0,Call,206.7,219.6,325.8,4.0,0.0,0.03760551905387648,2677.2900390625,0.2309495479878582,0.0
^RUT,2026-12-31,2580.0,Call,201.9,214.6,203.2,2.0,0.0,0.03760551905387648,2677.2900390625,0.2309495479878582,0.0
^RUT,2026-12-31,2590.0,Call,196.8,209.7,199.97,2.0,0.0,0.03760551905387648,2677.2900390625,0.2309495479878582,0.0
^RUT,2026-12-31,2600.0,Call,192.0,204.9,191.93,2.0,0.0,0.03760551905387648,2677.2900390625,0.2309495479878582,0.0
^RUT,2026-12-31,2600.0,Put,248.3,261.1,168.08,2.0,0.0,0.03760551905387648,2677.2900390625,0.2309495479878582,0.0
^RUT,2026-12-31,2610.0,Call,187.3,200.2,197.7,6.0,0.0,0.03760551905387648,2677.2900390625,0.2309495479878582,0.0
^RUT,2026-12-31,2610.0,Put,216.1,234.2,173.02,,1.0,0.03760551905387648,2677.2900390625,0.2309495479878582,0.0
^RUT,2026-12-31,2620.0,Call,182.7,195.5,198.6,6.0,0.0,0.03760551905387648,2677.2900390625,0.2309495479878582,0.0
^RUT,2026-12-31,2620.0,Put,221.1,239.1,175.17,,1.0,0.03760551905387648,2677.2900390625,0.2309495479878582,0.0
^RUT,2026-12-31,2630.0,Call,178.1,190.9,207.93,4.0,0.0,0.03760551905387648,2677.2900390625,0.2309495479878582,0.0
^RUT,2026-12-31,2630.0,Put,263.4,276.1,230.38,1.0,0.0,0.03760551905387648,2677.2900390625,0.2309495479878582,0.0
^RUT,2026-12-31,2640.0,Call,173.6,186.4,203.46,8.0,0.0,0.03760551905387648,2677.2900390625,0.2309495479878582,0.0
^RUT,2026-12-31,2640.0,Put,268.5,281.3,235.22,1.0,0.0,0.03760551905387648,2677.2900390625,0.2309495479878582,0.0
^RUT,2026-12-31,2650.0,Call,169.3,181.9,198.71,5.0,0.0,0.03760551905387648,2677.2900390625,0.2309495479878582,0.0
^RUT,2026-12-31,2650.0,Put,273.7,286.5,190.68,1.0,0.0,0.03760551905387648,2677.2900390625,0.2309495479878582,0.0
^RUT,2026-12-31,2660.0,Call,164.9,177.5,183.77,2.0,0.0,0.03760551905387648,2677.2900390625,0.2309495479878582,0.0
^RUT,2026-12-31,2670.0,Call,160.6,173.2,173.82,1.0,0.0,0.03760551905387648,2677.2900390625,0.2309495479878582,0.0
^RUT,2026-12-31,2670.0,Put,189.7,204.0,219.73,,1.0,0.03760551905387648,2677.2900390625,0.2309495479878582,0.0
^RUT,2026-12-31,2680.0,Call,156.2,168.9,188.28,3.0,0.0,0.03760551905387648,2677.2900390625,0.2309495479878582,0.0
^RUT,2026-12-31,2690.0,Call,152.2,164.7,181.46,6.0,0.0,0.03760551905387648,2677.2900390625,0.2309495479878582,0.0
^RUT,2026-12-31,2700.0,Call,148.0,160.6,162.36,2.0,0.0,0.03760551905387648,2677.2900390625,0.2309495479878582,0.0
^RUT,2026-12-31,2700.0,Put,300.9,313.5,292.04,20.0,0.0,0.03760551905387648,2677.2900390625,0.2309495479878582,0.0
^RUT,2026-12-31,2710.0,Call,144.0,156.6,163.82,1.0,0.0,0.03760551905387648,2677.2900390625,0.2309495479878582,0.0
^RUT,2026-12-31,2710.0,Put,306.5,319.5,249.4,,0.0,0.03760551905387648,2677.2900390625,0.2309495479878582,0.0
^RUT,2026-12-31,2720.0,Call,140.0,152.6,140.45,2.0,0.0,0.03760551905387648,2677.2900390625,0.2309495479878582,0.0
^RUT,2026-12-31,2730.0,Call,136.2,148.7,190.3,2.0,0.0,0.03760551905387648,2677.2900390625,0.2309495479878582,0.0
^RUT,2026-12-31,2740.0,Call,132.4,144.8,183.48,2.0,0.0,0.03760551905387648,2677.2900390625,0.2309495479878582,0.0
^RUT,2026-12-31,2750.0,Call,128.6,141.0,129.98,25.0,0.0,0.03760551905387648,2677.2900390625,0.2309495479878582,0.0
^RUT,2026-12-31,2750.0,Put,329.8,342.9,315.77,2.0,0.0,0.03760551905387648,2677.2900390625,0.2309495479878582,0.0
^RUT,2026-12-31,2760.0,Call,125.0,137.3,175.92,1.0,0.0,0.03760551905387648,2677.2900390625,0.2309495479878582,0.0
^RUT,2026-12-31,2770.0,Call,121.4,133.7,184.41,2.0,0.0,0.03760551905387648,2677.2900390625,0.2309495479878582,0.0
^RUT,2026-12-31,2770.0,Put,341.8,355.0,280.4,,0.0,0.03760551905387648,2677.2900390625,0.2309495479878582,0.0
^RUT,2026-12-31,2780.0,Call,117.9,130.1,134.89,1.0,0.0,0.03760551905387648,2677.2900390625,0.2309495479878582,0.0
^RUT,2026-12-31,2790.0,Call,114.5,126.6,174.81,1.0,0.0,0.03760551905387648,2677.2900390625,0.2309495479878582,0.0
^RUT,2026-12-31,2790.0,Put,354.1,367.4,339.07,8.0,0.0,0.03760551905387648,2677.2900390625,0.2309495479878582,0.0
^RUT,2026-12-31,2800.0,Call,111.1,123.1,117.83,1.0,0.0,0.03760551905387648,2677.2900390625,0.2309495479878582,0.0
^RUT,2026-12-31,2800.0,Put,360.2,373.8,261.97,2.0,0.0,0.03760551905387648,2677.2900390625,0.2309495479878582,0.0
^RUT,2026-12-31,2810.0,Call,107.7,119.8,179.34,3.0,0.0,0.03760551905387648,2677.2900390625,0.2309495479878582,0.0
^RUT,2026-12-31,2810.0,Put,366.6,380.1,315.0,,0.0,0.03760551905387648,2677.2900390625,0.2309495479878582,0.0
^RUT,2026-12-31,2820.0,Call,104.5,116.5,177.9,2.0,0.0,0.03760551905387648,2677.2900390625,0.2309495479878582,0.0
^RUT,2026-12-31,2830.0,Call,113.0,129.0,184.53,2.0,1.0,0.03760551905387648,2677.2900390625,0.2309495479878582,0.0
^RUT,2026-12-31,2840.0,Call,109.0,125.0,185.15,2.0,0.0,0.03760551905387648,2677.2900390625,0.2309495479878582,0.0
^RUT,2026-12-31,2850.0,Call,95.2,106.9,126.04,7.0,0.0,0.03760551905387648,2677.2900390625,0.2309495479878582,0.0
^RUT,2026-12-31,2870.0,Call,154.4,168.0,143.1,,73.0,0.03760551905387648,2677.2900390625,0.2309495479878582,0.0
^RUT,2026-12-31,2900.0,Call,81.1,92.2,76.95,15.0,0.0,0.03760551905387648,2677.2900390625,0.2309495479878582,0.0
^RUT,2026-12-31,2900.0,Put,426.4,440.3,312.66,2.0,0.0,0.03760551905387648,2677.2900390625,0.2309495479878582,0.0
^RUT,2026-12-31,2930.0,Put,447.6,461.5,450.3,1.0,0.0,0.03760551905387648,2677.2900390625,0.2309495479878582,0.0
^RUT,2026-12-31,2940.0,Put,454.7,468.6,457.5,,0.0,0.03760551905387648,2677.2900390625,0.2309495479878582,0.0
^RUT,2026-12-31,2950.0,Call,68.2,79.2,69.3,1.0,0.0,0.03760551905387648,2677.2900390625,0.2309495479878582,0.0
^RUT,2026-12-31,2980.0,Call,61.4,72.1,63.91,2.0,0.0,0.03760551905387648,2677.2900390625,0.2309495479878582,0.0
^RUT,2026-12-31,2990.0,Call,59.1,69.9,56.2,1.0,0.0,0.03760551905387648,2677.2900390625,0.2309495479878582,0.0
^RUT,2026-12-31,3000.0,Call,56.9,67.7,72.0,2.0,0.0,0.03760551905387648,2677.2900390625,0.2309495479878582,0.0
^RUT,2026-12-31,3000.0,Put,499.0,512.9,378.65,6.0,0.0,0.03760551905387648,2677.2900390625,0.2309495479878582,0.0
^RUT,2026-12-31,3050.0,Call,47.2,57.7,89.88,2.0,0.0,0.03760551905387648,2677.2900390625,0.2309495479878582,0.0
^RUT,2026-12-31,3050.0,Put,537.5,551.4,541.3,1.0,0.0,0.03760551905387648,2677.2900390625,0.2309495479878582,0.0
^RUT,2026-12-31,3100.0,Call,38.6,48.9,38.03,1.0,0.0,0.03760551905387648,2677.2900390625,0.2309495479878582,0.0
^RUT,2026-12-31,3100.0,Put,0.0,0.0,591.23,4.0,0.0,0.03760551905387648,2677.2900390625,0.2309495479878582,0.0
^RUT,2026-12-31,3150.0,Call,31.5,41.5,66.65,1.0,0.0,0.03760551905387648,2677.2900390625,0.2309495479878582,0.0
^RUT,2026-12-31,3150.0,Put,0.0,0.0,644.25,2.0,0.0,0.03760551905387648,2677.2900390625,0.2309495479878582,0.0
^RUT,2026-12-31,3200.0,Call,25.5,35.0,29.17,4.0,0.0,0.03760551905387648,2677.2900390625,0.2309495479878582,0.0
^RUT,2026-12-31,3250.0,Call,0.0,0.0,51.0,2.0,2.0,0.03760551905387648,2677.2900390625,0.2309495479878582,0.0
^RUT,2026-12-31,3300.0,Call,16.4,25.0,24.26,20.0,0.0,0.03760551905387648,2677.2900390625,0.2309495479878582,0.0
^RUT,2026-12-31,3350.0,Call,13.0,21.3,20.21,20.0,0.0,0.03760551905387648,2677.2900390625,0.2309495479878582,0.0
^RUT,2026-12-31,3400.0,Call,10.2,18.1,26.39,1.0,0.0,0.03760551905387648,2677.2900390625,0.2309495479878582,0.0
^RUT,2026-12-31,3450.0,Call,8.1,15.5,10.26,1.0,0.0,0.03760551905387648,2677.2900390625,0.2309495479878582,0.0
^RUT,2026-12-31,3500.0,Call,6.2,13.5,12.46,1.0,0.0,0.03760551905387648,2677.2900390625,0.2309495479878582,0.0
^RUT,2026-12-31,3550.0,Call,4.9,11.6,9.5,1.0,0.0,0.03760551905387648,2677.2900390625,0.2309495479878582,0.0
^RUT,2026-12-31,3600.0,Call,3.8,10.1,11.19,4.0,0.0,0.03760551905387648,2677.2900390625,0.2309495479878582,0.0
^RUT,2026-12-31,3600.0,Put,844.0,868.0,920.87,,1.0,0.03760551905387648,2677.2900390625,0.2309495479878582,0.0
^RUT,2026-12-31,3650.0,Call,3.0,8.8,6.79,1.0,0.0,0.03760551905387648,2677.2900390625,0.2309495479878582,0.0
^RUT,2026-12-31,3700.0,Call,2.4,7.8,6.45,2.0,0.0,0.03760551905387648,2677.2900390625,0.2309495479878582,0.0
^RUT,2026-12-31,3700.0,Put,936.0,960.0,1015.54,1.0,3.0,0.03760551905387648,2677.2900390625,0.2309495479878582,0.0
^RUT,2027-03-19,1300.0,Put,0.0,0.0,18.38,2.0,0.0,0.03769093298291721,2677.2900390625,0.2309495479878582,0.0
^RUT,2027-03-19,1500.0,Put,14.7,32.1,24.11,4.0,0.0,0.03769093298291721,2677.2900390625,0.2309495479878582,0.0
^RUT,2027-03-19,1550.0,Put,17.3,35.7,40.06,5.0,0.0,0.03769093298291721,2677.2900390625,0.2309495479878582,0.0
^RUT,2027-03-19,1600.0,Put,20.2,39.6,31.13,2.0,0.0,0.03769093298291721,2677.2900390625,0.2309495479878582,0.0
^RUT,2027-03-19,1750.0,Put,31.6,54.3,43.08,2.0,0.0,0.03769093298291721,2677.2900390625,0.2309495479878582,0.0
^RUT,2027-03-19,1800.0,Put,36.5,60.3,47.0,1.0,0.0,0.03769093298291721,2677.2900390625,0.2309495479878582,0.0
^RUT,2027-03-19,1850.0,Put,42.0,66.9,60.0,1.0,0.0,0.03769093298291721,2677.2900390625,0.2309495479878582,0.0
^RUT,2027-03-19,2000.0,Put,63.3,91.2,84.0,1.0,0.0,0.03769093298291721,2677.2900390625,0.2309495479878582,0.0
^RUT,2027-03-19,2060.0,Put,74.0,102.9,92.0,,0.0,0.03769093298291721,2677.2900390625,0.2309495479878582,0.0
^RUT,2027-03-19,2090.0,Put,79.7,109.3,102.0,1.0,0.0,0.03769093298291721,2677.2900390625,0.2309495479878582,0.0
^RUT,2027-03-19,2140.0,Put,90.3,120.8,110.0,1.0,0.0,0.03769093298291721,2677.2900390625,0.2309495479878582,0.0
^RUT,2027-03-19,2400.0,Call,312.2,354.9,351.2,7.0,0.0,0.03769093298291721,2677.2900390625,0.2309495479878582,0.0
^RUT,2027-03-19,2500.0,Put,200.4,238.4,220.67,100.0,0.0,0.03769093298291721,2677.2900390625,0.2309495479878582,0.0
^RUT,2027-03-19,2550.0,Put,221.1,260.3,243.0,,0.0,0.03769093298291721,2677.2900390625,0.2309495479878582,0.0
^RUT,2027-03-19,2630.0,Call,191.5,230.9,203.1,,0.0,0.03769093298291721,2677.2900390625,0.2309495479878582,0.0
^RUT,2027-03-19,2660.0,Put,271.9,314.0,280.4,,0.0,0.03769093298291721,2677.2900390625,0.2309495479878582,0.0
^RUT,2027-03-19,2680.0,Put,282.0,324.5,290.7,,0.0,0.03769093298291721,2677.2900390625,0.2309495479878582,0.0
^RUT,2027-03-19,2750.0,Call,141.3,178.9,153.8,,0.0,0.03769093298291721,2677.2900390625,0.2309495479878582,0.0
^RUT,2027-03-19,3020.0,Call,61.0,93.4,92.58,4.0,0.0,0.03769093298291721,2677.2900390625,0.2309495479878582,0.0
^RUT,2027-03-19,3020.0,Put,0.0,0.0,523.6,,0.0,0.03769093298291721,2677.2900390625,0.2309495479878582,0.0
^RUT,2027-03-19,3050.0,Put,0.0,0.0,568.0,2.0,0.0,0.03769093298291721,2677.2900390625,0.2309495479878582,0.0
^RUT,2027-03-19,3100.0,Put,0.0,0.0,606.0,1.0,0.0,0.03769093298291721,2677.2900390625,0.2309495479878582,0.0
^RUT,2027-03-19,3150.0,Put,0.0,0.0,646.0,2.0,0.0,0.03769093298291721,2677.2900390625,0.2309495479878582,0.0
^RUT,2027-03-19,3200.0,Put,0.0,0.0,684.0,2.0,0.0,0.03769093298291721,2677.2900390625,0.2309495479878582,0.0
^RUT,2027-03-19,3250.0,Put,0.0,0.0,730.0,1.0,0.0,0.03769093298291721,2677.2900390625,0.2309495479878582,0.0
^RUT,2027-03-19,3300.0,Put,0.0,0.0,768.0,2.0,0.0,0.03769093298291721,2677.2900390625,0.2309495479878582,0.0
^RUT,2027-03-19,3350.0,Call,14.0,38.4,34.47,2.0,0.0,0.03769093298291721,2677.2900390625,0.2309495479878582,0.0
^RUT,2027-03-19,3500.0,Put,0.0,0.0,939.0,,0.0,0.03769093298291721,2677.2900390625,0.2309495479878582,0.0
^RUT,2027-03-19,3600.0,Put,0.0,0.0,1031.0,,0.0,0.03769093298291721,2677.2900390625,0.2309495479878582,0.0
^RUT,2027-03-19,3650.0,Call,0.0,17.8,13.0,1.0,0.0,0.03769093298291721,2677.2900390625,0.2309495479878582,0.0
^RUT,2027-03-19,3650.0,Put,0.0,0.0,1077.0,,0.0,0.03769093298291721,2677.2900390625,0.2309495479878582,0.0
^RUT,2027-06-17,1100.0,Put,1.6,19.2,12.04,2.0,0.0,0.03794609067017082,2677.2900390625,0.2309495479878582,0.0
^RUT,2027-06-17,1150.0,Put,0.0,0.0,14.32,2.0,0.0,0.03794609067017082,2677.2900390625,0.2309495479878582,0.0
^RUT,2027-06-17,1200.0,Put,0.0,0.0,15.74,2.0,0.0,0.03794609067017082,2677.2900390625,0.2309495479878582,0.0
^RUT,2027-06-17,1250.0,Put,0.0,0.0,18.07,30.0,0.0,0.03794609067017082,2677.2900390625,0.2309495479878582,0.0
^RUT,2027-06-17,1300.0,Put,0.0,0.0,19.5,2.0,0.0,0.03794609067017082,2677.2900390625,0.2309495479878582,0.0
^RUT,2027-06-17,1350.0,Put,10.3,30.1,22.35,50.0,0.0,0.03794609067017082,2677.2900390625,0.2309495479878582,0.0
^RUT,2027-06-17,1400.0,Put,12.4,33.2,24.0,8.0,0.0,0.03794609067017082,2677.2900390625,0.2309495479878582,0.0
^RUT,2027-06-17,1450.0,Put,14.8,36.6,28.61,144.0,0.0,0.03794609067017082,2677.2900390625,0.2309495479878582,0.0
^RUT,2027-06-17,1500.0,Call,1169.0,1193.0,1106.21,,1.0,0.03794609067017082,2677.2900390625,0.2309495479878582,0.0
^RUT,2027-06-17,1500.0,Put,17.4,40.4,30.71,30.0,0.0,0.03794609067017082,2677.2900390625,0.2309495479878582,0.0
^RUT,2027-06-17,1550.0,Call,0.0,0.0,1038.3,1.0,0.0,0.03794609067017082,2677.2900390625,0.2309495479878582,0.0
^RUT,2027-06-17,1550.0,Put,20.4,44.6,34.33,37.0,0.0,0.03794609067017082,2677.2900390625,0.2309495479878582,0.0
^RUT,2027-06-17,1600.0,Put,23.7,49.2,37.09,2.0,0.0,0.03794609067017082,2677.2900390625,0.2309495479878582,0.0
^RUT,2027-06-17,1650.0,Put,27.6,54.3,41.11,4.0,0.0,0.03794609067017082,2677.2900390625,0.2309495479878582,0.0
^RUT,2027-06-17,1700.0,Call,0.0,0.0,895.3,,0.0,0.03794609067017082,2677.2900390625,0.2309495479878582,0.0
^RUT,2027-06-17,1700.0,Put,31.9,60.0,48.12,218.0,0.0,0.03794609067017082,2677.2900390625,0.2309495479878582,0.0
^RUT,2027-06-17,1750.0,Put,36.7,66.1,53.68,77.0,0.0,0.03794609067017082,2677.2900390625,0.2309495479878582,0.0
^RUT,2027-06-17,1800.0,Put,42.3,72.9,59.59,56.0,0.0,0.03794609067017082,2677.2900390625,0.2309495479878582,0.0
^RUT,2027-06-17,1850.0,Put,76.0,86.0,70.9,1.0,1.0,0.03794609067017082,2677.2900390625,0.2309495479878582,0.0
^RUT,2027-06-17,1900.0,Put,55.3,88.3,69.82,2.0,0.0,0.03794609067017082,2677.2900390625,0.2309495479878582,0.0
^RUT,2027-06-17,2000.0,Put,71.4,106.7,85.92,1.0,0.0,0.03794609067017082,2677.2900390625,0.2309495479878582,0.0
^RUT,2027-06-17,2050.0,Call,0.0,0.0,704.74,2.0,0.0,0.03794609067017082,2677.2900390625,0.2309495479878582,0.0
^RUT,2027-06-17,2050.0,Put,80.7,117.1,98.9,23.0,0.0,0.03794609067017082,2677.2900390625,0.2309495479878582,0.0
^RUT,2027-06-17,2100.0,Put,90.9,128.4,105.53,4.0,0.0,0.03794609067017082,2677.2900390625,0.2309495479878582,0.0
^RUT,2027-06-17,2150.0,Put,102.0,140.7,121.5,13.0,0.0,0.03794609067017082,2677.2900390625,0.2309495479878582,0.0
^RUT,2027-06-17,2200.0,Call,0.0,0.0,638.46,4.0,0.0,0.03794609067017082,2677.2900390625,0.2309495479878582,0.0
^RUT,2027-06-17,2200.0,Put,114.2,153.9,140.81,124.0,0.0,0.03794609067017082,2677.2900390625,0.2309495479878582,0.0
^RUT,2027-06-17,2250.0,Call,518.4,536.4,476.0,3.0,2.0,0.03794609067017082,2677.2900390625,0.2309495479878582,0.0
^RUT,2027-06-17,2250.0,Put,127.3,168.3,144.5,46.0,0.0,0.03794609067017082,2677.2900390625,0.2309495479878582,0.0
^RUT,2027-06-17,2300.0,Call,396.0,420.0,302.8,4.0,4.0,0.03794609067017082,2677.2900390625,0.2309495479878582,0.0
^RUT,2027-06-17,2300.0,Put,141.5,183.7,156.01,3.0,0.0,0.03794609067017082,2677.2900390625,0.2309495479878582,0.0
^RUT,2027-06-17,2350.0,Call,419.0,443.0,527.65,2.0,1.0,0.03794609067017082,2677.2900390625,0.2309495479878582,0.0
^RUT,2027-06-17,2350.0,Put,156.9,200.4,225.2,2.0,0.0,0.03794609067017082,2677.2900390625,0.2309495479878582,0.0
^RUT,2027-06-17,2400.0,Call,336.3,392.9,390.44,2.0,0.0,0.03794609067017082,2677.2900390625,0.2309495479878582,0.0
^RUT,2027-06-17,2400.0,Put,188.2,233.2,194.0,2.0,0.0,0.03794609067017082,2677.2900390625,0.2309495479878582,0.0
^RUT,2027-06-17,2450.0,Call,357.0,381.0,435.87,,1.0,0.03794609067017082,2677.2900390625,0.2309495479878582,0.0
^RUT,2027-06-17,2450.0,Put,190.9,237.4,240.59,2.0,0.0,0.03794609067017082,2677.2900390625,0.2309495479878582,0.0
^RUT,2027-06-17,2500.0,Call,281.5,335.7,307.41,2.0,0.0,0.03794609067017082,2677.2900390625,0.2309495479878582,0.0
^RUT,2027-06-17,2500.0,Put,209.8,257.8,224.0,4.0,0.0,0.03794609067017082,2677.2900390625,0.2309495479878582,0.0
^RUT,2027-06-17,2550.0,Call,256.0,309.1,382.5,1.0,0.0,0.03794609067017082,2677.2900390625,0.2309495479878582,0.0
^RUT,2027-06-17,2550.0,Put,229.9,279.6,251.2,1.0,0.0,0.03794609067017082,2677.2900390625,0.2309495479878582,0.0
^RUT,2027-06-17,2600.0,Call,231.9,283.8,279.75,2.0,0.0,0.03794609067017082,2677.2900390625,0.2309495479878582,0.0
^RUT,2027-06-17,2600.0,Put,251.3,302.7,273.9,2.0,0.0,0.03794609067017082,2677.2900390625,0.2309495479878582,0.0
^RUT,2027-06-17,2650.0,Call,209.0,259.9,334.66,2.0,0.0,0.03794609067017082,2677.2900390625,0.2309495479878582,0.0
^RUT,2027-06-17,2650.0,Put,274.1,327.3,295.98,7.0,0.0,0.03794609067017082,2677.2900390625,0.2309495479878582,0.0
^RUT,2027-06-17,2700.0,Call,187.7,237.6,240.59,5.0,0.0,0.03794609067017082,2677.2900390625,0.2309495479878582,0.0
^RUT,2027-06-17,2700.0,Put,298.2,353.2,337.3,66.0,0.0,0.03794609067017082,2677.2900390625,0.2309495479878582,0.0
^RUT,2027-06-17,2750.0,Call,167.5,216.3,183.23,3.0,0.0,0.03794609067017082,2677.2900390625,0.2309495479878582,0.0
^RUT,2027-06-17,2750.0,Put,323.6,380.5,360.49,23.0,0.0,0.03794609067017082,2677.2900390625,0.2309495479878582,0.0
^RUT,2027-06-17,2800.0,Call,148.8,196.6,223.25,2.0,0.0,0.03794609067017082,2677.2900390625,0.2309495479878582,0.0
^RUT,2027-06-17,2800.0,Put,350.4,409.2,375.53,2.0,0.0,0.03794609067017082,2677.2900390625,0.2309495479878582,0.0
^RUT,2027-06-17,2850.0,Call,131.6,178.3,220.6,1.0,0.0,0.03794609067017082,2677.2900390625,0.2309495479878582,0.0
^RUT,2027-06-17,2850.0,Put,378.6,439.3,322.02,63.0,0.0,0.03794609067017082,2677.2900390625,0.2309495479878582,0.0
^RUT,2027-06-17,2900.0,Call,115.5,161.1,139.28,75.0,0.0,0.03794609067017082,2677.2900390625,0.2309495479878582,0.0
^RUT,2027-06-17,2900.0,Put,0.0,0.0,347.09,2.0,0.0,0.03794609067017082,2677.2900390625,0.2309495479878582,0.0
^RUT,2027-06-17,2950.0,Call,184.1,200.0,167.5,,14.0,0.03794609067017082,2677.2900390625,0.2309495479878582,0.0
^RUT,2027-06-17,2950.0,Put,0.0,0.0,375.2,,0.0,0.03794609067017082,2677.2900390625,0.2309495479878582,0.0
^RUT,2027-06-17,3000.0,Call,149.0,165.0,133.02,,14.0,0.03794609067017082,2677.2900390625,0.2309495479878582,0.0
^RUT,2027-06-17,3000.0,Put,0.0,0.0,432.78,2.0,0.0,0.03794609067017082,2677.2900390625,0.2309495479878582,0.0
^RUT,2027-06-17,3050.0,Call,75.4,117.5,104.5,21.0,0.0,0.03794609067017082,2677.2900390625,0.2309495479878582,0.0
^RUT,2027-06-17,3100.0,Call,64.5,105.4,102.51,4.0,0.0,0.03794609067017082,2677.2900390625,0.2309495479878582,0.0
^RUT,2027-06-17,3150.0,Call,54.7,94.4,83.2,158.0,0.0,0.03794609067017082,2677.2900390625,0.2309495479878582,0.0
^RUT,2027-06-17,3150.0,Put,0.0,0.0,562.5,,0.0,0.03794609067017082,2677.2900390625,0.2309495479878582,0.0
^RUT,2027-12-17,1200.0,Call,1295.0,1319.0,1121.0,1.0,6.0,0.03849717477003942,2677.2900390625,0.2309495479878582,0.0
^RUT,2027-12-17,1200.0,Put,0.0,0.0,21.91,8.0,0.0,0.03849717477003942,2677.2900390625,0.2309495479878582,0.0
^RUT,2027-12-17,1250.0,Call,1251.0,1275.0,1079.0,,3.0,0.03849717477003942,2677.2900390625,0.2309495479878582,0.0
^RUT,2027-12-17,1250.0,Put,16.4,46.9,25.0,42.0,0.0,0.03849717477003942,2677.2900390625,0.2309495479878582,0.0
^RUT,2027-12-17,1300.0,Call,1208.0,1232.0,1037.0,,3.0,0.03849717477003942,2677.2900390625,0.2309495479878582,0.0
^RUT,2027-12-17,1300.0,Put,19.3,49.9,27.93,40.0,0.0,0.03849717477003942,2677.2900390625,0.2309495479878582,0.0
^RUT,2027-12-17,1350.0,Call,1165.0,1189.0,996.0,,2.0,0.03849717477003942,2677.2900390625,0.2309495479878582,0.0
^RUT,2027-12-17,1350.0,Put,22.3,53.8,28.96,32.0,0.0,0.03849717477003942,2677.2900390625,0.2309495479878582,0.0
^RUT,2027-12-17,1400.0,Call,754.0,778.0,668.0,1.0,0.0,0.03849717477003942,2677.2900390625,0.2309495479878582,0.0
^RUT,2027-12-17,1400.0,Put,25.4,58.5,35.31,2.0,0.0,0.03849717477003942,2677.2900390625,0.2309495479878582,0.0
^RUT,2027-12-17,1450.0,Put,42.0,52.0,40.1,12.0,219.0,0.03849717477003942,2677.2900390625,0.2309495479878582,0.0
^RUT,2027-12-17,1500.0,Put,32.6,68.9,41.19,4.0,0.0,0.03849717477003942,2677.2900390625,0.2309495479878582,0.0
^RUT,2027-12-17,1550.0,Put,24.1,62.2,46.48,12.0,0.0,0.03849717477003942,2677.2900390625,0.2309495479878582,0.0
^RUT,2027-12-17,1600.0,Call,619.0,643.0,855.1,,1.0,0.03849717477003942,2677.2900390625,0.2309495479878582,0.0
^RUT,2027-12-17,1600.0,Put,41.3,81.2,49.95,2.0,0.0,0.03849717477003942,2677.2900390625,0.2309495479878582,0.0
^RUT,2027-12-17,1650.0,Call,915.0,939.0,682.0,3.0,1.0,0.03849717477003942,2677.2900390625,0.2309495479878582,0.0
^RUT,2027-12-17,1650.0,Put,46.5,88.0,59.14,26.0,0.0,0.03849717477003942,2677.2900390625,0.2309495479878582,0.0
^RUT,2027-12-17,1700.0,Call,624.0,648.0,530.1,,5.0,0.03849717477003942,2677.2900390625,0.2309495479878582,0.0
^RUT,2027-12-17,1700.0,Put,52.1,95.3,62.17,14.0,0.0,0.03849717477003942,2677.2900390625,0.2309495479878582,0.0
^RUT,2027-12-17,1750.0,Call,558.0,582.0,492.2,,4.0,0.03849717477003942,2677.2900390625,0.2309495479878582,0.0
^RUT,2027-12-17,1750.0,Put,58.3,103.2,68.61,19.0,0.0,0.03849717477003942,2677.2900390625,0.2309495479878582,0.0
^RUT,2027-12-17,1800.0,Call,796.0,820.0,572.27,5.0,11.0,0.03849717477003942,2677.2900390625,0.2309495479878582,0.0
^RUT,2027-12-17,1800.0,Put,65.2,111.6,75.5,18.0,0.0,0.03849717477003942,2677.2900390625,0.2309495479878582,0.0
^RUT,2027-12-17,1850.0,Call,521.0,545.0,437.1,2.0,658.0,0.03849717477003942,2677.2900390625,0.2309495479878582,0.0
^RUT,2027-12-17,1850.0,Put,72.6,120.6,87.0,1.0,0.0,0.03849717477003942,2677.2900390625,0.2309495479878582,0.0
^RUT,2027-12-17,1900.0,Call,719.0,743.0,662.58,11.0,25.0,0.03849717477003942,2677.2900390625,0.2309495479878582,0.0
^RUT,2027-12-17,1900.0,Put,80.7,130.2,87.9,1.0,0.0,0.03849717477003942,2677.2900390625,0.2309495479878582,0.0
^RUT,2027-12-17,1950.0,Call,783.7,807.0,664.94,2.0,2.0,0.03849717477003942,2677.2900390625,0.2309495479878582,0.0
^RUT,2027-12-17,1950.0,Put,89.6,140.6,105.11,1.0,0.0,0.03849717477003942,2677.2900390625,0.2309495479878582,0.0
^RUT,2027-12-17,2000.0,Call,0.0,0.0,704.62,3.0,0.0,0.03849717477003942,2677.2900390625,0.2309495479878582,0.0
^RUT,2027-12-17,2000.0,Put,81.8,134.3,115.5,15.0,0.0,0.03849717477003942,2677.2900390625,0.2309495479878582,0.0
^RUT,2027-12-17,2050.0,Put,109.6,163.7,126.0,1.0,0.0,0.03849717477003942,2677.2900390625,0.2309495479878582,0.0
^RUT,2027-12-17,2100.0,Call,669.0,693.0,562.14,2.0,257.0,0.03849717477003942,2677.2900390625,0.2309495479878582,0.0
^RUT,2027-12-17,2100.0,Put,120.9,176.4,126.0,1.0,0.0,0.03849717477003942,2677.2900390625,0.2309495479878582,0.0
^RUT,2027-12-17,2150.0,Call,0.0,0.0,605.0,6.0,0.0,0.03849717477003942,2677.2900390625,0.2309495479878582,0.0
^RUT,2027-12-17,2150.0,Put,133.0,190.1,122.8,5.0,0.0,0.03849717477003942,2677.2900390625,0.2309495479878582,0.0
^RUT,2027-12-17,2200.0,Call,509.0,533.0,331.5,7.0,387.0,0.03849717477003942,2677.2900390625,0.2309495479878582,0.0
^RUT,2027-12-17,2200.0,Put,126.5,185.1,149.0,40.0,0.0,0.03849717477003942,2677.2900390625,0.2309495479878582,0.0
^RUT,2027-12-17,2250.0,Call,477.0,501.0,400.23,1.0,7.0,0.03849717477003942,2677.2900390625,0.2309495479878582,0.0
^RUT,2027-12-17,2250.0,Put,159.9,220.2,167.23,80.0,0.0,0.03849717477003942,2677.2900390625,0.2309495479878582,0.0
^RUT,2027-12-17,2300.0,Call,0.0,0.0,479.95,8.0,0.0,0.03849717477003942,2677.2900390625,0.2309495479878582,0.0
^RUT,2027-12-17,2300.0,Put,174.7,236.9,181.35,36.0,0.0,0.03849717477003942,2677.2900390625,0.2309495479878582,0.0
^RUT,2027-12-17,2350.0,Put,190.5,254.6,198.4,18.0,0.0,0.03849717477003942,2677.2900390625,0.2309495479878582,0.0
^RUT,2027-12-17,2400.0,Call,443.0,467.0,564.48,2.0,876.0,0.03849717477003942,2677.2900390625,0.2309495479878582,0.0
^RUT,2027-12-17,2400.0,Put,207.3,273.4,198.2,1.0,0.0,0.03849717477003942,2677.2900390625,0.2309495479878582,0.0
^RUT,2027-12-17,2450.0,Call,375.0,399.0,362.0,1.0,251.0,0.03849717477003942,2677.2900390625,0.2309495479878582,0.0
^RUT,2027-12-17,2450.0,Put,196.7,205.5,247.51,1.0,269.0,0.03849717477003942,2677.2900390625,0.2309495479878582,0.0
^RUT,2027-12-17,2500.0,Call,320.7,406.8,368.0,6.0,0.0,0.03849717477003942,2677.2900390625,0.2309495479878582,0.0
^RUT,2027-12-17,2500.0,Put,244.0,314.4,258.2,8.0,0.0,0.03849717477003942,2677.2900390625,0.2309495479878582,0.0
^RUT,2027-12-17,2550.0,Call,141.0,157.0,94.0,,1.0,0.03849717477003942,2677.2900390625,0.2309495479878582,0.0
^RUT,2027-12-17,2550.0,Put,263.9,336.7,252.81,4.0,0.0,0.03849717477003942,2677.2900390625,0.2309495479878582,0.0
^RUT,2027-12-17,2600.0,Call,300.5,381.7,326.0,5.0,0.0,0.03849717477003942,2677.2900390625,0.2309495479878582,0.0
^RUT,2027-12-17,2600.0,Put,260.0,335.1,300.38,16.0,0.0,0.03849717477003942,2677.2900390625,0.2309495479878582,0.0
^RUT,2027-12-17,2650.0,Call,308.0,332.0,423.0,11.0,34.0,0.03849717477003942,2677.2900390625,0.2309495479878582,0.0
^RUT,2027-12-17,2650.0,Put,307.0,384.8,311.4,21.0,0.0,0.03849717477003942,2677.2900390625,0.2309495479878582,0.0
^RUT,2027-12-17,2700.0,Call,284.0,308.0,420.84,4.0,1247.0,0.03849717477003942,2677.2900390625,0.2309495479878582,0.0
^RUT,2027-12-17,2700.0,Put,330.1,410.6,335.65,19.0,0.0,0.03849717477003942,2677.2900390625,0.2309495479878582,0.0
^RUT,2027-12-17,2750.0,Call,234.9,311.0,250.11,100.0,0.0,0.03849717477003942,2677.2900390625,0.2309495479878582,0.0
^RUT,2027-12-17,2750.0,Put,354.4,437.6,358.57,18.0,0.0,0.03849717477003942,2677.2900390625,0.2309495479878582,0.0
^RUT,2027-12-17,2800.0,Call,190.5,265.0,259.25,4.0,0.0,0.03849717477003942,2677.2900390625,0.2309495479878582,0.0
^RUT,2027-12-17,2800.0,Put,642.0,666.0,885.0,,1.0,0.03849717477003942,2677.2900390625,0.2309495479878582,0.0
^RUT,2027-12-17,2850.0,Call,196.7,269.6,238.11,6.0,0.0,0.03849717477003942,2677.2900390625,0.2309495479878582,0.0
^RUT,2027-12-17,2850.0,Put,425.0,449.0,501.91,,2.0,0.03849717477003942,2677.2900390625,0.2309495479878582,0.0
^RUT,2027-12-17,2900.0,Call,179.3,250.7,220.17,44.0,0.0,0.03849717477003942,2677.2900390625,0.2309495479878582,0.0
^RUT,2027-12-17,2900.0,Put,434.0,525.2,450.5,2.0,0.0,0.03849717477003942,2677.2900390625,0.2309495479878582,0.0
^RUT,2027-12-17,2950.0,Call,163.0,232.8,201.46,33.0,0.0,0.03849717477003942,2677.2900390625,0.2309495479878582,0.0
^RUT,2027-12-17,3000.0,Call,124.9,193.4,184.03,243.0,0.0,0.03849717477003942,2677.2900390625,0.2309495479878582,0.0
^RUT,2027-12-17,3000.0,Put,0.0,0.0,504.72,3.0,0.0,0.03849717477003942,2677.2900390625,0.2309495479878582,0.0
^RUT,2027-12-17,3100.0,Call,141.0,157.0,182.29,1.0,15.0,0.03849717477003942,2677.2900390625,0.2309495479878582,0.0
^RUT,2027-12-17,3100.0,Put,584.0,608.0,723.0,,1.0,0.03849717477003942,2677.2900390625,0.2309495479878582,0.0
^RUT,2027-12-17,3150.0,Call,108.1,172.2,161.44,,0.0,0.03849717477003942,2677.2900390625,0.2309495479878582,0.0
^RUT,2027-12-17,3150.0,Put,912.0,936.0,1137.0,,1.0,0.03849717477003942,2677.2900390625,0.2309495479878582,0.0
^RUT,2027-12-17,3200.0,Call,96.8,159.4,128.32,97.0,0.0,0.03849717477003942,2677.2900390625,0.2309495479878582,0.0
^RUT,2027-12-17,3200.0,Put,953.0,977.0,1180.0,1.0,2.0,0.03849717477003942,2677.2900390625,0.2309495479878582,0.0
^RUT,2027-12-17,3250.0,Call,86.5,147.6,116.32,284.0,0.0,0.03849717477003942,2677.2900390625,0.2309495479878582,0.0
^RUT,2027-12-17,3300.0,Call,77.1,136.7,105.57,278.0,0.0,0.03849717477003942,2677.2900390625,0.2309495479878582,0.0
^RUT,2027-12-17,3300.0,Put,1036.0,1060.0,1123.0,,2.0,0.03849717477003942,2677.2900390625,0.2309495479878582,0.0
^RUT,2027-12-17,3350.0,Call,49.2,107.3,95.7,6.0,0.0,0.03849717477003942,2677.2900390625,0.2309495479878582,0.0
^RUT,2027-12-17,3350.0,Put,1078.0,1102.0,1234.0,,6.0,0.03849717477003942,2677.2900390625,0.2309495479878582,0.0
^RUT,2027-12-17,3400.0,Call,42.0,98.6,101.23,4.0,0.0,0.03849717477003942,2677.2900390625,0.2309495479878582,0.0
^RUT,2027-12-17,3400.0,Put,1034.0,1046.6,1304.0,,4.0,0.03849717477003942,2677.2900390625,0.2309495479878582,0.0
^RUT,2027-12-17,3450.0,Call,53.8,108.9,78.85,8.0,0.0,0.03849717477003942,2677.2900390625,0.2309495479878582,0.0
^RUT,2027-12-17,3450.0,Put,1163.0,1187.0,1443.1,2.0,14.0,0.03849717477003942,2677.2900390625,0.2309495479878582,0.0
^RUT,2027-12-17,3500.0,Call,47.4,101.0,71.53,142.0,0.0,0.03849717477003942,2677.2900390625,0.2309495479878582,0.0
^RUT,2027-12-17,3500.0,Put,1138.0,1162.0,1193.9,4.0,30.0,0.03849717477003942,2677.2900390625,0.2309495479878582,0.0
^RUT,2027-12-17,3550.0,Call,41.7,93.7,64.82,4.0,0.0,0.03849717477003942,2677.2900390625,0.2309495479878582,0.0
^RUT,2027-12-17,3550.0,Put,928.0,952.0,1085.0,1.0,4.0,0.03849717477003942,2677.2900390625,0.2309495479878582,0.0
^RUT,2027-12-17,3600.0,Call,0.0,0.0,58.9,198.0,0.0,0.03849717477003942,2677.2900390625,0.2309495479878582,0.0
^RUT,2027-12-17,3600.0,Put,969.0,993.0,1201.28,6.0,34.0,0.03849717477003942,2677.2900390625,0.2309495479878582,0.0
^RUT,2028-12-15,1300.0,Call,0.0,0.0,1336.0,1.0,0.0,0.03923272010512483,2677.2900390625,0.2309495479878582,0.0
^RUT,2028-12-15,1300.0,Put,0.0,0.0,44.17,4.0,0.0,0.03923272010512483,2677.2900390625,0.2309495479878582,0.0
^RUT,2028-12-15,1350.0,Call,0.0,0.0,1403.92,,0.0,0.03923272010512483,2677.2900390625,0.2309495479878582,0.0
^RUT,2028-12-15,1400.0,Call,0.0,0.0,1362.92,,0.0,0.03923272010512483,2677.2900390625,0.2309495479878582,0.0
^RUT,2028-12-15,1400.0,Put,0.0,0.0,53.42,26.0,0.0,0.03923272010512483,2677.2900390625,0.2309495479878582,0.0
^RUT,2028-12-15,1450.0,Call,0.0,0.0,1322.07,,0.0,0.03923272010512483,2677.2900390625,0.2309495479878582,0.0
^RUT,2028-12-15,1450.0,Put,0.0,0.0,48.5,,0.0,0.03923272010512483,2677.2900390625,0.2309495479878582,0.0
^RUT,2028-12-15,1650.0,Put,0.0,0.0,81.33,72.0,0.0,0.03923272010512483,2677.2900390625,0.2309495479878582,0.0
^RUT,2028-12-15,1750.0,Call,0.0,0.0,967.5,,0.0,0.03923272010512483,2677.2900390625,0.2309495479878582,0.0
^RUT,2028-12-15,1750.0,Put,46.5,128.9,96.67,242.0,0.0,0.03923272010512483,2677.2900390625,0.2309495479878582,0.0
^RUT,2028-12-15,1800.0,Put,53.4,138.2,105.57,136.0,0.0,0.03923272010512483,2677.2900390625,0.2309495479878582,0.0
^RUT,2028-12-15,1850.0,Put,60.9,148.1,113.1,12.0,0.0,0.03923272010512483,2677.2900390625,0.2309495479878582,0.0
^RUT,2028-12-15,1900.0,Put,68.9,158.5,125.07,4.0,0.0,0.03923272010512483,2677.2900390625,0.2309495479878582,0.0
^RUT,2028-12-15,1950.0,Put,77.7,169.5,133.91,2.0,0.0,0.03923272010512483,2677.2900390625,0.2309495479878582,0.0
^RUT,2028-12-15,2000.0,Put,87.1,181.3,149.0,2.0,0.0,0.03923272010512483,2677.2900390625,0.2309495479878582,0.0
^RUT,2028-12-15,2050.0,Call,0.0,0.0,841.5,,0.0,0.03923272010512483,2677.2900390625,0.2309495479878582,0.0
^RUT,2028-12-15,2050.0,Put,97.1,193.8,150.98,100.0,0.0,0.03923272010512483,2677.2900390625,0.2309495479878582,0.0
^RUT,2028-12-15,2100.0,Call,0.0,0.0,807.1,,0.0,0.03923272010512483,2677.2900390625,0.2309495479878582,0.0
^RUT,2028-12-15,2100.0,Put,107.8,206.8,170.23,9.0,0.0,0.03923272010512483,2677.2900390625,0.2309495479878582,0.0
^RUT,2028-12-15,2150.0,Call,0.0,0.0,773.0,,0.0,0.03923272010512483,2677.2900390625,0.2309495479878582,0.0
^RUT,2028-12-15,2150.0,Put,119.2,0.0,178.6,758.0,0.0,0.03923272010512483,2677.2900390625,0.2309495479878582,0.0
^RUT,2028-12-15,2200.0,Call,0.0,0.0,739.5,,0.0,0.03923272010512483,2677.2900390625,0.2309495479878582,0.0
^RUT,2028-12-15,2200.0,Put,131.3,0.0,185.0,1.0,0.0,0.03923272010512483,2677.2900390625,0.2309495479878582,0.0
^RUT,2028-12-15,2250.0,Put,144.2,0.0,210.5,23.0,0.0,0.03923272010512483,2677.2900390625,0.2309495479878582,0.0
^RUT,2028-12-15,2300.0,Call,0.0,0.0,598.6,8.0,0.0,0.03923272010512483,2677.2900390625,0.2309495479878582,0.0
^RUT,2028-12-15,2300.0,Put,157.6,0.0,228.0,9.0,0.0,0.03923272010512483,2677.2900390625,0.2309495479878582,0.0
^RUT,2028-12-15,2350.0,Put,171.9,0.0,239.14,4.0,0.0,0.03923272010512483,2677.2900390625,0.2309495479878582,0.0
^RUT,2028-12-15,2450.0,Call,389.4,0.0,521.28,2.0,0.0,0.03923272010512483,2677.2900390625,0.2309495479878582,0.0
^RUT,2028-12-15,2500.0,Put,219.4,0.0,289.97,378.0,0.0,0.03923272010512483,2677.2900390625,0.2309495479878582,0.0
^RUT,2028-12-15,2600.0,Call,323.0,0.0,440.88,4.0,0.0,0.03923272010512483,2677.2900390625,0.2309495479878582,0.0
^RUT,2028-12-15,2600.0,Put,254.7,0.0,337.66,4.0,0.0,0.03923272010512483,2677.2900390625,0.2309495479878582,0.0
^RUT,2028-12-15,2700.0,Put,358.0,382.0,297.22,4.0,200.0,0.03923272010512483,2677.2900390625,0.2309495479878582,0.0
^RUT,2028-12-15,2800.0,Call,244.9,0.0,390.0,2.0,0.0,0.03923272010512483,2677.2900390625,0.2309495479878582,0.0
^RUT,2028-12-15,2800.0,Put,389.5,489.5,372.38,4.0,104.0,0.03923272010512483,2677.2900390625,0.2309495479878582,0.0
^RUT,2028-12-15,2850.0,Put,415.4,515.4,394.58,4.0,0.0,0.03923272010512483,2677.2900390625,0.2309495479878582,0.0
^RUT,2028-12-15,2900.0,Put,379.2,0.0,467.06,2.0,0.0,0.03923272010512483,2677.2900390625,0.2309495479878582,0.0
^RUT,2028-12-15,3150.0,Put,536.0,560.0,592.0,,4.0,0.03923272010512483,2677.2900390625,0.2309495479878582,0.0
^RUT,2028-12-15,3350.0,Put,0.0,0.0,776.0,1.0,0.0,0.03923272010512483,2677.2900390625,0.2309495479878582,0.0
^RUT,2028-12-15,3500.0,Call,61.1,0.0,142.11,72.0,0.0,0.03923272010512483,2677.2900390625,0.2309495479878582,0.0
^RUT,2028-12-15,3500.0,Put,0.0,0.0,876.0,,0.0,0.03923272010512483,2677.2900390625,0.2309495479878582,0.0
^RUT,2028-12-15,3550.0,Put,0.0,0.0,899.0,2.0,0.0,0.03923272010512483,2677.2900390625,0.2309495479878582,0.0
^RUT,2028-12-15,3600.0,Put,0.0,0.0,936.0,1.0,0.0,0.03923272010512483,2677.2900390625,0.2309495479878582,0.0
^RUT,2028-12-15,3650.0,Put,0.0,0.0,972.0,1.0,0.0,0.03923272010512483,2677.2900390625,0.2309495479878582,0.0
^RUT,2028-12-15,3700.0,Call,32.1,0.0,108.41,70.0,0.0,0.03923272010512483,2677.2900390625,0.2309495479878582,0.0
^RUT,2028-12-15,3700.0,Put,0.0,0.0,977.0,6.0,0.0,0.03923272010512483,2677.2900390625,0.2309495479878582,0.0
^RUT,2028-12-15,3750.0,Call,26.2,0.0,98.92,54.0,0.0,0.03923272010512483,2677.2900390625,0.2309495479878582,0.0
^RUT,2028-12-15,3750.0,Put,0.0,0.0,1015.0,13.0,0.0,0.03923272010512483,2677.2900390625,0.2309495479878582,0.0
^VIX,2026-04-01,10.0,Call,14.58,20.89,15.82,2.0,0.0,0.03756714848883049,18.6299991607666,1.3825219617455107,0.0
^VIX,2026-04-01,10.0,Put,0.0,0.01,0.01,,0.0,0.03756714848883049,18.6299991607666,1.3825219617455107,0.0
^VIX,2026-04-01,10.5,Call,14.08,20.39,15.2,,0.0,0.03756714848883049,18.6299991607666,1.3825219617455107,0.0
^VIX,2026-04-01,10.5,Put,0.0,0.01,0.01,,0.0,0.03756714848883049,18.6299991607666,1.3825219617455107,0.0
^VIX,2026-04-01,11.0,Put,0.0,0.01,0.01,,0.0,0.03756714848883049,18.6299991607666,1.3825219617455107,0.0
^VIX,2026-04-01,12.0,Put,0.0,0.01,0.01,5.0,0.0,0.03756714848883049,18.6299991607666,1.3825219617455107,0.0
^VIX,2026-04-01,12.5,Call,12.08,18.39,8.0,1.0,0.0,0.03756714848883049,18.6299991607666,1.3825219617455107,0.0
^VIX,2026-04-01,13.0,Put,0.0,0.01,0.02,,0.0,0.03756714848883049,18.6299991607666,1.3825219617455107,0.0
^VIX,2026-04-01,14.0,Call,10.58,16.89,9.9,1.0,0.0,0.03756714848883049,18.6299991607666,1.3825219617455107,0.0
^VIX,2026-04-01,14.0,Put,0.0,0.01,0.05,10.0,0.0,0.03756714848883049,18.6299991607666,1.3825219617455107,0.0
^VIX,2026-04-01,14.5,Call,10.08,16.39,7.0,,0.0,0.03756714848883049,18.6299991607666,1.3825219617455107,0.0
^VIX,2026-04-01,14.5,Put,0.0,0.02,0.02,1.0,0.0,0.03756714848883049,18.6299991607666,1.3825219617455107,0.0
^VIX,2026-04-01,15.0,Call,9.59,15.89,9.63,20.0,0.0,0.03756714848883049,18.6299991607666,1.3825219617455107,0.0
^VIX,2026-04-01,15.0,Put,0.0,0.04,0.01,1.0,0.0,0.03756714848883049,18.6299991607666,1.3825219617455107,0.0
^VIX,2026-04-01,16.0,Call,8.59,14.89,11.04,2.0,0.0,0.03756714848883049,18.6299991607666,1.3825219617455107,0.0
^VIX,2026-04-01,16.0,Put,0.0,0.04,0.02,5.0,0.0,0.03756714848883049,18.6299991607666,1.3825219617455107,0.0
^VIX,2026-04-01,17.0,Call,7.59,13.89,8.5,1.0,0.0,0.03756714848883049,18.6299991607666,1.3825219617455107,0.0
^VIX,2026-04-01,17.0,Put,0.0,0.04,0.01,108.0,0.0,0.03756714848883049,18.6299991607666,1.3825219617455107,0.0
^VIX,2026-04-01,18.0,Call,6.6,12.89,7.1,16.0,0.0,0.03756714848883049,18.6299991607666,1.3825219617455107,0.0
^VIX,2026-04-01,18.0,Put,0.0,0.04,0.02,27.0,0.0,0.03756714848883049,18.6299991607666,1.3825219617455107,0.0
^VIX,2026-04-01,19.0,Call,5.62,11.9,8.17,5.0,0.0,0.03756714848883049,18.6299991607666,1.3825219617455107,0.0
^VIX,2026-04-01,19.0,Put,0.01,0.07,0.03,72.0,0.0,0.03756714848883049,18.6299991607666,1.3825219617455107,0.0
^VIX,2026-04-01,20.0,Call,4.64,10.9,7.53,1116.0,0.0,0.03756714848883049,18.6299991607666,1.3825219617455107,0.0
^VIX,2026-04-01,20.0,Put,0.01,0.1,0.02,568.0,0.0,0.03756714848883049,18.6299991607666,1.3825219617455107,0.0
^VIX,2026-04-01,21.0,Call,3.7,9.89,6.45,282.0,0.0,0.03756714848883049,18.6299991607666,1.3825219617455107,0.0
^VIX,2026-04-01,21.0,Put,0.0,0.14,0.03,245.0,0.0,0.03756714848883049,18.6299991607666,1.3825219617455107,0.0
^VIX,2026-04-01,22.0,Call,2.8,8.89,5.1,174.0,0.0,0.03756714848883049,18.6299991607666,1.3825219617455107,0.0
^VIX,2026-04-01,22.0,Put,0.0,0.25,0.1,982.0,0.0,0.03756714848883049,18.6299991607666,1.3825219617455107,0.0
^VIX,2026-04-01,23.0,Call,2.03,7.86,4.21,2712.0,0.0,0.03756714848883049,18.6299991607666,1.3825219617455107,0.0
^VIX,2026-04-01,23.0,Put,0.0,0.46,0.19,1029.0,0.0,0.03756714848883049,18.6299991607666,1.3825219617455107,0.0
^VIX,2026-04-01,24.0,Call,1.44,6.0,3.9,569.0,0.0,0.03756714848883049,18.6299991607666,1.3825219617455107,0.0
^VIX,2026-04-01,24.0,Put,0.0,0.93,0.52,16384.0,0.0,0.03756714848883049,18.6299991607666,1.3825219617455107,0.0
^VIX,2026-04-01,25.0,Call,2.0,6.12,3.04,1.0,0.0,0.03756714848883049,18.6299991607666,1.3825219617455107,0.0
^VIX,2026-04-01,25.0,Put,0.0,1.5,0.9,1432.0,0.0,0.03756714848883049,18.6299991607666,1.3825219617455107,0.0
^VIX,2026-04-01,26.0,Call,0.74,5.04,2.51,1478.0,0.0,0.03756714848883049,18.6299991607666,1.3825219617455107,0.0
^VIX,2026-04-01,26.0,Put,0.15,2.15,1.4,7639.0,0.0,0.03756714848883049,18.6299991607666,1.3825219617455107,0.0
^VIX,2026-04-01,27.0,Call,0.53,3.0,2.0,1098.0,0.0,0.03756714848883049,18.6299991607666,1.3825219617455107,0.0
^VIX,2026-04-01,27.0,Put,0.4,2.95,2.05,555.0,0.0,0.03756714848883049,18.6299991607666,1.3825219617455107,0.0
^VIX,2026-04-01,28.0,Call,0.27,3.72,1.65,1210.0,0.0,0.03756714848883049,18.6299991607666,1.3825219617455107,0.0
^VIX,2026-04-01,28.0,Put,0.74,3.45,2.2,572.0,0.0,0.03756714848883049,18.6299991607666,1.3825219617455107,0.0
^VIX,2026-04-01,29.0,Call,0.61,3.17,1.36,344.0,0.0,0.03756714848883049,18.6299991607666,1.3825219617455107,0.0
^VIX,2026-04-01,29.0,Put,1.23,4.62,3.22,225.0,0.0,0.03756714848883049,18.6299991607666,1.3825219617455107,0.0
^VIX,2026-04-01,30.0,Call,0.05,1.65,1.21,4821.0,0.0,0.03756714848883049,18.6299991607666,1.3825219617455107,0.0
^VIX,2026-04-01,30.0,Put,1.74,5.57,4.01,115.0,0.0,0.03756714848883049,18.6299991607666,1.3825219617455107,0.0
^VIX,2026-04-01,31.0,Call,0.01,2.32,1.1,427.0,0.0,0.03756714848883049,18.6299991607666,1.3825219617455107,0.0
^VIX,2026-04-01,31.0,Put,2.31,6.51,4.56,82.0,0.0,0.03756714848883049,18.6299991607666,1.3825219617455107,0.0
^VIX,2026-04-01,32.0,Call,0.01,2.0,0.9,349.0,0.0,0.03756714848883049,18.6299991607666,1.3825219617455107,0.0
^VIX,2026-04-01,32.0,Put,2.97,7.49,5.17,10.0,0.0,0.03756714848883049,18.6299991607666,1.3825219617455107,0.0
^VIX,2026-04-01,33.0,Call,0.01,1.74,0.84,583.0,0.0,0.03756714848883049,18.6299991607666,1.3825219617455107,0.0
^VIX,2026-04-01,33.0,Put,3.68,8.46,6.45,9.0,0.0,0.03756714848883049,18.6299991607666,1.3825219617455107,0.0
^VIX,2026-04-01,34.0,Call,0.01,1.49,0.73,523.0,0.0,0.03756714848883049,18.6299991607666,1.3825219617455107,0.0
^VIX,2026-04-01,35.0,Call,0.01,1.3,0.53,471.0,0.0,0.03756714848883049,18.6299991607666,1.3825219617455107,0.0
^VIX,2026-04-01,35.0,Put,5.24,10.47,7.65,10.0,0.0,0.03756714848883049,18.6299991607666,1.3825219617455107,0.0
^VIX,2026-04-01,36.0,Call,0.0,1.06,0.42,197.0,0.0,0.03756714848883049,18.6299991607666,1.3825219617455107,0.0
^VIX,2026-04-01,36.0,Put,6.08,11.44,8.71,3.0,0.0,0.03756714848883049,18.6299991607666,1.3825219617455107,0.0
^VIX,2026-04-01,37.0,Call,0.01,0.96,0.45,274.0,0.0,0.03756714848883049,18.6299991607666,1.3825219617455107,0.0
^VIX,2026-04-01,37.0,Put,6.94,12.45,9.58,14.0,0.0,0.03756714848883049,18.6299991607666,1.3825219617455107,0.0
^VIX,2026-04-01,38.0,Call,0.01,0.8,0.36,291.0,0.0,0.03756714848883049,18.6299991607666,1.3825219617455107,0.0
^VIX,2026-04-01,38.0,Put,7.84,13.44,11.08,2.0,0.0,0.03756714848883049,18.6299991607666,1.3825219617455107,0.0
^VIX,2026-04-01,39.0,Call,0.01,0.7,0.3,931.0,0.0,0.03756714848883049,18.6299991607666,1.3825219617455107,0.0
^VIX,2026-04-01,40.0,Call,0.03,0.62,0.27,1097.0,0.0,0.03756714848883049,18.6299991607666,1.3825219617455107,0.0
^VIX,2026-04-01,42.5,Call,0.01,0.48,0.22,329.0,0.0,0.03756714848883049,18.6299991607666,1.3825219617455107,0.0
^VIX,2026-04-01,45.0,Call,0.0,0.38,0.15,90.0,0.0,0.03756714848883049,18.6299991607666,1.3825219617455107,0.0
^VIX,2026-04-01,47.5,Call,0.0,0.32,0.13,2.0,0.0,0.03756714848883049,18.6299991607666,1.3825219617455107,0.0
^VIX,2026-04-01,50.0,Call,0.0,0.27,0.11,869.0,0.0,0.03756714848883049,18.6299991607666,1.3825219617455107,0.0
^VIX,2026-04-01,50.0,Put,19.33,25.43,23.67,2.0,0.0,0.03756714848883049,18.6299991607666,1.3825219617455107,0.0
^VIX,2026-04-01,55.0,Call,0.0,0.2,0.08,568.0,0.0,0.03756714848883049,18.6299991607666,1.3825219617455107,0.0
^VIX,2026-04-01,55.0,Put,24.26,30.41,27.85,95.0,0.0,0.03756714848883049,18.6299991607666,1.3825219617455107,0.0
^VIX,2026-04-01,60.0,Call,0.0,0.15,0.07,24.0,0.0,0.03756714848883049,18.6299991607666,1.3825219617455107,0.0
^VIX,2026-04-01,65.0,Call,0.0,0.12,0.05,128.0,0.0,0.03756714848883049,18.6299991607666,1.3825219617455107,0.0
^VIX,2026-04-01,65.0,Put,34.17,40.4,37.8,31.0,0.0,0.03756714848883049,18.6299991607666,1.3825219617455107,0.0
^VIX,2026-04-01,70.0,Call,0.0,0.09,0.04,201.0,0.0,0.03756714848883049,18.6299991607666,1.3825219617455107,0.0
^VIX,2026-04-01,70.0,Put,39.14,45.4,43.92,2.0,0.0,0.03756714848883049,18.6299991607666,1.3825219617455107,0.0
^VIX,2026-04-01,75.0,Call,0.0,0.08,0.05,7.0,0.0,0.03756714848883049,18.6299991607666,1.3825219617455107,0.0
^VIX,2026-04-01,80.0,Call,0.0,0.07,0.03,42.0,0.0,0.03756714848883049,18.6299991607666,1.3825219617455107,0.0
^VIX,2026-04-01,80.0,Put,49.12,55.39,54.11,1.0,0.0,0.03756714848883049,18.6299991607666,1.3825219617455107,0.0
^VIX,2026-04-01,85.0,Call,0.0,0.06,0.02,13.0,0.0,0.03756714848883049,18.6299991607666,1.3825219617455107,0.0
^VIX,2026-04-01,90.0,Call,0.0,0.06,0.02,4.0,0.0,0.03756714848883049,18.6299991607666,1.3825219617455107,0.0
^VIX,2026-04-01,95.0,Call,0.0,0.05,0.01,2.0,0.0,0.03756714848883049,18.6299991607666,1.3825219617455107,0.0
^VIX,2026-04-01,100.0,Call,0.0,0.05,0.01,14.0,0.0,0.03756714848883049,18.6299991607666,1.3825219617455107,0.0
^VIX,2026-04-01,100.0,Put,69.09,75.39,78.23,10.0,0.0,0.03756714848883049,18.6299991607666,1.3825219617455107,0.0
^VIX,2026-04-08,13.0,Call,11.14,17.27,10.5,,0.0,0.03752115637319317,18.6299991607666,1.3825219617455107,0.0
^VIX,2026-04-08,13.0,Put,0.0,0.02,0.01,12.0,0.0,0.03752115637319317,18.6299991607666,1.3825219617455107,0.0
^VIX,2026-04-08,14.0,Put,0.0,0.04,0.04,40.0,0.0,0.03752115637319317,18.6299991607666,1.3825219617455107,0.0
^VIX,2026-04-08,14.5,Call,9.64,15.77,7.38,,0.0,0.03752115637319317,18.6299991607666,1.3825219617455107,0.0
^VIX,2026-04-08,14.5,Put,0.0,0.04,0.03,1.0,0.0,0.03752115637319317,18.6299991607666,1.3825219617455107,0.0
^VIX,2026-04-08,15.0,Call,9.14,15.28,12.09,15.0,0.0,0.03752115637319317,18.6299991607666,1.3825219617455107,0.0
^VIX,2026-04-08,15.0,Put,0.0,0.04,0.03,1.0,0.0,0.03752115637319317,18.6299991607666,1.3825219617455107,0.0
^VIX,2026-04-08,16.0,Call,8.15,14.28,11.0,5.0,0.0,0.03752115637319317,18.6299991607666,1.3825219617455107,0.0
^VIX,2026-04-08,16.0,Put,0.0,0.05,0.02,1.0,0.0,0.03752115637319317,18.6299991607666,1.3825219617455107,0.0
^VIX,2026-04-08,17.0,Call,7.16,13.28,8.01,5.0,0.0,0.03752115637319317,18.6299991607666,1.3825219617455107,0.0
^VIX,2026-04-08,17.0,Put,0.0,0.06,0.03,7.0,0.0,0.03752115637319317,18.6299991607666,1.3825219617455107,0.0
^VIX,2026-04-08,18.0,Call,6.19,12.29,9.18,1.0,0.0,0.03752115637319317,18.6299991607666,1.3825219617455107,0.0
^VIX,2026-04-08,18.0,Put,0.03,0.08,0.05,37.0,0.0,0.03752115637319317,18.6299991607666,1.3825219617455107,0.0
^VIX,2026-04-08,19.0,Call,5.23,11.3,7.13,20.0,0.0,0.03752115637319317,18.6299991607666,1.3825219617455107,0.0
^VIX,2026-04-08,19.0,Put,0.07,0.13,0.09,94.0,0.0,0.03752115637319317,18.6299991607666,1.3825219617455107,0.0
^VIX,2026-04-08,20.0,Call,4.35,10.31,6.41,79.0,0.0,0.03752115637319317,18.6299991607666,1.3825219617455107,0.0
^VIX,2026-04-08,20.0,Put,0.12,0.25,0.2,305.0,0.0,0.03752115637319317,18.6299991607666,1.3825219617455107,0.0
^VIX,2026-04-08,21.0,Call,3.59,9.3,5.81,69.0,0.0,0.03752115637319317,18.6299991607666,1.3825219617455107,0.0
^VIX,2026-04-08,21.0,Put,0.01,0.46,0.26,88.0,0.0,0.03752115637319317,18.6299991607666,1.3825219617455107,0.0
^VIX,2026-04-08,22.0,Call,2.95,8.34,5.11,99.0,0.0,0.03752115637319317,18.6299991607666,1.3825219617455107,0.0
^VIX,2026-04-08,22.0,Put,0.05,0.82,0.59,304.0,0.0,0.03752115637319317,18.6299991607666,1.3825219617455107,0.0
^VIX,2026-04-08,23.0,Call,2.42,7.48,4.85,26.0,0.0,0.03752115637319317,18.6299991607666,1.3825219617455107,0.0
^VIX,2026-04-08,23.0,Put,0.18,1.1,0.78,174.0,0.0,0.03752115637319317,18.6299991607666,1.3825219617455107,0.0
^VIX,2026-04-08,24.0,Call,2.04,6.66,3.81,45.0,0.0,0.03752115637319317,18.6299991607666,1.3825219617455107,0.0
^VIX,2026-04-08,24.0,Put,0.38,1.89,1.13,308.0,0.0,0.03752115637319317,18.6299991607666,1.3825219617455107,0.0
^VIX,2026-04-08,25.0,Call,1.71,5.97,3.31,894.0,0.0,0.03752115637319317,18.6299991607666,1.3825219617455107,0.0
^VIX,2026-04-08,25.0,Put,0.65,2.6,1.8,278.0,0.0,0.03752115637319317,18.6299991607666,1.3825219617455107,0.0
^VIX,2026-04-08,26.0,Call,1.41,5.39,3.5,231.0,0.0,0.03752115637319317,18.6299991607666,1.3825219617455107,0.0
^VIX,2026-04-08,26.0,Put,1.06,3.31,2.07,112.0,0.0,0.03752115637319317,18.6299991607666,1.3825219617455107,0.0
^VIX,2026-04-08,27.0,Call,1.12,4.92,3.1,306.0,0.0,0.03752115637319317,18.6299991607666,1.3825219617455107,0.0
^VIX,2026-04-08,27.0,Put,1.58,4.02,3.19,109.0,0.0,0.03752115637319317,18.6299991607666,1.3825219617455107,0.0
^VIX,2026-04-08,28.0,Call,0.9,4.45,2.18,139.0,0.0,0.03752115637319317,18.6299991607666,1.3825219617455107,0.0
^VIX,2026-04-08,28.0,Put,2.11,4.8,3.3,82.0,0.0,0.03752115637319317,18.6299991607666,1.3825219617455107,0.0
^VIX,2026-04-08,29.0,Call,0.79,3.96,2.38,334.0,0.0,0.03752115637319317,18.6299991607666,1.3825219617455107,0.0
^VIX,2026-04-08,29.0,Put,2.63,5.69,3.99,41.0,0.0,0.03752115637319317,18.6299991607666,1.3825219617455107,0.0
^VIX,2026-04-08,30.0,Call,0.75,3.56,1.8,524.0,0.0,0.03752115637319317,18.6299991607666,1.3825219617455107,0.0
^VIX,2026-04-08,30.0,Put,3.22,6.57,4.83,39.0,0.0,0.03752115637319317,18.6299991607666,1.3825219617455107,0.0
^VIX,2026-04-08,31.0,Call,0.58,3.19,2.0,149.0,0.0,0.03752115637319317,18.6299991607666,1.3825219617455107,0.0
^VIX,2026-04-08,31.0,Put,3.86,7.47,5.7,10.0,0.0,0.03752115637319317,18.6299991607666,1.3825219617455107,0.0
^VIX,2026-04-08,32.0,Call,0.43,2.94,1.7,66.0,0.0,0.03752115637319317,18.6299991607666,1.3825219617455107,0.0
^VIX,2026-04-08,32.0,Put,4.54,8.39,7.1,2.0,0.0,0.03752115637319317,18.6299991607666,1.3825219617455107,0.0
^VIX,2026-04-08,33.0,Call,0.39,2.66,1.55,393.0,0.0,0.03752115637319317,18.6299991607666,1.3825219617455107,0.0
^VIX,2026-04-08,33.0,Put,5.26,9.34,9.11,5.0,0.0,0.03752115637319317,18.6299991607666,1.3825219617455107,0.0
^VIX,2026-04-08,34.0,Call,0.35,2.4,1.41,34.0,0.0,0.03752115637319317,18.6299991607666,1.3825219617455107,0.0
^VIX,2026-04-08,34.0,Put,6.01,10.3,10.01,2.0,0.0,0.03752115637319317,18.6299991607666,1.3825219617455107,0.0
^VIX,2026-04-08,35.0,Call,0.33,2.18,1.26,298.0,0.0,0.03752115637319317,18.6299991607666,1.3825219617455107,0.0
^VIX,2026-04-08,35.0,Put,6.79,11.27,10.65,4.0,0.0,0.03752115637319317,18.6299991607666,1.3825219617455107,0.0
^VIX,2026-04-08,36.0,Call,0.3,1.99,1.08,36.0,0.0,0.03752115637319317,18.6299991607666,1.3825219617455107,0.0
^VIX,2026-04-08,37.0,Call,0.28,1.83,1.07,40.0,0.0,0.03752115637319317,18.6299991607666,1.3825219617455107,0.0
^VIX,2026-04-08,38.0,Call,0.26,1.69,1.05,21.0,0.0,0.03752115637319317,18.6299991607666,1.3825219617455107,0.0
^VIX,2026-04-08,39.0,Call,0.25,1.57,0.88,25.0,0.0,0.03752115637319317,18.6299991607666,1.3825219617455107,0.0
^VIX,2026-04-08,39.0,Put,10.19,15.16,15.0,1.0,0.0,0.03752115637319317,18.6299991607666,1.3825219617455107,0.0
^VIX,2026-04-08,40.0,Call,0.23,1.46,0.88,139.0,0.0,0.03752115637319317,18.6299991607666,1.3825219617455107,0.0
^VIX,2026-04-08,42.5,Call,0.2,1.23,0.69,32.0,0.0,0.03752115637319317,18.6299991607666,1.3825219617455107,0.0
^VIX,2026-04-08,42.5,Put,13.36,18.61,20.2,,0.0,0.03752115637319317,18.6299991607666,1.3825219617455107,0.0
^VIX,2026-04-08,45.0,Call,0.18,1.05,0.59,33.0,0.0,0.03752115637319317,18.6299991607666,1.3825219617455107,0.0
^VIX,2026-04-08,47.5,Call,0.13,0.95,0.5,30.0,0.0,0.03752115637319317,18.6299991607666,1.3825219617455107,0.0
^VIX,2026-04-08,50.0,Call,0.11,0.82,0.5,64.0,0.0,0.03752115637319317,18.6299991607666,1.3825219617455107,0.0
^VIX,2026-04-08,50.0,Put,20.47,25.98,25.19,10.0,0.0,0.03752115637319317,18.6299991607666,1.3825219617455107,0.0
^VIX,2026-04-08,55.0,Call,0.06,0.64,0.28,1.0,0.0,0.03752115637319317,18.6299991607666,1.3825219617455107,0.0
^VIX,2026-04-08,60.0,Call,0.03,0.51,0.3,27.0,0.0,0.03752115637319317,18.6299991607666,1.3825219617455107,0.0
^VIX,2026-04-08,60.0,Put,30.14,35.9,33.07,2.0,0.0,0.03752115637319317,18.6299991607666,1.3825219617455107,0.0
^VIX,2026-04-08,65.0,Call,0.02,0.41,0.21,5.0,0.0,0.03752115637319317,18.6299991607666,1.3825219617455107,0.0
^VIX,2026-04-08,65.0,Put,35.04,40.88,40.78,,0.0,0.03752115637319317,18.6299991607666,1.3825219617455107,0.0
^VIX,2026-04-08,70.0,Call,0.02,0.33,0.18,180.0,0.0,0.03752115637319317,18.6299991607666,1.3825219617455107,0.0
^VIX,2026-04-08,75.0,Call,0.01,0.28,0.16,2.0,0.0,0.03752115637319317,18.6299991607666,1.3825219617455107,0.0
^VIX,2026-04-08,75.0,Put,44.91,50.85,47.9,1.0,0.0,0.03752115637319317,18.6299991607666,1.3825219617455107,0.0
^VIX,2026-04-08,80.0,Call,0.01,0.24,0.09,16.0,0.0,0.03752115637319317,18.6299991607666,1.3825219617455107,0.0
^VIX,2026-04-08,80.0,Put,49.87,55.84,56.57,,0.0,0.03752115637319317,18.6299991607666,1.3825219617455107,0.0
^VIX,2026-04-08,90.0,Call,0.0,0.19,0.06,1.0,0.0,0.03752115637319317,18.6299991607666,1.3825219617455107,0.0
^VIX,2026-04-08,95.0,Call,0.0,0.18,0.03,54.0,0.0,0.03752115637319317,18.6299991607666,1.3825219617455107,0.0
^VIX,2026-04-08,100.0,Call,0.0,0.16,0.04,28.0,0.0,0.03752115637319317,18.6299991607666,1.3825219617455107,0.0
^VIX,2026-04-08,100.0,Put,69.76,75.8,76.84,10.0,0.0,0.03752115637319317,18.6299991607666,1.3825219617455107,0.0
^VIX,2026-04-15,10.0,Call,16.25,16.55,16.25,134.0,0.0,0.03747516425755585,18.6299991607666,1.3825219617455107,0.0
^VIX,2026-04-15,10.0,Put,0.0,0.02,0.02,1102.0,0.0,0.03747516425755585,18.6299991607666,1.3825219617455107,0.0
^VIX,2026-04-15,10.5,Call,15.75,16.05,12.85,10.0,0.0,0.03747516425755585,18.6299991607666,1.3825219617455107,0.0
^VIX,2026-04-15,10.5,Put,0.0,0.0,0.02,1.0,13.0,0.03747516425755585,18.6299991607666,1.3825219617455107,0.0
^VIX,2026-04-15,11.0,Call,15.25,15.55,13.55,50.0,0.0,0.03747516425755585,18.6299991607666,1.3825219617455107,0.0
^VIX,2026-04-15,11.0,Put,0.0,0.0,0.04,8.0,277.0,0.03747516425755585,18.6299991607666,1.3825219617455107,0.0
^VIX,2026-04-15,11.5,Call,14.75,15.05,9.14,1.0,0.0,0.03747516425755585,18.6299991607666,1.3825219617455107,0.0
^VIX,2026-04-15,11.5,Put,0.0,0.0,0.01,1.0,492.0,0.03747516425755585,18.6299991607666,1.3825219617455107,0.0
^VIX,2026-04-15,12.0,Call,14.25,14.55,13.94,10.0,0.0,0.03747516425755585,18.6299991607666,1.3825219617455107,0.0
^VIX,2026-04-15,12.0,Put,0.0,0.02,0.01,4.0,0.0,0.03747516425755585,18.6299991607666,1.3825219617455107,0.0
^VIX,2026-04-15,12.5,Call,13.75,14.05,12.9,1.0,0.0,0.03747516425755585,18.6299991607666,1.3825219617455107,0.0
^VIX,2026-04-15,12.5,Put,0.0,0.02,0.01,1.0,0.0,0.03747516425755585,18.6299991607666,1.3825219617455107,0.0
^VIX,2026-04-15,13.0,Call,13.25,13.55,13.2,15.0,0.0,0.03747516425755585,18.6299991607666,1.3825219617455107,0.0
^VIX,2026-04-15,13.0,Put,0.0,0.02,0.02,2.0,0.0,0.03747516425755585,18.6299991607666,1.3825219617455107,0.0
^VIX,2026-04-15,13.5,Call,12.75,13.05,11.45,1.0,0.0,0.03747516425755585,18.6299991607666,1.3825219617455107,0.0
^VIX,2026-04-15,13.5,Put,0.0,0.07,0.01,6.0,0.0,0.03747516425755585,18.6299991607666,1.3825219617455107,0.0
^VIX,2026-04-15,14.0,Call,12.25,12.5,11.95,1.0,0.0,0.03747516425755585,18.6299991607666,1.3825219617455107,0.0
^VIX,2026-04-15,14.0,Put,0.0,0.08,0.01,500.0,0.0,0.03747516425755585,18.6299991607666,1.3825219617455107,0.0
^VIX,2026-04-15,14.5,Call,11.75,12.0,9.6,102.0,0.0,0.03747516425755585,18.6299991607666,1.3825219617455107,0.0
^VIX,2026-04-15,14.5,Put,0.0,0.08,0.01,1001.0,0.0,0.03747516425755585,18.6299991607666,1.3825219617455107,0.0
^VIX,2026-04-15,15.0,Call,11.25,11.5,9.9,8.0,0.0,0.03747516425755585,18.6299991607666,1.3825219617455107,0.0
^VIX,2026-04-15,15.0,Put,0.0,0.08,0.01,1378.0,0.0,0.03747516425755585,18.6299991607666,1.3825219617455107,0.0
^VIX,2026-04-15,15.5,Call,10.75,11.05,8.6,11.0,0.0,0.03747516425755585,18.6299991607666,1.3825219617455107,0.0
^VIX,2026-04-15,15.5,Put,0.0,0.08,0.02,2500.0,0.0,0.03747516425755585,18.6299991607666,1.3825219617455107,0.0
^VIX,2026-04-15,16.0,Call,10.25,10.5,8.8,7.0,0.0,0.03747516425755585,18.6299991607666,1.3825219617455107,0.0
^VIX,2026-04-15,16.0,Put,0.0,0.09,0.03,44.0,0.0,0.03747516425755585,18.6299991607666,1.3825219617455107,0.0
^VIX,2026-04-15,16.5,Call,9.75,10.05,7.7,8.0,0.0,0.03747516425755585,18.6299991607666,1.3825219617455107,0.0
^VIX,2026-04-15,16.5,Put,0.0,0.1,0.04,2.0,0.0,0.03747516425755585,18.6299991607666,1.3825219617455107,0.0
^VIX,2026-04-15,17.0,Call,9.3,9.6,8.8,1.0,0.0,0.03747516425755585,18.6299991607666,1.3825219617455107,0.0
^VIX,2026-04-15,17.0,Put,0.04,0.11,0.04,14216.0,0.0,0.03747516425755585,18.6299991607666,1.3825219617455107,0.0
^VIX,2026-04-15,17.5,Call,8.8,9.05,8.55,3.0,0.0,0.03747516425755585,18.6299991607666,1.3825219617455107,0.0
^VIX,2026-04-15,17.5,Put,0.0,0.13,0.06,5054.0,0.0,0.03747516425755585,18.6299991607666,1.3825219617455107,0.0
^VIX,2026-04-15,18.0,Call,8.35,8.65,8.2,30.0,0.0,0.03747516425755585,18.6299991607666,1.3825219617455107,0.0
^VIX,2026-04-15,18.0,Put,0.09,0.16,0.1,30264.0,0.0,0.03747516425755585,18.6299991607666,1.3825219617455107,0.0
^VIX,2026-04-15,18.5,Call,7.85,8.15,7.56,50.0,0.0,0.03747516425755585,18.6299991607666,1.3825219617455107,0.0
^VIX,2026-04-15,18.5,Put,0.04,0.2,0.15,275.0,0.0,0.03747516425755585,18.6299991607666,1.3825219617455107,0.0
^VIX,2026-04-15,19.0,Call,7.45,7.7,7.55,32.0,0.0,0.03747516425755585,18.6299991607666,1.3825219617455107,0.0
^VIX,2026-04-15,19.0,Put,0.09,0.26,0.23,16407.0,0.0,0.03747516425755585,18.6299991607666,1.3825219617455107,0.0
^VIX,2026-04-15,19.5,Call,7.0,7.3,6.9,1.0,0.0,0.03747516425755585,18.6299991607666,1.3825219617455107,0.0
^VIX,2026-04-15,19.5,Put,0.15,0.33,0.28,2070.0,0.0,0.03747516425755585,18.6299991607666,1.3825219617455107,0.0
^VIX,2026-04-15,20.0,Call,6.55,6.85,6.3,372.0,0.0,0.03747516425755585,18.6299991607666,1.3825219617455107,0.0
^VIX,2026-04-15,20.0,Put,0.28,0.42,0.45,54869.0,0.0,0.03747516425755585,18.6299991607666,1.3825219617455107,0.0
^VIX,2026-04-15,20.5,Call,6.2,6.5,6.16,65.0,0.0,0.03747516425755585,18.6299991607666,1.3825219617455107,0.0
^VIX,2026-04-15,20.5,Put,0.35,0.54,0.5,59245.0,0.0,0.03747516425755585,18.6299991607666,1.3825219617455107,0.0
^VIX,2026-04-15,21.0,Call,5.85,6.15,6.0,287.0,0.0,0.03747516425755585,18.6299991607666,1.3825219617455107,0.0
^VIX,2026-04-15,21.0,Put,0.5,0.69,0.67,15728.0,0.0,0.03747516425755585,18.6299991607666,1.3825219617455107,0.0
^VIX,2026-04-15,21.5,Call,5.55,5.8,5.4,4.0,0.0,0.03747516425755585,18.6299991607666,1.3825219617455107,0.0
^VIX,2026-04-15,21.5,Put,0.66,0.86,0.84,500.0,0.0,0.03747516425755585,18.6299991607666,1.3825219617455107,0.0
^VIX,2026-04-15,22.0,Call,5.2,5.45,5.25,2307.0,0.0,0.03747516425755585,18.6299991607666,1.3825219617455107,0.0
^VIX,2026-04-15,22.0,Put,0.83,1.03,1.16,13183.0,0.0,0.03747516425755585,18.6299991607666,1.3825219617455107,0.0
^VIX,2026-04-15,22.5,Call,4.9,5.15,4.95,10.0,0.0,0.03747516425755585,18.6299991607666,1.3825219617455107,0.0
^VIX,2026-04-15,22.5,Put,1.03,1.23,1.4,901.0,0.0,0.03747516425755585,18.6299991607666,1.3825219617455107,0.0
^VIX,2026-04-15,23.0,Call,4.6,4.9,4.7,145.0,0.0,0.03747516425755585,18.6299991607666,1.3825219617455107,0.0
^VIX,2026-04-15,23.0,Put,1.25,1.46,1.61,23856.0,0.0,0.03747516425755585,18.6299991607666,1.3825219617455107,0.0
^VIX,2026-04-15,23.5,Call,4.4,4.65,4.43,278.0,0.0,0.03747516425755585,18.6299991607666,1.3825219617455107,0.0
^VIX,2026-04-15,23.5,Put,1.48,1.69,1.78,3925.0,0.0,0.03747516425755585,18.6299991607666,1.3825219617455107,0.0
^VIX,2026-04-15,24.0,Call,4.15,4.4,3.6,2352.0,0.0,0.03747516425755585,18.6299991607666,1.3825219617455107,0.0
^VIX,2026-04-15,24.0,Put,1.75,1.96,1.95,14977.0,0.0,0.03747516425755585,18.6299991607666,1.3825219617455107,0.0
^VIX,2026-04-15,24.5,Call,3.95,4.2,3.96,317.0,0.0,0.03747516425755585,18.6299991607666,1.3825219617455107,0.0
^VIX,2026-04-15,24.5,Put,2.04,2.25,2.28,9168.0,0.0,0.03747516425755585,18.6299991607666,1.3825219617455107,0.0
^VIX,2026-04-15,25.0,Call,3.7,4.0,3.55,12.0,0.0,0.03747516425755585,18.6299991607666,1.3825219617455107,0.0
^VIX,2026-04-15,25.0,Put,2.31,2.53,2.82,16232.0,0.0,0.03747516425755585,18.6299991607666,1.3825219617455107,0.0
^VIX,2026-04-15,26.0,Call,3.35,3.6,2.76,7856.0,0.0,0.03747516425755585,18.6299991607666,1.3825219617455107,0.0
^VIX,2026-04-15,26.0,Put,2.94,3.2,3.43,16747.0,0.0,0.03747516425755585,18.6299991607666,1.3825219617455107,0.0
^VIX,2026-04-15,27.0,Call,3.0,3.3,3.0,6.0,0.0,0.03747516425755585,18.6299991607666,1.3825219617455107,0.0
^VIX,2026-04-15,27.0,Put,3.6,3.85,3.92,497.0,0.0,0.03747516425755585,18.6299991607666,1.3825219617455107,0.0
^VIX,2026-04-15,28.0,Call,2.73,2.95,2.35,8928.0,0.0,0.03747516425755585,18.6299991607666,1.3825219617455107,0.0
^VIX,2026-04-15,28.0,Put,4.3,4.55,4.75,837.0,0.0,0.03747516425755585,18.6299991607666,1.3825219617455107,0.0
^VIX,2026-04-15,29.0,Call,2.48,2.71,2.58,4824.0,0.0,0.03747516425755585,18.6299991607666,1.3825219617455107,0.0
^VIX,2026-04-15,29.0,Put,5.05,5.3,5.3,1.0,0.0,0.03747516425755585,18.6299991607666,1.3825219617455107,0.0
^VIX,2026-04-15,30.0,Call,2.25,2.37,2.31,121.0,0.0,0.03747516425755585,18.6299991607666,1.3825219617455107,0.0
^VIX,2026-04-15,30.0,Put,5.8,6.05,6.65,44.0,0.0,0.03747516425755585,18.6299991607666,1.3825219617455107,0.0
^VIX,2026-04-15,31.0,Call,2.05,2.27,2.15,1019.0,0.0,0.03747516425755585,18.6299991607666,1.3825219617455107,0.0
^VIX,2026-04-15,31.0,Put,6.6,6.85,6.8,98.0,0.0,0.03747516425755585,18.6299991607666,1.3825219617455107,0.0
^VIX,2026-04-15,32.0,Call,1.88,2.1,2.0,218.0,0.0,0.03747516425755585,18.6299991607666,1.3825219617455107,0.0
^VIX,2026-04-15,32.0,Put,7.4,7.7,7.85,1.0,0.0,0.03747516425755585,18.6299991607666,1.3825219617455107,0.0
^VIX,2026-04-15,33.0,Call,1.75,1.96,1.64,832.0,0.0,0.03747516425755585,18.6299991607666,1.3825219617455107,0.0
^VIX,2026-04-15,33.0,Put,8.25,8.55,10.75,1.0,0.0,0.03747516425755585,18.6299991607666,1.3825219617455107,0.0
^VIX,2026-04-15,34.0,Call,1.61,1.82,1.69,15670.0,0.0,0.03747516425755585,18.6299991607666,1.3825219617455107,0.0
^VIX,2026-04-15,34.0,Put,9.15,9.4,9.75,5.0,0.0,0.03747516425755585,18.6299991607666,1.3825219617455107,0.0
^VIX,2026-04-15,35.0,Call,1.6,1.72,1.4,2.0,0.0,0.03747516425755585,18.6299991607666,1.3825219617455107,0.0
^VIX,2026-04-15,35.0,Put,10.0,10.3,10.9,190.0,0.0,0.03747516425755585,18.6299991607666,1.3825219617455107,0.0
^VIX,2026-04-15,36.0,Call,1.39,1.61,1.47,118.0,0.0,0.03747516425755585,18.6299991607666,1.3825219617455107,0.0
^VIX,2026-04-15,36.0,Put,10.95,11.2,12.8,2.0,0.0,0.03747516425755585,18.6299991607666,1.3825219617455107,0.0
^VIX,2026-04-15,37.0,Call,1.3,1.51,1.38,613.0,0.0,0.03747516425755585,18.6299991607666,1.3825219617455107,0.0
^VIX,2026-04-15,37.0,Put,11.85,12.1,13.75,269.0,0.0,0.03747516425755585,18.6299991607666,1.3825219617455107,0.0
^VIX,2026-04-15,38.0,Call,1.19,1.41,1.13,1.0,0.0,0.03747516425755585,18.6299991607666,1.3825219617455107,0.0
^VIX,2026-04-15,38.0,Put,12.7,13.0,14.3,25.0,0.0,0.03747516425755585,18.6299991607666,1.3825219617455107,0.0
^VIX,2026-04-15,39.0,Call,1.12,1.33,1.16,1629.0,0.0,0.03747516425755585,18.6299991607666,1.3825219617455107,0.0
^VIX,2026-04-15,39.0,Put,13.65,13.9,16.4,3.0,0.0,0.03747516425755585,18.6299991607666,1.3825219617455107,0.0
^VIX,2026-04-15,40.0,Call,1.05,1.2,0.96,4223.0,0.0,0.03747516425755585,18.6299991607666,1.3825219617455107,0.0
^VIX,2026-04-15,40.0,Put,14.55,14.7,15.2,15.0,0.0,0.03747516425755585,18.6299991607666,1.3825219617455107,0.0
^VIX,2026-04-15,42.5,Call,0.9,1.11,0.98,67.0,0.0,0.03747516425755585,18.6299991607666,1.3825219617455107,0.0
^VIX,2026-04-15,42.5,Put,16.9,17.2,16.55,242.0,0.0,0.03747516425755585,18.6299991607666,1.3825219617455107,0.0
^VIX,2026-04-15,45.0,Call,0.78,0.99,0.76,4855.0,0.0,0.03747516425755585,18.6299991607666,1.3825219617455107,0.0
^VIX,2026-04-15,45.0,Put,19.3,19.6,19.0,726.0,0.0,0.03747516425755585,18.6299991607666,1.3825219617455107,0.0
^VIX,2026-04-15,47.5,Call,0.68,0.89,0.79,144.0,0.0,0.03747516425755585,18.6299991607666,1.3825219617455107,0.0
^VIX,2026-04-15,47.5,Put,21.75,22.0,23.8,,0.0,0.03747516425755585,18.6299991607666,1.3825219617455107,0.0
^VIX,2026-04-15,50.0,Call,0.61,0.73,0.68,6046.0,0.0,0.03747516425755585,18.6299991607666,1.3825219617455107,0.0
^VIX,2026-04-15,50.0,Put,24.1,24.4,26.37,9.0,0.0,0.03747516425755585,18.6299991607666,1.3825219617455107,0.0
^VIX,2026-04-15,55.0,Call,0.48,0.69,0.51,1.0,0.0,0.03747516425755585,18.6299991607666,1.3825219617455107,0.0
^VIX,2026-04-15,55.0,Put,28.95,29.25,30.76,6.0,0.0,0.03747516425755585,18.6299991607666,1.3825219617455107,0.0
^VIX,2026-04-15,60.0,Call,0.37,0.58,0.4,788.0,0.0,0.03747516425755585,18.6299991607666,1.3825219617455107,0.0
^VIX,2026-04-15,60.0,Put,33.85,34.1,36.15,48.0,0.0,0.03747516425755585,18.6299991607666,1.3825219617455107,0.0
^VIX,2026-04-15,65.0,Call,0.29,0.5,0.38,472.0,0.0,0.03747516425755585,18.6299991607666,1.3825219617455107,0.0
^VIX,2026-04-15,65.0,Put,38.8,39.1,39.75,3.0,0.0,0.03747516425755585,18.6299991607666,1.3825219617455107,0.0
^VIX,2026-04-15,70.0,Call,0.21,0.42,0.35,2278.0,0.0,0.03747516425755585,18.6299991607666,1.3825219617455107,0.0
^VIX,2026-04-15,70.0,Put,43.7,43.95,44.0,3.0,0.0,0.03747516425755585,18.6299991607666,1.3825219617455107,0.0
^VIX,2026-04-15,75.0,Call,0.16,0.37,0.31,4135.0,0.0,0.03747516425755585,18.6299991607666,1.3825219617455107,0.0
^VIX,2026-04-15,80.0,Call,0.12,0.33,0.21,5378.0,0.0,0.03747516425755585,18.6299991607666,1.3825219617455107,0.0
^VIX,2026-04-15,80.0,Put,53.55,53.85,55.5,1.0,0.0,0.03747516425755585,18.6299991607666,1.3825219617455107,0.0
^VIX,2026-04-15,85.0,Call,0.09,0.3,0.19,27.0,0.0,0.03747516425755585,18.6299991607666,1.3825219617455107,0.0
^VIX,2026-04-15,85.0,Put,58.55,58.85,60.45,2.0,0.0,0.03747516425755585,18.6299991607666,1.3825219617455107,0.0
^VIX,2026-04-15,90.0,Call,0.07,0.27,0.17,306.0,0.0,0.03747516425755585,18.6299991607666,1.3825219617455107,0.0
^VIX,2026-04-15,90.0,Put,63.5,63.75,65.93,9.0,0.0,0.03747516425755585,18.6299991607666,1.3825219617455107,0.0
^VIX,2026-04-15,95.0,Call,0.04,0.25,0.16,51.0,0.0,0.03747516425755585,18.6299991607666,1.3825219617455107,0.0
^VIX,2026-04-15,95.0,Put,68.5,68.75,70.31,6.0,0.0,0.03747516425755585,18.6299991607666,1.3825219617455107,0.0
^VIX,2026-04-15,100.0,Call,0.03,0.23,0.14,786.0,0.0,0.03747516425755585,18.6299991607666,1.3825219617455107,0.0
^VIX,2026-04-15,100.0,Put,73.45,73.7,77.38,36.0,0.0,0.03747516425755585,18.6299991607666,1.3825219617455107,0.0
^VIX,2026-04-15,110.0,Call,0.01,0.21,0.08,36.0,0.0,0.03747516425755585,18.6299991607666,1.3825219617455107,0.0
^VIX,2026-04-15,110.0,Put,83.45,83.7,86.52,5.0,0.0,0.03747516425755585,18.6299991607666,1.3825219617455107,0.0
^VIX,2026-04-15,120.0,Call,0.0,0.18,0.06,36.0,0.0,0.03747516425755585,18.6299991607666,1.3825219617455107,0.0
^VIX,2026-04-15,120.0,Put,67.5,0.0,95.2,,1.0,0.03747516425755585,18.6299991607666,1.3825219617455107,0.0
^VIX,2026-04-15,130.0,Call,0.0,0.17,0.05,10.0,0.0,0.03747516425755585,18.6299991607666,1.3825219617455107,0.0
^VIX,2026-04-15,140.0,Call,0.0,0.16,0.05,11.0,0.0,0.03747516425755585,18.6299991607666,1.3825219617455107,0.0
^VIX,2026-04-15,150.0,Call,0.0,0.15,0.02,1.0,0.0,0.03747516425755585,18.6299991607666,1.3825219617455107,0.0
^VIX,2026-04-15,150.0,Put,125.85,127.0,128.3,,8.0,0.03747516425755585,18.6299991607666,1.3825219617455107,0.0
^VIX,2026-04-15,160.0,Call,0.01,0.14,0.03,1.0,0.0,0.03747516425755585,18.6299991607666,1.3825219617455107,0.0
^VIX,2026-04-15,170.0,Call,0.0,0.14,0.01,34.0,0.0,0.03747516425755585,18.6299991607666,1.3825219617455107,0.0
^VIX,2026-04-15,180.0,Call,0.0,0.13,0.02,9.0,0.0,0.03747516425755585,18.6299991607666,1.3825219617455107,0.0
^VIX,2026-04-15,180.0,Put,153.15,153.45,153.99,1.0,0.0,0.03747516425755585,18.6299991607666,1.3825219617455107,0.0
^VIX,2026-04-15,190.0,Call,0.0,0.13,0.01,3.0,0.0,0.03747516425755585,18.6299991607666,1.3825219617455107,0.0
^VIX,2026-04-15,200.0,Call,0.0,0.13,0.01,34.0,0.0,0.03747516425755585,18.6299991607666,1.3825219617455107,0.0
^VIX,2026-04-15,200.0,Put,173.1,173.4,178.21,20.0,0.0,0.03747516425755585,18.6299991607666,1.3825219617455107,0.0
^VIX,2026-04-22,10.0,Call,12.78,18.78,17.0,1.0,0.0,0.03742917214191853,18.6299991607666,1.3825219617455107,0.0
^VIX,2026-04-22,12.0,Put,0.0,0.02,0.01,30.0,0.0,0.03742917214191853,18.6299991607666,1.3825219617455107,0.0
^VIX,2026-04-22,14.0,Put,0.0,0.05,0.04,5.0,0.0,0.03742917214191853,18.6299991607666,1.3825219617455107,0.0
^VIX,2026-04-22,15.0,Call,7.81,13.8,10.0,,0.0,0.03742917214191853,18.6299991607666,1.3825219617455107,0.0
^VIX,2026-04-22,15.0,Put,0.0,0.06,0.01,1.0,0.0,0.03742917214191853,18.6299991607666,1.3825219617455107,0.0
^VIX,2026-04-22,16.0,Call,6.84,12.8,8.4,1.0,0.0,0.03742917214191853,18.6299991607666,1.3825219617455107,0.0
^VIX,2026-04-22,16.0,Put,0.0,0.08,0.07,12.0,0.0,0.03742917214191853,18.6299991607666,1.3825219617455107,0.0
^VIX,2026-04-22,17.0,Put,0.0,0.17,0.03,5.0,0.0,0.03742917214191853,18.6299991607666,1.3825219617455107,0.0
^VIX,2026-04-22,18.0,Call,5.1,10.83,8.16,883.0,0.0,0.03742917214191853,18.6299991607666,1.3825219617455107,0.0
^VIX,2026-04-22,18.0,Put,0.01,0.35,0.19,15.0,0.0,0.03742917214191853,18.6299991607666,1.3825219617455107,0.0
^VIX,2026-04-22,19.0,Call,4.38,9.88,7.2,7.0,0.0,0.03742917214191853,18.6299991607666,1.3825219617455107,0.0
^VIX,2026-04-22,19.0,Put,0.05,0.62,0.34,51.0,0.0,0.03742917214191853,18.6299991607666,1.3825219617455107,0.0
^VIX,2026-04-22,20.0,Call,3.78,9.0,6.4,10.0,0.0,0.03742917214191853,18.6299991607666,1.3825219617455107,0.0
^VIX,2026-04-22,20.0,Put,0.5,1.02,0.64,22.0,0.0,0.03742917214191853,18.6299991607666,1.3825219617455107,0.0
^VIX,2026-04-22,21.0,Call,3.29,8.19,5.8,5.0,0.0,0.03742917214191853,18.6299991607666,1.3825219617455107,0.0
^VIX,2026-04-22,21.0,Put,0.4,1.54,0.95,7.0,0.0,0.03742917214191853,18.6299991607666,1.3825219617455107,0.0
^VIX,2026-04-22,22.0,Call,2.89,7.47,5.25,9.0,0.0,0.03742917214191853,18.6299991607666,1.3825219617455107,0.0
^VIX,2026-04-22,22.0,Put,1.36,2.11,1.42,7.0,0.0,0.03742917214191853,18.6299991607666,1.3825219617455107,0.0
^VIX,2026-04-22,23.0,Call,2.55,6.5,4.49,13.0,0.0,0.03742917214191853,18.6299991607666,1.3825219617455107,0.0
^VIX,2026-04-22,23.0,Put,0.99,2.8,1.93,7.0,0.0,0.03742917214191853,18.6299991607666,1.3825219617455107,0.0
^VIX,2026-04-22,24.0,Call,2.22,6.34,4.35,50.0,0.0,0.03742917214191853,18.6299991607666,1.3825219617455107,0.0
^VIX,2026-04-22,24.0,Put,1.47,3.46,2.64,53.0,0.0,0.03742917214191853,18.6299991607666,1.3825219617455107,0.0
^VIX,2026-04-22,25.0,Call,1.97,5.84,3.97,82.0,0.0,0.03742917214191853,18.6299991607666,1.3825219617455107,0.0
^VIX,2026-04-22,25.0,Put,1.93,4.1,3.1,24.0,0.0,0.03742917214191853,18.6299991607666,1.3825219617455107,0.0
^VIX,2026-04-22,26.0,Call,1.72,5.39,3.43,128.0,0.0,0.03742917214191853,18.6299991607666,1.3825219617455107,0.0
^VIX,2026-04-22,26.0,Put,2.52,4.96,3.9,25.0,0.0,0.03742917214191853,18.6299991607666,1.3825219617455107,0.0
^VIX,2026-04-22,27.0,Call,1.59,5.06,3.15,103.0,0.0,0.03742917214191853,18.6299991607666,1.3825219617455107,0.0
^VIX,2026-04-22,27.0,Put,3.1,5.75,4.51,42.0,0.0,0.03742917214191853,18.6299991607666,1.3825219617455107,0.0
^VIX,2026-04-22,28.0,Call,1.35,4.59,2.97,70.0,0.0,0.03742917214191853,18.6299991607666,1.3825219617455107,0.0
^VIX,2026-04-22,28.0,Put,3.71,6.58,5.25,1.0,0.0,0.03742917214191853,18.6299991607666,1.3825219617455107,0.0
^VIX,2026-04-22,29.0,Call,1.21,4.18,2.7,21.0,0.0,0.03742917214191853,18.6299991607666,1.3825219617455107,0.0
^VIX,2026-04-22,29.0,Put,4.35,7.44,7.2,1.0,0.0,0.03742917214191853,18.6299991607666,1.3825219617455107,0.0
^VIX,2026-04-22,30.0,Call,1.1,3.91,2.2,294.0,0.0,0.03742917214191853,18.6299991607666,1.3825219617455107,0.0
^VIX,2026-04-22,30.0,Put,5.03,8.32,6.75,55.0,0.0,0.03742917214191853,18.6299991607666,1.3825219617455107,0.0
^VIX,2026-04-22,31.0,Call,1.01,3.62,2.35,32.0,0.0,0.03742917214191853,18.6299991607666,1.3825219617455107,0.0
^VIX,2026-04-22,32.0,Call,0.94,3.35,2.16,19.0,0.0,0.03742917214191853,18.6299991607666,1.3825219617455107,0.0
^VIX,2026-04-22,33.0,Call,0.88,3.11,2.03,11.0,0.0,0.03742917214191853,18.6299991607666,1.3825219617455107,0.0
^VIX,2026-04-22,33.0,Put,7.22,11.1,9.55,15.0,0.0,0.03742917214191853,18.6299991607666,1.3825219617455107,0.0
^VIX,2026-04-22,34.0,Call,0.84,2.9,1.61,2.0,0.0,0.03742917214191853,18.6299991607666,1.3825219617455107,0.0
^VIX,2026-04-22,35.0,Call,0.8,2.72,1.75,171.0,0.0,0.03742917214191853,18.6299991607666,1.3825219617455107,0.0
^VIX,2026-04-22,36.0,Call,0.77,2.56,1.4,101.0,0.0,0.03742917214191853,18.6299991607666,1.3825219617455107,0.0
^VIX,2026-04-22,37.0,Call,0.73,2.42,1.6,250.0,0.0,0.03742917214191853,18.6299991607666,1.3825219617455107,0.0
^VIX,2026-04-22,38.0,Call,0.71,2.3,1.5,28.0,0.0,0.03742917214191853,18.6299991607666,1.3825219617455107,0.0
^VIX,2026-04-22,39.0,Call,0.67,2.2,1.4,12.0,0.0,0.03742917214191853,18.6299991607666,1.3825219617455107,0.0
^VIX,2026-04-22,40.0,Call,0.64,2.1,1.38,322.0,0.0,0.03742917214191853,18.6299991607666,1.3825219617455107,0.0
^VIX,2026-04-22,42.5,Call,0.56,1.91,1.14,67.0,0.0,0.03742917214191853,18.6299991607666,1.3825219617455107,0.0
^VIX,2026-04-22,42.5,Put,15.5,20.25,19.65,,0.0,0.03742917214191853,18.6299991607666,1.3825219617455107,0.0
^VIX,2026-04-22,45.0,Call,0.52,1.77,1.15,2.0,0.0,0.03742917214191853,18.6299991607666,1.3825219617455107,0.0
^VIX,2026-04-22,47.5,Call,0.4,1.59,0.76,1.0,0.0,0.03742917214191853,18.6299991607666,1.3825219617455107,0.0
^VIX,2026-04-22,50.0,Call,0.35,1.46,0.94,27.0,0.0,0.03742917214191853,18.6299991607666,1.3825219617455107,0.0
^VIX,2026-04-22,55.0,Call,0.27,1.23,0.73,2.0,0.0,0.03742917214191853,18.6299991607666,1.3825219617455107,0.0
^VIX,2026-04-22,60.0,Call,0.21,1.04,0.6,123.0,0.0,0.03742917214191853,18.6299991607666,1.3825219617455107,0.0
^VIX,2026-04-22,65.0,Call,0.17,0.88,0.52,8.0,0.0,0.03742917214191853,18.6299991607666,1.3825219617455107,0.0
^VIX,2026-04-22,65.0,Put,36.91,42.31,40.2,,0.0,0.03742917214191853,18.6299991607666,1.3825219617455107,0.0
^VIX,2026-04-22,70.0,Call,0.14,0.76,0.36,2.0,0.0,0.03742917214191853,18.6299991607666,1.3825219617455107,0.0
^VIX,2026-04-22,70.0,Put,41.77,47.26,44.87,1.0,0.0,0.03742917214191853,18.6299991607666,1.3825219617455107,0.0
^VIX,2026-04-22,75.0,Call,0.12,0.65,0.4,6.0,0.0,0.03742917214191853,18.6299991607666,1.3825219617455107,0.0
^VIX,2026-04-22,80.0,Call,0.09,0.57,0.23,1.0,0.0,0.03742917214191853,18.6299991607666,1.3825219617455107,0.0
^VIX,2026-04-22,85.0,Call,0.08,0.5,0.26,4.0,0.0,0.03742917214191853,18.6299991607666,1.3825219617455107,0.0
^VIX,2026-04-22,100.0,Call,0.04,0.37,0.21,20.0,0.0,0.03742917214191853,18.6299991607666,1.3825219617455107,0.0
^VIX,2026-05-19,10.0,Call,14.9,15.2,14.04,31.0,0.0,0.037251773981603155,18.6299991607666,1.3825219617455107,0.0
^VIX,2026-05-19,10.0,Put,0.0,0.02,0.02,190.0,0.0,0.037251773981603155,18.6299991607666,1.3825219617455107,0.0
^VIX,2026-05-19,10.5,Call,11.4,11.65,11.5,5.0,6.0,0.037251773981603155,18.6299991607666,1.3825219617455107,0.0
^VIX,2026-05-19,10.5,Put,0.0,0.62,0.03,1.0,2.0,0.037251773981603155,18.6299991607666,1.3825219617455107,0.0
^VIX,2026-05-19,11.0,Call,13.9,14.2,12.85,3.0,0.0,0.037251773981603155,18.6299991607666,1.3825219617455107,0.0
^VIX,2026-05-19,11.0,Put,0.0,0.02,0.03,7.0,0.0,0.037251773981603155,18.6299991607666,1.3825219617455107,0.0
^VIX,2026-05-19,11.5,Call,13.4,13.7,11.98,1.0,0.0,0.037251773981603155,18.6299991607666,1.3825219617455107,0.0
^VIX,2026-05-19,11.5,Put,0.0,0.0,0.01,1.0,107.0,0.037251773981603155,18.6299991607666,1.3825219617455107,0.0
^VIX,2026-05-19,12.0,Call,12.95,13.2,11.64,2.0,0.0,0.037251773981603155,18.6299991607666,1.3825219617455107,0.0
^VIX,2026-05-19,12.0,Put,0.0,0.12,0.01,1.0,0.0,0.037251773981603155,18.6299991607666,1.3825219617455107,0.0
^VIX,2026-05-19,12.5,Call,12.4,12.7,8.7,50.0,0.0,0.037251773981603155,18.6299991607666,1.3825219617455107,0.0
^VIX,2026-05-19,12.5,Put,0.0,0.13,0.01,22.0,0.0,0.037251773981603155,18.6299991607666,1.3825219617455107,0.0
^VIX,2026-05-19,13.0,Call,11.95,12.2,11.6,18.0,0.0,0.037251773981603155,18.6299991607666,1.3825219617455107,0.0
^VIX,2026-05-19,13.0,Put,0.0,0.13,0.01,3.0,0.0,0.037251773981603155,18.6299991607666,1.3825219617455107,0.0
^VIX,2026-05-19,13.5,Call,11.45,11.7,9.75,3.0,0.0,0.037251773981603155,18.6299991607666,1.3825219617455107,0.0
^VIX,2026-05-19,13.5,Put,0.0,0.14,0.02,2.0,0.0,0.037251773981603155,18.6299991607666,1.3825219617455107,0.0
^VIX,2026-05-19,14.0,Call,10.95,11.2,10.8,1.0,0.0,0.037251773981603155,18.6299991607666,1.3825219617455107,0.0
^VIX,2026-05-19,14.0,Put,0.0,0.15,0.02,1004.0,0.0,0.037251773981603155,18.6299991607666,1.3825219617455107,0.0
^VIX,2026-05-19,14.5,Call,10.45,10.75,8.6,1.0,0.0,0.037251773981603155,18.6299991607666,1.3825219617455107,0.0
^VIX,2026-05-19,14.5,Put,0.01,0.16,0.02,2.0,0.0,0.037251773981603155,18.6299991607666,1.3825219617455107,0.0
^VIX,2026-05-19,15.0,Call,9.95,10.2,9.95,12.0,0.0,0.037251773981603155,18.6299991607666,1.3825219617455107,0.0
^VIX,2026-05-19,15.0,Put,0.02,0.18,0.04,9.0,0.0,0.037251773981603155,18.6299991607666,1.3825219617455107,0.0
^VIX,2026-05-19,15.5,Put,0.04,0.22,0.05,3.0,0.0,0.037251773981603155,18.6299991607666,1.3825219617455107,0.0
^VIX,2026-05-19,16.0,Call,9.0,9.3,8.4,2.0,0.0,0.037251773981603155,18.6299991607666,1.3825219617455107,0.0
^VIX,2026-05-19,16.0,Put,0.07,0.28,0.08,5105.0,0.0,0.037251773981603155,18.6299991607666,1.3825219617455107,0.0
^VIX,2026-05-19,16.5,Put,0.11,0.36,0.13,1570.0,0.0,0.037251773981603155,18.6299991607666,1.3825219617455107,0.0
^VIX,2026-05-19,17.0,Call,8.1,8.4,7.98,6.0,0.0,0.037251773981603155,18.6299991607666,1.3825219617455107,0.0
^VIX,2026-05-19,17.0,Put,0.19,0.47,0.2,595.0,0.0,0.037251773981603155,18.6299991607666,1.3825219617455107,0.0
^VIX,2026-05-19,17.5,Put,0.07,0.6,0.3,2240.0,0.0,0.037251773981603155,18.6299991607666,1.3825219617455107,0.0
^VIX,2026-05-19,18.0,Call,7.35,7.6,6.57,5.0,0.0,0.037251773981603155,18.6299991607666,1.3825219617455107,0.0
^VIX,2026-05-19,18.0,Put,0.17,0.54,0.44,16896.0,0.0,0.037251773981603155,18.6299991607666,1.3825219617455107,0.0
^VIX,2026-05-19,18.5,Call,7.0,7.25,5.95,10.0,0.0,0.037251773981603155,18.6299991607666,1.3825219617455107,0.0
^VIX,2026-05-19,18.5,Put,0.32,0.7,0.57,52.0,0.0,0.037251773981603155,18.6299991607666,1.3825219617455107,0.0
^VIX,2026-05-19,19.0,Call,6.65,6.95,6.65,24.0,0.0,0.037251773981603155,18.6299991607666,1.3825219617455107,0.0
^VIX,2026-05-19,19.0,Put,0.54,0.89,0.72,2072.0,0.0,0.037251773981603155,18.6299991607666,1.3825219617455107,0.0
^VIX,2026-05-19,19.5,Call,6.35,6.65,5.25,200.0,0.0,0.037251773981603155,18.6299991607666,1.3825219617455107,0.0
^VIX,2026-05-19,19.5,Put,0.71,1.1,1.02,8.0,0.0,0.037251773981603155,18.6299991607666,1.3825219617455107,0.0
^VIX,2026-05-19,20.0,Call,6.1,6.4,5.78,2.0,0.0,0.037251773981603155,18.6299991607666,1.3825219617455107,0.0
^VIX,2026-05-19,20.0,Put,1.05,1.32,1.22,1225.0,0.0,0.037251773981603155,18.6299991607666,1.3825219617455107,0.0
^VIX,2026-05-19,20.5,Put,1.15,1.57,1.37,8.0,0.0,0.037251773981603155,18.6299991607666,1.3825219617455107,0.0
^VIX,2026-05-19,21.0,Call,5.6,5.85,5.55,174.0,0.0,0.037251773981603155,18.6299991607666,1.3825219617455107,0.0
^VIX,2026-05-19,21.0,Put,1.39,1.83,1.64,10077.0,0.0,0.037251773981603155,18.6299991607666,1.3825219617455107,0.0
^VIX,2026-05-19,21.5,Call,5.35,5.65,4.6,3.0,0.0,0.037251773981603155,18.6299991607666,1.3825219617455107,0.0
^VIX,2026-05-19,21.5,Put,1.65,2.13,1.93,2.0,0.0,0.037251773981603155,18.6299991607666,1.3825219617455107,0.0
^VIX,2026-05-19,22.0,Call,5.1,5.4,5.1,253.0,0.0,0.037251773981603155,18.6299991607666,1.3825219617455107,0.0
^VIX,2026-05-19,22.0,Put,1.93,2.41,2.36,10077.0,0.0,0.037251773981603155,18.6299991607666,1.3825219617455107,0.0
^VIX,2026-05-19,22.5,Put,2.22,2.72,2.48,1.0,0.0,0.037251773981603155,18.6299991607666,1.3825219617455107,0.0
^VIX,2026-05-19,23.0,Call,4.75,5.0,4.7,675.0,0.0,0.037251773981603155,18.6299991607666,1.3825219617455107,0.0
^VIX,2026-05-19,23.0,Put,2.53,2.9,2.81,4535.0,0.0,0.037251773981603155,18.6299991607666,1.3825219617455107,0.0
^VIX,2026-05-19,23.5,Call,4.6,4.85,4.48,35.0,0.0,0.037251773981603155,18.6299991607666,1.3825219617455107,0.0
^VIX,2026-05-19,23.5,Put,2.84,3.25,3.15,5.0,0.0,0.037251773981603155,18.6299991607666,1.3825219617455107,0.0
^VIX,2026-05-19,24.0,Call,4.4,4.7,4.3,933.0,0.0,0.037251773981603155,18.6299991607666,1.3825219617455107,0.0
^VIX,2026-05-19,24.0,Put,3.3,3.55,3.45,139.0,0.0,0.037251773981603155,18.6299991607666,1.3825219617455107,0.0
^VIX,2026-05-19,24.5,Call,4.25,4.5,4.13,468.0,0.0,0.037251773981603155,18.6299991607666,1.3825219617455107,0.0
^VIX,2026-05-19,24.5,Put,3.6,3.9,3.7,464.0,0.0,0.037251773981603155,18.6299991607666,1.3825219617455107,0.0
^VIX,2026-05-19,25.0,Call,4.1,4.35,3.83,2.0,0.0,0.037251773981603155,18.6299991607666,1.3825219617455107,0.0
^VIX,2026-05-19,25.0,Put,3.95,4.2,4.3,3136.0,0.0,0.037251773981603155,18.6299991607666,1.3825219617455107,0.0
^VIX,2026-05-19,26.0,Call,3.8,4.05,3.92,253.0,0.0,0.037251773981603155,18.6299991607666,1.3825219617455107,0.0
^VIX,2026-05-19,26.0,Put,4.65,4.95,4.85,13.0,0.0,0.037251773981603155,18.6299991607666,1.3825219617455107,0.0
^VIX,2026-05-19,27.0,Call,3.55,3.8,3.4,185.0,0.0,0.037251773981603155,18.6299991607666,1.3825219617455107,0.0
^VIX,2026-05-19,27.0,Put,5.4,5.65,5.6,36.0,0.0,0.037251773981603155,18.6299991607666,1.3825219617455107,0.0
^VIX,2026-05-19,28.0,Call,3.3,3.55,3.4,3594.0,0.0,0.037251773981603155,18.6299991607666,1.3825219617455107,0.0
^VIX,2026-05-19,28.0,Put,6.15,6.4,6.4,33.0,0.0,0.037251773981603155,18.6299991607666,1.3825219617455107,0.0
^VIX,2026-05-19,29.0,Call,2.95,3.35,3.1,209.0,0.0,0.037251773981603155,18.6299991607666,1.3825219617455107,0.0
^VIX,2026-05-19,29.0,Put,6.95,7.2,7.5,31.0,0.0,0.037251773981603155,18.6299991607666,1.3825219617455107,0.0
^VIX,2026-05-19,30.0,Call,2.78,3.2,2.75,1006.0,0.0,0.037251773981603155,18.6299991607666,1.3825219617455107,0.0
^VIX,2026-05-19,30.0,Put,7.75,8.0,8.2,10.0,0.0,0.037251773981603155,18.6299991607666,1.3825219617455107,0.0
^VIX,2026-05-19,31.0,Call,2.59,3.15,2.76,3517.0,0.0,0.037251773981603155,18.6299991607666,1.3825219617455107,0.0
^VIX,2026-05-19,31.0,Put,8.55,8.8,9.32,20.0,0.0,0.037251773981603155,18.6299991607666,1.3825219617455107,0.0
^VIX,2026-05-19,32.0,Call,2.43,2.95,2.44,5171.0,0.0,0.037251773981603155,18.6299991607666,1.3825219617455107,0.0
^VIX,2026-05-19,32.0,Put,9.4,9.65,10.24,15.0,0.0,0.037251773981603155,18.6299991607666,1.3825219617455107,0.0
^VIX,2026-05-19,33.0,Call,2.28,2.8,2.29,2761.0,0.0,0.037251773981603155,18.6299991607666,1.3825219617455107,0.0
^VIX,2026-05-19,33.0,Put,10.25,10.5,11.07,10.0,0.0,0.037251773981603155,18.6299991607666,1.3825219617455107,0.0
^VIX,2026-05-19,34.0,Call,2.16,2.68,2.36,4.0,0.0,0.037251773981603155,18.6299991607666,1.3825219617455107,0.0
^VIX,2026-05-19,34.0,Put,11.1,11.35,11.4,13.0,0.0,0.037251773981603155,18.6299991607666,1.3825219617455107,0.0
^VIX,2026-05-19,35.0,Call,2.04,2.5,2.11,2163.0,0.0,0.037251773981603155,18.6299991607666,1.3825219617455107,0.0
^VIX,2026-05-19,35.0,Put,12.0,12.25,12.2,1.0,0.0,0.037251773981603155,18.6299991607666,1.3825219617455107,0.0
^VIX,2026-05-19,36.0,Call,1.93,2.45,2.13,2.0,0.0,0.037251773981603155,18.6299991607666,1.3825219617455107,0.0
^VIX,2026-05-19,36.0,Put,12.85,13.15,16.15,2.0,0.0,0.037251773981603155,18.6299991607666,1.3825219617455107,0.0
^VIX,2026-05-19,37.0,Call,1.82,2.34,2.07,8060.0,0.0,0.037251773981603155,18.6299991607666,1.3825219617455107,0.0
^VIX,2026-05-19,37.0,Put,13.8,14.05,15.65,2.0,0.0,0.037251773981603155,18.6299991607666,1.3825219617455107,0.0
^VIX,2026-05-19,38.0,Call,1.73,2.24,1.89,52.0,0.0,0.037251773981603155,18.6299991607666,1.3825219617455107,0.0
^VIX,2026-05-19,38.0,Put,14.65,14.95,15.47,1.0,0.0,0.037251773981603155,18.6299991607666,1.3825219617455107,0.0
^VIX,2026-05-19,39.0,Call,1.65,2.17,1.88,6.0,0.0,0.037251773981603155,18.6299991607666,1.3825219617455107,0.0
^VIX,2026-05-19,39.0,Put,15.55,15.85,17.9,,0.0,0.037251773981603155,18.6299991607666,1.3825219617455107,0.0
^VIX,2026-05-19,40.0,Call,1.57,2.0,1.67,3889.0,0.0,0.037251773981603155,18.6299991607666,1.3825219617455107,0.0
^VIX,2026-05-19,40.0,Put,16.5,16.75,16.28,2.0,0.0,0.037251773981603155,18.6299991607666,1.3825219617455107,0.0
^VIX,2026-05-19,42.5,Call,1.4,1.91,1.62,13.0,0.0,0.037251773981603155,18.6299991607666,1.3825219617455107,0.0
^VIX,2026-05-19,42.5,Put,18.8,19.05,22.24,2.0,0.0,0.037251773981603155,18.6299991607666,1.3825219617455107,0.0
^VIX,2026-05-19,45.0,Call,1.25,1.76,1.47,570.0,0.0,0.037251773981603155,18.6299991607666,1.3825219617455107,0.0
^VIX,2026-05-19,45.0,Put,21.15,21.4,22.25,50.0,0.0,0.037251773981603155,18.6299991607666,1.3825219617455107,0.0
^VIX,2026-05-19,47.5,Call,1.12,1.62,1.35,254.0,0.0,0.037251773981603155,18.6299991607666,1.3825219617455107,0.0
^VIX,2026-05-19,47.5,Put,23.5,23.75,25.2,,0.0,0.037251773981603155,18.6299991607666,1.3825219617455107,0.0
^VIX,2026-05-19,50.0,Call,1.0,1.45,1.21,2426.0,0.0,0.037251773981603155,18.6299991607666,1.3825219617455107,0.0
^VIX,2026-05-19,50.0,Put,25.85,26.1,26.7,2.0,0.0,0.037251773981603155,18.6299991607666,1.3825219617455107,0.0
^VIX,2026-05-19,55.0,Call,0.81,1.23,1.02,4088.0,0.0,0.037251773981603155,18.6299991607666,1.3825219617455107,0.0
^VIX,2026-05-19,55.0,Put,30.65,30.9,31.8,1.0,0.0,0.037251773981603155,18.6299991607666,1.3825219617455107,0.0
^VIX,2026-05-19,60.0,Call,0.65,1.08,0.89,1052.0,0.0,0.037251773981603155,18.6299991607666,1.3825219617455107,0.0
^VIX,2026-05-19,60.0,Put,35.45,35.7,37.22,2.0,0.0,0.037251773981603155,18.6299991607666,1.3825219617455107,0.0
^VIX,2026-05-19,65.0,Call,0.55,0.95,0.75,1021.0,0.0,0.037251773981603155,18.6299991607666,1.3825219617455107,0.0
^VIX,2026-05-19,70.0,Call,0.41,0.86,0.63,3561.0,0.0,0.037251773981603155,18.6299991607666,1.3825219617455107,0.0
^VIX,2026-05-19,70.0,Put,45.15,45.4,46.12,3.0,0.0,0.037251773981603155,18.6299991607666,1.3825219617455107,0.0
^VIX,2026-05-19,75.0,Call,0.33,0.78,0.61,6002.0,0.0,0.037251773981603155,18.6299991607666,1.3825219617455107,0.0
^VIX,2026-05-19,80.0,Call,0.27,0.72,0.5,73.0,0.0,0.037251773981603155,18.6299991607666,1.3825219617455107,0.0
^VIX,2026-05-19,80.0,Put,58.8,59.0,57.32,1.0,3.0,0.037251773981603155,18.6299991607666,1.3825219617455107,0.0
^VIX,2026-05-19,85.0,Call,0.22,0.69,0.44,5007.0,0.0,0.037251773981603155,18.6299991607666,1.3825219617455107,0.0
^VIX,2026-05-19,85.0,Put,59.85,60.1,60.27,1.0,0.0,0.037251773981603155,18.6299991607666,1.3825219617455107,0.0
^VIX,2026-05-19,90.0,Call,0.17,0.65,0.36,2.0,0.0,0.037251773981603155,18.6299991607666,1.3825219617455107,0.0
^VIX,2026-05-19,90.0,Put,68.6,68.75,67.03,1.0,2.0,0.037251773981603155,18.6299991607666,1.3825219617455107,0.0
^VIX,2026-05-19,95.0,Call,0.13,0.61,0.32,10.0,0.0,0.037251773981603155,18.6299991607666,1.3825219617455107,0.0
^VIX,2026-05-19,100.0,Call,0.1,0.57,0.32,1389.0,0.0,0.037251773981603155,18.6299991607666,1.3825219617455107,0.0
^VIX,2026-05-19,100.0,Put,74.65,74.9,76.59,2.0,0.0,0.037251773981603155,18.6299991607666,1.3825219617455107,0.0
^VIX,2026-05-19,110.0,Call,0.05,0.5,0.3,61.0,0.0,0.037251773981603155,18.6299991607666,1.3825219617455107,0.0
^VIX,2026-05-19,110.0,Put,84.55,84.8,85.47,3.0,0.0,0.037251773981603155,18.6299991607666,1.3825219617455107,0.0
^VIX,2026-05-19,120.0,Call,0.02,0.47,0.22,2.0,0.0,0.037251773981603155,18.6299991607666,1.3825219617455107,0.0
^VIX,2026-05-19,120.0,Put,95.5,96.15,95.75,,1.0,0.037251773981603155,18.6299991607666,1.3825219617455107,0.0
^VIX,2026-05-19,130.0,Call,0.0,0.45,0.18,1.0,0.0,0.037251773981603155,18.6299991607666,1.3825219617455107,0.0
^VIX,2026-05-19,130.0,Put,107.7,108.15,104.5,,1.0,0.037251773981603155,18.6299991607666,1.3825219617455107,0.0
^VIX,2026-05-19,140.0,Call,0.0,0.45,0.19,1.0,0.0,0.037251773981603155,18.6299991607666,1.3825219617455107,0.0
^VIX,2026-05-19,140.0,Put,115.3,115.8,115.55,,1.0,0.037251773981603155,18.6299991607666,1.3825219617455107,0.0
^VIX,2026-05-19,150.0,Call,0.0,0.45,0.16,100.0,0.0,0.037251773981603155,18.6299991607666,1.3825219617455107,0.0
^VIX,2026-05-19,160.0,Call,0.0,0.45,0.18,25.0,0.0,0.037251773981603155,18.6299991607666,1.3825219617455107,0.0
^VIX,2026-05-19,170.0,Call,0.0,0.45,0.12,103.0,0.0,0.037251773981603155,18.6299991607666,1.3825219617455107,0.0
^VIX,2026-05-19,180.0,Call,0.0,0.45,0.12,100.0,0.0,0.037251773981603155,18.6299991607666,1.3825219617455107,0.0
^VIX,2026-05-19,180.0,Put,154.0,154.3,154.25,,0.0,0.037251773981603155,18.6299991607666,1.3825219617455107,0.0
^VIX,2026-05-19,190.0,Call,0.0,0.45,0.12,7.0,0.0,0.037251773981603155,18.6299991607666,1.3825219617455107,0.0
^VIX,2026-05-19,200.0,Call,0.0,0.45,0.1,12.0,0.0,0.037251773981603155,18.6299991607666,1.3825219617455107,0.0
^VIX,2026-05-19,200.0,Put,173.85,174.1,174.95,31.0,0.0,0.037251773981603155,18.6299991607666,1.3825219617455107,0.0
^VIX,2026-06-17,10.0,Call,14.3,14.55,13.73,18.0,0.0,0.037269382391590014,18.6299991607666,1.3825219617455107,0.0
^VIX,2026-06-17,10.0,Put,0.0,0.03,0.01,1.0,47.0,0.037269382391590014,18.6299991607666,1.3825219617455107,0.0
^VIX,2026-06-17,10.5,Call,13.8,14.05,13.16,1.0,0.0,0.037269382391590014,18.6299991607666,1.3825219617455107,0.0
^VIX,2026-06-17,10.5,Put,0.0,0.11,0.04,2.0,2.0,0.037269382391590014,18.6299991607666,1.3825219617455107,0.0
^VIX,2026-06-17,11.0,Call,13.35,13.55,12.85,5.0,0.0,0.037269382391590014,18.6299991607666,1.3825219617455107,0.0
^VIX,2026-06-17,11.0,Put,0.0,0.02,0.02,1.0,0.0,0.037269382391590014,18.6299991607666,1.3825219617455107,0.0
^VIX,2026-06-17,11.5,Call,12.8,13.05,12.35,,0.0,0.037269382391590014,18.6299991607666,1.3825219617455107,0.0
^VIX,2026-06-17,11.5,Put,0.0,0.14,0.02,1.0,205.0,0.037269382391590014,18.6299991607666,1.3825219617455107,0.0
^VIX,2026-06-17,12.0,Call,12.3,12.55,11.0,1.0,0.0,0.037269382391590014,18.6299991607666,1.3825219617455107,0.0
^VIX,2026-06-17,12.0,Put,0.0,0.05,0.01,200.0,0.0,0.037269382391590014,18.6299991607666,1.3825219617455107,0.0
^VIX,2026-06-17,12.5,Call,11.85,12.05,11.0,50.0,0.0,0.037269382391590014,18.6299991607666,1.3825219617455107,0.0
^VIX,2026-06-17,12.5,Put,0.0,0.05,0.01,47.0,0.0,0.037269382391590014,18.6299991607666,1.3825219617455107,0.0
^VIX,2026-06-17,13.0,Call,11.35,11.55,11.3,137.0,0.0,0.037269382391590014,18.6299991607666,1.3825219617455107,0.0
^VIX,2026-06-17,13.0,Put,0.0,0.05,0.01,1000.0,0.0,0.037269382391590014,18.6299991607666,1.3825219617455107,0.0
^VIX,2026-06-17,13.5,Call,10.85,11.05,10.15,5.0,0.0,0.037269382391590014,18.6299991607666,1.3825219617455107,0.0
^VIX,2026-06-17,13.5,Put,0.0,0.05,0.03,50.0,0.0,0.037269382391590014,18.6299991607666,1.3825219617455107,0.0
^VIX,2026-06-17,14.0,Call,10.35,10.6,9.0,3.0,0.0,0.037269382391590014,18.6299991607666,1.3825219617455107,0.0
^VIX,2026-06-17,14.0,Put,0.0,0.06,0.04,20.0,0.0,0.037269382391590014,18.6299991607666,1.3825219617455107,0.0
^VIX,2026-06-17,14.5,Call,9.85,10.05,9.25,2.0,0.0,0.037269382391590014,18.6299991607666,1.3825219617455107,0.0
^VIX,2026-06-17,14.5,Put,0.0,0.07,0.05,11.0,0.0,0.037269382391590014,18.6299991607666,1.3825219617455107,0.0
^VIX,2026-06-17,15.0,Call,9.4,9.6,9.35,49.0,0.0,0.037269382391590014,18.6299991607666,1.3825219617455107,0.0
^VIX,2026-06-17,15.0,Put,0.0,0.09,0.05,119.0,0.0,0.037269382391590014,18.6299991607666,1.3825219617455107,0.0
^VIX,2026-06-17,16.0,Call,8.45,8.7,8.48,2.0,0.0,0.037269382391590014,18.6299991607666,1.3825219617455107,0.0
^VIX,2026-06-17,16.0,Put,0.05,0.2,0.17,349.0,0.0,0.037269382391590014,18.6299991607666,1.3825219617455107,0.0
^VIX,2026-06-17,17.0,Call,7.7,7.9,7.75,11.0,0.0,0.037269382391590014,18.6299991607666,1.3825219617455107,0.0
^VIX,2026-06-17,17.0,Put,0.2,0.39,0.36,4261.0,0.0,0.037269382391590014,18.6299991607666,1.3825219617455107,0.0
^VIX,2026-06-17,18.0,Call,7.0,7.2,7.01,1002.0,0.0,0.037269382391590014,18.6299991607666,1.3825219617455107,0.0
^VIX,2026-06-17,18.0,Put,0.55,0.68,0.72,1.0,0.0,0.037269382391590014,18.6299991607666,1.3825219617455107,0.0
^VIX,2026-06-17,19.0,Call,6.4,6.6,6.0,2.0,0.0,0.037269382391590014,18.6299991607666,1.3825219617455107,0.0
^VIX,2026-06-17,19.0,Put,0.9,1.1,1.07,43130.0,0.0,0.037269382391590014,18.6299991607666,1.3825219617455107,0.0
^VIX,2026-06-17,20.0,Call,5.9,6.1,5.9,67.0,0.0,0.037269382391590014,18.6299991607666,1.3825219617455107,0.0
^VIX,2026-06-17,20.0,Put,1.38,1.6,1.46,7138.0,0.0,0.037269382391590014,18.6299991607666,1.3825219617455107,0.0
^VIX,2026-06-17,21.0,Call,5.45,5.65,5.1,30.0,0.0,0.037269382391590014,18.6299991607666,1.3825219617455107,0.0
^VIX,2026-06-17,21.0,Put,1.91,2.15,2.04,25.0,0.0,0.037269382391590014,18.6299991607666,1.3825219617455107,0.0
^VIX,2026-06-17,22.0,Call,5.05,5.25,5.1,207.0,0.0,0.037269382391590014,18.6299991607666,1.3825219617455107,0.0
^VIX,2026-06-17,22.0,Put,2.5,2.75,2.63,112.0,0.0,0.037269382391590014,18.6299991607666,1.3825219617455107,0.0
^VIX,2026-06-17,23.0,Call,4.7,4.9,4.4,37.0,0.0,0.037269382391590014,18.6299991607666,1.3825219617455107,0.0
^VIX,2026-06-17,23.0,Put,3.15,3.35,3.25,166.0,0.0,0.037269382391590014,18.6299991607666,1.3825219617455107,0.0
^VIX,2026-06-17,24.0,Call,4.35,4.55,4.4,7268.0,0.0,0.037269382391590014,18.6299991607666,1.3825219617455107,0.0
^VIX,2026-06-17,24.0,Put,3.85,4.05,3.95,6107.0,0.0,0.037269382391590014,18.6299991607666,1.3825219617455107,0.0
^VIX,2026-06-17,25.0,Call,4.05,4.3,4.15,870.0,0.0,0.037269382391590014,18.6299991607666,1.3825219617455107,0.0
^VIX,2026-06-17,25.0,Put,4.55,4.7,4.63,129.0,0.0,0.037269382391590014,18.6299991607666,1.3825219617455107,0.0
^VIX,2026-06-17,26.0,Call,3.8,4.0,3.85,34.0,0.0,0.037269382391590014,18.6299991607666,1.3825219617455107,0.0
^VIX,2026-06-17,26.0,Put,5.25,5.45,5.7,14.0,0.0,0.037269382391590014,18.6299991607666,1.3825219617455107,0.0
^VIX,2026-06-17,27.0,Call,3.55,3.75,3.6,47.0,0.0,0.037269382391590014,18.6299991607666,1.3825219617455107,0.0
^VIX,2026-06-17,27.0,Put,6.0,6.2,6.25,5.0,0.0,0.037269382391590014,18.6299991607666,1.3825219617455107,0.0
^VIX,2026-06-17,28.0,Call,3.35,3.55,3.5,220.0,0.0,0.037269382391590014,18.6299991607666,1.3825219617455107,0.0
^VIX,2026-06-17,28.0,Put,6.8,7.0,6.93,19.0,0.0,0.037269382391590014,18.6299991607666,1.3825219617455107,0.0
^VIX,2026-06-17,29.0,Call,3.15,3.35,3.23,1122.0,0.0,0.037269382391590014,18.6299991607666,1.3825219617455107,0.0
^VIX,2026-06-17,29.0,Put,7.6,7.8,7.75,10.0,0.0,0.037269382391590014,18.6299991607666,1.3825219617455107,0.0
^VIX,2026-06-17,30.0,Call,2.94,3.2,3.1,686.0,0.0,0.037269382391590014,18.6299991607666,1.3825219617455107,0.0
^VIX,2026-06-17,30.0,Put,8.4,8.6,8.6,16.0,0.0,0.037269382391590014,18.6299991607666,1.3825219617455107,0.0
^VIX,2026-06-17,31.0,Call,2.79,3.05,2.85,44.0,0.0,0.037269382391590014,18.6299991607666,1.3825219617455107,0.0
^VIX,2026-06-17,31.0,Put,9.25,9.45,9.4,1.0,0.0,0.037269382391590014,18.6299991607666,1.3825219617455107,0.0
^VIX,2026-06-17,32.0,Call,2.65,2.92,2.84,11.0,0.0,0.037269382391590014,18.6299991607666,1.3825219617455107,0.0
^VIX,2026-06-17,32.0,Put,10.05,10.25,10.3,13.0,0.0,0.037269382391590014,18.6299991607666,1.3825219617455107,0.0
^VIX,2026-06-17,33.0,Call,2.5,2.77,2.61,2.0,0.0,0.037269382391590014,18.6299991607666,1.3825219617455107,0.0
^VIX,2026-06-17,33.0,Put,10.95,11.15,11.64,30.0,0.0,0.037269382391590014,18.6299991607666,1.3825219617455107,0.0
^VIX,2026-06-17,34.0,Call,2.39,2.66,2.49,1.0,0.0,0.037269382391590014,18.6299991607666,1.3825219617455107,0.0
^VIX,2026-06-17,34.0,Put,11.8,12.0,12.35,20.0,0.0,0.037269382391590014,18.6299991607666,1.3825219617455107,0.0
^VIX,2026-06-17,35.0,Call,2.27,2.54,2.3,174.0,0.0,0.037269382391590014,18.6299991607666,1.3825219617455107,0.0
^VIX,2026-06-17,35.0,Put,12.65,12.85,13.72,2.0,0.0,0.037269382391590014,18.6299991607666,1.3825219617455107,0.0
^VIX,2026-06-17,36.0,Call,2.16,2.43,2.06,51.0,0.0,0.037269382391590014,18.6299991607666,1.3825219617455107,0.0
^VIX,2026-06-17,36.0,Put,15.05,15.4,15.5,5.0,5.0,0.037269382391590014,18.6299991607666,1.3825219617455107,0.0
^VIX,2026-06-17,37.0,Call,2.06,2.33,2.14,5.0,0.0,0.037269382391590014,18.6299991607666,1.3825219617455107,0.0
^VIX,2026-06-17,37.0,Put,15.65,16.0,17.07,1.0,2.0,0.037269382391590014,18.6299991607666,1.3825219617455107,0.0
^VIX,2026-06-17,38.0,Call,1.98,2.24,2.07,14.0,0.0,0.037269382391590014,18.6299991607666,1.3825219617455107,0.0
^VIX,2026-06-17,39.0,Call,1.89,2.16,1.93,11.0,0.0,0.037269382391590014,18.6299991607666,1.3825219617455107,0.0
^VIX,2026-06-17,40.0,Call,1.81,2.07,1.96,303.0,0.0,0.037269382391590014,18.6299991607666,1.3825219617455107,0.0
^VIX,2026-06-17,40.0,Put,17.15,17.35,17.9,32.0,0.0,0.037269382391590014,18.6299991607666,1.3825219617455107,0.0
^VIX,2026-06-17,42.5,Call,1.63,1.89,1.76,26.0,0.0,0.037269382391590014,18.6299991607666,1.3825219617455107,0.0
^VIX,2026-06-17,42.5,Put,19.45,19.65,21.3,,0.0,0.037269382391590014,18.6299991607666,1.3825219617455107,0.0
^VIX,2026-06-17,45.0,Call,1.48,1.74,1.58,173.0,0.0,0.037269382391590014,18.6299991607666,1.3825219617455107,0.0
^VIX,2026-06-17,45.0,Put,21.8,22.0,22.6,71.0,0.0,0.037269382391590014,18.6299991607666,1.3825219617455107,0.0
^VIX,2026-06-17,47.5,Call,1.35,1.61,1.46,72.0,0.0,0.037269382391590014,18.6299991607666,1.3825219617455107,0.0
^VIX,2026-06-17,47.5,Put,24.15,24.35,24.7,1.0,0.0,0.037269382391590014,18.6299991607666,1.3825219617455107,0.0
^VIX,2026-06-17,50.0,Call,1.23,1.44,1.32,4994.0,0.0,0.037269382391590014,18.6299991607666,1.3825219617455107,0.0
^VIX,2026-06-17,50.0,Put,26.5,26.7,27.8,27.0,0.0,0.037269382391590014,18.6299991607666,1.3825219617455107,0.0
^VIX,2026-06-17,55.0,Call,1.04,1.29,1.1,1330.0,0.0,0.037269382391590014,18.6299991607666,1.3825219617455107,0.0
^VIX,2026-06-17,55.0,Put,31.25,31.45,32.65,1.0,0.0,0.037269382391590014,18.6299991607666,1.3825219617455107,0.0
^VIX,2026-06-17,60.0,Call,0.88,1.0,0.9,10518.0,0.0,0.037269382391590014,18.6299991607666,1.3825219617455107,0.0
^VIX,2026-06-17,60.0,Put,36.05,36.25,36.92,2.0,0.0,0.037269382391590014,18.6299991607666,1.3825219617455107,0.0
^VIX,2026-06-17,65.0,Call,0.75,0.9,0.82,19400.0,0.0,0.037269382391590014,18.6299991607666,1.3825219617455107,0.0
^VIX,2026-06-17,70.0,Call,0.64,0.89,0.75,79.0,0.0,0.037269382391590014,18.6299991607666,1.3825219617455107,0.0
^VIX,2026-06-17,70.0,Put,46.05,48.15,47.62,,1.0,0.037269382391590014,18.6299991607666,1.3825219617455107,0.0
^VIX,2026-06-17,75.0,Call,0.46,0.79,0.66,65.0,0.0,0.037269382391590014,18.6299991607666,1.3825219617455107,0.0
^VIX,2026-06-17,80.0,Call,0.39,0.71,0.6,16.0,0.0,0.037269382391590014,18.6299991607666,1.3825219617455107,0.0
^VIX,2026-06-17,80.0,Put,58.4,58.6,57.02,4.0,0.0,0.037269382391590014,18.6299991607666,1.3825219617455107,0.0
^VIX,2026-06-17,85.0,Call,0.32,0.64,0.54,10.0,0.0,0.037269382391590014,18.6299991607666,1.3825219617455107,0.0
^VIX,2026-06-17,90.0,Call,0.27,0.59,0.46,104.0,0.0,0.037269382391590014,18.6299991607666,1.3825219617455107,0.0
^VIX,2026-06-17,90.0,Put,65.25,65.45,65.6,16.0,0.0,0.037269382391590014,18.6299991607666,1.3825219617455107,0.0
^VIX,2026-06-17,95.0,Call,0.22,0.54,0.44,20.0,0.0,0.037269382391590014,18.6299991607666,1.3825219617455107,0.0
^VIX,2026-06-17,95.0,Put,71.2,71.7,71.0,1.0,1.0,0.037269382391590014,18.6299991607666,1.3825219617455107,0.0
^VIX,2026-06-17,100.0,Call,0.18,0.48,0.42,128.0,0.0,0.037269382391590014,18.6299991607666,1.3825219617455107,0.0
^VIX,2026-06-17,100.0,Put,75.05,75.3,76.04,2.0,0.0,0.037269382391590014,18.6299991607666,1.3825219617455107,0.0
^VIX,2026-06-17,110.0,Call,0.13,0.45,0.31,111.0,0.0,0.037269382391590014,18.6299991607666,1.3825219617455107,0.0
^VIX,2026-06-17,120.0,Call,0.08,0.48,0.31,33.0,0.0,0.037269382391590014,18.6299991607666,1.3825219617455107,0.0
^VIX,2026-06-17,120.0,Put,95.45,95.95,95.4,1.0,1.0,0.037269382391590014,18.6299991607666,1.3825219617455107,0.0
^VIX,2026-06-17,130.0,Call,0.05,0.44,0.32,45.0,0.0,0.037269382391590014,18.6299991607666,1.3825219617455107,0.0
^VIX,2026-06-17,140.0,Call,0.02,0.42,0.2,3.0,0.0,0.037269382391590014,18.6299991607666,1.3825219617455107,0.0
^VIX,2026-06-17,150.0,Call,0.0,0.4,0.2,1.0,0.0,0.037269382391590014,18.6299991607666,1.3825219617455107,0.0
^VIX,2026-06-17,150.0,Put,124.45,125.35,124.5,,0.0,0.037269382391590014,18.6299991607666,1.3825219617455107,0.0
^VIX,2026-06-17,160.0,Call,0.11,0.38,0.16,65.0,0.0,0.037269382391590014,18.6299991607666,1.3825219617455107,0.0
^VIX,2026-06-17,170.0,Call,0.1,0.36,0.16,100.0,0.0,0.037269382391590014,18.6299991607666,1.3825219617455107,0.0
^VIX,2026-06-17,180.0,Call,0.08,0.35,0.15,100.0,0.0,0.037269382391590014,18.6299991607666,1.3825219617455107,0.0
^VIX,2026-06-17,190.0,Call,0.07,0.34,0.12,150.0,0.0,0.037269382391590014,18.6299991607666,1.3825219617455107,0.0
^VIX,2026-06-17,190.0,Put,163.6,164.15,164.61,140.0,0.0,0.037269382391590014,18.6299991607666,1.3825219617455107,0.0
^VIX,2026-06-17,200.0,Call,0.06,0.32,0.14,10.0,0.0,0.037269382391590014,18.6299991607666,1.3825219617455107,0.0
^VIX,2026-06-17,200.0,Put,173.9,174.15,174.68,18.0,0.0,0.037269382391590014,18.6299991607666,1.3825219617455107,0.0
^VIX,2026-07-22,10.0,Call,14.1,14.3,14.22,2.0,0.0,0.037215637319316694,18.6299991607666,1.3825219617455107,0.0
^VIX,2026-07-22,10.0,Put,0.0,0.02,0.01,1.0,0.0,0.037215637319316694,18.6299991607666,1.3825219617455107,0.0
^VIX,2026-07-22,10.5,Call,12.05,13.0,10.45,1.0,7.0,0.037215637319316694,18.6299991607666,1.3825219617455107,0.0
^VIX,2026-07-22,10.5,Put,0.0,0.02,0.01,21.0,0.0,0.037215637319316694,18.6299991607666,1.3825219617455107,0.0
^VIX,2026-07-22,11.0,Call,13.1,13.35,12.68,2.0,0.0,0.037215637319316694,18.6299991607666,1.3825219617455107,0.0
^VIX,2026-07-22,11.0,Put,0.0,0.19,0.02,,10.0,0.037215637319316694,18.6299991607666,1.3825219617455107,0.0
^VIX,2026-07-22,11.5,Call,12.6,12.85,11.4,4.0,0.0,0.037215637319316694,18.6299991607666,1.3825219617455107,0.0
^VIX,2026-07-22,11.5,Put,0.0,0.28,0.01,1.0,9.0,0.037215637319316694,18.6299991607666,1.3825219617455107,0.0
^VIX,2026-07-22,12.0,Call,12.1,12.35,11.5,1.0,0.0,0.037215637319316694,18.6299991607666,1.3825219617455107,0.0
^VIX,2026-07-22,12.0,Put,0.0,0.05,0.02,1.0,0.0,0.037215637319316694,18.6299991607666,1.3825219617455107,0.0
^VIX,2026-07-22,12.5,Call,11.6,11.85,11.2,2.0,0.0,0.037215637319316694,18.6299991607666,1.3825219617455107,0.0
^VIX,2026-07-22,12.5,Put,0.0,0.06,0.02,40.0,0.0,0.037215637319316694,18.6299991607666,1.3825219617455107,0.0
^VIX,2026-07-22,13.0,Call,11.1,11.35,10.45,1.0,0.0,0.037215637319316694,18.6299991607666,1.3825219617455107,0.0
^VIX,2026-07-22,13.0,Put,0.0,0.06,0.02,633.0,0.0,0.037215637319316694,18.6299991607666,1.3825219617455107,0.0
^VIX,2026-07-22,13.5,Call,10.65,10.85,10.83,1.0,0.0,0.037215637319316694,18.6299991607666,1.3825219617455107,0.0
^VIX,2026-07-22,13.5,Put,0.0,0.06,0.03,4.0,0.0,0.037215637319316694,18.6299991607666,1.3825219617455107,0.0
^VIX,2026-07-22,14.0,Call,10.15,10.4,9.55,161.0,0.0,0.037215637319316694,18.6299991607666,1.3825219617455107,0.0
^VIX,2026-07-22,14.0,Put,0.04,0.07,0.05,2.0,0.0,0.037215637319316694,18.6299991607666,1.3825219617455107,0.0
^VIX,2026-07-22,14.5,Call,9.65,9.9,9.35,6.0,0.0,0.037215637319316694,18.6299991607666,1.3825219617455107,0.0
^VIX,2026-07-22,14.5,Put,0.0,0.08,0.07,10.0,0.0,0.037215637319316694,18.6299991607666,1.3825219617455107,0.0
^VIX,2026-07-22,15.0,Call,9.2,9.45,9.3,1.0,0.0,0.037215637319316694,18.6299991607666,1.3825219617455107,0.0
^VIX,2026-07-22,15.0,Put,0.0,0.11,0.11,27.0,0.0,0.037215637319316694,18.6299991607666,1.3825219617455107,0.0
^VIX,2026-07-22,16.0,Call,8.3,8.55,8.52,2.0,0.0,0.037215637319316694,18.6299991607666,1.3825219617455107,0.0
^VIX,2026-07-22,16.0,Put,0.11,0.23,0.23,33.0,0.0,0.037215637319316694,18.6299991607666,1.3825219617455107,0.0
^VIX,2026-07-22,17.0,Call,7.55,7.8,7.75,2.0,0.0,0.037215637319316694,18.6299991607666,1.3825219617455107,0.0
^VIX,2026-07-22,17.0,Put,0.33,0.46,0.44,737.0,0.0,0.037215637319316694,18.6299991607666,1.3825219617455107,0.0
^VIX,2026-07-22,18.0,Call,6.9,7.1,7.07,14.0,0.0,0.037215637319316694,18.6299991607666,1.3825219617455107,0.0
^VIX,2026-07-22,18.0,Put,0.63,0.78,0.78,3043.0,0.0,0.037215637319316694,18.6299991607666,1.3825219617455107,0.0
^VIX,2026-07-22,19.0,Call,6.3,6.55,6.55,8.0,0.0,0.037215637319316694,18.6299991607666,1.3825219617455107,0.0
^VIX,2026-07-22,19.0,Put,1.04,1.2,1.26,12.0,0.0,0.037215637319316694,18.6299991607666,1.3825219617455107,0.0
^VIX,2026-07-22,20.0,Call,5.8,6.05,5.96,136.0,0.0,0.037215637319316694,18.6299991607666,1.3825219617455107,0.0
^VIX,2026-07-22,20.0,Put,1.54,1.69,1.66,2039.0,0.0,0.037215637319316694,18.6299991607666,1.3825219617455107,0.0
^VIX,2026-07-22,21.0,Call,5.4,5.6,5.5,22.0,0.0,0.037215637319316694,18.6299991607666,1.3825219617455107,0.0
^VIX,2026-07-22,21.0,Put,2.09,2.25,2.14,13.0,0.0,0.037215637319316694,18.6299991607666,1.3825219617455107,0.0
^VIX,2026-07-22,22.0,Call,5.0,5.25,4.95,10.0,0.0,0.037215637319316694,18.6299991607666,1.3825219617455107,0.0
^VIX,2026-07-22,22.0,Put,2.7,2.86,2.82,11.0,0.0,0.037215637319316694,18.6299991607666,1.3825219617455107,0.0
^VIX,2026-07-22,23.0,Call,4.65,4.9,4.78,2.0,0.0,0.037215637319316694,18.6299991607666,1.3825219617455107,0.0
^VIX,2026-07-22,23.0,Put,3.3,3.55,3.44,49.0,0.0,0.037215637319316694,18.6299991607666,1.3825219617455107,0.0
^VIX,2026-07-22,24.0,Call,4.35,4.6,4.2,1010.0,0.0,0.037215637319316694,18.6299991607666,1.3825219617455107,0.0
^VIX,2026-07-22,24.0,Put,4.0,4.2,4.15,1034.0,0.0,0.037215637319316694,18.6299991607666,1.3825219617455107,0.0
^VIX,2026-07-22,25.0,Call,4.05,4.3,4.2,10016.0,0.0,0.037215637319316694,18.6299991607666,1.3825219617455107,0.0
^VIX,2026-07-22,25.0,Put,4.7,4.9,4.95,10027.0,0.0,0.037215637319316694,18.6299991607666,1.3825219617455107,0.0
^VIX,2026-07-22,26.0,Call,3.85,4.05,3.9,11.0,0.0,0.037215637319316694,18.6299991607666,1.3825219617455107,0.0
^VIX,2026-07-22,26.0,Put,5.4,5.65,5.55,10.0,0.0,0.037215637319316694,18.6299991607666,1.3825219617455107,0.0
^VIX,2026-07-22,27.0,Call,3.6,3.8,3.7,153.0,0.0,0.037215637319316694,18.6299991607666,1.3825219617455107,0.0
^VIX,2026-07-22,27.0,Put,6.2,6.4,6.42,2.0,0.0,0.037215637319316694,18.6299991607666,1.3825219617455107,0.0
^VIX,2026-07-22,28.0,Call,3.35,3.6,3.53,16.0,0.0,0.037215637319316694,18.6299991607666,1.3825219617455107,0.0
^VIX,2026-07-22,28.0,Put,6.95,7.2,7.1,13.0,0.0,0.037215637319316694,18.6299991607666,1.3825219617455107,0.0
^VIX,2026-07-22,29.0,Call,3.2,3.4,3.32,21.0,0.0,0.037215637319316694,18.6299991607666,1.3825219617455107,0.0
^VIX,2026-07-22,29.0,Put,7.75,7.95,8.1,2.0,0.0,0.037215637319316694,18.6299991607666,1.3825219617455107,0.0
^VIX,2026-07-22,30.0,Call,3.0,3.2,3.1,64.0,0.0,0.037215637319316694,18.6299991607666,1.3825219617455107,0.0
^VIX,2026-07-22,30.0,Put,8.55,8.8,8.72,24.0,0.0,0.037215637319316694,18.6299991607666,1.3825219617455107,0.0
^VIX,2026-07-22,31.0,Call,2.87,3.05,2.99,2.0,0.0,0.037215637319316694,18.6299991607666,1.3825219617455107,0.0
^VIX,2026-07-22,31.0,Put,9.4,9.6,9.53,2.0,0.0,0.037215637319316694,18.6299991607666,1.3825219617455107,0.0
^VIX,2026-07-22,32.0,Call,2.72,2.89,2.86,32.0,0.0,0.037215637319316694,18.6299991607666,1.3825219617455107,0.0
^VIX,2026-07-22,32.0,Put,10.25,10.45,10.41,10.0,0.0,0.037215637319316694,18.6299991607666,1.3825219617455107,0.0
^VIX,2026-07-22,33.0,Call,2.59,2.76,2.68,185.0,0.0,0.037215637319316694,18.6299991607666,1.3825219617455107,0.0
^VIX,2026-07-22,33.0,Put,11.1,11.3,12.04,,0.0,0.037215637319316694,18.6299991607666,1.3825219617455107,0.0
^VIX,2026-07-22,34.0,Call,2.47,2.63,2.58,135.0,0.0,0.037215637319316694,18.6299991607666,1.3825219617455107,0.0
^VIX,2026-07-22,35.0,Call,2.35,2.52,2.41,11.0,0.0,0.037215637319316694,18.6299991607666,1.3825219617455107,0.0
^VIX,2026-07-22,35.0,Put,12.8,13.05,13.34,1.0,0.0,0.037215637319316694,18.6299991607666,1.3825219617455107,0.0
^VIX,2026-07-22,36.0,Call,2.25,2.41,2.31,1.0,0.0,0.037215637319316694,18.6299991607666,1.3825219617455107,0.0
^VIX,2026-07-22,36.0,Put,13.7,13.9,15.55,1.0,0.0,0.037215637319316694,18.6299991607666,1.3825219617455107,0.0
^VIX,2026-07-22,37.0,Call,2.15,2.31,2.1,2.0,0.0,0.037215637319316694,18.6299991607666,1.3825219617455107,0.0
^VIX,2026-07-22,37.0,Put,14.6,14.8,14.7,,0.0,0.037215637319316694,18.6299991607666,1.3825219617455107,0.0
^VIX,2026-07-22,38.0,Call,2.06,2.22,2.19,1.0,0.0,0.037215637319316694,18.6299991607666,1.3825219617455107,0.0
^VIX,2026-07-22,39.0,Call,1.96,2.13,2.06,3.0,0.0,0.037215637319316694,18.6299991607666,1.3825219617455107,0.0
^VIX,2026-07-22,39.0,Put,16.6,16.95,18.75,,2.0,0.037215637319316694,18.6299991607666,1.3825219617455107,0.0
^VIX,2026-07-22,40.0,Call,1.88,2.05,1.95,376.0,0.0,0.037215637319316694,18.6299991607666,1.3825219617455107,0.0
^VIX,2026-07-22,40.0,Put,17.3,17.5,18.15,1.0,0.0,0.037215637319316694,18.6299991607666,1.3825219617455107,0.0
^VIX,2026-07-22,42.5,Call,1.7,1.85,1.8,22.0,0.0,0.037215637319316694,18.6299991607666,1.3825219617455107,0.0
^VIX,2026-07-22,42.5,Put,19.55,19.8,21.0,,0.0,0.037215637319316694,18.6299991607666,1.3825219617455107,0.0
^VIX,2026-07-22,45.0,Call,1.55,1.69,1.6,1016.0,0.0,0.037215637319316694,18.6299991607666,1.3825219617455107,0.0
^VIX,2026-07-22,45.0,Put,21.85,22.1,22.8,3.0,0.0,0.037215637319316694,18.6299991607666,1.3825219617455107,0.0
^VIX,2026-07-22,47.5,Call,1.41,1.55,1.41,1.0,0.0,0.037215637319316694,18.6299991607666,1.3825219617455107,0.0
^VIX,2026-07-22,50.0,Call,1.29,1.43,1.42,1.0,0.0,0.037215637319316694,18.6299991607666,1.3825219617455107,0.0
^VIX,2026-07-22,50.0,Put,26.55,26.8,27.6,2.0,0.0,0.037215637319316694,18.6299991607666,1.3825219617455107,0.0
^VIX,2026-07-22,55.0,Call,1.09,1.22,1.22,12.0,0.0,0.037215637319316694,18.6299991607666,1.3825219617455107,0.0
^VIX,2026-07-22,60.0,Call,0.92,1.05,1.05,1.0,0.0,0.037215637319316694,18.6299991607666,1.3825219617455107,0.0
^VIX,2026-07-22,65.0,Call,0.79,0.92,0.9,20.0,0.0,0.037215637319316694,18.6299991607666,1.3825219617455107,0.0
^VIX,2026-07-22,70.0,Call,0.68,0.79,0.77,21.0,0.0,0.037215637319316694,18.6299991607666,1.3825219617455107,0.0
^VIX,2026-07-22,75.0,Call,0.58,0.7,0.65,6780.0,0.0,0.037215637319316694,18.6299991607666,1.3825219617455107,0.0
^VIX,2026-07-22,80.0,Call,0.51,0.62,0.59,6783.0,0.0,0.037215637319316694,18.6299991607666,1.3825219617455107,0.0
^VIX,2026-07-22,80.0,Put,56.35,56.7,58.25,,1.0,0.037215637319316694,18.6299991607666,1.3825219617455107,0.0
^VIX,2026-07-22,85.0,Call,0.44,0.56,0.53,6779.0,0.0,0.037215637319316694,18.6299991607666,1.3825219617455107,0.0
^VIX,2026-07-22,90.0,Call,0.39,0.51,0.47,1.0,0.0,0.037215637319316694,18.6299991607666,1.3825219617455107,0.0
^VIX,2026-07-22,95.0,Call,0.35,0.47,0.43,6760.0,0.0,0.037215637319316694,18.6299991607666,1.3825219617455107,0.0
^VIX,2026-07-22,100.0,Call,0.32,0.43,0.4,6761.0,0.0,0.037215637319316694,18.6299991607666,1.3825219617455107,0.0
^VIX,2026-07-22,100.0,Put,74.95,75.2,76.03,1.0,0.0,0.037215637319316694,18.6299991607666,1.3825219617455107,0.0
^VIX,2026-07-22,110.0,Call,0.27,0.38,0.35,2.0,0.0,0.037215637319316694,18.6299991607666,1.3825219617455107,0.0
^VIX,2026-07-22,110.0,Put,86.95,87.3,85.0,,1.0,0.037215637319316694,18.6299991607666,1.3825219617455107,0.0
^VIX,2026-07-22,120.0,Call,0.23,0.34,0.34,6771.0,0.0,0.037215637319316694,18.6299991607666,1.3825219617455107,0.0
^VIX,2026-07-22,120.0,Put,96.7,97.1,94.85,,1.0,0.037215637319316694,18.6299991607666,1.3825219617455107,0.0
^VIX,2026-07-22,130.0,Call,0.21,0.31,0.25,3.0,0.0,0.037215637319316694,18.6299991607666,1.3825219617455107,0.0
^VIX,2026-07-22,140.0,Call,0.18,0.28,0.28,33.0,0.0,0.037215637319316694,18.6299991607666,1.3825219617455107,0.0
^VIX,2026-07-22,150.0,Call,0.16,0.26,0.17,1.0,0.0,0.037215637319316694,18.6299991607666,1.3825219617455107,0.0
^VIX,2026-07-22,150.0,Put,124.1,124.4,125.18,1.0,0.0,0.037215637319316694,18.6299991607666,1.3825219617455107,0.0
^VIX,2026-07-22,160.0,Call,0.14,0.24,0.23,1.0,0.0,0.037215637319316694,18.6299991607666,1.3825219617455107,0.0
^VIX,2026-07-22,170.0,Call,0.13,0.23,0.21,1.0,0.0,0.037215637319316694,18.6299991607666,1.3825219617455107,0.0
^VIX,2026-07-22,180.0,Call,0.12,0.22,0.16,200.0,0.0,0.037215637319316694,18.6299991607666,1.3825219617455107,0.0
^VIX,2026-07-22,190.0,Call,0.1,0.2,0.15,600.0,0.0,0.037215637319316694,18.6299991607666,1.3825219617455107,0.0
^VIX,2026-07-22,200.0,Call,0.09,0.19,0.15,100.0,0.0,0.037215637319316694,18.6299991607666,1.3825219617455107,0.0
^VIX,2026-08-19,10.0,Call,13.75,14.0,13.94,2.0,0.0,0.03731452036793693,18.6299991607666,1.3825219617455107,0.0
^VIX,2026-08-19,10.0,Put,0.0,0.04,0.01,4.0,605.0,0.03731452036793693,18.6299991607666,1.3825219617455107,0.0
^VIX,2026-08-19,10.5,Call,13.25,13.5,12.7,6.0,0.0,0.03731452036793693,18.6299991607666,1.3825219617455107,0.0
^VIX,2026-08-19,10.5,Put,0.0,0.02,0.01,,0.0,0.03731452036793693,18.6299991607666,1.3825219617455107,0.0
^VIX,2026-08-19,11.0,Call,12.75,13.0,12.46,60.0,0.0,0.03731452036793693,18.6299991607666,1.3825219617455107,0.0
^VIX,2026-08-19,11.0,Put,0.0,0.02,0.02,,0.0,0.03731452036793693,18.6299991607666,1.3825219617455107,0.0
^VIX,2026-08-19,11.5,Call,12.3,12.55,11.65,3.0,0.0,0.03731452036793693,18.6299991607666,1.3825219617455107,0.0
^VIX,2026-08-19,11.5,Put,0.0,0.06,0.01,208.0,0.0,0.03731452036793693,18.6299991607666,1.3825219617455107,0.0
^VIX,2026-08-19,12.0,Call,11.8,12.05,11.7,1.0,0.0,0.03731452036793693,18.6299991607666,1.3825219617455107,0.0
^VIX,2026-08-19,12.0,Put,0.0,0.06,0.02,100.0,0.0,0.03731452036793693,18.6299991607666,1.3825219617455107,0.0
^VIX,2026-08-19,12.5,Call,11.3,11.55,10.7,10.0,0.0,0.03731452036793693,18.6299991607666,1.3825219617455107,0.0
^VIX,2026-08-19,12.5,Put,0.0,0.06,0.02,1.0,0.0,0.03731452036793693,18.6299991607666,1.3825219617455107,0.0
^VIX,2026-08-19,13.0,Call,10.8,11.05,10.47,5.0,0.0,0.03731452036793693,18.6299991607666,1.3825219617455107,0.0
^VIX,2026-08-19,13.0,Put,0.0,0.06,0.02,60.0,0.0,0.03731452036793693,18.6299991607666,1.3825219617455107,0.0
^VIX,2026-08-19,13.5,Call,10.3,10.55,9.7,1.0,0.0,0.03731452036793693,18.6299991607666,1.3825219617455107,0.0
^VIX,2026-08-19,13.5,Put,0.0,0.07,0.02,1.0,0.0,0.03731452036793693,18.6299991607666,1.3825219617455107,0.0
^VIX,2026-08-19,14.0,Call,9.85,10.1,9.56,55.0,0.0,0.03731452036793693,18.6299991607666,1.3825219617455107,0.0
^VIX,2026-08-19,14.0,Put,0.05,0.08,0.06,1.0,0.0,0.03731452036793693,18.6299991607666,1.3825219617455107,0.0
^VIX,2026-08-19,14.5,Call,9.35,9.6,9.5,2.0,0.0,0.03731452036793693,18.6299991607666,1.3825219617455107,0.0
^VIX,2026-08-19,14.5,Put,0.0,0.11,0.1,76.0,0.0,0.03731452036793693,18.6299991607666,1.3825219617455107,0.0
^VIX,2026-08-19,15.0,Call,8.9,9.15,9.12,2.0,0.0,0.03731452036793693,18.6299991607666,1.3825219617455107,0.0
^VIX,2026-08-19,15.0,Put,0.02,0.15,0.14,10.0,0.0,0.03731452036793693,18.6299991607666,1.3825219617455107,0.0
^VIX,2026-08-19,16.0,Call,8.05,8.3,8.1,56.0,0.0,0.03731452036793693,18.6299991607666,1.3825219617455107,0.0
^VIX,2026-08-19,16.0,Put,0.15,0.28,0.27,1.0,0.0,0.03731452036793693,18.6299991607666,1.3825219617455107,0.0
^VIX,2026-08-19,17.0,Call,7.3,7.55,7.25,3.0,0.0,0.03731452036793693,18.6299991607666,1.3825219617455107,0.0
^VIX,2026-08-19,17.0,Put,0.37,0.52,0.54,10.0,0.0,0.03731452036793693,18.6299991607666,1.3825219617455107,0.0
^VIX,2026-08-19,18.0,Call,6.6,6.9,6.86,16.0,0.0,0.03731452036793693,18.6299991607666,1.3825219617455107,0.0
^VIX,2026-08-19,18.0,Put,0.69,0.85,0.85,2.0,0.0,0.03731452036793693,18.6299991607666,1.3825219617455107,0.0
^VIX,2026-08-19,19.0,Call,6.05,6.3,6.1,1.0,0.0,0.03731452036793693,18.6299991607666,1.3825219617455107,0.0
^VIX,2026-08-19,19.0,Put,1.09,1.26,1.28,36.0,0.0,0.03731452036793693,18.6299991607666,1.3825219617455107,0.0
^VIX,2026-08-19,20.0,Call,5.6,5.85,5.81,11.0,0.0,0.03731452036793693,18.6299991607666,1.3825219617455107,0.0
^VIX,2026-08-19,20.0,Put,1.6,1.78,1.75,22.0,0.0,0.03731452036793693,18.6299991607666,1.3825219617455107,0.0
^VIX,2026-08-19,21.0,Call,5.15,5.45,4.95,3.0,0.0,0.03731452036793693,18.6299991607666,1.3825219617455107,0.0
^VIX,2026-08-19,21.0,Put,2.18,2.36,2.47,2.0,0.0,0.03731452036793693,18.6299991607666,1.3825219617455107,0.0
^VIX,2026-08-19,22.0,Call,4.8,5.1,4.99,3.0,0.0,0.03731452036793693,18.6299991607666,1.3825219617455107,0.0
^VIX,2026-08-19,22.0,Put,2.8,2.99,2.95,1.0,0.0,0.03731452036793693,18.6299991607666,1.3825219617455107,0.0
^VIX,2026-08-19,23.0,Call,4.5,4.75,4.55,3.0,0.0,0.03731452036793693,18.6299991607666,1.3825219617455107,0.0
^VIX,2026-08-19,23.0,Put,3.45,3.65,3.6,1.0,0.0,0.03731452036793693,18.6299991607666,1.3825219617455107,0.0
^VIX,2026-08-19,24.0,Call,4.2,4.45,4.35,1411.0,0.0,0.03731452036793693,18.6299991607666,1.3825219617455107,0.0
^VIX,2026-08-19,24.0,Put,4.15,4.35,4.3,1426.0,0.0,0.03731452036793693,18.6299991607666,1.3825219617455107,0.0
^VIX,2026-08-19,25.0,Call,3.95,4.2,4.12,86.0,0.0,0.03731452036793693,18.6299991607666,1.3825219617455107,0.0
^VIX,2026-08-19,25.0,Put,4.85,5.05,5.05,3.0,0.0,0.03731452036793693,18.6299991607666,1.3825219617455107,0.0
^VIX,2026-08-19,26.0,Call,3.7,3.95,3.6,25.0,0.0,0.03731452036793693,18.6299991607666,1.3825219617455107,0.0
^VIX,2026-08-19,26.0,Put,5.6,5.8,5.75,1.0,0.0,0.03731452036793693,18.6299991607666,1.3825219617455107,0.0
^VIX,2026-08-19,27.0,Call,3.45,3.7,3.4,3.0,0.0,0.03731452036793693,18.6299991607666,1.3825219617455107,0.0
^VIX,2026-08-19,27.0,Put,6.35,6.55,6.6,2.0,0.0,0.03731452036793693,18.6299991607666,1.3825219617455107,0.0
^VIX,2026-08-19,28.0,Call,3.25,3.5,3.38,3.0,0.0,0.03731452036793693,18.6299991607666,1.3825219617455107,0.0
^VIX,2026-08-19,28.0,Put,7.1,7.35,7.53,20.0,0.0,0.03731452036793693,18.6299991607666,1.3825219617455107,0.0
^VIX,2026-08-19,29.0,Call,3.1,3.3,3.22,21.0,0.0,0.03731452036793693,18.6299991607666,1.3825219617455107,0.0
^VIX,2026-08-19,29.0,Put,7.9,8.15,8.27,6.0,0.0,0.03731452036793693,18.6299991607666,1.3825219617455107,0.0
^VIX,2026-08-19,30.0,Call,2.92,3.15,3.0,36.0,0.0,0.03731452036793693,18.6299991607666,1.3825219617455107,0.0
^VIX,2026-08-19,30.0,Put,8.7,8.95,8.95,12.0,0.0,0.03731452036793693,18.6299991607666,1.3825219617455107,0.0
^VIX,2026-08-19,31.0,Call,2.76,2.95,2.93,30.0,0.0,0.03731452036793693,18.6299991607666,1.3825219617455107,0.0
^VIX,2026-08-19,31.0,Put,9.55,9.8,10.04,,0.0,0.03731452036793693,18.6299991607666,1.3825219617455107,0.0
^VIX,2026-08-19,32.0,Call,2.62,2.81,2.77,2.0,0.0,0.03731452036793693,18.6299991607666,1.3825219617455107,0.0
^VIX,2026-08-19,33.0,Call,2.48,2.67,2.65,10.0,0.0,0.03731452036793693,18.6299991607666,1.3825219617455107,0.0
^VIX,2026-08-19,33.0,Put,11.25,11.45,11.65,20.0,0.0,0.03731452036793693,18.6299991607666,1.3825219617455107,0.0
^VIX,2026-08-19,34.0,Call,2.36,2.55,2.53,14.0,0.0,0.03731452036793693,18.6299991607666,1.3825219617455107,0.0
^VIX,2026-08-19,35.0,Call,2.26,2.44,2.4,10.0,0.0,0.03731452036793693,18.6299991607666,1.3825219617455107,0.0
^VIX,2026-08-19,35.0,Put,12.95,13.2,13.62,6.0,0.0,0.03731452036793693,18.6299991607666,1.3825219617455107,0.0
^VIX,2026-08-19,36.0,Call,2.15,2.34,2.14,5000.0,0.0,0.03731452036793693,18.6299991607666,1.3825219617455107,0.0
^VIX,2026-08-19,36.0,Put,13.85,14.1,14.0,1.0,0.0,0.03731452036793693,18.6299991607666,1.3825219617455107,0.0
^VIX,2026-08-19,37.0,Call,2.06,2.24,2.18,15.0,0.0,0.03731452036793693,18.6299991607666,1.3825219617455107,0.0
^VIX,2026-08-19,38.0,Call,1.97,2.15,2.12,14.0,0.0,0.03731452036793693,18.6299991607666,1.3825219617455107,0.0
^VIX,2026-08-19,39.0,Call,1.89,2.07,2.05,3.0,0.0,0.03731452036793693,18.6299991607666,1.3825219617455107,0.0
^VIX,2026-08-19,40.0,Call,1.81,1.99,1.95,5423.0,0.0,0.03731452036793693,18.6299991607666,1.3825219617455107,0.0
^VIX,2026-08-19,40.0,Put,17.45,17.65,17.63,1.0,0.0,0.03731452036793693,18.6299991607666,1.3825219617455107,0.0
^VIX,2026-08-19,42.5,Call,1.64,1.79,1.62,181.0,0.0,0.03731452036793693,18.6299991607666,1.3825219617455107,0.0
^VIX,2026-08-19,45.0,Call,1.48,1.64,1.56,3.0,0.0,0.03731452036793693,18.6299991607666,1.3825219617455107,0.0
^VIX,2026-08-19,45.0,Put,22.0,22.25,22.2,1.0,0.0,0.03731452036793693,18.6299991607666,1.3825219617455107,0.0
^VIX,2026-08-19,47.5,Call,1.35,1.5,1.45,7.0,0.0,0.03731452036793693,18.6299991607666,1.3825219617455107,0.0
^VIX,2026-08-19,50.0,Call,1.21,1.37,1.34,12.0,0.0,0.03731452036793693,18.6299991607666,1.3825219617455107,0.0
^VIX,2026-08-19,50.0,Put,26.65,26.9,27.54,1.0,0.0,0.03731452036793693,18.6299991607666,1.3825219617455107,0.0
^VIX,2026-08-19,55.0,Call,1.01,1.16,1.08,1.0,0.0,0.03731452036793693,18.6299991607666,1.3825219617455107,0.0
^VIX,2026-08-19,60.0,Call,0.85,1.0,0.99,16.0,0.0,0.03731452036793693,18.6299991607666,1.3825219617455107,0.0
^VIX,2026-08-19,60.0,Put,36.15,36.4,36.2,2.0,0.0,0.03731452036793693,18.6299991607666,1.3825219617455107,0.0
^VIX,2026-08-19,65.0,Call,0.72,0.87,0.87,69.0,0.0,0.03731452036793693,18.6299991607666,1.3825219617455107,0.0
^VIX,2026-08-19,70.0,Call,0.62,0.77,0.72,15.0,0.0,0.03731452036793693,18.6299991607666,1.3825219617455107,0.0
^VIX,2026-08-19,75.0,Call,0.55,0.69,0.65,40.0,0.0,0.03731452036793693,18.6299991607666,1.3825219617455107,0.0
^VIX,2026-08-19,80.0,Call,0.48,0.62,0.55,2.0,0.0,0.03731452036793693,18.6299991607666,1.3825219617455107,0.0
^VIX,2026-08-19,85.0,Call,0.43,0.55,0.56,20.0,0.0,0.03731452036793693,18.6299991607666,1.3825219617455107,0.0
^VIX,2026-08-19,90.0,Call,0.38,0.5,0.45,3.0,0.0,0.03731452036793693,18.6299991607666,1.3825219617455107,0.0
^VIX,2026-08-19,95.0,Call,0.35,0.46,0.42,377.0,0.0,0.03731452036793693,18.6299991607666,1.3825219617455107,0.0
^VIX,2026-08-19,100.0,Call,0.31,0.43,0.35,1.0,0.0,0.03731452036793693,18.6299991607666,1.3825219617455107,0.0
^VIX,2026-08-19,110.0,Call,0.26,0.37,0.37,755.0,0.0,0.03731452036793693,18.6299991607666,1.3825219617455107,0.0
^VIX,2026-08-19,120.0,Call,0.22,0.33,0.29,10.0,0.0,0.03731452036793693,18.6299991607666,1.3825219617455107,0.0
^VIX,2026-08-19,120.0,Put,96.2,96.6,95.6,1.0,1.0,0.03731452036793693,18.6299991607666,1.3825219617455107,0.0
^VIX,2026-08-19,130.0,Call,0.19,0.3,0.21,500.0,0.0,0.03731452036793693,18.6299991607666,1.3825219617455107,0.0
^VIX,2026-08-19,130.0,Put,104.95,105.45,106.35,,1.0,0.03731452036793693,18.6299991607666,1.3825219617455107,0.0
^VIX,2026-08-19,140.0,Call,0.16,0.27,0.25,100.0,0.0,0.03731452036793693,18.6299991607666,1.3825219617455107,0.0
^VIX,2026-08-19,140.0,Put,114.15,114.45,115.85,1.0,0.0,0.03731452036793693,18.6299991607666,1.3825219617455107,0.0
^VIX,2026-08-19,150.0,Call,0.14,0.25,0.23,100.0,0.0,0.03731452036793693,18.6299991607666,1.3825219617455107,0.0
^VIX,2026-08-19,150.0,Put,125.4,126.0,124.7,,1.0,0.03731452036793693,18.6299991607666,1.3825219617455107,0.0
^VIX,2026-08-19,160.0,Call,0.12,0.23,0.18,100.0,0.0,0.03731452036793693,18.6299991607666,1.3825219617455107,0.0
^VIX,2026-08-19,170.0,Call,0.11,0.22,0.18,100.0,0.0,0.03731452036793693,18.6299991607666,1.3825219617455107,0.0
^VIX,2026-08-19,180.0,Call,0.09,0.2,0.17,100.0,0.0,0.03731452036793693,18.6299991607666,1.3825219617455107,0.0
^VIX,2026-08-19,190.0,Call,0.08,0.19,0.16,100.0,0.0,0.03731452036793693,18.6299991607666,1.3825219617455107,0.0
^VIX,2026-08-19,200.0,Call,0.07,0.18,0.14,100.0,0.0,0.03731452036793693,18.6299991607666,1.3825219617455107,0.0
^VIX,2026-09-16,10.0,Call,13.7,13.95,13.4,11.0,0.0,0.03745249671484888,18.6299991607666,1.3825219617455107,0.0
^VIX,2026-09-16,10.0,Put,0.0,0.0,0.04,51.0,2.0,0.03745249671484888,18.6299991607666,1.3825219617455107,0.0
^VIX,2026-09-16,10.5,Call,13.2,13.45,11.35,3.0,0.0,0.03745249671484888,18.6299991607666,1.3825219617455107,0.0
^VIX,2026-09-16,11.0,Call,12.7,13.0,12.51,60.0,0.0,0.03745249671484888,18.6299991607666,1.3825219617455107,0.0
^VIX,2026-09-16,11.0,Put,0.0,0.06,0.02,,0.0,0.03745249671484888,18.6299991607666,1.3825219617455107,0.0
^VIX,2026-09-16,11.5,Call,12.2,12.5,11.05,1.0,0.0,0.03745249671484888,18.6299991607666,1.3825219617455107,0.0
^VIX,2026-09-16,11.5,Put,0.0,0.06,0.03,15.0,0.0,0.03745249671484888,18.6299991607666,1.3825219617455107,0.0
^VIX,2026-09-16,12.0,Call,11.75,12.0,11.55,1.0,0.0,0.03745249671484888,18.6299991607666,1.3825219617455107,0.0
^VIX,2026-09-16,12.0,Put,0.0,0.06,0.01,1.0,0.0,0.03745249671484888,18.6299991607666,1.3825219617455107,0.0
^VIX,2026-09-16,12.5,Call,11.25,11.5,10.9,1.0,0.0,0.03745249671484888,18.6299991607666,1.3825219617455107,0.0
^VIX,2026-09-16,12.5,Put,0.0,0.07,0.02,10.0,0.0,0.03745249671484888,18.6299991607666,1.3825219617455107,0.0
^VIX,2026-09-16,13.0,Call,10.75,11.05,10.9,2.0,0.0,0.03745249671484888,18.6299991607666,1.3825219617455107,0.0
^VIX,2026-09-16,13.0,Put,0.0,0.07,0.03,10.0,0.0,0.03745249671484888,18.6299991607666,1.3825219617455107,0.0
^VIX,2026-09-16,13.5,Call,10.25,10.55,10.05,1.0,0.0,0.03745249671484888,18.6299991607666,1.3825219617455107,0.0
^VIX,2026-09-16,13.5,Put,0.0,0.08,0.04,20.0,0.0,0.03745249671484888,18.6299991607666,1.3825219617455107,0.0
^VIX,2026-09-16,14.0,Call,9.8,10.05,10.0,6.0,0.0,0.03745249671484888,18.6299991607666,1.3825219617455107,0.0
^VIX,2026-09-16,14.0,Put,0.01,0.09,0.01,2.0,0.0,0.03745249671484888,18.6299991607666,1.3825219617455107,0.0
^VIX,2026-09-16,14.5,Call,9.35,9.6,9.05,1.0,0.0,0.03745249671484888,18.6299991607666,1.3825219617455107,0.0
^VIX,2026-09-16,14.5,Put,0.0,0.12,0.09,4500.0,0.0,0.03745249671484888,18.6299991607666,1.3825219617455107,0.0
^VIX,2026-09-16,15.0,Call,8.85,9.15,9.1,1.0,0.0,0.03745249671484888,18.6299991607666,1.3825219617455107,0.0
^VIX,2026-09-16,15.0,Put,0.03,0.16,0.13,7920.0,0.0,0.03745249671484888,18.6299991607666,1.3825219617455107,0.0
^VIX,2026-09-16,16.0,Call,8.0,8.3,8.2,1.0,0.0,0.03745249671484888,18.6299991607666,1.3825219617455107,0.0
^VIX,2026-09-16,16.0,Put,0.15,0.3,0.28,7505.0,0.0,0.03745249671484888,18.6299991607666,1.3825219617455107,0.0
^VIX,2026-09-16,17.0,Call,7.25,7.55,7.35,10.0,0.0,0.03745249671484888,18.6299991607666,1.3825219617455107,0.0
^VIX,2026-09-16,17.0,Put,0.37,0.52,0.52,6.0,0.0,0.03745249671484888,18.6299991607666,1.3825219617455107,0.0
^VIX,2026-09-16,18.0,Call,6.6,6.85,6.86,5.0,0.0,0.03745249671484888,18.6299991607666,1.3825219617455107,0.0
^VIX,2026-09-16,18.0,Put,0.67,0.85,0.87,1.0,0.0,0.03745249671484888,18.6299991607666,1.3825219617455107,0.0
^VIX,2026-09-16,19.0,Call,6.05,6.3,6.27,10.0,0.0,0.03745249671484888,18.6299991607666,1.3825219617455107,0.0
^VIX,2026-09-16,19.0,Put,1.08,1.26,1.26,21.0,0.0,0.03745249671484888,18.6299991607666,1.3825219617455107,0.0
^VIX,2026-09-16,20.0,Call,5.55,5.8,5.48,79.0,0.0,0.03745249671484888,18.6299991607666,1.3825219617455107,0.0
^VIX,2026-09-16,20.0,Put,1.59,1.77,1.78,113.0,0.0,0.03745249671484888,18.6299991607666,1.3825219617455107,0.0
^VIX,2026-09-16,21.0,Call,5.15,5.45,5.35,10.0,0.0,0.03745249671484888,18.6299991607666,1.3825219617455107,0.0
^VIX,2026-09-16,21.0,Put,2.16,2.35,2.32,1.0,0.0,0.03745249671484888,18.6299991607666,1.3825219617455107,0.0
^VIX,2026-09-16,22.0,Call,4.8,5.1,5.04,1.0,0.0,0.03745249671484888,18.6299991607666,1.3825219617455107,0.0
^VIX,2026-09-16,22.0,Put,2.79,2.99,2.99,1.0,0.0,0.03745249671484888,18.6299991607666,1.3825219617455107,0.0
^VIX,2026-09-16,23.0,Call,4.5,4.75,4.6,1.0,0.0,0.03745249671484888,18.6299991607666,1.3825219617455107,0.0
^VIX,2026-09-16,23.0,Put,3.45,3.7,3.6,20.0,0.0,0.03745249671484888,18.6299991607666,1.3825219617455107,0.0
^VIX,2026-09-16,24.0,Call,4.2,4.5,4.47,1590.0,0.0,0.03745249671484888,18.6299991607666,1.3825219617455107,0.0
^VIX,2026-09-16,24.0,Put,4.15,4.4,4.25,1590.0,0.0,0.03745249671484888,18.6299991607666,1.3825219617455107,0.0
^VIX,2026-09-16,25.0,Call,3.95,4.2,4.17,1.0,0.0,0.03745249671484888,18.6299991607666,1.3825219617455107,0.0
^VIX,2026-09-16,25.0,Put,4.85,5.1,5.0,1028.0,0.0,0.03745249671484888,18.6299991607666,1.3825219617455107,0.0
^VIX,2026-09-16,26.0,Call,3.7,3.95,3.69,1130.0,0.0,0.03745249671484888,18.6299991607666,1.3825219617455107,0.0
^VIX,2026-09-16,26.0,Put,5.6,5.85,5.75,15.0,0.0,0.03745249671484888,18.6299991607666,1.3825219617455107,0.0
^VIX,2026-09-16,27.0,Call,3.5,3.75,3.65,4.0,0.0,0.03745249671484888,18.6299991607666,1.3825219617455107,0.0
^VIX,2026-09-16,27.0,Put,6.35,6.6,6.7,4.0,0.0,0.03745249671484888,18.6299991607666,1.3825219617455107,0.0
^VIX,2026-09-16,28.0,Call,3.3,3.55,3.55,4.0,0.0,0.03745249671484888,18.6299991607666,1.3825219617455107,0.0
^VIX,2026-09-16,28.0,Put,7.1,7.35,7.54,10.0,0.0,0.03745249671484888,18.6299991607666,1.3825219617455107,0.0
^VIX,2026-09-16,29.0,Call,3.1,3.35,3.3,55.0,0.0,0.03745249671484888,18.6299991607666,1.3825219617455107,0.0
^VIX,2026-09-16,29.0,Put,7.9,8.15,8.12,10.0,0.0,0.03745249671484888,18.6299991607666,1.3825219617455107,0.0
^VIX,2026-09-16,30.0,Call,2.92,3.15,3.1,52.0,0.0,0.03745249671484888,18.6299991607666,1.3825219617455107,0.0
^VIX,2026-09-16,30.0,Put,8.7,8.95,8.9,1.0,0.0,0.03745249671484888,18.6299991607666,1.3825219617455107,0.0
^VIX,2026-09-16,31.0,Call,2.76,2.97,2.86,212.0,0.0,0.03745249671484888,18.6299991607666,1.3825219617455107,0.0
^VIX,2026-09-16,31.0,Put,9.55,9.75,9.68,20.0,0.0,0.03745249671484888,18.6299991607666,1.3825219617455107,0.0
^VIX,2026-09-16,32.0,Call,2.61,2.82,2.82,122.0,0.0,0.03745249671484888,18.6299991607666,1.3825219617455107,0.0
^VIX,2026-09-16,32.0,Put,10.35,10.6,10.4,6.0,0.0,0.03745249671484888,18.6299991607666,1.3825219617455107,0.0
^VIX,2026-09-16,33.0,Call,2.48,2.68,2.63,1.0,0.0,0.03745249671484888,18.6299991607666,1.3825219617455107,0.0
^VIX,2026-09-16,33.0,Put,11.2,11.45,11.39,10.0,0.0,0.03745249671484888,18.6299991607666,1.3825219617455107,0.0
^VIX,2026-09-16,34.0,Call,2.35,2.56,2.57,91.0,0.0,0.03745249671484888,18.6299991607666,1.3825219617455107,0.0
^VIX,2026-09-16,35.0,Call,2.24,2.44,2.44,105.0,0.0,0.03745249671484888,18.6299991607666,1.3825219617455107,0.0
^VIX,2026-09-16,36.0,Call,2.13,2.33,2.32,97.0,0.0,0.03745249671484888,18.6299991607666,1.3825219617455107,0.0
^VIX,2026-09-16,36.0,Put,13.8,14.05,14.15,6.0,0.0,0.03745249671484888,18.6299991607666,1.3825219617455107,0.0
^VIX,2026-09-16,37.0,Call,2.04,2.24,2.12,109.0,0.0,0.03745249671484888,18.6299991607666,1.3825219617455107,0.0
^VIX,2026-09-16,38.0,Call,1.95,2.14,2.12,199.0,0.0,0.03745249671484888,18.6299991607666,1.3825219617455107,0.0
^VIX,2026-09-16,39.0,Call,1.86,2.06,1.93,93.0,0.0,0.03745249671484888,18.6299991607666,1.3825219617455107,0.0
^VIX,2026-09-16,40.0,Call,1.78,1.98,1.94,501.0,0.0,0.03745249671484888,18.6299991607666,1.3825219617455107,0.0
^VIX,2026-09-16,40.0,Put,17.35,17.6,17.5,3.0,0.0,0.03745249671484888,18.6299991607666,1.3825219617455107,0.0
^VIX,2026-09-16,42.5,Call,1.61,1.8,1.76,964.0,0.0,0.03745249671484888,18.6299991607666,1.3825219617455107,0.0
^VIX,2026-09-16,45.0,Call,1.45,1.64,1.59,952.0,0.0,0.03745249671484888,18.6299991607666,1.3825219617455107,0.0
^VIX,2026-09-16,45.0,Put,21.95,22.2,22.7,,0.0,0.03745249671484888,18.6299991607666,1.3825219617455107,0.0
^VIX,2026-09-16,47.5,Call,1.32,1.5,1.47,756.0,0.0,0.03745249671484888,18.6299991607666,1.3825219617455107,0.0
^VIX,2026-09-16,50.0,Call,1.2,1.37,1.32,3384.0,0.0,0.03745249671484888,18.6299991607666,1.3825219617455107,0.0
^VIX,2026-09-16,50.0,Put,26.55,26.85,27.34,1.0,0.0,0.03745249671484888,18.6299991607666,1.3825219617455107,0.0
^VIX,2026-09-16,55.0,Call,1.0,1.15,1.12,68.0,0.0,0.03745249671484888,18.6299991607666,1.3825219617455107,0.0
^VIX,2026-09-16,55.0,Put,33.0,33.5,33.15,,1.0,0.03745249671484888,18.6299991607666,1.3825219617455107,0.0
^VIX,2026-09-16,60.0,Call,0.84,0.99,0.99,10000.0,0.0,0.03745249671484888,18.6299991607666,1.3825219617455107,0.0
^VIX,2026-09-16,65.0,Call,0.72,0.86,0.85,300.0,0.0,0.03745249671484888,18.6299991607666,1.3825219617455107,0.0
^VIX,2026-09-16,70.0,Call,0.62,0.76,0.71,6.0,0.0,0.03745249671484888,18.6299991607666,1.3825219617455107,0.0
^VIX,2026-09-16,75.0,Call,0.54,0.67,0.59,17.0,0.0,0.03745249671484888,18.6299991607666,1.3825219617455107,0.0
^VIX,2026-09-16,80.0,Call,0.47,0.6,0.58,75.0,0.0,0.03745249671484888,18.6299991607666,1.3825219617455107,0.0
^VIX,2026-09-16,85.0,Call,0.42,0.55,0.52,10.0,0.0,0.03745249671484888,18.6299991607666,1.3825219617455107,0.0
^VIX,2026-09-16,90.0,Call,0.37,0.5,0.46,1.0,0.0,0.03745249671484888,18.6299991607666,1.3825219617455107,0.0
^VIX,2026-09-16,95.0,Call,0.33,0.46,0.42,3.0,0.0,0.03745249671484888,18.6299991607666,1.3825219617455107,0.0
^VIX,2026-09-16,100.0,Call,0.3,0.42,0.38,377.0,0.0,0.03745249671484888,18.6299991607666,1.3825219617455107,0.0
^VIX,2026-09-16,100.0,Put,74.7,75.0,75.34,20.0,0.0,0.03745249671484888,18.6299991607666,1.3825219617455107,0.0
^VIX,2026-09-16,110.0,Call,0.25,0.37,0.35,1.0,0.0,0.03745249671484888,18.6299991607666,1.3825219617455107,0.0
^VIX,2026-09-16,120.0,Call,0.21,0.33,0.27,20.0,0.0,0.03745249671484888,18.6299991607666,1.3825219617455107,0.0
^VIX,2026-09-16,120.0,Put,94.05,94.65,95.65,1.0,1.0,0.03745249671484888,18.6299991607666,1.3825219617455107,0.0
^VIX,2026-09-16,130.0,Call,0.18,0.29,0.26,1.0,0.0,0.03745249671484888,18.6299991607666,1.3825219617455107,0.0
^VIX,2026-09-16,140.0,Call,0.15,0.27,0.23,,0.0,0.03745249671484888,18.6299991607666,1.3825219617455107,0.0
^VIX,2026-09-16,150.0,Call,0.13,0.25,0.21,10.0,0.0,0.03745249671484888,18.6299991607666,1.3825219617455107,0.0
^VIX,2026-09-16,150.0,Put,124.7,125.45,124.5,1.0,1.0,0.03745249671484888,18.6299991607666,1.3825219617455107,0.0
^VIX,2026-09-16,160.0,Call,0.11,0.23,0.21,1.0,0.0,0.03745249671484888,18.6299991607666,1.3825219617455107,0.0
^VIX,2026-09-16,170.0,Call,0.1,0.21,0.18,3.0,0.0,0.03745249671484888,18.6299991607666,1.3825219617455107,0.0
^VIX,2026-09-16,180.0,Call,0.08,0.2,0.16,,0.0,0.03745249671484888,18.6299991607666,1.3825219617455107,0.0
^VIX,2026-09-16,190.0,Call,0.07,0.19,0.15,100.0,0.0,0.03745249671484888,18.6299991607666,1.3825219617455107,0.0
^VIX,2026-09-16,200.0,Call,0.06,0.18,0.2,5.0,0.0,0.03745249671484888,18.6299991607666,1.3825219617455107,0.0
^VIX,2026-09-16,200.0,Put,172.5,172.9,173.34,10.0,0.0,0.03745249671484888,18.6299991607666,1.3825219617455107,0.0
^VIX,2026-10-21,10.0,Call,13.75,14.15,13.97,1.0,0.0,0.03752777047744196,18.6299991607666,1.3825219617455107,0.0
^VIX,2026-10-21,10.0,Put,0.0,0.03,0.01,1.0,0.0,0.03752777047744196,18.6299991607666,1.3825219617455107,0.0
^VIX,2026-10-21,11.0,Call,12.8,13.15,12.02,20.0,0.0,0.03752777047744196,18.6299991607666,1.3825219617455107,0.0
^VIX,2026-10-21,11.0,Put,0.0,0.07,0.01,11.0,0.0,0.03752777047744196,18.6299991607666,1.3825219617455107,0.0
^VIX,2026-10-21,11.5,Call,12.3,12.7,10.89,1.0,0.0,0.03752777047744196,18.6299991607666,1.3825219617455107,0.0
^VIX,2026-10-21,12.0,Call,11.8,12.2,12.0,5.0,0.0,0.03752777047744196,18.6299991607666,1.3825219617455107,0.0
^VIX,2026-10-21,12.5,Put,0.0,0.08,0.02,1.0,0.0,0.03752777047744196,18.6299991607666,1.3825219617455107,0.0
^VIX,2026-10-21,13.0,Call,10.85,11.25,10.8,1.0,0.0,0.03752777047744196,18.6299991607666,1.3825219617455107,0.0
^VIX,2026-10-21,13.0,Put,0.02,0.08,0.04,3.0,0.0,0.03752777047744196,18.6299991607666,1.3825219617455107,0.0
^VIX,2026-10-21,13.5,Call,10.35,10.7,9.77,1.0,0.0,0.03752777047744196,18.6299991607666,1.3825219617455107,0.0
^VIX,2026-10-21,13.5,Put,0.0,0.1,0.04,3.0,0.0,0.03752777047744196,18.6299991607666,1.3825219617455107,0.0
^VIX,2026-10-21,14.0,Call,9.9,10.3,9.05,10.0,0.0,0.03752777047744196,18.6299991607666,1.3825219617455107,0.0
^VIX,2026-10-21,14.0,Put,0.0,0.12,0.13,3.0,0.0,0.03752777047744196,18.6299991607666,1.3825219617455107,0.0
^VIX,2026-10-21,14.5,Call,9.45,9.8,9.15,5.0,0.0,0.03752777047744196,18.6299991607666,1.3825219617455107,0.0
^VIX,2026-10-21,14.5,Put,0.01,0.15,0.07,1.0,0.0,0.03752777047744196,18.6299991607666,1.3825219617455107,0.0
^VIX,2026-10-21,15.0,Call,9.0,9.35,8.66,1.0,0.0,0.03752777047744196,18.6299991607666,1.3825219617455107,0.0
^VIX,2026-10-21,15.0,Put,0.05,0.17,0.14,11.0,0.0,0.03752777047744196,18.6299991607666,1.3825219617455107,0.0
^VIX,2026-10-21,16.0,Call,8.15,8.5,7.75,2.0,0.0,0.03752777047744196,18.6299991607666,1.3825219617455107,0.0
^VIX,2026-10-21,16.0,Put,0.18,0.35,0.32,2.0,0.0,0.03752777047744196,18.6299991607666,1.3825219617455107,0.0
^VIX,2026-10-21,17.0,Call,7.35,7.75,7.45,1.0,0.0,0.03752777047744196,18.6299991607666,1.3825219617455107,0.0
^VIX,2026-10-21,17.0,Put,0.38,0.56,0.56,2.0,0.0,0.03752777047744196,18.6299991607666,1.3825219617455107,0.0
^VIX,2026-10-21,18.0,Call,6.7,7.1,6.55,25.0,0.0,0.03752777047744196,18.6299991607666,1.3825219617455107,0.0
^VIX,2026-10-21,18.0,Put,0.68,0.87,0.86,5.0,0.0,0.03752777047744196,18.6299991607666,1.3825219617455107,0.0
^VIX,2026-10-21,19.0,Call,6.15,6.5,6.24,3.0,0.0,0.03752777047744196,18.6299991607666,1.3825219617455107,0.0
^VIX,2026-10-21,19.0,Put,1.09,1.29,1.3,2.0,0.0,0.03752777047744196,18.6299991607666,1.3825219617455107,0.0
^VIX,2026-10-21,20.0,Call,5.65,6.05,5.8,5.0,0.0,0.03752777047744196,18.6299991607666,1.3825219617455107,0.0
^VIX,2026-10-21,20.0,Put,1.59,1.8,1.91,1.0,0.0,0.03752777047744196,18.6299991607666,1.3825219617455107,0.0
^VIX,2026-10-21,21.0,Call,5.25,5.65,5.0,1.0,0.0,0.03752777047744196,18.6299991607666,1.3825219617455107,0.0
^VIX,2026-10-21,21.0,Put,2.17,2.39,2.5,3.0,0.0,0.03752777047744196,18.6299991607666,1.3825219617455107,0.0
^VIX,2026-10-21,22.0,Call,4.95,5.3,4.85,1.0,0.0,0.03752777047744196,18.6299991607666,1.3825219617455107,0.0
^VIX,2026-10-21,22.0,Put,2.78,3.05,3.25,3.0,0.0,0.03752777047744196,18.6299991607666,1.3825219617455107,0.0
^VIX,2026-10-21,23.0,Call,4.65,5.0,4.85,2.0,0.0,0.03752777047744196,18.6299991607666,1.3825219617455107,0.0
^VIX,2026-10-21,23.0,Put,3.45,3.7,3.65,1.0,0.0,0.03752777047744196,18.6299991607666,1.3825219617455107,0.0
^VIX,2026-10-21,24.0,Call,4.35,4.7,4.4,20005.0,0.0,0.03752777047744196,18.6299991607666,1.3825219617455107,0.0
^VIX,2026-10-21,24.0,Put,4.15,4.4,4.4,1.0,0.0,0.03752777047744196,18.6299991607666,1.3825219617455107,0.0
^VIX,2026-10-21,25.0,Call,4.1,4.45,4.29,18.0,0.0,0.03752777047744196,18.6299991607666,1.3825219617455107,0.0
^VIX,2026-10-21,25.0,Put,4.85,5.15,5.1,1.0,0.0,0.03752777047744196,18.6299991607666,1.3825219617455107,0.0
^VIX,2026-10-21,26.0,Call,3.85,4.2,4.0,2.0,0.0,0.03752777047744196,18.6299991607666,1.3825219617455107,0.0
^VIX,2026-10-21,26.0,Put,5.6,5.85,5.78,1.0,0.0,0.03752777047744196,18.6299991607666,1.3825219617455107,0.0
^VIX,2026-10-21,27.0,Call,3.6,3.95,3.9,55.0,0.0,0.03752777047744196,18.6299991607666,1.3825219617455107,0.0
^VIX,2026-10-21,27.0,Put,6.35,6.6,6.51,6.0,0.0,0.03752777047744196,18.6299991607666,1.3825219617455107,0.0
^VIX,2026-10-21,28.0,Call,3.4,3.75,3.45,3.0,0.0,0.03752777047744196,18.6299991607666,1.3825219617455107,0.0
^VIX,2026-10-21,28.0,Put,7.1,7.4,7.3,3.0,0.0,0.03752777047744196,18.6299991607666,1.3825219617455107,0.0
^VIX,2026-10-21,29.0,Call,3.2,3.5,3.55,1.0,0.0,0.03752777047744196,18.6299991607666,1.3825219617455107,0.0
^VIX,2026-10-21,29.0,Put,7.85,8.15,8.4,1.0,0.0,0.03752777047744196,18.6299991607666,1.3825219617455107,0.0
^VIX,2026-10-21,30.0,Call,3.0,3.35,3.24,112.0,0.0,0.03752777047744196,18.6299991607666,1.3825219617455107,0.0
^VIX,2026-10-21,30.0,Put,8.65,8.95,9.5,,0.0,0.03752777047744196,18.6299991607666,1.3825219617455107,0.0
^VIX,2026-10-21,31.0,Call,2.85,3.15,2.99,2.0,0.0,0.03752777047744196,18.6299991607666,1.3825219617455107,0.0
^VIX,2026-10-21,31.0,Put,9.45,9.75,10.12,10.0,0.0,0.03752777047744196,18.6299991607666,1.3825219617455107,0.0
^VIX,2026-10-21,32.0,Call,2.69,2.97,2.88,100.0,0.0,0.03752777047744196,18.6299991607666,1.3825219617455107,0.0
^VIX,2026-10-21,33.0,Call,2.54,2.82,2.96,1.0,0.0,0.03752777047744196,18.6299991607666,1.3825219617455107,0.0
^VIX,2026-10-21,34.0,Call,2.4,2.68,2.7,3.0,0.0,0.03752777047744196,18.6299991607666,1.3825219617455107,0.0
^VIX,2026-10-21,35.0,Call,2.28,2.55,2.49,12.0,0.0,0.03752777047744196,18.6299991607666,1.3825219617455107,0.0
^VIX,2026-10-21,36.0,Call,2.17,2.44,2.36,1.0,0.0,0.03752777047744196,18.6299991607666,1.3825219617455107,0.0
^VIX,2026-10-21,38.0,Call,1.97,2.23,2.08,63.0,0.0,0.03752777047744196,18.6299991607666,1.3825219617455107,0.0
^VIX,2026-10-21,39.0,Call,1.88,2.14,2.1,5.0,0.0,0.03752777047744196,18.6299991607666,1.3825219617455107,0.0
^VIX,2026-10-21,39.0,Put,16.25,16.6,16.8,,0.0,0.03752777047744196,18.6299991607666,1.3825219617455107,0.0
^VIX,2026-10-21,40.0,Call,1.8,2.05,1.92,70.0,0.0,0.03752777047744196,18.6299991607666,1.3825219617455107,0.0
^VIX,2026-10-21,40.0,Put,17.15,17.5,18.73,,0.0,0.03752777047744196,18.6299991607666,1.3825219617455107,0.0
^VIX,2026-10-21,42.5,Call,1.62,1.86,1.79,352.0,0.0,0.03752777047744196,18.6299991607666,1.3825219617455107,0.0
^VIX,2026-10-21,45.0,Call,1.46,1.69,1.62,198.0,0.0,0.03752777047744196,18.6299991607666,1.3825219617455107,0.0
^VIX,2026-10-21,47.5,Call,1.33,1.55,1.38,6.0,0.0,0.03752777047744196,18.6299991607666,1.3825219617455107,0.0
^VIX,2026-10-21,47.5,Put,24.0,24.3,25.61,,0.0,0.03752777047744196,18.6299991607666,1.3825219617455107,0.0
^VIX,2026-10-21,50.0,Call,1.21,1.42,1.21,1.0,0.0,0.03752777047744196,18.6299991607666,1.3825219617455107,0.0
^VIX,2026-10-21,55.0,Call,1.01,1.2,1.24,375.0,0.0,0.03752777047744196,18.6299991607666,1.3825219617455107,0.0
^VIX,2026-10-21,55.0,Put,31.0,31.35,32.5,,0.0,0.03752777047744196,18.6299991607666,1.3825219617455107,0.0
^VIX,2026-10-21,60.0,Call,0.85,1.03,0.97,52.0,0.0,0.03752777047744196,18.6299991607666,1.3825219617455107,0.0
^VIX,2026-10-21,65.0,Call,0.73,0.9,0.91,5.0,0.0,0.03752777047744196,18.6299991607666,1.3825219617455107,0.0
^VIX,2026-10-21,65.0,Put,40.45,40.8,41.05,1.0,0.0,0.03752777047744196,18.6299991607666,1.3825219617455107,0.0
^VIX,2026-10-21,70.0,Call,0.63,0.79,0.74,3.0,0.0,0.03752777047744196,18.6299991607666,1.3825219617455107,0.0
^VIX,2026-10-21,75.0,Call,0.54,0.7,0.68,1.0,0.0,0.03752777047744196,18.6299991607666,1.3825219617455107,0.0
^VIX,2026-10-21,80.0,Call,0.48,0.63,0.53,2.0,0.0,0.03752777047744196,18.6299991607666,1.3825219617455107,0.0
^VIX,2026-10-21,85.0,Call,0.42,0.57,0.54,3.0,0.0,0.03752777047744196,18.6299991607666,1.3825219617455107,0.0
^VIX,2026-10-21,90.0,Call,0.37,0.51,0.55,,0.0,0.03752777047744196,18.6299991607666,1.3825219617455107,0.0
^VIX,2026-10-21,100.0,Call,0.29,0.43,0.4,110.0,0.0,0.03752777047744196,18.6299991607666,1.3825219617455107,0.0
^VIX,2026-10-21,110.0,Call,0.23,0.37,0.35,1.0,0.0,0.03752777047744196,18.6299991607666,1.3825219617455107,0.0
^VIX,2026-10-21,120.0,Call,0.19,0.33,0.3,1.0,0.0,0.03752777047744196,18.6299991607666,1.3825219617455107,0.0
^VIX,2026-10-21,130.0,Call,0.0,1.08,0.23,,21.0,0.03752777047744196,18.6299991607666,1.3825219617455107,0.0
^VIX,2026-10-21,140.0,Call,0.13,0.26,0.22,1.0,0.0,0.03752777047744196,18.6299991607666,1.3825219617455107,0.0
^VIX,2026-10-21,150.0,Call,0.0,0.99,0.25,,1.0,0.03752777047744196,18.6299991607666,1.3825219617455107,0.0
^VIX,2026-10-21,150.0,Put,122.85,123.3,124.3,,0.0,0.03752777047744196,18.6299991607666,1.3825219617455107,0.0
^VIX,2026-10-21,160.0,Call,0.09,0.22,0.23,,0.0,0.03752777047744196,18.6299991607666,1.3825219617455107,0.0
^VIX,2026-10-21,170.0,Call,0.08,0.2,0.19,,0.0,0.03752777047744196,18.6299991607666,1.3825219617455107,0.0
^VIX,2026-10-21,180.0,Call,0.06,0.19,0.2,1.0,0.0,0.03752777047744196,18.6299991607666,1.3825219617455107,0.0
^VIX,2026-10-21,190.0,Call,0.05,0.18,0.2,,0.0,0.03752777047744196,18.6299991607666,1.3825219617455107,0.0
^VIX,2026-10-21,200.0,Call,0.04,0.17,0.05,1.0,0.0,0.03752777047744196,18.6299991607666,1.3825219617455107,0.0
^VIX,2026-10-21,200.0,Put,171.6,172.15,172.85,2.0,0.0,0.03752777047744196,18.6299991607666,1.3825219617455107,0.0
^VIX,2026-11-18,10.0,Call,13.35,13.9,13.67,1.0,0.0,0.03755843188786684,18.6299991607666,1.3825219617455107,0.0
^VIX,2026-11-18,10.0,Put,0.0,0.07,0.02,10.0,0.0,0.03755843188786684,18.6299991607666,1.3825219617455107,0.0
^VIX,2026-11-18,10.5,Put,0.0,0.07,0.05,,0.0,0.03755843188786684,18.6299991607666,1.3825219617455107,0.0
^VIX,2026-11-18,11.0,Put,0.0,0.07,0.04,200.0,0.0,0.03755843188786684,18.6299991607666,1.3825219617455107,0.0
^VIX,2026-11-18,12.0,Call,11.4,11.95,11.65,1.0,0.0,0.03755843188786684,18.6299991607666,1.3825219617455107,0.0
^VIX,2026-11-18,12.0,Put,0.0,0.08,0.03,115.0,0.0,0.03755843188786684,18.6299991607666,1.3825219617455107,0.0
^VIX,2026-11-18,13.0,Call,10.45,11.0,10.35,2.0,0.0,0.03755843188786684,18.6299991607666,1.3825219617455107,0.0
^VIX,2026-11-18,13.0,Put,0.0,0.11,0.1,100.0,0.0,0.03755843188786684,18.6299991607666,1.3825219617455107,0.0
^VIX,2026-11-18,13.5,Put,0.0,0.13,0.07,3.0,0.0,0.03755843188786684,18.6299991607666,1.3825219617455107,0.0
^VIX,2026-11-18,14.0,Call,9.55,10.1,9.75,1.0,0.0,0.03755843188786684,18.6299991607666,1.3825219617455107,0.0
^VIX,2026-11-18,14.0,Put,0.01,0.16,0.1,100.0,0.0,0.03755843188786684,18.6299991607666,1.3825219617455107,0.0
^VIX,2026-11-18,14.5,Call,9.1,9.65,9.15,10.0,0.0,0.03755843188786684,18.6299991607666,1.3825219617455107,0.0
^VIX,2026-11-18,14.5,Put,0.05,0.21,0.14,20.0,0.0,0.03755843188786684,18.6299991607666,1.3825219617455107,0.0
^VIX,2026-11-18,15.0,Call,8.65,9.2,8.85,4.0,0.0,0.03755843188786684,18.6299991607666,1.3825219617455107,0.0
^VIX,2026-11-18,15.0,Put,0.1,0.27,0.25,17.0,0.0,0.03755843188786684,18.6299991607666,1.3825219617455107,0.0
^VIX,2026-11-18,16.0,Call,7.85,8.4,8.25,4.0,0.0,0.03755843188786684,18.6299991607666,1.3825219617455107,0.0
^VIX,2026-11-18,16.0,Put,0.25,0.43,0.5,100.0,0.0,0.03755843188786684,18.6299991607666,1.3825219617455107,0.0
^VIX,2026-11-18,17.0,Call,7.1,7.65,6.84,9.0,0.0,0.03755843188786684,18.6299991607666,1.3825219617455107,0.0
^VIX,2026-11-18,17.0,Put,0.47,0.67,0.5,1.0,0.0,0.03755843188786684,18.6299991607666,1.3825219617455107,0.0
^VIX,2026-11-18,18.0,Call,6.45,7.0,6.65,1.0,0.0,0.03755843188786684,18.6299991607666,1.3825219617455107,0.0
^VIX,2026-11-18,18.0,Put,0.79,1.02,1.05,20.0,0.0,0.03755843188786684,18.6299991607666,1.3825219617455107,0.0
^VIX,2026-11-18,19.0,Call,5.95,6.45,5.7,2.0,0.0,0.03755843188786684,18.6299991607666,1.3825219617455107,0.0
^VIX,2026-11-18,19.0,Put,1.22,1.46,1.45,1.0,0.0,0.03755843188786684,18.6299991607666,1.3825219617455107,0.0
^VIX,2026-11-18,20.0,Call,5.5,6.0,5.8,11.0,0.0,0.03755843188786684,18.6299991607666,1.3825219617455107,0.0
^VIX,2026-11-18,20.0,Put,1.74,2.0,2.02,26.0,0.0,0.03755843188786684,18.6299991607666,1.3825219617455107,0.0
^VIX,2026-11-18,21.0,Call,5.15,5.6,5.4,1.0,0.0,0.03755843188786684,18.6299991607666,1.3825219617455107,0.0
^VIX,2026-11-18,21.0,Put,2.34,2.61,2.6,10.0,0.0,0.03755843188786684,18.6299991607666,1.3825219617455107,0.0
^VIX,2026-11-18,22.0,Call,4.8,5.3,5.05,1.0,0.0,0.03755843188786684,18.6299991607666,1.3825219617455107,0.0
^VIX,2026-11-18,22.0,Put,2.98,3.3,3.0,1.0,0.0,0.03755843188786684,18.6299991607666,1.3825219617455107,0.0
^VIX,2026-11-18,23.0,Call,4.5,5.0,4.75,1.0,0.0,0.03755843188786684,18.6299991607666,1.3825219617455107,0.0
^VIX,2026-11-18,23.0,Put,3.65,3.95,4.1,5.0,0.0,0.03755843188786684,18.6299991607666,1.3825219617455107,0.0
^VIX,2026-11-18,24.0,Call,4.25,4.7,4.6,10.0,0.0,0.03755843188786684,18.6299991607666,1.3825219617455107,0.0
^VIX,2026-11-18,24.0,Put,4.35,4.65,4.55,102.0,0.0,0.03755843188786684,18.6299991607666,1.3825219617455107,0.0
^VIX,2026-11-18,25.0,Call,4.0,4.45,4.35,66.0,0.0,0.03755843188786684,18.6299991607666,1.3825219617455107,0.0
^VIX,2026-11-18,25.0,Put,5.05,5.4,5.17,2.0,0.0,0.03755843188786684,18.6299991607666,1.3825219617455107,0.0
^VIX,2026-11-18,26.0,Call,3.75,4.2,4.05,2.0,0.0,0.03755843188786684,18.6299991607666,1.3825219617455107,0.0
^VIX,2026-11-18,26.0,Put,5.8,6.15,6.0,4.0,0.0,0.03755843188786684,18.6299991607666,1.3825219617455107,0.0
^VIX,2026-11-18,27.0,Call,3.55,4.0,3.85,3.0,0.0,0.03755843188786684,18.6299991607666,1.3825219617455107,0.0
^VIX,2026-11-18,27.0,Put,6.55,6.9,6.75,1.0,0.0,0.03755843188786684,18.6299991607666,1.3825219617455107,0.0
^VIX,2026-11-18,28.0,Call,3.3,3.75,3.64,20.0,0.0,0.03755843188786684,18.6299991607666,1.3825219617455107,0.0
^VIX,2026-11-18,28.0,Put,7.3,7.65,7.6,1.0,0.0,0.03755843188786684,18.6299991607666,1.3825219617455107,0.0
^VIX,2026-11-18,29.0,Call,3.15,3.6,3.35,27.0,0.0,0.03755843188786684,18.6299991607666,1.3825219617455107,0.0
^VIX,2026-11-18,29.0,Put,8.05,8.4,8.55,1.0,0.0,0.03755843188786684,18.6299991607666,1.3825219617455107,0.0
^VIX,2026-11-18,30.0,Call,3.1,3.35,3.28,18.0,0.0,0.03755843188786684,18.6299991607666,1.3825219617455107,0.0
^VIX,2026-11-18,30.0,Put,8.8,9.2,9.2,1.0,0.0,0.03755843188786684,18.6299991607666,1.3825219617455107,0.0
^VIX,2026-11-18,31.0,Call,2.78,3.2,3.04,25.0,0.0,0.03755843188786684,18.6299991607666,1.3825219617455107,0.0
^VIX,2026-11-18,31.0,Put,9.6,10.0,9.75,2.0,0.0,0.03755843188786684,18.6299991607666,1.3825219617455107,0.0
^VIX,2026-11-18,32.0,Call,2.62,3.05,3.2,32.0,0.0,0.03755843188786684,18.6299991607666,1.3825219617455107,0.0
^VIX,2026-11-18,32.0,Put,10.4,10.8,11.24,3.0,0.0,0.03755843188786684,18.6299991607666,1.3825219617455107,0.0
^VIX,2026-11-18,33.0,Call,2.48,2.86,2.85,73.0,0.0,0.03755843188786684,18.6299991607666,1.3825219617455107,0.0
^VIX,2026-11-18,34.0,Call,2.35,2.72,2.68,3.0,0.0,0.03755843188786684,18.6299991607666,1.3825219617455107,0.0
^VIX,2026-11-18,35.0,Call,2.23,2.56,2.3,3.0,0.0,0.03755843188786684,18.6299991607666,1.3825219617455107,0.0
^VIX,2026-11-18,36.0,Call,2.12,2.48,2.42,6.0,0.0,0.03755843188786684,18.6299991607666,1.3825219617455107,0.0
^VIX,2026-11-18,37.0,Call,2.02,2.36,2.16,2.0,0.0,0.03755843188786684,18.6299991607666,1.3825219617455107,0.0
^VIX,2026-11-18,37.0,Put,14.65,15.1,14.95,,0.0,0.03755843188786684,18.6299991607666,1.3825219617455107,0.0
^VIX,2026-11-18,38.0,Call,1.93,2.26,2.24,3.0,0.0,0.03755843188786684,18.6299991607666,1.3825219617455107,0.0
^VIX,2026-11-18,39.0,Call,1.84,2.17,2.59,2.0,0.0,0.03755843188786684,18.6299991607666,1.3825219617455107,0.0
^VIX,2026-11-18,40.0,Call,1.76,2.06,2.0,12.0,0.0,0.03755843188786684,18.6299991607666,1.3825219617455107,0.0
^VIX,2026-11-18,40.0,Put,17.3,17.75,17.71,1.0,0.0,0.03755843188786684,18.6299991607666,1.3825219617455107,0.0
^VIX,2026-11-18,42.5,Call,1.59,1.87,1.77,1.0,0.0,0.03755843188786684,18.6299991607666,1.3825219617455107,0.0
^VIX,2026-11-18,45.0,Call,1.44,1.71,1.89,1.0,0.0,0.03755843188786684,18.6299991607666,1.3825219617455107,0.0
^VIX,2026-11-18,47.5,Call,1.31,1.57,1.2,15.0,0.0,0.03755843188786684,18.6299991607666,1.3825219617455107,0.0
^VIX,2026-11-18,50.0,Call,1.2,1.47,1.38,104.0,0.0,0.03755843188786684,18.6299991607666,1.3825219617455107,0.0
^VIX,2026-11-18,55.0,Call,1.01,1.24,1.4,5.0,0.0,0.03755843188786684,18.6299991607666,1.3825219617455107,0.0
^VIX,2026-11-18,60.0,Call,0.86,1.08,0.9,1.0,0.0,0.03755843188786684,18.6299991607666,1.3825219617455107,0.0
^VIX,2026-11-18,65.0,Call,0.74,0.94,0.9,1.0,0.0,0.03755843188786684,18.6299991607666,1.3825219617455107,0.0
^VIX,2026-11-18,70.0,Call,0.64,0.83,0.84,1.0,0.0,0.03755843188786684,18.6299991607666,1.3825219617455107,0.0
^VIX,2026-11-18,75.0,Call,0.56,0.74,0.7,25.0,0.0,0.03755843188786684,18.6299991607666,1.3825219617455107,0.0
^VIX,2026-11-18,80.0,Call,0.49,0.67,0.65,100.0,0.0,0.03755843188786684,18.6299991607666,1.3825219617455107,0.0
^VIX,2026-11-18,85.0,Call,0.43,0.6,0.5,3.0,0.0,0.03755843188786684,18.6299991607666,1.3825219617455107,0.0
^VIX,2026-11-18,90.0,Call,0.38,0.55,0.49,1.0,0.0,0.03755843188786684,18.6299991607666,1.3825219617455107,0.0
^VIX,2026-11-18,95.0,Call,0.34,0.5,1.02,,0.0,0.03755843188786684,18.6299991607666,1.3825219617455107,0.0
^VIX,2026-11-18,100.0,Call,0.31,0.46,0.35,3.0,0.0,0.03755843188786684,18.6299991607666,1.3825219617455107,0.0
^VIX,2026-11-18,110.0,Call,0.24,0.4,0.33,,0.0,0.03755843188786684,18.6299991607666,1.3825219617455107,0.0
^VIX,2026-11-18,120.0,Put,93.45,94.15,94.4,,0.0,0.03755843188786684,18.6299991607666,1.3825219617455107,0.0
^VIX,2026-11-18,130.0,Call,0.17,0.32,0.25,,0.0,0.03755843188786684,18.6299991607666,1.3825219617455107,0.0
^VIX,2026-11-18,140.0,Call,0.14,0.29,0.25,,0.0,0.03755843188786684,18.6299991607666,1.3825219617455107,0.0
^VIX,2026-11-18,150.0,Call,0.12,0.26,0.26,75.0,0.0,0.03755843188786684,18.6299991607666,1.3825219617455107,0.0
^VIX,2026-11-18,160.0,Call,0.1,0.24,0.24,,0.0,0.03755843188786684,18.6299991607666,1.3825219617455107,0.0
^VIX,2026-11-18,170.0,Call,0.08,0.22,0.2,1.0,0.0,0.03755843188786684,18.6299991607666,1.3825219617455107,0.0
^VIX,2026-11-18,180.0,Call,0.07,0.21,0.23,,0.0,0.03755843188786684,18.6299991607666,1.3825219617455107,0.0
^VIX,2026-11-18,190.0,Call,0.06,0.2,0.18,,0.0,0.03755843188786684,18.6299991607666,1.3825219617455107,0.0
^VIX,2026-11-18,200.0,Call,0.05,0.18,0.2,1.0,0.0,0.03755843188786684,18.6299991607666,1.3825219617455107,0.0
^VIX,2026-11-18,200.0,Put,171.25,172.0,171.85,,0.0,0.03755843188786684,18.6299991607666,1.3825219617455107,0.0
^XDA,2026-04-17,69.0,Call,0.0,5.0,2.16,,1.0,0.037462023653088046,71.02999877929688,0.10169655717098683,0.0
^XDA,2026-06-18,70.0,Call,0.0,0.0,1.93,6.0,0.0,0.037272667542706965,71.02999877929688,0.10169655717098683,0.0
^XDA,2026-06-18,71.0,Call,0.0,5.0,1.38,,5.0,0.037272667542706965,71.02999877929688,0.10169655717098683,0.0
^XDA,2026-09-18,68.0,Call,0.5,5.5,3.46,1.0,1.0,0.037462352168199736,71.02999877929688,0.10169655717098683,0.0
^XDA,2026-09-18,69.0,Call,0.0,5.0,2.71,2.0,2.0,0.037462352168199736,71.02999877929688,0.10169655717098683,0.0
^XDA,2026-09-18,70.0,Call,0.0,5.0,2.2,1.0,2.0,0.037462352168199736,71.02999877929688,0.10169655717098683,0.0
^XDA,2026-12-18,62.0,Call,0.0,0.0,10.0,,0.0,0.037591283399036356,71.02999877929688,0.10169655717098683,0.0
^XDA,2026-12-18,66.0,Call,3.0,8.0,3.3,,3.0,0.037591283399036356,71.02999877929688,0.10169655717098683,0.0
^XDA,2026-12-18,75.0,Call,0.0,0.0,1.33,,0.0,0.037591283399036356,71.02999877929688,0.10169655717098683,0.0
^XDB,2026-06-18,127.0,Put,0.0,0.0,0.15,1.0,0.0,0.037272667542706965,134.83900451660156,0.07213805940187841,0.0
^XDB,2026-06-18,137.0,Put,4.28,5.7,4.8,,3.0,0.037272667542706965,134.83900451660156,0.07213805940187841,0.0
^XDB,2026-09-18,129.0,Put,1.68,2.65,2.0,1.0,1.0,0.037462352168199736,134.83900451660156,0.07213805940187841,0.0
^XDB,2026-09-18,130.0,Put,1.97,2.96,2.5,6.0,6.0,0.037462352168199736,134.83900451660156,0.07213805940187841,0.0
^XDB,2026-09-18,133.0,Put,1.84,2.78,4.3,1.0,3.0,0.037462352168199736,134.83900451660156,0.07213805940187841,0.0
^XDB,2026-09-18,134.0,Put,0.5,5.5,1.42,,1.0,0.037462352168199736,134.83900451660156,0.07213805940187841,0.0
^XDB,2026-09-18,135.0,Put,4.21,5.63,4.8,1.0,1.0,0.037462352168199736,134.83900451660156,0.07213805940187841,0.0
^XDB,2026-09-18,136.0,Put,1.5,6.5,2.0,1.0,7.0,0.037462352168199736,134.83900451660156,0.07213805940187841,0.0
^XDB,2026-12-18,140.0,Put,0.0,0.0,6.0,,0.0,0.037591283399036356,134.83900451660156,0.07213805940187841,0.0
^XDE,2026-04-17,117.0,Put,0.0,0.0,1.36,10.0,0.0,0.037462023653088046,117.97699737548828,0.07666328577639263,0.0
^XDE,2026-04-17,118.0,Put,0.0,0.0,2.37,1.0,0.0,0.037462023653088046,117.97699737548828,0.07666328577639263,0.0
^XDE,2026-04-17,119.0,Call,0.0,0.0,1.73,,0.0,0.037462023653088046,117.97699737548828,0.07666328577639263,0.0
^XDE,2026-04-17,123.0,Call,0.0,0.0,0.34,,0.0,0.037462023653088046,117.97699737548828,0.07666328577639263,0.0
^XDE,2026-04-17,123.0,Put,4.0,9.0,2.92,,6.0,0.037462023653088046,117.97699737548828,0.07666328577639263,0.0
^XDE,2026-05-15,118.0,Put,0.0,0.0,2.47,10.0,0.0,0.03727805519053876,117.97699737548828,0.07666328577639263,0.0
^XDE,2026-06-18,110.0,Call,4.5,9.5,7.58,5.0,15.0,0.037272667542706965,117.97699737548828,0.07666328577639263,0.0
^XDE,2026-06-18,114.0,Call,3.0,8.0,6.2,,8.0,0.037272667542706965,117.97699737548828,0.07666328577639263,0.0
^XDE,2026-06-18,116.0,Call,0.0,5.0,3.19,1.0,1.0,0.037272667542706965,117.97699737548828,0.07666328577639263,0.0
^XDE,2026-06-18,116.5,Call,0.0,4.19,4.35,100.0,136.0,0.037272667542706965,117.97699737548828,0.07666328577639263,0.0
^XDE,2026-06-18,117.0,Call,0.0,5.0,1.77,,1.0,0.037272667542706965,117.97699737548828,0.07666328577639263,0.0
^XDE,2026-06-18,117.0,Put,0.0,5.0,1.67,,1.0,0.037272667542706965,117.97699737548828,0.07666328577639263,0.0
^XDE,2026-06-18,117.5,Call,0.5,5.5,3.91,,20.0,0.037272667542706965,117.97699737548828,0.07666328577639263,0.0
^XDE,2026-06-18,118.5,Call,0.0,5.0,2.31,,10.0,0.037272667542706965,117.97699737548828,0.07666328577639263,0.0
^XDE,2026-06-18,119.0,Call,0.0,5.0,2.05,,2.0,0.037272667542706965,117.97699737548828,0.07666328577639263,0.0
^XDE,2026-06-18,120.0,Put,2.13,2.61,2.63,3.0,6.0,0.037272667542706965,117.97699737548828,0.07666328577639263,0.0
^XDE,2026-06-18,123.0,Call,0.81,1.17,0.81,,1.0,0.037272667542706965,117.97699737548828,0.07666328577639263,0.0
^XDE,2026-09-18,116.0,Put,0.0,5.0,2.65,,1.0,0.037462352168199736,117.97699737548828,0.07666328577639263,0.0
^XDE,2026-09-18,120.0,Call,0.0,5.0,2.61,,10.0,0.037462352168199736,117.97699737548828,0.07666328577639263,0.0
^XDE,2026-09-18,120.0,Put,0.0,0.0,4.14,7.0,0.0,0.037462352168199736,117.97699737548828,0.07666328577639263,0.0
^XDE,2026-12-18,120.0,Call,0.0,0.0,1.89,95.0,0.0,0.037591283399036356,117.97699737548828,0.07666328577639263,0.0
^XDN,2026-04-17,64.0,Put,0.0,0.0,0.91,,0.0,0.037462023653088046,64.06800079345703,0.10030614471987225,0.0
^XDN,2026-04-17,65.0,Call,0.0,0.0,0.9,,0.0,0.037462023653088046,64.06800079345703,0.10030614471987225,0.0
^XDN,2026-04-17,65.0,Put,0.0,5.0,0.75,,2.0,0.037462023653088046,64.06800079345703,0.10030614471987225,0.0
^XDN,2026-04-17,69.0,Call,0.0,0.0,0.41,14.0,0.0,0.037462023653088046,64.06800079345703,0.10030614471987225,0.0
^XDN,2026-04-17,69.0,Put,3.0,8.0,3.9,,2.0,0.037462023653088046,64.06800079345703,0.10030614471987225,0.0
^XDN,2026-06-18,65.0,Call,0.0,0.0,1.1,,0.0,0.037272667542706965,64.06800079345703,0.10030614471987225,0.0
^XDN,2026-06-18,66.0,Call,1.15,1.45,1.71,10.0,5.0,0.037272667542706965,64.06800079345703,0.10030614471987225,0.0
^XDN,2026-06-18,72.0,Call,0.35,0.79,1.18,,30.0,0.037272667542706965,64.06800079345703,0.10030614471987225,0.0
^XDN,2026-09-18,70.0,Call,1.04,1.64,2.25,,8.0,0.037462352168199736,64.06800079345703,0.10030614471987225,0.0
^XDN,2026-09-18,75.0,Call,0.2,0.81,1.07,,15.0,0.037462352168199736,64.06800079345703,0.10030614471987225,0.0
^XDN,2026-12-18,64.0,Call,0.0,5.0,4.6,,1.0,0.037591283399036356,64.06800079345703,0.10030614471987225,0.0
^XDN,2026-12-18,70.0,Call,0.0,5.0,1.13,1.0,41.0,0.037591283399036356,64.06800079345703,0.10030614471987225,0.0
