Ticker,Expiration,strike,Type,bid,ask,lastPrice,volume,openInterest
^RUT,2026-05-26,2450.0,Put,0.0,0.1,0.95,,0.0
^RUT,2026-05-26,2475.0,Put,0.0,0.1,0.95,,0.0
^RUT,2026-05-26,2480.0,Put,0.0,0.1,0.5,1.0,0.0
^RUT,2026-05-26,2485.0,Put,0.0,0.1,0.11,1.0,0.0
^RUT,2026-05-26,2495.0,Call,392.0,416.0,255.0,,0.0
^RUT,2026-05-26,2500.0,Call,387.0,411.0,370.34,,0.0
^RUT,2026-05-26,2505.0,Call,382.0,406.0,365.53,,0.0
^RUT,2026-05-26,2520.0,Call,367.0,391.0,215.76,,0.0
^RUT,2026-05-26,2520.0,Put,0.0,0.1,0.05,,0.0
^RUT,2026-05-26,2525.0,Put,0.0,0.1,1.33,,0.0
^RUT,2026-05-26,2530.0,Put,0.0,0.1,0.21,1.0,0.0
^RUT,2026-05-26,2535.0,Put,0.0,0.1,0.25,1.0,0.0
^RUT,2026-05-26,2540.0,Put,0.0,0.1,0.56,,0.0
^RUT,2026-05-26,2545.0,Put,0.0,0.1,0.03,30.0,0.0
^RUT,2026-05-26,2550.0,Put,0.0,0.1,0.06,1.0,0.0
^RUT,2026-05-26,2555.0,Put,0.0,0.1,0.65,,0.0
^RUT,2026-05-26,2560.0,Put,0.0,0.1,1.8,,0.0
^RUT,2026-05-26,2565.0,Put,0.0,0.1,0.29,1.0,0.0
^RUT,2026-05-26,2570.0,Put,0.0,0.1,0.13,30.0,0.0
^RUT,2026-05-26,2575.0,Call,312.0,336.0,295.93,,0.0
^RUT,2026-05-26,2575.0,Put,0.0,0.1,0.95,12.0,0.0
^RUT,2026-05-26,2580.0,Put,0.0,0.1,1.65,2.0,0.0
^RUT,2026-05-26,2585.0,Put,0.0,0.1,1.5,7.0,0.0
^RUT,2026-05-26,2590.0,Put,0.0,0.1,0.07,1.0,0.0
^RUT,2026-05-26,2595.0,Put,0.0,0.15,1.55,12.0,0.0
^RUT,2026-05-26,2600.0,Call,287.0,311.0,154.32,,0.0
^RUT,2026-05-26,2600.0,Put,0.0,0.15,0.08,76.0,0.0
^RUT,2026-05-26,2605.0,Put,0.0,0.15,5.2,,0.0
^RUT,2026-05-26,2610.0,Call,277.0,301.0,226.09,,0.0
^RUT,2026-05-26,2610.0,Put,0.0,0.15,0.08,1.0,0.0
^RUT,2026-05-26,2615.0,Put,0.0,0.15,0.13,1.0,0.0
^RUT,2026-05-26,2620.0,Call,267.0,291.0,119.62,,0.0
^RUT,2026-05-26,2620.0,Put,0.0,0.15,0.32,3.0,0.0
^RUT,2026-05-26,2625.0,Put,0.0,0.15,0.95,32.0,0.0
^RUT,2026-05-26,2630.0,Call,257.0,281.0,106.2,,0.0
^RUT,2026-05-26,2630.0,Put,0.0,0.15,0.1,22.0,0.0
^RUT,2026-05-26,2635.0,Call,252.0,276.0,228.93,1.0,0.0
^RUT,2026-05-26,2635.0,Put,0.0,0.15,0.11,1.0,0.0
^RUT,2026-05-26,2640.0,Put,0.0,0.15,0.15,19.0,0.0
^RUT,2026-05-26,2645.0,Put,0.0,0.15,0.1,2.0,0.0
^RUT,2026-05-26,2650.0,Put,0.0,0.15,0.08,8.0,0.0
^RUT,2026-05-26,2655.0,Put,0.0,0.15,0.1,1.0,0.0
^RUT,2026-05-26,2660.0,Put,0.0,0.15,0.17,9.0,0.0
^RUT,2026-05-26,2665.0,Put,0.0,0.15,0.15,3.0,0.0
^RUT,2026-05-26,2670.0,Put,0.0,0.15,0.15,5.0,0.0
^RUT,2026-05-26,2675.0,Put,0.0,0.15,0.12,16.0,0.0
^RUT,2026-05-26,2680.0,Put,0.0,0.15,0.2,105.0,0.0
^RUT,2026-05-26,2685.0,Put,0.0,0.2,0.27,1.0,0.0
^RUT,2026-05-26,2690.0,Put,0.0,0.15,0.19,7.0,0.0
^RUT,2026-05-26,2695.0,Put,0.0,0.15,0.27,12.0,0.0
^RUT,2026-05-26,2700.0,Put,0.0,0.15,0.3,15.0,0.0
^RUT,2026-05-26,2705.0,Put,0.0,0.2,0.25,105.0,0.0
^RUT,2026-05-26,2710.0,Put,0.0,0.2,0.45,59.0,0.0
^RUT,2026-05-26,2715.0,Put,0.0,0.2,0.5,19.0,0.0
^RUT,2026-05-26,2720.0,Call,171.0,187.0,155.47,2.0,0.0
^RUT,2026-05-26,2720.0,Put,0.0,0.2,0.52,28.0,0.0
^RUT,2026-05-26,2725.0,Put,0.0,0.2,0.45,30.0,0.0
^RUT,2026-05-26,2730.0,Call,161.0,177.0,134.4,2.0,0.0
^RUT,2026-05-26,2730.0,Put,0.0,0.2,0.52,39.0,0.0
^RUT,2026-05-26,2735.0,Call,156.0,172.0,70.03,3.0,0.0
^RUT,2026-05-26,2735.0,Put,0.0,0.25,0.75,15.0,0.0
^RUT,2026-05-26,2740.0,Call,151.1,167.1,31.87,,0.0
^RUT,2026-05-26,2740.0,Put,0.0,0.2,0.45,27.0,0.0
^RUT,2026-05-26,2745.0,Call,146.1,162.1,60.88,3.0,0.0
^RUT,2026-05-26,2745.0,Put,0.0,0.25,0.74,22.0,0.0
^RUT,2026-05-26,2750.0,Call,141.1,157.1,74.0,,0.0
^RUT,2026-05-26,2750.0,Put,0.0,0.25,0.2,2.0,0.0
^RUT,2026-05-26,2755.0,Call,136.1,152.1,115.9,3.0,0.0
^RUT,2026-05-26,2755.0,Put,0.05,0.25,1.0,243.0,0.0
^RUT,2026-05-26,2760.0,Call,131.1,147.1,84.74,10.0,0.0
^RUT,2026-05-26,2760.0,Put,0.0,0.3,0.05,9.0,0.0
^RUT,2026-05-26,2765.0,Call,126.1,142.1,106.26,2.0,0.0
^RUT,2026-05-26,2765.0,Put,0.05,0.3,0.2,42.0,0.0
^RUT,2026-05-26,2770.0,Call,121.1,137.1,75.73,10.0,0.0
^RUT,2026-05-26,2770.0,Put,0.1,0.3,0.2,42.0,0.0
^RUT,2026-05-26,2775.0,Call,116.1,132.1,50.35,9.0,0.0
^RUT,2026-05-26,2775.0,Put,0.05,0.35,0.31,5.0,0.0
^RUT,2026-05-26,2780.0,Call,111.2,127.2,67.19,100.0,0.0
^RUT,2026-05-26,2780.0,Put,0.1,0.35,0.36,1.0,0.0
^RUT,2026-05-26,2785.0,Call,106.2,122.2,29.54,2.0,0.0
^RUT,2026-05-26,2785.0,Put,0.1,0.35,2.36,29.0,0.0
^RUT,2026-05-26,2790.0,Call,101.2,117.2,79.8,1.0,0.0
^RUT,2026-05-26,2790.0,Put,0.1,0.4,0.33,4.0,0.0
^RUT,2026-05-26,2795.0,Call,99.2,109.2,78.32,7.0,0.0
^RUT,2026-05-26,2795.0,Put,0.15,0.45,3.65,28.0,0.0
^RUT,2026-05-26,2800.0,Call,94.3,104.3,68.8,13.0,0.0
^RUT,2026-05-26,2800.0,Put,0.2,0.5,0.3,6.0,0.0
^RUT,2026-05-26,2805.0,Call,89.3,99.3,71.38,3.0,0.0
^RUT,2026-05-26,2805.0,Put,0.25,0.55,4.19,97.0,0.0
^RUT,2026-05-26,2810.0,Call,84.4,94.4,65.4,7.0,0.0
^RUT,2026-05-26,2810.0,Put,0.3,0.65,0.6,4.0,0.0
^RUT,2026-05-26,2815.0,Call,79.5,89.5,62.26,1.0,0.0
^RUT,2026-05-26,2815.0,Put,0.4,0.75,0.45,20.0,0.0
^RUT,2026-05-26,2820.0,Call,74.6,84.6,49.7,235.0,0.0
^RUT,2026-05-26,2820.0,Put,0.5,0.85,0.55,26.0,0.0
^RUT,2026-05-26,2825.0,Call,69.8,79.8,46.07,30.0,0.0
^RUT,2026-05-26,2825.0,Put,0.6,1.0,0.8,5.0,0.0
^RUT,2026-05-26,2830.0,Call,64.9,74.9,47.6,113.0,0.0
^RUT,2026-05-26,2830.0,Put,0.75,1.2,0.8,1.0,0.0
^RUT,2026-05-26,2835.0,Call,60.1,70.1,38.07,22.0,0.0
^RUT,2026-05-26,2835.0,Put,0.95,1.4,1.45,5.0,0.0
^RUT,2026-05-26,2840.0,Call,55.4,65.4,36.02,204.0,0.0
^RUT,2026-05-26,2840.0,Put,1.2,1.65,1.48,2.0,0.0
^RUT,2026-05-26,2845.0,Call,50.7,60.7,32.27,25.0,0.0
^RUT,2026-05-26,2845.0,Put,1.5,1.95,10.45,17.0,0.0
^RUT,2026-05-26,2850.0,Call,46.0,56.0,27.8,122.0,0.0
^RUT,2026-05-26,2850.0,Put,1.8,2.3,1.6,11.0,0.0
^RUT,2026-05-26,2855.0,Call,41.4,51.4,28.3,58.0,0.0
^RUT,2026-05-26,2855.0,Put,2.25,2.75,13.4,25.0,0.0
^RUT,2026-05-26,2860.0,Call,36.9,46.9,20.3,89.0,0.0
^RUT,2026-05-26,2860.0,Put,2.7,3.3,3.02,3.0,0.0
^RUT,2026-05-26,2865.0,Call,32.5,42.5,20.98,108.0,0.0
^RUT,2026-05-26,2865.0,Put,3.3,3.9,17.4,73.0,0.0
^RUT,2026-05-26,2870.0,Call,31.7,34.3,16.47,149.0,0.0
^RUT,2026-05-26,2870.0,Put,4.0,4.7,3.6,4.0,0.0
^RUT,2026-05-26,2875.0,Call,27.9,30.1,14.07,145.0,0.0
^RUT,2026-05-26,2875.0,Put,4.9,5.5,5.5,4.0,0.0
^RUT,2026-05-26,2880.0,Call,24.1,26.1,28.74,42.0,0.0
^RUT,2026-05-26,2880.0,Put,5.9,6.6,6.28,8.0,0.0
^RUT,2026-05-26,2885.0,Call,20.6,22.1,24.69,42.0,0.0
^RUT,2026-05-26,2890.0,Call,17.4,18.6,8.65,68.0,0.0
^RUT,2026-05-26,2890.0,Put,8.7,9.4,9.1,2.0,0.0
^RUT,2026-05-26,2895.0,Call,14.4,15.2,7.15,71.0,0.0
^RUT,2026-05-26,2900.0,Call,11.7,12.5,14.0,4.0,0.0
^RUT,2026-05-26,2900.0,Put,12.9,13.8,8.5,2.0,0.0
^RUT,2026-05-26,2905.0,Call,9.2,10.1,17.48,25.0,0.0
^RUT,2026-05-26,2905.0,Put,15.5,16.4,16.0,14.0,0.0
^RUT,2026-05-26,2910.0,Call,7.4,8.3,9.45,24.0,0.0
^RUT,2026-05-26,2915.0,Call,5.8,6.4,3.18,61.0,0.0
^RUT,2026-05-26,2915.0,Put,21.4,23.2,47.22,1.0,0.0
^RUT,2026-05-26,2920.0,Call,4.5,9.1,6.5,8.0,0.0
^RUT,2026-05-26,2920.0,Put,25.0,27.1,54.8,2.0,0.0
^RUT,2026-05-26,2925.0,Call,3.5,4.0,2.15,35.0,0.0
^RUT,2026-05-26,2930.0,Call,2.65,3.2,4.22,5.0,0.0
^RUT,2026-05-26,2930.0,Put,29.1,39.1,60.01,3.0,0.0
^RUT,2026-05-26,2935.0,Call,2.0,2.5,2.35,4.0,0.0
^RUT,2026-05-26,2935.0,Put,33.4,43.4,67.0,2.0,0.0
^RUT,2026-05-26,2940.0,Call,1.5,2.0,2.2,1.0,0.0
^RUT,2026-05-26,2940.0,Put,37.9,47.9,71.51,3.0,0.0
^RUT,2026-05-26,2945.0,Call,1.15,1.55,1.47,612.0,0.0
^RUT,2026-05-26,2950.0,Call,0.85,1.25,1.4,2.0,0.0
^RUT,2026-05-26,2955.0,Call,0.6,1.05,1.0,11.0,0.0
^RUT,2026-05-26,2955.0,Put,52.0,62.0,83.58,1.0,0.0
^RUT,2026-05-26,2960.0,Call,0.45,0.85,1.02,3.0,0.0
^RUT,2026-05-26,2965.0,Call,0.35,0.7,0.85,5.0,0.0
^RUT,2026-05-26,2970.0,Call,0.25,0.6,0.9,1.0,0.0
^RUT,2026-05-26,2970.0,Put,66.6,76.6,103.3,1.0,0.0
^RUT,2026-05-26,2975.0,Call,0.2,0.55,0.85,2.0,0.0
^RUT,2026-05-26,2980.0,Call,0.15,0.45,0.4,2.0,0.0
^RUT,2026-05-26,2985.0,Call,0.1,0.4,0.64,11.0,0.0
^RUT,2026-05-26,2990.0,Call,0.1,0.35,0.46,6.0,0.0
^RUT,2026-05-26,2995.0,Call,0.05,0.3,0.43,6.0,0.0
^RUT,2026-05-26,3000.0,Call,0.0,0.3,0.25,3.0,0.0
^RUT,2026-05-26,3005.0,Call,0.0,0.25,1.98,,0.0
^RUT,2026-05-26,3010.0,Call,0.15,1.65,0.45,1.0,0.0
^RUT,2026-05-26,3020.0,Call,0.1,0.2,0.25,2.0,0.0
^RUT,2026-05-26,3025.0,Call,0.05,0.5,0.3,1.0,0.0
^RUT,2026-05-26,3030.0,Call,0.05,1.5,0.15,1.0,0.0
^RUT,2026-05-26,3035.0,Call,0.05,1.45,0.16,4.0,0.0
^RUT,2026-05-26,3045.0,Call,0.0,1.4,0.16,6.0,0.0
^RUT,2026-05-26,3050.0,Call,0.0,0.15,0.17,25.0,0.0
^RUT,2026-05-26,3055.0,Call,0.0,0.15,0.4,1.0,0.0
^RUT,2026-05-26,3060.0,Call,0.0,1.3,1.47,,0.0
^RUT,2026-05-26,3065.0,Call,0.0,1.35,2.78,,0.0
^RUT,2026-05-26,3070.0,Call,0.0,1.25,0.08,1.0,0.0
^RUT,2026-05-26,3075.0,Call,0.0,1.3,2.37,,0.0
^RUT,2026-05-26,3080.0,Call,0.0,1.25,0.6,,0.0
^RUT,2026-05-26,3085.0,Call,0.0,1.25,0.08,1.0,0.0
^RUT,2026-05-26,3095.0,Call,0.0,1.25,0.5,,0.0
^RUT,2026-05-27,2475.0,Put,0.0,0.15,0.85,,0.0
^RUT,2026-05-27,2500.0,Call,387.1,411.1,232.96,,0.0
^RUT,2026-05-27,2500.0,Put,0.0,0.15,0.05,1.0,0.0
^RUT,2026-05-27,2510.0,Put,0.0,0.15,1.01,,0.0
^RUT,2026-05-27,2525.0,Put,0.0,0.15,0.1,1.0,0.0
^RUT,2026-05-27,2545.0,Put,0.0,0.2,0.24,,0.0
^RUT,2026-05-27,2550.0,Put,0.0,0.2,0.27,3.0,0.0
^RUT,2026-05-27,2555.0,Put,0.0,0.2,1.1,,0.0
^RUT,2026-05-27,2560.0,Put,0.0,0.2,2.68,,0.0
^RUT,2026-05-27,2565.0,Put,0.0,0.2,2.88,,0.0
^RUT,2026-05-27,2570.0,Put,0.0,0.2,2.9,25.0,0.0
^RUT,2026-05-27,2575.0,Put,0.0,0.2,0.5,2.0,0.0
^RUT,2026-05-27,2580.0,Put,0.0,0.2,2.21,30.0,0.0
^RUT,2026-05-27,2585.0,Put,0.0,0.2,3.27,,0.0
^RUT,2026-05-27,2590.0,Put,0.0,0.2,0.59,6.0,0.0
^RUT,2026-05-27,2595.0,Put,0.0,0.2,4.28,3.0,0.0
^RUT,2026-05-27,2600.0,Call,287.2,311.2,136.76,,0.0
^RUT,2026-05-27,2600.0,Put,0.0,0.2,2.4,1.0,0.0
^RUT,2026-05-27,2605.0,Put,0.0,0.2,1.65,,0.0
^RUT,2026-05-27,2610.0,Put,0.0,0.2,0.25,1.0,0.0
^RUT,2026-05-27,2615.0,Put,0.0,0.2,0.55,4.0,0.0
^RUT,2026-05-27,2620.0,Call,267.2,291.2,160.18,,0.0
^RUT,2026-05-27,2620.0,Put,0.0,0.2,0.19,1.0,0.0
^RUT,2026-05-27,2625.0,Put,0.0,0.25,1.55,,0.0
^RUT,2026-05-27,2630.0,Put,0.0,0.25,0.49,5.0,0.0
^RUT,2026-05-27,2635.0,Put,0.0,0.3,0.84,10.0,0.0
^RUT,2026-05-27,2640.0,Put,0.0,0.25,0.4,1.0,0.0
^RUT,2026-05-27,2645.0,Put,0.0,0.25,0.62,62.0,0.0
^RUT,2026-05-27,2650.0,Call,237.2,261.2,131.68,,0.0
^RUT,2026-05-27,2650.0,Put,0.0,0.25,0.42,13.0,0.0
^RUT,2026-05-27,2655.0,Put,0.0,0.25,0.74,14.0,0.0
^RUT,2026-05-27,2660.0,Put,0.0,0.3,0.39,6.0,0.0
^RUT,2026-05-27,2665.0,Put,0.0,0.3,0.5,17.0,0.0
^RUT,2026-05-27,2670.0,Put,0.0,0.35,0.51,11.0,0.0
^RUT,2026-05-27,2675.0,Put,0.0,0.3,0.46,2.0,0.0
^RUT,2026-05-27,2680.0,Put,0.0,0.7,0.67,4.0,0.0
^RUT,2026-05-27,2685.0,Put,0.05,0.35,0.56,5.0,0.0
^RUT,2026-05-27,2690.0,Put,0.1,0.4,0.66,24.0,0.0
^RUT,2026-05-27,2695.0,Put,0.05,0.35,0.91,3.0,0.0
^RUT,2026-05-27,2700.0,Call,191.3,207.3,63.7,,0.0
^RUT,2026-05-27,2700.0,Put,0.1,0.45,0.4,1.0,0.0
^RUT,2026-05-27,2705.0,Put,0.1,0.4,0.7,6.0,0.0
^RUT,2026-05-27,2710.0,Put,0.1,0.35,0.8,2.0,0.0
^RUT,2026-05-27,2715.0,Put,0.1,0.45,0.84,4.0,0.0
^RUT,2026-05-27,2720.0,Call,171.4,187.4,55.5,,0.0
^RUT,2026-05-27,2720.0,Put,0.15,0.5,1.16,22.0,0.0
^RUT,2026-05-27,2725.0,Call,166.4,182.4,90.54,,0.0
^RUT,2026-05-27,2725.0,Put,0.15,0.5,1.3,11.0,0.0
^RUT,2026-05-27,2730.0,Call,161.5,177.5,48.3,,0.0
^RUT,2026-05-27,2730.0,Put,0.2,0.55,1.32,10.0,0.0
^RUT,2026-05-27,2735.0,Put,0.2,0.55,1.2,9.0,0.0
^RUT,2026-05-27,2740.0,Call,151.5,167.5,78.04,,0.0
^RUT,2026-05-27,2740.0,Put,0.25,0.6,0.44,1.0,0.0
^RUT,2026-05-27,2745.0,Call,146.6,162.6,71.7,,0.0
^RUT,2026-05-27,2745.0,Put,0.3,0.65,2.17,6.0,0.0
^RUT,2026-05-27,2750.0,Call,141.6,157.6,74.9,,0.0
^RUT,2026-05-27,2750.0,Put,0.35,0.7,1.65,7.0,0.0
^RUT,2026-05-27,2755.0,Call,136.7,152.7,116.8,1.0,0.0
^RUT,2026-05-27,2755.0,Put,0.4,0.75,0.54,1.0,0.0
^RUT,2026-05-27,2760.0,Call,131.7,147.7,101.1,1.0,0.0
^RUT,2026-05-27,2760.0,Put,0.45,0.8,0.61,1.0,0.0
^RUT,2026-05-27,2765.0,Call,126.8,142.8,29.54,6.0,0.0
^RUT,2026-05-27,2765.0,Put,0.5,0.9,0.55,4.0,0.0
^RUT,2026-05-27,2770.0,Call,121.9,137.9,60.71,7.0,0.0
^RUT,2026-05-27,2770.0,Put,0.6,1.0,3.0,23.0,0.0
^RUT,2026-05-27,2775.0,Call,117.0,133.0,77.75,1.0,0.0
^RUT,2026-05-27,2775.0,Put,0.65,1.1,2.79,4.0,0.0
^RUT,2026-05-27,2780.0,Call,112.1,128.1,92.26,2.0,0.0
^RUT,2026-05-27,2780.0,Put,0.75,1.2,1.0,1.0,0.0
^RUT,2026-05-27,2785.0,Call,107.2,123.2,86.5,1.0,0.0
^RUT,2026-05-27,2785.0,Put,0.85,1.35,4.72,70.0,0.0
^RUT,2026-05-27,2790.0,Call,102.3,118.3,86.05,1.0,0.0
^RUT,2026-05-27,2790.0,Put,1.0,1.5,1.3,2.0,0.0
^RUT,2026-05-27,2795.0,Call,100.1,114.5,77.6,2.0,0.0
^RUT,2026-05-27,2795.0,Put,1.15,1.65,1.2,4.0,0.0
^RUT,2026-05-27,2800.0,Call,95.7,105.7,73.2,4.0,0.0
^RUT,2026-05-27,2800.0,Put,1.3,1.85,6.35,25.0,0.0
^RUT,2026-05-27,2805.0,Call,90.9,100.9,72.6,1.0,0.0
^RUT,2026-05-27,2805.0,Put,1.5,2.1,5.47,7.0,0.0
^RUT,2026-05-27,2810.0,Call,86.1,96.1,60.01,4.0,0.0
^RUT,2026-05-27,2810.0,Put,1.75,2.3,8.1,3.0,0.0
^RUT,2026-05-27,2815.0,Call,81.4,91.4,32.0,2.0,0.0
^RUT,2026-05-27,2815.0,Put,2.0,2.6,9.0,18.0,0.0
^RUT,2026-05-27,2820.0,Call,76.7,86.7,57.4,6.0,0.0
^RUT,2026-05-27,2820.0,Put,2.3,2.9,9.71,46.0,0.0
^RUT,2026-05-27,2825.0,Call,72.0,82.0,52.2,4.0,0.0
^RUT,2026-05-27,2825.0,Put,2.65,3.3,2.34,4.0,0.0
^RUT,2026-05-27,2830.0,Call,67.4,77.4,48.5,7.0,0.0
^RUT,2026-05-27,2830.0,Put,3.0,3.7,11.95,5.0,0.0
^RUT,2026-05-27,2835.0,Call,62.9,72.9,46.1,1.0,0.0
^RUT,2026-05-27,2835.0,Put,3.4,4.2,11.0,2.0,0.0
^RUT,2026-05-27,2840.0,Call,58.4,68.4,31.4,5.0,0.0
^RUT,2026-05-27,2840.0,Put,3.9,4.7,4.9,1.0,0.0
^RUT,2026-05-27,2845.0,Call,54.0,64.0,31.8,1.0,0.0
^RUT,2026-05-27,2845.0,Put,4.5,5.3,14.02,14.0,0.0
^RUT,2026-05-27,2850.0,Call,49.6,59.6,34.6,6.0,0.0
^RUT,2026-05-27,2850.0,Put,5.2,6.0,15.05,2.0,0.0
^RUT,2026-05-27,2855.0,Call,45.4,55.4,28.09,10.0,0.0
^RUT,2026-05-27,2855.0,Put,5.9,6.7,4.85,4.0,0.0
^RUT,2026-05-27,2860.0,Call,44.9,47.4,24.4,8.0,0.0
^RUT,2026-05-27,2860.0,Put,6.8,7.6,21.0,5.0,0.0
^RUT,2026-05-27,2865.0,Call,40.9,43.3,22.47,6.0,0.0
^RUT,2026-05-27,2865.0,Put,7.7,8.5,19.9,13.0,0.0
^RUT,2026-05-27,2870.0,Call,37.1,39.3,21.75,8.0,0.0
^RUT,2026-05-27,2870.0,Put,8.8,9.6,26.5,5.0,0.0
^RUT,2026-05-27,2875.0,Call,33.4,35.5,19.25,11.0,0.0
^RUT,2026-05-27,2875.0,Put,10.1,10.9,28.93,8.0,0.0
^RUT,2026-05-27,2880.0,Call,30.0,31.6,15.4,16.0,0.0
^RUT,2026-05-27,2880.0,Put,11.3,12.3,28.6,3.0,0.0
^RUT,2026-05-27,2885.0,Call,26.6,28.0,18.27,9.0,0.0
^RUT,2026-05-27,2885.0,Put,12.9,13.9,76.3,,0.0
^RUT,2026-05-27,2890.0,Call,23.6,24.9,11.88,9.0,0.0
^RUT,2026-05-27,2890.0,Put,14.6,15.7,36.0,2.0,0.0
^RUT,2026-05-27,2895.0,Call,20.7,21.8,11.57,12.0,0.0
^RUT,2026-05-27,2895.0,Put,16.8,17.9,34.7,1.0,0.0
^RUT,2026-05-27,2900.0,Call,18.1,19.0,10.07,14.0,0.0
^RUT,2026-05-27,2900.0,Put,19.1,20.1,109.1,,0.0
^RUT,2026-05-27,2905.0,Call,15.6,16.5,7.57,8.0,0.0
^RUT,2026-05-27,2905.0,Put,21.6,22.6,47.6,1.0,0.0
^RUT,2026-05-27,2910.0,Call,13.4,14.4,14.6,1.0,0.0
^RUT,2026-05-27,2910.0,Put,24.3,25.5,118.9,,0.0
^RUT,2026-05-27,2915.0,Call,11.4,12.4,5.8,1.0,0.0
^RUT,2026-05-27,2920.0,Call,9.7,10.6,5.12,4.0,0.0
^RUT,2026-05-27,2925.0,Call,8.2,9.0,4.37,33.0,0.0
^RUT,2026-05-27,2930.0,Call,6.7,7.6,3.72,65.0,0.0
^RUT,2026-05-27,2935.0,Call,5.6,6.4,4.52,12.0,0.0
^RUT,2026-05-27,2935.0,Put,40.8,43.3,71.9,2.0,0.0
^RUT,2026-05-27,2940.0,Call,4.5,5.4,2.64,2.0,0.0
^RUT,2026-05-27,2940.0,Put,41.0,51.0,75.0,2.0,0.0
^RUT,2026-05-27,2945.0,Call,3.7,4.5,3.15,5.0,0.0
^RUT,2026-05-27,2950.0,Call,3.0,3.8,2.42,13.0,0.0
^RUT,2026-05-27,2955.0,Call,2.5,3.2,2.06,5.0,0.0
^RUT,2026-05-27,2960.0,Call,2.05,2.6,3.0,1.0,0.0
^RUT,2026-05-27,2965.0,Call,1.6,2.2,8.88,,0.0
^RUT,2026-05-27,2970.0,Call,1.3,1.85,1.55,1.0,0.0
^RUT,2026-05-27,2970.0,Put,67.6,77.6,111.6,1.0,0.0
^RUT,2026-05-27,2975.0,Call,1.05,1.6,0.25,5.0,0.0
^RUT,2026-05-27,2980.0,Call,0.85,1.4,6.41,,0.0
^RUT,2026-05-27,2995.0,Call,0.5,0.9,1.44,1.0,0.0
^RUT,2026-05-27,3000.0,Call,0.4,0.8,0.95,4.0,0.0
^RUT,2026-05-27,3005.0,Call,0.35,0.75,1.19,1.0,0.0
^RUT,2026-05-27,3010.0,Call,0.3,0.65,0.59,1.0,0.0
^RUT,2026-05-27,3015.0,Call,0.25,0.6,0.6,2.0,0.0
^RUT,2026-05-27,3020.0,Call,0.2,0.55,0.27,,0.0
^RUT,2026-05-27,3025.0,Call,0.15,0.5,0.38,6.0,0.0
^RUT,2026-05-27,3040.0,Call,0.05,0.4,0.37,2.0,0.0
^RUT,2026-05-27,3060.0,Call,0.05,0.3,1.21,,0.0
^RUT,2026-05-27,3085.0,Call,0.0,0.3,0.1,1.0,0.0
^RUT,2026-05-28,2450.0,Put,0.0,0.2,1.08,,0.0
^RUT,2026-05-28,2500.0,Put,0.0,0.2,1.72,1.0,0.0
^RUT,2026-05-28,2525.0,Put,0.0,0.2,1.98,20.0,0.0
^RUT,2026-05-28,2540.0,Put,0.0,0.3,2.04,,0.0
^RUT,2026-05-28,2550.0,Put,0.0,0.25,0.62,,0.0
^RUT,2026-05-28,2555.0,Put,0.0,0.25,2.51,,0.0
^RUT,2026-05-28,2560.0,Put,0.0,0.25,3.7,4.0,0.0
^RUT,2026-05-28,2565.0,Put,0.0,0.25,0.65,,0.0
^RUT,2026-05-28,2575.0,Put,0.0,0.25,0.51,1.0,0.0
^RUT,2026-05-28,2580.0,Put,0.0,0.3,2.98,1.0,0.0
^RUT,2026-05-28,2590.0,Put,0.0,0.3,1.3,1.0,0.0
^RUT,2026-05-28,2595.0,Put,0.0,0.3,0.85,,0.0
^RUT,2026-05-28,2600.0,Put,0.0,0.3,0.4,2.0,0.0
^RUT,2026-05-28,2605.0,Put,0.0,0.3,4.14,2.0,0.0
^RUT,2026-05-28,2610.0,Put,0.05,0.35,0.47,2.0,0.0
^RUT,2026-05-28,2615.0,Put,0.05,0.4,0.36,2.0,0.0
^RUT,2026-05-28,2620.0,Put,0.05,0.3,0.36,4.0,0.0
^RUT,2026-05-28,2625.0,Put,0.05,0.3,5.08,,0.0
^RUT,2026-05-28,2630.0,Put,0.05,0.35,0.49,2.0,0.0
^RUT,2026-05-28,2635.0,Put,0.1,0.4,5.86,,0.0
^RUT,2026-05-28,2640.0,Put,0.1,0.4,2.45,5.0,0.0
^RUT,2026-05-28,2645.0,Put,0.1,0.35,0.54,7.0,0.0
^RUT,2026-05-28,2650.0,Put,0.1,0.45,0.71,22.0,0.0
^RUT,2026-05-28,2655.0,Put,0.1,0.5,2.25,,0.0
^RUT,2026-05-28,2660.0,Put,0.15,0.5,2.33,7.0,0.0
^RUT,2026-05-28,2665.0,Put,0.2,0.55,1.62,,0.0
^RUT,2026-05-28,2670.0,Put,0.15,0.45,1.16,3.0,0.0
^RUT,2026-05-28,2675.0,Put,0.2,0.6,0.84,7.0,0.0
^RUT,2026-05-28,2680.0,Put,0.25,0.6,1.05,5.0,0.0
^RUT,2026-05-28,2685.0,Put,0.25,0.65,3.38,,0.0
^RUT,2026-05-28,2690.0,Put,0.3,0.65,1.4,4.0,0.0
^RUT,2026-05-28,2695.0,Put,0.35,0.7,1.19,9.0,0.0
^RUT,2026-05-28,2700.0,Call,191.8,207.8,68.7,,0.0
^RUT,2026-05-28,2700.0,Put,0.35,0.75,0.75,1.0,0.0
^RUT,2026-05-28,2705.0,Put,0.4,0.8,3.07,7.0,0.0
^RUT,2026-05-28,2710.0,Put,0.45,0.85,1.58,31.0,0.0
^RUT,2026-05-28,2715.0,Call,176.9,192.9,104.2,1.0,0.0
^RUT,2026-05-28,2715.0,Put,0.5,0.9,1.99,5.0,0.0
^RUT,2026-05-28,2720.0,Put,0.55,0.95,2.19,1.0,0.0
^RUT,2026-05-28,2725.0,Call,167.1,183.1,94.2,2.0,0.0
^RUT,2026-05-28,2725.0,Put,0.6,1.05,2.14,4.0,0.0
^RUT,2026-05-28,2730.0,Put,0.7,1.1,2.38,4.0,0.0
^RUT,2026-05-28,2735.0,Put,0.75,1.2,2.64,27.0,0.0
^RUT,2026-05-28,2740.0,Call,152.3,168.3,132.3,1.0,0.0
^RUT,2026-05-28,2740.0,Put,0.85,1.3,2.85,32.0,0.0
^RUT,2026-05-28,2745.0,Put,0.95,1.4,2.8,11.0,0.0
^RUT,2026-05-28,2750.0,Call,142.5,158.5,31.0,2.0,0.0
^RUT,2026-05-28,2750.0,Put,1.05,1.5,3.17,206.0,0.0
^RUT,2026-05-28,2755.0,Call,137.6,153.6,114.5,1.0,0.0
^RUT,2026-05-28,2755.0,Put,1.15,1.65,4.3,11.0,0.0
^RUT,2026-05-28,2760.0,Call,132.8,148.8,57.92,,0.0
^RUT,2026-05-28,2760.0,Put,1.25,1.8,3.72,207.0,0.0
^RUT,2026-05-28,2765.0,Call,127.9,143.9,107.62,4.0,0.0
^RUT,2026-05-28,2765.0,Put,1.4,1.95,5.77,1.0,0.0
^RUT,2026-05-28,2770.0,Call,123.1,139.1,102.7,21.0,0.0
^RUT,2026-05-28,2770.0,Put,1.55,2.15,1.8,1.0,0.0
^RUT,2026-05-28,2775.0,Call,118.3,134.3,32.8,2.0,0.0
^RUT,2026-05-28,2775.0,Put,1.75,2.35,5.1,1.0,0.0
^RUT,2026-05-28,2780.0,Call,113.5,129.5,93.66,20.0,0.0
^RUT,2026-05-28,2780.0,Put,1.95,2.55,5.5,7.0,0.0
^RUT,2026-05-28,2785.0,Call,108.7,124.7,40.94,4.0,0.0
^RUT,2026-05-28,2785.0,Put,2.15,2.8,6.6,5.0,0.0
^RUT,2026-05-28,2790.0,Call,104.0,120.0,76.8,70.0,0.0
^RUT,2026-05-28,2790.0,Put,2.4,3.1,6.42,5.0,0.0
^RUT,2026-05-28,2795.0,Call,100.1,116.1,68.86,8.0,0.0
^RUT,2026-05-28,2795.0,Put,2.7,3.3,6.77,6.0,0.0
^RUT,2026-05-28,2800.0,Call,97.6,107.6,68.38,70.0,0.0
^RUT,2026-05-28,2800.0,Put,3.0,3.7,7.46,11.0,0.0
^RUT,2026-05-28,2805.0,Call,92.9,102.9,28.0,2.0,0.0
^RUT,2026-05-28,2805.0,Put,3.3,4.0,9.4,3.0,0.0
^RUT,2026-05-28,2810.0,Call,88.3,98.3,69.94,1.0,0.0
^RUT,2026-05-28,2810.0,Put,3.7,4.4,9.06,2.0,0.0
^RUT,2026-05-28,2815.0,Call,83.7,93.7,63.34,4.0,0.0
^RUT,2026-05-28,2815.0,Put,4.1,4.9,9.55,4.0,0.0
^RUT,2026-05-28,2820.0,Call,79.2,89.2,15.05,,0.0
^RUT,2026-05-28,2820.0,Put,4.6,5.3,15.2,1.0,0.0
^RUT,2026-05-28,2825.0,Call,74.7,84.7,54.29,7.0,0.0
^RUT,2026-05-28,2825.0,Put,5.1,5.8,14.42,2.0,0.0
^RUT,2026-05-28,2830.0,Call,70.3,80.3,45.34,70.0,0.0
^RUT,2026-05-28,2830.0,Put,5.6,6.4,13.2,9.0,0.0
^RUT,2026-05-28,2835.0,Call,65.9,75.9,45.22,3.0,0.0
^RUT,2026-05-28,2835.0,Put,6.2,7.1,13.66,1.0,0.0
^RUT,2026-05-28,2840.0,Call,61.6,71.6,38.62,70.0,0.0
^RUT,2026-05-28,2840.0,Put,6.9,7.8,16.01,2.0,0.0
^RUT,2026-05-28,2845.0,Call,61.0,63.6,40.58,6.0,0.0
^RUT,2026-05-28,2845.0,Put,7.7,8.5,17.63,1.0,0.0
^RUT,2026-05-28,2850.0,Call,56.9,59.4,37.63,6.0,0.0
^RUT,2026-05-28,2850.0,Put,8.6,9.4,18.15,6.0,0.0
^RUT,2026-05-28,2855.0,Call,52.9,55.3,32.41,4.0,0.0
^RUT,2026-05-28,2855.0,Put,9.4,10.4,10.4,2.0,0.0
^RUT,2026-05-28,2860.0,Call,49.0,51.3,30.8,2.0,0.0
^RUT,2026-05-28,2860.0,Put,10.5,11.4,24.32,2.0,0.0
^RUT,2026-05-28,2865.0,Call,45.2,47.4,26.89,9.0,0.0
^RUT,2026-05-28,2865.0,Put,11.7,12.6,30.08,3.0,0.0
^RUT,2026-05-28,2870.0,Call,41.6,43.6,27.44,4.0,0.0
^RUT,2026-05-28,2870.0,Put,13.0,13.9,28.2,4.0,0.0
^RUT,2026-05-28,2875.0,Call,38.2,39.9,25.0,10.0,0.0
^RUT,2026-05-28,2875.0,Put,14.4,15.3,29.0,3.0,0.0
^RUT,2026-05-28,2880.0,Call,34.8,36.3,19.69,7.0,0.0
^RUT,2026-05-28,2880.0,Put,16.0,16.9,31.6,3.0,0.0
^RUT,2026-05-28,2885.0,Call,31.7,33.0,17.69,7.0,0.0
^RUT,2026-05-28,2890.0,Call,28.5,29.7,20.5,14.0,0.0
^RUT,2026-05-28,2890.0,Put,19.5,20.6,72.33,2.0,0.0
^RUT,2026-05-28,2895.0,Call,25.8,26.8,16.85,6.0,0.0
^RUT,2026-05-28,2900.0,Call,23.1,24.2,12.7,20.0,0.0
^RUT,2026-05-28,2905.0,Call,20.6,21.7,13.4,1.0,0.0
^RUT,2026-05-28,2910.0,Call,18.3,19.4,11.97,2.0,0.0
^RUT,2026-05-28,2915.0,Call,16.2,17.1,22.2,2.0,0.0
^RUT,2026-05-28,2920.0,Call,14.2,15.2,8.0,10.0,0.0
^RUT,2026-05-28,2925.0,Call,12.5,13.4,6.87,1.0,0.0
^RUT,2026-05-28,2930.0,Call,10.9,11.9,7.09,4.0,0.0
^RUT,2026-05-28,2935.0,Call,9.5,10.4,5.71,1.0,0.0
^RUT,2026-05-28,2940.0,Call,8.2,9.0,5.46,5.0,0.0
^RUT,2026-05-28,2945.0,Call,7.1,7.9,5.12,250.0,0.0
^RUT,2026-05-28,2950.0,Call,6.0,6.9,4.21,4.0,0.0
^RUT,2026-05-28,2955.0,Call,5.1,6.0,3.95,252.0,0.0
^RUT,2026-05-28,2960.0,Call,4.3,5.2,2.7,3.0,0.0
^RUT,2026-05-28,2970.0,Call,3.1,3.8,2.25,5.0,0.0
^RUT,2026-05-28,2975.0,Call,2.65,3.3,0.42,,0.0
^RUT,2026-05-28,2990.0,Call,1.55,2.15,1.4,5.0,0.0
^RUT,2026-05-28,2995.0,Call,1.3,1.9,0.56,5.0,0.0
^RUT,2026-05-28,3000.0,Call,1.1,1.65,1.09,2.0,0.0
^RUT,2026-05-28,3005.0,Call,0.95,1.45,0.88,2.0,0.0
^RUT,2026-05-28,3015.0,Call,0.7,1.15,0.7,2.0,0.0
^RUT,2026-05-28,3020.0,Call,0.6,1.05,0.4,,0.0
^RUT,2026-05-28,3055.0,Call,0.2,0.55,2.22,,0.0
^RUT,2026-05-28,3065.0,Call,0.15,0.5,1.9,,0.0
^RUT,2026-05-28,3080.0,Call,0.05,0.4,0.15,1.0,0.0
^RUT,2026-05-29,1250.0,Put,0.0,10.0,0.14,1.0,20.0
^RUT,2026-05-29,1300.0,Put,0.0,0.15,0.15,3.0,0.0
^RUT,2026-05-29,1350.0,Put,0.0,10.0,0.24,31.0,30.0
^RUT,2026-05-29,1450.0,Put,0.0,0.6,1.54,10.0,0.0
^RUT,2026-05-29,1500.0,Put,0.0,10.0,0.25,20.0,26.0
^RUT,2026-05-29,1550.0,Put,0.0,0.15,0.32,3.0,0.0
^RUT,2026-05-29,1600.0,Put,0.0,10.0,0.35,20.0,14.0
^RUT,2026-05-29,1650.0,Put,0.0,0.15,0.5,6.0,0.0
^RUT,2026-05-29,1700.0,Put,0.0,0.65,3.0,8.0,0.0
^RUT,2026-05-29,1750.0,Put,0.0,0.15,0.38,1.0,0.0
^RUT,2026-05-29,1800.0,Put,0.0,10.0,1.4,1.0,19.0
^RUT,2026-05-29,1820.0,Put,0.0,0.15,0.38,1.0,0.0
^RUT,2026-05-29,1825.0,Put,0.0,0.15,0.2,10.0,0.0
^RUT,2026-05-29,1850.0,Call,0.0,0.0,608.23,1.0,0.0
^RUT,2026-05-29,1850.0,Put,0.0,10.0,1.68,1.0,10.0
^RUT,2026-05-29,1875.0,Put,0.0,0.15,0.35,16.0,0.0
^RUT,2026-05-29,1890.0,Put,0.0,5.6,1.1,,15.0
^RUT,2026-05-29,1900.0,Call,871.0,893.2,591.93,2.0,2.0
^RUT,2026-05-29,1900.0,Put,0.0,0.25,6.7,1.0,12.0
^RUT,2026-05-29,1905.0,Put,0.0,0.15,0.09,2.0,0.0
^RUT,2026-05-29,1925.0,Put,0.0,0.15,0.42,16.0,0.0
^RUT,2026-05-29,1930.0,Put,0.0,5.1,1.36,1.0,0.0
^RUT,2026-05-29,1935.0,Put,0.0,5.1,2.46,4.0,4.0
^RUT,2026-05-29,1950.0,Put,0.0,10.0,2.75,20.0,78.0
^RUT,2026-05-29,1970.0,Put,0.0,0.15,0.24,3.0,0.0
^RUT,2026-05-29,2000.0,Call,772.0,794.4,519.54,7.0,8.0
^RUT,2026-05-29,2000.0,Put,0.0,0.15,0.08,1.0,0.0
^RUT,2026-05-29,2005.0,Put,0.0,0.15,0.81,1.0,0.0
^RUT,2026-05-29,2010.0,Call,762.0,784.4,510.42,,7.0
^RUT,2026-05-29,2010.0,Put,0.0,0.15,0.42,4.0,0.0
^RUT,2026-05-29,2020.0,Put,0.0,0.15,0.13,1.0,0.0
^RUT,2026-05-29,2025.0,Put,0.0,0.35,3.75,,20.0
^RUT,2026-05-29,2030.0,Put,0.0,0.15,0.32,1.0,0.0
^RUT,2026-05-29,2035.0,Put,0.0,10.0,3.79,4.0,4.0
^RUT,2026-05-29,2040.0,Put,0.0,10.0,3.2,1.0,25.0
^RUT,2026-05-29,2050.0,Call,635.7,657.7,572.0,,0.0
^RUT,2026-05-29,2050.0,Put,0.0,0.15,0.08,1.0,0.0
^RUT,2026-05-29,2060.0,Put,0.0,10.0,2.43,,10.0
^RUT,2026-05-29,2070.0,Put,0.0,0.15,1.15,1.0,0.0
^RUT,2026-05-29,2075.0,Put,0.0,5.1,2.57,6.0,5.0
^RUT,2026-05-29,2080.0,Put,0.0,10.0,2.75,1.0,2.0
^RUT,2026-05-29,2085.0,Put,0.0,0.15,0.25,10.0,0.0
^RUT,2026-05-29,2100.0,Put,0.0,0.15,0.2,3.0,0.0
^RUT,2026-05-29,2105.0,Put,0.0,0.85,13.02,,0.0
^RUT,2026-05-29,2110.0,Put,0.0,0.15,0.1,4.0,0.0
^RUT,2026-05-29,2120.0,Put,0.0,0.15,0.17,3.0,0.0
^RUT,2026-05-29,2125.0,Put,0.0,0.15,0.36,,0.0
^RUT,2026-05-29,2130.0,Put,0.0,0.15,0.95,10.0,0.0
^RUT,2026-05-29,2135.0,Put,0.0,0.45,4.9,1.0,1.0
^RUT,2026-05-29,2140.0,Put,0.0,0.15,0.15,1.0,0.0
^RUT,2026-05-29,2145.0,Put,0.0,0.15,0.35,1.0,0.0
^RUT,2026-05-29,2150.0,Put,0.0,0.15,0.2,1.0,0.0
^RUT,2026-05-29,2155.0,Put,0.0,0.15,0.08,3.0,0.0
^RUT,2026-05-29,2160.0,Put,0.0,0.15,0.14,4.0,0.0
^RUT,2026-05-29,2170.0,Put,0.0,0.15,1.5,5.0,0.0
^RUT,2026-05-29,2175.0,Put,0.0,0.5,4.59,5.0,4.0
^RUT,2026-05-29,2180.0,Put,0.0,0.15,0.25,2.0,0.0
^RUT,2026-05-29,2190.0,Put,0.0,0.95,20.07,50.0,0.0
^RUT,2026-05-29,2195.0,Put,0.0,0.15,1.5,5.0,0.0
^RUT,2026-05-29,2200.0,Put,0.0,0.15,0.09,1.0,0.0
^RUT,2026-05-29,2210.0,Put,0.0,0.15,0.37,2.0,0.0
^RUT,2026-05-29,2220.0,Call,667.3,691.3,616.31,1.0,0.0
^RUT,2026-05-29,2220.0,Put,0.0,0.15,0.5,2.0,0.0
^RUT,2026-05-29,2230.0,Call,657.3,681.3,606.23,1.0,0.0
^RUT,2026-05-29,2230.0,Put,0.0,0.15,0.38,1.0,0.0
^RUT,2026-05-29,2240.0,Put,0.0,0.15,0.27,14.0,0.0
^RUT,2026-05-29,2250.0,Call,637.4,661.4,607.61,14.0,0.0
^RUT,2026-05-29,2250.0,Put,0.0,0.15,0.38,1.0,0.0
^RUT,2026-05-29,2260.0,Call,627.4,651.4,597.6,14.0,0.0
^RUT,2026-05-29,2260.0,Put,0.0,0.15,0.25,2.0,0.0
^RUT,2026-05-29,2270.0,Put,0.0,0.15,0.85,3.0,0.0
^RUT,2026-05-29,2280.0,Put,0.0,0.15,0.2,1.0,0.0
^RUT,2026-05-29,2290.0,Put,0.0,0.15,0.27,1.0,0.0
^RUT,2026-05-29,2300.0,Put,0.0,0.15,0.42,4.0,0.0
^RUT,2026-05-29,2310.0,Put,0.0,0.15,0.14,3.0,0.0
^RUT,2026-05-29,2320.0,Put,0.0,0.15,0.3,1.0,0.0
^RUT,2026-05-29,2330.0,Put,0.0,0.15,0.6,4.0,0.0
^RUT,2026-05-29,2340.0,Call,438.0,460.8,238.88,,10.0
^RUT,2026-05-29,2340.0,Put,0.0,0.15,0.39,1.0,0.0
^RUT,2026-05-29,2350.0,Call,428.0,450.5,231.53,,10.0
^RUT,2026-05-29,2350.0,Put,0.0,0.15,0.37,3.0,0.0
^RUT,2026-05-29,2360.0,Call,527.4,551.4,491.77,3.0,0.0
^RUT,2026-05-29,2360.0,Put,0.0,0.15,0.67,1.0,0.0
^RUT,2026-05-29,2365.0,Put,0.0,0.2,0.16,1.0,0.0
^RUT,2026-05-29,2370.0,Put,0.0,0.2,0.42,6.0,0.0
^RUT,2026-05-29,2375.0,Put,0.0,0.2,0.65,1.0,0.0
^RUT,2026-05-29,2380.0,Put,0.0,0.2,0.21,1.0,0.0
^RUT,2026-05-29,2385.0,Put,0.0,0.25,0.47,2.0,0.0
^RUT,2026-05-29,2390.0,Put,0.0,0.2,0.93,15.0,0.0
^RUT,2026-05-29,2395.0,Put,0.0,0.2,1.1,4.0,0.0
^RUT,2026-05-29,2400.0,Call,487.5,511.5,458.1,,0.0
^RUT,2026-05-29,2400.0,Put,0.0,0.2,0.15,1.0,0.0
^RUT,2026-05-29,2405.0,Put,0.0,0.2,0.95,1.0,0.0
^RUT,2026-05-29,2410.0,Call,477.5,501.5,389.72,5.0,0.0
^RUT,2026-05-29,2410.0,Put,0.0,0.2,0.3,5.0,0.0
^RUT,2026-05-29,2415.0,Put,0.0,0.2,0.32,11.0,0.0
^RUT,2026-05-29,2420.0,Call,467.5,491.5,379.82,5.0,0.0
^RUT,2026-05-29,2420.0,Put,0.0,0.2,0.35,10.0,0.0
^RUT,2026-05-29,2425.0,Put,0.0,0.2,0.36,1.0,0.0
^RUT,2026-05-29,2430.0,Put,0.0,0.2,0.5,1.0,0.0
^RUT,2026-05-29,2435.0,Put,0.0,0.2,1.05,1.0,0.0
^RUT,2026-05-29,2440.0,Put,0.0,0.2,0.35,4.0,0.0
^RUT,2026-05-29,2445.0,Put,0.0,0.2,0.13,10.0,0.0
^RUT,2026-05-29,2450.0,Call,437.5,461.5,406.29,5.0,0.0
^RUT,2026-05-29,2450.0,Put,0.0,0.2,0.25,2.0,0.0
^RUT,2026-05-29,2455.0,Put,0.0,0.2,0.3,2.0,0.0
^RUT,2026-05-29,2460.0,Call,427.5,451.5,396.47,5.0,0.0
^RUT,2026-05-29,2460.0,Put,0.0,0.25,0.35,6.0,0.0
^RUT,2026-05-29,2465.0,Put,0.0,0.25,0.35,10.0,0.0
^RUT,2026-05-29,2470.0,Call,417.6,441.6,383.32,3.0,0.0
^RUT,2026-05-29,2470.0,Put,0.0,0.3,0.4,3.0,0.0
^RUT,2026-05-29,2475.0,Put,0.0,0.25,0.32,2.0,0.0
^RUT,2026-05-29,2480.0,Call,407.6,431.6,321.97,3.0,0.0
^RUT,2026-05-29,2480.0,Put,0.0,0.25,0.77,5.0,0.0
^RUT,2026-05-29,2485.0,Put,0.0,0.25,0.24,2.0,0.0
^RUT,2026-05-29,2490.0,Call,127.8,128.8,210.0,,2.0
^RUT,2026-05-29,2490.0,Put,0.0,0.25,0.2,7.0,0.0
^RUT,2026-05-29,2495.0,Put,0.0,0.25,0.29,2.0,0.0
^RUT,2026-05-29,2500.0,Call,387.6,411.6,328.35,1.0,0.0
^RUT,2026-05-29,2500.0,Put,0.0,0.25,0.25,14.0,0.0
^RUT,2026-05-29,2505.0,Put,0.0,0.25,0.29,3.0,0.0
^RUT,2026-05-29,2510.0,Call,377.6,401.6,289.79,9.0,0.0
^RUT,2026-05-29,2510.0,Put,0.0,0.25,0.77,15.0,0.0
^RUT,2026-05-29,2515.0,Put,0.0,0.3,0.93,1.0,0.0
^RUT,2026-05-29,2520.0,Call,367.6,391.6,335.42,5.0,0.0
^RUT,2026-05-29,2520.0,Put,0.0,0.3,0.25,12.0,0.0
^RUT,2026-05-29,2525.0,Put,0.0,0.3,0.7,6.0,0.0
^RUT,2026-05-29,2530.0,Call,357.7,381.7,325.64,5.0,0.0
^RUT,2026-05-29,2530.0,Put,0.0,0.25,0.3,11.0,0.0
^RUT,2026-05-29,2535.0,Call,352.7,376.7,330.24,2.0,0.0
^RUT,2026-05-29,2535.0,Put,0.0,0.3,0.35,7.0,0.0
^RUT,2026-05-29,2540.0,Call,0.0,0.0,92.95,,0.0
^RUT,2026-05-29,2540.0,Put,0.0,0.3,0.35,8.0,0.0
^RUT,2026-05-29,2545.0,Put,0.0,0.3,0.4,11.0,0.0
^RUT,2026-05-29,2550.0,Call,337.7,361.7,336.9,1.0,0.0
^RUT,2026-05-29,2550.0,Put,0.05,0.35,0.4,8.0,0.0
^RUT,2026-05-29,2555.0,Call,332.7,356.7,263.67,1.0,0.0
^RUT,2026-05-29,2555.0,Put,0.0,0.35,0.4,7.0,0.0
^RUT,2026-05-29,2560.0,Call,203.9,206.7,195.21,,0.0
^RUT,2026-05-29,2560.0,Put,0.05,0.4,0.4,7.0,0.0
^RUT,2026-05-29,2565.0,Put,0.05,0.3,0.45,7.0,0.0
^RUT,2026-05-29,2570.0,Call,317.7,341.7,244.37,5.0,0.0
^RUT,2026-05-29,2570.0,Put,0.05,0.4,0.5,8.0,0.0
^RUT,2026-05-29,2575.0,Put,0.05,0.35,0.5,7.0,0.0
^RUT,2026-05-29,2580.0,Call,307.8,331.8,289.55,1.0,0.0
^RUT,2026-05-29,2580.0,Put,0.1,0.4,0.55,9.0,0.0
^RUT,2026-05-29,2585.0,Put,0.05,0.45,0.6,9.0,0.0
^RUT,2026-05-29,2590.0,Call,201.6,204.3,165.16,3.0,3.0
^RUT,2026-05-29,2590.0,Put,0.1,0.35,0.55,8.0,0.0
^RUT,2026-05-29,2595.0,Put,0.1,0.45,0.6,9.0,0.0
^RUT,2026-05-29,2600.0,Call,287.8,311.8,270.81,10.0,0.0
^RUT,2026-05-29,2600.0,Put,0.15,0.5,0.65,12.0,0.0
^RUT,2026-05-29,2605.0,Put,0.1,0.45,0.7,7.0,0.0
^RUT,2026-05-29,2610.0,Call,277.9,301.9,272.5,7.0,0.0
^RUT,2026-05-29,2610.0,Put,0.15,0.45,0.8,7.0,0.0
^RUT,2026-05-29,2615.0,Call,272.9,296.9,220.13,,0.0
^RUT,2026-05-29,2615.0,Put,0.2,0.55,0.8,12.0,0.0
^RUT,2026-05-29,2620.0,Call,267.9,291.9,183.65,2.0,0.0
^RUT,2026-05-29,2620.0,Put,0.2,0.55,0.85,7.0,0.0
^RUT,2026-05-29,2625.0,Call,262.9,286.9,245.98,10.0,0.0
^RUT,2026-05-29,2625.0,Put,0.2,0.55,0.9,7.0,0.0
^RUT,2026-05-29,2630.0,Call,257.9,281.9,245.8,3.0,0.0
^RUT,2026-05-29,2630.0,Put,0.25,0.6,0.3,1.0,0.0
^RUT,2026-05-29,2635.0,Put,0.2,0.6,1.05,12.0,0.0
^RUT,2026-05-29,2640.0,Call,156.5,159.3,95.07,1.0,38.0
^RUT,2026-05-29,2640.0,Put,0.3,0.65,0.92,18.0,0.0
^RUT,2026-05-29,2645.0,Put,0.3,0.65,1.2,24.0,0.0
^RUT,2026-05-29,2650.0,Call,238.1,262.1,217.25,1.0,0.0
^RUT,2026-05-29,2650.0,Put,0.35,0.7,1.25,115.0,0.0
^RUT,2026-05-29,2655.0,Call,233.1,257.1,175.18,10.0,0.0
^RUT,2026-05-29,2655.0,Put,0.35,0.7,1.12,48.0,0.0
^RUT,2026-05-29,2660.0,Call,228.1,252.1,128.73,6.0,0.0
^RUT,2026-05-29,2660.0,Put,0.4,0.75,1.37,29.0,0.0
^RUT,2026-05-29,2665.0,Put,0.45,0.8,1.27,16.0,0.0
^RUT,2026-05-29,2670.0,Call,218.2,242.2,199.33,3.0,0.0
^RUT,2026-05-29,2670.0,Put,0.45,0.85,1.57,24.0,0.0
^RUT,2026-05-29,2675.0,Call,213.3,237.3,150.36,2.0,0.0
^RUT,2026-05-29,2675.0,Put,0.5,0.9,1.6,60.0,0.0
^RUT,2026-05-29,2680.0,Call,208.3,232.3,133.98,18.0,0.0
^RUT,2026-05-29,2680.0,Put,0.55,0.95,0.81,20.0,0.0
^RUT,2026-05-29,2685.0,Call,203.4,227.4,194.8,3.0,0.0
^RUT,2026-05-29,2685.0,Put,0.6,1.0,1.98,7.0,0.0
^RUT,2026-05-29,2690.0,Call,200.2,224.2,125.53,18.0,0.0
^RUT,2026-05-29,2690.0,Put,0.65,1.05,1.95,103.0,0.0
^RUT,2026-05-29,2695.0,Call,197.5,213.5,164.84,2.0,0.0
^RUT,2026-05-29,2695.0,Put,0.7,1.1,1.9,64.0,0.0
^RUT,2026-05-29,2700.0,Call,192.5,208.5,159.98,2.0,0.0
^RUT,2026-05-29,2700.0,Put,0.75,1.15,0.7,23.0,0.0
^RUT,2026-05-29,2705.0,Call,187.6,203.6,113.97,3.0,0.0
^RUT,2026-05-29,2705.0,Put,0.85,1.25,2.25,299.0,0.0
^RUT,2026-05-29,2710.0,Call,182.7,198.7,97.61,2.0,0.0
^RUT,2026-05-29,2710.0,Put,0.9,1.35,2.64,59.0,0.0
^RUT,2026-05-29,2715.0,Call,177.8,193.8,62.24,2.0,0.0
^RUT,2026-05-29,2715.0,Put,1.0,1.45,2.7,54.0,0.0
^RUT,2026-05-29,2720.0,Call,172.9,188.9,151.06,6.0,0.0
^RUT,2026-05-29,2720.0,Put,1.05,1.55,1.21,2.0,0.0
^RUT,2026-05-29,2725.0,Call,168.0,184.0,57.55,2.0,0.0
^RUT,2026-05-29,2725.0,Put,1.15,1.65,3.64,106.0,0.0
^RUT,2026-05-29,2730.0,Call,163.1,179.1,93.9,6.0,0.0
^RUT,2026-05-29,2730.0,Put,1.3,1.8,3.83,233.0,0.0
^RUT,2026-05-29,2735.0,Call,158.2,174.2,93.25,1.0,0.0
^RUT,2026-05-29,2735.0,Put,1.4,1.9,1.35,3.0,0.0
^RUT,2026-05-29,2740.0,Call,153.4,169.4,124.19,4.0,0.0
^RUT,2026-05-29,2740.0,Put,1.5,2.05,5.0,94.0,0.0
^RUT,2026-05-29,2745.0,Call,148.5,164.5,82.46,1.0,0.0
^RUT,2026-05-29,2745.0,Put,1.65,2.25,5.35,88.0,0.0
^RUT,2026-05-29,2750.0,Call,143.7,159.7,120.58,1.0,0.0
^RUT,2026-05-29,2750.0,Put,1.85,2.4,5.1,331.0,0.0
^RUT,2026-05-29,2755.0,Call,138.9,154.9,29.24,2.0,0.0
^RUT,2026-05-29,2755.0,Put,2.0,2.6,6.3,212.0,0.0
^RUT,2026-05-29,2760.0,Call,134.1,150.1,114.91,3.0,0.0
^RUT,2026-05-29,2760.0,Put,2.2,2.8,6.39,308.0,0.0
^RUT,2026-05-29,2765.0,Call,129.3,145.3,110.39,7.0,0.0
^RUT,2026-05-29,2765.0,Put,2.4,3.0,3.0,1.0,0.0
^RUT,2026-05-29,2770.0,Call,124.6,140.6,104.74,12.0,0.0
^RUT,2026-05-29,2770.0,Put,2.65,3.3,7.5,190.0,0.0
^RUT,2026-05-29,2775.0,Call,119.9,135.9,97.5,2.0,0.0
^RUT,2026-05-29,2775.0,Put,2.9,3.6,8.09,71.0,0.0
^RUT,2026-05-29,2780.0,Call,115.1,131.1,94.88,25.0,0.0
^RUT,2026-05-29,2780.0,Put,3.2,3.9,8.53,311.0,0.0
^RUT,2026-05-29,2785.0,Call,110.5,126.5,54.94,1.0,0.0
^RUT,2026-05-29,2785.0,Put,3.5,4.2,9.15,43.0,0.0
^RUT,2026-05-29,2790.0,Call,105.8,121.8,86.46,26.0,0.0
^RUT,2026-05-29,2790.0,Put,3.9,4.6,3.86,25.0,0.0
^RUT,2026-05-29,2795.0,Call,101.2,117.2,77.48,11.0,0.0
^RUT,2026-05-29,2795.0,Put,4.2,5.0,5.37,20.0,0.0
^RUT,2026-05-29,2800.0,Call,99.6,109.6,77.13,70.0,0.0
^RUT,2026-05-29,2800.0,Put,4.6,5.4,5.83,1.0,0.0
^RUT,2026-05-29,2805.0,Call,95.1,105.1,74.62,23.0,0.0
^RUT,2026-05-29,2805.0,Put,5.1,5.9,13.37,22.0,0.0
^RUT,2026-05-29,2810.0,Call,90.6,100.6,72.03,41.0,0.0
^RUT,2026-05-29,2810.0,Put,5.6,6.4,12.67,48.0,0.0
^RUT,2026-05-29,2815.0,Call,86.2,96.2,63.59,6.0,0.0
^RUT,2026-05-29,2815.0,Put,6.1,6.9,14.23,46.0,0.0
^RUT,2026-05-29,2820.0,Call,81.8,91.8,63.11,15.0,0.0
^RUT,2026-05-29,2820.0,Put,6.7,7.5,15.2,66.0,0.0
^RUT,2026-05-29,2825.0,Call,77.4,87.4,57.58,20.0,0.0
^RUT,2026-05-29,2825.0,Put,7.4,8.2,17.6,16.0,0.0
^RUT,2026-05-29,2830.0,Call,73.1,83.1,56.53,20.0,0.0
^RUT,2026-05-29,2830.0,Put,8.0,8.9,17.83,171.0,0.0
^RUT,2026-05-29,2835.0,Call,68.9,78.9,50.21,10.0,0.0
^RUT,2026-05-29,2835.0,Put,8.8,9.7,20.19,119.0,0.0
^RUT,2026-05-29,2840.0,Call,68.2,71.0,48.23,37.0,0.0
^RUT,2026-05-29,2840.0,Put,9.6,10.5,20.53,228.0,0.0
^RUT,2026-05-29,2845.0,Call,64.2,66.8,48.54,56.0,0.0
^RUT,2026-05-29,2845.0,Put,10.6,11.4,9.2,1.0,0.0
^RUT,2026-05-29,2850.0,Call,60.3,62.8,41.07,55.0,0.0
^RUT,2026-05-29,2850.0,Put,11.6,12.4,10.1,12.0,0.0
^RUT,2026-05-29,2855.0,Call,56.5,58.8,38.51,22.0,0.0
^RUT,2026-05-29,2855.0,Put,12.6,13.5,27.3,5.0,0.0
^RUT,2026-05-29,2860.0,Call,52.7,54.9,35.74,20.0,0.0
^RUT,2026-05-29,2860.0,Put,13.8,14.7,29.69,44.0,0.0
^RUT,2026-05-29,2865.0,Call,49.0,51.2,32.92,461.0,0.0
^RUT,2026-05-29,2865.0,Put,15.1,16.0,31.4,16.0,0.0
^RUT,2026-05-29,2870.0,Call,45.6,47.5,29.72,35.0,0.0
^RUT,2026-05-29,2870.0,Put,16.5,17.4,32.3,35.0,0.0
^RUT,2026-05-29,2875.0,Call,42.3,43.9,25.75,36.0,0.0
^RUT,2026-05-29,2875.0,Put,18.0,19.0,34.2,32.0,0.0
^RUT,2026-05-29,2880.0,Call,39.0,40.4,24.2,67.0,0.0
^RUT,2026-05-29,2880.0,Put,19.8,20.7,34.53,6.0,0.0
^RUT,2026-05-29,2885.0,Call,35.9,37.3,43.14,1.0,0.0
^RUT,2026-05-29,2885.0,Put,21.5,22.5,72.13,1.0,0.0
^RUT,2026-05-29,2890.0,Call,32.7,34.0,20.88,103.0,0.0
^RUT,2026-05-29,2890.0,Put,23.4,24.5,25.77,1.0,0.0
^RUT,2026-05-29,2895.0,Call,30.0,31.1,19.02,28.0,0.0
^RUT,2026-05-29,2895.0,Put,25.6,26.6,81.81,1.0,0.0
^RUT,2026-05-29,2900.0,Call,27.4,28.4,33.74,1.0,0.0
^RUT,2026-05-29,2900.0,Put,28.0,29.0,45.4,7.0,0.0
^RUT,2026-05-29,2905.0,Call,24.9,26.0,28.24,3.0,0.0
^RUT,2026-05-29,2905.0,Put,30.4,31.4,97.42,2.0,0.0
^RUT,2026-05-29,2910.0,Call,22.6,23.6,13.5,130.0,0.0
^RUT,2026-05-29,2910.0,Put,32.9,34.0,50.2,6.0,0.0
^RUT,2026-05-29,2915.0,Call,20.4,21.4,12.1,83.0,0.0
^RUT,2026-05-29,2915.0,Put,35.7,37.0,56.5,1.0,0.0
^RUT,2026-05-29,2920.0,Call,18.3,19.3,11.0,42.0,0.0
^RUT,2026-05-29,2920.0,Put,38.3,40.0,114.87,5.0,0.0
^RUT,2026-05-29,2925.0,Call,16.5,17.4,16.65,1.0,0.0
^RUT,2026-05-29,2925.0,Put,41.6,43.2,115.81,6.0,0.0
^RUT,2026-05-29,2930.0,Call,14.7,15.6,14.99,20.0,0.0
^RUT,2026-05-29,2930.0,Put,44.7,46.5,69.1,4.0,0.0
^RUT,2026-05-29,2935.0,Call,13.1,14.0,18.0,23.0,0.0
^RUT,2026-05-29,2935.0,Put,48.0,50.0,73.2,6.0,0.0
^RUT,2026-05-29,2940.0,Call,11.6,12.5,6.91,649.0,0.0
^RUT,2026-05-29,2940.0,Put,51.4,53.7,75.8,1.0,0.0
^RUT,2026-05-29,2945.0,Call,10.3,11.1,6.14,43.0,0.0
^RUT,2026-05-29,2945.0,Put,55.0,57.4,80.8,2.0,0.0
^RUT,2026-05-29,2950.0,Call,9.0,9.9,12.4,24.0,0.0
^RUT,2026-05-29,2950.0,Put,58.6,61.1,84.2,1.0,0.0
^RUT,2026-05-29,2955.0,Call,7.9,8.8,4.85,53.0,0.0
^RUT,2026-05-29,2955.0,Put,62.3,65.1,126.78,,0.0
^RUT,2026-05-29,2960.0,Call,6.9,7.7,4.27,27.0,0.0
^RUT,2026-05-29,2965.0,Call,5.9,6.8,3.4,88.0,0.0
^RUT,2026-05-29,2970.0,Call,5.1,6.0,3.2,83.0,0.0
^RUT,2026-05-29,2975.0,Call,4.4,5.2,2.83,108.0,0.0
^RUT,2026-05-29,2980.0,Call,3.8,4.5,2.34,2.0,0.0
^RUT,2026-05-29,2985.0,Call,3.3,4.0,2.25,7.0,0.0
^RUT,2026-05-29,2990.0,Call,2.8,3.5,2.24,81.0,0.0
^RUT,2026-05-29,2995.0,Call,2.4,3.0,2.0,89.0,0.0
^RUT,2026-05-29,2995.0,Put,93.1,103.1,127.7,1.0,0.0
^RUT,2026-05-29,3000.0,Call,2.05,2.65,1.55,140.0,0.0
^RUT,2026-05-29,3005.0,Call,1.75,2.35,1.35,109.0,0.0
^RUT,2026-05-29,3010.0,Call,1.45,2.05,1.15,263.0,0.0
^RUT,2026-05-29,3015.0,Call,1.25,1.85,1.32,64.0,0.0
^RUT,2026-05-29,3020.0,Call,1.1,1.65,1.63,56.0,0.0
^RUT,2026-05-29,3025.0,Call,0.95,1.45,1.05,5.0,0.0
^RUT,2026-05-29,3025.0,Put,118.6,134.6,196.95,,0.0
^RUT,2026-05-29,3030.0,Call,0.8,1.3,1.17,6.0,0.0
^RUT,2026-05-29,3035.0,Call,0.7,1.2,0.97,14.0,0.0
^RUT,2026-05-29,3040.0,Call,0.6,1.05,1.01,33.0,0.0
^RUT,2026-05-29,3045.0,Call,0.55,0.95,0.88,10.0,0.0
^RUT,2026-05-29,3050.0,Call,0.5,0.9,0.78,15.0,0.0
^RUT,2026-05-29,3050.0,Put,143.0,159.0,196.84,,0.0
^RUT,2026-05-29,3055.0,Call,0.4,0.8,0.67,4.0,0.0
^RUT,2026-05-29,3060.0,Call,0.4,0.75,0.71,15.0,0.0
^RUT,2026-05-29,3065.0,Call,0.35,0.7,0.45,1.0,0.0
^RUT,2026-05-29,3070.0,Call,0.3,0.65,0.15,6.0,0.0
^RUT,2026-05-29,3075.0,Call,0.25,0.6,0.27,47.0,0.0
^RUT,2026-05-29,3080.0,Call,0.2,0.7,0.35,2.0,0.0
^RUT,2026-05-29,3085.0,Call,0.25,0.55,0.5,10.0,0.0
^RUT,2026-05-29,3090.0,Call,0.15,0.5,0.35,2.0,0.0
^RUT,2026-05-29,3095.0,Call,0.3,0.6,0.42,4.0,0.0
^RUT,2026-05-29,3100.0,Call,0.1,0.45,0.29,1.0,0.0
^RUT,2026-05-29,3105.0,Call,0.2,0.45,1.21,5.0,0.0
^RUT,2026-05-29,3110.0,Call,0.05,0.4,0.35,2.0,0.0
^RUT,2026-05-29,3115.0,Call,0.15,0.45,0.3,1.0,0.0
^RUT,2026-05-29,3120.0,Call,0.15,0.45,0.15,1.0,0.0
^RUT,2026-05-29,3125.0,Call,0.0,0.35,0.45,1.0,0.0
^RUT,2026-05-29,3130.0,Call,0.0,0.4,0.47,1.0,0.0
^RUT,2026-05-29,3135.0,Call,0.1,0.4,0.2,1.0,0.0
^RUT,2026-05-29,3140.0,Call,0.1,0.35,0.32,1.0,0.0
^RUT,2026-05-29,3150.0,Call,0.05,0.35,0.17,1.0,0.0
^RUT,2026-05-29,3160.0,Call,0.05,0.3,0.13,3.0,0.0
^RUT,2026-05-29,3165.0,Call,0.05,0.3,0.1,1.0,0.0
^RUT,2026-05-29,3170.0,Call,0.05,0.3,1.15,,0.0
^RUT,2026-05-29,3175.0,Call,0.0,0.3,1.05,,0.0
^RUT,2026-05-29,3180.0,Call,0.0,0.3,0.2,10.0,0.0
^RUT,2026-05-29,3185.0,Call,0.0,0.25,1.45,,0.0
^RUT,2026-05-29,3190.0,Call,0.0,0.3,0.16,3.0,0.0
^RUT,2026-05-29,3200.0,Call,0.0,0.25,0.16,1.0,0.0
^RUT,2026-05-29,3250.0,Call,0.0,0.2,0.05,5.0,0.0
^RUT,2026-05-29,3300.0,Call,0.0,0.2,0.09,7.0,0.0
^RUT,2026-05-29,3350.0,Call,0.0,0.2,0.2,5.0,0.0
^RUT,2026-05-29,3400.0,Call,0.0,0.15,0.1,4.0,0.0
^RUT,2026-05-29,3450.0,Call,0.0,0.15,0.07,1.0,0.0
^RUT,2026-05-29,3500.0,Call,0.0,0.15,0.2,5.0,0.0
^RUT,2026-05-29,3550.0,Call,0.0,0.15,0.1,25.0,0.0
^RUT,2026-05-29,3600.0,Call,0.0,0.15,0.1,5.0,0.0
^RUT,2026-05-29,3650.0,Call,0.0,0.15,0.1,5.0,0.0
^RUT,2026-05-29,3700.0,Call,0.0,0.15,0.1,30.0,0.0
^RUT,2026-05-29,3750.0,Call,0.0,0.15,0.1,1.0,0.0
^RUT,2026-06-01,2415.0,Put,0.0,0.25,1.3,12.0,0.0
^RUT,2026-06-01,2465.0,Put,0.0,0.35,1.87,10.0,0.0
^RUT,2026-06-01,2475.0,Put,0.0,0.3,0.95,,0.0
^RUT,2026-06-01,2485.0,Put,0.0,0.3,2.74,,0.0
^RUT,2026-06-01,2490.0,Put,0.05,0.35,2.3,,0.0
^RUT,2026-06-01,2495.0,Put,0.05,0.4,2.99,,0.0
^RUT,2026-06-01,2500.0,Put,0.1,0.45,3.1,1.0,0.0
^RUT,2026-06-01,2520.0,Put,0.1,0.45,1.25,1.0,0.0
^RUT,2026-06-01,2525.0,Put,0.15,0.5,2.89,,0.0
^RUT,2026-06-01,2530.0,Put,0.15,0.5,3.2,2.0,0.0
^RUT,2026-06-01,2535.0,Put,0.1,0.45,4.16,,0.0
^RUT,2026-06-01,2540.0,Put,0.15,0.5,2.8,1.0,0.0
^RUT,2026-06-01,2550.0,Put,0.2,0.45,3.79,1.0,0.0
^RUT,2026-06-01,2565.0,Put,0.25,0.45,6.9,,0.0
^RUT,2026-06-01,2570.0,Put,0.25,0.6,1.15,6.0,0.0
^RUT,2026-06-01,2575.0,Put,0.3,0.65,0.83,5.0,0.0
^RUT,2026-06-01,2580.0,Put,0.3,0.65,1.72,2.0,0.0
^RUT,2026-06-01,2585.0,Put,0.3,0.7,2.7,,0.0
^RUT,2026-06-01,2590.0,Put,0.35,0.7,1.84,1.0,0.0
^RUT,2026-06-01,2595.0,Put,0.35,0.75,1.07,2.0,0.0
^RUT,2026-06-01,2600.0,Put,0.4,0.75,1.13,5.0,0.0
^RUT,2026-06-01,2605.0,Put,0.45,0.8,1.1,2.0,0.0
^RUT,2026-06-01,2610.0,Put,0.45,0.85,3.5,1.0,0.0
^RUT,2026-06-01,2615.0,Put,0.5,0.85,1.91,2.0,0.0
^RUT,2026-06-01,2620.0,Call,268.2,292.2,125.8,2.0,0.0
^RUT,2026-06-01,2620.0,Put,0.5,0.9,3.4,31.0,0.0
^RUT,2026-06-01,2625.0,Put,0.55,0.95,1.4,2.0,0.0
^RUT,2026-06-01,2630.0,Put,0.6,1.0,1.4,1.0,0.0
^RUT,2026-06-01,2635.0,Put,0.65,1.05,1.85,13.0,0.0
^RUT,2026-06-01,2640.0,Put,0.7,1.05,1.71,1.0,0.0
^RUT,2026-06-01,2645.0,Put,0.75,1.15,1.87,17.0,0.0
^RUT,2026-06-01,2650.0,Put,0.8,1.2,4.05,1.0,0.0
^RUT,2026-06-01,2655.0,Put,0.85,1.25,1.97,9.0,0.0
^RUT,2026-06-01,2660.0,Put,0.9,1.3,2.05,5.0,0.0
^RUT,2026-06-01,2665.0,Put,0.95,1.4,1.76,7.0,0.0
^RUT,2026-06-01,2670.0,Put,1.0,1.45,2.5,12.0,0.0
^RUT,2026-06-01,2675.0,Put,1.1,1.55,3.72,2.0,0.0
^RUT,2026-06-01,2680.0,Put,1.15,1.6,2.8,30.0,0.0
^RUT,2026-06-01,2685.0,Put,1.25,1.7,2.6,16.0,0.0
^RUT,2026-06-01,2690.0,Put,1.35,1.8,2.93,1.0,0.0
^RUT,2026-06-01,2695.0,Put,1.45,1.95,2.99,6.0,0.0
^RUT,2026-06-01,2700.0,Call,193.3,209.3,106.45,1.0,0.0
^RUT,2026-06-01,2700.0,Put,1.55,2.05,1.4,1.0,0.0
^RUT,2026-06-01,2705.0,Put,1.65,2.2,3.6,17.0,0.0
^RUT,2026-06-01,2710.0,Put,1.75,2.3,3.0,2.0,0.0
^RUT,2026-06-01,2715.0,Put,1.9,2.45,4.13,5.0,0.0
^RUT,2026-06-01,2720.0,Call,173.9,189.9,91.2,1.0,0.0
^RUT,2026-06-01,2720.0,Put,2.05,2.65,3.95,8.0,0.0
^RUT,2026-06-01,2725.0,Put,2.2,2.8,5.49,1.0,0.0
^RUT,2026-06-01,2730.0,Put,2.4,3.0,4.57,44.0,0.0
^RUT,2026-06-01,2735.0,Put,2.6,3.2,4.7,3.0,0.0
^RUT,2026-06-01,2740.0,Call,154.6,170.6,63.0,,0.0
^RUT,2026-06-01,2740.0,Put,2.8,3.4,5.61,51.0,0.0
^RUT,2026-06-01,2745.0,Put,3.0,3.7,4.1,5.0,0.0
^RUT,2026-06-01,2750.0,Call,145.1,161.1,70.39,,0.0
^RUT,2026-06-01,2750.0,Put,3.2,3.9,0.02,2.0,0.0
^RUT,2026-06-01,2755.0,Put,3.5,4.2,7.5,5.0,0.0
^RUT,2026-06-01,2760.0,Call,135.7,151.7,41.24,3.0,0.0
^RUT,2026-06-01,2760.0,Put,3.8,4.5,4.7,2.0,0.0
^RUT,2026-06-01,2765.0,Call,131.0,147.0,39.7,1.0,0.0
^RUT,2026-06-01,2765.0,Put,4.1,4.8,8.11,3.0,0.0
^RUT,2026-06-01,2770.0,Call,126.4,142.4,107.64,1.0,0.0
^RUT,2026-06-01,2770.0,Put,4.4,5.2,8.4,5.0,0.0
^RUT,2026-06-01,2775.0,Call,121.7,137.7,61.6,1.0,0.0
^RUT,2026-06-01,2775.0,Put,4.8,5.5,9.06,6.0,0.0
^RUT,2026-06-01,2780.0,Call,117.1,133.1,100.71,2.0,0.0
^RUT,2026-06-01,2780.0,Put,5.2,5.9,9.8,14.0,0.0
^RUT,2026-06-01,2785.0,Call,112.6,128.6,77.4,,0.0
^RUT,2026-06-01,2785.0,Put,5.6,6.4,17.76,5.0,0.0
^RUT,2026-06-01,2790.0,Call,108.0,124.0,23.79,,0.0
^RUT,2026-06-01,2790.0,Put,6.1,6.8,12.5,51.0,0.0
^RUT,2026-06-01,2795.0,Call,103.5,119.5,21.96,,0.0
^RUT,2026-06-01,2795.0,Put,6.6,7.3,6.42,9.0,0.0
^RUT,2026-06-01,2800.0,Call,100.1,116.1,83.98,1.0,0.0
^RUT,2026-06-01,2800.0,Put,7.1,7.9,13.76,17.0,0.0
^RUT,2026-06-01,2805.0,Call,97.6,107.6,71.22,1.0,0.0
^RUT,2026-06-01,2805.0,Put,7.6,8.5,15.1,24.0,0.0
^RUT,2026-06-01,2810.0,Call,93.3,103.3,43.08,2.0,0.0
^RUT,2026-06-01,2810.0,Put,8.2,9.1,0.02,2.0,0.0
^RUT,2026-06-01,2815.0,Call,88.9,98.9,62.96,2.0,0.0
^RUT,2026-06-01,2815.0,Put,8.9,9.8,19.66,7.0,0.0
^RUT,2026-06-01,2820.0,Call,84.6,94.6,59.39,2.0,0.0
^RUT,2026-06-01,2820.0,Put,9.6,10.5,20.21,4.0,0.0
^RUT,2026-06-01,2825.0,Call,80.4,90.4,57.37,11.0,0.0
^RUT,2026-06-01,2830.0,Call,79.7,82.5,34.3,4.0,0.0
^RUT,2026-06-01,2830.0,Put,11.2,12.1,20.66,11.0,0.0
^RUT,2026-06-01,2835.0,Call,75.8,78.3,41.93,12.0,0.0
^RUT,2026-06-01,2835.0,Put,12.1,13.0,24.18,2.0,0.0
^RUT,2026-06-01,2840.0,Call,71.8,74.3,41.54,42.0,0.0
^RUT,2026-06-01,2845.0,Call,67.9,70.3,37.55,13.0,0.0
^RUT,2026-06-01,2845.0,Put,14.2,15.0,57.6,4.0,0.0
^RUT,2026-06-01,2850.0,Call,63.7,66.3,45.55,36.0,0.0
^RUT,2026-06-01,2850.0,Put,15.2,16.2,29.4,2.0,0.0
^RUT,2026-06-01,2855.0,Call,60.3,62.6,33.91,5.0,0.0
^RUT,2026-06-01,2855.0,Put,16.5,17.4,85.42,11.0,0.0
^RUT,2026-06-01,2860.0,Call,56.8,58.8,43.21,14.0,0.0
^RUT,2026-06-01,2860.0,Put,17.7,18.7,33.36,2.0,0.0
^RUT,2026-06-01,2865.0,Call,53.3,55.1,36.45,1.0,0.0
^RUT,2026-06-01,2865.0,Put,19.2,20.1,35.98,1.0,0.0
^RUT,2026-06-01,2870.0,Call,49.8,51.5,37.44,17.0,0.0
^RUT,2026-06-01,2870.0,Put,20.7,21.6,34.08,20.0,0.0
^RUT,2026-06-01,2875.0,Call,46.6,48.1,33.7,2.0,0.0
^RUT,2026-06-01,2875.0,Put,22.3,23.3,91.36,,0.0
^RUT,2026-06-01,2880.0,Call,43.4,44.8,21.22,7.0,0.0
^RUT,2026-06-01,2880.0,Put,24.0,25.1,94.63,,0.0
^RUT,2026-06-01,2885.0,Call,40.4,41.6,28.24,38.0,0.0
^RUT,2026-06-01,2885.0,Put,25.9,26.9,58.02,,0.0
^RUT,2026-06-01,2890.0,Call,37.4,38.6,18.4,41.0,0.0
^RUT,2026-06-01,2890.0,Put,28.0,29.0,65.89,,0.0
^RUT,2026-06-01,2895.0,Call,34.6,35.7,21.7,1.0,0.0
^RUT,2026-06-01,2900.0,Call,31.7,32.9,35.17,3.0,0.0
^RUT,2026-06-01,2900.0,Put,32.4,33.4,49.5,2.0,0.0
^RUT,2026-06-01,2905.0,Call,29.3,30.4,20.35,32.0,0.0
^RUT,2026-06-01,2910.0,Call,26.7,27.9,19.54,6.0,0.0
^RUT,2026-06-01,2915.0,Call,24.6,25.6,14.77,2.0,0.0
^RUT,2026-06-01,2920.0,Call,22.5,23.5,17.85,1.0,0.0
^RUT,2026-06-01,2925.0,Call,20.5,21.5,14.42,1.0,0.0
^RUT,2026-06-01,2930.0,Call,18.6,19.7,11.5,4.0,0.0
^RUT,2026-06-01,2935.0,Call,16.9,17.8,10.4,3.0,0.0
^RUT,2026-06-01,2940.0,Call,15.3,16.2,10.81,4.0,0.0
^RUT,2026-06-01,2940.0,Put,55.1,57.2,163.81,,0.0
^RUT,2026-06-01,2945.0,Call,13.7,14.7,2.1,2.0,0.0
^RUT,2026-06-01,2950.0,Call,12.3,13.2,16.4,24.0,0.0
^RUT,2026-06-01,2950.0,Put,62.1,64.4,160.62,,0.0
^RUT,2026-06-01,2955.0,Call,11.0,11.9,2.69,5.0,0.0
^RUT,2026-06-01,2960.0,Call,9.8,10.8,6.2,4.0,0.0
^RUT,2026-06-01,2965.0,Call,8.7,9.6,5.6,2.0,0.0
^RUT,2026-06-01,2970.0,Call,7.7,8.6,6.53,4.0,0.0
^RUT,2026-06-01,2975.0,Call,6.8,7.7,5.88,3.0,0.0
^RUT,2026-06-01,2980.0,Call,6.0,6.9,4.1,5.0,0.0
^RUT,2026-06-01,2985.0,Call,5.3,6.1,18.36,8.0,0.0
^RUT,2026-06-01,2990.0,Call,4.6,5.4,3.56,3.0,0.0
^RUT,2026-06-01,2995.0,Call,4.0,4.8,1.18,35.0,0.0
^RUT,2026-06-01,3000.0,Call,3.5,4.3,3.6,2.0,0.0
^RUT,2026-06-01,3005.0,Call,3.1,3.8,2.3,2.0,0.0
^RUT,2026-06-01,3010.0,Call,2.7,3.4,0.41,4.0,0.0
^RUT,2026-06-01,3015.0,Call,2.35,3.0,0.75,6.0,0.0
^RUT,2026-06-01,3020.0,Call,2.05,2.65,1.55,8.0,0.0
^RUT,2026-06-01,3025.0,Call,1.75,2.4,1.55,40.0,0.0
^RUT,2026-06-01,3030.0,Call,1.55,2.15,1.55,24.0,0.0
^RUT,2026-06-01,3040.0,Call,1.2,1.75,3.52,,0.0
^RUT,2026-06-01,3045.0,Call,1.05,1.55,0.99,2.0,0.0
^RUT,2026-06-01,3050.0,Call,0.9,1.45,0.48,6.0,0.0
^RUT,2026-06-01,3055.0,Call,0.8,1.3,0.45,6.0,0.0
^RUT,2026-06-01,3060.0,Call,0.75,1.2,0.42,2.0,0.0
^RUT,2026-06-01,3065.0,Call,0.65,1.1,2.03,,0.0
^RUT,2026-06-01,3075.0,Call,0.5,0.95,0.9,3.0,0.0
^RUT,2026-06-01,3085.0,Call,0.4,0.8,0.4,,0.0
^RUT,2026-06-01,3090.0,Call,0.35,0.75,3.85,,0.0
^RUT,2026-06-01,3100.0,Call,0.45,0.65,0.3,1.0,0.0
^RUT,2026-06-01,3105.0,Call,0.25,0.75,0.65,3.0,0.0
^RUT,2026-06-01,3110.0,Call,0.2,0.6,3.13,,0.0
^RUT,2026-06-01,3120.0,Call,0.15,0.6,0.96,,0.0
^RUT,2026-06-01,3135.0,Call,0.25,0.45,1.1,,0.0
^RUT,2026-06-01,3150.0,Call,0.15,0.45,0.19,1.0,0.0
^RUT,2026-06-01,3235.0,Call,0.0,0.3,0.41,,0.0
^RUT,2026-06-02,2380.0,Put,0.0,0.3,1.0,,0.0
^RUT,2026-06-02,2385.0,Put,0.0,0.3,0.61,,0.0
^RUT,2026-06-02,2390.0,Put,0.0,0.3,1.22,,0.0
^RUT,2026-06-02,2415.0,Put,0.0,0.4,1.03,,0.0
^RUT,2026-06-02,2465.0,Put,0.05,0.4,1.57,,0.0
^RUT,2026-06-02,2470.0,Put,0.1,0.35,2.85,,0.0
^RUT,2026-06-02,2475.0,Put,0.05,0.45,1.5,,0.0
^RUT,2026-06-02,2490.0,Put,0.1,0.4,2.01,,0.0
^RUT,2026-06-02,2500.0,Put,0.15,0.55,1.61,,0.0
^RUT,2026-06-02,2510.0,Put,0.15,0.45,0.57,6.0,0.0
^RUT,2026-06-02,2520.0,Put,0.2,0.6,0.6,1.0,0.0
^RUT,2026-06-02,2530.0,Put,0.2,0.6,0.62,2.0,0.0
^RUT,2026-06-02,2540.0,Put,0.3,0.6,2.07,,0.0
^RUT,2026-06-02,2545.0,Put,0.3,0.7,4.01,,0.0
^RUT,2026-06-02,2550.0,Put,0.35,0.7,0.88,6.0,0.0
^RUT,2026-06-02,2555.0,Put,0.35,0.75,4.61,,0.0
^RUT,2026-06-02,2560.0,Put,0.4,0.75,5.57,,0.0
^RUT,2026-06-02,2565.0,Put,0.4,0.8,5.6,,0.0
^RUT,2026-06-02,2570.0,Put,0.45,0.8,5.9,,0.0
^RUT,2026-06-02,2575.0,Put,0.45,0.85,2.11,,0.0
^RUT,2026-06-02,2580.0,Put,0.5,0.85,1.12,1.0,0.0
^RUT,2026-06-02,2585.0,Put,0.5,0.9,4.3,,0.0
^RUT,2026-06-02,2590.0,Put,0.55,0.95,9.8,,0.0
^RUT,2026-06-02,2595.0,Put,0.6,0.95,4.9,,0.0
^RUT,2026-06-02,2600.0,Put,0.6,1.0,1.37,1.0,0.0
^RUT,2026-06-02,2605.0,Put,0.65,1.05,10.65,,0.0
^RUT,2026-06-02,2610.0,Put,0.7,1.1,1.49,6.0,0.0
^RUT,2026-06-02,2615.0,Put,0.75,1.15,8.2,,0.0
^RUT,2026-06-02,2620.0,Put,0.8,1.2,1.7,1.0,0.0
^RUT,2026-06-02,2630.0,Put,0.9,1.3,1.85,2.0,0.0
^RUT,2026-06-02,2635.0,Put,0.95,1.35,9.3,,0.0
^RUT,2026-06-02,2640.0,Put,1.0,1.45,2.15,7.0,0.0
^RUT,2026-06-02,2645.0,Put,1.1,1.5,4.09,,0.0
^RUT,2026-06-02,2650.0,Put,1.15,1.6,20.6,,0.0
^RUT,2026-06-02,2655.0,Put,1.2,1.65,4.67,,0.0
^RUT,2026-06-02,2660.0,Put,1.3,1.75,7.44,,0.0
^RUT,2026-06-02,2665.0,Put,1.35,1.85,24.5,,0.0
^RUT,2026-06-02,2670.0,Put,1.45,1.95,8.47,,0.0
^RUT,2026-06-02,2675.0,Put,1.55,2.05,21.32,,0.0
^RUT,2026-06-02,2680.0,Put,1.65,2.2,26.4,,0.0
^RUT,2026-06-02,2685.0,Put,1.75,2.3,28.26,,0.0
^RUT,2026-06-02,2690.0,Put,1.9,2.45,4.54,1.0,0.0
^RUT,2026-06-02,2695.0,Put,2.0,2.6,4.87,1.0,0.0
^RUT,2026-06-02,2700.0,Put,2.15,2.75,5.28,1.0,0.0
^RUT,2026-06-02,2705.0,Put,2.3,2.9,34.38,,0.0
^RUT,2026-06-02,2710.0,Put,2.45,3.1,5.57,1.0,0.0
^RUT,2026-06-02,2715.0,Put,2.65,3.3,37.9,,0.0
^RUT,2026-06-02,2720.0,Put,2.85,3.5,5.5,3.0,0.0
^RUT,2026-06-02,2725.0,Put,3.0,3.7,12.54,,0.0
^RUT,2026-06-02,2730.0,Put,3.2,3.9,7.12,6.0,0.0
^RUT,2026-06-02,2735.0,Put,3.5,4.2,7.57,1.0,0.0
^RUT,2026-06-02,2740.0,Call,155.9,171.9,113.6,,0.0
^RUT,2026-06-02,2740.0,Put,3.7,4.5,7.01,9.0,0.0
^RUT,2026-06-02,2745.0,Call,151.2,167.2,75.74,,0.0
^RUT,2026-06-02,2745.0,Put,4.0,4.7,7.63,12.0,0.0
^RUT,2026-06-02,2750.0,Call,146.5,162.5,105.2,,0.0
^RUT,2026-06-02,2750.0,Put,4.3,5.1,9.5,13.0,0.0
^RUT,2026-06-02,2755.0,Call,141.8,157.8,63.8,,0.0
^RUT,2026-06-02,2755.0,Put,4.6,5.4,10.1,18.0,0.0
^RUT,2026-06-02,2760.0,Call,137.1,153.1,96.7,,0.0
^RUT,2026-06-02,2760.0,Put,5.0,5.7,9.28,4.0,0.0
^RUT,2026-06-02,2765.0,Call,132.5,148.5,92.7,,0.0
^RUT,2026-06-02,2765.0,Put,5.4,6.1,11.6,3.0,0.0
^RUT,2026-06-02,2770.0,Call,127.9,143.9,33.44,,0.0
^RUT,2026-06-02,2770.0,Put,5.8,6.5,13.01,5.0,0.0
^RUT,2026-06-02,2775.0,Call,123.4,139.4,31.17,,0.0
^RUT,2026-06-02,2775.0,Put,6.2,7.0,33.1,,0.0
^RUT,2026-06-02,2780.0,Call,118.8,134.8,81.4,,0.0
^RUT,2026-06-02,2780.0,Put,6.6,7.4,13.38,7.0,0.0
^RUT,2026-06-02,2785.0,Call,114.3,130.3,29.1,,0.0
^RUT,2026-06-02,2785.0,Put,7.1,7.9,13.7,3.0,0.0
^RUT,2026-06-02,2790.0,Call,109.8,125.8,53.78,,0.0
^RUT,2026-06-02,2790.0,Put,7.6,8.5,13.9,5.0,0.0
^RUT,2026-06-02,2795.0,Call,105.4,121.4,70.0,,0.0
^RUT,2026-06-02,2795.0,Put,8.2,9.1,16.3,1.0,0.0
^RUT,2026-06-02,2800.0,Call,101.0,117.0,52.0,,0.0
^RUT,2026-06-02,2800.0,Put,8.8,9.6,15.4,83.0,0.0
^RUT,2026-06-02,2805.0,Call,99.7,109.7,61.51,,0.0
^RUT,2026-06-02,2805.0,Put,9.4,10.3,20.1,1.0,0.0
^RUT,2026-06-02,2810.0,Call,95.4,105.4,70.07,1.0,0.0
^RUT,2026-06-02,2810.0,Put,10.1,11.0,18.93,80.0,0.0
^RUT,2026-06-02,2815.0,Call,91.1,101.1,41.2,,0.0
^RUT,2026-06-02,2815.0,Put,10.8,11.7,36.7,,0.0
^RUT,2026-06-02,2820.0,Call,90.3,93.2,38.2,,0.0
^RUT,2026-06-02,2820.0,Put,11.6,12.5,20.3,1.0,0.0
^RUT,2026-06-02,2825.0,Call,86.3,88.8,71.0,1.0,0.0
^RUT,2026-06-02,2825.0,Put,12.5,13.4,46.7,,0.0
^RUT,2026-06-02,2830.0,Call,82.3,84.8,35.6,,0.0
^RUT,2026-06-02,2830.0,Put,13.4,14.3,24.47,2.0,0.0
^RUT,2026-06-02,2835.0,Call,78.3,80.8,58.8,1.0,0.0
^RUT,2026-06-02,2840.0,Call,74.4,76.8,56.95,1.0,0.0
^RUT,2026-06-02,2840.0,Put,15.4,16.3,30.5,1.0,0.0
^RUT,2026-06-02,2845.0,Call,70.5,72.9,54.3,4.0,0.0
^RUT,2026-06-02,2845.0,Put,16.5,17.4,32.96,1.0,0.0
^RUT,2026-06-02,2850.0,Call,66.7,69.0,37.74,,0.0
^RUT,2026-06-02,2850.0,Put,17.7,18.6,41.7,,0.0
^RUT,2026-06-02,2855.0,Call,63.1,65.2,50.5,8.0,0.0
^RUT,2026-06-02,2860.0,Call,59.6,61.5,41.92,5.0,0.0
^RUT,2026-06-02,2860.0,Put,20.3,21.3,34.9,1.0,0.0
^RUT,2026-06-02,2865.0,Call,56.1,58.0,22.1,,0.0
^RUT,2026-06-02,2865.0,Put,21.7,22.8,37.1,4.0,0.0
^RUT,2026-06-02,2870.0,Call,52.8,54.4,38.76,1.0,0.0
^RUT,2026-06-02,2870.0,Put,23.4,24.4,40.0,4.0,0.0
^RUT,2026-06-02,2875.0,Call,49.5,50.9,5.57,,0.0
^RUT,2026-06-02,2880.0,Call,46.4,47.7,35.03,84.0,0.0
^RUT,2026-06-02,2885.0,Call,43.1,44.5,26.1,1.0,0.0
^RUT,2026-06-02,2890.0,Call,40.4,41.7,30.23,81.0,0.0
^RUT,2026-06-02,2890.0,Put,30.8,31.8,47.0,1.0,0.0
^RUT,2026-06-02,2895.0,Call,37.6,38.8,27.09,4.0,0.0
^RUT,2026-06-02,2900.0,Call,34.9,36.1,25.06,7.0,0.0
^RUT,2026-06-02,2900.0,Put,35.0,36.2,163.83,,0.0
^RUT,2026-06-02,2905.0,Call,32.4,33.5,22.05,2.0,0.0
^RUT,2026-06-02,2910.0,Call,29.7,30.9,21.2,1.0,0.0
^RUT,2026-06-02,2915.0,Call,27.4,28.6,13.09,,0.0
^RUT,2026-06-02,2920.0,Call,25.4,26.4,16.09,8.0,0.0
^RUT,2026-06-02,2925.0,Call,23.4,24.4,15.4,3.0,0.0
^RUT,2026-06-02,2930.0,Call,21.4,22.4,13.47,4.0,0.0
^RUT,2026-06-02,2935.0,Call,19.6,20.7,10.76,3.0,0.0
^RUT,2026-06-02,2945.0,Call,16.2,17.3,10.91,2.0,0.0
^RUT,2026-06-02,2950.0,Call,14.8,15.7,8.65,1.0,0.0
^RUT,2026-06-02,2960.0,Call,12.1,13.0,8.67,2.0,0.0
^RUT,2026-06-02,2965.0,Call,10.9,11.9,7.92,2.0,0.0
^RUT,2026-06-02,2965.0,Put,75.2,78.0,131.9,,0.0
^RUT,2026-06-02,2975.0,Call,8.8,9.7,3.6,,0.0
^RUT,2026-06-02,2980.0,Call,7.9,8.8,5.8,1.0,0.0
^RUT,2026-06-02,3000.0,Call,4.9,5.7,1.18,,0.0
^RUT,2026-06-02,3020.0,Call,3.0,3.7,2.66,6.0,0.0
^RUT,2026-06-02,3045.0,Call,1.65,2.25,1.59,6.0,0.0
^RUT,2026-06-02,3100.0,Call,0.5,0.9,0.79,7.0,0.0
^RUT,2026-06-02,3130.0,Call,0.25,0.65,0.47,6.0,0.0
^RUT,2026-06-03,2450.0,Put,0.0,1.95,1.11,,0.0
^RUT,2026-06-03,2490.0,Put,0.0,0.6,3.4,,0.0
^RUT,2026-06-03,2500.0,Put,0.3,2.1,1.72,,0.0
^RUT,2026-06-03,2525.0,Put,0.4,0.75,2.16,,0.0
^RUT,2026-06-03,2535.0,Put,0.45,0.8,2.44,,0.0
^RUT,2026-06-03,2540.0,Put,0.45,0.85,2.41,,0.0
^RUT,2026-06-03,2550.0,Put,0.5,0.9,2.35,,0.0
^RUT,2026-06-03,2560.0,Put,0.55,0.95,2.93,,0.0
^RUT,2026-06-03,2570.0,Put,0.65,1.05,2.9,,0.0
^RUT,2026-06-03,2590.0,Put,0.8,1.2,4.05,,0.0
^RUT,2026-06-03,2600.0,Put,0.9,1.3,4.56,,0.0
^RUT,2026-06-03,2610.0,Put,1.0,1.4,10.3,,0.0
^RUT,2026-06-03,2615.0,Put,1.05,1.5,10.49,,0.0
^RUT,2026-06-03,2620.0,Put,1.1,1.55,11.55,,0.0
^RUT,2026-06-03,2625.0,Call,264.3,288.3,182.74,,0.0
^RUT,2026-06-03,2625.0,Put,1.2,1.6,6.5,,0.0
^RUT,2026-06-03,2630.0,Put,1.25,1.7,3.65,,0.0
^RUT,2026-06-03,2640.0,Put,1.4,1.85,4.14,,0.0
^RUT,2026-06-03,2645.0,Put,1.5,1.95,8.2,,0.0
^RUT,2026-06-03,2650.0,Put,1.55,2.05,4.25,,0.0
^RUT,2026-06-03,2660.0,Put,1.75,2.3,3.08,1.0,0.0
^RUT,2026-06-03,2670.0,Put,2.0,2.55,9.95,,0.0
^RUT,2026-06-03,2675.0,Put,2.1,2.75,9.8,,0.0
^RUT,2026-06-03,2680.0,Put,2.25,2.8,3.93,1.0,0.0
^RUT,2026-06-03,2690.0,Put,2.55,3.2,7.08,,0.0
^RUT,2026-06-03,2695.0,Put,2.7,3.3,5.2,2.0,0.0
^RUT,2026-06-03,2700.0,Put,2.9,3.5,5.5,2.0,0.0
^RUT,2026-06-03,2705.0,Put,3.1,3.7,14.03,,0.0
^RUT,2026-06-03,2710.0,Put,3.3,3.9,9.08,,0.0
^RUT,2026-06-03,2715.0,Put,3.5,4.2,29.84,,0.0
^RUT,2026-06-03,2720.0,Put,3.7,4.4,10.65,,0.0
^RUT,2026-06-03,2725.0,Put,4.0,4.7,11.25,,0.0
^RUT,2026-06-03,2730.0,Put,4.2,5.0,21.92,,0.0
^RUT,2026-06-03,2735.0,Put,4.5,5.3,12.6,,0.0
^RUT,2026-06-03,2740.0,Put,4.8,5.6,8.18,10.0,0.0
^RUT,2026-06-03,2750.0,Put,5.5,6.3,9.3,6.0,0.0
^RUT,2026-06-03,2760.0,Put,6.3,7.1,12.23,6.0,0.0
^RUT,2026-06-03,2765.0,Call,134.1,150.1,44.15,,0.0
^RUT,2026-06-03,2770.0,Call,129.6,145.6,42.08,,0.0
^RUT,2026-06-03,2770.0,Put,7.2,8.0,12.05,68.0,0.0
^RUT,2026-06-03,2775.0,Call,125.1,141.1,39.58,,0.0
^RUT,2026-06-03,2775.0,Put,7.6,8.5,12.77,68.0,0.0
^RUT,2026-06-03,2780.0,Put,8.1,9.0,13.19,10.0,0.0
^RUT,2026-06-03,2785.0,Call,116.2,132.2,38.89,,0.0
^RUT,2026-06-03,2790.0,Call,111.8,127.8,33.78,,0.0
^RUT,2026-06-03,2790.0,Put,9.3,10.1,15.77,3.0,0.0
^RUT,2026-06-03,2795.0,Call,107.4,123.4,31.56,,0.0
^RUT,2026-06-03,2800.0,Put,10.5,11.4,19.28,98.0,0.0
^RUT,2026-06-03,2810.0,Put,12.0,12.9,21.82,90.0,0.0
^RUT,2026-06-03,2815.0,Call,96.8,99.6,23.55,,0.0
^RUT,2026-06-03,2820.0,Call,92.7,95.3,74.09,1.0,0.0
^RUT,2026-06-03,2820.0,Put,13.6,14.5,22.47,1.0,0.0
^RUT,2026-06-03,2825.0,Call,88.7,91.3,21.46,,0.0
^RUT,2026-06-03,2830.0,Call,84.7,87.2,59.55,1.0,0.0
^RUT,2026-06-03,2835.0,Call,80.8,83.2,50.25,,0.0
^RUT,2026-06-03,2835.0,Put,16.6,17.5,47.85,,0.0
^RUT,2026-06-03,2840.0,Call,76.9,79.3,57.9,4.0,0.0
^RUT,2026-06-03,2845.0,Call,73.1,75.4,13.51,,0.0
^RUT,2026-06-03,2850.0,Call,69.4,71.6,53.61,1.0,0.0
^RUT,2026-06-03,2850.0,Put,20.0,21.0,35.0,2.0,0.0
^RUT,2026-06-03,2855.0,Put,21.3,22.4,33.9,3.0,0.0
^RUT,2026-06-03,2860.0,Call,62.3,64.2,47.07,45.0,0.0
^RUT,2026-06-03,2865.0,Call,59.0,60.7,37.32,,0.0
^RUT,2026-06-03,2870.0,Call,55.6,57.2,29.44,,0.0
^RUT,2026-06-03,2875.0,Call,52.1,53.8,27.41,,0.0
^RUT,2026-06-03,2880.0,Call,49.1,50.6,39.05,102.0,0.0
^RUT,2026-06-03,2880.0,Put,29.4,30.5,47.0,1.0,0.0
^RUT,2026-06-03,2885.0,Call,46.3,47.6,36.02,10.0,0.0
^RUT,2026-06-03,2890.0,Call,43.4,44.6,34.1,95.0,0.0
^RUT,2026-06-03,2895.0,Call,40.6,41.7,10.9,,0.0
^RUT,2026-06-03,2900.0,Put,37.8,39.0,61.7,1.0,0.0
^RUT,2026-06-03,2905.0,Call,35.2,36.4,17.4,,0.0
^RUT,2026-06-03,2910.0,Call,32.9,34.1,24.29,2.0,0.0
^RUT,2026-06-03,2915.0,Call,30.5,31.6,22.51,2.0,0.0
^RUT,2026-06-03,2920.0,Call,28.1,29.3,22.05,12.0,0.0
^RUT,2026-06-03,2925.0,Call,26.0,27.2,20.47,2.0,0.0
^RUT,2026-06-03,2930.0,Call,24.2,25.2,18.9,5.0,0.0
^RUT,2026-06-03,2940.0,Call,20.4,21.5,6.09,,0.0
^RUT,2026-06-03,2950.0,Call,17.4,18.3,1.49,,0.0
^RUT,2026-06-03,2960.0,Call,14.5,15.4,1.25,,0.0
^RUT,2026-06-03,2975.0,Call,10.9,11.8,7.1,2.0,0.0
^RUT,2026-06-03,2985.0,Call,8.9,9.7,1.91,,0.0
^RUT,2026-06-03,3000.0,Call,6.4,7.3,5.26,10.0,0.0
^RUT,2026-06-03,3005.0,Call,5.8,6.6,1.35,,0.0
^RUT,2026-06-03,3010.0,Call,5.2,6.0,4.43,20.0,0.0
^RUT,2026-06-03,3040.0,Call,2.7,3.4,2.18,2.0,0.0
^RUT,2026-06-03,3190.0,Call,0.25,0.5,0.3,,0.0
^RUT,2026-06-04,2465.0,Put,0.3,0.65,1.27,,0.0
^RUT,2026-06-04,2515.0,Put,0.5,0.85,1.91,,0.0
^RUT,2026-06-04,2525.0,Put,0.55,0.9,2.06,,0.0
^RUT,2026-06-04,2535.0,Put,0.6,1.0,2.29,,0.0
^RUT,2026-06-04,2550.0,Put,0.7,1.1,2.45,,0.0
^RUT,2026-06-04,2560.0,Put,0.75,1.2,3.75,,0.0
^RUT,2026-06-04,2565.0,Put,0.8,1.2,2.38,,0.0
^RUT,2026-06-04,2570.0,Put,0.85,1.25,4.15,,0.0
^RUT,2026-06-04,2575.0,Put,0.9,1.3,2.59,,0.0
^RUT,2026-06-04,2580.0,Put,0.95,1.35,4.97,,0.0
^RUT,2026-06-04,2595.0,Put,1.1,1.55,4.06,,0.0
^RUT,2026-06-04,2620.0,Put,1.45,1.95,7.65,,0.0
^RUT,2026-06-04,2630.0,Put,1.6,2.1,6.35,,0.0
^RUT,2026-06-04,2635.0,Put,1.7,2.2,11.59,,0.0
^RUT,2026-06-04,2640.0,Put,1.8,2.3,9.55,,0.0
^RUT,2026-06-04,2645.0,Put,1.9,2.45,13.38,,0.0
^RUT,2026-06-04,2650.0,Put,2.0,2.55,7.95,,0.0
^RUT,2026-06-04,2665.0,Put,2.4,3.0,8.8,,0.0
^RUT,2026-06-04,2670.0,Put,2.55,3.2,4.83,31.0,0.0
^RUT,2026-06-04,2675.0,Put,2.7,3.3,5.02,25.0,0.0
^RUT,2026-06-04,2680.0,Put,2.85,3.5,11.6,,0.0
^RUT,2026-06-04,2685.0,Put,3.0,3.7,5.5,2.0,0.0
^RUT,2026-06-04,2690.0,Put,3.2,3.9,6.04,6.0,0.0
^RUT,2026-06-04,2695.0,Put,3.4,4.1,6.2,2.0,0.0
^RUT,2026-06-04,2700.0,Put,3.6,4.3,6.1,2.0,0.0
^RUT,2026-06-04,2705.0,Put,3.8,4.6,6.36,1.0,0.0
^RUT,2026-06-04,2710.0,Put,4.1,4.8,18.68,,0.0
^RUT,2026-06-04,2715.0,Put,4.3,5.1,30.0,,0.0
^RUT,2026-06-04,2720.0,Put,4.6,5.4,8.8,10.0,0.0
^RUT,2026-06-04,2725.0,Put,4.9,5.6,7.98,1.0,0.0
^RUT,2026-06-04,2730.0,Put,5.2,6.0,9.1,14.0,0.0
^RUT,2026-06-04,2735.0,Put,5.5,6.3,9.6,16.0,0.0
^RUT,2026-06-04,2740.0,Put,5.9,6.7,10.59,2.0,0.0
^RUT,2026-06-04,2750.0,Call,149.2,165.2,99.1,,0.0
^RUT,2026-06-04,2750.0,Put,6.7,7.5,11.79,2.0,0.0
^RUT,2026-06-04,2755.0,Call,144.7,160.7,88.9,,0.0
^RUT,2026-06-04,2755.0,Put,7.1,7.9,13.22,2.0,0.0
^RUT,2026-06-04,2760.0,Put,7.5,8.4,13.97,2.0,0.0
^RUT,2026-06-04,2765.0,Put,8.0,8.8,20.0,,0.0
^RUT,2026-06-04,2770.0,Call,131.1,147.1,79.65,,0.0
^RUT,2026-06-04,2770.0,Put,8.5,9.4,50.3,,0.0
^RUT,2026-06-04,2775.0,Call,126.6,142.6,39.44,,0.0
^RUT,2026-06-04,2775.0,Put,9.0,9.9,17.9,2.0,0.0
^RUT,2026-06-04,2780.0,Call,122.2,138.2,97.6,1.0,0.0
^RUT,2026-06-04,2785.0,Call,117.8,133.8,39.48,,0.0
^RUT,2026-06-04,2790.0,Call,113.4,129.4,63.0,,0.0
^RUT,2026-06-04,2790.0,Put,10.8,11.7,17.7,1.0,0.0
^RUT,2026-06-04,2795.0,Call,109.1,125.1,49.08,,0.0
^RUT,2026-06-04,2800.0,Call,104.8,120.8,90.7,1.0,0.0
^RUT,2026-06-04,2800.0,Put,12.2,13.1,35.2,,0.0
^RUT,2026-06-04,2805.0,Call,100.6,116.6,43.72,,0.0
^RUT,2026-06-04,2805.0,Put,12.9,13.8,25.0,1.0,0.0
^RUT,2026-06-04,2810.0,Call,102.9,105.6,52.51,,0.0
^RUT,2026-06-04,2815.0,Call,98.8,101.4,48.6,,0.0
^RUT,2026-06-04,2815.0,Put,14.6,15.5,43.97,,0.0
^RUT,2026-06-04,2820.0,Call,94.8,97.4,45.6,,0.0
^RUT,2026-06-04,2820.0,Put,15.5,16.4,24.7,1.0,0.0
^RUT,2026-06-04,2825.0,Call,90.8,93.3,75.8,4.0,0.0
^RUT,2026-06-04,2825.0,Put,16.4,17.4,26.4,1.0,0.0
^RUT,2026-06-04,2830.0,Call,86.8,89.3,40.1,,0.0
^RUT,2026-06-04,2835.0,Call,82.9,85.3,38.0,,0.0
^RUT,2026-06-04,2840.0,Call,79.2,81.5,20.84,,0.0
^RUT,2026-06-04,2845.0,Call,75.4,77.7,19.32,,0.0
^RUT,2026-06-04,2850.0,Call,71.7,74.0,27.5,,0.0
^RUT,2026-06-04,2855.0,Call,68.3,70.3,39.66,,0.0
^RUT,2026-06-04,2865.0,Call,61.5,63.2,34.86,,0.0
^RUT,2026-06-04,2870.0,Call,58.2,59.8,12.57,,0.0
^RUT,2026-06-04,2875.0,Call,54.7,56.4,19.66,,0.0
^RUT,2026-06-04,2875.0,Put,30.0,31.1,43.9,1.0,0.0
^RUT,2026-06-04,2880.0,Call,51.6,53.2,39.03,1.0,0.0
^RUT,2026-06-04,2885.0,Call,48.8,50.1,38.54,1.0,0.0
^RUT,2026-06-04,2890.0,Call,46.1,47.3,31.87,2.0,0.0
^RUT,2026-06-04,2895.0,Call,43.3,44.4,34.6,1.0,0.0
^RUT,2026-06-04,2900.0,Call,40.4,41.6,30.09,3.0,0.0
^RUT,2026-06-04,2905.0,Call,37.8,39.0,26.94,6.0,0.0
^RUT,2026-06-04,2910.0,Call,35.5,36.7,24.5,35.0,0.0
^RUT,2026-06-04,2915.0,Call,33.2,34.3,23.85,39.0,0.0
^RUT,2026-06-04,2920.0,Call,30.9,32.0,15.05,,0.0
^RUT,2026-06-04,2930.0,Call,26.7,27.8,12.83,,0.0
^RUT,2026-06-04,2935.0,Call,24.8,25.8,17.0,3.0,0.0
^RUT,2026-06-04,2940.0,Call,23.0,24.0,7.58,,0.0
^RUT,2026-06-04,2950.0,Call,19.6,20.6,12.9,4.0,0.0
^RUT,2026-06-04,2955.0,Call,18.2,19.1,5.33,,0.0
^RUT,2026-06-04,2960.0,Call,16.6,17.7,11.04,2.0,0.0
^RUT,2026-06-04,2995.0,Call,8.8,9.7,2.69,,0.0
^RUT,2026-06-04,3000.0,Call,8.0,8.8,3.13,,0.0
^RUT,2026-06-04,3010.0,Call,6.5,7.4,2.63,,0.0
^RUT,2026-06-04,3065.0,Call,2.1,2.75,0.78,,0.0
^RUT,2026-06-05,2050.0,Put,0.0,1.25,0.13,18.0,0.0
^RUT,2026-06-05,2070.0,Put,0.0,1.1,0.5,,0.0
^RUT,2026-06-05,2075.0,Put,0.0,1.3,1.27,,0.0
^RUT,2026-06-05,2085.0,Put,0.0,1.1,2.07,,0.0
^RUT,2026-06-05,2115.0,Put,0.0,0.25,0.35,3.0,0.0
^RUT,2026-06-05,2145.0,Put,0.0,1.15,0.6,,0.0
^RUT,2026-06-05,2155.0,Put,0.0,1.15,0.4,,0.0
^RUT,2026-06-05,2160.0,Put,0.0,1.15,0.62,,0.0
^RUT,2026-06-05,2185.0,Put,0.0,1.15,0.76,1.0,0.0
^RUT,2026-06-05,2200.0,Put,0.0,0.35,0.3,3.0,0.0
^RUT,2026-06-05,2205.0,Put,0.0,1.15,0.7,5.0,0.0
^RUT,2026-06-05,2220.0,Put,0.0,0.3,0.82,2.0,0.0
^RUT,2026-06-05,2225.0,Put,0.0,0.3,0.9,2.0,0.0
^RUT,2026-06-05,2240.0,Put,0.0,0.3,3.96,,0.0
^RUT,2026-06-05,2245.0,Put,0.0,0.3,1.02,2.0,0.0
^RUT,2026-06-05,2250.0,Put,0.0,0.3,0.3,3.0,0.0
^RUT,2026-06-05,2255.0,Put,0.0,0.35,0.2,1.0,0.0
^RUT,2026-06-05,2265.0,Put,0.05,0.35,1.15,,0.0
^RUT,2026-06-05,2270.0,Put,0.0,0.35,0.3,1.0,0.0
^RUT,2026-06-05,2275.0,Put,0.05,0.4,1.12,3.0,0.0
^RUT,2026-06-05,2280.0,Put,0.05,0.35,0.35,1.0,0.0
^RUT,2026-06-05,2285.0,Put,0.05,0.35,0.95,3.0,0.0
^RUT,2026-06-05,2290.0,Put,0.05,0.35,1.1,2.0,0.0
^RUT,2026-06-05,2295.0,Put,0.05,0.35,0.9,5.0,0.0
^RUT,2026-06-05,2300.0,Put,0.05,0.4,1.2,1.0,0.0
^RUT,2026-06-05,2305.0,Put,0.05,0.45,0.9,4.0,0.0
^RUT,2026-06-05,2310.0,Put,0.05,0.45,0.85,3.0,0.0
^RUT,2026-06-05,2315.0,Put,0.1,1.4,1.47,3.0,0.0
^RUT,2026-06-05,2320.0,Put,0.1,1.4,0.8,2.0,0.0
^RUT,2026-06-05,2325.0,Put,0.1,0.45,1.65,,0.0
^RUT,2026-06-05,2330.0,Put,0.0,1.65,3.58,2.0,0.0
^RUT,2026-06-05,2335.0,Put,0.1,1.45,0.5,4.0,0.0
^RUT,2026-06-05,2340.0,Put,0.0,0.5,0.5,9.0,0.0
^RUT,2026-06-05,2345.0,Put,0.1,0.5,1.7,3.0,0.0
^RUT,2026-06-05,2350.0,Put,0.15,1.45,1.8,1.0,0.0
^RUT,2026-06-05,2355.0,Put,0.15,1.45,5.1,,0.0
^RUT,2026-06-05,2360.0,Put,0.0,1.5,2.36,18.0,0.0
^RUT,2026-06-05,2370.0,Put,0.0,0.55,1.84,1.0,0.0
^RUT,2026-06-05,2375.0,Put,0.15,0.55,3.35,1.0,0.0
^RUT,2026-06-05,2380.0,Put,0.2,1.5,2.58,5.0,0.0
^RUT,2026-06-05,2385.0,Put,0.15,0.55,2.15,1.0,0.0
^RUT,2026-06-05,2390.0,Put,0.0,0.55,2.15,1.0,0.0
^RUT,2026-06-05,2395.0,Put,0.2,0.6,1.19,3.0,0.0
^RUT,2026-06-05,2400.0,Call,488.6,512.6,461.02,,0.0
^RUT,2026-06-05,2400.0,Put,0.25,1.6,1.12,3.0,0.0
^RUT,2026-06-05,2405.0,Put,0.25,1.6,0.67,1.0,0.0
^RUT,2026-06-05,2410.0,Call,478.6,502.6,451.19,,0.0
^RUT,2026-06-05,2410.0,Put,0.0,0.6,0.7,10.0,0.0
^RUT,2026-06-05,2415.0,Put,0.25,0.65,1.3,5.0,0.0
^RUT,2026-06-05,2420.0,Put,0.3,1.95,0.88,2.0,0.0
^RUT,2026-06-05,2425.0,Put,0.3,0.65,2.82,1.0,0.0
^RUT,2026-06-05,2430.0,Put,0.3,0.7,3.01,2.0,0.0
^RUT,2026-06-05,2435.0,Put,0.35,2.05,4.32,4.0,0.0
^RUT,2026-06-05,2440.0,Put,0.35,0.7,0.6,2.0,0.0
^RUT,2026-06-05,2445.0,Put,0.0,0.75,0.78,2.0,0.0
^RUT,2026-06-05,2450.0,Call,438.8,462.8,364.2,4.0,0.0
^RUT,2026-06-05,2450.0,Put,0.4,1.75,0.85,22.0,0.0
^RUT,2026-06-05,2455.0,Put,0.4,0.8,1.05,3.0,0.0
^RUT,2026-06-05,2460.0,Call,428.8,452.8,354.45,4.0,0.0
^RUT,2026-06-05,2460.0,Put,0.4,0.8,0.82,6.0,0.0
^RUT,2026-06-05,2465.0,Put,0.45,0.8,1.0,4.0,0.0
^RUT,2026-06-05,2470.0,Put,0.45,0.85,1.29,7.0,0.0
^RUT,2026-06-05,2475.0,Put,0.5,0.85,1.33,2.0,0.0
^RUT,2026-06-05,2480.0,Put,0.5,0.9,1.74,2.0,0.0
^RUT,2026-06-05,2485.0,Put,0.55,0.9,1.16,6.0,0.0
^RUT,2026-06-05,2490.0,Put,0.55,0.95,1.15,5.0,0.0
^RUT,2026-06-05,2495.0,Put,0.6,1.0,2.0,6.0,0.0
^RUT,2026-06-05,2500.0,Call,389.1,413.1,366.61,1.0,0.0
^RUT,2026-06-05,2500.0,Put,0.6,1.0,4.65,1.0,0.0
^RUT,2026-06-05,2505.0,Put,0.65,1.05,1.31,15.0,0.0
^RUT,2026-06-05,2510.0,Put,0.7,1.05,2.75,4.0,0.0
^RUT,2026-06-05,2515.0,Put,0.7,1.1,1.47,2.0,0.0
^RUT,2026-06-05,2520.0,Call,369.3,393.3,283.48,3.0,0.0
^RUT,2026-06-05,2520.0,Put,0.75,1.15,1.25,4.0,0.0
^RUT,2026-06-05,2525.0,Put,0.8,1.2,1.56,2.0,0.0
^RUT,2026-06-05,2530.0,Put,0.85,1.25,1.79,35.0,0.0
^RUT,2026-06-05,2535.0,Put,0.85,1.25,3.86,5.0,0.0
^RUT,2026-06-05,2540.0,Put,0.9,1.3,1.73,15.0,0.0
^RUT,2026-06-05,2545.0,Put,0.95,1.35,2.45,3.0,0.0
^RUT,2026-06-05,2550.0,Put,1.0,1.4,1.95,59.0,0.0
^RUT,2026-06-05,2555.0,Put,1.05,1.45,3.6,1.0,0.0
^RUT,2026-06-05,2560.0,Put,1.1,1.5,2.02,8.0,0.0
^RUT,2026-06-05,2565.0,Put,1.15,1.6,11.8,6.0,0.0
^RUT,2026-06-05,2570.0,Call,319.8,343.8,246.85,11.0,0.0
^RUT,2026-06-05,2570.0,Put,1.2,1.65,2.2,5.0,0.0
^RUT,2026-06-05,2575.0,Put,1.3,1.7,2.4,11.0,0.0
^RUT,2026-06-05,2580.0,Put,1.35,1.8,1.94,10.0,0.0
^RUT,2026-06-05,2585.0,Call,305.0,329.0,282.57,,0.0
^RUT,2026-06-05,2585.0,Put,1.4,1.85,2.55,7.0,0.0
^RUT,2026-06-05,2590.0,Put,1.5,1.95,2.92,2.0,0.0
^RUT,2026-06-05,2595.0,Call,295.2,319.2,267.31,,0.0
^RUT,2026-06-05,2595.0,Put,1.55,2.0,2.65,1.0,0.0
^RUT,2026-06-05,2600.0,Call,290.3,314.3,251.49,,0.0
^RUT,2026-06-05,2600.0,Put,1.65,2.1,3.2,12.0,0.0
^RUT,2026-06-05,2605.0,Put,1.7,2.2,4.33,1.0,0.0
^RUT,2026-06-05,2610.0,Call,280.5,304.5,262.74,,0.0
^RUT,2026-06-05,2610.0,Put,1.8,2.3,6.09,5.0,0.0
^RUT,2026-06-05,2615.0,Call,275.6,299.6,249.56,,0.0
^RUT,2026-06-05,2615.0,Put,1.9,2.4,3.22,6.0,0.0
^RUT,2026-06-05,2620.0,Call,270.7,294.7,233.86,,0.0
^RUT,2026-06-05,2620.0,Put,2.0,2.5,3.36,8.0,0.0
^RUT,2026-06-05,2625.0,Call,265.8,289.8,241.08,1.0,0.0
^RUT,2026-06-05,2625.0,Put,2.1,2.65,4.2,74.0,0.0
^RUT,2026-06-05,2630.0,Call,260.9,284.9,181.27,,0.0
^RUT,2026-06-05,2630.0,Put,2.2,2.75,4.3,57.0,0.0
^RUT,2026-06-05,2635.0,Put,2.35,2.9,2.27,5.0,0.0
^RUT,2026-06-05,2640.0,Put,2.45,3.0,4.3,18.0,0.0
^RUT,2026-06-05,2645.0,Call,246.4,270.4,157.51,1.0,0.0
^RUT,2026-06-05,2645.0,Put,2.6,3.2,6.81,4.0,0.0
^RUT,2026-06-05,2650.0,Put,2.75,3.3,5.35,66.0,0.0
^RUT,2026-06-05,2655.0,Call,236.7,260.7,170.19,2.0,0.0
^RUT,2026-06-05,2655.0,Put,2.9,3.5,2.8,5.0,0.0
^RUT,2026-06-05,2660.0,Call,231.8,255.8,164.51,1.0,0.0
^RUT,2026-06-05,2660.0,Put,3.0,3.7,5.24,20.0,0.0
^RUT,2026-06-05,2665.0,Put,3.2,3.9,5.7,159.0,0.0
^RUT,2026-06-05,2670.0,Call,222.2,246.2,153.66,,0.0
^RUT,2026-06-05,2670.0,Put,3.4,4.1,6.35,84.0,0.0
^RUT,2026-06-05,2675.0,Call,217.4,241.4,152.84,2.0,0.0
^RUT,2026-06-05,2675.0,Put,3.6,4.3,3.5,1.0,0.0
^RUT,2026-06-05,2680.0,Call,212.6,236.6,100.1,,0.0
^RUT,2026-06-05,2680.0,Put,3.8,4.5,7.4,54.0,0.0
^RUT,2026-06-05,2685.0,Call,207.9,231.9,107.21,,0.0
^RUT,2026-06-05,2685.0,Put,4.0,4.7,4.17,1.0,0.0
^RUT,2026-06-05,2690.0,Call,203.1,227.1,162.55,,0.0
^RUT,2026-06-05,2690.0,Put,4.2,4.9,8.2,122.0,0.0
^RUT,2026-06-05,2695.0,Put,4.5,5.2,8.6,32.0,0.0
^RUT,2026-06-05,2700.0,Call,197.7,213.7,139.8,,0.0
^RUT,2026-06-05,2700.0,Put,4.7,5.5,8.3,201.0,0.0
^RUT,2026-06-05,2705.0,Call,192.9,208.9,152.44,1.0,0.0
^RUT,2026-06-05,2705.0,Put,5.0,5.7,9.5,2.0,0.0
^RUT,2026-06-05,2710.0,Call,188.2,204.2,116.71,20.0,0.0
^RUT,2026-06-05,2710.0,Put,5.3,6.0,10.05,173.0,0.0
^RUT,2026-06-05,2715.0,Call,183.5,199.5,117.97,,0.0
^RUT,2026-06-05,2715.0,Put,5.6,6.3,10.38,40.0,0.0
^RUT,2026-06-05,2720.0,Call,178.9,194.9,113.09,1.0,0.0
^RUT,2026-06-05,2720.0,Put,5.9,6.7,6.19,3.0,0.0
^RUT,2026-06-05,2725.0,Call,174.2,190.2,109.39,5.0,0.0
^RUT,2026-06-05,2725.0,Put,6.3,7.0,11.3,44.0,0.0
^RUT,2026-06-05,2730.0,Call,169.6,185.6,155.72,1.0,0.0
^RUT,2026-06-05,2730.0,Put,6.6,7.4,10.3,18.0,0.0
^RUT,2026-06-05,2735.0,Call,165.0,181.0,92.4,3.0,0.0
^RUT,2026-06-05,2735.0,Put,7.0,7.8,7.2,1.0,0.0
^RUT,2026-06-05,2740.0,Call,160.4,176.4,141.62,4.0,0.0
^RUT,2026-06-05,2740.0,Put,7.4,8.2,13.5,43.0,0.0
^RUT,2026-06-05,2745.0,Call,155.9,171.9,95.67,5.0,0.0
^RUT,2026-06-05,2745.0,Put,7.8,8.7,12.32,19.0,0.0
^RUT,2026-06-05,2750.0,Call,151.3,167.3,131.35,3.0,0.0
^RUT,2026-06-05,2750.0,Put,8.3,9.1,14.8,37.0,0.0
^RUT,2026-06-05,2755.0,Call,146.8,162.8,89.26,3.0,0.0
^RUT,2026-06-05,2755.0,Put,8.8,9.6,15.76,31.0,0.0
^RUT,2026-06-05,2760.0,Call,142.3,158.3,128.16,1.0,0.0
^RUT,2026-06-05,2760.0,Put,9.3,10.1,16.59,114.0,0.0
^RUT,2026-06-05,2765.0,Call,137.9,153.9,117.62,1.0,0.0
^RUT,2026-06-05,2765.0,Put,9.8,10.7,17.38,10.0,0.0
^RUT,2026-06-05,2770.0,Call,133.4,149.4,83.61,3.0,0.0
^RUT,2026-06-05,2770.0,Put,10.4,11.2,17.89,51.0,0.0
^RUT,2026-06-05,2775.0,Call,129.0,145.0,103.25,7.0,0.0
^RUT,2026-06-05,2775.0,Put,10.9,11.8,19.15,30.0,0.0
^RUT,2026-06-05,2780.0,Call,124.7,140.7,98.91,19.0,0.0
^RUT,2026-06-05,2780.0,Put,11.6,12.5,19.07,60.0,0.0
^RUT,2026-06-05,2785.0,Call,120.3,136.3,104.09,17.0,0.0
^RUT,2026-06-05,2785.0,Put,12.2,13.1,20.69,23.0,0.0
^RUT,2026-06-05,2790.0,Call,116.0,132.0,101.8,15.0,0.0
^RUT,2026-06-05,2790.0,Put,13.0,13.8,13.13,2.0,0.0
^RUT,2026-06-05,2795.0,Call,111.8,127.8,96.24,6.0,0.0
^RUT,2026-06-05,2795.0,Put,13.7,14.6,22.61,14.0,0.0
^RUT,2026-06-05,2800.0,Call,107.6,123.6,95.48,25.0,0.0
^RUT,2026-06-05,2800.0,Put,14.5,15.3,23.09,18.0,0.0
^RUT,2026-06-05,2805.0,Call,109.9,112.5,88.39,1.0,0.0
^RUT,2026-06-05,2805.0,Put,15.2,16.2,24.93,18.0,0.0
^RUT,2026-06-05,2810.0,Call,105.4,108.4,83.85,3.0,0.0
^RUT,2026-06-05,2810.0,Put,16.1,17.1,16.21,2.0,0.0
^RUT,2026-06-05,2815.0,Call,101.8,104.4,79.44,4.0,0.0
^RUT,2026-06-05,2815.0,Put,17.0,18.0,25.78,1.0,0.0
^RUT,2026-06-05,2820.0,Call,97.8,100.2,70.85,13.0,0.0
^RUT,2026-06-05,2820.0,Put,18.1,19.0,29.47,3.0,0.0
^RUT,2026-06-05,2825.0,Call,93.9,96.3,70.13,4.0,0.0
^RUT,2026-06-05,2825.0,Put,19.0,20.0,31.45,3.0,0.0
^RUT,2026-06-05,2830.0,Call,90.0,92.3,70.59,11.0,0.0
^RUT,2026-06-05,2830.0,Put,20.1,21.1,32.83,97.0,0.0
^RUT,2026-06-05,2835.0,Call,86.2,88.5,64.4,2.0,0.0
^RUT,2026-06-05,2835.0,Put,21.4,22.3,31.42,1.0,0.0
^RUT,2026-06-05,2840.0,Call,82.5,84.8,66.43,46.0,0.0
^RUT,2026-06-05,2840.0,Put,22.5,23.5,34.83,102.0,0.0
^RUT,2026-06-05,2845.0,Call,78.9,81.0,60.91,6.0,0.0
^RUT,2026-06-05,2845.0,Put,23.8,24.8,36.43,1.0,0.0
^RUT,2026-06-05,2850.0,Call,75.3,77.3,62.13,79.0,0.0
^RUT,2026-06-05,2850.0,Put,25.1,26.2,36.32,4.0,0.0
^RUT,2026-06-05,2855.0,Call,71.8,73.7,42.51,5.0,0.0
^RUT,2026-06-05,2855.0,Put,26.6,27.7,41.5,5.0,0.0
^RUT,2026-06-05,2860.0,Call,68.5,70.2,57.25,9.0,0.0
^RUT,2026-06-05,2860.0,Put,28.1,29.2,44.97,29.0,0.0
^RUT,2026-06-05,2865.0,Call,65.2,66.8,49.19,32.0,0.0
^RUT,2026-06-05,2865.0,Put,29.8,30.9,45.28,40.0,0.0
^RUT,2026-06-05,2870.0,Call,61.9,63.4,47.55,6.0,0.0
^RUT,2026-06-05,2870.0,Put,31.5,32.5,46.2,29.0,0.0
^RUT,2026-06-05,2875.0,Call,58.8,60.2,47.94,13.0,0.0
^RUT,2026-06-05,2875.0,Put,33.3,34.3,50.6,4.0,0.0
^RUT,2026-06-05,2880.0,Call,55.7,57.3,40.82,256.0,0.0
^RUT,2026-06-05,2880.0,Put,35.2,36.2,49.95,31.0,0.0
^RUT,2026-06-05,2885.0,Call,52.4,53.9,41.08,8.0,0.0
^RUT,2026-06-05,2885.0,Put,37.1,38.2,54.36,17.0,0.0
^RUT,2026-06-05,2890.0,Call,49.9,51.1,36.74,55.0,0.0
^RUT,2026-06-05,2890.0,Put,39.3,40.5,58.83,27.0,0.0
^RUT,2026-06-05,2895.0,Call,47.1,48.2,35.27,12.0,0.0
^RUT,2026-06-05,2895.0,Put,41.5,42.7,59.71,5.0,0.0
^RUT,2026-06-05,2900.0,Call,44.2,45.4,34.24,5.0,0.0
^RUT,2026-06-05,2900.0,Put,43.7,44.8,65.2,3.0,0.0
^RUT,2026-06-05,2905.0,Call,41.8,42.9,30.9,6.0,0.0
^RUT,2026-06-05,2905.0,Put,45.9,47.2,73.5,2.0,0.0
^RUT,2026-06-05,2910.0,Call,39.1,40.3,28.45,58.0,0.0
^RUT,2026-06-05,2910.0,Put,48.5,49.7,67.25,1.0,0.0
^RUT,2026-06-05,2915.0,Call,36.9,38.0,27.43,59.0,0.0
^RUT,2026-06-05,2915.0,Put,51.2,52.5,129.19,10.0,0.0
^RUT,2026-06-05,2920.0,Call,34.6,35.7,24.09,65.0,0.0
^RUT,2026-06-05,2925.0,Call,32.2,33.4,23.82,158.0,0.0
^RUT,2026-06-05,2925.0,Put,56.5,57.8,137.12,10.0,0.0
^RUT,2026-06-05,2930.0,Call,30.1,31.3,21.31,157.0,0.0
^RUT,2026-06-05,2935.0,Call,28.3,29.3,20.2,39.0,0.0
^RUT,2026-06-05,2935.0,Put,62.4,63.9,88.8,5.0,0.0
^RUT,2026-06-05,2940.0,Call,26.4,27.4,17.9,60.0,0.0
^RUT,2026-06-05,2940.0,Put,65.4,67.0,93.05,2.0,0.0
^RUT,2026-06-05,2945.0,Call,24.6,25.7,16.65,39.0,0.0
^RUT,2026-06-05,2950.0,Call,22.7,23.8,27.13,1.0,0.0
^RUT,2026-06-05,2950.0,Put,71.6,73.7,136.0,1.0,0.0
^RUT,2026-06-05,2955.0,Call,21.3,22.3,14.3,30.0,0.0
^RUT,2026-06-05,2955.0,Put,75.0,77.1,102.11,1.0,0.0
^RUT,2026-06-05,2960.0,Call,19.7,20.6,13.33,17.0,0.0
^RUT,2026-06-05,2965.0,Call,18.3,19.2,11.93,35.0,0.0
^RUT,2026-06-05,2965.0,Put,81.8,84.1,112.73,4.0,0.0
^RUT,2026-06-05,2970.0,Call,16.9,17.8,11.4,27.0,0.0
^RUT,2026-06-05,2970.0,Put,85.4,87.8,117.29,12.0,0.0
^RUT,2026-06-05,2975.0,Call,15.5,16.5,18.83,1.0,0.0
^RUT,2026-06-05,2975.0,Put,89.1,91.5,146.1,1.0,0.0
^RUT,2026-06-05,2980.0,Call,14.3,15.2,12.51,15.0,0.0
^RUT,2026-06-05,2980.0,Put,92.8,95.3,119.42,,0.0
^RUT,2026-06-05,2985.0,Call,13.2,14.1,3.93,3.0,0.0
^RUT,2026-06-05,2985.0,Put,96.6,99.2,159.92,1.0,0.0
^RUT,2026-06-05,2990.0,Call,12.1,13.0,9.3,12.0,0.0
^RUT,2026-06-05,2995.0,Call,11.1,12.0,8.7,4.0,0.0
^RUT,2026-06-05,3000.0,Call,10.2,11.0,6.85,13.0,0.0
^RUT,2026-06-05,3000.0,Put,101.8,117.8,208.3,1.0,0.0
^RUT,2026-06-05,3005.0,Call,9.3,10.1,2.77,5.0,0.0
^RUT,2026-06-05,3005.0,Put,105.9,121.9,210.86,3.0,0.0
^RUT,2026-06-05,3010.0,Call,8.5,9.3,6.84,8.0,0.0
^RUT,2026-06-05,3015.0,Call,7.7,8.6,6.5,4.0,0.0
^RUT,2026-06-05,3020.0,Call,7.0,7.9,5.7,2.0,0.0
^RUT,2026-06-05,3025.0,Call,6.4,7.2,5.02,3.0,0.0
^RUT,2026-06-05,3030.0,Call,5.9,6.6,1.85,2.0,0.0
^RUT,2026-06-05,3035.0,Call,5.3,6.1,4.82,1.0,0.0
^RUT,2026-06-05,3040.0,Call,4.9,5.6,3.51,3.0,0.0
^RUT,2026-06-05,3045.0,Call,4.4,5.2,2.09,5.0,0.0
^RUT,2026-06-05,3045.0,Put,140.9,156.9,225.0,,0.0
^RUT,2026-06-05,3050.0,Call,4.0,4.7,1.94,5.0,0.0
^RUT,2026-06-05,3055.0,Call,3.6,4.4,2.8,4.0,0.0
^RUT,2026-06-05,3060.0,Call,3.3,4.0,2.65,2.0,0.0
^RUT,2026-06-05,3065.0,Call,3.0,3.7,2.89,5.0,0.0
^RUT,2026-06-05,3070.0,Call,2.75,3.4,2.69,55.0,0.0
^RUT,2026-06-05,3075.0,Call,2.5,3.2,1.15,20.0,0.0
^RUT,2026-06-05,3075.0,Put,168.9,184.9,251.1,,0.0
^RUT,2026-06-05,3080.0,Call,2.3,2.95,2.13,50.0,0.0
^RUT,2026-06-05,3085.0,Call,2.1,2.7,2.1,2.0,0.0
^RUT,2026-06-05,3090.0,Call,1.9,2.5,3.35,11.0,0.0
^RUT,2026-06-05,3095.0,Call,1.75,2.3,3.15,11.0,0.0
^RUT,2026-06-05,3100.0,Call,1.6,2.15,0.35,1.0,0.0
^RUT,2026-06-05,3105.0,Call,1.45,2.0,0.9,5.0,0.0
^RUT,2026-06-05,3110.0,Call,1.35,1.9,1.4,4.0,0.0
^RUT,2026-06-05,3115.0,Call,1.25,1.75,3.32,68.0,0.0
^RUT,2026-06-05,3120.0,Call,1.15,1.65,2.75,15.0,0.0
^RUT,2026-06-05,3125.0,Call,1.05,1.55,0.84,1.0,0.0
^RUT,2026-06-05,3130.0,Call,1.0,1.45,1.1,5.0,0.0
^RUT,2026-06-05,3135.0,Call,0.9,1.35,3.25,,0.0
^RUT,2026-06-05,3140.0,Call,0.85,1.3,0.3,1.0,0.0
^RUT,2026-06-05,3150.0,Call,0.75,1.15,0.75,2.0,0.0
^RUT,2026-06-05,3160.0,Call,0.6,1.05,1.32,,0.0
^RUT,2026-06-05,3165.0,Call,0.6,1.0,1.8,,0.0
^RUT,2026-06-05,3170.0,Call,0.55,0.95,0.69,1.0,0.0
^RUT,2026-06-05,3175.0,Call,0.5,0.9,0.67,11.0,0.0
^RUT,2026-06-08,2435.0,Put,0.5,0.9,4.2,,0.0
^RUT,2026-06-08,2455.0,Put,0.6,1.0,4.63,,0.0
^RUT,2026-06-08,2465.0,Put,0.65,1.05,5.03,,0.0
^RUT,2026-06-08,2490.0,Put,0.8,1.2,4.45,,0.0
^RUT,2026-06-08,2495.0,Put,0.85,1.25,1.47,1.0,0.0
^RUT,2026-06-08,2500.0,Put,0.85,1.3,3.41,,0.0
^RUT,2026-06-08,2505.0,Put,0.9,1.35,6.02,,0.0
^RUT,2026-06-08,2510.0,Put,0.95,1.35,6.57,,0.0
^RUT,2026-06-08,2515.0,Put,1.0,1.4,7.0,,0.0
^RUT,2026-06-08,2520.0,Put,1.05,1.45,2.36,,0.0
^RUT,2026-06-08,2525.0,Put,1.1,1.5,7.5,,0.0
^RUT,2026-06-08,2530.0,Put,1.15,1.55,2.71,,0.0
^RUT,2026-06-08,2535.0,Put,1.2,1.6,3.5,5.0,0.0
^RUT,2026-06-08,2540.0,Put,1.25,1.7,3.05,10.0,0.0
^RUT,2026-06-08,2545.0,Put,1.3,1.75,3.8,5.0,0.0
^RUT,2026-06-08,2550.0,Put,1.35,1.8,3.29,,0.0
^RUT,2026-06-08,2560.0,Put,1.5,1.95,4.38,,0.0
^RUT,2026-06-08,2565.0,Put,1.55,2.0,2.57,1.0,0.0
^RUT,2026-06-08,2570.0,Put,1.6,2.1,4.83,4.0,0.0
^RUT,2026-06-08,2575.0,Put,1.7,2.15,10.24,2.0,0.0
^RUT,2026-06-08,2580.0,Put,1.75,2.25,5.55,,0.0
^RUT,2026-06-08,2585.0,Put,1.85,2.35,5.8,,0.0
^RUT,2026-06-08,2590.0,Put,1.95,2.45,17.2,,0.0
^RUT,2026-06-08,2595.0,Put,2.0,2.55,7.2,,0.0
^RUT,2026-06-08,2600.0,Put,2.1,2.65,6.8,,0.0
^RUT,2026-06-08,2610.0,Put,2.35,2.9,7.29,,0.0
^RUT,2026-06-08,2615.0,Put,2.45,3.0,5.47,,0.0
^RUT,2026-06-08,2620.0,Put,2.55,3.2,5.67,,0.0
^RUT,2026-06-08,2625.0,Put,2.7,3.3,6.05,,0.0
^RUT,2026-06-08,2635.0,Put,2.95,3.6,5.0,14.0,0.0
^RUT,2026-06-08,2640.0,Put,3.1,3.8,9.01,2.0,0.0
^RUT,2026-06-08,2645.0,Put,3.3,3.9,5.5,15.0,0.0
^RUT,2026-06-08,2650.0,Put,3.4,4.1,10.77,3.0,0.0
^RUT,2026-06-08,2660.0,Put,3.8,4.5,10.99,,0.0
^RUT,2026-06-08,2665.0,Put,4.0,4.7,7.15,3.0,0.0
^RUT,2026-06-08,2670.0,Put,4.2,5.0,19.4,,0.0
^RUT,2026-06-08,2675.0,Put,4.5,5.2,27.15,3.0,0.0
^RUT,2026-06-08,2680.0,Put,4.7,5.5,25.8,,0.0
^RUT,2026-06-08,2685.0,Call,209.1,233.1,86.6,,0.0
^RUT,2026-06-08,2685.0,Put,5.0,5.7,8.15,5.0,0.0
^RUT,2026-06-08,2690.0,Put,5.2,6.0,8.87,9.0,0.0
^RUT,2026-06-08,2695.0,Put,5.5,6.3,17.0,,0.0
^RUT,2026-06-08,2700.0,Put,5.8,6.6,9.77,7.0,0.0
^RUT,2026-06-08,2705.0,Put,6.2,6.9,32.9,,0.0
^RUT,2026-06-08,2710.0,Put,6.5,7.3,32.3,32.0,0.0
^RUT,2026-06-08,2715.0,Put,6.8,7.6,22.8,,0.0
^RUT,2026-06-08,2720.0,Put,7.2,8.0,31.73,,0.0
^RUT,2026-06-08,2730.0,Call,171.2,187.2,60.03,,0.0
^RUT,2026-06-08,2730.0,Put,8.0,8.9,34.66,,0.0
^RUT,2026-06-08,2735.0,Call,166.7,182.7,57.13,,0.0
^RUT,2026-06-08,2740.0,Call,162.1,178.1,102.85,2.0,0.0
^RUT,2026-06-08,2740.0,Put,8.9,9.8,14.57,7.0,0.0
^RUT,2026-06-08,2745.0,Call,157.6,173.6,83.8,,0.0
^RUT,2026-06-08,2745.0,Put,9.4,10.3,15.27,7.0,0.0
^RUT,2026-06-08,2750.0,Call,153.2,169.2,100.79,,0.0
^RUT,2026-06-08,2750.0,Put,9.9,10.8,23.01,,0.0
^RUT,2026-06-08,2755.0,Put,10.4,11.3,10.17,1.0,0.0
^RUT,2026-06-08,2760.0,Call,144.3,160.3,93.37,,0.0
^RUT,2026-06-08,2765.0,Put,11.6,12.5,19.3,2.0,0.0
^RUT,2026-06-08,2770.0,Call,135.5,151.5,55.85,,0.0
^RUT,2026-06-08,2770.0,Put,12.2,13.2,39.3,,0.0
^RUT,2026-06-08,2775.0,Call,131.2,147.2,52.1,,0.0
^RUT,2026-06-08,2775.0,Put,12.9,13.8,12.41,1.0,0.0
^RUT,2026-06-08,2780.0,Call,126.9,142.9,59.0,,0.0
^RUT,2026-06-08,2780.0,Put,13.5,14.5,41.54,,0.0
^RUT,2026-06-08,2785.0,Call,122.6,138.6,58.9,,0.0
^RUT,2026-06-08,2785.0,Put,14.3,15.2,23.8,5.0,0.0
^RUT,2026-06-08,2790.0,Call,118.4,134.4,71.07,,0.0
^RUT,2026-06-08,2790.0,Put,15.0,16.0,26.2,1.0,0.0
^RUT,2026-06-08,2795.0,Put,15.8,16.8,23.73,8.0,0.0
^RUT,2026-06-08,2800.0,Call,116.6,119.3,64.76,,0.0
^RUT,2026-06-08,2810.0,Put,18.5,19.5,53.8,,0.0
^RUT,2026-06-08,2815.0,Call,104.5,107.0,54.6,,0.0
^RUT,2026-06-08,2820.0,Call,100.6,103.1,81.3,6.0,0.0
^RUT,2026-06-08,2820.0,Put,20.6,21.5,59.7,,0.0
^RUT,2026-06-08,2825.0,Call,96.7,99.2,78.0,1.0,0.0
^RUT,2026-06-08,2825.0,Put,21.7,22.6,33.93,1.0,0.0
^RUT,2026-06-08,2830.0,Call,92.9,95.3,63.19,,0.0
^RUT,2026-06-08,2840.0,Call,85.5,87.8,21.5,,0.0
^RUT,2026-06-08,2840.0,Put,25.3,26.4,50.78,1.0,0.0
^RUT,2026-06-08,2845.0,Call,82.0,84.1,53.7,1.0,0.0
^RUT,2026-06-08,2850.0,Call,78.5,80.4,65.28,60.0,0.0
^RUT,2026-06-08,2855.0,Call,75.0,76.8,35.7,6.0,0.0
^RUT,2026-06-08,2855.0,Put,29.6,30.6,43.6,1.0,0.0
^RUT,2026-06-08,2860.0,Call,71.7,73.4,34.2,9.0,0.0
^RUT,2026-06-08,2865.0,Call,68.4,70.0,50.66,1.0,0.0
^RUT,2026-06-08,2865.0,Put,32.7,33.9,45.5,5.0,0.0
^RUT,2026-06-08,2870.0,Call,65.2,66.7,27.1,,0.0
^RUT,2026-06-08,2870.0,Put,34.6,35.6,48.35,6.0,0.0
^RUT,2026-06-08,2875.0,Call,61.7,63.4,36.63,,0.0
^RUT,2026-06-08,2875.0,Put,36.3,37.4,48.1,5.0,0.0
^RUT,2026-06-08,2880.0,Call,59.0,60.4,23.6,,0.0
^RUT,2026-06-08,2885.0,Call,56.1,57.4,22.47,,0.0
^RUT,2026-06-08,2885.0,Put,40.3,41.4,58.9,1.0,0.0
^RUT,2026-06-08,2890.0,Call,53.0,54.3,39.55,3.0,0.0
^RUT,2026-06-08,2895.0,Call,50.4,51.6,37.26,3.0,0.0
^RUT,2026-06-08,2900.0,Call,47.7,48.9,11.8,,0.0
^RUT,2026-06-08,2910.0,Call,42.6,43.7,30.69,2.0,0.0
^RUT,2026-06-08,2915.0,Call,39.9,41.2,28.91,2.0,0.0
^RUT,2026-06-08,2920.0,Call,37.6,38.9,22.73,,0.0
^RUT,2026-06-08,2925.0,Call,35.6,36.7,21.08,,0.0
^RUT,2026-06-08,2925.0,Put,59.5,60.8,130.7,,0.0
^RUT,2026-06-08,2930.0,Call,33.4,34.5,12.9,1.0,0.0
^RUT,2026-06-08,2935.0,Call,31.2,32.4,22.69,5.0,0.0
^RUT,2026-06-08,2940.0,Call,29.5,30.6,21.2,4.0,0.0
^RUT,2026-06-08,2945.0,Call,27.4,28.6,20.47,6.0,0.0
^RUT,2026-06-08,2950.0,Call,25.8,26.8,8.6,,0.0
^RUT,2026-06-08,2960.0,Call,22.5,23.6,12.81,,0.0
^RUT,2026-06-08,2965.0,Call,21.0,22.0,7.5,,0.0
^RUT,2026-06-08,2975.0,Call,18.1,19.0,8.9,,0.0
^RUT,2026-06-08,2985.0,Call,15.5,16.6,2.72,,0.0
^RUT,2026-06-08,2990.0,Call,14.4,15.3,4.95,,0.0
^RUT,2026-06-08,2995.0,Call,13.3,14.3,1.34,,0.0
^RUT,2026-06-08,3000.0,Call,12.2,13.2,8.2,2.0,0.0
^RUT,2026-06-08,3010.0,Call,10.4,11.3,4.4,,0.0
^RUT,2026-06-08,3020.0,Call,8.8,9.7,2.97,,0.0
^RUT,2026-06-08,3025.0,Call,8.0,9.0,2.8,,0.0
^RUT,2026-06-08,3030.0,Call,7.4,8.2,3.14,,0.0
^RUT,2026-06-08,3035.0,Call,6.8,7.6,1.22,,0.0
^RUT,2026-06-08,3040.0,Call,6.2,7.1,2.68,,0.0
^RUT,2026-06-08,3050.0,Call,5.2,6.0,2.31,,0.0
^RUT,2026-06-08,3060.0,Call,4.3,5.1,2.0,,0.0
^RUT,2026-06-08,3080.0,Call,3.0,3.7,2.4,1.0,0.0
^RUT,2026-06-08,3085.0,Call,2.75,3.5,2.01,3.0,0.0
^RUT,2026-06-08,3100.0,Call,2.1,2.75,1.67,,0.0
^RUT,2026-06-08,3110.0,Call,1.75,2.35,1.47,3.0,0.0
^RUT,2026-06-08,3140.0,Call,1.05,1.55,1.05,1.0,0.0
^RUT,2026-06-08,3260.0,Call,0.0,1.8,0.15,,0.0
^RUT,2026-06-08,3265.0,Call,0.15,0.5,0.13,,0.0
^RUT,2026-06-08,3290.0,Call,0.0,1.65,0.16,,0.0
^RUT,2026-06-09,2415.0,Put,0.55,0.95,1.15,1.0,
^RUT,2026-06-09,2760.0,Put,12.3,13.3,20.25,4.0,
^RUT,2026-06-09,2765.0,Put,13.0,13.9,19.52,65.0,
^RUT,2026-06-09,2770.0,Put,13.7,14.6,22.15,71.0,
^RUT,2026-06-09,2780.0,Put,15.0,16.0,24.58,2.0,
^RUT,2026-06-09,2800.0,Put,18.3,19.4,26.7,100.0,
^RUT,2026-06-09,2810.0,Put,20.2,21.3,29.3,100.0,
^RUT,2026-06-09,2860.0,Call,74.1,75.8,60.57,101.0,
^RUT,2026-06-09,2870.0,Call,67.6,69.4,54.92,100.0,
^RUT,2026-06-09,2890.0,Put,44.4,45.7,61.2,2.0,
^RUT,2026-06-09,3090.0,Call,3.1,3.9,3.05,1.0,
^RUT,2026-06-12,2100.0,Put,0.05,0.5,0.7,,0.0
^RUT,2026-06-12,2105.0,Put,0.05,0.4,0.73,,0.0
^RUT,2026-06-12,2125.0,Put,0.1,0.45,1.12,,0.0
^RUT,2026-06-12,2150.0,Put,0.1,0.45,1.29,2.0,0.0
^RUT,2026-06-12,2170.0,Put,0.15,0.55,1.22,,0.0
^RUT,2026-06-12,2195.0,Put,0.2,0.55,1.1,,0.0
^RUT,2026-06-12,2200.0,Put,0.2,0.6,1.9,3.0,0.0
^RUT,2026-06-12,2205.0,Put,0.2,0.65,1.7,3.0,0.0
^RUT,2026-06-12,2240.0,Put,0.3,0.7,1.55,8.0,0.0
^RUT,2026-06-12,2245.0,Put,0.3,0.6,1.9,5.0,0.0
^RUT,2026-06-12,2250.0,Put,0.3,0.75,1.84,,0.0
^RUT,2026-06-12,2280.0,Put,0.4,0.7,1.65,,0.0
^RUT,2026-06-12,2290.0,Put,0.35,0.85,1.91,1.0,0.0
^RUT,2026-06-12,2295.0,Put,0.45,0.8,0.85,5.0,0.0
^RUT,2026-06-12,2300.0,Put,0.45,0.9,0.85,3.0,0.0
^RUT,2026-06-12,2320.0,Put,0.5,0.8,3.1,23.0,0.0
^RUT,2026-06-12,2325.0,Put,0.55,1.0,0.79,2.0,0.0
^RUT,2026-06-12,2330.0,Put,0.55,1.0,2.93,80.0,0.0
^RUT,2026-06-12,2335.0,Put,0.6,1.0,2.25,,0.0
^RUT,2026-06-12,2340.0,Put,0.6,1.05,3.2,2.0,0.0
^RUT,2026-06-12,2345.0,Put,0.6,1.05,1.05,9.0,0.0
^RUT,2026-06-12,2350.0,Put,0.65,1.1,3.8,1.0,0.0
^RUT,2026-06-12,2355.0,Put,0.65,1.1,2.0,,0.0
^RUT,2026-06-12,2360.0,Put,0.7,1.15,3.0,,0.0
^RUT,2026-06-12,2365.0,Put,0.7,1.15,3.6,1.0,0.0
^RUT,2026-06-12,2370.0,Put,0.75,1.2,3.29,2916.0,0.0
^RUT,2026-06-12,2375.0,Put,0.8,1.25,4.23,1.0,0.0
^RUT,2026-06-12,2380.0,Put,0.8,1.25,1.4,7.0,0.0
^RUT,2026-06-12,2390.0,Put,0.85,1.3,4.11,3.0,0.0
^RUT,2026-06-12,2395.0,Put,0.9,1.35,4.58,,0.0
^RUT,2026-06-12,2400.0,Put,0.95,1.4,5.24,12.0,0.0
^RUT,2026-06-12,2405.0,Put,0.95,1.45,5.55,12.0,0.0
^RUT,2026-06-12,2410.0,Put,1.0,1.45,5.57,22.0,0.0
^RUT,2026-06-12,2415.0,Put,1.05,1.5,5.8,8.0,0.0
^RUT,2026-06-12,2420.0,Put,1.1,1.55,6.35,5.0,0.0
^RUT,2026-06-12,2425.0,Put,1.1,1.6,5.21,139.0,0.0
^RUT,2026-06-12,2430.0,Put,1.15,1.65,5.45,15.0,0.0
^RUT,2026-06-12,2435.0,Put,1.2,1.7,5.57,135.0,0.0
^RUT,2026-06-12,2440.0,Put,1.25,1.75,5.51,117.0,0.0
^RUT,2026-06-12,2445.0,Put,1.3,1.8,7.07,85.0,0.0
^RUT,2026-06-12,2450.0,Put,1.35,1.85,1.84,8.0,0.0
^RUT,2026-06-12,2455.0,Put,1.4,1.9,5.55,20.0,0.0
^RUT,2026-06-12,2460.0,Put,1.45,1.95,4.4,300.0,0.0
^RUT,2026-06-12,2465.0,Put,1.5,2.0,7.02,25.0,0.0
^RUT,2026-06-12,2470.0,Put,1.55,2.05,4.71,300.0,0.0
^RUT,2026-06-12,2475.0,Put,1.6,2.1,6.46,2.0,0.0
^RUT,2026-06-12,2480.0,Put,1.7,2.2,2.77,6.0,0.0
^RUT,2026-06-12,2485.0,Call,406.4,430.4,328.22,3.0,0.0
^RUT,2026-06-12,2485.0,Put,1.75,2.25,9.04,112.0,0.0
^RUT,2026-06-12,2490.0,Put,1.8,2.35,2.89,2.0,0.0
^RUT,2026-06-12,2495.0,Call,396.6,420.6,288.59,2.0,0.0
^RUT,2026-06-12,2495.0,Put,1.9,2.4,2.75,2.0,0.0
^RUT,2026-06-12,2500.0,Call,391.7,415.7,369.56,,0.0
^RUT,2026-06-12,2500.0,Put,1.95,2.5,4.7,8.0,0.0
^RUT,2026-06-12,2505.0,Put,2.0,2.55,3.18,1.0,0.0
^RUT,2026-06-12,2510.0,Call,381.9,405.9,360.15,,0.0
^RUT,2026-06-12,2510.0,Put,2.1,2.65,6.29,1.0,0.0
^RUT,2026-06-12,2515.0,Put,2.2,2.75,5.7,10.0,0.0
^RUT,2026-06-12,2520.0,Put,2.25,2.85,3.3,3.0,0.0
^RUT,2026-06-12,2525.0,Put,2.35,2.9,3.19,3.0,0.0
^RUT,2026-06-12,2530.0,Put,2.45,3.0,3.5,1.0,0.0
^RUT,2026-06-12,2535.0,Put,2.55,3.2,4.02,4.0,0.0
^RUT,2026-06-12,2540.0,Put,2.65,3.3,13.1,27.0,0.0
^RUT,2026-06-12,2545.0,Put,2.75,3.4,3.9,5.0,0.0
^RUT,2026-06-12,2550.0,Put,2.85,3.5,3.87,9.0,0.0
^RUT,2026-06-12,2555.0,Put,2.95,3.6,4.5,15.0,0.0
^RUT,2026-06-12,2560.0,Put,3.1,3.7,4.6,27.0,0.0
^RUT,2026-06-12,2565.0,Put,3.2,3.9,4.71,26.0,0.0
^RUT,2026-06-12,2570.0,Put,3.3,4.0,4.8,40.0,0.0
^RUT,2026-06-12,2575.0,Put,3.4,4.2,3.5,1.0,0.0
^RUT,2026-06-12,2580.0,Put,3.6,4.3,5.17,12.0,0.0
^RUT,2026-06-12,2585.0,Put,3.7,4.5,5.81,1.0,0.0
^RUT,2026-06-12,2590.0,Put,3.9,4.7,6.01,13.0,0.0
^RUT,2026-06-12,2595.0,Call,299.1,323.1,280.02,,0.0
^RUT,2026-06-12,2595.0,Put,4.1,4.8,4.14,1.0,0.0
^RUT,2026-06-12,2600.0,Put,4.2,5.0,6.58,15.0,0.0
^RUT,2026-06-12,2605.0,Put,4.4,5.2,9.59,7.0,0.0
^RUT,2026-06-12,2610.0,Put,4.6,5.4,7.08,33.0,0.0
^RUT,2026-06-12,2615.0,Call,279.9,303.9,284.0,,0.0
^RUT,2026-06-12,2615.0,Put,4.8,5.6,7.19,1.0,0.0
^RUT,2026-06-12,2620.0,Put,5.0,5.8,5.84,2.0,0.0
^RUT,2026-06-12,2625.0,Call,270.4,294.4,253.64,,0.0
^RUT,2026-06-12,2625.0,Put,5.2,6.1,10.34,7.0,0.0
^RUT,2026-06-12,2630.0,Put,5.5,6.3,8.74,27.0,0.0
^RUT,2026-06-12,2635.0,Put,5.7,6.6,8.15,3.0,0.0
^RUT,2026-06-12,2640.0,Put,6.0,6.8,9.87,205.0,0.0
^RUT,2026-06-12,2645.0,Call,251.4,275.4,257.42,,0.0
^RUT,2026-06-12,2645.0,Put,6.2,7.1,9.02,22.0,0.0
^RUT,2026-06-12,2650.0,Put,6.5,7.4,10.72,120.0,0.0
^RUT,2026-06-12,2655.0,Put,6.8,7.7,10.28,16.0,0.0
^RUT,2026-06-12,2660.0,Call,237.4,261.4,232.17,,0.0
^RUT,2026-06-12,2660.0,Put,7.1,8.0,11.62,221.0,0.0
^RUT,2026-06-12,2665.0,Put,7.4,8.3,10.25,8.0,0.0
^RUT,2026-06-12,2670.0,Put,7.8,8.6,7.4,1.0,0.0
^RUT,2026-06-12,2675.0,Put,8.1,9.0,11.6,16.0,0.0
^RUT,2026-06-12,2680.0,Put,8.5,9.4,13.35,79.0,0.0
^RUT,2026-06-12,2685.0,Put,8.8,9.8,14.15,23.0,0.0
^RUT,2026-06-12,2690.0,Call,209.6,233.6,136.41,,0.0
^RUT,2026-06-12,2690.0,Put,9.2,10.2,14.7,70.0,0.0
^RUT,2026-06-12,2695.0,Call,205.0,229.0,94.01,,0.0
^RUT,2026-06-12,2695.0,Put,9.6,10.6,13.75,18.0,0.0
^RUT,2026-06-12,2700.0,Call,200.4,224.4,149.32,22.0,0.0
^RUT,2026-06-12,2700.0,Put,10.1,11.0,14.6,109.0,0.0
^RUT,2026-06-12,2705.0,Put,10.5,11.5,15.56,14.0,0.0
^RUT,2026-06-12,2710.0,Call,195.4,211.4,89.78,1.0,0.0
^RUT,2026-06-12,2710.0,Put,11.0,12.0,17.24,109.0,0.0
^RUT,2026-06-12,2715.0,Put,11.5,12.5,16.55,78.0,0.0
^RUT,2026-06-12,2720.0,Call,186.4,202.4,166.6,1.0,0.0
^RUT,2026-06-12,2720.0,Put,12.0,13.0,18.65,86.0,0.0
^RUT,2026-06-12,2725.0,Put,12.5,13.5,19.47,72.0,0.0
^RUT,2026-06-12,2730.0,Call,177.5,193.5,116.36,,0.0
^RUT,2026-06-12,2730.0,Put,13.1,14.1,19.92,164.0,0.0
^RUT,2026-06-12,2735.0,Put,13.6,14.7,13.45,1.0,0.0
^RUT,2026-06-12,2740.0,Call,168.7,184.7,143.29,4.0,0.0
^RUT,2026-06-12,2740.0,Put,14.2,15.3,21.7,281.0,0.0
^RUT,2026-06-12,2745.0,Call,164.4,180.4,87.0,,0.0
^RUT,2026-06-12,2745.0,Put,14.9,15.9,19.61,47.0,0.0
^RUT,2026-06-12,2750.0,Call,160.1,176.1,140.8,2.0,0.0
^RUT,2026-06-12,2750.0,Put,15.5,16.6,15.21,1.0,0.0
^RUT,2026-06-12,2755.0,Call,155.8,171.8,131.2,4.0,0.0
^RUT,2026-06-12,2755.0,Put,16.2,17.3,25.12,60.0,0.0
^RUT,2026-06-12,2760.0,Call,151.5,167.5,133.62,16.0,0.0
^RUT,2026-06-12,2760.0,Put,16.9,18.0,24.6,586.0,0.0
^RUT,2026-06-12,2765.0,Call,147.2,163.2,128.4,1.0,0.0
^RUT,2026-06-12,2765.0,Put,17.7,18.7,26.45,139.0,0.0
^RUT,2026-06-12,2770.0,Call,143.0,159.0,123.55,11.0,0.0
^RUT,2026-06-12,2770.0,Put,18.5,19.5,27.39,5744.0,0.0
^RUT,2026-06-12,2775.0,Call,138.8,154.8,97.4,1.0,0.0
^RUT,2026-06-12,2775.0,Put,19.3,20.3,28.6,143.0,0.0
^RUT,2026-06-12,2780.0,Call,141.1,144.0,115.85,24.0,0.0
^RUT,2026-06-12,2780.0,Put,20.1,21.2,19.6,1.0,0.0
^RUT,2026-06-12,2785.0,Call,137.1,139.9,116.15,1.0,0.0
^RUT,2026-06-12,2785.0,Put,21.0,22.1,19.17,1.0,0.0
^RUT,2026-06-12,2790.0,Call,133.0,135.8,109.16,4.0,0.0
^RUT,2026-06-12,2790.0,Put,21.9,23.0,32.68,49.0,0.0
^RUT,2026-06-12,2795.0,Call,129.1,131.7,108.01,6.0,0.0
^RUT,2026-06-12,2795.0,Put,22.9,24.0,32.05,12.0,0.0
^RUT,2026-06-12,2800.0,Call,125.1,127.7,101.99,6.0,0.0
^RUT,2026-06-12,2800.0,Put,23.9,25.0,33.82,200.0,0.0
^RUT,2026-06-12,2805.0,Call,121.2,123.8,98.85,6.0,0.0
^RUT,2026-06-12,2805.0,Put,24.9,26.1,36.77,3.0,0.0
^RUT,2026-06-12,2810.0,Call,117.3,119.8,90.0,5.0,0.0
^RUT,2026-06-12,2810.0,Put,26.0,27.2,23.57,1.0,0.0
^RUT,2026-06-12,2815.0,Call,113.5,115.9,56.92,2.0,0.0
^RUT,2026-06-12,2815.0,Put,27.2,28.4,61.95,5.0,0.0
^RUT,2026-06-12,2820.0,Call,109.7,112.2,75.08,4.0,0.0
^RUT,2026-06-12,2820.0,Put,28.4,29.5,36.87,27.0,0.0
^RUT,2026-06-12,2825.0,Call,106.0,108.5,86.1,1.0,0.0
^RUT,2026-06-12,2825.0,Put,29.7,30.8,61.6,6.0,0.0
^RUT,2026-06-12,2830.0,Call,102.4,104.7,44.1,2.0,0.0
^RUT,2026-06-12,2830.0,Put,31.0,32.1,44.28,85.0,0.0
^RUT,2026-06-12,2835.0,Call,98.8,100.9,61.55,,0.0
^RUT,2026-06-12,2835.0,Put,32.3,33.4,56.35,5.0,0.0
^RUT,2026-06-12,2840.0,Call,95.3,97.4,79.87,12.0,0.0
^RUT,2026-06-12,2840.0,Put,33.7,35.0,48.57,5.0,0.0
^RUT,2026-06-12,2845.0,Call,91.9,93.9,74.71,3.0,0.0
^RUT,2026-06-12,2845.0,Put,35.1,36.4,50.3,1.0,0.0
^RUT,2026-06-12,2850.0,Call,88.4,90.3,65.65,10.0,0.0
^RUT,2026-06-12,2850.0,Put,36.7,37.9,53.0,19.0,0.0
^RUT,2026-06-12,2855.0,Call,85.1,86.9,62.94,2.0,0.0
^RUT,2026-06-12,2855.0,Put,38.2,39.5,57.11,2.0,0.0
^RUT,2026-06-12,2860.0,Call,81.5,83.5,64.32,4.0,0.0
^RUT,2026-06-12,2860.0,Put,39.9,41.2,53.01,12.0,0.0
^RUT,2026-06-12,2865.0,Call,78.6,80.3,61.88,1.0,0.0
^RUT,2026-06-12,2865.0,Put,41.7,42.9,55.18,25.0,0.0
^RUT,2026-06-12,2870.0,Call,75.4,77.0,59.2,24.0,0.0
^RUT,2026-06-12,2870.0,Put,43.5,44.7,58.07,22.0,0.0
^RUT,2026-06-12,2875.0,Call,72.4,73.9,52.2,2.0,0.0
^RUT,2026-06-12,2875.0,Put,45.4,46.6,62.4,34.0,0.0
^RUT,2026-06-12,2880.0,Call,69.4,70.8,52.99,2.0,0.0
^RUT,2026-06-12,2880.0,Put,47.4,48.6,66.25,32.0,0.0
^RUT,2026-06-12,2885.0,Call,66.5,67.9,51.2,3.0,0.0
^RUT,2026-06-12,2885.0,Put,49.3,50.6,68.1,35.0,0.0
^RUT,2026-06-12,2890.0,Call,63.5,64.9,48.38,2.0,0.0
^RUT,2026-06-12,2890.0,Put,51.4,52.7,71.46,1.0,0.0
^RUT,2026-06-12,2895.0,Call,60.6,62.0,46.01,2.0,0.0
^RUT,2026-06-12,2900.0,Call,58.1,59.4,47.13,7.0,0.0
^RUT,2026-06-12,2900.0,Put,55.9,57.2,77.2,7.0,0.0
^RUT,2026-06-12,2905.0,Call,55.2,56.6,28.0,4.0,0.0
^RUT,2026-06-12,2905.0,Put,58.3,59.5,120.1,,0.0
^RUT,2026-06-12,2910.0,Call,52.8,54.1,59.9,1.0,0.0
^RUT,2026-06-12,2910.0,Put,60.6,61.9,83.0,4.0,0.0
^RUT,2026-06-12,2915.0,Call,50.3,51.6,39.35,6.0,0.0
^RUT,2026-06-12,2915.0,Put,63.1,64.4,127.4,1.0,0.0
^RUT,2026-06-12,2920.0,Call,47.9,49.1,35.35,248.0,0.0
^RUT,2026-06-12,2920.0,Put,65.7,67.0,85.43,11.0,0.0
^RUT,2026-06-12,2925.0,Call,45.4,46.8,34.9,4.0,0.0
^RUT,2026-06-12,2925.0,Put,68.4,69.7,92.24,2.0,0.0
^RUT,2026-06-12,2930.0,Call,43.3,44.6,30.42,1.0,0.0
^RUT,2026-06-12,2930.0,Put,71.0,72.4,91.68,4.0,0.0
^RUT,2026-06-12,2935.0,Call,41.2,42.5,30.49,16.0,0.0
^RUT,2026-06-12,2935.0,Put,73.9,75.3,142.8,1.0,0.0
^RUT,2026-06-12,2940.0,Call,39.1,40.3,25.9,20.0,0.0
^RUT,2026-06-12,2945.0,Call,37.1,38.3,25.16,7.0,0.0
^RUT,2026-06-12,2950.0,Call,35.1,36.3,26.45,72.0,0.0
^RUT,2026-06-12,2950.0,Put,82.6,84.3,107.72,1.0,0.0
^RUT,2026-06-12,2955.0,Call,33.3,34.5,26.88,3.0,0.0
^RUT,2026-06-12,2960.0,Call,31.5,32.7,35.95,1.0,0.0
^RUT,2026-06-12,2965.0,Call,29.7,30.8,25.94,19.0,0.0
^RUT,2026-06-12,2970.0,Call,28.1,29.3,32.25,1.0,0.0
^RUT,2026-06-12,2975.0,Call,26.5,27.7,19.2,25.0,0.0
^RUT,2026-06-12,2980.0,Call,25.0,26.1,19.23,68.0,0.0
^RUT,2026-06-12,2985.0,Call,23.5,24.7,17.43,19.0,0.0
^RUT,2026-06-12,2985.0,Put,105.4,107.9,133.27,2.0,0.0
^RUT,2026-06-12,2990.0,Call,22.1,23.3,17.11,48.0,0.0
^RUT,2026-06-12,2995.0,Call,20.8,21.9,16.2,2.0,0.0
^RUT,2026-06-12,3000.0,Call,19.5,20.5,15.1,136.0,0.0
^RUT,2026-06-12,3000.0,Put,116.4,119.0,141.3,2.0,0.0
^RUT,2026-06-12,3005.0,Call,18.3,19.4,13.0,26.0,0.0
^RUT,2026-06-12,3010.0,Call,17.1,18.2,13.25,31.0,0.0
^RUT,2026-06-12,3015.0,Call,16.0,17.0,12.2,8.0,0.0
^RUT,2026-06-12,3020.0,Call,15.0,16.0,11.35,31.0,0.0
^RUT,2026-06-12,3025.0,Call,14.0,15.0,12.06,35.0,0.0
^RUT,2026-06-12,3030.0,Call,13.0,14.1,9.97,22.0,0.0
^RUT,2026-06-12,3035.0,Call,12.2,13.3,9.01,3.0,0.0
^RUT,2026-06-12,3040.0,Call,11.4,12.4,3.83,19.0,0.0
^RUT,2026-06-12,3045.0,Call,10.6,11.6,4.32,3.0,0.0
^RUT,2026-06-12,3050.0,Call,9.8,10.8,4.37,6.0,0.0
^RUT,2026-06-12,3050.0,Put,149.8,165.8,247.19,3.0,0.0
^RUT,2026-06-12,3055.0,Call,9.2,10.1,6.55,2.0,0.0
^RUT,2026-06-12,3060.0,Call,8.5,9.5,6.15,2.0,0.0
^RUT,2026-06-12,3065.0,Call,7.9,8.9,6.72,2.0,0.0
^RUT,2026-06-12,3070.0,Call,7.4,8.4,7.01,18.0,0.0
^RUT,2026-06-12,3075.0,Call,6.9,7.8,6.61,1.0,0.0
^RUT,2026-06-12,3080.0,Call,6.4,7.3,5.2,27.0,0.0
^RUT,2026-06-12,3085.0,Call,5.9,6.8,3.5,3.0,0.0
^RUT,2026-06-12,3090.0,Call,5.5,6.4,4.27,20.0,0.0
^RUT,2026-06-12,3095.0,Call,5.1,6.0,4.17,11.0,0.0
^RUT,2026-06-12,3100.0,Call,4.7,5.6,3.77,13.0,0.0
^RUT,2026-06-12,3105.0,Call,4.4,5.2,3.67,11.0,0.0
^RUT,2026-06-12,3110.0,Call,4.1,4.9,3.88,17.0,0.0
^RUT,2026-06-12,3115.0,Call,3.8,4.6,3.15,6.0,0.0
^RUT,2026-06-12,3120.0,Call,3.5,4.3,3.34,20.0,0.0
^RUT,2026-06-12,3125.0,Call,3.3,4.1,3.65,9.0,0.0
^RUT,2026-06-12,3130.0,Call,3.0,3.8,2.99,8.0,0.0
^RUT,2026-06-12,3135.0,Call,2.85,3.6,2.92,14.0,0.0
^RUT,2026-06-12,3140.0,Call,2.65,3.4,2.22,1.0,0.0
^RUT,2026-06-12,3145.0,Call,2.45,3.2,2.62,10.0,0.0
^RUT,2026-06-12,3150.0,Call,2.3,3.0,2.49,7.0,0.0
^RUT,2026-06-12,3160.0,Call,2.0,2.65,2.2,7.0,0.0
^RUT,2026-06-12,3165.0,Call,1.85,2.5,1.87,,0.0
^RUT,2026-06-12,3170.0,Call,1.75,2.35,0.45,3.0,0.0
^RUT,2026-06-12,3175.0,Call,1.65,2.25,1.4,6.0,0.0
^RUT,2026-06-18,1050.0,Call,1389.3,1409.3,1127.3,1.0,1.0
^RUT,2026-06-18,1050.0,Put,0.0,0.5,0.7,45.0,0.0
^RUT,2026-06-18,1100.0,Call,950.0,974.0,830.2,,4.0
^RUT,2026-06-18,1100.0,Put,0.0,0.5,1.95,10.0,85.0
^RUT,2026-06-18,1150.0,Put,0.0,0.55,1.36,4.0,335.0
^RUT,2026-06-18,1200.0,Call,1686.3,1710.3,1663.35,660.0,0.0
^RUT,2026-06-18,1200.0,Put,0.0,0.25,0.05,2.0,0.0
^RUT,2026-06-18,1250.0,Call,1370.3,1390.0,1289.1,1.0,1.0
^RUT,2026-06-18,1250.0,Put,0.0,0.55,2.1,4.0,0.0
^RUT,2026-06-18,1300.0,Put,0.0,0.25,0.05,2.0,0.0
^RUT,2026-06-18,1350.0,Put,0.0,0.25,0.05,25.0,0.0
^RUT,2026-06-18,1400.0,Call,1486.9,1510.9,1410.42,,0.0
^RUT,2026-06-18,1400.0,Put,0.0,0.25,0.08,25.0,0.0
^RUT,2026-06-18,1450.0,Call,635.0,659.0,468.4,,1.0
^RUT,2026-06-18,1450.0,Put,0.0,0.25,0.08,13.0,0.0
^RUT,2026-06-18,1500.0,Call,1387.2,1411.2,1311.1,1.0,0.0
^RUT,2026-06-18,1500.0,Put,0.0,0.25,0.1,1.0,0.0
^RUT,2026-06-18,1550.0,Call,674.0,698.0,609.77,1.0,3.0
^RUT,2026-06-18,1550.0,Put,0.0,0.25,0.08,25.0,0.0
^RUT,2026-06-18,1600.0,Call,1287.5,1311.5,1264.24,31.0,0.0
^RUT,2026-06-18,1600.0,Put,0.0,0.3,0.08,25.0,0.0
^RUT,2026-06-18,1650.0,Call,0.0,0.0,867.8,1.0,0.0
^RUT,2026-06-18,1650.0,Put,0.0,0.3,0.08,13.0,0.0
^RUT,2026-06-18,1700.0,Call,772.6,792.5,560.86,152.0,37.0
^RUT,2026-06-18,1700.0,Put,0.0,0.3,0.6,1.0,0.0
^RUT,2026-06-18,1710.0,Call,763.4,783.3,552.3,,37.0
^RUT,2026-06-18,1710.0,Put,0.0,0.3,0.05,1.0,0.0
^RUT,2026-06-18,1720.0,Call,0.0,0.0,800.0,,0.0
^RUT,2026-06-18,1720.0,Put,0.0,0.3,1.2,194.0,0.0
^RUT,2026-06-18,1730.0,Put,0.0,0.35,0.2,10.0,0.0
^RUT,2026-06-18,1740.0,Put,0.0,0.35,0.42,1.0,0.0
^RUT,2026-06-18,1750.0,Call,726.9,746.9,486.46,1.0,39.0
^RUT,2026-06-18,1750.0,Put,0.0,0.35,1.15,20.0,0.0
^RUT,2026-06-18,1760.0,Put,0.0,0.35,0.33,1.0,0.0
^RUT,2026-06-18,1770.0,Call,792.6,804.8,923.77,6.0,6.0
^RUT,2026-06-18,1770.0,Put,0.0,0.35,0.72,1.0,0.0
^RUT,2026-06-18,1780.0,Call,854.9,874.8,739.25,6.0,6.0
^RUT,2026-06-18,1780.0,Put,0.0,4.8,3.15,15.0,100.0
^RUT,2026-06-18,1790.0,Call,806.0,825.8,744.64,6.0,6.0
^RUT,2026-06-18,1790.0,Put,0.0,0.35,1.0,1.0,0.0
^RUT,2026-06-18,1800.0,Call,697.6,717.6,725.36,6.0,6.0
^RUT,2026-06-18,1800.0,Put,0.0,0.35,0.15,34.0,0.0
^RUT,2026-06-18,1810.0,Call,666.1,686.0,672.1,6.0,0.0
^RUT,2026-06-18,1810.0,Put,0.0,0.35,1.57,14.0,0.0
^RUT,2026-06-18,1820.0,Put,0.0,0.4,1.65,6.0,0.0
^RUT,2026-06-18,1830.0,Put,0.0,0.4,0.46,1.0,0.0
^RUT,2026-06-18,1840.0,Put,0.0,0.4,1.6,10.0,0.0
^RUT,2026-06-18,1850.0,Call,637.0,657.0,378.0,3.0,4.0
^RUT,2026-06-18,1850.0,Put,0.0,0.4,0.95,23.0,0.0
^RUT,2026-06-18,1860.0,Put,0.0,0.4,0.5,1.0,0.0
^RUT,2026-06-18,1870.0,Put,0.0,4.8,3.57,1.0,33.0
^RUT,2026-06-18,1880.0,Put,0.0,0.45,1.86,49.0,0.0
^RUT,2026-06-18,1890.0,Call,998.5,1022.5,898.71,,0.0
^RUT,2026-06-18,1890.0,Put,0.0,0.45,0.47,9.0,0.0
^RUT,2026-06-18,1900.0,Call,988.5,1012.5,904.0,1.0,0.0
^RUT,2026-06-18,1900.0,Put,0.0,0.45,1.7,2.0,0.0
^RUT,2026-06-18,1910.0,Put,0.0,0.45,1.71,42.0,0.0
^RUT,2026-06-18,1920.0,Put,0.05,0.45,1.72,84.0,0.0
^RUT,2026-06-18,1930.0,Put,0.05,0.45,1.75,11.0,0.0
^RUT,2026-06-18,1940.0,Put,0.05,0.5,1.7,77.0,0.0
^RUT,2026-06-18,1950.0,Call,0.0,0.0,521.79,1.0,0.0
^RUT,2026-06-18,1950.0,Put,0.05,0.45,0.35,1.0,0.0
^RUT,2026-06-18,1960.0,Put,0.05,0.5,0.62,6.0,0.0
^RUT,2026-06-18,1970.0,Put,0.05,0.5,0.66,6.0,0.0
^RUT,2026-06-18,1980.0,Put,0.05,0.5,0.82,1.0,0.0
^RUT,2026-06-18,1990.0,Put,0.1,0.55,1.77,140.0,0.0
^RUT,2026-06-18,2000.0,Call,889.0,913.0,802.9,3.0,0.0
^RUT,2026-06-18,2000.0,Put,0.1,0.55,0.35,10.0,0.0
^RUT,2026-06-18,2010.0,Call,497.8,517.5,322.02,,2.0
^RUT,2026-06-18,2010.0,Put,0.1,0.6,1.24,,0.0
^RUT,2026-06-18,2020.0,Call,489.1,509.1,302.23,2.0,1.0
^RUT,2026-06-18,2020.0,Put,0.15,0.6,1.21,,0.0
^RUT,2026-06-18,2030.0,Put,0.15,0.6,1.05,3.0,0.0
^RUT,2026-06-18,2040.0,Call,472.5,492.5,350.3,4.0,41.0
^RUT,2026-06-18,2040.0,Put,0.15,0.6,0.42,1.0,0.0
^RUT,2026-06-18,2050.0,Call,839.3,863.3,753.83,3.0,0.0
^RUT,2026-06-18,2050.0,Put,0.2,0.65,1.2,20.0,0.0
^RUT,2026-06-18,2060.0,Call,493.0,506.5,399.98,20.0,40.0
^RUT,2026-06-18,2060.0,Put,0.15,0.65,1.15,20.0,0.0
^RUT,2026-06-18,2070.0,Call,716.6,721.7,484.14,4.0,21.0
^RUT,2026-06-18,2070.0,Put,0.2,0.65,1.2,60.0,0.0
^RUT,2026-06-18,2080.0,Call,542.8,550.9,416.8,11.0,35.0
^RUT,2026-06-18,2080.0,Put,0.25,0.7,0.95,1.0,0.0
^RUT,2026-06-18,2090.0,Call,532.6,541.0,409.3,22.0,68.0
^RUT,2026-06-18,2090.0,Put,0.2,0.65,1.35,160.0,0.0
^RUT,2026-06-18,2100.0,Call,678.2,698.2,459.43,12.0,1593.0
^RUT,2026-06-18,2100.0,Put,0.25,0.75,0.67,1.0,0.0
^RUT,2026-06-18,2110.0,Call,676.9,681.9,447.87,22.0,97.0
^RUT,2026-06-18,2110.0,Put,0.25,0.7,1.5,2.0,0.0
^RUT,2026-06-18,2120.0,Call,505.7,513.8,386.0,3.0,61.0
^RUT,2026-06-18,2120.0,Put,0.3,0.75,1.3,40.0,0.0
^RUT,2026-06-18,2130.0,Call,496.8,505.1,378.3,3.0,5.0
^RUT,2026-06-18,2130.0,Put,0.35,0.8,2.12,,0.0
^RUT,2026-06-18,2140.0,Call,400.1,407.1,250.08,2.0,1.0
^RUT,2026-06-18,2140.0,Put,0.55,1.9,32.3,2.0,0.0
^RUT,2026-06-18,2150.0,Call,0.0,0.0,409.45,3.0,0.0
^RUT,2026-06-18,2150.0,Put,0.4,0.85,1.69,10.0,0.0
^RUT,2026-06-18,2160.0,Call,388.7,408.7,447.37,3.0,8.0
^RUT,2026-06-18,2160.0,Put,0.4,0.85,1.75,,0.0
^RUT,2026-06-18,2170.0,Call,719.7,743.7,688.8,1.0,0.0
^RUT,2026-06-18,2170.0,Put,0.4,0.85,2.25,60.0,0.0
^RUT,2026-06-18,2180.0,Call,608.0,612.7,464.11,34.0,10.0
^RUT,2026-06-18,2180.0,Put,0.45,0.95,1.41,,0.0
^RUT,2026-06-18,2190.0,Call,598.3,602.8,456.03,40.0,5.0
^RUT,2026-06-18,2190.0,Put,0.45,0.9,1.9,11.0,0.0
^RUT,2026-06-18,2200.0,Call,689.9,713.9,673.07,4.0,0.0
^RUT,2026-06-18,2200.0,Put,0.55,1.0,2.05,4.0,0.0
^RUT,2026-06-18,2210.0,Call,578.5,583.0,433.95,30.0,10.0
^RUT,2026-06-18,2210.0,Put,0.55,1.05,2.37,7.0,0.0
^RUT,2026-06-18,2220.0,Call,314.1,326.2,319.85,32.0,20.0
^RUT,2026-06-18,2220.0,Put,0.55,1.0,1.2,7.0,0.0
^RUT,2026-06-18,2230.0,Call,559.0,563.2,423.05,,4.0
^RUT,2026-06-18,2230.0,Put,0.6,1.05,1.49,1.0,0.0
^RUT,2026-06-18,2240.0,Call,549.0,553.3,422.66,10.0,9.0
^RUT,2026-06-18,2240.0,Put,0.65,1.1,1.13,15.0,0.0
^RUT,2026-06-18,2250.0,Call,539.5,543.3,426.2,22.0,501.0
^RUT,2026-06-18,2250.0,Put,0.75,1.2,1.45,1.0,0.0
^RUT,2026-06-18,2260.0,Call,286.4,298.4,292.62,2.0,3.0
^RUT,2026-06-18,2260.0,Put,0.75,1.2,2.82,1.0,0.0
^RUT,2026-06-18,2270.0,Call,520.0,524.2,414.58,3.0,3.0
^RUT,2026-06-18,2270.0,Put,0.75,1.25,2.68,2.0,0.0
^RUT,2026-06-18,2280.0,Call,510.1,514.1,411.98,2.0,4.0
^RUT,2026-06-18,2280.0,Put,0.9,1.4,3.2,1.0,0.0
^RUT,2026-06-18,2290.0,Call,500.4,504.4,438.81,11.0,17.0
^RUT,2026-06-18,2290.0,Put,0.95,1.45,3.98,20.0,0.0
^RUT,2026-06-18,2300.0,Call,590.8,614.8,569.3,1.0,0.0
^RUT,2026-06-18,2300.0,Put,1.0,1.5,1.55,3.0,0.0
^RUT,2026-06-18,2305.0,Call,585.7,609.7,568.7,1.0,0.0
^RUT,2026-06-18,2305.0,Put,1.05,1.55,1.72,1.0,0.0
^RUT,2026-06-18,2310.0,Call,481.0,484.9,281.36,10.0,8.0
^RUT,2026-06-18,2310.0,Put,1.0,1.5,4.0,58.0,0.0
^RUT,2026-06-18,2315.0,Put,1.05,1.5,4.29,1.0,0.0
^RUT,2026-06-18,2320.0,Call,471.5,475.4,343.87,1.0,9.0
^RUT,2026-06-18,2320.0,Put,1.15,1.65,3.3,1.0,0.0
^RUT,2026-06-18,2325.0,Put,1.2,1.7,1.67,4.0,0.0
^RUT,2026-06-18,2330.0,Call,561.0,585.0,404.77,4.0,0.0
^RUT,2026-06-18,2330.0,Put,1.15,1.65,1.79,1.0,0.0
^RUT,2026-06-18,2335.0,Put,1.2,1.65,4.34,1.0,0.0
^RUT,2026-06-18,2340.0,Call,451.9,455.7,326.6,1.0,6.0
^RUT,2026-06-18,2340.0,Put,1.3,1.8,4.7,3.0,0.0
^RUT,2026-06-18,2345.0,Put,1.35,1.85,3.3,2.0,0.0
^RUT,2026-06-18,2350.0,Call,541.4,565.4,515.29,,0.0
^RUT,2026-06-18,2350.0,Put,1.3,1.8,2.09,183.0,0.0
^RUT,2026-06-18,2355.0,Put,1.35,1.85,3.3,80.0,0.0
^RUT,2026-06-18,2360.0,Call,243.9,250.2,158.34,1.0,2.0
^RUT,2026-06-18,2360.0,Put,1.4,1.9,2.51,2.0,0.0
^RUT,2026-06-18,2365.0,Call,526.6,550.6,437.29,36.0,0.0
^RUT,2026-06-18,2365.0,Put,1.55,2.05,3.24,1.0,0.0
^RUT,2026-06-18,2370.0,Call,521.4,545.4,498.41,2.0,0.0
^RUT,2026-06-18,2370.0,Put,1.5,2.0,2.05,1.0,0.0
^RUT,2026-06-18,2375.0,Put,1.55,2.05,3.6,67.0,0.0
^RUT,2026-06-18,2380.0,Call,413.3,416.9,229.74,2.0,11.0
^RUT,2026-06-18,2380.0,Put,1.6,2.1,2.8,3.0,0.0
^RUT,2026-06-18,2385.0,Put,1.65,2.15,7.02,69.0,0.0
^RUT,2026-06-18,2390.0,Call,0.0,0.0,201.1,1.0,0.0
^RUT,2026-06-18,2390.0,Put,1.8,2.3,3.2,1.0,0.0
^RUT,2026-06-18,2395.0,Put,1.85,2.4,2.57,1.0,0.0
^RUT,2026-06-18,2400.0,Call,491.8,515.8,383.1,1.0,0.0
^RUT,2026-06-18,2400.0,Put,1.8,2.3,1.94,5.0,0.0
^RUT,2026-06-18,2405.0,Call,487.1,511.1,413.6,18.0,0.0
^RUT,2026-06-18,2405.0,Put,1.95,2.5,4.37,2.0,0.0
^RUT,2026-06-18,2410.0,Call,482.2,506.2,459.85,1.0,0.0
^RUT,2026-06-18,2410.0,Put,1.9,2.45,4.0,1.0,0.0
^RUT,2026-06-18,2415.0,Put,1.95,2.5,2.75,1.0,0.0
^RUT,2026-06-18,2420.0,Call,472.1,496.1,393.85,1.0,0.0
^RUT,2026-06-18,2420.0,Put,2.05,2.55,3.08,3.0,0.0
^RUT,2026-06-18,2425.0,Put,2.1,2.65,3.27,4.0,0.0
^RUT,2026-06-18,2430.0,Call,462.3,486.3,384.73,2.0,0.0
^RUT,2026-06-18,2430.0,Put,2.15,2.7,3.2,1.0,0.0
^RUT,2026-06-18,2435.0,Put,2.25,2.8,3.4,24.0,0.0
^RUT,2026-06-18,2440.0,Call,452.5,476.5,340.38,2.0,0.0
^RUT,2026-06-18,2440.0,Put,2.45,3.1,4.1,2.0,0.0
^RUT,2026-06-18,2445.0,Put,2.35,2.95,3.5,48.0,0.0
^RUT,2026-06-18,2450.0,Call,442.9,466.9,348.25,,0.0
^RUT,2026-06-18,2450.0,Put,2.6,3.2,3.84,7.0,0.0
^RUT,2026-06-18,2455.0,Call,438.0,462.0,347.45,,0.0
^RUT,2026-06-18,2455.0,Put,2.7,3.3,6.95,30.0,0.0
^RUT,2026-06-18,2460.0,Call,433.1,457.1,343.01,,0.0
^RUT,2026-06-18,2460.0,Put,2.6,3.2,2.68,3.0,0.0
^RUT,2026-06-18,2465.0,Put,2.7,3.3,3.95,1.0,0.0
^RUT,2026-06-18,2470.0,Call,328.2,331.6,226.22,1.0,281.0
^RUT,2026-06-18,2470.0,Put,2.8,3.4,6.3,60.0,0.0
^RUT,2026-06-18,2475.0,Put,3.0,3.7,12.12,1.0,0.0
^RUT,2026-06-18,2480.0,Call,413.3,437.3,341.9,3.0,0.0
^RUT,2026-06-18,2480.0,Put,2.95,3.6,4.3,1.0,0.0
^RUT,2026-06-18,2485.0,Put,3.0,3.7,4.13,2.0,0.0
^RUT,2026-06-18,2490.0,Call,403.8,427.8,383.2,,0.0
^RUT,2026-06-18,2490.0,Put,3.1,3.8,4.7,1.0,0.0
^RUT,2026-06-18,2495.0,Call,398.7,422.7,272.0,,0.0
^RUT,2026-06-18,2495.0,Put,3.4,4.2,5.25,10.0,0.0
^RUT,2026-06-18,2500.0,Call,394.1,418.1,293.72,1.0,0.0
^RUT,2026-06-18,2500.0,Put,3.6,4.3,4.96,37.0,0.0
^RUT,2026-06-18,2505.0,Put,3.7,4.4,5.6,57.0,0.0
^RUT,2026-06-18,2510.0,Call,384.1,408.1,311.83,3.0,0.0
^RUT,2026-06-18,2510.0,Put,3.8,4.6,5.65,60.0,0.0
^RUT,2026-06-18,2515.0,Put,3.9,4.7,5.57,44.0,0.0
^RUT,2026-06-18,2520.0,Call,374.4,398.4,332.9,1.0,0.0
^RUT,2026-06-18,2520.0,Put,4.1,4.9,6.03,33.0,0.0
^RUT,2026-06-18,2525.0,Call,369.5,393.5,340.91,8.0,0.0
^RUT,2026-06-18,2525.0,Put,4.0,4.8,5.95,30.0,0.0
^RUT,2026-06-18,2530.0,Call,364.7,388.7,246.3,1.0,0.0
^RUT,2026-06-18,2530.0,Put,4.4,5.2,6.62,295.0,0.0
^RUT,2026-06-18,2535.0,Put,4.3,5.1,6.4,27.0,0.0
^RUT,2026-06-18,2540.0,Call,355.0,379.0,284.65,2.0,0.0
^RUT,2026-06-18,2540.0,Put,4.7,5.5,7.02,200.0,0.0
^RUT,2026-06-18,2545.0,Call,350.2,374.2,244.38,1.0,0.0
^RUT,2026-06-18,2545.0,Put,4.6,5.4,6.4,2.0,0.0
^RUT,2026-06-18,2550.0,Call,345.4,369.4,319.0,3.0,0.0
^RUT,2026-06-18,2550.0,Put,5.0,5.9,7.48,53.0,0.0
^RUT,2026-06-18,2555.0,Put,4.9,5.8,7.17,82.0,0.0
^RUT,2026-06-18,2560.0,Call,335.8,359.8,338.6,1.0,0.0
^RUT,2026-06-18,2560.0,Put,5.1,5.9,6.95,1.0,0.0
^RUT,2026-06-18,2565.0,Call,331.0,355.0,318.24,1.0,0.0
^RUT,2026-06-18,2565.0,Put,5.6,6.4,7.9,14.0,0.0
^RUT,2026-06-18,2570.0,Call,326.2,350.2,329.45,1.0,0.0
^RUT,2026-06-18,2570.0,Put,5.8,6.7,8.74,38.0,0.0
^RUT,2026-06-18,2575.0,Call,321.4,345.4,246.43,4.0,0.0
^RUT,2026-06-18,2575.0,Put,5.7,6.6,7.91,41.0,0.0
^RUT,2026-06-18,2580.0,Call,317.1,341.1,224.8,,0.0
^RUT,2026-06-18,2580.0,Put,6.2,7.1,9.3,47.0,0.0
^RUT,2026-06-18,2585.0,Call,312.3,336.3,220.5,,0.0
^RUT,2026-06-18,2585.0,Put,6.1,7.0,8.95,50.0,0.0
^RUT,2026-06-18,2590.0,Call,307.6,331.6,216.3,,0.0
^RUT,2026-06-18,2590.0,Put,6.7,7.6,9.96,22.0,0.0
^RUT,2026-06-18,2595.0,Call,302.8,326.8,247.54,,0.0
^RUT,2026-06-18,2595.0,Put,6.6,7.5,10.1,1.0,0.0
^RUT,2026-06-18,2600.0,Call,297.7,321.7,299.7,2.0,0.0
^RUT,2026-06-18,2600.0,Put,7.4,8.1,7.0,4.0,0.0
^RUT,2026-06-18,2605.0,Call,292.9,316.9,249.31,2.0,0.0
^RUT,2026-06-18,2605.0,Put,7.5,8.4,11.07,8.0,0.0
^RUT,2026-06-18,2610.0,Call,288.2,312.2,196.08,2.0,0.0
^RUT,2026-06-18,2610.0,Put,7.4,8.3,10.75,231.0,0.0
^RUT,2026-06-18,2615.0,Call,283.5,307.5,286.02,1.0,0.0
^RUT,2026-06-18,2615.0,Put,7.7,8.6,11.54,2.0,0.0
^RUT,2026-06-18,2620.0,Call,278.8,302.8,211.36,4.0,0.0
^RUT,2026-06-18,2620.0,Put,8.3,9.3,12.12,21.0,0.0
^RUT,2026-06-18,2625.0,Call,274.2,298.2,204.12,2.0,0.0
^RUT,2026-06-18,2625.0,Put,8.3,9.2,11.1,1.0,0.0
^RUT,2026-06-18,2630.0,Call,270.0,294.0,255.44,10.0,0.0
^RUT,2026-06-18,2630.0,Put,8.6,9.5,12.41,4.0,0.0
^RUT,2026-06-18,2635.0,Call,264.8,288.8,235.48,1.0,0.0
^RUT,2026-06-18,2635.0,Put,9.3,10.3,20.25,3.0,0.0
^RUT,2026-06-18,2640.0,Call,260.2,284.2,197.35,6.0,0.0
^RUT,2026-06-18,2640.0,Put,9.7,10.6,10.8,1.0,0.0
^RUT,2026-06-18,2645.0,Call,256.1,280.1,193.05,,0.0
^RUT,2026-06-18,2645.0,Put,10.0,11.0,14.63,1.0,0.0
^RUT,2026-06-18,2650.0,Call,251.5,275.5,191.11,1.0,0.0
^RUT,2026-06-18,2650.0,Put,10.0,10.9,9.67,3.0,0.0
^RUT,2026-06-18,2655.0,Call,246.4,270.4,192.36,1.0,0.0
^RUT,2026-06-18,2655.0,Put,10.8,11.8,10.16,1.0,0.0
^RUT,2026-06-18,2660.0,Call,242.3,266.3,228.51,10.0,0.0
^RUT,2026-06-18,2660.0,Put,10.8,11.7,15.64,42.0,0.0
^RUT,2026-06-18,2665.0,Call,237.2,261.2,145.95,4.0,0.0
^RUT,2026-06-18,2665.0,Put,11.6,12.7,16.93,11.0,0.0
^RUT,2026-06-18,2670.0,Call,232.7,256.7,161.18,1.0,0.0
^RUT,2026-06-18,2670.0,Put,12.1,13.1,17.04,15.0,0.0
^RUT,2026-06-18,2675.0,Call,228.7,252.7,170.43,1.0,0.0
^RUT,2026-06-18,2675.0,Put,12.0,13.1,16.19,5.0,0.0
^RUT,2026-06-18,2680.0,Call,224.2,248.2,158.0,,0.0
^RUT,2026-06-18,2680.0,Put,13.0,14.1,18.24,5.0,0.0
^RUT,2026-06-18,2685.0,Call,219.1,243.1,207.76,2.0,0.0
^RUT,2026-06-18,2685.0,Put,13.0,14.0,17.7,3.0,0.0
^RUT,2026-06-18,2690.0,Call,214.6,238.6,129.98,10.0,0.0
^RUT,2026-06-18,2690.0,Put,14.0,15.1,18.76,20.0,0.0
^RUT,2026-06-18,2695.0,Call,210.2,234.2,157.08,4.0,0.0
^RUT,2026-06-18,2695.0,Put,14.0,15.1,13.1,1.0,0.0
^RUT,2026-06-18,2700.0,Call,205.7,229.7,158.4,4.0,0.0
^RUT,2026-06-18,2700.0,Put,14.5,15.6,14.1,15.0,0.0
^RUT,2026-06-18,2705.0,Call,201.3,225.3,181.63,4.0,0.0
^RUT,2026-06-18,2705.0,Put,15.6,16.8,20.87,1.0,0.0
^RUT,2026-06-18,2710.0,Call,200.2,223.8,185.04,6.0,0.0
^RUT,2026-06-18,2710.0,Put,15.7,16.8,22.79,58.0,0.0
^RUT,2026-06-18,2715.0,Call,196.5,212.5,184.96,1.0,0.0
^RUT,2026-06-18,2715.0,Put,16.3,17.4,22.6,25.0,0.0
^RUT,2026-06-18,2720.0,Call,192.2,208.2,175.48,1.0,0.0
^RUT,2026-06-18,2720.0,Put,16.9,18.0,23.5,48.0,0.0
^RUT,2026-06-18,2725.0,Call,188.5,204.5,115.69,24.0,0.0
^RUT,2026-06-18,2725.0,Put,17.6,18.7,23.14,14.0,0.0
^RUT,2026-06-18,2730.0,Call,183.5,199.5,77.0,20.0,0.0
^RUT,2026-06-18,2730.0,Put,18.8,20.0,33.1,5.0,0.0
^RUT,2026-06-18,2735.0,Call,179.9,195.9,132.26,24.0,0.0
^RUT,2026-06-18,2735.0,Put,19.5,20.7,37.08,2.0,0.0
^RUT,2026-06-18,2740.0,Call,175.0,191.0,152.48,2.0,0.0
^RUT,2026-06-18,2740.0,Put,19.6,20.8,26.68,24.0,0.0
^RUT,2026-06-18,2745.0,Call,171.5,187.5,91.0,,0.0
^RUT,2026-06-18,2745.0,Put,20.4,21.5,26.58,55.0,0.0
^RUT,2026-06-18,2750.0,Call,166.5,182.5,152.0,11.0,0.0
^RUT,2026-06-18,2750.0,Put,21.8,23.0,28.85,53.0,0.0
^RUT,2026-06-18,2755.0,Call,163.1,179.1,104.68,2.0,0.0
^RUT,2026-06-18,2755.0,Put,22.6,23.8,29.4,2.0,0.0
^RUT,2026-06-18,2760.0,Call,165.3,168.3,105.8,1.0,0.0
^RUT,2026-06-18,2760.0,Put,22.8,24.0,31.85,125.0,0.0
^RUT,2026-06-18,2765.0,Call,160.5,163.3,73.83,1.0,0.0
^RUT,2026-06-18,2765.0,Put,23.7,24.8,31.3,1.0,0.0
^RUT,2026-06-18,2770.0,Call,157.2,160.0,100.1,1.0,0.0
^RUT,2026-06-18,2770.0,Put,25.2,26.5,35.49,35.0,0.0
^RUT,2026-06-18,2775.0,Call,152.5,155.3,132.4,12.0,0.0
^RUT,2026-06-18,2775.0,Put,26.2,27.4,33.62,3.0,0.0
^RUT,2026-06-18,2780.0,Call,149.2,152.0,90.21,2.0,0.0
^RUT,2026-06-18,2780.0,Put,26.5,27.7,36.8,96.0,0.0
^RUT,2026-06-18,2785.0,Call,145.3,148.0,63.7,,0.0
^RUT,2026-06-18,2785.0,Put,27.5,28.7,36.69,7.0,0.0
^RUT,2026-06-18,2790.0,Call,140.6,143.2,112.29,1.0,0.0
^RUT,2026-06-18,2790.0,Put,28.6,29.8,39.85,6.0,0.0
^RUT,2026-06-18,2795.0,Call,137.5,140.2,65.9,11.0,0.0
^RUT,2026-06-18,2795.0,Put,30.4,31.6,61.88,1.0,0.0
^RUT,2026-06-18,2800.0,Call,133.6,136.3,80.2,9.0,0.0
^RUT,2026-06-18,2800.0,Put,31.5,32.8,43.32,4.0,0.0
^RUT,2026-06-18,2805.0,Call,129.9,132.4,97.23,2.0,0.0
^RUT,2026-06-18,2805.0,Put,32.7,34.0,67.59,3.0,0.0
^RUT,2026-06-18,2810.0,Call,126.1,128.7,86.7,5.0,0.0
^RUT,2026-06-18,2810.0,Put,33.2,34.4,45.82,12.0,0.0
^RUT,2026-06-18,2815.0,Call,121.7,124.1,103.87,1.0,0.0
^RUT,2026-06-18,2815.0,Put,34.4,35.7,46.5,1.0,0.0
^RUT,2026-06-18,2820.0,Call,118.9,121.3,94.75,22.0,0.0
^RUT,2026-06-18,2820.0,Put,35.7,37.0,45.42,5.0,0.0
^RUT,2026-06-18,2825.0,Call,115.3,117.5,68.3,1.0,0.0
^RUT,2026-06-18,2825.0,Put,37.1,38.4,44.35,1.0,0.0
^RUT,2026-06-18,2830.0,Call,111.0,113.2,90.25,3.0,0.0
^RUT,2026-06-18,2830.0,Put,38.5,39.8,52.72,20.0,0.0
^RUT,2026-06-18,2835.0,Call,107.5,109.6,83.7,4.0,0.0
^RUT,2026-06-18,2835.0,Put,40.8,42.1,105.95,6.0,0.0
^RUT,2026-06-18,2840.0,Call,104.6,106.8,76.61,1.0,0.0
^RUT,2026-06-18,2840.0,Put,42.3,43.7,55.08,3.0,0.0
^RUT,2026-06-18,2845.0,Call,101.6,103.5,86.55,1.0,0.0
^RUT,2026-06-18,2845.0,Put,44.0,45.2,85.07,2.0,0.0
^RUT,2026-06-18,2850.0,Call,98.3,100.1,70.29,2.0,0.0
^RUT,2026-06-18,2850.0,Put,45.6,46.8,58.31,33.0,0.0
^RUT,2026-06-18,2855.0,Call,94.1,95.8,73.14,3.0,0.0
^RUT,2026-06-18,2855.0,Put,46.3,47.7,58.7,3.0,0.0
^RUT,2026-06-18,2860.0,Call,91.5,93.4,73.31,7.0,0.0
^RUT,2026-06-18,2860.0,Put,48.1,49.4,63.24,99.0,0.0
^RUT,2026-06-18,2865.0,Call,88.7,90.3,70.21,1.0,0.0
^RUT,2026-06-18,2865.0,Put,50.0,51.2,65.47,136.0,0.0
^RUT,2026-06-18,2870.0,Call,85.6,87.1,70.69,7.0,0.0
^RUT,2026-06-18,2870.0,Put,52.7,54.0,70.23,1.0,0.0
^RUT,2026-06-18,2875.0,Call,82.5,84.0,46.47,1.0,0.0
^RUT,2026-06-18,2875.0,Put,53.7,55.0,67.0,43.0,0.0
^RUT,2026-06-18,2880.0,Call,78.5,80.0,62.66,39.0,0.0
^RUT,2026-06-18,2880.0,Put,56.6,57.9,72.2,2.0,0.0
^RUT,2026-06-18,2885.0,Call,76.7,78.1,62.82,2.0,0.0
^RUT,2026-06-18,2885.0,Put,58.6,60.0,101.2,,0.0
^RUT,2026-06-18,2890.0,Call,72.6,74.2,59.45,5.0,0.0
^RUT,2026-06-18,2890.0,Put,59.9,61.2,79.05,1.0,0.0
^RUT,2026-06-18,2895.0,Call,71.1,72.4,26.13,1.0,0.0
^RUT,2026-06-18,2895.0,Put,62.1,63.4,79.2,3.0,0.0
^RUT,2026-06-18,2900.0,Call,67.1,68.6,74.48,1.0,0.0
^RUT,2026-06-18,2900.0,Put,64.3,65.6,81.56,2.0,0.0
^RUT,2026-06-18,2905.0,Call,64.8,66.1,52.83,1.0,0.0
^RUT,2026-06-18,2905.0,Put,66.7,68.0,83.3,1.0,0.0
^RUT,2026-06-18,2910.0,Call,62.2,63.5,44.05,5.0,0.0
^RUT,2026-06-18,2910.0,Put,70.0,71.3,106.2,2.0,0.0
^RUT,2026-06-18,2915.0,Call,59.7,61.0,36.1,1.0,0.0
^RUT,2026-06-18,2915.0,Put,71.6,73.1,142.75,1.0,0.0
^RUT,2026-06-18,2920.0,Call,57.9,59.3,46.55,1.0,0.0
^RUT,2026-06-18,2920.0,Put,75.0,76.3,124.66,,0.0
^RUT,2026-06-18,2925.0,Call,54.8,56.1,42.96,3.0,0.0
^RUT,2026-06-18,2925.0,Put,76.7,78.0,126.8,1.0,0.0
^RUT,2026-06-18,2930.0,Call,52.2,53.7,42.31,2.0,0.0
^RUT,2026-06-18,2930.0,Put,79.3,80.7,97.3,11.0,0.0
^RUT,2026-06-18,2935.0,Call,51.2,52.5,22.61,25.0,0.0
^RUT,2026-06-18,2935.0,Put,82.0,83.4,96.4,5.0,0.0
^RUT,2026-06-18,2940.0,Call,48.8,50.2,37.87,50.0,0.0
^RUT,2026-06-18,2940.0,Put,84.8,86.3,124.28,1.0,0.0
^RUT,2026-06-18,2945.0,Call,45.7,47.2,36.6,11.0,0.0
^RUT,2026-06-18,2945.0,Put,87.6,89.1,107.88,1.0,0.0
^RUT,2026-06-18,2950.0,Call,44.8,46.0,35.65,2.0,0.0
^RUT,2026-06-18,2950.0,Put,91.4,93.0,210.2,,0.0
^RUT,2026-06-18,2955.0,Call,42.8,44.1,33.62,105.0,0.0
^RUT,2026-06-18,2955.0,Put,93.4,95.2,141.26,6.0,0.0
^RUT,2026-06-18,2960.0,Call,40.9,42.1,32.44,31.0,0.0
^RUT,2026-06-18,2960.0,Put,96.6,98.3,119.87,3.0,0.0
^RUT,2026-06-18,2965.0,Call,39.0,40.2,29.89,50.0,0.0
^RUT,2026-06-18,2965.0,Put,99.6,101.4,142.35,1.0,0.0
^RUT,2026-06-18,2970.0,Call,36.4,37.6,28.1,42.0,0.0
^RUT,2026-06-18,2970.0,Put,102.8,104.7,125.65,3.0,0.0
^RUT,2026-06-18,2975.0,Call,35.5,36.7,28.05,1.0,0.0
^RUT,2026-06-18,2975.0,Put,105.9,108.0,129.35,5.0,0.0
^RUT,2026-06-18,2980.0,Call,33.0,34.2,25.2,23.0,0.0
^RUT,2026-06-18,2980.0,Put,109.1,111.4,135.52,3.0,0.0
^RUT,2026-06-18,2985.0,Call,32.2,33.4,21.65,5.0,0.0
^RUT,2026-06-18,2985.0,Put,112.4,114.9,136.61,1.0,0.0
^RUT,2026-06-18,2990.0,Call,29.8,31.0,24.52,15.0,0.0
^RUT,2026-06-18,2990.0,Put,115.8,118.4,198.53,3.0,0.0
^RUT,2026-06-18,2995.0,Call,29.1,30.4,16.09,1.0,0.0
^RUT,2026-06-18,2995.0,Put,119.3,121.8,144.15,1.0,0.0
^RUT,2026-06-18,3000.0,Call,27.7,28.9,21.85,12.0,0.0
^RUT,2026-06-18,3000.0,Put,122.9,125.4,150.07,2.0,0.0
^RUT,2026-06-18,3005.0,Call,26.3,27.5,19.93,39.0,0.0
^RUT,2026-06-18,3005.0,Put,126.3,129.1,206.89,,0.0
^RUT,2026-06-18,3010.0,Call,24.9,26.0,20.1,144.0,0.0
^RUT,2026-06-18,3010.0,Put,130.0,132.6,154.02,4.0,0.0
^RUT,2026-06-18,3015.0,Call,22.8,24.1,8.93,20.0,0.0
^RUT,2026-06-18,3020.0,Call,21.6,22.8,3.51,6.0,0.0
^RUT,2026-06-18,3020.0,Put,137.4,140.1,224.82,1.0,0.0
^RUT,2026-06-18,3025.0,Call,21.2,22.4,17.2,10.0,0.0
^RUT,2026-06-18,3025.0,Put,141.2,144.0,164.08,,0.0
^RUT,2026-06-18,3030.0,Call,20.0,21.1,23.17,3.0,0.0
^RUT,2026-06-18,3030.0,Put,145.0,147.8,225.23,2.0,0.0
^RUT,2026-06-18,3035.0,Call,18.3,19.4,14.75,25.0,0.0
^RUT,2026-06-18,3035.0,Put,148.9,151.8,169.64,,0.0
^RUT,2026-06-18,3040.0,Call,17.2,18.3,2.93,1.0,0.0
^RUT,2026-06-18,3040.0,Put,152.9,155.8,185.21,1.0,0.0
^RUT,2026-06-18,3045.0,Call,16.2,17.3,11.5,74.0,0.0
^RUT,2026-06-18,3045.0,Put,157.4,160.4,258.41,,0.0
^RUT,2026-06-18,3050.0,Call,15.3,16.5,12.8,85.0,0.0
^RUT,2026-06-18,3050.0,Put,263.3,266.2,341.49,10.0,4.0
^RUT,2026-06-18,3055.0,Call,14.4,15.6,10.37,2.0,0.0
^RUT,2026-06-18,3060.0,Call,14.2,15.3,12.43,5.0,0.0
^RUT,2026-06-18,3065.0,Call,13.3,14.4,5.5,5.0,0.0
^RUT,2026-06-18,3070.0,Call,12.6,13.7,14.88,3.0,0.0
^RUT,2026-06-18,3075.0,Call,11.8,13.0,10.51,1.0,0.0
^RUT,2026-06-18,3075.0,Put,175.2,191.2,222.73,1.0,0.0
^RUT,2026-06-18,3080.0,Call,10.6,11.7,7.77,20.0,0.0
^RUT,2026-06-18,3085.0,Call,10.0,11.0,4.0,4.0,0.0
^RUT,2026-06-18,3090.0,Call,9.3,10.4,6.57,1.0,0.0
^RUT,2026-06-18,3095.0,Call,9.3,10.3,7.1,7.0,0.0
^RUT,2026-06-18,3100.0,Call,8.7,9.8,10.79,1.0,0.0
^RUT,2026-06-18,3105.0,Call,8.2,9.2,3.8,5.0,0.0
^RUT,2026-06-18,3110.0,Call,7.3,8.3,3.29,5.0,0.0
^RUT,2026-06-18,3115.0,Call,6.8,7.8,4.9,1.0,0.0
^RUT,2026-06-18,3120.0,Call,6.8,7.8,2.27,3.0,0.0
^RUT,2026-06-18,3125.0,Call,6.4,7.4,8.03,1.0,0.0
^RUT,2026-06-18,3130.0,Call,5.6,6.6,2.23,1.0,0.0
^RUT,2026-06-18,3135.0,Call,5.3,6.2,5.83,1.0,0.0
^RUT,2026-06-18,3140.0,Call,5.3,6.2,3.79,3.0,0.0
^RUT,2026-06-18,3145.0,Call,4.9,5.9,4.0,16.0,0.0
^RUT,2026-06-18,3150.0,Call,4.4,5.2,4.12,30.0,0.0
^RUT,2026-06-18,3150.0,Put,1004.0,1028.0,1222.2,3.0,4.0
^RUT,2026-06-18,3155.0,Call,4.4,5.3,3.68,29.0,0.0
^RUT,2026-06-18,3160.0,Call,3.8,4.7,3.72,23.0,0.0
^RUT,2026-06-18,3165.0,Call,3.9,4.7,4.02,17.0,0.0
^RUT,2026-06-18,3170.0,Call,3.4,4.2,2.81,6.0,0.0
^RUT,2026-06-18,3175.0,Call,3.4,4.2,3.26,19.0,0.0
^RUT,2026-06-18,3180.0,Call,3.2,4.1,3.03,9.0,0.0
^RUT,2026-06-18,3200.0,Call,2.5,3.3,2.35,5.0,0.0
^RUT,2026-06-18,3200.0,Put,1051.0,1075.0,1269.3,,5.0
^RUT,2026-06-18,3250.0,Call,1.45,2.05,1.52,24.0,0.0
^RUT,2026-06-18,3250.0,Put,1098.0,1122.0,1315.1,,1.0
^RUT,2026-06-18,3300.0,Call,0.85,1.35,0.97,11.0,0.0
^RUT,2026-06-18,3300.0,Put,1145.0,1169.0,1418.5,,1.0
^RUT,2026-06-18,3350.0,Call,0.5,0.95,0.64,2.0,0.0
^RUT,2026-06-18,3350.0,Put,845.5,865.5,795.59,85.0,13.0
^RUT,2026-06-18,3400.0,Call,0.25,0.95,0.22,1.0,0.0
^RUT,2026-06-18,3400.0,Put,893.1,913.1,842.56,85.0,13.0
^RUT,2026-06-18,3450.0,Call,0.15,0.6,0.3,2.0,0.0
^RUT,2026-06-18,3450.0,Put,1287.0,1311.0,1519.9,,1.0
^RUT,2026-06-18,3500.0,Call,0.0,1.3,0.47,3.0,0.0
^RUT,2026-06-18,3550.0,Call,0.05,0.45,0.1,,0.0
^RUT,2026-06-18,3550.0,Put,1062.8,1083.0,1024.0,1.0,1.0
^RUT,2026-06-18,3600.0,Call,0.05,1.1,0.15,49.0,0.0
^RUT,2026-06-18,3600.0,Put,1110.7,1130.3,1072.28,1.0,0.0
^RUT,2026-06-18,3650.0,Call,0.0,0.4,0.1,10.0,0.0
^RUT,2026-06-18,3700.0,Call,0.0,0.35,0.1,1.0,0.0
^RUT,2026-06-18,3750.0,Call,0.0,0.35,0.1,65.0,0.0
^RUT,2026-06-18,3800.0,Call,0.0,0.3,0.1,10.0,0.0
^RUT,2026-06-18,3850.0,Call,0.0,0.3,0.1,,0.0
^RUT,2026-06-18,3900.0,Call,0.0,0.35,0.1,10.0,0.0
^RUT,2026-06-18,3950.0,Call,0.0,0.35,0.1,10.0,0.0
^RUT,2026-06-18,4000.0,Call,0.0,0.35,0.1,5.0,0.0
^RUT,2026-06-18,4050.0,Call,0.0,0.3,0.1,15.0,0.0
^RUT,2026-06-26,2200.0,Put,1.15,1.7,4.3,,0.0
^RUT,2026-06-26,2225.0,Put,1.3,1.9,4.5,1.0,0.0
^RUT,2026-06-26,2245.0,Put,1.45,2.05,5.1,,0.0
^RUT,2026-06-26,2250.0,Put,1.5,2.1,2.55,,0.0
^RUT,2026-06-26,2260.0,Put,1.6,2.2,5.1,1.0,0.0
^RUT,2026-06-26,2275.0,Put,1.7,2.3,4.56,2700.0,0.0
^RUT,2026-06-26,2285.0,Put,1.8,2.4,3.45,1.0,0.0
^RUT,2026-06-26,2290.0,Put,1.85,2.45,3.76,,0.0
^RUT,2026-06-26,2295.0,Put,1.9,2.5,3.44,,0.0
^RUT,2026-06-26,2300.0,Put,1.95,2.55,6.6,,0.0
^RUT,2026-06-26,2325.0,Put,2.25,2.85,2.87,2.0,0.0
^RUT,2026-06-26,2330.0,Put,2.3,2.95,6.55,,0.0
^RUT,2026-06-26,2340.0,Put,2.4,3.1,4.9,,0.0
^RUT,2026-06-26,2350.0,Put,2.55,3.2,3.4,1.0,0.0
^RUT,2026-06-26,2355.0,Put,2.6,3.3,3.7,4.0,0.0
^RUT,2026-06-26,2365.0,Put,2.75,3.5,7.41,2.0,0.0
^RUT,2026-06-26,2370.0,Put,2.85,3.5,3.82,4.0,0.0
^RUT,2026-06-26,2375.0,Put,2.9,3.6,8.08,,0.0
^RUT,2026-06-26,2380.0,Put,3.0,3.7,9.25,,0.0
^RUT,2026-06-26,2385.0,Put,3.0,3.8,9.49,,0.0
^RUT,2026-06-26,2390.0,Put,3.1,3.9,5.92,1.0,0.0
^RUT,2026-06-26,2395.0,Put,3.2,4.0,9.57,,0.0
^RUT,2026-06-26,2400.0,Put,3.3,4.1,6.54,20.0,0.0
^RUT,2026-06-26,2405.0,Put,3.4,4.2,10.9,,0.0
^RUT,2026-06-26,2410.0,Put,3.5,4.3,11.18,9.0,0.0
^RUT,2026-06-26,2415.0,Put,3.6,4.4,7.2,1.0,0.0
^RUT,2026-06-26,2420.0,Put,3.7,4.5,5.0,1.0,0.0
^RUT,2026-06-26,2425.0,Put,3.8,4.6,6.14,,0.0
^RUT,2026-06-26,2430.0,Put,3.9,4.7,9.96,12.0,0.0
^RUT,2026-06-26,2435.0,Put,4.0,4.8,10.22,,0.0
^RUT,2026-06-26,2440.0,Put,4.1,5.0,10.87,6.0,0.0
^RUT,2026-06-26,2445.0,Put,4.2,5.1,12.46,26.0,0.0
^RUT,2026-06-26,2450.0,Call,446.1,470.1,380.35,,0.0
^RUT,2026-06-26,2450.0,Put,4.3,5.2,5.75,1.0,0.0
^RUT,2026-06-26,2455.0,Call,441.3,465.3,375.71,,0.0
^RUT,2026-06-26,2455.0,Put,4.5,5.3,10.3,12.0,0.0
^RUT,2026-06-26,2460.0,Put,4.6,5.5,9.46,4.0,0.0
^RUT,2026-06-26,2465.0,Put,4.7,5.6,6.52,4.0,0.0
^RUT,2026-06-26,2470.0,Put,4.8,5.8,6.88,1.0,0.0
^RUT,2026-06-26,2475.0,Put,5.0,5.9,8.2,2.0,0.0
^RUT,2026-06-26,2480.0,Put,5.1,6.1,10.41,,0.0
^RUT,2026-06-26,2485.0,Put,5.3,6.3,14.7,1.0,0.0
^RUT,2026-06-26,2495.0,Put,5.6,6.6,8.01,20.0,0.0
^RUT,2026-06-26,2500.0,Call,397.8,421.8,257.31,,0.0
^RUT,2026-06-26,2500.0,Put,5.8,6.8,8.22,81.0,0.0
^RUT,2026-06-26,2505.0,Put,6.0,7.0,11.18,2.0,0.0
^RUT,2026-06-26,2510.0,Put,6.1,7.2,15.9,7.0,0.0
^RUT,2026-06-26,2515.0,Put,6.3,7.4,17.65,2.0,0.0
^RUT,2026-06-26,2520.0,Put,6.5,7.6,14.06,1.0,0.0
^RUT,2026-06-26,2525.0,Put,6.7,7.8,10.85,5.0,0.0
^RUT,2026-06-26,2530.0,Put,6.9,8.0,8.9,16.0,0.0
^RUT,2026-06-26,2535.0,Put,7.2,8.2,9.15,16.0,0.0
^RUT,2026-06-26,2540.0,Put,7.4,8.5,12.27,1.0,0.0
^RUT,2026-06-26,2545.0,Put,7.6,8.7,10.4,1.0,0.0
^RUT,2026-06-26,2550.0,Put,7.9,8.9,12.2,4.0,0.0
^RUT,2026-06-26,2555.0,Put,8.1,9.2,11.09,1.0,0.0
^RUT,2026-06-26,2560.0,Put,8.4,9.5,11.0,4.0,0.0
^RUT,2026-06-26,2565.0,Put,8.7,9.7,11.9,2.0,0.0
^RUT,2026-06-26,2570.0,Put,8.9,10.0,12.72,2.0,0.0
^RUT,2026-06-26,2575.0,Put,9.2,10.3,11.75,3.0,0.0
^RUT,2026-06-26,2580.0,Put,9.5,10.6,12.92,1.0,0.0
^RUT,2026-06-26,2585.0,Put,9.8,11.0,13.31,1.0,0.0
^RUT,2026-06-26,2590.0,Put,10.1,11.3,13.03,5.0,0.0
^RUT,2026-06-26,2595.0,Put,10.5,11.6,13.55,2.0,0.0
^RUT,2026-06-26,2600.0,Put,10.8,12.0,17.57,2.0,0.0
^RUT,2026-06-26,2605.0,Put,11.2,12.3,25.45,2.0,0.0
^RUT,2026-06-26,2610.0,Call,294.0,318.0,252.3,,0.0
^RUT,2026-06-26,2610.0,Put,11.5,12.7,15.51,1.0,0.0
^RUT,2026-06-26,2615.0,Put,11.9,13.1,24.29,1.0,0.0
^RUT,2026-06-26,2620.0,Put,12.3,13.5,24.91,2.0,0.0
^RUT,2026-06-26,2625.0,Put,12.7,13.9,16.07,5.0,0.0
^RUT,2026-06-26,2630.0,Put,13.1,14.3,25.55,4.0,0.0
^RUT,2026-06-26,2635.0,Call,271.2,295.2,256.7,1.0,0.0
^RUT,2026-06-26,2635.0,Put,13.5,14.7,21.73,10.0,0.0
^RUT,2026-06-26,2640.0,Put,14.0,15.2,22.0,3.0,0.0
^RUT,2026-06-26,2645.0,Call,262.1,286.1,247.99,1.0,0.0
^RUT,2026-06-26,2645.0,Put,14.4,15.7,19.25,1.0,0.0
^RUT,2026-06-26,2650.0,Put,14.9,16.1,19.05,5.0,0.0
^RUT,2026-06-26,2655.0,Put,15.4,16.6,29.87,,0.0
^RUT,2026-06-26,2660.0,Put,15.9,17.1,20.2,3.0,0.0
^RUT,2026-06-26,2665.0,Put,16.4,17.7,20.8,6.0,0.0
^RUT,2026-06-26,2670.0,Put,16.9,18.2,21.6,1.0,0.0
^RUT,2026-06-26,2675.0,Put,17.5,18.8,23.1,4.0,0.0
^RUT,2026-06-26,2680.0,Put,18.0,19.4,24.82,5.0,0.0
^RUT,2026-06-26,2685.0,Put,18.6,20.0,25.57,3.0,0.0
^RUT,2026-06-26,2690.0,Put,19.2,20.6,62.67,16.0,0.0
^RUT,2026-06-26,2695.0,Put,19.9,21.2,26.13,2.0,0.0
^RUT,2026-06-26,2700.0,Call,213.4,237.4,150.4,2.0,0.0
^RUT,2026-06-26,2700.0,Put,20.5,21.8,26.38,3.0,0.0
^RUT,2026-06-26,2705.0,Call,209.1,233.1,151.41,1.0,0.0
^RUT,2026-06-26,2705.0,Put,21.2,22.5,27.76,2.0,0.0
^RUT,2026-06-26,2710.0,Call,204.8,228.8,148.32,1.0,0.0
^RUT,2026-06-26,2710.0,Put,21.9,23.2,28.55,5.0,0.0
^RUT,2026-06-26,2715.0,Call,200.6,224.6,144.83,1.0,0.0
^RUT,2026-06-26,2715.0,Put,22.6,23.9,30.71,3.0,0.0
^RUT,2026-06-26,2720.0,Call,200.2,216.1,130.34,3.0,0.0
^RUT,2026-06-26,2720.0,Put,23.3,24.7,30.05,4.0,0.0
^RUT,2026-06-26,2725.0,Call,196.1,212.1,135.97,2.0,0.0
^RUT,2026-06-26,2725.0,Put,24.1,25.4,30.78,3.0,0.0
^RUT,2026-06-26,2730.0,Call,191.9,207.9,131.48,2.0,0.0
^RUT,2026-06-26,2730.0,Put,24.9,26.2,30.2,4.0,0.0
^RUT,2026-06-26,2735.0,Call,187.7,203.7,120.93,3.0,0.0
^RUT,2026-06-26,2735.0,Put,25.6,27.1,39.54,2.0,0.0
^RUT,2026-06-26,2740.0,Call,189.9,193.1,96.9,3.0,0.0
^RUT,2026-06-26,2740.0,Put,26.5,27.9,32.03,2.0,0.0
^RUT,2026-06-26,2745.0,Call,185.8,189.0,107.7,1.0,0.0
^RUT,2026-06-26,2745.0,Put,27.3,28.8,35.25,3.0,0.0
^RUT,2026-06-26,2750.0,Call,181.7,184.9,120.66,3.0,0.0
^RUT,2026-06-26,2750.0,Put,28.2,29.7,37.94,3.0,0.0
^RUT,2026-06-26,2755.0,Call,177.7,180.8,107.0,4.0,0.0
^RUT,2026-06-26,2755.0,Put,29.1,30.6,37.79,1.0,0.0
^RUT,2026-06-26,2760.0,Call,173.7,176.8,121.0,2.0,0.0
^RUT,2026-06-26,2760.0,Put,30.1,31.5,46.5,1.0,0.0
^RUT,2026-06-26,2765.0,Call,169.7,172.7,113.7,7.0,0.0
^RUT,2026-06-26,2765.0,Put,31.1,32.5,47.22,3.0,0.0
^RUT,2026-06-26,2770.0,Call,165.7,168.6,110.43,6.0,0.0
^RUT,2026-06-26,2770.0,Put,32.1,33.5,59.89,2.0,0.0
^RUT,2026-06-26,2775.0,Call,161.8,164.7,105.5,8.0,0.0
^RUT,2026-06-26,2775.0,Put,33.1,34.6,42.64,1.0,0.0
^RUT,2026-06-26,2780.0,Call,158.0,160.9,137.9,1.0,0.0
^RUT,2026-06-26,2780.0,Put,34.2,35.7,43.35,10.0,0.0
^RUT,2026-06-26,2785.0,Call,154.1,156.9,130.8,2.0,0.0
^RUT,2026-06-26,2785.0,Put,35.3,36.8,68.11,,0.0
^RUT,2026-06-26,2790.0,Call,150.3,153.2,121.8,2.0,0.0
^RUT,2026-06-26,2790.0,Put,36.5,38.0,46.84,47.0,0.0
^RUT,2026-06-26,2795.0,Call,146.5,149.4,116.36,9.0,0.0
^RUT,2026-06-26,2795.0,Put,37.7,39.2,99.05,3.0,0.0
^RUT,2026-06-26,2800.0,Call,142.8,145.6,110.08,7.0,0.0
^RUT,2026-06-26,2800.0,Put,38.9,40.4,49.8,11.0,0.0
^RUT,2026-06-26,2805.0,Call,139.1,141.9,67.77,,0.0
^RUT,2026-06-26,2810.0,Call,135.5,138.2,117.54,4.0,0.0
^RUT,2026-06-26,2810.0,Put,41.5,43.0,52.96,3.0,0.0
^RUT,2026-06-26,2815.0,Call,131.9,134.5,114.1,3.0,0.0
^RUT,2026-06-26,2815.0,Put,42.8,44.4,56.18,10.0,0.0
^RUT,2026-06-26,2820.0,Call,128.3,130.8,93.68,,0.0
^RUT,2026-06-26,2820.0,Put,44.2,45.8,56.23,6.0,0.0
^RUT,2026-06-26,2825.0,Call,124.8,127.2,104.57,1.0,0.0
^RUT,2026-06-26,2825.0,Put,45.6,47.2,58.94,15.0,0.0
^RUT,2026-06-26,2830.0,Call,121.4,123.6,85.02,,0.0
^RUT,2026-06-26,2830.0,Put,47.1,48.7,58.8,7.0,0.0
^RUT,2026-06-26,2835.0,Put,48.7,50.2,49.0,1.0,0.0
^RUT,2026-06-26,2840.0,Call,114.6,116.9,70.34,2.0,0.0
^RUT,2026-06-26,2840.0,Put,50.3,51.8,64.5,139.0,0.0
^RUT,2026-06-26,2845.0,Call,111.3,113.4,85.93,,0.0
^RUT,2026-06-26,2845.0,Put,51.8,53.5,75.85,,0.0
^RUT,2026-06-26,2850.0,Call,108.0,110.0,82.98,3.0,0.0
^RUT,2026-06-26,2850.0,Put,53.5,55.2,62.96,1.0,0.0
^RUT,2026-06-26,2855.0,Put,55.2,56.9,68.2,2.0,0.0
^RUT,2026-06-26,2860.0,Call,101.6,103.5,83.66,4.0,0.0
^RUT,2026-06-26,2860.0,Put,57.0,58.7,76.3,2.0,0.0
^RUT,2026-06-26,2865.0,Call,98.5,100.3,79.66,1.0,0.0
^RUT,2026-06-26,2865.0,Put,58.9,60.6,73.6,2.0,0.0
^RUT,2026-06-26,2870.0,Call,95.4,97.3,77.79,21.0,0.0
^RUT,2026-06-26,2870.0,Put,60.8,62.4,76.3,1.0,0.0
^RUT,2026-06-26,2875.0,Call,92.4,94.2,52.72,11.0,0.0
^RUT,2026-06-26,2875.0,Put,62.8,64.4,108.3,6.0,0.0
^RUT,2026-06-26,2880.0,Call,89.5,91.2,60.39,2.0,0.0
^RUT,2026-06-26,2880.0,Put,64.8,66.4,77.67,30.0,0.0
^RUT,2026-06-26,2885.0,Call,86.3,88.2,57.1,3.0,0.0
^RUT,2026-06-26,2885.0,Put,66.8,68.5,97.35,1.0,0.0
^RUT,2026-06-26,2890.0,Call,83.4,85.3,60.24,1.0,0.0
^RUT,2026-06-26,2890.0,Put,68.9,70.5,146.88,,0.0
^RUT,2026-06-26,2895.0,Call,80.9,82.5,56.68,,0.0
^RUT,2026-06-26,2900.0,Call,78.2,79.9,55.78,1.0,0.0
^RUT,2026-06-26,2900.0,Put,73.3,74.9,103.91,10.0,0.0
^RUT,2026-06-26,2905.0,Call,75.5,77.1,56.6,,0.0
^RUT,2026-06-26,2905.0,Put,75.6,77.2,94.35,2.0,0.0
^RUT,2026-06-26,2910.0,Call,72.8,74.5,35.1,1.0,0.0
^RUT,2026-06-26,2910.0,Put,78.0,79.6,98.85,1.0,0.0
^RUT,2026-06-26,2915.0,Call,70.3,71.9,33.55,3.0,0.0
^RUT,2026-06-26,2920.0,Call,67.8,69.4,56.68,2.0,0.0
^RUT,2026-06-26,2920.0,Put,82.8,84.5,111.51,10.0,0.0
^RUT,2026-06-26,2925.0,Call,65.4,67.0,43.91,,0.0
^RUT,2026-06-26,2930.0,Call,63.0,64.5,52.9,1.0,0.0
^RUT,2026-06-26,2930.0,Put,88.0,89.7,117.66,10.0,0.0
^RUT,2026-06-26,2935.0,Call,60.7,62.3,14.23,2.0,0.0
^RUT,2026-06-26,2940.0,Call,58.4,60.0,37.8,3.0,0.0
^RUT,2026-06-26,2945.0,Call,56.2,57.8,28.46,25.0,0.0
^RUT,2026-06-26,2950.0,Call,54.1,55.7,22.19,2.0,0.0
^RUT,2026-06-26,2955.0,Call,52.0,53.6,33.33,1.0,0.0
^RUT,2026-06-26,2960.0,Call,50.0,51.6,37.17,1.0,0.0
^RUT,2026-06-26,2960.0,Put,104.6,106.7,126.8,,0.0
^RUT,2026-06-26,2965.0,Call,48.0,49.5,38.33,101.0,0.0
^RUT,2026-06-26,2970.0,Call,46.1,47.7,36.76,100.0,0.0
^RUT,2026-06-26,2970.0,Put,110.7,112.8,132.9,,0.0
^RUT,2026-06-26,2975.0,Call,44.2,45.7,14.31,7.0,0.0
^RUT,2026-06-26,2980.0,Call,42.4,43.9,8.8,3.0,0.0
^RUT,2026-06-26,2985.0,Call,40.7,42.2,8.35,1.0,0.0
^RUT,2026-06-26,2990.0,Call,39.0,40.5,11.9,1.0,0.0
^RUT,2026-06-26,2995.0,Call,37.3,38.8,17.68,90.0,0.0
^RUT,2026-06-26,3000.0,Call,35.7,37.2,25.67,1.0,0.0
^RUT,2026-06-26,3005.0,Call,34.2,35.6,13.85,3.0,0.0
^RUT,2026-06-26,3010.0,Call,32.7,34.1,11.35,3.0,0.0
^RUT,2026-06-26,3015.0,Call,31.3,32.7,24.83,2.0,0.0
^RUT,2026-06-26,3020.0,Call,29.8,31.4,14.07,40.0,0.0
^RUT,2026-06-26,3025.0,Call,28.5,29.9,19.17,63.0,0.0
^RUT,2026-06-26,3030.0,Call,27.2,28.7,22.0,3.0,0.0
^RUT,2026-06-26,3035.0,Call,25.9,27.3,20.55,2.0,0.0
^RUT,2026-06-26,3040.0,Call,24.7,26.2,19.6,5.0,0.0
^RUT,2026-06-26,3045.0,Call,23.5,24.9,9.8,1.0,0.0
^RUT,2026-06-26,3050.0,Call,22.4,23.9,18.74,51.0,0.0
^RUT,2026-06-26,3055.0,Call,21.3,22.8,16.87,1.0,0.0
^RUT,2026-06-26,3060.0,Call,20.3,21.7,16.5,3.0,0.0
^RUT,2026-06-26,3065.0,Call,19.3,20.6,8.26,11.0,0.0
^RUT,2026-06-26,3070.0,Call,18.3,19.7,10.6,1.0,0.0
^RUT,2026-06-26,3075.0,Call,17.4,18.7,15.86,,0.0
^RUT,2026-06-26,3080.0,Call,16.5,17.9,7.29,15.0,0.0
^RUT,2026-06-26,3085.0,Call,15.7,17.0,6.9,,0.0
^RUT,2026-06-26,3090.0,Call,14.9,16.3,8.75,18.0,0.0
^RUT,2026-06-26,3095.0,Call,14.1,15.4,7.63,11.0,0.0
^RUT,2026-06-26,3100.0,Call,13.4,14.8,9.98,20.0,0.0
^RUT,2026-06-26,3105.0,Call,12.7,14.0,9.5,20.0,0.0
^RUT,2026-06-26,3110.0,Call,12.0,13.3,9.0,,0.0
^RUT,2026-06-26,3115.0,Call,11.4,12.7,8.48,2.0,0.0
^RUT,2026-06-26,3120.0,Call,10.8,12.1,8.96,3.0,0.0
^RUT,2026-06-26,3125.0,Call,10.2,11.5,9.97,,0.0
^RUT,2026-06-26,3135.0,Call,9.2,10.4,3.83,1.0,0.0
^RUT,2026-06-26,3140.0,Call,8.7,9.9,6.9,1.0,0.0
^RUT,2026-06-26,3150.0,Call,7.8,9.0,5.14,1.0,0.0
^RUT,2026-06-26,3155.0,Call,7.4,8.5,2.15,1.0,0.0
^RUT,2026-06-26,3160.0,Call,7.0,8.1,3.1,,0.0
^RUT,2026-06-26,3165.0,Call,6.6,7.7,9.4,,0.0
^RUT,2026-06-26,3170.0,Call,6.2,7.4,5.87,10.0,0.0
^RUT,2026-06-26,3175.0,Call,5.9,7.0,5.62,10.0,0.0
^RUT,2026-06-30,1000.0,Call,1436.0,1459.7,1330.0,,2.0
^RUT,2026-06-30,1000.0,Put,0.0,0.25,0.05,6.0,0.0
^RUT,2026-06-30,1050.0,Put,0.0,0.75,1.24,8.0,13.0
^RUT,2026-06-30,1100.0,Put,0.0,5.1,0.25,1.0,8.0
^RUT,2026-06-30,1150.0,Put,0.0,0.25,0.22,40.0,0.0
^RUT,2026-06-30,1200.0,Put,0.75,1.8,1.6,2.0,0.0
^RUT,2026-06-30,1300.0,Put,0.0,0.25,0.34,12.0,0.0
^RUT,2026-06-30,1350.0,Put,0.0,0.25,0.15,1.0,0.0
^RUT,2026-06-30,1400.0,Call,0.0,0.0,1143.13,,0.0
^RUT,2026-06-30,1400.0,Put,0.0,0.3,0.5,6.0,0.0
^RUT,2026-06-30,1450.0,Call,0.0,0.0,1094.08,,0.0
^RUT,2026-06-30,1450.0,Put,0.0,0.3,0.38,1.0,0.0
^RUT,2026-06-30,1500.0,Put,0.0,0.35,0.47,1.0,0.0
^RUT,2026-06-30,1550.0,Call,0.0,0.0,997.82,1.0,0.0
^RUT,2026-06-30,1550.0,Put,0.0,0.35,0.05,15.0,0.0
^RUT,2026-06-30,1600.0,Put,13.3,16.8,28.0,,1.0
^RUT,2026-06-30,1650.0,Put,0.0,0.4,0.51,6.0,0.0
^RUT,2026-06-30,1700.0,Put,0.0,0.5,0.47,1.0,0.0
^RUT,2026-06-30,1740.0,Put,19.7,23.4,34.45,1.0,1.0
^RUT,2026-06-30,1750.0,Put,0.0,0.5,0.3,15.0,0.0
^RUT,2026-06-30,1760.0,Call,1128.1,1152.1,964.32,1.0,0.0
^RUT,2026-06-30,1760.0,Put,0.0,10.0,3.91,1.0,2.0
^RUT,2026-06-30,1770.0,Put,0.0,1.15,10.83,1.0,0.0
^RUT,2026-06-30,1780.0,Put,1.2,2.95,9.41,1.0,4.0
^RUT,2026-06-30,1790.0,Call,983.0,1006.4,669.53,1.0,1.0
^RUT,2026-06-30,1790.0,Put,1.3,3.1,12.4,,4.0
^RUT,2026-06-30,1800.0,Put,0.0,1.35,1.55,1.0,0.0
^RUT,2026-06-30,1810.0,Put,0.0,1.1,8.28,1.0,0.0
^RUT,2026-06-30,1820.0,Put,0.0,1.15,18.23,10.0,0.0
^RUT,2026-06-30,1830.0,Call,699.8,723.8,861.8,1.0,0.0
^RUT,2026-06-30,1830.0,Put,11.0,11.9,26.65,,1.0
^RUT,2026-06-30,1840.0,Put,8.6,10.4,15.8,,0.0
^RUT,2026-06-30,1850.0,Put,0.15,1.45,1.1,23.0,0.0
^RUT,2026-06-30,1860.0,Put,1.85,3.6,14.38,,2.0
^RUT,2026-06-30,1890.0,Put,0.25,0.8,1.25,,0.0
^RUT,2026-06-30,1900.0,Put,0.2,0.7,1.01,1.0,0.0
^RUT,2026-06-30,1910.0,Call,0.0,0.0,575.54,1.0,0.0
^RUT,2026-06-30,1920.0,Call,0.0,0.0,533.1,1.0,0.0
^RUT,2026-06-30,1920.0,Put,0.3,0.85,1.48,2.0,0.0
^RUT,2026-06-30,1930.0,Put,2.55,4.5,18.14,3.0,87.0
^RUT,2026-06-30,1950.0,Put,0.3,0.8,4.04,4.0,0.0
^RUT,2026-06-30,1960.0,Put,0.35,0.9,4.0,5.0,0.0
^RUT,2026-06-30,1970.0,Call,0.0,0.0,570.84,,0.0
^RUT,2026-06-30,1980.0,Put,40.2,44.1,64.0,,19.0
^RUT,2026-06-30,1990.0,Put,41.4,45.4,66.5,,4.0
^RUT,2026-06-30,2000.0,Call,690.5,712.6,626.0,1.0,0.0
^RUT,2026-06-30,2000.0,Put,0.5,1.0,1.16,2.0,0.0
^RUT,2026-06-30,2010.0,Put,14.8,15.8,20.43,1.0,4.0
^RUT,2026-06-30,2020.0,Call,491.0,513.0,297.5,3.0,2.0
^RUT,2026-06-30,2020.0,Put,43.2,44.9,53.2,2.0,6.0
^RUT,2026-06-30,2030.0,Call,483.0,504.5,305.08,2.0,0.0
^RUT,2026-06-30,2030.0,Put,0.55,1.1,5.12,1.0,0.0
^RUT,2026-06-30,2040.0,Call,475.0,495.5,345.08,2.0,3.0
^RUT,2026-06-30,2040.0,Put,0.55,1.1,3.19,4.0,0.0
^RUT,2026-06-30,2050.0,Call,467.0,488.2,317.98,6.0,3.0
^RUT,2026-06-30,2050.0,Put,0.65,1.2,5.1,1.0,0.0
^RUT,2026-06-30,2060.0,Call,496.4,512.2,402.69,2.0,2.0
^RUT,2026-06-30,2060.0,Put,22.3,23.5,54.2,,2.0
^RUT,2026-06-30,2070.0,Call,450.0,472.1,393.59,,1.0
^RUT,2026-06-30,2070.0,Put,0.9,2.5,22.3,1.0,0.0
^RUT,2026-06-30,2090.0,Put,0.8,1.3,2.8,7.0,0.0
^RUT,2026-06-30,2100.0,Call,426.0,448.2,304.58,10.0,5.0
^RUT,2026-06-30,2100.0,Put,0.85,1.4,2.25,1.0,0.0
^RUT,2026-06-30,2110.0,Call,418.0,440.2,322.19,,0.0
^RUT,2026-06-30,2110.0,Put,20.0,21.1,27.83,1.0,10.0
^RUT,2026-06-30,2120.0,Call,410.0,432.3,243.08,2.0,16.0
^RUT,2026-06-30,2120.0,Put,5.3,7.6,41.73,,10.0
^RUT,2026-06-30,2130.0,Call,0.0,0.0,351.99,2.0,0.0
^RUT,2026-06-30,2130.0,Put,0.0,10.0,14.87,1.0,2.0
^RUT,2026-06-30,2140.0,Call,750.6,774.6,662.01,1.0,0.0
^RUT,2026-06-30,2140.0,Put,1.05,1.6,3.23,10.0,0.0
^RUT,2026-06-30,2150.0,Call,740.7,764.7,658.62,2.0,0.0
^RUT,2026-06-30,2150.0,Put,1.1,1.7,3.69,6.0,0.0
^RUT,2026-06-30,2160.0,Put,0.0,10.0,15.39,12.0,14.0
^RUT,2026-06-30,2170.0,Put,1.2,1.8,3.82,31.0,0.0
^RUT,2026-06-30,2180.0,Call,372.6,379.8,228.07,,1.0
^RUT,2026-06-30,2180.0,Put,1.3,1.85,7.9,13.0,0.0
^RUT,2026-06-30,2190.0,Call,365.1,372.3,248.73,,50.0
^RUT,2026-06-30,2190.0,Put,1.35,1.95,3.93,17.0,0.0
^RUT,2026-06-30,2200.0,Call,590.0,595.7,458.32,1.0,22.0
^RUT,2026-06-30,2200.0,Put,1.45,2.0,4.6,2.0,0.0
^RUT,2026-06-30,2210.0,Call,350.3,357.4,222.22,,1.0
^RUT,2026-06-30,2210.0,Put,1.5,2.1,4.51,1.0,0.0
^RUT,2026-06-30,2220.0,Call,343.0,350.0,238.0,,10.0
^RUT,2026-06-30,2220.0,Put,1.6,2.2,6.57,17.0,0.0
^RUT,2026-06-30,2230.0,Put,1.65,2.25,3.15,1.0,0.0
^RUT,2026-06-30,2240.0,Call,326.3,331.6,287.9,1.0,6.0
^RUT,2026-06-30,2240.0,Put,1.75,2.35,4.1,35.0,0.0
^RUT,2026-06-30,2250.0,Call,321.4,328.4,213.79,1.0,8.0
^RUT,2026-06-30,2250.0,Put,1.85,2.45,2.51,6.0,0.0
^RUT,2026-06-30,2260.0,Call,314.4,321.3,208.08,1.0,11.0
^RUT,2026-06-30,2260.0,Put,44.8,47.2,40.67,1.0,0.0
^RUT,2026-06-30,2270.0,Call,284.0,295.0,281.31,1.0,3.0
^RUT,2026-06-30,2270.0,Put,2.05,2.65,2.9,1.0,0.0
^RUT,2026-06-30,2280.0,Call,300.5,307.3,248.71,,1.0
^RUT,2026-06-30,2280.0,Put,2.15,2.8,5.54,2.0,0.0
^RUT,2026-06-30,2290.0,Call,265.1,268.0,341.49,2.0,1.0
^RUT,2026-06-30,2290.0,Put,2.25,2.9,4.09,1.0,0.0
^RUT,2026-06-30,2300.0,Call,592.6,616.6,570.0,1.0,0.0
^RUT,2026-06-30,2300.0,Put,2.4,3.0,3.7,2.0,0.0
^RUT,2026-06-30,2310.0,Call,251.6,254.7,321.61,16.0,10.0
^RUT,2026-06-30,2310.0,Put,2.5,3.2,6.54,1.0,0.0
^RUT,2026-06-30,2320.0,Call,245.6,248.9,313.91,,9.0
^RUT,2026-06-30,2320.0,Put,2.65,3.3,4.0,55.0,0.0
^RUT,2026-06-30,2330.0,Call,331.6,338.2,300.0,118.0,62.0
^RUT,2026-06-30,2330.0,Put,2.75,3.5,4.9,1.0,0.0
^RUT,2026-06-30,2340.0,Call,451.0,475.0,242.35,4.0,12.0
^RUT,2026-06-30,2340.0,Put,2.9,3.6,3.66,1.0,0.0
^RUT,2026-06-30,2350.0,Call,226.5,229.0,312.75,,10.0
^RUT,2026-06-30,2350.0,Put,3.0,3.8,4.28,4.0,0.0
^RUT,2026-06-30,2360.0,Call,220.5,222.8,285.11,,9.0
^RUT,2026-06-30,2360.0,Put,3.2,3.9,4.6,40.0,0.0
^RUT,2026-06-30,2370.0,Call,214.3,216.7,278.3,18.0,10.0
^RUT,2026-06-30,2370.0,Put,3.3,4.1,6.2,2.0,0.0
^RUT,2026-06-30,2380.0,Call,239.8,244.1,246.39,1.0,11.0
^RUT,2026-06-30,2380.0,Put,3.5,4.3,7.03,1.0,0.0
^RUT,2026-06-30,2385.0,Put,3.6,4.4,4.8,4.0,0.0
^RUT,2026-06-30,2390.0,Call,199.8,160.5,264.96,,9.0
^RUT,2026-06-30,2390.0,Put,3.7,4.5,5.13,4.0,0.0
^RUT,2026-06-30,2395.0,Put,3.8,4.6,5.05,2.0,0.0
^RUT,2026-06-30,2400.0,Call,494.6,518.6,473.16,14.0,0.0
^RUT,2026-06-30,2400.0,Put,3.9,4.7,5.15,4.0,0.0
^RUT,2026-06-30,2405.0,Put,4.0,4.8,11.2,,0.0
^RUT,2026-06-30,2410.0,Call,484.9,508.9,463.6,14.0,0.0
^RUT,2026-06-30,2410.0,Put,4.1,5.0,7.6,1.0,0.0
^RUT,2026-06-30,2415.0,Put,4.2,5.1,5.88,4.0,0.0
^RUT,2026-06-30,2420.0,Call,197.6,201.6,322.5,2.0,0.0
^RUT,2026-06-30,2420.0,Put,4.3,5.2,8.0,273.0,0.0
^RUT,2026-06-30,2425.0,Put,4.4,5.3,8.62,20.0,0.0
^RUT,2026-06-30,2430.0,Call,465.5,489.5,389.23,1.0,0.0
^RUT,2026-06-30,2430.0,Put,4.6,5.5,9.39,2.0,0.0
^RUT,2026-06-30,2435.0,Put,4.7,5.6,12.57,,0.0
^RUT,2026-06-30,2440.0,Call,360.0,381.6,149.29,2.0,6.0
^RUT,2026-06-30,2440.0,Put,4.8,5.7,12.91,25.0,0.0
^RUT,2026-06-30,2445.0,Put,5.0,5.9,9.85,4.0,0.0
^RUT,2026-06-30,2450.0,Call,446.1,470.1,371.3,2.0,0.0
^RUT,2026-06-30,2450.0,Put,5.1,6.0,6.43,14.0,0.0
^RUT,2026-06-30,2455.0,Put,5.2,6.2,6.7,1.0,0.0
^RUT,2026-06-30,2460.0,Call,436.4,460.4,361.62,2.0,0.0
^RUT,2026-06-30,2460.0,Put,5.4,6.3,14.8,1.0,0.0
^RUT,2026-06-30,2465.0,Put,5.5,6.5,6.16,2.0,0.0
^RUT,2026-06-30,2470.0,Call,333.0,353.5,143.85,2.0,4.0
^RUT,2026-06-30,2470.0,Put,5.7,6.7,14.02,1.0,0.0
^RUT,2026-06-30,2475.0,Put,5.9,6.8,7.35,2.0,0.0
^RUT,2026-06-30,2480.0,Call,0.0,0.0,114.5,16.0,0.0
^RUT,2026-06-30,2480.0,Put,6.0,7.0,11.25,25.0,0.0
^RUT,2026-06-30,2485.0,Put,6.2,7.2,11.7,,0.0
^RUT,2026-06-30,2490.0,Call,151.6,155.2,273.82,,0.0
^RUT,2026-06-30,2490.0,Put,6.4,7.4,8.41,2.0,0.0
^RUT,2026-06-30,2495.0,Put,6.6,7.6,17.65,,0.0
^RUT,2026-06-30,2500.0,Call,398.0,422.0,340.64,4.0,0.0
^RUT,2026-06-30,2500.0,Put,6.8,7.8,9.45,13.0,0.0
^RUT,2026-06-30,2505.0,Put,7.0,8.0,9.63,1.0,0.0
^RUT,2026-06-30,2510.0,Call,297.2,301.9,208.83,1.0,5.0
^RUT,2026-06-30,2510.0,Put,7.2,8.2,9.89,1.0,0.0
^RUT,2026-06-30,2515.0,Put,7.4,8.4,22.8,4.0,0.0
^RUT,2026-06-30,2520.0,Call,378.9,402.9,309.53,3.0,0.0
^RUT,2026-06-30,2520.0,Put,7.6,8.7,10.15,3.0,0.0
^RUT,2026-06-30,2525.0,Put,7.8,8.9,10.2,1.0,0.0
^RUT,2026-06-30,2530.0,Call,0.0,0.0,132.93,1.0,0.0
^RUT,2026-06-30,2530.0,Put,8.1,9.1,11.2,1.0,0.0
^RUT,2026-06-30,2535.0,Put,8.3,9.4,12.77,1.0,0.0
^RUT,2026-06-30,2540.0,Call,264.7,287.0,129.49,2.0,3.0
^RUT,2026-06-30,2540.0,Put,8.6,9.7,11.38,1.0,0.0
^RUT,2026-06-30,2545.0,Put,8.8,9.9,11.28,1.0,0.0
^RUT,2026-06-30,2550.0,Call,262.5,266.9,169.43,5.0,35.0
^RUT,2026-06-30,2550.0,Put,9.1,10.2,11.44,1.0,0.0
^RUT,2026-06-30,2555.0,Put,9.4,10.5,19.58,1.0,0.0
^RUT,2026-06-30,2560.0,Call,341.2,365.2,327.1,18.0,0.0
^RUT,2026-06-30,2560.0,Put,9.7,10.8,13.35,1.0,0.0
^RUT,2026-06-30,2565.0,Put,10.0,11.1,10.98,2.0,0.0
^RUT,2026-06-30,2570.0,Call,245.2,249.8,170.69,1.0,2.0
^RUT,2026-06-30,2570.0,Put,10.3,11.4,13.5,1.0,0.0
^RUT,2026-06-30,2575.0,Put,10.6,11.7,13.95,3.0,0.0
^RUT,2026-06-30,2580.0,Call,322.5,346.5,326.67,6.0,0.0
^RUT,2026-06-30,2580.0,Put,10.9,12.1,15.1,1.0,0.0
^RUT,2026-06-30,2585.0,Put,11.2,12.4,15.9,1.0,0.0
^RUT,2026-06-30,2590.0,Call,0.0,0.0,107.77,1.0,0.0
^RUT,2026-06-30,2590.0,Put,11.6,12.8,15.33,1.0,0.0
^RUT,2026-06-30,2595.0,Put,11.9,13.1,16.41,3.0,0.0
^RUT,2026-06-30,2600.0,Call,304.0,328.0,219.45,2.0,0.0
^RUT,2026-06-30,2600.0,Put,12.3,13.5,15.9,5.0,0.0
^RUT,2026-06-30,2605.0,Put,12.7,13.9,16.8,3.0,0.0
^RUT,2026-06-30,2610.0,Call,294.8,318.8,297.4,2.0,0.0
^RUT,2026-06-30,2610.0,Put,13.1,14.3,18.57,41.0,0.0
^RUT,2026-06-30,2615.0,Put,13.5,14.7,17.62,3.0,0.0
^RUT,2026-06-30,2620.0,Call,285.7,309.7,216.63,2.0,0.0
^RUT,2026-06-30,2620.0,Put,13.9,15.1,21.61,86.0,0.0
^RUT,2026-06-30,2625.0,Put,14.3,15.6,17.52,3.0,0.0
^RUT,2026-06-30,2630.0,Put,14.8,16.0,29.35,2.0,0.0
^RUT,2026-06-30,2635.0,Put,15.3,16.5,21.08,4.0,0.0
^RUT,2026-06-30,2640.0,Put,15.7,17.0,20.55,4.0,0.0
^RUT,2026-06-30,2645.0,Put,16.2,17.5,33.54,1.0,0.0
^RUT,2026-06-30,2650.0,Call,258.7,282.7,175.26,2.0,0.0
^RUT,2026-06-30,2650.0,Put,16.7,18.0,20.78,3.0,0.0
^RUT,2026-06-30,2655.0,Put,17.3,18.5,23.45,1.0,0.0
^RUT,2026-06-30,2660.0,Put,17.8,19.1,22.24,3.0,0.0
^RUT,2026-06-30,2665.0,Put,18.4,19.6,23.7,2.0,0.0
^RUT,2026-06-30,2670.0,Call,240.9,264.9,131.01,,0.0
^RUT,2026-06-30,2670.0,Put,18.9,20.2,24.61,7.0,0.0
^RUT,2026-06-30,2675.0,Put,19.5,20.8,24.46,1.0,0.0
^RUT,2026-06-30,2680.0,Put,20.1,21.4,26.1,21.0,0.0
^RUT,2026-06-30,2685.0,Call,227.8,251.8,216.8,1.0,0.0
^RUT,2026-06-30,2685.0,Put,20.7,22.1,26.92,1.0,0.0
^RUT,2026-06-30,2690.0,Put,21.3,22.7,26.72,4.0,0.0
^RUT,2026-06-30,2695.0,Put,22.0,23.4,29.38,2.0,0.0
^RUT,2026-06-30,2700.0,Call,214.9,238.9,204.35,1.0,0.0
^RUT,2026-06-30,2700.0,Put,22.7,24.1,28.47,4.0,0.0
^RUT,2026-06-30,2705.0,Call,210.6,234.6,196.39,1.0,0.0
^RUT,2026-06-30,2705.0,Put,23.4,24.8,28.68,2.0,0.0
^RUT,2026-06-30,2710.0,Call,206.4,230.4,192.37,1.0,0.0
^RUT,2026-06-30,2710.0,Put,24.1,25.5,36.4,2.0,0.0
^RUT,2026-06-30,2715.0,Call,202.1,226.1,187.9,1.0,0.0
^RUT,2026-06-30,2715.0,Put,24.9,26.3,32.95,13.0,0.0
^RUT,2026-06-30,2720.0,Call,200.2,224.2,183.9,1.0,0.0
^RUT,2026-06-30,2720.0,Put,25.7,27.0,32.1,1.0,0.0
^RUT,2026-06-30,2725.0,Call,197.7,213.7,177.48,1.0,0.0
^RUT,2026-06-30,2725.0,Put,26.5,27.8,39.28,2.0,0.0
^RUT,2026-06-30,2730.0,Call,199.9,203.1,173.58,1.0,0.0
^RUT,2026-06-30,2730.0,Put,27.3,28.7,70.76,4.0,0.0
^RUT,2026-06-30,2735.0,Call,195.7,198.8,166.1,1.0,0.0
^RUT,2026-06-30,2735.0,Put,28.1,29.5,36.35,6.0,0.0
^RUT,2026-06-30,2740.0,Call,191.7,194.8,162.36,1.0,0.0
^RUT,2026-06-30,2740.0,Put,29.0,30.4,37.0,3.0,0.0
^RUT,2026-06-30,2745.0,Call,187.6,190.7,146.89,,0.0
^RUT,2026-06-30,2745.0,Put,29.9,31.3,44.45,1.0,0.0
^RUT,2026-06-30,2750.0,Call,183.6,186.7,143.26,2.0,0.0
^RUT,2026-06-30,2750.0,Put,30.8,32.3,38.23,20.0,0.0
^RUT,2026-06-30,2755.0,Call,179.5,182.6,155.33,2.0,0.0
^RUT,2026-06-30,2755.0,Put,31.8,33.3,40.71,20.0,0.0
^RUT,2026-06-30,2760.0,Call,175.6,178.6,151.63,2.0,0.0
^RUT,2026-06-30,2760.0,Put,32.8,34.2,40.51,10.0,0.0
^RUT,2026-06-30,2765.0,Call,171.7,174.7,116.5,,0.0
^RUT,2026-06-30,2765.0,Put,33.8,35.2,44.6,3.0,0.0
^RUT,2026-06-30,2770.0,Call,167.7,170.7,113.2,7.0,0.0
^RUT,2026-06-30,2770.0,Put,34.8,36.3,62.87,42.0,0.0
^RUT,2026-06-30,2775.0,Call,163.9,166.8,121.2,,0.0
^RUT,2026-06-30,2775.0,Put,35.9,37.4,95.74,50.0,0.0
^RUT,2026-06-30,2780.0,Call,160.0,162.8,105.14,1.0,0.0
^RUT,2026-06-30,2780.0,Put,37.1,38.5,47.84,1.0,0.0
^RUT,2026-06-30,2785.0,Call,156.2,159.0,127.8,1.0,0.0
^RUT,2026-06-30,2790.0,Call,152.5,155.3,129.81,3.0,0.0
^RUT,2026-06-30,2790.0,Put,39.4,40.9,51.35,12.0,0.0
^RUT,2026-06-30,2795.0,Call,148.7,151.4,128.87,2.0,0.0
^RUT,2026-06-30,2795.0,Put,40.7,42.1,72.5,10.0,0.0
^RUT,2026-06-30,2800.0,Call,145.0,147.7,81.4,4.0,0.0
^RUT,2026-06-30,2800.0,Put,41.9,43.4,52.33,4.0,0.0
^RUT,2026-06-30,2805.0,Call,141.4,144.1,127.03,1.0,0.0
^RUT,2026-06-30,2810.0,Call,137.8,140.3,123.62,1.0,0.0
^RUT,2026-06-30,2810.0,Put,44.6,46.0,57.5,11.0,0.0
^RUT,2026-06-30,2815.0,Call,134.2,136.7,110.65,2.0,0.0
^RUT,2026-06-30,2815.0,Put,45.9,47.5,80.6,,0.0
^RUT,2026-06-30,2820.0,Call,130.7,133.1,107.48,2.0,0.0
^RUT,2026-06-30,2820.0,Put,47.3,48.9,60.9,2.0,0.0
^RUT,2026-06-30,2825.0,Call,127.2,129.6,113.41,3.0,0.0
^RUT,2026-06-30,2825.0,Put,48.8,50.4,64.3,1.0,0.0
^RUT,2026-06-30,2830.0,Call,123.9,126.2,110.29,3.0,0.0
^RUT,2026-06-30,2830.0,Put,50.4,51.9,59.04,22.0,0.0
^RUT,2026-06-30,2835.0,Call,120.5,122.7,94.6,2.0,0.0
^RUT,2026-06-30,2840.0,Call,117.1,119.2,91.44,2.0,0.0
^RUT,2026-06-30,2840.0,Put,53.5,55.1,119.35,2.0,0.0
^RUT,2026-06-30,2845.0,Call,113.8,115.9,91.77,1.0,0.0
^RUT,2026-06-30,2850.0,Call,110.6,112.5,91.57,25.0,0.0
^RUT,2026-06-30,2850.0,Put,56.8,58.5,72.15,2.0,0.0
^RUT,2026-06-30,2855.0,Call,107.0,109.3,89.05,1.0,0.0
^RUT,2026-06-30,2855.0,Put,58.7,60.2,86.78,,0.0
^RUT,2026-06-30,2860.0,Call,104.3,106.2,86.26,1.0,0.0
^RUT,2026-06-30,2860.0,Put,60.4,62.0,111.94,2.0,0.0
^RUT,2026-06-30,2865.0,Call,100.9,103.0,83.19,3.0,0.0
^RUT,2026-06-30,2865.0,Put,62.2,63.9,96.4,,0.0
^RUT,2026-06-30,2870.0,Call,98.1,100.0,83.37,6.0,0.0
^RUT,2026-06-30,2870.0,Put,64.2,65.8,79.92,12.0,0.0
^RUT,2026-06-30,2875.0,Call,95.1,96.9,29.15,1.0,0.0
^RUT,2026-06-30,2875.0,Put,66.2,67.8,140.02,4.0,0.0
^RUT,2026-06-30,2880.0,Call,92.2,94.0,48.17,,0.0
^RUT,2026-06-30,2880.0,Put,68.2,69.8,84.55,40.0,0.0
^RUT,2026-06-30,2885.0,Call,89.3,91.0,34.25,1.0,0.0
^RUT,2026-06-30,2885.0,Put,70.2,71.9,106.1,,0.0
^RUT,2026-06-30,2890.0,Put,72.3,74.1,160.91,5.0,0.0
^RUT,2026-06-30,2895.0,Call,83.7,85.4,78.8,,0.0
^RUT,2026-06-30,2900.0,Call,80.9,82.5,69.33,44.0,0.0
^RUT,2026-06-30,2900.0,Put,76.8,78.5,154.0,1.0,0.0
^RUT,2026-06-30,2905.0,Call,78.3,80.0,36.48,,0.0
^RUT,2026-06-30,2905.0,Put,79.2,80.8,105.1,,0.0
^RUT,2026-06-30,2910.0,Call,75.7,77.3,59.45,2.0,0.0
^RUT,2026-06-30,2910.0,Put,81.5,83.1,101.48,1.0,0.0
^RUT,2026-06-30,2915.0,Call,73.1,74.7,60.55,6.0,0.0
^RUT,2026-06-30,2915.0,Put,83.9,85.5,110.0,,0.0
^RUT,2026-06-30,2920.0,Call,70.6,72.2,54.75,11.0,0.0
^RUT,2026-06-30,2920.0,Put,86.4,88.0,104.82,1.0,0.0
^RUT,2026-06-30,2925.0,Call,68.2,69.8,20.87,56.0,0.0
^RUT,2026-06-30,2930.0,Call,65.8,67.4,21.0,7.0,0.0
^RUT,2026-06-30,2930.0,Put,91.5,93.2,111.18,20.0,0.0
^RUT,2026-06-30,2940.0,Call,61.2,62.8,23.65,1.0,0.0
^RUT,2026-06-30,2940.0,Put,96.9,98.6,116.58,,0.0
^RUT,2026-06-30,2945.0,Call,58.9,60.5,40.61,,0.0
^RUT,2026-06-30,2945.0,Put,99.6,101.3,123.7,,0.0
^RUT,2026-06-30,2950.0,Call,56.8,58.4,45.66,1.0,0.0
^RUT,2026-06-30,2955.0,Call,54.7,56.3,28.45,,0.0
^RUT,2026-06-30,2960.0,Call,52.7,54.3,14.55,1.0,0.0
^RUT,2026-06-30,2965.0,Call,50.7,52.3,19.18,,0.0
^RUT,2026-06-30,2970.0,Call,48.8,50.4,26.0,1.0,0.0
^RUT,2026-06-30,2975.0,Call,46.9,48.4,12.51,7.0,0.0
^RUT,2026-06-30,2980.0,Call,45.1,46.6,36.51,35.0,0.0
^RUT,2026-06-30,2985.0,Call,43.3,44.8,24.57,,0.0
^RUT,2026-06-30,2990.0,Call,41.6,43.0,20.5,4.0,0.0
^RUT,2026-06-30,2995.0,Call,39.9,41.5,24.48,5.0,0.0
^RUT,2026-06-30,3000.0,Call,38.3,39.8,32.96,3.0,0.0
^RUT,2026-06-30,3000.0,Put,133.3,135.8,156.0,,0.0
^RUT,2026-06-30,3005.0,Call,36.7,38.1,13.85,2.0,0.0
^RUT,2026-06-30,3010.0,Call,35.2,36.6,27.9,2.0,0.0
^RUT,2026-06-30,3015.0,Call,33.7,35.1,20.35,,0.0
^RUT,2026-06-30,3020.0,Call,32.3,33.7,15.0,6.0,0.0
^RUT,2026-06-30,3025.0,Call,30.9,32.4,26.96,4.0,0.0
^RUT,2026-06-30,3030.0,Call,29.6,31.0,25.52,1.0,0.0
^RUT,2026-06-30,3035.0,Call,28.3,29.7,24.47,1.0,0.0
^RUT,2026-06-30,3040.0,Call,27.0,28.4,16.15,,0.0
^RUT,2026-06-30,3045.0,Call,25.8,27.3,20.48,1.0,0.0
^RUT,2026-06-30,3050.0,Call,24.6,26.0,27.94,1.0,0.0
^RUT,2026-06-30,3055.0,Call,23.5,25.0,10.6,,0.0
^RUT,2026-06-30,3060.0,Call,22.4,23.8,13.12,,0.0
^RUT,2026-06-30,3065.0,Call,21.4,22.8,6.8,1.0,0.0
^RUT,2026-06-30,3070.0,Call,20.4,21.7,11.0,1.0,0.0
^RUT,2026-06-30,3075.0,Call,19.4,20.8,14.61,1.0,0.0
^RUT,2026-06-30,3080.0,Call,18.5,19.8,21.35,1.0,0.0
^RUT,2026-06-30,3085.0,Call,17.6,18.9,8.15,,0.0
^RUT,2026-06-30,3090.0,Call,16.8,18.1,11.88,1.0,0.0
^RUT,2026-06-30,3095.0,Call,15.9,17.3,7.54,1.0,0.0
^RUT,2026-06-30,3100.0,Call,15.1,16.5,11.45,2.0,0.0
^RUT,2026-06-30,3105.0,Call,14.4,15.7,10.12,,0.0
^RUT,2026-06-30,3110.0,Call,13.7,15.1,9.45,9.0,0.0
^RUT,2026-06-30,3115.0,Call,13.0,14.4,2.86,2.0,0.0
^RUT,2026-06-30,3120.0,Call,12.4,13.6,6.95,1.0,0.0
^RUT,2026-06-30,3125.0,Call,11.8,13.0,11.7,,0.0
^RUT,2026-06-30,3130.0,Call,11.1,12.5,2.45,,0.0
^RUT,2026-06-30,3135.0,Call,10.6,11.8,2.87,1.0,0.0
^RUT,2026-06-30,3145.0,Call,9.6,10.8,7.85,1.0,0.0
^RUT,2026-06-30,3150.0,Call,9.1,10.3,7.8,2.0,0.0
^RUT,2026-06-30,3160.0,Call,8.2,9.3,6.77,2.0,0.0
^RUT,2026-06-30,3175.0,Call,7.0,8.1,6.81,5.0,0.0
^RUT,2026-06-30,3180.0,Call,6.6,7.7,9.7,,0.0
^RUT,2026-06-30,3190.0,Call,5.9,7.0,8.9,,0.0
^RUT,2026-06-30,3195.0,Call,5.6,6.8,1.68,1.0,0.0
^RUT,2026-06-30,3200.0,Call,5.4,6.4,5.43,7.0,0.0
^RUT,2026-06-30,3250.0,Call,3.2,4.1,3.0,3.0,0.0
^RUT,2026-06-30,3300.0,Call,2.0,2.75,1.7,3.0,0.0
^RUT,2026-07-10,2100.0,Put,1.65,2.25,2.33,2.0,
^RUT,2026-07-10,2130.0,Put,1.85,2.5,2.59,2.0,
^RUT,2026-07-10,2155.0,Put,2.1,2.75,2.8,1.0,
^RUT,2026-07-10,2485.0,Put,9.4,10.6,12.2,25.0,
^RUT,2026-07-10,2490.0,Put,9.7,10.8,12.49,25.0,
^RUT,2026-07-10,2545.0,Put,12.9,14.1,23.81,,0.0
^RUT,2026-07-10,2550.0,Put,13.2,14.5,17.62,5.0,0.0
^RUT,2026-07-10,2560.0,Put,13.9,15.2,17.7,2.0,0.0
^RUT,2026-07-10,2565.0,Put,14.3,15.6,18.11,2.0,0.0
^RUT,2026-07-10,2575.0,Put,15.1,16.4,20.02,5.0,0.0
^RUT,2026-07-10,2580.0,Put,15.5,16.8,23.07,,0.0
^RUT,2026-07-10,2590.0,Put,16.4,17.7,22.05,4.0,0.0
^RUT,2026-07-10,2615.0,Put,18.7,20.1,25.05,4.0,0.0
^RUT,2026-07-10,2630.0,Put,20.2,21.6,25.83,11.0,0.0
^RUT,2026-07-10,2640.0,Put,21.3,22.7,27.23,2.0,0.0
^RUT,2026-07-10,2645.0,Put,21.9,23.3,29.23,10.0,0.0
^RUT,2026-07-10,2650.0,Put,22.5,23.9,29.58,1.0,0.0
^RUT,2026-07-10,2700.0,Put,29.3,30.8,38.05,4.0,0.0
^RUT,2026-07-10,2720.0,Put,32.6,34.2,42.03,2.0,0.0
^RUT,2026-07-10,2725.0,Put,33.6,35.1,40.59,1.0,0.0
^RUT,2026-07-10,2735.0,Put,35.4,36.9,45.6,1.0,0.0
^RUT,2026-07-10,2755.0,Put,39.4,41.0,50.26,1.0,0.0
^RUT,2026-07-10,2770.0,Put,42.7,44.3,67.7,,0.0
^RUT,2026-07-10,2785.0,Put,46.3,47.9,72.2,,0.0
^RUT,2026-07-10,2800.0,Put,50.2,51.8,60.6,2.0,0.0
^RUT,2026-07-10,2835.0,Call,132.3,134.5,114.36,10.0,0.0
^RUT,2026-07-10,2855.0,Put,67.5,69.3,85.5,5.0,0.0
^RUT,2026-07-10,2860.0,Put,69.4,71.1,85.8,4.0,0.0
^RUT,2026-07-10,2880.0,Call,104.3,106.3,85.8,14.0,0.0
^RUT,2026-07-10,2880.0,Put,77.1,79.0,91.9,27.0,0.0
^RUT,2026-07-10,2885.0,Put,79.3,81.0,94.5,10.0,0.0
^RUT,2026-07-10,2920.0,Call,82.6,84.4,68.34,6.0,0.0
^RUT,2026-07-10,2930.0,Call,77.6,79.4,44.0,,0.0
^RUT,2026-07-10,2935.0,Call,75.3,77.1,62.97,16.0,0.0
^RUT,2026-07-10,2960.0,Call,64.1,65.9,44.27,,0.0
^RUT,2026-07-10,2965.0,Call,62.0,63.7,51.11,50.0,0.0
^RUT,2026-07-10,2975.0,Call,58.0,59.7,39.72,,0.0
^RUT,2026-07-10,2980.0,Call,56.0,57.7,46.07,50.0,0.0
^RUT,2026-07-10,2985.0,Call,54.1,55.8,45.82,50.0,0.0
^RUT,2026-07-10,2990.0,Call,52.3,54.0,44.24,50.0,0.0
^RUT,2026-07-10,3020.0,Call,42.2,43.8,19.0,,0.0
^RUT,2026-07-10,3025.0,Call,40.6,42.2,18.0,,0.0
^RUT,2026-07-10,3040.0,Call,36.3,37.8,28.24,5.0,0.0
^RUT,2026-07-10,3045.0,Call,34.9,36.4,22.52,,0.0
^RUT,2026-07-10,3060.0,Call,31.0,32.5,25.3,6.0,0.0
^RUT,2026-07-10,3085.0,Call,25.3,26.9,12.79,,0.0
^RUT,2026-07-10,3090.0,Call,24.3,25.7,19.85,1.0,0.0
^RUT,2026-07-17,1500.0,Put,0.1,0.65,0.35,3.0,0.0
^RUT,2026-07-17,1600.0,Put,0.2,0.65,0.75,,0.0
^RUT,2026-07-17,1650.0,Put,0.3,0.85,0.62,1.0,0.0
^RUT,2026-07-17,1700.0,Put,0.4,0.8,1.25,15.0,0.0
^RUT,2026-07-17,1800.0,Put,0.6,1.1,1.0,1.0,0.0
^RUT,2026-07-17,1850.0,Put,0.75,1.3,2.35,20.0,0.0
^RUT,2026-07-17,1900.0,Call,992.2,1016.2,906.19,,0.0
^RUT,2026-07-17,1900.0,Put,0.9,1.55,2.85,3.0,0.0
^RUT,2026-07-17,1950.0,Put,1.2,1.8,3.2,20.0,0.0
^RUT,2026-07-17,2000.0,Put,1.5,2.1,2.0,1.0,0.0
^RUT,2026-07-17,2050.0,Put,1.85,2.45,4.1,109.0,0.0
^RUT,2026-07-17,2100.0,Put,2.35,2.95,5.4,1.0,0.0
^RUT,2026-07-17,2150.0,Put,2.8,3.5,3.4,19.0,0.0
^RUT,2026-07-17,2165.0,Put,3.0,3.4,4.5,,0.0
^RUT,2026-07-17,2200.0,Call,696.8,720.8,610.0,1.0,0.0
^RUT,2026-07-17,2200.0,Put,3.4,4.1,6.0,30.0,0.0
^RUT,2026-07-17,2250.0,Call,647.9,671.9,562.02,1.0,0.0
^RUT,2026-07-17,2250.0,Put,4.1,4.9,7.17,1.0,0.0
^RUT,2026-07-17,2270.0,Put,4.5,5.3,5.6,1.0,0.0
^RUT,2026-07-17,2300.0,Call,599.2,623.2,583.3,1.0,0.0
^RUT,2026-07-17,2300.0,Put,5.2,6.1,9.7,,0.0
^RUT,2026-07-17,2340.0,Put,6.2,7.1,9.97,,0.0
^RUT,2026-07-17,2350.0,Put,6.5,7.4,8.12,7.0,0.0
^RUT,2026-07-17,2380.0,Put,7.4,8.4,9.66,1.0,0.0
^RUT,2026-07-17,2390.0,Put,7.7,8.7,10.14,1.0,0.0
^RUT,2026-07-17,2400.0,Call,502.7,526.7,481.34,2.0,0.0
^RUT,2026-07-17,2400.0,Put,8.1,9.1,10.58,8.0,0.0
^RUT,2026-07-17,2405.0,Put,8.0,9.1,15.55,,0.0
^RUT,2026-07-17,2410.0,Call,493.1,517.1,471.91,1.0,0.0
^RUT,2026-07-17,2415.0,Put,8.4,9.5,14.07,,0.0
^RUT,2026-07-17,2425.0,Put,9.1,10.1,21.6,,0.0
^RUT,2026-07-17,2430.0,Put,9.3,10.4,15.55,,0.0
^RUT,2026-07-17,2435.0,Put,9.5,10.6,15.9,,0.0
^RUT,2026-07-17,2440.0,Put,9.5,10.6,15.8,39.0,0.0
^RUT,2026-07-17,2450.0,Call,454.8,478.8,374.0,4.0,0.0
^RUT,2026-07-17,2450.0,Put,9.9,11.0,12.42,7.0,0.0
^RUT,2026-07-17,2455.0,Put,10.4,11.5,16.65,,0.0
^RUT,2026-07-17,2460.0,Put,10.4,11.5,15.0,19.0,0.0
^RUT,2026-07-17,2470.0,Put,10.9,12.1,16.11,1.0,0.0
^RUT,2026-07-17,2475.0,Put,11.2,12.3,18.6,,0.0
^RUT,2026-07-17,2480.0,Put,11.5,12.6,19.1,1.0,0.0
^RUT,2026-07-17,2485.0,Put,11.7,12.9,23.36,,0.0
^RUT,2026-07-17,2490.0,Call,417.2,441.2,388.36,,0.0
^RUT,2026-07-17,2490.0,Put,12.3,13.5,20.4,,0.0
^RUT,2026-07-17,2495.0,Put,12.6,13.8,16.31,1.0,0.0
^RUT,2026-07-17,2500.0,Put,12.6,13.8,20.7,2.0,0.0
^RUT,2026-07-17,2505.0,Put,13.2,14.4,22.46,,0.0
^RUT,2026-07-17,2510.0,Put,13.3,14.4,26.83,51.0,0.0
^RUT,2026-07-17,2520.0,Call,389.3,413.3,386.4,2.0,0.0
^RUT,2026-07-17,2520.0,Put,13.9,15.1,20.6,1.0,0.0
^RUT,2026-07-17,2525.0,Put,14.3,15.5,17.86,1.0,0.0
^RUT,2026-07-17,2530.0,Put,14.9,16.2,27.4,,0.0
^RUT,2026-07-17,2535.0,Put,15.0,16.2,18.9,2.0,0.0
^RUT,2026-07-17,2540.0,Put,15.3,16.6,19.3,1.0,0.0
^RUT,2026-07-17,2545.0,Put,15.7,17.0,27.57,,0.0
^RUT,2026-07-17,2550.0,Call,361.7,385.7,245.26,,0.0
^RUT,2026-07-17,2550.0,Put,16.4,17.7,20.2,3.0,0.0
^RUT,2026-07-17,2560.0,Put,16.9,18.2,21.22,1.0,0.0
^RUT,2026-07-17,2565.0,Call,348.0,372.0,220.03,,0.0
^RUT,2026-07-17,2565.0,Put,17.3,18.6,21.27,1.0,0.0
^RUT,2026-07-17,2570.0,Put,18.1,19.4,36.37,1.0,0.0
^RUT,2026-07-17,2575.0,Call,338.9,362.9,299.67,,0.0
^RUT,2026-07-17,2575.0,Put,18.2,19.5,26.24,,0.0
^RUT,2026-07-17,2580.0,Put,18.7,19.9,43.64,5.0,0.0
^RUT,2026-07-17,2590.0,Put,19.6,20.9,24.87,3.0,0.0
^RUT,2026-07-17,2595.0,Call,320.9,344.9,298.53,3.0,0.0
^RUT,2026-07-17,2595.0,Put,20.1,21.4,26.01,6.0,0.0
^RUT,2026-07-17,2600.0,Put,20.6,21.9,25.79,2.0,0.0
^RUT,2026-07-17,2605.0,Put,21.1,22.4,39.89,,0.0
^RUT,2026-07-17,2610.0,Put,21.6,23.0,26.17,2.0,0.0
^RUT,2026-07-17,2615.0,Put,22.6,23.9,31.4,,0.0
^RUT,2026-07-17,2620.0,Call,298.7,322.7,267.1,2.0,0.0
^RUT,2026-07-17,2620.0,Put,22.7,24.1,28.21,32.0,0.0
^RUT,2026-07-17,2625.0,Put,23.7,25.1,28.57,6.0,0.0
^RUT,2026-07-17,2630.0,Put,23.9,25.2,28.99,30.0,0.0
^RUT,2026-07-17,2635.0,Put,24.4,25.8,39.65,,0.0
^RUT,2026-07-17,2640.0,Put,25.1,26.4,35.35,4.0,0.0
^RUT,2026-07-17,2650.0,Call,272.5,296.5,256.27,4.0,0.0
^RUT,2026-07-17,2650.0,Put,26.8,28.2,41.83,,0.0
^RUT,2026-07-17,2655.0,Call,268.2,292.2,252.74,3.0,0.0
^RUT,2026-07-17,2655.0,Put,27.0,28.4,33.25,6.0,0.0
^RUT,2026-07-17,2660.0,Call,263.9,287.9,252.69,,0.0
^RUT,2026-07-17,2660.0,Put,27.6,29.1,38.8,15.0,0.0
^RUT,2026-07-17,2665.0,Call,259.7,283.7,225.02,,0.0
^RUT,2026-07-17,2665.0,Put,28.3,29.8,39.55,,0.0
^RUT,2026-07-17,2670.0,Call,255.4,279.4,243.74,1.0,0.0
^RUT,2026-07-17,2670.0,Put,29.0,30.5,35.2,147.0,0.0
^RUT,2026-07-17,2675.0,Call,251.2,275.2,216.32,,0.0
^RUT,2026-07-17,2675.0,Put,29.8,31.2,41.82,,0.0
^RUT,2026-07-17,2680.0,Call,246.9,270.9,187.5,5.0,0.0
^RUT,2026-07-17,2680.0,Put,30.5,31.9,39.01,2.0,0.0
^RUT,2026-07-17,2685.0,Call,242.7,266.7,229.67,4.0,0.0
^RUT,2026-07-17,2685.0,Put,31.3,32.7,38.93,4.0,0.0
^RUT,2026-07-17,2690.0,Call,238.5,262.5,244.01,10.0,0.0
^RUT,2026-07-17,2690.0,Put,32.1,33.5,44.56,3.0,0.0
^RUT,2026-07-17,2695.0,Put,32.9,34.3,44.58,,0.0
^RUT,2026-07-17,2700.0,Call,240.5,243.8,173.83,1.0,0.0
^RUT,2026-07-17,2700.0,Put,34.2,35.7,41.24,1.0,0.0
^RUT,2026-07-17,2705.0,Put,35.0,36.5,44.45,5.0,0.0
^RUT,2026-07-17,2710.0,Call,232.3,235.5,211.86,1.0,0.0
^RUT,2026-07-17,2710.0,Put,35.9,37.4,55.3,,0.0
^RUT,2026-07-17,2715.0,Put,36.9,38.3,44.0,6.0,0.0
^RUT,2026-07-17,2720.0,Call,224.2,227.4,203.65,1.0,0.0
^RUT,2026-07-17,2720.0,Put,37.2,38.7,46.85,8.0,0.0
^RUT,2026-07-17,2725.0,Call,220.2,223.3,121.8,,0.0
^RUT,2026-07-17,2725.0,Put,38.2,39.6,60.93,,0.0
^RUT,2026-07-17,2730.0,Call,216.2,219.3,172.67,5.0,0.0
^RUT,2026-07-17,2730.0,Put,39.6,41.2,47.79,2.0,0.0
^RUT,2026-07-17,2735.0,Call,212.2,215.2,192.63,5.0,0.0
^RUT,2026-07-17,2735.0,Put,40.1,41.6,48.25,5.0,0.0
^RUT,2026-07-17,2740.0,Call,208.8,211.9,183.34,1.0,0.0
^RUT,2026-07-17,2740.0,Put,41.7,43.2,59.0,,0.0
^RUT,2026-07-17,2745.0,Call,204.4,207.4,175.17,1.0,0.0
^RUT,2026-07-17,2745.0,Put,42.2,43.7,51.6,1.0,0.0
^RUT,2026-07-17,2750.0,Call,200.5,203.5,139.66,6.0,0.0
^RUT,2026-07-17,2750.0,Put,43.3,44.7,52.07,2.0,0.0
^RUT,2026-07-17,2755.0,Call,197.2,200.2,132.5,,0.0
^RUT,2026-07-17,2755.0,Put,44.4,45.8,91.9,,0.0
^RUT,2026-07-17,2760.0,Call,192.8,195.8,174.91,3.0,0.0
^RUT,2026-07-17,2760.0,Put,45.4,47.0,56.1,52.0,0.0
^RUT,2026-07-17,2765.0,Put,46.6,48.1,56.5,4.0,0.0
^RUT,2026-07-17,2770.0,Call,185.2,188.0,164.95,6.0,0.0
^RUT,2026-07-17,2770.0,Put,48.4,49.9,78.4,,0.0
^RUT,2026-07-17,2775.0,Put,49.6,51.1,58.53,1.0,0.0
^RUT,2026-07-17,2780.0,Call,177.8,180.7,158.0,9.0,0.0
^RUT,2026-07-17,2780.0,Put,50.8,52.4,62.34,21.0,0.0
^RUT,2026-07-17,2785.0,Call,174.1,177.0,112.9,,0.0
^RUT,2026-07-17,2785.0,Put,51.5,53.1,78.9,,0.0
^RUT,2026-07-17,2790.0,Call,170.5,173.3,151.45,2.0,0.0
^RUT,2026-07-17,2790.0,Put,52.9,54.4,64.14,41.0,0.0
^RUT,2026-07-17,2795.0,Put,54.3,55.8,102.2,,0.0
^RUT,2026-07-17,2800.0,Call,163.4,166.0,143.47,1.0,0.0
^RUT,2026-07-17,2800.0,Put,55.6,57.2,65.41,271.0,0.0
^RUT,2026-07-17,2805.0,Call,159.9,162.4,144.0,1.0,0.0
^RUT,2026-07-17,2805.0,Put,57.0,58.6,90.8,,0.0
^RUT,2026-07-17,2810.0,Call,156.4,158.9,138.73,2.0,0.0
^RUT,2026-07-17,2810.0,Put,59.0,60.7,75.19,,0.0
^RUT,2026-07-17,2815.0,Call,152.9,155.3,138.47,5.0,0.0
^RUT,2026-07-17,2815.0,Put,60.0,61.5,70.15,4.0,0.0
^RUT,2026-07-17,2820.0,Call,149.5,151.8,132.26,21.0,0.0
^RUT,2026-07-17,2820.0,Put,61.4,63.1,74.53,26.0,0.0
^RUT,2026-07-17,2825.0,Call,146.7,149.1,93.41,,0.0
^RUT,2026-07-17,2825.0,Put,63.0,64.7,83.54,,0.0
^RUT,2026-07-17,2830.0,Call,143.4,145.7,95.1,1.0,0.0
^RUT,2026-07-17,2830.0,Put,65.2,66.9,80.7,4.0,0.0
^RUT,2026-07-17,2840.0,Call,136.2,138.4,103.91,6.0,0.0
^RUT,2026-07-17,2840.0,Put,68.0,69.6,64.32,5.0,0.0
^RUT,2026-07-17,2845.0,Call,133.1,135.2,117.29,4.0,0.0
^RUT,2026-07-17,2845.0,Put,69.6,71.4,82.61,2.0,0.0
^RUT,2026-07-17,2850.0,Call,129.9,132.0,111.7,11.0,0.0
^RUT,2026-07-17,2850.0,Put,72.0,73.8,108.86,,0.0
^RUT,2026-07-17,2855.0,Call,126.7,128.7,109.33,1.0,0.0
^RUT,2026-07-17,2855.0,Put,73.3,74.9,111.62,,0.0
^RUT,2026-07-17,2860.0,Call,123.6,125.5,108.47,5.0,0.0
^RUT,2026-07-17,2860.0,Put,75.8,77.4,91.06,2.0,0.0
^RUT,2026-07-17,2870.0,Call,117.6,119.5,106.46,16.0,0.0
^RUT,2026-07-17,2870.0,Put,78.9,80.7,97.0,12.0,0.0
^RUT,2026-07-17,2875.0,Call,114.6,116.5,92.77,1.0,0.0
^RUT,2026-07-17,2875.0,Put,81.0,82.7,100.95,1.0,0.0
^RUT,2026-07-17,2880.0,Call,111.7,113.6,98.0,45.0,0.0
^RUT,2026-07-17,2880.0,Put,83.6,85.3,129.21,,0.0
^RUT,2026-07-17,2885.0,Call,108.8,110.5,87.9,6.0,0.0
^RUT,2026-07-17,2885.0,Put,85.1,86.7,105.67,5.0,0.0
^RUT,2026-07-17,2890.0,Call,105.9,107.7,91.06,14.0,0.0
^RUT,2026-07-17,2890.0,Put,87.7,89.5,105.6,23.0,0.0
^RUT,2026-07-17,2895.0,Call,103.2,105.0,90.78,1.0,0.0
^RUT,2026-07-17,2895.0,Put,89.9,91.7,108.63,8.0,0.0
^RUT,2026-07-17,2900.0,Call,101.1,102.8,65.32,1.0,0.0
^RUT,2026-07-17,2900.0,Put,92.2,93.9,108.37,6.0,0.0
^RUT,2026-07-17,2905.0,Call,97.7,99.4,80.64,5.0,0.0
^RUT,2026-07-17,2905.0,Put,93.8,95.5,112.9,2.0,0.0
^RUT,2026-07-17,2910.0,Call,95.1,96.8,80.41,16.0,0.0
^RUT,2026-07-17,2910.0,Put,96.1,97.8,113.57,6.0,0.0
^RUT,2026-07-17,2915.0,Call,92.5,94.2,73.0,6.0,0.0
^RUT,2026-07-17,2915.0,Put,98.4,100.2,122.38,2.0,0.0
^RUT,2026-07-17,2920.0,Call,89.9,91.5,72.9,1.0,0.0
^RUT,2026-07-17,2920.0,Put,100.9,102.6,122.92,1.0,0.0
^RUT,2026-07-17,2925.0,Call,87.3,89.1,73.26,2.0,0.0
^RUT,2026-07-17,2925.0,Put,103.4,105.1,99.44,1.0,0.0
^RUT,2026-07-17,2930.0,Call,84.9,86.6,51.65,1.0,0.0
^RUT,2026-07-17,2930.0,Put,105.9,107.6,155.09,,0.0
^RUT,2026-07-17,2935.0,Put,108.9,110.8,133.47,3.0,0.0
^RUT,2026-07-17,2940.0,Call,80.7,82.4,33.27,,0.0
^RUT,2026-07-17,2940.0,Put,111.0,112.7,134.44,4.0,0.0
^RUT,2026-07-17,2945.0,Call,77.8,79.4,60.53,1.0,0.0
^RUT,2026-07-17,2950.0,Call,75.5,77.2,64.51,4.0,0.0
^RUT,2026-07-17,2950.0,Put,116.4,118.1,111.74,1.0,0.0
^RUT,2026-07-17,2955.0,Call,73.3,74.9,23.81,,0.0
^RUT,2026-07-17,2960.0,Call,71.1,72.7,58.2,1.0,0.0
^RUT,2026-07-17,2960.0,Put,122.4,124.5,142.23,3.0,0.0
^RUT,2026-07-17,2965.0,Call,69.0,70.7,57.15,1.0,0.0
^RUT,2026-07-17,2965.0,Put,124.7,126.5,146.6,1.0,0.0
^RUT,2026-07-17,2970.0,Call,67.5,69.2,39.53,50.0,0.0
^RUT,2026-07-17,2970.0,Put,127.4,129.4,147.84,2.0,0.0
^RUT,2026-07-17,2975.0,Call,65.5,67.2,56.97,1.0,0.0
^RUT,2026-07-17,2975.0,Put,130.3,132.3,150.06,2.0,0.0
^RUT,2026-07-17,2985.0,Call,61.5,63.1,32.98,25.0,0.0
^RUT,2026-07-17,2990.0,Call,59.0,60.6,50.05,5.0,0.0
^RUT,2026-07-17,2990.0,Put,139.4,141.4,162.3,2.0,0.0
^RUT,2026-07-17,2995.0,Call,57.1,58.7,46.7,2.0,0.0
^RUT,2026-07-17,2995.0,Put,142.5,144.6,165.37,1.0,0.0
^RUT,2026-07-17,3000.0,Call,55.3,56.9,47.5,108.0,0.0
^RUT,2026-07-17,3000.0,Put,145.6,147.8,170.22,2.0,0.0
^RUT,2026-07-17,3005.0,Call,53.5,55.1,36.3,,0.0
^RUT,2026-07-17,3010.0,Call,51.8,53.5,43.87,25.0,0.0
^RUT,2026-07-17,3010.0,Put,151.9,154.2,174.91,2.0,0.0
^RUT,2026-07-17,3015.0,Call,50.7,52.3,46.2,,0.0
^RUT,2026-07-17,3020.0,Call,48.5,50.1,26.44,,0.0
^RUT,2026-07-17,3020.0,Put,159.0,161.5,251.5,,0.0
^RUT,2026-07-17,3025.0,Call,46.8,48.4,41.05,24.0,0.0
^RUT,2026-07-17,3025.0,Put,161.8,164.3,187.98,2.0,0.0
^RUT,2026-07-17,3030.0,Call,45.8,47.3,24.77,1.0,0.0
^RUT,2026-07-17,3035.0,Call,43.8,45.3,37.65,4.0,0.0
^RUT,2026-07-17,3040.0,Call,42.8,44.3,15.07,,0.0
^RUT,2026-07-17,3045.0,Call,40.8,42.3,34.31,38.0,0.0
^RUT,2026-07-17,3050.0,Call,39.9,41.4,9.07,3.0,0.0
^RUT,2026-07-17,3050.0,Put,178.9,181.8,196.93,,0.0
^RUT,2026-07-17,3055.0,Call,38.0,39.6,32.58,3.0,0.0
^RUT,2026-07-17,3060.0,Call,36.7,38.2,31.61,18.0,0.0
^RUT,2026-07-17,3070.0,Call,34.1,35.5,18.95,,0.0
^RUT,2026-07-17,3075.0,Call,33.4,34.9,16.4,,0.0
^RUT,2026-07-17,3080.0,Call,32.1,33.6,30.0,4.0,0.0
^RUT,2026-07-17,3090.0,Call,29.4,30.9,24.11,1.0,0.0
^RUT,2026-07-17,3095.0,Call,28.7,30.3,13.35,10.0,0.0
^RUT,2026-07-17,3100.0,Call,27.6,29.2,9.4,,0.0
^RUT,2026-07-17,3110.0,Call,25.2,26.6,20.65,10.0,0.0
^RUT,2026-07-17,3115.0,Call,24.2,25.6,7.81,,0.0
^RUT,2026-07-17,3120.0,Call,23.3,24.7,20.0,29.0,0.0
^RUT,2026-07-17,3125.0,Call,22.8,24.3,11.65,,0.0
^RUT,2026-07-17,3130.0,Call,21.5,22.9,18.37,1.0,0.0
^RUT,2026-07-17,3140.0,Call,19.8,21.3,10.28,,0.0
^RUT,2026-07-17,3150.0,Call,18.3,19.6,6.0,2.0,0.0
^RUT,2026-07-17,3160.0,Call,17.2,18.6,5.5,,0.0
^RUT,2026-07-17,3170.0,Call,15.5,16.8,6.1,,0.0
^RUT,2026-07-17,3175.0,Call,15.2,16.5,5.4,,0.0
^RUT,2026-07-17,3180.0,Call,14.6,16.0,13.34,6.0,0.0
^RUT,2026-07-17,3185.0,Call,14.0,15.3,12.85,6.0,0.0
^RUT,2026-07-17,3190.0,Call,13.1,14.4,11.41,1.0,0.0
^RUT,2026-07-17,3195.0,Call,12.6,13.8,5.34,,0.0
^RUT,2026-07-17,3200.0,Call,12.3,13.6,5.85,7.0,0.0
^RUT,2026-07-17,3220.0,Call,10.2,11.4,4.4,,0.0
^RUT,2026-07-17,3225.0,Call,10.0,11.3,7.93,1.0,0.0
^RUT,2026-07-17,3250.0,Call,8.1,9.3,3.91,,0.0
^RUT,2026-07-17,3250.0,Put,335.4,359.4,369.3,17.0,0.0
^RUT,2026-07-17,3300.0,Call,5.1,6.2,4.6,505.0,0.0
^RUT,2026-07-17,3300.0,Put,382.3,406.3,504.8,,0.0
^RUT,2026-07-17,3350.0,Call,3.5,4.5,1.95,,0.0
^RUT,2026-07-17,3400.0,Call,2.35,3.1,1.35,20.0,0.0
^RUT,2026-07-17,3450.0,Call,1.65,2.3,0.77,1.0,0.0
^RUT,2026-07-17,3500.0,Call,1.2,1.75,1.15,15.0,0.0
^RUT,2026-07-17,3500.0,Put,576.9,600.9,697.05,,0.0
^RUT,2026-07-17,3550.0,Call,0.75,1.35,0.4,,0.0
^RUT,2026-07-17,3600.0,Call,0.5,1.15,0.4,10.0,0.0
^RUT,2026-07-17,3650.0,Call,0.3,0.95,0.55,12.0,0.0
^RUT,2026-07-17,3700.0,Put,774.7,798.7,893.85,,0.0
^RUT,2026-07-17,3800.0,Call,0.05,0.6,0.45,2.0,0.0
^RUT,2026-07-17,4000.0,Call,0.0,0.5,0.14,,0.0
^RUT,2026-07-17,4050.0,Call,0.0,0.45,0.2,50.0,0.0
^RUT,2026-07-17,4100.0,Call,0.0,0.45,0.1,,0.0
^RUT,2026-07-17,4150.0,Call,0.0,0.4,0.1,,0.0
^RUT,2026-07-17,4200.0,Call,0.0,0.4,0.1,30.0,0.0
^RUT,2026-07-31,1350.0,Put,0.0,0.75,0.6,3.0,0.0
^RUT,2026-07-31,1400.0,Put,0.05,0.75,1.47,2.0,0.0
^RUT,2026-07-31,1450.0,Put,0.1,0.9,1.4,10.0,0.0
^RUT,2026-07-31,1500.0,Put,0.25,0.9,1.2,6.0,0.0
^RUT,2026-07-31,1550.0,Put,0.3,1.05,1.81,10.0,0.0
^RUT,2026-07-31,1600.0,Put,0.4,1.15,1.75,5.0,0.0
^RUT,2026-07-31,1650.0,Call,1242.1,1266.1,1166.01,50.0,0.0
^RUT,2026-07-31,1650.0,Put,0.55,1.35,1.94,16.0,0.0
^RUT,2026-07-31,1700.0,Call,1192.6,1216.6,1116.81,50.0,0.0
^RUT,2026-07-31,1700.0,Put,0.7,1.4,2.96,10.0,0.0
^RUT,2026-07-31,1750.0,Put,0.9,1.7,2.6,,0.0
^RUT,2026-07-31,1800.0,Put,1.15,1.95,2.55,20.0,0.0
^RUT,2026-07-31,1850.0,Put,1.4,2.2,3.5,20.0,0.0
^RUT,2026-07-31,1900.0,Put,1.75,2.55,3.19,1.0,0.0
^RUT,2026-07-31,1950.0,Put,2.1,2.95,6.2,1.0,0.0
^RUT,2026-07-31,2000.0,Put,2.55,3.5,8.49,9.0,0.0
^RUT,2026-07-31,2050.0,Put,3.1,4.0,8.23,2.0,0.0
^RUT,2026-07-31,2090.0,Put,5.1,7.1,41.2,,0.0
^RUT,2026-07-31,2100.0,Put,3.7,4.7,7.24,1.0,0.0
^RUT,2026-07-31,2110.0,Put,3.8,4.8,7.65,,0.0
^RUT,2026-07-31,2120.0,Put,4.0,5.0,8.8,,0.0
^RUT,2026-07-31,2140.0,Put,4.3,5.3,9.4,8.0,0.0
^RUT,2026-07-31,2150.0,Put,4.4,5.5,8.11,1.0,0.0
^RUT,2026-07-31,2170.0,Put,4.7,5.8,8.8,2.0,0.0
^RUT,2026-07-31,2180.0,Put,5.0,14.8,18.09,1.0,2.0
^RUT,2026-07-31,2190.0,Put,5.1,6.2,10.9,,0.0
^RUT,2026-07-31,2200.0,Put,5.3,6.4,8.39,1.0,0.0
^RUT,2026-07-31,2210.0,Put,5.5,6.7,20.58,2.0,0.0
^RUT,2026-07-31,2220.0,Put,5.7,6.9,16.59,1.0,0.0
^RUT,2026-07-31,2230.0,Put,5.9,7.1,10.0,1.0,0.0
^RUT,2026-07-31,2240.0,Put,6.1,7.3,22.79,2.0,0.0
^RUT,2026-07-31,2250.0,Put,6.3,7.6,17.79,30.0,0.0
^RUT,2026-07-31,2260.0,Put,6.6,7.9,14.46,1.0,0.0
^RUT,2026-07-31,2270.0,Put,6.8,8.1,18.79,2.0,0.0
^RUT,2026-07-31,2280.0,Put,7.1,8.4,8.86,1.0,0.0
^RUT,2026-07-31,2290.0,Put,7.4,8.7,16.08,1.0,0.0
^RUT,2026-07-31,2300.0,Put,7.7,9.0,12.35,1.0,0.0
^RUT,2026-07-31,2310.0,Put,8.0,9.4,19.17,4.0,0.0
^RUT,2026-07-31,2320.0,Call,585.2,609.2,515.97,3.0,0.0
^RUT,2026-07-31,2320.0,Put,11.7,14.1,100.32,2.0,0.0
^RUT,2026-07-31,2330.0,Put,8.6,10.1,17.5,15.0,0.0
^RUT,2026-07-31,2340.0,Put,12.6,15.1,82.35,4.0,0.0
^RUT,2026-07-31,2350.0,Put,9.4,10.8,13.87,6.0,0.0
^RUT,2026-07-31,2370.0,Put,14.2,16.8,103.81,4.0,0.0
^RUT,2026-07-31,2380.0,Put,10.6,12.1,13.11,1.0,0.0
^RUT,2026-07-31,2390.0,Call,423.6,429.0,313.5,,2.0
^RUT,2026-07-31,2390.0,Put,28.4,32.2,116.83,2.0,3.0
^RUT,2026-07-31,2400.0,Put,11.5,13.1,24.63,1.0,0.0
^RUT,2026-07-31,2410.0,Call,499.7,523.7,434.49,3.0,0.0
^RUT,2026-07-31,2410.0,Put,12.0,13.6,17.01,1.0,0.0
^RUT,2026-07-31,2420.0,Put,31.8,35.7,89.67,6.0,15.0
^RUT,2026-07-31,2430.0,Put,13.1,14.6,24.5,1.0,0.0
^RUT,2026-07-31,2440.0,Put,13.6,15.2,20.0,5.0,0.0
^RUT,2026-07-31,2450.0,Call,200.4,205.8,277.45,,0.0
^RUT,2026-07-31,2450.0,Put,14.2,15.8,20.0,8.0,0.0
^RUT,2026-07-31,2460.0,Put,36.9,40.9,136.02,2.0,0.0
^RUT,2026-07-31,2470.0,Call,443.7,467.7,374.1,1.0,0.0
^RUT,2026-07-31,2470.0,Put,15.5,17.1,21.8,2.0,0.0
^RUT,2026-07-31,2490.0,Call,425.2,449.2,366.0,1.0,0.0
^RUT,2026-07-31,2490.0,Put,16.8,18.6,41.3,2.0,0.0
^RUT,2026-07-31,2500.0,Call,416.0,440.0,353.0,1.0,0.0
^RUT,2026-07-31,2500.0,Put,17.6,19.3,37.45,1.0,0.0
^RUT,2026-07-31,2510.0,Put,18.4,20.1,22.7,12.0,0.0
^RUT,2026-07-31,2520.0,Put,19.2,21.0,30.3,,0.0
^RUT,2026-07-31,2530.0,Call,388.7,412.7,291.48,,0.0
^RUT,2026-07-31,2530.0,Put,20.0,21.8,43.83,12.0,0.0
^RUT,2026-07-31,2550.0,Call,370.7,394.7,361.8,1.0,0.0
^RUT,2026-07-31,2550.0,Put,21.8,23.7,39.6,2.0,0.0
^RUT,2026-07-31,2560.0,Call,281.0,305.0,119.6,4.0,3.0
^RUT,2026-07-31,2560.0,Put,22.8,24.7,30.3,1.0,0.0
^RUT,2026-07-31,2570.0,Put,23.8,25.7,43.6,15.0,0.0
^RUT,2026-07-31,2580.0,Call,261.3,266.5,137.8,,38.0
^RUT,2026-07-31,2580.0,Put,24.9,26.8,38.37,1.0,0.0
^RUT,2026-07-31,2590.0,Call,119.9,124.3,208.65,,0.0
^RUT,2026-07-31,2590.0,Put,26.0,27.9,53.5,21.0,0.0
^RUT,2026-07-31,2600.0,Call,326.5,350.5,318.7,2.0,0.0
^RUT,2026-07-31,2600.0,Put,27.1,29.1,43.1,3.0,0.0
^RUT,2026-07-31,2610.0,Call,110.1,114.4,216.33,2.0,0.0
^RUT,2026-07-31,2610.0,Put,28.3,30.3,42.1,2.0,0.0
^RUT,2026-07-31,2620.0,Call,209.4,212.7,192.76,10.0,10.0
^RUT,2026-07-31,2620.0,Put,29.6,31.6,45.1,14.0,0.0
^RUT,2026-07-31,2630.0,Call,235.7,239.6,187.6,,2.0
^RUT,2026-07-31,2630.0,Put,30.9,32.9,49.3,,0.0
^RUT,2026-07-31,2640.0,Put,32.3,34.3,61.77,4.0,0.0
^RUT,2026-07-31,2650.0,Call,283.5,307.5,266.09,,0.0
^RUT,2026-07-31,2650.0,Put,33.8,35.8,57.7,2.0,0.0
^RUT,2026-07-31,2660.0,Call,198.5,213.0,143.02,4.0,2.0
^RUT,2026-07-31,2670.0,Call,191.1,206.0,128.8,2.0,1.0
^RUT,2026-07-31,2670.0,Put,36.9,38.9,73.2,,0.0
^RUT,2026-07-31,2680.0,Call,268.5,272.4,159.95,3.0,0.0
^RUT,2026-07-31,2680.0,Put,38.5,40.6,90.37,1.0,0.0
^RUT,2026-07-31,2690.0,Call,189.0,204.3,112.62,,1.0
^RUT,2026-07-31,2690.0,Put,40.3,42.4,63.9,7.0,0.0
^RUT,2026-07-31,2700.0,Call,172.3,185.0,110.37,3.0,3.0
^RUT,2026-07-31,2700.0,Put,42.1,44.2,62.16,9.0,0.0
^RUT,2026-07-31,2710.0,Call,165.9,170.9,101.71,2.0,1.0
^RUT,2026-07-31,2710.0,Put,44.0,46.1,68.79,1.0,0.0
^RUT,2026-07-31,2720.0,Call,236.4,240.1,137.65,4.0,0.0
^RUT,2026-07-31,2720.0,Put,46.1,48.1,67.0,1.0,0.0
^RUT,2026-07-31,2730.0,Call,228.6,232.3,211.3,2.0,0.0
^RUT,2026-07-31,2730.0,Put,48.1,50.3,75.56,1.0,0.0
^RUT,2026-07-31,2740.0,Call,220.9,224.4,163.95,2.0,0.0
^RUT,2026-07-31,2740.0,Put,50.3,52.5,105.69,12.0,0.0
^RUT,2026-07-31,2750.0,Call,213.3,216.8,197.13,2.0,0.0
^RUT,2026-07-31,2750.0,Put,52.6,54.8,64.36,3.0,0.0
^RUT,2026-07-31,2760.0,Call,205.8,209.4,101.7,1.0,0.0
^RUT,2026-07-31,2760.0,Put,55.1,57.2,64.1,8.0,0.0
^RUT,2026-07-31,2770.0,Call,198.5,202.0,159.9,1.0,0.0
^RUT,2026-07-31,2770.0,Put,57.6,59.8,68.93,20.0,0.0
^RUT,2026-07-31,2780.0,Call,191.2,194.7,135.2,41.0,0.0
^RUT,2026-07-31,2780.0,Put,60.2,62.4,70.91,6.0,0.0
^RUT,2026-07-31,2790.0,Call,184.1,187.5,162.05,1.0,0.0
^RUT,2026-07-31,2790.0,Put,63.0,65.3,74.16,2.0,0.0
^RUT,2026-07-31,2800.0,Call,177.1,180.3,157.98,2.0,0.0
^RUT,2026-07-31,2800.0,Put,65.9,68.1,95.65,11.0,0.0
^RUT,2026-07-31,2810.0,Put,68.8,71.2,80.98,18.0,0.0
^RUT,2026-07-31,2820.0,Call,163.6,166.6,116.25,,0.0
^RUT,2026-07-31,2820.0,Put,72.1,74.4,83.2,46.0,0.0
^RUT,2026-07-31,2830.0,Call,157.0,159.8,128.4,9.0,0.0
^RUT,2026-07-31,2830.0,Put,75.4,77.7,88.15,20.0,0.0
^RUT,2026-07-31,2840.0,Call,150.6,153.4,134.2,6.0,0.0
^RUT,2026-07-31,2840.0,Put,78.8,81.1,144.4,8.0,0.0
^RUT,2026-07-31,2850.0,Call,144.2,147.0,128.3,2.0,0.0
^RUT,2026-07-31,2850.0,Put,82.3,84.7,97.6,5.0,0.0
^RUT,2026-07-31,2860.0,Call,138.1,140.7,122.8,2.0,0.0
^RUT,2026-07-31,2860.0,Put,86.0,88.5,100.26,25.0,0.0
^RUT,2026-07-31,2870.0,Put,90.0,92.4,103.15,11.0,0.0
^RUT,2026-07-31,2880.0,Call,126.3,128.9,111.6,1.0,0.0
^RUT,2026-07-31,2890.0,Call,120.6,123.1,106.3,1.0,0.0
^RUT,2026-07-31,2900.0,Call,115.0,117.4,74.12,9.0,0.0
^RUT,2026-07-31,2900.0,Put,102.6,105.0,116.1,2.0,0.0
^RUT,2026-07-31,2910.0,Call,109.6,112.0,86.25,11.0,0.0
^RUT,2026-07-31,2910.0,Put,107.0,109.6,139.1,,0.0
^RUT,2026-07-31,2920.0,Call,104.4,106.9,102.39,6.0,0.0
^RUT,2026-07-31,2930.0,Call,109.3,114.8,22.83,2.0,0.0
^RUT,2026-07-31,2940.0,Call,94.4,96.8,73.4,7.0,0.0
^RUT,2026-07-31,2950.0,Call,89.7,92.1,76.66,1.0,0.0
^RUT,2026-07-31,2950.0,Put,126.9,129.3,181.3,,0.0
^RUT,2026-07-31,2960.0,Call,85.2,87.6,56.63,,0.0
^RUT,2026-07-31,2970.0,Call,80.7,83.1,68.76,1.0,0.0
^RUT,2026-07-31,2980.0,Call,76.5,78.9,64.0,1.0,0.0
^RUT,2026-07-31,2990.0,Call,81.6,86.5,14.05,2.0,0.0
^RUT,2026-07-31,3000.0,Call,68.5,70.8,58.4,5.0,0.0
^RUT,2026-07-31,3000.0,Put,155.1,157.9,263.2,1.0,0.0
^RUT,2026-07-31,3010.0,Call,64.8,67.2,56.42,6.0,0.0
^RUT,2026-07-31,3030.0,Call,57.7,60.0,50.2,6.0,0.0
^RUT,2026-07-31,3050.0,Call,51.2,53.6,42.6,2.0,0.0
^RUT,2026-07-31,3060.0,Call,23.8,26.7,19.4,,32.0
^RUT,2026-07-31,3070.0,Call,45.4,47.5,40.5,16.0,0.0
^RUT,2026-07-31,3100.0,Call,37.5,39.6,11.2,6.0,0.0
^RUT,2026-07-31,3100.0,Put,222.7,226.4,251.4,1.0,0.0
^RUT,2026-07-31,3110.0,Call,16.6,19.3,13.35,1.0,3.0
^RUT,2026-07-31,3130.0,Call,30.8,32.9,12.29,2.0,0.0
^RUT,2026-07-31,3150.0,Call,26.9,28.9,13.27,24.0,0.0
^RUT,2026-07-31,3200.0,Call,18.9,20.9,13.52,1.0,0.0
^RUT,2026-07-31,3250.0,Call,13.2,15.0,9.75,1.0,0.0
^RUT,2026-07-31,3250.0,Put,336.9,360.9,376.7,1.0,0.0
^RUT,2026-07-31,3300.0,Call,9.1,10.7,4.52,16.0,0.0
^RUT,2026-07-31,3350.0,Call,6.3,7.8,4.04,1.0,0.0
^RUT,2026-07-31,3400.0,Call,4.3,5.8,4.01,1.0,0.0
^RUT,2026-07-31,3450.0,Call,3.1,4.3,2.63,10.0,0.0
^RUT,2026-07-31,3500.0,Call,2.25,3.3,0.9,1.0,0.0
^RUT,2026-07-31,3550.0,Call,1.65,2.55,0.71,1.0,0.0
^RUT,2026-07-31,3600.0,Call,1.15,2.05,1.2,10.0,0.0
^RUT,2026-07-31,3650.0,Call,0.8,1.65,1.57,3.0,0.0
^RUT,2026-07-31,3700.0,Call,0.55,1.5,0.42,3.0,0.0
^RUT,2026-07-31,3800.0,Call,0.0,1.05,1.58,3.0,0.0
^RUT,2026-07-31,3850.0,Call,0.0,1.05,0.7,1.0,0.0
^RUT,2026-07-31,3850.0,Put,1027.6,1051.0,1334.6,,1.0
^RUT,2026-07-31,3900.0,Call,0.05,0.85,0.45,2.0,0.0
^RUT,2026-07-31,3900.0,Put,1078.0,1100.0,1348.1,,1.0
^RUT,2026-08-21,1650.0,Put,1.4,2.1,2.95,,0.0
^RUT,2026-08-21,1800.0,Call,1095.8,1119.8,983.8,,0.0
^RUT,2026-08-21,1800.0,Put,2.4,3.1,4.41,,0.0
^RUT,2026-08-21,1850.0,Put,2.85,3.6,4.38,,0.0
^RUT,2026-08-21,1900.0,Put,3.2,3.9,6.15,,0.0
^RUT,2026-08-21,2050.0,Put,5.3,6.3,7.78,,0.0
^RUT,2026-08-21,2100.0,Call,802.8,826.8,715.7,,0.0
^RUT,2026-08-21,2150.0,Put,7.3,8.4,8.77,1.0,0.0
^RUT,2026-08-21,2200.0,Put,8.6,9.7,10.3,1.0,0.0
^RUT,2026-08-21,2250.0,Put,10.1,11.4,16.01,,0.0
^RUT,2026-08-21,2300.0,Put,12.0,13.4,22.5,6.0,0.0
^RUT,2026-08-21,2350.0,Put,14.4,15.8,17.42,4.0,0.0
^RUT,2026-08-21,2400.0,Put,17.3,18.7,19.66,3.0,0.0
^RUT,2026-08-21,2450.0,Put,20.8,22.3,24.3,2.0,0.0
^RUT,2026-08-21,2500.0,Put,25.1,26.7,29.52,1.0,0.0
^RUT,2026-08-21,2550.0,Put,30.3,32.0,38.59,1.0,0.0
^RUT,2026-08-21,2560.0,Put,31.5,33.2,37.06,9.0,0.0
^RUT,2026-08-21,2580.0,Put,34.0,35.7,40.96,50.0,0.0
^RUT,2026-08-21,2600.0,Put,36.7,38.4,44.13,4.0,0.0
^RUT,2026-08-21,2620.0,Call,321.7,345.7,307.7,,0.0
^RUT,2026-08-21,2670.0,Put,48.0,49.9,60.4,,0.0
^RUT,2026-08-21,2690.0,Call,275.0,278.4,196.71,,0.0
^RUT,2026-08-21,2690.0,Put,51.9,53.8,85.1,,0.0
^RUT,2026-08-21,2700.0,Put,54.0,55.8,68.0,,0.0
^RUT,2026-08-21,2730.0,Put,60.7,62.6,102.2,,0.0
^RUT,2026-08-21,2740.0,Put,63.2,65.0,104.2,,0.0
^RUT,2026-08-21,2750.0,Call,229.4,232.5,130.28,,0.0
^RUT,2026-08-21,2750.0,Put,65.6,67.6,118.28,,0.0
^RUT,2026-08-21,2760.0,Call,222.1,225.2,184.1,,0.0
^RUT,2026-08-21,2760.0,Put,68.3,70.1,77.93,6.0,0.0
^RUT,2026-08-21,2770.0,Put,70.9,72.9,80.98,4.0,0.0
^RUT,2026-08-21,2780.0,Call,208.0,211.0,111.5,,0.0
^RUT,2026-08-21,2780.0,Put,73.8,75.7,120.2,,0.0
^RUT,2026-08-21,2790.0,Put,76.7,78.7,109.4,14.0,0.0
^RUT,2026-08-21,2800.0,Call,194.3,197.1,140.23,1.0,0.0
^RUT,2026-08-21,2800.0,Put,79.8,81.7,114.0,,0.0
^RUT,2026-08-21,2810.0,Call,187.6,190.3,134.63,,0.0
^RUT,2026-08-21,2810.0,Put,82.9,85.0,114.3,,0.0
^RUT,2026-08-21,2820.0,Put,86.1,88.2,122.7,,0.0
^RUT,2026-08-21,2840.0,Put,93.0,95.2,132.6,,0.0
^RUT,2026-08-21,2850.0,Put,96.8,98.8,110.6,9.0,0.0
^RUT,2026-08-21,2860.0,Call,155.9,158.2,111.8,,0.0
^RUT,2026-08-21,2870.0,Put,104.4,106.6,124.1,,0.0
^RUT,2026-08-21,2880.0,Put,108.5,110.6,126.4,49.0,0.0
^RUT,2026-08-21,2890.0,Put,112.7,114.8,128.2,4.0,0.0
^RUT,2026-08-21,2900.0,Call,132.9,135.1,116.69,10.0,0.0
^RUT,2026-08-21,2900.0,Put,117.0,119.2,133.0,1.0,0.0
^RUT,2026-08-21,2910.0,Call,127.5,129.6,112.02,16.0,0.0
^RUT,2026-08-21,2910.0,Put,121.6,123.7,138.1,15.0,0.0
^RUT,2026-08-21,2920.0,Call,122.3,124.5,106.99,5.0,0.0
^RUT,2026-08-21,2920.0,Put,126.1,128.3,142.9,1.0,0.0
^RUT,2026-08-21,2940.0,Call,112.2,114.3,109.6,,0.0
^RUT,2026-08-21,3020.0,Call,77.5,79.5,49.26,,0.0
^RUT,2026-08-21,3040.0,Call,70.3,72.3,44.17,,0.0
^RUT,2026-08-21,3080.0,Call,57.3,59.3,29.8,,0.0
^RUT,2026-08-21,3100.0,Call,51.5,53.5,41.57,2.0,0.0
^RUT,2026-08-21,3150.0,Call,39.1,40.9,12.9,,0.0
^RUT,2026-08-21,3200.0,Call,29.3,31.0,24.61,12.0,0.0
^RUT,2026-08-21,3250.0,Call,21.7,23.3,18.0,1.0,0.0
^RUT,2026-08-21,3300.0,Call,15.9,17.5,9.1,,0.0
^RUT,2026-08-21,3350.0,Call,11.7,13.1,12.21,,0.0
^RUT,2026-08-21,3450.0,Call,6.3,7.6,3.2,2.0,0.0
^RUT,2026-08-21,3500.0,Call,4.7,5.9,4.91,1.0,0.0
^RUT,2026-08-21,3550.0,Call,3.5,4.6,2.44,,0.0
^RUT,2026-08-21,3600.0,Call,2.7,3.7,2.53,1.0,0.0
^RUT,2026-08-31,1350.0,Put,0.4,1.35,1.35,10.0,0.0
^RUT,2026-08-31,1400.0,Put,0.5,1.35,2.22,2.0,0.0
^RUT,2026-08-31,1500.0,Call,1391.7,1415.7,1228.49,1.0,0.0
^RUT,2026-08-31,1500.0,Put,0.85,1.7,2.76,1.0,0.0
^RUT,2026-08-31,1600.0,Put,1.35,2.3,3.11,220.0,0.0
^RUT,2026-08-31,1650.0,Put,0.0,10.0,5.6,1.0,1.0
^RUT,2026-08-31,1700.0,Call,0.0,0.0,754.06,1.0,0.0
^RUT,2026-08-31,1700.0,Put,1.95,2.95,3.9,8.0,0.0
^RUT,2026-08-31,1750.0,Put,2.35,3.3,7.4,,0.0
^RUT,2026-08-31,1800.0,Call,0.0,0.0,660.78,2.0,0.0
^RUT,2026-08-31,1800.0,Put,2.8,3.9,3.7,8.0,0.0
^RUT,2026-08-31,1850.0,Put,3.3,4.4,6.2,,0.0
^RUT,2026-08-31,1900.0,Put,3.9,5.0,7.0,1.0,0.0
^RUT,2026-08-31,2000.0,Put,5.3,6.5,14.1,,0.0
^RUT,2026-08-31,2050.0,Put,6.1,7.5,15.47,3.0,0.0
^RUT,2026-08-31,2100.0,Put,7.1,8.6,13.16,220.0,0.0
^RUT,2026-08-31,2120.0,Put,8.2,18.0,23.2,6.0,0.0
^RUT,2026-08-31,2130.0,Put,7.8,9.3,14.71,1.0,0.0
^RUT,2026-08-31,2150.0,Put,8.3,9.9,21.8,3.0,0.0
^RUT,2026-08-31,2180.0,Put,11.0,21.0,39.05,4.0,0.0
^RUT,2026-08-31,2190.0,Put,9.4,11.1,26.53,2.0,0.0
^RUT,2026-08-31,2200.0,Put,9.7,11.4,23.91,1.0,0.0
^RUT,2026-08-31,2210.0,Put,12.0,19.3,37.1,2.0,1.0
^RUT,2026-08-31,2220.0,Put,10.4,12.1,29.13,2.0,0.0
^RUT,2026-08-31,2230.0,Put,10.7,12.5,25.92,2.0,0.0
^RUT,2026-08-31,2240.0,Put,11.1,12.9,24.77,2.0,0.0
^RUT,2026-08-31,2250.0,Put,11.5,13.3,25.73,2.0,0.0
^RUT,2026-08-31,2260.0,Call,651.4,675.4,614.53,2.0,0.0
^RUT,2026-08-31,2260.0,Put,11.9,13.7,26.58,2.0,0.0
^RUT,2026-08-31,2270.0,Put,12.3,14.1,22.47,2.0,0.0
^RUT,2026-08-31,2280.0,Put,12.7,14.6,18.92,1.0,0.0
^RUT,2026-08-31,2290.0,Put,13.2,15.0,15.9,1.0,0.0
^RUT,2026-08-31,2300.0,Call,0.0,0.0,326.75,,0.0
^RUT,2026-08-31,2300.0,Put,13.6,15.5,20.5,1.0,0.0
^RUT,2026-08-31,2310.0,Put,14.1,16.0,24.37,4.0,0.0
^RUT,2026-08-31,2330.0,Put,15.2,17.1,33.47,,0.0
^RUT,2026-08-31,2340.0,Put,15.7,17.6,35.6,1.0,0.0
^RUT,2026-08-31,2350.0,Put,16.2,18.2,27.3,1.0,0.0
^RUT,2026-08-31,2370.0,Put,17.4,19.4,30.07,10.0,0.0
^RUT,2026-08-31,2380.0,Put,18.1,20.1,33.7,1.0,0.0
^RUT,2026-08-31,2390.0,Put,18.7,20.8,34.07,1.0,0.0
^RUT,2026-08-31,2400.0,Call,250.9,258.0,281.51,2.0,0.0
^RUT,2026-08-31,2400.0,Put,19.4,21.5,35.22,1.0,0.0
^RUT,2026-08-31,2410.0,Put,20.1,22.2,31.72,12.0,0.0
^RUT,2026-08-31,2420.0,Put,20.9,23.0,27.96,4.0,0.0
^RUT,2026-08-31,2430.0,Call,493.1,517.1,500.88,,0.0
^RUT,2026-08-31,2430.0,Put,21.6,23.7,29.5,,0.0
^RUT,2026-08-31,2440.0,Put,22.4,24.6,30.7,,0.0
^RUT,2026-08-31,2450.0,Put,23.3,25.4,38.1,2.0,0.0
^RUT,2026-08-31,2460.0,Put,24.1,26.3,36.2,,0.0
^RUT,2026-08-31,2470.0,Put,25.0,27.2,36.0,2.0,0.0
^RUT,2026-08-31,2480.0,Call,0.0,0.0,210.0,,0.0
^RUT,2026-08-31,2480.0,Put,26.0,28.1,37.1,,0.0
^RUT,2026-08-31,2490.0,Put,26.9,29.1,41.43,8.0,0.0
^RUT,2026-08-31,2500.0,Call,430.2,454.2,352.54,25.0,0.0
^RUT,2026-08-31,2500.0,Put,27.9,30.2,40.9,1.0,0.0
^RUT,2026-08-31,2510.0,Put,29.0,31.2,37.96,3.0,0.0
^RUT,2026-08-31,2520.0,Call,412.6,436.6,336.9,,0.0
^RUT,2026-08-31,2520.0,Put,30.1,32.3,42.37,4.0,0.0
^RUT,2026-08-31,2530.0,Put,31.1,33.5,45.39,4.0,0.0
^RUT,2026-08-31,2540.0,Put,32.3,34.7,47.15,8.0,0.0
^RUT,2026-08-31,2550.0,Call,386.5,410.5,386.6,,0.0
^RUT,2026-08-31,2550.0,Put,33.5,35.9,40.0,3.0,0.0
^RUT,2026-08-31,2560.0,Put,34.8,37.2,45.11,9.0,0.0
^RUT,2026-08-31,2570.0,Put,36.2,38.5,42.88,1.0,0.0
^RUT,2026-08-31,2580.0,Call,284.0,308.0,131.19,,1.0
^RUT,2026-08-31,2580.0,Put,37.5,39.9,47.71,4.0,0.0
^RUT,2026-08-31,2590.0,Put,38.9,41.3,55.85,2.0,0.0
^RUT,2026-08-31,2600.0,Call,133.9,139.3,161.13,1.0,0.0
^RUT,2026-08-31,2600.0,Put,40.4,42.8,51.7,2.0,0.0
^RUT,2026-08-31,2610.0,Put,41.9,44.4,61.57,,0.0
^RUT,2026-08-31,2620.0,Put,43.5,46.0,54.2,1.0,0.0
^RUT,2026-08-31,2630.0,Put,45.2,47.6,63.79,2.0,0.0
^RUT,2026-08-31,2640.0,Put,46.8,49.4,81.51,1.0,0.0
^RUT,2026-08-31,2650.0,Call,0.0,0.0,118.12,10.0,0.0
^RUT,2026-08-31,2650.0,Put,48.7,51.1,83.59,,0.0
^RUT,2026-08-31,2660.0,Call,234.3,239.5,190.89,2.0,1.0
^RUT,2026-08-31,2670.0,Put,52.4,55.0,81.27,1.0,0.0
^RUT,2026-08-31,2690.0,Call,198.0,212.3,170.5,1.0,1.0
^RUT,2026-08-31,2690.0,Put,56.5,59.0,86.67,1.0,0.0
^RUT,2026-08-31,2700.0,Call,273.1,277.3,242.51,2.0,0.0
^RUT,2026-08-31,2700.0,Put,58.7,61.2,76.26,3.0,0.0
^RUT,2026-08-31,2720.0,Call,0.0,0.0,92.9,1.0,0.0
^RUT,2026-08-31,2720.0,Put,63.1,65.8,81.29,,0.0
^RUT,2026-08-31,2730.0,Call,177.2,181.9,110.61,6.0,2.0
^RUT,2026-08-31,2730.0,Put,65.6,68.2,116.6,,0.0
^RUT,2026-08-31,2740.0,Call,170.5,175.9,107.78,2.0,0.0
^RUT,2026-08-31,2750.0,Call,235.8,239.7,142.46,4.0,0.0
^RUT,2026-08-31,2750.0,Put,70.7,73.4,81.13,2.0,0.0
^RUT,2026-08-31,2760.0,Call,228.6,232.5,181.25,2.0,0.0
^RUT,2026-08-31,2770.0,Call,221.6,225.5,168.07,2.0,0.0
^RUT,2026-08-31,2780.0,Call,214.0,219.0,158.0,5.0,0.0
^RUT,2026-08-31,2790.0,Call,207.8,211.5,159.28,2.0,0.0
^RUT,2026-08-31,2800.0,Call,201.0,204.6,155.23,8.0,0.0
^RUT,2026-08-31,2800.0,Put,85.1,87.9,104.84,2.0,0.0
^RUT,2026-08-31,2810.0,Call,194.4,198.0,156.01,4.0,0.0
^RUT,2026-08-31,2810.0,Put,136.8,140.9,239.86,,1.0
^RUT,2026-08-31,2820.0,Call,187.8,191.3,143.14,2.0,0.0
^RUT,2026-08-31,2830.0,Call,181.5,184.9,134.49,4.0,0.0
^RUT,2026-08-31,2830.0,Put,95.0,98.0,111.5,,0.0
^RUT,2026-08-31,2840.0,Put,98.7,101.6,127.7,,0.0
^RUT,2026-08-31,2850.0,Call,169.0,172.4,154.98,1.0,0.0
^RUT,2026-08-31,2850.0,Put,102.3,105.3,132.66,20.0,0.0
^RUT,2026-08-31,2860.0,Call,162.9,166.2,163.59,8.0,0.0
^RUT,2026-08-31,2860.0,Put,106.1,109.2,166.99,287.0,0.0
^RUT,2026-08-31,2870.0,Call,157.0,160.2,125.89,24.0,0.0
^RUT,2026-08-31,2880.0,Call,151.2,154.4,149.93,4.0,0.0
^RUT,2026-08-31,2890.0,Call,145.6,148.8,130.47,2.0,0.0
^RUT,2026-08-31,2900.0,Call,140.0,143.1,99.02,2.0,0.0
^RUT,2026-08-31,2900.0,Put,122.8,125.7,170.39,1.0,0.0
^RUT,2026-08-31,2920.0,Call,129.3,132.4,128.21,,0.0
^RUT,2026-08-31,2930.0,Call,124.2,127.2,123.3,3.0,0.0
^RUT,2026-08-31,2940.0,Call,119.2,122.2,94.7,1.0,0.0
^RUT,2026-08-31,2950.0,Call,114.3,117.3,96.34,20.0,0.0
^RUT,2026-08-31,2950.0,Put,146.5,149.5,241.65,1.0,0.0
^RUT,2026-08-31,2960.0,Call,109.6,112.6,85.18,4.0,0.0
^RUT,2026-08-31,2970.0,Call,105.0,108.0,93.59,4.0,0.0
^RUT,2026-08-31,2970.0,Put,156.8,159.9,256.0,1.0,0.0
^RUT,2026-08-31,2980.0,Call,100.6,103.5,93.37,2.0,0.0
^RUT,2026-08-31,2990.0,Call,96.3,99.3,38.5,1.0,0.0
^RUT,2026-08-31,3000.0,Call,92.1,95.0,62.02,70.0,0.0
^RUT,2026-08-31,3000.0,Put,173.5,176.7,293.23,,0.0
^RUT,2026-08-31,3010.0,Call,88.1,91.1,77.62,2.0,0.0
^RUT,2026-08-31,3020.0,Call,84.2,87.1,73.75,4.0,0.0
^RUT,2026-08-31,3020.0,Put,185.3,188.6,273.8,,0.0
^RUT,2026-08-31,3030.0,Call,80.4,83.3,76.36,12.0,0.0
^RUT,2026-08-31,3040.0,Call,76.7,79.6,53.2,1.0,0.0
^RUT,2026-08-31,3050.0,Call,73.2,76.0,55.99,35.0,0.0
^RUT,2026-08-31,3050.0,Put,203.9,207.3,229.8,2.0,0.0
^RUT,2026-08-31,3060.0,Call,69.8,72.6,62.17,2.0,0.0
^RUT,2026-08-31,3070.0,Call,66.5,69.3,58.74,2.0,0.0
^RUT,2026-08-31,3070.0,Put,216.9,220.5,312.7,,0.0
^RUT,2026-08-31,3080.0,Call,63.4,66.2,41.22,2.0,0.0
^RUT,2026-08-31,3090.0,Call,60.3,63.0,40.7,1.0,0.0
^RUT,2026-08-31,3090.0,Put,230.4,234.2,320.9,,0.0
^RUT,2026-08-31,3100.0,Call,57.4,60.1,36.36,16.0,0.0
^RUT,2026-08-31,3110.0,Put,244.4,248.3,322.1,,0.0
^RUT,2026-08-31,3120.0,Call,51.9,54.5,53.83,8.0,0.0
^RUT,2026-08-31,3130.0,Call,49.3,52.0,30.1,27.0,0.0
^RUT,2026-08-31,3140.0,Call,46.8,49.4,41.4,26.0,0.0
^RUT,2026-08-31,3150.0,Call,44.4,47.1,19.59,1.0,0.0
^RUT,2026-08-31,3200.0,Call,33.9,36.5,20.26,53.0,0.0
^RUT,2026-08-31,3250.0,Call,25.6,28.1,12.2,16.0,0.0
^RUT,2026-08-31,3300.0,Call,19.2,21.5,11.6,2.0,0.0
^RUT,2026-08-31,3350.0,Call,14.4,16.5,12.0,5.0,0.0
^RUT,2026-08-31,3400.0,Call,10.7,12.7,11.1,18.0,0.0
^RUT,2026-08-31,3450.0,Call,8.0,9.9,3.3,1.0,0.0
^RUT,2026-08-31,3500.0,Call,6.0,7.8,4.33,10.0,0.0
^RUT,2026-08-31,3550.0,Call,4.6,6.2,2.9,1.0,0.0
^RUT,2026-08-31,3600.0,Call,3.5,5.0,1.6,,0.0
^RUT,2026-08-31,3650.0,Call,2.75,4.0,2.72,2.0,0.0
^RUT,2026-08-31,3700.0,Call,2.15,3.3,1.5,3.0,0.0
^RUT,2026-08-31,3750.0,Call,1.65,2.75,1.27,,0.0
^RUT,2026-08-31,3800.0,Call,1.25,2.3,1.47,,0.0
^RUT,2026-08-31,3850.0,Call,0.95,1.95,1.0,1.0,0.0
^RUT,2026-08-31,3900.0,Call,0.65,1.65,1.35,2.0,0.0
^RUT,2026-09-18,1250.0,Call,1522.0,1541.8,1264.87,1.0,1.0
^RUT,2026-09-18,1250.0,Put,0.55,1.35,1.65,1.0,0.0
^RUT,2026-09-18,1300.0,Put,0.45,4.8,5.25,1.0,251.0
^RUT,2026-09-18,1350.0,Call,1281.0,1300.9,1187.32,2.0,0.0
^RUT,2026-09-18,1350.0,Put,0.85,1.65,1.81,6.0,0.0
^RUT,2026-09-18,1400.0,Call,1491.1,1515.1,1469.07,,0.0
^RUT,2026-09-18,1400.0,Put,1.05,1.85,1.98,5.0,0.0
^RUT,2026-09-18,1450.0,Put,0.35,10.0,4.01,1.0,14.0
^RUT,2026-09-18,1500.0,Call,1280.1,1300.1,1023.89,,1.0
^RUT,2026-09-18,1500.0,Put,2.0,3.9,11.47,1.0,0.0
^RUT,2026-09-18,1550.0,Put,1.9,2.7,5.05,1.0,0.0
^RUT,2026-09-18,1600.0,Call,1294.9,1318.9,1272.89,31.0,0.0
^RUT,2026-09-18,1600.0,Put,2.25,3.1,3.85,31.0,0.0
^RUT,2026-09-18,1650.0,Put,2.65,3.5,4.35,3.0,0.0
^RUT,2026-09-18,1700.0,Put,3.1,4.0,4.11,2.0,0.0
^RUT,2026-09-18,1750.0,Put,3.6,4.5,6.46,40.0,0.0
^RUT,2026-09-18,1800.0,Put,4.2,5.1,6.33,76.0,0.0
^RUT,2026-09-18,1850.0,Put,4.9,5.8,5.74,161.0,0.0
^RUT,2026-09-18,1900.0,Put,5.6,6.6,6.67,19.0,0.0
^RUT,2026-09-18,1930.0,Put,6.1,7.1,9.38,37.0,0.0
^RUT,2026-09-18,1940.0,Put,7.8,10.3,39.9,,0.0
^RUT,2026-09-18,1950.0,Call,579.8,599.7,766.69,6.0,6.0
^RUT,2026-09-18,1950.0,Put,6.4,7.5,10.34,14.0,0.0
^RUT,2026-09-18,1960.0,Call,843.3,850.6,784.51,6.0,6.0
^RUT,2026-09-18,1960.0,Put,6.6,7.7,10.6,56.0,0.0
^RUT,2026-09-18,1970.0,Put,6.8,7.9,10.63,6.0,0.0
^RUT,2026-09-18,1980.0,Call,0.0,0.0,574.74,6.0,0.0
^RUT,2026-09-18,1980.0,Put,7.0,8.1,11.56,62.0,0.0
^RUT,2026-09-18,1990.0,Call,577.1,601.1,683.97,6.0,0.0
^RUT,2026-09-18,1990.0,Put,7.2,8.3,12.06,4.0,0.0
^RUT,2026-09-18,2000.0,Call,799.0,818.8,566.77,,6.0
^RUT,2026-09-18,2000.0,Put,7.3,8.5,8.77,2.0,0.0
^RUT,2026-09-18,2010.0,Call,789.0,808.9,558.07,,6.0
^RUT,2026-09-18,2010.0,Put,7.6,8.7,9.14,5.0,0.0
^RUT,2026-09-18,2020.0,Call,550.9,574.9,647.22,,0.0
^RUT,2026-09-18,2020.0,Put,7.8,9.0,13.3,19.0,0.0
^RUT,2026-09-18,2030.0,Call,542.2,566.2,638.34,,0.0
^RUT,2026-09-18,2030.0,Put,8.0,9.2,12.8,2.0,0.0
^RUT,2026-09-18,2040.0,Call,866.9,890.9,768.66,6.0,0.0
^RUT,2026-09-18,2040.0,Put,8.2,9.4,12.8,6.0,0.0
^RUT,2026-09-18,2050.0,Put,8.4,9.7,13.1,4.0,0.0
^RUT,2026-09-18,2060.0,Put,8.7,9.9,13.7,29.0,0.0
^RUT,2026-09-18,2070.0,Call,838.0,862.0,756.32,6.0,0.0
^RUT,2026-09-18,2070.0,Put,8.9,10.2,11.2,21.0,0.0
^RUT,2026-09-18,2080.0,Put,9.2,10.5,12.53,10.0,0.0
^RUT,2026-09-18,2090.0,Put,9.5,10.8,13.0,15.0,0.0
^RUT,2026-09-18,2100.0,Call,705.9,725.9,495.92,,12.0
^RUT,2026-09-18,2100.0,Put,9.7,11.1,13.5,89.0,0.0
^RUT,2026-09-18,2110.0,Call,696.1,716.1,487.98,,12.0
^RUT,2026-09-18,2110.0,Put,10.0,11.4,13.86,9.0,0.0
^RUT,2026-09-18,2120.0,Put,10.3,11.7,12.1,1.0,0.0
^RUT,2026-09-18,2130.0,Put,44.5,46.4,84.3,26.0,26.0
^RUT,2026-09-18,2140.0,Put,10.9,12.3,12.99,12.0,0.0
^RUT,2026-09-18,2150.0,Call,761.4,785.4,681.71,,0.0
^RUT,2026-09-18,2150.0,Put,11.2,12.7,19.57,140.0,0.0
^RUT,2026-09-18,2160.0,Put,11.6,13.0,18.0,5.0,0.0
^RUT,2026-09-18,2170.0,Put,58.3,61.7,46.2,,0.0
^RUT,2026-09-18,2190.0,Put,15.4,18.3,79.4,,0.0
^RUT,2026-09-18,2200.0,Call,537.1,557.1,508.44,8.0,8.0
^RUT,2026-09-18,2200.0,Put,13.1,14.6,15.01,120.0,0.0
^RUT,2026-09-18,2210.0,Put,13.5,15.0,21.5,140.0,0.0
^RUT,2026-09-18,2230.0,Put,22.2,24.2,35.2,2.0,16.0
^RUT,2026-09-18,2240.0,Put,14.8,16.3,32.12,1.0,0.0
^RUT,2026-09-18,2250.0,Call,405.9,412.2,525.48,,0.0
^RUT,2026-09-18,2250.0,Put,15.3,16.8,20.5,2.0,0.0
^RUT,2026-09-18,2260.0,Call,349.6,357.7,403.8,,1.0
^RUT,2026-09-18,2260.0,Put,15.8,17.3,33.1,1.0,0.0
^RUT,2026-09-18,2270.0,Put,16.3,17.9,25.7,45.0,0.0
^RUT,2026-09-18,2280.0,Put,16.8,18.4,24.1,8.0,0.0
^RUT,2026-09-18,2290.0,Call,294.3,307.4,374.09,2.0,2.0
^RUT,2026-09-18,2290.0,Put,17.3,18.9,25.2,1.0,0.0
^RUT,2026-09-18,2300.0,Call,620.2,644.2,604.0,1.0,0.0
^RUT,2026-09-18,2300.0,Put,17.9,19.5,22.5,300.0,0.0
^RUT,2026-09-18,2310.0,Call,446.2,464.3,328.56,2.0,11.0
^RUT,2026-09-18,2310.0,Put,18.5,20.1,27.3,1.0,0.0
^RUT,2026-09-18,2320.0,Call,276.5,288.0,346.41,,9.0
^RUT,2026-09-18,2320.0,Put,19.1,20.7,23.9,4.0,0.0
^RUT,2026-09-18,2330.0,Call,270.2,281.7,338.31,18.0,9.0
^RUT,2026-09-18,2330.0,Put,27.0,32.6,64.2,8.0,49.0
^RUT,2026-09-18,2340.0,Call,490.7,510.7,287.15,4.0,14.0
^RUT,2026-09-18,2340.0,Put,20.4,22.0,25.6,1.0,0.0
^RUT,2026-09-18,2350.0,Call,0.0,0.0,257.53,3.0,0.0
^RUT,2026-09-18,2350.0,Put,21.0,22.7,24.6,2.0,0.0
^RUT,2026-09-18,2360.0,Call,251.3,263.2,318.55,,9.0
^RUT,2026-09-18,2360.0,Put,21.7,23.4,25.58,3.0,0.0
^RUT,2026-09-18,2370.0,Call,0.0,0.0,280.02,1.0,0.0
^RUT,2026-09-18,2370.0,Put,22.4,24.2,28.0,1.0,0.0
^RUT,2026-09-18,2380.0,Call,0.0,0.0,273.35,1.0,0.0
^RUT,2026-09-18,2380.0,Put,23.2,24.9,34.73,4.0,0.0
^RUT,2026-09-18,2390.0,Call,391.3,396.7,345.35,10.0,9.0
^RUT,2026-09-18,2390.0,Put,24.0,25.7,36.74,2.0,0.0
^RUT,2026-09-18,2400.0,Call,0.0,0.0,208.45,2.0,0.0
^RUT,2026-09-18,2400.0,Put,24.8,26.5,43.72,1.0,0.0
^RUT,2026-09-18,2410.0,Call,308.5,313.9,221.22,1.0,12.0
^RUT,2026-09-18,2410.0,Put,25.6,27.4,35.2,3.0,0.0
^RUT,2026-09-18,2420.0,Call,301.6,306.9,171.73,2.0,10.0
^RUT,2026-09-18,2420.0,Put,26.5,28.2,40.4,1.0,0.0
^RUT,2026-09-18,2430.0,Call,294.8,300.0,173.56,7.0,13.0
^RUT,2026-09-18,2430.0,Put,27.4,29.2,34.4,2.0,0.0
^RUT,2026-09-18,2440.0,Call,406.0,424.7,198.14,2.0,17.0
^RUT,2026-09-18,2440.0,Put,28.3,30.1,33.19,1.0,0.0
^RUT,2026-09-18,2450.0,Call,0.0,0.0,200.0,1.0,0.0
^RUT,2026-09-18,2450.0,Put,29.2,31.1,34.28,5.0,0.0
^RUT,2026-09-18,2460.0,Call,0.0,0.0,239.71,2.0,0.0
^RUT,2026-09-18,2460.0,Put,30.3,32.1,35.86,1.0,0.0
^RUT,2026-09-18,2470.0,Call,218.7,223.4,333.28,10.0,0.0
^RUT,2026-09-18,2470.0,Put,31.3,33.2,37.03,1.0,0.0
^RUT,2026-09-18,2480.0,Call,0.0,0.0,231.42,2.0,0.0
^RUT,2026-09-18,2480.0,Put,32.3,34.2,32.1,5.0,0.0
^RUT,2026-09-18,2490.0,Call,285.3,290.1,195.7,2.0,17.0
^RUT,2026-09-18,2490.0,Put,51.8,55.4,89.55,6.0,20.0
^RUT,2026-09-18,2500.0,Call,0.0,0.0,187.92,2000.0,0.0
^RUT,2026-09-18,2500.0,Put,34.6,36.5,34.25,5.0,0.0
^RUT,2026-09-18,2510.0,Call,351.6,370.4,191.2,2.0,10.0
^RUT,2026-09-18,2510.0,Put,55.4,58.1,84.8,3.0,248.0
^RUT,2026-09-18,2520.0,Call,422.3,446.3,386.0,62.0,0.0
^RUT,2026-09-18,2520.0,Put,37.0,38.9,49.2,6.0,0.0
^RUT,2026-09-18,2530.0,Call,0.0,0.0,162.07,1.0,0.0
^RUT,2026-09-18,2530.0,Put,38.2,40.3,52.0,60.0,0.0
^RUT,2026-09-18,2540.0,Call,0.0,0.0,157.66,3.0,0.0
^RUT,2026-09-18,2540.0,Put,39.6,41.5,45.07,30.0,0.0
^RUT,2026-09-18,2550.0,Call,396.7,420.7,387.39,1.0,0.0
^RUT,2026-09-18,2550.0,Put,40.9,42.9,55.8,156.0,0.0
^RUT,2026-09-18,2560.0,Call,388.2,412.2,336.08,180.0,0.0
^RUT,2026-09-18,2560.0,Put,42.3,44.4,66.0,3.0,0.0
^RUT,2026-09-18,2570.0,Call,0.0,0.0,152.47,11.0,0.0
^RUT,2026-09-18,2570.0,Put,43.8,45.8,65.67,6.0,0.0
^RUT,2026-09-18,2580.0,Call,0.0,0.0,152.2,17.0,0.0
^RUT,2026-09-18,2580.0,Put,45.3,47.4,70.0,6.0,0.0
^RUT,2026-09-18,2590.0,Call,286.6,291.4,205.44,3.0,206.0
^RUT,2026-09-18,2590.0,Put,46.9,48.9,64.3,21.0,0.0
^RUT,2026-09-18,2600.0,Call,354.9,378.9,344.61,2.0,0.0
^RUT,2026-09-18,2600.0,Put,48.5,50.6,58.85,15.0,0.0
^RUT,2026-09-18,2610.0,Call,346.7,370.7,295.3,1.0,0.0
^RUT,2026-09-18,2610.0,Put,50.2,52.3,57.2,2.0,0.0
^RUT,2026-09-18,2620.0,Call,264.8,269.4,187.64,3.0,14.0
^RUT,2026-09-18,2620.0,Put,51.9,54.0,60.2,7.0,0.0
^RUT,2026-09-18,2630.0,Call,273.8,275.9,224.1,1.0,359.0
^RUT,2026-09-18,2630.0,Put,53.8,55.8,61.1,2.0,0.0
^RUT,2026-09-18,2640.0,Call,332.5,336.4,247.99,1.0,0.0
^RUT,2026-09-18,2640.0,Put,55.6,57.7,64.53,104.0,0.0
^RUT,2026-09-18,2650.0,Call,324.6,328.5,308.39,1.0,0.0
^RUT,2026-09-18,2650.0,Put,57.5,59.6,66.3,5.0,0.0
^RUT,2026-09-18,2660.0,Call,236.4,241.1,170.89,3.0,19.0
^RUT,2026-09-18,2660.0,Put,59.5,61.7,68.0,1.0,0.0
^RUT,2026-09-18,2670.0,Call,225.0,244.7,164.82,6.0,11.0
^RUT,2026-09-18,2670.0,Put,61.6,63.8,71.5,18.0,0.0
^RUT,2026-09-18,2680.0,Call,218.0,238.0,160.01,6.0,21.0
^RUT,2026-09-18,2680.0,Put,63.7,65.9,72.9,1.0,0.0
^RUT,2026-09-18,2690.0,Call,216.2,220.5,154.93,6.0,6.0
^RUT,2026-09-18,2690.0,Put,65.9,68.2,75.5,1.0,0.0
^RUT,2026-09-18,2700.0,Call,286.1,289.8,279.3,1.0,0.0
^RUT,2026-09-18,2700.0,Put,68.3,70.4,78.9,3.0,0.0
^RUT,2026-09-18,2710.0,Call,278.6,282.3,257.8,1.0,0.0
^RUT,2026-09-18,2710.0,Put,70.6,72.8,80.6,1.0,0.0
^RUT,2026-09-18,2720.0,Call,271.2,274.9,197.33,2.0,0.0
^RUT,2026-09-18,2720.0,Put,73.0,75.3,83.5,1.0,0.0
^RUT,2026-09-18,2730.0,Call,263.9,267.4,213.8,1.0,0.0
^RUT,2026-09-18,2730.0,Put,75.6,77.8,85.43,2.0,0.0
^RUT,2026-09-18,2740.0,Call,256.7,260.3,234.7,1.0,0.0
^RUT,2026-09-18,2740.0,Put,117.9,121.9,158.16,22.0,22.0
^RUT,2026-09-18,2750.0,Call,249.6,253.1,233.5,4.0,0.0
^RUT,2026-09-18,2750.0,Put,81.0,83.2,115.3,1.0,0.0
^RUT,2026-09-18,2760.0,Call,152.2,155.7,143.1,1.0,17.0
^RUT,2026-09-18,2760.0,Put,83.8,86.0,114.4,143.0,0.0
^RUT,2026-09-18,2770.0,Call,235.6,238.9,213.94,1.0,0.0
^RUT,2026-09-18,2770.0,Put,86.6,89.0,97.3,84.0,0.0
^RUT,2026-09-18,2780.0,Call,228.8,232.1,128.4,1.0,0.0
^RUT,2026-09-18,2780.0,Put,89.6,92.0,103.16,18.0,0.0
^RUT,2026-09-18,2790.0,Call,155.3,160.0,130.3,6.0,13.0
^RUT,2026-09-18,2790.0,Put,92.7,95.1,129.3,12.0,0.0
^RUT,2026-09-18,2800.0,Call,215.4,218.5,159.6,413.0,0.0
^RUT,2026-09-18,2800.0,Put,96.0,98.3,109.8,3.0,0.0
^RUT,2026-09-18,2810.0,Call,208.9,212.1,154.7,2.0,0.0
^RUT,2026-09-18,2810.0,Put,99.2,101.6,123.78,2.0,0.0
^RUT,2026-09-18,2820.0,Call,202.5,205.5,119.97,8.0,0.0
^RUT,2026-09-18,2820.0,Put,102.6,105.0,114.1,1.0,0.0
^RUT,2026-09-18,2830.0,Call,196.1,199.2,121.37,12.0,0.0
^RUT,2026-09-18,2830.0,Put,106.2,108.6,150.4,28.0,0.0
^RUT,2026-09-18,2840.0,Call,189.9,192.8,121.44,3.0,0.0
^RUT,2026-09-18,2840.0,Put,109.8,112.2,122.2,1.0,0.0
^RUT,2026-09-18,2850.0,Call,183.8,186.7,164.8,3.0,0.0
^RUT,2026-09-18,2850.0,Put,113.5,115.9,125.7,5.0,0.0
^RUT,2026-09-18,2860.0,Call,177.8,180.7,160.1,17.0,0.0
^RUT,2026-09-18,2860.0,Put,117.3,119.8,161.4,2.0,0.0
^RUT,2026-09-18,2870.0,Call,171.9,174.6,126.91,6.0,0.0
^RUT,2026-09-18,2870.0,Put,121.2,123.8,158.9,3.0,0.0
^RUT,2026-09-18,2880.0,Call,166.1,168.8,149.1,45.0,0.0
^RUT,2026-09-18,2880.0,Put,125.4,127.9,139.8,5.0,0.0
^RUT,2026-09-18,2890.0,Call,160.5,163.2,144.9,6.0,0.0
^RUT,2026-09-18,2890.0,Put,129.5,132.0,168.0,1.0,0.0
^RUT,2026-09-18,2900.0,Call,154.9,157.6,139.8,31.0,0.0
^RUT,2026-09-18,2900.0,Put,133.8,136.3,150.0,2.0,0.0
^RUT,2026-09-18,2950.0,Call,129.1,131.7,116.6,6.0,0.0
^RUT,2026-09-18,2950.0,Put,157.3,159.8,183.1,3.0,0.0
^RUT,2026-09-18,3000.0,Call,106.2,108.8,94.8,160.0,0.0
^RUT,2026-09-18,3000.0,Put,183.6,186.4,207.13,3.0,0.0
^RUT,2026-09-18,3050.0,Call,86.5,88.9,75.7,194.0,0.0
^RUT,2026-09-18,3100.0,Call,69.7,72.1,60.4,81.0,0.0
^RUT,2026-09-18,3100.0,Put,245.5,248.7,274.3,1.0,0.0
^RUT,2026-09-18,3150.0,Call,55.5,57.7,21.0,10.0,0.0
^RUT,2026-09-18,3200.0,Call,43.8,46.0,40.4,1.0,0.0
^RUT,2026-09-18,3250.0,Call,34.3,36.4,26.1,5.0,0.0
^RUT,2026-09-18,3250.0,Put,678.2,702.2,596.1,,0.0
^RUT,2026-09-18,3300.0,Call,26.6,28.7,21.7,2.0,0.0
^RUT,2026-09-18,3350.0,Call,20.6,22.5,14.3,4.0,0.0
^RUT,2026-09-18,3400.0,Call,15.9,17.7,13.9,4.0,0.0
^RUT,2026-09-18,3450.0,Call,12.3,14.0,8.22,5.0,0.0
^RUT,2026-09-18,3500.0,Call,9.5,11.1,8.8,3.0,0.0
^RUT,2026-09-18,3550.0,Call,7.4,8.9,8.05,2.0,0.0
^RUT,2026-09-18,3600.0,Call,5.7,7.1,2.71,1.0,0.0
^RUT,2026-09-30,1250.0,Put,0.75,1.5,1.55,20.0,0.0
^RUT,2026-09-30,1300.0,Call,0.0,0.0,1209.0,,0.0
^RUT,2026-09-30,1350.0,Put,1.1,1.95,3.2,,0.0
^RUT,2026-09-30,1400.0,Put,1.35,2.1,1.94,9.0,0.0
^RUT,2026-09-30,1450.0,Put,1.6,2.55,4.24,1.0,0.0
^RUT,2026-09-30,1500.0,Put,1.85,3.8,12.82,1.0,0.0
^RUT,2026-09-30,1550.0,Put,2.3,3.3,5.3,1.0,0.0
^RUT,2026-09-30,1600.0,Put,2.7,3.5,5.7,356.0,0.0
^RUT,2026-09-30,1650.0,Put,3.2,4.2,7.55,1.0,0.0
^RUT,2026-09-30,1700.0,Put,3.7,4.8,4.43,3.0,0.0
^RUT,2026-09-30,1800.0,Put,5.0,6.1,7.15,6.0,0.0
^RUT,2026-09-30,1850.0,Put,8.1,15.2,36.2,1.0,33.0
^RUT,2026-09-30,1900.0,Put,6.5,7.7,8.28,4.0,0.0
^RUT,2026-09-30,1940.0,Put,7.2,8.5,11.78,1.0,0.0
^RUT,2026-09-30,1950.0,Put,11.2,18.9,46.8,1.0,23.0
^RUT,2026-09-30,1970.0,Put,29.4,33.2,56.7,,1.0
^RUT,2026-09-30,1980.0,Put,12.4,20.2,38.87,,1.0
^RUT,2026-09-30,1990.0,Call,580.0,604.0,602.99,10.0,0.0
^RUT,2026-09-30,1990.0,Put,35.9,39.6,43.74,10.0,0.0
^RUT,2026-09-30,2000.0,Call,0.0,0.0,581.57,1.0,0.0
^RUT,2026-09-30,2000.0,Put,8.5,9.9,10.7,1.0,0.0
^RUT,2026-09-30,2100.0,Call,708.0,730.7,455.34,2.0,2.0
^RUT,2026-09-30,2130.0,Put,47.2,49.4,82.1,,1.0
^RUT,2026-09-30,2140.0,Put,48.5,50.8,80.2,,7.0
^RUT,2026-09-30,2150.0,Put,12.9,14.6,20.53,1.0,0.0
^RUT,2026-09-30,2160.0,Put,15.3,18.9,72.21,,0.0
^RUT,2026-09-30,2170.0,Put,94.8,98.6,97.1,,1.0
^RUT,2026-09-30,2200.0,Call,617.0,640.8,378.31,6.0,5.0
^RUT,2026-09-30,2200.0,Put,15.0,16.7,18.9,8.0,0.0
^RUT,2026-09-30,2210.0,Put,15.4,17.2,22.1,1.0,0.0
^RUT,2026-09-30,2220.0,Put,26.3,36.0,76.2,16.0,10.0
^RUT,2026-09-30,2240.0,Put,16.9,18.7,22.05,1.0,0.0
^RUT,2026-09-30,2250.0,Call,374.4,381.9,391.8,1.0,0.0
^RUT,2026-09-30,2250.0,Put,17.4,19.2,27.54,3.0,0.0
^RUT,2026-09-30,2270.0,Put,18.5,20.4,25.8,1.0,0.0
^RUT,2026-09-30,2280.0,Put,19.1,20.9,31.26,2.0,0.0
^RUT,2026-09-30,2290.0,Put,19.7,21.6,34.01,10.0,0.0
^RUT,2026-09-30,2300.0,Call,623.3,647.3,527.4,,0.0
^RUT,2026-09-30,2300.0,Put,20.3,22.2,31.43,1.0,0.0
^RUT,2026-09-30,2310.0,Call,614.5,638.1,518.6,,0.0
^RUT,2026-09-30,2310.0,Put,20.9,22.8,32.38,1.0,0.0
^RUT,2026-09-30,2320.0,Call,411.6,418.0,356.0,6.0,17.0
^RUT,2026-09-30,2320.0,Put,79.7,82.0,106.5,,3.0
^RUT,2026-09-30,2330.0,Put,82.0,84.3,109.2,,1.0
^RUT,2026-09-30,2340.0,Put,31.6,33.0,50.7,1.0,8.0
^RUT,2026-09-30,2350.0,Call,425.6,432.7,399.0,5.0,5.0
^RUT,2026-09-30,2350.0,Put,27.4,32.1,114.11,10.0,0.0
^RUT,2026-09-30,2360.0,Call,477.0,501.0,270.4,1.0,21.0
^RUT,2026-09-30,2360.0,Put,24.5,26.5,41.81,2.0,0.0
^RUT,2026-09-30,2370.0,Put,25.3,27.3,37.26,4.0,0.0
^RUT,2026-09-30,2380.0,Call,265.0,289.0,293.0,1.0,1.0
^RUT,2026-09-30,2380.0,Put,26.1,28.1,50.24,,0.0
^RUT,2026-09-30,2390.0,Put,26.9,29.0,42.17,8.0,0.0
^RUT,2026-09-30,2400.0,Call,320.9,327.8,285.9,3.0,3.0
^RUT,2026-09-30,2400.0,Put,27.8,29.9,33.9,1.0,0.0
^RUT,2026-09-30,2410.0,Call,312.9,320.0,275.6,,1.0
^RUT,2026-09-30,2410.0,Put,169.9,175.9,154.2,,11.0
^RUT,2026-09-30,2420.0,Call,306.3,313.2,216.76,1.0,1.0
^RUT,2026-09-30,2420.0,Put,29.6,31.7,41.07,4.0,0.0
^RUT,2026-09-30,2430.0,Call,210.0,225.6,284.43,,4.0
^RUT,2026-09-30,2440.0,Call,357.6,363.5,313.91,2.0,2.0
^RUT,2026-09-30,2440.0,Put,36.6,41.7,190.69,1.0,0.0
^RUT,2026-09-30,2450.0,Call,402.0,425.3,218.91,2.0,8.0
^RUT,2026-09-30,2450.0,Put,37.8,43.0,158.0,2.0,0.0
^RUT,2026-09-30,2460.0,Call,0.0,0.0,245.36,2.0,0.0
^RUT,2026-09-30,2460.0,Put,57.8,67.0,144.2,,1.0
^RUT,2026-09-30,2470.0,Call,223.1,229.3,338.04,10.0,0.0
^RUT,2026-09-30,2470.0,Put,34.8,37.0,52.7,4.0,0.0
^RUT,2026-09-30,2480.0,Call,266.6,272.9,238.0,1.0,2.0
^RUT,2026-09-30,2480.0,Put,35.9,38.2,52.98,2.0,0.0
^RUT,2026-09-30,2490.0,Call,211.2,217.2,279.67,,0.0
^RUT,2026-09-30,2490.0,Put,37.1,39.4,55.92,1.0,0.0
^RUT,2026-09-30,2500.0,Call,363.0,387.0,211.21,2.0,30.0
^RUT,2026-09-30,2500.0,Put,38.3,40.6,47.72,4.0,0.0
^RUT,2026-09-30,2510.0,Call,199.5,205.4,277.69,2.0,0.0
^RUT,2026-09-30,2510.0,Put,39.6,41.9,48.06,2.0,0.0
^RUT,2026-09-30,2520.0,Call,223.5,230.1,306.94,2.0,1.0
^RUT,2026-09-30,2520.0,Put,40.9,43.2,56.06,6.0,0.0
^RUT,2026-09-30,2530.0,Call,188.1,194.0,314.29,10.0,0.0
^RUT,2026-09-30,2530.0,Put,42.3,44.6,51.15,2.0,0.0
^RUT,2026-09-30,2540.0,Call,256.9,262.4,211.2,3.0,5.0
^RUT,2026-09-30,2540.0,Put,43.7,46.0,58.8,6.0,0.0
^RUT,2026-09-30,2550.0,Call,340.9,343.7,280.65,1.0,9.0
^RUT,2026-09-30,2550.0,Put,45.1,47.4,54.77,2.0,0.0
^RUT,2026-09-30,2560.0,Call,171.8,177.5,188.71,20.0,0.0
^RUT,2026-09-30,2560.0,Put,46.6,49.0,68.5,6.0,0.0
^RUT,2026-09-30,2570.0,Call,309.0,331.7,174.29,2.0,5.0
^RUT,2026-09-30,2570.0,Put,48.1,50.5,65.8,8.0,0.0
^RUT,2026-09-30,2580.0,Call,302.0,324.5,147.54,2.0,13.0
^RUT,2026-09-30,2580.0,Put,49.7,52.1,69.29,2.0,0.0
^RUT,2026-09-30,2590.0,Call,156.9,161.9,234.19,2.0,0.0
^RUT,2026-09-30,2590.0,Put,51.4,53.8,69.37,8.0,0.0
^RUT,2026-09-30,2600.0,Call,0.0,0.0,163.0,1.0,0.0
^RUT,2026-09-30,2600.0,Put,53.1,55.5,70.57,2.0,0.0
^RUT,2026-09-30,2610.0,Call,280.0,302.5,154.29,54.0,33.0
^RUT,2026-09-30,2610.0,Put,54.9,57.3,73.11,2.0,0.0
^RUT,2026-09-30,2620.0,Call,273.0,295.3,138.61,2.0,5.0
^RUT,2026-09-30,2620.0,Put,56.7,59.2,75.8,2.0,0.0
^RUT,2026-09-30,2630.0,Call,346.3,350.5,279.6,1.0,0.0
^RUT,2026-09-30,2630.0,Put,58.6,61.0,73.69,,0.0
^RUT,2026-09-30,2640.0,Call,158.3,164.5,223.4,,5.0
^RUT,2026-09-30,2650.0,Call,0.0,0.0,138.18,1.0,0.0
^RUT,2026-09-30,2650.0,Put,62.6,65.0,71.07,5.0,0.0
^RUT,2026-09-30,2660.0,Call,123.6,128.8,207.81,,0.0
^RUT,2026-09-30,2660.0,Put,64.6,67.1,110.74,,0.0
^RUT,2026-09-30,2670.0,Put,98.5,102.6,163.2,,3.0
^RUT,2026-09-30,2680.0,Put,101.5,107.3,167.0,1.0,0.0
^RUT,2026-09-30,2690.0,Put,80.8,87.0,327.68,1.0,0.0
^RUT,2026-09-30,2700.0,Call,292.6,296.5,224.92,6.0,0.0
^RUT,2026-09-30,2700.0,Put,73.7,76.2,118.65,6.0,0.0
^RUT,2026-09-30,2710.0,Call,210.4,216.1,152.88,2.0,14.0
^RUT,2026-09-30,2720.0,Call,200.0,216.0,147.87,4.0,18.0
^RUT,2026-09-30,2720.0,Put,260.0,266.2,200.66,,0.0
^RUT,2026-09-30,2730.0,Call,196.6,203.6,167.77,2.0,3.0
^RUT,2026-09-30,2740.0,Call,91.5,96.3,173.58,1.0,0.0
^RUT,2026-09-30,2740.0,Put,127.9,130.6,159.5,,5.0
^RUT,2026-09-30,2750.0,Call,256.5,260.2,170.85,1.0,0.0
^RUT,2026-09-30,2750.0,Put,86.8,89.4,103.27,,0.0
^RUT,2026-09-30,2760.0,Call,249.5,253.2,165.15,1.0,0.0
^RUT,2026-09-30,2760.0,Put,284.2,290.1,295.25,40.0,0.0
^RUT,2026-09-30,2770.0,Put,92.6,95.2,152.43,2.0,0.0
^RUT,2026-09-30,2780.0,Call,235.9,239.6,215.88,5.0,0.0
^RUT,2026-09-30,2780.0,Put,216.2,220.4,251.86,2.0,2.0
^RUT,2026-09-30,2790.0,Call,229.2,232.7,187.04,,0.0
^RUT,2026-09-30,2800.0,Call,222.6,226.1,181.46,4.0,0.0
^RUT,2026-09-30,2800.0,Put,102.0,104.7,132.16,6.0,0.0
^RUT,2026-09-30,2810.0,Call,216.1,219.5,177.3,2.0,0.0
^RUT,2026-09-30,2820.0,Call,209.7,213.1,190.36,2.0,0.0
^RUT,2026-09-30,2830.0,Call,203.5,206.8,172.24,4.0,0.0
^RUT,2026-09-30,2830.0,Put,269.1,274.9,340.76,,1.0
^RUT,2026-09-30,2840.0,Call,197.3,200.6,153.35,2.0,0.0
^RUT,2026-09-30,2840.0,Put,275.8,281.4,347.57,,1.0
^RUT,2026-09-30,2850.0,Call,191.2,194.5,145.91,1.0,0.0
^RUT,2026-09-30,2850.0,Put,119.7,122.5,153.06,6.0,0.0
^RUT,2026-09-30,2860.0,Call,101.1,105.7,78.52,,3.0
^RUT,2026-09-30,2870.0,Call,179.3,182.4,167.66,40.0,0.0
^RUT,2026-09-30,2880.0,Call,173.6,176.7,165.47,40.0,0.0
^RUT,2026-09-30,2890.0,Call,167.9,171.0,168.23,8.0,0.0
^RUT,2026-09-30,2900.0,Call,162.4,165.5,132.32,12.0,0.0
^RUT,2026-09-30,2950.0,Call,136.4,139.3,116.24,4.0,0.0
^RUT,2026-09-30,3000.0,Call,113.4,116.2,66.31,8.0,0.0
^RUT,2026-09-30,3050.0,Call,93.3,96.1,64.11,8.0,0.0
^RUT,2026-09-30,3100.0,Call,76.0,78.7,52.31,2.0,0.0
^RUT,2026-09-30,3150.0,Call,61.3,63.9,42.62,12.0,0.0
^RUT,2026-09-30,3200.0,Call,49.0,51.5,32.17,5.0,0.0
^RUT,2026-09-30,3250.0,Call,6.5,9.7,24.84,20.0,0.0
^RUT,2026-09-30,3300.0,Call,30.6,32.9,16.1,2.0,0.0
^RUT,2026-09-30,3350.0,Call,24.0,26.2,18.81,1.0,0.0
^RUT,2026-09-30,3400.0,Call,18.8,21.0,14.9,3.0,0.0
^RUT,2026-09-30,3450.0,Call,14.7,16.7,10.94,3.0,0.0
^RUT,2026-09-30,3500.0,Call,11.5,13.4,9.7,2.0,0.0
^RUT,2026-09-30,3550.0,Call,9.0,10.8,6.82,10.0,0.0
^RUT,2026-09-30,3600.0,Call,7.0,8.8,5.53,14.0,0.0
^RUT,2026-10-30,1400.0,Put,2.1,3.5,3.95,2.0,0.0
^RUT,2026-10-30,1500.0,Put,2.95,4.4,5.15,,0.0
^RUT,2026-10-30,1600.0,Put,4.0,5.5,5.05,20.0,0.0
^RUT,2026-10-30,1800.0,Put,6.9,8.7,8.24,10.0,0.0
^RUT,2026-10-30,1950.0,Put,10.2,12.3,14.1,,0.0
^RUT,2026-10-30,2000.0,Put,11.6,13.8,16.1,,0.0
^RUT,2026-10-30,2050.0,Put,13.2,15.6,18.35,,0.0
^RUT,2026-10-30,2100.0,Put,15.2,17.7,23.34,6.0,0.0
^RUT,2026-10-30,2200.0,Put,20.1,22.8,30.79,6.0,0.0
^RUT,2026-10-30,2280.0,Put,25.3,28.1,32.14,,0.0
^RUT,2026-10-30,2300.0,Put,26.8,29.6,37.27,75.0,0.0
^RUT,2026-10-30,2310.0,Put,27.5,30.5,41.0,2.0,0.0
^RUT,2026-10-30,2340.0,Put,30.0,33.0,44.22,,0.0
^RUT,2026-10-30,2350.0,Put,30.9,34.0,45.35,4.0,0.0
^RUT,2026-10-30,2360.0,Put,31.8,34.9,45.4,,0.0
^RUT,2026-10-30,2380.0,Put,33.7,36.8,51.04,,0.0
^RUT,2026-10-30,2400.0,Put,35.8,38.9,49.1,,0.0
^RUT,2026-10-30,2420.0,Put,37.9,41.1,45.68,,0.0
^RUT,2026-10-30,2430.0,Put,39.1,42.3,44.82,1.0,0.0
^RUT,2026-10-30,2440.0,Put,40.2,43.5,59.0,1.0,0.0
^RUT,2026-10-30,2450.0,Put,41.4,44.7,56.65,1.0,0.0
^RUT,2026-10-30,2480.0,Put,45.2,48.6,73.67,,0.0
^RUT,2026-10-30,2490.0,Put,46.6,49.9,55.63,,0.0
^RUT,2026-10-30,2500.0,Put,48.0,51.3,65.09,1.0,0.0
^RUT,2026-10-30,2510.0,Put,49.4,52.8,58.88,,0.0
^RUT,2026-10-30,2520.0,Put,50.9,54.3,73.48,,0.0
^RUT,2026-10-30,2530.0,Put,52.4,55.9,74.76,4.0,0.0
^RUT,2026-10-30,2540.0,Put,53.9,57.5,76.77,2.0,0.0
^RUT,2026-10-30,2550.0,Put,55.6,59.1,74.01,8.0,0.0
^RUT,2026-10-30,2570.0,Put,59.0,62.5,77.46,8.0,0.0
^RUT,2026-10-30,2580.0,Put,60.7,64.3,78.73,4.0,0.0
^RUT,2026-10-30,2590.0,Put,62.6,66.1,82.04,,0.0
^RUT,2026-10-30,2610.0,Put,66.4,69.9,81.84,,0.0
^RUT,2026-10-30,2630.0,Put,70.4,74.0,89.29,8.0,0.0
^RUT,2026-10-30,2640.0,Put,72.5,76.1,118.76,,0.0
^RUT,2026-10-30,2650.0,Put,74.6,78.3,122.12,,0.0
^RUT,2026-10-30,2660.0,Put,76.9,80.5,109.56,,0.0
^RUT,2026-10-30,2700.0,Put,86.4,90.2,97.8,1.0,0.0
^RUT,2026-10-30,2750.0,Call,277.9,282.9,193.71,,0.0
^RUT,2026-10-30,2760.0,Call,271.0,275.9,188.01,,0.0
^RUT,2026-10-30,2850.0,Put,133.3,137.4,155.01,,0.0
^RUT,2026-10-30,2890.0,Call,190.0,194.4,179.0,,0.0
^RUT,2026-10-30,2900.0,Put,153.3,157.7,225.3,2.0,0.0
^RUT,2026-10-30,2970.0,Call,148.3,152.7,77.27,,0.0
^RUT,2026-10-30,2980.0,Call,143.5,147.8,123.84,,0.0
^RUT,2026-10-30,3000.0,Call,134.3,138.6,110.0,,0.0
^RUT,2026-10-30,3030.0,Call,121.4,125.7,74.82,,0.0
^RUT,2026-10-30,3050.0,Call,113.2,117.6,104.78,,0.0
^RUT,2026-10-30,3070.0,Call,105.5,109.7,97.57,,0.0
^RUT,2026-10-30,3080.0,Call,101.8,106.0,72.87,8.0,0.0
^RUT,2026-10-30,3130.0,Call,84.8,88.8,77.04,16.0,0.0
^RUT,2026-10-30,3150.0,Call,78.7,82.7,51.65,,0.0
^RUT,2026-10-30,3180.0,Call,70.1,73.9,50.66,12.0,0.0
^RUT,2026-10-30,3190.0,Call,67.5,71.3,46.74,4.0,0.0
^RUT,2026-10-30,3240.0,Call,55.3,58.9,58.8,,0.0
^RUT,2026-10-30,3400.0,Call,28.2,31.5,23.3,2.0,0.0
^RUT,2026-10-30,3450.0,Call,22.7,26.0,15.92,,0.0
^RUT,2026-10-30,3500.0,Call,18.3,21.3,17.65,,0.0
^RUT,2026-10-30,3650.0,Call,9.6,12.2,8.96,,0.0
^RUT,2026-10-30,3750.0,Call,6.3,8.7,5.47,,0.0
^RUT,2026-10-30,3900.0,Call,4.0,5.5,2.05,,0.0
^RUT,2026-10-30,3950.0,Call,3.0,4.7,3.5,2.0,0.0
^RUT,2026-10-30,4000.0,Call,2.55,4.1,2.8,,0.0
^RUT,2026-10-30,4100.0,Call,1.8,3.3,2.0,1.0,0.0
^RUT,2026-12-18,950.0,Call,1824.7,1844.6,1684.13,70.0,260.0
^RUT,2026-12-18,950.0,Put,0.0,2.95,1.55,2.0,0.0
^RUT,2026-12-18,1000.0,Call,1885.5,1909.5,1793.65,12.0,0.0
^RUT,2026-12-18,1000.0,Put,0.8,2.1,1.59,2.0,0.0
^RUT,2026-12-18,1050.0,Call,1727.9,1747.9,1587.68,70.0,195.0
^RUT,2026-12-18,1050.0,Put,1.05,2.3,2.33,1.0,0.0
^RUT,2026-12-18,1100.0,Call,0.0,0.0,1040.0,,0.0
^RUT,2026-12-18,1100.0,Put,1.3,2.75,2.69,10.0,0.0
^RUT,2026-12-18,1150.0,Call,1477.0,1501.0,1377.66,20.0,30.0
^RUT,2026-12-18,1150.0,Put,1.65,3.2,3.37,1.0,0.0
^RUT,2026-12-18,1200.0,Put,0.05,10.0,7.12,1.0,987.0
^RUT,2026-12-18,1250.0,Call,1235.0,1259.0,1040.0,6.0,1.0
^RUT,2026-12-18,1250.0,Put,2.4,4.0,4.3,1.0,0.0
^RUT,2026-12-18,1300.0,Put,2.85,4.1,4.77,8.0,0.0
^RUT,2026-12-18,1350.0,Put,3.3,4.9,6.05,2.0,0.0
^RUT,2026-12-18,1400.0,Call,699.0,723.0,786.65,1.0,0.0
^RUT,2026-12-18,1400.0,Put,3.9,5.2,4.97,10.0,0.0
^RUT,2026-12-18,1450.0,Call,0.0,0.0,904.5,1.0,1.0
^RUT,2026-12-18,1450.0,Put,4.5,6.2,6.5,10.0,0.0
^RUT,2026-12-18,1500.0,Call,1145.2,1167.9,1081.21,1.0,150.0
^RUT,2026-12-18,1500.0,Put,5.2,6.9,7.76,10.0,0.0
^RUT,2026-12-18,1550.0,Call,983.0,1003.2,978.6,1.0,201.0
^RUT,2026-12-18,1550.0,Put,4.0,14.0,14.73,4.0,1001.0
^RUT,2026-12-18,1600.0,Call,663.0,687.0,588.25,1.0,152.0
^RUT,2026-12-18,1600.0,Put,6.8,8.5,8.0,18.0,0.0
^RUT,2026-12-18,1650.0,Call,0.0,0.0,747.7,3.0,3.0
^RUT,2026-12-18,1650.0,Put,7.6,9.5,8.9,25.0,0.0
^RUT,2026-12-18,1700.0,Call,807.0,831.0,582.0,3.0,0.0
^RUT,2026-12-18,1700.0,Put,8.6,10.5,11.8,1.0,0.0
^RUT,2026-12-18,1750.0,Call,630.0,654.0,593.0,,100.0
^RUT,2026-12-18,1750.0,Put,9.6,11.7,14.18,200.0,0.0
^RUT,2026-12-18,1800.0,Call,466.9,477.6,286.0,,15.0
^RUT,2026-12-18,1800.0,Put,10.8,13.0,12.03,153.0,0.0
^RUT,2026-12-18,1850.0,Call,679.0,703.0,467.51,2.0,35.0
^RUT,2026-12-18,1850.0,Put,12.1,14.5,13.94,25.0,0.0
^RUT,2026-12-18,1900.0,Call,0.0,0.0,693.0,6.0,0.0
^RUT,2026-12-18,1900.0,Put,13.6,16.1,20.15,2.0,0.0
^RUT,2026-12-18,1950.0,Call,310.5,326.2,209.8,8.0,14.0
^RUT,2026-12-18,1950.0,Put,15.3,18.0,22.04,2.0,0.0
^RUT,2026-12-18,2000.0,Call,926.1,950.1,810.27,2.0,0.0
^RUT,2026-12-18,2000.0,Put,17.3,20.1,30.9,100.0,0.0
^RUT,2026-12-18,2050.0,Call,555.0,572.0,472.5,3.0,835.0
^RUT,2026-12-18,2050.0,Put,19.5,22.4,33.91,1.0,0.0
^RUT,2026-12-18,2100.0,Call,575.6,586.9,508.0,3.0,2110.0
^RUT,2026-12-18,2100.0,Put,22.1,25.1,29.1,196.0,0.0
^RUT,2026-12-18,2150.0,Call,535.0,546.3,469.8,3.0,9.0
^RUT,2026-12-18,2150.0,Put,25.1,28.2,34.5,2.0,0.0
^RUT,2026-12-18,2200.0,Call,0.0,0.0,412.93,5.0,0.0
^RUT,2026-12-18,2200.0,Put,28.5,31.7,32.5,5.0,0.0
^RUT,2026-12-18,2250.0,Call,0.0,0.0,378.1,10.0,0.0
^RUT,2026-12-18,2250.0,Put,32.4,35.7,39.1,3.0,0.0
^RUT,2026-12-18,2300.0,Call,0.0,0.0,344.55,5.0,0.0
^RUT,2026-12-18,2300.0,Put,36.9,40.3,48.8,1.0,0.0
^RUT,2026-12-18,2350.0,Call,319.5,327.3,425.37,20.0,248.0
^RUT,2026-12-18,2350.0,Put,42.0,45.6,60.21,1.0,0.0
^RUT,2026-12-18,2400.0,Call,0.0,0.0,294.57,2.0,0.0
^RUT,2026-12-18,2400.0,Put,47.9,51.6,68.53,101.0,0.0
^RUT,2026-12-18,2450.0,Call,524.5,548.5,461.6,3.0,0.0
^RUT,2026-12-18,2450.0,Put,54.7,58.4,61.2,230.0,0.0
^RUT,2026-12-18,2500.0,Call,399.1,418.8,260.42,14.0,1057.0
^RUT,2026-12-18,2500.0,Put,62.4,66.2,79.14,30.0,0.0
^RUT,2026-12-18,2550.0,Call,443.4,467.4,383.7,2.0,0.0
^RUT,2026-12-18,2550.0,Put,71.1,75.1,78.0,281.0,0.0
^RUT,2026-12-18,2600.0,Call,413.6,419.2,297.28,330.0,0.0
^RUT,2026-12-18,2600.0,Put,81.1,85.2,89.0,1.0,0.0
^RUT,2026-12-18,2650.0,Call,376.2,381.8,352.41,2.0,0.0
^RUT,2026-12-18,2650.0,Put,92.4,96.5,115.0,2.0,0.0
^RUT,2026-12-18,2700.0,Call,340.2,345.8,317.9,2.0,0.0
^RUT,2026-12-18,2700.0,Put,105.1,109.4,117.1,5.0,0.0
^RUT,2026-12-18,2750.0,Call,305.8,311.3,262.0,15.0,0.0
^RUT,2026-12-18,2750.0,Put,119.5,123.8,129.4,1.0,0.0
^RUT,2026-12-18,2800.0,Call,273.2,278.5,220.4,240.0,0.0
^RUT,2026-12-18,2800.0,Put,135.4,140.1,148.2,2.0,0.0
^RUT,2026-12-18,2850.0,Call,242.4,247.5,225.42,3.0,0.0
^RUT,2026-12-18,2850.0,Put,153.5,158.1,207.8,13.0,0.0
^RUT,2026-12-18,2900.0,Call,213.7,218.7,167.6,12.0,0.0
^RUT,2026-12-18,2900.0,Put,173.6,178.3,211.39,124.0,0.0
^RUT,2026-12-18,2950.0,Call,187.2,192.1,175.2,383.0,0.0
^RUT,2026-12-18,2950.0,Put,195.8,200.6,213.94,58.0,0.0
^RUT,2026-12-18,3000.0,Call,162.9,167.8,128.2,3.0,0.0
^RUT,2026-12-18,3000.0,Put,220.3,225.1,245.72,14.0,0.0
^RUT,2026-12-18,3050.0,Call,141.0,145.8,110.5,3.0,0.0
^RUT,2026-12-18,3050.0,Put,315.3,321.8,420.47,2.0,6.0
^RUT,2026-12-18,3100.0,Call,121.3,126.0,89.7,1.0,0.0
^RUT,2026-12-18,3100.0,Put,276.0,281.1,328.35,1.0,0.0
^RUT,2026-12-18,3150.0,Call,103.7,108.4,93.2,1.0,0.0
^RUT,2026-12-18,3150.0,Put,566.8,589.0,462.76,1.0,25.0
^RUT,2026-12-18,3200.0,Call,88.3,92.7,65.58,60.0,0.0
^RUT,2026-12-18,3200.0,Put,340.4,345.8,398.15,2.0,0.0
^RUT,2026-12-18,3250.0,Call,74.8,79.0,55.28,800.0,0.0
^RUT,2026-12-18,3250.0,Put,749.0,766.7,723.44,5.0,25.0
^RUT,2026-12-18,3300.0,Call,63.0,67.1,44.6,1.0,0.0
^RUT,2026-12-18,3300.0,Put,412.6,418.2,474.83,1.0,0.0
^RUT,2026-12-18,3350.0,Call,52.9,56.9,37.78,8.0,0.0
^RUT,2026-12-18,3350.0,Put,739.0,758.6,623.11,2.0,4.0
^RUT,2026-12-18,3400.0,Call,44.2,48.1,39.08,1.0,0.0
^RUT,2026-12-18,3400.0,Put,784.0,803.8,665.76,2.0,4.0
^RUT,2026-12-18,3450.0,Call,36.9,40.8,17.3,28.0,0.0
^RUT,2026-12-18,3500.0,Call,30.7,34.5,28.6,5.0,0.0
^RUT,2026-12-18,3500.0,Put,940.0,964.0,1002.12,10.0,21.0
^RUT,2026-12-18,3550.0,Call,25.5,29.1,23.87,10.0,0.0
^RUT,2026-12-18,3550.0,Put,609.7,633.7,662.17,38.0,0.0
^RUT,2026-12-18,3600.0,Call,21.2,24.7,20.12,12.0,0.0
^RUT,2026-12-18,3600.0,Put,654.1,678.1,707.57,38.0,0.0
^RUT,2026-12-31,1250.0,Put,2.55,4.3,4.66,2.0,0.0
^RUT,2026-12-31,1300.0,Put,0.0,0.0,8.95,1.0,1.0
^RUT,2026-12-31,1350.0,Call,1335.0,1359.0,1274.22,,1.0
^RUT,2026-12-31,1350.0,Put,8.4,12.2,11.89,,1.0
^RUT,2026-12-31,1400.0,Put,9.4,15.7,17.17,4.0,0.0
^RUT,2026-12-31,1450.0,Call,1240.0,1264.0,1178.64,1.0,3.0
^RUT,2026-12-31,1450.0,Put,10.8,17.6,18.87,4.0,0.0
^RUT,2026-12-31,1500.0,Put,5.6,7.7,8.7,1.0,0.0
^RUT,2026-12-31,1600.0,Put,7.2,9.5,8.3,15.0,0.0
^RUT,2026-12-31,1650.0,Put,8.1,10.5,13.5,1.0,0.0
^RUT,2026-12-31,1700.0,Put,9.1,11.6,10.79,1.0,0.0
^RUT,2026-12-31,1800.0,Put,11.4,14.3,13.1,15.0,0.0
^RUT,2026-12-31,1900.0,Put,14.4,17.6,21.54,1.0,0.0
^RUT,2026-12-31,1950.0,Put,16.2,19.6,22.77,1.0,0.0
^RUT,2026-12-31,2000.0,Call,929.2,953.2,904.95,4.0,0.0
^RUT,2026-12-31,2000.0,Put,18.3,21.8,23.97,2.0,0.0
^RUT,2026-12-31,2010.0,Put,53.6,63.6,41.2,,0.0
^RUT,2026-12-31,2040.0,Put,61.0,71.0,47.5,,0.0
^RUT,2026-12-31,2050.0,Put,20.7,24.3,36.47,,0.0
^RUT,2026-12-31,2060.0,Call,873.7,897.7,850.75,,0.0
^RUT,2026-12-31,2060.0,Put,46.0,52.9,55.7,,3.0
^RUT,2026-12-31,2080.0,Call,0.0,0.0,562.19,,0.0
^RUT,2026-12-31,2080.0,Put,27.0,37.0,52.4,,1.0
^RUT,2026-12-31,2100.0,Call,0.0,0.0,546.33,,0.0
^RUT,2026-12-31,2100.0,Put,23.4,27.2,32.61,1.0,0.0
^RUT,2026-12-31,2110.0,Put,69.9,79.9,57.9,,0.0
^RUT,2026-12-31,2130.0,Put,76.0,86.0,59.35,,1.0
^RUT,2026-12-31,2140.0,Put,77.0,87.0,60.27,,1.0
^RUT,2026-12-31,2150.0,Put,26.5,30.4,42.74,1.0,0.0
^RUT,2026-12-31,2190.0,Put,87.0,96.9,69.6,,6.0
^RUT,2026-12-31,2200.0,Put,30.1,34.1,49.77,2.0,0.0
^RUT,2026-12-31,2210.0,Put,61.9,149.9,81.77,2.0,4.0
^RUT,2026-12-31,2220.0,Put,31.6,35.7,38.4,1.0,0.0
^RUT,2026-12-31,2230.0,Put,42.5,50.8,102.8,,1.0
^RUT,2026-12-31,2240.0,Put,97.2,107.2,70.8,,0.0
^RUT,2026-12-31,2250.0,Call,412.4,427.2,429.6,2.0,0.0
^RUT,2026-12-31,2250.0,Put,34.1,38.3,43.9,1.0,0.0
^RUT,2026-12-31,2260.0,Put,52.0,62.0,131.43,,1.0
^RUT,2026-12-31,2280.0,Call,579.0,603.0,461.89,2.0,0.0
^RUT,2026-12-31,2280.0,Put,104.0,120.0,81.7,,5.0
^RUT,2026-12-31,2290.0,Put,37.8,42.1,42.79,1.0,0.0
^RUT,2026-12-31,2300.0,Call,566.0,590.0,393.87,20.0,10.0
^RUT,2026-12-31,2300.0,Put,38.7,43.1,45.0,1.0,0.0
^RUT,2026-12-31,2310.0,Put,39.7,44.2,47.5,,0.0
^RUT,2026-12-31,2350.0,Put,51.2,58.2,146.9,2.0,0.0
^RUT,2026-12-31,2370.0,Put,68.2,78.0,142.63,52.0,41.0
^RUT,2026-12-31,2380.0,Put,99.1,107.5,111.83,,1.0
^RUT,2026-12-31,2390.0,Put,64.6,74.0,108.8,121.0,93.0
^RUT,2026-12-31,2400.0,Call,0.0,0.0,319.69,2.0,0.0
^RUT,2026-12-31,2400.0,Put,50.1,54.8,77.6,1.0,0.0
^RUT,2026-12-31,2410.0,Call,411.0,435.0,375.83,,1.0
^RUT,2026-12-31,2410.0,Put,106.3,114.8,114.05,,0.0
^RUT,2026-12-31,2420.0,Put,144.0,160.0,119.2,14.0,12.0
^RUT,2026-12-31,2430.0,Put,80.0,90.0,170.4,2.0,1.0
^RUT,2026-12-31,2440.0,Call,284.7,299.4,393.89,2.0,0.0
^RUT,2026-12-31,2440.0,Put,151.0,167.0,118.13,,0.0
^RUT,2026-12-31,2450.0,Call,278.6,293.3,297.09,1.0,0.0
^RUT,2026-12-31,2450.0,Put,156.9,172.9,116.43,2.0,0.0
^RUT,2026-12-31,2460.0,Call,272.5,289.3,375.89,,0.0
^RUT,2026-12-31,2460.0,Put,58.5,63.3,100.3,1.0,0.0
^RUT,2026-12-31,2470.0,Put,88.0,98.0,178.86,16.0,8.0
^RUT,2026-12-31,2480.0,Call,424.0,445.9,245.89,2.0,4.0
^RUT,2026-12-31,2480.0,Put,168.0,184.0,138.1,7.0,0.0
^RUT,2026-12-31,2490.0,Put,87.2,92.6,114.52,1.0,25.0
^RUT,2026-12-31,2500.0,Call,489.0,513.0,406.0,1.0,0.0
^RUT,2026-12-31,2500.0,Put,64.9,69.8,82.9,1.0,0.0
^RUT,2026-12-31,2510.0,Call,402.0,425.8,238.66,2.0,5.0
^RUT,2026-12-31,2510.0,Put,66.6,71.5,116.25,1.0,0.0
^RUT,2026-12-31,2520.0,Call,237.7,252.2,362.3,6.0,0.0
^RUT,2026-12-31,2520.0,Put,68.3,73.3,107.71,1.0,0.0
^RUT,2026-12-31,2530.0,Call,232.1,246.6,356.55,,0.0
^RUT,2026-12-31,2530.0,Put,70.1,75.1,110.43,2.0,0.0
^RUT,2026-12-31,2540.0,Put,71.9,77.0,90.92,1.0,0.0
^RUT,2026-12-31,2550.0,Call,221.2,235.7,312.59,2.0,0.0
^RUT,2026-12-31,2550.0,Put,73.8,78.9,112.75,2.0,0.0
^RUT,2026-12-31,2560.0,Call,215.9,230.3,333.51,,0.0
^RUT,2026-12-31,2560.0,Put,75.7,80.8,115.31,1.0,0.0
^RUT,2026-12-31,2570.0,Call,0.0,0.0,198.6,1.0,0.0
^RUT,2026-12-31,2570.0,Put,77.7,82.8,117.0,,0.0
^RUT,2026-12-31,2580.0,Call,0.0,0.0,188.77,4.0,0.0
^RUT,2026-12-31,2580.0,Put,79.8,84.9,118.44,1.0,0.0
^RUT,2026-12-31,2590.0,Call,0.0,0.0,187.29,6.0,0.0
^RUT,2026-12-31,2590.0,Put,81.8,87.0,110.5,1.0,0.0
^RUT,2026-12-31,2600.0,Call,335.0,355.0,253.5,2.0,93.0
^RUT,2026-12-31,2600.0,Put,83.9,89.1,113.23,1.0,0.0
^RUT,2026-12-31,2610.0,Call,0.0,0.0,188.57,4.0,0.0
^RUT,2026-12-31,2610.0,Put,86.1,91.3,117.02,1.0,0.0
^RUT,2026-12-31,2620.0,Call,0.0,0.0,194.34,4.0,0.0
^RUT,2026-12-31,2620.0,Put,88.3,93.6,115.33,1.0,0.0
^RUT,2026-12-31,2630.0,Call,0.0,0.0,194.29,4.0,0.0
^RUT,2026-12-31,2630.0,Put,90.6,95.9,115.5,1.0,0.0
^RUT,2026-12-31,2640.0,Call,0.0,0.0,186.4,6.0,0.0
^RUT,2026-12-31,2640.0,Put,93.0,98.2,118.29,1.0,0.0
^RUT,2026-12-31,2650.0,Call,381.9,388.7,312.55,1.0,0.0
^RUT,2026-12-31,2650.0,Put,95.3,100.7,105.42,5.0,0.0
^RUT,2026-12-31,2660.0,Call,292.3,314.0,185.99,10.0,122.0
^RUT,2026-12-31,2660.0,Put,97.8,103.2,113.75,,0.0
^RUT,2026-12-31,2670.0,Call,287.0,308.0,220.79,1.0,4.0
^RUT,2026-12-31,2670.0,Put,100.4,105.7,116.45,,0.0
^RUT,2026-12-31,2680.0,Call,279.3,301.0,202.92,1.0,2.0
^RUT,2026-12-31,2690.0,Call,274.2,288.6,210.69,2.0,3.0
^RUT,2026-12-31,2700.0,Call,346.2,353.0,294.59,2.0,0.0
^RUT,2026-12-31,2700.0,Put,108.2,113.7,152.77,1.0,0.0
^RUT,2026-12-31,2710.0,Call,261.7,276.1,200.92,2.0,1.0
^RUT,2026-12-31,2710.0,Put,111.1,116.5,129.3,1.0,0.0
^RUT,2026-12-31,2720.0,Call,255.6,270.0,196.02,2.0,3.0
^RUT,2026-12-31,2720.0,Put,113.8,119.3,153.4,1.0,0.0
^RUT,2026-12-31,2730.0,Call,249.6,262.0,188.13,2.0,136.0
^RUT,2026-12-31,2740.0,Call,243.9,256.0,181.5,3.0,5.0
^RUT,2026-12-31,2750.0,Call,238.4,250.0,175.42,4.0,28.0
^RUT,2026-12-31,2750.0,Put,122.6,128.3,176.27,1.0,0.0
^RUT,2026-12-31,2760.0,Call,231.8,246.1,170.32,1.0,16.0
^RUT,2026-12-31,2770.0,Call,226.8,238.3,166.34,2.0,6.0
^RUT,2026-12-31,2770.0,Put,309.6,326.3,280.4,,0.0
^RUT,2026-12-31,2780.0,Call,220.8,232.6,167.27,2.0,3.0
^RUT,2026-12-31,2790.0,Call,285.8,292.6,241.3,2.0,0.0
^RUT,2026-12-31,2790.0,Put,184.0,200.0,339.07,8.0,5.0
^RUT,2026-12-31,2800.0,Call,279.5,286.2,235.7,2.0,0.0
^RUT,2026-12-31,2800.0,Put,138.7,144.7,167.0,2.0,0.0
^RUT,2026-12-31,2810.0,Call,204.0,216.0,170.05,2.0,2.0
^RUT,2026-12-31,2810.0,Put,334.2,348.5,315.0,,0.0
^RUT,2026-12-31,2820.0,Call,200.5,215.0,170.77,2.0,2.0
^RUT,2026-12-31,2830.0,Call,260.9,267.6,173.68,4.0,0.0
^RUT,2026-12-31,2840.0,Call,254.8,261.5,191.32,1.0,0.0
^RUT,2026-12-31,2850.0,Call,248.8,255.4,170.55,2.0,0.0
^RUT,2026-12-31,2860.0,Call,242.9,249.5,170.27,1.0,0.0
^RUT,2026-12-31,2870.0,Call,237.1,243.7,172.23,2.0,0.0
^RUT,2026-12-31,2880.0,Call,231.4,238.0,173.4,2.0,0.0
^RUT,2026-12-31,2890.0,Call,225.8,232.4,167.93,2.0,0.0
^RUT,2026-12-31,2900.0,Call,220.2,226.8,175.24,2.0,0.0
^RUT,2026-12-31,2900.0,Put,392.9,410.2,312.66,2.0,0.0
^RUT,2026-12-31,2910.0,Call,214.7,221.2,169.98,2.0,0.0
^RUT,2026-12-31,2920.0,Call,209.3,215.8,170.18,1.0,0.0
^RUT,2026-12-31,2930.0,Call,204.0,210.5,174.07,2.0,0.0
^RUT,2026-12-31,2930.0,Put,246.0,269.8,450.3,1.0,2.0
^RUT,2026-12-31,2940.0,Call,198.8,205.2,167.98,2.0,0.0
^RUT,2026-12-31,2940.0,Put,252.0,275.0,457.5,,1.0
^RUT,2026-12-31,2950.0,Call,193.7,200.2,174.88,1.0,0.0
^RUT,2026-12-31,2960.0,Call,188.6,195.0,176.46,2.0,0.0
^RUT,2026-12-31,2970.0,Call,183.7,190.2,171.71,1.0,0.0
^RUT,2026-12-31,2970.0,Put,208.5,214.7,242.0,,0.0
^RUT,2026-12-31,2980.0,Call,178.8,185.2,134.15,25.0,0.0
^RUT,2026-12-31,2990.0,Call,174.0,180.4,163.21,2.0,0.0
^RUT,2026-12-31,3000.0,Call,169.3,175.7,107.71,1.0,0.0
^RUT,2026-12-31,3000.0,Put,223.3,229.6,244.4,12.0,0.0
^RUT,2026-12-31,3050.0,Call,45.1,55.1,89.88,2.0,0.0
^RUT,2026-12-31,3050.0,Put,249.7,256.1,338.1,1.0,0.0
^RUT,2026-12-31,3100.0,Call,127.2,133.3,77.18,2.0,0.0
^RUT,2026-12-31,3100.0,Put,278.4,284.9,372.98,1.0,0.0
^RUT,2026-12-31,3150.0,Call,109.4,115.4,72.33,3.0,0.0
^RUT,2026-12-31,3150.0,Put,309.3,315.8,403.97,2.0,0.0
^RUT,2026-12-31,3200.0,Call,93.6,99.3,54.11,1.0,0.0
^RUT,2026-12-31,3200.0,Put,342.1,348.7,439.72,,0.0
^RUT,2026-12-31,3250.0,Call,79.7,85.2,60.79,1.0,0.0
^RUT,2026-12-31,3250.0,Put,376.6,383.4,477.12,2.0,0.0
^RUT,2026-12-31,3300.0,Call,72.7,81.2,24.26,20.0,0.0
^RUT,2026-12-31,3350.0,Call,61.3,69.4,20.21,20.0,0.0
^RUT,2026-12-31,3400.0,Call,47.8,53.0,39.37,7.0,0.0
^RUT,2026-12-31,3450.0,Call,25.3,29.6,13.64,1.0,70.0
^RUT,2026-12-31,3500.0,Call,33.5,38.3,26.95,2.0,0.0
^RUT,2026-12-31,3550.0,Call,27.9,32.7,22.25,7.0,0.0
^RUT,2026-12-31,3550.0,Put,608.3,632.3,664.6,8.0,0.0
^RUT,2026-12-31,3600.0,Call,23.3,27.7,16.4,1.0,0.0
^RUT,2026-12-31,3600.0,Put,652.3,676.3,709.25,8.0,0.0
^RUT,2026-12-31,3650.0,Call,21.1,26.9,6.79,1.0,0.0
^RUT,2026-12-31,3650.0,Put,697.1,721.1,738.4,,0.0
^RUT,2026-12-31,3700.0,Call,16.2,20.3,13.9,21.0,0.0
^RUT,2026-12-31,3700.0,Put,742.5,766.4,783.95,30.0,0.0
^RUT,2027-03-19,1300.0,Put,0.0,8.5,8.21,2.0,0.0
^RUT,2027-03-19,1350.0,Put,0.0,9.4,8.8,20.0,0.0
^RUT,2027-03-19,1400.0,Put,6.4,10.2,15.65,,0.0
^RUT,2027-03-19,1450.0,Put,6.0,16.0,15.45,12.0,20.0
^RUT,2027-03-19,1500.0,Put,8.5,12.5,20.11,28.0,0.0
^RUT,2027-03-19,1550.0,Put,1.3,13.6,13.76,10.0,0.0
^RUT,2027-03-19,1600.0,Put,2.2,15.0,13.56,25.0,0.0
^RUT,2027-03-19,1650.0,Put,3.1,16.5,21.0,1.0,0.0
^RUT,2027-03-19,1700.0,Put,4.2,18.1,23.62,1.0,0.0
^RUT,2027-03-19,1750.0,Put,15.8,20.8,37.21,18.0,0.0
^RUT,2027-03-19,1800.0,Put,0.0,0.0,20.08,25.0,0.0
^RUT,2027-03-19,1850.0,Put,22.0,32.0,40.83,2.0,4.0
^RUT,2027-03-19,1900.0,Call,0.0,0.0,893.6,,0.0
^RUT,2027-03-19,1900.0,Put,25.0,35.0,43.45,4.0,5.0
^RUT,2027-03-19,1950.0,Put,28.0,38.0,51.19,4.0,3.0
^RUT,2027-03-19,2000.0,Put,0.0,0.0,42.14,200.0,0.0
^RUT,2027-03-19,2060.0,Put,41.0,51.0,92.0,,1.0
^RUT,2027-03-19,2090.0,Put,0.0,0.0,40.8,43.0,0.0
^RUT,2027-03-19,2100.0,Put,0.0,0.0,43.1,260.0,0.0
^RUT,2027-03-19,2140.0,Put,0.0,0.0,42.9,32.0,0.0
^RUT,2027-03-19,2200.0,Put,0.0,0.0,57.44,88.0,0.0
^RUT,2027-03-19,2250.0,Put,0.0,0.0,60.0,2.0,0.0
^RUT,2027-03-19,2300.0,Call,0.0,0.0,413.29,,0.0
^RUT,2027-03-19,2300.0,Put,0.0,0.0,62.0,2.0,0.0
^RUT,2027-03-19,2310.0,Put,0.0,0.0,86.0,,0.0
^RUT,2027-03-19,2350.0,Put,0.0,0.0,78.1,3.0,0.0
^RUT,2027-03-19,2370.0,Put,0.0,0.0,81.6,3.0,0.0
^RUT,2027-03-19,2380.0,Put,0.0,0.0,83.4,3.0,0.0
^RUT,2027-03-19,2390.0,Put,0.0,0.0,85.2,3.0,0.0
^RUT,2027-03-19,2400.0,Call,0.0,0.0,536.52,2.0,0.0
^RUT,2027-03-19,2400.0,Put,0.0,0.0,79.68,2.0,0.0
^RUT,2027-03-19,2430.0,Put,0.0,0.0,110.0,,0.0
^RUT,2027-03-19,2440.0,Call,0.0,0.0,277.63,,0.0
^RUT,2027-03-19,2450.0,Call,0.0,0.0,531.92,10.0,0.0
^RUT,2027-03-19,2450.0,Put,0.0,0.0,88.55,425.0,0.0
^RUT,2027-03-19,2460.0,Call,0.0,0.0,522.42,1.0,0.0
^RUT,2027-03-19,2470.0,Put,0.0,0.0,101.4,4.0,0.0
^RUT,2027-03-19,2480.0,Call,0.0,0.0,315.75,,0.0
^RUT,2027-03-19,2480.0,Put,0.0,0.0,103.7,4.0,0.0
^RUT,2027-03-19,2490.0,Put,0.0,0.0,100.4,9.0,0.0
^RUT,2027-03-19,2500.0,Call,0.0,0.0,490.81,2.0,0.0
^RUT,2027-03-19,2500.0,Put,0.0,0.0,102.5,10.0,0.0
^RUT,2027-03-19,2510.0,Put,0.0,0.0,104.6,21.0,0.0
^RUT,2027-03-19,2520.0,Put,0.0,0.0,113.2,4.0,0.0
^RUT,2027-03-19,2530.0,Call,0.0,0.0,279.17,1.0,0.0
^RUT,2027-03-19,2530.0,Put,0.0,0.0,115.7,4.0,0.0
^RUT,2027-03-19,2540.0,Put,0.0,0.0,105.1,27.0,0.0
^RUT,2027-03-19,2550.0,Call,404.0,428.0,309.99,,50.0
^RUT,2027-03-19,2550.0,Put,0.0,0.0,132.13,1.0,0.0
^RUT,2027-03-19,2560.0,Call,0.0,0.0,234.72,1.0,0.0
^RUT,2027-03-19,2560.0,Put,0.0,0.0,134.23,,0.0
^RUT,2027-03-19,2570.0,Call,0.0,0.0,255.26,,0.0
^RUT,2027-03-19,2570.0,Put,0.0,0.0,127.91,1.0,0.0
^RUT,2027-03-19,2580.0,Call,0.0,0.0,235.55,,0.0
^RUT,2027-03-19,2580.0,Put,0.0,0.0,123.48,480.0,0.0
^RUT,2027-03-19,2590.0,Put,0.0,0.0,128.2,,0.0
^RUT,2027-03-19,2600.0,Call,0.0,0.0,244.55,,0.0
^RUT,2027-03-19,2600.0,Put,0.0,0.0,137.16,170.0,0.0
^RUT,2027-03-19,2610.0,Put,0.0,0.0,126.29,,0.0
^RUT,2027-03-19,2620.0,Put,0.0,0.0,128.41,4.0,0.0
^RUT,2027-03-19,2630.0,Call,355.0,379.0,203.1,,1.0
^RUT,2027-03-19,2630.0,Put,0.0,0.0,130.08,,0.0
^RUT,2027-03-19,2640.0,Put,0.0,0.0,131.41,,0.0
^RUT,2027-03-19,2650.0,Call,0.0,0.0,211.74,18.0,0.0
^RUT,2027-03-19,2650.0,Put,0.0,0.0,134.11,2.0,0.0
^RUT,2027-03-19,2660.0,Put,0.0,0.0,174.65,8.0,0.0
^RUT,2027-03-19,2670.0,Put,0.0,0.0,176.89,,0.0
^RUT,2027-03-19,2680.0,Put,164.0,180.0,290.7,,6.0
^RUT,2027-03-19,2690.0,Call,0.0,0.0,162.98,1.0,0.0
^RUT,2027-03-19,2690.0,Put,0.0,0.0,142.93,1.0,0.0
^RUT,2027-03-19,2700.0,Call,0.0,0.0,308.38,2.0,0.0
^RUT,2027-03-19,2700.0,Put,0.0,0.0,169.76,180.0,0.0
^RUT,2027-03-19,2730.0,Call,0.0,0.0,181.27,1.0,0.0
^RUT,2027-03-19,2740.0,Put,0.0,0.0,193.85,4.0,0.0
^RUT,2027-03-19,2750.0,Call,0.0,0.0,323.8,10.0,0.0
^RUT,2027-03-19,2750.0,Put,0.0,0.0,189.15,2.0,0.0
^RUT,2027-03-19,2790.0,Call,0.0,0.0,282.5,,0.0
^RUT,2027-03-19,2800.0,Call,0.0,0.0,268.7,3.0,0.0
^RUT,2027-03-19,2800.0,Put,0.0,0.0,213.95,4.0,0.0
^RUT,2027-03-19,2810.0,Call,0.0,0.0,275.3,,0.0
^RUT,2027-03-19,2840.0,Call,0.0,0.0,282.27,2.0,0.0
^RUT,2027-03-19,2850.0,Call,0.0,0.0,241.65,1.0,0.0
^RUT,2027-03-19,2850.0,Put,0.0,0.0,212.67,,0.0
^RUT,2027-03-19,2870.0,Call,0.0,0.0,201.82,4.0,0.0
^RUT,2027-03-19,2880.0,Call,0.0,0.0,201.47,2.0,0.0
^RUT,2027-03-19,2890.0,Call,0.0,0.0,210.96,4.0,0.0
^RUT,2027-03-19,2900.0,Call,0.0,0.0,206.05,4.0,0.0
^RUT,2027-03-19,2900.0,Put,0.0,0.0,234.0,98.0,0.0
^RUT,2027-03-19,2910.0,Call,0.0,0.0,201.02,4.0,0.0
^RUT,2027-03-19,2920.0,Call,0.0,0.0,211.83,4.0,0.0
^RUT,2027-03-19,2920.0,Put,0.0,0.0,285.58,,0.0
^RUT,2027-03-19,2930.0,Call,0.0,0.0,204.35,2.0,0.0
^RUT,2027-03-19,2940.0,Call,0.0,0.0,203.45,4.0,0.0
^RUT,2027-03-19,2940.0,Put,0.0,0.0,293.65,,0.0
^RUT,2027-03-19,2950.0,Call,0.0,0.0,207.3,6.0,0.0
^RUT,2027-03-19,2950.0,Put,0.0,0.0,261.04,,0.0
^RUT,2027-03-19,2960.0,Call,0.0,0.0,205.34,6.0,0.0
^RUT,2027-03-19,2970.0,Call,0.0,0.0,211.04,2.0,0.0
^RUT,2027-03-19,2980.0,Call,0.0,0.0,206.03,4.0,0.0
^RUT,2027-03-19,2990.0,Call,0.0,0.0,206.13,4.0,0.0
^RUT,2027-03-19,3000.0,Call,0.0,0.0,201.38,2.0,0.0
^RUT,2027-03-19,3000.0,Put,0.0,0.0,278.99,,0.0
^RUT,2027-03-19,3010.0,Call,0.0,0.0,201.23,2.0,0.0
^RUT,2027-03-19,3020.0,Call,0.0,0.0,200.33,6.0,0.0
^RUT,2027-03-19,3020.0,Put,314.0,338.0,523.6,,1.0
^RUT,2027-03-19,3030.0,Call,0.0,0.0,208.26,,0.0
^RUT,2027-03-19,3030.0,Put,0.0,0.0,333.84,2.0,0.0
^RUT,2027-03-19,3050.0,Call,0.0,0.0,139.17,1.0,0.0
^RUT,2027-03-19,3050.0,Put,331.1,355.0,568.0,2.0,5.0
^RUT,2027-03-19,3100.0,Call,0.0,0.0,119.82,2.0,0.0
^RUT,2027-03-19,3100.0,Put,0.0,0.0,378.51,4.0,0.0
^RUT,2027-03-19,3150.0,Put,0.0,0.0,401.92,2.0,0.0
^RUT,2027-03-19,3200.0,Put,0.0,0.0,387.3,2.0,0.0
^RUT,2027-03-19,3250.0,Call,115.5,127.2,42.03,,0.0
^RUT,2027-03-19,3250.0,Put,0.0,0.0,433.11,86.0,0.0
^RUT,2027-03-19,3300.0,Call,0.0,0.0,58.88,1.0,0.0
^RUT,2027-03-19,3300.0,Put,0.0,0.0,464.7,16.0,0.0
^RUT,2027-03-19,3350.0,Call,0.0,0.0,89.4,120.0,0.0
^RUT,2027-03-19,3350.0,Put,0.0,0.0,503.78,,0.0
^RUT,2027-03-19,3400.0,Put,0.0,0.0,536.93,,0.0
^RUT,2027-03-19,3450.0,Call,42.0,52.0,26.58,1.0,1.0
^RUT,2027-03-19,3500.0,Call,0.0,0.0,53.94,1.0,0.0
^RUT,2027-03-19,3500.0,Put,656.0,680.0,939.0,,1.0
^RUT,2027-03-19,3550.0,Call,0.0,0.0,47.25,1.0,0.0
^RUT,2027-03-19,3600.0,Call,40.3,49.2,13.32,1.0,0.0
^RUT,2027-03-19,3600.0,Put,742.0,766.0,1031.0,,1.0
^RUT,2027-03-19,3650.0,Call,21.0,31.0,13.0,1.0,1.0
^RUT,2027-03-19,3650.0,Put,786.0,810.0,1077.0,,1.0
^RUT,2027-03-19,3700.0,Call,0.0,0.0,30.13,2.0,0.0
^RUT,2027-03-19,3750.0,Call,0.0,0.0,26.47,2.0,0.0
^RUT,2027-03-31,1250.0,Put,0.0,0.0,7.6,6.0,0.0
^RUT,2027-03-31,1300.0,Put,0.0,0.0,8.13,,0.0
^RUT,2027-03-31,1350.0,Put,0.0,0.0,9.13,12.0,0.0
^RUT,2027-03-31,1400.0,Put,0.0,0.0,9.68,2.0,0.0
^RUT,2027-03-31,1450.0,Put,0.0,0.0,10.47,2.0,0.0
^RUT,2027-03-31,1500.0,Put,0.0,0.0,14.08,3.0,0.0
^RUT,2027-03-31,1550.0,Put,0.0,0.0,12.15,4.0,0.0
^RUT,2027-03-31,1600.0,Put,0.0,0.0,15.9,,0.0
^RUT,2027-03-31,1650.0,Put,0.0,0.0,15.8,4.0,0.0
^RUT,2027-03-31,1700.0,Put,0.0,0.0,17.9,1.0,0.0
^RUT,2027-03-31,1800.0,Put,0.0,0.0,20.0,2.0,0.0
^RUT,2027-03-31,1850.0,Put,0.0,0.0,34.1,,0.0
^RUT,2027-03-31,1900.0,Put,0.0,0.0,26.79,2.0,0.0
^RUT,2027-03-31,2000.0,Put,0.0,0.0,41.94,5.0,0.0
^RUT,2027-03-31,2050.0,Put,0.0,0.0,43.19,10.0,0.0
^RUT,2027-03-31,2100.0,Put,0.0,0.0,47.0,8.0,0.0
^RUT,2027-03-31,2200.0,Put,0.0,0.0,70.05,3.0,0.0
^RUT,2027-03-31,2220.0,Put,0.0,0.0,64.64,2.0,0.0
^RUT,2027-03-31,2350.0,Put,0.0,0.0,84.64,,0.0
^RUT,2027-03-31,2360.0,Put,0.0,0.0,81.2,,0.0
^RUT,2027-03-31,2410.0,Put,0.0,0.0,90.09,,0.0
^RUT,2027-03-31,2450.0,Call,0.0,0.0,508.57,4.0,0.0
^RUT,2027-03-31,2500.0,Call,0.0,0.0,463.37,1.0,0.0
^RUT,2027-03-31,2500.0,Put,0.0,0.0,113.0,1.0,0.0
^RUT,2027-03-31,2510.0,Put,0.0,0.0,115.48,,0.0
^RUT,2027-03-31,2530.0,Call,0.0,0.0,289.45,,0.0
^RUT,2027-03-31,2540.0,Call,0.0,0.0,281.46,,0.0
^RUT,2027-03-31,2550.0,Put,0.0,0.0,125.55,,0.0
^RUT,2027-03-31,2620.0,Call,0.0,0.0,434.55,1.0,0.0
^RUT,2027-03-31,2650.0,Call,0.0,0.0,369.07,,0.0
^RUT,2027-03-31,2650.0,Put,131.1,142.0,273.3,1.0,0.0
^RUT,2027-03-31,2700.0,Call,0.0,0.0,338.28,8.0,0.0
^RUT,2027-03-31,2700.0,Put,0.0,0.0,181.97,,0.0
^RUT,2027-03-31,2720.0,Put,0.0,0.0,203.8,,0.0
^RUT,2027-03-31,2730.0,Put,0.0,0.0,207.75,,0.0
^RUT,2027-03-31,2750.0,Call,0.0,0.0,301.58,,0.0
^RUT,2027-03-31,2750.0,Put,0.0,0.0,200.05,,0.0
^RUT,2027-03-31,2760.0,Call,0.0,0.0,174.72,,0.0
^RUT,2027-03-31,2770.0,Put,0.0,0.0,213.24,2.0,0.0
^RUT,2027-03-31,2780.0,Put,0.0,0.0,224.2,1.0,0.0
^RUT,2027-03-31,2800.0,Call,0.0,0.0,296.87,3.0,0.0
^RUT,2027-03-31,2800.0,Put,0.0,0.0,199.72,,0.0
^RUT,2027-03-31,2850.0,Call,0.0,0.0,197.8,1.0,0.0
^RUT,2027-03-31,2900.0,Call,0.0,0.0,242.12,10.0,0.0
^RUT,2027-03-31,2900.0,Put,0.0,0.0,232.86,,0.0
^RUT,2027-03-31,3000.0,Call,0.0,0.0,192.87,3.0,0.0
^RUT,2027-03-31,3100.0,Call,0.0,0.0,124.79,5.0,0.0
^RUT,2027-03-31,3150.0,Call,0.0,0.0,128.04,10.0,0.0
^RUT,2027-03-31,3200.0,Call,0.0,0.0,113.0,10.0,0.0
^RUT,2027-03-31,3300.0,Put,0.0,0.0,463.3,,0.0
^RUT,2027-03-31,3350.0,Call,0.0,0.0,73.29,,0.0
^RUT,2027-03-31,3400.0,Call,0.0,0.0,51.82,1.0,0.0
^RUT,2027-03-31,3450.0,Call,0.0,0.0,65.8,2.0,0.0
^RUT,2027-03-31,3500.0,Call,0.0,0.0,42.0,7.0,0.0
^RUT,2027-03-31,3600.0,Call,0.0,0.0,28.55,1.0,0.0
^RUT,2027-03-31,3650.0,Call,0.0,0.0,37.38,4.0,0.0
^RUT,2027-06-17,1100.0,Put,0.0,0.0,6.0,40.0,0.0
^RUT,2027-06-17,1150.0,Put,3.8,8.7,14.32,2.0,0.0
^RUT,2027-06-17,1200.0,Put,0.0,0.0,10.07,4.0,0.0
^RUT,2027-06-17,1250.0,Put,7.4,12.3,18.07,30.0,0.0
^RUT,2027-06-17,1300.0,Put,8.5,13.4,19.5,2.0,0.0
^RUT,2027-06-17,1350.0,Put,9.6,14.0,14.71,3.0,233.0
^RUT,2027-06-17,1400.0,Put,0.0,0.0,15.86,2.0,0.0
^RUT,2027-06-17,1450.0,Put,0.0,0.0,19.21,217.0,0.0
^RUT,2027-06-17,1500.0,Call,1169.0,1193.0,1106.21,,1.0
^RUT,2027-06-17,1500.0,Put,0.0,0.0,17.16,4.0,0.0
^RUT,2027-06-17,1550.0,Call,0.0,0.0,1038.3,1.0,0.0
^RUT,2027-06-17,1550.0,Put,0.0,0.0,21.3,52.0,0.0
^RUT,2027-06-17,1600.0,Put,0.0,0.0,19.33,2.0,0.0
^RUT,2027-06-17,1650.0,Put,0.0,0.0,20.1,5.0,0.0
^RUT,2027-06-17,1700.0,Call,1132.0,1156.0,895.3,,1.0
^RUT,2027-06-17,1700.0,Put,0.0,0.0,25.65,13.0,0.0
^RUT,2027-06-17,1750.0,Put,0.0,0.0,22.7,7.0,0.0
^RUT,2027-06-17,1800.0,Put,0.0,0.0,32.19,2.0,0.0
^RUT,2027-06-17,1850.0,Put,76.0,86.0,70.9,1.0,1.0
^RUT,2027-06-17,1900.0,Call,0.0,0.0,735.0,,0.0
^RUT,2027-06-17,1900.0,Put,0.0,0.0,38.99,1.0,0.0
^RUT,2027-06-17,1950.0,Put,0.0,0.0,38.88,2.0,0.0
^RUT,2027-06-17,2000.0,Call,0.0,0.0,852.78,,0.0
^RUT,2027-06-17,2000.0,Put,0.0,0.0,43.06,2.0,0.0
^RUT,2027-06-17,2050.0,Call,0.0,0.0,704.74,2.0,0.0
^RUT,2027-06-17,2050.0,Put,0.0,0.0,52.67,1.0,0.0
^RUT,2027-06-17,2100.0,Put,0.0,0.0,64.33,4.0,0.0
^RUT,2027-06-17,2150.0,Put,0.0,0.0,58.74,1.0,0.0
^RUT,2027-06-17,2200.0,Call,0.0,0.0,638.46,4.0,0.0
^RUT,2027-06-17,2200.0,Put,0.0,0.0,79.5,20.0,0.0
^RUT,2027-06-17,2250.0,Call,518.4,536.4,476.0,3.0,2.0
^RUT,2027-06-17,2250.0,Put,0.0,0.0,69.12,2.0,0.0
^RUT,2027-06-17,2300.0,Call,0.0,0.0,643.0,10.0,0.0
^RUT,2027-06-17,2300.0,Put,75.5,86.6,193.86,2.0,0.0
^RUT,2027-06-17,2350.0,Call,419.0,443.0,527.65,2.0,1.0
^RUT,2027-06-17,2350.0,Put,0.0,0.0,86.61,2.0,0.0
^RUT,2027-06-17,2400.0,Call,0.0,0.0,570.3,2.0,0.0
^RUT,2027-06-17,2400.0,Put,0.0,0.0,95.8,2.0,0.0
^RUT,2027-06-17,2450.0,Call,357.0,381.0,435.87,,1.0
^RUT,2027-06-17,2450.0,Put,0.0,0.0,99.1,33.0,0.0
^RUT,2027-06-17,2500.0,Call,0.0,0.0,461.89,3.0,0.0
^RUT,2027-06-17,2500.0,Put,0.0,0.0,123.35,23.0,0.0
^RUT,2027-06-17,2550.0,Call,0.0,0.0,525.3,1.0,0.0
^RUT,2027-06-17,2550.0,Put,0.0,0.0,121.5,16.0,0.0
^RUT,2027-06-17,2600.0,Call,0.0,0.0,480.63,5.0,0.0
^RUT,2027-06-17,2600.0,Put,0.0,0.0,135.5,61.0,0.0
^RUT,2027-06-17,2650.0,Call,0.0,0.0,362.08,1.0,0.0
^RUT,2027-06-17,2650.0,Put,0.0,0.0,170.28,1.0,0.0
^RUT,2027-06-17,2700.0,Call,0.0,0.0,352.44,12.0,0.0
^RUT,2027-06-17,2700.0,Put,0.0,0.0,190.72,8.0,0.0
^RUT,2027-06-17,2750.0,Call,0.0,0.0,341.8,4.0,0.0
^RUT,2027-06-17,2750.0,Put,0.0,0.0,224.0,109.0,0.0
^RUT,2027-06-17,2800.0,Call,0.0,0.0,277.68,2.0,0.0
^RUT,2027-06-17,2800.0,Put,0.0,0.0,233.61,4.0,0.0
^RUT,2027-06-17,2850.0,Call,0.0,0.0,253.0,1.0,0.0
^RUT,2027-06-17,2850.0,Put,0.0,0.0,217.3,26.0,0.0
^RUT,2027-06-17,2900.0,Call,0.0,0.0,291.34,4.0,0.0
^RUT,2027-06-17,2900.0,Put,0.0,0.0,293.6,11.0,0.0
^RUT,2027-06-17,2950.0,Call,0.0,0.0,286.88,1.0,0.0
^RUT,2027-06-17,2950.0,Put,0.0,0.0,256.8,40.0,0.0
^RUT,2027-06-17,3000.0,Call,0.0,0.0,235.99,20.0,0.0
^RUT,2027-06-17,3000.0,Put,0.0,0.0,324.37,2.0,0.0
^RUT,2027-06-17,3050.0,Call,0.0,0.0,185.68,5.0,0.0
^RUT,2027-06-17,3050.0,Put,0.0,0.0,307.8,14.0,0.0
^RUT,2027-06-17,3100.0,Call,0.0,0.0,134.7,1.0,0.0
^RUT,2027-06-17,3100.0,Put,0.0,0.0,390.29,,0.0
^RUT,2027-06-17,3150.0,Call,0.0,0.0,133.0,3.0,0.0
^RUT,2027-06-17,3150.0,Put,0.0,0.0,562.5,,0.0
^RUT,2027-06-17,3200.0,Put,0.0,0.0,435.35,2.0,0.0
^RUT,2027-06-17,3250.0,Put,0.0,0.0,429.94,,0.0
^RUT,2027-06-17,3300.0,Call,0.0,0.0,129.52,,0.0
^RUT,2027-06-17,3300.0,Put,0.0,0.0,476.03,,0.0
^RUT,2027-06-17,3350.0,Call,0.0,0.0,106.2,,0.0
^RUT,2027-06-17,3350.0,Put,0.0,0.0,504.48,,0.0
^RUT,2027-06-17,3400.0,Call,0.0,0.0,103.1,2.0,0.0
^RUT,2027-06-17,3400.0,Put,0.0,0.0,585.19,2.0,0.0
^RUT,2027-06-17,3450.0,Call,0.0,0.0,64.48,24.0,0.0
^RUT,2027-06-17,3500.0,Call,0.0,0.0,80.0,13.0,0.0
^RUT,2027-06-17,3550.0,Call,0.0,0.0,58.87,16.0,0.0
^RUT,2027-06-17,3600.0,Call,0.0,0.0,41.01,,0.0
^RUT,2027-09-17,1200.0,Put,0.0,0.0,10.28,2.0,0.0
^RUT,2027-09-17,1400.0,Put,0.0,0.0,16.0,2.0,0.0
^RUT,2027-09-17,1500.0,Put,0.0,0.0,19.08,1.0,0.0
^RUT,2027-09-17,1700.0,Put,0.0,0.0,28.78,1.0,0.0
^RUT,2027-09-17,2500.0,Put,0.0,0.0,157.0,,0.0
^RUT,2027-09-17,2700.0,Put,0.0,0.0,228.45,,0.0
^RUT,2027-09-17,2750.0,Call,0.0,0.0,352.49,,0.0
^RUT,2027-09-17,3000.0,Call,0.0,0.0,280.72,2.0,0.0
^RUT,2027-09-17,3000.0,Put,0.0,0.0,338.69,2.0,0.0
^RUT,2027-09-17,3250.0,Call,0.0,0.0,150.0,,0.0
^RUT,2027-09-17,3300.0,Call,0.0,0.0,121.56,,0.0
^RUT,2027-09-17,3400.0,Put,0.0,0.0,582.68,2.0,0.0
^RUT,2027-09-17,3450.0,Call,0.0,0.0,107.5,,0.0
^RUT,2027-09-17,3500.0,Call,0.0,0.0,79.44,,0.0
^RUT,2027-09-17,3550.0,Call,0.0,0.0,79.0,,0.0
^RUT,2027-09-17,3600.0,Call,0.0,0.0,71.0,,0.0
^RUT,2027-09-17,3600.0,Put,0.0,0.0,730.0,1.0,0.0
^RUT,2027-09-17,3800.0,Call,0.0,0.0,41.68,,0.0
^RUT,2027-12-17,1200.0,Call,1295.0,1319.0,1121.0,1.0,6.0
^RUT,2027-12-17,1200.0,Put,0.0,0.0,13.44,2.0,0.0
^RUT,2027-12-17,1250.0,Call,1251.0,1275.0,1079.0,,3.0
^RUT,2027-12-17,1250.0,Put,0.0,0.0,18.19,2.0,0.0
^RUT,2027-12-17,1300.0,Call,1208.0,1232.0,1037.0,,3.0
^RUT,2027-12-17,1300.0,Put,0.0,0.0,19.56,2.0,0.0
^RUT,2027-12-17,1350.0,Call,1165.0,1189.0,996.0,,2.0
^RUT,2027-12-17,1350.0,Put,12.3,21.4,28.96,32.0,0.0
^RUT,2027-12-17,1400.0,Call,754.0,778.0,668.0,1.0,0.0
^RUT,2027-12-17,1400.0,Put,0.0,0.0,22.44,100.0,0.0
^RUT,2027-12-17,1450.0,Put,0.0,0.0,27.05,2.0,0.0
^RUT,2027-12-17,1500.0,Put,0.0,0.0,26.79,61.0,0.0
^RUT,2027-12-17,1550.0,Put,0.0,0.0,33.63,1.0,0.0
^RUT,2027-12-17,1600.0,Call,619.0,643.0,855.1,,1.0
^RUT,2027-12-17,1600.0,Put,0.0,0.0,28.8,1.0,0.0
^RUT,2027-12-17,1650.0,Call,915.0,939.0,682.0,3.0,1.0
^RUT,2027-12-17,1650.0,Put,0.0,0.0,31.7,1.0,0.0
^RUT,2027-12-17,1700.0,Call,624.0,648.0,530.1,,5.0
^RUT,2027-12-17,1700.0,Put,0.0,0.0,34.7,1.0,0.0
^RUT,2027-12-17,1750.0,Call,558.0,582.0,492.2,,4.0
^RUT,2027-12-17,1750.0,Put,0.0,0.0,38.3,1.0,0.0
^RUT,2027-12-17,1800.0,Call,796.0,820.0,572.27,5.0,11.0
^RUT,2027-12-17,1800.0,Put,0.0,0.0,41.8,1.0,0.0
^RUT,2027-12-17,1850.0,Call,521.0,545.0,437.1,2.0,658.0
^RUT,2027-12-17,1850.0,Put,0.0,0.0,50.6,1.0,0.0
^RUT,2027-12-17,1900.0,Call,719.0,743.0,662.58,11.0,25.0
^RUT,2027-12-17,1900.0,Put,0.0,0.0,61.5,1.0,0.0
^RUT,2027-12-17,1950.0,Call,783.7,807.0,664.94,2.0,2.0
^RUT,2027-12-17,1950.0,Put,53.3,66.9,95.0,1.0,0.0
^RUT,2027-12-17,2000.0,Call,916.0,940.0,796.37,18.0,17.0
^RUT,2027-12-17,2000.0,Put,0.0,0.0,65.9,1550.0,0.0
^RUT,2027-12-17,2050.0,Put,64.4,79.0,118.0,1.0,0.0
^RUT,2027-12-17,2100.0,Call,0.0,0.0,836.0,1.0,0.0
^RUT,2027-12-17,2100.0,Put,0.0,0.0,78.41,2.0,0.0
^RUT,2027-12-17,2150.0,Call,794.0,818.0,605.0,6.0,6.0
^RUT,2027-12-17,2150.0,Put,0.0,0.0,97.2,600.0,0.0
^RUT,2027-12-17,2200.0,Call,509.0,533.0,331.5,7.0,387.0
^RUT,2027-12-17,2200.0,Put,0.0,0.0,93.72,2.0,0.0
^RUT,2027-12-17,2250.0,Call,477.0,501.0,400.23,1.0,7.0
^RUT,2027-12-17,2250.0,Put,0.0,0.0,120.4,2.0,0.0
^RUT,2027-12-17,2300.0,Call,0.0,0.0,708.0,1.0,0.0
^RUT,2027-12-17,2300.0,Put,0.0,0.0,131.34,2.0,0.0
^RUT,2027-12-17,2350.0,Call,0.0,0.0,662.0,2.0,0.0
^RUT,2027-12-17,2350.0,Put,0.0,0.0,127.54,120.0,0.0
^RUT,2027-12-17,2400.0,Call,443.0,467.0,564.48,2.0,876.0
^RUT,2027-12-17,2400.0,Put,0.0,0.0,140.0,1.0,0.0
^RUT,2027-12-17,2450.0,Call,375.0,399.0,362.0,1.0,251.0
^RUT,2027-12-17,2450.0,Put,196.7,205.5,247.51,1.0,269.0
^RUT,2027-12-17,2500.0,Call,0.0,0.0,539.82,2.0,0.0
^RUT,2027-12-17,2500.0,Put,0.0,0.0,143.0,20.0,0.0
^RUT,2027-12-17,2550.0,Call,0.0,0.0,523.83,5.0,0.0
^RUT,2027-12-17,2550.0,Put,179.0,195.0,252.81,4.0,443.0
^RUT,2027-12-17,2600.0,Call,0.0,0.0,568.5,2.0,0.0
^RUT,2027-12-17,2600.0,Put,0.0,0.0,201.3,100.0,0.0
^RUT,2027-12-17,2650.0,Call,0.0,0.0,520.13,5.0,0.0
^RUT,2027-12-17,2650.0,Put,0.0,0.0,198.98,2.0,0.0
^RUT,2027-12-17,2700.0,Call,284.0,308.0,420.84,4.0,1247.0
^RUT,2027-12-17,2700.0,Put,0.0,0.0,250.51,2.0,0.0
^RUT,2027-12-17,2750.0,Call,391.0,415.0,250.11,100.0,120.0
^RUT,2027-12-17,2750.0,Put,0.0,0.0,239.91,1.0,0.0
^RUT,2027-12-17,2800.0,Call,0.0,0.0,412.78,2.0,0.0
^RUT,2027-12-17,2800.0,Put,0.0,0.0,243.8,17.0,0.0
^RUT,2027-12-17,2850.0,Call,339.2,361.5,265.5,350.0,411.0
^RUT,2027-12-17,2850.0,Put,0.0,0.0,262.0,6.0,0.0
^RUT,2027-12-17,2900.0,Call,0.0,0.0,341.97,3.0,0.0
^RUT,2027-12-17,2900.0,Put,0.0,0.0,281.2,16.0,0.0
^RUT,2027-12-17,2950.0,Call,357.7,387.0,201.46,33.0,0.0
^RUT,2027-12-17,2950.0,Put,0.0,0.0,301.6,,0.0
^RUT,2027-12-17,3000.0,Call,0.0,0.0,287.2,1.0,0.0
^RUT,2027-12-17,3000.0,Put,0.0,0.0,323.8,710.0,0.0
^RUT,2027-12-17,3100.0,Call,0.0,0.0,286.99,110.0,0.0
^RUT,2027-12-17,3100.0,Put,0.0,0.0,372.22,14.0,0.0
^RUT,2027-12-17,3150.0,Call,99.8,189.8,161.44,,0.0
^RUT,2027-12-17,3150.0,Put,912.0,936.0,1137.0,,1.0
^RUT,2027-12-17,3200.0,Call,0.0,0.0,187.96,1.0,0.0
^RUT,2027-12-17,3200.0,Put,953.0,977.0,1180.0,1.0,2.0
^RUT,2027-12-17,3250.0,Call,0.0,0.0,213.49,1.0,0.0
^RUT,2027-12-17,3300.0,Call,0.0,0.0,144.96,4.0,0.0
^RUT,2027-12-17,3300.0,Put,1036.0,1060.0,1123.0,,2.0
^RUT,2027-12-17,3350.0,Call,189.5,213.3,95.7,6.0,0.0
^RUT,2027-12-17,3350.0,Put,1078.0,1102.0,1234.0,,6.0
^RUT,2027-12-17,3400.0,Call,0.0,0.0,175.75,158.0,0.0
^RUT,2027-12-17,3400.0,Put,1034.0,1046.6,1304.0,,4.0
^RUT,2027-12-17,3450.0,Call,121.0,135.1,70.89,2.0,24.0
^RUT,2027-12-17,3450.0,Put,1163.0,1187.0,1443.1,2.0,14.0
^RUT,2027-12-17,3500.0,Call,0.0,0.0,143.8,10.0,0.0
^RUT,2027-12-17,3500.0,Put,1138.0,1162.0,1193.9,4.0,30.0
^RUT,2027-12-17,3550.0,Call,0.0,0.0,130.14,6.0,0.0
^RUT,2027-12-17,3550.0,Put,928.0,952.0,1085.0,1.0,4.0
^RUT,2027-12-17,3600.0,Call,0.0,0.0,114.8,6.0,0.0
^RUT,2027-12-17,3600.0,Put,969.0,993.0,1201.28,6.0,34.0
^RUT,2027-12-17,3800.0,Call,0.0,0.0,55.4,,0.0
^RUT,2027-12-17,4600.0,Call,0.0,0.0,12.8,,0.0
^RUT,2028-12-15,1300.0,Call,0.0,0.0,1336.0,1.0,0.0
^RUT,2028-12-15,1300.0,Put,0.0,0.0,29.1,1.0,0.0
^RUT,2028-12-15,1350.0,Call,0.0,0.0,1403.92,,0.0
^RUT,2028-12-15,1350.0,Put,0.0,0.0,37.31,4.0,0.0
^RUT,2028-12-15,1400.0,Call,0.0,0.0,1362.92,,0.0
^RUT,2028-12-15,1400.0,Put,0.0,0.0,40.38,4.0,0.0
^RUT,2028-12-15,1450.0,Call,0.0,0.0,1322.07,,0.0
^RUT,2028-12-15,1450.0,Put,0.0,0.0,48.5,,0.0
^RUT,2028-12-15,1550.0,Put,39.7,59.0,68.75,,0.0
^RUT,2028-12-15,1600.0,Put,33.5,96.2,51.64,2.0,0.0
^RUT,2028-12-15,1650.0,Put,36.9,102.1,56.57,4.0,0.0
^RUT,2028-12-15,1700.0,Put,52.0,73.6,91.6,,0.0
^RUT,2028-12-15,1750.0,Call,1182.0,1206.0,967.5,,2.0
^RUT,2028-12-15,1750.0,Put,0.0,0.0,74.34,2.0,0.0
^RUT,2028-12-15,1800.0,Put,0.0,0.0,79.22,2.0,0.0
^RUT,2028-12-15,1850.0,Put,81.0,91.0,113.1,12.0,53.0
^RUT,2028-12-15,1900.0,Put,0.0,0.0,88.7,120.0,0.0
^RUT,2028-12-15,1950.0,Put,0.0,0.0,93.04,4.0,0.0
^RUT,2028-12-15,2000.0,Put,0.0,0.0,101.12,2.0,0.0
^RUT,2028-12-15,2050.0,Call,0.0,0.0,841.5,,0.0
^RUT,2028-12-15,2050.0,Put,0.0,0.0,106.5,12.0,0.0
^RUT,2028-12-15,2100.0,Call,0.0,0.0,807.1,,0.0
^RUT,2028-12-15,2100.0,Put,0.0,0.0,111.35,50.0,0.0
^RUT,2028-12-15,2150.0,Call,0.0,0.0,773.0,,0.0
^RUT,2028-12-15,2150.0,Put,0.0,0.0,126.95,4.0,0.0
^RUT,2028-12-15,2200.0,Call,0.0,0.0,861.0,3.0,0.0
^RUT,2028-12-15,2200.0,Put,0.0,0.0,126.42,1.0,0.0
^RUT,2028-12-15,2250.0,Call,0.0,0.0,819.5,1.0,0.0
^RUT,2028-12-15,2250.0,Put,0.0,0.0,143.1,14.0,0.0
^RUT,2028-12-15,2300.0,Call,0.0,0.0,598.6,8.0,0.0
^RUT,2028-12-15,2300.0,Put,0.0,0.0,159.13,2.0,0.0
^RUT,2028-12-15,2350.0,Put,0.0,0.0,171.08,4.0,0.0
^RUT,2028-12-15,2400.0,Put,0.0,0.0,183.21,2.0,0.0
^RUT,2028-12-15,2450.0,Call,0.0,0.0,654.36,2.0,0.0
^RUT,2028-12-15,2450.0,Put,0.0,0.0,185.3,7.0,0.0
^RUT,2028-12-15,2500.0,Put,0.0,0.0,210.79,2.0,0.0
^RUT,2028-12-15,2550.0,Put,0.0,0.0,222.7,9.0,0.0
^RUT,2028-12-15,2600.0,Call,370.7,0.0,440.88,4.0,0.0
^RUT,2028-12-15,2600.0,Put,0.0,0.0,248.4,16.0,0.0
^RUT,2028-12-15,2650.0,Put,0.0,0.0,256.15,6.0,0.0
^RUT,2028-12-15,2700.0,Call,0.0,0.0,540.81,,0.0
^RUT,2028-12-15,2700.0,Put,0.0,0.0,258.2,1.0,0.0
^RUT,2028-12-15,2750.0,Put,0.0,0.0,271.89,2.0,0.0
^RUT,2028-12-15,2800.0,Call,284.9,0.0,390.0,2.0,0.0
^RUT,2028-12-15,2800.0,Put,0.0,0.0,310.75,4.0,0.0
^RUT,2028-12-15,2850.0,Put,415.4,515.4,394.58,4.0,0.0
^RUT,2028-12-15,2900.0,Put,308.3,347.2,467.06,2.0,0.0
^RUT,2028-12-15,2950.0,Put,327.2,367.0,494.7,,0.0
^RUT,2028-12-15,3000.0,Call,0.0,0.0,432.58,,0.0
^RUT,2028-12-15,3050.0,Put,0.0,0.0,388.86,,0.0
^RUT,2028-12-15,3100.0,Call,401.7,457.8,245.67,,0.0
^RUT,2028-12-15,3100.0,Put,0.0,0.0,437.82,4.0,0.0
^RUT,2028-12-15,3150.0,Put,536.0,560.0,592.0,,4.0
^RUT,2028-12-15,3250.0,Call,0.0,0.0,305.22,1.0,0.0
^RUT,2028-12-15,3350.0,Call,299.9,349.3,175.93,,0.0
^RUT,2028-12-15,3350.0,Put,573.0,597.0,776.0,1.0,1.0
^RUT,2028-12-15,3400.0,Call,282.0,330.2,163.13,,0.0
^RUT,2028-12-15,3450.0,Call,264.9,312.0,152.81,,0.0
^RUT,2028-12-15,3500.0,Call,0.0,0.0,243.0,4.0,0.0
^RUT,2028-12-15,3500.0,Put,661.0,685.0,876.0,,1.0
^RUT,2028-12-15,3550.0,Call,0.0,0.0,213.2,2.0,0.0
^RUT,2028-12-15,3550.0,Put,616.6,671.0,899.0,2.0,0.0
^RUT,2028-12-15,3600.0,Call,0.0,0.0,198.05,2.0,0.0
^RUT,2028-12-15,3600.0,Put,645.9,701.8,936.0,1.0,0.0
^RUT,2028-12-15,3650.0,Call,0.0,0.0,184.56,,0.0
^RUT,2028-12-15,3650.0,Put,676.0,733.5,972.0,1.0,0.0
^RUT,2028-12-15,3700.0,Call,0.0,0.0,171.63,24.0,0.0
^RUT,2028-12-15,3700.0,Put,706.9,766.0,977.0,6.0,0.0
^RUT,2028-12-15,3750.0,Call,0.0,0.0,162.16,2.0,0.0
^RUT,2028-12-15,3750.0,Put,738.5,799.2,1098.0,3.0,0.0
^RUT,2028-12-15,4000.0,Call,0.0,0.0,116.11,,0.0
^RUT,2028-12-15,4200.0,Call,0.0,0.0,87.89,,0.0
^RUT,2028-12-15,4400.0,Call,0.0,0.0,68.6,,0.0
^RUT,2028-12-15,4600.0,Call,0.0,0.0,53.18,,0.0
^RUT,2028-12-15,4800.0,Put,0.0,0.0,1674.0,,0.0
^RUT,2028-12-15,5000.0,Call,0.0,0.0,33.95,,0.0
^RUT,2028-12-15,5000.0,Put,0.0,0.0,1848.0,,0.0
^VIX,2026-05-27,10.0,Call,5.47,8.83,8.57,1.0,0.0
^VIX,2026-05-27,10.0,Put,0.0,0.0,0.01,,0.0
^VIX,2026-05-27,10.5,Put,0.0,0.0,0.01,,0.0
^VIX,2026-05-27,11.5,Put,0.0,0.0,0.01,,0.0
^VIX,2026-05-27,12.0,Put,0.0,0.0,0.01,22.0,0.0
^VIX,2026-05-27,13.0,Call,2.54,5.55,7.85,,0.0
^VIX,2026-05-27,13.0,Put,0.0,0.0,0.03,14.0,0.0
^VIX,2026-05-27,13.5,Call,1.97,5.33,4.16,95.0,0.0
^VIX,2026-05-27,14.0,Call,2.65,4.97,3.66,105.0,0.0
^VIX,2026-05-27,14.0,Put,0.0,0.0,0.03,6.0,0.0
^VIX,2026-05-27,14.5,Call,2.15,4.57,3.19,90.0,0.0
^VIX,2026-05-27,14.5,Put,0.0,0.0,0.05,1.0,0.0
^VIX,2026-05-27,15.0,Call,1.64,2.99,2.28,1.0,0.0
^VIX,2026-05-27,15.0,Put,0.0,0.07,0.06,11.0,0.0
^VIX,2026-05-27,16.0,Call,0.89,3.46,1.62,7.0,0.0
^VIX,2026-05-27,16.0,Put,0.04,0.04,0.07,36.0,0.0
^VIX,2026-05-27,17.0,Call,0.6,0.7,0.7,5.0,0.0
^VIX,2026-05-27,17.0,Put,0.1,0.4,0.3,11.0,0.0
^VIX,2026-05-27,18.0,Call,0.18,0.63,0.1,3.0,0.0
^VIX,2026-05-27,18.0,Put,0.51,1.2,0.8,3.0,0.0
^VIX,2026-05-27,19.0,Call,0.0,0.0,0.38,4.0,0.0
^VIX,2026-05-27,19.0,Put,1.19,3.96,1.6,7.0,0.0
^VIX,2026-05-27,20.0,Call,0.06,0.1,0.1,22.0,0.0
^VIX,2026-05-27,20.0,Put,2.15,5.28,2.35,5.0,0.0
^VIX,2026-05-27,21.0,Call,0.0,0.2,0.25,8.0,0.0
^VIX,2026-05-27,21.0,Put,1.8,6.34,3.5,7.0,0.0
^VIX,2026-05-27,22.0,Call,0.0,0.0,0.2,3173.0,0.0
^VIX,2026-05-27,22.0,Put,2.74,7.37,4.31,5.0,0.0
^VIX,2026-05-27,23.0,Call,0.0,0.25,0.14,1212.0,0.0
^VIX,2026-05-27,23.0,Put,3.83,8.35,5.31,12.0,0.0
^VIX,2026-05-27,24.0,Call,0.0,0.23,0.11,538.0,0.0
^VIX,2026-05-27,24.0,Put,4.7,8.85,6.27,102.0,0.0
^VIX,2026-05-27,25.0,Call,0.0,0.0,0.09,541.0,0.0
^VIX,2026-05-27,25.0,Put,5.65,9.79,7.23,1.0,0.0
^VIX,2026-05-27,26.0,Call,0.0,0.17,0.13,18.0,0.0
^VIX,2026-05-27,26.0,Put,6.98,11.11,8.46,192.0,0.0
^VIX,2026-05-27,27.0,Call,0.0,0.16,0.08,2210.0,0.0
^VIX,2026-05-27,27.0,Put,8.01,12.06,8.75,12.0,0.0
^VIX,2026-05-27,28.0,Call,0.08,0.0,0.09,33.0,0.0
^VIX,2026-05-27,28.0,Put,9.04,13.02,10.46,195.0,0.0
^VIX,2026-05-27,29.0,Call,0.0,0.12,0.06,23.0,0.0
^VIX,2026-05-27,29.0,Put,10.06,13.99,9.61,17.0,0.0
^VIX,2026-05-27,30.0,Call,0.0,0.0,0.08,875.0,0.0
^VIX,2026-05-27,30.0,Put,11.07,14.96,11.7,1.0,0.0
^VIX,2026-05-27,31.0,Call,0.0,0.0,0.03,83.0,0.0
^VIX,2026-05-27,31.0,Put,12.09,15.93,13.35,100.0,0.0
^VIX,2026-05-27,32.0,Call,0.0,0.0,0.05,107.0,0.0
^VIX,2026-05-27,33.0,Call,0.0,0.09,0.05,3.0,0.0
^VIX,2026-05-27,34.0,Call,0.0,0.0,0.05,10.0,0.0
^VIX,2026-05-27,35.0,Call,0.0,0.08,0.05,15.0,0.0
^VIX,2026-05-27,35.0,Put,15.81,19.51,15.7,200.0,0.0
^VIX,2026-05-27,36.0,Call,0.0,0.0,0.11,100.0,0.0
^VIX,2026-05-27,37.0,Call,0.0,0.0,0.04,20.0,0.0
^VIX,2026-05-27,38.0,Call,0.0,0.07,0.07,22.0,0.0
^VIX,2026-05-27,39.0,Call,0.0,0.07,0.06,1.0,0.0
^VIX,2026-05-27,39.0,Put,20.19,23.78,20.2,,0.0
^VIX,2026-05-27,40.0,Call,0.0,0.0,0.03,177.0,0.0
^VIX,2026-05-27,42.5,Call,0.0,0.06,0.03,109.0,0.0
^VIX,2026-05-27,45.0,Call,0.0,0.0,0.08,107504.0,0.0
^VIX,2026-05-27,47.5,Call,0.0,0.0,0.06,10.0,0.0
^VIX,2026-05-27,50.0,Call,0.0,0.0,0.01,4.0,0.0
^VIX,2026-05-27,50.0,Put,30.96,34.35,31.43,1.0,0.0
^VIX,2026-05-27,55.0,Call,0.0,0.05,0.04,127.0,0.0
^VIX,2026-05-27,55.0,Put,36.3,39.62,35.5,,0.0
^VIX,2026-05-27,60.0,Call,0.0,0.0,0.02,4.0,0.0
^VIX,2026-05-27,65.0,Call,0.0,0.0,0.06,100.0,0.0
^VIX,2026-05-27,70.0,Call,0.0,0.0,0.1,1.0,0.0
^VIX,2026-05-27,75.0,Call,0.0,0.0,0.1,,0.0
^VIX,2026-05-27,80.0,Put,61.38,64.51,61.98,2.0,0.0
^VIX,2026-05-27,85.0,Call,0.0,0.04,0.15,,0.0
^VIX,2026-05-27,90.0,Call,0.0,0.04,0.04,1.0,0.0
^VIX,2026-05-27,95.0,Call,0.0,0.04,0.03,2.0,0.0
^VIX,2026-05-27,100.0,Call,0.0,0.04,0.01,2.0,0.0
^VIX,2026-05-27,100.0,Put,81.42,84.45,81.07,40.0,0.0
^VIX,2026-06-02,11.5,Call,5.27,8.02,8.0,1.0,0.0
^VIX,2026-06-02,12.0,Put,0.0,0.0,0.08,15.0,0.0
^VIX,2026-06-02,13.0,Call,3.69,6.62,7.29,,0.0
^VIX,2026-06-02,13.0,Put,0.0,0.0,0.02,,0.0
^VIX,2026-06-02,13.5,Call,3.16,6.16,5.52,,0.0
^VIX,2026-06-02,14.0,Call,2.62,5.71,4.99,1.0,0.0
^VIX,2026-06-02,14.0,Put,0.0,0.0,0.08,1.0,0.0
^VIX,2026-06-02,14.5,Call,2.98,5.26,5.35,3.0,0.0
^VIX,2026-06-02,15.0,Call,2.5,0.0,3.65,61.0,0.0
^VIX,2026-06-02,15.0,Put,0.04,0.08,0.07,11.0,0.0
^VIX,2026-06-02,16.0,Call,0.0,0.0,2.94,4.0,0.0
^VIX,2026-06-02,16.0,Put,0.01,0.28,0.16,25.0,0.0
^VIX,2026-06-02,17.0,Call,0.96,1.86,1.94,525.0,0.0
^VIX,2026-06-02,17.0,Put,0.0,0.0,0.23,41.0,0.0
^VIX,2026-06-02,18.0,Call,0.45,1.2,1.15,7.0,0.0
^VIX,2026-06-02,18.0,Put,0.31,0.0,0.65,47.0,0.0
^VIX,2026-06-02,19.0,Call,0.0,0.0,0.91,335.0,0.0
^VIX,2026-06-02,19.0,Put,0.0,0.0,1.4,41.0,0.0
^VIX,2026-06-02,20.0,Call,0.1,0.0,0.28,10.0,0.0
^VIX,2026-06-02,20.0,Put,1.65,0.0,2.0,2.0,0.0
^VIX,2026-06-02,21.0,Call,0.0,0.0,0.53,117.0,0.0
^VIX,2026-06-02,21.0,Put,2.54,0.0,2.76,2.0,0.0
^VIX,2026-06-02,22.0,Call,0.0,0.0,0.43,119.0,0.0
^VIX,2026-06-02,22.0,Put,0.0,0.0,2.97,10.0,0.0
^VIX,2026-06-02,23.0,Call,0.0,0.0,0.37,102.0,0.0
^VIX,2026-06-02,23.0,Put,3.24,0.0,4.38,1.0,0.0
^VIX,2026-06-02,24.0,Call,0.0,0.51,0.26,209.0,0.0
^VIX,2026-06-02,24.0,Put,4.26,8.39,5.3,2.0,0.0
^VIX,2026-06-02,25.0,Call,0.0,0.0,0.28,835.0,0.0
^VIX,2026-06-02,25.0,Put,5.0,9.0,6.55,11.0,0.0
^VIX,2026-06-02,26.0,Call,0.03,0.25,0.24,10.0,0.0
^VIX,2026-06-02,26.0,Put,6.31,10.29,6.58,,0.0
^VIX,2026-06-02,27.0,Call,0.0,0.0,0.19,10.0,0.0
^VIX,2026-06-02,28.0,Call,0.0,0.0,0.17,1010.0,0.0
^VIX,2026-06-02,28.0,Put,8.02,11.8,8.43,20.0,0.0
^VIX,2026-06-02,29.0,Call,0.0,0.33,0.17,1105.0,0.0
^VIX,2026-06-02,29.0,Put,9.38,13.08,9.9,3.0,0.0
^VIX,2026-06-02,30.0,Call,0.0,0.0,0.22,10.0,0.0
^VIX,2026-06-02,30.0,Put,10.4,14.03,11.48,15.0,0.0
^VIX,2026-06-02,31.0,Call,0.0,0.0,0.14,10.0,0.0
^VIX,2026-06-02,31.0,Put,11.41,15.0,11.65,,0.0
^VIX,2026-06-02,32.0,Call,0.0,0.0,0.19,15.0,0.0
^VIX,2026-06-02,33.0,Call,0.0,0.0,0.16,61.0,0.0
^VIX,2026-06-02,33.0,Put,13.43,16.94,13.65,,0.0
^VIX,2026-06-02,34.0,Call,0.0,0.23,0.12,4.0,0.0
^VIX,2026-06-02,34.0,Put,14.44,17.91,14.65,,0.0
^VIX,2026-06-02,35.0,Call,0.0,0.0,0.17,10.0,0.0
^VIX,2026-06-02,35.0,Put,15.44,18.89,15.8,,0.0
^VIX,2026-06-02,36.0,Call,0.0,0.0,0.1,18.0,0.0
^VIX,2026-06-02,36.0,Put,16.45,19.88,16.7,,0.0
^VIX,2026-06-02,37.0,Call,0.0,0.0,0.33,,0.0
^VIX,2026-06-02,38.0,Call,0.0,0.0,0.12,4.0,0.0
^VIX,2026-06-02,39.0,Call,0.0,0.0,0.17,1.0,0.0
^VIX,2026-06-02,40.0,Call,0.0,0.0,0.09,31.0,0.0
^VIX,2026-06-02,40.0,Put,20.46,23.82,21.42,10.0,0.0
^VIX,2026-06-02,42.5,Call,0.0,0.14,0.08,8.0,0.0
^VIX,2026-06-02,45.0,Call,0.0,0.0,0.08,2.0,0.0
^VIX,2026-06-02,47.5,Call,0.0,0.0,0.19,21.0,0.0
^VIX,2026-06-02,50.0,Call,0.0,0.0,0.06,12.0,0.0
^VIX,2026-06-02,50.0,Put,30.19,33.44,30.0,1.0,0.0
^VIX,2026-06-02,55.0,Call,0.0,0.0,0.06,1000.0,0.0
^VIX,2026-06-02,60.0,Call,0.0,0.0,0.05,100.0,0.0
^VIX,2026-06-02,60.0,Put,40.5,43.68,39.8,1.0,0.0
^VIX,2026-06-02,65.0,Call,0.0,0.0,0.02,11.0,0.0
^VIX,2026-06-02,70.0,Call,0.0,0.0,0.02,1.0,0.0
^VIX,2026-06-02,75.0,Call,0.0,0.0,0.07,,0.0
^VIX,2026-06-02,80.0,Call,0.0,0.0,0.01,,0.0
^VIX,2026-06-02,80.0,Put,60.53,63.59,60.3,,0.0
^VIX,2026-06-02,85.0,Call,0.0,0.0,0.04,,0.0
^VIX,2026-06-02,95.0,Call,0.0,0.0,0.04,1.0,0.0
^VIX,2026-06-02,100.0,Call,0.0,0.0,0.02,2.0,0.0
^VIX,2026-06-02,100.0,Put,80.55,83.53,79.78,4.0,0.0
^VIX,2026-06-10,12.0,Put,0.0,0.0,0.15,,0.0
^VIX,2026-06-10,13.0,Call,4.26,6.86,7.72,,0.0
^VIX,2026-06-10,13.0,Put,0.0,0.0,0.02,,0.0
^VIX,2026-06-10,13.5,Call,3.73,6.4,5.28,30.0,0.0
^VIX,2026-06-10,13.5,Put,0.0,0.0,0.02,,0.0
^VIX,2026-06-10,14.0,Call,3.19,5.94,4.9,12.0,0.0
^VIX,2026-06-10,14.5,Call,2.64,5.51,4.3,30.0,0.0
^VIX,2026-06-10,14.5,Put,0.0,0.0,0.02,3.0,0.0
^VIX,2026-06-10,15.0,Call,2.91,5.09,4.1,47.0,0.0
^VIX,2026-06-10,15.0,Put,0.0,0.0,0.06,3.0,0.0
^VIX,2026-06-10,16.0,Call,2.01,4.01,3.2,12.0,0.0
^VIX,2026-06-10,16.0,Put,0.0,0.0,0.13,4.0,0.0
^VIX,2026-06-10,17.0,Call,0.39,0.0,2.46,105.0,0.0
^VIX,2026-06-10,17.0,Put,0.0,0.98,0.38,14.0,0.0
^VIX,2026-06-10,18.0,Call,0.0,2.25,1.75,603.0,0.0
^VIX,2026-06-10,18.0,Put,0.0,0.0,0.9,15.0,0.0
^VIX,2026-06-10,19.0,Call,0.0,0.0,1.5,80.0,0.0
^VIX,2026-06-10,19.0,Put,0.0,0.0,1.48,7.0,0.0
^VIX,2026-06-10,20.0,Call,0.65,0.0,1.21,411.0,0.0
^VIX,2026-06-10,20.0,Put,0.0,0.0,2.18,35.0,0.0
^VIX,2026-06-10,21.0,Call,0.0,0.0,0.91,36.0,0.0
^VIX,2026-06-10,21.0,Put,2.53,4.78,3.06,30.0,0.0
^VIX,2026-06-10,22.0,Call,0.0,0.0,0.81,115.0,0.0
^VIX,2026-06-10,22.0,Put,0.0,5.81,3.45,,0.0
^VIX,2026-06-10,23.0,Call,0.0,0.0,0.67,2.0,0.0
^VIX,2026-06-10,23.0,Put,3.42,0.0,4.6,2.0,0.0
^VIX,2026-06-10,24.0,Call,0.0,0.0,0.65,6.0,0.0
^VIX,2026-06-10,24.0,Put,4.33,0.0,5.09,10.0,0.0
^VIX,2026-06-10,25.0,Call,0.0,0.0,0.52,104.0,0.0
^VIX,2026-06-10,25.0,Put,5.27,0.0,6.01,10.0,0.0
^VIX,2026-06-10,26.0,Call,0.0,0.0,0.45,1.0,0.0
^VIX,2026-06-10,26.0,Put,6.22,0.0,6.72,100.0,0.0
^VIX,2026-06-10,27.0,Call,0.0,0.0,0.34,2.0,0.0
^VIX,2026-06-10,27.0,Put,7.2,0.0,7.63,,0.0
^VIX,2026-06-10,28.0,Call,0.0,0.0,0.35,1.0,0.0
^VIX,2026-06-10,28.0,Put,8.19,0.0,8.8,20.0,0.0
^VIX,2026-06-10,29.0,Call,0.0,0.0,0.31,5.0,0.0
^VIX,2026-06-10,29.0,Put,9.19,12.76,9.77,,0.0
^VIX,2026-06-10,30.0,Call,0.0,0.5,0.04,1.0,0.0
^VIX,2026-06-10,30.0,Put,10.19,13.71,10.6,1.0,0.0
^VIX,2026-06-10,31.0,Call,0.0,0.0,0.32,2.0,0.0
^VIX,2026-06-10,32.0,Call,0.0,0.0,0.28,2.0,0.0
^VIX,2026-06-10,33.0,Call,0.0,0.0,0.25,1.0,0.0
^VIX,2026-06-10,34.0,Call,0.0,0.0,0.31,3.0,0.0
^VIX,2026-06-10,35.0,Call,0.0,0.0,0.24,53.0,0.0
^VIX,2026-06-10,36.0,Call,0.0,0.0,0.31,10.0,0.0
^VIX,2026-06-10,37.0,Call,0.0,0.0,0.19,1.0,0.0
^VIX,2026-06-10,39.0,Call,0.0,0.0,0.26,18.0,0.0
^VIX,2026-06-10,40.0,Call,0.0,0.0,0.21,20.0,0.0
^VIX,2026-06-10,42.5,Call,0.0,0.0,0.15,1.0,0.0
^VIX,2026-06-10,45.0,Call,0.0,0.0,0.13,1.0,0.0
^VIX,2026-06-10,50.0,Call,0.0,0.0,0.13,18.0,0.0
^VIX,2026-06-10,50.0,Put,30.2,33.22,29.5,1.0,0.0
^VIX,2026-06-10,55.0,Call,0.0,0.0,0.15,800.0,0.0
^VIX,2026-06-10,60.0,Call,0.0,0.0,0.25,,0.0
^VIX,2026-06-10,70.0,Call,0.0,0.0,0.02,125.0,0.0
^VIX,2026-06-10,75.0,Call,0.0,0.0,0.05,1.0,0.0
^VIX,2026-06-10,80.0,Put,60.15,63.04,60.87,,0.0
^VIX,2026-06-10,90.0,Call,0.0,0.0,0.02,,0.0
^VIX,2026-06-10,95.0,Call,0.0,0.0,0.03,1.0,0.0
^VIX,2026-06-10,100.0,Call,0.0,0.0,0.05,5.0,0.0
^VIX,2026-06-10,100.0,Put,80.14,82.96,79.73,,0.0
^VIX,2026-06-17,10.0,Call,8.9,9.15,9.45,25.0,0.0
^VIX,2026-06-17,10.0,Put,0.0,0.0,0.01,1.0,0.0
^VIX,2026-06-17,10.5,Call,8.4,8.65,9.9,5.0,0.0
^VIX,2026-06-17,10.5,Put,0.0,0.0,0.01,5.0,0.0
^VIX,2026-06-17,11.0,Call,7.9,8.15,9.7,2.0,0.0
^VIX,2026-06-17,11.0,Put,0.0,0.0,0.02,1.0,173.0
^VIX,2026-06-17,11.5,Call,0.0,0.0,9.35,50.0,0.0
^VIX,2026-06-17,11.5,Put,0.0,0.14,0.02,1.0,205.0
^VIX,2026-06-17,12.0,Call,6.95,7.15,7.55,50.0,0.0
^VIX,2026-06-17,12.0,Put,0.0,0.0,0.02,1.0,0.0
^VIX,2026-06-17,12.5,Call,6.45,6.65,6.85,2.0,0.0
^VIX,2026-06-17,12.5,Put,0.0,0.0,0.01,1.0,0.0
^VIX,2026-06-17,13.0,Call,5.95,6.15,6.55,852.0,0.0
^VIX,2026-06-17,13.0,Put,0.0,0.0,0.02,1.0,0.0
^VIX,2026-06-17,13.5,Call,5.45,5.65,7.27,2.0,0.0
^VIX,2026-06-17,13.5,Put,0.0,0.0,0.01,1.0,0.0
^VIX,2026-06-17,14.0,Call,4.95,5.15,5.65,208.0,0.0
^VIX,2026-06-17,14.0,Put,0.0,0.0,0.02,101.0,0.0
^VIX,2026-06-17,14.5,Call,4.45,4.7,5.11,60.0,0.0
^VIX,2026-06-17,14.5,Put,0.0,0.0,0.03,2.0,0.0
^VIX,2026-06-17,15.0,Call,3.95,4.2,4.03,1.0,0.0
^VIX,2026-06-17,15.0,Put,0.0,0.0,0.02,1.0,0.0
^VIX,2026-06-17,15.5,Call,3.5,3.75,4.05,14.0,0.0
^VIX,2026-06-17,15.5,Put,0.0,0.18,0.07,16.0,0.0
^VIX,2026-06-17,16.0,Call,3.0,3.3,3.6,71.0,0.0
^VIX,2026-06-17,16.0,Put,0.0,0.0,0.14,12763.0,0.0
^VIX,2026-06-17,16.5,Call,2.69,2.86,2.68,3.0,0.0
^VIX,2026-06-17,16.5,Put,0.16,0.33,0.32,7.0,0.0
^VIX,2026-06-17,17.0,Call,2.29,2.52,2.92,742.0,0.0
^VIX,2026-06-17,17.0,Put,0.32,0.48,0.41,3.0,0.0
^VIX,2026-06-17,17.5,Call,2.06,2.22,2.57,107.0,0.0
^VIX,2026-06-17,17.5,Put,0.53,0.66,0.55,34436.0,0.0
^VIX,2026-06-17,18.0,Call,1.83,1.98,2.36,1061.0,0.0
^VIX,2026-06-17,18.0,Put,0.79,0.92,0.87,185.0,0.0
^VIX,2026-06-17,18.5,Call,1.63,1.77,2.08,583.0,0.0
^VIX,2026-06-17,18.5,Put,1.08,1.23,1.03,52.0,0.0
^VIX,2026-06-17,19.0,Call,1.46,1.61,1.48,1.0,0.0
^VIX,2026-06-17,19.0,Put,1.41,1.56,1.36,576.0,0.0
^VIX,2026-06-17,19.5,Call,1.33,1.47,1.36,11.0,0.0
^VIX,2026-06-17,19.5,Put,1.78,1.93,1.7,11229.0,0.0
^VIX,2026-06-17,20.0,Call,1.21,1.31,1.32,5.0,0.0
^VIX,2026-06-17,20.0,Put,2.16,2.31,2.13,7580.0,0.0
^VIX,2026-06-17,20.5,Call,1.11,1.25,1.44,104.0,0.0
^VIX,2026-06-17,20.5,Put,2.55,2.69,2.38,1015.0,0.0
^VIX,2026-06-17,21.0,Call,1.01,1.14,1.0,4.0,0.0
^VIX,2026-06-17,21.0,Put,2.95,3.1,2.81,15.0,0.0
^VIX,2026-06-17,21.5,Call,0.95,1.06,1.25,86.0,0.0
^VIX,2026-06-17,21.5,Put,3.3,3.5,3.15,1.0,0.0
^VIX,2026-06-17,22.0,Call,0.87,0.97,1.04,2.0,0.0
^VIX,2026-06-17,22.0,Put,3.75,3.95,3.75,13.0,0.0
^VIX,2026-06-17,22.5,Call,0.8,0.9,1.05,6524.0,0.0
^VIX,2026-06-17,22.5,Put,4.15,4.35,3.98,2.0,0.0
^VIX,2026-06-17,23.0,Call,0.74,0.84,0.76,11.0,0.0
^VIX,2026-06-17,23.0,Put,4.6,4.8,4.45,39.0,0.0
^VIX,2026-06-17,23.5,Call,0.69,0.79,0.9,90.0,0.0
^VIX,2026-06-17,23.5,Put,5.05,5.25,4.4,1.0,0.0
^VIX,2026-06-17,24.0,Call,0.64,0.74,0.73,4.0,0.0
^VIX,2026-06-17,24.0,Put,5.5,5.7,5.5,1.0,0.0
^VIX,2026-06-17,24.5,Call,0.6,0.7,0.8,29.0,0.0
^VIX,2026-06-17,24.5,Put,5.95,6.15,5.79,1.0,0.0
^VIX,2026-06-17,25.0,Call,0.6,0.66,0.62,123.0,0.0
^VIX,2026-06-17,25.0,Put,6.4,6.65,6.39,43.0,0.0
^VIX,2026-06-17,26.0,Call,0.5,0.6,0.55,4.0,0.0
^VIX,2026-06-17,26.0,Put,7.35,7.55,7.33,207.0,0.0
^VIX,2026-06-17,27.0,Call,0.44,0.54,0.54,6.0,0.0
^VIX,2026-06-17,27.0,Put,8.3,8.5,8.24,5.0,0.0
^VIX,2026-06-17,28.0,Call,0.4,0.57,0.59,338.0,0.0
^VIX,2026-06-17,28.0,Put,9.25,9.5,9.2,197.0,0.0
^VIX,2026-06-17,29.0,Call,0.0,0.54,0.42,4.0,0.0
^VIX,2026-06-17,29.0,Put,10.25,10.45,10.14,1.0,0.0
^VIX,2026-06-17,30.0,Call,0.33,0.46,0.55,10.0,0.0
^VIX,2026-06-17,30.0,Put,11.2,11.4,11.13,5.0,0.0
^VIX,2026-06-17,31.0,Call,0.3,0.0,0.45,2086.0,0.0
^VIX,2026-06-17,31.0,Put,12.15,12.4,11.2,1.0,0.0
^VIX,2026-06-17,32.0,Call,0.28,0.42,0.34,2.0,0.0
^VIX,2026-06-17,32.0,Put,13.15,13.35,12.48,1.0,0.0
^VIX,2026-06-17,33.0,Call,0.25,0.0,0.39,2525.0,0.0
^VIX,2026-06-17,33.0,Put,14.1,14.35,12.87,10.0,0.0
^VIX,2026-06-17,34.0,Call,0.23,0.39,0.36,157.0,0.0
^VIX,2026-06-17,34.0,Put,15.1,15.35,13.61,1.0,0.0
^VIX,2026-06-17,35.0,Call,0.0,0.0,0.35,5231.0,0.0
^VIX,2026-06-17,35.0,Put,16.1,16.3,15.75,2.0,0.0
^VIX,2026-06-17,36.0,Call,0.0,0.0,0.27,2.0,0.0
^VIX,2026-06-17,36.0,Put,17.05,17.3,16.11,4.0,0.0
^VIX,2026-06-17,37.0,Call,0.0,0.0,0.31,31.0,0.0
^VIX,2026-06-17,37.0,Put,18.05,18.25,17.0,3.0,0.0
^VIX,2026-06-17,38.0,Call,0.0,0.0,0.28,17.0,0.0
^VIX,2026-06-17,38.0,Put,19.05,19.25,18.0,,0.0
^VIX,2026-06-17,39.0,Call,0.0,0.0,0.28,9.0,0.0
^VIX,2026-06-17,39.0,Put,20.0,20.25,18.86,4.0,0.0
^VIX,2026-06-17,40.0,Call,0.0,0.0,0.26,10392.0,0.0
^VIX,2026-06-17,40.0,Put,21.0,21.2,20.63,2.0,0.0
^VIX,2026-06-17,42.5,Call,0.0,0.0,0.23,50.0,0.0
^VIX,2026-06-17,42.5,Put,23.45,23.7,22.55,,0.0
^VIX,2026-06-17,45.0,Call,0.0,0.0,0.21,10449.0,0.0
^VIX,2026-06-17,45.0,Put,25.95,26.15,25.15,10.0,0.0
^VIX,2026-06-17,47.5,Call,0.0,0.0,0.18,12.0,0.0
^VIX,2026-06-17,47.5,Put,26.55,27.1,24.7,1.0,2.0
^VIX,2026-06-17,50.0,Call,0.0,0.0,0.18,1349.0,0.0
^VIX,2026-06-17,50.0,Put,30.9,31.1,30.01,5.0,0.0
^VIX,2026-06-17,55.0,Call,0.0,0.23,0.12,7997.0,0.0
^VIX,2026-06-17,55.0,Put,35.85,36.1,34.01,1.0,0.0
^VIX,2026-06-17,60.0,Call,0.0,0.21,0.11,2051.0,0.0
^VIX,2026-06-17,60.0,Put,40.85,41.05,40.0,5.0,0.0
^VIX,2026-06-17,65.0,Call,0.0,0.0,0.09,1896.0,0.0
^VIX,2026-06-17,70.0,Call,0.0,0.0,0.09,356.0,0.0
^VIX,2026-06-17,70.0,Put,50.8,51.0,49.68,1.0,0.0
^VIX,2026-06-17,75.0,Call,0.0,0.18,0.07,265.0,0.0
^VIX,2026-06-17,80.0,Call,0.0,0.0,0.07,483.0,0.0
^VIX,2026-06-17,80.0,Put,60.75,60.95,59.08,5.0,0.0
^VIX,2026-06-17,85.0,Call,0.0,0.0,0.06,254.0,0.0
^VIX,2026-06-17,90.0,Call,0.0,0.0,0.06,262.0,0.0
^VIX,2026-06-17,90.0,Put,0.0,0.0,68.9,1.0,17.0
^VIX,2026-06-17,95.0,Call,0.0,0.0,0.04,354.0,0.0
^VIX,2026-06-17,95.0,Put,71.2,71.7,71.0,1.0,1.0
^VIX,2026-06-17,100.0,Call,0.0,0.15,0.04,884.0,0.0
^VIX,2026-06-17,100.0,Put,80.7,80.9,80.32,1.0,0.0
^VIX,2026-06-17,110.0,Call,0.0,0.0,0.05,348.0,0.0
^VIX,2026-06-17,110.0,Put,90.65,90.9,89.5,,0.0
^VIX,2026-06-17,120.0,Call,0.0,0.0,0.03,5100.0,0.0
^VIX,2026-06-17,120.0,Put,95.45,95.95,95.4,1.0,1.0
^VIX,2026-06-17,130.0,Call,0.0,0.0,0.02,100.0,0.0
^VIX,2026-06-17,140.0,Call,0.0,0.0,0.04,100.0,0.0
^VIX,2026-06-17,150.0,Call,0.0,0.0,0.03,850.0,0.0
^VIX,2026-06-17,150.0,Put,124.45,125.35,124.5,,0.0
^VIX,2026-06-17,160.0,Call,0.0,0.0,0.03,110.0,0.0
^VIX,2026-06-17,170.0,Call,0.0,0.0,0.03,100.0,0.0
^VIX,2026-06-17,180.0,Call,0.0,0.0,0.02,24.0,0.0
^VIX,2026-06-17,180.0,Put,160.45,160.7,158.65,,0.0
^VIX,2026-06-17,190.0,Call,0.0,0.0,0.05,15.0,0.0
^VIX,2026-06-17,190.0,Put,163.6,164.15,164.61,140.0,0.0
^VIX,2026-06-17,200.0,Call,0.0,0.0,0.01,117.0,0.0
^VIX,2026-06-17,200.0,Put,180.4,180.65,177.98,22.0,0.0
^VIX,2026-06-24,12.0,Put,0.0,0.46,0.05,15.0,0.0
^VIX,2026-06-24,13.0,Call,4.9,8.02,8.3,10.0,0.0
^VIX,2026-06-24,14.0,Call,3.83,7.11,6.58,3.0,0.0
^VIX,2026-06-24,15.0,Call,2.79,6.23,5.95,,0.0
^VIX,2026-06-24,16.0,Call,1.88,5.39,3.98,5.0,0.0
^VIX,2026-06-24,16.0,Put,0.0,1.18,0.1,4.0,0.0
^VIX,2026-06-24,17.0,Call,1.22,4.58,3.3,82.0,0.0
^VIX,2026-06-24,17.0,Put,0.0,1.65,0.36,17.0,0.0
^VIX,2026-06-24,18.0,Call,0.78,3.94,2.79,101.0,0.0
^VIX,2026-06-24,18.0,Put,0.0,2.28,0.78,4.0,0.0
^VIX,2026-06-24,19.0,Call,0.46,3.49,2.27,69.0,0.0
^VIX,2026-06-24,19.0,Put,0.24,3.01,1.2,5.0,0.0
^VIX,2026-06-24,20.0,Call,0.23,3.14,1.92,2613.0,0.0
^VIX,2026-06-24,20.0,Put,0.89,3.81,1.84,,0.0
^VIX,2026-06-24,21.0,Call,0.06,2.88,1.7,12.0,0.0
^VIX,2026-06-24,22.0,Call,0.0,2.69,1.45,15.0,0.0
^VIX,2026-06-24,22.0,Put,2.37,5.56,3.46,,0.0
^VIX,2026-06-24,23.0,Call,0.0,2.54,1.11,17.0,0.0
^VIX,2026-06-24,24.0,Call,0.0,2.42,1.15,67.0,0.0
^VIX,2026-06-24,24.0,Put,4.01,7.43,5.25,10.0,0.0
^VIX,2026-06-24,25.0,Call,0.0,2.07,0.95,1.0,0.0
^VIX,2026-06-24,25.0,Put,4.87,8.38,6.14,10.0,0.0
^VIX,2026-06-24,26.0,Call,0.0,2.24,0.72,23.0,0.0
^VIX,2026-06-24,27.0,Call,0.0,2.16,0.67,17.0,0.0
^VIX,2026-06-24,28.0,Call,0.0,2.09,0.74,17.0,0.0
^VIX,2026-06-24,28.0,Put,7.56,11.29,8.67,5.0,0.0
^VIX,2026-06-24,29.0,Call,0.0,1.78,0.68,19.0,0.0
^VIX,2026-06-24,29.0,Put,8.49,12.26,9.6,,0.0
^VIX,2026-06-24,30.0,Call,0.0,0.0,0.6,214.0,0.0
^VIX,2026-06-24,30.0,Put,9.43,13.22,9.6,1.0,0.0
^VIX,2026-06-24,31.0,Call,0.0,0.0,0.52,3.0,0.0
^VIX,2026-06-24,32.0,Call,0.0,1.83,0.54,4.0,0.0
^VIX,2026-06-24,34.0,Call,0.0,1.71,0.5,2.0,0.0
^VIX,2026-06-24,35.0,Call,0.0,1.66,0.41,3.0,0.0
^VIX,2026-06-24,37.0,Call,0.0,1.56,0.36,1.0,0.0
^VIX,2026-06-24,39.0,Call,0.0,1.27,0.45,,0.0
^VIX,2026-06-24,40.0,Call,0.0,1.42,0.3,13.0,0.0
^VIX,2026-06-24,42.5,Call,0.0,1.34,0.32,,0.0
^VIX,2026-06-24,45.0,Call,0.0,1.26,0.26,2.0,0.0
^VIX,2026-06-24,50.0,Call,0.0,1.15,0.22,1.0,0.0
^VIX,2026-06-24,50.0,Put,29.15,32.65,29.73,,0.0
^VIX,2026-06-24,55.0,Call,0.0,1.08,0.18,1.0,0.0
^VIX,2026-06-24,60.0,Call,0.0,1.02,0.11,5.0,0.0
^VIX,2026-06-24,65.0,Call,0.0,0.98,0.2,,0.0
^VIX,2026-06-24,70.0,Call,0.0,0.81,0.1,,0.0
^VIX,2026-06-24,75.0,Call,0.0,0.92,0.1,,0.0
^VIX,2026-06-24,80.0,Call,0.0,0.9,0.1,,0.0
^VIX,2026-06-24,90.0,Call,0.0,0.87,0.05,170.0,0.0
^VIX,2026-06-24,95.0,Call,0.0,0.86,0.17,,0.0
^VIX,2026-06-24,100.0,Call,0.0,0.84,0.05,,0.0
^VIX,2026-06-24,100.0,Put,78.9,82.29,78.96,,0.0
^VIX,2026-07-22,10.0,Call,10.6,10.8,11.09,21.0,0.0
^VIX,2026-07-22,10.0,Put,0.0,0.02,0.01,1.0,0.0
^VIX,2026-07-22,10.5,Call,11.15,11.45,11.4,1.0,6.0
^VIX,2026-07-22,10.5,Put,0.0,0.0,0.01,1.0,0.0
^VIX,2026-07-22,11.0,Call,9.6,9.85,10.15,1.0,0.0
^VIX,2026-07-22,11.0,Put,0.0,0.19,0.02,,10.0
^VIX,2026-07-22,11.5,Call,11.8,12.1,11.4,4.0,0.0
^VIX,2026-07-22,11.5,Put,0.0,0.28,0.01,1.0,9.0
^VIX,2026-07-22,12.0,Call,8.6,8.85,9.19,50.0,0.0
^VIX,2026-07-22,12.0,Put,0.0,0.0,0.01,1.0,0.0
^VIX,2026-07-22,12.5,Call,8.1,8.35,8.75,10.0,0.0
^VIX,2026-07-22,12.5,Put,0.0,0.0,0.02,10.0,0.0
^VIX,2026-07-22,13.0,Call,7.5,7.85,8.18,875.0,0.0
^VIX,2026-07-22,13.0,Put,0.0,0.0,0.01,200.0,0.0
^VIX,2026-07-22,13.5,Call,7.15,7.35,8.1,1.0,0.0
^VIX,2026-07-22,13.5,Put,0.0,0.0,0.06,1.0,0.0
^VIX,2026-07-22,14.0,Call,6.65,6.85,7.22,5.0,0.0
^VIX,2026-07-22,14.0,Put,0.0,0.0,0.02,75.0,0.0
^VIX,2026-07-22,14.5,Call,6.15,6.4,6.65,2.0,0.0
^VIX,2026-07-22,14.5,Put,0.0,0.0,0.05,53.0,0.0
^VIX,2026-07-22,15.0,Call,5.7,5.9,6.15,8.0,0.0
^VIX,2026-07-22,15.0,Put,0.0,0.0,0.06,58.0,0.0
^VIX,2026-07-22,15.5,Call,5.25,5.45,5.7,2.0,0.0
^VIX,2026-07-22,15.5,Put,0.0,0.0,0.1,8.0,0.0
^VIX,2026-07-22,16.0,Call,4.8,5.0,4.93,1.0,0.0
^VIX,2026-07-22,16.0,Put,0.0,0.0,0.16,40085.0,0.0
^VIX,2026-07-22,16.5,Call,4.4,4.6,4.98,74.0,0.0
^VIX,2026-07-22,16.5,Put,0.14,0.36,0.24,10.0,0.0
^VIX,2026-07-22,17.0,Call,3.9,4.25,4.6,251.0,0.0
^VIX,2026-07-22,17.0,Put,0.0,0.0,0.36,779.0,0.0
^VIX,2026-07-22,17.5,Call,3.7,3.9,4.25,8.0,0.0
^VIX,2026-07-22,17.5,Put,0.51,0.0,0.53,10034.0,0.0
^VIX,2026-07-22,18.0,Call,3.4,3.75,4.0,170.0,0.0
^VIX,2026-07-22,18.0,Put,0.72,0.0,0.7,334.0,0.0
^VIX,2026-07-22,18.5,Call,3.15,3.5,3.55,4.0,0.0
^VIX,2026-07-22,18.5,Put,0.96,1.07,0.94,933.0,0.0
^VIX,2026-07-22,19.0,Call,2.97,3.15,3.4,65.0,0.0
^VIX,2026-07-22,19.0,Put,1.21,1.35,1.15,210.0,0.0
^VIX,2026-07-22,19.5,Call,2.77,2.91,3.12,12.0,0.0
^VIX,2026-07-22,19.5,Put,1.5,1.64,1.48,13.0,0.0
^VIX,2026-07-22,20.0,Call,2.58,2.73,2.73,11.0,0.0
^VIX,2026-07-22,20.0,Put,1.81,1.95,1.77,10196.0,0.0
^VIX,2026-07-22,20.5,Call,2.41,2.56,2.79,1.0,0.0
^VIX,2026-07-22,20.5,Put,2.14,2.28,2.12,4.0,0.0
^VIX,2026-07-22,21.0,Call,2.26,2.41,2.66,8128.0,0.0
^VIX,2026-07-22,21.0,Put,2.49,2.64,2.39,12200.0,0.0
^VIX,2026-07-22,21.5,Call,2.13,2.28,2.5,4935.0,0.0
^VIX,2026-07-22,21.5,Put,2.85,3.0,2.7,4932.0,0.0
^VIX,2026-07-22,22.0,Call,2.0,2.15,2.0,10.0,0.0
^VIX,2026-07-22,22.0,Put,0.0,0.0,3.16,1.0,0.0
^VIX,2026-07-22,22.5,Call,1.89,2.04,2.2,23.0,0.0
^VIX,2026-07-22,22.5,Put,3.55,3.9,3.55,,0.0
^VIX,2026-07-22,23.0,Call,1.79,1.94,2.1,297.0,0.0
^VIX,2026-07-22,23.0,Put,3.95,0.0,3.85,2.0,0.0
^VIX,2026-07-22,23.5,Call,1.7,1.85,1.98,2.0,0.0
^VIX,2026-07-22,23.5,Put,4.35,4.7,4.25,10.0,0.0
^VIX,2026-07-22,24.0,Call,1.61,1.76,1.65,1.0,0.0
^VIX,2026-07-22,24.0,Put,4.8,5.05,4.78,931.0,0.0
^VIX,2026-07-22,24.5,Call,1.53,1.68,1.75,15.0,0.0
^VIX,2026-07-22,24.5,Put,0.0,5.4,5.05,,0.0
^VIX,2026-07-22,25.0,Call,1.46,1.61,1.46,10.0,0.0
^VIX,2026-07-22,25.0,Put,5.6,5.95,5.5,7.0,0.0
^VIX,2026-07-22,26.0,Call,1.33,1.47,1.6,4192.0,0.0
^VIX,2026-07-22,26.0,Put,6.45,6.7,6.1,1.0,0.0
^VIX,2026-07-22,27.0,Call,1.22,1.36,1.46,65.0,0.0
^VIX,2026-07-22,27.0,Put,7.35,7.7,6.95,1.0,0.0
^VIX,2026-07-22,28.0,Call,1.12,1.26,1.34,1210.0,0.0
^VIX,2026-07-22,28.0,Put,8.25,8.45,8.08,1.0,0.0
^VIX,2026-07-22,29.0,Call,1.06,0.0,1.24,3076.0,0.0
^VIX,2026-07-22,29.0,Put,9.15,9.4,8.84,5.0,0.0
^VIX,2026-07-22,30.0,Call,1.0,1.09,1.1,3.0,0.0
^VIX,2026-07-22,30.0,Put,0.0,10.3,9.84,5.0,0.0
^VIX,2026-07-22,31.0,Call,0.91,1.03,1.08,336.0,0.0
^VIX,2026-07-22,31.0,Put,11.0,11.25,10.55,1.0,0.0
^VIX,2026-07-22,32.0,Call,0.85,0.97,1.03,168.0,0.0
^VIX,2026-07-22,32.0,Put,11.95,12.15,11.16,1.0,0.0
^VIX,2026-07-22,33.0,Call,0.8,0.92,0.95,178.0,0.0
^VIX,2026-07-22,33.0,Put,12.9,13.1,12.65,800.0,0.0
^VIX,2026-07-22,34.0,Call,0.75,0.87,0.9,417.0,0.0
^VIX,2026-07-22,34.0,Put,13.8,14.05,13.4,20.0,0.0
^VIX,2026-07-22,35.0,Call,0.0,0.0,0.88,4144.0,0.0
^VIX,2026-07-22,35.0,Put,14.8,15.0,14.55,2.0,0.0
^VIX,2026-07-22,36.0,Call,0.0,0.0,0.8,164.0,0.0
^VIX,2026-07-22,36.0,Put,15.75,15.95,15.12,20.0,0.0
^VIX,2026-07-22,37.0,Call,0.0,0.82,0.77,136.0,0.0
^VIX,2026-07-22,37.0,Put,16.7,16.9,16.45,1.0,0.0
^VIX,2026-07-22,38.0,Call,0.0,0.0,0.75,204.0,0.0
^VIX,2026-07-22,39.0,Call,0.0,0.0,0.7,223.0,0.0
^VIX,2026-07-22,39.0,Put,16.6,16.95,18.75,,2.0
^VIX,2026-07-22,40.0,Call,0.54,0.0,0.68,2971.0,0.0
^VIX,2026-07-22,40.0,Put,19.6,19.8,19.05,10.0,0.0
^VIX,2026-07-22,42.5,Call,0.0,0.0,0.59,430.0,0.0
^VIX,2026-07-22,42.5,Put,21.0,21.5,21.5,3.0,3.0
^VIX,2026-07-22,45.0,Call,0.0,0.0,0.53,398.0,0.0
^VIX,2026-07-22,45.0,Put,24.45,24.65,24.06,25.0,0.0
^VIX,2026-07-22,47.5,Call,0.0,0.0,0.5,10.0,0.0
^VIX,2026-07-22,47.5,Put,25.85,26.3,25.6,3.0,3.0
^VIX,2026-07-22,50.0,Call,0.0,0.0,0.44,155.0,0.0
^VIX,2026-07-22,50.0,Put,29.3,29.55,28.55,3.0,0.0
^VIX,2026-07-22,55.0,Call,0.0,0.0,0.37,975.0,0.0
^VIX,2026-07-22,55.0,Put,34.2,34.45,33.4,1.0,0.0
^VIX,2026-07-22,60.0,Call,0.0,0.0,0.32,1352.0,0.0
^VIX,2026-07-22,60.0,Put,39.15,39.35,38.65,3.0,0.0
^VIX,2026-07-22,65.0,Call,0.0,0.36,0.29,8594.0,0.0
^VIX,2026-07-22,70.0,Call,0.0,0.0,0.25,11601.0,0.0
^VIX,2026-07-22,70.0,Put,49.0,49.25,48.01,30.0,0.0
^VIX,2026-07-22,75.0,Call,0.0,0.0,0.24,4485.0,0.0
^VIX,2026-07-22,80.0,Call,0.0,0.0,0.18,5.0,0.0
^VIX,2026-07-22,80.0,Put,56.35,56.7,58.25,,1.0
^VIX,2026-07-22,85.0,Call,0.0,0.0,0.19,4505.0,0.0
^VIX,2026-07-22,90.0,Call,0.0,0.0,0.14,1220.0,0.0
^VIX,2026-07-22,95.0,Call,0.0,0.0,0.14,5995.0,0.0
^VIX,2026-07-22,100.0,Call,0.05,0.0,0.14,3001.0,0.0
^VIX,2026-07-22,100.0,Put,78.7,78.95,78.17,3.0,0.0
^VIX,2026-07-22,110.0,Call,0.0,0.0,0.14,2.0,0.0
^VIX,2026-07-22,110.0,Put,88.65,88.85,88.35,1.0,0.0
^VIX,2026-07-22,120.0,Call,0.0,0.0,0.13,85.0,0.0
^VIX,2026-07-22,120.0,Put,96.7,97.1,94.85,,1.0
^VIX,2026-07-22,130.0,Call,0.0,0.0,0.11,2544.0,0.0
^VIX,2026-07-22,140.0,Call,0.0,0.0,0.1,1.0,0.0
^VIX,2026-07-22,150.0,Call,0.0,0.0,0.1,15.0,0.0
^VIX,2026-07-22,150.0,Put,127.35,127.6,125.18,1.0,0.0
^VIX,2026-07-22,160.0,Call,0.0,0.0,0.09,5.0,0.0
^VIX,2026-07-22,170.0,Call,0.0,0.0,0.06,60.0,0.0
^VIX,2026-07-22,180.0,Call,0.0,0.0,0.06,100.0,0.0
^VIX,2026-07-22,190.0,Call,0.0,0.0,0.05,80.0,0.0
^VIX,2026-07-22,200.0,Call,0.0,0.0,0.05,60.0,0.0
^VIX,2026-08-19,10.0,Call,11.2,11.35,11.67,1.0,0.0
^VIX,2026-08-19,10.0,Put,0.0,0.04,0.01,4.0,605.0
^VIX,2026-08-19,10.5,Call,12.75,13.05,12.7,6.0,0.0
^VIX,2026-08-19,10.5,Put,0.0,0.0,0.01,,0.0
^VIX,2026-08-19,11.0,Call,10.2,10.45,10.68,1.0,0.0
^VIX,2026-08-19,11.0,Put,0.0,0.0,0.02,50.0,0.0
^VIX,2026-08-19,11.5,Call,10.1,10.35,11.65,3.0,0.0
^VIX,2026-08-19,11.5,Put,0.0,0.27,0.01,208.0,0.0
^VIX,2026-08-19,12.0,Call,9.2,9.45,9.75,3.0,0.0
^VIX,2026-08-19,12.0,Put,0.0,0.0,0.01,300.0,0.0
^VIX,2026-08-19,12.5,Call,8.75,8.95,9.6,5.0,0.0
^VIX,2026-08-19,12.5,Put,0.0,0.0,0.03,3.0,0.0
^VIX,2026-08-19,13.0,Call,8.25,8.45,8.75,3.0,0.0
^VIX,2026-08-19,13.0,Put,0.0,0.0,0.02,800.0,0.0
^VIX,2026-08-19,13.5,Call,7.75,8.0,8.75,3.0,0.0
^VIX,2026-08-19,13.5,Put,0.0,0.0,0.05,4.0,0.0
^VIX,2026-08-19,14.0,Call,7.25,7.5,7.75,3.0,0.0
^VIX,2026-08-19,14.0,Put,0.0,0.0,0.04,10.0,0.0
^VIX,2026-08-19,14.5,Call,6.8,7.0,7.55,1.0,0.0
^VIX,2026-08-19,14.5,Put,0.0,0.0,0.06,3.0,0.0
^VIX,2026-08-19,15.0,Call,6.35,6.55,6.75,114.0,0.0
^VIX,2026-08-19,15.0,Put,0.0,0.0,0.09,1029.0,0.0
^VIX,2026-08-19,16.0,Call,0.0,5.7,5.95,17.0,0.0
^VIX,2026-08-19,16.0,Put,0.12,0.33,0.23,15065.0,0.0
^VIX,2026-08-19,17.0,Call,4.75,4.95,5.0,4.0,0.0
^VIX,2026-08-19,17.0,Put,0.36,0.6,0.48,24.0,0.0
^VIX,2026-08-19,18.0,Call,4.15,4.35,4.61,1102.0,0.0
^VIX,2026-08-19,18.0,Put,0.75,1.0,0.84,18.0,0.0
^VIX,2026-08-19,19.0,Call,3.65,0.0,4.05,14.0,0.0
^VIX,2026-08-19,19.0,Put,1.24,1.52,1.32,10703.0,0.0
^VIX,2026-08-19,20.0,Call,3.25,3.5,3.38,10.0,0.0
^VIX,2026-08-19,20.0,Put,1.82,2.03,1.9,271.0,0.0
^VIX,2026-08-19,21.0,Call,2.93,3.25,3.24,27.0,0.0
^VIX,2026-08-19,21.0,Put,2.52,2.69,2.51,5.0,0.0
^VIX,2026-08-19,22.0,Call,2.63,2.82,2.99,8241.0,0.0
^VIX,2026-08-19,22.0,Put,0.0,3.5,3.2,8136.0,0.0
^VIX,2026-08-19,23.0,Call,2.39,2.57,2.68,10052.0,0.0
^VIX,2026-08-19,23.0,Put,0.0,4.15,3.9,2.0,0.0
^VIX,2026-08-19,24.0,Call,2.18,2.35,2.43,165.0,0.0
^VIX,2026-08-19,24.0,Put,4.7,0.0,4.65,1.0,0.0
^VIX,2026-08-19,25.0,Call,1.99,2.17,2.0,15.0,0.0
^VIX,2026-08-19,25.0,Put,0.0,0.0,5.5,21.0,0.0
^VIX,2026-08-19,26.0,Call,1.81,1.99,2.1,27.0,0.0
^VIX,2026-08-19,26.0,Put,0.0,0.0,6.3,1.0,0.0
^VIX,2026-08-19,27.0,Call,1.69,1.86,1.96,7.0,0.0
^VIX,2026-08-19,27.0,Put,0.0,0.0,7.1,1.0,0.0
^VIX,2026-08-19,28.0,Call,1.49,1.78,1.82,379.0,0.0
^VIX,2026-08-19,28.0,Put,8.05,0.0,8.0,1.0,0.0
^VIX,2026-08-19,29.0,Call,1.46,1.63,1.67,3.0,0.0
^VIX,2026-08-19,29.0,Put,8.95,9.15,8.91,2.0,0.0
^VIX,2026-08-19,30.0,Call,0.0,1.57,1.61,518.0,0.0
^VIX,2026-08-19,30.0,Put,9.85,10.05,9.8,18.0,0.0
^VIX,2026-08-19,31.0,Call,1.29,1.49,1.63,1200.0,0.0
^VIX,2026-08-19,31.0,Put,10.75,10.95,10.45,1.0,0.0
^VIX,2026-08-19,32.0,Call,0.0,1.41,1.4,3.0,0.0
^VIX,2026-08-19,32.0,Put,11.65,0.0,11.35,3.0,0.0
^VIX,2026-08-19,33.0,Call,0.0,1.34,1.39,1.0,0.0
^VIX,2026-08-19,33.0,Put,12.05,13.25,11.65,20.0,20.0
^VIX,2026-08-19,34.0,Call,1.02,1.28,1.25,8.0,0.0
^VIX,2026-08-19,34.0,Put,13.5,0.0,13.27,2.0,0.0
^VIX,2026-08-19,35.0,Call,0.0,0.0,1.21,66.0,0.0
^VIX,2026-08-19,35.0,Put,14.45,14.65,14.4,15.0,0.0
^VIX,2026-08-19,36.0,Call,0.0,1.17,1.16,4.0,0.0
^VIX,2026-08-19,36.0,Put,15.4,15.6,15.49,10.0,0.0
^VIX,2026-08-19,37.0,Call,0.89,0.0,1.08,106.0,0.0
^VIX,2026-08-19,38.0,Call,0.87,1.03,1.24,1.0,0.0
^VIX,2026-08-19,39.0,Call,0.77,1.08,1.03,25.0,0.0
^VIX,2026-08-19,40.0,Call,0.76,0.94,0.98,1573.0,0.0
^VIX,2026-08-19,40.0,Put,19.15,19.4,18.8,2.0,0.0
^VIX,2026-08-19,42.5,Call,0.72,0.93,0.89,1002.0,0.0
^VIX,2026-08-19,45.0,Call,0.6,0.85,0.78,2272.0,0.0
^VIX,2026-08-19,45.0,Put,23.95,24.2,23.75,25.0,0.0
^VIX,2026-08-19,47.5,Call,0.53,0.79,0.71,1.0,0.0
^VIX,2026-08-19,50.0,Call,0.0,0.71,0.65,77.0,0.0
^VIX,2026-08-19,50.0,Put,28.35,28.9,27.54,1.0,2.0
^VIX,2026-08-19,55.0,Call,0.0,0.64,0.56,10.0,0.0
^VIX,2026-08-19,60.0,Call,0.0,0.0,0.48,8.0,0.0
^VIX,2026-08-19,60.0,Put,38.55,38.75,38.15,1.0,0.0
^VIX,2026-08-19,65.0,Call,0.0,0.0,0.42,302.0,0.0
^VIX,2026-08-19,70.0,Call,0.0,0.0,0.36,102.0,0.0
^VIX,2026-08-19,75.0,Call,0.0,0.0,0.34,1.0,0.0
^VIX,2026-08-19,80.0,Call,0.11,0.41,0.31,31.0,0.0
^VIX,2026-08-19,85.0,Call,0.0,0.0,0.32,4286.0,0.0
^VIX,2026-08-19,90.0,Call,0.0,0.0,0.31,3.0,0.0
^VIX,2026-08-19,95.0,Call,0.0,0.0,0.26,80.0,0.0
^VIX,2026-08-19,100.0,Call,0.0,0.0,0.2,103.0,0.0
^VIX,2026-08-19,100.0,Put,77.9,78.25,77.22,60.0,0.0
^VIX,2026-08-19,110.0,Call,0.02,0.27,0.2,248.0,0.0
^VIX,2026-08-19,120.0,Call,0.05,0.25,0.21,1.0,0.0
^VIX,2026-08-19,120.0,Put,96.2,96.6,95.6,1.0,1.0
^VIX,2026-08-19,130.0,Call,0.04,0.23,0.18,6.0,0.0
^VIX,2026-08-19,130.0,Put,104.95,105.45,106.35,,1.0
^VIX,2026-08-19,140.0,Call,0.02,0.22,0.11,138.0,0.0
^VIX,2026-08-19,140.0,Put,114.8,115.1,115.85,1.0,0.0
^VIX,2026-08-19,150.0,Call,0.0,0.0,0.12,4.0,0.0
^VIX,2026-08-19,150.0,Put,127.35,127.7,126.42,1.0,0.0
^VIX,2026-08-19,160.0,Call,0.0,0.0,0.09,25.0,0.0
^VIX,2026-08-19,170.0,Call,0.0,0.0,0.12,5.0,0.0
^VIX,2026-08-19,180.0,Call,0.0,0.0,0.07,131.0,0.0
^VIX,2026-08-19,190.0,Call,0.0,0.0,0.08,100.0,0.0
^VIX,2026-08-19,200.0,Call,0.0,0.0,0.1,1.0,0.0
^VIX,2026-09-16,10.0,Call,0.0,11.95,12.06,1.0,0.0
^VIX,2026-09-16,10.0,Put,0.0,0.0,0.01,1.0,183.0
^VIX,2026-09-16,10.5,Call,11.4,11.65,13.7,1.0,0.0
^VIX,2026-09-16,10.5,Put,0.0,0.0,0.01,1.0,0.0
^VIX,2026-09-16,11.0,Call,0.0,0.0,11.4,3.0,87.0
^VIX,2026-09-16,11.0,Put,0.0,0.09,0.01,1.0,21.0
^VIX,2026-09-16,11.5,Call,10.15,0.0,10.75,3.0,0.0
^VIX,2026-09-16,11.5,Put,0.0,0.08,0.01,1.0,16.0
^VIX,2026-09-16,12.0,Call,9.7,10.05,10.2,1.0,0.0
^VIX,2026-09-16,12.0,Put,0.0,0.0,0.01,100.0,0.0
^VIX,2026-09-16,12.5,Call,9.15,9.4,9.75,1.0,0.0
^VIX,2026-09-16,12.5,Put,0.0,0.0,0.03,20.0,0.0
^VIX,2026-09-16,13.0,Call,0.0,0.0,9.5,1.0,0.0
^VIX,2026-09-16,13.0,Put,0.0,0.0,0.02,21.0,0.0
^VIX,2026-09-16,13.5,Call,8.75,9.15,8.65,1.0,266.0
^VIX,2026-09-16,13.5,Put,0.0,0.0,0.03,75.0,0.0
^VIX,2026-09-16,14.0,Call,0.0,7.95,8.35,2.0,0.0
^VIX,2026-09-16,14.0,Put,0.0,0.0,0.05,6.0,0.0
^VIX,2026-09-16,14.5,Call,7.25,0.0,8.0,1.0,0.0
^VIX,2026-09-16,14.5,Put,0.0,0.0,0.1,2791.0,0.0
^VIX,2026-09-16,15.0,Call,6.8,0.0,7.0,10.0,0.0
^VIX,2026-09-16,15.0,Put,0.0,0.0,0.13,1.0,0.0
^VIX,2026-09-16,16.0,Call,0.0,6.2,6.35,1.0,0.0
^VIX,2026-09-16,16.0,Put,0.0,0.0,0.28,6.0,0.0
^VIX,2026-09-16,17.0,Call,0.0,5.55,5.6,50.0,0.0
^VIX,2026-09-16,17.0,Put,0.0,0.0,0.52,6.0,0.0
^VIX,2026-09-16,18.0,Call,0.0,4.85,5.05,12.0,0.0
^VIX,2026-09-16,18.0,Put,0.0,0.0,0.89,8.0,0.0
^VIX,2026-09-16,19.0,Call,0.0,4.35,4.5,4.0,0.0
^VIX,2026-09-16,19.0,Put,1.3,1.51,1.39,1.0,0.0
^VIX,2026-09-16,20.0,Call,0.0,0.0,4.08,2306.0,0.0
^VIX,2026-09-16,20.0,Put,1.82,0.0,1.9,24.0,0.0
^VIX,2026-09-16,21.0,Call,0.0,0.0,3.65,2.0,0.0
^VIX,2026-09-16,21.0,Put,2.51,2.72,2.57,11.0,0.0
^VIX,2026-09-16,22.0,Call,0.0,3.4,3.38,33.0,0.0
^VIX,2026-09-16,22.0,Put,3.15,0.0,3.2,1.0,0.0
^VIX,2026-09-16,23.0,Call,2.82,3.05,3.07,74.0,0.0
^VIX,2026-09-16,23.0,Put,0.0,0.0,3.97,10.0,0.0
^VIX,2026-09-16,24.0,Call,2.6,2.77,2.85,70.0,0.0
^VIX,2026-09-16,24.0,Put,0.0,0.0,4.75,2.0,0.0
^VIX,2026-09-16,25.0,Call,2.39,2.56,2.67,6.0,0.0
^VIX,2026-09-16,25.0,Put,0.0,0.0,5.45,11.0,0.0
^VIX,2026-09-16,26.0,Call,2.21,2.38,2.58,82.0,0.0
^VIX,2026-09-16,26.0,Put,6.25,0.0,6.25,1.0,0.0
^VIX,2026-09-16,27.0,Call,2.05,2.27,2.28,3.0,0.0
^VIX,2026-09-16,27.0,Put,0.0,0.0,7.05,1.0,0.0
^VIX,2026-09-16,28.0,Call,0.0,2.12,2.15,5385.0,0.0
^VIX,2026-09-16,28.0,Put,0.0,0.0,7.7,1.0,0.0
^VIX,2026-09-16,29.0,Call,1.79,1.94,2.0,32.0,0.0
^VIX,2026-09-16,29.0,Put,0.0,0.0,8.65,1.0,0.0
^VIX,2026-09-16,30.0,Call,1.71,1.87,1.88,230.0,0.0
^VIX,2026-09-16,30.0,Put,9.6,9.9,9.6,3.0,0.0
^VIX,2026-09-16,31.0,Call,0.0,0.0,1.76,1.0,0.0
^VIX,2026-09-16,31.0,Put,0.0,10.75,10.5,1.0,0.0
^VIX,2026-09-16,32.0,Call,0.0,0.0,1.67,122.0,0.0
^VIX,2026-09-16,32.0,Put,11.4,11.65,10.7,1.0,0.0
^VIX,2026-09-16,33.0,Call,1.4,1.59,1.59,2.0,0.0
^VIX,2026-09-16,33.0,Put,12.25,0.0,12.1,1.0,0.0
^VIX,2026-09-16,34.0,Call,0.0,0.0,1.48,1.0,0.0
^VIX,2026-09-16,34.0,Put,12.9,13.3,12.85,,1.0
^VIX,2026-09-16,35.0,Call,0.0,0.0,1.44,9.0,0.0
^VIX,2026-09-16,36.0,Call,0.0,0.0,1.5,7.0,0.0
^VIX,2026-09-16,36.0,Put,14.75,15.35,14.15,6.0,9.0
^VIX,2026-09-16,37.0,Call,1.11,1.33,1.36,25.0,0.0
^VIX,2026-09-16,38.0,Call,0.0,1.29,1.34,10.0,0.0
^VIX,2026-09-16,38.0,Put,16.95,0.0,16.8,1.0,0.0
^VIX,2026-09-16,39.0,Call,0.0,1.24,1.31,55.0,0.0
^VIX,2026-09-16,40.0,Call,0.99,0.0,1.13,35.0,0.0
^VIX,2026-09-16,40.0,Put,0.0,19.05,18.86,1.0,0.0
^VIX,2026-09-16,42.5,Call,0.0,0.0,1.05,155.0,0.0
^VIX,2026-09-16,45.0,Call,0.0,0.0,1.07,2.0,0.0
^VIX,2026-09-16,45.0,Put,0.0,0.0,23.31,1.0,0.0
^VIX,2026-09-16,47.5,Call,0.73,0.85,0.95,1.0,0.0
^VIX,2026-09-16,50.0,Call,0.61,0.0,0.77,100.0,0.0
^VIX,2026-09-16,50.0,Put,27.6,28.3,27.6,3.0,3.0
^VIX,2026-09-16,55.0,Call,0.0,0.0,0.68,2.0,0.0
^VIX,2026-09-16,55.0,Put,33.0,33.5,33.15,,1.0
^VIX,2026-09-16,60.0,Call,0.0,0.0,0.56,21.0,0.0
^VIX,2026-09-16,65.0,Call,0.0,0.0,0.57,3000.0,0.0
^VIX,2026-09-16,70.0,Call,0.0,0.0,0.45,10.0,0.0
^VIX,2026-09-16,75.0,Call,0.0,0.0,0.37,2.0,0.0
^VIX,2026-09-16,80.0,Call,0.0,0.0,0.36,75.0,0.0
^VIX,2026-09-16,80.0,Put,0.0,57.9,57.24,,0.0
^VIX,2026-09-16,85.0,Call,0.0,0.0,0.32,3.0,0.0
^VIX,2026-09-16,90.0,Call,0.0,0.0,0.3,2.0,0.0
^VIX,2026-09-16,95.0,Call,0.0,0.0,0.28,22.0,0.0
^VIX,2026-09-16,100.0,Call,0.0,0.0,0.26,7.0,0.0
^VIX,2026-09-16,100.0,Put,0.0,0.0,76.58,20.0,0.0
^VIX,2026-09-16,110.0,Call,0.0,0.0,0.27,1.0,0.0
^VIX,2026-09-16,120.0,Call,0.07,0.0,0.21,126.0,0.0
^VIX,2026-09-16,120.0,Put,94.05,94.65,95.65,1.0,1.0
^VIX,2026-09-16,130.0,Call,0.0,0.0,0.15,10.0,0.0
^VIX,2026-09-16,140.0,Call,0.0,0.0,0.18,100.0,0.0
^VIX,2026-09-16,150.0,Call,0.0,0.0,0.15,100.0,0.0
^VIX,2026-09-16,150.0,Put,124.7,125.45,124.5,1.0,1.0
^VIX,2026-09-16,160.0,Call,0.0,0.0,0.14,100.0,0.0
^VIX,2026-09-16,170.0,Call,0.0,0.0,0.13,100.0,0.0
^VIX,2026-09-16,180.0,Call,0.0,0.0,0.12,100.0,0.0
^VIX,2026-09-16,190.0,Call,0.0,0.0,0.12,101.0,0.0
^VIX,2026-09-16,200.0,Call,0.0,0.0,0.11,25.0,0.0
^VIX,2026-09-16,200.0,Put,173.1,173.5,173.34,10.0,0.0
^VIX,2026-10-21,10.0,Call,0.0,0.0,12.6,1.0,0.0
^VIX,2026-10-21,10.0,Put,0.0,0.03,0.01,1.0,0.0
^VIX,2026-10-21,10.5,Put,0.0,0.08,0.01,,0.0
^VIX,2026-10-21,11.0,Call,11.1,0.0,11.55,2.0,0.0
^VIX,2026-10-21,11.0,Put,0.0,0.07,0.01,11.0,0.0
^VIX,2026-10-21,11.5,Call,0.0,0.0,11.18,1.0,0.0
^VIX,2026-10-21,11.5,Put,0.0,0.08,0.01,,0.0
^VIX,2026-10-21,12.0,Call,0.0,0.0,10.3,40.0,0.0
^VIX,2026-10-21,12.0,Put,0.0,0.0,0.02,1.0,0.0
^VIX,2026-10-21,12.5,Call,0.0,0.0,10.0,,1.0
^VIX,2026-10-21,12.5,Put,0.0,0.09,0.01,104.0,0.0
^VIX,2026-10-21,13.0,Call,9.15,0.0,9.8,1.0,0.0
^VIX,2026-10-21,13.0,Put,0.0,0.0,0.02,2.0,0.0
^VIX,2026-10-21,13.5,Call,0.0,0.0,9.7,5.0,0.0
^VIX,2026-10-21,13.5,Put,0.0,0.12,0.05,100.0,0.0
^VIX,2026-10-21,14.0,Call,8.15,8.45,8.75,3.0,0.0
^VIX,2026-10-21,14.0,Put,0.0,0.0,0.05,1.0,0.0
^VIX,2026-10-21,14.5,Call,0.0,0.0,8.4,1.0,0.0
^VIX,2026-10-21,14.5,Put,0.0,0.0,0.1,20.0,0.0
^VIX,2026-10-21,15.0,Call,7.25,0.0,8.15,1.0,0.0
^VIX,2026-10-21,15.0,Put,0.0,0.0,0.12,21.0,0.0
^VIX,2026-10-21,16.0,Call,6.4,0.0,6.6,1.0,0.0
^VIX,2026-10-21,16.0,Put,0.0,0.37,0.28,15.0,0.0
^VIX,2026-10-21,17.0,Call,0.0,0.0,6.1,9.0,0.0
^VIX,2026-10-21,17.0,Put,0.0,0.64,0.54,3.0,0.0
^VIX,2026-10-21,18.0,Call,0.0,0.0,5.5,10.0,0.0
^VIX,2026-10-21,18.0,Put,0.0,1.02,0.88,30.0,0.0
^VIX,2026-10-21,19.0,Call,4.55,0.0,5.05,5.0,0.0
^VIX,2026-10-21,19.0,Put,0.0,1.44,1.34,10.0,0.0
^VIX,2026-10-21,20.0,Call,0.0,0.0,4.5,8.0,0.0
^VIX,2026-10-21,20.0,Put,1.76,1.99,1.86,371.0,0.0
^VIX,2026-10-21,21.0,Call,3.8,4.1,4.14,5.0,0.0
^VIX,2026-10-21,21.0,Put,0.0,2.68,2.51,3304.0,0.0
^VIX,2026-10-21,22.0,Call,3.5,0.0,3.82,2.0,0.0
^VIX,2026-10-21,22.0,Put,0.0,0.0,3.05,1.0,0.0
^VIX,2026-10-21,23.0,Call,0.0,0.0,3.6,2.0,0.0
^VIX,2026-10-21,23.0,Put,0.0,0.0,3.92,480.0,0.0
^VIX,2026-10-21,24.0,Call,3.05,3.3,3.3,6.0,0.0
^VIX,2026-10-21,24.0,Put,0.0,0.0,4.5,1.0,0.0
^VIX,2026-10-21,25.0,Call,2.8,2.95,3.05,102.0,0.0
^VIX,2026-10-21,25.0,Put,0.0,0.0,5.35,2.0,0.0
^VIX,2026-10-21,26.0,Call,2.61,2.76,2.98,1.0,0.0
^VIX,2026-10-21,26.0,Put,0.0,0.0,6.1,5.0,0.0
^VIX,2026-10-21,27.0,Call,2.48,2.66,2.86,11.0,0.0
^VIX,2026-10-21,27.0,Put,0.0,0.0,6.94,2.0,0.0
^VIX,2026-10-21,28.0,Call,2.23,2.49,2.49,2.0,0.0
^VIX,2026-10-21,28.0,Put,0.0,0.0,7.81,2.0,0.0
^VIX,2026-10-21,29.0,Call,2.18,2.31,2.48,2.0,0.0
^VIX,2026-10-21,29.0,Put,0.0,0.0,8.5,1.0,0.0
^VIX,2026-10-21,30.0,Call,0.0,2.21,2.16,1.0,0.0
^VIX,2026-10-21,30.0,Put,0.0,0.0,9.3,1.0,0.0
^VIX,2026-10-21,31.0,Call,1.93,2.06,2.09,12.0,0.0
^VIX,2026-10-21,31.0,Put,0.0,0.0,9.6,20.0,11.0
^VIX,2026-10-21,32.0,Call,1.74,1.96,2.07,8.0,0.0
^VIX,2026-10-21,33.0,Call,1.64,1.9,2.05,11.0,0.0
^VIX,2026-10-21,34.0,Call,1.56,1.81,1.79,3.0,0.0
^VIX,2026-10-21,34.0,Put,12.85,0.0,12.91,,0.0
^VIX,2026-10-21,35.0,Call,1.48,1.7,1.71,371.0,0.0
^VIX,2026-10-21,35.0,Put,0.0,0.0,13.72,,0.0
^VIX,2026-10-21,36.0,Call,1.43,1.59,1.77,11.0,0.0
^VIX,2026-10-21,36.0,Put,0.0,0.0,14.68,,40.0
^VIX,2026-10-21,37.0,Call,0.0,1.6,1.7,11.0,0.0
^VIX,2026-10-21,38.0,Call,0.0,1.53,1.6,12.0,0.0
^VIX,2026-10-21,39.0,Call,0.0,1.45,1.56,1.0,0.0
^VIX,2026-10-21,39.0,Put,0.0,0.0,17.4,1.0,0.0
^VIX,2026-10-21,40.0,Call,1.16,0.0,1.35,48.0,0.0
^VIX,2026-10-21,40.0,Put,0.0,0.0,18.34,12.0,0.0
^VIX,2026-10-21,42.5,Call,1.04,0.0,1.36,30.0,0.0
^VIX,2026-10-21,45.0,Call,0.98,1.17,1.1,75.0,0.0
^VIX,2026-10-21,45.0,Put,0.0,0.0,22.92,,0.0
^VIX,2026-10-21,47.5,Call,0.84,1.08,1.14,34.0,0.0
^VIX,2026-10-21,47.5,Put,24.25,24.55,25.61,,0.0
^VIX,2026-10-21,50.0,Call,0.88,1.0,0.96,1.0,0.0
^VIX,2026-10-21,50.0,Put,0.0,0.0,27.38,,1.0
^VIX,2026-10-21,55.0,Call,0.63,0.0,0.8,20.0,0.0
^VIX,2026-10-21,55.0,Put,31.25,31.6,32.5,,0.0
^VIX,2026-10-21,60.0,Call,0.53,0.0,0.69,100.0,0.0
^VIX,2026-10-21,60.0,Put,0.0,0.0,37.23,,0.0
^VIX,2026-10-21,65.0,Call,0.0,0.66,0.59,250.0,0.0
^VIX,2026-10-21,65.0,Put,0.0,0.0,41.95,7.0,0.0
^VIX,2026-10-21,70.0,Call,0.37,0.55,0.54,15.0,0.0
^VIX,2026-10-21,75.0,Call,0.0,0.52,0.46,2.0,0.0
^VIX,2026-10-21,80.0,Call,0.0,0.47,0.4,3.0,0.0
^VIX,2026-10-21,85.0,Call,0.0,0.45,0.42,56.0,0.0
^VIX,2026-10-21,90.0,Call,0.0,0.4,0.35,1003.0,0.0
^VIX,2026-10-21,95.0,Call,0.16,0.39,0.31,25.0,0.0
^VIX,2026-10-21,100.0,Call,0.16,0.34,0.34,30.0,0.0
^VIX,2026-10-21,100.0,Put,0.0,76.75,75.9,,0.0
^VIX,2026-10-21,110.0,Call,0.12,0.3,0.3,2.0,0.0
^VIX,2026-10-21,120.0,Call,0.09,0.27,0.24,2.0,0.0
^VIX,2026-10-21,130.0,Call,0.07,0.25,0.22,,0.0
^VIX,2026-10-21,140.0,Call,0.06,0.0,0.19,1.0,0.0
^VIX,2026-10-21,150.0,Call,0.0,0.99,0.25,,1.0
^VIX,2026-10-21,150.0,Put,123.35,123.75,124.3,,0.0
^VIX,2026-10-21,160.0,Call,0.08,0.21,0.23,,0.0
^VIX,2026-10-21,170.0,Call,0.0,0.0,0.19,,2.0
^VIX,2026-10-21,180.0,Call,0.0,0.0,0.2,1.0,21.0
^VIX,2026-10-21,190.0,Call,0.05,0.17,0.2,,0.0
^VIX,2026-10-21,200.0,Call,0.0,0.0,0.11,3013.0,0.0
^VIX,2026-10-21,200.0,Put,174.45,175.0,173.73,4.0,0.0
^VIX,2026-11-18,10.0,Call,0.0,0.0,12.82,2.0,0.0
^VIX,2026-11-18,10.0,Put,0.0,0.29,0.02,10.0,311.0
^VIX,2026-11-18,10.5,Call,11.75,12.05,13.0,,0.0
^VIX,2026-11-18,10.5,Put,0.0,0.31,0.05,,200.0
^VIX,2026-11-18,11.0,Call,0.0,0.0,11.71,10.0,0.0
^VIX,2026-11-18,11.0,Put,0.0,0.09,0.01,100.0,0.0
^VIX,2026-11-18,12.0,Call,0.0,10.5,10.8,2.0,0.0
^VIX,2026-11-18,12.0,Put,0.0,0.0,0.02,28.0,0.0
^VIX,2026-11-18,13.0,Call,10.2,10.8,10.35,2.0,0.0
^VIX,2026-11-18,13.0,Put,0.0,0.0,0.06,1.0,0.0
^VIX,2026-11-18,13.5,Call,0.0,0.0,9.15,,0.0
^VIX,2026-11-18,13.5,Put,0.0,0.0,0.08,1.0,0.0
^VIX,2026-11-18,14.0,Call,0.0,0.0,8.6,11.0,0.0
^VIX,2026-11-18,14.0,Put,0.0,0.0,0.05,27.0,0.0
^VIX,2026-11-18,14.5,Call,7.95,8.25,9.15,10.0,0.0
^VIX,2026-11-18,14.5,Put,0.0,0.0,0.08,2.0,0.0
^VIX,2026-11-18,15.0,Call,0.0,0.0,8.05,3.0,0.0
^VIX,2026-11-18,15.0,Put,0.0,0.0,0.13,1032.0,0.0
^VIX,2026-11-18,16.0,Call,6.4,0.0,6.8,7.0,0.0
^VIX,2026-11-18,16.0,Put,0.0,0.0,0.3,7.0,0.0
^VIX,2026-11-18,17.0,Call,5.7,6.1,6.15,6.0,0.0
^VIX,2026-11-18,17.0,Put,0.0,0.0,0.58,2.0,0.0
^VIX,2026-11-18,18.0,Call,0.0,0.0,5.55,62.0,0.0
^VIX,2026-11-18,18.0,Put,0.0,0.97,0.94,1.0,0.0
^VIX,2026-11-18,19.0,Call,0.0,0.0,5.06,24.0,0.0
^VIX,2026-11-18,19.0,Put,0.0,0.0,1.4,152.0,0.0
^VIX,2026-11-18,20.0,Call,4.25,0.0,4.6,24.0,0.0
^VIX,2026-11-18,20.0,Put,0.0,0.0,1.95,4511.0,0.0
^VIX,2026-11-18,21.0,Call,0.0,0.0,4.25,25.0,0.0
^VIX,2026-11-18,21.0,Put,0.0,0.0,2.57,1.0,0.0
^VIX,2026-11-18,22.0,Call,0.0,0.0,3.9,7.0,0.0
^VIX,2026-11-18,22.0,Put,0.0,0.0,3.22,1.0,0.0
^VIX,2026-11-18,23.0,Call,3.35,0.0,3.58,6.0,0.0
^VIX,2026-11-18,23.0,Put,3.85,0.0,3.95,10.0,0.0
^VIX,2026-11-18,24.0,Call,0.0,0.0,3.5,1.0,0.0
^VIX,2026-11-18,24.0,Put,0.0,0.0,4.61,6000.0,0.0
^VIX,2026-11-18,25.0,Call,2.93,0.0,3.15,10.0,0.0
^VIX,2026-11-18,25.0,Put,5.35,0.0,5.44,1.0,0.0
^VIX,2026-11-18,26.0,Call,2.72,3.0,3.13,30.0,0.0
^VIX,2026-11-18,26.0,Put,0.0,6.5,6.15,1.0,0.0
^VIX,2026-11-18,27.0,Call,2.6,2.82,2.8,18.0,0.0
^VIX,2026-11-18,27.0,Put,0.0,0.0,7.05,2.0,0.0
^VIX,2026-11-18,28.0,Call,2.41,2.65,2.55,1.0,0.0
^VIX,2026-11-18,28.0,Put,0.0,0.0,7.9,1.0,0.0
^VIX,2026-11-18,29.0,Call,2.16,2.5,2.45,12.0,0.0
^VIX,2026-11-18,29.0,Put,0.0,0.0,8.5,1.0,0.0
^VIX,2026-11-18,30.0,Call,0.0,0.0,2.32,481.0,0.0
^VIX,2026-11-18,30.0,Put,0.0,0.0,9.4,3.0,0.0
^VIX,2026-11-18,31.0,Call,0.0,0.0,2.19,3.0,0.0
^VIX,2026-11-18,31.0,Put,0.0,0.0,10.1,2.0,0.0
^VIX,2026-11-18,32.0,Call,0.0,0.0,2.19,2.0,0.0
^VIX,2026-11-18,32.0,Put,11.15,0.0,11.0,2.0,0.0
^VIX,2026-11-18,33.0,Call,1.69,2.04,1.95,1.0,0.0
^VIX,2026-11-18,34.0,Call,0.0,0.0,1.99,27.0,0.0
^VIX,2026-11-18,35.0,Call,1.5,0.0,1.75,2.0,0.0
^VIX,2026-11-18,35.0,Put,13.8,0.0,13.69,,0.0
^VIX,2026-11-18,36.0,Call,1.43,1.77,1.7,2.0,0.0
^VIX,2026-11-18,37.0,Call,1.48,1.67,1.73,27.0,0.0
^VIX,2026-11-18,37.0,Put,15.6,0.0,15.49,1.0,0.0
^VIX,2026-11-18,38.0,Call,0.0,0.0,1.6,1172.0,0.0
^VIX,2026-11-18,39.0,Call,1.34,0.0,1.58,27.0,0.0
^VIX,2026-11-18,40.0,Call,1.28,1.48,1.44,6.0,0.0
^VIX,2026-11-18,40.0,Put,18.35,18.7,18.44,1.0,0.0
^VIX,2026-11-18,42.5,Call,1.12,1.29,1.35,144.0,0.0
^VIX,2026-11-18,42.5,Put,0.0,0.0,20.78,1.0,0.0
^VIX,2026-11-18,45.0,Call,0.0,0.0,1.2,1.0,0.0
^VIX,2026-11-18,45.0,Put,23.0,0.0,22.8,,0.0
^VIX,2026-11-18,47.5,Call,0.95,0.0,1.2,17.0,0.0
^VIX,2026-11-18,50.0,Call,0.86,0.0,1.0,19.0,0.0
^VIX,2026-11-18,55.0,Call,0.0,0.0,0.83,2005.0,0.0
^VIX,2026-11-18,60.0,Call,0.0,0.0,0.72,10.0,0.0
^VIX,2026-11-18,65.0,Call,0.52,0.0,0.72,4000.0,0.0
^VIX,2026-11-18,70.0,Call,0.0,0.0,0.57,25166.0,0.0
^VIX,2026-11-18,75.0,Call,0.0,0.0,0.45,1.0,0.0
^VIX,2026-11-18,80.0,Call,0.0,0.0,0.41,2001.0,0.0
^VIX,2026-11-18,85.0,Call,0.29,0.0,0.41,137.0,0.0
^VIX,2026-11-18,90.0,Call,0.0,0.0,0.36,137.0,0.0
^VIX,2026-11-18,95.0,Call,0.0,0.0,0.28,3.0,0.0
^VIX,2026-11-18,100.0,Call,0.0,0.0,0.31,1.0,0.0
^VIX,2026-11-18,100.0,Put,0.0,0.0,75.9,1.0,0.0
^VIX,2026-11-18,110.0,Call,0.07,0.52,0.33,,1.0
^VIX,2026-11-18,120.0,Put,0.0,0.0,95.15,1.0,0.0
^VIX,2026-11-18,130.0,Call,0.0,0.0,0.22,,0.0
^VIX,2026-11-18,140.0,Call,0.0,0.0,0.18,127.0,0.0
^VIX,2026-11-18,140.0,Put,115.3,0.0,114.55,,0.0
^VIX,2026-11-18,150.0,Call,0.03,0.18,0.18,6.0,0.0
^VIX,2026-11-18,160.0,Call,0.0,0.68,0.24,,1.0
^VIX,2026-11-18,170.0,Call,0.0,0.0,0.15,1.0,0.0
^VIX,2026-11-18,180.0,Call,0.0,0.0,0.13,1.0,0.0
^VIX,2026-11-18,190.0,Call,0.0,0.63,0.18,,1.0
^VIX,2026-11-18,190.0,Put,0.0,0.0,163.26,1.0,1.0
^VIX,2026-11-18,200.0,Call,0.0,0.0,0.09,1.0,0.0
^VIX,2026-11-18,200.0,Put,173.45,173.9,171.09,1.0,0.0
^VIX,2026-12-16,10.0,Call,0.0,0.0,12.2,1.0,0.0
^VIX,2026-12-16,10.0,Put,0.0,0.0,0.01,110.0,144.0
^VIX,2026-12-16,11.0,Call,0.0,0.0,11.46,10.0,0.0
^VIX,2026-12-16,11.0,Put,0.0,0.09,0.02,200.0,0.0
^VIX,2026-12-16,11.5,Call,0.0,0.0,11.05,1.0,0.0
^VIX,2026-12-16,11.5,Put,0.0,0.09,0.03,100.0,0.0
^VIX,2026-12-16,12.0,Call,0.0,0.0,10.5,,3.0
^VIX,2026-12-16,12.0,Put,0.0,0.0,0.03,11.0,105.0
^VIX,2026-12-16,12.5,Call,0.0,9.8,10.05,1.0,0.0
^VIX,2026-12-16,12.5,Put,0.0,0.08,0.05,1.0,0.0
^VIX,2026-12-16,13.0,Call,0.0,0.0,9.32,2.0,0.0
^VIX,2026-12-16,13.0,Put,0.0,0.0,0.06,1.0,104.0
^VIX,2026-12-16,13.5,Call,0.0,8.85,8.82,2.0,0.0
^VIX,2026-12-16,13.5,Put,0.0,0.0,0.11,10.0,0.0
^VIX,2026-12-16,14.0,Call,0.0,0.0,8.15,1.0,0.0
^VIX,2026-12-16,14.0,Put,0.0,0.0,0.09,1.0,0.0
^VIX,2026-12-16,14.5,Call,0.0,0.0,8.1,2.0,0.0
^VIX,2026-12-16,14.5,Put,0.0,0.0,0.08,2.0,0.0
^VIX,2026-12-16,15.0,Call,0.0,7.5,7.45,29.0,0.0
^VIX,2026-12-16,15.0,Put,0.0,0.0,0.11,10.0,0.0
^VIX,2026-12-16,16.0,Call,0.0,6.55,6.74,20.0,0.0
^VIX,2026-12-16,16.0,Put,0.0,0.0,0.32,10.0,0.0
^VIX,2026-12-16,17.0,Call,0.0,6.05,6.11,105.0,0.0
^VIX,2026-12-16,17.0,Put,0.0,0.75,0.67,4.0,0.0
^VIX,2026-12-16,18.0,Call,0.0,0.0,5.5,6.0,0.0
^VIX,2026-12-16,18.0,Put,0.0,0.0,1.05,1.0,0.0
^VIX,2026-12-16,19.0,Call,0.0,5.05,4.95,14.0,0.0
^VIX,2026-12-16,19.0,Put,0.0,0.0,1.6,1.0,0.0
^VIX,2026-12-16,20.0,Call,0.0,0.0,4.62,40.0,0.0
^VIX,2026-12-16,20.0,Put,0.0,0.0,2.21,1.0,0.0
^VIX,2026-12-16,21.0,Call,3.9,0.0,4.65,9.0,0.0
^VIX,2026-12-16,21.0,Put,0.0,0.0,2.66,1.0,0.0
^VIX,2026-12-16,22.0,Call,0.0,0.0,4.26,1.0,0.0
^VIX,2026-12-16,22.0,Put,0.0,0.0,3.47,1.0,0.0
^VIX,2026-12-16,23.0,Call,0.0,0.0,3.8,4.0,0.0
^VIX,2026-12-16,23.0,Put,0.0,0.0,4.4,1750.0,0.0
^VIX,2026-12-16,24.0,Call,0.0,0.0,3.6,1.0,0.0
^VIX,2026-12-16,24.0,Put,0.0,0.0,4.85,1.0,0.0
^VIX,2026-12-16,25.0,Call,0.0,0.0,3.25,8.0,0.0
^VIX,2026-12-16,25.0,Put,0.0,0.0,5.75,1.0,0.0
^VIX,2026-12-16,26.0,Call,2.75,0.0,3.15,10.0,0.0
^VIX,2026-12-16,26.0,Put,0.0,0.0,6.34,1.0,0.0
^VIX,2026-12-16,27.0,Call,0.0,2.94,2.86,4.0,0.0
^VIX,2026-12-16,27.0,Put,0.0,0.0,7.22,1.0,0.0
^VIX,2026-12-16,28.0,Call,0.0,0.0,2.68,1.0,0.0
^VIX,2026-12-16,28.0,Put,0.0,0.0,7.95,2.0,0.0
^VIX,2026-12-16,29.0,Call,0.0,2.5,2.41,10.0,0.0
^VIX,2026-12-16,29.0,Put,0.0,0.0,8.95,1.0,0.0
^VIX,2026-12-16,30.0,Call,0.0,0.0,2.46,227.0,0.0
^VIX,2026-12-16,30.0,Put,0.0,0.0,9.7,2.0,0.0
^VIX,2026-12-16,31.0,Call,1.98,2.21,2.37,1.0,0.0
^VIX,2026-12-16,31.0,Put,0.0,0.0,10.6,1.0,0.0
^VIX,2026-12-16,32.0,Call,0.0,0.0,2.14,10.0,0.0
^VIX,2026-12-16,32.0,Put,11.3,0.0,11.5,,0.0
^VIX,2026-12-16,33.0,Call,0.0,0.0,2.15,1.0,6.0
^VIX,2026-12-16,34.0,Call,1.66,1.88,2.05,1.0,0.0
^VIX,2026-12-16,35.0,Call,1.57,1.79,1.96,40.0,0.0
^VIX,2026-12-16,36.0,Call,0.0,0.0,1.89,,0.0
^VIX,2026-12-16,37.0,Call,0.0,1.7,1.8,,0.0
^VIX,2026-12-16,38.0,Call,0.0,0.0,1.81,1.0,0.0
^VIX,2026-12-16,39.0,Call,0.0,0.0,1.62,6.0,0.0
^VIX,2026-12-16,40.0,Call,0.0,0.0,1.4,10.0,0.0
^VIX,2026-12-16,40.0,Put,0.0,0.0,18.44,1.0,0.0
^VIX,2026-12-16,42.5,Call,0.0,0.0,1.29,1.0,0.0
^VIX,2026-12-16,45.0,Call,0.0,0.0,1.17,77.0,0.0
^VIX,2026-12-16,45.0,Put,0.0,0.0,22.97,,0.0
^VIX,2026-12-16,47.5,Call,0.0,0.0,1.0,1.0,0.0
^VIX,2026-12-16,50.0,Call,0.0,0.0,1.04,30.0,0.0
^VIX,2026-12-16,55.0,Call,0.0,0.0,0.84,13.0,0.0
^VIX,2026-12-16,60.0,Call,0.0,0.0,0.78,1.0,0.0
^VIX,2026-12-16,60.0,Put,37.05,37.55,36.05,1.0,0.0
^VIX,2026-12-16,65.0,Call,0.0,0.0,0.64,100.0,0.0
^VIX,2026-12-16,70.0,Call,0.0,0.0,0.45,1.0,0.0
^VIX,2026-12-16,75.0,Call,0.0,0.0,0.44,6.0,0.0
^VIX,2026-12-16,80.0,Call,0.0,0.0,0.4,1.0,0.0
^VIX,2026-12-16,85.0,Call,0.26,0.45,0.17,1.0,0.0
^VIX,2026-12-16,100.0,Call,0.0,0.0,0.26,10.0,0.0
^VIX,2026-12-16,100.0,Put,0.0,0.0,75.62,1.0,6.0
^VIX,2026-12-16,110.0,Call,0.0,0.0,0.25,4.0,0.0
^VIX,2026-12-16,110.0,Put,0.0,0.0,85.15,,0.0
^VIX,2026-12-16,120.0,Put,0.0,0.0,94.8,,0.0
^VIX,2026-12-16,140.0,Call,0.0,0.0,0.25,,0.0
^VIX,2026-12-16,150.0,Put,0.0,0.0,124.07,1.0,0.0
^VIX,2026-12-16,180.0,Put,0.0,0.0,153.22,1.0,1.0
^VIX,2026-12-16,190.0,Put,0.0,0.0,162.86,2.0,2.0
^VIX,2026-12-16,200.0,Call,0.0,0.0,0.1,40.0,0.0
^VIX,2026-12-16,200.0,Put,0.0,0.0,172.13,2.0,6.0
^VIX,2027-01-20,10.0,Call,0.0,0.0,12.9,1.0,0.0
^VIX,2027-01-20,10.0,Put,0.0,0.0,0.07,,0.0
^VIX,2027-01-20,10.5,Call,11.45,0.0,12.25,,0.0
^VIX,2027-01-20,11.0,Call,0.0,0.0,11.75,3.0,0.0
^VIX,2027-01-20,12.0,Call,10.0,0.0,10.65,5.0,0.0
^VIX,2027-01-20,13.0,Call,0.0,0.0,9.7,1.0,0.0
^VIX,2027-01-20,13.0,Put,0.0,0.0,0.06,1.0,0.0
^VIX,2027-01-20,13.5,Call,0.0,0.0,9.3,,0.0
^VIX,2027-01-20,14.0,Call,0.0,8.9,9.0,20.0,0.0
^VIX,2027-01-20,14.0,Put,0.0,0.0,0.14,100.0,0.0
^VIX,2027-01-20,14.5,Call,0.0,8.45,8.55,4.0,0.0
^VIX,2027-01-20,14.5,Put,0.0,0.0,0.2,19.0,0.0
^VIX,2027-01-20,15.0,Call,7.25,8.05,8.0,12.0,0.0
^VIX,2027-01-20,15.0,Put,0.0,0.0,0.3,20.0,0.0
^VIX,2027-01-20,16.0,Call,6.45,0.0,7.2,8.0,0.0
^VIX,2027-01-20,16.0,Put,0.0,0.0,0.4,1.0,0.0
^VIX,2027-01-20,17.0,Call,5.8,6.55,6.5,30.0,0.0
^VIX,2027-01-20,17.0,Put,0.0,0.0,0.55,1.0,0.0
^VIX,2027-01-20,18.0,Call,5.3,6.0,5.75,1.0,0.0
^VIX,2027-01-20,18.0,Put,0.0,0.0,1.15,1.0,0.0
^VIX,2027-01-20,19.0,Call,0.0,0.0,5.5,1.0,0.0
^VIX,2027-01-20,19.0,Put,0.0,0.0,1.6,1.0,0.0
^VIX,2027-01-20,20.0,Call,0.0,0.0,4.9,1.0,0.0
^VIX,2027-01-20,20.0,Put,1.98,0.0,2.03,1.0,0.0
^VIX,2027-01-20,21.0,Call,4.15,0.0,4.6,21.0,0.0
^VIX,2027-01-20,21.0,Put,0.0,0.0,2.69,20.0,0.0
^VIX,2027-01-20,22.0,Call,0.0,0.0,4.38,5.0,0.0
^VIX,2027-01-20,22.0,Put,0.0,0.0,3.4,1.0,0.0
^VIX,2027-01-20,23.0,Call,3.6,0.0,4.0,8.0,0.0
^VIX,2027-01-20,23.0,Put,0.0,0.0,4.25,8.0,0.0
^VIX,2027-01-20,24.0,Call,0.0,0.0,4.05,18.0,0.0
^VIX,2027-01-20,24.0,Put,0.0,0.0,4.75,3.0,0.0
^VIX,2027-01-20,25.0,Call,0.0,0.0,3.6,108.0,0.0
^VIX,2027-01-20,25.0,Put,0.0,0.0,5.38,50.0,0.0
^VIX,2027-01-20,26.0,Call,2.93,0.0,3.4,2.0,0.0
^VIX,2027-01-20,26.0,Put,0.0,0.0,6.37,,0.0
^VIX,2027-01-20,27.0,Call,0.0,0.0,3.21,4.0,0.0
^VIX,2027-01-20,27.0,Put,0.0,0.0,7.14,,0.0
^VIX,2027-01-20,28.0,Call,0.0,0.0,3.15,1.0,0.0
^VIX,2027-01-20,28.0,Put,0.0,0.0,7.94,1.0,0.0
^VIX,2027-01-20,29.0,Call,0.0,2.95,2.95,1.0,0.0
^VIX,2027-01-20,29.0,Put,8.55,0.0,8.7,1.0,0.0
^VIX,2027-01-20,30.0,Call,0.0,2.78,2.63,14.0,0.0
^VIX,2027-01-20,31.0,Call,0.0,2.63,2.65,35.0,0.0
^VIX,2027-01-20,31.0,Put,0.0,0.0,10.15,,0.0
^VIX,2027-01-20,32.0,Call,0.0,0.0,2.81,,0.0
^VIX,2027-01-20,33.0,Call,0.0,0.0,2.7,3.0,0.0
^VIX,2027-01-20,34.0,Call,0.0,0.0,2.21,1.0,0.0
^VIX,2027-01-20,35.0,Call,0.0,0.0,2.2,8.0,0.0
^VIX,2027-01-20,37.0,Call,0.0,0.0,1.9,,0.0
^VIX,2027-01-20,38.0,Call,0.0,0.0,1.67,2.0,0.0
^VIX,2027-01-20,39.0,Call,0.0,0.0,1.75,1.0,0.0
^VIX,2027-01-20,40.0,Call,0.0,0.0,1.45,27.0,0.0
^VIX,2027-01-20,40.0,Put,18.05,18.7,18.22,,0.0
^VIX,2027-01-20,42.5,Call,0.0,0.0,1.5,1.0,0.0
^VIX,2027-01-20,45.0,Call,0.0,0.0,1.5,4.0,0.0
^VIX,2027-01-20,45.0,Put,0.0,0.0,22.73,,0.0
^VIX,2027-01-20,47.5,Call,0.0,0.0,1.3,10.0,0.0
^VIX,2027-01-20,50.0,Call,0.0,0.0,1.22,1.0,0.0
^VIX,2027-01-20,55.0,Call,0.0,0.0,0.83,1.0,0.0
^VIX,2027-01-20,60.0,Call,0.0,0.0,0.85,1.0,0.0
^VIX,2027-01-20,65.0,Call,0.0,0.0,0.91,2.0,0.0
^VIX,2027-01-20,70.0,Call,0.0,0.0,0.61,1.0,0.0
^VIX,2027-01-20,75.0,Call,0.31,0.65,0.6,1.0,0.0
^VIX,2027-01-20,80.0,Call,0.0,0.0,0.58,100.0,0.0
^VIX,2027-01-20,90.0,Call,0.0,0.0,0.4,1.0,0.0
^VIX,2027-01-20,95.0,Call,0.0,0.0,0.45,20.0,0.0
^VIX,2027-01-20,100.0,Call,0.0,0.0,0.32,21.0,0.0
^VIX,2027-01-20,100.0,Put,0.0,0.0,75.01,,0.0
^VIX,2027-01-20,110.0,Call,0.0,0.0,0.35,1.0,0.0
^VIX,2027-01-20,120.0,Call,0.0,0.0,0.3,,0.0
^VIX,2027-01-20,130.0,Call,0.0,0.0,0.25,1.0,0.0
^VIX,2027-01-20,140.0,Call,0.0,0.0,0.29,2.0,0.0
^VIX,2027-01-20,150.0,Call,0.0,0.0,0.2,1.0,0.0
^VIX,2027-01-20,160.0,Call,0.0,0.0,0.2,1.0,0.0
^VIX,2027-01-20,170.0,Call,0.0,0.0,0.2,1.0,0.0
^VIX,2027-01-20,180.0,Call,0.0,0.0,0.15,1.0,0.0
^VIX,2027-01-20,190.0,Call,0.0,0.0,0.15,1.0,0.0
^VIX,2027-01-20,200.0,Call,0.0,0.0,0.13,54.0,0.0
^VIX,2027-01-20,200.0,Put,0.0,0.0,171.84,,0.0
^XDA,2026-06-18,70.0,Call,0.0,0.0,1.93,6.0,0.0
^XDA,2026-06-18,71.0,Call,0.0,5.0,1.38,,5.0
^XDA,2026-09-18,68.0,Call,0.5,5.5,3.46,1.0,1.0
^XDA,2026-09-18,69.0,Call,0.0,5.0,2.71,2.0,2.0
^XDA,2026-09-18,70.0,Call,0.0,5.0,2.2,1.0,2.0
^XDA,2026-12-18,62.0,Call,0.0,0.0,6.32,2.0,0.0
^XDA,2026-12-18,66.0,Call,0.0,0.0,5.01,2.0,0.0
^XDA,2026-12-18,71.0,Call,0.0,0.0,1.83,19.0,0.0
^XDA,2026-12-18,75.0,Call,0.0,0.0,1.33,,0.0
^XDA,2027-03-19,69.0,Call,0.0,0.0,5.0,,0.0
^XDA,2027-03-19,72.0,Call,0.0,0.0,2.81,,0.0
^XDB,2026-06-18,127.0,Put,0.0,0.24,0.15,1.0,0.0
^XDB,2026-06-18,137.0,Put,4.28,5.7,4.8,,3.0
^XDB,2026-09-18,126.0,Put,0.0,0.0,5.0,,0.0
^XDB,2026-09-18,129.0,Put,1.68,2.65,2.0,1.0,1.0
^XDB,2026-09-18,130.0,Put,1.97,2.96,2.5,6.0,6.0
^XDB,2026-09-18,133.0,Put,1.84,2.78,4.3,1.0,3.0
^XDB,2026-09-18,134.0,Put,0.5,5.5,1.42,,1.0
^XDB,2026-09-18,135.0,Put,4.21,5.63,4.8,1.0,1.0
^XDB,2026-09-18,136.0,Put,1.5,6.5,2.0,1.0,7.0
^XDB,2026-12-18,140.0,Put,0.0,0.0,6.0,,0.0
^XDB,2027-03-19,135.0,Put,0.0,0.0,5.5,3.0,0.0
^XDE,2026-06-18,110.0,Call,4.5,9.5,7.58,5.0,15.0
^XDE,2026-06-18,114.0,Call,3.0,8.0,6.2,,8.0
^XDE,2026-06-18,116.0,Call,0.0,5.0,3.19,1.0,1.0
^XDE,2026-06-18,116.5,Call,0.0,4.19,4.35,100.0,136.0
^XDE,2026-06-18,116.5,Put,0.0,0.0,0.74,3.0,0.0
^XDE,2026-06-18,117.0,Call,0.0,5.0,1.77,,1.0
^XDE,2026-06-18,117.0,Put,0.0,0.0,0.79,5.0,0.0
^XDE,2026-06-18,117.5,Call,0.0,0.0,0.9,30.0,0.0
^XDE,2026-06-18,117.5,Put,0.0,0.0,1.28,10.0,0.0
^XDE,2026-06-18,118.0,Put,0.0,0.0,2.45,,0.0
^XDE,2026-06-18,118.5,Call,0.0,5.0,2.31,,10.0
^XDE,2026-06-18,119.0,Call,0.0,5.0,2.05,,2.0
^XDE,2026-06-18,119.0,Put,0.0,0.0,3.0,,0.0
^XDE,2026-06-18,120.0,Put,2.13,2.61,2.63,3.0,6.0
^XDE,2026-06-18,121.0,Call,0.0,0.11,0.52,,1.0
^XDE,2026-06-18,123.0,Call,0.81,1.17,0.81,,1.0
^XDE,2026-07-17,116.0,Put,0.0,0.0,0.75,3.0,0.0
^XDE,2026-09-18,116.0,Put,0.0,5.0,2.65,,1.0
^XDE,2026-09-18,120.0,Call,0.0,5.0,2.61,,10.0
^XDE,2026-09-18,120.0,Put,2.36,3.06,4.14,7.0,7.0
^XDE,2026-09-18,121.0,Put,0.0,0.0,2.87,6.0,0.0
^XDE,2026-12-18,120.0,Call,1.54,2.27,1.89,95.0,100.0
^XDN,2026-06-18,63.0,Call,0.0,0.0,0.71,,0.0
^XDN,2026-06-18,65.0,Call,0.25,0.46,1.1,,100.0
^XDN,2026-06-18,66.0,Call,1.15,1.45,1.71,10.0,5.0
^XDN,2026-06-18,72.0,Call,0.35,0.79,1.18,,30.0
^XDN,2026-07-17,63.0,Put,0.0,0.0,0.29,,0.0
^XDN,2026-07-17,64.0,Put,0.0,0.0,0.72,5.0,0.0
^XDN,2026-07-17,68.0,Put,0.0,0.0,4.19,2.0,0.0
^XDN,2026-09-18,66.0,Call,0.0,0.0,0.56,,0.0
^XDN,2026-09-18,67.0,Call,0.0,0.0,0.47,,0.0
^XDN,2026-09-18,70.0,Call,1.04,1.64,2.25,,8.0
^XDN,2026-09-18,75.0,Call,0.2,0.81,1.07,,15.0
^XDN,2026-12-18,62.0,Call,0.0,0.0,2.99,,0.0
^XDN,2026-12-18,63.0,Call,0.0,0.0,2.34,,0.0
^XDN,2026-12-18,64.0,Call,0.0,5.0,4.6,,1.0
^XDN,2026-12-18,65.0,Call,0.0,0.0,1.4,,0.0
^XDN,2026-12-18,70.0,Call,0.0,5.0,1.13,1.0,41.0
^XDN,2026-12-18,80.0,Call,0.0,0.0,0.23,,0.0
^XDN,2027-03-19,65.0,Call,0.0,0.0,2.3,,0.0
