Date,Ticker,Open,High,Low,Close,Volume
2025-01-15 00:00:00+01:00,^FCHI,7447.39013671875,7514.91015625,7415.52001953125,7474.58984375,90347900
2025-01-16 00:00:00+01:00,^FCHI,7591.35009765625,7634.740234375,7567.669921875,7634.740234375,74666800
2025-01-17 00:00:00+01:00,^FCHI,7685.0400390625,7732.31982421875,7667.85009765625,7709.75,93238600
2025-01-20 00:00:00+01:00,^FCHI,7722.1201171875,7766.240234375,7707.2900390625,7733.5,66371900
2025-01-21 00:00:00+01:00,^FCHI,7724.33984375,7774.759765625,7713.259765625,7770.9501953125,62824400
2025-01-22 00:00:00+01:00,^FCHI,7783.2998046875,7873.97998046875,7773.64013671875,7837.39990234375,70350300
2025-01-23 00:00:00+01:00,^FCHI,7851.39990234375,7896.97021484375,7829.39990234375,7892.60986328125,67604300
2025-01-24 00:00:00+01:00,^FCHI,7958.919921875,7988.85009765625,7904.169921875,7927.6201171875,65431800
2025-01-27 00:00:00+01:00,^FCHI,7873.7001953125,7928.41015625,7844.41015625,7906.580078125,87932900
2025-01-28 00:00:00+01:00,^FCHI,7899.27978515625,7955.4599609375,7879.330078125,7897.3701171875,73336500
2025-01-29 00:00:00+01:00,^FCHI,7874.72021484375,7891.58984375,7848.759765625,7872.47998046875,61912300
2025-01-30 00:00:00+01:00,^FCHI,7904.47021484375,7951.85009765625,7889.22021484375,7941.64013671875,71722800
2025-01-31 00:00:00+01:00,^FCHI,7954.43017578125,7996.41015625,7928.83984375,7950.169921875,77134700
2025-02-03 00:00:00+01:00,^FCHI,7786.31982421875,7875.580078125,7785.8701171875,7854.919921875,85149300
2025-02-04 00:00:00+01:00,^FCHI,7870.2900390625,7915.52978515625,7808.10986328125,7906.39990234375,83795000
2025-02-05 00:00:00+01:00,^FCHI,7888.60009765625,7900.7099609375,7858.22021484375,7891.68017578125,63874400
2025-02-06 00:00:00+01:00,^FCHI,7918.35986328125,8024.8798828125,7906.35986328125,8007.6201171875,104325900
2025-02-07 00:00:00+01:00,^FCHI,7998.3798828125,8027.0498046875,7954.89990234375,7973.02978515625,86935500
2025-02-10 00:00:00+01:00,^FCHI,7977.759765625,8014.1298828125,7971.14990234375,8006.22021484375,69365400
2025-02-11 00:00:00+01:00,^FCHI,8013.009765625,8037.240234375,7995.64990234375,8028.89990234375,63982300
2025-02-12 00:00:00+01:00,^FCHI,8039.60986328125,8067.06982421875,7984.72021484375,8042.18994140625,83614200
2025-02-13 00:00:00+01:00,^FCHI,8120.81005859375,8176.1201171875,8091.419921875,8164.10986328125,100733100
2025-02-14 00:00:00+01:00,^FCHI,8164.6201171875,8212.6396484375,8155.4501953125,8178.5400390625,84064800
2025-02-17 00:00:00+01:00,^FCHI,8181.39990234375,8199.0400390625,8165.89990234375,8189.1298828125,57770100
2025-02-18 00:00:00+01:00,^FCHI,8205.9404296875,8225.1298828125,8160.60986328125,8206.5595703125,71132800
2025-02-19 00:00:00+01:00,^FCHI,8205.4404296875,8208.669921875,8097.14013671875,8110.5400390625,76876600
2025-02-20 00:00:00+01:00,^FCHI,8140.77978515625,8172.759765625,8107.31005859375,8122.580078125,80101800
2025-02-21 00:00:00+01:00,^FCHI,8138.240234375,8180.72021484375,8126.8701171875,8154.509765625,85167900
2025-02-24 00:00:00+01:00,^FCHI,8138.85986328125,8150.64013671875,8064.669921875,8090.990234375,70669300
2025-02-25 00:00:00+01:00,^FCHI,8065.35986328125,8107.10986328125,8043.1298828125,8051.06982421875,84120800
2025-02-26 00:00:00+01:00,^FCHI,8103.72998046875,8169.35009765625,8084.0498046875,8143.919921875,89949900
2025-02-27 00:00:00+01:00,^FCHI,8104.22998046875,8136.85986328125,8048.27001953125,8102.52001953125,93870400
2025-02-28 00:00:00+01:00,^FCHI,8047.0400390625,8111.6298828125,8031.47998046875,8111.6298828125,132221800
2025-03-03 00:00:00+01:00,^FCHI,8139.1298828125,8257.8798828125,8087.31005859375,8199.7099609375,91389800
2025-03-04 00:00:00+01:00,^FCHI,8112.1298828125,8136.27001953125,8001.14990234375,8047.919921875,109307000
2025-03-05 00:00:00+01:00,^FCHI,8174.080078125,8245.240234375,8151.47021484375,8173.75,114727300
2025-03-06 00:00:00+01:00,^FCHI,8226.1904296875,8229.4404296875,8103.5400390625,8197.669921875,111802200
2025-03-07 00:00:00+01:00,^FCHI,8163.2998046875,8177.85009765625,8066.14990234375,8120.7998046875,103415600
2025-03-10 00:00:00+01:00,^FCHI,8161.52978515625,8174.58984375,8039.35986328125,8047.60009765625,104956400
2025-03-11 00:00:00+01:00,^FCHI,8092.02001953125,8111.22021484375,7921.0498046875,7941.91015625,102843400
2025-03-12 00:00:00+01:00,^FCHI,8006.0400390625,8072.4501953125,7938.85009765625,7988.9599609375,89409700
2025-03-13 00:00:00+01:00,^FCHI,7983.56982421875,8032.64990234375,7927.830078125,7938.2099609375,82347100
2025-03-14 00:00:00+01:00,^FCHI,7924.22021484375,8044.43994140625,7916.580078125,8028.27978515625,80007200
2025-03-17 00:00:00+01:00,^FCHI,8034.22998046875,8087.60009765625,8010.7099609375,8073.97998046875,68242800
2025-03-18 00:00:00+01:00,^FCHI,8100.89013671875,8140.08984375,8090.6298828125,8114.56982421875,78614400
2025-03-19 00:00:00+01:00,^FCHI,8104.66015625,8181.85009765625,8096.5,8171.47021484375,67187300
2025-03-20 00:00:00+01:00,^FCHI,8164.08984375,8167.47998046875,8062.14013671875,8094.2001953125,71330200
2025-03-21 00:00:00+01:00,^FCHI,8062.27001953125,8075.43994140625,8010.259765625,8042.9501953125,145105800
2025-03-24 00:00:00+01:00,^FCHI,8104.7099609375,8114.4501953125,8002.33984375,8022.330078125,61431800
2025-03-25 00:00:00+01:00,^FCHI,8042.72998046875,8142.509765625,8042.72998046875,8108.58984375,66802100
2025-03-26 00:00:00+01:00,^FCHI,8121.990234375,8127.91015625,8025.2099609375,8030.68017578125,68178000
2025-03-27 00:00:00+01:00,^FCHI,7968.7998046875,8015.89013671875,7926.93017578125,7990.10986328125,71336700
2025-03-28 00:00:00+01:00,^FCHI,7949.22998046875,7975.5498046875,7894.6201171875,7916.080078125,74145700
2025-03-31 00:00:00+02:00,^FCHI,7849.31982421875,7853.2099609375,7753.740234375,7790.7099609375,93214500
2025-04-01 00:00:00+02:00,^FCHI,7837.4501953125,7884.35009765625,7814.72998046875,7876.35986328125,73679000
2025-04-02 00:00:00+02:00,^FCHI,7850.8798828125,7859.41015625,7792.97998046875,7858.830078125,66242600
2025-04-03 00:00:00+02:00,^FCHI,7689.60986328125,7740.91015625,7585.0,7598.97998046875,115848900
2025-04-04 00:00:00+02:00,^FCHI,7546.43017578125,7552.52001953125,7215.759765625,7274.9501953125,177451600
2025-04-07 00:00:00+02:00,^FCHI,6804.83984375,7285.72998046875,6763.759765625,6927.1201171875,197563800
2025-04-08 00:00:00+02:00,^FCHI,7036.169921875,7179.490234375,6952.1201171875,7100.419921875,118583500
2025-04-09 00:00:00+02:00,^FCHI,6902.419921875,6999.35009765625,6792.56982421875,6863.02001953125,122317100
2025-04-10 00:00:00+02:00,^FCHI,7296.5,7384.47021484375,7126.02001953125,7126.02001953125,125588200
2025-04-11 00:00:00+02:00,^FCHI,7191.47998046875,7204.60009765625,7007.6298828125,7104.7998046875,89406900
2025-04-14 00:00:00+02:00,^FCHI,7238.009765625,7308.759765625,7222.85986328125,7273.1201171875,77135600
2025-04-15 00:00:00+02:00,^FCHI,7255.06005859375,7344.2001953125,7239.72998046875,7335.39990234375,76652500
2025-04-16 00:00:00+02:00,^FCHI,7276.39013671875,7332.14013671875,7243.77001953125,7329.97021484375,69618700
2025-04-17 00:00:00+02:00,^FCHI,7311.91015625,7331.64013671875,7257.77001953125,7285.85986328125,60437800
2025-04-22 00:00:00+02:00,^FCHI,7284.7099609375,7326.47021484375,7218.2998046875,7326.47021484375,75618400
2025-04-23 00:00:00+02:00,^FCHI,7403.93017578125,7555.169921875,7403.93017578125,7482.35986328125,94945000
2025-04-24 00:00:00+02:00,^FCHI,7448.4599609375,7507.2998046875,7411.02978515625,7502.77978515625,70597400
2025-04-25 00:00:00+02:00,^FCHI,7565.35009765625,7574.25,7525.1298828125,7536.259765625,71766900
2025-04-28 00:00:00+02:00,^FCHI,7564.259765625,7618.5498046875,7564.259765625,7573.759765625,67007800
2025-04-29 00:00:00+02:00,^FCHI,7572.22998046875,7588.43017578125,7533.56982421875,7555.8701171875,69142800
2025-04-30 00:00:00+02:00,^FCHI,7586.64990234375,7609.31982421875,7512.22998046875,7593.8701171875,111554900
2025-05-02 00:00:00+02:00,^FCHI,7710.080078125,7779.7001953125,7679.009765625,7770.47998046875,80868800
2025-05-05 00:00:00+02:00,^FCHI,7735.58984375,7747.490234375,7713.16015625,7727.93017578125,46759300
2025-05-06 00:00:00+02:00,^FCHI,7743.06982421875,7746.27978515625,7647.77978515625,7696.919921875,60335900
2025-05-07 00:00:00+02:00,^FCHI,7668.18017578125,7678.9501953125,7613.2001953125,7626.83984375,61695900
2025-05-08 00:00:00+02:00,^FCHI,7657.02978515625,7719.830078125,7646.009765625,7694.43994140625,62217600
2025-05-09 00:00:00+02:00,^FCHI,7732.02001953125,7767.06982421875,7723.14013671875,7743.75,55902300
2025-05-12 00:00:00+02:00,^FCHI,7800.18017578125,7880.2900390625,7783.68994140625,7850.10009765625,86218100
2025-05-13 00:00:00+02:00,^FCHI,7842.7900390625,7879.39013671875,7840.85986328125,7873.830078125,57046800
2025-05-14 00:00:00+02:00,^FCHI,7875.39013671875,7877.740234375,7805.7001953125,7836.7900390625,66229500
2025-05-15 00:00:00+02:00,^FCHI,7806.1201171875,7853.47021484375,7800.3701171875,7853.47021484375,62402300
2025-05-16 00:00:00+02:00,^FCHI,7874.93017578125,7915.43017578125,7855.72021484375,7886.68994140625,67204200
2025-05-19 00:00:00+02:00,^FCHI,7854.10986328125,7883.6298828125,7824.419921875,7883.6298828125,56011100
2025-05-20 00:00:00+02:00,^FCHI,7899.85986328125,7955.52978515625,7878.56982421875,7942.419921875,65943600
2025-05-21 00:00:00+02:00,^FCHI,7913.740234375,7930.60986328125,7873.169921875,7910.490234375,57998400
2025-05-22 00:00:00+02:00,^FCHI,7870.56982421875,7887.10009765625,7807.0498046875,7864.43994140625,61205200
2025-05-23 00:00:00+02:00,^FCHI,7876.8701171875,7888.97021484375,7620.39990234375,7734.39990234375,79976100
2025-05-26 00:00:00+02:00,^FCHI,7833.1298828125,7840.2998046875,7799.81005859375,7828.1298828125,45804600
2025-05-27 00:00:00+02:00,^FCHI,7816.509765625,7856.39990234375,7808.1201171875,7826.7900390625,51608000
2025-05-28 00:00:00+02:00,^FCHI,7825.419921875,7853.66015625,7787.580078125,7788.10009765625,59924500
2025-05-29 00:00:00+02:00,^FCHI,7866.77001953125,7869.919921875,7779.72021484375,7779.72021484375,38396900
2025-05-30 00:00:00+02:00,^FCHI,7776.0400390625,7811.490234375,7747.89990234375,7751.89013671875,126162300
2025-06-02 00:00:00+02:00,^FCHI,7714.91015625,7744.27978515625,7668.89990234375,7737.2001953125,59191900
2025-06-03 00:00:00+02:00,^FCHI,7752.27978515625,7765.4599609375,7699.240234375,7763.83984375,58270900
2025-06-04 00:00:00+02:00,^FCHI,7795.06005859375,7843.2099609375,7779.35986328125,7804.669921875,60842600
2025-06-05 00:00:00+02:00,^FCHI,7811.18017578125,7848.08984375,7761.5400390625,7790.27001953125,53717400
2025-06-06 00:00:00+02:00,^FCHI,7794.8798828125,7815.0,7769.83984375,7804.8701171875,43299700
2025-06-09 00:00:00+02:00,^FCHI,7796.259765625,7812.72998046875,7772.08984375,7791.47021484375,39647500
2025-06-10 00:00:00+02:00,^FCHI,7784.580078125,7815.43994140625,7769.509765625,7804.330078125,61379600
2025-06-11 00:00:00+02:00,^FCHI,7810.83984375,7840.02001953125,7775.89990234375,7775.89990234375,58253000
2025-06-12 00:00:00+02:00,^FCHI,7741.0400390625,7783.64013671875,7698.22998046875,7765.10986328125,57177200
2025-06-13 00:00:00+02:00,^FCHI,7670.0400390625,7713.68017578125,7659.1298828125,7684.68017578125,74634100
2025-06-16 00:00:00+02:00,^FCHI,7706.83984375,7769.31982421875,7705.27978515625,7742.240234375,66005300
2025-06-17 00:00:00+02:00,^FCHI,7687.169921875,7702.75,7646.759765625,7683.72998046875,63015300
2025-06-18 00:00:00+02:00,^FCHI,7687.419921875,7710.14013671875,7641.1298828125,7656.1201171875,56555500
2025-06-19 00:00:00+02:00,^FCHI,7605.8798828125,7618.759765625,7553.4501953125,7553.4501953125,54333600
2025-06-20 00:00:00+02:00,^FCHI,7597.18017578125,7636.830078125,7575.990234375,7589.66015625,150191600
2025-06-23 00:00:00+02:00,^FCHI,7549.919921875,7597.93994140625,7505.27001953125,7537.56982421875,53135000
2025-06-24 00:00:00+02:00,^FCHI,7656.5400390625,7678.77978515625,7606.31982421875,7615.990234375,69697400
2025-06-25 00:00:00+02:00,^FCHI,7630.33984375,7658.5,7557.240234375,7558.16015625,53189500
2025-06-26 00:00:00+02:00,^FCHI,7587.240234375,7594.89990234375,7532.25,7557.31005859375,70187900
2025-06-27 00:00:00+02:00,^FCHI,7613.35009765625,7691.5498046875,7609.9599609375,7691.5498046875,60467400
2025-06-30 00:00:00+02:00,^FCHI,7714.56005859375,7714.56005859375,7660.77978515625,7665.91015625,63121500
2025-07-01 00:00:00+02:00,^FCHI,7674.5400390625,7675.68994140625,7612.39013671875,7662.58984375,56189700
2025-07-02 00:00:00+02:00,^FCHI,7710.72021484375,7770.4501953125,7674.22998046875,7738.419921875,64521800
2025-07-03 00:00:00+02:00,^FCHI,7763.25,7766.919921875,7717.06982421875,7754.5498046875,51421200
2025-07-04 00:00:00+02:00,^FCHI,7713.5400390625,7713.5400390625,7656.68994140625,7696.27001953125,39006400
2025-07-07 00:00:00+02:00,^FCHI,7704.2099609375,7730.97998046875,7682.1201171875,7723.47021484375,49271000
2025-07-08 00:00:00+02:00,^FCHI,7743.56982421875,7771.6201171875,7696.3798828125,7766.7099609375,54942400
2025-07-09 00:00:00+02:00,^FCHI,7799.330078125,7886.7900390625,7790.5498046875,7878.4599609375,59300100
2025-07-10 00:00:00+02:00,^FCHI,7909.85986328125,7940.6201171875,7885.8701171875,7902.25,52841500
2025-07-11 00:00:00+02:00,^FCHI,7873.43017578125,7881.18994140625,7815.18994140625,7829.2900390625,48937000
2025-07-14 00:00:00+02:00,^FCHI,7774.0400390625,7810.5498046875,7764.7998046875,7808.169921875,40409300
2025-07-15 00:00:00+02:00,^FCHI,7818.08984375,7836.1298828125,7766.2099609375,7766.2099609375,48694900
2025-07-16 00:00:00+02:00,^FCHI,7740.14990234375,7778.1298828125,7722.08984375,7722.08984375,64253700
2025-07-17 00:00:00+02:00,^FCHI,7794.419921875,7822.02001953125,7783.64990234375,7822.0,52115700
2025-07-18 00:00:00+02:00,^FCHI,7857.68994140625,7873.2998046875,7815.22998046875,7822.669921875,51242500
2025-07-21 00:00:00+02:00,^FCHI,7825.72998046875,7838.60986328125,7757.68017578125,7798.22021484375,47487000
2025-07-22 00:00:00+02:00,^FCHI,7775.0400390625,7782.66015625,7726.740234375,7744.41015625,47029700
2025-07-23 00:00:00+02:00,^FCHI,7839.7099609375,7869.9599609375,7816.27001953125,7850.43017578125,66792400
2025-07-24 00:00:00+02:00,^FCHI,7873.5,7898.02978515625,7797.27978515625,7818.27978515625,74863300
2025-07-25 00:00:00+02:00,^FCHI,7782.39013671875,7851.4599609375,7759.58984375,7834.580078125,59054700
2025-07-28 00:00:00+02:00,^FCHI,7924.52978515625,7931.14990234375,7794.66015625,7800.8798828125,54179100
2025-07-29 00:00:00+02:00,^FCHI,7834.83984375,7924.6201171875,7833.02001953125,7857.35986328125,57353300
2025-07-30 00:00:00+02:00,^FCHI,7856.009765625,7921.60986328125,7853.5400390625,7861.9599609375,51555900
2025-07-31 00:00:00+02:00,^FCHI,7876.58984375,7906.3701171875,7771.97021484375,7771.97021484375,84917700
2025-08-01 00:00:00+02:00,^FCHI,7676.39013671875,7691.1201171875,7523.60986328125,7546.16015625,91055600
2025-08-04 00:00:00+02:00,^FCHI,7582.77001953125,7632.77001953125,7571.759765625,7632.009765625,57746900
2025-08-05 00:00:00+02:00,^FCHI,7670.2001953125,7670.2001953125,7610.56982421875,7621.0400390625,48283700
2025-08-06 00:00:00+02:00,^FCHI,7658.919921875,7672.14990234375,7620.97021484375,7635.02978515625,46905700
2025-08-07 00:00:00+02:00,^FCHI,7651.39990234375,7737.6298828125,7645.2099609375,7709.31982421875,55875200
2025-08-08 00:00:00+02:00,^FCHI,7733.7099609375,7770.89013671875,7710.669921875,7743.0,50735400
2025-08-11 00:00:00+02:00,^FCHI,7764.240234375,7764.240234375,7694.33984375,7698.52001953125,41752100
2025-08-12 00:00:00+02:00,^FCHI,7730.22021484375,7759.740234375,7702.509765625,7753.419921875,45578600
2025-08-13 00:00:00+02:00,^FCHI,7775.22998046875,7819.68994140625,7769.06982421875,7804.97021484375,48809400
2025-08-14 00:00:00+02:00,^FCHI,7822.9501953125,7871.39013671875,7818.56982421875,7870.33984375,45938800
2025-08-15 00:00:00+02:00,^FCHI,7917.06005859375,7945.27001953125,7896.56005859375,7923.4501953125,45150600
2025-08-18 00:00:00+02:00,^FCHI,7929.419921875,7929.419921875,7856.89990234375,7884.0498046875,39333100
2025-08-19 00:00:00+02:00,^FCHI,7894.68994140625,7986.81005859375,7892.72021484375,7979.080078125,45661000
2025-08-20 00:00:00+02:00,^FCHI,7949.14013671875,8004.33984375,7932.06005859375,7973.02978515625,42249900
2025-08-21 00:00:00+02:00,^FCHI,7970.75,7970.75,7910.33984375,7938.2900390625,36764300
2025-08-22 00:00:00+02:00,^FCHI,7923.39013671875,7997.35009765625,7923.39013671875,7969.68994140625,40033500
2025-08-25 00:00:00+02:00,^FCHI,7943.0,7946.06982421875,7836.9599609375,7843.0400390625,48417900
2025-08-26 00:00:00+02:00,^FCHI,7726.240234375,7749.240234375,7668.080078125,7709.81005859375,131793500
2025-08-27 00:00:00+02:00,^FCHI,7718.2900390625,7765.169921875,7703.93017578125,7743.93017578125,57293600
2025-08-28 00:00:00+02:00,^FCHI,7770.68994140625,7833.0400390625,7734.9599609375,7762.60009765625,51176800
2025-08-29 00:00:00+02:00,^FCHI,7743.43994140625,7764.2900390625,7702.2099609375,7703.89990234375,53287000
2025-09-01 00:00:00+02:00,^FCHI,7724.9599609375,7744.64013671875,7697.81982421875,7707.89990234375,33581700
2025-09-02 00:00:00+02:00,^FCHI,7730.60986328125,7738.18017578125,7648.1298828125,7654.25,64400100
2025-09-03 00:00:00+02:00,^FCHI,7699.6201171875,7736.759765625,7671.52978515625,7719.7099609375,58857500
2025-09-04 00:00:00+02:00,^FCHI,7701.4599609375,7727.759765625,7676.83984375,7698.919921875,63711400
2025-09-05 00:00:00+02:00,^FCHI,7723.97021484375,7732.0400390625,7649.39990234375,7674.77978515625,55619600
2025-09-08 00:00:00+02:00,^FCHI,7706.7900390625,7745.0498046875,7682.31005859375,7734.83984375,47203800
2025-09-09 00:00:00+02:00,^FCHI,7750.919921875,7791.64990234375,7729.8798828125,7749.39013671875,49086400
2025-09-10 00:00:00+02:00,^FCHI,7774.35986328125,7823.33984375,7750.60009765625,7761.31982421875,51828200
2025-09-11 00:00:00+02:00,^FCHI,7781.7998046875,7848.3798828125,7773.56982421875,7823.52001953125,54251700
2025-09-12 00:00:00+02:00,^FCHI,7830.7001953125,7842.6201171875,7768.91015625,7825.240234375,48520500
2025-09-15 00:00:00+02:00,^FCHI,7848.2001953125,7935.31005859375,7843.4599609375,7896.93017578125,49857700
2025-09-16 00:00:00+02:00,^FCHI,7890.52978515625,7903.0400390625,7811.1201171875,7818.22021484375,59036100
2025-09-17 00:00:00+02:00,^FCHI,7841.5498046875,7846.08984375,7777.9599609375,7786.97998046875,53227000
2025-09-18 00:00:00+02:00,^FCHI,7822.56982421875,7887.10986328125,7818.740234375,7854.60986328125,56679400
2025-09-19 00:00:00+02:00,^FCHI,7873.3701171875,7934.919921875,7853.58984375,7853.58984375,138907700
2025-09-22 00:00:00+02:00,^FCHI,7847.759765625,7850.22021484375,7801.169921875,7830.10986328125,42599900
2025-09-23 00:00:00+02:00,^FCHI,7867.68994140625,7919.06982421875,7857.10986328125,7872.02001953125,48991400
2025-09-24 00:00:00+02:00,^FCHI,7871.22021484375,7872.56982421875,7810.0498046875,7827.4501953125,52936900
2025-09-25 00:00:00+02:00,^FCHI,7797.97021484375,7819.7001953125,7760.06982421875,7795.419921875,51878400
2025-09-26 00:00:00+02:00,^FCHI,7822.169921875,7875.0400390625,7821.25,7870.68017578125,52920700
2025-09-29 00:00:00+02:00,^FCHI,7899.02001953125,7901.22998046875,7870.47021484375,7880.8701171875,46221000
2025-09-30 00:00:00+02:00,^FCHI,7865.43994140625,7895.93994140625,7831.080078125,7895.93994140625,60290200
2025-10-01 00:00:00+02:00,^FCHI,7894.2900390625,7984.81982421875,7865.39990234375,7966.9501953125,63080400
2025-10-02 00:00:00+02:00,^FCHI,8025.5,8088.52978515625,8023.02001953125,8056.6298828125,64288600
2025-10-03 00:00:00+02:00,^FCHI,8093.009765625,8097.240234375,8040.35986328125,8081.5400390625,52963700
2025-10-06 00:00:00+02:00,^FCHI,8035.330078125,8035.72021484375,7909.4599609375,7971.77978515625,80272100
2025-10-07 00:00:00+02:00,^FCHI,7974.91015625,8005.740234375,7934.1298828125,7974.85009765625,55312500
2025-10-08 00:00:00+02:00,^FCHI,7983.3701171875,8070.64013671875,7983.3701171875,8060.1298828125,58212000
2025-10-09 00:00:00+02:00,^FCHI,8074.1201171875,8109.77001953125,8041.35986328125,8041.35986328125,50470000
2025-10-10 00:00:00+02:00,^FCHI,8049.56982421875,8082.52978515625,7905.830078125,7918.0,61196100
2025-10-13 00:00:00+02:00,^FCHI,7959.27001953125,7995.490234375,7902.1201171875,7934.259765625,47157200
2025-10-14 00:00:00+02:00,^FCHI,7862.91015625,7932.8798828125,7825.97021484375,7919.6201171875,61249500
2025-10-15 00:00:00+02:00,^FCHI,8029.97021484375,8130.72021484375,8024.5400390625,8077.0,72826600
2025-10-16 00:00:00+02:00,^FCHI,8093.4599609375,8188.58984375,8053.06982421875,8188.58984375,56494100
2025-10-17 00:00:00+02:00,^FCHI,8092.52978515625,8224.5595703125,8080.830078125,8174.2001953125,67602100
2025-10-20 00:00:00+02:00,^FCHI,8213.2001953125,8239.669921875,8151.35009765625,8206.0703125,62656300
2025-10-21 00:00:00+02:00,^FCHI,8206.349609375,8271.48046875,8198.26953125,8258.8603515625,58317200
2025-10-22 00:00:00+02:00,^FCHI,8222.73046875,8248.900390625,8193.349609375,8206.8701171875,61261000
2025-10-23 00:00:00+02:00,^FCHI,8225.4501953125,8257.4697265625,8215.5302734375,8225.7802734375,66578600
2025-10-24 00:00:00+02:00,^FCHI,8263.91015625,8263.91015625,8169.22998046875,8225.6298828125,55232000
2025-10-27 00:00:00+01:00,^FCHI,8237.2001953125,8252.6396484375,8202.7197265625,8239.1796875,46330600
2025-10-28 00:00:00+01:00,^FCHI,8219.5302734375,8243.6396484375,8204.009765625,8216.580078125,52319200
2025-10-29 00:00:00+01:00,^FCHI,8198.7099609375,8226.3203125,8186.009765625,8200.8798828125,51921600
2025-10-30 00:00:00+01:00,^FCHI,8180.35009765625,8206.83984375,8114.740234375,8157.2900390625,74718500
2025-10-31 00:00:00+01:00,^FCHI,8150.22021484375,8161.81005859375,8106.9501953125,8121.06982421875,60682000
2025-11-03 00:00:00+01:00,^FCHI,8118.83984375,8151.0,8094.41015625,8109.7900390625,47263500
2025-11-04 00:00:00+01:00,^FCHI,8014.47021484375,8067.580078125,7963.68994140625,8067.52978515625,54448200
2025-11-05 00:00:00+01:00,^FCHI,8008.06005859375,8097.83984375,8005.81982421875,8074.22998046875,49985700
2025-11-06 00:00:00+01:00,^FCHI,8016.669921875,8044.85986328125,7950.7998046875,7964.77001953125,62779100
2025-11-07 00:00:00+01:00,^FCHI,7986.06982421875,8000.990234375,7908.58984375,7950.18017578125,52404200
2025-11-10 00:00:00+01:00,^FCHI,8044.08984375,8077.18017578125,8017.47021484375,8055.509765625,52949300
2025-11-11 00:00:00+01:00,^FCHI,8080.60009765625,8169.7998046875,8078.22021484375,8156.22998046875,47538300
2025-11-12 00:00:00+01:00,^FCHI,8190.68017578125,8280.9697265625,8185.02978515625,8241.240234375,61916100
2025-11-13 00:00:00+01:00,^FCHI,8270.849609375,8314.23046875,8227.8798828125,8232.490234375,54230000
2025-11-14 00:00:00+01:00,^FCHI,8186.14013671875,8202.48046875,8084.22998046875,8170.08984375,54654300
2025-11-17 00:00:00+01:00,^FCHI,8155.93017578125,8176.10009765625,8109.81982421875,8119.02001953125,42960200
2025-11-18 00:00:00+01:00,^FCHI,8017.72998046875,8032.509765625,7925.06005859375,7967.93017578125,68564200
2025-11-19 00:00:00+01:00,^FCHI,7964.77001953125,8005.75,7919.35986328125,7953.77001953125,55042800
2025-11-20 00:00:00+01:00,^FCHI,8044.85009765625,8057.7001953125,7981.06982421875,7981.06982421875,60357000
2025-11-21 00:00:00+01:00,^FCHI,7881.10009765625,7996.4599609375,7875.8701171875,7982.64990234375,64784800
2025-11-24 00:00:00+01:00,^FCHI,8030.4599609375,8033.3798828125,7958.60986328125,7959.669921875,112183000
2025-11-25 00:00:00+01:00,^FCHI,7981.89013671875,8038.669921875,7942.72021484375,8025.7998046875,60730300
2025-11-26 00:00:00+01:00,^FCHI,8075.47021484375,8098.669921875,8027.60986328125,8096.43017578125,53500500
2025-11-27 00:00:00+01:00,^FCHI,8098.68017578125,8115.4599609375,8080.83984375,8099.47021484375,31913000
2025-11-28 00:00:00+01:00,^FCHI,8105.009765625,8132.169921875,8084.22998046875,8122.7099609375,42475900
2025-12-01 00:00:00+01:00,^FCHI,8078.39990234375,8114.14013671875,8043.81005859375,8097.0,53441200
2025-12-02 00:00:00+01:00,^FCHI,8084.77001953125,8135.7998046875,8072.06005859375,8074.60986328125,49999600
2025-12-03 00:00:00+01:00,^FCHI,8071.77978515625,8103.14013671875,8051.4501953125,8087.419921875,60034900
2025-12-04 00:00:00+01:00,^FCHI,8115.169921875,8137.64990234375,8098.08984375,8122.02978515625,60726200
2025-12-05 00:00:00+01:00,^FCHI,8148.06982421875,8160.81005859375,8114.740234375,8114.740234375,49530600
2025-12-08 00:00:00+01:00,^FCHI,8098.9599609375,8110.759765625,8080.85009765625,8108.43017578125,45305200
2025-12-09 00:00:00+01:00,^FCHI,8117.43017578125,8135.97998046875,8044.990234375,8052.509765625,50232800
2025-12-10 00:00:00+01:00,^FCHI,8035.08984375,8045.22021484375,8005.10986328125,8022.68994140625,50663900
2025-12-11 00:00:00+01:00,^FCHI,8046.169921875,8104.759765625,8009.0400390625,8085.759765625,57698900
2025-12-12 00:00:00+01:00,^FCHI,8100.52978515625,8155.39013671875,8068.6201171875,8068.6201171875,56113400
2025-12-15 00:00:00+01:00,^FCHI,8087.06982421875,8161.02978515625,8086.06982421875,8124.8798828125,57678300
2025-12-16 00:00:00+01:00,^FCHI,8114.39013671875,8150.22021484375,8086.7001953125,8106.16015625,61766000
2025-12-17 00:00:00+01:00,^FCHI,8116.259765625,8136.06982421875,8074.0400390625,8086.0498046875,54621500
2025-12-18 00:00:00+01:00,^FCHI,8087.43017578125,8166.72021484375,8086.58984375,8150.64013671875,62013200
2025-12-19 00:00:00+01:00,^FCHI,8131.240234375,8177.75,8131.06005859375,8151.3798828125,124305200
2025-12-22 00:00:00+01:00,^FCHI,8135.52001953125,8143.3798828125,8099.4501953125,8121.06982421875,36792900
2025-12-23 00:00:00+01:00,^FCHI,8120.080078125,8127.06982421875,8088.41015625,8103.85009765625,32689700
2025-12-24 00:00:00+01:00,^FCHI,8109.2998046875,8135.7099609375,8103.580078125,8103.580078125,8940000
2025-12-29 00:00:00+01:00,^FCHI,8127.58984375,8132.58984375,8087.47998046875,8112.02001953125,34001400
2025-12-30 00:00:00+01:00,^FCHI,8097.43994140625,8184.02978515625,8095.02001953125,8168.14990234375,28781500
2025-12-31 00:00:00+01:00,^FCHI,8147.0498046875,8149.5,8118.47998046875,8149.5,16721000
2026-01-02 00:00:00+01:00,^FCHI,8127.27001953125,8221.7802734375,8113.33984375,8195.2099609375,44149100
2026-01-05 00:00:00+01:00,^FCHI,8247.16015625,8253.8701171875,8174.43994140625,8211.5,51835400
2026-01-06 00:00:00+01:00,^FCHI,8216.580078125,8255.76953125,8158.08984375,8237.4296875,60302300
2026-01-07 00:00:00+01:00,^FCHI,8251.4404296875,8257.330078125,8211.6201171875,8233.919921875,58547000
2026-01-08 00:00:00+01:00,^FCHI,8210.900390625,8255.51953125,8203.7099609375,8243.4697265625,52767100
2026-01-09 00:00:00+01:00,^FCHI,8271.650390625,8362.08984375,8271.650390625,8362.08984375,60143000
2026-01-12 00:00:00+01:00,^FCHI,8342.3798828125,8378.08984375,8313.3095703125,8358.759765625,48217000
2026-01-13 00:00:00+01:00,^FCHI,8346.8095703125,8352.7998046875,8308.669921875,8347.2001953125,57006000
2026-01-14 00:00:00+01:00,^FCHI,8368.990234375,8396.7197265625,8327.2197265625,8330.9697265625,56945700
2026-01-15 00:00:00+01:00,^FCHI,8366.2998046875,8366.2998046875,8290.6103515625,8302.76953125,0
2025-01-15 00:00:00+01:00,^AEX,886.9600219726562,896.8099975585938,886.4600219726562,893.9400024414062,64520600
2025-01-16 00:00:00+01:00,^AEX,902.1199951171875,907.6599731445312,900.0399780273438,907.6599731445312,47205500
2025-01-17 00:00:00+01:00,^AEX,910.5599975585938,917.2000122070312,909.489990234375,914.239990234375,56767100
2025-01-20 00:00:00+01:00,^AEX,915.5599975585938,920.760009765625,915.0399780273438,917.510009765625,46290300
2025-01-21 00:00:00+01:00,^AEX,918.3499755859375,919.1099853515625,912.75,914.6400146484375,42034000
2025-01-22 00:00:00+01:00,^AEX,915.0900268554688,919.7000122070312,913.0700073242188,914.4500122070312,50245200
2025-01-23 00:00:00+01:00,^AEX,908.530029296875,909.77001953125,907.1799926757812,909.1099853515625,45154600
2025-01-24 00:00:00+01:00,^AEX,908.5900268554688,909.739990234375,899.8499755859375,901.3300170898438,45973900
2025-01-27 00:00:00+01:00,^AEX,889.1300048828125,896.22998046875,885.7899780273438,894.8400268554688,55820000
2025-01-28 00:00:00+01:00,^AEX,899.2000122070312,903.27001953125,898.1300048828125,898.4099731445312,41856200
2025-01-29 00:00:00+01:00,^AEX,910.4400024414062,910.72998046875,904.9400024414062,904.9400024414062,48639600
2025-01-30 00:00:00+01:00,^AEX,908.7000122070312,920.0800170898438,908.7000122070312,919.0,52223300
2025-01-31 00:00:00+01:00,^AEX,921.8599853515625,927.7999877929688,921.02001953125,921.9400024414062,59598800
2025-02-03 00:00:00+01:00,^AEX,908.2899780273438,916.4099731445312,908.2899780273438,916.27001953125,60952700
2025-02-04 00:00:00+01:00,^AEX,916.3800048828125,920.1699829101562,910.5900268554688,919.469970703125,48023700
2025-02-05 00:00:00+01:00,^AEX,915.2999877929688,919.4500122070312,914.780029296875,919.4500122070312,46181000
2025-02-06 00:00:00+01:00,^AEX,922.530029296875,926.0900268554688,920.219970703125,925.1300048828125,73620000
2025-02-07 00:00:00+01:00,^AEX,925.4199829101562,927.4099731445312,921.8900146484375,924.0999755859375,54363500
2025-02-10 00:00:00+01:00,^AEX,926.3800048828125,933.3499755859375,925.8699951171875,931.72998046875,44762700
2025-02-11 00:00:00+01:00,^AEX,933.3800048828125,940.0599975585938,932.8499755859375,938.9199829101562,51405700
2025-02-12 00:00:00+01:00,^AEX,939.0499877929688,942.9299926757812,936.6599731445312,942.6099853515625,73763000
2025-02-13 00:00:00+01:00,^AEX,944.3499755859375,946.5800170898438,937.1300048828125,946.5800170898438,69088000
2025-02-14 00:00:00+01:00,^AEX,948.3499755859375,950.5900268554688,945.0499877929688,946.6099853515625,63672500
2025-02-17 00:00:00+01:00,^AEX,945.6599731445312,948.9099731445312,945.2100219726562,948.5399780273438,42134700
2025-02-18 00:00:00+01:00,^AEX,950.260009765625,952.4500122070312,947.0599975585938,947.0599975585938,50620000
2025-02-19 00:00:00+01:00,^AEX,946.9099731445312,947.8800048828125,937.8300170898438,942.280029296875,64759500
2025-02-20 00:00:00+01:00,^AEX,939.25,942.2899780273438,936.75,938.5800170898438,77962500
2025-02-21 00:00:00+01:00,^AEX,938.7899780273438,940.1699829101562,934.510009765625,937.5800170898438,66269200
2025-02-24 00:00:00+01:00,^AEX,932.9400024414062,934.6400146484375,928.5800170898438,934.4199829101562,54336100
2025-02-25 00:00:00+01:00,^AEX,926.4299926757812,932.6799926757812,926.4299926757812,929.780029296875,62458800
2025-02-26 00:00:00+01:00,^AEX,931.97998046875,932.8900146484375,927.22998046875,932.0900268554688,57556900
2025-02-27 00:00:00+01:00,^AEX,926.0900268554688,927.5,921.6699829101562,925.9099731445312,48719100
2025-02-28 00:00:00+01:00,^AEX,915.9500122070312,923.2899780273438,914.7999877929688,921.9199829101562,90725200
2025-03-03 00:00:00+01:00,^AEX,924.8200073242188,933.2100219726562,921.2000122070312,930.4099731445312,66989500
2025-03-04 00:00:00+01:00,^AEX,921.6400146484375,923.0,913.0,914.0499877929688,79715800
2025-03-05 00:00:00+01:00,^AEX,920.260009765625,922.7999877929688,909.510009765625,909.510009765625,78666700
2025-03-06 00:00:00+01:00,^AEX,916.0399780273438,916.3699951171875,903.3400268554688,910.719970703125,82060600
2025-03-07 00:00:00+01:00,^AEX,909.3400268554688,915.469970703125,907.1099853515625,911.3400268554688,71560200
2025-03-10 00:00:00+01:00,^AEX,914.4000244140625,914.780029296875,900.6900024414062,902.5399780273438,78354200
2025-03-11 00:00:00+01:00,^AEX,903.7000122070312,903.9299926757812,887.3800048828125,889.6900024414062,71969600
2025-03-12 00:00:00+01:00,^AEX,894.3599853515625,902.739990234375,891.489990234375,899.239990234375,63705700
2025-03-13 00:00:00+01:00,^AEX,895.6300048828125,903.5900268554688,895.22998046875,897.969970703125,57571000
2025-03-14 00:00:00+01:00,^AEX,898.010009765625,907.22998046875,897.4000244140625,905.6300048828125,63076100
2025-03-17 00:00:00+01:00,^AEX,905.030029296875,914.5900268554688,904.4000244140625,913.9500122070312,52978800
2025-03-18 00:00:00+01:00,^AEX,916.7899780273438,919.4199829101562,912.0499877929688,913.969970703125,61146700
2025-03-19 00:00:00+01:00,^AEX,913.6500244140625,923.5,913.3800048828125,922.75,57032700
2025-03-20 00:00:00+01:00,^AEX,922.1500244140625,926.1799926757812,917.72998046875,919.260009765625,59608000
2025-03-21 00:00:00+01:00,^AEX,917.4000244140625,917.4000244140625,910.0599975585938,914.8300170898438,156700400
2025-03-24 00:00:00+01:00,^AEX,920.9500122070312,921.5700073242188,913.530029296875,915.6699829101562,45591600
2025-03-25 00:00:00+01:00,^AEX,916.969970703125,925.6799926757812,916.9299926757812,921.0,56793800
2025-03-26 00:00:00+01:00,^AEX,923.5800170898438,924.1199951171875,916.8200073242188,917.0900268554688,49164500
2025-03-27 00:00:00+01:00,^AEX,914.9099731445312,917.1900024414062,911.47998046875,914.6799926757812,52971300
2025-03-28 00:00:00+01:00,^AEX,909.260009765625,915.5900268554688,905.0499877929688,907.4600219726562,57074700
2025-03-31 00:00:00+02:00,^AEX,899.7999877929688,901.3400268554688,894.3499755859375,898.7999877929688,68681300
2025-04-01 00:00:00+02:00,^AEX,904.1599731445312,907.719970703125,898.5,905.239990234375,52737500
2025-04-02 00:00:00+02:00,^AEX,901.8499755859375,905.2000122070312,897.6599731445312,901.52001953125,44947000
2025-04-03 00:00:00+02:00,^AEX,884.1699829101562,889.8400268554688,875.010009765625,877.4199829101562,82641900
2025-04-04 00:00:00+02:00,^AEX,871.72998046875,874.5999755859375,832.530029296875,841.2899780273438,123699700
2025-04-07 00:00:00+02:00,^AEX,792.5399780273438,840.2000122070312,784.6599731445312,801.260009765625,146182500
2025-04-08 00:00:00+02:00,^AEX,813.25,832.510009765625,809.969970703125,823.8900146484375,92623200
2025-04-09 00:00:00+02:00,^AEX,797.6199951171875,810.0800170898438,789.22998046875,796.4500122070312,95349700
2025-04-10 00:00:00+02:00,^AEX,849.1199951171875,856.530029296875,819.239990234375,819.239990234375,93645300
2025-04-11 00:00:00+02:00,^AEX,826.239990234375,827.7899780273438,810.9400024414062,819.5599975585938,76091700
2025-04-14 00:00:00+02:00,^AEX,837.1599731445312,844.0599975585938,834.3099975585938,839.2899780273438,60152800
2025-04-15 00:00:00+02:00,^AEX,847.27001953125,857.5700073242188,846.6300048828125,857.1199951171875,60249000
2025-04-16 00:00:00+02:00,^AEX,844.8400268554688,854.1900024414062,843.530029296875,853.5599975585938,55895000
2025-04-17 00:00:00+02:00,^AEX,851.1599731445312,854.0499877929688,847.219970703125,852.2000122070312,51288600
2025-04-22 00:00:00+02:00,^AEX,849.9000244140625,857.3800048828125,847.8099975585938,857.2100219726562,52713300
2025-04-23 00:00:00+02:00,^AEX,869.7000122070312,876.9199829101562,868.0800170898438,869.6699829101562,81908600
2025-04-24 00:00:00+02:00,^AEX,866.1599731445312,872.47998046875,864.3699951171875,871.989990234375,53865000
2025-04-25 00:00:00+02:00,^AEX,874.5999755859375,875.739990234375,868.6699829101562,872.8400268554688,52976100
2025-04-28 00:00:00+02:00,^AEX,876.219970703125,877.3499755859375,872.6400146484375,872.6900024414062,50881300
2025-04-29 00:00:00+02:00,^AEX,874.97998046875,876.5900268554688,871.1599731445312,874.739990234375,46304700
2025-04-30 00:00:00+02:00,^AEX,877.1900024414062,878.6300048828125,868.2000122070312,877.8900146484375,77263500
2025-05-02 00:00:00+02:00,^AEX,887.75,899.1599731445312,887.1199951171875,897.6300048828125,71306500
2025-05-05 00:00:00+02:00,^AEX,896.3200073242188,897.530029296875,893.9400024414062,896.4400024414062,39028500
2025-05-06 00:00:00+02:00,^AEX,898.9400024414062,899.1199951171875,890.9199829101562,895.5800170898438,46163800
2025-05-07 00:00:00+02:00,^AEX,894.3099975585938,898.5499877929688,892.9299926757812,896.02001953125,52918000
2025-05-08 00:00:00+02:00,^AEX,903.3599853515625,907.9500122070312,899.530029296875,901.9000244140625,52607500
2025-05-09 00:00:00+02:00,^AEX,905.760009765625,907.6900024414062,903.02001953125,905.739990234375,45929800
2025-05-12 00:00:00+02:00,^AEX,917.6699829101562,924.0700073242188,916.72998046875,922.0800170898438,78554300
2025-05-13 00:00:00+02:00,^AEX,922.4199829101562,928.0800170898438,919.1500244140625,927.4600219726562,55386500
2025-05-14 00:00:00+02:00,^AEX,928.0499877929688,931.7000122070312,925.1500244140625,929.239990234375,65440800
2025-05-15 00:00:00+02:00,^AEX,922.2100219726562,929.0599975585938,921.1799926757812,929.0,53262600
2025-05-16 00:00:00+02:00,^AEX,929.9099731445312,934.5499877929688,928.3300170898438,930.9000244140625,69401600
2025-05-19 00:00:00+02:00,^AEX,927.5599975585938,929.52001953125,922.6400146484375,929.52001953125,48029300
2025-05-20 00:00:00+02:00,^AEX,931.72998046875,933.4600219726562,928.9199829101562,931.0499877929688,48180000
2025-05-21 00:00:00+02:00,^AEX,928.9199829101562,933.3599853515625,927.1599731445312,933.3200073242188,47938000
2025-05-22 00:00:00+02:00,^AEX,926.989990234375,928.489990234375,920.52001953125,926.9099731445312,41911000
2025-05-23 00:00:00+02:00,^AEX,927.3800048828125,928.8300170898438,908.1199951171875,917.3900146484375,57715700
2025-05-26 00:00:00+02:00,^AEX,926.3099975585938,928.6099853515625,924.5399780273438,924.8800048828125,25054300
2025-05-27 00:00:00+02:00,^AEX,925.8900146484375,933.9600219726562,925.8900146484375,930.0599975585938,36608100
2025-05-28 00:00:00+02:00,^AEX,928.9600219726562,930.5800170898438,923.3099975585938,924.4099731445312,37469200
2025-05-29 00:00:00+02:00,^AEX,933.1900024414062,934.5599975585938,921.8699951171875,924.219970703125,34996600
2025-05-30 00:00:00+02:00,^AEX,923.780029296875,928.7899780273438,922.510009765625,922.9299926757812,116175800
2025-06-02 00:00:00+02:00,^AEX,917.280029296875,920.8599853515625,913.1900024414062,918.3599853515625,44981600
2025-06-03 00:00:00+02:00,^AEX,919.0499877929688,921.1699829101562,912.9099731445312,920.2999877929688,48030600
2025-06-04 00:00:00+02:00,^AEX,923.1300048828125,927.2899780273438,920.9299926757812,924.010009765625,45827700
2025-06-05 00:00:00+02:00,^AEX,924.1900024414062,928.260009765625,919.6199951171875,925.530029296875,45985600
2025-06-06 00:00:00+02:00,^AEX,924.4000244140625,930.219970703125,923.5800170898438,929.9299926757812,38620700
2025-06-09 00:00:00+02:00,^AEX,927.739990234375,932.8599853515625,926.3900146484375,932.1099853515625,31139100
2025-06-10 00:00:00+02:00,^AEX,931.6799926757812,939.8499755859375,931.1400146484375,938.6300048828125,46426700
2025-06-11 00:00:00+02:00,^AEX,938.9299926757812,940.4000244140625,935.5,935.5,50833200
2025-06-12 00:00:00+02:00,^AEX,933.6500244140625,934.719970703125,928.3499755859375,930.47998046875,49924200
2025-06-13 00:00:00+02:00,^AEX,922.719970703125,927.0599975585938,920.27001953125,922.6199951171875,58420800
2025-06-16 00:00:00+02:00,^AEX,924.02001953125,926.1099853515625,921.5700073242188,924.9299926757812,49421600
2025-06-17 00:00:00+02:00,^AEX,919.010009765625,922.3900146484375,916.6300048828125,920.6300048828125,48178800
2025-06-18 00:00:00+02:00,^AEX,920.7100219726562,921.7000122070312,915.77001953125,917.0999755859375,48896500
2025-06-19 00:00:00+02:00,^AEX,913.02001953125,914.8900146484375,909.2999877929688,909.2999877929688,44946100
2025-06-20 00:00:00+02:00,^AEX,912.6199951171875,917.5399780273438,906.5800170898438,908.52001953125,115740700
2025-06-23 00:00:00+02:00,^AEX,907.5,918.4099731445312,907.5,916.7899780273438,44342400
2025-06-24 00:00:00+02:00,^AEX,927.4299926757812,927.7000122070312,922.489990234375,924.6199951171875,57369900
2025-06-25 00:00:00+02:00,^AEX,926.8900146484375,929.9099731445312,917.4500122070312,917.8599853515625,45346800
2025-06-26 00:00:00+02:00,^AEX,918.1400146484375,918.5399780273438,909.1699829101562,910.6900024414062,42442900
2025-06-27 00:00:00+02:00,^AEX,916.6900024414062,920.2899780273438,915.1400146484375,920.1400146484375,53250300
2025-06-30 00:00:00+02:00,^AEX,921.0499877929688,921.0900268554688,913.280029296875,913.280029296875,55072000
2025-07-01 00:00:00+02:00,^AEX,914.7999877929688,914.7999877929688,905.4000244140625,909.1900024414062,43097100
2025-07-02 00:00:00+02:00,^AEX,912.5499877929688,912.8900146484375,902.1900024414062,910.52001953125,48956400
2025-07-03 00:00:00+02:00,^AEX,913.1400146484375,915.2899780273438,907.9299926757812,915.2899780273438,46406800
2025-07-04 00:00:00+02:00,^AEX,911.7000122070312,911.7000122070312,907.0,908.4400024414062,30544400
2025-07-07 00:00:00+02:00,^AEX,907.2100219726562,915.1500244140625,904.739990234375,913.97998046875,42156300
2025-07-08 00:00:00+02:00,^AEX,914.0,917.5700073242188,909.6099853515625,916.760009765625,51162500
2025-07-09 00:00:00+02:00,^AEX,917.5,920.3699951171875,915.0399780273438,918.77001953125,46678000
2025-07-10 00:00:00+02:00,^AEX,922.030029296875,927.7000122070312,922.030029296875,927.3200073242188,45830000
2025-07-11 00:00:00+02:00,^AEX,926.1099853515625,926.1699829101562,920.1099853515625,921.489990234375,43403400
2025-07-14 00:00:00+02:00,^AEX,918.0800170898438,920.5,916.239990234375,920.5,35748400
2025-07-15 00:00:00+02:00,^AEX,924.9500122070312,927.2899780273438,922.4400024414062,923.2899780273438,37923100
2025-07-16 00:00:00+02:00,^AEX,916.0,916.0,902.1099853515625,902.1099853515625,43385200
2025-07-17 00:00:00+02:00,^AEX,912.1599731445312,915.1300048828125,908.1099853515625,914.469970703125,43427500
2025-07-18 00:00:00+02:00,^AEX,916.7899780273438,918.9600219726562,911.5,911.8499755859375,42182200
2025-07-21 00:00:00+02:00,^AEX,912.3900146484375,912.3900146484375,905.9600219726562,908.4199829101562,31644100
2025-07-22 00:00:00+02:00,^AEX,903.6900024414062,905.6099853515625,900.8900146484375,901.1900024414062,39814700
2025-07-23 00:00:00+02:00,^AEX,908.6599731445312,912.7000122070312,907.0700073242188,908.1500244140625,58560800
2025-07-24 00:00:00+02:00,^AEX,913.1699829101562,915.8599853515625,910.4600219726562,914.010009765625,17555300
2025-07-25 00:00:00+02:00,^AEX,910.6900024414062,910.9500122070312,903.6400146484375,905.3699951171875,41389000
2025-07-28 00:00:00+02:00,^AEX,913.9500122070312,915.2999877929688,906.0399780273438,908.0399780273438,45272600
2025-07-29 00:00:00+02:00,^AEX,911.010009765625,914.7999877929688,909.4400024414062,909.989990234375,47496000
2025-07-30 00:00:00+02:00,^AEX,910.8900146484375,912.5900268554688,908.4600219726562,909.4099731445312,40040700
2025-07-31 00:00:00+02:00,^AEX,913.1500244140625,916.4600219726562,901.9500122070312,902.0599975585938,53675500
2025-08-01 00:00:00+02:00,^AEX,896.1699829101562,897.1099853515625,882.5900268554688,884.8699951171875,58653700
2025-08-04 00:00:00+02:00,^AEX,888.0499877929688,890.4500122070312,884.9099731445312,888.75,45358500
2025-08-05 00:00:00+02:00,^AEX,891.7899780273438,891.7999877929688,885.97998046875,887.0700073242188,44336400
2025-08-06 00:00:00+02:00,^AEX,890.1300048828125,890.6500244140625,882.4199829101562,883.9299926757812,49955700
2025-08-07 00:00:00+02:00,^AEX,885.5800170898438,895.8900146484375,885.27001953125,892.510009765625,48579600
2025-08-08 00:00:00+02:00,^AEX,892.3900146484375,893.5900268554688,888.7999877929688,891.3599853515625,42254900
2025-08-11 00:00:00+02:00,^AEX,894.97998046875,895.6599731445312,891.760009765625,894.1300048828125,31925400
2025-08-12 00:00:00+02:00,^AEX,895.6900024414062,896.3400268554688,890.97998046875,895.1099853515625,32135500
2025-08-13 00:00:00+02:00,^AEX,898.27001953125,901.8900146484375,897.4400024414062,900.1099853515625,41168300
2025-08-14 00:00:00+02:00,^AEX,900.4500122070312,900.8800048828125,890.8800048828125,898.3400268554688,36550000
2025-08-15 00:00:00+02:00,^AEX,899.75,900.1099853515625,892.3400268554688,895.77001953125,40414800
2025-08-18 00:00:00+02:00,^AEX,896.4099731445312,896.9500122070312,891.77001953125,896.9500122070312,29388800
2025-08-19 00:00:00+02:00,^AEX,898.8599853515625,903.5,896.9000244140625,901.9500122070312,30755300
2025-08-20 00:00:00+02:00,^AEX,900.760009765625,910.4600219726562,900.22998046875,908.7899780273438,34822700
2025-08-21 00:00:00+02:00,^AEX,908.8599853515625,909.0800170898438,905.1300048828125,907.530029296875,42510400
2025-08-22 00:00:00+02:00,^AEX,906.4299926757812,916.2899780273438,906.1400146484375,912.9199829101562,30812900
2025-08-25 00:00:00+02:00,^AEX,912.5399780273438,913.4199829101562,910.4600219726562,911.1099853515625,24563000
2025-08-26 00:00:00+02:00,^AEX,908.1300048828125,910.3900146484375,904.9099731445312,904.9099731445312,78903200
2025-08-27 00:00:00+02:00,^AEX,906.6599731445312,909.0499877929688,903.510009765625,907.7000122070312,35621400
2025-08-28 00:00:00+02:00,^AEX,908.9199829101562,908.9299926757812,901.0700073242188,903.4600219726562,33904200
2025-08-29 00:00:00+02:00,^AEX,902.1699829101562,903.8499755859375,896.6199951171875,896.6199951171875,39322100
2025-09-01 00:00:00+02:00,^AEX,896.489990234375,898.5,894.8200073242188,896.260009765625,23394600
2025-09-02 00:00:00+02:00,^AEX,894.4099731445312,894.4099731445312,883.8900146484375,883.8900146484375,41586300
2025-09-03 00:00:00+02:00,^AEX,889.5700073242188,892.1599731445312,886.5999755859375,888.27001953125,44943400
2025-09-04 00:00:00+02:00,^AEX,889.8499755859375,901.1199951171875,889.8499755859375,900.1900024414062,45933400
2025-09-05 00:00:00+02:00,^AEX,905.2000122070312,905.6400146484375,896.27001953125,898.6799926757812,47578800
2025-09-08 00:00:00+02:00,^AEX,901.8800048828125,905.6799926757812,899.780029296875,904.6799926757812,37989000
2025-09-09 00:00:00+02:00,^AEX,906.280029296875,909.6199951171875,904.75,907.6900024414062,43508700
2025-09-10 00:00:00+02:00,^AEX,910.1900024414062,911.77001953125,900.780029296875,901.510009765625,47480800
2025-09-11 00:00:00+02:00,^AEX,902.6900024414062,907.25,900.969970703125,905.72998046875,43282400
2025-09-12 00:00:00+02:00,^AEX,907.8300170898438,913.6300048828125,906.6400146484375,908.8900146484375,40673200
2025-09-15 00:00:00+02:00,^AEX,911.3699951171875,919.780029296875,910.4600219726562,919.1300048828125,43973200
2025-09-16 00:00:00+02:00,^AEX,922.6599731445312,922.6599731445312,911.52001953125,911.52001953125,48327600
2025-09-17 00:00:00+02:00,^AEX,913.75,916.0700073242188,910.9299926757812,914.8099975585938,45666800
2025-09-18 00:00:00+02:00,^AEX,919.3599853515625,934.989990234375,919.3599853515625,933.2999877929688,51586400
2025-09-19 00:00:00+02:00,^AEX,930.1599731445312,934.0599975585938,927.4000244140625,929.9400024414062,92812400
2025-09-22 00:00:00+02:00,^AEX,932.6799926757812,934.9199829101562,929.27001953125,930.6199951171875,44489800
2025-09-23 00:00:00+02:00,^AEX,928.2999877929688,938.9400024414062,927.5999755859375,934.6599731445312,46110200
2025-09-24 00:00:00+02:00,^AEX,933.7899780273438,937.1599731445312,931.6900024414062,935.4000244140625,49679600
2025-09-25 00:00:00+02:00,^AEX,934.1500244140625,937.9299926757812,931.3300170898438,934.3599853515625,49371500
2025-09-26 00:00:00+02:00,^AEX,936.8599853515625,939.0399780273438,933.3300170898438,938.3499755859375,42616900
2025-09-29 00:00:00+02:00,^AEX,940.4600219726562,943.4000244140625,938.5599975585938,941.72998046875,43749900
2025-09-30 00:00:00+02:00,^AEX,939.280029296875,943.4500122070312,937.0700073242188,942.780029296875,58123600
2025-10-01 00:00:00+02:00,^AEX,939.2000122070312,949.1099853515625,936.7999877929688,948.1799926757812,50153400
2025-10-02 00:00:00+02:00,^AEX,955.3699951171875,963.4600219726562,955.3699951171875,958.9400024414062,47068600
2025-10-03 00:00:00+02:00,^AEX,960.3499755859375,961.9199829101562,958.75,961.510009765625,46532100
2025-10-06 00:00:00+02:00,^AEX,963.4500122070312,968.72998046875,961.6699829101562,966.9400024414062,55827600
2025-10-07 00:00:00+02:00,^AEX,967.4000244140625,968.6199951171875,959.9199829101562,960.7100219726562,52142000
2025-10-08 00:00:00+02:00,^AEX,954.3300170898438,961.530029296875,954.3300170898438,960.6199951171875,44913300
2025-10-09 00:00:00+02:00,^AEX,960.9199829101562,964.489990234375,957.4600219726562,958.4000244140625,46340000
2025-10-10 00:00:00+02:00,^AEX,956.5499877929688,958.6599731445312,940.1400146484375,940.4600219726562,59827000
2025-10-13 00:00:00+02:00,^AEX,947.5999755859375,952.4600219726562,946.0499877929688,951.8300170898438,37606900
2025-10-14 00:00:00+02:00,^AEX,945.8800048828125,949.6900024414062,941.760009765625,949.4199829101562,48365400
2025-10-15 00:00:00+02:00,^AEX,956.8200073242188,957.6699829101562,951.6099853515625,955.2100219726562,47494900
2025-10-16 00:00:00+02:00,^AEX,956.8699951171875,960.989990234375,953.6300048828125,959.0,44683200
2025-10-17 00:00:00+02:00,^AEX,945.2899780273438,959.719970703125,941.8800048828125,955.8599853515625,63562000
2025-10-20 00:00:00+02:00,^AEX,960.760009765625,967.4099731445312,959.0900268554688,966.4199829101562,40885500
2025-10-21 00:00:00+02:00,^AEX,966.02001953125,967.8699951171875,963.77001953125,966.5800170898438,39694500
2025-10-22 00:00:00+02:00,^AEX,963.72998046875,971.239990234375,962.0499877929688,966.0,47852100
2025-10-23 00:00:00+02:00,^AEX,971.2100219726562,974.969970703125,967.5,973.9199829101562,43289300
2025-10-24 00:00:00+02:00,^AEX,976.5800170898438,979.1099853515625,975.239990234375,978.969970703125,37359600
2025-10-27 00:00:00+01:00,^AEX,984.0399780273438,985.969970703125,980.3800048828125,982.0,42054100
2025-10-28 00:00:00+01:00,^AEX,979.4299926757812,980.1699829101562,973.0599975585938,974.5999755859375,44496700
2025-10-29 00:00:00+01:00,^AEX,973.780029296875,982.719970703125,973.77001953125,975.3499755859375,43227200
2025-10-30 00:00:00+01:00,^AEX,977.7000122070312,981.969970703125,973.8900146484375,981.6099853515625,54165400
2025-10-31 00:00:00+01:00,^AEX,979.02001953125,979.5700073242188,970.8699951171875,971.4600219726562,48510300
2025-11-03 00:00:00+01:00,^AEX,971.8900146484375,976.6400146484375,970.0599975585938,970.969970703125,39034200
2025-11-04 00:00:00+01:00,^AEX,962.75,970.280029296875,955.22998046875,969.2000122070312,44694700
2025-11-05 00:00:00+01:00,^AEX,961.8200073242188,973.5800170898438,961.1900024414062,970.8900146484375,46159800
2025-11-06 00:00:00+01:00,^AEX,968.77001953125,970.4099731445312,959.4199829101562,961.0599975585938,50536000
2025-11-07 00:00:00+01:00,^AEX,963.8099975585938,963.8099975585938,950.6500244140625,950.77001953125,47391300
2025-11-10 00:00:00+01:00,^AEX,964.3800048828125,966.0499877929688,959.260009765625,961.0800170898438,43382300
2025-11-11 00:00:00+01:00,^AEX,965.010009765625,971.8200073242188,963.0599975585938,970.5900268554688,38252600
2025-11-12 00:00:00+01:00,^AEX,971.239990234375,972.4600219726562,967.6199951171875,968.510009765625,45396200
2025-11-13 00:00:00+01:00,^AEX,969.5900268554688,974.2899780273438,960.469970703125,961.510009765625,49834800
2025-11-14 00:00:00+01:00,^AEX,952.3499755859375,952.5800170898438,939.9600219726562,951.9199829101562,44617200
2025-11-17 00:00:00+01:00,^AEX,952.1799926757812,952.8400268554688,943.0399780273438,945.3699951171875,36878700
2025-11-18 00:00:00+01:00,^AEX,935.1599731445312,935.9299926757812,927.0900268554688,930.8800048828125,53044600
2025-11-19 00:00:00+01:00,^AEX,931.1199951171875,939.77001953125,928.0,933.3400268554688,49623400
2025-11-20 00:00:00+01:00,^AEX,944.3400268554688,945.4500122070312,934.9299926757812,934.9299926757812,46933500
2025-11-21 00:00:00+01:00,^AEX,919.1900024414062,927.9500122070312,916.7899780273438,926.6900024414062,61277100
2025-11-24 00:00:00+01:00,^AEX,932.02001953125,932.3300170898438,923.5599975585938,926.9199829101562,100549300
2025-11-25 00:00:00+01:00,^AEX,930.1699829101562,934.3699951171875,924.2000122070312,932.760009765625,53901100
2025-11-26 00:00:00+01:00,^AEX,936.6900024414062,943.97998046875,932.510009765625,943.6799926757812,46706800
2025-11-27 00:00:00+01:00,^AEX,940.280029296875,941.8099975585938,937.3300170898438,939.8300170898438,30126000
2025-11-28 00:00:00+01:00,^AEX,941.0599975585938,945.0900268554688,938.6799926757812,943.3699951171875,37733200
2025-12-01 00:00:00+01:00,^AEX,940.6699829101562,948.5599975585938,940.6099853515625,947.6400146484375,42398000
2025-12-02 00:00:00+01:00,^AEX,947.6599731445312,949.469970703125,944.8400268554688,944.8400268554688,42077800
2025-12-03 00:00:00+01:00,^AEX,950.02001953125,953.3200073242188,944.2999877929688,949.6400146484375,45732100
2025-12-04 00:00:00+01:00,^AEX,953.0399780273438,953.739990234375,947.77001953125,947.77001953125,49790100
2025-12-05 00:00:00+01:00,^AEX,948.780029296875,951.5999755859375,947.0499877929688,947.5,40555100
2025-12-08 00:00:00+01:00,^AEX,948.02001953125,950.4500122070312,943.9400024414062,945.1199951171875,69002200
2025-12-09 00:00:00+01:00,^AEX,945.4099731445312,949.5499877929688,943.280029296875,947.0800170898438,65555800
2025-12-10 00:00:00+01:00,^AEX,947.1400146484375,948.8699951171875,942.3699951171875,943.739990234375,99104000
2025-12-11 00:00:00+01:00,^AEX,941.5,949.1699829101562,937.2999877929688,947.02001953125,62793300
2025-12-12 00:00:00+01:00,^AEX,949.9299926757812,951.02001953125,939.25,939.5900268554688,59649100
2025-12-15 00:00:00+01:00,^AEX,942.2899780273438,946.9299926757812,942.1300048828125,945.77001953125,55557700
2025-12-16 00:00:00+01:00,^AEX,942.4500122070312,944.1500244140625,933.1400146484375,935.1400146484375,60183600
2025-12-17 00:00:00+01:00,^AEX,940.219970703125,942.7000122070312,929.5999755859375,929.5999755859375,56065400
2025-12-18 00:00:00+01:00,^AEX,932.02001953125,940.0499877929688,930.3200073242188,940.0499877929688,53328700
2025-12-19 00:00:00+01:00,^AEX,939.4600219726562,946.0800170898438,937.47998046875,944.5900268554688,103448900
2025-12-22 00:00:00+01:00,^AEX,944.4400024414062,946.6699829101562,941.4400024414062,942.7000122070312,35277000
2025-12-23 00:00:00+01:00,^AEX,941.5900268554688,944.5399780273438,939.97998046875,942.260009765625,30477300
2025-12-24 00:00:00+01:00,^AEX,941.9199829101562,943.6599731445312,940.530029296875,941.3699951171875,8907300
2025-12-29 00:00:00+01:00,^AEX,945.02001953125,948.4299926757812,941.9500122070312,946.1599731445312,40741300
2025-12-30 00:00:00+01:00,^AEX,946.1500244140625,952.989990234375,946.010009765625,951.27001953125,29152700
2025-12-31 00:00:00+01:00,^AEX,949.77001953125,951.2899780273438,946.47998046875,951.2899780273438,15525600
2026-01-02 00:00:00+01:00,^AEX,953.3599853515625,969.9000244140625,952.719970703125,967.5900268554688,43122400
2026-01-05 00:00:00+01:00,^AEX,977.6400146484375,985.77001953125,973.6199951171875,985.1199951171875,54473300
2026-01-06 00:00:00+01:00,^AEX,987.219970703125,992.77001953125,981.9600219726562,991.6699829101562,67835900
2026-01-07 00:00:00+01:00,^AEX,986.260009765625,987.260009765625,978.4099731445312,979.1500244140625,72225400
2026-01-08 00:00:00+01:00,^AEX,973.3699951171875,975.3599853515625,964.5700073242188,965.030029296875,59237900
2026-01-09 00:00:00+01:00,^AEX,970.989990234375,989.260009765625,970.9600219726562,988.1699829101562,56597900
2026-01-12 00:00:00+01:00,^AEX,991.0800170898438,993.5599975585938,985.260009765625,993.5399780273438,53347800
2026-01-13 00:00:00+01:00,^AEX,995.6500244140625,999.4500122070312,993.969970703125,997.1699829101562,54420500
2026-01-14 00:00:00+01:00,^AEX,996.780029296875,997.739990234375,993.1099853515625,996.75,61670100
2026-01-15 00:00:00+01:00,^AEX,1007.6799926757812,1010.719970703125,1003.9299926757812,1009.47998046875,0
2025-01-15 00:00:00+01:00,^BFX,4217.509765625,4235.4599609375,4198.60009765625,4234.75,6411500
2025-01-16 00:00:00+01:00,^BFX,4260.68017578125,4260.759765625,4228.2998046875,4244.47998046875,6662600
2025-01-17 00:00:00+01:00,^BFX,4268.919921875,4281.919921875,4252.52978515625,4260.18994140625,6468500
2025-01-20 00:00:00+01:00,^BFX,4249.9501953125,4282.7001953125,4248.97021484375,4271.75,4250600
2025-01-21 00:00:00+01:00,^BFX,4264.759765625,4273.7998046875,4259.759765625,4268.10009765625,5134800
2025-01-22 00:00:00+01:00,^BFX,4272.6298828125,4277.47998046875,4240.64013671875,4242.33984375,5808400
2025-01-23 00:00:00+01:00,^BFX,4233.77978515625,4245.66015625,4228.77001953125,4242.740234375,5496900
2025-01-24 00:00:00+01:00,^BFX,4259.18994140625,4276.169921875,4242.919921875,4258.02001953125,5706400
2025-01-27 00:00:00+01:00,^BFX,4228.31982421875,4285.2900390625,4226.18994140625,4278.669921875,5685800
2025-01-28 00:00:00+01:00,^BFX,4279.9599609375,4322.9501953125,4275.06005859375,4300.9599609375,5780600
2025-01-29 00:00:00+01:00,^BFX,4302.9501953125,4323.0400390625,4297.9501953125,4299.85986328125,5518000
2025-01-30 00:00:00+01:00,^BFX,4318.22998046875,4336.990234375,4304.39013671875,4328.81005859375,4802900
2025-01-31 00:00:00+01:00,^BFX,4329.08984375,4342.81005859375,4318.6201171875,4326.0498046875,6792800
2025-02-03 00:00:00+01:00,^BFX,4254.97021484375,4274.89013671875,4246.72021484375,4273.75,5483600
2025-02-04 00:00:00+01:00,^BFX,4286.7998046875,4291.5498046875,4260.72021484375,4277.18017578125,5877800
2025-02-05 00:00:00+01:00,^BFX,4273.3798828125,4286.85986328125,4257.81005859375,4286.85986328125,4715600
2025-02-06 00:00:00+01:00,^BFX,4309.5400390625,4339.47021484375,4299.06005859375,4337.47021484375,5226700
2025-02-07 00:00:00+01:00,^BFX,4334.47021484375,4365.31005859375,4331.02001953125,4337.66015625,5574900
2025-02-10 00:00:00+01:00,^BFX,4345.22998046875,4357.75,4334.990234375,4348.97021484375,4295400
2025-02-11 00:00:00+01:00,^BFX,4342.5,4350.4599609375,4327.91015625,4338.2099609375,4613100
2025-02-12 00:00:00+01:00,^BFX,4365.85986328125,4388.60009765625,4360.60986328125,4380.6298828125,7644200
2025-02-13 00:00:00+01:00,^BFX,4423.47021484375,4438.27001953125,4401.41015625,4432.8798828125,7546200
2025-02-14 00:00:00+01:00,^BFX,4431.2900390625,4433.68017578125,4392.7001953125,4396.580078125,6746300
2025-02-17 00:00:00+01:00,^BFX,4392.5,4407.759765625,4392.2001953125,4402.31005859375,3930100
2025-02-18 00:00:00+01:00,^BFX,4410.77978515625,4414.7998046875,4384.06005859375,4414.0400390625,4579700
2025-02-19 00:00:00+01:00,^BFX,4417.66015625,4423.68017578125,4370.16015625,4370.16015625,4983600
2025-02-20 00:00:00+01:00,^BFX,4372.72021484375,4388.52001953125,4360.89013671875,4369.35009765625,4899600
2025-02-21 00:00:00+01:00,^BFX,4373.68017578125,4405.39013671875,4369.97998046875,4405.39013671875,5462000
2025-02-24 00:00:00+01:00,^BFX,4405.81005859375,4429.14013671875,4399.85009765625,4406.9599609375,4974000
2025-02-25 00:00:00+01:00,^BFX,4399.5,4434.2099609375,4398.7998046875,4398.7998046875,5323300
2025-02-26 00:00:00+01:00,^BFX,4459.97998046875,4484.419921875,4446.10986328125,4476.06005859375,8581800
2025-02-27 00:00:00+01:00,^BFX,4447.6298828125,4455.66015625,4416.06005859375,4447.31005859375,7747700
2025-02-28 00:00:00+01:00,^BFX,4414.3701171875,4428.22998046875,4392.25,4420.509765625,27444100
2025-03-03 00:00:00+01:00,^BFX,4429.56005859375,4478.39990234375,4424.1298828125,4469.64990234375,6865200
2025-03-04 00:00:00+01:00,^BFX,4440.2998046875,4464.33984375,4415.0400390625,4424.009765625,6863500
2025-03-05 00:00:00+01:00,^BFX,4442.7001953125,4484.14013671875,4437.14990234375,4460.43994140625,6991700
2025-03-06 00:00:00+01:00,^BFX,4466.919921875,4470.5,4405.06982421875,4463.3701171875,8051300
2025-03-07 00:00:00+01:00,^BFX,4440.72998046875,4483.25,4439.490234375,4469.33984375,7787400
2025-03-10 00:00:00+01:00,^BFX,4461.58984375,4469.08984375,4357.10986328125,4360.9599609375,7381300
2025-03-11 00:00:00+01:00,^BFX,4351.259765625,4370.6201171875,4288.35009765625,4296.6298828125,7771000
2025-03-12 00:00:00+01:00,^BFX,4334.68017578125,4408.669921875,4334.68017578125,4386.419921875,7021000
2025-03-13 00:00:00+01:00,^BFX,4377.58984375,4399.7001953125,4351.7001953125,4364.41015625,5618800
2025-03-14 00:00:00+01:00,^BFX,4372.6298828125,4415.47998046875,4362.81005859375,4410.1201171875,5860600
2025-03-17 00:00:00+01:00,^BFX,4430.93994140625,4480.419921875,4429.91015625,4477.9501953125,4717300
2025-03-18 00:00:00+01:00,^BFX,4495.97021484375,4511.4599609375,4480.43017578125,4500.10009765625,5402700
2025-03-19 00:00:00+01:00,^BFX,4487.47021484375,4504.31982421875,4480.89990234375,4499.43017578125,5419600
2025-03-20 00:00:00+01:00,^BFX,4503.18994140625,4508.14990234375,4461.16015625,4487.83984375,5445300
2025-03-21 00:00:00+01:00,^BFX,4464.669921875,4487.14990234375,4456.31005859375,4479.8798828125,18049900
2025-03-24 00:00:00+01:00,^BFX,4499.6201171875,4500.27001953125,4452.7001953125,4474.3701171875,4657900
2025-03-25 00:00:00+01:00,^BFX,4475.7900390625,4513.7998046875,4475.7900390625,4482.2001953125,4580200
2025-03-26 00:00:00+01:00,^BFX,4483.18017578125,4483.18017578125,4420.06005859375,4434.14990234375,5245100
2025-03-27 00:00:00+01:00,^BFX,4416.2001953125,4446.27978515625,4412.5498046875,4434.6201171875,6090700
2025-03-28 00:00:00+01:00,^BFX,4424.77978515625,4452.56005859375,4396.64013671875,4406.6201171875,5728500
2025-03-31 00:00:00+02:00,^BFX,4367.33984375,4367.33984375,4314.64013671875,4335.419921875,6784000
2025-04-01 00:00:00+02:00,^BFX,4365.7900390625,4373.7900390625,4345.490234375,4365.93017578125,5684600
2025-04-02 00:00:00+02:00,^BFX,4326.75,4344.169921875,4302.16015625,4344.169921875,5718900
2025-04-03 00:00:00+02:00,^BFX,4278.06982421875,4346.31005859375,4276.009765625,4294.72998046875,8210800
2025-04-04 00:00:00+02:00,^BFX,4246.9501953125,4255.7900390625,4063.199951171875,4093.590087890625,11703000
2025-04-07 00:00:00+02:00,^BFX,3881.179931640625,4072.699951171875,3827.280029296875,3930.25,14078900
2025-04-08 00:00:00+02:00,^BFX,4015.239990234375,4096.009765625,3985.989990234375,4052.27001953125,9110700
2025-04-09 00:00:00+02:00,^BFX,3931.590087890625,3959.050048828125,3858.669921875,3862.219970703125,9257800
2025-04-10 00:00:00+02:00,^BFX,4106.669921875,4176.39013671875,3985.610107421875,3985.610107421875,7764400
2025-04-11 00:00:00+02:00,^BFX,4034.159912109375,4047.43994140625,3961.239990234375,4028.969970703125,6816900
2025-04-14 00:00:00+02:00,^BFX,4111.10986328125,4139.77978515625,4088.419921875,4134.52001953125,4765700
2025-04-15 00:00:00+02:00,^BFX,4144.83984375,4195.2998046875,4141.169921875,4195.2998046875,5643800
2025-04-16 00:00:00+02:00,^BFX,4178.18994140625,4200.97998046875,4164.27001953125,4200.97998046875,5594600
2025-04-17 00:00:00+02:00,^BFX,4192.18994140625,4199.919921875,4159.52978515625,4197.64990234375,4482300
2025-04-22 00:00:00+02:00,^BFX,4206.72021484375,4238.330078125,4191.47021484375,4238.330078125,4981500
2025-04-23 00:00:00+02:00,^BFX,4262.31005859375,4300.10986328125,4253.81982421875,4286.27978515625,5923600
2025-04-24 00:00:00+02:00,^BFX,4272.10009765625,4290.14013671875,4248.39990234375,4290.14013671875,5328800
2025-04-25 00:00:00+02:00,^BFX,4305.47998046875,4313.16015625,4281.35986328125,4306.0498046875,5183500
2025-04-28 00:00:00+02:00,^BFX,4322.89990234375,4343.0498046875,4314.2998046875,4332.93017578125,4481300
2025-04-29 00:00:00+02:00,^BFX,4340.669921875,4382.10986328125,4339.8701171875,4376.509765625,5120200
2025-04-30 00:00:00+02:00,^BFX,4411.509765625,4429.509765625,4373.93994140625,4429.509765625,7356300
2025-05-02 00:00:00+02:00,^BFX,4469.0498046875,4503.35986328125,4445.97021484375,4493.31005859375,7295500
2025-05-05 00:00:00+02:00,^BFX,4497.31982421875,4519.080078125,4496.47998046875,4517.2001953125,3782500
2025-05-06 00:00:00+02:00,^BFX,4493.89013671875,4505.93994140625,4456.990234375,4465.64990234375,5238500
2025-05-07 00:00:00+02:00,^BFX,4432.06005859375,4442.60986328125,4406.85986328125,4414.39990234375,6169400
2025-05-08 00:00:00+02:00,^BFX,4409.080078125,4409.080078125,4340.08984375,4359.02001953125,8204700
2025-05-09 00:00:00+02:00,^BFX,4373.4501953125,4391.83984375,4357.8701171875,4374.22021484375,6154200
2025-05-12 00:00:00+02:00,^BFX,4374.93017578125,4410.22021484375,4334.10009765625,4410.0498046875,6004100
2025-05-13 00:00:00+02:00,^BFX,4416.7900390625,4428.9599609375,4391.580078125,4398.490234375,5212400
2025-05-14 00:00:00+02:00,^BFX,4405.85986328125,4411.6298828125,4373.3701171875,4387.6201171875,5254700
2025-05-15 00:00:00+02:00,^BFX,4374.0498046875,4415.06982421875,4374.0498046875,4402.27978515625,5918200
2025-05-16 00:00:00+02:00,^BFX,4425.39013671875,4447.35009765625,4406.68017578125,4447.35009765625,5668400
2025-05-19 00:00:00+02:00,^BFX,4435.85986328125,4462.4599609375,4421.8701171875,4462.4599609375,4840600
2025-05-20 00:00:00+02:00,^BFX,4481.02978515625,4513.0400390625,4464.14013671875,4504.7900390625,5246200
2025-05-21 00:00:00+02:00,^BFX,4498.60009765625,4523.3798828125,4496.33984375,4523.3798828125,4663500
2025-05-22 00:00:00+02:00,^BFX,4503.080078125,4508.56982421875,4465.68017578125,4487.25,4711800
2025-05-23 00:00:00+02:00,^BFX,4482.27001953125,4502.41015625,4380.3798828125,4439.1298828125,5780500
2025-05-26 00:00:00+02:00,^BFX,4480.830078125,4502.89013671875,4480.830078125,4492.4501953125,3375200
2025-05-27 00:00:00+02:00,^BFX,4503.64990234375,4519.2900390625,4491.06982421875,4510.490234375,4415500
2025-05-28 00:00:00+02:00,^BFX,4506.2900390625,4510.64990234375,4487.72021484375,4487.72021484375,4806400
2025-05-29 00:00:00+02:00,^BFX,4504.580078125,4512.35009765625,4489.9599609375,4497.47021484375,3370400
2025-05-30 00:00:00+02:00,^BFX,4500.740234375,4520.669921875,4490.27978515625,4502.080078125,21273300
2025-06-02 00:00:00+02:00,^BFX,4484.14990234375,4506.830078125,4472.33984375,4506.830078125,4228300
2025-06-03 00:00:00+02:00,^BFX,4521.9599609375,4525.6298828125,4481.7099609375,4502.66015625,5417100
2025-06-04 00:00:00+02:00,^BFX,4505.27978515625,4517.81005859375,4493.2998046875,4507.490234375,4294300
2025-06-05 00:00:00+02:00,^BFX,4505.56982421875,4523.35986328125,4480.89013671875,4518.35009765625,4116900
2025-06-06 00:00:00+02:00,^BFX,4517.66015625,4544.66015625,4510.1201171875,4531.080078125,4047300
2025-06-09 00:00:00+02:00,^BFX,4538.5498046875,4552.169921875,4535.47021484375,4540.60986328125,3766800
2025-06-10 00:00:00+02:00,^BFX,4557.68017578125,4567.2900390625,4545.35009765625,4555.89990234375,5631000
2025-06-11 00:00:00+02:00,^BFX,4548.81005859375,4551.31982421875,4526.7001953125,4538.64990234375,4632400
2025-06-12 00:00:00+02:00,^BFX,4517.85986328125,4528.1201171875,4494.52001953125,4518.740234375,4296400
2025-06-13 00:00:00+02:00,^BFX,4471.009765625,4505.080078125,4467.259765625,4476.2099609375,4469200
2025-06-16 00:00:00+02:00,^BFX,4485.919921875,4500.56005859375,4477.14990234375,4481.60986328125,5219000
2025-06-17 00:00:00+02:00,^BFX,4444.240234375,4456.8701171875,4426.7001953125,4438.56982421875,5549200
2025-06-18 00:00:00+02:00,^BFX,4434.75,4442.58984375,4406.64013671875,4425.990234375,4490900
2025-06-19 00:00:00+02:00,^BFX,4399.77001953125,4426.64990234375,4383.990234375,4411.7099609375,3908500
2025-06-20 00:00:00+02:00,^BFX,4430.1298828125,4464.68994140625,4430.1298828125,4439.52978515625,12644800
2025-06-23 00:00:00+02:00,^BFX,4438.43994140625,4476.3701171875,4436.64013671875,4441.97998046875,4859600
2025-06-24 00:00:00+02:00,^BFX,4508.39990234375,4520.75,4472.43994140625,4491.419921875,5951800
2025-06-25 00:00:00+02:00,^BFX,4493.52978515625,4508.2900390625,4455.509765625,4457.1201171875,5208800
2025-06-26 00:00:00+02:00,^BFX,4469.6298828125,4481.0498046875,4465.06982421875,4470.89990234375,4139700
2025-06-27 00:00:00+02:00,^BFX,4488.1298828125,4517.02978515625,4483.77978515625,4509.02978515625,4532200
2025-06-30 00:00:00+02:00,^BFX,4521.43994140625,4521.43994140625,4476.02001953125,4476.02001953125,5907400
2025-07-01 00:00:00+02:00,^BFX,4497.240234375,4504.4501953125,4465.419921875,4496.77978515625,5771000
2025-07-02 00:00:00+02:00,^BFX,4517.56005859375,4517.97998046875,4465.97998046875,4492.7998046875,4198100
2025-07-03 00:00:00+02:00,^BFX,4498.14990234375,4505.5400390625,4470.080078125,4486.1298828125,3716400
2025-07-04 00:00:00+02:00,^BFX,4466.02001953125,4495.14990234375,4453.16015625,4485.0400390625,2793200
2025-07-07 00:00:00+02:00,^BFX,4487.5,4501.1298828125,4474.5,4487.490234375,3346400
2025-07-08 00:00:00+02:00,^BFX,4506.509765625,4507.259765625,4467.68017578125,4475.18017578125,4791300
2025-07-09 00:00:00+02:00,^BFX,4475.64013671875,4511.7099609375,4463.93994140625,4505.7998046875,4358600
2025-07-10 00:00:00+02:00,^BFX,4522.0400390625,4547.0,4516.18017578125,4547.0,3963400
2025-07-11 00:00:00+02:00,^BFX,4531.9501953125,4534.52978515625,4504.6298828125,4518.990234375,3334000
2025-07-14 00:00:00+02:00,^BFX,4488.2001953125,4529.75,4484.77978515625,4527.7099609375,3093500
2025-07-15 00:00:00+02:00,^BFX,4528.669921875,4544.4501953125,4494.22998046875,4498.02978515625,4246000
2025-07-16 00:00:00+02:00,^BFX,4508.56982421875,4517.6201171875,4479.5498046875,4479.5498046875,5211400
2025-07-17 00:00:00+02:00,^BFX,4517.27001953125,4536.580078125,4506.93994140625,4530.0,3948900
2025-07-18 00:00:00+02:00,^BFX,4555.18994140625,4555.18994140625,4527.7998046875,4544.39013671875,4801900
2025-07-21 00:00:00+02:00,^BFX,4546.10009765625,4562.8798828125,4542.2998046875,4554.080078125,3413100
2025-07-22 00:00:00+02:00,^BFX,4552.3798828125,4556.31005859375,4515.22021484375,4547.41015625,3693500
2025-07-23 00:00:00+02:00,^BFX,4588.56005859375,4599.5400390625,4575.0,4596.22021484375,4548800
2025-07-24 00:00:00+02:00,^BFX,4617.56005859375,4635.06982421875,4603.68994140625,4617.31982421875,4089300
2025-07-25 00:00:00+02:00,^BFX,4614.490234375,4617.89013671875,4589.4501953125,4609.47021484375,3679900
2025-07-28 00:00:00+02:00,^BFX,4659.22021484375,4665.60986328125,4586.0,4594.1201171875,3770300
2025-07-29 00:00:00+02:00,^BFX,4597.77001953125,4629.77978515625,4597.31005859375,4620.9599609375,3540100
2025-07-30 00:00:00+02:00,^BFX,4621.740234375,4638.2099609375,4613.33984375,4615.16015625,4422700
2025-07-31 00:00:00+02:00,^BFX,4693.10986328125,4700.91015625,4632.68017578125,4636.1201171875,9155400
2025-08-01 00:00:00+02:00,^BFX,4573.68017578125,4591.759765625,4532.43994140625,4565.3701171875,8185200
2025-08-04 00:00:00+02:00,^BFX,4579.919921875,4615.77001953125,4561.18017578125,4608.8701171875,5164000
2025-08-05 00:00:00+02:00,^BFX,4632.3798828125,4688.43017578125,4632.3798828125,4665.35009765625,6519300
2025-08-06 00:00:00+02:00,^BFX,4666.3701171875,4673.72998046875,4651.60009765625,4657.22998046875,4681100
2025-08-07 00:00:00+02:00,^BFX,4687.35986328125,4723.52978515625,4682.27978515625,4711.33984375,4413300
2025-08-08 00:00:00+02:00,^BFX,4727.47021484375,4746.52001953125,4725.68994140625,4733.91015625,3759600
2025-08-11 00:00:00+02:00,^BFX,4748.10986328125,4753.35009765625,4726.75,4726.75,3448200
2025-08-12 00:00:00+02:00,^BFX,4738.509765625,4745.5,4724.6298828125,4724.6298828125,4218200
2025-08-13 00:00:00+02:00,^BFX,4731.31982421875,4746.83984375,4730.47021484375,4746.14990234375,3103900
2025-08-14 00:00:00+02:00,^BFX,4748.41015625,4786.2900390625,4748.0498046875,4779.1298828125,3512200
2025-08-15 00:00:00+02:00,^BFX,4796.3798828125,4805.77978515625,4772.7001953125,4774.31005859375,2946400
2025-08-18 00:00:00+02:00,^BFX,4788.72021484375,4808.3701171875,4771.2998046875,4808.3701171875,3500500
2025-08-19 00:00:00+02:00,^BFX,4800.72998046875,4815.0498046875,4795.509765625,4795.7099609375,3870600
2025-08-20 00:00:00+02:00,^BFX,4791.85986328125,4824.759765625,4791.2099609375,4818.89013671875,2973100
2025-08-21 00:00:00+02:00,^BFX,4815.77001953125,4835.47998046875,4793.6298828125,4835.47998046875,3100100
2025-08-22 00:00:00+02:00,^BFX,4829.669921875,4861.5,4827.89013671875,4848.1201171875,3101700
2025-08-25 00:00:00+02:00,^BFX,4848.330078125,4886.5400390625,4845.52978515625,4861.2001953125,2311500
2025-08-26 00:00:00+02:00,^BFX,4823.6298828125,4857.97021484375,4812.10009765625,4836.18017578125,7917400
2025-08-27 00:00:00+02:00,^BFX,4845.47998046875,4861.7001953125,4832.10009765625,4836.81982421875,2795800
2025-08-28 00:00:00+02:00,^BFX,4849.60986328125,4851.7099609375,4803.6298828125,4823.97021484375,3005000
2025-08-29 00:00:00+02:00,^BFX,4827.5400390625,4845.080078125,4788.83984375,4798.5498046875,3683900
2025-09-01 00:00:00+02:00,^BFX,4812.06005859375,4816.39013671875,4784.41015625,4799.7998046875,2071600
2025-09-02 00:00:00+02:00,^BFX,4796.4599609375,4798.10986328125,4722.009765625,4725.240234375,4253000
2025-09-03 00:00:00+02:00,^BFX,4738.64013671875,4755.72021484375,4719.93017578125,4738.0,3740400
2025-09-04 00:00:00+02:00,^BFX,4745.43994140625,4765.830078125,4743.06982421875,4745.31982421875,3924000
2025-09-05 00:00:00+02:00,^BFX,4760.33984375,4779.919921875,4743.27001953125,4768.81982421875,3450500
2025-09-08 00:00:00+02:00,^BFX,4786.91015625,4804.08984375,4776.81982421875,4793.68994140625,3055400
2025-09-09 00:00:00+02:00,^BFX,4795.39990234375,4807.759765625,4785.75,4806.35986328125,3439200
2025-09-10 00:00:00+02:00,^BFX,4814.5498046875,4826.8701171875,4785.75,4785.75,4171100
2025-09-11 00:00:00+02:00,^BFX,4797.02978515625,4801.22998046875,4778.14990234375,4798.08984375,4094800
2025-09-12 00:00:00+02:00,^BFX,4788.330078125,4800.740234375,4770.2998046875,4775.68017578125,4844600
2025-09-15 00:00:00+02:00,^BFX,4790.10009765625,4806.06005859375,4760.2998046875,4764.5,4535900
2025-09-16 00:00:00+02:00,^BFX,4763.06005859375,4763.2099609375,4704.47998046875,4707.31005859375,5281400
2025-09-17 00:00:00+02:00,^BFX,4717.1298828125,4728.27978515625,4703.4599609375,4710.60009765625,5256600
2025-09-18 00:00:00+02:00,^BFX,4718.06982421875,4723.60986328125,4691.75,4698.39013671875,3991600
2025-09-19 00:00:00+02:00,^BFX,4701.580078125,4722.10986328125,4700.2001953125,4709.10986328125,15523200
2025-09-22 00:00:00+02:00,^BFX,4711.85009765625,4717.10986328125,4686.18017578125,4707.56005859375,4104000
2025-09-23 00:00:00+02:00,^BFX,4712.2001953125,4719.2900390625,4698.58984375,4699.64013671875,3850400
2025-09-24 00:00:00+02:00,^BFX,4697.0,4698.64990234375,4669.1298828125,4681.60009765625,4142500
2025-09-25 00:00:00+02:00,^BFX,4684.75,4686.64990234375,4642.330078125,4642.330078125,4475800
2025-09-26 00:00:00+02:00,^BFX,4642.419921875,4694.27001953125,4631.3798828125,4670.47021484375,4640700
2025-09-29 00:00:00+02:00,^BFX,4673.419921875,4790.9599609375,4669.31982421875,4773.1201171875,5793200
2025-09-30 00:00:00+02:00,^BFX,4768.740234375,4820.56982421875,4761.669921875,4820.56982421875,5256600
2025-10-01 00:00:00+02:00,^BFX,4849.580078125,4912.2900390625,4849.580078125,4907.77001953125,5059200
2025-10-02 00:00:00+02:00,^BFX,4922.47998046875,4938.18017578125,4906.5498046875,4918.72998046875,4977800
2025-10-03 00:00:00+02:00,^BFX,4933.83984375,4950.1298828125,4911.60009765625,4930.43017578125,4250800
2025-10-06 00:00:00+02:00,^BFX,4930.490234375,4931.3798828125,4893.81005859375,4912.27978515625,5405300
2025-10-07 00:00:00+02:00,^BFX,4910.33984375,4912.330078125,4888.330078125,4912.330078125,4196700
2025-10-08 00:00:00+02:00,^BFX,4922.68994140625,4959.9501953125,4922.68994140625,4940.27978515625,4325500
2025-10-09 00:00:00+02:00,^BFX,4924.27978515625,4971.16015625,4924.27978515625,4959.52978515625,4080500
2025-10-10 00:00:00+02:00,^BFX,4960.4599609375,4976.72021484375,4921.27001953125,4921.2900390625,4811600
2025-10-13 00:00:00+02:00,^BFX,4939.3798828125,4972.2001953125,4935.2099609375,4971.58984375,3787500
2025-10-14 00:00:00+02:00,^BFX,4941.39990234375,4977.27978515625,4935.58984375,4955.81005859375,4930200
2025-10-15 00:00:00+02:00,^BFX,4988.669921875,4991.68994140625,4958.080078125,4978.7998046875,5039500
2025-10-16 00:00:00+02:00,^BFX,4975.080078125,5010.85009765625,4967.39013671875,5010.85009765625,4917400
2025-10-17 00:00:00+02:00,^BFX,4961.2900390625,4979.990234375,4913.02978515625,4963.33984375,5181400
2025-10-20 00:00:00+02:00,^BFX,4990.27001953125,5030.56982421875,4983.89990234375,5030.56982421875,3901000
2025-10-21 00:00:00+02:00,^BFX,5013.009765625,5046.66015625,5010.2001953125,5045.83984375,4180500
2025-10-22 00:00:00+02:00,^BFX,5034.509765625,5042.56005859375,5003.41015625,5005.60009765625,4643300
2025-10-23 00:00:00+02:00,^BFX,4994.35986328125,5007.02001953125,4976.25,5002.97998046875,3494900
2025-10-24 00:00:00+02:00,^BFX,5022.18994140625,5022.18994140625,4972.60986328125,4994.2900390625,3381200
2025-10-27 00:00:00+01:00,^BFX,4984.419921875,5000.1201171875,4945.85009765625,4994.60009765625,4683800
2025-10-28 00:00:00+01:00,^BFX,4984.990234375,4987.240234375,4925.22021484375,4948.490234375,4876100
2025-10-29 00:00:00+01:00,^BFX,4947.77001953125,5004.5400390625,4947.77001953125,4972.18994140625,4783000
2025-10-30 00:00:00+01:00,^BFX,4998.3798828125,5012.240234375,4917.6201171875,4941.72998046875,5567800
2025-10-31 00:00:00+01:00,^BFX,4959.93994140625,4974.580078125,4879.919921875,4902.3701171875,5069500
2025-11-03 00:00:00+01:00,^BFX,4890.64990234375,4923.75,4890.39013671875,4907.0498046875,5001700
2025-11-04 00:00:00+01:00,^BFX,4880.1201171875,4931.27001953125,4851.240234375,4920.8701171875,4848000
2025-11-05 00:00:00+01:00,^BFX,4864.77001953125,4905.97021484375,4864.22021484375,4899.2099609375,5302400
2025-11-06 00:00:00+01:00,^BFX,4910.0,4927.52001953125,4900.2099609375,4926.5,6329800
2025-11-07 00:00:00+01:00,^BFX,4935.3798828125,4951.0498046875,4907.27001953125,4914.4599609375,5349400
2025-11-10 00:00:00+01:00,^BFX,4951.58984375,4978.43994140625,4951.58984375,4972.77978515625,4286800
2025-11-11 00:00:00+01:00,^BFX,4987.16015625,5045.35986328125,4980.81982421875,5041.35009765625,4944100
2025-11-12 00:00:00+01:00,^BFX,5064.77978515625,5094.22998046875,5056.77978515625,5086.72021484375,5888800
2025-11-13 00:00:00+01:00,^BFX,5082.259765625,5091.83984375,5027.0498046875,5046.2998046875,5087400
2025-11-14 00:00:00+01:00,^BFX,5021.33984375,5036.10009765625,4955.97998046875,5034.52001953125,4790700
2025-11-17 00:00:00+01:00,^BFX,5033.43994140625,5040.6298828125,5009.330078125,5020.8701171875,4252600
2025-11-18 00:00:00+01:00,^BFX,4957.240234375,4974.64990234375,4928.93994140625,4943.77978515625,6596000
2025-11-19 00:00:00+01:00,^BFX,4945.4599609375,5003.97021484375,4926.60986328125,4964.56005859375,5366700
2025-11-20 00:00:00+01:00,^BFX,4995.990234375,5012.02978515625,4971.47998046875,4971.47998046875,5506800
2025-11-21 00:00:00+01:00,^BFX,4930.3798828125,4997.1298828125,4930.3798828125,4995.93994140625,5599700
2025-11-24 00:00:00+01:00,^BFX,5012.81005859375,5016.990234375,4990.77978515625,4998.08984375,10478200
2025-11-25 00:00:00+01:00,^BFX,5003.18017578125,5020.759765625,4974.14013671875,5008.06005859375,4981000
2025-11-26 00:00:00+01:00,^BFX,5024.14013671875,5040.93994140625,5001.4599609375,5030.72021484375,5095200
2025-11-27 00:00:00+01:00,^BFX,5028.18017578125,5045.4501953125,5014.72998046875,5039.39990234375,3300100
2025-11-28 00:00:00+01:00,^BFX,5033.669921875,5051.43994140625,5025.35009765625,5036.85986328125,5491200
2025-12-01 00:00:00+01:00,^BFX,5026.68017578125,5029.6298828125,4998.93017578125,5018.0498046875,4837900
2025-12-02 00:00:00+01:00,^BFX,5002.7998046875,5032.60986328125,4991.10986328125,5010.35986328125,4826300
2025-12-03 00:00:00+01:00,^BFX,5005.77001953125,5036.58984375,4987.8701171875,4995.35009765625,4585200
2025-12-04 00:00:00+01:00,^BFX,4998.080078125,5023.52001953125,4982.56982421875,5013.35009765625,5442200
2025-12-05 00:00:00+01:00,^BFX,5070.93017578125,5099.4501953125,5022.06982421875,5029.740234375,4768300
2025-12-08 00:00:00+01:00,^BFX,5037.830078125,5060.81982421875,5019.08984375,5028.1201171875,4838500
2025-12-09 00:00:00+01:00,^BFX,5025.85009765625,5032.93994140625,4990.4501953125,5001.60986328125,5707800
2025-12-10 00:00:00+01:00,^BFX,4991.39990234375,5002.56005859375,4969.52978515625,4989.10009765625,5396200
2025-12-11 00:00:00+01:00,^BFX,4977.2001953125,5005.919921875,4959.47998046875,5000.5,4787200
2025-12-12 00:00:00+01:00,^BFX,4992.7099609375,5023.009765625,4986.02001953125,4986.02001953125,5342700
2025-12-15 00:00:00+01:00,^BFX,4953.85009765625,5007.31982421875,4934.68017578125,5006.47998046875,7294600
2025-12-16 00:00:00+01:00,^BFX,5002.52001953125,5045.990234375,5000.64013671875,5010.919921875,6885200
2025-12-17 00:00:00+01:00,^BFX,5015.10009765625,5049.4599609375,5013.1201171875,5045.9501953125,6890500
2025-12-18 00:00:00+01:00,^BFX,5028.990234375,5058.91015625,5023.2099609375,5054.9599609375,5608900
2025-12-19 00:00:00+01:00,^BFX,5046.56982421875,5083.77978515625,5043.509765625,5074.52001953125,12041800
2025-12-22 00:00:00+01:00,^BFX,5056.990234375,5062.8701171875,5036.669921875,5056.0400390625,3999900
2025-12-23 00:00:00+01:00,^BFX,5054.7099609375,5071.52978515625,5045.27978515625,5057.490234375,3489200
2025-12-24 00:00:00+01:00,^BFX,5044.25,5053.52001953125,5039.31982421875,5040.3701171875,771100
2025-12-29 00:00:00+01:00,^BFX,5052.740234375,5064.47021484375,5048.72021484375,5054.47998046875,3934800
2025-12-30 00:00:00+01:00,^BFX,5046.7998046875,5081.18994140625,5045.06982421875,5077.7099609375,3088000
2025-12-31 00:00:00+01:00,^BFX,5073.919921875,5078.43017578125,5064.830078125,5078.43017578125,1601100
2026-01-02 00:00:00+01:00,^BFX,5071.7998046875,5128.25,5071.7998046875,5112.5,3773300
2026-01-05 00:00:00+01:00,^BFX,5143.830078125,5146.56005859375,5073.47998046875,5099.490234375,4731800
2026-01-06 00:00:00+01:00,^BFX,5115.5,5183.990234375,5115.5,5182.8701171875,5129100
2026-01-07 00:00:00+01:00,^BFX,5191.83984375,5220.9501953125,5175.240234375,5220.9501953125,5283000
2026-01-08 00:00:00+01:00,^BFX,5220.33984375,5248.91015625,5211.8701171875,5228.77001953125,5787800
2026-01-09 00:00:00+01:00,^BFX,5227.419921875,5246.72998046875,5215.990234375,5240.43994140625,4257800
2026-01-12 00:00:00+01:00,^BFX,5215.58984375,5216.81005859375,5190.08984375,5213.93994140625,4488500
2026-01-13 00:00:00+01:00,^BFX,5232.0400390625,5259.77001953125,5224.89013671875,5250.08984375,4275400
2026-01-14 00:00:00+01:00,^BFX,5276.85986328125,5319.22021484375,5276.7001953125,5302.3701171875,5955400
2026-01-15 00:00:00+01:00,^BFX,5306.31982421875,5349.06982421875,5294.919921875,5338.5400390625,0
2025-01-15 00:00:00+01:00,^IBEX,11788.7998046875,11923.5,11750.900390625,11898.5,124473800
2025-01-16 00:00:00+01:00,^IBEX,11971.7001953125,11973.2998046875,11801.2001953125,11840.599609375,118292200
2025-01-17 00:00:00+01:00,^IBEX,11883.099609375,11940.7998046875,11873.5,11916.2998046875,120721200
2025-01-20 00:00:00+01:00,^IBEX,11921.099609375,11991.5,11905.2998046875,11943.599609375,135782800
2025-01-21 00:00:00+01:00,^IBEX,11884.7001953125,11934.2998046875,11851.2998046875,11927.400390625,98749400
2025-01-22 00:00:00+01:00,^IBEX,11932.900390625,11963.7001953125,11843.599609375,11882.7001953125,119097400
2025-01-23 00:00:00+01:00,^IBEX,11873.7998046875,12001.2998046875,11860.599609375,11991.5,121476700
2025-01-24 00:00:00+01:00,^IBEX,12040.2001953125,12050.2998046875,11933.2998046875,11982.599609375,105557500
2025-01-27 00:00:00+01:00,^IBEX,11887.5,12032.900390625,11882.2998046875,11997.099609375,105749300
2025-01-28 00:00:00+01:00,^IBEX,11983.5,12183.0,11975.0,12154.2001953125,102214200
2025-01-29 00:00:00+01:00,^IBEX,12200.2998046875,12290.900390625,12197.2998046875,12286.5,123731000
2025-01-30 00:00:00+01:00,^IBEX,12330.2001953125,12424.400390625,12326.2001953125,12419.599609375,122507500
2025-01-31 00:00:00+01:00,^IBEX,12450.5,12465.599609375,12357.7998046875,12368.900390625,107144500
2025-02-03 00:00:00+01:00,^IBEX,12114.2001953125,12264.7998046875,12101.2998046875,12205.7998046875,147691700
2025-02-04 00:00:00+01:00,^IBEX,12214.2001953125,12388.5,12173.900390625,12372.7998046875,121115200
2025-02-05 00:00:00+01:00,^IBEX,12422.0,12536.7001953125,12420.2998046875,12536.7001953125,189280800
2025-02-06 00:00:00+01:00,^IBEX,12576.5,12743.7001953125,12574.2998046875,12731.0,182977900
2025-02-07 00:00:00+01:00,^IBEX,12740.900390625,12775.599609375,12672.599609375,12688.900390625,129941800
2025-02-10 00:00:00+01:00,^IBEX,12681.2001953125,12739.2998046875,12664.599609375,12708.7998046875,104170800
2025-02-11 00:00:00+01:00,^IBEX,12696.099609375,12778.2998046875,12680.900390625,12774.7998046875,132441700
2025-02-12 00:00:00+01:00,^IBEX,12816.7001953125,12919.900390625,12810.099609375,12911.5,152197700
2025-02-13 00:00:00+01:00,^IBEX,12964.2001953125,12974.900390625,12882.400390625,12936.2998046875,123544900
2025-02-14 00:00:00+01:00,^IBEX,12909.5,12984.599609375,12878.900390625,12956.0,123289000
2025-02-17 00:00:00+01:00,^IBEX,12942.2001953125,13033.7001953125,12942.0,13016.900390625,98460200
2025-02-18 00:00:00+01:00,^IBEX,13026.599609375,13158.599609375,13014.900390625,13143.900390625,127405100
2025-02-19 00:00:00+01:00,^IBEX,13103.7001953125,13157.2998046875,12914.2001953125,12929.400390625,131029700
2025-02-20 00:00:00+01:00,^IBEX,12927.900390625,13026.2998046875,12918.5,12967.099609375,127107400
2025-02-21 00:00:00+01:00,^IBEX,12952.099609375,12987.900390625,12894.599609375,12952.0,125136300
2025-02-24 00:00:00+01:00,^IBEX,12970.599609375,13052.0,12927.2001953125,13012.900390625,120800900
2025-02-25 00:00:00+01:00,^IBEX,12965.099609375,13219.400390625,12960.7998046875,13116.7998046875,150760400
2025-02-26 00:00:00+01:00,^IBEX,13130.7998046875,13339.7001953125,13126.900390625,13332.0,125564200
2025-02-27 00:00:00+01:00,^IBEX,13221.400390625,13316.7001953125,13178.0,13270.599609375,159410500
2025-02-28 00:00:00+01:00,^IBEX,13240.2001953125,13347.2998046875,13215.7001953125,13347.2998046875,251581300
2025-03-03 00:00:00+01:00,^IBEX,13349.2998046875,13446.400390625,13218.7001953125,13373.099609375,153783500
2025-03-04 00:00:00+01:00,^IBEX,13248.2001953125,13282.0,12997.099609375,13031.7001953125,195204400
2025-03-05 00:00:00+01:00,^IBEX,13230.2001953125,13348.2001953125,13206.400390625,13214.0,177351300
2025-03-06 00:00:00+01:00,^IBEX,13274.0,13319.599609375,13099.900390625,13234.2001953125,176624900
2025-03-07 00:00:00+01:00,^IBEX,13142.900390625,13291.2998046875,13114.7001953125,13257.099609375,134505200
2025-03-10 00:00:00+01:00,^IBEX,13262.400390625,13291.2998046875,13050.400390625,13082.7001953125,164744800
2025-03-11 00:00:00+01:00,^IBEX,13070.099609375,13138.0,12840.900390625,12877.2998046875,173666800
2025-03-12 00:00:00+01:00,^IBEX,12944.7998046875,12964.2998046875,12708.2001953125,12804.0,139429700
2025-03-13 00:00:00+01:00,^IBEX,12743.099609375,12894.900390625,12729.0,12821.2998046875,112707500
2025-03-14 00:00:00+01:00,^IBEX,12809.2998046875,13007.400390625,12788.0,13005.2001953125,127740700
2025-03-17 00:00:00+01:00,^IBEX,13009.599609375,13147.2001953125,12974.2001953125,13147.2001953125,112264600
2025-03-18 00:00:00+01:00,^IBEX,13178.5,13354.7001953125,13153.599609375,13354.7001953125,159889600
2025-03-19 00:00:00+01:00,^IBEX,13271.2001953125,13427.900390625,13248.099609375,13408.099609375,118517400
2025-03-20 00:00:00+01:00,^IBEX,13407.5,13464.7001953125,13232.900390625,13306.2998046875,131939500
2025-03-21 00:00:00+01:00,^IBEX,13257.7998046875,13358.599609375,13213.0,13350.2001953125,327772900
2025-03-24 00:00:00+01:00,^IBEX,13429.599609375,13478.7998046875,13303.2998046875,13323.2998046875,105607000
2025-03-25 00:00:00+01:00,^IBEX,13368.7998046875,13515.099609375,13363.5,13484.2998046875,111197300
2025-03-26 00:00:00+01:00,^IBEX,13484.900390625,13505.900390625,13414.2998046875,13432.2001953125,109255200
2025-03-27 00:00:00+01:00,^IBEX,13328.2998046875,13463.400390625,13270.7998046875,13422.599609375,107010900
2025-03-28 00:00:00+01:00,^IBEX,13363.400390625,13440.900390625,13258.2001953125,13309.2998046875,121572800
2025-03-31 00:00:00+02:00,^IBEX,13224.599609375,13249.7998046875,13051.7998046875,13135.400390625,167060300
2025-04-01 00:00:00+02:00,^IBEX,13191.599609375,13330.900390625,13155.2998046875,13297.0,123046200
2025-04-02 00:00:00+02:00,^IBEX,13268.2001953125,13350.2001953125,13234.900390625,13350.2001953125,107758200
2025-04-03 00:00:00+02:00,^IBEX,13141.2998046875,13281.2998046875,13107.400390625,13191.2001953125,209798600
2025-04-04 00:00:00+02:00,^IBEX,13084.0,13091.599609375,12236.400390625,12422.0,371357800
2025-04-07 00:00:00+02:00,^IBEX,12091.2998046875,12322.7998046875,11583.0,11785.7998046875,423011800
2025-04-08 00:00:00+02:00,^IBEX,11920.7001953125,12203.099609375,11699.400390625,12065.599609375,232198800
2025-04-09 00:00:00+02:00,^IBEX,11752.900390625,11924.7001953125,11612.7001953125,11797.599609375,221644700
2025-04-10 00:00:00+02:00,^IBEX,12785.900390625,12843.099609375,12307.599609375,12307.599609375,277114600
2025-04-11 00:00:00+02:00,^IBEX,12364.2001953125,12419.0,12157.400390625,12286.0,135190900
2025-04-14 00:00:00+02:00,^IBEX,12540.599609375,12633.7998046875,12419.5,12609.7998046875,120617900
2025-04-15 00:00:00+02:00,^IBEX,12652.400390625,12881.099609375,12626.599609375,12879.2998046875,124665000
2025-04-16 00:00:00+02:00,^IBEX,12848.5,12942.099609375,12756.099609375,12942.099609375,127312200
2025-04-17 00:00:00+02:00,^IBEX,12934.0,12965.7001953125,12852.0,12918.0,118973300
2025-04-22 00:00:00+02:00,^IBEX,12830.2998046875,13010.599609375,12812.0,13010.599609375,109911000
2025-04-23 00:00:00+02:00,^IBEX,13170.099609375,13215.7998046875,13099.0,13208.2998046875,163116500
2025-04-24 00:00:00+02:00,^IBEX,13168.2998046875,13241.400390625,13110.2001953125,13179.7001953125,104438600
2025-04-25 00:00:00+02:00,^IBEX,13284.599609375,13375.900390625,13254.900390625,13355.2998046875,115013300
2025-04-28 00:00:00+02:00,^IBEX,13415.900390625,13472.0,13377.7001953125,13456.099609375,117159400
2025-04-29 00:00:00+02:00,^IBEX,13471.0,13490.7998046875,13292.0,13366.900390625,116559300
2025-04-30 00:00:00+02:00,^IBEX,13368.400390625,13379.099609375,13074.7998046875,13287.7998046875,200803500
2025-05-02 00:00:00+02:00,^IBEX,13415.099609375,13446.7001953125,13316.0,13446.7001953125,141233700
2025-05-05 00:00:00+02:00,^IBEX,13473.5,13521.099609375,13462.099609375,13518.0,85373300
2025-05-06 00:00:00+02:00,^IBEX,13551.2001953125,13579.599609375,13408.0,13530.2001953125,111702500
2025-05-07 00:00:00+02:00,^IBEX,13510.5,13531.900390625,13423.5,13480.400390625,118455100
2025-05-08 00:00:00+02:00,^IBEX,13493.900390625,13507.0,13428.900390625,13488.900390625,136310300
2025-05-09 00:00:00+02:00,^IBEX,13505.400390625,13586.0,13471.2998046875,13554.099609375,127549500
2025-05-12 00:00:00+02:00,^IBEX,13653.599609375,13740.2001953125,13558.099609375,13655.2998046875,144186700
2025-05-13 00:00:00+02:00,^IBEX,13664.2998046875,13800.7001953125,13650.599609375,13769.099609375,118479800
2025-05-14 00:00:00+02:00,^IBEX,13777.0,13846.7001953125,13754.599609375,13840.2001953125,158379200
2025-05-15 00:00:00+02:00,^IBEX,13806.900390625,13930.2001953125,13785.7998046875,13930.2001953125,111198100
2025-05-16 00:00:00+02:00,^IBEX,13981.7001953125,14064.5,13953.7001953125,14064.5,122336100
2025-05-19 00:00:00+02:00,^IBEX,14074.0,14099.5,14003.2001953125,14099.0,104238000
2025-05-20 00:00:00+02:00,^IBEX,14153.099609375,14348.099609375,14140.400390625,14323.400390625,140963800
2025-05-21 00:00:00+02:00,^IBEX,14279.5,14370.7998046875,14253.2998046875,14307.599609375,114276500
2025-05-22 00:00:00+02:00,^IBEX,14228.400390625,14272.5,14157.5,14272.5,106118300
2025-05-23 00:00:00+02:00,^IBEX,14288.0,14341.7998046875,13851.599609375,14104.099609375,173060400
2025-05-26 00:00:00+02:00,^IBEX,14259.400390625,14275.2998046875,14199.400390625,14221.599609375,87069700
2025-05-27 00:00:00+02:00,^IBEX,14198.2998046875,14299.099609375,14164.400390625,14239.900390625,115082000
2025-05-28 00:00:00+02:00,^IBEX,14208.0,14262.5,14094.7998046875,14100.599609375,107696100
2025-05-29 00:00:00+02:00,^IBEX,14185.099609375,14187.5,14088.900390625,14116.599609375,83480200
2025-05-30 00:00:00+02:00,^IBEX,14129.2001953125,14214.599609375,14099.900390625,14152.2001953125,449124100
2025-06-02 00:00:00+02:00,^IBEX,14105.900390625,14234.400390625,14099.599609375,14202.7998046875,89794000
2025-06-03 00:00:00+02:00,^IBEX,14239.599609375,14249.2001953125,14080.5,14128.400390625,104041400
2025-06-04 00:00:00+02:00,^IBEX,14175.7998046875,14185.2001953125,14036.400390625,14101.2998046875,101954800
2025-06-05 00:00:00+02:00,^IBEX,14082.2998046875,14204.900390625,14038.2998046875,14203.7001953125,98898900
2025-06-06 00:00:00+02:00,^IBEX,14193.7001953125,14286.099609375,14179.099609375,14247.599609375,78318000
2025-06-09 00:00:00+02:00,^IBEX,14231.2001953125,14292.2998046875,14206.2998046875,14251.2998046875,75590900
2025-06-10 00:00:00+02:00,^IBEX,14249.0,14297.0,14221.099609375,14221.099609375,100383800
2025-06-11 00:00:00+02:00,^IBEX,14157.2998046875,14186.0,14078.5,14134.099609375,98420200
2025-06-12 00:00:00+02:00,^IBEX,14062.599609375,14134.2998046875,13957.900390625,14088.900390625,102176200
2025-06-13 00:00:00+02:00,^IBEX,13915.900390625,13925.0,13829.5,13910.599609375,129988400
2025-06-16 00:00:00+02:00,^IBEX,13927.2998046875,14132.2998046875,13925.2001953125,14110.7998046875,140851500
2025-06-17 00:00:00+02:00,^IBEX,13989.0,14000.400390625,13864.0,13911.7001953125,112460800
2025-06-18 00:00:00+02:00,^IBEX,13904.599609375,13968.2998046875,13846.900390625,13923.2001953125,94902300
2025-06-19 00:00:00+02:00,^IBEX,13862.400390625,13896.599609375,13744.099609375,13744.900390625,82221100
2025-06-20 00:00:00+02:00,^IBEX,13754.400390625,13925.0,13753.5,13850.2998046875,286491100
2025-06-23 00:00:00+02:00,^IBEX,13763.7001953125,13881.2001953125,13737.2001953125,13839.400390625,101045600
2025-06-24 00:00:00+02:00,^IBEX,14032.2998046875,14086.099609375,13963.599609375,14035.099609375,143212900
2025-06-25 00:00:00+02:00,^IBEX,14054.599609375,14057.7001953125,13810.7998046875,13811.7998046875,107091500
2025-06-26 00:00:00+02:00,^IBEX,13847.2001953125,13892.5,13789.099609375,13815.5,93447400
2025-06-27 00:00:00+02:00,^IBEX,13868.400390625,13969.0,13856.7998046875,13969.0,100089100
2025-06-30 00:00:00+02:00,^IBEX,14025.599609375,14029.099609375,13894.400390625,13991.900390625,110470200
2025-07-01 00:00:00+02:00,^IBEX,14007.7998046875,14042.900390625,13947.5,13987.400390625,97952900
2025-07-02 00:00:00+02:00,^IBEX,14042.400390625,14104.400390625,13988.099609375,14044.599609375,132184700
2025-07-03 00:00:00+02:00,^IBEX,14068.5,14182.900390625,14015.400390625,14182.900390625,104281400
2025-07-04 00:00:00+02:00,^IBEX,14088.7998046875,14121.5,13916.900390625,13973.0,83272800
2025-07-07 00:00:00+02:00,^IBEX,13959.5,14074.7998046875,13933.7001953125,14074.7998046875,100275300
2025-07-08 00:00:00+02:00,^IBEX,14098.2998046875,14119.2001953125,14045.2998046875,14079.5,120473400
2025-07-09 00:00:00+02:00,^IBEX,14117.0,14254.400390625,14112.5,14254.400390625,123328700
2025-07-10 00:00:00+02:00,^IBEX,14266.599609375,14273.099609375,14126.5,14141.599609375,110944000
2025-07-11 00:00:00+02:00,^IBEX,14083.7001953125,14111.2998046875,13973.599609375,14009.2001953125,95693800
2025-07-14 00:00:00+02:00,^IBEX,13892.5,14040.7998046875,13887.599609375,14036.0,86325700
2025-07-15 00:00:00+02:00,^IBEX,14059.5,14084.2998046875,13855.5,13874.7001953125,87360300
2025-07-16 00:00:00+02:00,^IBEX,13870.2001953125,13984.7998046875,13866.099609375,13885.7001953125,97091700
2025-07-17 00:00:00+02:00,^IBEX,13946.0,14004.400390625,13931.099609375,13994.5,86514400
2025-07-18 00:00:00+02:00,^IBEX,14040.400390625,14063.099609375,13964.2001953125,13989.0,94010100
2025-07-21 00:00:00+02:00,^IBEX,13990.7998046875,14031.5,13938.5,14031.5,81563200
2025-07-22 00:00:00+02:00,^IBEX,13993.7998046875,14049.2998046875,13950.0,14041.5,86532300
2025-07-23 00:00:00+02:00,^IBEX,14113.599609375,14227.0,14039.900390625,14067.900390625,138205900
2025-07-24 00:00:00+02:00,^IBEX,14198.2998046875,14328.7001953125,14188.2998046875,14256.5,146515400
2025-07-25 00:00:00+02:00,^IBEX,14243.7001953125,14255.900390625,14158.900390625,14237.2998046875,85919600
2025-07-28 00:00:00+02:00,^IBEX,14368.7001953125,14404.7998046875,14201.7998046875,14220.2001953125,145598800
2025-07-29 00:00:00+02:00,^IBEX,14228.400390625,14389.5,14211.2001953125,14347.7001953125,129145100
2025-07-30 00:00:00+02:00,^IBEX,14304.400390625,14396.7001953125,14197.2998046875,14380.599609375,134910900
2025-07-31 00:00:00+02:00,^IBEX,14454.7001953125,14598.2998046875,14389.5,14397.0,163375400
2025-08-01 00:00:00+02:00,^IBEX,14324.900390625,14339.2001953125,14063.400390625,14126.7001953125,147770700
2025-08-04 00:00:00+02:00,^IBEX,14179.599609375,14386.099609375,14165.0,14386.099609375,88452700
2025-08-05 00:00:00+02:00,^IBEX,14438.5,14450.2998046875,14275.7001953125,14407.5,88499100
2025-08-06 00:00:00+02:00,^IBEX,14460.2998046875,14536.599609375,14398.2998046875,14536.599609375,95482200
2025-08-07 00:00:00+02:00,^IBEX,14589.5,14690.900390625,14586.5,14690.900390625,102037000
2025-08-08 00:00:00+02:00,^IBEX,14717.5,14855.599609375,14703.7998046875,14824.900390625,95127000
2025-08-11 00:00:00+02:00,^IBEX,14865.5,14881.599609375,14730.5,14855.900390625,83418100
2025-08-12 00:00:00+02:00,^IBEX,14903.0,14948.5,14843.0,14859.0,102249100
2025-08-13 00:00:00+02:00,^IBEX,14902.099609375,15033.900390625,14897.5,15019.900390625,87075300
2025-08-14 00:00:00+02:00,^IBEX,15055.2001953125,15208.7001953125,15051.2998046875,15206.400390625,89214200
2025-08-15 00:00:00+02:00,^IBEX,15310.900390625,15337.0,15216.0,15277.2001953125,80478900
2025-08-18 00:00:00+02:00,^IBEX,15270.2001953125,15285.7998046875,15158.7001953125,15251.7001953125,70222400
2025-08-19 00:00:00+02:00,^IBEX,15261.7998046875,15357.599609375,15245.7998046875,15303.7998046875,87973400
2025-08-20 00:00:00+02:00,^IBEX,15252.2998046875,15308.2998046875,15243.5,15292.099609375,69710900
2025-08-21 00:00:00+02:00,^IBEX,15292.400390625,15303.7998046875,15170.099609375,15303.7998046875,97921200
2025-08-22 00:00:00+02:00,^IBEX,15277.2998046875,15443.900390625,15267.7998046875,15396.7998046875,72265200
2025-08-25 00:00:00+02:00,^IBEX,15339.7001953125,15352.7998046875,15225.400390625,15265.5,59710500
2025-08-26 00:00:00+02:00,^IBEX,15148.5,15187.5,15098.400390625,15119.2998046875,152500800
2025-08-27 00:00:00+02:00,^IBEX,15116.2001953125,15144.599609375,14970.0,15020.900390625,80710300
2025-08-28 00:00:00+02:00,^IBEX,15055.599609375,15095.0,14976.2001953125,15071.400390625,65867100
2025-08-29 00:00:00+02:00,^IBEX,15041.2998046875,15054.099609375,14886.0,14935.7998046875,77503500
2025-09-01 00:00:00+02:00,^IBEX,14957.099609375,14972.5,14869.0,14939.400390625,56478800
2025-09-02 00:00:00+02:00,^IBEX,14922.7001953125,14938.099609375,14646.0,14704.2001953125,83403600
2025-09-03 00:00:00+02:00,^IBEX,14731.400390625,14791.400390625,14663.599609375,14789.400390625,79354500
2025-09-04 00:00:00+02:00,^IBEX,14788.099609375,14922.2998046875,14723.7001953125,14918.2998046875,81571500
2025-09-05 00:00:00+02:00,^IBEX,14950.2998046875,14986.2001953125,14805.099609375,14850.900390625,85860400
2025-09-08 00:00:00+02:00,^IBEX,14881.599609375,15013.5,14871.7001953125,15002.2001953125,72164400
2025-09-09 00:00:00+02:00,^IBEX,15007.7001953125,15027.599609375,14925.900390625,15023.900390625,86280600
2025-09-10 00:00:00+02:00,^IBEX,15132.2998046875,15254.2998046875,15108.5,15217.5,121291100
2025-09-11 00:00:00+02:00,^IBEX,15259.5,15328.7001953125,15204.2998046875,15321.2998046875,88333100
2025-09-12 00:00:00+02:00,^IBEX,15324.599609375,15327.599609375,15203.599609375,15308.2001953125,86163600
2025-09-15 00:00:00+02:00,^IBEX,15361.2998046875,15416.599609375,15334.7998046875,15395.099609375,86042500
2025-09-16 00:00:00+02:00,^IBEX,15385.7001953125,15400.7998046875,15149.900390625,15163.2998046875,108844000
2025-09-17 00:00:00+02:00,^IBEX,15203.7998046875,15216.2998046875,15123.099609375,15127.2001953125,92518300
2025-09-18 00:00:00+02:00,^IBEX,15224.2001953125,15242.7998046875,15088.2998046875,15175.400390625,88001500
2025-09-19 00:00:00+02:00,^IBEX,15212.0,15330.2001953125,15192.2001953125,15260.7001953125,304653800
2025-09-22 00:00:00+02:00,^IBEX,15226.2998046875,15244.2001953125,15052.0,15082.5,105181400
2025-09-23 00:00:00+02:00,^IBEX,15155.5,15194.7998046875,15093.2998046875,15158.2001953125,93816900
2025-09-24 00:00:00+02:00,^IBEX,15166.2001953125,15247.2001953125,15078.2998046875,15194.599609375,90569400
2025-09-25 00:00:00+02:00,^IBEX,15179.2001953125,15206.5,15102.7001953125,15153.7001953125,86256200
2025-09-26 00:00:00+02:00,^IBEX,15202.400390625,15366.400390625,15184.400390625,15350.400390625,87930000
2025-09-29 00:00:00+02:00,^IBEX,15384.2001953125,15386.400390625,15296.7001953125,15316.2998046875,80979800
2025-09-30 00:00:00+02:00,^IBEX,15315.099609375,15488.599609375,15281.5,15475.0,102819500
2025-10-01 00:00:00+02:00,^IBEX,15474.599609375,15566.7998046875,15358.400390625,15538.7998046875,112447800
2025-10-02 00:00:00+02:00,^IBEX,15571.0,15599.400390625,15492.099609375,15496.2001953125,103428700
2025-10-03 00:00:00+02:00,^IBEX,15583.2998046875,15668.2998046875,15561.7001953125,15585.099609375,84088800
2025-10-06 00:00:00+02:00,^IBEX,15563.2998046875,15630.900390625,15487.2998046875,15556.7001953125,86888000
2025-10-07 00:00:00+02:00,^IBEX,15520.400390625,15620.2998046875,15505.5,15527.0,95150900
2025-10-08 00:00:00+02:00,^IBEX,15549.5,15732.7001953125,15544.2001953125,15678.2998046875,103099500
2025-10-09 00:00:00+02:00,^IBEX,15663.900390625,15685.2998046875,15551.0,15584.7998046875,98918000
2025-10-10 00:00:00+02:00,^IBEX,15600.2998046875,15715.400390625,15470.900390625,15476.5,110232400
2025-10-13 00:00:00+02:00,^IBEX,15536.5,15607.2998046875,15490.400390625,15541.599609375,67895000
2025-10-14 00:00:00+02:00,^IBEX,15488.2001953125,15596.2998046875,15433.900390625,15586.400390625,89838200
2025-10-15 00:00:00+02:00,^IBEX,15637.0,15719.7998046875,15570.2998046875,15570.2998046875,95275000
2025-10-16 00:00:00+02:00,^IBEX,15582.2998046875,15645.7998046875,15479.7001953125,15645.7998046875,86414300
2025-10-17 00:00:00+02:00,^IBEX,15454.099609375,15714.2998046875,15409.2998046875,15601.099609375,226751000
2025-10-20 00:00:00+02:00,^IBEX,15739.099609375,15855.7998046875,15704.7001953125,15828.2998046875,114551400
2025-10-21 00:00:00+02:00,^IBEX,15863.400390625,15894.2001953125,15764.900390625,15767.099609375,87902600
2025-10-22 00:00:00+02:00,^IBEX,15765.2001953125,15868.900390625,15761.900390625,15781.599609375,102103900
2025-10-23 00:00:00+02:00,^IBEX,15769.099609375,15864.400390625,15728.900390625,15792.2001953125,78419800
2025-10-24 00:00:00+02:00,^IBEX,15833.900390625,15862.2998046875,15723.900390625,15861.5,80345300
2025-10-27 00:00:00+01:00,^IBEX,15918.5,16027.599609375,15887.0,16000.2001953125,81172200
2025-10-28 00:00:00+01:00,^IBEX,16041.5,16105.900390625,15978.599609375,16087.0,95070000
2025-10-29 00:00:00+01:00,^IBEX,16050.099609375,16210.5,15961.2001953125,16150.099609375,121817600
2025-10-30 00:00:00+01:00,^IBEX,16100.599609375,16117.7001953125,15890.2998046875,16040.2998046875,99650100
2025-10-31 00:00:00+01:00,^IBEX,16050.900390625,16129.2001953125,15975.900390625,16032.599609375,130323900
2025-11-03 00:00:00+01:00,^IBEX,16033.5,16136.599609375,16018.2998046875,16037.0,110705800
2025-11-04 00:00:00+01:00,^IBEX,15921.2998046875,16036.400390625,15763.099609375,16036.400390625,161044000
2025-11-05 00:00:00+01:00,^IBEX,15901.900390625,16098.400390625,15876.599609375,16098.400390625,115005100
2025-11-06 00:00:00+01:00,^IBEX,16107.099609375,16169.0,16026.900390625,16118.0,124301600
2025-11-07 00:00:00+01:00,^IBEX,16168.5,16178.2001953125,15878.5,15901.400390625,142615100
2025-11-10 00:00:00+01:00,^IBEX,16074.400390625,16194.7998046875,16041.7001953125,16182.5,116077100
2025-11-11 00:00:00+01:00,^IBEX,16233.2998046875,16410.400390625,16204.0,16388.80078125,111727000
2025-11-12 00:00:00+01:00,^IBEX,16431.400390625,16638.099609375,16428.5,16615.80078125,129027700
2025-11-13 00:00:00+01:00,^IBEX,16636.69921875,16661.5,16574.099609375,16577.400390625,129174800
2025-11-14 00:00:00+01:00,^IBEX,16407.19921875,16417.80078125,16200.7998046875,16345.900390625,119804900
2025-11-17 00:00:00+01:00,^IBEX,16311.599609375,16365.400390625,16140.099609375,16172.599609375,88437600
2025-11-18 00:00:00+01:00,^IBEX,15933.2998046875,15983.2998046875,15771.900390625,15827.0,119226900
2025-11-19 00:00:00+01:00,^IBEX,15830.2998046875,15991.2998046875,15775.2998046875,15889.2998046875,107626100
2025-11-20 00:00:00+01:00,^IBEX,16022.2998046875,16123.2998046875,15978.599609375,15988.900390625,98275300
2025-11-21 00:00:00+01:00,^IBEX,15786.400390625,15901.2998046875,15724.599609375,15821.900390625,107858900
2025-11-24 00:00:00+01:00,^IBEX,15960.7001953125,16034.2001953125,15892.2001953125,15967.7998046875,0
2025-11-25 00:00:00+01:00,^IBEX,15967.7998046875,16158.599609375,15910.2998046875,16140.900390625,0
2025-11-26 00:00:00+01:00,^IBEX,16195.099609375,16363.7998046875,16153.099609375,16361.099609375,0
2025-11-27 00:00:00+01:00,^IBEX,16373.099609375,16395.30078125,16305.900390625,16361.7998046875,0
2025-11-28 00:00:00+01:00,^IBEX,16364.7001953125,16399.30078125,16301.5,16371.599609375,0
2025-12-01 00:00:00+01:00,^IBEX,16324.5,16425.80078125,16265.099609375,16389.0,0
2025-12-02 00:00:00+01:00,^IBEX,16442.400390625,16588.5,16433.80078125,16473.099609375,0
2025-12-03 00:00:00+01:00,^IBEX,16578.400390625,16759.19921875,16578.400390625,16585.69921875,0
2025-12-04 00:00:00+01:00,^IBEX,16641.599609375,16752.80078125,16602.900390625,16746.599609375,0
2025-12-05 00:00:00+01:00,^IBEX,16789.5,16844.5,16679.900390625,16688.5,0
2025-12-08 00:00:00+01:00,^IBEX,16696.80078125,16718.69921875,16620.900390625,16712.19921875,0
2025-12-09 00:00:00+01:00,^IBEX,16735.5,16796.0,16679.80078125,16734.5,0
2025-12-10 00:00:00+01:00,^IBEX,16692.900390625,16768.19921875,16679.19921875,16762.5,0
2025-12-11 00:00:00+01:00,^IBEX,16768.400390625,16946.099609375,16699.69921875,16883.0,0
2025-12-12 00:00:00+01:00,^IBEX,16956.69921875,17032.5,16833.099609375,16854.400390625,0
2025-12-15 00:00:00+01:00,^IBEX,16990.30078125,17066.5,16975.19921875,17041.400390625,0
2025-12-16 00:00:00+01:00,^IBEX,17002.400390625,17096.5,16913.599609375,16921.900390625,0
2025-12-17 00:00:00+01:00,^IBEX,16974.599609375,17001.5,16908.80078125,16938.19921875,0
2025-12-18 00:00:00+01:00,^IBEX,16938.80078125,17143.099609375,16928.5,17132.599609375,0
2025-12-19 00:00:00+01:00,^IBEX,17139.19921875,17218.30078125,17079.099609375,17169.80078125,0
2025-12-22 00:00:00+01:00,^IBEX,17124.19921875,17186.599609375,17093.099609375,17158.0,0
2025-12-23 00:00:00+01:00,^IBEX,17130.69921875,17203.19921875,17076.099609375,17182.80078125,0
2025-12-24 00:00:00+01:00,^IBEX,17146.0,17206.5,17146.0,17172.900390625,0
2025-12-29 00:00:00+01:00,^IBEX,17167.599609375,17214.0,17140.0,17195.80078125,0
2025-12-30 00:00:00+01:00,^IBEX,17166.599609375,17384.900390625,17161.400390625,17354.900390625,0
2025-12-31 00:00:00+01:00,^IBEX,17315.400390625,17339.5,17286.099609375,17307.80078125,0
2026-01-02 00:00:00+01:00,^IBEX,17297.80078125,17501.5,17277.80078125,17492.400390625,0
2026-01-05 00:00:00+01:00,^IBEX,17568.69921875,17629.900390625,17446.69921875,17614.400390625,0
2026-01-06 00:00:00+01:00,^IBEX,17648.900390625,17739.599609375,17563.599609375,17647.099609375,0
2026-01-07 00:00:00+01:00,^IBEX,17628.5,17706.400390625,17554.099609375,17596.400390625,0
2026-01-08 00:00:00+01:00,^IBEX,17538.5,17665.5,17532.80078125,17654.69921875,0
2026-01-09 00:00:00+01:00,^IBEX,17710.0,17725.400390625,17565.900390625,17649.0,0
2026-01-12 00:00:00+01:00,^IBEX,17545.19921875,17690.30078125,17400.19921875,17673.80078125,0
2026-01-13 00:00:00+01:00,^IBEX,17717.30078125,17773.599609375,17614.69921875,17687.099609375,0
2026-01-14 00:00:00+01:00,^IBEX,17761.0,17833.5,17675.099609375,17695.69921875,0
2026-01-15 00:00:00+01:00,^IBEX,17708.900390625,17725.69921875,17611.69921875,17681.599609375,107858866
2025-01-15 00:00:00+01:00,^SSMI,11676.349609375,11797.509765625,11669.349609375,11781.740234375,23915500
2025-01-16 00:00:00+01:00,^SSMI,11792.25,11942.0,11787.83984375,11942.0,26350100
2025-01-17 00:00:00+01:00,^SSMI,11972.6796875,12003.08984375,11955.9404296875,11990.26953125,29416000
2025-01-20 00:00:00+01:00,^SSMI,11988.6201171875,12055.0,11983.25,12037.2197265625,17342300
2025-01-21 00:00:00+01:00,^SSMI,12017.4296875,12111.16015625,12017.4296875,12111.16015625,20641000
2025-01-22 00:00:00+01:00,^SSMI,12181.2900390625,12247.7998046875,12178.98046875,12207.8896484375,24331600
2025-01-23 00:00:00+01:00,^SSMI,12203.400390625,12265.400390625,12182.8798828125,12265.400390625,21975300
2025-01-24 00:00:00+01:00,^SSMI,12315.1201171875,12335.849609375,12264.759765625,12287.2802734375,24560700
2025-01-27 00:00:00+01:00,^SSMI,12247.8603515625,12441.3095703125,12228.98046875,12416.6103515625,31818400
2025-01-28 00:00:00+01:00,^SSMI,12468.98046875,12536.33984375,12449.2099609375,12455.4404296875,28657400
2025-01-29 00:00:00+01:00,^SSMI,12474.3603515625,12554.330078125,12463.8701171875,12530.3203125,23307200
2025-01-30 00:00:00+01:00,^SSMI,12543.0703125,12615.509765625,12541.76953125,12604.5400390625,27289400
2025-01-31 00:00:00+01:00,^SSMI,12664.33984375,12708.4501953125,12591.0703125,12597.08984375,34990400
2025-02-03 00:00:00+01:00,^SSMI,12411.5595703125,12558.830078125,12409.8203125,12546.76953125,29806000
2025-02-04 00:00:00+01:00,^SSMI,12557.6201171875,12557.6201171875,12442.41015625,12475.490234375,36216400
2025-02-05 00:00:00+01:00,^SSMI,12465.3701171875,12579.4404296875,12444.2197265625,12579.4404296875,27980300
2025-02-06 00:00:00+01:00,^SSMI,12616.009765625,12644.599609375,12587.51953125,12624.2001953125,23135600
2025-02-07 00:00:00+01:00,^SSMI,12623.259765625,12672.9599609375,12593.33984375,12593.33984375,24524400
2025-02-10 00:00:00+01:00,^SSMI,12589.740234375,12640.23046875,12587.0595703125,12627.83984375,20649000
2025-02-11 00:00:00+01:00,^SSMI,12629.759765625,12707.5498046875,12629.4501953125,12694.16015625,22164700
2025-02-12 00:00:00+01:00,^SSMI,12708.8701171875,12732.400390625,12617.099609375,12713.900390625,25092300
2025-02-13 00:00:00+01:00,^SSMI,12827.83984375,12951.919921875,12789.58984375,12949.0595703125,29964200
2025-02-14 00:00:00+01:00,^SSMI,12942.7099609375,12944.0595703125,12815.6298828125,12839.8701171875,27170400
2025-02-17 00:00:00+01:00,^SSMI,12845.0400390625,12881.259765625,12831.3896484375,12875.080078125,18467000
2025-02-18 00:00:00+01:00,^SSMI,12880.9296875,12909.9697265625,12825.2900390625,12893.98046875,21503600
2025-02-19 00:00:00+01:00,^SSMI,12911.080078125,12914.1796875,12756.4599609375,12798.51953125,23408000
2025-02-20 00:00:00+01:00,^SSMI,12782.51953125,12820.8798828125,12759.9296875,12808.080078125,22972700
2025-02-21 00:00:00+01:00,^SSMI,12835.4697265625,12948.599609375,12788.5,12948.599609375,37951700
2025-02-24 00:00:00+01:00,^SSMI,12951.5,13016.6396484375,12899.8095703125,12953.169921875,26455200
2025-02-25 00:00:00+01:00,^SSMI,12919.349609375,13040.3603515625,12914.1103515625,13025.009765625,34037000
2025-02-26 00:00:00+01:00,^SSMI,12994.419921875,13100.2197265625,12993.650390625,13042.509765625,38782500
2025-02-27 00:00:00+01:00,^SSMI,12957.2099609375,13026.9697265625,12921.9404296875,12958.33984375,29764900
2025-02-28 00:00:00+01:00,^SSMI,12914.25,13020.650390625,12884.26953125,13004.48046875,61420900
2025-03-03 00:00:00+01:00,^SSMI,13032.8603515625,13199.0498046875,12956.83984375,13166.6796875,30859800
2025-03-04 00:00:00+01:00,^SSMI,13099.490234375,13146.919921875,12991.8095703125,13006.740234375,38551000
2025-03-05 00:00:00+01:00,^SSMI,13081.2099609375,13161.900390625,13066.2197265625,13112.75,38270100
2025-03-06 00:00:00+01:00,^SSMI,13090.73046875,13105.01953125,12928.2197265625,13029.3896484375,36733700
2025-03-07 00:00:00+01:00,^SSMI,12953.2099609375,13110.5595703125,12889.5498046875,13076.6796875,35602700
2025-03-10 00:00:00+01:00,^SSMI,13111.0498046875,13111.2900390625,12984.080078125,13013.4501953125,34263500
2025-03-11 00:00:00+01:00,^SSMI,12959.3701171875,12965.1796875,12668.2099609375,12692.25,33451500
2025-03-12 00:00:00+01:00,^SSMI,12792.9296875,12977.759765625,12790.8701171875,12868.4296875,29658600
2025-03-13 00:00:00+01:00,^SSMI,12827.16015625,12927.7099609375,12790.1201171875,12836.1904296875,24525400
2025-03-14 00:00:00+01:00,^SSMI,12827.3701171875,12948.26953125,12784.240234375,12916.8095703125,28134200
2025-03-17 00:00:00+01:00,^SSMI,12927.509765625,13064.98046875,12917.9296875,13058.1201171875,23841800
2025-03-18 00:00:00+01:00,^SSMI,13095.25,13117.349609375,13022.3203125,13062.1103515625,26781000
2025-03-19 00:00:00+01:00,^SSMI,13022.2802734375,13071.5302734375,12996.1796875,13040.919921875,27524000
2025-03-20 00:00:00+01:00,^SSMI,13035.1201171875,13103.759765625,13005.5,13097.0498046875,33108100
2025-03-21 00:00:00+01:00,^SSMI,13043.2197265625,13077.509765625,12994.0498046875,13075.400390625,73619500
2025-03-24 00:00:00+01:00,^SSMI,13097.419921875,13110.9296875,12972.51953125,13000.240234375,20313200
2025-03-25 00:00:00+01:00,^SSMI,13035.330078125,13100.419921875,13013.150390625,13013.150390625,25872700
2025-03-26 00:00:00+01:00,^SSMI,13015.01953125,13015.990234375,12917.5400390625,12953.7998046875,22995600
2025-03-27 00:00:00+01:00,^SSMI,12804.330078125,12867.23046875,12738.009765625,12867.23046875,29515500
2025-03-28 00:00:00+01:00,^SSMI,12823.58984375,12910.26953125,12794.2001953125,12840.4296875,24981700
2025-03-31 00:00:00+02:00,^SSMI,12724.76953125,12748.73046875,12585.990234375,12598.1201171875,35218100
2025-04-01 00:00:00+02:00,^SSMI,12724.9599609375,12754.4404296875,12622.3095703125,12686.6201171875,29019400
2025-04-02 00:00:00+02:00,^SSMI,12637.9697265625,12638.3095703125,12518.7197265625,12588.3095703125,24691800
2025-04-03 00:00:00+02:00,^SSMI,12405.6796875,12442.98046875,12252.7001953125,12279.48046875,44635600
2025-04-04 00:00:00+02:00,^SSMI,12127.2998046875,12189.6396484375,11531.7900390625,11648.830078125,58651600
2025-04-07 00:00:00+02:00,^SSMI,11476.7900390625,11553.58984375,10775.830078125,11047.48046875,80194500
2025-04-08 00:00:00+02:00,^SSMI,11229.7001953125,11507.8701171875,11130.83984375,11359.1201171875,47641100
2025-04-09 00:00:00+02:00,^SSMI,11115.2998046875,11179.25,10699.66015625,10887.73046875,50329800
2025-04-10 00:00:00+02:00,^SSMI,10949.33984375,11807.7900390625,10918.240234375,11244.58984375,43825500
2025-04-11 00:00:00+02:00,^SSMI,11305.4697265625,11329.73046875,11058.83984375,11239.830078125,28879500
2025-04-14 00:00:00+02:00,^SSMI,11444.9501953125,11552.98046875,11372.0703125,11499.4599609375,28964700
2025-04-15 00:00:00+02:00,^SSMI,11473.66015625,11609.83984375,11444.900390625,11609.83984375,29593000
2025-04-16 00:00:00+02:00,^SSMI,11531.169921875,11598.6201171875,11470.7001953125,11598.6201171875,29195100
2025-04-17 00:00:00+02:00,^SSMI,11590.990234375,11660.9599609375,11521.8896484375,11660.9599609375,34187700
2025-04-22 00:00:00+02:00,^SSMI,11570.1796875,11646.3203125,11492.240234375,11646.3203125,25892600
2025-04-23 00:00:00+02:00,^SSMI,11797.48046875,11884.9599609375,11747.5302734375,11808.7099609375,33374000
2025-04-24 00:00:00+02:00,^SSMI,11798.6796875,11940.3701171875,11751.8203125,11917.58984375,25084100
2025-04-25 00:00:00+02:00,^SSMI,11982.9697265625,12013.1103515625,11922.0498046875,11942.0498046875,22570000
2025-04-28 00:00:00+02:00,^SSMI,11946.009765625,12046.9599609375,11929.8603515625,12028.25,22480700
2025-04-29 00:00:00+02:00,^SSMI,12065.7900390625,12117.849609375,12040.0595703125,12066.6904296875,22484600
2025-04-30 00:00:00+02:00,^SSMI,12117.1796875,12158.240234375,12018.0,12116.98046875,35731900
2025-05-02 00:00:00+02:00,^SSMI,12175.9697265625,12282.5498046875,12144.2197265625,12253.7900390625,28974400
2025-05-05 00:00:00+02:00,^SSMI,12260.0595703125,12318.91015625,12233.0302734375,12233.0302734375,20115000
2025-05-06 00:00:00+02:00,^SSMI,12232.759765625,12271.1396484375,12168.1396484375,12230.580078125,20205100
2025-05-07 00:00:00+02:00,^SSMI,12187.6796875,12190.580078125,12100.0703125,12113.759765625,22039200
2025-05-08 00:00:00+02:00,^SSMI,12152.5400390625,12188.8896484375,12061.7197265625,12061.7197265625,25646300
2025-05-09 00:00:00+02:00,^SSMI,12101.0,12123.0400390625,12054.419921875,12087.3203125,21352900
2025-05-12 00:00:00+02:00,^SSMI,12128.0,12219.6298828125,12020.3095703125,12219.6298828125,37356000
2025-05-13 00:00:00+02:00,^SSMI,12231.5498046875,12280.5,12144.6396484375,12165.26953125,23723800
2025-05-14 00:00:00+02:00,^SSMI,12148.669921875,12188.5302734375,12100.0595703125,12132.1904296875,23336900
2025-05-15 00:00:00+02:00,^SSMI,12086.919921875,12227.2802734375,12074.6396484375,12227.2802734375,22426100
2025-05-16 00:00:00+02:00,^SSMI,12251.2197265625,12375.48046875,12249.6796875,12335.08984375,33383500
2025-05-19 00:00:00+02:00,^SSMI,12301.9404296875,12356.76953125,12263.1796875,12356.76953125,22703300
2025-05-20 00:00:00+02:00,^SSMI,12374.16015625,12461.33984375,12329.900390625,12408.0302734375,27876700
2025-05-21 00:00:00+02:00,^SSMI,12336.8701171875,12387.9599609375,12292.1904296875,12380.3603515625,24032600
2025-05-22 00:00:00+02:00,^SSMI,12328.5703125,12336.240234375,12201.7802734375,12269.9501953125,18078500
2025-05-23 00:00:00+02:00,^SSMI,12291.3701171875,12325.0400390625,12024.349609375,12198.6904296875,26396200
2025-05-26 00:00:00+02:00,^SSMI,12305.5595703125,12340.33984375,12278.849609375,12317.0703125,11917700
2025-05-27 00:00:00+02:00,^SSMI,12296.2001953125,12379.650390625,12294.580078125,12324.7802734375,16483600
2025-05-28 00:00:00+02:00,^SSMI,12292.98046875,12305.240234375,12179.6103515625,12186.740234375,17470000
2025-05-30 00:00:00+02:00,^SSMI,12192.330078125,12315.75,12167.7001953125,12227.080078125,48355600
2025-06-02 00:00:00+02:00,^SSMI,12218.400390625,12242.51953125,12132.1904296875,12198.1796875,18554900
2025-06-03 00:00:00+02:00,^SSMI,12269.080078125,12277.150390625,12182.16015625,12239.6201171875,21084600
2025-06-04 00:00:00+02:00,^SSMI,12245.2802734375,12338.98046875,12221.0400390625,12298.5,20056800
2025-06-05 00:00:00+02:00,^SSMI,12306.2802734375,12365.1904296875,12267.25,12317.6201171875,20056600
2025-06-06 00:00:00+02:00,^SSMI,12309.3095703125,12394.9296875,12288.91015625,12366.169921875,24030100
2025-06-10 00:00:00+02:00,^SSMI,12355.1904296875,12389.1103515625,12285.6298828125,12351.8896484375,30943000
2025-06-11 00:00:00+02:00,^SSMI,12359.4599609375,12398.080078125,12315.8095703125,12315.8095703125,19503500
2025-06-12 00:00:00+02:00,^SSMI,12237.4697265625,12353.26953125,12216.650390625,12323.400390625,21169700
2025-06-13 00:00:00+02:00,^SSMI,12171.73046875,12236.1796875,12127.08984375,12146.01953125,21712500
2025-06-16 00:00:00+02:00,^SSMI,12129.7099609375,12155.41015625,12072.2900390625,12090.8701171875,18621100
2025-06-17 00:00:00+02:00,^SSMI,11992.6201171875,12095.1103515625,11962.6796875,12007.0595703125,19622000
2025-06-18 00:00:00+02:00,^SSMI,11976.1796875,11999.7001953125,11918.08984375,11959.4697265625,22784000
2025-06-19 00:00:00+02:00,^SSMI,11890.900390625,11931.1201171875,11830.1201171875,11871.51953125,19752200
2025-06-20 00:00:00+02:00,^SSMI,11922.0595703125,11970.7197265625,11871.3203125,11871.3203125,80573200
2025-06-23 00:00:00+02:00,^SSMI,11818.849609375,11912.580078125,11813.080078125,11854.9599609375,23846400
2025-06-24 00:00:00+02:00,^SSMI,12049.66015625,12075.1396484375,11958.5302734375,11988.919921875,27839300
2025-06-25 00:00:00+02:00,^SSMI,12007.419921875,12048.5703125,11875.3896484375,11880.1201171875,23779600
2025-06-26 00:00:00+02:00,^SSMI,11938.9599609375,11961.25,11842.7802734375,11880.0,23758100
2025-06-27 00:00:00+02:00,^SSMI,11953.8798828125,12024.8896484375,11939.23046875,11980.3798828125,19939600
2025-06-30 00:00:00+02:00,^SSMI,12001.25,12013.7001953125,11899.76953125,11921.4599609375,24414400
2025-07-01 00:00:00+02:00,^SSMI,11955.4697265625,11965.900390625,11838.7099609375,11963.3095703125,18714900
2025-07-02 00:00:00+02:00,^SSMI,11969.580078125,12013.58984375,11917.490234375,11992.240234375,25250900
2025-07-03 00:00:00+02:00,^SSMI,12014.2900390625,12039.1396484375,11945.9697265625,11978.3603515625,24392800
2025-07-04 00:00:00+02:00,^SSMI,11942.5302734375,12046.2998046875,11874.0703125,11972.41015625,15480100
2025-07-07 00:00:00+02:00,^SSMI,11969.51953125,11983.330078125,11933.8896484375,11954.5400390625,14689000
2025-07-08 00:00:00+02:00,^SSMI,11953.919921875,11970.650390625,11877.48046875,11970.650390625,24156100
2025-07-09 00:00:00+02:00,^SSMI,11964.8896484375,12040.509765625,11928.5595703125,12006.8603515625,22301200
2025-07-10 00:00:00+02:00,^SSMI,12060.83984375,12133.330078125,12058.6201171875,12131.9404296875,22577100
2025-07-11 00:00:00+02:00,^SSMI,12066.650390625,12072.48046875,11922.849609375,11937.419921875,19547900
2025-07-14 00:00:00+02:00,^SSMI,11888.490234375,11939.8896484375,11873.66015625,11939.8896484375,15335600
2025-07-15 00:00:00+02:00,^SSMI,11934.8203125,11979.6904296875,11878.8896484375,11901.3203125,16797800
2025-07-16 00:00:00+02:00,^SSMI,11895.6904296875,11977.6103515625,11883.0400390625,11910.8095703125,20307500
2025-07-17 00:00:00+02:00,^SSMI,11916.7099609375,12000.7001953125,11910.08984375,11961.8701171875,24979800
2025-07-18 00:00:00+02:00,^SSMI,11994.4697265625,12030.8095703125,11958.259765625,11982.91015625,23663300
2025-07-21 00:00:00+02:00,^SSMI,11937.6201171875,11993.080078125,11905.4404296875,11936.8896484375,18759500
2025-07-22 00:00:00+02:00,^SSMI,11905.0,11919.5703125,11843.7802734375,11893.8203125,22641500
2025-07-23 00:00:00+02:00,^SSMI,12004.419921875,12081.7998046875,11990.2900390625,12077.0703125,24817700
2025-07-24 00:00:00+02:00,^SSMI,12087.6298828125,12136.6796875,11992.8701171875,12045.7802734375,33452800
2025-07-25 00:00:00+02:00,^SSMI,11999.509765625,12030.490234375,11918.009765625,11955.73046875,21994500
2025-07-28 00:00:00+02:00,^SSMI,12043.7802734375,12061.080078125,11907.400390625,11914.9501953125,25055500
2025-07-29 00:00:00+02:00,^SSMI,11923.169921875,12012.5595703125,11896.8896484375,11958.91015625,23855800
2025-07-30 00:00:00+02:00,^SSMI,11950.4599609375,12009.0498046875,11929.01953125,11931.98046875,26630500
2025-07-31 00:00:00+02:00,^SSMI,11947.8896484375,11983.6103515625,11823.2099609375,11836.0,26903500
2025-08-04 00:00:00+02:00,^SSMI,11619.2001953125,11818.6298828125,11612.0,11818.6298828125,32907700
2025-08-05 00:00:00+02:00,^SSMI,11859.7998046875,11908.6396484375,11824.7099609375,11858.330078125,22735500
2025-08-06 00:00:00+02:00,^SSMI,11862.51953125,11879.919921875,11719.3095703125,11755.3203125,23799400
2025-08-07 00:00:00+02:00,^SSMI,11763.259765625,11900.6396484375,11744.759765625,11849.580078125,29403200
2025-08-08 00:00:00+02:00,^SSMI,11880.6396484375,11893.0,11799.58984375,11866.849609375,20480400
2025-08-11 00:00:00+02:00,^SSMI,11932.240234375,11960.4404296875,11849.1298828125,11869.990234375,18912500
2025-08-12 00:00:00+02:00,^SSMI,11892.5703125,11895.8603515625,11828.25,11886.41015625,16969300
2025-08-13 00:00:00+02:00,^SSMI,11913.7001953125,11979.490234375,11887.8701171875,11978.849609375,18059000
2025-08-14 00:00:00+02:00,^SSMI,11971.3203125,12026.48046875,11952.9404296875,12001.6103515625,19414600
2025-08-15 00:00:00+02:00,^SSMI,12064.58984375,12095.08984375,12052.51953125,12074.330078125,18277700
2025-08-18 00:00:00+02:00,^SSMI,12066.419921875,12073.669921875,12020.490234375,12071.8798828125,17346700
2025-08-19 00:00:00+02:00,^SSMI,12081.0302734375,12216.919921875,12071.669921875,12212.1904296875,15402500
2025-08-20 00:00:00+02:00,^SSMI,12189.33984375,12299.599609375,12154.8203125,12276.259765625,25439500
2025-08-21 00:00:00+02:00,^SSMI,12244.1904296875,12261.2197265625,12186.8203125,12241.669921875,19016200
2025-08-22 00:00:00+02:00,^SSMI,12225.5595703125,12323.9599609375,12221.5703125,12264.849609375,17305000
2025-08-25 00:00:00+02:00,^SSMI,12227.25,12268.4404296875,12193.3701171875,12206.3603515625,12792400
2025-08-26 00:00:00+02:00,^SSMI,12123.3701171875,12237.3896484375,12118.6396484375,12160.8896484375,32528200
2025-08-27 00:00:00+02:00,^SSMI,12166.7099609375,12226.3603515625,12166.23046875,12207.1201171875,18442200
2025-08-28 00:00:00+02:00,^SSMI,12215.1796875,12253.6904296875,12169.9697265625,12219.2001953125,18977600
2025-08-29 00:00:00+02:00,^SSMI,12193.509765625,12238.8603515625,12158.2099609375,12187.580078125,19053600
2025-09-01 00:00:00+02:00,^SSMI,12200.0302734375,12237.990234375,12147.26953125,12176.51953125,14362000
2025-09-02 00:00:00+02:00,^SSMI,12116.8896484375,12169.4296875,12067.169921875,12088.3603515625,22173700
2025-09-03 00:00:00+02:00,^SSMI,12146.6103515625,12207.75,12103.6201171875,12200.0,20176800
2025-09-04 00:00:00+02:00,^SSMI,12233.4501953125,12415.740234375,12231.099609375,12383.4697265625,21042700
2025-09-05 00:00:00+02:00,^SSMI,12407.4296875,12441.099609375,12354.1103515625,12370.5703125,23382100
2025-09-08 00:00:00+02:00,^SSMI,12374.669921875,12375.490234375,12269.259765625,12312.650390625,17946400
2025-09-09 00:00:00+02:00,^SSMI,12318.3603515625,12331.3798828125,12264.4697265625,12281.08984375,19839900
2025-09-10 00:00:00+02:00,^SSMI,12310.3603515625,12340.16015625,12205.900390625,12217.4599609375,16665500
2025-09-11 00:00:00+02:00,^SSMI,12276.349609375,12304.8095703125,12239.150390625,12292.7197265625,18999600
2025-09-12 00:00:00+02:00,^SSMI,12258.26953125,12275.83984375,12193.8603515625,12193.8603515625,18008300
2025-09-15 00:00:00+02:00,^SSMI,12221.8798828125,12221.8798828125,12125.650390625,12144.3203125,22278700
2025-09-16 00:00:00+02:00,^SSMI,12114.6201171875,12142.2900390625,12007.919921875,12018.66015625,21409900
2025-09-17 00:00:00+02:00,^SSMI,11994.919921875,12031.490234375,11969.740234375,11998.9599609375,19469400
2025-09-18 00:00:00+02:00,^SSMI,12030.7197265625,12068.099609375,11996.08984375,12049.1298828125,16778700
2025-09-19 00:00:00+02:00,^SSMI,12046.2099609375,12153.9404296875,12023.080078125,12109.669921875,61425200
2025-09-22 00:00:00+02:00,^SSMI,12107.5595703125,12172.990234375,12086.2197265625,12126.1396484375,16510700
2025-09-23 00:00:00+02:00,^SSMI,12113.23046875,12158.23046875,12080.169921875,12102.6103515625,18926400
2025-09-24 00:00:00+02:00,^SSMI,12041.1298828125,12046.9404296875,11960.51953125,11978.830078125,22219600
2025-09-25 00:00:00+02:00,^SSMI,11934.4296875,11952.2001953125,11875.7998046875,11875.7998046875,23225600
2025-09-26 00:00:00+02:00,^SSMI,11869.0703125,11958.240234375,11867.8896484375,11929.7998046875,17552700
2025-09-29 00:00:00+02:00,^SSMI,11968.51953125,12027.6904296875,11958.349609375,12006.7099609375,18661600
2025-09-30 00:00:00+02:00,^SSMI,12005.98046875,12119.6298828125,11985.6103515625,12109.419921875,23485300
2025-10-01 00:00:00+02:00,^SSMI,12193.900390625,12360.1298828125,12189.419921875,12360.1298828125,25437700
2025-10-02 00:00:00+02:00,^SSMI,12446.9404296875,12466.2802734375,12395.51953125,12427.1796875,21691800
2025-10-03 00:00:00+02:00,^SSMI,12450.0703125,12549.0595703125,12440.740234375,12507.169921875,19587600
2025-10-06 00:00:00+02:00,^SSMI,12498.73046875,12564.599609375,12471.4501953125,12551.3603515625,17633100
2025-10-07 00:00:00+02:00,^SSMI,12545.1396484375,12580.2998046875,12509.7900390625,12521.7900390625,15958000
2025-10-08 00:00:00+02:00,^SSMI,12551.830078125,12666.080078125,12551.759765625,12648.1103515625,22111700
2025-10-09 00:00:00+02:00,^SSMI,12636.3095703125,12663.8095703125,12609.150390625,12609.150390625,21244500
2025-10-10 00:00:00+02:00,^SSMI,12604.150390625,12646.48046875,12481.41015625,12481.41015625,21083500
2025-10-13 00:00:00+02:00,^SSMI,12508.1103515625,12546.5498046875,12437.1396484375,12484.7998046875,16751600
2025-10-14 00:00:00+02:00,^SSMI,12430.8896484375,12498.650390625,12403.0302734375,12434.8095703125,25338000
2025-10-15 00:00:00+02:00,^SSMI,12457.7001953125,12529.580078125,12415.740234375,12529.580078125,28005700
2025-10-16 00:00:00+02:00,^SSMI,12491.080078125,12726.2197265625,12466.5703125,12702.080078125,31363000
2025-10-17 00:00:00+02:00,^SSMI,12547.419921875,12646.5400390625,12476.919921875,12644.490234375,34024900
2025-10-20 00:00:00+02:00,^SSMI,12617.26953125,12680.08984375,12581.1904296875,12635.01953125,26506300
2025-10-21 00:00:00+02:00,^SSMI,12619.5498046875,12650.8701171875,12567.6201171875,12622.7001953125,21800200
2025-10-22 00:00:00+02:00,^SSMI,12578.66015625,12626.91015625,12554.5498046875,12614.4296875,22037400
2025-10-23 00:00:00+02:00,^SSMI,12583.08984375,12612.4404296875,12546.9697265625,12557.26953125,16053700
2025-10-24 00:00:00+02:00,^SSMI,12579.7099609375,12597.98046875,12532.8203125,12568.1796875,17524100
2025-10-27 00:00:00+01:00,^SSMI,12536.6796875,12548.51953125,12446.0498046875,12527.58984375,20164400
2025-10-28 00:00:00+01:00,^SSMI,12458.9501953125,12480.5498046875,12343.3095703125,12360.150390625,24731100
2025-10-29 00:00:00+01:00,^SSMI,12365.919921875,12374.4296875,12277.25,12314.099609375,23516600
2025-10-30 00:00:00+01:00,^SSMI,12289.5498046875,12314.9296875,12258.9599609375,12309.6298828125,20303600
2025-10-31 00:00:00+01:00,^SSMI,12321.5595703125,12332.9501953125,12203.3798828125,12234.5,18984200
2025-11-03 00:00:00+01:00,^SSMI,12248.16015625,12310.75,12233.8798828125,12235.5400390625,15637400
2025-11-04 00:00:00+01:00,^SSMI,12182.5595703125,12306.8896484375,12100.509765625,12306.8896484375,21232600
2025-11-05 00:00:00+01:00,^SSMI,12255.9697265625,12387.5595703125,12255.76953125,12363.5302734375,21214200
2025-11-06 00:00:00+01:00,^SSMI,12333.919921875,12338.259765625,12286.83984375,12298.8603515625,18726200
2025-11-07 00:00:00+01:00,^SSMI,12315.33984375,12330.33984375,12217.3798828125,12298.349609375,18258500
2025-11-10 00:00:00+01:00,^SSMI,12394.5595703125,12476.7900390625,12358.25,12455.2001953125,18324500
2025-11-11 00:00:00+01:00,^SSMI,12507.9296875,12722.3603515625,12507.490234375,12702.080078125,20549100
2025-11-12 00:00:00+01:00,^SSMI,12722.3603515625,12823.51953125,12717.51953125,12793.740234375,20879100
2025-11-13 00:00:00+01:00,^SSMI,12823.2197265625,12843.080078125,12740.91015625,12740.91015625,18991700
2025-11-14 00:00:00+01:00,^SSMI,12638.1103515625,12742.3203125,12547.6796875,12634.2998046875,25993800
2025-11-17 00:00:00+01:00,^SSMI,12632.900390625,12655.48046875,12559.3701171875,12597.8203125,18117800
2025-11-18 00:00:00+01:00,^SSMI,12559.9404296875,12566.2197265625,12440.3095703125,12481.9501953125,27041400
2025-11-19 00:00:00+01:00,^SSMI,12523.6904296875,12596.5595703125,12494.0400390625,12530.6201171875,18433600
2025-11-20 00:00:00+01:00,^SSMI,12620.1904296875,12640.1904296875,12531.3701171875,12543.0595703125,21313400
2025-11-21 00:00:00+01:00,^SSMI,12479.01953125,12634.419921875,12476.169921875,12632.669921875,25759700
2025-11-24 00:00:00+01:00,^SSMI,12692.0,12712.1201171875,12623.7197265625,12654.1201171875,44360500
2025-11-25 00:00:00+01:00,^SSMI,12673.3798828125,12773.8095703125,12618.25,12771.6298828125,22155200
2025-11-26 00:00:00+01:00,^SSMI,12784.98046875,12834.8203125,12768.7900390625,12822.240234375,23535600
2025-11-27 00:00:00+01:00,^SSMI,12806.8896484375,12847.919921875,12781.599609375,12831.0498046875,12481300
2025-11-28 00:00:00+01:00,^SSMI,12821.9296875,12854.2802734375,12799.7900390625,12833.9599609375,20763400
2025-12-01 00:00:00+01:00,^SSMI,12804.3701171875,12878.3798828125,12804.3701171875,12850.73046875,19904800
2025-12-02 00:00:00+01:00,^SSMI,12832.6298828125,12948.650390625,12819.3896484375,12890.25,19029000
2025-12-03 00:00:00+01:00,^SSMI,12894.2900390625,12949.98046875,12832.0595703125,12858.330078125,21835800
2025-12-04 00:00:00+01:00,^SSMI,12866.75,12933.6298828125,12860.0302734375,12893.6103515625,19218300
2025-12-05 00:00:00+01:00,^SSMI,12876.8701171875,12961.099609375,12866.8603515625,12936.2998046875,31933500
2025-12-08 00:00:00+01:00,^SSMI,12941.990234375,13000.1396484375,12913.75,12981.419921875,23993700
2025-12-09 00:00:00+01:00,^SSMI,12965.73046875,12988.599609375,12914.91015625,12931.16015625,21983900
2025-12-10 00:00:00+01:00,^SSMI,12880.099609375,12938.7001953125,12821.0302734375,12921.48046875,23343700
2025-12-11 00:00:00+01:00,^SSMI,12889.3095703125,12945.41015625,12867.0498046875,12905.169921875,22868900
2025-12-12 00:00:00+01:00,^SSMI,12913.5,12998.5,12875.16015625,12887.48046875,29084000
2025-12-15 00:00:00+01:00,^SSMI,12926.349609375,13042.3896484375,12920.51953125,13036.7998046875,19215200
2025-12-16 00:00:00+01:00,^SSMI,13082.8095703125,13130.740234375,13020.099609375,13056.740234375,25706500
2025-12-17 00:00:00+01:00,^SSMI,13056.669921875,13061.650390625,13003.75,13028.6201171875,26677800
2025-12-18 00:00:00+01:00,^SSMI,13007.259765625,13136.080078125,12998.2197265625,13136.080078125,22030700
2025-12-19 00:00:00+01:00,^SSMI,13134.08984375,13181.2802734375,13085.23046875,13171.849609375,56944400
2025-12-22 00:00:00+01:00,^SSMI,13133.6298828125,13164.080078125,13097.509765625,13163.66015625,15542200
2025-12-23 00:00:00+01:00,^SSMI,13163.740234375,13288.66015625,13162.8203125,13242.7998046875,15665700
2025-12-29 00:00:00+01:00,^SSMI,13251.8603515625,13283.1298828125,13219.23046875,13240.58984375,16194800
2025-12-30 00:00:00+01:00,^SSMI,13206.51953125,13285.3203125,13206.51953125,13267.48046875,13733500
2026-01-05 00:00:00+01:00,^SSMI,13194.0,13247.3603515625,13137.8095703125,13247.3203125,30291700
2026-01-06 00:00:00+01:00,^SSMI,13274.3701171875,13357.759765625,13196.669921875,13322.150390625,22408100
2026-01-07 00:00:00+01:00,^SSMI,13352.7099609375,13394.2998046875,13271.8701171875,13324.0302734375,27547700
2026-01-08 00:00:00+01:00,^SSMI,13331.5498046875,13362.5703125,13274.91015625,13350.8203125,23036800
2026-01-09 00:00:00+01:00,^SSMI,13341.6201171875,13421.8203125,13341.6201171875,13421.8203125,20233700
2026-01-12 00:00:00+01:00,^SSMI,13372.0595703125,13433.1904296875,13371.1904296875,13426.98046875,19142200
2026-01-13 00:00:00+01:00,^SSMI,13400.650390625,13416.66015625,13312.509765625,13364.73046875,19532800
2026-01-14 00:00:00+01:00,^SSMI,13383.7998046875,13489.509765625,13376.08984375,13464.83984375,28442000
2026-01-15 00:00:00+01:00,^SSMI,13501.330078125,13513.080078125,13477.3203125,13485.740234375,0
2025-01-15 00:00:00+01:00,^OMXSPI,959.3599853515625,978.6300048828125,958.5800170898438,978.0399780273438,516501400
2025-01-16 00:00:00+01:00,^OMXSPI,984.5999755859375,985.719970703125,980.52001953125,985.2100219726562,339126500
2025-01-17 00:00:00+01:00,^OMXSPI,988.8900146484375,997.5800170898438,987.0,994.5700073242188,579823300
2025-01-20 00:00:00+01:00,^OMXSPI,996.6799926757812,998.2100219726562,990.6799926757812,993.5900268554688,377296400
2025-01-21 00:00:00+01:00,^OMXSPI,994.3300170898438,1003.5900268554688,993.7899780273438,1003.5900268554688,365968700
2025-01-22 00:00:00+01:00,^OMXSPI,1006.6900024414062,1013.1699829101562,1004.6099853515625,1007.3800048828125,400696800
2025-01-23 00:00:00+01:00,^OMXSPI,1011.8599853515625,1019.1500244140625,1006.3800048828125,1019.1500244140625,1032542900
2025-01-24 00:00:00+01:00,^OMXSPI,1023.6099853515625,1025.719970703125,1014.7999877929688,1017.0399780273438,946299300
2025-01-27 00:00:00+01:00,^OMXSPI,1005.22998046875,1012.030029296875,1003.469970703125,1010.5700073242188,752579000
2025-01-28 00:00:00+01:00,^OMXSPI,1013.7899780273438,1019.2000122070312,1009.0399780273438,1009.6599731445312,848725300
2025-01-29 00:00:00+01:00,^OMXSPI,1013.6799926757812,1020.510009765625,1013.6799926757812,1018.010009765625,499891500
2025-01-30 00:00:00+01:00,^OMXSPI,1020.2999877929688,1024.550048828125,1018.7899780273438,1024.550048828125,408815300
2025-01-31 00:00:00+01:00,^OMXSPI,1026.8299560546875,1029.22998046875,1024.1800537109375,1025.800048828125,523184600
2025-02-03 00:00:00+01:00,^OMXSPI,1003.5900268554688,1013.489990234375,999.8499755859375,1012.4500122070312,478911600
2025-02-04 00:00:00+01:00,^OMXSPI,1014.5399780273438,1014.5399780273438,1001.0999755859375,1013.9500122070312,396823900
2025-02-05 00:00:00+01:00,^OMXSPI,1010.1900024414062,1014.2999877929688,1006.6500244140625,1014.2999877929688,496041800
2025-02-06 00:00:00+01:00,^OMXSPI,1019.0900268554688,1029.8299560546875,1016.27001953125,1028.3499755859375,488803600
2025-02-07 00:00:00+01:00,^OMXSPI,1028.4300537109375,1029.300048828125,1018.5399780273438,1019.719970703125,389793000
2025-02-10 00:00:00+01:00,^OMXSPI,1021.9199829101562,1027.949951171875,1021.8400268554688,1026.8900146484375,362704200
2025-02-11 00:00:00+01:00,^OMXSPI,1025.989990234375,1028.8599853515625,1023.5599975585938,1028.300048828125,327770900
2025-02-12 00:00:00+01:00,^OMXSPI,1030.8800048828125,1035.0400390625,1025.969970703125,1030.530029296875,359690600
2025-02-13 00:00:00+01:00,^OMXSPI,1037.489990234375,1047.4300537109375,1035.6600341796875,1047.4300537109375,411405000
2025-02-14 00:00:00+01:00,^OMXSPI,1047.22998046875,1049.52001953125,1045.239990234375,1046.0699462890625,784635200
2025-02-17 00:00:00+01:00,^OMXSPI,1046.300048828125,1053.6800537109375,1045.0,1053.6300048828125,572645700
2025-02-18 00:00:00+01:00,^OMXSPI,1055.6300048828125,1058.3900146484375,1050.9000244140625,1057.5699462890625,392481000
2025-02-19 00:00:00+01:00,^OMXSPI,1058.0799560546875,1058.0799560546875,1037.050048828125,1037.97998046875,489999400
2025-02-20 00:00:00+01:00,^OMXSPI,1039.5699462890625,1046.280029296875,1038.68994140625,1041.760009765625,474997400
2025-02-21 00:00:00+01:00,^OMXSPI,1043.780029296875,1049.6199951171875,1037.1600341796875,1039.050048828125,1094504200
2025-02-24 00:00:00+01:00,^OMXSPI,1041.6500244140625,1041.6800537109375,1030.780029296875,1035.1800537109375,1049621000
2025-02-25 00:00:00+01:00,^OMXSPI,1030.7900390625,1040.81005859375,1030.7900390625,1036.31005859375,593131700
2025-02-26 00:00:00+01:00,^OMXSPI,1042.3900146484375,1049.739990234375,1042.3900146484375,1048.0799560546875,1416459700
2025-02-27 00:00:00+01:00,^OMXSPI,1043.4599609375,1045.75,1034.0999755859375,1038.1800537109375,1262831900
2025-02-28 00:00:00+01:00,^OMXSPI,1031.3699951171875,1035.510009765625,1028.530029296875,1032.81005859375,936559100
2025-03-03 00:00:00+01:00,^OMXSPI,1034.199951171875,1044.760009765625,1031.3299560546875,1037.5,672384600
2025-03-04 00:00:00+01:00,^OMXSPI,1028.260009765625,1028.260009765625,1003.8200073242188,1003.8200073242188,794813600
2025-03-05 00:00:00+01:00,^OMXSPI,1018.260009765625,1029.9599609375,1018.219970703125,1023.5499877929688,612907900
2025-03-06 00:00:00+01:00,^OMXSPI,1029.3599853515625,1029.3599853515625,1008.4299926757812,1021.3099975585938,2197760300
2025-03-07 00:00:00+01:00,^OMXSPI,1013.260009765625,1022.3699951171875,1006.239990234375,1020.3599853515625,1053251600
2025-03-10 00:00:00+01:00,^OMXSPI,1021.4600219726562,1022.9299926757812,1008.6900024414062,1009.8400268554688,1486481800
2025-03-11 00:00:00+01:00,^OMXSPI,1012.5399780273438,1014.739990234375,987.9299926757812,989.0399780273438,1169498900
2025-03-12 00:00:00+01:00,^OMXSPI,996.2000122070312,1002.5999755859375,986.3300170898438,992.8499755859375,816607100
2025-03-13 00:00:00+01:00,^OMXSPI,989.8900146484375,997.1199951171875,981.9199829101562,989.739990234375,573543800
2025-03-14 00:00:00+01:00,^OMXSPI,992.1599731445312,1006.1699829101562,991.1599731445312,1006.0999755859375,533033000
2025-03-17 00:00:00+01:00,^OMXSPI,1006.4600219726562,1009.9199829101562,1003.8200073242188,1007.9400024414062,483130300
2025-03-18 00:00:00+01:00,^OMXSPI,1012.030029296875,1016.3099975585938,1005.0399780273438,1008.9500122070312,525378100
2025-03-19 00:00:00+01:00,^OMXSPI,1005.8400268554688,1010.6099853515625,1004.02001953125,1009.4400024414062,522723800
2025-03-20 00:00:00+01:00,^OMXSPI,1010.3499755859375,1014.489990234375,998.6099853515625,1007.1400146484375,1390093200
2025-03-21 00:00:00+01:00,^OMXSPI,1001.9000244140625,1002.27001953125,989.4600219726562,993.030029296875,957712200
2025-03-24 00:00:00+01:00,^OMXSPI,999.9000244140625,999.97998046875,989.5,993.4400024414062,455277700
2025-03-25 00:00:00+01:00,^OMXSPI,993.1199951171875,996.4199829101562,985.7000122070312,996.1500244140625,589544600
2025-03-26 00:00:00+01:00,^OMXSPI,998.6099853515625,998.6099853515625,980.72998046875,981.47998046875,435087300
2025-03-27 00:00:00+01:00,^OMXSPI,973.8800048828125,973.8800048828125,963.02001953125,970.4299926757812,565923100
2025-03-28 00:00:00+01:00,^OMXSPI,966.02001953125,970.0,957.0999755859375,961.719970703125,458904700
2025-03-31 00:00:00+02:00,^OMXSPI,952.6599731445312,952.6599731445312,941.4299926757812,945.2100219726562,469780300
2025-04-01 00:00:00+02:00,^OMXSPI,950.469970703125,956.5499877929688,946.219970703125,954.4400024414062,358780700
2025-04-02 00:00:00+02:00,^OMXSPI,948.1900024414062,949.9500122070312,930.260009765625,945.469970703125,615971200
2025-04-03 00:00:00+02:00,^OMXSPI,921.739990234375,931.4500122070312,910.5499877929688,913.1400146484375,646742700
2025-04-04 00:00:00+02:00,^OMXSPI,908.6699829101562,913.9299926757812,863.219970703125,874.4099731445312,782916900
2025-04-07 00:00:00+02:00,^OMXSPI,849.0,875.8200073242188,807.1099853515625,832.2899780273438,794559300
2025-04-08 00:00:00+02:00,^OMXSPI,847.6900024414062,862.5,838.1300048828125,851.4299926757812,486119200
2025-04-09 00:00:00+02:00,^OMXSPI,823.0,835.260009765625,811.1099853515625,824.219970703125,454714500
2025-04-10 00:00:00+02:00,^OMXSPI,836.6099853515625,896.6799926757812,836.1199951171875,863.8499755859375,471415600
2025-04-11 00:00:00+02:00,^OMXSPI,866.22998046875,867.6400146484375,843.3699951171875,864.6699829101562,462603000
2025-04-14 00:00:00+02:00,^OMXSPI,879.4400024414062,889.8800048828125,876.280029296875,888.4199829101562,384717400
2025-04-15 00:00:00+02:00,^OMXSPI,890.9500122070312,908.2000122070312,890.0900268554688,908.2000122070312,309126500
2025-04-16 00:00:00+02:00,^OMXSPI,900.239990234375,900.6799926757812,891.52001953125,900.6799926757812,321334400
2025-04-17 00:00:00+02:00,^OMXSPI,899.52001953125,900.1599731445312,891.1099853515625,894.010009765625,190305300
2025-04-22 00:00:00+02:00,^OMXSPI,893.6099853515625,899.260009765625,884.6300048828125,899.260009765625,420405000
2025-04-23 00:00:00+02:00,^OMXSPI,909.6199951171875,921.2999877929688,907.4199829101562,913.2999877929688,404094700
2025-04-24 00:00:00+02:00,^OMXSPI,909.4500122070312,916.4400024414062,906.280029296875,915.9199829101562,491029800
2025-04-25 00:00:00+02:00,^OMXSPI,920.8800048828125,926.9400024414062,918.4000244140625,924.3099975585938,1253245700
2025-04-28 00:00:00+02:00,^OMXSPI,925.4500122070312,929.6300048828125,922.4299926757812,923.6599731445312,798560800
2025-04-29 00:00:00+02:00,^OMXSPI,925.4500122070312,926.3099975585938,917.5499877929688,919.7100219726562,2357534200
2025-04-30 00:00:00+02:00,^OMXSPI,921.969970703125,931.1799926757812,916.280029296875,931.1799926757812,912626300
2025-05-02 00:00:00+02:00,^OMXSPI,938.1599731445312,943.02001953125,935.1300048828125,941.9299926757812,1008174200
2025-05-05 00:00:00+02:00,^OMXSPI,941.9000244140625,943.3499755859375,938.0499877929688,942.1599731445312,561639500
2025-05-06 00:00:00+02:00,^OMXSPI,941.4500122070312,941.4500122070312,925.1400146484375,930.8400268554688,644989800
2025-05-07 00:00:00+02:00,^OMXSPI,929.7899780273438,934.2899780273438,927.989990234375,931.489990234375,622026300
2025-05-08 00:00:00+02:00,^OMXSPI,933.1799926757812,942.3699951171875,933.1799926757812,937.489990234375,708945700
2025-05-09 00:00:00+02:00,^OMXSPI,940.22998046875,942.8200073242188,935.1300048828125,938.3400268554688,496739400
2025-05-12 00:00:00+02:00,^OMXSPI,946.5800170898438,967.3400268554688,946.5800170898438,965.0800170898438,667611900
2025-05-13 00:00:00+02:00,^OMXSPI,964.219970703125,968.5800170898438,961.6799926757812,966.3300170898438,759887800
2025-05-14 00:00:00+02:00,^OMXSPI,966.4000244140625,968.4199829101562,961.0900268554688,962.9500122070312,746797400
2025-05-15 00:00:00+02:00,^OMXSPI,960.3200073242188,969.719970703125,958.4000244140625,969.4000244140625,655961200
2025-05-16 00:00:00+02:00,^OMXSPI,971.3499755859375,976.0399780273438,965.6599731445312,968.9000244140625,504187000
2025-05-19 00:00:00+02:00,^OMXSPI,966.97998046875,969.9199829101562,960.5399780273438,969.72998046875,427145900
2025-05-20 00:00:00+02:00,^OMXSPI,971.0800170898438,974.1599731445312,965.5700073242188,973.1099853515625,417052400
2025-05-21 00:00:00+02:00,^OMXSPI,969.530029296875,969.530029296875,958.760009765625,967.8200073242188,763436300
2025-05-22 00:00:00+02:00,^OMXSPI,961.97998046875,962.9000244140625,944.0,947.010009765625,597353100
2025-05-23 00:00:00+02:00,^OMXSPI,950.010009765625,956.4199829101562,925.6400146484375,938.6300048828125,642363600
2025-05-26 00:00:00+02:00,^OMXSPI,950.6900024414062,953.75,948.8900146484375,952.7999877929688,653838400
2025-05-27 00:00:00+02:00,^OMXSPI,952.3699951171875,959.22998046875,951.969970703125,954.27001953125,560418400
2025-05-28 00:00:00+02:00,^OMXSPI,953.1799926757812,955.52001953125,949.5599975585938,951.72998046875,323849600
2025-05-30 00:00:00+02:00,^OMXSPI,948.0900268554688,955.969970703125,944.3699951171875,948.780029296875,738394900
2025-06-02 00:00:00+02:00,^OMXSPI,944.22998046875,947.5399780273438,937.010009765625,944.1500244140625,1318283900
2025-06-03 00:00:00+02:00,^OMXSPI,946.8699951171875,947.5,938.3800048828125,944.5900268554688,695140200
2025-06-04 00:00:00+02:00,^OMXSPI,948.8400268554688,955.8900146484375,947.8400268554688,955.0499877929688,447231000
2025-06-05 00:00:00+02:00,^OMXSPI,955.9000244140625,962.25,953.510009765625,959.5800170898438,392066600
2025-06-09 00:00:00+02:00,^OMXSPI,961.0999755859375,965.3400268554688,958.8900146484375,958.9199829101562,385785100
2025-06-10 00:00:00+02:00,^OMXSPI,958.1199951171875,960.8400268554688,956.0599975585938,958.97998046875,481499100
2025-06-11 00:00:00+02:00,^OMXSPI,958.8300170898438,961.9299926757812,953.6400146484375,953.6400146484375,481301200
2025-06-12 00:00:00+02:00,^OMXSPI,948.739990234375,950.1400146484375,941.4299926757812,944.6599731445312,467693400
2025-06-13 00:00:00+02:00,^OMXSPI,931.5599975585938,937.2999877929688,931.47998046875,934.0399780273438,377632800
2025-06-16 00:00:00+02:00,^OMXSPI,935.7999877929688,945.5800170898438,935.219970703125,943.6599731445312,290633800
2025-06-17 00:00:00+02:00,^OMXSPI,937.989990234375,941.0,934.0700073242188,935.3200073242188,378408800
2025-06-18 00:00:00+02:00,^OMXSPI,935.4099731445312,937.3599853515625,930.9099731445312,935.510009765625,367731300
2025-06-19 00:00:00+02:00,^OMXSPI,930.8200073242188,935.2899780273438,929.6099853515625,929.6099853515625,757014200
2025-06-23 00:00:00+02:00,^OMXSPI,927.280029296875,932.1900024414062,922.4500122070312,926.0399780273438,424229800
2025-06-24 00:00:00+02:00,^OMXSPI,944.5599975585938,949.0,935.9299926757812,936.5399780273438,686801400
2025-06-25 00:00:00+02:00,^OMXSPI,940.469970703125,944.2100219726562,934.0900268554688,934.6500244140625,315903800
2025-06-26 00:00:00+02:00,^OMXSPI,937.3699951171875,940.77001953125,934.4500122070312,939.25,1050918500
2025-06-27 00:00:00+02:00,^OMXSPI,946.5399780273438,959.6300048828125,946.5399780273438,959.6300048828125,1039070100
2025-06-30 00:00:00+02:00,^OMXSPI,962.97998046875,963.75,950.9299926757812,953.1300048828125,465411600
2025-07-01 00:00:00+02:00,^OMXSPI,952.7000122070312,955.5,944.9099731445312,953.1799926757812,483006300
2025-07-02 00:00:00+02:00,^OMXSPI,957.52001953125,964.25,954.4199829101562,963.5700073242188,396160800
2025-07-03 00:00:00+02:00,^OMXSPI,966.3300170898438,972.4199829101562,965.9600219726562,969.02001953125,513664100
2025-07-04 00:00:00+02:00,^OMXSPI,965.6900024414062,966.1400146484375,960.1900024414062,964.4000244140625,360180000
2025-07-07 00:00:00+02:00,^OMXSPI,964.8099975585938,964.8099975585938,960.7899780273438,962.969970703125,463117000
2025-07-08 00:00:00+02:00,^OMXSPI,963.510009765625,965.4400024414062,957.8599853515625,965.4400024414062,434028600
2025-07-09 00:00:00+02:00,^OMXSPI,966.9299926757812,974.0800170898438,962.6400146484375,970.8400268554688,340635500
2025-07-10 00:00:00+02:00,^OMXSPI,973.8499755859375,986.1699829101562,973.4500122070312,986.1699829101562,410276000
2025-07-11 00:00:00+02:00,^OMXSPI,982.1400146484375,982.1400146484375,973.27001953125,973.5,294992700
2025-07-14 00:00:00+02:00,^OMXSPI,966.9199829101562,970.22998046875,965.010009765625,968.7100219726562,336410300
2025-07-15 00:00:00+02:00,^OMXSPI,970.9299926757812,977.4400024414062,969.22998046875,969.22998046875,408260700
2025-07-16 00:00:00+02:00,^OMXSPI,965.530029296875,970.530029296875,961.2999877929688,961.75,442132600
2025-07-17 00:00:00+02:00,^OMXSPI,969.6199951171875,978.9000244140625,969.6199951171875,975.8300170898438,584441100
2025-07-18 00:00:00+02:00,^OMXSPI,980.5800170898438,984.5900268554688,967.72998046875,968.5800170898438,451811100
2025-07-21 00:00:00+02:00,^OMXSPI,970.8099975585938,974.2100219726562,968.4500122070312,970.3300170898438,333309500
2025-07-22 00:00:00+02:00,^OMXSPI,969.510009765625,969.6900024414062,962.97998046875,964.4299926757812,331715200
2025-07-23 00:00:00+02:00,^OMXSPI,973.8499755859375,983.530029296875,973.8499755859375,982.27001953125,342487700
2025-07-24 00:00:00+02:00,^OMXSPI,989.0800170898438,992.8200073242188,984.7899780273438,985.9500122070312,388947800
2025-07-25 00:00:00+02:00,^OMXSPI,984.4299926757812,987.8300170898438,980.6599731445312,987.8300170898438,330718000
2025-07-28 00:00:00+02:00,^OMXSPI,999.4299926757812,999.8200073242188,979.1099853515625,981.25,366987200
2025-07-29 00:00:00+02:00,^OMXSPI,983.4000244140625,991.1900024414062,982.0999755859375,983.030029296875,324707200
2025-07-30 00:00:00+02:00,^OMXSPI,981.4299926757812,988.510009765625,980.3400268554688,981.5599975585938,334174800
2025-07-31 00:00:00+02:00,^OMXSPI,983.1799926757812,985.8499755859375,971.2899780273438,971.4299926757812,305803300
2025-08-01 00:00:00+02:00,^OMXSPI,961.1300048828125,963.3699951171875,950.760009765625,955.0700073242188,257526600
2025-08-04 00:00:00+02:00,^OMXSPI,959.97998046875,962.0700073242188,956.8499755859375,961.8900146484375,320437100
2025-08-05 00:00:00+02:00,^OMXSPI,967.5900268554688,969.7000122070312,964.1099853515625,966.6500244140625,514721100
2025-08-06 00:00:00+02:00,^OMXSPI,971.2100219726562,974.8300170898438,964.3499755859375,966.0999755859375,292072300
2025-08-07 00:00:00+02:00,^OMXSPI,969.0399780273438,980.1400146484375,969.0399780273438,976.6699829101562,1305436400
2025-08-08 00:00:00+02:00,^OMXSPI,978.6699829101562,981.3499755859375,976.4099731445312,978.72998046875,803150600
2025-08-11 00:00:00+02:00,^OMXSPI,980.72998046875,981.2999877929688,973.4400024414062,973.5900268554688,453420400
2025-08-12 00:00:00+02:00,^OMXSPI,978.25,980.3200073242188,973.969970703125,977.9400024414062,339533300
2025-08-13 00:00:00+02:00,^OMXSPI,980.1599731445312,980.7999877929688,975.27001953125,978.0599975585938,405635500
2025-08-14 00:00:00+02:00,^OMXSPI,977.8900146484375,984.3699951171875,977.2899780273438,982.6099853515625,1547819000
2025-08-15 00:00:00+02:00,^OMXSPI,988.3499755859375,988.47998046875,983.780029296875,984.4000244140625,425968100
2025-08-18 00:00:00+02:00,^OMXSPI,985.9500122070312,986.489990234375,978.0399780273438,980.2899780273438,430812100
2025-08-19 00:00:00+02:00,^OMXSPI,982.9400024414062,994.719970703125,981.0800170898438,993.52001953125,376089000
2025-08-20 00:00:00+02:00,^OMXSPI,988.6500244140625,994.0399780273438,987.1599731445312,992.0,313822600
2025-08-21 00:00:00+02:00,^OMXSPI,990.9299926757812,992.469970703125,986.739990234375,989.260009765625,324803500
2025-08-22 00:00:00+02:00,^OMXSPI,988.3300170898438,1005.5700073242188,988.3300170898438,1005.5700073242188,328797000
2025-08-25 00:00:00+02:00,^OMXSPI,1002.4099731445312,1004.7899780273438,998.3099975585938,998.7100219726562,354351300
2025-08-26 00:00:00+02:00,^OMXSPI,994.9000244140625,998.510009765625,992.5800170898438,993.3499755859375,457024600
2025-08-27 00:00:00+02:00,^OMXSPI,994.530029296875,994.6900024414062,987.0499877929688,990.1699829101562,358509400
2025-08-28 00:00:00+02:00,^OMXSPI,993.0,996.3300170898438,987.2999877929688,988.6199951171875,316211700
2025-08-29 00:00:00+02:00,^OMXSPI,985.3200073242188,988.8200073242188,980.9099731445312,981.1799926757812,408016800
2025-09-01 00:00:00+02:00,^OMXSPI,983.02001953125,987.010009765625,981.0499877929688,982.7000122070312,314819900
2025-09-02 00:00:00+02:00,^OMXSPI,983.02001953125,983.7999877929688,961.239990234375,961.239990234375,371770300
2025-09-03 00:00:00+02:00,^OMXSPI,966.4299926757812,972.260009765625,963.5599975585938,967.7999877929688,223554600
2025-09-04 00:00:00+02:00,^OMXSPI,968.030029296875,972.7999877929688,968.030029296875,970.47998046875,185957600
2025-09-05 00:00:00+02:00,^OMXSPI,975.9299926757812,983.510009765625,975.5700073242188,978.6699829101562,200031100
2025-09-08 00:00:00+02:00,^OMXSPI,982.8300170898438,984.8499755859375,977.8099975585938,984.0700073242188,216146000
2025-09-09 00:00:00+02:00,^OMXSPI,983.530029296875,988.3800048828125,979.0399780273438,981.7899780273438,233047300
2025-09-10 00:00:00+02:00,^OMXSPI,986.27001953125,987.780029296875,979.6199951171875,980.1099853515625,319155800
2025-09-11 00:00:00+02:00,^OMXSPI,981.4099731445312,985.4299926757812,976.5700073242188,982.2999877929688,206429600
2025-09-12 00:00:00+02:00,^OMXSPI,983.9500122070312,987.27001953125,980.4500122070312,982.8699951171875,192117800
2025-09-15 00:00:00+02:00,^OMXSPI,985.6500244140625,992.6300048828125,982.8300170898438,984.4299926757812,211826900
2025-09-16 00:00:00+02:00,^OMXSPI,985.8200073242188,989.510009765625,975.8900146484375,976.0399780273438,208704900
2025-09-17 00:00:00+02:00,^OMXSPI,978.6300048828125,982.280029296875,977.2999877929688,977.2999877929688,234893300
2025-09-18 00:00:00+02:00,^OMXSPI,981.1599731445312,988.760009765625,981.1599731445312,985.8400268554688,249554500
2025-09-19 00:00:00+02:00,^OMXSPI,986.7100219726562,991.6300048828125,983.6400146484375,986.4299926757812,416169400
2025-09-22 00:00:00+02:00,^OMXSPI,987.1300048828125,988.1300048828125,982.0900268554688,984.1799926757812,282188100
2025-09-23 00:00:00+02:00,^OMXSPI,985.8499755859375,993.5,984.77001953125,991.1199951171875,220194100
2025-09-24 00:00:00+02:00,^OMXSPI,988.4000244140625,988.4000244140625,979.9500122070312,980.2999877929688,280992800
2025-09-25 00:00:00+02:00,^OMXSPI,979.9199829101562,980.1900024414062,970.5399780273438,971.3400268554688,251706300
2025-09-26 00:00:00+02:00,^OMXSPI,975.72998046875,979.9400024414062,970.8599853515625,977.760009765625,212354900
2025-09-29 00:00:00+02:00,^OMXSPI,981.5700073242188,984.0399780273438,976.97998046875,980.9000244140625,220966400
2025-09-30 00:00:00+02:00,^OMXSPI,980.1300048828125,985.0499877929688,976.7999877929688,985.0499877929688,263628100
2025-10-01 00:00:00+02:00,^OMXSPI,984.0800170898438,989.989990234375,981.1500244140625,988.8099975585938,241304700
2025-10-02 00:00:00+02:00,^OMXSPI,997.27001953125,1002.7899780273438,996.1699829101562,998.1300048828125,282306700
2025-10-03 00:00:00+02:00,^OMXSPI,1002.6199951171875,1007.1599731445312,1002.2100219726562,1007.1599731445312,216204100
2025-10-06 00:00:00+02:00,^OMXSPI,1005.7899780273438,1015.02001953125,1004.969970703125,1012.2100219726562,241493600
2025-10-07 00:00:00+02:00,^OMXSPI,1012.030029296875,1012.030029296875,1005.2899780273438,1005.3699951171875,214042300
2025-10-08 00:00:00+02:00,^OMXSPI,1008.3699951171875,1011.6400146484375,1005.3200073242188,1009.1500244140625,260624400
2025-10-09 00:00:00+02:00,^OMXSPI,1011.3800048828125,1014.239990234375,1005.9099731445312,1007.969970703125,202363800
2025-10-10 00:00:00+02:00,^OMXSPI,1010.2999877929688,1013.27001953125,997.6400146484375,997.6400146484375,231334300
2025-10-13 00:00:00+02:00,^OMXSPI,1001.3400268554688,1004.0,996.530029296875,1000.6199951171875,200191100
2025-10-14 00:00:00+02:00,^OMXSPI,993.3699951171875,1001.4400024414062,992.1900024414062,1001.4400024414062,249297600
2025-10-15 00:00:00+02:00,^OMXSPI,1009.0599975585938,1009.8800048828125,1004.75,1007.6199951171875,215467500
2025-10-16 00:00:00+02:00,^OMXSPI,1008.4199829101562,1011.1699829101562,1004.7100219726562,1010.3900146484375,228854700
2025-10-17 00:00:00+02:00,^OMXSPI,1001.2899780273438,1001.77001953125,989.3300170898438,997.0900268554688,218050300
2025-10-20 00:00:00+02:00,^OMXSPI,1002.2999877929688,1009.1400146484375,999.780029296875,1009.1400146484375,228447900
2025-10-21 00:00:00+02:00,^OMXSPI,1010.9099731445312,1016.6400146484375,1008.02001953125,1016.6400146484375,226414200
2025-10-22 00:00:00+02:00,^OMXSPI,1014.0700073242188,1017.0900268554688,1012.3099975585938,1014.5999755859375,337216000
2025-10-23 00:00:00+02:00,^OMXSPI,1017.22998046875,1022.6599731445312,1015.4600219726562,1022.5900268554688,369344700
2025-10-24 00:00:00+02:00,^OMXSPI,1027.6500244140625,1034.530029296875,1026.4200439453125,1033.6099853515625,340825600
2025-10-27 00:00:00+01:00,^OMXSPI,1036.93994140625,1038.72998046875,1033.1199951171875,1037.8499755859375,253376000
2025-10-28 00:00:00+01:00,^OMXSPI,1035.77001953125,1035.77001953125,1030.030029296875,1032.5,225781800
2025-10-29 00:00:00+01:00,^OMXSPI,1030.68994140625,1032.0699462890625,1026.97998046875,1027.5400390625,221501200
2025-10-30 00:00:00+01:00,^OMXSPI,1028.800048828125,1030.27001953125,1025.7900390625,1029.6700439453125,184418100
2025-10-31 00:00:00+01:00,^OMXSPI,1028.68994140625,1028.68994140625,1023.2100219726562,1024.030029296875,118973700
2025-11-03 00:00:00+01:00,^OMXSPI,1020.260009765625,1025.780029296875,1018.6400146484375,1018.6400146484375,0
2025-11-04 00:00:00+01:00,^OMXSPI,1009.72998046875,1014.4500122070312,1002.8300170898438,1011.010009765625,213342500
2025-11-05 00:00:00+01:00,^OMXSPI,1005.280029296875,1014.760009765625,1003.6500244140625,1011.77001953125,258071500
2025-11-06 00:00:00+01:00,^OMXSPI,1011.1300048828125,1012.489990234375,1007.1300048828125,1007.8499755859375,227056300
2025-11-07 00:00:00+01:00,^OMXSPI,1011.6199951171875,1012.52001953125,999.7999877929688,1004.780029296875,230575900
2025-11-10 00:00:00+01:00,^OMXSPI,1014.5499877929688,1017.2000122070312,1013.6599731445312,1013.9099731445312,200266700
2025-11-11 00:00:00+01:00,^OMXSPI,1016.6400146484375,1025.8499755859375,1015.3200073242188,1025.4599609375,237262900
2025-11-12 00:00:00+01:00,^OMXSPI,1028.1500244140625,1034.4300537109375,1025.780029296875,1031.489990234375,272326600
2025-11-13 00:00:00+01:00,^OMXSPI,1034.050048828125,1036.68994140625,1022.0900268554688,1022.0900268554688,215233900
2025-11-14 00:00:00+01:00,^OMXSPI,1015.3499755859375,1015.3499755859375,1003.0,1013.5,240942700
2025-11-17 00:00:00+01:00,^OMXSPI,1012.7899780273438,1015.9500122070312,1005.47998046875,1005.5399780273438,185731300
2025-11-18 00:00:00+01:00,^OMXSPI,993.8400268554688,994.1799926757812,980.8400268554688,983.8599853515625,209177900
2025-11-19 00:00:00+01:00,^OMXSPI,985.4000244140625,993.4199829101562,982.0399780273438,987.9600219726562,214436400
2025-11-20 00:00:00+01:00,^OMXSPI,998.75,999.739990234375,990.9500122070312,990.9500122070312,183698000
2025-11-21 00:00:00+01:00,^OMXSPI,976.010009765625,991.52001953125,976.010009765625,989.8400268554688,189930100
2025-11-24 00:00:00+01:00,^OMXSPI,997.9299926757812,1002.9000244140625,995.8900146484375,1000.3499755859375,335268500
2025-11-25 00:00:00+01:00,^OMXSPI,1001.8699951171875,1013.1300048828125,999.27001953125,1011.2999877929688,229945400
2025-11-26 00:00:00+01:00,^OMXSPI,1017.0499877929688,1019.97998046875,1012.6300048828125,1018.4600219726562,233410800
2025-11-27 00:00:00+01:00,^OMXSPI,1020.3099975585938,1025.719970703125,1019.5599975585938,1023.3400268554688,200038700
2025-11-28 00:00:00+01:00,^OMXSPI,1024.300048828125,1024.800048828125,1020.030029296875,1022.6300048828125,373533400
2025-12-01 00:00:00+01:00,^OMXSPI,1017.1699829101562,1021.7100219726562,1012.5900268554688,1019.4400024414062,224953800
2025-12-02 00:00:00+01:00,^OMXSPI,1018.0900268554688,1020.5999755859375,1015.2899780273438,1016.3900146484375,198310700
2025-12-03 00:00:00+01:00,^OMXSPI,1018.3099975585938,1020.0499877929688,1011.1300048828125,1013.3400268554688,225836400
2025-12-04 00:00:00+01:00,^OMXSPI,1020.5700073242188,1028.6700439453125,1018.6099853515625,1027.280029296875,223854600
2025-12-05 00:00:00+01:00,^OMXSPI,1029.449951171875,1034.1300048828125,1028.260009765625,1030.5,206354800
2025-12-08 00:00:00+01:00,^OMXSPI,1031.050048828125,1031.6500244140625,1025.52001953125,1027.280029296875,181071500
2025-12-09 00:00:00+01:00,^OMXSPI,1028.239990234375,1030.31005859375,1019.5800170898438,1020.739990234375,202303300
2025-12-10 00:00:00+01:00,^OMXSPI,1018.030029296875,1021.1599731445312,1016.02001953125,1021.1099853515625,183525600
2025-12-11 00:00:00+01:00,^OMXSPI,1020.97998046875,1029.300048828125,1018.5800170898438,1026.77001953125,202066400
2025-12-12 00:00:00+01:00,^OMXSPI,1029.5,1036.3399658203125,1025.52001953125,1026.02001953125,225624400
2025-12-15 00:00:00+01:00,^OMXSPI,1028.3900146484375,1031.8399658203125,1026.02001953125,1027.6600341796875,239860800
2025-12-16 00:00:00+01:00,^OMXSPI,1025.489990234375,1026.0999755859375,1020.0599975585938,1021.260009765625,223117900
2025-12-17 00:00:00+01:00,^OMXSPI,1022.510009765625,1023.0800170898438,1014.0900268554688,1015.2100219726562,237465200
2025-12-18 00:00:00+01:00,^OMXSPI,1014.5800170898438,1026.3900146484375,1013.8099975585938,1026.300048828125,227390100
2025-12-19 00:00:00+01:00,^OMXSPI,1026.6800537109375,1029.97998046875,1025.3299560546875,1029.0899658203125,292821400
2025-12-22 00:00:00+01:00,^OMXSPI,1029.760009765625,1031.6700439453125,1024.9599609375,1031.6700439453125,168647800
2025-12-23 00:00:00+01:00,^OMXSPI,1032.3499755859375,1036.0799560546875,1031.5999755859375,1033.300048828125,164997900
2025-12-29 00:00:00+01:00,^OMXSPI,1035.06005859375,1041.3800048828125,1033.6199951171875,1040.239990234375,182586700
2025-12-30 00:00:00+01:00,^OMXSPI,1038.530029296875,1048.4100341796875,1038.22998046875,1045.6800537109375,347769400
2026-01-02 00:00:00+01:00,^OMXSPI,1046.8699951171875,1050.3699951171875,1039.4100341796875,1041.8299560546875,255532100
2026-01-05 00:00:00+01:00,^OMXSPI,1046.030029296875,1049.75,1041.8699951171875,1046.18994140625,148158000
2026-01-07 00:00:00+01:00,^OMXSPI,1056.989990234375,1069.6800537109375,1056.550048828125,1069.6800537109375,319154800
2026-01-08 00:00:00+01:00,^OMXSPI,1067.8599853515625,1067.8599853515625,1058.1700439453125,1059.8599853515625,226895300
2026-01-09 00:00:00+01:00,^OMXSPI,1061.81005859375,1072.31005859375,1061.280029296875,1072.31005859375,248678900
2026-01-12 00:00:00+01:00,^OMXSPI,1071.6099853515625,1075.9100341796875,1069.43994140625,1072.0899658203125,241881900
2026-01-13 00:00:00+01:00,^OMXSPI,1073.9300537109375,1073.9300537109375,1065.260009765625,1071.31005859375,243746800
2026-01-14 00:00:00+01:00,^OMXSPI,1073.8299560546875,1075.8499755859375,1065.8199462890625,1069.81005859375,321024700
2026-01-15 00:00:00+01:00,^OMXSPI,1077.7298583984375,1081.27490234375,1077.7298583984375,1078.756591796875,0
