Date,Open,High,Low,Close,Volume,Dividends,Stock Splits,Ticker
2025-01-24 00:00:00-05:00,414.45001220703125,418.8800048828125,405.7799987792969,406.5799865722656,56427100,0.0,0.0,TSLA
2025-01-27 00:00:00-05:00,394.79998779296875,406.69000244140625,389.0,397.1499938964844,58125500,0.0,0.0,TSLA
2025-01-28 00:00:00-05:00,396.9100036621094,400.5899963378906,386.5,398.0899963378906,48910700,0.0,0.0,TSLA
2025-01-29 00:00:00-05:00,395.2099914550781,398.5899963378906,384.4800109863281,389.1000061035156,68033600,0.0,0.0,TSLA
2025-01-30 00:00:00-05:00,410.7799987792969,412.5,384.4100036621094,400.2799987792969,98092900,0.0,0.0,TSLA
2025-01-31 00:00:00-05:00,401.5299987792969,419.989990234375,401.3399963378906,404.6000061035156,83283600,0.0,0.0,TSLA
2025-02-03 00:00:00-05:00,386.67999267578125,389.1700134277344,374.3599853515625,383.67999267578125,93732100,0.0,0.0,TSLA
2025-02-04 00:00:00-05:00,382.6300048828125,394.0,381.3999938964844,392.2099914550781,57072200,0.0,0.0,TSLA
2025-02-05 00:00:00-05:00,387.510009765625,388.3900146484375,375.5299987792969,378.1700134277344,57223300,0.0,0.0,TSLA
2025-02-06 00:00:00-05:00,373.0299987792969,375.3999938964844,363.17999267578125,374.32000732421875,77918200,0.0,0.0,TSLA
2025-02-07 00:00:00-05:00,370.19000244140625,380.54998779296875,360.3399963378906,361.6199951171875,70298300,0.0,0.0,TSLA
2025-02-10 00:00:00-05:00,356.2099914550781,362.70001220703125,350.510009765625,350.7300109863281,77514900,0.0,0.0,TSLA
2025-02-11 00:00:00-05:00,345.79998779296875,349.3699951171875,325.1000061035156,328.5,118543400,0.0,0.0,TSLA
2025-02-12 00:00:00-05:00,329.94000244140625,346.3999938964844,329.1199951171875,336.510009765625,105382700,0.0,0.0,TSLA
2025-02-13 00:00:00-05:00,345.0,358.69000244140625,342.8500061035156,355.94000244140625,89441500,0.0,0.0,TSLA
2025-02-14 00:00:00-05:00,360.6199951171875,362.0,347.5,355.8399963378906,68277300,0.0,0.0,TSLA
2025-02-18 00:00:00-05:00,355.010009765625,359.1000061035156,350.0199890136719,354.1099853515625,51631700,0.0,0.0,TSLA
2025-02-19 00:00:00-05:00,354.0,367.3399963378906,353.6700134277344,360.55999755859375,67094400,0.0,0.0,TSLA
2025-02-20 00:00:00-05:00,361.510009765625,362.29998779296875,348.0,354.3999938964844,45965400,0.0,0.0,TSLA
2025-02-21 00:00:00-05:00,353.44000244140625,354.9800109863281,334.4200134277344,337.79998779296875,74058600,0.0,0.0,TSLA
2025-02-24 00:00:00-05:00,338.1400146484375,342.3999938964844,324.70001220703125,330.5299987792969,76052300,0.0,0.0,TSLA
2025-02-25 00:00:00-05:00,327.0199890136719,328.8900146484375,297.25,302.79998779296875,134228800,0.0,0.0,TSLA
2025-02-26 00:00:00-05:00,303.7099914550781,309.0,288.0400085449219,290.79998779296875,100118300,0.0,0.0,TSLA
2025-02-27 00:00:00-05:00,291.1600036621094,297.2300109863281,280.8800048828125,281.95001220703125,101748200,0.0,0.0,TSLA
2025-02-28 00:00:00-05:00,279.5,293.8800048828125,273.6000061035156,292.9800109863281,115697000,0.0,0.0,TSLA
2025-03-03 00:00:00-05:00,300.3399963378906,303.94000244140625,277.29998779296875,284.6499938964844,115551400,0.0,0.0,TSLA
2025-03-04 00:00:00-05:00,270.92999267578125,284.3500061035156,261.8399963378906,272.0400085449219,126706600,0.0,0.0,TSLA
2025-03-05 00:00:00-05:00,272.9200134277344,279.54998779296875,267.7099914550781,279.1000061035156,94042900,0.0,0.0,TSLA
2025-03-06 00:00:00-05:00,272.05999755859375,272.6499938964844,260.0199890136719,263.45001220703125,98451600,0.0,0.0,TSLA
2025-03-07 00:00:00-05:00,259.32000732421875,266.25,250.72999572753906,262.6700134277344,102369600,0.0,0.0,TSLA
2025-03-10 00:00:00-04:00,252.5399932861328,253.3699951171875,220.0,222.14999389648438,189076900,0.0,0.0,TSLA
2025-03-11 00:00:00-04:00,225.30999755859375,237.05999755859375,217.02000427246094,230.5800018310547,174896400,0.0,0.0,TSLA
2025-03-12 00:00:00-04:00,247.22000122070312,251.83999633789062,241.10000610351562,248.08999633789062,142215700,0.0,0.0,TSLA
2025-03-13 00:00:00-04:00,248.1300048828125,248.2899932861328,232.60000610351562,240.67999267578125,114813500,0.0,0.0,TSLA
2025-03-14 00:00:00-04:00,247.30999755859375,251.5800018310547,240.72999572753906,249.97999572753906,100242300,0.0,0.0,TSLA
2025-03-17 00:00:00-04:00,245.05999755859375,245.39999389648438,232.8000030517578,238.00999450683594,111900600,0.0,0.0,TSLA
2025-03-18 00:00:00-04:00,228.16000366210938,230.10000610351562,222.27999877929688,225.30999755859375,111477600,0.0,0.0,TSLA
2025-03-19 00:00:00-04:00,231.61000061035156,241.41000366210938,229.1999969482422,235.86000061035156,111993800,0.0,0.0,TSLA
2025-03-20 00:00:00-04:00,233.35000610351562,238.0,230.0500030517578,236.25999450683594,99028300,0.0,0.0,TSLA
2025-03-21 00:00:00-04:00,234.99000549316406,249.52000427246094,234.5500030517578,248.7100067138672,132728700,0.0,0.0,TSLA
2025-03-24 00:00:00-04:00,258.0799865722656,278.6400146484375,256.3299865722656,278.3900146484375,169079900,0.0,0.0,TSLA
2025-03-25 00:00:00-04:00,283.6000061035156,288.20001220703125,271.2799987792969,288.1400146484375,150361500,0.0,0.0,TSLA
2025-03-26 00:00:00-04:00,282.6600036621094,284.8999938964844,266.510009765625,272.05999755859375,153629800,0.0,0.0,TSLA
2025-03-27 00:00:00-04:00,272.4800109863281,291.8500061035156,271.82000732421875,273.1300048828125,162572100,0.0,0.0,TSLA
2025-03-28 00:00:00-04:00,275.5799865722656,276.1000061035156,260.57000732421875,263.54998779296875,123809400,0.0,0.0,TSLA
2025-03-31 00:00:00-04:00,249.30999755859375,260.55999755859375,243.36000061035156,259.1600036621094,134008900,0.0,0.0,TSLA
2025-04-01 00:00:00-04:00,263.79998779296875,277.45001220703125,259.25,268.4599914550781,146486900,0.0,0.0,TSLA
2025-04-02 00:00:00-04:00,254.60000610351562,284.989990234375,251.27000427246094,282.760009765625,212787800,0.0,0.0,TSLA
2025-04-03 00:00:00-04:00,265.2900085449219,276.29998779296875,261.510009765625,267.2799987792969,136174300,0.0,0.0,TSLA
2025-04-04 00:00:00-04:00,255.3800048828125,261.0,236.0,239.42999267578125,181229400,0.0,0.0,TSLA
2025-04-07 00:00:00-04:00,223.77999877929688,252.0,214.25,233.2899932861328,183453800,0.0,0.0,TSLA
2025-04-08 00:00:00-04:00,245.0,250.44000244140625,217.8000030517578,221.86000061035156,171603500,0.0,0.0,TSLA
2025-04-09 00:00:00-04:00,224.69000244140625,274.69000244140625,223.8800048828125,272.20001220703125,219433400,0.0,0.0,TSLA
2025-04-10 00:00:00-04:00,260.0,262.489990234375,239.3300018310547,252.39999389648438,181722600,0.0,0.0,TSLA
2025-04-11 00:00:00-04:00,251.83999633789062,257.739990234375,241.36000061035156,252.30999755859375,128948100,0.0,0.0,TSLA
2025-04-14 00:00:00-04:00,258.3599853515625,261.79998779296875,245.92999267578125,252.35000610351562,100135200,0.0,0.0,TSLA
2025-04-15 00:00:00-04:00,249.91000366210938,258.75,247.5399932861328,254.11000061035156,79594300,0.0,0.0,TSLA
2025-04-16 00:00:00-04:00,247.61000061035156,251.97000122070312,233.88999938964844,241.5500030517578,112378700,0.0,0.0,TSLA
2025-04-17 00:00:00-04:00,243.47000122070312,244.33999633789062,237.67999267578125,241.3699951171875,83404800,0.0,0.0,TSLA
2025-04-21 00:00:00-04:00,230.25999450683594,232.2100067138672,222.7899932861328,227.5,97768000,0.0,0.0,TSLA
2025-04-22 00:00:00-04:00,230.9600067138672,242.7899932861328,229.85000610351562,237.97000122070312,120858500,0.0,0.0,TSLA
2025-04-23 00:00:00-04:00,254.86000061035156,259.45001220703125,244.42999267578125,250.74000549316406,150381900,0.0,0.0,TSLA
2025-04-24 00:00:00-04:00,250.5,259.5400085449219,249.1999969482422,259.510009765625,94464200,0.0,0.0,TSLA
2025-04-25 00:00:00-04:00,261.69000244140625,286.8500061035156,259.6300048828125,284.95001220703125,167560700,0.0,0.0,TSLA
2025-04-28 00:00:00-04:00,288.9800109863281,294.8599853515625,272.4200134277344,285.8800048828125,151731800,0.0,0.0,TSLA
2025-04-29 00:00:00-04:00,285.5,293.32000732421875,279.4700012207031,292.0299987792969,108906600,0.0,0.0,TSLA
2025-04-30 00:00:00-04:00,279.8999938964844,284.45001220703125,270.7799987792969,282.1600036621094,128961100,0.0,0.0,TSLA
2025-05-01 00:00:00-04:00,280.010009765625,290.8699951171875,279.80999755859375,280.5199890136719,99659000,0.0,0.0,TSLA
2025-05-02 00:00:00-04:00,284.8999938964844,294.7799987792969,279.80999755859375,287.2099914550781,114454700,0.0,0.0,TSLA
2025-05-05 00:00:00-04:00,284.57000732421875,284.8500061035156,274.3999938964844,280.260009765625,94618900,0.0,0.0,TSLA
2025-05-06 00:00:00-04:00,273.1099853515625,277.7300109863281,271.3500061035156,275.3500061035156,76715800,0.0,0.0,TSLA
2025-05-07 00:00:00-04:00,276.8800048828125,277.9200134277344,271.0,276.2200012207031,71592600,0.0,0.0,TSLA
2025-05-08 00:00:00-04:00,279.6300048828125,289.79998779296875,279.4100036621094,284.82000732421875,97539400,0.0,0.0,TSLA
2025-05-09 00:00:00-04:00,290.2099914550781,307.0400085449219,290.0,298.260009765625,132387800,0.0,0.0,TSLA
2025-05-12 00:00:00-04:00,321.989990234375,322.2099914550781,311.5,318.3800048828125,112826700,0.0,0.0,TSLA
2025-05-13 00:00:00-04:00,320.0,337.5899963378906,316.79998779296875,334.07000732421875,136992600,0.0,0.0,TSLA
2025-05-14 00:00:00-04:00,342.5,350.0,337.0,347.67999267578125,136997300,0.0,0.0,TSLA
2025-05-15 00:00:00-04:00,340.3399963378906,346.1400146484375,334.7200012207031,342.82000732421875,97882600,0.0,0.0,TSLA
2025-05-16 00:00:00-04:00,346.239990234375,351.6199951171875,342.3299865722656,349.9800109863281,95895700,0.0,0.0,TSLA
2025-05-19 00:00:00-04:00,336.29998779296875,343.0,333.3699951171875,342.0899963378906,88869900,0.0,0.0,TSLA
2025-05-20 00:00:00-04:00,347.8699951171875,354.989990234375,341.6300048828125,343.82000732421875,131715500,0.0,0.0,TSLA
2025-05-21 00:00:00-04:00,344.42999267578125,347.3500061035156,332.20001220703125,334.6199951171875,102354800,0.0,0.0,TSLA
2025-05-22 00:00:00-04:00,331.8999938964844,347.2699890136719,331.3900146484375,341.0400085449219,97113400,0.0,0.0,TSLA
2025-05-23 00:00:00-04:00,337.9200134277344,343.17999267578125,333.2099914550781,339.3399963378906,84654800,0.0,0.0,TSLA
2025-05-27 00:00:00-04:00,347.3500061035156,363.7900085449219,347.32000732421875,362.8900146484375,120146400,0.0,0.0,TSLA
2025-05-28 00:00:00-04:00,364.8399963378906,365.0,355.9100036621094,356.8999938964844,91404300,0.0,0.0,TSLA
2025-05-29 00:00:00-04:00,365.2900085449219,367.7099914550781,356.0,358.42999267578125,88087800,0.0,0.0,TSLA
2025-05-30 00:00:00-04:00,355.5199890136719,363.67999267578125,345.2900085449219,346.4599914550781,123474900,0.0,0.0,TSLA
2025-06-02 00:00:00-04:00,343.5,348.0199890136719,333.3299865722656,342.69000244140625,81873800,0.0,0.0,TSLA
2025-06-03 00:00:00-04:00,346.6000061035156,355.3999938964844,343.0400085449219,344.2699890136719,99324500,0.0,0.0,TSLA
2025-06-04 00:00:00-04:00,345.1000061035156,345.6000061035156,327.3299865722656,332.04998779296875,98912100,0.0,0.0,TSLA
2025-06-05 00:00:00-04:00,322.489990234375,324.54998779296875,273.2099914550781,284.70001220703125,287499800,0.0,0.0,TSLA
2025-06-06 00:00:00-04:00,298.8299865722656,305.5,291.1400146484375,295.1400146484375,164747700,0.0,0.0,TSLA
2025-06-09 00:00:00-04:00,285.9599914550781,309.8299865722656,281.8500061035156,308.5799865722656,140908900,0.0,0.0,TSLA
2025-06-10 00:00:00-04:00,314.94000244140625,327.8299865722656,310.6700134277344,326.0899963378906,151256500,0.0,0.0,TSLA
2025-06-11 00:00:00-04:00,334.3999938964844,335.5,322.5,326.42999267578125,122611400,0.0,0.0,TSLA
2025-06-12 00:00:00-04:00,323.0799865722656,332.55999755859375,316.8599853515625,319.1099853515625,105127500,0.0,0.0,TSLA
2025-06-13 00:00:00-04:00,313.9700012207031,332.989990234375,313.29998779296875,325.30999755859375,128964300,0.0,0.0,TSLA
2025-06-16 00:00:00-04:00,331.2900085449219,332.04998779296875,326.4100036621094,329.1300048828125,83925900,0.0,0.0,TSLA
2025-06-17 00:00:00-04:00,326.0899963378906,327.260009765625,314.739990234375,316.3500061035156,88282700,0.0,0.0,TSLA
2025-06-18 00:00:00-04:00,317.30999755859375,329.32000732421875,315.45001220703125,322.04998779296875,95137700,0.0,0.0,TSLA
2025-06-20 00:00:00-04:00,327.95001220703125,332.3599853515625,317.7799987792969,322.1600036621094,108688000,0.0,0.0,TSLA
2025-06-23 00:00:00-04:00,327.5400085449219,357.5400085449219,327.4800109863281,348.67999267578125,190716800,0.0,0.0,TSLA
2025-06-24 00:00:00-04:00,356.1700134277344,356.260009765625,340.44000244140625,340.4700012207031,114736200,0.0,0.0,TSLA
2025-06-25 00:00:00-04:00,342.70001220703125,343.0,320.3999938964844,327.54998779296875,119845100,0.0,0.0,TSLA
2025-06-26 00:00:00-04:00,324.6099853515625,331.04998779296875,323.6099853515625,325.7799987792969,80440900,0.0,0.0,TSLA
2025-06-27 00:00:00-04:00,324.510009765625,329.3399963378906,317.5,323.6300048828125,89067000,0.0,0.0,TSLA
2025-06-30 00:00:00-04:00,319.8999938964844,325.5799865722656,316.6000061035156,317.6600036621094,76695100,0.0,0.0,TSLA
2025-07-01 00:00:00-04:00,298.4599914550781,305.8900146484375,293.2099914550781,300.7099914550781,145085700,0.0,0.0,TSLA
2025-07-02 00:00:00-04:00,312.6300048828125,316.8299865722656,303.82000732421875,315.6499938964844,119483700,0.0,0.0,TSLA
2025-07-03 00:00:00-04:00,317.989990234375,318.45001220703125,312.760009765625,315.3500061035156,58042300,0.0,0.0,TSLA
2025-07-07 00:00:00-04:00,291.3699951171875,296.1499938964844,288.7699890136719,293.94000244140625,131177900,0.0,0.0,TSLA
2025-07-08 00:00:00-04:00,297.0,304.04998779296875,294.3500061035156,297.80999755859375,103246700,0.0,0.0,TSLA
2025-07-09 00:00:00-04:00,297.54998779296875,300.1499938964844,293.54998779296875,295.8800048828125,75586800,0.0,0.0,TSLA
2025-07-10 00:00:00-04:00,300.04998779296875,310.4800109863281,300.0,309.8699951171875,104365300,0.0,0.0,TSLA
2025-07-11 00:00:00-04:00,307.8900146484375,314.0899963378906,305.6499938964844,313.510009765625,79236400,0.0,0.0,TSLA
2025-07-14 00:00:00-04:00,317.7300109863281,322.6000061035156,312.6700134277344,316.8999938964844,78043400,0.0,0.0,TSLA
2025-07-15 00:00:00-04:00,319.67999267578125,321.20001220703125,310.5,310.7799987792969,77556300,0.0,0.0,TSLA
2025-07-16 00:00:00-04:00,312.79998779296875,323.5,312.6199951171875,321.6700134277344,97284800,0.0,0.0,TSLA
2025-07-17 00:00:00-04:00,323.1499938964844,324.3399963378906,317.05999755859375,319.4100036621094,73922900,0.0,0.0,TSLA
2025-07-18 00:00:00-04:00,321.6600036621094,330.8999938964844,321.4200134277344,329.6499938964844,94255000,0.0,0.0,TSLA
2025-07-21 00:00:00-04:00,334.3999938964844,338.0,326.8800048828125,328.489990234375,75768800,0.0,0.0,TSLA
2025-07-22 00:00:00-04:00,329.739990234375,335.4100036621094,321.54998779296875,332.1099853515625,77370400,0.0,0.0,TSLA
2025-07-23 00:00:00-04:00,330.8999938964844,336.20001220703125,328.6700134277344,332.55999755859375,92553800,0.0,0.0,TSLA
2025-07-24 00:00:00-04:00,310.0,310.1499938964844,300.4100036621094,305.29998779296875,156966000,0.0,0.0,TSLA
2025-07-25 00:00:00-04:00,308.739990234375,323.6300048828125,308.010009765625,316.05999755859375,148227000,0.0,0.0,TSLA
2025-07-28 00:00:00-04:00,318.45001220703125,330.489990234375,315.69000244140625,325.5899963378906,112673800,0.0,0.0,TSLA
2025-07-29 00:00:00-04:00,325.54998779296875,326.25,318.25,321.20001220703125,87358900,0.0,0.0,TSLA
2025-07-30 00:00:00-04:00,322.17999267578125,324.45001220703125,311.6199951171875,319.0400085449219,83931900,0.0,0.0,TSLA
2025-07-31 00:00:00-04:00,319.6099853515625,321.3699951171875,306.1000061035156,308.2699890136719,85270900,0.0,0.0,TSLA
2025-08-01 00:00:00-04:00,306.2099914550781,309.30999755859375,297.82000732421875,302.6300048828125,89121400,0.0,0.0,TSLA
2025-08-04 00:00:00-04:00,309.0799865722656,312.1199951171875,303.0,309.260009765625,78683900,0.0,0.0,TSLA
2025-08-05 00:00:00-04:00,308.95001220703125,312.45001220703125,305.5,308.7200012207031,57961300,0.0,0.0,TSLA
2025-08-06 00:00:00-04:00,307.8900146484375,320.4700012207031,306.92999267578125,319.9100036621094,78523600,0.0,0.0,TSLA
2025-08-07 00:00:00-04:00,319.7900085449219,322.3999938964844,316.1600036621094,322.2699890136719,66658700,0.0,0.0,TSLA
2025-08-08 00:00:00-04:00,321.42999267578125,335.1499938964844,320.9800109863281,329.6499938964844,91200300,0.0,0.0,TSLA
2025-08-11 00:00:00-04:00,335.0,346.6400146484375,334.1499938964844,339.0299987792969,105320200,0.0,0.0,TSLA
2025-08-12 00:00:00-04:00,345.0,345.260009765625,332.94000244140625,340.8399963378906,80522100,0.0,0.0,TSLA
2025-08-13 00:00:00-04:00,341.5,348.9800109863281,338.20001220703125,339.3800048828125,67838900,0.0,0.0,TSLA
2025-08-14 00:00:00-04:00,335.760009765625,340.4700012207031,330.3999938964844,335.5799865722656,75000700,0.0,0.0,TSLA
2025-08-15 00:00:00-04:00,337.6600036621094,339.29998779296875,327.0199890136719,330.55999755859375,74319800,0.0,0.0,TSLA
2025-08-18 00:00:00-04:00,329.6199951171875,336.2699890136719,329.5899963378906,335.1600036621094,56956600,0.0,0.0,TSLA
2025-08-19 00:00:00-04:00,335.7900085449219,340.54998779296875,327.8500061035156,329.30999755859375,75956000,0.0,0.0,TSLA
2025-08-20 00:00:00-04:00,329.2200012207031,331.3699951171875,314.6000061035156,323.8999938964844,77481800,0.0,0.0,TSLA
2025-08-21 00:00:00-04:00,322.0799865722656,324.8999938964844,318.67999267578125,320.1099853515625,55744400,0.0,0.0,TSLA
2025-08-22 00:00:00-04:00,321.6600036621094,340.25,319.69000244140625,340.010009765625,94016300,0.0,0.0,TSLA
2025-08-25 00:00:00-04:00,338.8999938964844,349.5299987792969,335.0299987792969,346.6000061035156,86670000,0.0,0.0,TSLA
2025-08-26 00:00:00-04:00,344.92999267578125,351.8999938964844,343.7200012207031,351.6700134277344,76651600,0.0,0.0,TSLA
2025-08-27 00:00:00-04:00,351.94000244140625,355.3900146484375,349.1600036621094,349.6000061035156,65519000,0.0,0.0,TSLA
2025-08-28 00:00:00-04:00,350.9100036621094,353.54998779296875,340.260009765625,345.9800109863281,67903200,0.0,0.0,TSLA
2025-08-29 00:00:00-04:00,347.2300109863281,348.75,331.70001220703125,333.8699951171875,81145700,0.0,0.0,TSLA
2025-09-02 00:00:00-04:00,328.2300109863281,333.3299865722656,325.6000061035156,329.3599853515625,58392000,0.0,0.0,TSLA
2025-09-03 00:00:00-04:00,335.20001220703125,343.3299865722656,328.510009765625,334.0899963378906,88733300,0.0,0.0,TSLA
2025-09-04 00:00:00-04:00,336.1499938964844,338.8900146484375,331.4800109863281,338.5299987792969,60711000,0.0,0.0,TSLA
2025-09-05 00:00:00-04:00,348.0,355.8699951171875,344.67999267578125,350.8399963378906,108989800,0.0,0.0,TSLA
2025-09-08 00:00:00-04:00,354.6400146484375,358.44000244140625,344.8399963378906,346.3999938964844,75208300,0.0,0.0,TSLA
2025-09-09 00:00:00-04:00,348.44000244140625,350.7699890136719,343.82000732421875,346.9700012207031,53816000,0.0,0.0,TSLA
2025-09-10 00:00:00-04:00,350.54998779296875,356.3299865722656,346.07000732421875,347.7900085449219,72121700,0.0,0.0,TSLA
2025-09-11 00:00:00-04:00,350.1700134277344,368.989990234375,347.6000061035156,368.80999755859375,103756000,0.0,0.0,TSLA
2025-09-12 00:00:00-04:00,370.94000244140625,396.69000244140625,370.239990234375,395.94000244140625,168156400,0.0,0.0,TSLA
2025-09-15 00:00:00-04:00,423.1300048828125,425.70001220703125,402.42999267578125,410.0400085449219,163823700,0.0,0.0,TSLA
2025-09-16 00:00:00-04:00,414.5,423.25,411.42999267578125,421.6199951171875,104285700,0.0,0.0,TSLA
2025-09-17 00:00:00-04:00,415.75,428.30999755859375,409.6700134277344,425.8599853515625,106133500,0.0,0.0,TSLA
2025-09-18 00:00:00-04:00,428.8699951171875,432.2200012207031,416.55999755859375,416.8500061035156,90454500,0.0,0.0,TSLA
2025-09-19 00:00:00-04:00,421.82000732421875,429.4700012207031,421.7200012207031,426.07000732421875,93131000,0.0,0.0,TSLA
2025-09-22 00:00:00-04:00,431.1099853515625,444.9800109863281,429.1300048828125,434.2099914550781,97108800,0.0,0.0,TSLA
2025-09-23 00:00:00-04:00,439.8800048828125,440.9700012207031,423.7200012207031,425.8500061035156,83422700,0.0,0.0,TSLA
2025-09-24 00:00:00-04:00,429.8299865722656,444.2099914550781,429.0299987792969,442.7900085449219,93133600,0.0,0.0,TSLA
2025-09-25 00:00:00-04:00,435.239990234375,435.3500061035156,419.0799865722656,423.3900146484375,96746400,0.0,0.0,TSLA
2025-09-26 00:00:00-04:00,428.29998779296875,440.4700012207031,421.0199890136719,440.3999938964844,101628200,0.0,0.0,TSLA
2025-09-29 00:00:00-04:00,444.3500061035156,450.9800109863281,439.5,443.2099914550781,79491500,0.0,0.0,TSLA
2025-09-30 00:00:00-04:00,441.5199890136719,445.0,433.1199951171875,444.7200012207031,74358000,0.0,0.0,TSLA
2025-10-01 00:00:00-04:00,443.79998779296875,462.2900085449219,440.75,459.4599914550781,98122300,0.0,0.0,TSLA
2025-10-02 00:00:00-04:00,470.5400085449219,470.75,435.57000732421875,436.0,137009000,0.0,0.0,TSLA
2025-10-03 00:00:00-04:00,443.2900085449219,446.7699890136719,416.5799865722656,429.8299865722656,133188200,0.0,0.0,TSLA
2025-10-06 00:00:00-04:00,440.75,453.54998779296875,436.69000244140625,453.25,85324900,0.0,0.0,TSLA
2025-10-07 00:00:00-04:00,447.82000732421875,452.67999267578125,432.45001220703125,433.0899963378906,102296100,0.0,0.0,TSLA
2025-10-08 00:00:00-04:00,437.57000732421875,441.3299865722656,425.2300109863281,438.69000244140625,71192100,0.0,0.0,TSLA
2025-10-09 00:00:00-04:00,431.80999755859375,436.3500061035156,426.17999267578125,435.5400085449219,69339900,0.0,0.0,TSLA
2025-10-10 00:00:00-04:00,436.5400085449219,443.1300048828125,411.45001220703125,413.489990234375,112107900,0.0,0.0,TSLA
2025-10-13 00:00:00-04:00,423.5299987792969,436.8900146484375,419.70001220703125,435.8999938964844,79552800,0.0,0.0,TSLA
2025-10-14 00:00:00-04:00,426.7900085449219,434.20001220703125,417.8599853515625,429.239990234375,72669400,0.0,0.0,TSLA
2025-10-15 00:00:00-04:00,434.8999938964844,440.510009765625,426.3299865722656,435.1499938964844,71558200,0.0,0.0,TSLA
2025-10-16 00:00:00-04:00,434.7300109863281,439.3500061035156,421.30999755859375,428.75,77189900,0.0,0.0,TSLA
2025-10-17 00:00:00-04:00,425.5,441.4599914550781,423.6000061035156,439.30999755859375,89331600,0.0,0.0,TSLA
2025-10-20 00:00:00-04:00,443.8699951171875,449.79998779296875,440.6099853515625,447.42999267578125,63719000,0.0,0.0,TSLA
2025-10-21 00:00:00-04:00,445.760009765625,449.29998779296875,442.04998779296875,442.6000061035156,54412200,0.0,0.0,TSLA
2025-10-22 00:00:00-04:00,443.45001220703125,445.5400085449219,429.0,438.9700012207031,84023500,0.0,0.0,TSLA
2025-10-23 00:00:00-04:00,420.0,449.3999938964844,413.8999938964844,448.9800109863281,126709800,0.0,0.0,TSLA
2025-10-24 00:00:00-04:00,446.8299865722656,451.67999267578125,430.1700134277344,433.7200012207031,94727800,0.0,0.0,TSLA
2025-10-27 00:00:00-04:00,439.9800109863281,460.1600036621094,438.69000244140625,452.4200134277344,105867500,0.0,0.0,TSLA
2025-10-28 00:00:00-04:00,454.7799987792969,467.0,451.6000061035156,460.54998779296875,80185700,0.0,0.0,TSLA
2025-10-29 00:00:00-04:00,462.5,465.70001220703125,452.6499938964844,461.510009765625,67983500,0.0,0.0,TSLA
2025-10-30 00:00:00-04:00,451.04998779296875,455.05999755859375,439.6099853515625,440.1000061035156,72447900,0.0,0.0,TSLA
2025-10-31 00:00:00-04:00,446.75,458.0,443.69000244140625,456.55999755859375,83135800,0.0,0.0,TSLA
2025-11-03 00:00:00-05:00,455.989990234375,474.07000732421875,453.79998779296875,468.3699951171875,84595200,0.0,0.0,TSLA
2025-11-04 00:00:00-05:00,454.4599914550781,460.2200012207031,443.6000061035156,444.260009765625,87756600,0.0,0.0,TSLA
2025-11-05 00:00:00-05:00,452.04998779296875,466.3299865722656,440.7099914550781,462.07000732421875,85573000,0.0,0.0,TSLA
2025-11-06 00:00:00-05:00,461.9599914550781,467.45001220703125,435.0899963378906,445.9100036621094,109622900,0.0,0.0,TSLA
2025-11-07 00:00:00-05:00,437.9200134277344,439.3599853515625,421.8800048828125,429.5199890136719,103471500,0.0,0.0,TSLA
2025-11-10 00:00:00-05:00,439.6000061035156,449.6700134277344,433.3599853515625,445.2300109863281,76515900,0.0,0.0,TSLA
2025-11-11 00:00:00-05:00,439.3999938964844,442.489990234375,432.3599853515625,439.6199951171875,60533200,0.0,0.0,TSLA
2025-11-12 00:00:00-05:00,442.1499938964844,442.3299865722656,426.55999755859375,430.6000061035156,58513500,0.0,0.0,TSLA
2025-11-13 00:00:00-05:00,423.1300048828125,424.5,396.3399963378906,401.989990234375,118948000,0.0,0.0,TSLA
2025-11-14 00:00:00-05:00,386.29998779296875,412.19000244140625,382.7799987792969,404.3500061035156,105506700,0.0,0.0,TSLA
2025-11-17 00:00:00-05:00,398.739990234375,423.9599914550781,398.739990234375,408.9200134277344,102214300,0.0,0.0,TSLA
2025-11-18 00:00:00-05:00,405.3800048828125,408.8999938964844,393.7099914550781,401.25,80688600,0.0,0.0,TSLA
2025-11-19 00:00:00-05:00,406.17999267578125,411.7799987792969,398.5,403.989990234375,72047700,0.0,0.0,TSLA
2025-11-20 00:00:00-05:00,414.6300048828125,428.94000244140625,394.739990234375,395.2300109863281,113548800,0.0,0.0,TSLA
2025-11-21 00:00:00-05:00,402.32000732421875,402.79998779296875,383.760009765625,391.0899963378906,100460600,0.0,0.0,TSLA
2025-11-24 00:00:00-05:00,402.1700134277344,421.7200012207031,401.0899963378906,417.7799987792969,96806400,0.0,0.0,TSLA
2025-11-25 00:00:00-05:00,414.4200134277344,420.4800109863281,405.95001220703125,419.3999938964844,71915600,0.0,0.0,TSLA
2025-11-26 00:00:00-05:00,423.95001220703125,426.94000244140625,416.8900146484375,426.5799865722656,63463000,0.0,0.0,TSLA
2025-11-28 00:00:00-05:00,426.5899963378906,432.92999267578125,426.20001220703125,430.1700134277344,36252900,0.0,0.0,TSLA
2025-12-01 00:00:00-05:00,425.32000732421875,433.6600036621094,425.2900085449219,430.1400146484375,57463600,0.0,0.0,TSLA
2025-12-02 00:00:00-05:00,430.80999755859375,436.79998779296875,422.1199951171875,429.239990234375,69336600,0.0,0.0,TSLA
2025-12-03 00:00:00-05:00,432.1000061035156,447.9200134277344,431.1099853515625,446.739990234375,87483000,0.0,0.0,TSLA
2025-12-04 00:00:00-05:00,449.94000244140625,454.6300048828125,445.3900146484375,454.5299987792969,71906500,0.0,0.0,TSLA
2025-12-05 00:00:00-05:00,453.0299987792969,458.8699951171875,451.6600036621094,455.0,56427500,0.0,0.0,TSLA
2025-12-08 00:00:00-05:00,447.45001220703125,449.75,435.25,439.5799865722656,69165800,0.0,0.0,TSLA
2025-12-09 00:00:00-05:00,437.5400085449219,452.3900146484375,435.70001220703125,445.1700134277344,62367400,0.0,0.0,TSLA
2025-12-10 00:00:00-05:00,446.07000732421875,456.8800048828125,443.6099853515625,451.45001220703125,63257500,0.0,0.0,TSLA
2025-12-11 00:00:00-05:00,448.95001220703125,449.2699890136719,440.3299865722656,446.8900146484375,55979500,0.0,0.0,TSLA
2025-12-12 00:00:00-05:00,448.0899963378906,463.010009765625,441.6700134277344,458.9599914550781,95656700,0.0,0.0,TSLA
2025-12-15 00:00:00-05:00,469.44000244140625,481.7699890136719,467.6600036621094,475.30999755859375,114542200,0.0,0.0,TSLA
2025-12-16 00:00:00-05:00,472.2099914550781,491.5,465.8299865722656,489.8800048828125,107608100,0.0,0.0,TSLA
2025-12-17 00:00:00-05:00,488.2200012207031,495.2799987792969,466.20001220703125,467.260009765625,106490400,0.0,0.0,TSLA
2025-12-18 00:00:00-05:00,478.1600036621094,490.8599853515625,473.1199951171875,483.3699951171875,95168400,0.0,0.0,TSLA
2025-12-19 00:00:00-05:00,488.1199951171875,490.489990234375,474.7200012207031,481.20001220703125,103305400,0.0,0.0,TSLA
2025-12-22 00:00:00-05:00,489.8800048828125,498.8299865722656,485.3299865722656,488.7300109863281,86916100,0.0,0.0,TSLA
2025-12-23 00:00:00-05:00,489.3999938964844,491.9700012207031,482.8399963378906,485.55999755859375,58223600,0.0,0.0,TSLA
2025-12-24 00:00:00-05:00,488.4800109863281,490.8999938964844,476.79998779296875,485.3999938964844,41285400,0.0,0.0,TSLA
2025-12-26 00:00:00-05:00,485.2300109863281,489.0899963378906,473.82000732421875,475.19000244140625,58780700,0.0,0.0,TSLA
2025-12-29 00:00:00-05:00,469.0,469.3999938964844,459.0,459.6400146484375,66263000,0.0,0.0,TSLA
2025-12-30 00:00:00-05:00,461.0899963378906,463.1199951171875,453.8299865722656,454.42999267578125,59238500,0.0,0.0,TSLA
2025-12-31 00:00:00-05:00,456.1000061035156,456.54998779296875,449.29998779296875,449.7200012207031,49078000,0.0,0.0,TSLA
2026-01-02 00:00:00-05:00,457.79998779296875,458.3399963378906,435.29998779296875,438.07000732421875,85535400,0.0,0.0,TSLA
2026-01-05 00:00:00-05:00,447.989990234375,457.54998779296875,444.57000732421875,451.6700134277344,67940800,0.0,0.0,TSLA
2026-01-06 00:00:00-05:00,446.3800048828125,448.25,428.7799987792969,432.9599914550781,89093800,0.0,0.0,TSLA
2026-01-07 00:00:00-05:00,435.8999938964844,438.3699951171875,431.2900085449219,431.4100036621094,59828800,0.0,0.0,TSLA
2026-01-08 00:00:00-05:00,427.8900146484375,436.8900146484375,424.3699951171875,435.79998779296875,57041100,0.0,0.0,TSLA
2026-01-09 00:00:00-05:00,435.95001220703125,449.04998779296875,430.3900146484375,445.010009765625,67331500,0.0,0.0,TSLA
2026-01-12 00:00:00-05:00,441.2300109863281,454.29998779296875,438.0,448.9599914550781,61649600,0.0,0.0,TSLA
2026-01-13 00:00:00-05:00,450.20001220703125,451.80999755859375,443.95001220703125,447.20001220703125,53719200,0.0,0.0,TSLA
2026-01-14 00:00:00-05:00,442.80999755859375,443.9100036621094,434.2200012207031,439.20001220703125,57259500,0.0,0.0,TSLA
2026-01-15 00:00:00-05:00,441.1300048828125,445.3599853515625,437.6499938964844,438.57000732421875,49465800,0.0,0.0,TSLA
2026-01-16 00:00:00-05:00,439.5,447.25,435.260009765625,437.5,60220600,0.0,0.0,TSLA
2026-01-20 00:00:00-05:00,429.3599853515625,430.7300109863281,417.44000244140625,419.25,63187300,0.0,0.0,TSLA
2026-01-21 00:00:00-05:00,421.6600036621094,438.20001220703125,419.6199951171875,431.44000244140625,68124000,0.0,0.0,TSLA
2026-01-22 00:00:00-05:00,435.1600036621094,449.5,432.6300048828125,449.3599853515625,71546700,0.0,0.0,TSLA
2026-01-23 00:00:00-05:00,447.42999267578125,452.42999267578125,444.0400085449219,449.05999755859375,56636400,0.0,0.0,TSLA
2025-01-24 00:00:00-05:00,124.55000305175781,125.25,122.2300033569336,122.83999633789062,31570300,0.0,0.0,AMD
2025-01-27 00:00:00-05:00,117.80000305175781,118.08000183105469,112.80000305175781,115.01000213623047,61067900,0.0,0.0,AMD
2025-01-28 00:00:00-05:00,115.18000030517578,116.1500015258789,112.94999694824219,114.16999816894531,40554800,0.0,0.0,AMD
2025-01-29 00:00:00-05:00,115.7699966430664,118.5199966430664,114.95999908447266,117.3499984741211,40199100,0.0,0.0,AMD
2025-01-30 00:00:00-05:00,118.52999877929688,120.44000244140625,117.08999633789062,118.86000061035156,29788400,0.0,0.0,AMD
2025-01-31 00:00:00-05:00,119.13999938964844,119.56999969482422,115.33000183105469,115.94999694824219,40463400,0.0,0.0,AMD
2025-02-03 00:00:00-05:00,113.87999725341797,115.16000366210938,112.9800033569336,114.2699966430664,34586100,0.0,0.0,AMD
2025-02-04 00:00:00-05:00,115.44999694824219,119.8499984741211,114.79000091552734,119.5,69412100,0.0,0.0,AMD
2025-02-05 00:00:00-05:00,107.61000061035156,112.08999633789062,106.5,112.01000213623047,110385200,0.0,0.0,AMD
2025-02-06 00:00:00-05:00,110.93000030517578,112.55999755859375,109.0199966430664,110.16000366210938,50426600,0.0,0.0,AMD
2025-02-07 00:00:00-05:00,109.12999725341797,109.91999816894531,106.79000091552734,107.55999755859375,46082500,0.0,0.0,AMD
2025-02-10 00:00:00-05:00,108.44000244140625,111.4000015258789,108.1500015258789,110.4800033569336,34905400,0.0,0.0,AMD
2025-02-11 00:00:00-05:00,108.9800033569336,113.06999969482422,108.94000244140625,111.0999984741211,35033800,0.0,0.0,AMD
2025-02-12 00:00:00-05:00,109.5199966430664,111.83999633789062,109.05999755859375,111.72000122070312,25319700,0.0,0.0,AMD
2025-02-13 00:00:00-05:00,112.0,114.5999984741211,110.4000015258789,111.80999755859375,40911800,0.0,0.0,AMD
2025-02-14 00:00:00-05:00,112.6500015258789,114.62999725341797,111.69999694824219,113.0999984741211,32477200,0.0,0.0,AMD
2025-02-18 00:00:00-05:00,114.05000305175781,115.55000305175781,113.44999694824219,114.27999877929688,31720300,0.0,0.0,AMD
2025-02-19 00:00:00-05:00,114.25,116.11000061035156,113.13999938964844,114.69000244140625,28807700,0.0,0.0,AMD
2025-02-20 00:00:00-05:00,115.01000213623047,116.55000305175781,113.11000061035156,114.16999816894531,27219600,0.0,0.0,AMD
2025-02-21 00:00:00-05:00,114.8499984741211,115.76000213623047,110.43000030517578,110.83999633789062,41353700,0.0,0.0,AMD
2025-02-24 00:00:00-05:00,111.48999786376953,111.5999984741211,107.9800033569336,108.11000061035156,29072200,0.0,0.0,AMD
2025-02-25 00:00:00-05:00,107.88999938964844,108.63999938964844,103.62000274658203,103.95999908447266,39169200,0.0,0.0,AMD
2025-02-26 00:00:00-05:00,104.94999694824219,105.80000305175781,103.98999786376953,104.73999786376953,29178200,0.0,0.0,AMD
2025-02-27 00:00:00-05:00,105.08000183105469,105.76000213623047,99.5,99.51000213623047,47263700,0.0,0.0,AMD
2025-02-28 00:00:00-05:00,99.55999755859375,101.80000305175781,98.69000244140625,99.86000061035156,45194600,0.0,0.0,AMD
2025-03-03 00:00:00-05:00,101.5199966430664,102.33999633789062,97.08999633789062,98.2300033569336,38958000,0.0,0.0,AMD
2025-03-04 00:00:00-05:00,96.0,103.18000030517578,95.88999938964844,100.75,54156900,0.0,0.0,AMD
2025-03-05 00:00:00-05:00,100.36000061035156,101.83999633789062,98.87000274658203,101.66999816894531,27855500,0.0,0.0,AMD
2025-03-06 00:00:00-05:00,99.05000305175781,101.08000183105469,98.2699966430664,98.8499984741211,28985000,0.0,0.0,AMD
2025-03-07 00:00:00-05:00,98.87999725341797,100.6500015258789,96.38999938964844,100.30999755859375,33254400,0.0,0.0,AMD
2025-03-10 00:00:00-04:00,98.56999969482422,101.29000091552734,95.83000183105469,96.62999725341797,38733200,0.0,0.0,AMD
2025-03-11 00:00:00-04:00,96.79000091552734,98.16000366210938,94.7300033569336,96.76000213623047,34078300,0.0,0.0,AMD
2025-03-12 00:00:00-04:00,99.05000305175781,101.72000122070312,98.16999816894531,100.79000091552734,34241300,0.0,0.0,AMD
2025-03-13 00:00:00-04:00,99.72000122070312,100.06999969482422,97.2699966430664,98.11000061035156,28575200,0.0,0.0,AMD
2025-03-14 00:00:00-04:00,99.63999938964844,101.22000122070312,99.58000183105469,100.97000122070312,24715300,0.0,0.0,AMD
2025-03-17 00:00:00-04:00,102.5999984741211,106.1500015258789,102.5999984741211,104.58999633789062,43689500,0.0,0.0,AMD
2025-03-18 00:00:00-04:00,103.8499984741211,104.55000305175781,102.97000122070312,103.51000213623047,27152800,0.0,0.0,AMD
2025-03-19 00:00:00-04:00,104.41999816894531,107.9000015258789,101.95999908447266,106.2300033569336,32287500,0.0,0.0,AMD
2025-03-20 00:00:00-04:00,105.12000274658203,108.26000213623047,105.12000274658203,107.13999938964844,26871800,0.0,0.0,AMD
2025-03-21 00:00:00-04:00,105.33000183105469,107.25,104.33000183105469,106.44000244140625,30767900,0.0,0.0,AMD
2025-03-24 00:00:00-04:00,109.7300033569336,114.8499984741211,109.4000015258789,113.8499984741211,53342000,0.0,0.0,AMD
2025-03-25 00:00:00-04:00,113.2699966430664,114.94999694824219,112.70999908447266,114.80999755859375,29077500,0.0,0.0,AMD
2025-03-26 00:00:00-04:00,114.11000061035156,115.9000015258789,108.68000030517578,110.19000244140625,39824000,0.0,0.0,AMD
2025-03-27 00:00:00-04:00,106.11000061035156,107.62000274658203,105.55000305175781,106.6500015258789,32773700,0.0,0.0,AMD
2025-03-28 00:00:00-04:00,105.52999877929688,106.51000213623047,102.4800033569336,103.22000122070312,31069100,0.0,0.0,AMD
2025-03-31 00:00:00-04:00,100.23999786376953,102.81999969482422,98.80000305175781,102.73999786376953,30865300,0.0,0.0,AMD
2025-04-01 00:00:00-04:00,102.16000366210938,102.83000183105469,100.93000030517578,102.77999877929688,23523200,0.0,0.0,AMD
2025-04-02 00:00:00-04:00,101.5199966430664,104.19000244140625,100.76000213623047,102.95999908447266,20794000,0.0,0.0,AMD
2025-04-03 00:00:00-04:00,97.79000091552734,99.44999694824219,93.63999938964844,93.80000305175781,50472500,0.0,0.0,AMD
2025-04-04 00:00:00-04:00,90.0999984741211,91.08000183105469,83.66999816894531,85.76000213623047,65847000,0.0,0.0,AMD
2025-04-07 00:00:00-04:00,80.68000030517578,89.0,77.75,83.63999938964844,70515400,0.0,0.0,AMD
2025-04-08 00:00:00-04:00,86.1500015258789,88.93000030517578,76.4800033569336,78.20999908447266,69910200,0.0,0.0,AMD
2025-04-09 00:00:00-04:00,79.22000122070312,97.91000366210938,78.87000274658203,96.83999633789062,97827400,0.0,0.0,AMD
2025-04-10 00:00:00-04:00,91.0,92.94999694824219,85.05999755859375,88.69999694824219,65210600,0.0,0.0,AMD
2025-04-11 00:00:00-04:00,90.51000213623047,94.76000213623047,90.5,93.4000015258789,57892600,0.0,0.0,AMD
2025-04-14 00:00:00-04:00,97.11000061035156,97.37000274658203,93.44999694824219,94.5,36003000,0.0,0.0,AMD
2025-04-15 00:00:00-04:00,94.66000366210938,96.8499984741211,94.62000274658203,95.29000091552734,28116500,0.0,0.0,AMD
2025-04-16 00:00:00-04:00,87.61000061035156,90.47000122070312,85.30000305175781,88.29000091552734,62109000,0.0,0.0,AMD
2025-04-17 00:00:00-04:00,88.83999633789062,89.02999877929688,86.5199966430664,87.5,34801400,0.0,0.0,AMD
2025-04-21 00:00:00-04:00,86.0199966430664,86.13999938964844,83.75,85.55999755859375,33855400,0.0,0.0,AMD
2025-04-22 00:00:00-04:00,86.12000274658203,87.16999816894531,85.16999816894531,86.26000213623047,35236700,0.0,0.0,AMD
2025-04-23 00:00:00-04:00,91.87999725341797,93.73999786376953,90.12000274658203,90.38999938964844,41102600,0.0,0.0,AMD
2025-04-24 00:00:00-04:00,91.58999633789062,94.75,90.37000274658203,94.47000122070312,33681900,0.0,0.0,AMD
2025-04-25 00:00:00-04:00,93.27999877929688,97.0999984741211,92.8499984741211,96.6500015258789,28575300,0.0,0.0,AMD
2025-04-28 00:00:00-04:00,95.58000183105469,97.48999786376953,94.2699966430664,96.38999938964844,30456700,0.0,0.0,AMD
2025-04-29 00:00:00-04:00,95.76000213623047,97.18000030517578,95.33000183105469,96.05999755859375,20700600,0.0,0.0,AMD
2025-04-30 00:00:00-04:00,92.80999755859375,97.55000305175781,91.87000274658203,97.3499984741211,29730700,0.0,0.0,AMD
2025-05-01 00:00:00-04:00,99.2699966430664,100.0999984741211,96.44999694824219,96.6500015258789,29591500,0.0,0.0,AMD
2025-05-02 00:00:00-04:00,98.4000015258789,99.87999725341797,98.30000305175781,98.80000305175781,29957900,0.0,0.0,AMD
2025-05-05 00:00:00-04:00,99.0,102.05000305175781,98.76000213623047,100.58999633789062,41268900,0.0,0.0,AMD
2025-05-06 00:00:00-04:00,98.41000366210938,100.06999969482422,97.44000244140625,98.62000274658203,54264300,0.0,0.0,AMD
2025-05-07 00:00:00-04:00,100.75,103.41999816894531,96.87999725341797,100.36000061035156,86474400,0.0,0.0,AMD
2025-05-08 00:00:00-04:00,101.91999816894531,105.44000244140625,101.55999755859375,101.69999694824219,54231400,0.0,0.0,AMD
2025-05-09 00:00:00-04:00,102.58999633789062,103.54000091552734,101.5999984741211,102.83999633789062,31704300,0.0,0.0,AMD
2025-05-12 00:00:00-04:00,110.41999816894531,110.66999816894531,106.9800033569336,108.12000274658203,50543400,0.0,0.0,AMD
2025-05-13 00:00:00-04:00,109.5999984741211,113.12999725341797,109.0,112.45999908447266,55659500,0.0,0.0,AMD
2025-05-14 00:00:00-04:00,119.83000183105469,122.5199966430664,116.58999633789062,117.72000122070312,86743700,0.0,0.0,AMD
2025-05-15 00:00:00-04:00,117.0199966430664,117.5,114.01000213623047,114.98999786376953,43843200,0.0,0.0,AMD
2025-05-16 00:00:00-04:00,118.06999969482422,118.23999786376953,116.01000213623047,117.16999816894531,43419700,0.0,0.0,AMD
2025-05-19 00:00:00-04:00,115.0199966430664,115.52999877929688,114.05999755859375,114.73999786376953,37737400,0.0,0.0,AMD
2025-05-20 00:00:00-04:00,114.3499984741211,114.51000213623047,112.08000183105469,113.51000213623047,29030800,0.0,0.0,AMD
2025-05-21 00:00:00-04:00,113.8499984741211,116.0999984741211,111.08999633789062,112.05999755859375,43594600,0.0,0.0,AMD
2025-05-22 00:00:00-04:00,111.9000015258789,112.63999938964844,110.61000061035156,110.70999908447266,29252000,0.0,0.0,AMD
2025-05-23 00:00:00-04:00,108.08999633789062,111.0199966430664,107.66999816894531,110.30999755859375,30867300,0.0,0.0,AMD
2025-05-27 00:00:00-04:00,113.18000030517578,115.4000015258789,112.2699966430664,114.55999755859375,37885000,0.0,0.0,AMD
2025-05-28 00:00:00-04:00,114.91999816894531,114.94999694824219,112.66000366210938,112.86000061035156,27483700,0.0,0.0,AMD
2025-05-29 00:00:00-04:00,115.48999786376953,115.54000091552734,112.12999725341797,113.02999877929688,30501400,0.0,0.0,AMD
2025-05-30 00:00:00-04:00,111.58000183105469,112.11000061035156,108.62000274658203,110.7300033569336,36088500,0.0,0.0,AMD
2025-06-02 00:00:00-04:00,111.05999755859375,114.86000061035156,111.01000213623047,114.62999725341797,34078400,0.0,0.0,AMD
2025-06-03 00:00:00-04:00,114.5,117.68000030517578,113.27999877929688,117.30999755859375,37161500,0.0,0.0,AMD
2025-06-04 00:00:00-04:00,117.41000366210938,119.30000305175781,115.7300033569336,118.58000183105469,31025000,0.0,0.0,AMD
2025-06-05 00:00:00-04:00,118.94999694824219,119.23999786376953,114.70999908447266,115.69000244140625,34091000,0.0,0.0,AMD
2025-06-06 00:00:00-04:00,117.69000244140625,118.37999725341797,115.87999725341797,116.19000244140625,27042100,0.0,0.0,AMD
2025-06-09 00:00:00-04:00,119.18000030517578,122.37000274658203,119.04000091552734,121.7300033569336,55437700,0.0,0.0,AMD
2025-06-10 00:00:00-04:00,121.11000061035156,124.08999633789062,120.80000305175781,123.23999786376953,41691900,0.0,0.0,AMD
2025-06-11 00:00:00-04:00,124.44000244140625,124.47000122070312,119.87999725341797,121.13999938964844,32261900,0.0,0.0,AMD
2025-06-12 00:00:00-04:00,120.62000274658203,122.25,118.02999877929688,118.5,44718400,0.0,0.0,AMD
2025-06-13 00:00:00-04:00,116.05000305175781,117.87999725341797,115.05999755859375,116.16000366210938,39702700,0.0,0.0,AMD
2025-06-16 00:00:00-04:00,118.63999938964844,128.13999938964844,117.77999877929688,126.38999938964844,100968500,0.0,0.0,AMD
2025-06-17 00:00:00-04:00,127.93000030517578,130.6999969482422,126.58000183105469,127.0999984741211,86623900,0.0,0.0,AMD
2025-06-18 00:00:00-04:00,128.00999450683594,129.2100067138672,125.7699966430664,126.79000091552734,49627100,0.0,0.0,AMD
2025-06-20 00:00:00-04:00,129.0,132.80999755859375,127.55000305175781,128.24000549316406,79931000,0.0,0.0,AMD
2025-06-23 00:00:00-04:00,130.47000122070312,133.25,126.81999969482422,129.5800018310547,65152900,0.0,0.0,AMD
2025-06-24 00:00:00-04:00,133.42999267578125,138.7899932861328,132.92999267578125,138.42999267578125,78572000,0.0,0.0,AMD
2025-06-25 00:00:00-04:00,140.94000244140625,144.17999267578125,139.4600067138672,143.39999389648438,74607200,0.0,0.0,AMD
2025-06-26 00:00:00-04:00,145.97000122070312,146.0,141.91000366210938,143.67999267578125,58180100,0.0,0.0,AMD
2025-06-27 00:00:00-04:00,144.17999267578125,147.75,141.6300048828125,143.80999755859375,61937900,0.0,0.0,AMD
2025-06-30 00:00:00-04:00,144.0,146.0,141.00999450683594,141.89999389648438,42972500,0.0,0.0,AMD
2025-07-01 00:00:00-04:00,138.77000427246094,140.22999572753906,135.1199951171875,136.11000061035156,55257200,0.0,0.0,AMD
2025-07-02 00:00:00-04:00,135.52999877929688,139.77999877929688,135.22000122070312,138.52000427246094,39228000,0.0,0.0,AMD
2025-07-03 00:00:00-04:00,139.11000061035156,139.5,137.32000732421875,137.91000366210938,28646000,0.0,0.0,AMD
2025-07-07 00:00:00-04:00,136.55999755859375,137.44000244140625,133.5,134.8000030517578,37395000,0.0,0.0,AMD
2025-07-08 00:00:00-04:00,137.32000732421875,139.14999389648438,135.91000366210938,137.82000732421875,36124600,0.0,0.0,AMD
2025-07-09 00:00:00-04:00,138.69000244140625,140.64999389648438,137.58999633789062,138.41000366210938,37013100,0.0,0.0,AMD
2025-07-10 00:00:00-04:00,143.0,145.82000732421875,141.85000610351562,144.16000366210938,61101500,0.0,0.0,AMD
2025-07-11 00:00:00-04:00,142.60000610351562,147.39999389648438,141.60000610351562,146.4199981689453,50049200,0.0,0.0,AMD
2025-07-14 00:00:00-04:00,145.08999633789062,147.5800018310547,141.89999389648438,146.24000549316406,44718600,0.0,0.0,AMD
2025-07-15 00:00:00-04:00,153.75,158.67999267578125,153.55999755859375,155.61000061035156,93370100,0.0,0.0,AMD
2025-07-16 00:00:00-04:00,155.30999755859375,160.36000061035156,152.85000610351562,160.0800018310547,59492800,0.0,0.0,AMD
2025-07-17 00:00:00-04:00,161.80999755859375,161.9600067138672,158.67999267578125,160.41000366210938,50605100,0.0,0.0,AMD
2025-07-18 00:00:00-04:00,159.58999633789062,160.8300018310547,155.80999755859375,156.99000549316406,48859800,0.0,0.0,AMD
2025-07-21 00:00:00-04:00,157.6199951171875,160.33999633789062,156.9199981689453,157.0,39021100,0.0,0.0,AMD
2025-07-22 00:00:00-04:00,156.1999969482422,156.22999572753906,149.33999633789062,154.72000122070312,49028000,0.0,0.0,AMD
2025-07-23 00:00:00-04:00,156.32000732421875,159.4499969482422,156.0,158.64999389648438,41510900,0.0,0.0,AMD
2025-07-24 00:00:00-04:00,159.1199951171875,163.92999267578125,158.36000061035156,162.1199951171875,48440100,0.0,0.0,AMD
2025-07-25 00:00:00-04:00,163.50999450683594,167.17999267578125,162.36000061035156,166.47000122070312,53432300,0.0,0.0,AMD
2025-07-28 00:00:00-04:00,169.0800018310547,174.6999969482422,168.6699981689453,173.66000366210938,68267800,0.0,0.0,AMD
2025-07-29 00:00:00-04:00,175.2100067138672,182.30999755859375,174.67999267578125,177.44000244140625,108154800,0.0,0.0,AMD
2025-07-30 00:00:00-04:00,175.61000061035156,180.3699951171875,173.8000030517578,179.50999450683594,64820300,0.0,0.0,AMD
2025-07-31 00:00:00-04:00,182.02000427246094,182.5,173.0,176.30999755859375,71765300,0.0,0.0,AMD
2025-08-01 00:00:00-04:00,170.16000366210938,174.39999389648438,166.82000732421875,171.6999969482422,75396100,0.0,0.0,AMD
2025-08-04 00:00:00-04:00,174.61000061035156,177.86000061035156,173.55999755859375,176.77999877929688,52951000,0.0,0.0,AMD
2025-08-05 00:00:00-04:00,177.57000732421875,177.99000549316406,171.8000030517578,174.30999755859375,88808500,0.0,0.0,AMD
2025-08-06 00:00:00-04:00,165.0500030517578,166.17999267578125,157.8000030517578,163.1199951171875,133641800,0.0,0.0,AMD
2025-08-07 00:00:00-04:00,166.83999633789062,175.75,166.6999969482422,172.39999389648438,95448300,0.0,0.0,AMD
2025-08-08 00:00:00-04:00,174.0399932861328,176.47999572753906,170.52000427246094,172.75999450683594,68866700,0.0,0.0,AMD
2025-08-11 00:00:00-04:00,170.0399932861328,178.82000732421875,169.3800048828125,172.27999877929688,70651000,0.0,0.0,AMD
2025-08-12 00:00:00-04:00,173.32000732421875,175.16000366210938,168.5,174.9499969482422,52243500,0.0,0.0,AMD
2025-08-13 00:00:00-04:00,179.91000366210938,186.64999389648438,179.3800048828125,184.4199981689453,108305100,0.0,0.0,AMD
2025-08-14 00:00:00-04:00,179.8300018310547,185.44000244140625,179.55999755859375,180.9499969482422,66308800,0.0,0.0,AMD
2025-08-15 00:00:00-04:00,180.05999755859375,180.13999938964844,176.25,177.50999450683594,51543100,0.0,0.0,AMD
2025-08-18 00:00:00-04:00,176.75999450683594,178.8000030517578,174.36000061035156,176.13999938964844,35937500,0.0,0.0,AMD
2025-08-19 00:00:00-04:00,173.10000610351562,173.1699981689453,166.10000610351562,166.5500030517578,64455000,0.0,0.0,AMD
2025-08-20 00:00:00-04:00,164.10000610351562,166.64999389648438,158.25,165.1999969482422,60233200,0.0,0.0,AMD
2025-08-21 00:00:00-04:00,165.86000061035156,165.8800048828125,162.25999450683594,163.7100067138672,37880500,0.0,0.0,AMD
2025-08-22 00:00:00-04:00,162.1699981689453,168.52999877929688,161.8000030517578,167.75999450683594,43998600,0.0,0.0,AMD
2025-08-25 00:00:00-04:00,165.5500030517578,165.58999633789062,161.72000122070312,163.36000061035156,36134700,0.0,0.0,AMD
2025-08-26 00:00:00-04:00,168.64999389648438,169.77000427246094,164.91000366210938,166.6199951171875,52138600,0.0,0.0,AMD
2025-08-27 00:00:00-04:00,166.0399932861328,167.67999267578125,164.64999389648438,167.1300048828125,37031000,0.0,0.0,AMD
2025-08-28 00:00:00-04:00,168.5,170.99000549316406,166.64999389648438,168.5800018310547,36285200,0.0,0.0,AMD
2025-08-29 00:00:00-04:00,166.80999755859375,168.57000732421875,161.89999389648438,162.6300048828125,37516800,0.0,0.0,AMD
2025-09-02 00:00:00-04:00,158.4199981689453,162.38999938964844,156.6199951171875,162.32000732421875,38656100,0.0,0.0,AMD
2025-09-03 00:00:00-04:00,161.80999755859375,164.75,160.5800018310547,162.1300048828125,30752800,0.0,0.0,AMD
2025-09-04 00:00:00-04:00,159.94000244140625,162.0500030517578,157.7899932861328,161.7899932861328,32103500,0.0,0.0,AMD
2025-09-05 00:00:00-04:00,157.1199951171875,157.13999938964844,150.17999267578125,151.13999938964844,78256000,0.0,0.0,AMD
2025-09-08 00:00:00-04:00,151.8000030517578,152.63999938964844,149.22000122070312,151.41000366210938,41849000,0.0,0.0,AMD
2025-09-09 00:00:00-04:00,151.99000549316406,156.66000366210938,151.92999267578125,155.82000732421875,42802500,0.0,0.0,AMD
2025-09-10 00:00:00-04:00,163.5399932861328,164.52999877929688,158.0,159.5399932861328,52465300,0.0,0.0,AMD
2025-09-11 00:00:00-04:00,158.6199951171875,160.2100067138672,154.99000549316406,155.6699981689453,48817700,0.0,0.0,AMD
2025-09-12 00:00:00-04:00,157.0,160.41000366210938,154.9199981689453,158.57000732421875,42232800,0.0,0.0,AMD
2025-09-15 00:00:00-04:00,160.00999450683594,162.3000030517578,157.60000610351562,161.16000366210938,36808700,0.0,0.0,AMD
2025-09-16 00:00:00-04:00,161.3699951171875,161.9499969482422,159.22000122070312,160.4600067138672,27946500,0.0,0.0,AMD
2025-09-17 00:00:00-04:00,159.27999877929688,161.6300048828125,155.75999450683594,159.16000366210938,41823800,0.0,0.0,AMD
2025-09-18 00:00:00-04:00,150.9600067138672,158.77000427246094,149.85000610351562,157.9199981689453,84549500,0.0,0.0,AMD
2025-09-19 00:00:00-04:00,157.3800048828125,159.83999633789062,155.89999389648438,157.38999938964844,55448100,0.0,0.0,AMD
2025-09-22 00:00:00-04:00,157.4199981689453,162.67999267578125,157.4199981689453,159.7899932861328,46505500,0.0,0.0,AMD
2025-09-23 00:00:00-04:00,160.52000427246094,163.38999938964844,159.2100067138672,160.89999389648438,39448300,0.0,0.0,AMD
2025-09-24 00:00:00-04:00,162.97999572753906,165.10000610351562,158.42999267578125,160.8800048828125,38464100,0.0,0.0,AMD
2025-09-25 00:00:00-04:00,157.13999938964844,161.6300048828125,154.77999877929688,161.27000427246094,36809900,0.0,0.0,AMD
2025-09-26 00:00:00-04:00,160.52000427246094,162.11000061035156,157.0500030517578,159.4600067138672,30316900,0.0,0.0,AMD
2025-09-29 00:00:00-04:00,160.1199951171875,164.3000030517578,159.89999389648438,161.36000061035156,39828800,0.0,0.0,AMD
2025-09-30 00:00:00-04:00,160.7899932861328,162.27999877929688,159.3300018310547,161.7899932861328,29669300,0.0,0.0,AMD
2025-10-01 00:00:00-04:00,160.92999267578125,164.17999267578125,160.49000549316406,164.00999450683594,39895200,0.0,0.0,AMD
2025-10-02 00:00:00-04:00,168.67999267578125,171.05999755859375,166.1199951171875,169.72999572753906,55475200,0.0,0.0,AMD
2025-10-03 00:00:00-04:00,170.67999267578125,170.67999267578125,163.13999938964844,164.6699981689453,42699100,0.0,0.0,AMD
2025-10-06 00:00:00-04:00,226.4499969482422,226.7100067138672,203.00999450683594,203.7100067138672,248859600,0.0,0.0,AMD
2025-10-07 00:00:00-04:00,214.85000610351562,218.89999389648438,209.27999877929688,211.50999450683594,115748100,0.0,0.0,AMD
2025-10-08 00:00:00-04:00,212.9499969482422,235.8699951171875,210.6999969482422,235.55999755859375,159983500,0.0,0.0,AMD
2025-10-09 00:00:00-04:00,236.3000030517578,240.10000610351562,229.52999877929688,232.88999938964844,94290700,0.0,0.0,AMD
2025-10-10 00:00:00-04:00,232.77000427246094,234.22000122070312,213.1999969482422,214.89999389648438,118656600,0.0,0.0,AMD
2025-10-13 00:00:00-04:00,220.1999969482422,224.19000244140625,214.89999389648438,216.4199981689453,63104000,0.0,0.0,AMD
2025-10-14 00:00:00-04:00,219.1999969482422,224.97999572753906,215.89999389648438,218.08999633789062,71216300,0.0,0.0,AMD
2025-10-15 00:00:00-04:00,222.7100067138672,239.24000549316406,220.75999450683594,238.60000610351562,108481000,0.0,0.0,AMD
2025-10-16 00:00:00-04:00,236.2899932861328,241.1999969482422,232.24000549316406,234.55999755859375,69726400,0.0,0.0,AMD
2025-10-17 00:00:00-04:00,233.25999450683594,235.3800048828125,227.91000366210938,233.0800018310547,55804200,0.0,0.0,AMD
2025-10-20 00:00:00-04:00,236.47000122070312,242.8800048828125,234.39999389648438,240.55999755859375,56741700,0.0,0.0,AMD
2025-10-21 00:00:00-04:00,239.38999938964844,242.25999450683594,234.02000427246094,238.02999877929688,47122400,0.0,0.0,AMD
2025-10-22 00:00:00-04:00,236.85000610351562,240.1300048828125,224.8800048828125,230.22999572753906,59668800,0.0,0.0,AMD
2025-10-23 00:00:00-04:00,230.16000366210938,235.89999389648438,228.5399932861328,234.99000549316406,39024400,0.0,0.0,AMD
2025-10-24 00:00:00-04:00,243.36000061035156,253.38999938964844,241.9499969482422,252.9199981689453,71221100,0.0,0.0,AMD
2025-10-27 00:00:00-04:00,257.8800048828125,260.4200134277344,249.8000030517578,259.6700134277344,65613100,0.0,0.0,AMD
2025-10-28 00:00:00-04:00,259.1400146484375,264.5799865722656,257.0,258.010009765625,47448700,0.0,0.0,AMD
2025-10-29 00:00:00-04:00,264.19000244140625,267.0799865722656,257.3999938964844,264.3299865722656,49335600,0.0,0.0,AMD
2025-10-30 00:00:00-04:00,259.9200134277344,263.8800048828125,252.30999755859375,254.83999633789062,45162500,0.0,0.0,AMD
2025-10-31 00:00:00-04:00,259.6000061035156,262.1300048828125,253.41000366210938,256.1199951171875,34449200,0.0,0.0,AMD
2025-11-03 00:00:00-05:00,259.3299865722656,260.9100036621094,253.88999938964844,259.6499938964844,36351400,0.0,0.0,AMD
2025-11-04 00:00:00-05:00,250.35000610351562,257.3800048828125,247.38999938964844,250.0500030517578,56491800,0.0,0.0,AMD
2025-11-05 00:00:00-05:00,243.24000549316406,259.6499938964844,242.80999755859375,256.3299865722656,67366600,0.0,0.0,AMD
2025-11-06 00:00:00-05:00,253.47000122070312,253.50999450683594,235.74000549316406,237.6999969482422,66049700,0.0,0.0,AMD
2025-11-07 00:00:00-05:00,230.94000244140625,235.8699951171875,224.63999938964844,233.5399932861328,52162600,0.0,0.0,AMD
2025-11-10 00:00:00-05:00,242.13999938964844,248.89999389648438,240.5,243.97999572753906,43361600,0.0,0.0,AMD
2025-11-11 00:00:00-05:00,241.66000366210938,248.4600067138672,234.63999938964844,237.52000427246094,61336800,0.0,0.0,AMD
2025-11-12 00:00:00-05:00,253.1300048828125,263.510009765625,250.0,258.8900146484375,108942000,0.0,0.0,AMD
2025-11-13 00:00:00-05:00,251.89999389648438,259.6300048828125,246.05999755859375,247.9600067138672,63178600,0.0,0.0,AMD
2025-11-14 00:00:00-05:00,240.11000061035156,253.44000244140625,235.0800018310547,246.80999755859375,47655600,0.0,0.0,AMD
2025-11-17 00:00:00-05:00,242.75,248.77000427246094,237.14999389648438,240.52000427246094,37942200,0.0,0.0,AMD
2025-11-18 00:00:00-05:00,236.77999877929688,238.0,224.7100067138672,230.2899932861328,45619900,0.0,0.0,AMD
2025-11-19 00:00:00-05:00,230.25999450683594,235.27999877929688,219.7100067138672,223.5500030517578,52093400,0.0,0.0,AMD
2025-11-20 00:00:00-05:00,232.6999969482422,234.25,204.52999877929688,206.02000427246094,66342900,0.0,0.0,AMD
2025-11-21 00:00:00-05:00,208.80999755859375,208.8300018310547,195.0,203.77999877929688,67421100,0.0,0.0,AMD
2025-11-24 00:00:00-05:00,207.16000366210938,217.1300048828125,205.85000610351562,215.0500030517578,46749600,0.0,0.0,AMD
2025-11-25 00:00:00-05:00,201.47999572753906,206.5800018310547,194.27999877929688,206.1300048828125,69773500,0.0,0.0,AMD
2025-11-26 00:00:00-05:00,210.0500030517578,215.58999633789062,207.0,214.24000549316406,43270200,0.0,0.0,AMD
2025-11-28 00:00:00-05:00,216.13999938964844,218.3000030517578,214.02000427246094,217.52999877929688,18658000,0.0,0.0,AMD
2025-12-01 00:00:00-05:00,213.8800048828125,220.97999572753906,213.5,219.75999450683594,30768700,0.0,0.0,AMD
2025-12-02 00:00:00-05:00,221.7899932861328,225.97999572753906,214.38999938964844,215.24000549316406,42002500,0.0,0.0,AMD
2025-12-03 00:00:00-05:00,216.25999450683594,218.1999969482422,211.77000427246094,217.60000610351562,28545200,0.0,0.0,AMD
2025-12-04 00:00:00-05:00,216.8800048828125,219.1199951171875,214.13999938964844,215.97999572753906,24478200,0.0,0.0,AMD
2025-12-05 00:00:00-05:00,217.1699981689453,223.63999938964844,216.24000549316406,217.97000122070312,33292400,0.0,0.0,AMD
2025-12-08 00:00:00-05:00,219.08999633789062,223.7100067138672,218.36000061035156,221.11000061035156,30943200,0.0,0.0,AMD
2025-12-09 00:00:00-05:00,221.0399932861328,224.83999633789062,217.91000366210938,221.6199951171875,25166100,0.0,0.0,AMD
2025-12-10 00:00:00-05:00,222.0,222.61000061035156,218.6699981689453,221.4199981689453,23279400,0.0,0.0,AMD
2025-12-11 00:00:00-05:00,217.80999755859375,221.5,210.19000244140625,221.42999267578125,30694600,0.0,0.0,AMD
2025-12-12 00:00:00-05:00,218.3699951171875,222.49000549316406,209.05999755859375,210.77999877929688,37073900,0.0,0.0,AMD
2025-12-15 00:00:00-05:00,212.27999877929688,215.36000061035156,206.5800018310547,207.5800018310547,27222200,0.0,0.0,AMD
2025-12-16 00:00:00-05:00,206.9199981689453,210.22000122070312,205.11000061035156,209.1699981689453,23467600,0.0,0.0,AMD
2025-12-17 00:00:00-05:00,210.0399932861328,211.5,197.52999877929688,198.11000061035156,31595400,0.0,0.0,AMD
2025-12-18 00:00:00-05:00,203.82000732421875,206.36000061035156,200.5,201.05999755859375,29720100,0.0,0.0,AMD
2025-12-19 00:00:00-05:00,204.60000610351562,215.17999267578125,204.1999969482422,213.42999267578125,58445500,0.0,0.0,AMD
2025-12-22 00:00:00-05:00,220.0,220.1699981689453,213.30999755859375,214.9499969482422,24950700,0.0,0.0,AMD
2025-12-23 00:00:00-05:00,212.86000061035156,217.02999877929688,212.27999877929688,214.89999389648438,20272300,0.0,0.0,AMD
2025-12-24 00:00:00-05:00,214.97999572753906,216.5399932861328,213.97000122070312,215.0399932861328,7956800,0.0,0.0,AMD
2025-12-26 00:00:00-05:00,215.42999267578125,216.8300018310547,213.02999877929688,214.99000549316406,15792600,0.0,0.0,AMD
2025-12-29 00:00:00-05:00,211.5800018310547,216.0500030517578,209.24000549316406,215.61000061035156,20326900,0.0,0.0,AMD
2025-12-30 00:00:00-05:00,215.8699951171875,216.82000732421875,214.3300018310547,215.33999633789062,16409600,0.0,0.0,AMD
2025-12-31 00:00:00-05:00,215.82000732421875,217.63999938964844,213.8000030517578,214.16000366210938,17591600,0.0,0.0,AMD
2026-01-02 00:00:00-05:00,218.89999389648438,227.14999389648438,218.89999389648438,223.47000122070312,36446200,0.0,0.0,AMD
2026-01-05 00:00:00-05:00,230.25,234.02000427246094,220.47999572753906,221.0800018310547,31941100,0.0,0.0,AMD
2026-01-06 00:00:00-05:00,222.7100067138672,222.9199981689453,211.25,214.35000610351562,40033200,0.0,0.0,AMD
2026-01-07 00:00:00-05:00,212.1300048828125,212.1300048828125,207.1699981689453,210.02000427246094,29715500,0.0,0.0,AMD
2026-01-08 00:00:00-05:00,210.89999389648438,210.94000244140625,203.3300018310547,204.67999267578125,27505000,0.0,0.0,AMD
2026-01-09 00:00:00-05:00,205.72000122070312,207.3000030517578,203.07000732421875,203.1699981689453,24217300,0.0,0.0,AMD
2026-01-12 00:00:00-05:00,201.17999267578125,209.8800048828125,199.8000030517578,207.69000244140625,27287300,0.0,0.0,AMD
2026-01-13 00:00:00-05:00,215.10000610351562,223.11000061035156,214.97999572753906,220.97000122070312,56894900,0.0,0.0,AMD
2026-01-14 00:00:00-05:00,217.5399932861328,224.08999633789062,215.11000061035156,223.60000610351562,40466500,0.0,0.0,AMD
2026-01-15 00:00:00-05:00,227.89999389648438,238.35000610351562,227.22000122070312,227.9199981689453,55270200,0.0,0.0,AMD
2026-01-16 00:00:00-05:00,234.3000030517578,234.49000549316406,228.86000061035156,231.8300018310547,42545600,0.0,0.0,AMD
2026-01-20 00:00:00-05:00,226.0800018310547,239.5,225.41000366210938,231.9199981689453,44327700,0.0,0.0,AMD
2026-01-21 00:00:00-05:00,235.99000549316406,252.89999389648438,235.77999877929688,249.8000030517578,62385600,0.0,0.0,AMD
2026-01-22 00:00:00-05:00,251.75,256.0799865722656,246.6300048828125,253.72999572753906,37945000,0.0,0.0,AMD
2026-01-23 00:00:00-05:00,261.17999267578125,266.9599914550781,256.25,259.67999267578125,47426900,0.0,0.0,AMD
2025-01-24 00:00:00-05:00,634.3995455880619,649.9504837452617,632.2064489650473,645.4546508789062,19065300,0.0,0.0,META
2025-01-27 00:00:00-05:00,624.6402872001196,661.7831731182577,623.1350240288891,657.8057250976562,28399200,0.0,0.0,META
2025-01-28 00:00:00-05:00,663.9064343650558,680.4343323047402,657.396932162672,672.2102661132812,20950100,0.0,0.0,META
2025-01-29 00:00:00-05:00,672.8782187611764,678.9091891458575,663.5775294568425,674.363525390625,21377800,0.0,0.0,META
2025-01-30 00:00:00-05:00,694.6296546921253,708.5557128184324,673.9747533685537,684.8405151367188,29322900,0.0,0.0,META
2025-01-31 00:00:00-05:00,688.8278971175284,703.082934049854,683.4249514874042,687.0136108398438,19303900,0.0,0.0,META
2025-02-03 00:00:00-05:00,673.7853303532094,701.7870595426608,673.1274317559399,695.2676391601562,21415700,0.0,0.0,META
2025-02-04 00:00:00-05:00,700.291750368734,705.4853950757674,689.435967564897,701.9764404296875,13826300,0.0,0.0,META
2025-02-05 00:00:00-05:00,701.338499801199,715.8826654247008,696.8127924114283,702.6543579101562,17778200,0.0,0.0,META
2025-02-06 00:00:00-05:00,703.6611131134636,716.6402049884904,701.2885896343017,709.7518920898438,13080700,0.0,0.0,META
2025-02-07 00:00:00-05:00,714.5467269625192,722.7309407303161,709.5126138066624,712.27392578125,16427100,0.0,0.0,META
2025-02-10 00:00:00-05:00,716.3012242622654,718.932940098342,709.0939710353202,715.1448974609375,12904300,0.0,0.0,META
2025-02-11 00:00:00-05:00,711.077742352479,721.3852053088176,707.8080235680292,717.537353515625,12998000,0.0,0.0,META
2025-02-12 00:00:00-05:00,713.0515218383842,724.8144176821432,710.3599968194253,723.099853515625,12016500,0.0,0.0,META
2025-02-13 00:00:00-05:00,719.2519879198333,726.7084557601091,715.7828856053137,726.2698364257812,12569100,0.0,0.0,META
2025-02-14 00:00:00-05:00,723.8575012483883,738.58103257134,723.3391163213805,734.3543701171875,16901200,0.0,0.0,META
2025-02-18 00:00:00-05:00,733.6864641630071,734.6833207719243,704.2193852371487,714.1181640625,21938700,0.0,0.0,META
2025-02-19 00:00:00-05:00,701.886719169158,704.7776276936228,693.2041369812721,701.5578002929688,17535500,0.0,0.0,META
2025-02-20 00:00:00-05:00,695.088155137264,703.4118828816584,691.4595827411689,692.6558227539062,12587400,0.0,0.0,META
2025-02-21 00:00:00-05:00,694.3903766528952,701.6574392501641,680.2150443830811,681.4013061523438,15660400,0.0,0.0,META
2025-02-24 00:00:00-05:00,684.122756243814,685.1096345134455,660.3676471383606,666.02978515625,15677000,0.0,0.0,META
2025-02-25 00:00:00-05:00,663.8765739042495,665.9002220472909,639.8423754025094,655.4332275390625,20579700,0.0,0.0,META
2025-02-26 00:00:00-05:00,657.5764529173535,680.8630075132187,655.9316152590968,671.582275390625,14488700,0.0,0.0,META
2025-02-27 00:00:00-05:00,680.3048193549045,686.4853426299528,655.5030215314821,656.1708984375,12500000,0.0,0.0,META
2025-02-28 00:00:00-05:00,655.9714518798419,667.5250458825946,640.579984557629,666.0995483398438,17534200,0.0,0.0,META
2025-03-03 00:00:00-05:00,671.5622863758869,679.1084974580099,648.7941177590432,652.9908447265625,10843800,0.0,0.0,META
2025-03-04 00:00:00-05:00,643.4808482225519,647.7075100421906,621.6895797629608,637.9881591796875,21495200,0.0,0.0,META
2025-03-05 00:00:00-05:00,638.985150066886,657.4269991717806,635.6556218898671,654.406494140625,13770000,0.0,0.0,META
2025-03-06 00:00:00-05:00,645.963033649381,648.5149839411777,622.1481164638366,625.9561157226562,13446500,0.0,0.0,META
2025-03-07 00:00:00-05:00,623.4041708110899,632.7945424007281,598.7219930959255,623.6932373046875,21375700,0.0,0.0,META
2025-03-10 00:00:00-04:00,606.1586224627868,608.1921880983464,585.0252495931782,596.1102905273438,21999900,0.0,0.0,META
2025-03-11 00:00:00-04:00,593.1795648557367,612.9970808420062,591.4650005432014,603.8060913085938,17401500,0.0,0.0,META
2025-03-12 00:00:00-04:00,627.9200120605409,631.3392229811113,607.4345597540354,617.6124877929688,15747000,0.0,0.0,META
2025-03-13 00:00:00-04:00,618.300295022882,618.549509168397,584.666363679096,588.7833862304688,16480300,0.0,0.0,META
2025-03-14 00:00:00-04:00,601.43972556622,607.4860482974414,593.4378646925935,606.2288818359375,12364500,0.525,0.0,META
2025-03-17 00:00:00-04:00,606.0892549627374,611.7164817099355,596.6505800508986,603.5350341796875,15473900,0.0,0.0,META
2025-03-18 00:00:00-04:00,598.695920754158,598.895481615564,573.3632009688982,581.0458374023438,20297700,0.0,0.0,META
2025-03-19 00:00:00-04:00,582.9616006660708,590.9834364727485,573.473050249603,582.7420654296875,20537500,0.0,0.0,META
2025-03-20 00:00:00-04:00,581.4449335433823,608.8230139342973,578.2022676048324,584.6776123046875,24336500,0.0,0.0,META
2025-03-21 00:00:00-04:00,582.1034753081934,596.1916081624212,579.6390781803701,594.904541015625,25015900,0.0,0.0,META
2025-03-24 00:00:00-04:00,613.5822418688982,621.1351668672481,610.818534005287,617.4534912109375,15741300,0.0,0.0,META
2025-03-25 00:00:00-04:00,625.3457252697278,632.4496541118687,619.7782994932003,624.896728515625,15312500,0.0,0.0,META
2025-03-26 00:00:00-04:00,623.479902445872,625.3356905979604,605.2411234358802,609.6012573242188,12609800,0.0,0.0,META
2025-03-27 00:00:00-04:00,600.6415066398952,612.8638628796605,598.7457698845544,601.22021484375,10436500,0.0,0.0,META
2025-03-28 00:00:00-04:00,598.9553576126906,600.3921105915904,572.624893809918,575.4385375976562,17602800,0.0,0.0,META
2025-03-31 00:00:00-04:00,562.2284810192266,577.3941949049992,552.0514847999954,575.0594482421875,21124700,0.0,0.0,META
2025-04-01 00:00:00-04:00,569.5518496754252,588.5787620697387,568.713718453365,584.6776123046875,12836600,0.0,0.0,META
2025-04-02 00:00:00-04:00,573.612639602056,591.3225852084037,572.0661494891557,582.6123046875,13470800,0.0,0.0,META
2025-04-03 00:00:00-04:00,544.9873786131755,551.3130986556911,529.1033205063213,530.4203491210938,34777500,0.0,0.0,META
2025-04-04 00:00:00-04:00,505.4767837476822,516.8311091249631,493.0848271014097,503.591064453125,38589800,0.0,0.0,META
2025-04-07 00:00:00-04:00,484.0053216518451,538.1528441381656,480.8125306436679,515.0850219726562,36606100,0.0,0.0,META
2025-04-08 00:00:00-04:00,542.0241297513288,546.1946900687835,501.72525715038495,509.29815673828125,28034200,0.0,0.0,META
2025-04-09 00:00:00-04:00,508.1207792653783,586.563392325636,500.9769327422793,584.4481811523438,39216600,0.0,0.0,META
2025-04-10 00:00:00-04:00,574.1914363860034,579.9883240820161,534.0921199395266,545.0573120117188,28173500,0.0,0.0,META
2025-04-11 00:00:00-04:00,534.3016346023475,546.1648195031983,527.397266592616,542.3434448242188,17642300,0.0,0.0,META
2025-04-14 00:00:00-04:00,554.9149264864913,556.5113524556241,527.0879095050198,530.2806396484375,14130900,0.0,0.0,META
2025-04-15 00:00:00-04:00,530.9092700648307,536.7261316213554,516.3322523952014,520.3432006835938,15558700,0.0,0.0,META
2025-04-16 00:00:00-04:00,507.36253528750194,512.2115538752881,494.5115946838527,501.176513671875,18735100,0.0,0.0,META
2025-04-17 00:00:00-04:00,504.109870459736,506.1552323217004,496.8862177349848,500.348388671875,14593500,0.0,0.0,META
2025-04-21 00:00:00-04:00,490.22127698998224,492.38639367876976,478.71729620364266,483.56634521484375,16166000,0.0,0.0,META
2025-04-22 00:00:00-04:00,490.7600664511802,505.7362053967078,485.26249029169,499.1510925292969,17399400,0.0,0.0,META
2025-04-23 00:00:00-04:00,527.3373790061787,534.1320095182137,515.3544703338583,519.0960083007812,18173900,0.0,0.0,META
2025-04-24 00:00:00-04:00,517.5594556288198,532.6952680588365,516.3322506362241,531.9469604492188,13910000,0.0,0.0,META
2025-04-25 00:00:00-04:00,545.566124111354,548.6192167322417,535.0399425493104,546.0350952148438,17098900,0.0,0.0,META
2025-04-28 00:00:00-04:00,554.3862228326028,557.2297674992926,539.3701950695558,548.49951171875,15179000,0.0,0.0,META
2025-04-29 00:00:00-04:00,544.7679463052672,555.3141023170735,542.8921836696377,553.1889038085938,11835000,0.0,0.0,META
2025-04-30 00:00:00-04:00,537.1851129255415,547.8609194224242,528.305171612182,547.7611694335938,29244000,0.0,0.0,META
2025-05-01 00:00:00-04:00,590.7439183241091,591.6119501941531,569.2125991017259,570.9187622070312,31159000,0.0,0.0,META
2025-05-02 00:00:00-04:00,582.1434519633877,602.976341384666,577.025022870384,595.6728515625,24739300,0.0,0.0,META
2025-05-05 00:00:00-04:00,589.8858412822701,601.8488361583287,586.7230116613694,597.917724609375,13887700,0.0,0.0,META
2025-05-06 00:00:00-04:00,591.1929940245881,594.6850963262071,585.2564079323492,585.9847412109375,10600700,0.0,0.0,META
2025-05-07 00:00:00-04:00,589.0277995025451,601.7191276587725,585.3461237925522,595.4632568359375,13139100,0.0,0.0,META
2025-05-08 00:00:00-04:00,604.9218677784463,609.9205723172726,595.2737054544873,596.6605834960938,14622800,0.0,0.0,META
2025-05-09 00:00:00-04:00,602.3577169402795,605.6003835325008,590.3748678564078,591.153076171875,10427300,0.0,0.0,META
2025-05-12 00:00:00-04:00,629.4962543948571,638.9449161423443,619.6286183644004,637.987060546875,21965100,0.0,0.0,META
2025-05-13 00:00:00-04:00,644.083302386897,659.4286019389394,641.3794565378789,654.5496826171875,18570800,0.0,0.0,META
2025-05-14 00:00:00-04:00,659.7179321317063,661.1745985140565,652.8334783472295,657.8720703125,12348200,0.0,0.0,META
2025-05-15 00:00:00-04:00,652.8036193165813,655.8267503294444,637.1390348372435,642.4270629882812,14341800,0.0,0.0,META
2025-05-16 00:00:00-04:00,636.5204462352993,638.9948305544648,624.7370982869602,638.8950805664062,18519000,0.0,0.0,META
2025-05-19 00:00:00-04:00,626.8323547421304,641.5490713874889,626.3833579870233,638.98486328125,9592400,0.0,0.0,META
2025-05-20 00:00:00-04:00,634.5748472134089,637.9072763695222,630.8333091235804,635.662353515625,6743500,0.0,0.0,META
2025-05-21 00:00:00-04:00,630.3643287848374,645.1508944069866,628.7479892254967,634.0659790039062,11464600,0.0,0.0,META
2025-05-22 00:00:00-04:00,632.6192119816805,641.7984637515493,629.2867830155565,635.133544921875,8228400,0.0,0.0,META
2025-05-23 00:00:00-04:00,622.5919269408028,631.0228714642786,621.2449976116812,625.64501953125,8454100,0.0,0.0,META
2025-05-27 00:00:00-04:00,633.9761034753569,641.6288391569669,631.322132840975,640.8705444335938,9508400,0.0,0.0,META
2025-05-28 00:00:00-04:00,641.1499165908115,649.4112615873161,641.1000415977985,642.1277465820312,9042900,0.0,0.0,META
2025-05-29 00:00:00-04:00,650.1795649115138,651.8457794764735,638.0569572367845,643.5944213867188,8858800,0.0,0.0,META
2025-05-30 00:00:00-04:00,641.0501397655987,647.9445199213626,631.3521030687026,646.0288696289062,16241000,0.0,0.0,META
2025-06-02 00:00:00-04:00,642.9359196596392,671.7407683371362,642.8062081386795,669.3861083984375,15766300,0.0,0.0,META
2025-06-03 00:00:00-04:00,669.9348099310185,674.0554949945077,663.5293144324946,665.3451538085938,11585000,0.0,0.0,META
2025-06-04 00:00:00-04:00,667.8096186265605,687.4452013964936,667.0613110778705,686.3975830078125,14031900,0.0,0.0,META
2025-06-05 00:00:00-04:00,690.0991647687987,692.8130584501095,680.7104262850396,683.0750732421875,13083100,0.0,0.0,META
2025-06-06 00:00:00-04:00,694.5990561951916,701.2240874679378,690.3087714429512,696.1356201171875,11728000,0.0,0.0,META
2025-06-09 00:00:00-04:00,696.8839311085023,703.5987252238476,692.3741111037318,692.4938354492188,12773200,0.0,0.0,META
2025-06-10 00:00:00-04:00,699.7673231326536,701.6430856337115,689.9994369756769,700.8150024414062,10850100,0.0,0.0,META
2025-06-11 00:00:00-04:00,702.1220817843749,707.2704113136799,690.4284966062165,692.5736694335938,9582500,0.0,0.0,META
2025-06-12 00:00:00-04:00,691.7355479828731,693.8108714889893,685.4497761885773,691.79541015625,7322700,0.0,0.0,META
2025-06-13 00:00:00-04:00,686.3976556130428,693.00271273635,679.4733132608307,681.3291015625,9274400,0.0,0.0,META
2025-06-16 00:00:00-04:00,698.2888218186604,706.097186349852,692.4774795938313,701.0746459960938,13720300,0.525,0.0,META
2025-06-17 00:00:00-04:00,700.9548121157454,704.9188720421186,695.0236535754563,696.19189453125,10066100,0.0,0.0,META
2025-06-18 00:00:00-04:00,697.1405159449071,700.5454731369719,693.8654310237622,694.734130859375,10068300,0.0,0.0,META
2025-06-20 00:00:00-04:00,699.7066745861354,700.7750888089137,677.659531763817,681.3340454101562,22538600,0.0,0.0,META
2025-06-23 00:00:00-04:00,682.6721183845542,698.009235646563,677.7394706648903,697.4900512695312,11080100,0.0,0.0,META
2025-06-24 00:00:00-04:00,703.840534417847,712.1281647182683,701.0646441862544,711.1396484375,13823200,0.0,0.0,META
2025-06-25 00:00:00-04:00,712.2579843149763,715.5131404309827,704.329803307428,707.6248779296875,9320400,0.0,0.0,META
2025-06-26 00:00:00-04:00,713.2963951875835,727.1357448031094,709.9913257897466,725.0089721679688,13964800,0.0,0.0,META
2025-06-27 00:00:00-04:00,725.4383202717177,734.335027558332,724.7792688020234,732.5377197265625,18775700,0.0,0.0,META
2025-06-30 00:00:00-04:00,743.4414931754206,746.7865422233173,733.1568401231899,736.9911499023438,15402100,0.0,0.0,META
2025-07-01 00:00:00-04:00,735.7829112020786,736.6516110389775,714.3049263192432,718.149169921875,13431200,0.0,0.0,META
2025-07-02 00:00:00-04:00,714.2649576351612,719.2275285170003,711.7386953151484,712.507568359375,9336700,0.0,0.0,META
2025-07-03 00:00:00-04:00,725.5281745483136,727.9446154194361,713.3563211505465,717.9395141601562,8601700,0.0,0.0,META
2025-07-07 00:00:00-04:00,716.5315731843128,725.9176023238477,712.4476967305745,717.2804565429688,9457100,0.0,0.0,META
2025-07-08 00:00:00-04:00,720.4956692403485,721.8336399994789,713.7457243829997,719.5969848632812,7770700,0.0,0.0,META
2025-07-09 00:00:00-04:00,721.6439452565418,736.4319538163115,721.6439452565418,731.6890258789062,11418000,0.0,0.0,META
2025-07-10 00:00:00-04:00,730.4608071076664,734.704479422628,718.5285868802704,726.1572265625,9913600,0.0,0.0,META
2025-07-11 00:00:00-04:00,721.4243335394181,724.080346484783,708.6434025181652,716.4417724609375,10873900,0.0,0.0,META
2025-07-14 00:00:00-04:00,716.5315544248375,726.9160944373699,715.4831299390246,719.8466186523438,8939400,0.0,0.0,META
2025-07-15 00:00:00-04:00,722.8222937420867,723.3913915043134,708.7632387544227,709.3323974609375,11529500,0.0,0.0,META
2025-07-16 00:00:00-04:00,712.3078512596281,712.9069335357998,698.2288692710704,701.8634033203125,13067600,0.0,0.0,META
2025-07-17 00:00:00-04:00,703.3412662167694,704.8490277671435,696.0720759709156,700.3656616210938,11803300,0.0,0.0,META
2025-07-18 00:00:00-04:00,701.1445302429636,703.6607977835126,690.6202449112741,703.2314453125,12779800,0.0,0.0,META
2025-07-21 00:00:00-04:00,705.7476506911312,715.932476351091,704.7092210614702,711.908447265625,9404400,0.0,0.0,META
2025-07-22 00:00:00-04:00,715.1236815394241,715.5330442831794,700.3656579311477,703.7606201171875,8921100,0.0,0.0,META
2025-07-23 00:00:00-04:00,705.3182910497592,713.5660026063329,703.880432607157,712.517578125,8771600,0.0,0.0,META
2025-07-24 00:00:00-04:00,715.9824289621253,722.5426547237513,712.9369820539731,713.7357788085938,10920800,0.0,0.0,META
2025-07-25 00:00:00-04:00,715.8525738749273,719.5770617883383,710.8400895031193,711.618896484375,8271700,0.0,0.0,META
2025-07-28 00:00:00-04:00,714.1352096135126,723.6609843506268,711.6189419324959,716.5615844726562,8715700,0.0,0.0,META
2025-07-29 00:00:00-04:00,718.9279854910714,723.3913008144071,698.8678708582052,698.957763671875,13267000,0.0,0.0,META
2025-07-30 00:00:00-04:00,707.0357546566921,707.4451173939698,690.170887478499,694.1749267578125,27077300,0.0,0.0,META
2025-07-31 00:00:00-04:00,774.0458414913344,783.5816106103192,764.3702661872821,772.2884521484375,38831100,0.0,0.0,META
2025-08-01 00:00:00-04:00,759.5973820600149,764.8595554226001,744.2003568990668,748.8933715820312,19028700,0.0,0.0,META
2025-08-04 00:00:00-04:00,758.8684883686742,775.6933771870287,757.2808287946278,775.214111328125,15801700,0.0,0.0,META
2025-08-05 00:00:00-04:00,775.2939526074297,781.9639994147884,761.863966178597,762.3233032226562,11640300,0.0,0.0,META
2025-08-06 00:00:00-04:00,768.853609707056,772.488205034118,759.327834976083,770.8406372070312,9733900,0.0,0.0,META
2025-08-07 00:00:00-04:00,772.3383525306105,773.8461140652291,758.4191051508143,760.6957397460938,9019700,0.0,0.0,META
2025-08-08 00:00:00-04:00,761.6144268371896,768.7538063796192,757.4506521481833,768.1546630859375,7320800,0.0,0.0,META
2025-08-11 00:00:00-04:00,768.9334902466898,772.3084628390361,763.531510748687,764.729736328125,7612000,0.0,0.0,META
2025-08-12 00:00:00-04:00,771.849102319645,792.4883102810505,771.2799436630941,788.8237915039062,14563100,0.0,0.0,META
2025-08-13 00:00:00-04:00,789.9721665216805,794.2757473900336,777.0713578354987,778.9186401367188,8811800,0.0,0.0,META
2025-08-14 00:00:00-04:00,776.7218428333804,786.6370510429252,771.3598429397638,780.9655151367188,8116200,0.0,0.0,META
2025-08-15 00:00:00-04:00,782.9825648931883,795.0645257736991,779.6575056048304,784.0609130859375,13375400,0.0,0.0,META
2025-08-18 00:00:00-04:00,773.9360156125421,774.6549143701418,755.4335751910228,766.2274780273438,16513700,0.0,0.0,META
2025-08-19 00:00:00-04:00,765.977874147037,766.0277875160474,748.2443062415024,750.3611450195312,12286700,0.0,0.0,META
2025-08-20 00:00:00-04:00,746.4570103778062,749.083099657565,729.911672806752,746.6067504882812,11898200,0.0,0.0,META
2025-08-21 00:00:00-04:00,743.6012666698691,744.3900685450179,732.0185006665147,737.9995727539062,8876300,0.0,0.0,META
2025-08-22 00:00:00-04:00,738.1293678852983,755.7731035460037,733.2966081137474,753.6661987304688,10612700,0.0,0.0,META
2025-08-25 00:00:00-04:00,753.6961621486424,757.7501148109367,749.0131426125197,752.1784057617188,6861200,0.0,0.0,META
2025-08-26 00:00:00-04:00,749.6821592803592,753.7461069744401,746.8264320177999,752.9772338867188,7601800,0.0,0.0,META
2025-08-27 00:00:00-04:00,751.1799307743298,753.0272129802489,741.7340542390842,746.2672729492188,8315400,0.0,0.0,META
2025-08-28 00:00:00-04:00,742.8922995313089,751.9288132977724,739.6970516455432,749.99169921875,7468000,0.0,0.0,META
2025-08-29 00:00:00-04:00,744.1704403453122,746.0276565106426,734.2551707121078,737.6002197265625,9070500,0.0,0.0,META
2025-09-02 00:00:00-04:00,724.9589996576248,734.9041924629622,720.655419120511,734.0155029296875,9350900,0.0,0.0,META
2025-09-03 00:00:00-04:00,734.9042121918441,739.1478846127889,732.8971950134412,735.95263671875,7699300,0.0,0.0,META
2025-09-04 00:00:00-04:00,747.4555024338443,760.0267237435045,744.7095967582477,747.535400390625,11439100,0.0,0.0,META
2025-09-05 00:00:00-04:00,751.4994417417535,756.821523128746,743.9207763942886,751.3297119140625,9663400,0.0,0.0,META
2025-09-08 00:00:00-04:00,754.8743737770961,765.3687349414048,750.9003191950952,751.1798706054688,13087800,0.0,0.0,META
2025-09-09 00:00:00-04:00,756.3621991005824,765.1590798691678,752.3082462809408,764.5599975585938,10999000,0.0,0.0,META
2025-09-10 00:00:00-04:00,763.990858904295,764.5600175863916,749.8818911499914,750.8604125976562,12478300,0.0,0.0,META
2025-09-11 00:00:00-04:00,753.5264602522736,755.9727638030715,747.2557810059183,749.7820434570312,7923300,0.0,0.0,META
2025-09-12 00:00:00-04:00,747.6151944100551,756.4420593260343,742.6526235095245,754.4650268554688,8248600,0.0,0.0,META
2025-09-15 00:00:00-04:00,756.3421855933647,772.9175066813722,750.8703641812288,763.5614624023438,10533800,0.0,0.0,META
2025-09-16 00:00:00-04:00,765.8580156945753,780.1966205012909,763.960820221922,777.8401489257812,11782500,0.0,0.0,META
2025-09-17 00:00:00-04:00,778.828725718326,782.1238004242355,765.1691000860621,774.5650634765625,9400900,0.0,0.0,META
2025-09-18 00:00:00-04:00,779.5875734416616,787.6056471582369,772.2085614820411,779.0883178710938,10955000,0.0,0.0,META
2025-09-19 00:00:00-04:00,785.2490765825911,789.6225600448605,768.0447499547826,777.2210693359375,23696800,0.0,0.0,META
2025-09-22 00:00:00-04:00,781.2128396094075,785.0896826443245,763.8469978355404,764.5364379882812,11706900,0.525,0.0,META
2025-09-23 00:00:00-04:00,768.6231126086477,769.9719880546131,750.4579354131178,754.784423828125,10872600,0.0,0.0,META
2025-09-24 00:00:00-04:00,756.8827020619125,760.4897455830934,751.9167814613187,760.0401000976562,8828200,0.0,0.0,META
2025-09-25 00:00:00-04:00,752.8360219788784,756.1533238123261,743.9432502397539,748.2996826171875,10591100,0.0,0.0,META
2025-09-26 00:00:00-04:00,749.3888277967437,751.3172477286904,736.7491118404043,743.1439208984375,9696300,0.0,0.0,META
2025-09-29 00:00:00-04:00,748.1098002440084,750.1681799899285,738.5476529969768,742.794189453125,9246800,0.0,0.0,META
2025-09-30 00:00:00-04:00,741.6451369970716,742.3645209926972,725.7081225297242,733.7815551757812,16226800,0.0,0.0,META
2025-10-01 00:00:00-04:00,720.9020135039985,721.2617054862658,709.6212362201944,716.7554321289062,20419600,0.0,0.0,META
2025-10-02 00:00:00-04:00,721.9911913779041,727.176964520395,717.5548070653372,726.45751953125,11415300,0.0,0.0,META
2025-10-03 00:00:00-04:00,729.0354240673363,730.4043027655052,709.6012618171895,709.98095703125,16154300,0.0,0.0,META
2025-10-06 00:00:00-04:00,704.6153434967972,716.2958197616522,689.9473135389625,715.0767822265625,21654700,0.0,0.0,META
2025-10-07 00:00:00-04:00,717.135073707775,717.9144673294414,705.1748577839295,712.4989013671875,12062900,0.0,0.0,META
2025-10-08 00:00:00-04:00,712.8686286502683,719.063588526951,707.233209995552,717.2550659179688,10790600,0.0,0.0,META
2025-10-09 00:00:00-04:00,717.694662739213,732.9122314453125,711.8593952481671,732.9122314453125,12717200,0.0,0.0,META
2025-10-10 00:00:00-04:00,730.3243364156914,734.6708280741015,703.9358854737135,704.7252197265625,16980100,0.0,0.0,META
2025-10-13 00:00:00-04:00,712.4289500007787,719.353295154282,707.0633311027989,715.1167602539062,9251800,0.0,0.0,META
2025-10-14 00:00:00-04:00,707.2032236513401,714.966850016347,698.7600977854659,708.072509765625,8829800,0.0,0.0,META
2025-10-15 00:00:00-04:00,716.4756800447307,723.3101331023296,708.9318445822669,716.9652709960938,10246800,0.0,0.0,META
2025-10-16 00:00:00-04:00,716.9652609619593,724.898793146875,703.3064176322127,711.48974609375,9017000,0.0,0.0,META
2025-10-17 00:00:00-04:00,706.5038073054051,717.9544293541486,705.5445676686097,716.3357543945312,12232400,0.0,0.0,META
2025-10-20 00:00:00-04:00,720.602270855396,733.1720358988009,719.5930841941394,731.5733032226562,8900200,0.0,0.0,META
2025-10-21 00:00:00-04:00,735.4202444049121,737.898203963144,728.156149137632,732.6724853515625,7647300,0.0,0.0,META
2025-10-22 00:00:00-04:00,733.2320185457676,739.9964601984101,723.4400167690366,732.8123168945312,8734500,0.0,0.0,META
2025-10-23 00:00:00-04:00,734.1012972282697,741.8049752352916,732.5025644943078,733.40185546875,9856000,0.0,0.0,META
2025-10-24 00:00:00-04:00,736.1895728454068,740.6060149267306,730.5542151922721,737.75830078125,9151300,0.0,0.0,META
2025-10-27 00:00:00-04:00,749.1189913399045,755.1341048828856,747.4004223192904,750.2081298828125,11321100,0.0,0.0,META
2025-10-28 00:00:00-04:00,752.0166693998259,757.7819868095911,744.9124781386814,750.82763671875,12193800,0.0,0.0,META
2025-10-29 00:00:00-04:00,754.1349412128479,758.5413205942342,741.9049255575367,751.0574340820312,26818600,0.0,0.0,META
2025-10-30 00:00:00-04:00,668.6047496805471,680.405123547836,649.6401745693712,665.9268798828125,88440100,0.0,0.0,META
2025-10-31 00:00:00-04:00,673.9603724515775,674.3400676801817,645.0439523217459,647.8216552734375,56953200,0.0,0.0,META
2025-11-03 00:00:00-05:00,655.4654426520216,658.792746197499,635.6615861365713,637.1903686523438,33003600,0.0,0.0,META
2025-11-04 00:00:00-05:00,627.528160823027,641.2170082918374,625.4998468710925,626.8087768554688,27356600,0.0,0.0,META
2025-11-05 00:00:00-05:00,631.7947143740674,641.7066132741587,626.0293969573662,635.4317626953125,20219900,0.0,0.0,META
2025-11-06 00:00:00-05:00,635.3318005623231,635.4817027165644,617.4963715076051,618.4356079101562,23628800,0.0,0.0,META
2025-11-07 00:00:00-05:00,615.9875913853423,621.6230097922952,600.7100736857968,621.203369140625,29946800,0.0,0.0,META
2025-11-10 00:00:00-05:00,630.5757412925083,634.4825281361091,617.606277436272,631.2451782226562,19245000,0.0,0.0,META
2025-11-11 00:00:00-05:00,627.4882640088713,629.0469903781388,618.8852946435945,626.5690307617188,13302200,0.0,0.0,META
2025-11-12 00:00:00-05:00,627.6181473129036,628.4774318700306,607.2747531328254,608.5137329101562,24493300,0.0,0.0,META
2025-11-13 00:00:00-05:00,612.5704066192014,617.1466913787408,602.5086055074847,609.3930053710938,20973800,0.0,0.0,META
2025-11-14 00:00:00-05:00,601.2995852054279,613.1799107961393,594.7149894844074,608.96337890625,20724100,0.0,0.0,META
2025-11-17 00:00:00-05:00,608.54364845602,611.1915132655756,594.914810553651,601.5194091796875,16501300,0.0,0.0,META
2025-11-18 00:00:00-05:00,591.1178778321469,603.1680476389258,583.3043040560937,597.2029418945312,25500600,0.0,0.0,META
2025-11-19 00:00:00-05:00,593.236120814011,594.8448550993957,580.7763124672824,589.8389282226562,24744700,0.0,0.0,META
2025-11-20 00:00:00-05:00,603.0082035639184,606.225550290049,582.8745995478572,588.669921875,20603000,0.0,0.0,META
2025-11-21 00:00:00-05:00,588.0204327318114,597.6325885375659,581.38582901572,593.7657470703125,21052600,0.0,0.0,META
2025-11-24 00:00:00-05:00,598.2320754408486,616.1974650582393,597.1429978306941,612.5504150390625,23554900,0.0,0.0,META
2025-11-25 00:00:00-05:00,623.4914651316196,636.5308177101258,617.7960982049689,635.7014770507812,25213000,0.0,0.0,META
2025-11-26 00:00:00-05:00,637.1703200291516,637.8397569399452,631.1152610365342,633.0936279296875,15209500,0.0,0.0,META
2025-11-28 00:00:00-05:00,635.5616748244524,647.5218911860414,634.9821303911365,647.4219970703125,11033200,0.0,0.0,META
2025-12-01 00:00:00-05:00,639.028785702615,644.7941029489796,637.2402664201815,640.3477172851562,13029900,0.0,0.0,META
2025-12-02 00:00:00-05:00,641.8165621493692,647.3420238521164,637.5500224020741,646.5726318359375,11640900,0.0,0.0,META
2025-12-03 00:00:00-05:00,643.8848130159247,648.3211970895987,637.0304181904862,639.0787353515625,11134300,0.0,0.0,META
2025-12-04 00:00:00-05:00,675.4491463216154,675.5490404402168,659.512131337801,660.990966796875,29874600,0.0,0.0,META
2025-12-05 00:00:00-05:00,663.4589092143041,674.1402004180294,661.8502358329807,672.8712158203125,21207900,0.0,0.0,META
2025-12-08 00:00:00-05:00,668.7945609027437,676.1585499822719,664.528021142878,666.256591796875,13161000,0.0,0.0,META
2025-12-09 00:00:00-05:00,663.2291308887899,663.9385132978894,652.807637338328,656.4246826171875,12997100,0.0,0.0,META
2025-12-10 00:00:00-05:00,649.4203737252112,653.9766553823684,642.8757234590145,649.6002197265625,16910900,0.0,0.0,META
2025-12-11 00:00:00-05:00,642.7657334383907,654.7460135009795,640.2777724038347,652.1781005859375,13056700,0.0,0.0,META
2025-12-12 00:00:00-05:00,649.2704855848336,710.4206277669183,638.0896015354143,643.7050170898438,14016900,0.0,0.0,META
2025-12-15 00:00:00-05:00,645.7000122070312,653.0,638.7000122070312,647.510009765625,15549100,0.525,0.0,META
2025-12-16 00:00:00-05:00,643.5,662.5399780273438,643.2000122070312,657.1500244140625,14309100,0.0,0.0,META
2025-12-17 00:00:00-05:00,655.6099853515625,661.22998046875,649.2000122070312,649.5,15598500,0.0,0.0,META
2025-12-18 00:00:00-05:00,657.030029296875,670.5599975585938,656.4600219726562,664.4500122070312,20260300,0.0,0.0,META
2025-12-19 00:00:00-05:00,666.4199829101562,671.0,658.1799926757812,658.77001953125,49977100,0.0,0.0,META
2025-12-22 00:00:00-05:00,661.6500244140625,673.5800170898438,656.6500244140625,661.5,15659400,0.0,0.0,META
2025-12-23 00:00:00-05:00,660.0499877929688,666.0,658.25,664.9400024414062,8486800,0.0,0.0,META
2025-12-24 00:00:00-05:00,662.530029296875,668.1799926757812,662.2000122070312,667.5499877929688,5627500,0.0,0.0,META
2025-12-26 00:00:00-05:00,668.0599975585938,668.9500122070312,661.3200073242188,663.2899780273438,7133800,0.0,0.0,META
2025-12-29 00:00:00-05:00,658.010009765625,660.25,654.3900146484375,658.6900024414062,8506500,0.0,0.0,META
2025-12-30 00:00:00-05:00,658.6900024414062,672.219970703125,657.8400268554688,665.9500122070312,9187500,0.0,0.0,META
2025-12-31 00:00:00-05:00,664.75,665.0,659.4400024414062,660.0900268554688,7940400,0.0,0.0,META
2026-01-02 00:00:00-05:00,662.72998046875,664.3900146484375,643.5,650.4099731445312,13726500,0.0,0.0,META
2026-01-05 00:00:00-05:00,651.010009765625,664.5399780273438,647.75,658.7899780273438,12213700,0.0,0.0,META
2026-01-06 00:00:00-05:00,659.5700073242188,665.52001953125,651.9000244140625,660.6199951171875,11074400,0.0,0.0,META
2026-01-07 00:00:00-05:00,655.6400146484375,659.1500244140625,644.8099975585938,648.6900024414062,12846300,0.0,0.0,META
2026-01-08 00:00:00-05:00,645.8800048828125,647.0999755859375,635.719970703125,646.0599975585938,11921700,0.0,0.0,META
2026-01-09 00:00:00-05:00,645.4400024414062,654.9500122070312,642.8499755859375,653.0599975585938,11634900,0.0,0.0,META
2026-01-12 00:00:00-05:00,652.530029296875,653.969970703125,641.22998046875,641.969970703125,14797200,0.0,0.0,META
2026-01-13 00:00:00-05:00,642.27001953125,642.27001953125,624.0999755859375,631.0900268554688,18030400,0.0,0.0,META
2026-01-14 00:00:00-05:00,626.5,628.4500122070312,614.8200073242188,615.52001953125,15527900,0.0,0.0,META
2026-01-15 00:00:00-05:00,618.47998046875,624.1699829101562,614.22998046875,620.7999877929688,13076100,0.0,0.0,META
2026-01-16 00:00:00-05:00,624.1799926757812,629.0800170898438,620.0800170898438,620.25,17012500,0.0,0.0,META
2026-01-20 00:00:00-05:00,607.8800048828125,611.4000244140625,600.0,604.1199951171875,15169600,0.0,0.0,META
2026-01-21 00:00:00-05:00,606.739990234375,618.27001953125,600.0800170898438,612.9600219726562,14494700,0.0,0.0,META
2026-01-22 00:00:00-05:00,629.3499755859375,660.5700073242188,626.5499877929688,647.6300048828125,21394700,0.0,0.0,META
2026-01-23 00:00:00-05:00,644.77001953125,666.489990234375,644.4500122070312,658.760009765625,22773600,0.0,0.0,META
2025-01-24 00:00:00-05:00,234.5,236.39999389648438,232.92999267578125,234.85000610351562,25890700,0.0,0.0,AMZN
2025-01-27 00:00:00-05:00,226.2100067138672,235.61000061035156,225.86000061035156,235.4199981689453,49428300,0.0,0.0,AMZN
2025-01-28 00:00:00-05:00,234.2899932861328,241.77000427246094,233.97999572753906,238.14999389648438,41587200,0.0,0.0,AMZN
2025-01-29 00:00:00-05:00,239.02000427246094,240.38999938964844,236.14999389648438,237.07000732421875,26091700,0.0,0.0,AMZN
2025-01-30 00:00:00-05:00,237.13999938964844,237.9499969482422,232.22000122070312,234.63999938964844,32020700,0.0,0.0,AMZN
2025-01-31 00:00:00-05:00,236.5,240.2899932861328,236.41000366210938,237.67999267578125,36110200,0.0,0.0,AMZN
2025-02-03 00:00:00-05:00,234.05999755859375,239.25,232.89999389648438,237.4199981689453,37285900,0.0,0.0,AMZN
2025-02-04 00:00:00-05:00,239.00999450683594,242.52000427246094,238.02999877929688,242.05999755859375,29713800,0.0,0.0,AMZN
2025-02-05 00:00:00-05:00,237.02000427246094,238.32000732421875,235.1999969482422,236.1699981689453,38727300,0.0,0.0,AMZN
2025-02-06 00:00:00-05:00,238.00999450683594,239.66000366210938,236.00999450683594,238.8300018310547,60897100,0.0,0.0,AMZN
2025-02-07 00:00:00-05:00,232.5,234.80999755859375,228.05999755859375,229.14999389648438,77539300,0.0,0.0,AMZN
2025-02-10 00:00:00-05:00,230.5500030517578,233.9199981689453,229.1999969482422,233.13999938964844,35419900,0.0,0.0,AMZN
2025-02-11 00:00:00-05:00,231.9199981689453,233.44000244140625,230.1300048828125,232.75999450683594,23713700,0.0,0.0,AMZN
2025-02-12 00:00:00-05:00,230.4600067138672,231.17999267578125,228.16000366210938,228.92999267578125,32285200,0.0,0.0,AMZN
2025-02-13 00:00:00-05:00,228.85000610351562,230.4199981689453,227.52000427246094,230.3699951171875,31346500,0.0,0.0,AMZN
2025-02-14 00:00:00-05:00,229.1999969482422,229.88999938964844,227.22999572753906,228.67999267578125,27031100,0.0,0.0,AMZN
2025-02-18 00:00:00-05:00,228.82000732421875,229.3000030517578,223.72000122070312,226.64999389648438,42975100,0.0,0.0,AMZN
2025-02-19 00:00:00-05:00,225.52000427246094,226.8300018310547,223.7100067138672,226.6300048828125,28566700,0.0,0.0,AMZN
2025-02-20 00:00:00-05:00,224.77999877929688,225.1300048828125,221.80999755859375,222.8800048828125,30001700,0.0,0.0,AMZN
2025-02-21 00:00:00-05:00,223.27999877929688,223.30999755859375,214.74000549316406,216.5800018310547,55323900,0.0,0.0,AMZN
2025-02-24 00:00:00-05:00,217.4499969482422,217.72000122070312,212.4199981689453,212.7100067138672,42387600,0.0,0.0,AMZN
2025-02-25 00:00:00-05:00,211.6300048828125,213.33999633789062,204.16000366210938,212.8000030517578,58958000,0.0,0.0,AMZN
2025-02-26 00:00:00-05:00,214.94000244140625,218.16000366210938,213.08999633789062,214.35000610351562,39120600,0.0,0.0,AMZN
2025-02-27 00:00:00-05:00,218.35000610351562,219.97000122070312,208.3699951171875,208.74000549316406,40548600,0.0,0.0,AMZN
2025-02-28 00:00:00-05:00,208.64999389648438,212.6199951171875,206.99000549316406,212.27999877929688,51771700,0.0,0.0,AMZN
2025-03-03 00:00:00-05:00,213.35000610351562,214.00999450683594,202.5500030517578,205.02000427246094,42948400,0.0,0.0,AMZN
2025-03-04 00:00:00-05:00,200.11000061035156,206.8000030517578,197.42999267578125,203.8000030517578,60853100,0.0,0.0,AMZN
2025-03-05 00:00:00-05:00,204.8000030517578,209.97999572753906,203.25999450683594,208.36000061035156,38610100,0.0,0.0,AMZN
2025-03-06 00:00:00-05:00,204.39999389648438,205.77000427246094,198.3000030517578,200.6999969482422,49863800,0.0,0.0,AMZN
2025-03-07 00:00:00-05:00,199.49000549316406,202.27000427246094,192.52999877929688,199.25,59802800,0.0,0.0,AMZN
2025-03-10 00:00:00-04:00,195.60000610351562,196.72999572753906,190.85000610351562,194.5399932861328,62350900,0.0,0.0,AMZN
2025-03-11 00:00:00-04:00,193.89999389648438,200.17999267578125,193.39999389648438,196.58999633789062,54002900,0.0,0.0,AMZN
2025-03-12 00:00:00-04:00,200.72000122070312,201.52000427246094,195.2899932861328,198.88999938964844,43679300,0.0,0.0,AMZN
2025-03-13 00:00:00-04:00,198.1699981689453,198.8800048828125,191.82000732421875,193.88999938964844,41270800,0.0,0.0,AMZN
2025-03-14 00:00:00-04:00,197.41000366210938,198.64999389648438,195.32000732421875,197.9499969482422,38096700,0.0,0.0,AMZN
2025-03-17 00:00:00-04:00,198.77000427246094,199.0,194.32000732421875,195.74000549316406,47341800,0.0,0.0,AMZN
2025-03-18 00:00:00-04:00,192.52000427246094,194.0,189.3800048828125,192.82000732421875,40414900,0.0,0.0,AMZN
2025-03-19 00:00:00-04:00,193.3800048828125,195.97000122070312,191.9600067138672,195.5399932861328,39442900,0.0,0.0,AMZN
2025-03-20 00:00:00-04:00,193.07000732421875,199.32000732421875,192.3000030517578,194.9499969482422,38921100,0.0,0.0,AMZN
2025-03-21 00:00:00-04:00,192.89999389648438,196.99000549316406,192.52000427246094,196.2100067138672,60056900,0.0,0.0,AMZN
2025-03-24 00:00:00-04:00,200.0,203.63999938964844,199.9499969482422,203.25999450683594,41625400,0.0,0.0,AMZN
2025-03-25 00:00:00-04:00,203.60000610351562,206.2100067138672,203.22000122070312,205.7100067138672,31171200,0.0,0.0,AMZN
2025-03-26 00:00:00-04:00,205.83999633789062,206.00999450683594,199.92999267578125,201.1300048828125,32855300,0.0,0.0,AMZN
2025-03-27 00:00:00-04:00,200.88999938964844,203.7899932861328,199.27999877929688,201.36000061035156,27317700,0.0,0.0,AMZN
2025-03-28 00:00:00-04:00,198.4199981689453,199.25999450683594,191.8800048828125,192.72000122070312,52548200,0.0,0.0,AMZN
2025-03-31 00:00:00-04:00,188.19000244140625,191.3300018310547,184.39999389648438,190.25999450683594,63547600,0.0,0.0,AMZN
2025-04-01 00:00:00-04:00,187.86000061035156,193.92999267578125,187.1999969482422,192.1699981689453,41267300,0.0,0.0,AMZN
2025-04-02 00:00:00-04:00,187.66000366210938,198.33999633789062,187.66000366210938,196.00999450683594,53679200,0.0,0.0,AMZN
2025-04-03 00:00:00-04:00,183.0,184.1300048828125,176.9199981689453,178.41000366210938,95553600,0.0,0.0,AMZN
2025-04-04 00:00:00-04:00,167.14999389648438,178.13999938964844,166.0,171.0,123159400,0.0,0.0,AMZN
2025-04-07 00:00:00-04:00,162.0,183.41000366210938,161.3800048828125,175.25999450683594,109327100,0.0,0.0,AMZN
2025-04-08 00:00:00-04:00,185.22999572753906,185.89999389648438,168.57000732421875,170.66000366210938,87710400,0.0,0.0,AMZN
2025-04-09 00:00:00-04:00,172.1199951171875,192.64999389648438,169.92999267578125,191.10000610351562,116804300,0.0,0.0,AMZN
2025-04-10 00:00:00-04:00,185.44000244140625,186.8699951171875,175.85000610351562,181.22000122070312,68302000,0.0,0.0,AMZN
2025-04-11 00:00:00-04:00,179.92999267578125,185.86000061035156,178.0,184.8699951171875,50594300,0.0,0.0,AMZN
2025-04-14 00:00:00-04:00,186.83999633789062,187.44000244140625,179.22999572753906,182.1199951171875,48002500,0.0,0.0,AMZN
2025-04-15 00:00:00-04:00,181.41000366210938,182.35000610351562,177.92999267578125,179.58999633789062,43642000,0.0,0.0,AMZN
2025-04-16 00:00:00-04:00,176.2899932861328,179.10000610351562,171.41000366210938,174.3300018310547,51875300,0.0,0.0,AMZN
2025-04-17 00:00:00-04:00,176.0,176.2100067138672,172.0,172.61000061035156,44726500,0.0,0.0,AMZN
2025-04-21 00:00:00-04:00,169.60000610351562,169.60000610351562,165.2899932861328,167.32000732421875,48126100,0.0,0.0,AMZN
2025-04-22 00:00:00-04:00,169.85000610351562,176.77999877929688,169.35000610351562,173.17999267578125,56607200,0.0,0.0,AMZN
2025-04-23 00:00:00-04:00,183.4499969482422,187.3800048828125,180.19000244140625,180.60000610351562,63470100,0.0,0.0,AMZN
2025-04-24 00:00:00-04:00,180.9199981689453,186.74000549316406,180.17999267578125,186.5399932861328,43763200,0.0,0.0,AMZN
2025-04-25 00:00:00-04:00,187.6199951171875,189.94000244140625,185.49000549316406,188.99000549316406,36414300,0.0,0.0,AMZN
2025-04-28 00:00:00-04:00,190.11000061035156,190.22000122070312,184.88999938964844,187.6999969482422,33224700,0.0,0.0,AMZN
2025-04-29 00:00:00-04:00,183.99000549316406,188.02000427246094,183.67999267578125,187.38999938964844,41667300,0.0,0.0,AMZN
2025-04-30 00:00:00-04:00,182.1699981689453,185.0500030517578,178.85000610351562,184.4199981689453,55176500,0.0,0.0,AMZN
2025-05-01 00:00:00-04:00,190.6300048828125,191.80999755859375,187.5,190.1999969482422,74266000,0.0,0.0,AMZN
2025-05-02 00:00:00-04:00,191.44000244140625,192.8800048828125,186.39999389648438,189.97999572753906,77903500,0.0,0.0,AMZN
2025-05-05 00:00:00-04:00,186.50999450683594,188.17999267578125,185.52999877929688,186.35000610351562,35217500,0.0,0.0,AMZN
2025-05-06 00:00:00-04:00,184.57000732421875,187.92999267578125,183.85000610351562,185.00999450683594,29314100,0.0,0.0,AMZN
2025-05-07 00:00:00-04:00,185.55999755859375,190.99000549316406,185.00999450683594,188.7100067138672,43948600,0.0,0.0,AMZN
2025-05-08 00:00:00-04:00,191.42999267578125,194.3300018310547,188.82000732421875,192.0800018310547,41043600,0.0,0.0,AMZN
2025-05-09 00:00:00-04:00,193.3800048828125,194.69000244140625,191.16000366210938,193.05999755859375,29663100,0.0,0.0,AMZN
2025-05-12 00:00:00-04:00,210.7100067138672,211.66000366210938,205.75,208.63999938964844,75205000,0.0,0.0,AMZN
2025-05-13 00:00:00-04:00,211.0800018310547,214.83999633789062,210.10000610351562,211.3699951171875,56193700,0.0,0.0,AMZN
2025-05-14 00:00:00-04:00,211.4499969482422,211.92999267578125,208.85000610351562,210.25,38492100,0.0,0.0,AMZN
2025-05-15 00:00:00-04:00,206.4499969482422,206.8800048828125,202.6699981689453,205.1699981689453,64347300,0.0,0.0,AMZN
2025-05-16 00:00:00-04:00,206.85000610351562,206.85000610351562,204.3699951171875,205.58999633789062,43318500,0.0,0.0,AMZN
2025-05-19 00:00:00-04:00,201.64999389648438,206.6199951171875,201.25999450683594,206.16000366210938,34314800,0.0,0.0,AMZN
2025-05-20 00:00:00-04:00,204.6300048828125,205.58999633789062,202.64999389648438,204.07000732421875,29470400,0.0,0.0,AMZN
2025-05-21 00:00:00-04:00,201.61000061035156,203.4600067138672,200.05999755859375,201.1199951171875,42460900,0.0,0.0,AMZN
2025-05-22 00:00:00-04:00,201.3800048828125,205.75999450683594,200.16000366210938,203.10000610351562,38938900,0.0,0.0,AMZN
2025-05-23 00:00:00-04:00,198.89999389648438,202.3699951171875,197.85000610351562,200.99000549316406,33393500,0.0,0.0,AMZN
2025-05-27 00:00:00-04:00,203.08999633789062,206.69000244140625,202.19000244140625,206.02000427246094,34892000,0.0,0.0,AMZN
2025-05-28 00:00:00-04:00,205.9199981689453,207.66000366210938,204.41000366210938,204.72000122070312,28549800,0.0,0.0,AMZN
2025-05-29 00:00:00-04:00,208.02999877929688,208.80999755859375,204.22999572753906,205.6999969482422,34650000,0.0,0.0,AMZN
2025-05-30 00:00:00-04:00,204.83999633789062,205.99000549316406,201.6999969482422,205.00999450683594,51679400,0.0,0.0,AMZN
2025-06-02 00:00:00-04:00,204.97999572753906,207.0,202.67999267578125,206.64999389648438,29113300,0.0,0.0,AMZN
2025-06-03 00:00:00-04:00,207.11000061035156,208.9499969482422,205.02999877929688,205.7100067138672,33139100,0.0,0.0,AMZN
2025-06-04 00:00:00-04:00,206.5500030517578,208.17999267578125,205.17999267578125,207.22999572753906,29915600,0.0,0.0,AMZN
2025-06-05 00:00:00-04:00,209.5500030517578,212.80999755859375,207.55999755859375,207.91000366210938,51864200,0.0,0.0,AMZN
2025-06-06 00:00:00-04:00,212.39999389648438,213.8699951171875,210.5,213.57000732421875,39832500,0.0,0.0,AMZN
2025-06-09 00:00:00-04:00,214.75,217.85000610351562,212.8800048828125,216.97999572753906,38102500,0.0,0.0,AMZN
2025-06-10 00:00:00-04:00,216.77999877929688,217.69000244140625,214.14999389648438,217.61000061035156,31303300,0.0,0.0,AMZN
2025-06-11 00:00:00-04:00,217.41000366210938,218.39999389648438,212.88999938964844,213.1999969482422,39326000,0.0,0.0,AMZN
2025-06-12 00:00:00-04:00,211.77999877929688,213.5800018310547,211.3300018310547,213.24000549316406,27640000,0.0,0.0,AMZN
2025-06-13 00:00:00-04:00,209.9600067138672,214.0500030517578,209.6199951171875,212.10000610351562,29337800,0.0,0.0,AMZN
2025-06-16 00:00:00-04:00,212.30999755859375,217.05999755859375,211.60000610351562,216.10000610351562,33284200,0.0,0.0,AMZN
2025-06-17 00:00:00-04:00,215.1999969482422,217.41000366210938,214.55999755859375,214.82000732421875,32086300,0.0,0.0,AMZN
2025-06-18 00:00:00-04:00,215.08999633789062,217.9600067138672,212.33999633789062,212.52000427246094,44360500,0.0,0.0,AMZN
2025-06-20 00:00:00-04:00,214.67999267578125,214.88999938964844,208.27000427246094,209.69000244140625,75350700,0.0,0.0,AMZN
2025-06-23 00:00:00-04:00,209.7899932861328,210.38999938964844,207.30999755859375,208.47000122070312,37311700,0.0,0.0,AMZN
2025-06-24 00:00:00-04:00,212.13999938964844,214.33999633789062,211.0500030517578,212.77000427246094,38378800,0.0,0.0,AMZN
2025-06-25 00:00:00-04:00,214.6199951171875,216.02999877929688,211.11000061035156,211.99000549316406,31755700,0.0,0.0,AMZN
2025-06-26 00:00:00-04:00,213.1199951171875,218.0399932861328,212.00999450683594,217.1199951171875,50480800,0.0,0.0,AMZN
2025-06-27 00:00:00-04:00,219.9199981689453,223.3000030517578,216.74000549316406,223.3000030517578,119217100,0.0,0.0,AMZN
2025-06-30 00:00:00-04:00,223.52000427246094,223.82000732421875,219.1199951171875,219.38999938964844,58887800,0.0,0.0,AMZN
2025-07-01 00:00:00-04:00,219.5,221.8800048828125,217.92999267578125,220.4600067138672,39256800,0.0,0.0,AMZN
2025-07-02 00:00:00-04:00,219.72999572753906,221.60000610351562,219.05999755859375,219.9199981689453,30894200,0.0,0.0,AMZN
2025-07-03 00:00:00-04:00,221.82000732421875,224.00999450683594,221.36000061035156,223.41000366210938,29632400,0.0,0.0,AMZN
2025-07-07 00:00:00-04:00,223.0,224.2899932861328,222.3699951171875,223.47000122070312,36604100,0.0,0.0,AMZN
2025-07-08 00:00:00-04:00,223.9199981689453,224.0,218.42999267578125,219.36000061035156,45692000,0.0,0.0,AMZN
2025-07-09 00:00:00-04:00,221.07000732421875,224.2899932861328,220.47000122070312,222.5399932861328,38155100,0.0,0.0,AMZN
2025-07-10 00:00:00-04:00,221.5500030517578,222.7899932861328,219.6999969482422,222.25999450683594,30370600,0.0,0.0,AMZN
2025-07-11 00:00:00-04:00,223.5800018310547,226.67999267578125,222.3699951171875,225.02000427246094,50518300,0.0,0.0,AMZN
2025-07-14 00:00:00-04:00,225.07000732421875,226.66000366210938,224.24000549316406,225.69000244140625,35702600,0.0,0.0,AMZN
2025-07-15 00:00:00-04:00,226.1999969482422,227.27000427246094,225.4600067138672,226.35000610351562,34907300,0.0,0.0,AMZN
2025-07-16 00:00:00-04:00,225.8800048828125,226.10000610351562,222.17999267578125,223.19000244140625,39535900,0.0,0.0,AMZN
2025-07-17 00:00:00-04:00,223.32000732421875,224.5,222.50999450683594,223.8800048828125,31855800,0.0,0.0,AMZN
2025-07-18 00:00:00-04:00,225.13999938964844,226.39999389648438,222.97999572753906,226.1300048828125,37833800,0.0,0.0,AMZN
2025-07-21 00:00:00-04:00,225.83999633789062,229.69000244140625,225.64999389648438,229.3000030517578,40297600,0.0,0.0,AMZN
2025-07-22 00:00:00-04:00,229.67999267578125,230.0,226.35000610351562,227.47000122070312,37483700,0.0,0.0,AMZN
2025-07-23 00:00:00-04:00,228.47000122070312,228.7899932861328,227.08999633789062,228.2899932861328,28294900,0.0,0.0,AMZN
2025-07-24 00:00:00-04:00,229.1699981689453,236.0,228.63999938964844,232.22999572753906,42902300,0.0,0.0,AMZN
2025-07-25 00:00:00-04:00,232.22000122070312,232.47999572753906,231.17999267578125,231.44000244140625,28712100,0.0,0.0,AMZN
2025-07-28 00:00:00-04:00,233.35000610351562,234.2899932861328,232.25,232.7899932861328,26300100,0.0,0.0,AMZN
2025-07-29 00:00:00-04:00,234.14999389648438,234.72000122070312,230.30999755859375,231.00999450683594,33716200,0.0,0.0,AMZN
2025-07-30 00:00:00-04:00,231.63999938964844,231.8000030517578,229.2899932861328,230.19000244140625,32993300,0.0,0.0,AMZN
2025-07-31 00:00:00-04:00,235.77000427246094,236.52999877929688,231.39999389648438,234.11000061035156,104357300,0.0,0.0,AMZN
2025-08-01 00:00:00-04:00,217.2100067138672,220.44000244140625,212.8000030517578,214.75,122258800,0.0,0.0,AMZN
2025-08-04 00:00:00-04:00,217.39999389648438,217.44000244140625,211.4199981689453,211.64999389648438,77890100,0.0,0.0,AMZN
2025-08-05 00:00:00-04:00,213.0500030517578,216.3000030517578,212.8699951171875,213.75,51505100,0.0,0.0,AMZN
2025-08-06 00:00:00-04:00,214.6999969482422,222.64999389648438,213.74000549316406,222.30999755859375,54823000,0.0,0.0,AMZN
2025-08-07 00:00:00-04:00,221.0,226.22000122070312,220.82000732421875,223.1300048828125,40603500,0.0,0.0,AMZN
2025-08-08 00:00:00-04:00,223.13999938964844,223.8000030517578,221.8800048828125,222.69000244140625,32970500,0.0,0.0,AMZN
2025-08-11 00:00:00-04:00,221.77999877929688,223.0500030517578,220.39999389648438,221.3000030517578,31646200,0.0,0.0,AMZN
2025-08-12 00:00:00-04:00,222.22999572753906,223.5,219.0500030517578,221.47000122070312,37185800,0.0,0.0,AMZN
2025-08-13 00:00:00-04:00,222.0,224.9199981689453,222.0,224.55999755859375,36508300,0.0,0.0,AMZN
2025-08-14 00:00:00-04:00,227.39999389648438,233.11000061035156,227.02000427246094,230.97999572753906,61545800,0.0,0.0,AMZN
2025-08-15 00:00:00-04:00,232.5800018310547,234.0800018310547,229.80999755859375,231.02999877929688,39649200,0.0,0.0,AMZN
2025-08-18 00:00:00-04:00,230.22999572753906,231.91000366210938,228.3300018310547,231.49000549316406,25248900,0.0,0.0,AMZN
2025-08-19 00:00:00-04:00,230.08999633789062,230.52999877929688,227.1199951171875,228.00999450683594,29891000,0.0,0.0,AMZN
2025-08-20 00:00:00-04:00,227.1199951171875,227.27000427246094,220.9199981689453,223.80999755859375,36604300,0.0,0.0,AMZN
2025-08-21 00:00:00-04:00,222.64999389648438,222.77999877929688,220.5,221.9499969482422,32140500,0.0,0.0,AMZN
2025-08-22 00:00:00-04:00,222.7899932861328,229.13999938964844,220.82000732421875,228.83999633789062,37315300,0.0,0.0,AMZN
2025-08-25 00:00:00-04:00,227.35000610351562,229.60000610351562,227.30999755859375,227.94000244140625,22633700,0.0,0.0,AMZN
2025-08-26 00:00:00-04:00,227.11000061035156,229.0,226.02000427246094,228.7100067138672,26105400,0.0,0.0,AMZN
2025-08-27 00:00:00-04:00,228.57000732421875,229.8699951171875,227.80999755859375,229.1199951171875,21254500,0.0,0.0,AMZN
2025-08-28 00:00:00-04:00,229.00999450683594,232.7100067138672,228.02000427246094,231.60000610351562,33679600,0.0,0.0,AMZN
2025-08-29 00:00:00-04:00,231.32000732421875,231.80999755859375,228.16000366210938,229.0,26199200,0.0,0.0,AMZN
2025-09-02 00:00:00-04:00,223.52000427246094,226.1699981689453,221.8300018310547,225.33999633789062,38843900,0.0,0.0,AMZN
2025-09-03 00:00:00-04:00,225.2100067138672,227.1699981689453,224.36000061035156,225.99000549316406,29223100,0.0,0.0,AMZN
2025-09-04 00:00:00-04:00,231.19000244140625,235.77000427246094,230.77999877929688,235.67999267578125,59391800,0.0,0.0,AMZN
2025-09-05 00:00:00-04:00,235.19000244140625,236.0,231.92999267578125,232.3300018310547,36721800,0.0,0.0,AMZN
2025-09-08 00:00:00-04:00,234.94000244140625,237.60000610351562,233.75,235.83999633789062,33947100,0.0,0.0,AMZN
2025-09-09 00:00:00-04:00,236.36000061035156,238.85000610351562,235.0800018310547,238.24000549316406,27033800,0.0,0.0,AMZN
2025-09-10 00:00:00-04:00,237.52000427246094,237.67999267578125,229.10000610351562,230.3300018310547,60907700,0.0,0.0,AMZN
2025-09-11 00:00:00-04:00,231.49000549316406,231.52999877929688,229.33999633789062,229.9499969482422,37485600,0.0,0.0,AMZN
2025-09-12 00:00:00-04:00,230.35000610351562,230.7899932861328,226.2899932861328,228.14999389648438,38496200,0.0,0.0,AMZN
2025-09-15 00:00:00-04:00,230.6300048828125,233.72999572753906,230.32000732421875,231.42999267578125,33243300,0.0,0.0,AMZN
2025-09-16 00:00:00-04:00,232.94000244140625,235.89999389648438,232.22999572753906,234.0500030517578,38203900,0.0,0.0,AMZN
2025-09-17 00:00:00-04:00,233.77000427246094,234.3000030517578,228.7100067138672,231.6199951171875,42815200,0.0,0.0,AMZN
2025-09-18 00:00:00-04:00,232.5,233.47999572753906,228.7899932861328,231.22999572753906,37931700,0.0,0.0,AMZN
2025-09-19 00:00:00-04:00,232.3699951171875,234.16000366210938,229.6999969482422,231.47999572753906,97943200,0.0,0.0,AMZN
2025-09-22 00:00:00-04:00,230.55999755859375,230.57000732421875,227.50999450683594,227.6300048828125,45914500,0.0,0.0,AMZN
2025-09-23 00:00:00-04:00,227.8300018310547,227.86000061035156,220.07000732421875,220.7100067138672,70956200,0.0,0.0,AMZN
2025-09-24 00:00:00-04:00,224.14999389648438,224.55999755859375,219.4499969482422,220.2100067138672,49509000,0.0,0.0,AMZN
2025-09-25 00:00:00-04:00,220.05999755859375,220.6699981689453,216.47000122070312,218.14999389648438,52226300,0.0,0.0,AMZN
2025-09-26 00:00:00-04:00,219.0800018310547,221.0500030517578,218.02000427246094,219.77999877929688,41650100,0.0,0.0,AMZN
2025-09-29 00:00:00-04:00,220.0800018310547,222.60000610351562,219.3000030517578,222.1699981689453,44259200,0.0,0.0,AMZN
2025-09-30 00:00:00-04:00,222.02999877929688,222.24000549316406,217.88999938964844,219.57000732421875,48396400,0.0,0.0,AMZN
2025-10-01 00:00:00-04:00,217.36000061035156,222.14999389648438,216.61000061035156,220.6300048828125,43933800,0.0,0.0,AMZN
2025-10-02 00:00:00-04:00,221.00999450683594,222.80999755859375,218.9499969482422,222.41000366210938,41258600,0.0,0.0,AMZN
2025-10-03 00:00:00-04:00,223.44000244140625,224.1999969482422,219.33999633789062,219.50999450683594,43639000,0.0,0.0,AMZN
2025-10-06 00:00:00-04:00,221.0,221.72999572753906,216.02999877929688,220.89999389648438,43690900,0.0,0.0,AMZN
2025-10-07 00:00:00-04:00,220.8800048828125,222.88999938964844,220.1699981689453,221.77999877929688,31194700,0.0,0.0,AMZN
2025-10-08 00:00:00-04:00,222.9199981689453,226.72999572753906,221.19000244140625,225.22000122070312,46686000,0.0,0.0,AMZN
2025-10-09 00:00:00-04:00,225.0,228.2100067138672,221.75,227.74000549316406,46412100,0.0,0.0,AMZN
2025-10-10 00:00:00-04:00,226.2100067138672,228.25,216.0,216.3699951171875,72367500,0.0,0.0,AMZN
2025-10-13 00:00:00-04:00,217.6999969482422,220.67999267578125,217.0399932861328,220.07000732421875,37809700,0.0,0.0,AMZN
2025-10-14 00:00:00-04:00,215.55999755859375,219.32000732421875,212.60000610351562,216.38999938964844,45665600,0.0,0.0,AMZN
2025-10-15 00:00:00-04:00,216.6199951171875,217.7100067138672,212.66000366210938,215.57000732421875,45909500,0.0,0.0,AMZN
2025-10-16 00:00:00-04:00,215.6699981689453,218.58999633789062,212.80999755859375,214.47000122070312,42414600,0.0,0.0,AMZN
2025-10-17 00:00:00-04:00,214.55999755859375,214.8000030517578,211.02999877929688,213.0399932861328,45986900,0.0,0.0,AMZN
2025-10-20 00:00:00-04:00,213.8800048828125,216.69000244140625,213.58999633789062,216.47999572753906,38882800,0.0,0.0,AMZN
2025-10-21 00:00:00-04:00,218.42999267578125,223.32000732421875,217.99000549316406,222.02999877929688,50494600,0.0,0.0,AMZN
2025-10-22 00:00:00-04:00,219.3000030517578,220.00999450683594,216.52000427246094,217.9499969482422,44308500,0.0,0.0,AMZN
2025-10-23 00:00:00-04:00,219.0,221.3000030517578,218.17999267578125,221.08999633789062,31540000,0.0,0.0,AMZN
2025-10-24 00:00:00-04:00,221.97000122070312,225.39999389648438,221.89999389648438,224.2100067138672,38685100,0.0,0.0,AMZN
2025-10-27 00:00:00-04:00,227.66000366210938,228.39999389648438,225.5399932861328,226.97000122070312,38267000,0.0,0.0,AMZN
2025-10-28 00:00:00-04:00,228.22000122070312,231.49000549316406,226.2100067138672,229.25,47100000,0.0,0.0,AMZN
2025-10-29 00:00:00-04:00,231.6699981689453,232.82000732421875,227.75999450683594,230.3000030517578,52036200,0.0,0.0,AMZN
2025-10-30 00:00:00-04:00,227.05999755859375,228.44000244140625,222.75,222.86000061035156,102252900,0.0,0.0,AMZN
2025-10-31 00:00:00-04:00,250.10000610351562,250.5,243.97999572753906,244.22000122070312,166340800,0.0,0.0,AMZN
2025-11-03 00:00:00-05:00,255.36000061035156,258.6000061035156,252.89999389648438,254.0,95997800,0.0,0.0,AMZN
2025-11-04 00:00:00-05:00,250.3800048828125,257.010009765625,248.66000366210938,249.32000732421875,51546300,0.0,0.0,AMZN
2025-11-05 00:00:00-05:00,249.02999877929688,251.0,246.16000366210938,250.1999969482422,40610700,0.0,0.0,AMZN
2025-11-06 00:00:00-05:00,249.16000366210938,250.3800048828125,242.1699981689453,243.0399932861328,46004200,0.0,0.0,AMZN
2025-11-07 00:00:00-05:00,242.89999389648438,244.89999389648438,238.49000549316406,244.41000366210938,46374300,0.0,0.0,AMZN
2025-11-10 00:00:00-05:00,248.33999633789062,251.75,245.58999633789062,248.39999389648438,36476500,0.0,0.0,AMZN
2025-11-11 00:00:00-05:00,248.41000366210938,249.75,247.22999572753906,249.10000610351562,23564100,0.0,0.0,AMZN
2025-11-12 00:00:00-05:00,250.24000549316406,250.3699951171875,243.75,244.1999969482422,31190100,0.0,0.0,AMZN
2025-11-13 00:00:00-05:00,243.0500030517578,243.75,236.5,237.5800018310547,41401700,0.0,0.0,AMZN
2025-11-14 00:00:00-05:00,235.05999755859375,238.72999572753906,232.88999938964844,234.69000244140625,38956700,0.0,0.0,AMZN
2025-11-17 00:00:00-05:00,233.25,234.60000610351562,229.19000244140625,232.8699951171875,59919000,0.0,0.0,AMZN
2025-11-18 00:00:00-05:00,228.10000610351562,230.1999969482422,222.4199981689453,222.5500030517578,60608400,0.0,0.0,AMZN
2025-11-19 00:00:00-05:00,223.74000549316406,223.74000549316406,218.52000427246094,222.69000244140625,58335600,0.0,0.0,AMZN
2025-11-20 00:00:00-05:00,227.0500030517578,227.41000366210938,216.74000549316406,217.13999938964844,50309000,0.0,0.0,AMZN
2025-11-21 00:00:00-05:00,216.35000610351562,222.2100067138672,215.17999267578125,220.69000244140625,68490500,0.0,0.0,AMZN
2025-11-24 00:00:00-05:00,222.55999755859375,227.3300018310547,222.27000427246094,226.27999877929688,54318400,0.0,0.0,AMZN
2025-11-25 00:00:00-05:00,226.3800048828125,230.52000427246094,223.8000030517578,229.6699981689453,39379300,0.0,0.0,AMZN
2025-11-26 00:00:00-05:00,230.74000549316406,231.75,228.77000427246094,229.16000366210938,38497900,0.0,0.0,AMZN
2025-11-28 00:00:00-05:00,231.24000549316406,233.2899932861328,230.22000122070312,233.22000122070312,20292300,0.0,0.0,AMZN
2025-12-01 00:00:00-05:00,233.22000122070312,235.8000030517578,232.25,233.8800048828125,42904000,0.0,0.0,AMZN
2025-12-02 00:00:00-05:00,235.00999450683594,238.97000122070312,233.5500030517578,234.4199981689453,45785400,0.0,0.0,AMZN
2025-12-03 00:00:00-05:00,233.35000610351562,233.3800048828125,230.61000061035156,232.3800048828125,35495100,0.0,0.0,AMZN
2025-12-04 00:00:00-05:00,232.77000427246094,233.5,226.8000030517578,229.11000061035156,45683200,0.0,0.0,AMZN
2025-12-05 00:00:00-05:00,230.32000732421875,231.24000549316406,228.5500030517578,229.52999877929688,33117400,0.0,0.0,AMZN
2025-12-08 00:00:00-05:00,229.58999633789062,230.8300018310547,226.27000427246094,226.88999938964844,35019200,0.0,0.0,AMZN
2025-12-09 00:00:00-05:00,226.83999633789062,228.57000732421875,225.11000061035156,227.9199981689453,25841700,0.0,0.0,AMZN
2025-12-10 00:00:00-05:00,228.80999755859375,232.4199981689453,228.4600067138672,231.77999877929688,38790700,0.0,0.0,AMZN
2025-12-11 00:00:00-05:00,230.7100067138672,232.11000061035156,228.69000244140625,230.27999877929688,28249600,0.0,0.0,AMZN
2025-12-12 00:00:00-05:00,229.8699951171875,230.0800018310547,225.1199951171875,226.19000244140625,35639100,0.0,0.0,AMZN
2025-12-15 00:00:00-05:00,227.92999267578125,227.92999267578125,221.5,222.5399932861328,47286100,0.0,0.0,AMZN
2025-12-16 00:00:00-05:00,223.0399932861328,223.66000366210938,221.1300048828125,222.55999755859375,39298900,0.0,0.0,AMZN
2025-12-17 00:00:00-05:00,224.66000366210938,225.19000244140625,220.99000549316406,221.27000427246094,44034400,0.0,0.0,AMZN
2025-12-18 00:00:00-05:00,225.7100067138672,229.22999572753906,224.41000366210938,226.75999450683594,50272400,0.0,0.0,AMZN
2025-12-19 00:00:00-05:00,226.75999450683594,229.1300048828125,225.5800018310547,227.35000610351562,85544400,0.0,0.0,AMZN
2025-12-22 00:00:00-05:00,228.61000061035156,229.47999572753906,226.7100067138672,228.42999267578125,32261300,0.0,0.0,AMZN
2025-12-23 00:00:00-05:00,229.05999755859375,232.4499969482422,228.72999572753906,232.13999938964844,29230200,0.0,0.0,AMZN
2025-12-24 00:00:00-05:00,232.1300048828125,232.9499969482422,231.3300018310547,232.3800048828125,11420500,0.0,0.0,AMZN
2025-12-26 00:00:00-05:00,232.0399932861328,232.99000549316406,231.17999267578125,232.52000427246094,15994700,0.0,0.0,AMZN
2025-12-29 00:00:00-05:00,231.94000244140625,232.60000610351562,230.77000427246094,232.07000732421875,19797900,0.0,0.0,AMZN
2025-12-30 00:00:00-05:00,231.2100067138672,232.77000427246094,230.1999969482422,232.52999877929688,21910500,0.0,0.0,AMZN
2025-12-31 00:00:00-05:00,232.91000366210938,232.99000549316406,230.1199951171875,230.82000732421875,24383700,0.0,0.0,AMZN
2026-01-02 00:00:00-05:00,231.33999633789062,235.4600067138672,224.6999969482422,226.5,51456200,0.0,0.0,AMZN
2026-01-05 00:00:00-05:00,228.83999633789062,234.0,227.17999267578125,233.05999755859375,49733300,0.0,0.0,AMZN
2026-01-06 00:00:00-05:00,232.10000610351562,243.17999267578125,232.07000732421875,240.92999267578125,53764700,0.0,0.0,AMZN
2026-01-07 00:00:00-05:00,239.61000061035156,245.2899932861328,239.52000427246094,241.55999755859375,42236500,0.0,0.0,AMZN
2026-01-08 00:00:00-05:00,243.05999755859375,246.41000366210938,241.8800048828125,246.2899932861328,39509800,0.0,0.0,AMZN
2026-01-09 00:00:00-05:00,244.57000732421875,247.86000061035156,242.24000549316406,247.3800048828125,34560000,0.0,0.0,AMZN
2026-01-12 00:00:00-05:00,246.72999572753906,248.94000244140625,245.9600067138672,246.47000122070312,35867800,0.0,0.0,AMZN
2026-01-13 00:00:00-05:00,246.52999877929688,247.66000366210938,240.25,242.60000610351562,38371800,0.0,0.0,AMZN
2026-01-14 00:00:00-05:00,241.14999389648438,241.27999877929688,236.22000122070312,236.64999389648438,41410600,0.0,0.0,AMZN
2026-01-15 00:00:00-05:00,239.30999755859375,240.64999389648438,236.6300048828125,238.17999267578125,43003600,0.0,0.0,AMZN
2026-01-16 00:00:00-05:00,239.08999633789062,239.57000732421875,236.41000366210938,239.1199951171875,45888300,0.0,0.0,AMZN
2026-01-20 00:00:00-05:00,233.75999450683594,235.08999633789062,229.33999633789062,231.0,47737900,0.0,0.0,AMZN
2026-01-21 00:00:00-05:00,231.08999633789062,232.3000030517578,226.8800048828125,231.30999755859375,47276100,0.0,0.0,AMZN
2026-01-22 00:00:00-05:00,234.0500030517578,235.72000122070312,230.89999389648438,234.33999633789062,31913300,0.0,0.0,AMZN
2026-01-23 00:00:00-05:00,234.9600067138672,240.4499969482422,234.57000732421875,239.16000366210938,33744100,0.0,0.0,AMZN
2025-01-24 00:00:00-05:00,98.44100189208984,98.62799835205078,96.76799774169922,97.75900268554688,45504000,0.0,0.0,NFLX
2025-01-27 00:00:00-05:00,97.11000061035156,98.22699737548828,96.0260009765625,97.18900299072266,46342000,0.0,0.0,NFLX
2025-01-28 00:00:00-05:00,96.6709976196289,97.79299926757812,95.7300033569336,97.18299865722656,34340000,0.0,0.0,NFLX
2025-01-29 00:00:00-05:00,98.0,98.76399993896484,96.822998046875,97.81500244140625,29307000,0.0,0.0,NFLX
2025-01-30 00:00:00-05:00,98.67500305175781,99.45899963378906,97.0009994506836,97.3239974975586,38678000,0.0,0.0,NFLX
2025-01-31 00:00:00-05:00,97.4000015258789,99.02899932861328,97.4000015258789,97.6760025024414,36151000,0.0,0.0,NFLX
2025-02-03 00:00:00-05:00,97.30000305175781,98.76899719238281,96.43800354003906,97.89399719238281,37242000,0.0,0.0,NFLX
2025-02-04 00:00:00-05:00,98.0469970703125,100.80000305175781,97.85099792480469,99.48699951171875,60001000,0.0,0.0,NFLX
2025-02-05 00:00:00-05:00,98.77300262451172,101.18299865722656,98.66799926757812,101.11100006103516,39934000,0.0,0.0,NFLX
2025-02-06 00:00:00-05:00,100.78700256347656,101.63500213623047,100.26100158691406,101.56800079345703,31343000,0.0,0.0,NFLX
2025-02-07 00:00:00-05:00,101.69999694824219,102.7760009765625,100.56700134277344,101.39299774169922,32129000,0.0,0.0,NFLX
2025-02-10 00:00:00-05:00,102.30500030517578,103.28500366210938,101.58799743652344,102.76000213623047,32966000,0.0,0.0,NFLX
2025-02-11 00:00:00-05:00,102.0790023803711,102.26899719238281,100.29499816894531,100.80799865722656,33318000,0.0,0.0,NFLX
2025-02-12 00:00:00-05:00,100.54900360107422,102.77400207519531,99.83499908447266,102.73100280761719,33890000,0.0,0.0,NFLX
2025-02-13 00:00:00-05:00,102.66300201416016,104.5989990234375,102.51000213623047,104.36900329589844,34761000,0.0,0.0,NFLX
2025-02-14 00:00:00-05:00,104.49500274658203,106.44999694824219,104.16899871826172,105.86000061035156,31454000,0.0,0.0,NFLX
2025-02-18 00:00:00-05:00,106.0,106.19999694824219,102.375,103.58499908447266,42293000,0.0,0.0,NFLX
2025-02-19 00:00:00-05:00,103.51799774169922,104.5,102.45099639892578,104.33300018310547,26000000,0.0,0.0,NFLX
2025-02-20 00:00:00-05:00,104.19999694824219,104.5,101.55899810791016,102.4540023803711,31118000,0.0,0.0,NFLX
2025-02-21 00:00:00-05:00,102.94200134277344,103.23799896240234,99.93900299072266,100.31500244140625,37387000,0.0,0.0,NFLX
2025-02-24 00:00:00-05:00,100.80000305175781,101.51699829101562,98.447998046875,98.84700012207031,44262000,0.0,0.0,NFLX
2025-02-25 00:00:00-05:00,98.94000244140625,99.44000244140625,95.5,97.7239990234375,47383000,0.0,0.0,NFLX
2025-02-26 00:00:00-05:00,97.76000213623047,100.08899688720703,97.69000244140625,99.00599670410156,33972000,0.0,0.0,NFLX
2025-02-27 00:00:00-05:00,99.5,100.072998046875,96.18299865722656,96.30699920654297,37666000,0.0,0.0,NFLX
2025-02-28 00:00:00-05:00,96.95600128173828,98.22699737548828,95.81700134277344,98.05599975585938,47174000,0.0,0.0,NFLX
2025-03-03 00:00:00-05:00,98.30000305175781,99.49299621582031,96.48100280761719,97.37000274658203,39074000,0.0,0.0,NFLX
2025-03-04 00:00:00-05:00,97.16100311279297,98.63099670410156,94.82099914550781,97.25800323486328,43928000,0.0,0.0,NFLX
2025-03-05 00:00:00-05:00,97.36199951171875,99.55999755859375,96.947998046875,99.09200286865234,38079000,0.0,0.0,NFLX
2025-03-06 00:00:00-05:00,97.29900360107422,97.36900329589844,89.9000015258789,90.63600158691406,78526000,0.0,0.0,NFLX
2025-03-07 00:00:00-05:00,89.76399993896484,90.48899841308594,85.80699920654297,89.11100006103516,77375000,0.0,0.0,NFLX
2025-03-10 00:00:00-04:00,87.50700378417969,88.12699890136719,85.44999694824219,86.66799926757812,69953000,0.0,0.0,NFLX
2025-03-11 00:00:00-04:00,86.74099731445312,91.06800079345703,86.5999984741211,89.51000213623047,73989000,0.0,0.0,NFLX
2025-03-12 00:00:00-04:00,91.45999908447266,92.71800231933594,90.0999984741211,91.96800231933594,68658000,0.0,0.0,NFLX
2025-03-13 00:00:00-04:00,91.30000305175781,92.18900299072266,88.7509994506836,89.01699829101562,50017000,0.0,0.0,NFLX
2025-03-14 00:00:00-04:00,90.14600372314453,91.96299743652344,90.0999984741211,91.80000305175781,52007000,0.0,0.0,NFLX
2025-03-17 00:00:00-04:00,93.99500274658203,96.76300048828125,93.44200134277344,95.00199890136719,75431000,0.0,0.0,NFLX
2025-03-18 00:00:00-04:00,94.0,94.82499694824219,91.62999725341797,92.99800109863281,60094000,0.0,0.0,NFLX
2025-03-19 00:00:00-04:00,93.5770034790039,96.80000305175781,92.4000015258789,95.9489974975586,66624000,0.0,0.0,NFLX
2025-03-20 00:00:00-04:00,95.0009994506836,96.69999694824219,94.55000305175781,95.08399963378906,44663000,0.0,0.0,NFLX
2025-03-21 00:00:00-04:00,94.16400146484375,96.36499786376953,94.09500122070312,96.02899932861328,59054000,0.0,0.0,NFLX
2025-03-24 00:00:00-04:00,96.96700286865234,97.69999694824219,95.15499877929688,97.1989974975586,46779000,0.0,0.0,NFLX
2025-03-25 00:00:00-04:00,97.81800079345703,99.87000274658203,97.71099853515625,99.72799682617188,37822000,0.0,0.0,NFLX
2025-03-26 00:00:00-04:00,99.38099670410156,99.67900085449219,96.63200378417969,97.06500244140625,35274000,0.0,0.0,NFLX
2025-03-27 00:00:00-04:00,97.4219970703125,98.9000015258789,96.63700103759766,97.6719970703125,30472000,0.0,0.0,NFLX
2025-03-28 00:00:00-04:00,97.19999694824219,97.49800109863281,92.9229965209961,93.38500213623047,44227000,0.0,0.0,NFLX
2025-03-31 00:00:00-04:00,92.0530014038086,93.447998046875,90.05899810791016,93.25299835205078,46341000,0.0,0.0,NFLX
2025-04-01 00:00:00-04:00,92.75,93.22899627685547,91.1500015258789,92.83799743652344,35200000,0.0,0.0,NFLX
2025-04-02 00:00:00-04:00,92.30000305175781,94.95500183105469,91.61100006103516,93.552001953125,32569000,0.0,0.0,NFLX
2025-04-03 00:00:00-04:00,90.18000030517578,94.65899658203125,90.0469970703125,91.70500183105469,58646000,0.0,0.0,NFLX
2025-04-04 00:00:00-04:00,89.6500015258789,90.66300201416016,85.38700103759766,85.58599853515625,67988000,0.0,0.0,NFLX
2025-04-07 00:00:00-04:00,82.78500366210938,90.67400360107422,82.11000061035156,86.78299713134766,66568000,0.0,0.0,NFLX
2025-04-08 00:00:00-04:00,91.24400329589844,92.24199676513672,85.7699966430664,87.04000091552734,56254000,0.0,0.0,NFLX
2025-04-09 00:00:00-04:00,85.59300231933594,95.14299774169922,85.44000244140625,94.5469970703125,74980000,0.0,0.0,NFLX
2025-04-10 00:00:00-04:00,93.19400024414062,94.1240005493164,89.4000015258789,92.11699676513672,51298000,0.0,0.0,NFLX
2025-04-11 00:00:00-04:00,92.0,94.48600006103516,90.66799926757812,91.8290023803711,40736000,0.0,0.0,NFLX
2025-04-14 00:00:00-04:00,93.2699966430664,94.89800262451172,91.94999694824219,93.12799835205078,40359000,0.0,0.0,NFLX
2025-04-15 00:00:00-04:00,95.0,99.34500122070312,94.80000305175781,97.62799835205078,77120000,0.0,0.0,NFLX
2025-04-16 00:00:00-04:00,97.62799835205078,98.12100219726562,94.91699981689453,96.16300201416016,60661000,0.0,0.0,NFLX
2025-04-17 00:00:00-04:00,96.9000015258789,98.47000122070312,95.5999984741211,97.3030014038086,88937000,0.0,0.0,NFLX
2025-04-21 00:00:00-04:00,98.44000244140625,101.9000015258789,97.30500030517578,98.79100036621094,97757000,0.0,0.0,NFLX
2025-04-22 00:00:00-04:00,100.52999877929688,106.49700164794922,100.4520034790039,104.03399658203125,93689000,0.0,0.0,NFLX
2025-04-23 00:00:00-04:00,104.72200012207031,106.125,103.19999694824219,104.95899963378906,64719000,0.0,0.0,NFLX
2025-04-24 00:00:00-04:00,104.80000305175781,110.0999984741211,104.7020034790039,109.68699645996094,63819000,0.0,0.0,NFLX
2025-04-25 00:00:00-04:00,109.7040023803711,110.68000030517578,109.0999984741211,110.15299987792969,39500000,0.0,0.0,NFLX
2025-04-28 00:00:00-04:00,110.0,111.4000015258789,108.26200103759766,111.03800201416016,38311000,0.0,0.0,NFLX
2025-04-29 00:00:00-04:00,110.39199829101562,112.78099822998047,109.5479965209961,112.56400299072266,37773000,0.0,0.0,NFLX
2025-04-30 00:00:00-04:00,111.26499938964844,113.31999969482422,110.11100006103516,113.1719970703125,42667000,0.0,0.0,NFLX
2025-05-01 00:00:00-04:00,112.25199890136719,114.24199676513672,111.18299865722656,113.34700012207031,34995000,0.0,0.0,NFLX
2025-05-02 00:00:00-04:00,113.66600036621094,115.94400024414062,113.33200073242188,115.64900207519531,37743000,0.0,0.0,NFLX
2025-05-05 00:00:00-04:00,111.4800033569336,114.4020004272461,110.70099639892578,113.40599822998047,56623000,0.0,0.0,NFLX
2025-05-06 00:00:00-04:00,112.94300079345703,114.76599884033203,112.63999938964844,113.76899719238281,32567000,0.0,0.0,NFLX
2025-05-07 00:00:00-04:00,113.91799926757812,116.4000015258789,113.80000305175781,115.54100036621094,43497000,0.0,0.0,NFLX
2025-05-08 00:00:00-04:00,116.16200256347656,116.22899627685547,113.91999816894531,114.44300079345703,37609000,0.0,0.0,NFLX
2025-05-09 00:00:00-04:00,114.70999908447266,115.0999984741211,113.3219985961914,114.02200317382812,25696000,0.0,0.0,NFLX
2025-05-12 00:00:00-04:00,112.4260025024414,113.0,110.29299926757812,111.0,64791000,0.0,0.0,NFLX
2025-05-13 00:00:00-04:00,111.44599914550781,114.78800201416016,110.62999725341797,113.84400177001953,39979000,0.0,0.0,NFLX
2025-05-14 00:00:00-04:00,112.95999908447266,115.29000091552734,112.83999633789062,115.0989990234375,39101000,0.0,0.0,NFLX
2025-05-15 00:00:00-04:00,114.77400207519531,118.77999877929688,114.76499938964844,117.7979965209961,44640000,0.0,0.0,NFLX
2025-05-16 00:00:00-04:00,119.31400299072266,119.6500015258789,117.93900299072266,119.15299987792969,46984000,0.0,0.0,NFLX
2025-05-19 00:00:00-04:00,117.35800170898438,119.16400146484375,117.1709976196289,119.16400146484375,28534000,0.0,0.0,NFLX
2025-05-20 00:00:00-04:00,118.67900085449219,119.30000305175781,117.9020004272461,119.2020034790039,21331000,0.0,0.0,NFLX
2025-05-21 00:00:00-04:00,118.6500015258789,121.12200164794922,118.6500015258789,119.46299743652344,29766000,0.0,0.0,NFLX
2025-05-22 00:00:00-04:00,119.23999786376953,119.875,118.72100067138672,118.7969970703125,18616000,0.0,0.0,NFLX
2025-05-23 00:00:00-04:00,118.4000015258789,119.1449966430664,117.94400024414062,118.53900146484375,21865000,0.0,0.0,NFLX
2025-05-27 00:00:00-04:00,119.53299713134766,121.177001953125,119.30899810791016,121.15699768066406,29205000,0.0,0.0,NFLX
2025-05-28 00:00:00-04:00,121.0270004272461,121.59100341796875,120.60199737548828,120.8550033569336,18559000,0.0,0.0,NFLX
2025-05-29 00:00:00-04:00,120.80000305175781,120.9000015258789,117.62799835205078,118.48600006103516,33007000,0.0,0.0,NFLX
2025-05-30 00:00:00-04:00,119.83300018310547,121.18099975585938,118.09300231933594,120.7229995727539,46968000,0.0,0.0,NFLX
2025-06-02 00:00:00-04:00,120.12000274658203,121.94000244140625,119.625,121.89800262451172,22942000,0.0,0.0,NFLX
2025-06-03 00:00:00-04:00,121.98699951171875,122.95700073242188,121.11799621582031,121.79399871826172,23638000,0.0,0.0,NFLX
2025-06-04 00:00:00-04:00,122.072998046875,124.25599670410156,121.98799896240234,123.96600341796875,23594000,0.0,0.0,NFLX
2025-06-05 00:00:00-04:00,124.05999755859375,126.28099822998047,123.72899627685547,125.052001953125,28172000,0.0,0.0,NFLX
2025-06-06 00:00:00-04:00,125.94100189208984,126.0,123.55500030517578,124.14700317382812,25570000,0.0,0.0,NFLX
2025-06-09 00:00:00-04:00,123.88800048828125,123.88800048828125,122.15699768066406,122.44599914550781,24031000,0.0,0.0,NFLX
2025-06-10 00:00:00-04:00,122.75199890136719,122.75199890136719,118.06099700927734,120.36199951171875,44544000,0.0,0.0,NFLX
2025-06-11 00:00:00-04:00,120.26000213623047,122.8290023803711,119.60099792480469,121.98799896240234,23823000,0.0,0.0,NFLX
2025-06-12 00:00:00-04:00,122.25900268554688,123.0,121.19599914550781,121.50299835205078,20846000,0.0,0.0,NFLX
2025-06-13 00:00:00-04:00,120.65899658203125,122.06199645996094,120.18900299072266,121.21499633789062,22103000,0.0,0.0,NFLX
2025-06-16 00:00:00-04:00,121.22000122070312,122.625,121.22000122070312,122.53500366210938,21128000,0.0,0.0,NFLX
2025-06-17 00:00:00-04:00,121.99500274658203,123.23600006103516,121.60900115966797,122.06700134277344,18921000,0.0,0.0,NFLX
2025-06-18 00:00:00-04:00,122.9990005493164,124.19999694824219,122.05000305175781,122.22899627685547,22810000,0.0,0.0,NFLX
2025-06-20 00:00:00-04:00,123.44499969482422,124.8499984741211,122.43499755859375,123.14099884033203,53482000,0.0,0.0,NFLX
2025-06-23 00:00:00-04:00,123.8030014038086,125.48400115966797,121.5009994506836,125.35399627685547,26673000,0.0,0.0,NFLX
2025-06-24 00:00:00-04:00,126.05500030517578,128.2570037841797,125.5,127.91100311279297,26633000,0.0,0.0,NFLX
2025-06-25 00:00:00-04:00,128.6840057373047,129.8000030517578,127.38099670410156,127.5250015258789,21465000,0.0,0.0,NFLX
2025-06-26 00:00:00-04:00,128.0,130.73399353027344,128.0,130.66700744628906,26059000,0.0,0.0,NFLX
2025-06-27 00:00:00-04:00,130.68800354003906,133.13499450683594,130.10000610351562,132.31199645996094,40709000,0.0,0.0,NFLX
2025-06-30 00:00:00-04:00,133.10000610351562,134.11500549316406,132.12100219726562,133.91299438476562,32829000,0.0,0.0,NFLX
2025-07-01 00:00:00-04:00,133.822998046875,133.8769989013672,128.2220001220703,129.36000061035156,49936000,0.0,0.0,NFLX
2025-07-02 00:00:00-04:00,129.6959991455078,129.9949951171875,127.15899658203125,128.48599243164062,30488000,0.0,0.0,NFLX
2025-07-03 00:00:00-04:00,129.1999969482422,130.2259979248047,127.97599792480469,129.71800231933594,20062000,0.0,0.0,NFLX
2025-07-07 00:00:00-04:00,129.5,129.5,127.60199737548828,128.96200561523438,22737000,0.0,0.0,NFLX
2025-07-08 00:00:00-04:00,129.08999633789062,129.3249969482422,126.0,127.53099822998047,32925000,0.0,0.0,NFLX
2025-07-09 00:00:00-04:00,127.39900207519531,128.82899475097656,126.6240005493164,128.8280029296875,23845000,0.0,0.0,NFLX
2025-07-10 00:00:00-04:00,128.5500030517578,128.9600067138672,124.60099792480469,125.05899810791016,42308000,0.0,0.0,NFLX
2025-07-11 00:00:00-04:00,125.97899627685547,126.0999984741211,123.12999725341797,124.51100158691406,39572000,0.0,0.0,NFLX
2025-07-14 00:00:00-04:00,124.49099731445312,127.04900360107422,124.0,126.19499969482422,27810000,0.0,0.0,NFLX
2025-07-15 00:00:00-04:00,126.19999694824219,127.12200164794922,124.3239974975586,126.0270004272461,28017000,0.0,0.0,NFLX
2025-07-16 00:00:00-04:00,126.1709976196289,127.0999984741211,124.98200225830078,125.03099822998047,32270000,0.0,0.0,NFLX
2025-07-17 00:00:00-04:00,125.30000305175781,127.75,124.4800033569336,127.41699981689453,64699000,0.0,0.0,NFLX
2025-07-18 00:00:00-04:00,124.19599914550781,124.6500015258789,120.10099792480469,120.92400360107422,106933000,0.0,0.0,NFLX
2025-07-21 00:00:00-04:00,120.5999984741211,123.70999908447266,119.80000305175781,123.3270034790039,56276000,0.0,0.0,NFLX
2025-07-22 00:00:00-04:00,123.03800201416016,123.23699951171875,118.75,119.00800323486328,50630000,0.0,0.0,NFLX
2025-07-23 00:00:00-04:00,118.98100280761719,119.26200103759766,117.36000061035156,117.6780014038086,45043000,0.0,0.0,NFLX
2025-07-24 00:00:00-04:00,117.77999877929688,118.3499984741211,116.26599884033203,118.07599639892578,38456000,0.0,0.0,NFLX
2025-07-25 00:00:00-04:00,117.84200286865234,118.73200225830078,117.43800354003906,118.04900360107422,26293000,0.0,0.0,NFLX
2025-07-28 00:00:00-04:00,118.12000274658203,119.77899932861328,116.85299682617188,117.45999908447266,34470000,0.0,0.0,NFLX
2025-07-29 00:00:00-04:00,117.9000015258789,117.95999908447266,116.3290023803711,116.8740005493164,27525000,0.0,0.0,NFLX
2025-07-30 00:00:00-04:00,116.8550033569336,118.48500061035156,116.61000061035156,118.41999816894531,29227000,0.0,0.0,NFLX
2025-07-31 00:00:00-04:00,118.4800033569336,119.0,115.77400207519531,115.94000244140625,37129000,0.0,0.0,NFLX
2025-08-01 00:00:00-04:00,116.3010025024414,117.85099792480469,115.28500366210938,115.86000061035156,38910000,0.0,0.0,NFLX
2025-08-04 00:00:00-04:00,116.76499938964844,117.69999694824219,116.26200103759766,117.0989990234375,22447000,0.0,0.0,NFLX
2025-08-05 00:00:00-04:00,117.0999984741211,117.1709976196289,114.47100067138672,114.78700256347656,26607000,0.0,0.0,NFLX
2025-08-06 00:00:00-04:00,115.35199737548828,118.13800048828125,115.18699645996094,117.8479995727539,33622000,0.0,0.0,NFLX
2025-08-07 00:00:00-04:00,118.1760025024414,119.12200164794922,116.81999969482422,118.03700256347656,26283000,0.0,0.0,NFLX
2025-08-08 00:00:00-04:00,118.31900024414062,121.41100311279297,118.03700256347656,121.16400146484375,38167000,0.0,0.0,NFLX
2025-08-11 00:00:00-04:00,121.4010009765625,122.30699920654297,120.19300079345703,121.83100128173828,24556000,0.0,0.0,NFLX
2025-08-12 00:00:00-04:00,122.5,123.1989974975586,120.6510009765625,122.52799987792969,22788000,0.0,0.0,NFLX
2025-08-13 00:00:00-04:00,123.4000015258789,123.71199798583984,120.30000305175781,120.44400024414062,27624000,0.0,0.0,NFLX
2025-08-14 00:00:00-04:00,120.98899841308594,124.40899658203125,120.7030029296875,123.05599975585938,39047000,0.0,0.0,NFLX
2025-08-15 00:00:00-04:00,123.40399932861328,124.69400024414062,122.78800201416016,123.8949966430664,27678000,0.0,0.0,NFLX
2025-08-18 00:00:00-04:00,123.56300354003906,125.11599731445312,123.54499816894531,124.50900268554688,21111000,0.0,0.0,NFLX
2025-08-19 00:00:00-04:00,124.0199966430664,124.0999984741211,119.27899932861328,121.41500091552734,37077000,0.0,0.0,NFLX
2025-08-20 00:00:00-04:00,121.80000305175781,122.30000305175781,119.33100128173828,121.38600158691406,24344000,0.0,0.0,NFLX
2025-08-21 00:00:00-04:00,121.14299774169922,122.13999938964844,119.76399993896484,120.62100219726562,20472000,0.0,0.0,NFLX
2025-08-22 00:00:00-04:00,120.88800048828125,121.36199951171875,119.822998046875,120.46499633789062,31281000,0.0,0.0,NFLX
2025-08-25 00:00:00-04:00,120.16500091552734,123.37999725341797,119.9000015258789,121.80699920654297,28120000,0.0,0.0,NFLX
2025-08-26 00:00:00-04:00,122.02100372314453,123.1500015258789,121.22000122070312,122.60900115966797,19857000,0.0,0.0,NFLX
2025-08-27 00:00:00-04:00,122.36100006103516,122.9209976196289,121.30000305175781,122.3499984741211,16645000,0.0,0.0,NFLX
2025-08-28 00:00:00-04:00,122.27899932861328,123.78900146484375,121.427001953125,123.1449966430664,19503000,0.0,0.0,NFLX
2025-08-29 00:00:00-04:00,122.7969970703125,122.87899780273438,120.11499786376953,120.82499694824219,32098000,0.0,0.0,NFLX
2025-09-02 00:00:00-04:00,119.69999694824219,121.54000091552734,118.27999877929688,121.41100311279297,23033000,0.0,0.0,NFLX
2025-09-03 00:00:00-04:00,120.51399993896484,122.69999694824219,120.33799743652344,122.61799621582031,24715000,0.0,0.0,NFLX
2025-09-04 00:00:00-04:00,122.31999969482422,125.74800109863281,122.30899810791016,125.74800109863281,30235000,0.0,0.0,NFLX
2025-09-05 00:00:00-04:00,126.0,126.70999908447266,123.9020004272461,124.38200378417969,23797000,0.0,0.0,NFLX
2025-09-08 00:00:00-04:00,124.85399627685547,125.2040023803711,123.19999694824219,124.47599792480469,19151000,0.0,0.0,NFLX
2025-09-09 00:00:00-04:00,124.66699981689453,126.5719985961914,124.66699981689453,126.32499694824219,22197000,0.0,0.0,NFLX
2025-09-10 00:00:00-04:00,126.39700317382812,126.69999694824219,124.63600158691406,124.77100372314453,27010000,0.0,0.0,NFLX
2025-09-11 00:00:00-04:00,125.0999984741211,125.34500122070312,119.19999694824219,120.3499984741211,56823000,0.0,0.0,NFLX
2025-09-12 00:00:00-04:00,120.30599975585938,121.1780014038086,118.23999786376953,118.84400177001953,37849000,0.0,0.0,NFLX
2025-09-15 00:00:00-04:00,118.83999633789062,120.7239990234375,117.32099914550781,120.22599792480469,29093000,0.0,0.0,NFLX
2025-09-16 00:00:00-04:00,120.56400299072266,120.9000015258789,119.72799682617188,120.0510025024414,24047000,0.0,0.0,NFLX
2025-09-17 00:00:00-04:00,122.10199737548828,123.39299774169922,120.66100311279297,122.8499984741211,34598000,0.0,0.0,NFLX
2025-09-18 00:00:00-04:00,122.08200073242188,123.30000305175781,120.55000305175781,120.77799987792969,31691000,0.0,0.0,NFLX
2025-09-19 00:00:00-04:00,121.86199951171875,122.99500274658203,120.80999755859375,122.6969985961914,49476000,0.0,0.0,NFLX
2025-09-22 00:00:00-04:00,122.19000244140625,122.97599792480469,121.42400360107422,122.73699951171875,25468000,0.0,0.0,NFLX
2025-09-23 00:00:00-04:00,122.73300170898438,122.77899932861328,120.84700012207031,121.84700012207031,24991000,0.0,0.0,NFLX
2025-09-24 00:00:00-04:00,121.86100006103516,122.1500015258789,119.41999816894531,120.3949966430664,27731000,0.0,0.0,NFLX
2025-09-25 00:00:00-04:00,120.30899810791016,121.68399810791016,119.1510009765625,120.8239974975586,19978000,0.0,0.0,NFLX
2025-09-26 00:00:00-04:00,120.54199981689453,121.4000015258789,120.0,121.06099700927734,19450000,0.0,0.0,NFLX
2025-09-29 00:00:00-04:00,120.5,122.4489974975586,118.75399780273438,120.64099884033203,30332000,0.0,0.0,NFLX
2025-09-30 00:00:00-04:00,120.64099884033203,120.8499984741211,117.80000305175781,119.89199829101562,38303000,0.0,0.0,NFLX
2025-10-01 00:00:00-04:00,117.54900360107422,117.91400146484375,116.32099914550781,117.08999633789062,41102000,0.0,0.0,NFLX
2025-10-02 00:00:00-04:00,116.1500015258789,116.33300018310547,113.4000015258789,116.25299835205078,46855000,0.0,0.0,NFLX
2025-10-03 00:00:00-04:00,116.5,116.80000305175781,114.3219985961914,115.33200073242188,31374000,0.0,0.0,NFLX
2025-10-06 00:00:00-04:00,116.03700256347656,116.35800170898438,114.54499816894531,116.33100128173828,29686000,0.0,0.0,NFLX
2025-10-07 00:00:00-04:00,117.77899932861328,120.13700103759766,117.74600219726562,119.10600280761719,33091000,0.0,0.0,NFLX
2025-10-08 00:00:00-04:00,119.71099853515625,121.73899841308594,119.19999694824219,121.42500305175781,28514000,0.0,0.0,NFLX
2025-10-09 00:00:00-04:00,121.42500305175781,123.75,121.18199920654297,123.10700225830078,28241000,0.0,0.0,NFLX
2025-10-10 00:00:00-04:00,122.9000015258789,124.69999694824219,121.91000366210938,122.00800323486328,42798000,0.0,0.0,NFLX
2025-10-13 00:00:00-04:00,122.13500213623047,123.11199951171875,120.68099975585938,121.90299987792969,24608000,0.0,0.0,NFLX
2025-10-14 00:00:00-04:00,121.4749984741211,122.42900085449219,120.30999755859375,121.53500366210938,23624000,0.0,0.0,NFLX
2025-10-15 00:00:00-04:00,121.3010025024414,121.96199798583984,120.16100311279297,120.3290023803711,20252000,0.0,0.0,NFLX
2025-10-16 00:00:00-04:00,121.21499633789062,121.6709976196289,117.5999984741211,118.35900115966797,28326000,0.0,0.0,NFLX
2025-10-17 00:00:00-04:00,118.36000061035156,120.31199645996094,117.8949966430664,119.93599700927734,29571000,0.0,0.0,NFLX
2025-10-20 00:00:00-04:00,120.78800201416016,124.7760009765625,120.69000244140625,123.85600280761719,39862000,0.0,0.0,NFLX
2025-10-21 00:00:00-04:00,124.28299713134766,124.86000061035156,123.1760025024414,124.13500213623047,65082000,0.0,0.0,NFLX
2025-10-22 00:00:00-04:00,114.29000091552734,115.76000213623047,111.2509994506836,111.63700103759766,147890000,0.0,0.0,NFLX
2025-10-23 00:00:00-04:00,112.69000244140625,112.78299713134766,109.9729995727539,111.35900115966797,68497000,0.0,0.0,NFLX
2025-10-24 00:00:00-04:00,111.0999984741211,111.45099639892578,109.44100189208984,109.46900177001953,60280000,0.0,0.0,NFLX
2025-10-27 00:00:00-04:00,110.06700134277344,110.22799682617188,108.7300033569336,109.45600128173828,46911000,0.0,0.0,NFLX
2025-10-28 00:00:00-04:00,109.4000015258789,111.697998046875,109.3010025024414,110.25,40209000,0.0,0.0,NFLX
2025-10-29 00:00:00-04:00,109.98400115966797,110.8550033569336,109.5999984741211,110.04100036621094,33995000,0.0,0.0,NFLX
2025-10-30 00:00:00-04:00,109.44000244140625,110.61599731445312,108.81099700927734,108.9000015258789,41581000,0.0,0.0,NFLX
2025-10-31 00:00:00-04:00,110.53900146484375,113.48799896240234,110.197998046875,111.88600158691406,68665000,0.0,0.0,NFLX
2025-11-03 00:00:00-05:00,113.3239974975586,113.3499984741211,107.51499938964844,110.00900268554688,58634000,0.0,0.0,NFLX
2025-11-04 00:00:00-05:00,109.9990005493164,110.45999908447266,108.66799926757812,109.2959976196289,38718000,0.0,0.0,NFLX
2025-11-05 00:00:00-05:00,108.5,110.08499908447266,107.33699798583984,109.84600067138672,35539000,0.0,0.0,NFLX
2025-11-06 00:00:00-05:00,109.45800018310547,110.37000274658203,108.51300048828125,109.7020034790039,36532000,0.0,0.0,NFLX
2025-11-07 00:00:00-05:00,109.41799926757812,110.8219985961914,108.75,110.36599731445312,44125000,0.0,0.0,NFLX
2025-11-10 00:00:00-05:00,110.6719970703125,112.81999969482422,110.40499877929688,112.00700378417969,36929000,0.0,0.0,NFLX
2025-11-11 00:00:00-05:00,111.76000213623047,113.9219970703125,111.27999877929688,113.64399719238281,27966000,0.0,0.0,NFLX
2025-11-12 00:00:00-05:00,113.81700134277344,116.43399810791016,112.82599639892578,115.75,39221000,0.0,0.0,NFLX
2025-11-13 00:00:00-05:00,115.8499984741211,116.73300170898438,114.56900024414062,115.4229965209961,40144000,0.0,0.0,NFLX
2025-11-14 00:00:00-05:00,114.27300262451172,114.27300262451172,110.72100067138672,111.21700286865234,47607000,0.0,0.0,NFLX
2025-11-17 00:00:00-05:00,110.75,111.8499984741211,109.55000305175781,110.29000091552734,26082700,0.0,10.0,NFLX
2025-11-18 00:00:00-05:00,110.29000091552734,115.25,109.19999694824219,114.08999633789062,43440600,0.0,0.0,NFLX
2025-11-19 00:00:00-05:00,113.0,113.33999633789062,108.61000061035156,110.0,31868100,0.0,0.0,NFLX
2025-11-20 00:00:00-05:00,111.0,111.0999984741211,105.38999938964844,105.66999816894531,36918500,0.0,0.0,NFLX
2025-11-21 00:00:00-05:00,105.12999725341797,106.52999877929688,103.80999755859375,104.30999755859375,41232700,0.0,0.0,NFLX
2025-11-24 00:00:00-05:00,104.25,108.04000091552734,103.31999969482422,106.97000122070312,62918300,0.0,0.0,NFLX
2025-11-25 00:00:00-05:00,106.12000274658203,106.30000305175781,103.81999969482422,104.4000015258789,35122600,0.0,0.0,NFLX
2025-11-26 00:00:00-05:00,105.73999786376953,106.94999694824219,105.22000122070312,106.13999938964844,27951000,0.0,0.0,NFLX
2025-11-28 00:00:00-05:00,106.44000244140625,107.94000244140625,106.23999786376953,107.58000183105469,15021600,0.0,0.0,NFLX
2025-12-01 00:00:00-05:00,106.51000213623047,109.33999633789062,106.30999755859375,109.12999725341797,24873400,0.0,0.0,NFLX
2025-12-02 00:00:00-05:00,109.20999908447266,109.7300033569336,107.5199966430664,109.3499984741211,25763000,0.0,0.0,NFLX
2025-12-03 00:00:00-05:00,106.58999633789062,106.87000274658203,102.02999877929688,103.95999908447266,53593400,0.0,0.0,NFLX
2025-12-04 00:00:00-05:00,103.56999969482422,103.80000305175781,101.7699966430664,103.22000122070312,51779100,0.0,0.0,NFLX
2025-12-05 00:00:00-05:00,98.77999877929688,104.79000091552734,97.73999786376953,100.23999786376953,133363600,0.0,0.0,NFLX
2025-12-08 00:00:00-05:00,99.87000274658203,99.88999938964844,95.30000305175781,96.79000091552734,100906300,0.0,0.0,NFLX
2025-12-09 00:00:00-05:00,97.02999877929688,97.23999786376953,95.44999694824219,96.70999908447266,51745600,0.0,0.0,NFLX
2025-12-10 00:00:00-05:00,96.73999786376953,96.97000122070312,92.3499984741211,92.70999908447266,74129300,0.0,0.0,NFLX
2025-12-11 00:00:00-05:00,93.9000015258789,94.81999969482422,92.76000213623047,94.08999633789062,43949000,0.0,0.0,NFLX
2025-12-12 00:00:00-05:00,95.5,96.91999816894531,94.6500015258789,95.19000244140625,49323100,0.0,0.0,NFLX
2025-12-15 00:00:00-05:00,96.0199966430664,96.37000274658203,93.52999877929688,93.7699966430664,40016500,0.0,0.0,NFLX
2025-12-16 00:00:00-05:00,93.87999725341797,94.93000030517578,93.31999969482422,94.56999969482422,34265000,0.0,0.0,NFLX
2025-12-17 00:00:00-05:00,95.9800033569336,97.33000183105469,94.45999908447266,94.79000091552734,50472800,0.0,0.0,NFLX
2025-12-18 00:00:00-05:00,95.0199966430664,95.80999755859375,93.58999633789062,94.0,37244700,0.0,0.0,NFLX
2025-12-19 00:00:00-05:00,93.56999969482422,95.54000091552734,93.44999694824219,94.38999938964844,78990200,0.0,0.0,NFLX
2025-12-22 00:00:00-05:00,94.70999908447266,94.70999908447266,92.91000366210938,93.2300033569336,39484800,0.0,0.0,NFLX
2025-12-23 00:00:00-05:00,93.4000015258789,93.80999755859375,91.33000183105469,93.5,25896200,0.0,0.0,NFLX
2025-12-24 00:00:00-05:00,93.11000061035156,93.68000030517578,92.66999816894531,93.63999938964844,12427900,0.0,0.0,NFLX
2025-12-26 00:00:00-05:00,93.4800033569336,94.69000244140625,93.2699966430664,94.47000122070312,22068300,0.0,0.0,NFLX
2025-12-29 00:00:00-05:00,93.98999786376953,94.97000122070312,93.62999725341797,94.1500015258789,24493700,0.0,0.0,NFLX
2025-12-30 00:00:00-05:00,93.5199966430664,93.98999786376953,93.33999633789062,93.77999877929688,23422000,0.0,0.0,NFLX
2025-12-31 00:00:00-05:00,93.5999984741211,94.30999755859375,93.19999694824219,93.76000213623047,23495200,0.0,0.0,NFLX
2026-01-02 00:00:00-05:00,94.12999725341797,94.12999725341797,90.80999755859375,90.98999786376953,41155400,0.0,0.0,NFLX
2026-01-05 00:00:00-05:00,90.91999816894531,92.62999725341797,90.83999633789062,91.45999908447266,39183300,0.0,0.0,NFLX
2026-01-06 00:00:00-05:00,91.54000091552734,91.63999938964844,89.73999786376953,90.6500015258789,43331000,0.0,0.0,NFLX
2026-01-07 00:00:00-05:00,91.55999755859375,92.41999816894531,90.05999755859375,90.7300033569336,36525700,0.0,0.0,NFLX
2026-01-08 00:00:00-05:00,90.44999694824219,91.25,89.58000183105469,90.52999877929688,40068700,0.0,0.0,NFLX
2026-01-09 00:00:00-05:00,90.02999877929688,90.05000305175781,88.31999969482422,89.45999908447266,55579500,0.0,0.0,NFLX
2026-01-12 00:00:00-05:00,89.69000244140625,90.33999633789062,89.33000183105469,89.41000366210938,36290600,0.0,0.0,NFLX
2026-01-13 00:00:00-05:00,89.44000244140625,91.1500015258789,89.06999969482422,90.31999969482422,45221100,0.0,0.0,NFLX
2026-01-14 00:00:00-05:00,91.23999786376953,91.58000183105469,87.94999694824219,88.55000305175781,49737700,0.0,0.0,NFLX
2026-01-15 00:00:00-05:00,89.0199966430664,89.88999938964844,87.81999969482422,88.05000305175781,36945100,0.0,0.0,NFLX
2026-01-16 00:00:00-05:00,88.33999633789062,88.51000213623047,87.77999877929688,88.0,48130500,0.0,0.0,NFLX
2026-01-20 00:00:00-05:00,88.97000122070312,89.9000015258789,87.0199966430664,87.26000213623047,109729700,0.0,0.0,NFLX
2026-01-21 00:00:00-05:00,82.5199966430664,86.0,81.93000030517578,85.36000061035156,127940700,0.0,0.0,NFLX
2026-01-22 00:00:00-05:00,85.0199966430664,85.0999984741211,82.9800033569336,83.54000091552734,69113300,0.0,0.0,NFLX
2026-01-23 00:00:00-05:00,83.43000030517578,86.30000305175781,83.27999877929688,86.12000274658203,64420500,0.0,0.0,NFLX
2025-01-24 00:00:00-05:00,223.76794215782238,224.614121166801,220.4131202139208,221.77694702148438,54697900,0.0,0.0,AAPL
2025-01-27 00:00:00-05:00,223.01138591977585,231.10477141655377,222.9715575076631,228.82508850097656,94863400,0.0,0.0,AAPL
2025-01-28 00:00:00-05:00,229.81063008981926,239.1085741517517,229.77080167884077,237.187255859375,75707600,0.0,0.0,AAPL
2025-01-29 00:00:00-05:00,233.06590496072297,238.78006694024197,232.95639961161774,238.28231811523438,45486100,0.0,0.0,AAPL
2025-01-30 00:00:00-05:00,237.59541819689565,239.7058683175974,236.14200015946125,236.52027893066406,55658300,0.0,0.0,AAPL
2025-01-31 00:00:00-05:00,246.07705979363328,246.07705979363328,232.38896748106293,234.93743896484375,100959800,0.0,0.0,AAPL
2025-02-03 00:00:00-05:00,228.9545099800506,230.78622201033428,224.68381655532258,226.98341369628906,73063300,0.0,0.0,AAPL
2025-02-04 00:00:00-05:00,226.2268315478868,232.08036234711574,225.62952690670866,231.75184631347656,45067300,0.0,0.0,AAPL
2025-02-05 00:00:00-05:00,227.50107667347064,231.62243633567465,227.24225275297744,231.42333984375,39620300,0.0,0.0,AAPL
2025-02-06 00:00:00-05:00,230.24863411824003,232.74734282564026,229.39250557129796,232.16995239257812,29925300,0.0,0.0,AAPL
2025-02-07 00:00:00-05:00,231.55275755143822,232.946448173879,226.236788599926,226.60513305664062,39707200,0.0,0.0,AAPL
2025-02-10 00:00:00-05:00,228.7876615470872,229.80417456619486,226.42572786906877,226.8741912841797,33115600,0.25,0.0,AAPL
2025-02-11 00:00:00-05:00,227.42233485023965,234.42837673351212,227.3525813044295,231.8272705078125,53718400,0.0,0.0,AAPL
2025-02-12 00:00:00-05:00,230.41209906543347,236.15247950770552,229.89386689621963,236.06277465820312,45243300,0.0,0.0,AAPL
2025-02-13 00:00:00-05:00,236.10265815205582,241.5141464162941,234.76722827404518,240.7069091796875,53614100,0.0,0.0,AAPL
2025-02-14 00:00:00-05:00,240.4278440984732,244.71319316935814,240.1687356269457,243.7664337158203,40896200,0.0,0.0,AAPL
2025-02-18 00:00:00-05:00,243.31796980618805,244.34445851454996,241.01584434943877,243.6368865966797,48822500,0.0,0.0,AAPL
2025-02-19 00:00:00-05:00,243.8262313730556,245.17162160901916,242.33134319523683,244.03550720214844,32204200,0.0,0.0,AAPL
2025-02-20 00:00:00-05:00,244.10528213544586,245.93900803040836,243.45748811790233,244.99224853515625,32316900,0.0,0.0,AAPL
2025-02-21 00:00:00-05:00,245.11182656230832,247.84249441981407,244.38431857946645,244.71319580078125,53197400,0.0,0.0,AAPL
2025-02-24 00:00:00-05:00,244.0953010258401,248.01191597096326,243.58704451830639,246.25791931152344,51326400,0.0,0.0,AAPL
2025-02-25 00:00:00-05:00,247.15485528022737,249.14803959700342,244.0753891604379,246.1981201171875,48013300,0.0,0.0,AAPL
2025-02-26 00:00:00-05:00,243.49735015822236,244.14512894194456,238.31507426807877,239.54087829589844,44433600,0.0,0.0,AAPL
2025-02-27 00:00:00-05:00,238.5941277716784,241.6337368385667,236.25213016109495,236.49131774902344,41153600,0.0,0.0,AAPL
2025-02-28 00:00:00-05:00,236.14250368420718,241.26498665715278,229.41550676334808,241.01583862304688,56833400,0.0,0.0,AAPL
2025-03-03 00:00:00-05:00,240.96599177281342,243.1983635012748,235.3053560708129,237.21881103515625,47184000,0.0,0.0,AAPL
2025-03-04 00:00:00-05:00,236.89992456399492,239.25188262538288,233.88023638606123,235.1259765625,53798100,0.0,0.0,AAPL
2025-03-05 00:00:00-05:00,234.61771347352882,235.7438674276595,228.44880585950324,234.93663024902344,47227600,0.0,0.0,AAPL
2025-03-06 00:00:00-05:00,233.64106399817908,237.04940729600818,232.3654272740836,234.5280303955078,45170400,0.0,0.0,AAPL
2025-03-07 00:00:00-05:00,234.30878315837532,240.54744460053885,233.95996981993864,238.2552947998047,46273600,0.0,0.0,AAPL
2025-03-10 00:00:00-04:00,234.73730306532093,235.35520052510583,223.45588808739058,226.70477294921875,72071200,0.0,0.0,AAPL
2025-03-11 00:00:00-04:00,223.0472976504486,225.07037859810526,216.70897065581676,220.08741760253906,76137400,0.0,0.0,AAPL
2025-03-12 00:00:00-04:00,219.3897895710681,220.99430349899413,214.17761702040198,216.2405548095703,62547500,0.0,0.0,AAPL
2025-03-13 00:00:00-04:00,215.2140760046737,216.1010424274323,207.7097381833997,208.96543884277344,61368300,0.0,0.0,AAPL
2025-03-14 00:00:00-04:00,210.53009451028822,213.22089031000854,208.86578742228792,212.76246643066406,60107600,0.0,0.0,AAPL
2025-03-17 00:00:00-04:00,212.58307041465437,214.48656508270392,209.25445626243933,213.27072143554688,48073400,0.0,0.0,AAPL
2025-03-18 00:00:00-04:00,213.43017106944268,214.41678753127792,210.76927194631702,211.96517944335938,42432400,0.0,0.0,AAPL
2025-03-19 00:00:00-04:00,213.48995680484757,218.0144781615262,213.0215573102422,214.50648498535156,54385400,0.0,0.0,AAPL
2025-03-20 00:00:00-04:00,213.2607660976187,216.74883872802718,211.49679368091097,213.37039184570312,48862900,0.0,0.0,AAPL
2025-03-21 00:00:00-04:00,210.83902892918795,218.09421843072647,210.55998434888178,217.5261688232422,94127800,0.0,0.0,AAPL
2025-03-24 00:00:00-04:00,220.24686734420678,220.7252273230714,217.83511614199446,219.977783203125,44299500,0.0,0.0,AAPL
2025-03-25 00:00:00-04:00,220.01766257627696,223.33631640181736,219.33001153042758,222.9875030517578,34493600,0.0,0.0,AAPL
2025-03-26 00:00:00-04:00,222.74828771017502,224.25315146564492,219.71865451354498,220.77503967285156,34466100,0.0,0.0,AAPL
2025-03-27 00:00:00-04:00,220.63551973925667,224.22325730600966,219.8083464889556,223.08714294433594,37094800,0.0,0.0,AAPL
2025-03-28 00:00:00-04:00,220.91458161653458,223.04728822423488,216.93817343567548,217.1574249267578,39818600,0.0,0.0,AAPL
2025-03-31 00:00:00-04:00,216.27045427307317,224.8511131847691,215.49311362240712,221.37301635742188,65299300,0.0,0.0,AAPL
2025-04-01 00:00:00-04:00,219.06091135294477,222.91771798921508,218.15400887457568,222.4293975830078,36412700,0.0,0.0,AAPL
2025-04-02 00:00:00-04:00,220.56578026164416,224.4225869866718,220.2667995775576,223.12701416015625,35905900,0.0,0.0,AAPL
2025-04-03 00:00:00-04:00,204.83954098981803,206.78290782089874,200.56416741637668,202.49755859375,103419000,0.0,0.0,AAPL
2025-04-04 00:00:00-04:00,193.2292544699453,199.19884701911502,186.70157274086588,187.738037109375,125910900,0.0,0.0,AAPL
2025-04-07 00:00:00-04:00,176.59612158290105,193.48835506739644,174.02491207450518,180.84161376953125,160466300,0.0,0.0,AAPL
2025-04-08 00:00:00-04:00,186.06374707733985,189.6913418115003,168.63336050772435,171.83241271972656,120859500,0.0,0.0,AAPL
2025-04-09 00:00:00-04:00,171.3640110222038,199.926344669284,171.30421792842867,198.17234802246094,184395900,0.0,0.0,AAPL
2025-04-10 00:00:00-04:00,188.42569728108137,194.11623030966024,182.3763752402466,189.77108764648438,121880000,0.0,0.0,AAPL
2025-04-11 00:00:00-04:00,185.46579368960585,198.85997858079665,185.42592149027786,197.47471618652344,87435900,0.0,0.0,AAPL
2025-04-14 00:00:00-04:00,210.7194495182335,212.2143377637297,200.47448329230923,201.82984924316406,101352900,0.0,0.0,AAPL
2025-04-15 00:00:00-04:00,201.1720967653651,202.81646776904176,199.11911932089467,201.45114135742188,51343900,0.0,0.0,AAPL
2025-04-16 00:00:00-04:00,197.68401406478426,200.01603598224625,191.71442177543545,193.6079559326172,59732400,0.0,0.0,AAPL
2025-04-17 00:00:00-04:00,196.5279673080365,198.15241736523095,193.75744237056688,196.3087158203125,52164700,0.0,0.0,AAPL
2025-04-21 00:00:00-04:00,192.61134997705832,193.13954254760668,189.16313478921086,192.50172424316406,46742500,0.0,0.0,AAPL
2025-04-22 00:00:00-04:00,195.45165216386687,200.9030125684292,195.3021694205859,199.059326171875,52976400,0.0,0.0,AAPL
2025-04-23 00:00:00-04:00,205.29799399880645,207.29117840656184,202.10890198775584,203.90277099609375,52929200,0.0,0.0,AAPL
2025-04-24 00:00:00-04:00,204.1917605029567,208.11833592046503,202.248408894664,207.65989685058594,47311000,0.0,0.0,AAPL
2025-04-25 00:00:00-04:00,205.66671618569228,209.0352025034097,205.49729734578435,208.56680297851562,38222300,0.0,0.0,AAPL
2025-04-28 00:00:00-04:00,209.2843516085664,210.77923983434187,206.7530142372406,209.4238739013672,38743100,0.0,0.0,AAPL
2025-04-29 00:00:00-04:00,207.97880282615472,211.51670773820763,207.65988606249564,210.49021911621094,36827600,0.0,0.0,AAPL
2025-04-30 00:00:00-04:00,208.58674127234366,212.8521544830753,205.96569903614,211.7758331298828,52286500,0.0,0.0,AAPL
2025-05-01 00:00:00-04:00,208.3674918385056,213.82881264887993,208.18809734114114,212.59304809570312,57365700,0.0,0.0,AAPL
2025-05-02 00:00:00-04:00,205.38767599056177,206.28461806468735,201.4710760745947,204.65020751953125,101010600,0.0,0.0,AAPL
2025-05-05 00:00:00-04:00,202.40787903175757,203.4044712176219,197.5345438511527,198.21221923828125,69018500,0.0,0.0,AAPL
2025-05-06 00:00:00-04:00,197.5345306234426,199.96620262041338,196.34858356859348,197.83349609375,51216500,0.0,0.0,AAPL
2025-05-07 00:00:00-04:00,198.49125449640593,198.7603386318323,192.59143085844198,195.58120727539062,68536700,0.0,0.0,AAPL
2025-05-08 00:00:00-04:00,197.04619801698016,199.3682595147921,194.0165494128041,196.81698608398438,50478900,0.0,0.0,AAPL
2025-05-09 00:00:00-04:00,198.32183886048443,199.85658408831688,196.86680762308345,197.8534393310547,36453900,0.0,0.0,AAPL
2025-05-12 00:00:00-04:00,210.52676720097676,210.82613996616402,206.31563192374182,210.34713745117188,63775800,0.26,0.0,AAPL
2025-05-13 00:00:00-04:00,209.98788789546765,212.95164926547025,208.56089957562318,212.48263549804688,51909300,0.0,0.0,AAPL
2025-05-14 00:00:00-04:00,211.98367663769176,213.49051386836734,210.13757262915965,211.88389587402344,49325800,0.0,0.0,AAPL
2025-05-15 00:00:00-04:00,210.506803034962,212.51258988469863,209.0997617101353,211.00575256347656,45029500,0.0,0.0,AAPL
2025-05-16 00:00:00-04:00,211.9138418912236,212.12340739052024,209.3292870180407,210.81614685058594,54737900,0.0,0.0,AAPL
2025-05-19 00:00:00-04:00,207.47318710280226,209.0398806327114,203.83084657536088,208.3413543701172,46140500,0.0,0.0,AAPL
2025-05-20 00:00:00-04:00,207.23369558110693,208.03201787298204,204.5992426766309,206.42539978027344,42496600,0.0,0.0,AAPL
2025-05-21 00:00:00-04:00,204.73893602091724,206.60500227852873,200.28831500749223,201.6654052734375,59211800,0.0,0.0,AAPL
2025-05-22 00:00:00-04:00,200.2883071907537,202.32401437172413,199.28041949489233,200.9369354248047,46742400,0.0,0.0,AAPL
2025-05-23 00:00:00-04:00,193.26311186041877,197.28464391104225,193.05356158182016,194.85975646972656,78432900,0.0,0.0,AAPL
2025-05-27 00:00:00-04:00,197.88337691051132,200.31825293342968,197.01519441683536,199.78936767578125,56288500,0.0,0.0,AAPL
2025-05-28 00:00:00-04:00,200.16855762950956,202.30406088976383,199.48000488022652,199.99891662597656,45339700,0.0,0.0,AAPL
2025-05-29 00:00:00-04:00,203.15228556391767,203.38179807643976,198.09293019267844,199.5299072265625,51396800,0.0,0.0,AAPL
2025-05-30 00:00:00-04:00,198.95112277889336,201.53569281345096,196.36656797106642,200.4280242919922,70819900,0.0,0.0,AAPL
2025-06-02 00:00:00-04:00,199.85921507319503,201.70533435611304,199.69954757512772,201.27622985839844,35423300,0.0,0.0,AAPL
2025-06-03 00:00:00-04:00,200.92696184786135,203.34187550579085,200.53778186221837,202.84292602539062,46381600,0.0,0.0,AAPL
2025-06-04 00:00:00-04:00,202.48369763994597,205.80670326672896,201.67540185470463,202.39389038085938,43604000,0.0,0.0,AAPL
2025-06-05 00:00:00-04:00,203.07246156364138,204.3198354061699,199.7294935749724,200.20849609375,55126100,0.0,0.0,AAPL
2025-06-06 00:00:00-04:00,202.57349663849442,205.26782088834017,201.62549563553227,203.49156188964844,46607700,0.0,0.0,AAPL
2025-06-09 00:00:00-04:00,203.96058960802065,205.56720771427428,199.59977555964565,201.02676391601562,72862600,0.0,0.0,AAPL
2025-06-10 00:00:00-04:00,200.1785434107301,203.92066462184746,200.14860765917956,202.2441864013672,54672600,0.0,0.0,AAPL
2025-06-11 00:00:00-04:00,203.0724503091444,204.07034932786254,197.99314795828434,198.36236572265625,60989900,0.0,0.0,AAPL
2025-06-12 00:00:00-04:00,198.66173587371065,199.26046614106752,196.94534836583952,198.78147888183594,43904600,0.0,0.0,AAPL
2025-06-13 00:00:00-04:00,199.3103695725812,199.9490243445518,195.2888376882346,196.03726196289062,51447300,0.0,0.0,AAPL
2025-06-16 00:00:00-04:00,196.8854859861783,198.27256505925683,196.1470352061455,198.0031280517578,43020700,0.0,0.0,AAPL
2025-06-17 00:00:00-04:00,196.78567812068002,197.97318035709665,194.79986887227625,195.2289581298828,38856200,0.0,0.0,AAPL
2025-06-18 00:00:00-04:00,195.52832221137376,197.15490236836843,194.66015499959357,196.16697692871094,45394700,0.0,0.0,AAPL
2025-06-20 00:00:00-04:00,197.8235020126397,201.27622400422058,196.44639652864126,200.57769775390625,96813500,0.0,0.0,AAPL
2025-06-23 00:00:00-04:00,201.20639190632414,201.87498244787415,198.54200324907936,201.07666015625,55814300,0.0,0.0,AAPL
2025-06-24 00:00:00-04:00,202.16436301176623,203.0125832870988,199.77938491343542,199.87918090820312,54064000,0.0,0.0,AAPL
2025-06-25 00:00:00-04:00,201.0267661369261,203.2421033073339,200.19850807531137,201.13653564453125,39525700,0.0,0.0,AAPL
2025-06-26 00:00:00-04:00,201.00678701240994,202.2142514946699,199.04094000321476,200.57769775390625,50799100,0.0,0.0,AAPL
2025-06-27 00:00:00-04:00,201.4658274879402,202.7930349784745,199.57979899649257,200.65753173828125,73188600,0.0,0.0,AAPL
2025-06-30 00:00:00-04:00,201.58557286233471,206.95427439094752,198.84135059390303,204.7389373779297,91912800,0.0,0.0,AAPL
2025-07-01 00:00:00-04:00,206.23578409144605,209.74839282792448,205.70689884063935,207.3833770751953,78788900,0.0,0.0,AAPL
2025-07-02 00:00:00-04:00,208.47108532398713,212.8917706186518,207.7026988246806,211.99366760253906,67941800,0.0,0.0,AAPL
2025-07-03 00:00:00-04:00,211.70428104663077,214.19902871499423,211.36499901814886,213.10134887695312,34955800,0.0,0.0,AAPL
2025-07-07 00:00:00-04:00,212.23315593085263,215.77570049162512,208.36131809352125,209.50889587402344,50229000,0.0,0.0,AAPL
2025-07-08 00:00:00-04:00,209.658593847986,210.98578616820197,208.01205130024096,209.5687713623047,42848900,0.0,0.0,AAPL
2025-07-09 00:00:00-04:00,209.0897778625777,210.8859991217609,206.78463359109693,210.69639587402344,48749400,0.0,0.0,AAPL
2025-07-10 00:00:00-04:00,210.06771262581316,213.03147386855414,209.58872537016995,211.96372985839844,44443600,0.0,0.0,AAPL
2025-07-11 00:00:00-04:00,210.12759762046792,211.68431760849728,209.41908263784933,210.7163543701172,39765800,0.0,0.0,AAPL
2025-07-14 00:00:00-04:00,209.48893166698292,210.46688365912564,207.10395364435493,208.1816864013672,38840100,0.0,0.0,AAPL
2025-07-15 00:00:00-04:00,208.7804390594974,211.44482767792792,208.48106630115817,208.67066955566406,42296300,0.0,0.0,AAPL
2025-07-16 00:00:00-04:00,209.8581806046168,211.95375954691573,208.2016644692293,209.71847534179688,47490500,0.0,0.0,AAPL
2025-07-17 00:00:00-04:00,210.12759810142074,211.3550095983717,209.14964612579556,209.57875061035156,48068100,0.0,0.0,AAPL
2025-07-18 00:00:00-04:00,210.42696659875526,211.34503189230253,209.25942654413325,210.73631286621094,48974600,0.0,0.0,AAPL
2025-07-21 00:00:00-04:00,211.65437808070223,215.3266389893317,211.18536434566,212.0335693359375,51377400,0.0,0.0,AAPL
2025-07-22 00:00:00-04:00,212.69220709721728,214.49840197701596,211.78411528941558,213.94955444335938,46404100,0.0,0.0,AAPL
2025-07-23 00:00:00-04:00,214.54829351654996,214.69797228179937,211.9637386583707,213.7000732421875,46989300,0.0,0.0,AAPL
2025-07-24 00:00:00-04:00,213.45058781785585,215.2368355364858,213.08137006420023,213.31088256835938,46022600,0.0,0.0,AAPL
2025-07-25 00:00:00-04:00,214.24891808809048,214.7877920897316,212.95164630742312,213.43064880371094,40268800,0.0,0.0,AAPL
2025-07-28 00:00:00-04:00,213.5803337758995,214.39861831079742,212.61237047326716,213.6002960205078,37858000,0.0,0.0,AAPL
2025-07-29 00:00:00-04:00,213.73000061776605,214.3586818606333,210.37707459375494,210.8261260986328,51411700,0.0,0.0,AAPL
2025-07-30 00:00:00-04:00,211.454797150492,211.94377315400357,207.28358653790625,208.6107940673828,45512500,0.0,0.0,AAPL
2025-07-31 00:00:00-04:00,208.0519764228089,209.39913099136336,206.72476887181696,207.1339111328125,80698400,0.0,0.0,AAPL
2025-08-01 00:00:00-04:00,210.4269720875647,213.1312852679161,201.07666267114303,201.95481872558594,104434500,0.0,0.0,AAPL
2025-08-04 00:00:00-04:00,204.0803265791815,207.44325668811337,201.25627047720934,202.9227752685547,75109300,0.0,0.0,AAPL
2025-08-05 00:00:00-04:00,202.97265486934364,204.90858140720596,201.73526982787092,202.49366760253906,44155100,0.0,0.0,AAPL
2025-08-06 00:00:00-04:00,205.19798558200998,214.9275012748427,205.15806109322384,212.80197143554688,108483100,0.0,0.0,AAPL
2025-08-07 00:00:00-04:00,218.42014073215765,220.38600300495352,216.12496995802366,219.56771850585938,90224800,0.0,0.0,AAPL
2025-08-08 00:00:00-04:00,220.36604479784603,230.5146761138317,218.78936250198095,228.86814880371094,113854000,0.0,0.0,AAPL
2025-08-11 00:00:00-04:00,227.6992650180531,229.33767612130436,224.54232171734583,226.95997619628906,61806100,0.26,0.0,AAPL
2025-08-12 00:00:00-04:00,227.78917070894937,230.57647717809445,226.8500938879156,229.42758178710938,55626200,0.0,0.0,AAPL
2025-08-13 00:00:00-04:00,230.8462285986664,234.77241529044048,230.2068337695816,233.10403442382812,69878500,0.0,0.0,AAPL
2025-08-14 00:00:00-04:00,233.83332460758467,234.89229562265464,230.6264418350812,232.5545654296875,51916300,0.0,0.0,AAPL
2025-08-15 00:00:00-04:00,233.77337703316005,234.0531046408583,229.11788646444978,231.36570739746094,56038700,0.0,0.0,AAPL
2025-08-18 00:00:00-04:00,231.47561022214762,232.89423321308522,229.88715369469057,230.66639709472656,37476200,0.0,0.0,AAPL
2025-08-19 00:00:00-04:00,231.05601964615855,232.64447617946885,229.1278960385577,230.3367156982422,39402600,0.0,0.0,AAPL
2025-08-20 00:00:00-04:00,229.75726351111018,230.24679444121838,225.55134937034353,225.79110717773438,42263900,0.0,0.0,AAPL
2025-08-21 00:00:00-04:00,226.05087353353895,226.30063142153253,223.56327948127884,224.68218994140625,30621200,0.0,0.0,AAPL
2025-08-22 00:00:00-04:00,225.95095699429655,228.8681272027074,225.1916985271248,227.53941345214844,42477800,0.0,0.0,AAPL
2025-08-25 00:00:00-04:00,226.26065308481304,229.07792927219558,226.01089520624416,226.94000244140625,30983100,0.0,0.0,AAPL
2025-08-26 00:00:00-04:00,226.65028173376106,229.26775474756235,224.4724002828088,229.08792114257812,54575100,0.0,0.0,AAPL
2025-08-27 00:00:00-04:00,228.38860049855515,230.676376013076,228.03893336267103,230.26678466796875,31259500,0.0,0.0,AAPL
2025-08-28 00:00:00-04:00,230.59647266873003,233.18396075811214,229.11789497993007,232.33477783203125,38074700,0.0,0.0,AAPL
2025-08-29 00:00:00-04:00,232.28481317583598,233.15398096397084,231.145917853049,231.91517639160156,39418400,0.0,0.0,AAPL
2025-09-02 00:00:00-04:00,229.02798202980685,230.62643860177437,226.75019132336067,229.49752807617188,44075600,0.0,0.0,AAPL
2025-09-03 00:00:00-04:00,236.98028515930878,238.6186963224971,234.133039090421,238.2390594482422,66427800,0.0,0.0,AAPL
2025-09-04 00:00:00-04:00,238.21906152531412,239.66765417218173,236.51072617258424,239.5477752685547,47549400,0.0,0.0,AAPL
2025-09-05 00:00:00-04:00,239.76756781945676,241.08629675958926,238.25903569310344,239.45787048339844,54870400,0.0,0.0,AAPL
2025-09-08 00:00:00-04:00,239.06825064349684,239.91741830634814,236.11111057683257,237.64962768554688,48999500,0.0,0.0,AAPL
2025-09-09 00:00:00-04:00,236.77047435136637,238.5487492683241,233.13400016518182,234.123046875,66313900,0.0,0.0,AAPL
2025-09-10 00:00:00-04:00,231.96513778704139,232.19491077497392,225.73117543382176,226.5703582763672,83440800,0.0,0.0,AAPL
2025-09-11 00:00:00-04:00,226.66027725307507,230.22681187017153,226.43048902665416,229.80722045898438,50208600,0.0,0.0,AAPL
2025-09-12 00:00:00-04:00,228.9980136278554,234.28288383192944,228.79821036620638,233.84332275390625,55824200,0.0,0.0,AAPL
2025-09-15 00:00:00-04:00,236.77047667310174,237.95932665324483,234.80238330570734,236.47076416015625,42699500,0.0,0.0,AAPL
2025-09-16 00:00:00-04:00,236.9502954777413,240.98639147239973,236.09114297984144,237.9193572998047,63421100,0.0,0.0,AAPL
2025-09-17 00:00:00-04:00,238.73857528095925,239.86748583209587,237.4997706474641,238.75856018066406,46508000,0.0,0.0,AAPL
2025-09-18 00:00:00-04:00,239.737599946219,240.9664044724694,236.4208079152849,237.64962768554688,44249600,0.0,0.0,AAPL
2025-09-19 00:00:00-04:00,240.99636870073516,246.06146581163878,239.9773675285625,245.26223754882812,163741300,0.0,0.0,AAPL
2025-09-22 00:00:00-04:00,248.05953649140056,256.3914711896616,247.8797028858207,255.8319854736328,105517400,0.0,0.0,AAPL
2025-09-23 00:00:00-04:00,255.63220171436936,257.0907792625319,253.33442606621003,254.18359375,60275200,0.0,0.0,AAPL
2025-09-24 00:00:00-04:00,254.9728287261993,255.4923293909784,250.79686899703333,252.06564331054688,42303700,0.0,0.0,AAPL
2025-09-25 00:00:00-04:00,252.96477212582877,256.9209435623003,251.466224879955,256.6212158203125,55202100,0.0,0.0,AAPL
2025-09-26 00:00:00-04:00,253.8539172209246,257.3505275669758,253.5342198150173,255.2126007080078,46076300,0.0,0.0,AAPL
2025-09-29 00:00:00-04:00,254.31347273152574,254.75304905914027,252.76497075706976,254.18359375,40127700,0.0,0.0,AAPL
2025-09-30 00:00:00-04:00,254.61318058017173,255.67215158054225,252.8648753735947,254.38340759277344,37704300,0.0,0.0,AAPL
2025-10-01 00:00:00-04:00,254.7929996074261,258.53938316103813,254.6831055272507,255.20260620117188,48713900,0.0,0.0,AAPL
2025-10-02 00:00:00-04:00,256.33149581258533,257.9299523535748,253.9038565188199,256.8809814453125,42630200,0.0,0.0,AAPL
2025-10-03 00:00:00-04:00,254.42336451804394,258.9889308017334,253.70406057825727,257.7701110839844,49155600,0.0,0.0,AAPL
2025-10-06 00:00:00-04:00,257.7401350456914,258.819106172963,254.80299514816292,256.44140625,44664100,0.0,0.0,AAPL
2025-10-07 00:00:00-04:00,256.56129542181253,257.15072039039774,255.18262697514498,256.23162841796875,31955800,0.0,0.0,AAPL
2025-10-08 00:00:00-04:00,256.2715719294531,258.2696351050741,255.8619653198879,257.8100891113281,36496900,0.0,0.0,AAPL
2025-10-09 00:00:00-04:00,257.5603136690899,257.75013209688524,252.8948383011137,253.79396057128906,38322000,0.0,0.0,AAPL
2025-10-10 00:00:00-04:00,254.69310389004832,256.13171175032437,243.76369637579657,245.032470703125,61999100,0.0,0.0,AAPL
2025-10-13 00:00:00-04:00,249.13848619669534,249.44818352992385,245.32217845998096,247.42015075683594,38142900,0.0,0.0,AAPL
2025-10-14 00:00:00-04:00,246.36117950382103,248.60900042906025,244.46301046499008,247.53004455566406,35478000,0.0,0.0,AAPL
2025-10-15 00:00:00-04:00,249.24838988167792,251.5761352503302,247.2303418581919,249.09852600097656,33893600,0.0,0.0,AAPL
2025-10-16 00:00:00-04:00,248.00958596667436,248.79881419551728,244.8926123625184,247.21035766601562,39777000,0.0,0.0,AAPL
2025-10-17 00:00:00-04:00,247.77980070207627,253.13461023404025,247.03052706557392,252.045654296875,49147000,0.0,0.0,AAPL
2025-10-20 00:00:00-04:00,255.64218177653177,264.1239650925819,255.3824390623343,261.98602294921875,90483000,0.0,0.0,AAPL
2025-10-21 00:00:00-04:00,261.6263807259345,265.03308188579996,261.5764108568555,262.5155029296875,46695900,0.0,0.0,AAPL
2025-10-22 00:00:00-04:00,262.3956210979312,262.5954395959732,255.18261234613632,258.19970703125,45015300,0.0,0.0,AAPL
2025-10-23 00:00:00-04:00,259.68824995662277,260.36758405794774,257.76012648314656,259.3285827636719,32754900,0.0,0.0,AAPL
2025-10-24 00:00:00-04:00,260.93706434715574,263.87421967110856,258.9290010880386,262.56549072265625,38253700,0.0,0.0,AAPL
2025-10-27 00:00:00-04:00,264.6234656652487,268.8593494221352,264.3936774471076,268.5496520996094,44888200,0.0,0.0,AAPL
2025-10-28 00:00:00-04:00,268.7294713644567,269.6286240979669,267.8902885694659,268.7394714355469,41534800,0.0,0.0,AAPL
2025-10-29 00:00:00-04:00,269.01920560410514,271.1471476128123,266.85129379808274,269.4388122558594,51086700,0.0,0.0,AAPL
2025-10-30 00:00:00-04:00,271.72657092903916,273.87451306817263,268.2199910571769,271.13714599609375,69886500,0.0,0.0,AAPL
2025-10-31 00:00:00-04:00,276.721738255342,277.05143573891627,268.89933466249033,270.108154296875,86167100,0.0,0.0,AAPL
2025-11-03 00:00:00-05:00,270.15812755648943,270.5877038096653,265.9921525413924,268.7894287109375,50194600,0.0,0.0,AAPL
2025-11-04 00:00:00-05:00,268.0701070960229,271.22705027239556,267.36080327265466,269.7784729003906,49274800,0.0,0.0,AAPL
2025-11-05 00:00:00-05:00,268.3498399683747,271.43687417180433,266.67147434431234,269.8783874511719,43683100,0.0,0.0,AAPL
2025-11-06 00:00:00-05:00,267.6305743388968,273.1352174017799,267.6305743388968,269.50872802734375,51204000,0.0,0.0,AAPL
2025-11-07 00:00:00-05:00,269.5386899523433,272.02629915101613,266.51162568814635,268.2099914550781,48227400,0.0,0.0,AAPL
2025-11-10 00:00:00-05:00,268.9599914550781,273.7300109863281,267.4599914550781,269.42999267578125,41312400,0.26,0.0,AAPL
2025-11-11 00:00:00-05:00,269.80999755859375,275.9100036621094,269.79998779296875,275.25,46208300,0.0,0.0,AAPL
2025-11-12 00:00:00-05:00,275.0,275.7300109863281,271.70001220703125,273.4700012207031,48398000,0.0,0.0,AAPL
2025-11-13 00:00:00-05:00,274.1099853515625,276.70001220703125,272.0899963378906,272.95001220703125,49602800,0.0,0.0,AAPL
2025-11-14 00:00:00-05:00,271.04998779296875,275.9599914550781,269.6000061035156,272.4100036621094,47431300,0.0,0.0,AAPL
2025-11-17 00:00:00-05:00,268.82000732421875,270.489990234375,265.7300109863281,267.4599914550781,45018300,0.0,0.0,AAPL
2025-11-18 00:00:00-05:00,269.989990234375,270.7099914550781,265.32000732421875,267.44000244140625,45677300,0.0,0.0,AAPL
2025-11-19 00:00:00-05:00,265.5299987792969,272.2099914550781,265.5,268.55999755859375,40424500,0.0,0.0,AAPL
2025-11-20 00:00:00-05:00,270.8299865722656,275.42999267578125,265.9200134277344,266.25,45823600,0.0,0.0,AAPL
2025-11-21 00:00:00-05:00,265.95001220703125,273.3299865722656,265.6700134277344,271.489990234375,59030800,0.0,0.0,AAPL
2025-11-24 00:00:00-05:00,270.8999938964844,277.0,270.8999938964844,275.9200134277344,65585800,0.0,0.0,AAPL
2025-11-25 00:00:00-05:00,275.2699890136719,280.3800048828125,275.25,276.9700012207031,46914200,0.0,0.0,AAPL
2025-11-26 00:00:00-05:00,276.9599914550781,279.5299987792969,276.6300048828125,277.54998779296875,33431400,0.0,0.0,AAPL
2025-11-28 00:00:00-05:00,277.260009765625,279.0,275.989990234375,278.8500061035156,20135600,0.0,0.0,AAPL
2025-12-01 00:00:00-05:00,278.010009765625,283.4200134277344,276.1400146484375,283.1000061035156,46587700,0.0,0.0,AAPL
2025-12-02 00:00:00-05:00,283.0,287.3999938964844,282.6300048828125,286.19000244140625,53669500,0.0,0.0,AAPL
2025-12-03 00:00:00-05:00,286.20001220703125,288.6199951171875,283.29998779296875,284.1499938964844,43538700,0.0,0.0,AAPL
2025-12-04 00:00:00-05:00,284.1000061035156,284.7300109863281,278.5899963378906,280.70001220703125,43989100,0.0,0.0,AAPL
2025-12-05 00:00:00-05:00,280.5400085449219,281.1400146484375,278.04998779296875,278.7799987792969,47265800,0.0,0.0,AAPL
2025-12-08 00:00:00-05:00,278.1300048828125,279.6700134277344,276.1499938964844,277.8900146484375,38211800,0.0,0.0,AAPL
2025-12-09 00:00:00-05:00,278.1600036621094,280.0299987792969,276.9200134277344,277.17999267578125,32193300,0.0,0.0,AAPL
2025-12-10 00:00:00-05:00,277.75,279.75,276.44000244140625,278.7799987792969,33038300,0.0,0.0,AAPL
2025-12-11 00:00:00-05:00,279.1000061035156,279.5899963378906,273.80999755859375,278.0299987792969,33248000,0.0,0.0,AAPL
2025-12-12 00:00:00-05:00,277.8999938964844,279.2200012207031,276.82000732421875,278.2799987792969,39532900,0.0,0.0,AAPL
2025-12-15 00:00:00-05:00,280.1499938964844,280.1499938964844,272.8399963378906,274.1099853515625,50409100,0.0,0.0,AAPL
2025-12-16 00:00:00-05:00,272.82000732421875,275.5,271.7900085449219,274.6099853515625,37648600,0.0,0.0,AAPL
2025-12-17 00:00:00-05:00,275.010009765625,276.1600036621094,271.6400146484375,271.8399963378906,50138700,0.0,0.0,AAPL
2025-12-18 00:00:00-05:00,273.6099853515625,273.6300048828125,266.95001220703125,272.19000244140625,51630700,0.0,0.0,AAPL
2025-12-19 00:00:00-05:00,272.1499938964844,274.6000061035156,269.8999938964844,273.6700134277344,144632000,0.0,0.0,AAPL
2025-12-22 00:00:00-05:00,272.8599853515625,273.8800048828125,270.510009765625,270.9700012207031,36571800,0.0,0.0,AAPL
2025-12-23 00:00:00-05:00,270.8399963378906,272.5,269.55999755859375,272.3599853515625,29642000,0.0,0.0,AAPL
2025-12-24 00:00:00-05:00,272.3399963378906,275.42999267578125,272.20001220703125,273.80999755859375,17910600,0.0,0.0,AAPL
2025-12-26 00:00:00-05:00,274.1600036621094,275.3699951171875,272.8599853515625,273.3999938964844,21521800,0.0,0.0,AAPL
2025-12-29 00:00:00-05:00,272.69000244140625,274.3599853515625,272.3500061035156,273.760009765625,23715200,0.0,0.0,AAPL
2025-12-30 00:00:00-05:00,272.80999755859375,274.0799865722656,272.2799987792969,273.0799865722656,22139600,0.0,0.0,AAPL
2025-12-31 00:00:00-05:00,273.05999755859375,273.67999267578125,271.75,271.8599853515625,27293600,0.0,0.0,AAPL
2026-01-02 00:00:00-05:00,272.260009765625,277.8399963378906,269.0,271.010009765625,37838100,0.0,0.0,AAPL
2026-01-05 00:00:00-05:00,270.6400146484375,271.510009765625,266.1400146484375,267.260009765625,45647200,0.0,0.0,AAPL
2026-01-06 00:00:00-05:00,267.0,267.54998779296875,262.1199951171875,262.3599853515625,52352100,0.0,0.0,AAPL
2026-01-07 00:00:00-05:00,263.20001220703125,263.67999267578125,259.80999755859375,260.3299865722656,48309800,0.0,0.0,AAPL
2026-01-08 00:00:00-05:00,257.0199890136719,259.2900085449219,255.6999969482422,259.0400085449219,50419300,0.0,0.0,AAPL
2026-01-09 00:00:00-05:00,259.0799865722656,260.2099914550781,256.2200012207031,259.3699951171875,39997000,0.0,0.0,AAPL
2026-01-12 00:00:00-05:00,259.1600036621094,261.29998779296875,256.79998779296875,260.25,45263800,0.0,0.0,AAPL
2026-01-13 00:00:00-05:00,258.7200012207031,261.80999755859375,258.3900146484375,261.04998779296875,45730800,0.0,0.0,AAPL
2026-01-14 00:00:00-05:00,259.489990234375,261.82000732421875,256.7099914550781,259.9599914550781,40019400,0.0,0.0,AAPL
2026-01-15 00:00:00-05:00,260.6499938964844,261.0400085449219,257.04998779296875,258.2099914550781,39388600,0.0,0.0,AAPL
2026-01-16 00:00:00-05:00,257.8999938964844,258.8999938964844,254.92999267578125,255.52999877929688,72142800,0.0,0.0,AAPL
2026-01-20 00:00:00-05:00,252.72999572753906,254.7899932861328,243.4199981689453,246.6999969482422,80267500,0.0,0.0,AAPL
2026-01-21 00:00:00-05:00,248.6999969482422,251.55999755859375,245.17999267578125,247.64999389648438,54641700,0.0,0.0,AAPL
2026-01-22 00:00:00-05:00,249.1999969482422,251.0,248.14999389648438,248.35000610351562,39708300,0.0,0.0,AAPL
2026-01-23 00:00:00-05:00,247.32000732421875,249.41000366210938,244.67999267578125,248.0399932861328,41625700,0.0,0.0,AAPL
2025-01-24 00:00:00-05:00,197.3272010195889,200.11626582045938,197.227585048445,199.42897033691406,23877500,0.0,0.0,GOOGL
2025-01-27 00:00:00-05:00,191.65938720339696,196.11195036774717,189.98593319836488,191.0617218017578,41728900,0.0,0.0,GOOGL
2025-01-28 00:00:00-05:00,191.99804618358004,194.71739168696277,189.93611434526252,194.53810119628906,24157900,0.0,0.0,GOOGL
2025-01-29 00:00:00-05:00,194.7970833042233,196.0222806001553,192.6753879484473,194.64767456054688,18218300,0.0,0.0,GOOGL
2025-01-30 00:00:00-05:00,197.22758104242592,200.61431120284323,196.89886658344366,200.0863800048828,24354700,0.0,0.0,GOOGL
2025-01-31 00:00:00-05:00,201.2119817615517,204.6784017460065,201.01276501748202,203.22410583496094,32001100,0.0,0.0,GOOGL
2025-02-03 00:00:00-05:00,199.90707487204236,202.9551348332388,199.31938021531738,200.44496154785156,27838300,0.0,0.0,GOOGL
2025-02-04 00:00:00-05:00,202.59654903669593,206.24227455727316,202.01880986682883,205.57489013671875,43856400,0.0,0.0,GOOGL
2025-02-05 00:00:00-05:00,190.32459218887777,191.99803076448742,187.29644352930725,190.5835723876953,70373900,0.0,0.0,GOOGL
2025-02-06 00:00:00-05:00,188.7607254709797,191.35058847007514,187.98376961110344,190.8525390625,29297400,0.0,0.0,GOOGL
2025-02-07 00:00:00-05:00,190.3046897826863,190.43417229867478,182.52516013677956,184.61695861816406,49315000,0.0,0.0,GOOGL
2025-02-10 00:00:00-05:00,186.61912556239702,187.46580046504565,185.13493280467802,185.7425537109375,23105600,0.0,0.0,GOOGL
2025-02-11 00:00:00-05:00,184.3081534858771,186.21070577705743,183.5610794112602,184.59703063964844,21239500,0.0,0.0,GOOGL
2025-02-12 00:00:00-05:00,182.5052293386179,184.38785552440282,181.12065256917043,182.89370727539062,22072600,0.0,0.0,GOOGL
2025-02-13 00:00:00-05:00,183.6009416706382,185.5532868448968,182.42553716023775,185.41383361816406,21402500,0.0,0.0,GOOGL
2025-02-14 00:00:00-05:00,184.3380502737544,185.67281908148942,183.60094685418304,184.50738525390625,20448400,0.0,0.0,GOOGL
2025-02-18 00:00:00-05:00,184.87594800082087,185.23454418579348,181.03100592832718,183.05308532714844,29916700,0.0,0.0,GOOGL
2025-02-19 00:00:00-05:00,183.35191045129994,184.73648715297452,182.87377209155156,184.54722595214844,19549400,0.0,0.0,GOOGL
2025-02-20 00:00:00-05:00,184.07906552714084,184.587070455128,182.00717815142445,183.83999633789062,20441500,0.0,0.0,GOOGL
2025-02-21 00:00:00-05:00,184.42769462228776,184.61695583425816,178.38138255149903,178.95912170410156,35199200,0.0,0.0,GOOGL
2025-02-24 00:00:00-05:00,181.28003655625,182.40561792977684,178.19212401815724,178.55072021484375,29854200,0.0,0.0,GOOGL
2025-02-25 00:00:00-05:00,177.3454308360551,178.04271218366185,174.0085088406691,174.73565673828125,41913400,0.0,0.0,GOOGL
2025-02-26 00:00:00-05:00,174.3870043035156,175.39305850492968,170.91061441664831,172.05612182617188,35431300,0.0,0.0,GOOGL
2025-02-27 00:00:00-05:00,173.31123936714644,173.87900779159736,167.28483845921406,167.8426513671875,39991000,0.0,0.0,GOOGL
2025-02-28 00:00:00-05:00,168.02194319125016,169.94442183496423,166.11940597917265,169.61570739746094,48130600,0.0,0.0,GOOGL
2025-03-03 00:00:00-05:00,171.25924816477874,172.69363277465732,165.28265575645824,166.3584442138672,40770500,0.0,0.0,GOOGL
2025-03-04 00:00:00-05:00,165.59146927723793,172.61395362786732,165.15318337522604,170.25320434570312,45388000,0.0,0.0,GOOGL
2025-03-05 00:00:00-05:00,169.85478454890304,173.10206141211768,168.4004735026306,172.34503173828125,30954900,0.0,0.0,GOOGL
2025-03-06 00:00:00-05:00,169.8647356201999,174.12803748089462,169.83485387065045,171.67764282226562,28302000,0.0,0.0,GOOGL
2025-03-07 00:00:00-05:00,170.59186930474007,174.2874024166863,169.6057412532836,173.18173217773438,27385800,0.0,0.0,GOOGL
2025-03-10 00:00:00-04:00,167.7966101322015,167.99607150995365,163.23920372577845,165.41319274902344,43604000,0.2,0.0,GOOGL
2025-03-11 00:00:00-04:00,164.45584068137828,166.29076966008637,160.92558133782,163.58822631835938,39587400,0.0,0.0,GOOGL
2025-03-12 00:00:00-04:00,166.12124110886077,167.17831943801426,163.07963775446962,166.6497802734375,28372400,0.0,0.0,GOOGL
2025-03-13 00:00:00-04:00,165.58271795856493,165.67248166266438,161.6635485106855,162.31175231933594,31756200,0.0,0.0,GOOGL
2025-03-14 00:00:00-04:00,162.82035345635094,166.03148669065808,162.00260445854184,165.03424072265625,31995900,0.0,0.0,GOOGL
2025-03-17 00:00:00-04:00,164.57550719551887,165.8420138841619,163.21925201833648,163.83753967285156,31184300,0.0,0.0,GOOGL
2025-03-18 00:00:00-04:00,163.2292289881846,163.797666550582,156.28840488131223,160.22752380371094,42074800,0.0,0.0,GOOGL
2025-03-19 00:00:00-04:00,161.31450558479577,165.41318720526314,160.5566041117451,163.4386444091797,34275600,0.0,0.0,GOOGL
2025-03-20 00:00:00-04:00,161.1250457167365,164.43589456907407,160.51672503978745,162.35165405273438,28138500,0.0,0.0,GOOGL
2025-03-21 00:00:00-04:00,160.76603321155818,163.7876873527184,160.44690718978086,163.5383758544922,36625800,0.0,0.0,GOOGL
2025-03-24 00:00:00-04:00,166.6098952363908,167.8564527267567,164.68520255854742,167.21820068359375,30879100,0.0,0.0,GOOGL
2025-03-25 00:00:00-04:00,168.51463564762358,170.16010078341677,167.85646481007365,170.0902862548828,24174400,0.0,0.0,GOOGL
2025-03-26 00:00:00-04:00,168.53459028680902,169.14291101426645,164.3860428738787,164.60543823242188,28901600,0.0,0.0,GOOGL
2025-03-27 00:00:00-04:00,164.1766304631432,164.96444818748884,161.55386834836875,161.793212890625,24508300,0.0,0.0,GOOGL
2025-03-28 00:00:00-04:00,160.04800692471866,161.3743458553731,153.20689914473365,153.90496826171875,48669300,0.0,0.0,GOOGL
2025-03-31 00:00:00-04:00,152.68834136730996,155.11164193370462,150.24509161947617,154.21412658691406,54603500,0.0,0.0,GOOGL
2025-04-01 00:00:00-04:00,153.19693997672525,157.66461343058796,153.19693997672525,156.637451171875,30672900,0.0,0.0,GOOGL
2025-04-02 00:00:00-04:00,154.72270392156926,157.9737354754909,154.2739462849113,156.6074981689453,25041700,0.0,0.0,GOOGL
2025-04-03 00:00:00-04:00,150.69384170810525,152.35924068042604,149.97582338010557,150.30491638183594,46883400,0.0,0.0,GOOGL
2025-04-04 00:00:00-04:00,147.60237162636182,150.6539570990706,144.97962505338862,145.1990203857422,62259500,0.0,0.0,GOOGL
2025-04-07 00:00:00-04:00,141.1601793715283,152.42906261628312,140.14298415460087,146.34585571289062,76794100,0.0,0.0,GOOGL
2025-04-08 00:00:00-04:00,150.80354683062922,151.82074204837693,142.63609935843277,144.30149841308594,52200200,0.0,0.0,GOOGL
2025-04-09 00:00:00-04:00,144.0222787835972,159.11061702523395,143.51368875470308,158.27293395996094,70406200,0.0,0.0,GOOGL
2025-04-10 00:00:00-04:00,156.10888048544342,157.28563866565491,149.51708388683267,152.39913940429688,48022000,0.0,0.0,GOOGL
2025-04-11 00:00:00-04:00,152.47890126397309,157.23576875594767,152.39913497789206,156.7072296142578,33636200,0.0,0.0,GOOGL
2025-04-14 00:00:00-04:00,159.5593589601424,161.27462328630523,157.12607630131762,158.63192749023438,30333000,0.0,0.0,GOOGL
2025-04-15 00:00:00-04:00,158.6917731015249,159.2103301054895,154.78257030571797,155.87953186035156,27551500,0.0,0.0,GOOGL
2025-04-16 00:00:00-04:00,152.67838302048966,155.46069292632185,151.0927501668845,152.90774536132812,28187400,0.0,0.0,GOOGL
2025-04-17 00:00:00-04:00,153.86508310192784,154.25400844452392,148.09103529003713,150.74371337890625,33046600,0.0,0.0,GOOGL
2025-04-21 00:00:00-04:00,148.46997994299036,148.5397792458497,145.69763745597456,147.2633056640625,26049100,0.0,0.0,GOOGL
2025-04-22 00:00:00-04:00,148.4799748767304,151.7708901311246,148.1309326464279,151.05287170410156,26971800,0.0,0.0,GOOGL
2025-04-23 00:00:00-04:00,155.1814586711159,157.09616926384234,153.38641273519517,154.92218017578125,31128800,0.0,0.0,GOOGL
2025-04-24 00:00:00-04:00,155.7199692710382,159.15049822016638,155.36096007364648,158.8413543701172,45894000,0.0,0.0,GOOGL
2025-04-25 00:00:00-04:00,164.61541287682232,165.6425750916004,160.59649729347288,161.51397705078125,56034000,0.0,0.0,GOOGL
2025-04-28 00:00:00-04:00,161.98267405118585,162.70069244870191,158.16323494184564,160.16769409179688,29745800,0.0,0.0,GOOGL
2025-04-29 00:00:00-04:00,159.87849612757626,160.29733764803302,157.086204107764,159.71893310546875,26809000,0.0,0.0,GOOGL
2025-04-30 00:00:00-04:00,157.5449218586139,158.83137774482094,154.9720253029664,158.3626708984375,34981100,0.0,0.0,GOOGL
2025-05-01 00:00:00-04:00,160.00812396444732,161.5039930234171,158.47237175928248,160.8557891845703,30203200,0.0,0.0,GOOGL
2025-05-02 00:00:00-04:00,162.95997467027814,164.51567601619934,161.42420728854916,163.57826232910156,25715000,0.0,0.0,GOOGL
2025-05-05 00:00:00-04:00,162.55110755610633,164.93452502755278,162.2718798770323,163.75778198242188,21341800,0.0,0.0,GOOGL
2025-05-06 00:00:00-04:00,161.72339340187466,164.3461554362482,160.74609651363122,162.7804718017578,21277200,0.0,0.0,GOOGL
2025-05-07 00:00:00-04:00,163.62814193511582,164.545606521222,147.43285979099062,150.96311950683594,127490100,0.0,0.0,GOOGL
2025-05-08 00:00:00-04:00,154.57313616382487,155.5005676767597,152.4789133936082,153.85511779785156,57498700,0.0,0.0,GOOGL
2025-05-09 00:00:00-04:00,153.7454179749914,154.62299934708025,151.78084208678038,152.32933044433594,32435300,0.0,0.0,GOOGL
2025-05-12 00:00:00-04:00,157.0562906900787,158.66185748829406,155.81970007226886,158.02362060546875,44138800,0.0,0.0,GOOGL
2025-05-13 00:00:00-04:00,158.35270013902556,160.12781218093087,155.72995326636035,159.09066772460938,42382100,0.0,0.0,GOOGL
2025-05-14 00:00:00-04:00,159.51949150800576,166.5400972975048,159.170449289238,164.91458129882812,48755900,0.0,0.0,GOOGL
2025-05-15 00:00:00-04:00,165.3832808496498,165.75227223459135,161.92283584781248,163.5084686279297,33146700,0.0,0.0,GOOGL
2025-05-16 00:00:00-04:00,167.26806720706887,168.88361607338598,165.16387753981013,165.73231506347656,42846900,0.0,0.0,GOOGL
2025-05-19 00:00:00-04:00,164.0569364118495,166.18107529267584,163.7677417629434,166.0813446044922,30426100,0.0,0.0,GOOGL
2025-05-20 00:00:00-04:00,165.9716462897934,168.03595283640126,162.45136908866291,163.5283966064453,46607700,0.0,0.0,GOOGL
2025-05-21 00:00:00-04:00,163.2392111991083,172.66318349220677,163.1095643409873,168.09579467773438,73416000,0.0,0.0,GOOGL
2025-05-22 00:00:00-04:00,171.37672606938918,176.28317441687045,170.23986627200654,170.3994140625,74864400,0.0,0.0,GOOGL
2025-05-23 00:00:00-04:00,168.5944139952117,169.49194456610303,167.42763794814334,168.00604248046875,35211400,0.0,0.0,GOOGL
2025-05-27 00:00:00-04:00,169.69139882784629,172.69310408957966,169.53183580095055,172.42384338378906,37995700,0.0,0.0,GOOGL
2025-05-28 00:00:00-04:00,172.6831300854681,174.7873198647011,171.4365725199691,171.8853302001953,34784000,0.0,0.0,GOOGL
2025-05-29 00:00:00-04:00,173.5208093888165,173.93965089581198,170.1600951338123,171.38670349121094,29317300,0.0,0.0,GOOGL
2025-05-30 00:00:00-04:00,170.87810348795895,171.73573563304672,166.97886808315485,171.26702880859375,52639900,0.0,0.0,GOOGL
2025-06-02 00:00:00-04:00,167.37775851379809,169.40216659815258,166.9290008745093,168.56448364257812,38612300,0.0,0.0,GOOGL
2025-06-03 00:00:00-04:00,167.0287408798973,168.01600469808255,164.82482048675826,165.7223358154297,45084900,0.0,0.0,GOOGL
2025-06-04 00:00:00-04:00,166.28081407126308,167.75673398423967,165.90185569784677,167.5872039794922,26900800,0.0,0.0,GOOGL
2025-06-05 00:00:00-04:00,169.8708734285067,170.45924489376316,167.128447034404,167.7467498779297,36379100,0.0,0.0,GOOGL
2025-06-06 00:00:00-04:00,170.35954849552294,174.01943975782734,170.35954849552294,173.20169067382812,35731800,0.0,0.0,GOOGL
2025-06-09 00:00:00-04:00,174.27003651227847,176.19705935039198,174.1003012753775,175.81764221191406,28935900,0.21,0.0,GOOGL
2025-06-10 00:00:00-04:00,175.92747903926403,180.8298886948226,174.63948090794972,178.3237762451172,61766100,0.0,0.0,GOOGL
2025-06-11 00:00:00-04:00,179.49195401036374,180.09101684926247,176.47662077845203,177.07569885253906,31646800,0.0,0.0,GOOGL
2025-06-12 00:00:00-04:00,175.9075065231488,176.4466798719252,174.47972552416806,175.42825317382812,20941900,0.0,0.0,GOOGL
2025-06-13 00:00:00-04:00,172.17329464872896,176.85604320367563,172.1233689351953,174.39984130859375,27663100,0.0,0.0,GOOGL
2025-06-16 00:00:00-04:00,174.45974398959817,176.66633252587772,174.37986589593493,176.49659729003906,27389200,0.0,0.0,GOOGL
2025-06-17 00:00:00-04:00,175.4282431183839,177.08567926563504,174.30998028900405,175.6778564453125,24973000,0.0,0.0,GOOGL
2025-06-18 00:00:00-04:00,175.73776761612697,176.28692000243774,172.93211615674434,173.05194091796875,28707500,0.0,0.0,GOOGL
2025-06-20 00:00:00-04:00,173.68095462694552,174.07035081830173,165.20409556084024,166.38226318359375,75659900,0.0,0.0,GOOGL
2025-06-23 00:00:00-04:00,166.0128407101847,167.08117785912864,161.74944069273923,164.93450927734375,57671000,0.0,0.0,GOOGL
2025-06-24 00:00:00-04:00,166.66183161080377,167.95982401484335,165.87306016657053,166.51206970214844,40524300,0.0,0.0,GOOGL
2025-06-25 00:00:00-04:00,167.37074500344593,172.09342522608725,167.29086690480466,170.416015625,35479000,0.0,0.0,GOOGL
2025-06-26 00:00:00-04:00,172.16329217484034,173.42135306121023,169.67715325213413,173.27157592773438,31796700,0.0,0.0,GOOGL
2025-06-27 00:00:00-04:00,173.27158802075178,178.40363764116194,171.46438989107267,178.25387573242188,108140200,0.0,0.0,GOOGL
2025-06-30 00:00:00-04:00,180.50039372606906,180.949694682379,174.30998606031628,175.95742797851562,63378900,0.0,0.0,GOOGL
2025-07-01 00:00:00-04:00,175.46818749328466,175.81763700531283,173.26159900853952,175.56802368164062,35904500,0.0,0.0,GOOGL
2025-07-02 00:00:00-04:00,175.26848197683447,178.58335417760583,174.79922295185074,178.3636932373047,29128900,0.0,0.0,GOOGL
2025-07-03 00:00:00-04:00,178.22391365801445,179.39210218822254,176.7761594232363,179.2523193359375,21689700,0.0,0.0,GOOGL
2025-07-07 00:00:00-04:00,178.78304908898676,179.0226833705182,175.40827199123135,176.5165557861328,34175600,0.0,0.0,GOOGL
2025-07-08 00:00:00-04:00,177.5749242496101,177.67476043779465,172.54271112131266,174.09031677246094,40442500,0.0,0.0,GOOGL
2025-07-09 00:00:00-04:00,174.97894087050608,179.1624626362242,172.50278095171484,176.34681701660156,43025600,0.0,0.0,GOOGL
2025-07-10 00:00:00-04:00,175.35836349959487,178.15402063985096,174.11029683512743,177.34527587890625,29252400,0.0,0.0,GOOGL
2025-07-11 00:00:00-04:00,176.51656530489134,181.14938835134018,176.20704719654847,179.91131591796875,34282900,0.0,0.0,GOOGL
2025-07-14 00:00:00-04:00,180.7300224544814,183.3859118317051,179.40207776586954,181.2791748046875,32536600,0.0,0.0,GOOGL
2025-07-15 00:00:00-04:00,182.5272506181519,183.93507346834292,181.31913062189142,181.718505859375,33448300,0.0,0.0,GOOGL
2025-07-16 00:00:00-04:00,182.95659839065306,184.04490889196538,181.74846312672318,182.68701171875,33104200,0.0,0.0,GOOGL
2025-07-17 00:00:00-04:00,181.85827589550698,183.77530432362263,180.20083982993623,183.29605102539062,31992600,0.0,0.0,GOOGL
2025-07-18 00:00:00-04:00,185.113228386666,186.13165497814074,183.42585517412414,184.7737579345703,34014500,0.0,0.0,GOOGL
2025-07-21 00:00:00-04:00,185.9619181252415,189.99566255854273,185.86206670599856,189.80596923828125,45803100,0.0,0.0,GOOGL
2025-07-22 00:00:00-04:00,191.20380830960463,191.35357021159422,187.17006365240448,191.04405212402344,44660200,0.0,0.0,GOOGL
2025-07-23 00:00:00-04:00,191.20381577219638,192.23222149983224,188.88739669642578,189.93577575683594,58681900,0.0,0.0,GOOGL
2025-07-24 00:00:00-04:00,196.72525594978663,197.64383117376477,190.70458366341637,191.87277221679688,74881700,0.0,0.0,GOOGL
2025-07-25 00:00:00-04:00,191.68306935737266,194.02944081770818,190.96418172846938,192.88121032714844,39785900,0.0,0.0,GOOGL
2025-07-28 00:00:00-04:00,193.35047209995227,193.7498625541434,190.54482081320737,192.28213500976562,38139500,0.0,0.0,GOOGL
2025-07-29 00:00:00-04:00,192.13236281084488,195.61697034161693,191.78291329403916,195.44723510742188,41389200,0.0,0.0,GOOGL
2025-07-30 00:00:00-04:00,195.2974741739121,197.2943808004953,194.3888780023715,196.2260284423828,32445400,0.0,0.0,GOOGL
2025-07-31 00:00:00-04:00,195.40729975764043,195.68686545955075,190.79443520574372,191.60317993164062,51329200,0.0,0.0,GOOGL
2025-08-01 00:00:00-04:00,188.73762721302066,190.53484621084553,187.52950724447476,188.8374786376953,34832200,0.0,0.0,GOOGL
2025-08-04 00:00:00-04:00,189.9956738002762,194.96798225717674,189.82593856567027,194.7383270263672,31547400,0.0,0.0,GOOGL
2025-08-05 00:00:00-04:00,194.4088584088549,197.55398036609623,193.59011934927213,194.36891174316406,31602300,0.0,0.0,GOOGL
2025-08-06 00:00:00-04:00,194.19916035027438,196.32587068335496,193.37044231078846,195.7866973876953,21562900,0.0,0.0,GOOGL
2025-08-07 00:00:00-04:00,196.75520727948205,197.23446060352177,194.0294340028213,196.21604919433594,26321800,0.0,0.0,GOOGL
2025-08-08 00:00:00-04:00,196.9149587094283,202.29662132319493,196.86503299798275,201.10845947265625,39161800,0.0,0.0,GOOGL
2025-08-11 00:00:00-04:00,200.62921267003748,201.16837075965444,198.76210983585918,200.68911743164062,25832400,0.0,0.0,GOOGL
2025-08-12 00:00:00-04:00,201.0585431482033,204.18370696130674,200.27975076589462,203.02549743652344,30397900,0.0,0.0,GOOGL
2025-08-13 00:00:00-04:00,203.81428597106753,204.21366121456273,197.2045144743427,201.64764404296875,28342900,0.0,0.0,GOOGL
2025-08-14 00:00:00-04:00,201.18833871082708,204.12379383237695,200.91875205563483,202.62611389160156,25230400,0.0,0.0,GOOGL
2025-08-15 00:00:00-04:00,203.534714766441,206.12070520105007,200.96868242883633,203.58462524414062,34931400,0.0,0.0,GOOGL
2025-08-18 00:00:00-04:00,203.8841712567715,204.9525236553874,202.17682455801943,203.1852569580078,18526600,0.0,0.0,GOOGL
2025-08-19 00:00:00-04:00,202.7159730378366,203.1253425488118,199.65072931767816,201.25823974609375,24240200,0.0,0.0,GOOGL
2025-08-20 00:00:00-04:00,200.41952632200108,200.9686786831588,196.29592455953664,199.01171875,28955500,0.0,0.0,GOOGL
2025-08-21 00:00:00-04:00,199.4410400390625,202.166813191516,199.12152768080315,199.4410400390625,19774600,0.0,0.0,GOOGL
2025-08-22 00:00:00-04:00,202.41643648326647,208.21744781149425,200.98865555430208,205.771240234375,42827000,0.0,0.0,GOOGL
2025-08-25 00:00:00-04:00,206.11069972619865,210.19438514977915,204.9624845680577,208.1675262451172,29928900,0.0,0.0,GOOGL
2025-08-26 00:00:00-04:00,207.18903343187435,207.52851912382437,205.3818354433132,206.81961059570312,28464100,0.0,0.0,GOOGL
2025-08-27 00:00:00-04:00,205.38184246485358,208.58688428789492,205.3319167524022,207.15908813476562,23022900,0.0,0.0,GOOGL
2025-08-28 00:00:00-04:00,206.92944327697995,211.8917573213033,206.57997853322107,211.31265258789062,32339300,0.0,0.0,GOOGL
2025-08-29 00:00:00-04:00,210.1843914975452,214.3179874085232,209.87487342277922,212.5806884765625,39728400,0.0,0.0,GOOGL
2025-09-02 00:00:00-04:00,208.11761422314743,211.3525932568575,205.88107328271496,211.0231170654297,47523000,0.0,0.0,GOOGL
2025-09-03 00:00:00-04:00,225.86012385269166,230.95222645491896,224.44230678385503,230.30323791503906,103336100,0.0,0.0,GOOGL
2025-09-04 00:00:00-04:00,229.2947939629136,232.01058815431742,225.76027598883607,231.94070434570312,51684200,0.0,0.0,GOOGL
2025-09-05 00:00:00-04:00,231.84086323662245,235.39535470067108,231.5413241866342,234.63653564453125,46588900,0.0,0.0,GOOGL
2025-09-08 00:00:00-04:00,235.31608185012894,237.97434675109136,233.5172554040335,233.8870086669922,32474700,0.21,0.0,GOOGL
2025-09-09 00:00:00-04:00,234.0169206603603,240.3128053844981,233.07753270088136,239.47335815429688,38061000,0.0,0.0,GOOGL
2025-09-10 00:00:00-04:00,238.74382884116824,241.50203443312756,237.6945274082077,239.01365661621094,35141100,0.0,0.0,GOOGL
2025-09-11 00:00:00-04:00,239.7232054178332,242.09165136894262,236.09557331646107,240.21287536621094,30599300,0.0,0.0,GOOGL
2025-09-12 00:00:00-04:00,240.21286654309478,241.92175543476245,237.84442067897936,240.64259338378906,26771600,0.0,0.0,GOOGL
2025-09-15 00:00:00-04:00,244.5000723057695,252.24500622225327,244.5000723057695,251.44552612304688,58383800,0.0,0.0,GOOGL
2025-09-16 00:00:00-04:00,251.91521585326547,252.87457975705254,249.30692141357196,250.99581909179688,34109700,0.0,0.0,GOOGL
2025-09-17 00:00:00-04:00,251.0557800198683,251.43553649547647,246.11900683222018,249.36688232421875,34108000,0.0,0.0,GOOGL
2025-09-18 00:00:00-04:00,251.51547232528497,253.82397511354577,249.6367116291099,251.86524963378906,31239500,0.0,0.0,GOOGL
2025-09-19 00:00:00-04:00,253.08445699569828,255.83265939150547,251.64539584681071,254.55349731445312,55571400,0.0,0.0,GOOGL
2025-09-22 00:00:00-04:00,254.2636811395151,255.6128047936517,250.13639113793755,252.36492919921875,32290500,0.0,0.0,GOOGL
2025-09-23 00:00:00-04:00,252.8745862102155,254.1937306726042,250.31626206974443,251.49549865722656,26628000,0.0,0.0,GOOGL
2025-09-24 00:00:00-04:00,251.49550432970327,252.18505574615793,246.2789151995329,246.97845458984375,28201000,0.0,0.0,GOOGL
2025-09-25 00:00:00-04:00,244.24022750230412,246.32887284028934,240.58263166512353,245.6293182373047,31020400,0.0,0.0,GOOGL
2025-09-26 00:00:00-04:00,246.90849752367055,249.25695217808112,245.80921049475367,246.3788299560547,18503200,0.0,0.0,GOOGL
2025-09-29 00:00:00-04:00,247.6879914773483,250.98582213384148,242.61131034259105,243.89047241210938,32505800,0.0,0.0,GOOGL
2025-09-30 00:00:00-04:00,242.65128209661555,243.13096406959585,239.09361157011617,242.94110107421875,34724300,0.0,0.0,GOOGL
2025-10-01 00:00:00-04:00,240.59263270567308,246.13900797357311,238.45403213601972,244.7399139404297,31658200,0.0,0.0,GOOGL
2025-10-02 00:00:00-04:00,244.98974812584623,246.64866670301694,242.14162021805868,245.52940368652344,25483300,0.0,0.0,GOOGL
2025-10-03 00:00:00-04:00,244.33018254314118,246.138996907564,241.5020306823554,245.1896209716797,30249600,0.0,0.0,GOOGL
2025-10-06 00:00:00-04:00,244.61999567020933,251.1557292673991,244.42012945214807,250.26629638671875,28894700,0.0,0.0,GOOGL
2025-10-07 00:00:00-04:00,248.10771903747053,250.27629875611288,245.35951661425605,245.59934997558594,23181300,0.0,0.0,GOOGL
2025-10-08 00:00:00-04:00,244.79988761332393,245.84918907751907,243.66063338889384,244.46009826660156,21307100,0.0,0.0,GOOGL
2025-10-09 00:00:00-04:00,244.3101967172578,244.60000044134677,238.99366696134817,241.3721160888672,27892100,0.0,0.0,GOOGL
2025-10-10 00:00:00-04:00,241.27216783484693,243.93043262992407,235.6858257251368,236.4153594970703,33180300,0.0,0.0,GOOGL
2025-10-13 00:00:00-04:00,240.05299046060216,244.34017953936018,239.55331729181,243.9904022216797,24995000,0.0,0.0,GOOGL
2025-10-14 00:00:00-04:00,241.07230809804528,246.95845730298234,240.35277752895155,245.28955078125,22111600,0.0,0.0,GOOGL
2025-10-15 00:00:00-04:00,247.0883778879278,251.94520161834686,245.82920701293574,250.86590576171875,27007700,0.0,0.0,GOOGL
2025-10-16 00:00:00-04:00,251.60541868813706,256.79201310331337,249.93651222042618,251.29562377929688,27997200,0.0,0.0,GOOGL
2025-10-17 00:00:00-04:00,250.59608169913423,254.05382673080507,247.64801305801078,253.13442993164062,29671600,0.0,0.0,GOOGL
2025-10-20 00:00:00-04:00,254.52352413042843,257.1617826336821,254.06381810029453,256.3822937011719,22350200,0.0,0.0,GOOGL
2025-10-21 00:00:00-04:00,254.5734808325197,254.71338870395212,243.99039197294186,250.29627990722656,47312100,0.0,0.0,GOOGL
2025-10-22 00:00:00-04:00,254.20372304336274,256.19241249616164,249.12704181794433,251.52548217773438,35029400,0.0,0.0,GOOGL
2025-10-23 00:00:00-04:00,252.81462530948346,254.8732762688867,251.68537434804077,252.91456604003906,19901400,0.0,0.0,GOOGL
2025-10-24 00:00:00-04:00,256.412278354529,261.5089509442133,255.1531226659378,259.7501220703125,28655100,0.0,0.0,GOOGL
2025-10-27 00:00:00-04:00,264.6468909460984,269.9634205104271,264.10723541197956,269.0939636230469,35235200,0.0,0.0,GOOGL
2025-10-28 00:00:00-04:00,269.5137161039883,270.5530448339537,266.3257988486908,267.295166015625,29738600,0.0,0.0,GOOGL
2025-10-29 00:00:00-04:00,267.57498405043395,275.1600191542769,267.49504976173847,274.3905334472656,43580300,0.0,0.0,GOOGL
2025-10-30 00:00:00-04:00,291.3993974290424,291.3993974290424,279.87693527724974,281.2960205078125,74876000,0.0,0.0,GOOGL
2025-10-31 00:00:00-04:00,283.02486366213384,285.81304844327684,276.8489107040144,281.0061950683594,39267900,0.0,0.0,GOOGL
2025-11-03 00:00:00-05:00,281.9955439895644,285.3433603410046,279.61709481156873,283.5345458984375,29786000,0.0,0.0,GOOGL
2025-11-04 00:00:00-05:00,276.56908942406625,281.0861237356038,276.07941949471564,277.35858154296875,30078400,0.0,0.0,GOOGL
2025-11-05 00:00:00-05:00,278.6876991693174,286.23278206992967,277.15870054271744,284.1241455078125,31010300,0.0,0.0,GOOGL
2025-11-06 00:00:00-05:00,285.14348075532007,288.1615262521665,280.9562476047489,284.5638732910156,37173600,0.0,0.0,GOOGL
2025-11-07 00:00:00-05:00,283.0248465894465,283.59448127875606,275.0101005397699,278.647705078125,34479600,0.0,0.0,GOOGL
2025-11-10 00:00:00-05:00,284.23409016650885,290.6098939896417,282.6750818691635,289.9103698730469,29557300,0.0,0.0,GOOGL
2025-11-11 00:00:00-05:00,287.56189748708465,291.72918497214437,287.1321858980205,291.11956787109375,19842100,0.0,0.0,GOOGL
2025-11-12 00:00:00-05:00,291.4893355792204,291.8191369528623,283.504568014819,286.5225830078125,24829900,0.0,0.0,GOOGL
2025-11-13 00:00:00-05:00,282.15543354563385,282.65510670070455,277.0587612643864,278.3879089355469,29494000,0.0,0.0,GOOGL
2025-11-14 00:00:00-05:00,271.23257767900105,278.3778974858086,270.52305035910666,276.22930908203125,31647200,0.0,0.0,GOOGL
2025-11-17 00:00:00-05:00,285.59319216713175,293.7578650793077,283.38464532335746,284.83367919921875,52670200,0.0,0.0,GOOGL
2025-11-18 00:00:00-05:00,287.7318125744744,288.61121173854644,278.0181648979437,284.09417724609375,49158700,0.0,0.0,GOOGL
2025-11-19 00:00:00-05:00,286.9722907427786,303.6114007455407,286.44263841708545,292.61859130859375,68198900,0.0,0.0,GOOGL
2025-11-20 00:00:00-05:00,304.3409354639468,306.2197114167213,288.48131431646567,289.26080322265625,62025200,0.0,0.0,GOOGL
2025-11-21 00:00:00-05:00,296.2262391249899,303.7213362601199,293.6579118539212,299.464111328125,74137700,0.0,0.0,GOOGL
2025-11-24 00:00:00-05:00,310.9266228942269,319.27117069793417,309.39762425695875,318.3717346191406,85165100,0.0,0.0,GOOGL
2025-11-25 00:00:00-05:00,325.9967549915166,328.6150374741804,317.4423529194355,323.22857666015625,88632100,0.0,0.0,GOOGL
2025-11-26 00:00:00-05:00,320.4703785574214,324.287888914303,316.58293713459693,319.7408752441406,51373400,0.0,0.0,GOOGL
2025-11-28 00:00:00-05:00,323.15862038246837,326.6363566172421,316.5829348985448,319.970703125,26018600,0.0,0.0,GOOGL
2025-12-01 00:00:00-05:00,317.49233426982363,319.6409227326276,313.684827275924,314.6841735839844,41183000,0.0,0.0,GOOGL
2025-12-02 00:00:00-05:00,316.5329308632399,318.17187340075924,313.7047943107319,315.6035461425781,35854700,0.0,0.0,GOOGL
2025-12-03 00:00:00-05:00,315.68353592029735,321.369788644051,313.89469739870816,319.42108154296875,41838300,0.0,0.0,GOOGL
2025-12-04 00:00:00-05:00,322.0193865832628,322.14927599125497,314.4943097586067,317.4123840332031,31240900,0.0,0.0,GOOGL
2025-12-05 00:00:00-05:00,319.28113189003057,322.9487461411032,318.961364259978,321.0599670410156,28851700,0.0,0.0,GOOGL
2025-12-08 00:00:00-05:00,320.04998779296875,320.44000244140625,311.2200012207031,313.7200012207031,33909400,0.21,0.0,GOOGL
2025-12-09 00:00:00-05:00,312.3699951171875,317.989990234375,311.8999938964844,317.0799865722656,30194000,0.0,0.0,GOOGL
2025-12-10 00:00:00-05:00,315.8299865722656,321.30999755859375,314.67999267578125,320.2099914550781,33428900,0.0,0.0,GOOGL
2025-12-11 00:00:00-05:00,320.0799865722656,321.1199951171875,308.6000061035156,312.42999267578125,42353700,0.0,0.0,GOOGL
2025-12-12 00:00:00-05:00,313.70001220703125,314.8699951171875,305.55999755859375,309.2900085449219,35940200,0.0,0.0,GOOGL
2025-12-15 00:00:00-05:00,311.32000732421875,311.4200134277344,304.8800048828125,308.2200012207031,29151900,0.0,0.0,GOOGL
2025-12-16 00:00:00-05:00,304.95001220703125,310.7699890136719,302.5899963378906,306.57000732421875,30585000,0.0,0.0,GOOGL
2025-12-17 00:00:00-05:00,308.010009765625,308.0899963378906,296.1199951171875,296.7200012207031,43930400,0.0,0.0,GOOGL
2025-12-18 00:00:00-05:00,301.7200012207031,303.9599914550781,299.2300109863281,302.4599914550781,33518000,0.0,0.0,GOOGL
2025-12-19 00:00:00-05:00,301.7300109863281,307.25,300.9700012207031,307.1600036621094,59943200,0.0,0.0,GOOGL
2025-12-22 00:00:00-05:00,309.8800048828125,310.1300048828125,305.29998779296875,309.7799987792969,26429900,0.0,0.0,GOOGL
2025-12-23 00:00:00-05:00,309.6300048828125,314.94000244140625,309.32000732421875,314.3500061035156,25478700,0.0,0.0,GOOGL
2025-12-24 00:00:00-05:00,314.7699890136719,315.0799865722656,311.9200134277344,314.0899963378906,10097400,0.0,0.0,GOOGL
2025-12-26 00:00:00-05:00,314.4800109863281,315.0899963378906,312.2799987792969,313.510009765625,10899000,0.0,0.0,GOOGL
2025-12-29 00:00:00-05:00,311.3699951171875,314.0199890136719,310.6199951171875,313.55999755859375,19621800,0.0,0.0,GOOGL
2025-12-30 00:00:00-05:00,312.5,316.95001220703125,312.4599914550781,313.8500061035156,17380900,0.0,0.0,GOOGL
2025-12-31 00:00:00-05:00,312.8500061035156,314.5799865722656,311.44000244140625,313.0,16377700,0.0,0.0,GOOGL
2026-01-02 00:00:00-05:00,316.8999938964844,322.5,310.3299865722656,315.1499938964844,32009400,0.0,0.0,GOOGL
2026-01-05 00:00:00-05:00,317.6600036621094,319.0199890136719,314.6300048828125,316.5400085449219,30195600,0.0,0.0,GOOGL
2026-01-06 00:00:00-05:00,316.3999938964844,320.94000244140625,311.7799987792969,314.3399963378906,31212100,0.0,0.0,GOOGL
2026-01-07 00:00:00-05:00,314.3599853515625,326.1499938964844,314.19000244140625,321.9800109863281,35104400,0.0,0.0,GOOGL
2026-01-08 00:00:00-05:00,328.9700012207031,330.32000732421875,321.5,325.44000244140625,31896100,0.0,0.0,GOOGL
2026-01-09 00:00:00-05:00,327.0899963378906,330.8299865722656,325.79998779296875,328.57000732421875,26214200,0.0,0.0,GOOGL
2026-01-12 00:00:00-05:00,325.79998779296875,334.0400085449219,325.0,331.8599853515625,33923900,0.0,0.0,GOOGL
2026-01-13 00:00:00-05:00,334.95001220703125,340.489990234375,333.6199951171875,335.9700012207031,33517600,0.0,0.0,GOOGL
2026-01-14 00:00:00-05:00,335.05999755859375,336.5199890136719,330.4800109863281,335.8399963378906,28525600,0.0,0.0,GOOGL
2026-01-15 00:00:00-05:00,337.6499938964844,337.69000244140625,330.739990234375,332.7799987792969,28442400,0.0,0.0,GOOGL
2026-01-16 00:00:00-05:00,334.4100036621094,334.6499938964844,327.70001220703125,330.0,40341600,0.0,0.0,GOOGL
2026-01-20 00:00:00-05:00,320.8699951171875,327.7300109863281,320.42999267578125,322.0,35361000,0.0,0.0,GOOGL
2026-01-21 00:00:00-05:00,320.9200134277344,332.4800109863281,319.3500061035156,328.3800048828125,35386600,0.0,0.0,GOOGL
2026-01-22 00:00:00-05:00,334.45001220703125,335.1499938964844,328.75,330.5400085449219,26253600,0.0,0.0,GOOGL
2026-01-23 00:00:00-05:00,332.489990234375,333.69000244140625,327.45001220703125,327.92999267578125,27252600,0.0,0.0,GOOGL
2025-01-24 00:00:00-05:00,142.44951605535104,143.24516790767248,142.03229481980173,142.459228515625,9887300,0.0,0.0,JNJ
2025-01-27 00:00:00-05:00,144.04081025280172,148.8923027827417,143.60417888622317,148.34893798828125,15152300,0.0,0.0,JNJ
2025-01-28 00:00:00-05:00,148.1257773924822,148.42656756839563,145.83587226560434,145.9134979248047,10320600,0.0,0.0,JNJ
2025-01-29 00:00:00-05:00,146.0299259037615,147.36894258671126,145.5447766482673,146.66061401367188,7156400,0.0,0.0,JNJ
2025-01-30 00:00:00-05:00,147.39803536512528,149.56179667898186,146.86436827724708,148.3295135498047,8911000,0.0,0.0,JNJ
2025-01-31 00:00:00-05:00,148.0869466132016,148.63031138332443,147.54358184307878,147.6309051513672,8457800,0.0,0.0,JNJ
2025-02-03 00:00:00-05:00,147.48538122157126,147.9414227295318,146.30161579310953,147.35923767089844,6687500,0.0,0.0,JNJ
2025-02-04 00:00:00-05:00,146.86436624007646,149.60060002589378,146.46654034321475,148.9311065673828,9645000,0.0,0.0,JNJ
2025-02-05 00:00:00-05:00,149.25131930333234,150.13427966790974,148.75645760295112,150.09547424316406,8947000,0.0,0.0,JNJ
2025-02-06 00:00:00-05:00,150.1925120148199,150.24102990536613,148.8244022571369,148.95053100585938,7418100,0.0,0.0,JNJ
2025-02-07 00:00:00-05:00,148.96992370647402,149.90141675708023,148.26160996517143,148.5720977783203,6204900,0.0,0.0,JNJ
2025-02-10 00:00:00-05:00,149.04755120942556,149.78497272968093,147.76675009965686,149.65884399414062,6936200,0.0,0.0,JNJ
2025-02-11 00:00:00-05:00,149.53268416386447,151.74496328921865,149.36773521568034,151.49269104003906,7554500,0.0,0.0,JNJ
2025-02-12 00:00:00-05:00,150.65824151261407,151.03665730844494,149.68794308170627,150.64852905273438,7746000,0.0,0.0,JNJ
2025-02-13 00:00:00-05:00,150.6485379345046,153.4333046631849,150.1924964606448,152.57943725585938,10704700,0.0,0.0,JNJ
2025-02-14 00:00:00-05:00,152.61823988367905,152.79290130723982,151.42477691073603,151.51210021972656,6411800,0.0,0.0,JNJ
2025-02-18 00:00:00-05:00,150.75898580953205,152.0402489737242,149.8787330029535,151.59034729003906,9670700,1.24,0.0,JNJ
2025-02-19 00:00:00-05:00,151.60013419693823,154.8277529420788,151.3556178514593,154.42674255371094,7974700,0.0,0.0,JNJ
2025-02-20 00:00:00-05:00,153.50734563036613,156.4415415261645,153.50734563036613,156.17745971679688,7224000,0.0,0.0,JNJ
2025-02-21 00:00:00-05:00,156.37308919366578,159.92345618086694,155.78624402806446,158.74000549316406,12546900,0.0,0.0,JNJ
2025-02-24 00:00:00-05:00,159.11166045689302,161.2536259138946,158.4954894483981,160.14842224121094,10201900,0.0,0.0,JNJ
2025-02-25 00:00:00-05:00,160.50052841941465,162.7794075306249,160.3440343830805,162.44686889648438,12303700,0.0,0.0,JNJ
2025-02-26 00:00:00-05:00,161.45904531708254,161.50795157411068,158.99431621898793,159.50291442871094,11396400,0.0,0.0,JNJ
2025-02-27 00:00:00-05:00,158.74979030117842,160.3538169361167,158.18251058680966,160.13864135742188,8364600,0.0,0.0,JNJ
2025-02-28 00:00:00-05:00,160.70591189810517,162.30016316085826,159.13122612068747,161.4003448486328,12037200,0.0,0.0,JNJ
2025-03-03 00:00:00-05:00,161.34167484264077,163.65968506337975,161.22429684633565,163.61077880859375,9191500,0.0,0.0,JNJ
2025-03-04 00:00:00-05:00,164.39322229847508,166.26133065875257,161.69376736295627,161.79156494140625,11999700,0.0,0.0,JNJ
2025-03-05 00:00:00-05:00,160.90151799456612,162.808757279084,159.94301817416357,161.49813842773438,8744800,0.0,0.0,JNJ
2025-03-06 00:00:00-05:00,161.38078513337751,162.23169722473463,159.9234623676814,162.1925811767578,8037900,0.0,0.0,JNJ
2025-03-07 00:00:00-05:00,161.50794230630711,164.76490183944316,161.08736642891208,163.03372192382812,9637600,0.0,0.0,JNJ
2025-03-10 00:00:00-04:00,163.8063698533971,166.17328605365597,163.38580894415355,164.02154541015625,17559000,0.0,0.0,JNJ
2025-03-11 00:00:00-04:00,163.53251246785644,163.63032496587397,161.42967807730625,162.22190856933594,9890300,0.0,0.0,JNJ
2025-03-12 00:00:00-04:00,160.13862615173423,160.60810823744953,158.67152821308082,159.27793884277344,8010700,0.0,0.0,JNJ
2025-03-13 00:00:00-04:00,159.84522271857094,160.93087592013097,159.09212309856787,159.41488647460938,5286700,0.0,0.0,JNJ
2025-03-14 00:00:00-04:00,158.56394783647585,159.57135394078773,157.56633193696427,159.2388153076172,6235800,0.0,0.0,JNJ
2025-03-17 00:00:00-04:00,158.84759702218952,159.9136846715509,158.18250482388353,159.26815795898438,6669800,0.0,0.0,JNJ
2025-03-18 00:00:00-04:00,159.8550015183129,161.2438525098817,159.39530961469802,160.64723205566406,7348800,0.0,0.0,JNJ
2025-03-19 00:00:00-04:00,160.37338639721838,160.75483130997767,158.65199664909085,159.41488647460938,5936400,0.0,0.0,JNJ
2025-03-20 00:00:00-04:00,159.42464838189167,159.62025846257242,158.37811131790625,159.4442138671875,7485900,0.0,0.0,JNJ
2025-03-21 00:00:00-04:00,159.42466179444773,160.52988048321126,158.91606360261488,160.0408477783203,17047100,0.0,0.0,JNJ
2025-03-24 00:00:00-04:00,159.268140836696,160.78414495052826,158.93560223533933,159.70826721191406,8046400,0.0,0.0,JNJ
2025-03-25 00:00:00-04:00,159.93324619941436,160.58854817658738,157.03816626942583,157.4880828857422,7456200,0.0,0.0,JNJ
2025-03-26 00:00:00-04:00,157.67392153668808,158.92584398993955,157.11641712398915,158.1727294921875,7223500,0.0,0.0,JNJ
2025-03-27 00:00:00-04:00,158.78891381807773,160.47118739573978,157.78150771244313,159.5518035888672,6752500,0.0,0.0,JNJ
2025-03-28 00:00:00-04:00,160.001716851041,160.91132544293188,159.33663953576064,160.1190948486328,5760300,0.0,0.0,JNJ
2025-03-31 00:00:00-04:00,160.76460473122248,162.97504208264036,160.62767617243412,162.20236206054688,12481400,0.0,0.0,JNJ
2025-04-01 00:00:00-04:00,157.20444414110437,158.26075654100097,149.77115621737417,149.88851928710938,23303100,0.0,0.0,JNJ
2025-04-02 00:00:00-04:00,150.63183061439895,152.37278564446345,150.0841164374023,151.9522247314453,10356900,0.0,0.0,JNJ
2025-04-03 00:00:00-04:00,155.26787028769624,157.12618843488838,154.02572314664877,156.3144073486328,13249300,0.0,0.0,JNJ
2025-04-04 00:00:00-04:00,155.6688992862106,156.31442605952958,149.57554083893646,149.87875366210938,16601700,0.0,0.0,JNJ
2025-04-07 00:00:00-04:00,147.9617346407856,149.36037594337972,144.16683605863264,147.3162078857422,18083000,0.0,0.0,JNJ
2025-04-08 00:00:00-04:00,150.22104389034521,150.22104389034521,144.75366251627602,146.7097930908203,12018400,0.0,0.0,JNJ
2025-04-09 00:00:00-04:00,139.08088646602883,149.8298297786797,138.39624372218634,147.6585235595703,18773700,0.0,0.0,JNJ
2025-04-10 00:00:00-04:00,147.07167032712766,147.88346629461873,141.94661784796267,145.42852783203125,13830500,0.0,0.0,JNJ
2025-04-11 00:00:00-04:00,146.05450453366188,149.00826615085418,144.93951060088102,148.40185546875,9943900,0.0,0.0,JNJ
2025-04-14 00:00:00-04:00,148.26493667752783,151.27738002788,147.8541509830381,150.97418212890625,10685300,0.0,0.0,JNJ
2025-04-15 00:00:00-04:00,152.2847744804066,152.87161966956302,148.76374811774744,150.25039672851562,10847700,0.0,0.0,JNJ
2025-04-16 00:00:00-04:00,151.96202482263197,152.21633139210977,148.90069009978745,150.5340576171875,7986900,0.0,0.0,JNJ
2025-04-17 00:00:00-04:00,150.77856658700517,155.9427507373147,150.77856658700517,154.01596069335938,10981100,0.0,0.0,JNJ
2025-04-21 00:00:00-04:00,154.495208400845,154.7592752985423,152.07938580573637,153.47801208496094,6285400,0.0,0.0,JNJ
2025-04-22 00:00:00-04:00,154.09420009393824,155.23853477158195,152.83248742498463,154.28981018066406,7136300,0.0,0.0,JNJ
2025-04-23 00:00:00-04:00,153.05745491398676,153.65407538583196,150.9448301359028,151.9718017578125,9099400,0.0,0.0,JNJ
2025-04-24 00:00:00-04:00,152.3825736708444,152.48037124442914,150.0743390121412,151.53164672851562,8310400,0.0,0.0,JNJ
2025-04-25 00:00:00-04:00,150.9350699237005,151.50233476095391,149.1060773533264,151.18936157226562,8643600,0.0,0.0,JNJ
2025-04-28 00:00:00-04:00,152.0891629402875,152.3923608129567,150.44602030488312,151.9424591064453,5815200,0.0,0.0,JNJ
2025-04-29 00:00:00-04:00,152.0402567091757,153.5758264827086,150.90569731365886,152.49017333984375,5246700,0.0,0.0,JNJ
2025-04-30 00:00:00-04:00,154.72992091549656,154.72992091549656,151.6196805569176,152.88137817382812,9598200,0.0,0.0,JNJ
2025-05-01 00:00:00-04:00,151.60013972569152,151.68816203149163,149.9961130378157,151.07199096679688,7325800,0.0,0.0,JNJ
2025-05-02 00:00:00-04:00,152.64665005882432,153.28238649888806,151.63922912559687,152.69554138183594,5974500,0.0,0.0,JNJ
2025-05-05 00:00:00-04:00,153.23349550584211,153.35085857129926,151.33604635245678,151.60012817382812,5464100,0.0,0.0,JNJ
2025-05-06 00:00:00-04:00,151.42408543570903,152.48038288598428,150.31886680876866,151.08175659179688,8644200,0.0,0.0,JNJ
2025-05-07 00:00:00-04:00,151.34584070987484,154.47564690871295,151.11109964842703,153.8496856689453,7853100,0.0,0.0,JNJ
2025-05-08 00:00:00-04:00,152.40214527805017,153.58559595738635,151.3849489880782,152.2456512451172,7606100,0.0,0.0,JNJ
2025-05-09 00:00:00-04:00,152.0109098935498,152.636871099945,150.43622413501134,150.8372344970703,6520400,0.0,0.0,JNJ
2025-05-12 00:00:00-04:00,148.6854937295837,151.9522283079107,147.8639075206592,150.7589874267578,9023800,0.0,0.0,JNJ
2025-05-13 00:00:00-04:00,148.37252421558608,148.37252421558608,144.83193209963198,145.1840362548828,10549600,0.0,0.0,JNJ
2025-05-14 00:00:00-04:00,145.40898697863582,145.55570574889535,142.9149171251663,143.149658203125,10216000,0.0,0.0,JNJ
2025-05-15 00:00:00-04:00,144.75368320608158,146.36748519110634,144.09838116083722,146.328369140625,7945800,0.0,0.0,JNJ
2025-05-16 00:00:00-04:00,146.38705835886518,148.17691997519955,145.94693187841128,148.01065063476562,8051200,0.0,0.0,JNJ
2025-05-19 00:00:00-04:00,148.5583422109476,149.31145669295304,147.73677091644666,149.1451873779297,12639900,0.0,0.0,JNJ
2025-05-20 00:00:00-04:00,148.98869160055045,150.6611749359263,148.78329131728185,150.28952026367188,7351500,0.0,0.0,JNJ
2025-05-21 00:00:00-04:00,149.82982804636947,151.04261948598477,149.64399324859812,149.82003784179688,7032200,0.0,0.0,JNJ
2025-05-22 00:00:00-04:00,149.30165876914265,149.95697563883198,148.0497364067933,149.26254272460938,7535300,0.0,0.0,JNJ
2025-05-23 00:00:00-04:00,149.6440086855572,150.11347590660876,148.8713435733246,149.5853271484375,6727300,0.0,0.0,JNJ
2025-05-27 00:00:00-04:00,150.45338800363243,151.9527814630419,149.8713709488511,151.17349243164062,6990700,1.3,0.0,JNJ
2025-05-28 00:00:00-04:00,151.20308217852158,151.55820484491514,149.87136841653694,150.36459350585938,8459300,0.0,0.0,JNJ
2025-05-29 00:00:00-04:00,149.6938177662655,151.95278210010628,149.50638982004466,151.4990234375,6810600,0.0,0.0,JNJ
2025-05-30 00:00:00-04:00,151.81468639038377,153.6001739740829,151.1439074500615,153.10694885253906,15529700,0.0,0.0,JNJ
2025-06-02 00:00:00-04:00,152.38682490878404,153.43245972774181,150.2363706663291,153.2943572998047,6669300,0.0,0.0,JNJ
2025-06-03 00:00:00-04:00,152.70249260805704,153.55084037456984,151.99224726623072,152.32763671875,8209800,0.0,0.0,JNJ
2025-06-04 00:00:00-04:00,152.83072710598327,152.83072710598327,151.0551287313226,151.14390563964844,6983900,0.0,0.0,JNJ
2025-06-05 00:00:00-04:00,151.59766006113725,152.00210825709343,150.5717584723101,151.57794189453125,5295400,0.0,0.0,JNJ
2025-06-06 00:00:00-04:00,151.91333976243808,153.91583258241639,151.91333976243808,152.92938232421875,5391500,0.0,0.0,JNJ
2025-06-09 00:00:00-04:00,152.75182236035036,153.87637500739433,152.35723324171644,153.1266632080078,5319000,0.0,0.0,JNJ
2025-06-10 00:00:00-04:00,153.3239556869477,155.3067303299207,152.91952252253284,154.33013916015625,6791600,0.0,0.0,JNJ
2025-06-11 00:00:00-04:00,154.18216661950095,154.4781046848199,152.6334326071518,153.15625,6016000,0.0,0.0,JNJ
2025-06-12 00:00:00-04:00,154.12298520127607,154.55701064707156,153.0674762586382,154.53729248046875,7075500,0.0,0.0,JNJ
2025-06-13 00:00:00-04:00,153.85663521935322,155.53359750884889,153.85663521935322,154.97132873535156,6587500,0.0,0.0,JNJ
2025-06-16 00:00:00-04:00,154.30054329683657,154.37946112154557,152.35723513798075,153.11680603027344,7024000,0.0,0.0,JNJ
2025-06-17 00:00:00-04:00,152.87019486700916,153.17599203302345,150.03908749541546,150.31529235839844,6407100,0.0,0.0,JNJ
2025-06-18 00:00:00-04:00,150.50271717202142,150.58161994376783,148.66791916218287,148.68763732910156,8325200,0.0,0.0,JNJ
2025-06-20 00:00:00-04:00,149.21045904480982,149.34856147740305,147.02053829080515,147.7603759765625,22605500,0.0,0.0,JNJ
2025-06-23 00:00:00-04:00,147.7110601789464,149.3781483936895,147.7110601789464,149.2696533203125,7397900,0.0,0.0,JNJ
2025-06-24 00:00:00-04:00,149.4472155592924,150.65068609007142,148.93425720550877,150.12786865234375,9544200,0.0,0.0,JNJ
2025-06-25 00:00:00-04:00,149.328845074524,150.99594842112307,148.6876433747355,150.21664428710938,7153700,0.0,0.0,JNJ
2025-06-26 00:00:00-04:00,150.6309398996763,151.14389820929034,149.47679499207118,149.95028686523438,7156900,0.0,0.0,JNJ
2025-06-27 00:00:00-04:00,149.95029003771032,151.252411531502,148.9638398340629,150.34487915039062,10010800,0.0,0.0,JNJ
2025-06-30 00:00:00-04:00,150.09828053109055,150.8973028618818,149.46695294423995,150.68028259277344,9039300,0.0,0.0,JNJ
2025-07-01 00:00:00-04:00,150.92687925954553,155.61251766793012,150.7394513148845,153.80731201171875,10896700,0.0,0.0,JNJ
2025-07-02 00:00:00-04:00,153.88623472012148,154.1821727972981,152.96884323811335,153.4521942138672,5544000,0.0,0.0,JNJ
2025-07-03 00:00:00-04:00,153.32395993610405,154.1624486956881,152.78142432323565,153.89610290527344,3482500,0.0,0.0,JNJ
2025-07-07 00:00:00-04:00,153.90596006559838,154.23149042863557,152.79126655447425,153.16612243652344,6270900,0.0,0.0,JNJ
2025-07-08 00:00:00-04:00,152.38682973494903,154.63593509089037,152.12049900608696,153.6790771484375,6438200,0.0,0.0,JNJ
2025-07-09 00:00:00-04:00,153.67907902335588,154.5668932865029,152.9688486856892,154.16244506835938,6147400,0.0,0.0,JNJ
2025-07-10 00:00:00-04:00,153.98487731246095,157.08233023924421,153.70867246946386,155.55332946777344,6732900,0.0,0.0,JNJ
2025-07-11 00:00:00-04:00,154.96146054180394,155.0502374485966,153.0773370201251,154.77403259277344,7872000,0.0,0.0,JNJ
2025-07-14 00:00:00-04:00,154.74443986347836,155.33631601120078,153.4127411091565,154.69512939453125,10185600,0.0,0.0,JNJ
2025-07-15 00:00:00-04:00,154.24135250111084,155.06010796606702,152.7024926111346,153.06747436523438,6873200,0.0,0.0,JNJ
2025-07-16 00:00:00-04:00,158.12797880302998,163.86911145702572,157.6347536757916,162.54727172851562,22134800,0.0,0.0,JNJ
2025-07-17 00:00:00-04:00,160.96893925475794,162.46834779981697,160.10087329880653,160.7716522216797,11295700,0.0,0.0,JNJ
2025-07-18 00:00:00-04:00,161.70876713910133,162.86292706948893,161.14649837622764,161.4818878173828,9792600,0.0,0.0,JNJ
2025-07-21 00:00:00-04:00,161.55094784385363,162.68535951354264,160.5743567611228,162.13294982910156,8254000,0.0,0.0,JNJ
2025-07-22 00:00:00-04:00,162.76429472280122,165.78283014388003,162.4782307670936,165.6545867919922,9288000,0.0,0.0,JNJ
2025-07-23 00:00:00-04:00,166.3155212038957,166.8284645057841,164.33274653193283,166.80874633789062,10617600,0.0,0.0,JNJ
2025-07-24 00:00:00-04:00,167.20331234334904,167.68667837003616,166.59171802340538,167.2624969482422,6636900,0.0,0.0,JNJ
2025-07-25 00:00:00-04:00,167.44992685210462,167.57817019889325,165.1712292249172,166.0195770263672,6254900,0.0,0.0,JNJ
2025-07-28 00:00:00-04:00,165.58553595130317,165.66445377582426,162.81361321765758,163.96775817871094,8014600,0.0,0.0,JNJ
2025-07-29 00:00:00-04:00,164.4116625417871,166.49307318631378,164.11572445425492,165.8321533203125,7663400,0.0,0.0,JNJ
2025-07-30 00:00:00-04:00,165.42769283300052,166.3253661128563,164.5201604700382,164.99365234375,6189200,0.0,0.0,JNJ
2025-07-31 00:00:00-04:00,163.68167560247625,164.80624328827264,162.00471326118884,162.5078125,11036200,0.0,0.0,JNJ
2025-08-01 00:00:00-04:00,163.2377747338822,165.34877755789267,162.55712168817175,165.06271362304688,8927800,0.0,0.0,JNJ
2025-08-04 00:00:00-04:00,164.76676767754117,168.87040392217878,164.3820527203586,168.72242736816406,12679100,0.0,0.0,JNJ
2025-08-05 00:00:00-04:00,168.22921158895198,169.23539501412407,167.35127150727274,168.426513671875,7934400,0.0,0.0,JNJ
2025-08-06 00:00:00-04:00,167.60775503277506,169.8469861217651,167.38086065210047,168.27853393554688,8957200,0.0,0.0,JNJ
2025-08-07 00:00:00-04:00,168.8506726272556,169.29457219028478,167.61760992326612,169.20579528808594,9315900,0.0,0.0,JNJ
2025-08-08 00:00:00-04:00,168.70271724361075,171.6028832369287,168.0812488016039,170.98141479492188,7686800,0.0,0.0,JNJ
2025-08-11 00:00:00-04:00,171.05046038088216,172.23421267442555,170.7052118386284,171.46478271484375,7256800,0.0,0.0,JNJ
2025-08-12 00:00:00-04:00,171.6423284357666,172.3920251412362,169.48200016954254,170.43885803222656,7916700,0.0,0.0,JNJ
2025-08-13 00:00:00-04:00,170.65588315907152,172.17500983134917,170.35994509116315,172.056640625,5878700,0.0,0.0,JNJ
2025-08-14 00:00:00-04:00,171.9481366333713,173.33903506571417,170.37968438517322,172.3525848388672,8241700,0.0,0.0,JNJ
2025-08-15 00:00:00-04:00,173.19107286100757,174.86803522954472,172.589337622952,174.24656677246094,9477600,0.0,0.0,JNJ
2025-08-18 00:00:00-04:00,174.10845947265625,175.16396840661764,173.71388541534543,173.86184692382812,9284000,0.0,0.0,JNJ
2025-08-19 00:00:00-04:00,173.65469184395633,175.76569473380323,173.59550723848972,175.39085388183594,9274200,0.0,0.0,JNJ
2025-08-20 00:00:00-04:00,176.08137382515258,178.1627845043829,175.58814868838743,176.41676330566406,9030000,0.0,0.0,JNJ
2025-08-21 00:00:00-04:00,176.1306980745858,177.63996577800168,175.74598307277464,176.5055389404297,8859600,0.0,0.0,JNJ
2025-08-22 00:00:00-04:00,177.60049441757673,178.70532892070915,175.06532513024973,176.86065673828125,9524000,0.0,0.0,JNJ
2025-08-25 00:00:00-04:00,177.0875445552974,177.8175080717949,175.87419996883952,175.99258422851562,6229100,0.0,0.0,JNJ
2025-08-26 00:00:00-04:00,175.63486479298874,176.04228169685982,174.6610519663747,175.3765106201172,9145000,1.3,0.0,JNJ
2025-08-27 00:00:00-04:00,175.85346329418851,176.56892188809329,175.04857616667528,175.67459106445312,5951100,0.0,0.0,JNJ
2025-08-28 00:00:00-04:00,175.2572571524081,175.37651036954125,173.52824471043394,174.3430633544922,6424700,0.0,0.0,JNJ
2025-08-29 00:00:00-04:00,174.85977436888373,176.29069157209005,174.34305089827734,176.0522003173828,6942300,0.0,0.0,JNJ
2025-09-02 00:00:00-04:00,176.3503105295524,178.06939139768684,175.77396803611316,176.93658447265625,9049000,0.0,0.0,JNJ
2025-09-03 00:00:00-04:00,176.54904858919326,177.16513205402964,175.41624164537086,176.87696838378906,7111700,0.0,0.0,JNJ
2025-09-04 00:00:00-04:00,176.87697204020583,177.77128774394077,176.42981418833836,177.63217163085938,7854800,0.0,0.0,JNJ
2025-09-05 00:00:00-04:00,176.87696522230814,178.3774328957435,175.44604802147302,177.3042449951172,9733800,0.0,0.0,JNJ
2025-09-08 00:00:00-04:00,176.24100312082155,178.31781328005192,175.58516354553242,177.0061492919922,8382500,0.0,0.0,JNJ
2025-09-09 00:00:00-04:00,176.876968171164,176.9663967070775,175.33674434840574,175.84353637695312,6005700,0.0,0.0,JNJ
2025-09-10 00:00:00-04:00,175.18770024166173,175.4957419797814,173.23012805020278,174.680908203125,6891600,0.0,0.0,JNJ
2025-09-11 00:00:00-04:00,174.64116008341813,177.72160766341042,174.5219220380698,177.37380981445312,5792500,0.0,0.0,JNJ
2025-09-12 00:00:00-04:00,176.58880178417093,177.6719211358412,175.60504241670282,176.93658447265625,7220200,0.0,0.0,JNJ
2025-09-15 00:00:00-04:00,176.6384757638066,177.86072639674853,175.8137105587591,176.28074645996094,4768100,0.0,0.0,JNJ
2025-09-16 00:00:00-04:00,176.44969240184915,176.49936481458425,174.5417926172162,175.34669494628906,7959300,0.0,0.0,JNJ
2025-09-17 00:00:00-04:00,175.5951171776068,177.38374858169246,175.4758639648204,176.08201599121094,6714900,0.0,0.0,JNJ
2025-09-18 00:00:00-04:00,175.48581111593307,175.90315945566854,172.77302416387383,173.0612030029297,8200900,0.0,0.0,JNJ
2025-09-19 00:00:00-04:00,173.58786332896594,176.04228103077807,172.2364431172901,175.07839965820312,25621000,0.0,0.0,JNJ
2025-09-22 00:00:00-04:00,174.9790140641156,175.52554705139653,173.02144192218486,173.1108856201172,7193900,0.0,0.0,JNJ
2025-09-23 00:00:00-04:00,173.78658720926384,175.85346593800497,173.72696818596185,175.46592712402344,8350400,0.0,0.0,JNJ
2025-09-24 00:00:00-04:00,175.0287080814662,175.83359525485707,174.63123780109416,175.5752410888672,6676800,0.0,0.0,JNJ
2025-09-25 00:00:00-04:00,176.0820181505387,177.27444415539176,174.80016360688845,176.60867309570312,8475000,0.0,0.0,JNJ
2025-09-26 00:00:00-04:00,177.47318969732265,178.77492226884667,176.2012666379313,178.57618713378906,8634400,0.0,0.0,JNJ
2025-09-29 00:00:00-04:00,178.6954212051717,180.7225437976727,178.66561169370246,180.47412109375,8597100,0.0,0.0,JNJ
2025-09-30 00:00:00-04:00,180.55362147306892,184.81656364117856,179.92760655827345,184.25015258789062,11569000,0.0,0.0,JNJ
2025-10-01 00:00:00-04:00,184.8265026093308,185.38296707290417,182.7496923211661,184.87619018554688,13063800,0.0,0.0,JNJ
2025-10-02 00:00:00-04:00,183.0279253649323,185.4127774086895,182.92855021205926,184.80662536621094,7728100,0.0,0.0,JNJ
2025-10-03 00:00:00-04:00,185.8798109725306,188.58265134111866,185.73076340763467,187.44984436035156,8675100,0.0,0.0,JNJ
2025-10-06 00:00:00-04:00,186.81387570153043,188.72176027217148,186.18784562775866,186.97286987304688,5806100,0.0,0.0,JNJ
2025-10-07 00:00:00-04:00,182.61056532529332,188.036108684398,181.78580012930843,187.69825744628906,8776800,0.0,0.0,JNJ
2025-10-08 00:00:00-04:00,187.67839129958386,189.0198800500613,187.08218587022017,188.49322509765625,5751200,0.0,0.0,JNJ
2025-10-09 00:00:00-04:00,188.80126273904844,190.88801960275083,188.53296196228231,189.87445068359375,7484800,0.0,0.0,JNJ
2025-10-10 00:00:00-04:00,190.79857818153027,190.85821237015006,188.65221742931723,189.5167236328125,9598000,0.0,0.0,JNJ
2025-10-13 00:00:00-04:00,188.63233060413367,190.09305732581876,188.08579761940138,189.69557189941406,7979500,0.0,0.0,JNJ
2025-10-14 00:00:00-04:00,191.7028367133322,193.1734949239154,184.7072598099331,189.64590454101562,13613300,0.0,0.0,JNJ
2025-10-15 00:00:00-04:00,190.2719241910366,192.34874963993454,188.1056853650577,189.96388244628906,9473000,0.0,0.0,JNJ
2025-10-16 00:00:00-04:00,190.1328050345831,191.8320230724124,189.22854271525568,190.9078826904297,10611800,0.0,0.0,JNJ
2025-10-17 00:00:00-04:00,191.2854874244109,192.37855341755795,190.47065365451596,192.00094604492188,7764400,0.0,0.0,JNJ
2025-10-20 00:00:00-04:00,192.27917428148922,193.25298704268093,191.11655783789408,192.49778747558594,8034700,0.0,0.0,JNJ
2025-10-21 00:00:00-04:00,191.79226341394602,192.3288649581203,190.56009647736,190.66940307617188,6716000,0.0,0.0,JNJ
2025-10-22 00:00:00-04:00,190.78864544914174,192.2294941661236,190.57003224656304,191.72271728515625,6343100,0.0,0.0,JNJ
2025-10-23 00:00:00-04:00,191.34510480569733,192.77602203443016,190.33153590825845,191.25567626953125,8882500,0.0,0.0,JNJ
2025-10-24 00:00:00-04:00,190.98737701890485,191.09668361815096,188.2249176879786,189.19873046875,6903400,0.0,0.0,JNJ
2025-10-27 00:00:00-04:00,188.79132350755307,189.59621064215713,188.33421906088537,189.099365234375,7126000,0.0,0.0,JNJ
2025-10-28 00:00:00-04:00,188.0659271389957,188.31434985456886,185.44258386904394,185.75062561035156,8329500,0.0,0.0,JNJ
2025-10-29 00:00:00-04:00,185.52207421850693,185.91955964649702,183.49495160457295,185.42271423339844,10551100,0.0,0.0,JNJ
2025-10-30 00:00:00-04:00,185.89968188455046,188.18517382099697,185.7307562633265,187.8572540283203,7072500,0.0,0.0,JNJ
2025-10-31 00:00:00-04:00,186.2772978942347,188.3044206054977,185.58170215248379,187.6783905029297,8791700,0.0,0.0,JNJ
2025-11-03 00:00:00-05:00,187.80757254089647,187.83738205369508,184.34953259358537,185.08485412597656,7542600,0.0,0.0,JNJ
2025-11-04 00:00:00-05:00,185.6512665367905,186.63502595381652,184.44889391598093,185.6810760498047,7209400,0.0,0.0,JNJ
2025-11-05 00:00:00-05:00,185.4624538271455,186.64494832760218,184.23027175324168,184.8264923095703,5049400,0.0,0.0,JNJ
2025-11-06 00:00:00-05:00,185.58169301110945,186.33690774209137,184.20046337091514,185.79037475585938,6767400,0.0,0.0,JNJ
2025-11-07 00:00:00-05:00,186.55553032255438,187.16168236277767,184.5283924466353,185.39291381835938,6959200,0.0,0.0,JNJ
2025-11-10 00:00:00-05:00,184.82649961069478,187.23122966784774,183.95204680354126,187.22129821777344,5323800,0.0,0.0,JNJ
2025-11-11 00:00:00-05:00,188.19511159082387,192.69652997893053,187.85726033703008,192.6071014404297,7465600,0.0,0.0,JNJ
2025-11-12 00:00:00-05:00,192.1400586227106,194.3162439565306,191.85189495482751,193.16355895996094,8803000,0.0,0.0,JNJ
2025-11-13 00:00:00-05:00,192.98471086513175,194.76341085397326,192.2294960986243,194.0181427001953,8631600,0.0,0.0,JNJ
2025-11-14 00:00:00-05:00,193.76972241198686,195.93596126145505,192.32887366245293,194.69384765625,8824800,0.0,0.0,JNJ
2025-11-17 00:00:00-05:00,195.71735093885428,199.0163965828153,194.6640259312004,198.32081604003906,13257000,0.0,0.0,JNJ
2025-11-18 00:00:00-05:00,197.7544150164991,199.03628473263817,197.27744764335222,198.73817443847656,12468600,0.0,0.0,JNJ
2025-11-19 00:00:00-05:00,198.73817172561604,202.19621166813639,198.12208824527278,201.23233032226562,14690800,0.0,0.0,JNJ
2025-11-20 00:00:00-05:00,200.72554663988058,203.21970515199808,200.29826686316107,201.78880310058594,10612600,0.0,0.0,JNJ
2025-11-21 00:00:00-05:00,202.6731900950299,205.63438454829935,201.70930876866882,202.61355590820312,13189100,0.0,0.0,JNJ
2025-11-24 00:00:00-05:00,202.4247670803831,204.8195504740814,201.71923991459224,204.75,14803900,0.0,0.0,JNJ
2025-11-25 00:00:00-05:00,205.17999267578125,207.72000122070312,205.17999267578125,206.6699981689453,10275300,1.3,0.0,JNJ
2025-11-26 00:00:00-05:00,206.49000549316406,207.80999755859375,205.94000244140625,207.55999755859375,6729000,0.0,0.0,JNJ
2025-11-28 00:00:00-05:00,207.0,207.4600067138672,204.6300048828125,206.9199981689453,5638300,0.0,0.0,JNJ
2025-12-01 00:00:00-05:00,206.5,207.6999969482422,205.33999633789062,205.33999633789062,8473700,0.0,0.0,JNJ
2025-12-02 00:00:00-05:00,205.24000549316406,205.61000061035156,203.10000610351562,205.4199981689453,8393600,0.0,0.0,JNJ
2025-12-03 00:00:00-05:00,205.89999389648438,207.02000427246094,204.99000549316406,205.3300018310547,8363300,0.0,0.0,JNJ
2025-12-04 00:00:00-05:00,204.58999633789062,204.86000061035156,201.7100067138672,202.47999572753906,9049900,0.0,0.0,JNJ
2025-12-05 00:00:00-05:00,202.97999572753906,203.4499969482422,200.80999755859375,201.92999267578125,7785300,0.0,0.0,JNJ
2025-12-08 00:00:00-05:00,202.66000366210938,203.25999450683594,200.99000549316406,201.6199951171875,7785700,0.0,0.0,JNJ
2025-12-09 00:00:00-05:00,202.9199981689453,205.5399932861328,199.91000366210938,199.9600067138672,7509400,0.0,0.0,JNJ
2025-12-10 00:00:00-05:00,200.58999633789062,206.8000030517578,200.17999267578125,206.5399932861328,11599800,0.0,0.0,JNJ
2025-12-11 00:00:00-05:00,207.89999389648438,211.24000549316406,207.8300018310547,210.00999450683594,9009000,0.0,0.0,JNJ
2025-12-12 00:00:00-05:00,210.27999877929688,212.27000427246094,208.9600067138672,211.5800018310547,6922700,0.0,0.0,JNJ
2025-12-15 00:00:00-05:00,210.35000610351562,215.19000244140625,209.00999450683594,214.1699981689453,8467000,0.0,0.0,JNJ
2025-12-16 00:00:00-05:00,214.0,214.72999572753906,208.80999755859375,209.3000030517578,9949800,0.0,0.0,JNJ
2025-12-17 00:00:00-05:00,209.38999938964844,211.52000427246094,208.4600067138672,210.3300018310547,8457600,0.0,0.0,JNJ
2025-12-18 00:00:00-05:00,209.8000030517578,211.05999755859375,207.75999450683594,208.30999755859375,7499900,0.0,0.0,JNJ
2025-12-19 00:00:00-05:00,207.55999755859375,209.24000549316406,206.02999877929688,206.3699951171875,24803900,0.0,0.0,JNJ
2025-12-22 00:00:00-05:00,206.1300048828125,208.0800018310547,205.5,207.32000732421875,8187800,0.0,0.0,JNJ
2025-12-23 00:00:00-05:00,205.02000427246094,206.52999877929688,203.27999877929688,205.77999877929688,7047300,0.0,0.0,JNJ
2025-12-24 00:00:00-05:00,206.0,207.94000244140625,205.57000732421875,207.77999877929688,2376500,0.0,0.0,JNJ
2025-12-26 00:00:00-05:00,207.52999877929688,208.0399932861328,206.7100067138672,207.6300048828125,2316700,0.0,0.0,JNJ
2025-12-29 00:00:00-05:00,208.0,209.47000122070312,207.3800048828125,207.55999755859375,4348900,0.0,0.0,JNJ
2025-12-30 00:00:00-05:00,207.50999450683594,207.69000244140625,206.52000427246094,206.91000366210938,3937400,0.0,0.0,JNJ
2025-12-31 00:00:00-05:00,206.91000366210938,207.5,206.3699951171875,206.9499969482422,4083800,0.0,0.0,JNJ
2026-01-02 00:00:00-05:00,206.82000732421875,207.38999938964844,203.67999267578125,207.35000610351562,6325500,0.0,0.0,JNJ
2026-01-05 00:00:00-05:00,205.8699951171875,205.94000244140625,200.91000366210938,204.30999755859375,9477000,0.0,0.0,JNJ
2026-01-06 00:00:00-05:00,204.60000610351562,206.7100067138672,204.1199951171875,204.7899932861328,8107900,0.0,0.0,JNJ
2026-01-07 00:00:00-05:00,205.25999450683594,208.25999450683594,205.02999877929688,207.49000549316406,7545900,0.0,0.0,JNJ
2026-01-08 00:00:00-05:00,206.92999267578125,208.97999572753906,204.97000122070312,205.75,6557800,0.0,0.0,JNJ
2026-01-09 00:00:00-05:00,205.91000366210938,206.6999969482422,204.00999450683594,204.38999938964844,6154300,0.0,0.0,JNJ
2026-01-12 00:00:00-05:00,205.5500030517578,209.89999389648438,203.85000610351562,209.72000122070312,11794300,0.0,0.0,JNJ
2026-01-13 00:00:00-05:00,209.91000366210938,214.38999938964844,208.86000061035156,213.64999389648438,11379600,0.0,0.0,JNJ
2026-01-14 00:00:00-05:00,214.72999572753906,218.86000061035156,214.14999389648438,218.5500030517578,11858800,0.0,0.0,JNJ
2026-01-15 00:00:00-05:00,218.22999572753906,219.75,215.91000366210938,219.57000732421875,8492100,0.0,0.0,JNJ
2026-01-16 00:00:00-05:00,219.0399932861328,220.11000061035156,218.13999938964844,218.66000366210938,10021500,0.0,0.0,JNJ
2026-01-20 00:00:00-05:00,217.08999633789062,218.72999572753906,214.5,218.2100067138672,14057100,0.0,0.0,JNJ
2026-01-21 00:00:00-05:00,211.0,218.67999267578125,210.5,218.00999450683594,14762900,0.0,0.0,JNJ
2026-01-22 00:00:00-05:00,218.77000427246094,222.1699981689453,218.10000610351562,218.49000549316406,13160000,0.0,0.0,JNJ
2026-01-23 00:00:00-05:00,219.8000030517578,221.2100067138672,217.83999633789062,220.13999938964844,6950600,0.0,0.0,JNJ
2025-01-24 00:00:00-05:00,59.95124233496952,60.232928759539305,59.67926399674921,60.1455078125,19244600,0.0,0.0,KO
2025-01-27 00:00:00-05:00,61.06828109206211,62.340740666648664,60.67974644791352,62.03962326049805,20742900,0.0,0.0,KO
2025-01-28 00:00:00-05:00,61.68994014717565,62.20475402161187,60.495189711858984,60.572898864746094,14956000,0.0,0.0,KO
2025-01-29 00:00:00-05:00,60.767167558559514,61.544240554372024,60.757452061837675,61.0294303894043,11325600,0.0,0.0,KO
2025-01-30 00:00:00-05:00,62.02020082901382,62.447593788033736,61.41796967493082,62.214473724365234,13201000,0.0,0.0,KO
2025-01-31 00:00:00-05:00,61.874493570519974,62.09790181270015,61.57337618042872,61.660797119140625,12096800,0.0,0.0,KO
2025-02-03 00:00:00-05:00,61.36940042970065,61.80650516032914,60.640893780445296,61.53452682495117,12067900,0.0,0.0,KO
2025-02-04 00:00:00-05:00,61.78707987623523,61.806507165490814,60.563186590769206,60.87401580810547,15678000,0.0,0.0,KO
2025-02-05 00:00:00-05:00,60.922588210467545,61.47625300657736,60.79631267817226,61.31112289428711,10686800,0.0,0.0,KO
2025-02-06 00:00:00-05:00,61.796790202466255,61.91335393523509,61.10713812444476,61.54424285888672,13423400,0.0,0.0,KO
2025-02-07 00:00:00-05:00,61.61223265618903,62.08818823301946,61.45681806094576,62.01048278808594,13184700,0.0,0.0,KO
2025-02-10 00:00:00-05:00,62.26302968265413,62.79727082387619,61.83564047505268,62.700138092041016,16154300,0.0,0.0,KO
2025-02-11 00:00:00-05:00,65.56560224195857,65.73072864680198,64.50684274069445,65.66273498535156,30589100,0.0,0.0,KO
2025-02-12 00:00:00-05:00,64.95365494713461,66.84776925432391,64.95365494713461,66.74092102050781,26033800,0.0,0.0,KO
2025-02-13 00:00:00-05:00,67.02260682908752,67.61512612000195,66.78948679338829,67.5082778930664,24393100,0.0,0.0,KO
2025-02-14 00:00:00-05:00,67.37230269914694,68.02310026328827,66.78949879975539,66.89634704589844,20779100,0.0,0.0,KO
2025-02-18 00:00:00-05:00,66.58551114824901,67.38201146029208,66.45923191865798,67.07118225097656,15569100,0.0,0.0,KO
2025-02-19 00:00:00-05:00,67.22660329734931,68.12023648267109,67.1877487139761,68.06195831298828,16032300,0.0,0.0,KO
2025-02-20 00:00:00-05:00,67.71226170217881,68.06194547582986,67.43057158391811,68.03280639648438,13398000,0.0,0.0,KO
2025-02-21 00:00:00-05:00,68.30478601261842,69.54810289395681,68.12022861559835,69.30526733398438,21662300,0.0,0.0,KO
2025-02-24 00:00:00-05:00,68.80988268606336,69.67438412220139,68.31450346528342,68.56704711914062,21418400,0.0,0.0,KO
2025-02-25 00:00:00-05:00,68.82931072759713,69.71322829967038,68.70303890608754,69.44125366210938,21555600,0.0,0.0,KO
2025-02-26 00:00:00-05:00,69.2275588730334,69.23727437054099,68.50876768329076,68.77103424072266,14531200,0.0,0.0,KO
2025-02-27 00:00:00-05:00,68.69332458623636,69.48982492878281,68.40191894913877,68.83902740478516,16789500,0.0,0.0,KO
2025-02-28 00:00:00-05:00,69.40240107176737,69.51896481009801,68.53790705872,69.16928100585938,22167400,0.0,0.0,KO
2025-03-03 00:00:00-05:00,68.2270660927648,70.28631398437818,67.731686964304,70.2474594116211,21717600,0.0,0.0,KO
2025-03-04 00:00:00-05:00,70.00462543933526,70.56800564065401,67.87738385100369,68.17850494384766,25411900,0.0,0.0,KO
2025-03-05 00:00:00-05:00,67.89682101104853,68.71274489886963,67.83853543995214,68.07166290283203,23933600,0.0,0.0,KO
2025-03-06 00:00:00-05:00,68.39221796892161,68.50877430726918,67.45972279761735,68.44078063964844,21694000,0.0,0.0,KO
2025-03-07 00:00:00-05:00,67.65398481005975,69.76179557737375,67.65398481005975,69.38297271728516,28393300,0.0,0.0,KO
2025-03-10 00:00:00-04:00,69.89777606842101,71.12166917965611,69.27611772224651,69.40238952636719,25251200,0.0,0.0,KO
2025-03-11 00:00:00-04:00,69.82007427689159,69.97549258518207,68.58647295053534,69.004150390625,28076400,0.0,0.0,KO
2025-03-12 00:00:00-04:00,68.35335402165765,68.7030378103025,67.7414036861527,67.93567657470703,18923300,0.0,0.0,KO
2025-03-13 00:00:00-04:00,68.23679033729879,68.23679033729879,67.29458720670743,67.62484741210938,15746600,0.0,0.0,KO
2025-03-14 00:00:00-04:00,67.03774154254269,67.77162425439738,66.91053042793898,67.67377471923828,14205100,0.51,0.0,KO
2025-03-17 00:00:00-04:00,67.75205009159949,68.66206495591886,67.59549232791669,68.61314392089844,15634800,0.0,0.0,KO
2025-03-18 00:00:00-04:00,68.60335384932253,68.68163646059993,67.8107629401008,67.8890380859375,12657600,0.0,0.0,KO
2025-03-19 00:00:00-04:00,67.07688277629757,67.88904063612624,67.06709558316007,67.79119110107422,14780000,0.0,0.0,KO
2025-03-20 00:00:00-04:00,67.8205390102382,68.30979410617803,67.60526557355422,68.21194458007812,16295300,0.0,0.0,KO
2025-03-21 00:00:00-04:00,68.21194161226379,68.46635634140652,66.7148222782961,67.19429016113281,47479500,0.0,0.0,KO
2025-03-24 00:00:00-04:00,67.32150641625036,67.59548808457667,66.86160541637094,67.46827697753906,12575400,0.0,0.0,KO
2025-03-25 00:00:00-04:00,67.46828204317914,67.59549315976801,67.12580493205745,67.33129119873047,12513900,0.0,0.0,KO
2025-03-26 00:00:00-04:00,67.43892944796399,68.838199503876,67.41936252636242,68.51528930664062,14478200,0.0,0.0,KO
2025-03-27 00:00:00-04:00,68.67184715464153,69.46443803947344,68.5642104338075,69.21981048583984,11663400,0.0,0.0,KO
2025-03-28 00:00:00-04:00,69.28831228470301,69.78735463040796,68.03582028919669,68.85777282714844,17412900,0.0,0.0,KO
2025-03-31 00:00:00-04:00,69.21003616724889,70.39403272350637,68.97518832229123,70.0809097290039,24016900,0.0,0.0,KO
2025-04-01 00:00:00-04:00,70.13961928749734,70.36467994348904,69.66015132613907,70.3255386352539,15309100,0.0,0.0,KO
2025-04-02 00:00:00-04:00,70.41360083500238,70.80500645110817,69.5231603371669,69.7971420288086,14606500,0.0,0.0,KO
2025-04-03 00:00:00-04:00,70.92242950730864,72.36083337081793,70.76586427660659,71.60738372802734,24959600,0.0,0.0,KO
2025-04-04 00:00:00-04:00,70.86370377672682,71.44102865137337,68.29022475142999,68.42721557617188,26517300,0.0,0.0,KO
2025-04-07 00:00:00-04:00,64.80674523663151,67.88904693675721,64.63061307101505,66.9007568359375,34258400,0.0,0.0,KO
2025-04-08 00:00:00-04:00,67.47807299977484,68.47615773978319,66.3038635631737,66.94967651367188,22774400,0.0,0.0,KO
2025-04-09 00:00:00-04:00,66.46041788499974,68.95562213995711,65.8341718892861,68.44679260253906,27918700,0.0,0.0,KO
2025-04-10 00:00:00-04:00,68.68163696726228,69.67971413936944,67.49764045835995,69.23938751220703,22450200,0.0,0.0,KO
2025-04-11 00:00:00-04:00,69.38616695712712,70.30596153612429,69.0241154690004,69.89498901367188,19988200,0.0,0.0,KO
2025-04-14 00:00:00-04:00,69.76778556284995,71.09856013349723,69.40573407370118,70.89306640625,13930200,0.0,0.0,KO
2025-04-15 00:00:00-04:00,71.05942003369738,71.0691997614917,70.17875927853916,70.31575012207031,14965500,0.0,0.0,KO
2025-04-16 00:00:00-04:00,70.80500521606305,71.10834101716941,69.85584903983097,70.13961791992188,15276200,0.0,0.0,KO
2025-04-17 00:00:00-04:00,70.35489169460456,71.85201125129282,70.1787595429094,71.4312515258789,20754500,0.0,0.0,KO
2025-04-21 00:00:00-04:00,71.80307620994618,71.89114601049218,70.27660267792626,71.20618438720703,16037200,0.0,0.0,KO
2025-04-22 00:00:00-04:00,71.43125177507306,72.78159329915263,71.3529691595041,72.3119125366211,15613500,0.0,0.0,KO
2025-04-23 00:00:00-04:00,71.71502054596662,72.36083345980401,70.82457259249617,71.72480773925781,16353900,0.0,0.0,KO
2025-04-24 00:00:00-04:00,71.45081825648467,71.85201105972553,70.7462971170235,70.96156311035156,16893900,0.0,0.0,KO
2025-04-25 00:00:00-04:00,71.08877294207257,71.35296743141794,69.6014331440484,70.36467742919922,16316000,0.0,0.0,KO
2025-04-28 00:00:00-04:00,70.53102229308638,70.7071544409028,69.77756520197798,70.24725341796875,15997500,0.0,0.0,KO
2025-04-29 00:00:00-04:00,69.66014383696945,71.1474760627952,68.76969596759507,70.79521179199219,16244100,0.0,0.0,KO
2025-04-30 00:00:00-04:00,71.77372473459234,71.90093584389358,70.14940161542246,70.99092102050781,21074700,0.0,0.0,KO
2025-05-01 00:00:00-04:00,70.45273697702824,70.4918782823128,69.69928738026223,69.75799560546875,18034200,0.0,0.0,KO
2025-05-02 00:00:00-04:00,69.96348959447506,70.27661260593058,69.5720839637953,70.11026763916016,12629600,0.0,0.0,KO
2025-05-05 00:00:00-04:00,70.1298332016149,70.25704432174838,69.48402026913914,70.15918731689453,11932700,0.0,0.0,KO
2025-05-06 00:00:00-04:00,70.13961540779711,70.3548888584621,69.63079335976778,70.17875671386719,12705500,0.0,0.0,KO
2025-05-07 00:00:00-04:00,70.17875187271201,71.12790794947323,70.12982337713947,70.8441390991211,15018200,0.0,0.0,KO
2025-05-08 00:00:00-04:00,70.64843594125327,70.91263788520205,69.60143028900733,69.64057159423828,14371100,0.0,0.0,KO
2025-05-09 00:00:00-04:00,69.46444050134699,69.62100572463271,68.94583126373432,69.0045394897461,11228900,0.0,0.0,KO
2025-05-12 00:00:00-04:00,68.64249908126463,68.81863123399306,67.22365466610749,68.03582000732422,21539000,0.0,0.0,KO
2025-05-13 00:00:00-04:00,68.09452425652164,68.19238125321668,67.39000315222596,67.47806549072266,14389100,0.0,0.0,KO
2025-05-14 00:00:00-04:00,67.39978556917544,67.84989940326005,67.10623696369815,67.67377471923828,16286800,0.0,0.0,KO
2025-05-15 00:00:00-04:00,68.20216301180405,70.18854513608719,68.10431347763544,70.07112121582031,19817100,0.0,0.0,KO
2025-05-16 00:00:00-04:00,70.31574506719578,70.7071506486221,69.89498537361457,70.4527359008789,18441200,0.0,0.0,KO
2025-05-19 00:00:00-04:00,70.48209636398528,70.6190872100123,70.10047794070415,70.38424682617188,13282800,0.0,0.0,KO
2025-05-20 00:00:00-04:00,70.25704316431842,70.57994589251608,69.89499166247111,70.14940643310547,12137800,0.0,0.0,KO
2025-05-21 00:00:00-04:00,70.1494038472651,70.53102225642887,70.04176712001986,70.30596160888672,12094400,0.0,0.0,KO
2025-05-22 00:00:00-04:00,70.29616782465492,70.44294584490345,69.43508155287182,69.61121368408203,11101800,0.0,0.0,KO
2025-05-23 00:00:00-04:00,70.00263082278958,70.43317776258145,69.17089852446193,70.2276840209961,12822100,0.0,0.0,KO
2025-05-27 00:00:00-04:00,70.19832359873485,70.66801180589773,70.02219145422886,70.23746490478516,10666100,0.0,0.0,KO
2025-05-28 00:00:00-04:00,70.1591783278018,70.35488484699343,69.52315267038999,69.62100219726562,8710900,0.0,0.0,KO
2025-05-29 00:00:00-04:00,69.47422926197852,70.12004962444517,68.94583281962605,69.95369720458984,10291100,0.0,0.0,KO
2025-05-30 00:00:00-04:00,70.07111498514136,70.91263434195764,70.07111498514136,70.55058288574219,28019500,0.0,0.0,KO
2025-06-02 00:00:00-04:00,70.4820900130338,70.4918772055656,69.826489956773,70.4527359008789,10202700,0.0,0.0,KO
2025-06-03 00:00:00-04:00,70.16896685119434,70.23746226785065,68.95561627095097,69.63079071044922,20139800,0.0,0.0,KO
2025-06-04 00:00:00-04:00,69.72864409556387,70.30596157281869,69.16110634591475,69.8362808227539,13565900,0.0,0.0,KO
2025-06-05 00:00:00-04:00,69.84605532682359,69.92433793446023,69.3078791965626,69.38616180419922,13531400,0.0,0.0,KO
2025-06-06 00:00:00-04:00,69.5525093176465,69.94391490485923,69.41551848193814,69.81670379638672,9524000,0.0,0.0,KO
2025-06-09 00:00:00-04:00,69.81671146870828,70.28639971806682,69.56229668924568,70.2276840209961,12281300,0.0,0.0,KO
2025-06-10 00:00:00-04:00,70.35488518620862,71.12790914350188,70.21789435483416,70.79521179199219,12265000,0.0,0.0,KO
2025-06-11 00:00:00-04:00,70.71693166654556,70.80500147005831,70.21789681992239,70.52123260498047,12718500,0.0,0.0,KO
2025-06-12 00:00:00-04:00,70.69736348648132,70.84414151275935,70.0613303495702,70.68757629394531,12806900,0.0,0.0,KO
2025-06-13 00:00:00-04:00,70.72699270838764,70.8353947249705,69.70211321827284,69.9878921508789,17467200,0.51,0.0,KO
2025-06-16 00:00:00-04:00,70.16528114698137,70.57918320016967,69.21923327408842,69.49516296386719,15045900,0.0,0.0,KO
2025-06-17 00:00:00-04:00,69.35720340302858,69.43604261140615,68.56883387481513,68.6082534790039,15437000,0.0,0.0,KO
2025-06-18 00:00:00-04:00,68.98272864235247,68.98272864235247,68.08594956111193,68.20420837402344,16227600,0.0,0.0,KO
2025-06-20 00:00:00-04:00,68.0859435875848,68.54911449936756,67.78045107918342,67.8395767211914,40859400,0.0,0.0,KO
2025-06-23 00:00:00-04:00,68.13522246751516,68.7954838892234,67.96769479666746,68.72650146484375,21822800,0.0,0.0,KO
2025-06-24 00:00:00-04:00,68.9235938524415,69.32763158554889,68.67722699711366,69.18966674804688,15216100,0.0,0.0,KO
2025-06-25 00:00:00-04:00,68.91374630073229,69.00243477163639,68.42101252409857,68.61810302734375,12540400,0.0,0.0,KO
2025-06-26 00:00:00-04:00,68.68707963825112,68.90388368457222,68.14507704096846,68.4604263305664,14454100,0.0,0.0,KO
2025-06-27 00:00:00-04:00,68.57867109165723,69.53457564940594,68.46041981838154,69.30792236328125,23470700,0.0,0.0,KO
2025-06-30 00:00:00-04:00,69.11082453537213,69.76123661395695,69.07140493801673,69.72181701660156,15429000,0.0,0.0,KO
2025-07-01 00:00:00-04:00,69.95833789415424,71.39711958664985,69.86964942528752,70.62845611572266,21729300,0.0,0.0,KO
2025-07-02 00:00:00-04:00,70.64816476020833,70.78612960341357,69.71196616014988,69.87950134277344,13050200,0.0,0.0,KO
2025-07-03 00:00:00-04:00,70.0076102113457,70.36237910324517,69.4261804924193,70.31310272216797,9440500,0.0,0.0,KO
2025-07-07 00:00:00-04:00,70.33281913824031,70.33281913824031,69.77110295634141,69.9780502319336,16984700,0.0,0.0,KO
2025-07-08 00:00:00-04:00,69.65283872995008,69.65283872995008,68.86446177314531,69.21923065185547,17115500,0.0,0.0,KO
2025-07-09 00:00:00-04:00,69.14040169240519,69.22909015631363,67.96769299059243,68.47028350830078,33704100,0.0,0.0,KO
2025-07-10 00:00:00-04:00,68.28303759384904,68.8348969363325,68.15492953749244,68.75605773925781,14608400,0.0,0.0,KO
2025-07-11 00:00:00-04:00,68.55897101188518,69.1404007239369,68.24362172487206,68.8546142578125,12916700,0.0,0.0,KO
2025-07-14 00:00:00-04:00,68.78563240004807,69.06156208863126,68.26332832549261,68.4604263305664,13983200,0.0,0.0,KO
2025-07-15 00:00:00-04:00,68.499841879102,68.53926147778468,68.14507300947757,68.35202026367188,12639800,0.0,0.0,KO
2025-07-16 00:00:00-04:00,68.3421677545375,68.48998937920383,67.79030837553799,68.2633285522461,13178300,0.0,0.0,KO
2025-07-17 00:00:00-04:00,68.79548449408136,69.66270071507364,68.499848752078,69.56414794921875,20464700,0.0,0.0,KO
2025-07-18 00:00:00-04:00,69.41632960767303,69.67254573142631,68.8151938614858,68.83489990234375,14928000,0.0,0.0,KO
2025-07-21 00:00:00-04:00,69.16996320823776,69.59371451546089,68.9137395642489,69.05170440673828,17811700,0.0,0.0,KO
2025-07-22 00:00:00-04:00,68.44071214807785,69.2389459039536,67.69176229117227,68.64766693115234,22339900,0.0,0.0,KO
2025-07-23 00:00:00-04:00,68.64767150740877,68.72650319545606,67.60307081668631,68.15493774414062,21030000,0.0,0.0,KO
2025-07-24 00:00:00-04:00,68.25347306794109,68.53925951130115,67.98739266409713,68.09579467773438,12511400,0.0,0.0,KO
2025-07-25 00:00:00-04:00,68.12536768903092,68.22392045691508,67.75089273404109,68.16478729248047,12574800,0.0,0.0,KO
2025-07-28 00:00:00-04:00,67.74103451097986,67.89871292142024,67.0709163036491,67.10047912597656,13668800,0.0,0.0,KO
2025-07-29 00:00:00-04:00,67.34683996927251,68.41114658882428,67.15960627180081,68.3717269897461,16223400,0.0,0.0,KO
2025-07-30 00:00:00-04:00,68.10566155118867,68.32246561059728,67.53408857975155,67.75089263916016,10448200,0.0,0.0,KO
2025-07-31 00:00:00-04:00,67.15960497746651,67.652338678668,66.75555973359188,66.90338134765625,17193400,0.0,0.0,KO
2025-08-01 00:00:00-04:00,67.60306742742068,68.03667552328437,67.2778613555229,67.85929107666016,16107500,0.0,0.0,KO
2025-08-04 00:00:00-04:00,67.72132226096636,68.07609113341536,67.31727701014177,67.95783233642578,10701500,0.0,0.0,KO
2025-08-05 00:00:00-04:00,67.89871005333244,68.4801322506007,67.75088842941877,68.0465316772461,11993400,0.0,0.0,KO
2025-08-06 00:00:00-04:00,68.11550810547051,68.78562622552822,67.63262367527578,68.49983978271484,10783000,0.0,0.0,KO
2025-08-07 00:00:00-04:00,68.45057416866871,69.6922653695833,68.32246609561808,69.40647888183594,15790800,0.0,0.0,KO
2025-08-08 00:00:00-04:00,69.3374854695952,69.84007593866265,69.06155580611329,69.3177719116211,9232700,0.0,0.0,KO
2025-08-11 00:00:00-04:00,69.2783597037624,69.83021902969904,68.94329688550128,69.72181701660156,10909400,0.0,0.0,KO
2025-08-12 00:00:00-04:00,69.79080558711044,70.0273156735809,69.19952661167423,69.68240356445312,11061100,0.0,0.0,KO
2025-08-13 00:00:00-04:00,69.66269597636938,69.74152765776226,69.20938185465056,69.43603515625,10356500,0.0,0.0,KO
2025-08-14 00:00:00-04:00,69.35720081485476,69.43604002029032,68.38159008278123,68.53926849365234,10722400,0.0,0.0,KO
2025-08-15 00:00:00-04:00,68.72649282953806,69.36704812887675,68.55896517973979,68.90387725830078,12381100,0.0,0.0,KO
2025-08-18 00:00:00-04:00,68.9630196086551,69.03200203356498,68.04653452426938,68.1253662109375,14094900,0.0,0.0,KO
2025-08-19 00:00:00-04:00,68.29289991353782,69.19952819789006,68.23376675167466,69.11083221435547,13862200,0.0,0.0,KO
2025-08-20 00:00:00-04:00,69.71196598732539,70.66787062610618,69.38676743973072,69.67254638671875,17530800,0.0,0.0,KO
2025-08-21 00:00:00-04:00,69.5739997755638,69.87949979462438,69.30792687485418,69.63313293457031,8840400,0.0,0.0,KO
2025-08-22 00:00:00-04:00,69.92877203369336,69.98789767703626,68.90388494413509,69.11083221435547,12999600,0.0,0.0,KO
2025-08-25 00:00:00-04:00,69.09112802963632,69.20938683802069,67.72132878622944,67.92827606201172,13634600,0.0,0.0,KO
2025-08-26 00:00:00-04:00,68.03667843815792,68.0760980411544,67.5833642814793,67.73118591308594,17964200,0.0,0.0,KO
2025-08-27 00:00:00-04:00,67.8198703930519,67.8691467735301,67.47495828526468,67.82972717285156,11562700,0.0,0.0,KO
2025-08-28 00:00:00-04:00,67.87900170422968,67.89871526547552,67.2877226817065,67.36656188964844,16209900,0.0,0.0,KO
2025-08-29 00:00:00-04:00,67.67204696175304,68.13521785919872,67.43553688252202,67.98739624023438,14601100,0.0,0.0,KO
2025-09-02 00:00:00-04:00,67.95783598206798,68.33231091484431,67.26801175892203,68.05638122558594,24770100,0.0,0.0,KO
2025-09-03 00:00:00-04:00,67.66219770073666,68.09579825957357,66.39094380727508,67.98739624023438,33581500,0.0,0.0,KO
2025-09-04 00:00:00-04:00,68.10565846097646,68.45057057687627,67.12019097639397,67.2581558227539,16736000,0.0,0.0,KO
2025-09-05 00:00:00-04:00,67.02165034743324,67.58336655158995,66.88368549157165,66.97237396240234,23978000,0.0,0.0,KO
2025-09-08 00:00:00-04:00,66.87381688615991,66.89352292557537,66.1839927288274,66.45006561279297,21671700,0.0,0.0,KO
2025-09-09 00:00:00-04:00,66.3022445552802,67.1201842904523,66.3022445552802,66.87381744384766,14120600,0.0,0.0,KO
2025-09-10 00:00:00-04:00,66.80484117035142,67.1004769023495,66.23326822922692,66.83440399169922,16041900,0.0,0.0,KO
2025-09-11 00:00:00-04:00,66.9329495762758,67.17931644678788,66.59789424126909,66.63731384277344,15128700,0.0,0.0,KO
2025-09-12 00:00:00-04:00,66.61759310232233,66.73585189408877,65.96718854390542,66.03617095947266,18712400,0.0,0.0,KO
2025-09-15 00:00:00-04:00,66.21492253242528,66.31422354002852,65.63896608167268,65.74819946289062,15986100,0.51,0.0,KO
2025-09-16 00:00:00-04:00,65.88721799307102,66.04610565558093,65.59923978690733,65.77798461914062,18555900,0.0,0.0,KO
2025-09-17 00:00:00-04:00,65.94680743241825,66.66177921528677,65.94680743241825,66.5724105834961,17372300,0.0,0.0,KO
2025-09-18 00:00:00-04:00,66.33408483122071,66.57240875228796,65.88721895601613,65.99645233154297,17722900,0.0,0.0,KO
2025-09-19 00:00:00-04:00,66.02623862919148,66.26457011472462,65.58931272474169,65.96665954589844,31192900,0.0,0.0,KO
2025-09-22 00:00:00-04:00,65.69855274717962,66.12554632225547,65.61910891062452,65.74819946289062,13298700,0.0,0.0,KO
2025-09-23 00:00:00-04:00,65.88722313721227,66.29436712204614,65.44036480983097,66.24471282958984,15072800,0.0,0.0,KO
2025-09-24 00:00:00-04:00,65.94680452049731,66.31421898098806,65.49993865273242,65.98651885986328,14759300,0.0,0.0,KO
2025-09-25 00:00:00-04:00,66.28443197726769,66.45324444267168,65.49000878826624,65.51980590820312,14395000,0.0,0.0,KO
2025-09-26 00:00:00-04:00,65.60917141444838,65.86736007500325,65.0431473815039,65.21195983886719,17821600,0.0,0.0,KO
2025-09-29 00:00:00-04:00,65.21196180577135,65.6389629365686,64.89419405095812,65.57938385009766,14818500,0.0,0.0,KO
2025-09-30 00:00:00-04:00,65.60917320988517,66.17519725831927,65.49993983420659,65.85742950439453,13815000,0.0,0.0,KO
2025-10-01 00:00:00-04:00,66.04611076217434,66.3638785355828,65.82764399742202,66.31422424316406,14877500,0.0,0.0,KO
2025-10-02 00:00:00-04:00,66.06596291534362,66.18512866238848,65.40063787408324,65.63896179199219,14350700,0.0,0.0,KO
2025-10-03 00:00:00-04:00,65.63896039949117,66.52275217016083,65.57938131532308,66.18512725830078,12249200,0.0,0.0,KO
2025-10-06 00:00:00-04:00,66.02624099966201,66.0361733726276,65.38077312815206,65.63896179199219,14333300,0.0,0.0,KO
2025-10-07 00:00:00-04:00,65.75812605805034,66.79087311397086,65.41056877388972,66.32415008544922,13328300,0.0,0.0,KO
2025-10-08 00:00:00-04:00,66.20498804784562,66.40359763290064,65.59924207174456,65.65882873535156,12606700,0.0,0.0,KO
2025-10-09 00:00:00-04:00,65.82763777411702,66.33408271942011,65.65882531774287,65.9070816040039,12705200,0.0,0.0,KO
2025-10-10 00:00:00-04:00,66.0560332347687,66.92990026302088,65.91701031230697,66.5724105834961,17991700,0.0,0.0,KO
2025-10-13 00:00:00-04:00,65.76805952035286,66.3340835571289,65.53966040058889,66.3340835571289,13690000,0.0,0.0,KO
2025-10-14 00:00:00-04:00,66.40359566358465,67.09871025020986,66.2844299160857,67.03913116455078,14245600,0.0,0.0,KO
2025-10-15 00:00:00-04:00,66.80079883906086,67.2476647044907,66.45324155006921,66.61212921142578,11193700,0.0,0.0,KO
2025-10-16 00:00:00-04:00,66.71143203537027,67.63494575775452,66.6915748652482,67.11856842041016,15707200,0.0,0.0,KO
2025-10-17 00:00:00-04:00,67.52571297603451,68.02222557144653,67.32711096834208,67.962646484375,15541800,0.0,0.0,KO
2025-10-20 00:00:00-04:00,67.95271411113609,68.16124849206741,67.44626914248516,67.962646484375,17786800,0.0,0.0,KO
2025-10-21 00:00:00-04:00,70.07778348964236,70.89206379747803,69.74015858023319,70.72325134277344,33651300,0.0,0.0,KO
2025-10-22 00:00:00-04:00,70.86227556857779,71.12046422985016,70.01820570323501,70.31610870361328,18293000,0.0,0.0,KO
2025-10-23 00:00:00-04:00,70.31611368051625,70.4352794348104,69.233719823024,69.45218658447266,13989400,0.0,0.0,KO
2025-10-24 00:00:00-04:00,69.4223949850019,69.56141790613931,69.16420631309774,69.22378540039062,15688200,0.0,0.0,KO
2025-10-27 00:00:00-04:00,69.293296626926,69.63092913153434,68.76699448780037,69.57134246826172,13800000,0.0,0.0,KO
2025-10-28 00:00:00-04:00,69.5614209146597,70.40549085126584,69.46211232996849,69.670654296875,12730500,0.0,0.0,KO
2025-10-29 00:00:00-04:00,69.43231732459905,69.5415506982238,67.68459849896472,67.8732681274414,19789600,0.0,0.0,KO
2025-10-30 00:00:00-04:00,67.97256878321876,68.8067138524675,67.91298969833696,68.4988784790039,14751700,0.0,0.0,KO
2025-10-31 00:00:00-04:00,68.07187631032893,68.58824604910015,67.42640845472948,68.41943359375,16742700,0.0,0.0,KO
2025-11-03 00:00:00-05:00,68.32013866015963,68.40950729403845,67.18809050727384,67.49592590332031,15660400,0.0,0.0,KO
2025-11-04 00:00:00-05:00,67.99243698349116,68.25062565806472,67.68460159438723,68.18111419677734,12743800,0.0,0.0,KO
2025-11-05 00:00:00-05:00,68.18111319170669,68.34992565574737,67.70445776691898,68.03215789794922,12850100,0.0,0.0,KO
2025-11-06 00:00:00-05:00,67.8236220614044,68.65775956665289,67.44626764849417,68.57831573486328,15906700,0.0,0.0,KO
2025-11-07 00:00:00-05:00,69.32308589924251,70.37569774955632,68.92588188527753,70.05792999267578,25108300,0.0,0.0,KO
2025-11-10 00:00:00-05:00,69.52169221080935,70.167160067399,68.95566818374654,70.02812957763672,15318000,0.0,0.0,KO
2025-11-11 00:00:00-05:00,70.48493152388181,71.24955758887697,70.16716376520863,71.11053466796875,16160200,0.0,0.0,KO
2025-11-12 00:00:00-05:00,70.99136572312494,71.38857729763905,70.84241043565959,71.01123046875,13612600,0.0,0.0,KO
2025-11-13 00:00:00-05:00,70.92185998801403,71.17011629509292,70.504791210405,70.57430267333984,14002800,0.0,0.0,KO
2025-11-14 00:00:00-05:00,70.91192968869619,71.14032123082693,70.10757416436533,70.6636734008789,13172000,0.0,0.0,KO
2025-11-17 00:00:00-05:00,70.70338910324199,71.0310892277631,70.12744026229734,70.18701934814453,14772300,0.0,0.0,KO
2025-11-18 00:00:00-05:00,70.49485222815271,70.84240951024466,70.07778348964236,70.72325134277344,12838900,0.0,0.0,KO
2025-11-19 00:00:00-05:00,70.70338993108669,70.95164622659779,70.31611071618387,70.61402130126953,12401500,0.0,0.0,KO
2025-11-20 00:00:00-05:00,70.45513682015593,70.98144655442066,70.11751187956699,70.71332550048828,15396500,0.0,0.0,KO
2025-11-21 00:00:00-05:00,71.18004633250936,72.67951649938256,70.99136912094397,72.4411849975586,26492500,0.0,0.0,KO
2025-11-24 00:00:00-05:00,72.64972608592737,72.64972608592737,71.07081210401583,72.08369445800781,39818600,0.0,0.0,KO
2025-11-25 00:00:00-05:00,72.29223861642276,72.42132916682961,71.63683833855463,72.10356140136719,17451200,0.0,0.0,KO
2025-11-26 00:00:00-05:00,72.09362774118988,72.58020796608025,71.885093359094,72.37167358398438,11795100,0.0,0.0,KO
2025-11-28 00:00:00-05:00,72.49083486670732,72.71923398131365,72.25251095559938,72.61000061035156,7423000,0.0,0.0,KO
2025-12-01 00:00:00-05:00,72.5999984741211,72.91000366210938,71.93000030517578,71.94999694824219,14388100,0.51,0.0,KO
2025-12-02 00:00:00-05:00,71.80000305175781,71.80000305175781,70.43000030517578,70.66999816894531,19871300,0.0,0.0,KO
2025-12-03 00:00:00-05:00,70.87999725341797,71.4000015258789,70.61000061035156,70.80999755859375,17001700,0.0,0.0,KO
2025-12-04 00:00:00-05:00,70.83000183105469,71.33999633789062,70.37000274658203,70.44999694824219,17710000,0.0,0.0,KO
2025-12-05 00:00:00-05:00,70.31999969482422,70.70999908447266,69.87000274658203,70.0,13978200,0.0,0.0,KO
2025-12-08 00:00:00-05:00,69.83999633789062,70.37999725341797,69.48999786376953,70.25,17775100,0.0,0.0,KO
2025-12-09 00:00:00-05:00,70.37000274658203,70.62999725341797,69.83000183105469,70.08999633789062,13010600,0.0,0.0,KO
2025-12-10 00:00:00-05:00,70.38999938964844,70.52999877929688,69.77999877929688,70.20999908447266,29789400,0.0,0.0,KO
2025-12-11 00:00:00-05:00,70.55000305175781,70.69000244140625,68.79000091552734,69.11000061035156,23124200,0.0,0.0,KO
2025-12-12 00:00:00-05:00,69.11000061035156,70.62000274658203,69.04000091552734,70.5199966430664,18444500,0.0,0.0,KO
2025-12-15 00:00:00-05:00,70.43000030517578,71.31999969482422,70.31999969482422,70.97000122070312,18660100,0.0,0.0,KO
2025-12-16 00:00:00-05:00,71.30000305175781,71.30000305175781,70.31999969482422,70.37000274658203,17370000,0.0,0.0,KO
2025-12-17 00:00:00-05:00,70.56999969482422,70.91999816894531,70.30999755859375,70.66999816894531,13672700,0.0,0.0,KO
2025-12-18 00:00:00-05:00,70.2699966430664,70.80000305175781,70.16999816894531,70.36000061035156,15524800,0.0,0.0,KO
2025-12-19 00:00:00-05:00,70.05999755859375,70.7699966430664,70.02999877929688,70.05999755859375,36911100,0.0,0.0,KO
2025-12-22 00:00:00-05:00,69.93000030517578,70.22000122070312,69.66000366210938,70.20999908447266,12828500,0.0,0.0,KO
2025-12-23 00:00:00-05:00,70.19999694824219,70.26000213623047,69.69000244140625,69.87000274658203,9471000,0.0,0.0,KO
2025-12-24 00:00:00-05:00,69.9000015258789,70.16000366210938,69.75,70.11000061035156,4515300,0.0,0.0,KO
2025-12-26 00:00:00-05:00,69.94999694824219,70.16000366210938,69.7300033569336,69.87000274658203,5711400,0.0,0.0,KO
2025-12-29 00:00:00-05:00,70.0,70.41999816894531,69.8499984741211,70.16000366210938,9686900,0.0,0.0,KO
2025-12-30 00:00:00-05:00,70.0,70.23999786376953,69.80000305175781,70.06999969482422,8610900,0.0,0.0,KO
2025-12-31 00:00:00-05:00,70.06999969482422,70.16000366210938,69.87999725341797,69.91000366210938,8127800,0.0,0.0,KO
2026-01-02 00:00:00-05:00,69.8499984741211,69.87000274658203,68.9800033569336,69.12000274658203,12151300,0.0,0.0,KO
2026-01-05 00:00:00-05:00,68.91999816894531,68.91999816894531,67.91999816894531,67.94000244140625,21186600,0.0,0.0,KO
2026-01-06 00:00:00-05:00,68.01000213623047,68.25,67.58999633789062,67.83999633789062,21019900,0.0,0.0,KO
2026-01-07 00:00:00-05:00,67.98999786376953,68.06999969482422,67.2699966430664,67.54000091552734,20223400,0.0,0.0,KO
2026-01-08 00:00:00-05:00,67.54000091552734,69.45999908447266,67.44999694824219,69.37000274658203,19237000,0.0,0.0,KO
2026-01-09 00:00:00-05:00,69.43000030517578,70.66000366210938,69.12000274658203,70.51000213623047,19638600,0.0,0.0,KO
2026-01-12 00:00:00-05:00,70.9000015258789,70.97000122070312,70.23999786376953,70.5,20582500,0.0,0.0,KO
2026-01-13 00:00:00-05:00,70.41999816894531,71.23999786376953,70.2699966430664,71.23999786376953,18324800,0.0,0.0,KO
2026-01-14 00:00:00-05:00,71.16999816894531,71.70999908447266,70.80999755859375,71.44000244140625,16739100,0.0,0.0,KO
2026-01-15 00:00:00-05:00,71.58999633789062,71.5999984741211,70.37000274658203,70.4800033569336,15464100,0.0,0.0,KO
2026-01-16 00:00:00-05:00,70.29000091552734,70.73999786376953,70.04000091552734,70.44000244140625,20027500,0.0,0.0,KO
2026-01-20 00:00:00-05:00,70.0,71.77999877929688,69.79000091552734,71.75,22152200,0.0,0.0,KO
2026-01-21 00:00:00-05:00,71.9800033569336,72.23999786376953,70.83000183105469,72.01000213623047,21660600,0.0,0.0,KO
2026-01-22 00:00:00-05:00,71.83000183105469,72.04000091552734,71.44000244140625,71.87000274658203,13962800,0.0,0.0,KO
2026-01-23 00:00:00-05:00,72.0199966430664,73.05999755859375,71.77999877929688,72.87999725341797,18303600,0.0,0.0,KO
2025-01-24 00:00:00-05:00,441.9002090925553,443.37928850377745,438.16773293128523,440.8082580566406,15549500,0.0,0.0,MSFT
2025-01-27 00:00:00-05:00,420.9051049056437,432.01316613773105,420.3988297966623,431.3778381347656,35647800,0.0,0.0,MSFT
2025-01-28 00:00:00-05:00,431.4175234893937,445.0966142937209,428.2211016468738,443.9252624511719,23491700,0.0,0.0,MSFT
2025-01-29 00:00:00-05:00,443.41900040059096,443.60761150041753,437.17505205552743,439.0909118652344,23581400,0.0,0.0,MSFT
2025-01-30 00:00:00-05:00,415.7034295288443,419.7634757332681,410.1345248522129,411.95111083984375,54586300,0.0,0.0,MSFT
2025-01-31 00:00:00-05:00,415.911907348454,417.60937689111034,411.87170384291437,412.0205993652344,34161900,0.0,0.0,MSFT
2025-02-03 00:00:00-05:00,408.5859323997036,412.3680300232083,405.6674590737405,407.9109191894531,25679100,0.0,0.0,MSFT
2025-02-04 00:00:00-05:00,409.6679752687522,410.8889791877868,406.739565274027,409.3503112792969,20532100,0.0,0.0,MSFT
2025-02-05 00:00:00-05:00,409.33049175194867,410.7996347714461,407.3947588943965,410.26361083984375,16316700,0.0,0.0,MSFT
2025-02-06 00:00:00-05:00,410.9683447102107,415.1376009046221,410.9683447102107,412.7750244140625,16309800,0.0,0.0,MSFT
2025-02-07 00:00:00-05:00,413.4302096384315,415.58430218979566,405.1115698860282,406.7494812011719,22886800,0.0,0.0,MSFT
2025-02-10 00:00:00-05:00,410.6804954197058,412.41768060214906,407.91094771202364,409.201416015625,20817900,0.0,0.0,MSFT
2025-02-11 00:00:00-05:00,406.6402867338733,409.4693924071674,406.3027498403555,408.4270935058594,18140600,0.0,0.0,MSFT
2025-02-12 00:00:00-05:00,404.2280919312538,407.742177856358,401.40889219439293,406.0447082519531,19121700,0.0,0.0,MSFT
2025-02-13 00:00:00-05:00,404.0196057632089,407.99031441935836,403.38427783705555,407.53369140625,23891700,0.0,0.0,MSFT
2025-02-14 00:00:00-05:00,404.80385028408716,405.91564391864586,402.9078331667541,405.43914794921875,22758500,0.0,0.0,MSFT
2025-02-18 00:00:00-05:00,405.012314606688,407.593281493885,403.5232987441634,406.64031982421875,21423100,0.0,0.0,MSFT
2025-02-19 00:00:00-05:00,404.89319663470326,412.44745587382107,404.66486996411237,411.73272705078125,24114200,0.0,0.0,MSFT
2025-02-20 00:00:00-05:00,413.0755545581438,417.07410775463984,410.3402184035009,413.91107177734375,23508700,0.83,0.0,MSFT
2025-02-21 00:00:00-05:00,415.11458446579724,415.8207899827264,405.71499358869687,406.03326416015625,27524800,0.0,0.0,MSFT
2025-02-24 00:00:00-05:00,406.3316944915949,407.1870941067446,397.1906962904959,401.8457336425781,26443700,0.0,0.0,MSFT
2025-02-25 00:00:00-05:00,398.9612079589026,399.77684273234365,394.58467628789543,395.77825927734375,29387400,0.0,0.0,MSFT
2025-02-26 00:00:00-05:00,395.8877115559134,401.44790050472056,392.1477511905504,397.5985412597656,19619000,0.0,0.0,MSFT
2025-02-27 00:00:00-05:00,399.13027515598884,403.5764407452776,390.0788238664077,390.4368896484375,21127400,0.0,0.0,MSFT
2025-02-28 00:00:00-05:00,390.5662102627109,395.50970978817173,384.50868780557136,394.87310791015625,32845700,0.0,0.0,MSFT
2025-03-03 00:00:00-05:00,396.693360360252,396.693360360252,384.1008642400347,386.4184265136719,23007700,0.0,0.0,MSFT
2025-03-04 00:00:00-05:00,381.3555708063787,390.48661254503907,378.9683745181786,386.53778076171875,29342900,0.0,0.0,MSFT
2025-03-05 00:00:00-05:00,387.2639110911412,399.52818059067016,386.73673843465946,398.8816223144531,23433100,0.0,0.0,MSFT
2025-03-06 00:00:00-05:00,392.17758313531544,400.00561314926756,390.586108729763,394.773681640625,23304600,0.0,0.0,MSFT
2025-03-07 00:00:00-05:00,390.2280267594304,392.6947831487431,383.4841811851977,391.2127380371094,22034100,0.0,0.0,MSFT
2025-03-10 00:00:00-04:00,383.7825477685313,384.3395592028592,375.208517809933,378.1328430175781,32840100,0.0,0.0,MSFT
2025-03-11 00:00:00-04:00,376.9790758271751,383.941750050896,374.9002238801034,378.4213562011719,30380200,0.0,0.0,MSFT
2025-03-12 00:00:00-04:00,380.9080172396425,383.1659020465141,376.92934634163805,381.2262878417969,24253600,0.0,0.0,MSFT
2025-03-13 00:00:00-04:00,381.1168495701804,383.2653352756173,375.43730594967485,376.750244140625,20473000,0.0,0.0,MSFT
2025-03-14 00:00:00-04:00,377.7548866940246,388.1491759928466,377.48633735073093,386.4880676269531,19952800,0.0,0.0,MSFT
2025-03-17 00:00:00-04:00,384.6379840789578,390.61591588488574,383.5140048019888,386.6273193359375,22474300,0.0,0.0,MSFT
2025-03-18 00:00:00-04:00,385.0060336134189,385.3044217812384,379.06786623501773,381.4749450683594,19486900,0.0,0.0,MSFT
2025-03-19 00:00:00-04:00,383.47421674907764,387.6020814133235,381.9523764633006,385.75201416015625,19185500,0.0,0.0,MSFT
2025-03-20 00:00:00-04:00,383.68311164841384,389.70086948967395,381.2362375881449,384.7772521972656,18470500,0.0,0.0,MSFT
2025-03-21 00:00:00-04:00,381.1765391094654,389.65109658333733,380.7587653391681,389.1736755371094,39675900,0.0,0.0,MSFT
2025-03-24 00:00:00-04:00,393.29158399443577,393.29158399443577,387.73139545576913,390.98394775390625,21004500,0.0,0.0,MSFT
2025-03-25 00:00:00-04:00,391.8195087441688,394.2464699747621,390.54633531859656,393.0528869628906,15775000,0.0,0.0,MSFT
2025-03-26 00:00:00-04:00,392.89374127883343,393.2020858372719,386.49803525659746,387.89056396484375,16108400,0.0,0.0,MSFT
2025-03-27 00:00:00-04:00,388.04970169840396,390.1484359049866,385.33424804034394,388.4972839355469,13766800,0.0,0.0,MSFT
2025-03-28 00:00:00-04:00,386.01060482786494,387.05502406399853,374.920066699825,376.78009033203125,21632000,0.0,0.0,MSFT
2025-03-31 00:00:00-04:00,370.5534967757106,375.0593400396717,365.28173999012597,373.3883056640625,35184700,0.0,0.0,MSFT
2025-04-01 00:00:00-04:00,372.6522059403994,380.8084923075966,371.2397949635195,380.1520080566406,19689500,0.0,0.0,MSFT
2025-04-02 00:00:00-04:00,375.95454781806535,383.0266205201498,374.6117403662579,380.1023254394531,16092600,0.0,0.0,MSFT
2025-04-03 00:00:00-04:00,372.79148704012755,375.4671453752222,367.38049274092737,371.12042236328125,30198000,0.0,0.0,MSFT
2025-04-04 00:00:00-04:00,362.1883363320907,372.5925514540549,357.5631378295283,357.92120361328125,49209900,0.0,0.0,MSFT
2025-04-07 00:00:00-04:00,349.00902084094025,369.021730877009,342.9514979578054,355.9517822265625,50425000,0.0,0.0,MSFT
2025-04-08 00:00:00-04:00,366.2963320079612,371.65757505461033,348.38235725741856,352.66937255859375,35868900,0.0,0.0,MSFT
2025-04-09 00:00:00-04:00,351.65482301024804,391.13318598606264,351.2171667990214,388.40777587890625,50199700,0.0,0.0,MSFT
2025-04-10 00:00:00-04:00,380.02273387837465,381.85291877896515,365.838762955237,379.3165283203125,38024400,0.0,0.0,MSFT
2025-04-11 00:00:00-04:00,378.61031016462425,387.97010607095405,376.86964177115533,386.378662109375,23839200,0.0,0.0,MSFT
2025-04-14 00:00:00-04:00,391.1232211496066,392.54558862795363,382.1612557582716,385.7420654296875,19251200,0.0,0.0,MSFT
2025-04-15 00:00:00-04:00,386.43836227942796,389.80034400082167,382.1115516637576,383.6731872558594,17199900,0.0,0.0,MSFT
2025-04-16 00:00:00-04:00,378.6401657518634,379.5751254610235,366.0377126687907,369.6284484863281,21967800,0.0,0.0,MSFT
2025-04-17 00:00:00-04:00,371.75704543823275,372.3240133010547,364.9336397230584,365.8188781738281,21120200,0.0,0.0,MSFT
2025-04-21 00:00:00-04:00,360.88533011613976,362.5364820854384,353.7734623702264,357.2050476074219,20807300,0.0,0.0,MSFT
2025-04-22 00:00:00-04:00,361.44235434917846,365.80892977570767,357.94110461161955,364.864013671875,19485000,0.0,0.0,MSFT
2025-04-23 00:00:00-04:00,374.05472426245655,378.3616523034824,371.0309260243866,372.3936462402344,20545500,0.0,0.0,MSFT
2025-04-24 00:00:00-04:00,373.69665118177875,386.3786638188774,373.1893609627435,385.2347717285156,22232300,0.0,0.0,MSFT
2025-04-25 00:00:00-04:00,384.93638434344297,390.068873110604,382.54918803088736,389.7605285644531,18973200,0.0,0.0,MSFT
2025-04-28 00:00:00-04:00,389.8699407631016,390.64578035007287,384.5783317017626,389.07421875,16579400,0.0,0.0,MSFT
2025-04-29 00:00:00-04:00,389.21346312193106,392.9932186361511,388.29838582664536,391.9388732910156,14974000,0.0,0.0,MSFT
2025-04-30 00:00:00-04:00,388.21877036685504,394.54487238441686,382.39003252749313,393.15234375,36461100,0.0,0.0,MSFT
2025-05-01 00:00:00-04:00,428.81116623183453,434.65981700987567,422.6342884776108,423.1316223144531,58938100,0.0,0.0,MSFT
2025-05-02 00:00:00-04:00,429.4378217113229,437.09677511877317,427.6971532418887,432.9589538574219,30757400,0.0,0.0,MSFT
2025-05-05 00:00:00-04:00,430.5617862640975,437.15643772408293,429.80582912695047,433.8442077636719,20136100,0.0,0.0,MSFT
2025-05-06 00:00:00-04:00,429.8953841273505,435.39589519237757,428.8708776295015,430.99945068359375,15104200,0.0,0.0,MSFT
2025-05-07 00:00:00-04:00,431.5266230555768,435.7837995157977,428.8111693588705,431.03924560546875,23295300,0.0,0.0,MSFT
2025-05-08 00:00:00-04:00,435.5948162408885,441.30422944958144,433.3369315017373,435.83355712890625,23491300,0.0,0.0,MSFT
2025-05-09 00:00:00-04:00,437.6537503899646,438.38979471116045,433.55572467490674,436.3905334472656,15324200,0.0,0.0,MSFT
2025-05-12 00:00:00-04:00,443.5621064267163,446.9738092745622,437.43494989219903,446.8644104003906,22821900,0.0,0.0,MSFT
2025-05-13 00:00:00-04:00,445.392292323668,448.2668964878236,442.9851831830833,446.74505615234375,23618800,0.0,0.0,MSFT
2025-05-14 00:00:00-04:00,445.75038756339603,451.4796527444761,445.75038756339603,450.5247802734375,19902800,0.0,0.0,MSFT
2025-05-15 00:00:00-04:00,449.1894577663049,454.5904670438241,448.8506535548848,451.54119873046875,21992300,0.83,0.0,MSFT
2025-05-16 00:00:00-04:00,450.4649981824022,452.7668963665248,447.1566619661563,452.6772155761719,23849800,0.0,0.0,MSFT
2025-05-19 00:00:00-04:00,449.29907263869796,457.9785240250479,449.2193361148497,457.26104736328125,21336500,0.0,0.0,MSFT
2025-05-20 00:00:00-04:00,453.9925667897047,456.73292449884485,452.72703072274504,456.56353759765625,15441800,0.0,0.0,MSFT
2025-05-21 00:00:00-04:00,452.97614166677727,456.17487788050977,450.2258093649285,450.983154296875,19216900,0.0,0.0,MSFT
2025-05-22 00:00:00-04:00,453.3548479183862,458.63625267798704,452.30851122486644,453.26513671875,18025600,0.0,0.0,MSFT
2025-05-23 00:00:00-04:00,448.40228199038245,452.0992653985463,447.3360263474386,448.6015625,16883500,0.0,0.0,MSFT
2025-05-27 00:00:00-04:00,454.87944662996904,459.3337746022176,454.52069309116933,459.0746765136719,20974300,0.0,0.0,MSFT
2025-05-28 00:00:00-04:00,459.60285995745147,460.89828970025724,455.3278931492698,455.7563781738281,17086300,0.0,0.0,MSFT
2025-05-29 00:00:00-04:00,459.93167902845283,460.10109634693043,453.71356774793736,457.0717468261719,13974800,0.0,0.0,MSFT
2025-05-30 00:00:00-04:00,458.1080789456966,460.06119805700706,453.942742633105,458.7458190917969,34770500,0.0,0.0,MSFT
2025-06-02 00:00:00-04:00,455.53716828611505,460.48971303831235,455.2880448481698,460.3502197265625,16626500,0.0,0.0,MSFT
2025-06-03 00:00:00-04:00,459.85196958801225,462.5126212670428,459.24409259023946,461.3467102050781,15743800,0.0,0.0,MSFT
2025-06-04 00:00:00-04:00,462.3730793208357,464.05715611586317,461.3965045417047,462.2435302734375,14162700,0.0,0.0,MSFT
2025-06-05 00:00:00-04:00,463.3296970825432,468.00325491639626,462.4029652503908,466.0401611328125,20131700,0.0,0.0,MSFT
2025-06-06 00:00:00-04:00,468.4417212017894,471.6803257365932,467.1363168836836,468.730712890625,15285600,0.0,0.0,MSFT
2025-06-09 00:00:00-04:00,468.05311353771793,471.77001565920176,466.9768832876908,471.0924072265625,16469900,0.0,0.0,MSFT
2025-06-10 00:00:00-04:00,469.53787169847936,471.14221196784314,465.3226923748716,469.2688293457031,15375900,0.0,0.0,MSFT
2025-06-11 00:00:00-04:00,468.37197033665615,473.80287330978865,468.01324719222674,470.9628601074219,16399200,0.0,0.0,MSFT
2025-06-12 00:00:00-04:00,473.3544415367432,478.73553201697933,471.8597009390277,477.1909484863281,18950600,0.0,0.0,MSFT
2025-06-13 00:00:00-04:00,474.7395752703882,477.4998519181197,471.1023792861798,473.2946472167969,16814500,0.0,0.0,MSFT
2025-06-16 00:00:00-04:00,473.5437784887318,479.00457509504827,473.3345233196989,477.46002197265625,15626100,0.0,0.0,MSFT
2025-06-17 00:00:00-04:00,473.7331030955977,477.06138843382047,472.4177241014044,476.3638610839844,15414100,0.0,0.0,MSFT
2025-06-18 00:00:00-04:00,476.3239856832242,479.313466764918,472.7963894918646,478.5561218261719,17526500,0.0,0.0,MSFT
2025-06-20 00:00:00-04:00,480.53918652379775,481.76485435953526,475.1979642712812,475.7261047363281,37576200,0.0,0.0,MSFT
2025-06-23 00:00:00-04:00,476.53323466530253,486.0397928967888,470.8532389300749,484.2959289550781,24864000,0.0,0.0,MSFT
2025-06-24 00:00:00-04:00,487.23560408546166,490.1254297173699,485.0931183138473,488.3915100097656,22305600,0.0,0.0,MSFT
2025-06-25 00:00:00-04:00,490.314771223071,492.82592441237585,487.6740689863978,490.5439453125,17495100,0.0,0.0,MSFT
2025-06-26 00:00:00-04:00,491.2514824256969,496.29373818928514,491.08206511354325,495.705810546875,21578900,0.0,0.0,MSFT
2025-06-27 00:00:00-04:00,495.80545117387857,497.54931522943417,491.30131038962224,494.20111083984375,34539200,0.0,0.0,MSFT
2025-06-30 00:00:00-04:00,495.2972567719388,499.0042146991214,493.5932305818623,495.66595458984375,28369000,0.0,0.0,MSFT
2025-07-01 00:00:00-04:00,494.7292533047111,496.30370004913976,489.2585123483102,490.3247375488281,19945400,0.0,0.0,MSFT
2025-07-02 00:00:00-04:00,488.2719538404123,491.76965656989233,486.98649882219644,489.36810302734375,16319600,0.0,0.0,MSFT
2025-07-03 00:00:00-04:00,492.07857999859937,498.3764278450543,491.7098821739863,497.0909423828125,13984800,0.0,0.0,MSFT
2025-07-07 00:00:00-04:00,495.6360493014733,497.0012408266234,493.4935938943106,495.974853515625,13981600,0.0,0.0,MSFT
2025-07-08 00:00:00-04:00,495.4965138505155,496.4531696907806,492.3774837277821,494.8786926269531,11846600,0.0,0.0,MSFT
2025-07-09 00:00:00-04:00,498.54580110123976,505.003091421344,497.98776704512187,501.74456787109375,18659500,0.0,0.0,MSFT
2025-07-10 00:00:00-04:00,501.2861517097084,502.67129257213526,496.0047471787155,499.7216796875,16492100,0.0,0.0,MSFT
2025-07-11 00:00:00-04:00,496.72223609239006,503.25923259786794,496.054571905536,501.55523681640625,16459500,0.0,0.0,MSFT
2025-07-14 00:00:00-04:00,499.7615155353931,502.2029372942231,499.273243347857,501.2562561035156,12058800,0.0,0.0,MSFT
2025-07-15 00:00:00-04:00,501.2562471634966,506.51773265302506,501.027073076573,504.04644775390625,14927200,0.0,0.0,MSFT
2025-07-16 00:00:00-04:00,503.40867779230757,504.94328659833275,500.13023542973804,503.8471374511719,15154400,0.0,0.0,MSFT
2025-07-17 00:00:00-04:00,503.9069415603956,511.5699807689203,503.84715436950415,509.9058532714844,17503100,0.0,0.0,MSFT
2025-07-18 00:00:00-04:00,512.6760872301095,512.8355602906365,505.6508184267905,508.2616271972656,21209700,0.0,0.0,MSFT
2025-07-21 00:00:00-04:00,504.9333159392007,510.29448733980524,503.77737959397786,508.2715759277344,14066800,0.0,0.0,MSFT
2025-07-22 00:00:00-04:00,509.1784090675831,509.40761357627605,503.4983825683594,503.4983825683594,13868600,0.0,0.0,MSFT
2025-07-23 00:00:00-04:00,504.97320231513,505.01307057965715,498.9444273574923,504.0962829589844,16396600,0.0,0.0,MSFT
2025-07-24 00:00:00-04:00,506.98609704492156,511.86891017220256,505.5212500656798,509.0887145996094,16107000,0.0,0.0,MSFT
2025-07-25 00:00:00-04:00,510.67314061143924,516.4727417364818,508.57055332296227,511.9088439941406,19125700,0.0,0.0,MSFT
2025-07-28 00:00:00-04:00,512.2775105607909,513.1942677567645,508.3313735189307,510.7030334472656,14308000,0.0,0.0,MSFT
2025-07-29 00:00:00-04:00,513.7224399565682,515.8050777848653,509.7663282358281,510.7727966308594,16469200,0.0,0.0,MSFT
2025-07-30 00:00:00-04:00,513.3636552782116,514.1409495778635,507.6537656967309,511.4404296875,26380400,0.0,0.0,MSFT
2025-07-31 00:00:00-04:00,553.2831833968122,553.5024436401114,530.0350289229713,531.62939453125,51617300,0.0,0.0,MSFT
2025-08-01 00:00:00-04:00,533.1241706958108,533.9213535531813,519.0337340919326,522.2723388671875,28977600,0.0,0.0,MSFT
2025-08-04 00:00:00-04:00,526.4177481275262,536.3627358241171,526.2782244119826,533.7619018554688,25349000,0.0,0.0,MSFT
2025-08-05 00:00:00-04:00,535.2964641743647,535.41603854948,525.3913146279989,525.8995361328125,19171600,0.0,0.0,MSFT
2025-08-06 00:00:00-04:00,529.0385508551038,529.8357336828143,522.1926437275052,523.0994262695312,21355700,0.0,0.0,MSFT
2025-08-07 00:00:00-04:00,524.9529190734887,526.2384349946553,515.7353514691818,519.0138549804688,16079100,0.0,0.0,MSFT
2025-08-08 00:00:00-04:00,520.7676288144971,522.8204035830947,517.5888112007746,520.2095947265625,15531000,0.0,0.0,MSFT
2025-08-11 00:00:00-04:00,520.4686618064882,525.7401525514866,517.8976909591346,519.9405517578125,20194400,0.0,0.0,MSFT
2025-08-12 00:00:00-04:00,521.9135974657331,529.1182277589118,520.8672912006765,527.3843383789062,18667000,0.0,0.0,MSFT
2025-08-13 00:00:00-04:00,530.2443026581628,530.8322607629538,517.5489813455309,518.7547607421875,19619200,0.0,0.0,MSFT
2025-08-14 00:00:00-04:00,520.7277467800332,524.1058750288076,518.3162490497452,520.6480102539062,20269100,0.0,0.0,MSFT
2025-08-15 00:00:00-04:00,520.9370505811125,524.255330935539,517.2599862571353,518.3461303710938,25213300,0.0,0.0,MSFT
2025-08-18 00:00:00-04:00,519.7611730136332,520.9868407954262,512.2177084457264,515.286865234375,23760600,0.0,0.0,MSFT
2025-08-19 00:00:00-04:00,513.1942782099028,513.3536904476517,506.7668813962475,507.98260498046875,21481000,0.0,0.0,MSFT
2025-08-20 00:00:00-04:00,508.0822507382742,509.2082935133009,502.6712971096552,503.9468078613281,27723000,0.0,0.0,MSFT
2025-08-21 00:00:00-04:00,502.74904380636957,506.68168580920974,501.7808546744913,503.2980041503906,18443300,0.83,0.0,MSFT
2025-08-22 00:00:00-04:00,503.3079962424447,509.77590173606455,501.471437254012,506.2824401855469,24324200,0.0,0.0,MSFT
2025-08-25 00:00:00-04:00,505.6835608535286,507.2406441544574,503.1782400793436,503.3179931640625,21638600,0.0,0.0,MSFT
2025-08-26 00:00:00-04:00,503.4177851675948,504.0366525259624,497.5787379824689,501.1021423339844,30835700,0.0,0.0,MSFT
2025-08-27 00:00:00-04:00,501.06219963605827,506.34232576675964,498.96611661319633,505.7933349609375,17277900,0.0,0.0,MSFT
2025-08-28 00:00:00-04:00,506.1426727693108,510.1352001425548,504.5556467937143,508.68792724609375,18015600,0.0,0.0,MSFT
2025-08-29 00:00:00-04:00,507.7097597194238,508.64800611235046,503.5475364264987,505.7434387207031,20961600,0.0,0.0,MSFT
2025-09-02 00:00:00-04:00,499.53505401941584,505.0547219959289,495.88188775050133,504.1763610839844,18128000,0.0,0.0,MSFT
2025-09-03 00:00:00-04:00,502.8488615493355,506.8413890153064,501.3816064871684,504.40594482421875,16345100,0.0,0.0,MSFT
2025-09-04 00:00:00-04:00,503.3578996917829,507.20071355848035,502.2100541109688,507.02105712890625,15509500,0.0,0.0,MSFT
2025-09-05 00:00:00-04:00,508.11900990545524,511.0135863020471,491.4501951138555,494.0752868652344,31994800,0.0,0.0,MSFT
2025-09-08 00:00:00-04:00,497.1794589519428,500.26371328397477,494.10522614671714,497.2693176269531,16771000,0.0,0.0,MSFT
2025-09-09 00:00:00-04:00,500.4932596555404,501.3117351050236,496.77024724997165,497.4789123535156,14410500,0.0,0.0,MSFT
2025-09-10 00:00:00-04:00,502.04038173392,502.2899147028095,495.7920664455459,499.43524169921875,21611800,0.0,0.0,MSFT
2025-09-11 00:00:00-04:00,501.31173995388707,502.2300346920423,496.9499084839274,500.0740661621094,18881600,0.0,0.0,MSFT
2025-09-12 00:00:00-04:00,505.70352006176233,511.59249216822343,502.9087629314118,508.94744873046875,23624900,0.0,0.0,MSFT
2025-09-15 00:00:00-04:00,507.8395136770829,514.5069966795595,506.05284913244947,514.397216796875,17143800,0.0,0.0,MSFT
2025-09-16 00:00:00-04:00,515.9144004162443,516.2637221986186,507.64986983793983,508.08905029296875,19711900,0.0,0.0,MSFT
2025-09-17 00:00:00-04:00,509.6660849144807,510.33484666258875,504.9848440594251,509.06719970703125,15816600,0.0,0.0,MSFT
2025-09-18 00:00:00-04:00,510.5344514878828,512.1115168727503,506.71161989545686,507.5001525878906,18913700,0.0,0.0,MSFT
2025-09-19 00:00:00-04:00,509.6061757592278,518.3298380532008,509.35664280609984,516.96240234375,52474100,0.0,0.0,MSFT
2025-09-22 00:00:00-04:00,514.6268375894382,516.772784556969,511.5824866494396,513.4889526367188,20009300,0.0,0.0,MSFT
2025-09-23 00:00:00-04:00,512.8401566617626,513.6287198501773,506.3622903955001,508.2787170410156,19799600,0.0,0.0,MSFT
2025-09-24 00:00:00-04:00,509.4265417419943,511.5225942719762,505.9730140478167,509.19696044921875,13533700,0.0,0.0,MSFT
2025-09-25 00:00:00-04:00,507.3504106819217,509.0572380888419,504.09652154158834,506.0827941894531,15786500,0.0,0.0,MSFT
2025-09-26 00:00:00-04:00,509.1071380786861,512.9798945996346,505.67356201643696,510.5045166015625,16213100,0.0,0.0,MSFT
2025-09-29 00:00:00-04:00,510.5444265624633,515.8844074376258,507.9293260645142,513.6386108398438,17617800,0.0,0.0,MSFT
2025-09-30 00:00:00-04:00,512.2811987663596,517.1919905812645,508.70790002171145,516.982421875,19728200,0.0,0.0,MSFT
2025-10-01 00:00:00-04:00,513.8382741479315,519.5376290534263,510.7340986553811,518.7391357421875,22632300,0.0,0.0,MSFT
2025-10-02 00:00:00-04:00,516.6730253227585,520.625588764222,509.7260051791023,514.7765502929688,21222900,0.0,0.0,MSFT
2025-10-03 00:00:00-04:00,516.1339509263171,519.5176324904353,514.0378984273964,516.3834838867188,15112300,0.0,0.0,MSFT
2025-10-06 00:00:00-04:00,517.6411650074094,530.0380069481532,517.2319577376861,527.5825805664062,21388600,0.0,0.0,MSFT
2025-10-07 00:00:00-04:00,527.3030443984364,528.8102332144322,520.4658657072805,523.0010986328125,14615200,0.0,0.0,MSFT
2025-10-08 00:00:00-04:00,522.3024933531,525.9656203925812,522.1128458539913,523.8695068359375,13363400,0.0,0.0,MSFT
2025-10-09 00:00:00-04:00,521.3642478231245,523.3505205733983,516.4334737589328,521.4241333007812,18343600,0.0,0.0,MSFT
2025-10-10 00:00:00-04:00,518.6692706129455,522.6019127014883,508.6779606337136,510.0054626464844,24133800,0.0,0.0,MSFT
2025-10-13 00:00:00-04:00,515.4452371680482,515.4452371680482,510.7240930552238,513.0896606445312,14284200,0.0,0.0,MSFT
2025-10-14 00:00:00-04:00,509.2768388871209,514.3174231454748,505.05473007895694,512.610595703125,14684300,0.0,0.0,MSFT
2025-10-15 00:00:00-04:00,513.9979961583023,516.2238106749688,509.04724028199115,512.4708251953125,14694700,0.0,0.0,MSFT
2025-10-16 00:00:00-04:00,511.62245544117155,515.884437136842,507.1807563967364,510.65423583984375,15559600,0.0,0.0,MSFT
2025-10-17 00:00:00-04:00,508.0890780500653,514.5170195527368,506.3622988729776,512.62060546875,19867800,0.0,0.0,MSFT
2025-10-20 00:00:00-04:00,513.6486038577511,517.730989827423,512.4708156147512,515.8245239257812,14665600,0.0,0.0,MSFT
2025-10-21 00:00:00-04:00,516.533257830336,517.7210372272165,512.0815676283437,516.6929321289062,15586200,0.0,0.0,MSFT
2025-10-22 00:00:00-04:00,520.1764726871388,524.2488070435115,516.7428964573043,519.5675659179688,18962700,0.0,0.0,MSFT
2025-10-23 00:00:00-04:00,521.4839993377199,522.9712060783663,517.6411550810741,519.5875244140625,14023500,0.0,0.0,MSFT
2025-10-24 00:00:00-04:00,521.8133604589415,524.3685757173844,519.7372899447384,522.6318359375,15532400,0.0,0.0,MSFT
2025-10-27 00:00:00-04:00,530.7866236569336,533.5813808592218,528.0217787333662,530.527099609375,18734700,0.0,0.0,MSFT
2025-10-28 00:00:00-04:00,548.9725518014023,552.6855732732587,539.7598137450263,541.057373046875,29986700,0.0,0.0,MSFT
2025-10-29 00:00:00-04:00,543.9220119141725,545.2495444281135,535.7273269044096,540.538330078125,36023000,0.0,0.0,MSFT
2025-10-30 00:00:00-04:00,529.4889853080866,533.9705877450752,521.1446173319796,524.77783203125,41023100,0.0,0.0,MSFT
2025-10-31 00:00:00-04:00,527.8919782690999,528.3311587204174,514.137692119172,516.8426513671875,34006400,0.0,0.0,MSFT
2025-11-03 00:00:00-05:00,518.8389228578652,523.9793263365088,513.628703759196,516.0641479492188,22374700,0.0,0.0,MSFT
2025-11-04 00:00:00-05:00,510.80399534425794,514.5868933466259,506.8913048594995,513.3692016601562,20958700,0.0,0.0,MSFT
2025-11-05 00:00:00-05:00,512.3410686781482,513.8682396575209,505.6336213981725,506.2125549316406,23024300,0.0,0.0,MSFT
2025-11-06 00:00:00-05:00,504.7153625290288,504.75529633258907,494.88375756631746,496.1713562011719,27406500,0.0,0.0,MSFT
2025-11-07 00:00:00-05:00,496.02163823572937,498.4470913363115,492.32853818272196,495.8918762207031,24019800,0.0,0.0,MSFT
2025-11-10 00:00:00-05:00,499.10586069795033,505.9031361854127,497.8681564860657,505.0547180175781,26101500,0.0,0.0,MSFT
2025-11-11 00:00:00-05:00,503.85694933091565,508.64800052182136,501.411544557113,507.7297058105469,17980000,0.0,0.0,MSFT
2025-11-12 00:00:00-05:00,508.4084461357136,510.7141588310794,498.18758530403636,510.1851501464844,26574900,0.0,0.0,MSFT
2025-11-13 00:00:00-05:00,509.3566671737073,512.54071024479,500.3535287599438,502.34979248046875,25273100,0.0,0.0,MSFT
2025-11-14 00:00:00-05:00,497.2992409027003,510.644258818196,496.51070821491913,509.2268981933594,28505700,0.0,0.0,MSFT
2025-11-17 00:00:00-05:00,507.5001596757347,511.16328656765256,503.9667643395777,506.54193115234375,19092800,0.0,0.0,MSFT
2025-11-18 00:00:00-05:00,494.44458869198826,502.0403882023454,485.87063942574486,492.8675537109375,33815100,0.0,0.0,MSFT
2025-11-19 00:00:00-05:00,489.18443539234676,494.264922953439,481.9279972054541,486.2099914550781,23245300,0.0,0.0,MSFT
2025-11-20 00:00:00-05:00,492.7099914550781,493.57000732421875,475.5,478.42999267578125,26802500,0.91,0.0,MSFT
2025-11-21 00:00:00-05:00,478.5,478.9200134277344,468.2699890136719,472.1199951171875,31769200,0.0,0.0,MSFT
2025-11-24 00:00:00-05:00,475.0,476.8999938964844,468.0199890136719,474.0,34421000,0.0,0.0,MSFT
2025-11-25 00:00:00-05:00,474.07000732421875,479.1499938964844,464.8900146484375,476.989990234375,28019800,0.0,0.0,MSFT
2025-11-26 00:00:00-05:00,486.30999755859375,488.30999755859375,481.20001220703125,485.5,25709100,0.0,0.0,MSFT
2025-11-28 00:00:00-05:00,487.6000061035156,492.6300048828125,486.6499938964844,492.010009765625,14386700,0.0,0.0,MSFT
2025-12-01 00:00:00-05:00,488.44000244140625,489.8599853515625,484.6499938964844,486.739990234375,23964000,0.0,0.0,MSFT
2025-12-02 00:00:00-05:00,486.7200012207031,493.5,486.32000732421875,490.0,19562700,0.0,0.0,MSFT
2025-12-03 00:00:00-05:00,476.32000732421875,484.239990234375,475.20001220703125,477.7300109863281,34615100,0.0,0.0,MSFT
2025-12-04 00:00:00-05:00,479.760009765625,481.32000732421875,476.489990234375,480.8399963378906,22318200,0.0,0.0,MSFT
2025-12-05 00:00:00-05:00,482.5199890136719,483.3999938964844,478.8800048828125,483.1600036621094,22608700,0.0,0.0,MSFT
2025-12-08 00:00:00-05:00,484.8900146484375,492.29998779296875,484.3800048828125,491.0199890136719,21965900,0.0,0.0,MSFT
2025-12-09 00:00:00-05:00,489.1000061035156,492.1199951171875,488.5,492.0199890136719,14696100,0.0,0.0,MSFT
2025-12-10 00:00:00-05:00,484.0299987792969,484.25,475.0799865722656,478.55999755859375,35756200,0.0,0.0,MSFT
2025-12-11 00:00:00-05:00,476.6300048828125,486.0299987792969,475.8599853515625,483.4700012207031,24669200,0.0,0.0,MSFT
2025-12-12 00:00:00-05:00,479.82000732421875,482.45001220703125,476.3399963378906,478.5299987792969,21248100,0.0,0.0,MSFT
2025-12-15 00:00:00-05:00,480.1000061035156,480.7200012207031,472.5199890136719,474.82000732421875,23727700,0.0,0.0,MSFT
2025-12-16 00:00:00-05:00,471.9100036621094,477.8900146484375,470.8800048828125,476.3900146484375,20705600,0.0,0.0,MSFT
2025-12-17 00:00:00-05:00,476.9100036621094,480.0,475.0,476.1199951171875,24527200,0.0,0.0,MSFT
2025-12-18 00:00:00-05:00,478.19000244140625,489.6000061035156,477.8900146484375,483.9800109863281,28573500,0.0,0.0,MSFT
2025-12-19 00:00:00-05:00,487.3599853515625,487.8500061035156,482.489990234375,485.9200134277344,70836100,0.0,0.0,MSFT
2025-12-22 00:00:00-05:00,486.1199951171875,488.7300109863281,482.69000244140625,484.9200134277344,16963000,0.0,0.0,MSFT
2025-12-23 00:00:00-05:00,484.9800109863281,487.8299865722656,484.739990234375,486.8500061035156,14683600,0.0,0.0,MSFT
2025-12-24 00:00:00-05:00,485.67999267578125,489.1600036621094,484.8299865722656,488.0199890136719,5855900,0.0,0.0,MSFT
2025-12-26 00:00:00-05:00,486.7099914550781,488.1199951171875,485.9599914550781,487.7099914550781,8842200,0.0,0.0,MSFT
2025-12-29 00:00:00-05:00,484.8599853515625,488.3500061035156,484.17999267578125,487.1000061035156,10893400,0.0,0.0,MSFT
2025-12-30 00:00:00-05:00,485.92999267578125,489.67999267578125,485.5,487.4800109863281,13944500,0.0,0.0,MSFT
2025-12-31 00:00:00-05:00,487.8399963378906,488.1400146484375,483.29998779296875,483.6199951171875,15601600,0.0,0.0,MSFT
2026-01-02 00:00:00-05:00,484.3900146484375,484.6600036621094,470.1600036621094,472.94000244140625,25571600,0.0,0.0,MSFT
2026-01-05 00:00:00-05:00,474.05999755859375,476.07000732421875,469.5,472.8500061035156,25250300,0.0,0.0,MSFT
2026-01-06 00:00:00-05:00,473.79998779296875,478.739990234375,469.75,478.510009765625,23037700,0.0,0.0,MSFT
2026-01-07 00:00:00-05:00,479.760009765625,489.70001220703125,477.95001220703125,483.4700012207031,25564200,0.0,0.0,MSFT
2026-01-08 00:00:00-05:00,481.239990234375,482.6600036621094,475.8599853515625,478.1099853515625,18162600,0.0,0.0,MSFT
2026-01-09 00:00:00-05:00,474.05999755859375,479.82000732421875,472.20001220703125,479.2799987792969,18491000,0.0,0.0,MSFT
2026-01-12 00:00:00-05:00,476.6700134277344,480.989990234375,475.67999267578125,477.17999267578125,23519900,0.0,0.0,MSFT
2026-01-13 00:00:00-05:00,474.67999267578125,475.7799987792969,465.95001220703125,470.6700134277344,28545800,0.0,0.0,MSFT
2026-01-14 00:00:00-05:00,466.4599914550781,468.20001220703125,457.1700134277344,459.3800048828125,28184300,0.0,0.0,MSFT
2026-01-15 00:00:00-05:00,464.1199951171875,464.25,455.8999938964844,456.6600036621094,23225800,0.0,0.0,MSFT
2026-01-16 00:00:00-05:00,457.8299865722656,463.19000244140625,456.4800109863281,459.8599853515625,34246700,0.0,0.0,MSFT
2026-01-20 00:00:00-05:00,451.2200012207031,456.79998779296875,449.2799987792969,454.5199890136719,26130000,0.0,0.0,MSFT
2026-01-21 00:00:00-05:00,452.6000061035156,452.69000244140625,438.67999267578125,444.1099853515625,37980500,0.0,0.0,MSFT
2026-01-22 00:00:00-05:00,447.6199951171875,452.8399963378906,444.70001220703125,451.1400146484375,25349400,0.0,0.0,MSFT
2026-01-23 00:00:00-05:00,451.8699951171875,471.1000061035156,450.5299987792969,465.95001220703125,37962400,0.0,0.0,MSFT
2025-01-24 00:00:00-05:00,148.32942123311412,148.92926325643236,141.84120577881646,142.58099365234375,234657600,0.0,0.0,NVDA
2025-01-27 00:00:00-05:00,124.76587139934672,128.36487767970476,116.66808057296325,118.38761138916016,818830900,0.0,0.0,NVDA
2025-01-28 00:00:00-05:00,121.77668294561497,128.96471894622445,116.21820602712087,128.95472717285156,579666400,0.0,0.0,NVDA
2025-01-29 00:00:00-05:00,126.46541333864903,126.8553060976507,120.01717989918284,123.66617584228516,467120600,0.0,0.0,NVDA
2025-01-30 00:00:00-05:00,123.06634175444341,124.96582380169083,118.06770880237578,124.61592102050781,392925500,0.0,0.0,NVDA
2025-01-31 00:00:00-05:00,123.74615511454752,127.81504199868698,119.15741376372098,120.03717041015625,388161100,0.0,0.0,NVDA
2025-02-03 00:00:00-05:00,114.71862375628316,118.53757894355685,112.97910166242248,116.62810516357422,371235700,0.0,0.0,NVDA
2025-02-04 00:00:00-05:00,116.92801344303115,121.16685177317855,116.66808241089754,118.6175537109375,256550000,0.0,0.0,NVDA
2025-02-05 00:00:00-05:00,121.72670769553925,124.96581960402936,120.72698113870702,124.79586791992188,262230800,0.0,0.0,NVDA
2025-02-06 00:00:00-05:00,127.38515593926263,128.7347928917548,125.17576116570511,128.64480590820312,251483600,0.0,0.0,NVDA
2025-02-07 00:00:00-05:00,129.18464838201572,130.3343276557766,124.96580169637689,129.80447387695312,228186300,0.0,0.0,NVDA
2025-02-10 00:00:00-05:00,130.05443339276326,134.9630947980064,129.92447930424598,133.5334930419922,216989100,0.0,0.0,NVDA
2025-02-11 00:00:00-05:00,132.54376130884148,134.4432358451655,130.9841901729766,132.76370239257812,178902400,0.0,0.0,NVDA
2025-02-12 00:00:00-05:00,129.9844674915493,132.20386194641324,129.0447219695379,131.10415649414062,160278600,0.0,0.0,NVDA
2025-02-13 00:00:00-05:00,131.52401516963508,136.46266649297655,131.13412244698262,135.25299072265625,197430000,0.0,0.0,NVDA
2025-02-14 00:00:00-05:00,136.44266486168982,139.21191146517995,135.46293718873886,138.81202697753906,195479600,0.0,0.0,NVDA
2025-02-18 00:00:00-05:00,141.23137649622348,143.40078131766987,137.89227816645598,139.36187744140625,219176600,0.0,0.0,NVDA
2025-02-19 00:00:00-05:00,139.47184726600554,141.32134750878612,137.18248014952957,139.19192504882812,167536000,0.0,0.0,NVDA
2025-02-20 00:00:00-05:00,139.991705837455,140.62153843760984,136.7525863640224,140.07168579101562,143903600,0.0,0.0,NVDA
2025-02-21 00:00:00-05:00,140.0017008694862,141.42132600995674,133.99334973043614,134.3932342529297,228217600,0.0,0.0,NVDA
2025-02-24 00:00:00-05:00,136.52266681200447,138.55211066034528,130.04444248958205,130.244384765625,251381100,0.0,0.0,NVDA
2025-02-25 00:00:00-05:00,129.94445760453814,130.16439867421266,124.40597902043103,126.59537506103516,271428700,0.0,0.0,NVDA
2025-02-26 00:00:00-05:00,129.95446947322534,133.69343728770713,128.4548795357506,131.24411010742188,322553800,0.0,0.0,NVDA
2025-02-27 00:00:00-05:00,134.96308744670299,134.9730792207777,119.97718824289691,120.11714935302734,443175800,0.0,0.0,NVDA
2025-02-28 00:00:00-05:00,117.98772650698133,125.05579305607802,116.36817434407594,124.8858413696289,389091100,0.0,0.0,NVDA
2025-03-03 00:00:00-05:00,123.47622912906817,123.66617198823369,112.2492965435478,114.02880859375,411381400,0.0,0.0,NVDA
2025-03-04 00:00:00-05:00,110.6197462594264,119.27737437091366,110.07989299750376,115.95828247070312,398163300,0.0,0.0,NVDA
2025-03-05 00:00:00-05:00,117.54784364725772,118.24764914601728,114.4786835987416,117.2679214477539,284337900,0.0,0.0,NVDA
2025-03-06 00:00:00-05:00,113.49895407905146,115.31845609620828,110.18986163701831,110.53976440429688,321181900,0.0,0.0,NVDA
2025-03-07 00:00:00-05:00,111.21957864470976,113.44897220636766,107.5305852358904,112.65918731689453,341755500,0.0,0.0,NVDA
2025-03-10 00:00:00-04:00,109.86995202425706,111.81941579292103,105.43116359430405,106.95075225830078,366487400,0.0,0.0,NVDA
2025-03-11 00:00:00-04:00,106.96074247458567,112.20930691241836,104.74134829193281,108.73026275634766,354865700,0.0,0.0,NVDA
2025-03-12 00:00:00-04:00,114.09930053195751,116.73882100614277,112.85951998498375,115.71900177001953,323857500,0.01,0.0,NVDA
2025-03-13 00:00:00-04:00,117.00876245655117,117.73863334670654,113.76935252443205,115.55902862548828,299033100,0.0,0.0,NVDA
2025-03-14 00:00:00-04:00,118.58847644066721,121.85787967708788,118.12856083227834,121.64791870117188,277593500,0.0,0.0,NVDA
2025-03-17 00:00:00-04:00,122.71772499646224,122.86769930249316,118.00858060635532,119.50830841064453,255501500,0.0,0.0,NVDA
2025-03-18 00:00:00-04:00,117.97858323274161,118.99839474842913,114.51921213127834,115.40904998779297,299686900,0.0,0.0,NVDA
2025-03-19 00:00:00-04:00,117.24871784817985,120.42814113812437,115.65901001721268,117.49867248535156,273426200,0.0,0.0,NVDA
2025-03-20 00:00:00-04:00,116.5288475567653,120.17817892707569,116.44886024718888,118.50848388671875,248829700,0.0,0.0,NVDA
2025-03-21 00:00:00-04:00,116.91877807414131,117.96858292451893,115.39904967929496,117.67863464355469,266498500,0.0,0.0,NVDA
2025-03-24 00:00:00-04:00,119.85824123014483,122.19782052957932,119.31833831489072,121.38796997070312,228452500,0.0,0.0,NVDA
2025-03-25 00:00:00-04:00,120.52812446850508,121.26798803028822,118.89841541478116,120.66809844970703,167447200,0.0,0.0,NVDA
2025-03-26 00:00:00-04:00,118.70845626054094,118.81842927999459,112.68954449720724,113.7393569946289,293463300,0.0,0.0,NVDA
2025-03-27 00:00:00-04:00,111.32979509417153,114.42923110356094,110.63992547504299,111.40978240966797,236902100,0.0,0.0,NVDA
2025-03-28 00:00:00-04:00,111.46977019973694,112.84952470784617,109.05021109179135,109.65010070800781,229872500,0.0,0.0,NVDA
2025-03-31 00:00:00-04:00,105.11091847763528,110.93986229194257,103.63119133667838,108.3603286743164,299212700,0.0,0.0,NVDA
2025-04-01 00:00:00-04:00,108.50029591126088,110.17999122900144,106.45067264528599,110.1300048828125,222614000,0.0,0.0,NVDA
2025-04-02 00:00:00-04:00,107.2705266243207,111.95967777974947,106.77061737970816,110.39995574951172,220601200,0.0,0.0,NVDA
2025-04-03 00:00:00-04:00,103.49121334940355,105.61082365222038,101.58155638472346,101.78152465820312,338769400,0.0,0.0,NVDA
2025-04-04 00:00:00-04:00,98.89205625014841,100.11182847125419,92.09328707213024,94.29288482666016,532273800,0.0,0.0,NVDA
2025-04-07 00:00:00-04:00,87.444123819458,101.73153089146867,86.60427995314998,97.62227630615234,611041300,0.0,0.0,NVDA
2025-04-08 00:00:00-04:00,103.79115551332612,105.83078615825814,94.44285411172834,96.28252410888672,476243400,0.0,0.0,NVDA
2025-04-09 00:00:00-04:00,98.87204993981901,115.07910675948129,97.51229618216108,114.30924987792969,612918300,0.0,0.0,NVDA
2025-04-10 00:00:00-04:00,109.35015243101728,110.83987986480561,99.13200610877084,107.55047607421875,437812400,0.0,0.0,NVDA
2025-04-11 00:00:00-04:00,108.4803070767672,111.52975654810143,107.46049556472005,110.90986633300781,313417300,0.0,0.0,NVDA
2025-04-14 00:00:00-04:00,114.08928762467488,114.26925525660798,109.05020155855789,110.68990325927734,264705000,0.0,0.0,NVDA
2025-04-15 00:00:00-04:00,110.94986159507806,113.59938217981927,110.4799456735416,112.17963409423828,228966900,0.0,0.0,NVDA
2025-04-16 00:00:00-04:00,104.53103311878802,106.77062454919468,100.4317709352981,104.47103881835938,397016900,0.0,0.0,NVDA
2025-04-17 00:00:00-04:00,104.43103458781992,104.45103522860795,100.0318394876262,101.47157287597656,292517500,0.0,0.0,NVDA
2025-04-21 00:00:00-04:00,98.75207336541831,99.42195758129023,95.02275450080649,96.89241790771484,288501100,0.0,0.0,NVDA
2025-04-22 00:00:00-04:00,98.76206678289148,99.7918785816798,97.26233908492571,98.8720474243164,241004800,0.0,0.0,NVDA
2025-04-23 00:00:00-04:00,104.5010295750129,104.78098517141211,102.00148324580945,102.69136047363281,247526000,0.0,0.0,NVDA
2025-04-24 00:00:00-04:00,103.46122117055545,106.52066332286202,103.09128558149489,106.41068267822266,220815000,0.0,0.0,NVDA
2025-04-25 00:00:00-04:00,106.83061166162848,111.89969145813895,105.71081975581805,110.98986053466797,251064700,0.0,0.0,NVDA
2025-04-28 00:00:00-04:00,109.67009863041305,110.34997554606154,106.00075877336346,108.71027374267578,207708500,0.0,0.0,NVDA
2025-04-29 00:00:00-04:00,107.65046012276234,110.1799998026459,107.42050613077843,109.00021362304688,170444300,0.0,0.0,NVDA
2025-04-30 00:00:00-04:00,104.45104108413872,108.90023040771484,104.06111247501677,108.90023040771484,235044600,0.0,0.0,NVDA
2025-05-01 00:00:00-04:00,113.05947899879722,114.9191420385801,111.27980327057723,111.5897445678711,236121500,0.0,0.0,NVDA
2025-05-02 00:00:00-04:00,114.15928352450368,115.37906338859757,113.34943293159324,114.4792251586914,190194800,0.0,0.0,NVDA
2025-05-05 00:00:00-04:00,112.88951601094917,114.64919116473993,112.63956137373921,113.79934692382812,133163200,0.0,0.0,NVDA
2025-05-06 00:00:00-04:00,111.45977773347964,114.71918078517231,110.79989381468877,113.51940155029297,158525600,0.0,0.0,NVDA
2025-05-07 00:00:00-04:00,113.02949042053457,117.65864757290291,112.25962586336117,117.03875732421875,206758800,0.0,0.0,NVDA
2025-05-08 00:00:00-04:00,118.22854670795566,118.658469001105,115.82898059800607,117.34870910644531,198428100,0.0,0.0,NVDA
2025-05-09 00:00:00-04:00,117.32869985728382,118.20854502226882,115.18908887008638,116.62882995605469,132972200,0.0,0.0,NVDA
2025-05-12 00:00:00-04:00,121.94787211512306,122.9776840209961,120.25817629208265,122.9776840209961,225023300,0.0,0.0,NVDA
2025-05-13 00:00:00-04:00,124.95732666651305,131.19619232916256,124.44741706637032,129.9064178466797,330430100,0.0,0.0,NVDA
2025-05-14 00:00:00-04:00,133.17581874633882,135.4154176381041,131.65609038206884,135.3154296875,281180800,0.0,0.0,NVDA
2025-05-15 00:00:00-04:00,134.2656162138544,136.2752611112406,132.6359224746836,134.80552673339844,226632600,0.0,0.0,NVDA
2025-05-16 00:00:00-04:00,136.19528579014883,136.32526708518697,133.43579205010155,135.37542724609375,226542500,0.0,0.0,NVDA
2025-05-19 00:00:00-04:00,132.36596428610483,135.84532822832756,132.36596428610483,135.54539489746094,193154600,0.0,0.0,NVDA
2025-05-20 00:00:00-04:00,134.26561082544316,134.55556671475182,132.59591587093482,134.35560607910156,161514200,0.0,0.0,NVDA
2025-05-21 00:00:00-04:00,133.0358430493297,137.3750515435132,130.56629021032253,131.7760772705078,270608700,0.0,0.0,NVDA
2025-05-22 00:00:00-04:00,132.20599574301846,134.22563338103308,131.52612648714359,132.80589294433594,187344000,0.0,0.0,NVDA
2025-05-23 00:00:00-04:00,129.97641506418768,132.65592152877483,129.13657112060253,131.26617431640625,198821300,0.0,0.0,NVDA
2025-05-27 00:00:00-04:00,134.1256417936587,135.63537744884945,133.2857979393918,135.47540283203125,192953600,0.0,0.0,NVDA
2025-05-28 00:00:00-04:00,136.00531758419635,137.22509744866613,134.76553707682788,134.78553771972656,304021100,0.0,0.0,NVDA
2025-05-29 00:00:00-04:00,142.22419152756274,143.46397204605128,137.88498259688382,139.1647491455078,369241900,0.0,0.0,NVDA
2025-05-30 00:00:00-04:00,138.6948289010735,139.59465948344436,132.8958783257386,135.10548400878906,333170900,0.0,0.0,NVDA
2025-06-02 00:00:00-04:00,135.46541564458173,138.09492795630163,135.37542038395227,137.35507202148438,197663100,0.0,0.0,NVDA
2025-06-03 00:00:00-04:00,138.75480693174418,141.97422364617418,137.9249557656252,141.19436645507812,225578800,0.0,0.0,NVDA
2025-06-04 00:00:00-04:00,142.1641966028205,142.36415725393297,139.5146683935161,141.8942413330078,167120800,0.0,0.0,NVDA
2025-06-05 00:00:00-04:00,142.14419665233672,143.97386636815438,138.80480646885346,139.964599609375,231397900,0.0,0.0,NVDA
2025-06-06 00:00:00-04:00,142.4841247816278,143.24399658328852,141.4843063108272,141.69427490234375,153986200,0.0,0.0,NVDA
2025-06-09 00:00:00-04:00,143.16402192873528,144.97369107987248,141.91424872977086,142.6041259765625,185114500,0.0,0.0,NVDA
2025-06-10 00:00:00-04:00,142.66410985007164,144.26381035974757,141.50431668274294,143.9338836669922,155881900,0.0,0.0,NVDA
2025-06-11 00:00:00-04:00,144.59379466225064,144.97375695921582,141.85409623212945,142.81399536132812,167694000,0.01,0.0,NVDA
2025-06-12 00:00:00-04:00,141.9540901919345,144.98374938964844,141.83410852298076,144.98374938964844,162365000,0.0,0.0,NVDA
2025-06-13 00:00:00-04:00,142.4640236398758,143.5639064320885,140.83421673860605,141.95408630371094,180820600,0.0,0.0,NVDA
2025-06-16 00:00:00-04:00,143.33393622751285,146.16360555156524,143.18394388862185,144.6737823486328,183133700,0.0,0.0,NVDA
2025-06-17 00:00:00-04:00,144.4738049491523,145.20371882793046,143.7638778428329,144.1038360595703,139108000,0.0,0.0,NVDA
2025-06-18 00:00:00-04:00,143.9938476821936,145.63366319028128,143.10394808189747,145.46368408203125,161494100,0.0,0.0,NVDA
2025-06-20 00:00:00-04:00,145.43368901636921,146.1836049259659,142.63399990245927,143.83387756347656,242956200,0.0,0.0,NVDA
2025-06-23 00:00:00-04:00,142.48402812138661,144.76377135076248,142.01407957999888,144.15383911132812,154308900,0.0,0.0,NVDA
2025-06-24 00:00:00-04:00,145.54367367470394,147.94341367999496,145.4836828445603,147.88340759277344,187566100,0.0,0.0,NVDA
2025-06-25 00:00:00-04:00,149.25328072295656,154.43269305532343,149.24327207878133,154.29270935058594,269146500,0.0,0.0,NVDA
2025-06-26 00:00:00-04:00,155.9625083392563,156.70243086817015,153.98273459501658,155.00262451171875,198145700,0.0,0.0,NVDA
2025-06-27 00:00:00-04:00,156.02250005395288,158.69221415352254,155.24258871826237,157.73231506347656,263234500,0.0,0.0,NVDA
2025-06-30 00:00:00-04:00,158.38224776867892,158.6422284044636,155.94253394670602,157.97230529785156,194580300,0.0,0.0,NVDA
2025-07-01 00:00:00-04:00,156.27249233706732,157.18239409932116,151.47304203431221,153.2828369140625,213143600,0.0,0.0,NVDA
2025-07-02 00:00:00-04:00,152.962850389823,157.58234297497486,152.95285700312823,157.2323760986328,171224100,0.0,0.0,NVDA
2025-07-03 00:00:00-04:00,158.35225101493015,160.96195919540767,157.7523273944205,159.3221435546875,143716100,0.0,0.0,NVDA
2025-07-07 00:00:00-04:00,158.18227071828886,159.29214695363126,157.3223664705724,158.22227478027344,140139000,0.0,0.0,NVDA
2025-07-08 00:00:00-04:00,159.31214783171163,160.20204749093682,158.3722507239072,159.98207092285156,138133000,0.0,0.0,NVDA
2025-07-09 00:00:00-04:00,161.20193770023792,164.40157611225678,161.14194686393122,162.86175537109375,183656400,0.0,0.0,NVDA
2025-07-10 00:00:00-04:00,164.30159583301895,164.48156834124046,161.5918927660757,164.0816192626953,167704100,0.0,0.0,NVDA
2025-07-11 00:00:00-04:00,163.70165728031435,167.87118822352508,163.4516852914618,164.90151977539062,193633300,0.0,0.0,NVDA
2025-07-14 00:00:00-04:00,165.35146259057728,165.4714595173457,162.00184716942397,164.05162048339844,136975800,0.0,0.0,NVDA
2025-07-15 00:00:00-04:00,171.17081299302788,172.38066881478494,169.18103056842588,170.6808624267578,230627400,0.0,0.0,NVDA
2025-07-16 00:00:00-04:00,171.04083672550954,171.73076187811773,168.88107501049606,171.35079956054688,158831500,0.0,0.0,NVDA
2025-07-17 00:00:00-04:00,172.00073538495315,174.1404950617398,170.81086624213197,172.98062133789062,160841100,0.0,0.0,NVDA
2025-07-18 00:00:00-04:00,173.62054394819432,174.23047621121117,171.24080573231237,172.39068603515625,146456400,0.0,0.0,NVDA
2025-07-21 00:00:00-04:00,172.73065099594356,173.36058531454748,170.9808470061149,171.36080932617188,123126100,0.0,0.0,NVDA
2025-07-22 00:00:00-04:00,171.32080634495316,171.37080379639445,164.5615689540832,167.01129150390625,193114300,0.0,0.0,NVDA
2025-07-23 00:00:00-04:00,169.511004310231,171.24080620570157,167.95118153678195,170.7608642578125,154082200,0.0,0.0,NVDA
2025-07-24 00:00:00-04:00,172.42067791171223,173.81052153075,171.28080627636527,173.7205352783203,128984600,0.0,0.0,NVDA
2025-07-25 00:00:00-04:00,173.59054858813744,174.70042482917586,172.9406275198062,173.48056030273438,122316800,0.0,0.0,NVDA
2025-07-28 00:00:00-04:00,174.00050427681666,176.98016607778243,173.9505068282037,176.73019409179688,140023500,0.0,0.0,NVDA
2025-07-29 00:00:00-04:00,177.94006357342778,179.35990260986108,175.00039060425894,175.49032592773438,154077500,0.0,0.0,NVDA
2025-07-30 00:00:00-04:00,176.49022309733303,179.869849375745,176.0202745228646,179.2499237060547,174312200,0.0,0.0,NVDA
2025-07-31 00:00:00-04:00,182.87950237318685,183.2794667127293,175.9102820488597,177.85006713867188,221685400,0.0,0.0,NVDA
2025-08-01 00:00:00-04:00,174.07048465468185,176.52020701181988,170.8708463561498,173.70053100585938,204529000,0.0,0.0,NVDA
2025-08-04 00:00:00-04:00,175.14037394842856,180.17980241597786,174.500446281802,179.97982788085938,148174600,0.0,0.0,NVDA
2025-08-05 00:00:00-04:00,179.59986897635343,180.23979665506658,175.8802845759961,178.24002075195312,156407600,0.0,0.0,NVDA
2025-08-06 00:00:00-04:00,176.31023710297544,179.87982901005608,176.23024423927978,179.39988708496094,137192300,0.0,0.0,NVDA
2025-08-07 00:00:00-04:00,181.54965397485878,183.85939259097617,178.77996020998395,180.74974060058594,151878400,0.0,0.0,NVDA
2025-08-08 00:00:00-04:00,181.52965464990967,183.27945850723472,180.3797743894202,182.6795196533203,123396700,0.0,0.0,NVDA
2025-08-11 00:00:00-04:00,182.02960317073044,183.8193958765311,180.22980182096376,182.0395965576172,138323200,0.0,0.0,NVDA
2025-08-12 00:00:00-04:00,182.9395060522284,184.4593247511904,179.43989822709233,183.1394805908203,145485700,0.0,0.0,NVDA
2025-08-13 00:00:00-04:00,182.59952443546638,183.9493792108361,179.32990196930365,181.56964111328125,179871700,0.0,0.0,NVDA
2025-08-14 00:00:00-04:00,179.7298534235828,182.99949119039164,179.43989264021437,181.99960327148438,129554000,0.0,0.0,NVDA
2025-08-15 00:00:00-04:00,181.85962676701382,181.87961354108583,178.02004541114613,180.42977905273438,156602200,0.0,0.0,NVDA
2025-08-18 00:00:00-04:00,180.57976314427117,182.91949719839158,180.56975450061333,181.98959350585938,132008000,0.0,0.0,NVDA
2025-08-19 00:00:00-04:00,182.4095478886331,182.47954736718557,175.47033846497254,175.6203155517578,185229200,0.0,0.0,NVDA
2025-08-20 00:00:00-04:00,175.1503706193276,175.9802794498554,168.7810892510499,175.38034057617188,215142700,0.0,0.0,NVDA
2025-08-21 00:00:00-04:00,174.83041312567687,176.88017120538285,173.79052111986658,174.96038818359375,140040900,0.0,0.0,NVDA
2025-08-22 00:00:00-04:00,172.59066018618677,178.56998587344157,171.18081451068767,177.97006225585938,172789400,0.0,0.0,NVDA
2025-08-25 00:00:00-04:00,178.33002804439553,181.88962682620624,176.5502286534902,179.78985595703125,163012800,0.0,0.0,NVDA
2025-08-26 00:00:00-04:00,180.0398187111229,182.36955942503778,178.78995879531527,181.7496337890625,168688200,0.0,0.0,NVDA
2025-08-27 00:00:00-04:00,181.95959791056248,182.46955051009175,179.07993109949993,181.57965087890625,235518900,0.0,0.0,NVDA
2025-08-28 00:00:00-04:00,180.79974711518173,184.44933204343067,176.39023757757423,180.14981079101562,281787800,0.0,0.0,NVDA
2025-08-29 00:00:00-04:00,178.09004428153852,178.130033086625,173.13059331145078,174.1604766845703,243257900,0.0,0.0,NVDA
2025-09-02 00:00:00-04:00,169.980952871088,172.36069109354864,167.20126556823303,170.7608642578125,231164900,0.0,0.0,NVDA
2025-09-03 00:00:00-04:00,171.0408442884315,172.3906992342715,168.86109570238054,170.60089111328125,164424900,0.0,0.0,NVDA
2025-09-04 00:00:00-04:00,170.55090333056648,171.8407521362954,169.39102958990665,171.64077758789062,141670100,0.0,0.0,NVDA
2025-09-05 00:00:00-04:00,168.01117837826322,169.0110663720669,164.05163046676552,167.0012969970703,224441400,0.0,0.0,NVDA
2025-09-08 00:00:00-04:00,167.53122834914853,170.940849905597,167.33125381142952,168.2911376953125,163769100,0.0,0.0,NVDA
2025-09-09 00:00:00-04:00,169.0710489481518,170.96083655380463,166.7213214317911,170.74085998535156,157548400,0.0,0.0,NVDA
2025-09-10 00:00:00-04:00,176.62020974984335,179.26990675759993,175.45034266016896,177.3101348876953,226852000,0.0,0.0,NVDA
2025-09-11 00:00:00-04:00,179.66999584989978,180.26996857097555,176.4701769393558,177.16014099121094,151159300,0.01,0.0,NVDA
2025-09-12 00:00:00-04:00,177.76010410307373,178.59005971058946,176.44017029123495,177.8101043701172,124911000,0.0,0.0,NVDA
2025-09-15 00:00:00-04:00,175.66021109761542,178.84004186496986,174.50027206258352,177.74009704589844,147061600,0.0,0.0,NVDA
2025-09-16 00:00:00-04:00,176.99014687805604,177.49011904437822,174.37029760906842,174.87026977539062,140737800,0.0,0.0,NVDA
2025-09-17 00:00:00-04:00,172.63039291663662,173.1903593144249,168.40063256525568,170.280517578125,211843800,0.0,0.0,NVDA
2025-09-18 00:00:00-04:00,173.9703101424577,177.09014682532762,172.95037791227023,176.23019409179688,191763300,0.0,0.0,NVDA
2025-09-19 00:00:00-04:00,175.7602124903078,178.07008136373162,175.17023376194967,176.66015625,237182100,0.0,0.0,NVDA
2025-09-22 00:00:00-04:00,175.29024236301854,184.53972732383275,174.70027887607205,183.5997772216797,269637000,0.0,0.0,NVDA
2025-09-23 00:00:00-04:00,181.9598706713119,182.409842567533,176.20019683221489,178.42005920410156,192559600,0.0,0.0,NVDA
2025-09-24 00:00:00-04:00,179.75999113536878,179.76998508551358,175.39022416770254,176.96014404296875,143564100,0.0,0.0,NVDA
2025-09-25 00:00:00-04:00,174.47028665549124,180.24996380236055,173.12037093203185,177.68011474609375,191586700,0.0,0.0,NVDA
2025-09-26 00:00:00-04:00,178.16008106951017,179.75999811527313,174.920255917913,178.18008422851562,148573700,0.0,0.0,NVDA
2025-09-29 00:00:00-04:00,180.4199550960203,183.98976381560166,180.30997586310093,181.8398895263672,193063500,0.0,0.0,NVDA
2025-09-30 00:00:00-04:00,182.06986121505474,187.3395719841704,181.4698885277926,186.56961059570312,236981000,0.0,0.0,NVDA
2025-10-01 00:00:00-04:00,185.22969505995906,188.12952754318238,183.88975804814035,187.22958374023438,173844900,0.0,0.0,NVDA
2025-10-02 00:00:00-04:00,189.5894532800495,191.0393695238543,188.04953044946197,188.87948608398438,136805800,0.0,0.0,NVDA
2025-10-03 00:00:00-04:00,189.1794627061203,190.34939569471342,185.36967740169,187.6095428466797,137596900,0.0,0.0,NVDA
2025-10-06 00:00:00-04:00,185.48967202648717,187.21957143407985,183.31979467524326,185.5296630859375,157678100,0.0,0.0,NVDA
2025-10-07 00:00:00-04:00,186.21962980709273,189.0494741147918,183.9897582054133,185.02969360351562,140088000,0.0,0.0,NVDA
2025-10-08 00:00:00-04:00,186.55962017208088,189.58945025835604,186.52960780500513,189.09947204589844,130168900,0.0,0.0,NVDA
2025-10-09 00:00:00-04:00,192.21928773885006,195.28912405123697,191.04935474353755,192.5592803955078,182997200,0.0,0.0,NVDA
2025-10-10 00:00:00-04:00,193.49922565779727,195.6091088464203,182.0398719523004,183.14981079101562,268774400,0.0,0.0,NVDA
2025-10-13 00:00:00-04:00,187.9595379156231,190.09941818271824,185.94965529464977,188.3095245361328,153482800,0.0,0.0,NVDA
2025-10-14 00:00:00-04:00,184.75971529942103,184.78971240822688,179.68999030007896,180.0199737548828,205641400,0.0,0.0,NVDA
2025-10-15 00:00:00-04:00,184.7897166440438,184.85970481354866,177.2801249034248,179.8199920654297,214450500,0.0,0.0,NVDA
2025-10-16 00:00:00-04:00,182.21985578014733,183.26980040587233,179.76000120804414,181.7998809814453,179723300,0.0,0.0,NVDA
2025-10-17 00:00:00-04:00,180.16996892604442,184.08976427610557,179.74000017155936,183.20980834960938,173135200,0.0,0.0,NVDA
2025-10-20 00:00:00-04:00,183.1198152646831,185.18969215276272,181.71988400794234,182.6298370361328,128544700,0.0,0.0,NVDA
2025-10-21 00:00:00-04:00,182.77981647710283,182.77981647710283,179.78999271004406,181.14991760253906,124240200,0.0,0.0,NVDA
2025-10-22 00:00:00-04:00,181.1299112106735,183.42978616900905,176.7501502622395,180.26995849609375,162249600,0.0,0.0,NVDA
2025-10-23 00:00:00-04:00,180.40994799999942,183.01980322210497,179.7799782111653,182.1498565673828,111363700,0.0,0.0,NVDA
2025-10-24 00:00:00-04:00,183.8297551720498,187.45955783835475,183.48977777431884,186.24961853027344,131296700,0.0,0.0,NVDA
2025-10-27 00:00:00-04:00,189.979423148828,191.98930570001696,188.41949722334647,191.47933959960938,153452700,0.0,0.0,NVDA
2025-10-28 00:00:00-04:00,193.03926234185508,203.1386912540773,191.89932637827522,201.01881408691406,297986200,0.0,0.0,NVDA
2025-10-29 00:00:00-04:00,207.96842303697136,212.1781954922272,204.76860414707738,207.02847290039062,308829600,0.0,0.0,NVDA
2025-10-30 00:00:00-04:00,205.1385766163601,206.1485301715792,201.39879452489242,202.8787078857422,178864400,0.0,0.0,NVDA
2025-10-31 00:00:00-04:00,206.43850017947892,207.95841980607935,202.05875446792163,202.47872924804688,179802200,0.0,0.0,NVDA
2025-11-03 00:00:00-05:00,208.06841462190084,211.32822759164594,205.5485506791992,206.8684844970703,180267300,0.0,0.0,NVDA
2025-11-04 00:00:00-05:00,202.98869740675082,203.9586446199207,197.9189723693821,198.67893981933594,188919300,0.0,0.0,NVDA
2025-11-05 00:00:00-05:00,198.75894188581304,202.90870481768462,194.63916080574026,195.1991424560547,171350300,0.0,0.0,NVDA
2025-11-06 00:00:00-05:00,196.40906647995496,197.60899664277025,186.3696319662745,188.0695343017578,223029800,0.0,0.0,NVDA
2025-11-07 00:00:00-05:00,184.8897071775586,188.3095303364016,178.90005019006267,188.1395263671875,264942300,0.0,0.0,NVDA
2025-11-10 00:00:00-05:00,195.09914200543773,199.9288750287355,193.7792081445882,199.03892517089844,198897100,0.0,0.0,NVDA
2025-11-11 00:00:00-05:00,195.14913483203398,195.40911485928362,191.28934919242405,193.1492462158203,176483300,0.0,0.0,NVDA
2025-11-12 00:00:00-05:00,195.70910637927892,195.87909508520013,191.1193655455878,193.78921508789062,154935300,0.0,0.0,NVDA
2025-11-13 00:00:00-05:00,191.03936321053533,191.42934088057365,183.8397672401686,186.84959411621094,207423100,0.0,0.0,NVDA
2025-11-14 00:00:00-05:00,182.8498180673128,190.99935813210442,180.56994624954729,190.15940856933594,186591900,0.0,0.0,NVDA
2025-11-17 00:00:00-05:00,185.95964506857126,188.98947511566342,184.30974305565786,186.58961486816406,173628900,0.0,0.0,NVDA
2025-11-18 00:00:00-05:00,183.36979105504545,184.7897101334883,179.63998782140993,181.3498992919922,213598900,0.0,0.0,NVDA
2025-11-19 00:00:00-05:00,184.7796984316032,187.8495347223247,182.8198161698128,186.50961303710938,247246400,0.0,0.0,NVDA
2025-11-20 00:00:00-05:00,195.9390891568929,195.9890894251709,179.83999453744622,180.62994384765625,343504800,0.0,0.0,NVDA
2025-11-21 00:00:00-05:00,181.22991004695137,184.54971718190046,172.92036011460985,178.8700408935547,346926200,0.0,0.0,NVDA
2025-11-24 00:00:00-05:00,179.48001348627363,183.4897847612219,176.47017128450955,182.5398406982422,256618300,0.0,0.0,NVDA
2025-11-25 00:00:00-05:00,174.90026276869568,178.15008177330986,169.54056066153746,177.8101043701172,320600300,0.0,0.0,NVDA
2025-11-26 00:00:00-05:00,181.61988829154,182.8998157763143,178.2300777211247,180.2499542236328,183852000,0.0,0.0,NVDA
2025-11-28 00:00:00-05:00,179.0000253919654,179.28000857805475,176.49017066740046,176.99014282226562,121332800,0.0,0.0,NVDA
2025-12-01 00:00:00-05:00,174.75027181562072,180.28997214473748,173.67033006996684,179.9099884033203,188131000,0.0,0.0,NVDA
2025-12-02 00:00:00-05:00,181.74987648908228,185.6496685428864,179.98997995570696,181.4499053955078,182632200,0.0,0.0,NVDA
2025-12-03 00:00:00-05:00,181.06992440272873,182.43984327721986,179.1000328161426,179.5800018310547,165138000,0.0,0.0,NVDA
2025-12-04 00:00:00-05:00,181.6199951171875,184.52000427246094,179.9600067138672,183.3800048828125,167364900,0.01,0.0,NVDA
2025-12-05 00:00:00-05:00,183.88999938964844,184.66000366210938,180.91000366210938,182.41000366210938,143971100,0.0,0.0,NVDA
2025-12-08 00:00:00-05:00,182.63999938964844,188.0,182.39999389648438,185.5500030517578,204378100,0.0,0.0,NVDA
2025-12-09 00:00:00-05:00,185.55999755859375,185.72000122070312,183.32000732421875,184.97000122070312,144719700,0.0,0.0,NVDA
2025-12-10 00:00:00-05:00,184.97000122070312,185.47999572753906,182.0399932861328,183.77999877929688,162785400,0.0,0.0,NVDA
2025-12-11 00:00:00-05:00,180.27999877929688,181.32000732421875,176.6199951171875,180.92999267578125,182136600,0.0,0.0,NVDA
2025-12-12 00:00:00-05:00,181.11000061035156,182.82000732421875,174.6199951171875,175.02000427246094,204274900,0.0,0.0,NVDA
2025-12-15 00:00:00-05:00,177.94000244140625,178.4199981689453,175.02999877929688,176.2899932861328,164775600,0.0,0.0,NVDA
2025-12-16 00:00:00-05:00,176.25999450683594,178.49000549316406,174.89999389648438,177.72000122070312,148588100,0.0,0.0,NVDA
2025-12-17 00:00:00-05:00,176.10000610351562,176.1300048828125,170.30999755859375,170.94000244140625,222775500,0.0,0.0,NVDA
2025-12-18 00:00:00-05:00,174.52999877929688,176.14999389648438,171.82000732421875,174.13999938964844,176096000,0.0,0.0,NVDA
2025-12-19 00:00:00-05:00,176.6699981689453,181.4499969482422,176.33999633789062,180.99000549316406,324925900,0.0,0.0,NVDA
2025-12-22 00:00:00-05:00,183.9199981689453,184.16000366210938,182.35000610351562,183.69000244140625,129064400,0.0,0.0,NVDA
2025-12-23 00:00:00-05:00,182.97000122070312,189.3300018310547,182.89999389648438,189.2100067138672,174873600,0.0,0.0,NVDA
2025-12-24 00:00:00-05:00,187.94000244140625,188.91000366210938,186.58999633789062,188.61000061035156,65528500,0.0,0.0,NVDA
2025-12-26 00:00:00-05:00,189.9199981689453,192.69000244140625,188.0,190.52999877929688,139740300,0.0,0.0,NVDA
2025-12-29 00:00:00-05:00,187.7100067138672,188.75999450683594,185.91000366210938,188.22000122070312,120006100,0.0,0.0,NVDA
2025-12-30 00:00:00-05:00,188.24000549316406,188.99000549316406,186.92999267578125,187.5399932861328,97687300,0.0,0.0,NVDA
2025-12-31 00:00:00-05:00,189.57000732421875,190.55999755859375,186.49000549316406,186.5,120100500,0.0,0.0,NVDA
2026-01-02 00:00:00-05:00,189.83999633789062,192.92999267578125,188.25999450683594,188.85000610351562,148240500,0.0,0.0,NVDA
2026-01-05 00:00:00-05:00,191.75999450683594,193.6300048828125,186.14999389648438,188.1199951171875,183529700,0.0,0.0,NVDA
2026-01-06 00:00:00-05:00,190.52000427246094,192.1699981689453,186.82000732421875,187.24000549316406,176862600,0.0,0.0,NVDA
2026-01-07 00:00:00-05:00,188.57000732421875,191.3699951171875,186.55999755859375,189.11000061035156,153543200,0.0,0.0,NVDA
2026-01-08 00:00:00-05:00,189.11000061035156,189.5500030517578,183.7100067138672,185.0399932861328,172457000,0.0,0.0,NVDA
2026-01-09 00:00:00-05:00,185.0800018310547,186.33999633789062,183.6699981689453,184.86000061035156,131327500,0.0,0.0,NVDA
2026-01-12 00:00:00-05:00,183.22000122070312,187.1199951171875,183.02000427246094,184.94000244140625,137968500,0.0,0.0,NVDA
2026-01-13 00:00:00-05:00,185.0,188.11000061035156,183.39999389648438,185.80999755859375,160128900,0.0,0.0,NVDA
2026-01-14 00:00:00-05:00,184.32000732421875,184.4600067138672,180.8000030517578,183.13999938964844,159586100,0.0,0.0,NVDA
2026-01-15 00:00:00-05:00,186.5,189.6999969482422,186.3300018310547,187.0500030517578,206188600,0.0,0.0,NVDA
2026-01-16 00:00:00-05:00,189.0800018310547,190.44000244140625,186.0800018310547,186.22999572753906,187967200,0.0,0.0,NVDA
2026-01-20 00:00:00-05:00,181.89999389648438,182.3800048828125,177.61000061035156,178.07000732421875,223345300,0.0,0.0,NVDA
2026-01-21 00:00:00-05:00,179.0500030517578,185.3800048828125,178.39999389648438,183.32000732421875,200381000,0.0,0.0,NVDA
2026-01-22 00:00:00-05:00,184.75,186.1699981689453,183.92999267578125,184.83999633789062,139636600,0.0,0.0,NVDA
2026-01-23 00:00:00-05:00,187.5,189.60000610351562,186.82000732421875,187.6699981689453,142524700,0.0,0.0,NVDA
2025-01-24 00:00:00-05:00,161.4786024286445,161.4786024286445,158.8409790963062,159.7364044189453,6199800,1.007,0.0,PG
2025-01-27 00:00:00-05:00,162.2669724093719,165.40096860306372,161.67326468693383,165.12844848632812,9170800,0.0,0.0,PG
2025-01-28 00:00:00-05:00,164.39848014789897,165.06031047165982,161.6732641385542,161.75112915039062,6716300,0.0,0.0,PG
2025-01-29 00:00:00-05:00,162.266971949842,162.8217397390425,161.44941160195052,161.79005432128906,4850300,0.0,0.0,PG
2025-01-30 00:00:00-05:00,163.0066601980689,163.1234651364263,161.49805721735893,162.93853759765625,4136500,0.0,0.0,PG
2025-01-31 00:00:00-05:00,161.56620033551133,162.16963560846648,160.7973074829147,161.5564727783203,5464700,0.0,0.0,PG
2025-02-03 00:00:00-05:00,161.05035324967622,164.85592203159905,160.81675822235533,164.25247192382812,8668600,0.0,0.0,PG
2025-02-04 00:00:00-05:00,164.76831827318236,164.76831827318236,161.8387196402341,163.63931274414062,6410900,0.0,0.0,PG
2025-02-05 00:00:00-05:00,163.60037845436588,164.62233633638348,162.15991283230997,164.4958038330078,7536800,0.0,0.0,PG
2025-02-06 00:00:00-05:00,164.84618071760318,165.39122093373763,163.5419752216769,164.36927795410156,4957900,0.0,0.0,PG
2025-02-07 00:00:00-05:00,164.57366198434391,164.60285950679273,163.3862465673179,163.48358154296875,4535600,0.0,0.0,PG
2025-02-10 00:00:00-05:00,163.2110583867829,163.97995121563977,161.95550553998595,163.05532836914062,7062900,0.0,0.0,PG
2025-02-11 00:00:00-05:00,163.21104078173212,165.04083116357543,162.05282303370282,164.90455627441406,5438100,0.0,0.0,PG
2025-02-12 00:00:00-05:00,163.85343988783404,165.53722807121096,163.4835847944834,165.0505828857422,6037400,0.0,0.0,PG
2025-02-13 00:00:00-05:00,165.0992449428766,166.80250303598126,164.6223273303638,166.45211791992188,6328300,0.0,0.0,PG
2025-02-14 00:00:00-05:00,165.2549740891652,165.4593716121699,157.9650383388065,158.53927612304688,13179500,0.0,0.0,PG
2025-02-18 00:00:00-05:00,158.9869827391631,161.33260116808108,157.86768993911588,161.01141357421875,7075300,0.0,0.0,PG
2025-02-19 00:00:00-05:00,161.663508236184,162.41293099764937,160.82647806974288,162.0430908203125,7910700,0.0,0.0,PG
2025-02-20 00:00:00-05:00,158.79231004445933,163.29864898631303,158.45166734260422,162.74388122558594,6162600,0.0,0.0,PG
2025-02-21 00:00:00-05:00,162.96772372701975,165.99465703368878,161.48831837151045,165.68319702148438,9813700,0.0,0.0,PG
2025-02-24 00:00:00-05:00,165.67347913725064,168.35975506879842,165.2549565778217,165.98492431640625,8564100,0.0,0.0,PG
2025-02-25 00:00:00-05:00,166.70517118187027,169.3038546532711,166.23799596879084,168.03857421875,7314900,0.0,0.0,PG
2025-02-26 00:00:00-05:00,167.67844493096266,168.03855757504,166.09197705357423,166.72462463378906,5519000,0.0,0.0,PG
2025-02-27 00:00:00-05:00,166.28665908302955,168.4668199208767,166.0725340219936,167.37673950195312,5467000,0.0,0.0,PG
2025-02-28 00:00:00-05:00,168.9437272194379,169.98514008798284,167.25993920698807,169.19677734375,10240100,0.0,0.0,PG
2025-03-03 00:00:00-05:00,168.9437315224746,171.58133991045312,168.87559407309877,170.90003967285156,7615300,0.0,0.0,PG
2025-03-04 00:00:00-05:00,172.02905088794915,175.1825166297356,168.2916199096152,168.5543975830078,12117600,0.0,0.0,PG
2025-03-05 00:00:00-05:00,168.74908505927587,171.1725685177134,168.3986999404228,169.94622802734375,6989100,0.0,0.0,PG
2025-03-06 00:00:00-05:00,170.21874091756152,171.14336373744635,168.22349282124281,169.99488830566406,6702500,0.0,0.0,PG
2025-03-07 00:00:00-05:00,169.44010667362792,174.11190313656212,169.40118159573075,171.25042724609375,9566700,0.0,0.0,PG
2025-03-10 00:00:00-04:00,172.0387997239484,175.1825382985814,171.133646812285,171.55215454101562,11047000,0.0,0.0,PG
2025-03-11 00:00:00-04:00,171.13364078926176,171.28937080661512,167.7173970717516,168.4960174560547,11032300,0.0,0.0,PG
2025-03-12 00:00:00-04:00,165.16735687763173,167.24046991803968,163.28891377342117,163.8728790283203,10158800,0.0,0.0,PG
2025-03-13 00:00:00-04:00,163.22077785546796,164.76830584461842,162.81199771783753,164.08700561523438,6609000,0.0,0.0,PG
2025-03-14 00:00:00-04:00,163.30838155704365,164.08701680855398,162.16963362784307,163.48358154296875,6790500,0.0,0.0,PG
2025-03-17 00:00:00-04:00,163.87288087922113,166.5202316481119,163.63930071511564,165.2257537841797,9931700,0.0,0.0,PG
2025-03-18 00:00:00-04:00,165.5274801127288,165.7123927853812,163.103982041346,163.2305145263672,6099900,0.0,0.0,PG
2025-03-19 00:00:00-04:00,163.38623557791348,164.24273578208962,162.64654030690846,164.0675506591797,7569200,0.0,0.0,PG
2025-03-20 00:00:00-04:00,164.37900406846467,164.69046410422635,161.59539311658017,163.07479858398438,8789200,0.0,0.0,PG
2025-03-21 00:00:00-04:00,162.67574011583915,163.64903041564702,159.7363992520746,162.23776245117188,16027300,0.0,0.0,PG
2025-03-24 00:00:00-04:00,161.98470544426436,162.41295557346308,160.94329249483297,161.2255401611328,6102100,0.0,0.0,PG
2025-03-25 00:00:00-04:00,160.8848940242768,160.95301662452667,157.86768807006663,158.50033569335938,8366700,0.0,0.0,PG
2025-03-26 00:00:00-04:00,158.9869831440014,162.3643018153946,158.6365980271896,162.13070678710938,7756000,0.0,0.0,PG
2025-03-27 00:00:00-04:00,163.38623651355272,164.51525681620825,162.16962364894061,164.2038116455078,6211700,0.0,0.0,PG
2025-03-28 00:00:00-04:00,164.85592484657508,165.17711244541368,163.1429243194358,163.54197692871094,5479100,0.0,0.0,PG
2025-03-31 00:00:00-04:00,163.61010773887554,166.56890375916458,163.61010773887554,165.86813354492188,11520100,0.0,0.0,PG
2025-04-01 00:00:00-04:00,166.0141216795495,166.4812968316609,164.5444439272863,166.00437927246094,7021100,0.0,0.0,PG
2025-04-02 00:00:00-04:00,165.52748461309986,166.31584736163066,163.8144842200146,164.9727020263672,6274500,0.0,0.0,PG
2025-04-03 00:00:00-04:00,169.5763422932637,170.13112481918733,166.16982669560184,167.78549194335938,9393300,0.0,0.0,PG
2025-04-04 00:00:00-04:00,167.18208986940928,168.96321301647097,159.10377688343345,159.3762969970703,13454200,0.0,0.0,PG
2025-04-07 00:00:00-04:00,159.2886956080601,160.30091099534098,154.93808673674255,155.95030212402344,15708000,0.0,0.0,PG
2025-04-08 00:00:00-04:00,157.97475064653926,158.91884345211088,152.52433372444412,154.15945434570312,11541100,0.0,0.0,PG
2025-04-09 00:00:00-04:00,153.1569555971683,160.2814325632855,152.50485290643795,157.98448181152344,10670200,0.0,0.0,PG
2025-04-10 00:00:00-04:00,158.54898530576128,160.66103834417817,156.4564170830897,159.1913604736328,10581600,0.0,0.0,PG
2025-04-11 00:00:00-04:00,159.00643302756598,163.5322418751159,158.27646529582228,162.45188903808594,8602800,0.0,0.0,PG
2025-04-14 00:00:00-04:00,162.57840657309407,165.56641494833536,161.35206613101,164.6125946044922,9877300,0.0,0.0,PG
2025-04-15 00:00:00-04:00,164.62231754993425,165.61507779499328,163.78528731414545,163.97021484375,8765000,0.0,0.0,PG
2025-04-16 00:00:00-04:00,164.76832168027838,165.1479043339329,161.36180535473125,161.94578552246094,5897500,0.0,0.0,PG
2025-04-17 00:00:00-04:00,163.05530423806744,167.06525506590316,162.88011913257,166.072509765625,7227100,0.0,0.0,PG
2025-04-21 00:00:00-04:00,166.38298338341917,166.44174242062215,160.88878924788156,162.3284454345703,8062400,1.057,0.0,PG
2025-04-22 00:00:00-04:00,162.4361840391489,165.28611704694788,161.14342537605484,164.41448974609375,7907400,0.0,0.0,PG
2025-04-23 00:00:00-04:00,162.96500531350443,163.17067686696933,159.74292723043934,162.308837890625,9309200,0.0,0.0,PG
2025-04-24 00:00:00-04:00,157.18682456687057,157.63733543685328,153.34774628347827,156.23684692382812,20077700,0.0,0.0,PG
2025-04-25 00:00:00-04:00,156.5796241575896,158.45998807112008,154.51317999664968,157.6960906982422,12892800,0.0,0.0,PG
2025-04-28 00:00:00-04:00,157.71568026630447,159.2043074262232,157.07910405029065,158.50897216796875,8127000,0.0,0.0,PG
2025-04-29 00:00:00-04:00,157.96051427550546,159.0378131598155,155.91366133912115,158.91049194335938,8266200,0.0,0.0,PG
2025-04-30 00:00:00-04:00,159.09656305174838,159.7919131905109,156.64817022256233,159.21409606933594,12475500,0.0,0.0,PG
2025-05-01 00:00:00-04:00,157.34352189634498,158.01928071480157,155.76675630121431,156.67755126953125,6792800,0.0,0.0,PG
2025-05-02 00:00:00-04:00,157.6079306927535,158.46976972147343,156.59919407677606,157.20640563964844,5750200,0.0,0.0,PG
2025-05-05 00:00:00-04:00,157.5687888710223,157.58838020047642,154.75803831849245,155.5513153076172,7576200,0.0,0.0,PG
2025-05-06 00:00:00-04:00,154.77758731730165,156.4131268016918,154.3956386514616,155.96261596679688,7703800,0.0,0.0,PG
2025-05-07 00:00:00-04:00,155.7373696218849,156.74610623546596,155.2672674561708,156.0017852783203,6430000,0.0,0.0,PG
2025-05-08 00:00:00-04:00,155.1105995718503,156.69715346870328,154.74822724266645,155.37501525878906,7230800,0.0,0.0,PG
2025-05-09 00:00:00-04:00,154.75802572542426,155.84511279267832,154.1606172480359,154.40545654296875,6453200,0.0,0.0,PG
2025-05-12 00:00:00-04:00,154.18018189561155,157.72546477815297,153.4554672018119,157.57855224609375,7378400,0.0,0.0,PG
2025-05-13 00:00:00-04:00,156.71673295474005,157.40227996060077,154.1116393886654,155.45335388183594,7780800,0.0,0.0,PG
2025-05-14 00:00:00-04:00,154.85595287498884,155.87449271305707,154.31731837979635,154.75802612304688,5988900,0.0,0.0,PG
2025-05-15 00:00:00-04:00,156.29559414348756,159.54706684983978,155.42396693260693,159.05738830566406,8727300,0.0,0.0,PG
2025-05-16 00:00:00-04:00,159.29242408184484,160.05632141352353,158.5089503679818,159.909423828125,7100800,0.0,0.0,PG
2025-05-19 00:00:00-04:00,160.09551556911285,161.7408284190125,160.03675653073134,161.36868286132812,8119900,0.0,0.0,PG
2025-05-20 00:00:00-04:00,161.21196654681165,162.57327226501357,161.2021783559623,162.220703125,5576600,0.0,0.0,PG
2025-05-21 00:00:00-04:00,161.41765165420128,162.93564327242476,161.22176827034943,162.01504516601562,6424200,0.0,0.0,PG
2025-05-22 00:00:00-04:00,161.04548915313293,162.76915232542714,160.63416095101059,161.62330627441406,6245600,0.0,0.0,PG
2025-05-23 00:00:00-04:00,161.42743584747694,162.78874164622644,160.10529775824523,162.43617248535156,5349800,0.0,0.0,PG
2025-05-27 00:00:00-04:00,161.85836153682155,164.51241106400983,161.85836153682155,164.2969512939453,11423800,0.0,0.0,PG
2025-05-28 00:00:00-04:00,164.18923468437885,165.3546721865578,163.61141750148852,163.9052276611328,5385900,0.0,0.0,PG
2025-05-29 00:00:00-04:00,163.29800694004737,165.5015603975898,163.0041968236144,165.08042907714844,4842500,0.0,0.0,PG
2025-05-30 00:00:00-04:00,165.26652898518768,167.460294512672,165.11963138138955,166.38299560546875,12587500,0.0,0.0,PG
2025-06-02 00:00:00-04:00,165.53093646918165,165.5505128510806,162.79852187017678,164.3165283203125,7574400,0.0,0.0,PG
2025-06-03 00:00:00-04:00,163.3371842864329,163.95418407296884,162.4753452123895,163.40574645996094,6223000,0.0,0.0,PG
2025-06-04 00:00:00-04:00,163.24903688249273,164.5809631321041,162.49492773357218,162.52430725097656,4939000,0.0,0.0,PG
2025-06-05 00:00:00-04:00,162.01506095024823,162.02486408667835,159.15533960429215,159.43936157226562,10351800,0.0,0.0,PG
2025-06-06 00:00:00-04:00,159.91922902379056,161.82898749985944,159.9094408316576,160.63417053222656,5697700,0.0,0.0,PG
2025-06-09 00:00:00-04:00,160.0171681750079,160.63416797708066,158.72442447519416,159.2042999267578,6544200,0.0,0.0,PG
2025-06-10 00:00:00-04:00,159.33161802918758,160.1346831259692,158.5775088351406,159.478515625,7680000,0.0,0.0,PG
2025-06-11 00:00:00-04:00,159.27286550704676,159.40997491668253,158.35226735214738,158.7635955810547,5960100,0.0,0.0,PG
2025-06-12 00:00:00-04:00,158.62647913431283,159.93881413172278,158.34245719164988,159.81149291992188,6509900,0.0,0.0,PG
2025-06-13 00:00:00-04:00,159.40017624056728,159.66460687505082,156.6090171212154,156.97137451171875,7104500,0.0,0.0,PG
2025-06-16 00:00:00-04:00,157.55899047851562,158.60689490748382,156.70693955618657,157.55899047851562,6332000,0.0,0.0,PG
2025-06-17 00:00:00-04:00,156.75591472985832,157.05951307799398,155.04203958952647,155.24771118164062,6809700,0.0,0.0,PG
2025-06-18 00:00:00-04:00,155.27708423413378,155.37501098607575,154.4054569396855,154.75802612304688,7211200,0.0,0.0,PG
2025-06-20 00:00:00-04:00,154.7678145464667,156.05077006612038,154.59153742642482,155.796142578125,16173400,0.0,0.0,PG
2025-06-23 00:00:00-04:00,155.7863400471644,157.8625723035152,155.71777787758893,157.70587158203125,6588200,0.0,0.0,PG
2025-06-24 00:00:00-04:00,157.85277822679834,158.40123078346465,156.35436298315554,157.04971313476562,7470100,0.0,0.0,PG
2025-06-25 00:00:00-04:00,156.52087512619093,157.03013011146206,155.4337880347082,155.68841552734375,5933700,0.0,0.0,PG
2025-06-26 00:00:00-04:00,156.25644506788854,156.26623326017008,153.92557013765204,155.35543823242188,7410400,0.0,0.0,PG
2025-06-27 00:00:00-04:00,155.40437891652542,156.82445867992374,155.02243024168538,156.56002807617188,19257000,0.0,0.0,PG
2025-06-30 00:00:00-04:00,155.97241498280195,156.59920296367622,154.86575156045154,156.03118896484375,11238200,0.0,0.0,PG
2025-07-01 00:00:00-04:00,156.57963272197503,159.17492330462878,156.08995412571548,157.8919677734375,10664900,0.0,0.0,PG
2025-07-02 00:00:00-04:00,157.81361644809508,158.0192880325514,156.5600404447743,157.87237548828125,8848700,0.0,0.0,PG
2025-07-03 00:00:00-04:00,158.45016889652973,158.67543177522518,156.49145481689808,157.50999450683594,6999600,0.0,0.0,PG
2025-07-07 00:00:00-04:00,157.5687773187015,157.85278432783772,156.00179984098492,157.18682861328125,7225700,0.0,0.0,PG
2025-07-08 00:00:00-04:00,156.22704837928094,156.4816758448647,154.18998382320086,154.6306915283203,12034800,0.0,0.0,PG
2025-07-09 00:00:00-04:00,154.8363853145728,154.93431207209534,152.73075828646367,154.2683563232422,18770900,0.0,0.0,PG
2025-07-10 00:00:00-04:00,154.5033812625662,156.3151979987614,153.7982429069295,155.21832275390625,7200500,0.0,0.0,PG
2025-07-11 00:00:00-04:00,154.78740159019887,154.78740159019887,153.21063597031247,153.80804443359375,8053800,0.0,0.0,PG
2025-07-14 00:00:00-04:00,152.3683899774199,152.58384974986546,149.70453728518766,150.58595275878906,11491700,0.0,0.0,PG
2025-07-15 00:00:00-04:00,150.39008310138811,150.86997348956658,148.76434662924484,149.5282440185547,9142600,0.0,0.0,PG
2025-07-16 00:00:00-04:00,149.58702551674656,150.5859591106161,149.12672643290657,150.55657958984375,8479000,0.0,0.0,PG
2025-07-17 00:00:00-04:00,150.86016098706182,152.53486820198472,150.70347520847878,152.4075469970703,8320000,0.0,0.0,PG
2025-07-18 00:00:00-04:00,151.6354734745033,153.40051961436043,151.48757130457068,152.93707275390625,7337300,1.057,0.0,PG
2025-07-21 00:00:00-04:00,152.90749260157486,153.76535528076218,152.7299949513298,152.8680419921875,6328400,0.0,0.0,PG
2025-07-22 00:00:00-04:00,152.75958771071316,156.1614733139002,152.73986240442795,156.1121826171875,8187000,0.0,0.0,PG
2025-07-23 00:00:00-04:00,156.01356251908243,156.664362176565,155.48108460077873,156.07272338867188,4804800,0.0,0.0,PG
2025-07-24 00:00:00-04:00,156.6544977858366,156.8024150112718,155.84594079492396,156.5953369140625,7027400,0.0,0.0,PG
2025-07-25 00:00:00-04:00,155.14583392536835,156.23050005111574,154.83030426351445,156.0924530029297,5799900,0.0,0.0,PG
2025-07-28 00:00:00-04:00,155.43178946368448,155.88536614823732,154.05130401339557,154.91903686523438,7885000,0.0,0.0,PG
2025-07-29 00:00:00-04:00,156.43755487767257,156.43755487767257,152.68068929250776,154.42601013183594,11466100,0.0,0.0,PG
2025-07-30 00:00:00-04:00,154.81057174145815,154.81057174145815,149.92960449511517,150.74803161621094,8162900,0.0,0.0,PG
2025-07-31 00:00:00-04:00,149.68309754473427,149.88030546377612,147.81945487468914,148.37164306640625,11845400,0.0,0.0,PG
2025-08-01 00:00:00-04:00,149.66336454398862,151.34952451400096,148.42094117650515,148.5491180419922,8594200,0.0,0.0,PG
2025-08-04 00:00:00-04:00,148.15469511418132,149.34782773167953,147.9279067821273,148.65757751464844,7679400,0.0,0.0,PG
2025-08-05 00:00:00-04:00,148.6082947332765,149.95918471462116,148.22373404280617,148.41107177734375,6670100,0.0,0.0,PG
2025-08-06 00:00:00-04:00,148.75620792332361,151.33966634062187,148.11527840706265,150.7283172607422,7376200,0.0,0.0,PG
2025-08-07 00:00:00-04:00,150.98468263063438,151.86227066402404,150.57054148469766,151.3495330810547,6719000,0.0,0.0,PG
2025-08-08 00:00:00-04:00,150.6395766079395,151.64534154128498,150.44236868253842,151.36924743652344,5811000,0.0,0.0,PG
2025-08-11 00:00:00-04:00,151.39881978410202,153.22302685009873,151.17203143430766,152.81874084472656,7331700,0.0,0.0,PG
2025-08-12 00:00:00-04:00,152.89763513967125,153.37093716968153,152.1580941351551,152.92721557617188,6938000,0.0,0.0,PG
2025-08-13 00:00:00-04:00,153.04554416043388,154.82043043928633,152.7891603298445,153.2427520751953,5812400,0.0,0.0,PG
2025-08-14 00:00:00-04:00,152.48348193526363,152.54264280359072,151.13259195513186,151.59603881835938,6343700,0.0,0.0,PG
2025-08-15 00:00:00-04:00,152.31586407505077,153.43011065221427,152.05949528078304,152.2073974609375,7121700,0.0,0.0,PG
2025-08-18 00:00:00-04:00,152.26655734149293,154.73169396801498,152.02004367884072,153.54843139648438,8274500,0.0,0.0,PG
2025-08-19 00:00:00-04:00,153.5582761061138,156.4868594233711,153.49911523845185,156.1910400390625,7868100,0.0,0.0,PG
2025-08-20 00:00:00-04:00,156.36854465568507,158.78437548418793,156.20091717450728,157.2855682373047,7840400,0.0,0.0,PG
2025-08-21 00:00:00-04:00,155.72760225250076,156.84184881170415,154.9880612716489,156.51644897460938,6417500,0.0,0.0,PG
2025-08-22 00:00:00-04:00,157.15738074918454,158.43923964170435,156.1022951468199,156.457275390625,5797300,0.0,0.0,PG
2025-08-25 00:00:00-04:00,156.1811797200184,156.48685422344707,153.71604334269253,153.972412109375,4692500,0.0,0.0,PG
2025-08-26 00:00:00-04:00,153.74563139459946,154.51475277876003,153.17371792119815,153.79493713378906,6338000,0.0,0.0,PG
2025-08-27 00:00:00-04:00,153.97243175483945,154.9387761711667,153.61745146937238,154.77114868164062,4551200,0.0,0.0,PG
2025-08-28 00:00:00-04:00,154.81058043396723,154.8204355639317,152.8680515649693,153.47940063476562,5857400,0.0,0.0,PG
2025-08-29 00:00:00-04:00,153.9132572527589,155.36275870289782,153.4793908260508,154.85000610351562,5318200,0.0,0.0,PG
2025-09-02 00:00:00-04:00,155.16555446090146,156.6446363799952,154.7908488933446,155.78677368164062,6432800,0.0,0.0,PG
2025-09-03 00:00:00-04:00,155.45151127944465,156.4277108103394,154.3175544377589,155.96426391601562,6592500,0.0,0.0,PG
2025-09-04 00:00:00-04:00,156.3093921666515,157.52223521079347,155.60928672325224,156.9700469970703,6934900,0.0,0.0,PG
2025-09-05 00:00:00-04:00,156.33896588548828,158.32093029157951,156.20091883798938,157.78846740722656,6436200,0.0,0.0,PG
2025-09-08 00:00:00-04:00,157.3841803010765,158.03497996876382,156.0431454006903,156.79254150390625,7178400,0.0,0.0,PG
2025-09-09 00:00:00-04:00,156.39812987112623,157.64055332335948,155.99384385039951,157.2362823486328,4984900,0.0,0.0,PG
2025-09-10 00:00:00-04:00,156.38826896024764,156.72352392045764,153.7160543162222,155.15570068359375,6205500,0.0,0.0,PG
2025-09-11 00:00:00-04:00,155.5205485500764,157.12782252644146,155.19514869342575,156.41786193847656,5819500,0.0,0.0,PG
2025-09-12 00:00:00-04:00,155.72760900128915,156.9108866587318,155.57970681710904,155.69802856445312,5957000,0.0,0.0,PG
2025-09-15 00:00:00-04:00,155.6783046725424,156.30937901312078,154.02172512477475,154.6429443359375,5995000,0.0,0.0,PG
2025-09-16 00:00:00-04:00,154.94863388379494,156.18120225026462,154.70212021050102,155.845947265625,6559600,0.0,0.0,PG
2025-09-17 00:00:00-04:00,156.22063383168523,159.41545637261694,156.22063383168523,158.09414672851562,6764200,0.0,0.0,PG
2025-09-18 00:00:00-04:00,155.94454129257304,156.80241909363224,154.96835679088545,155.12612915039062,7651500,0.0,0.0,PG
2025-09-19 00:00:00-04:00,155.41206557549546,155.42192070490202,153.7949366388747,153.86395263671875,17224800,0.0,0.0,PG
2025-09-22 00:00:00-04:00,153.903413402239,153.903413402239,150.91566898099552,150.93539428710938,8712900,0.0,0.0,PG
2025-09-23 00:00:00-04:00,151.06355672120498,151.1522980212341,148.86465924871385,150.37332153320312,8853400,0.0,0.0,PG
2025-09-24 00:00:00-04:00,149.92961344456202,151.48758160646395,149.67322960457818,150.29444885253906,6483300,0.0,0.0,PG
2025-09-25 00:00:00-04:00,151.09315436059404,151.73409893001218,149.66337808420033,150.02821350097656,7511400,0.0,0.0,PG
2025-09-26 00:00:00-04:00,150.1070825871172,150.55080413326132,149.4168473991153,150.37332153320312,5721100,0.0,0.0,PG
2025-09-29 00:00:00-04:00,150.2944557307594,151.57632985134364,149.67323645436844,151.38897705078125,8139700,0.0,0.0,PG
2025-09-30 00:00:00-04:00,151.3199407129934,152.22710911055796,150.7085766492009,151.5072784423828,7762600,0.0,0.0,PG
2025-10-01 00:00:00-04:00,151.55659111296848,151.74394389692702,149.29853266788766,151.04383850097656,7566000,0.0,0.0,PG
2025-10-02 00:00:00-04:00,150.59026601014926,150.6691521869665,149.51547006226403,149.9296112060547,6892100,0.0,0.0,PG
2025-10-03 00:00:00-04:00,149.88030644241147,151.2903573664674,149.88030644241147,150.14654541015625,5212600,0.0,0.0,PG
2025-10-06 00:00:00-04:00,149.3872807075387,150.19585274928988,148.30261456518957,148.31248474121094,6737000,0.0,0.0,PG
2025-10-07 00:00:00-04:00,148.65758947847775,151.0339847298535,147.95749912222976,150.4127655029297,6844400,0.0,0.0,PG
2025-10-08 00:00:00-04:00,150.65928300309508,150.65928300309508,148.5294163990053,148.5885772705078,5254700,0.0,0.0,PG
2025-10-09 00:00:00-04:00,148.63787488510934,148.76605175102324,147.49404794526822,148.4801025390625,6134500,0.0,0.0,PG
2025-10-10 00:00:00-04:00,148.83507673699853,149.3971200086663,147.36585003548373,147.60250854492188,7374000,0.0,0.0,PG
2025-10-13 00:00:00-04:00,146.92213403711293,147.34613028910024,144.92044442136103,145.43319702148438,7511100,0.0,0.0,PG
2025-10-14 00:00:00-04:00,145.51208704837748,147.16865158280777,145.0289148695023,147.0799102783203,8585300,0.0,0.0,PG
2025-10-15 00:00:00-04:00,146.45868745957375,147.32642031592587,145.21626408925061,145.36416625976562,10003100,0.0,0.0,PG
2025-10-16 00:00:00-04:00,145.94594038964985,148.30261035383137,145.85719908397766,147.51377868652344,8809700,0.0,0.0,PG
2025-10-17 00:00:00-04:00,148.47025366463515,149.90988500646603,148.3321915715284,149.28866577148438,8612900,0.0,0.0,PG
2025-10-20 00:00:00-04:00,149.47601564961582,150.26486235172766,149.19006643117496,149.8408660888672,5601300,0.0,0.0,PG
2025-10-21 00:00:00-04:00,149.8408699887591,150.15639965021646,148.76605899423302,149.50559997558594,6013400,0.0,0.0,PG
2025-10-22 00:00:00-04:00,149.19007148226535,151.31995313627837,148.6871739815679,150.0775146484375,6394400,0.0,0.0,PG
2025-10-23 00:00:00-04:00,150.22541886330987,151.1621676900318,148.48009807192358,150.08737182617188,8205400,0.0,0.0,PG
2025-10-24 00:00:00-04:00,155.29737040651787,156.2903203839284,150.46170886491726,151.41494750976562,11968500,1.057,0.0,PG
2025-10-27 00:00:00-04:00,150.54115395787872,150.69009040120363,149.07159216261778,150.6702423095703,7775300,0.0,0.0,PG
2025-10-28 00:00:00-04:00,150.05460367903365,152.09015427069286,149.5581286640541,150.30284118652344,5819300,0.0,0.0,PG
2025-10-29 00:00:00-04:00,149.59785104655907,149.9056631232089,147.42328811640107,147.72117614746094,7405500,0.0,0.0,PG
2025-10-30 00:00:00-04:00,148.416241809881,149.73686716448933,148.2871534579282,148.5254669189453,6760700,0.0,0.0,PG
2025-10-31 00:00:00-04:00,147.66160521678216,150.0347551758273,147.4828663332479,149.3098907470703,7930300,0.0,0.0,PG
2025-11-03 00:00:00-05:00,149.04180887368227,149.16095803153974,146.7282334342523,146.97647094726562,8946400,0.0,0.0,PG
2025-11-04 00:00:00-05:00,147.5523726347273,148.4460215534934,145.2189341284175,146.1324462890625,9295400,0.0,0.0,PG
2025-11-05 00:00:00-05:00,145.8345643516724,146.3806898920266,144.6231641171467,144.76217651367188,11199900,0.0,0.0,PG
2025-11-06 00:00:00-05:00,144.85155497339957,145.64590287504893,143.4415677513924,145.09979248046875,10024500,0.0,0.0,PG
2025-11-07 00:00:00-05:00,145.91399933321878,146.89702528673618,144.9706998643444,145.94378662109375,8500100,0.0,0.0,PG
2025-11-10 00:00:00-05:00,145.34802877123363,145.5863270792483,143.07416474082768,144.47422790527344,10208100,0.0,0.0,PG
2025-11-11 00:00:00-05:00,144.93098499081427,147.60200769605188,144.6430210134374,147.49278259277344,7332500,0.0,0.0,PG
2025-11-12 00:00:00-05:00,147.48286045271195,148.09848459666281,146.47004722297473,146.96652221679688,7851100,0.0,0.0,PG
2025-11-13 00:00:00-05:00,147.13532043196676,147.9495466863132,146.59913411051036,146.91688537597656,7566800,0.0,0.0,PG
2025-11-14 00:00:00-05:00,148.0488478566933,148.32687263857966,146.5693469342726,146.62892150878906,9150800,0.0,0.0,PG
2025-11-17 00:00:00-05:00,146.70836316481208,146.93673742350688,143.98767469804596,144.79197692871094,9902300,0.0,0.0,PG
2025-11-18 00:00:00-05:00,145.29838467307673,146.35090931664843,144.48415834807034,145.9537353515625,10735200,0.0,0.0,PG
2025-11-19 00:00:00-05:00,145.92394806174184,146.49984576575173,144.8316969309322,145.9537353515625,6367000,0.0,0.0,PG
2025-11-20 00:00:00-05:00,145.60618813381166,147.61195138634352,145.09978908567578,147.145263671875,9021300,0.0,0.0,PG
2025-11-21 00:00:00-05:00,147.3339316339033,150.431930907167,147.25449381263817,149.85601806640625,12018000,0.0,0.0,PG
2025-11-24 00:00:00-05:00,149.04180092102072,149.34961299653835,145.50688619730823,145.94378662109375,13846900,0.0,0.0,PG
2025-11-25 00:00:00-05:00,146.28141124965123,147.6020215066541,146.1821101823926,147.4431610107422,10477700,0.0,0.0,PG
2025-11-26 00:00:00-05:00,146.87715867405495,147.91975917939794,146.56934660560063,147.204833984375,9238500,0.0,0.0,PG
2025-11-28 00:00:00-05:00,146.75801590258018,147.66160405655665,146.142376587705,147.115478515625,4707200,0.0,0.0,PG
2025-12-01 00:00:00-05:00,147.05590914399514,147.84033302057966,146.31119660305905,146.4005584716797,8240700,0.0,0.0,PG
2025-12-02 00:00:00-05:00,144.26570675298743,145.15937089277423,141.50530681355139,144.83169555664062,16376800,0.0,0.0,PG
2025-12-03 00:00:00-05:00,144.89126595096857,147.2445526637969,144.83169137361318,145.6757049560547,9125300,0.0,0.0,PG
2025-12-04 00:00:00-05:00,145.635982482391,146.3806950222792,143.48128268512698,144.33522033691406,10479300,0.0,0.0,PG
2025-12-05 00:00:00-05:00,144.13662609873995,144.60331381233445,142.2400879563636,142.4386749267578,12791700,0.0,0.0,PG
2025-12-08 00:00:00-05:00,141.90248912147007,141.90248912147007,137.16611334624702,137.3647003173828,17507500,0.0,0.0,PG
2025-12-09 00:00:00-05:00,138.2087141958093,139.88680213544322,138.02005126987916,138.64561462402344,10375700,0.0,0.0,PG
2025-12-10 00:00:00-05:00,138.66545946133164,140.2839727866308,138.55623435684123,138.8342742919922,13650400,0.0,0.0,PG
2025-12-11 00:00:00-05:00,140.00595261905156,140.84002699836284,139.37046521321227,139.76763916015625,11798000,0.0,0.0,PG
2025-12-12 00:00:00-05:00,140.0059528934549,142.1010780428027,139.84707725387997,141.83297729492188,10268800,0.0,0.0,PG
2025-12-15 00:00:00-05:00,142.25995438764198,144.2955049700443,142.19044061327773,144.10684204101562,13877700,0.0,0.0,PG
2025-12-16 00:00:00-05:00,145.07000421001243,145.50688949247711,143.63021455778235,144.186279296875,10251700,0.0,0.0,PG
2025-12-17 00:00:00-05:00,145.65584512931426,147.4034317613244,145.4175316630884,146.7679443359375,9833300,0.0,0.0,PG
2025-12-18 00:00:00-05:00,145.58633080784125,146.46013169618024,144.32529515906103,144.4940948486328,12239900,0.0,0.0,PG
2025-12-19 00:00:00-05:00,144.4841595515181,145.02036107518737,142.9252358167948,143.4415740966797,19345600,0.0,0.0,PG
2025-12-22 00:00:00-05:00,142.69684948529002,143.3819722501977,141.41593551570148,141.6840362548828,11731400,0.0,0.0,PG
2025-12-23 00:00:00-05:00,141.48545520934616,142.7167035495963,141.0783420608115,142.1705780029297,9541600,0.0,0.0,PG
2025-12-24 00:00:00-05:00,141.8925571466875,143.71959676728792,141.82305852129923,143.4713592529297,3259200,0.0,0.0,PG
2025-12-26 00:00:00-05:00,143.29261285245263,144.6132381777562,143.29261285245263,143.71958923339844,4711500,0.0,0.0,PG
2025-12-29 00:00:00-05:00,143.77917077875645,144.04727153554498,142.93515717278524,143.55079650878906,7662100,0.0,0.0,PG
2025-12-30 00:00:00-05:00,143.27275265528243,143.44156749285443,142.55784257532954,143.03445434570312,6006400,0.0,0.0,PG
2025-12-31 00:00:00-05:00,142.98480530802715,143.12381770713912,142.2202295373037,142.29966735839844,5293200,0.0,0.0,PG
2026-01-02 00:00:00-05:00,142.10107603702951,142.32945029618563,140.2442643732532,140.79037475585938,8946100,0.0,0.0,PG
2026-01-05 00:00:00-05:00,140.10525075985822,140.35348825932556,138.61582576305412,139.38038635253906,12297300,0.0,0.0,PG
2026-01-06 00:00:00-05:00,139.4002568008058,140.42299413938213,138.526455909123,138.92364501953125,10421800,0.0,0.0,PG
2026-01-07 00:00:00-05:00,138.81442002210596,138.81442002210596,136.64978103444494,137.0668182373047,14369100,0.0,0.0,PG
2026-01-08 00:00:00-05:00,136.9178739350719,140.78044880197245,136.8483753141902,140.53221130371094,9297100,0.0,0.0,PG
2026-01-09 00:00:00-05:00,140.701012329433,141.3265756794208,139.83715067561337,140.86981201171875,9528500,0.0,0.0,PG
2026-01-12 00:00:00-05:00,141.2769346964181,142.86566086832988,140.7109610353549,142.44862365722656,12812000,0.0,0.0,PG
2026-01-13 00:00:00-05:00,142.9848005583041,143.32239992333078,141.96206326640782,143.22311401367188,15549200,0.0,0.0,PG
2026-01-14 00:00:00-05:00,143.65999748594868,145.8643476789965,143.35218541280304,145.3182373046875,13475000,0.0,0.0,PG
2026-01-15 00:00:00-05:00,144.65295222553002,145.31824207468742,143.33234202666281,143.61036682128906,10102800,0.0,0.0,PG
2026-01-16 00:00:00-05:00,142.7464868779499,143.70964959228982,142.64720096844746,143.5110626220703,11729300,0.0,0.0,PG
2026-01-20 00:00:00-05:00,143.44156716939784,145.96365356445312,143.10395264623014,145.96365356445312,12901400,0.0,0.0,PG
2026-01-21 00:00:00-05:00,146.0232234297066,146.33103550309633,143.9479615822863,145.0302734375,14126800,0.0,0.0,PG
2026-01-22 00:00:00-05:00,147.03603743535479,149.8460877461849,146.46012461870836,148.87298583984375,18501900,0.0,0.0,PG
2026-01-23 00:00:00-05:00,150.83999633789062,151.64999389648438,149.8000030517578,150.14999389648438,14561600,1.057,0.0,PG
2025-01-24 00:00:00-05:00,2312.3798828125,2322.27001953125,2303.14990234375,2307.739990234375,4214250000,0.0,0.0,^RUT
2025-01-27 00:00:00-05:00,2290.14990234375,2311.7900390625,2273.669921875,2284.02001953125,5198750000,0.0,0.0,^RUT
2025-01-28 00:00:00-05:00,2287.110107421875,2294.669921875,2275.080078125,2288.860107421875,4473640000,0.0,0.0,^RUT
2025-01-29 00:00:00-05:00,2286.570068359375,2300.8701171875,2269.110107421875,2283.10009765625,4115310000,0.0,0.0,^RUT
2025-01-30 00:00:00-05:00,2299.820068359375,2320.530029296875,2293.7099609375,2307.449951171875,4634620000,0.0,0.0,^RUT
2025-01-31 00:00:00-05:00,2307.699951171875,2322.2900390625,2278.780029296875,2287.68994140625,4843770000,0.0,0.0,^RUT
2025-02-03 00:00:00-05:00,2244.820068359375,2271.2099609375,2229.510009765625,2258.419921875,4797210000,0.0,0.0,^RUT
2025-02-04 00:00:00-05:00,2257.18994140625,2291.3798828125,2257.110107421875,2290.2099609375,4410160000,0.0,0.0,^RUT
2025-02-05 00:00:00-05:00,2297.739990234375,2316.22998046875,2293.3798828125,2316.22998046875,4756250000,0.0,0.0,^RUT
2025-02-06 00:00:00-05:00,2323.300048828125,2326.949951171875,2295.679931640625,2307.1201171875,4847120000,0.0,0.0,^RUT
2025-02-07 00:00:00-05:00,2308.18994140625,2311.510009765625,2277.6298828125,2279.7099609375,4766900000,0.0,0.0,^RUT
2025-02-10 00:00:00-05:00,2289.3798828125,2294.7099609375,2281.64990234375,2287.93994140625,4458760000,0.0,0.0,^RUT
2025-02-11 00:00:00-05:00,2278.159912109375,2282.2099609375,2270.889892578125,2275.699951171875,4324880000,0.0,0.0,^RUT
2025-02-12 00:00:00-05:00,2250.7099609375,2262.570068359375,2240.510009765625,2255.889892578125,4627960000,0.0,0.0,^RUT
2025-02-13 00:00:00-05:00,2264.830078125,2282.419921875,2259.070068359375,2282.179931640625,4763800000,0.0,0.0,^RUT
2025-02-14 00:00:00-05:00,2287.85009765625,2297.7099609375,2276.6298828125,2279.97998046875,4335190000,0.0,0.0,^RUT
2025-02-18 00:00:00-05:00,2281.56005859375,2294.590087890625,2277.169921875,2290.35009765625,4684980000,0.0,0.0,^RUT
2025-02-19 00:00:00-05:00,2278.2900390625,2288.75,2273.6298828125,2282.4599609375,4562330000,0.0,0.0,^RUT
2025-02-20 00:00:00-05:00,2280.300048828125,2280.300048828125,2250.110107421875,2261.739990234375,4813690000,0.0,0.0,^RUT
2025-02-21 00:00:00-05:00,2275.9599609375,2282.6298828125,2194.110107421875,2195.35009765625,5434560000,0.0,0.0,^RUT
2025-02-24 00:00:00-05:00,2200.7099609375,2202.06005859375,2169.5400390625,2178.27001953125,4990120000,0.0,0.0,^RUT
2025-02-25 00:00:00-05:00,2180.469970703125,2184.760009765625,2154.35009765625,2170.080078125,5374690000,0.0,0.0,^RUT
2025-02-26 00:00:00-05:00,2175.43994140625,2199.919921875,2166.860107421875,2174.169921875,4869580000,0.0,0.0,^RUT
2025-02-27 00:00:00-05:00,2175.1298828125,2177.7900390625,2139.409912109375,2139.659912109375,5057680000,0.0,0.0,^RUT
2025-02-28 00:00:00-05:00,2135.590087890625,2163.22998046875,2126.080078125,2163.070068359375,6441140000,0.0,0.0,^RUT
2025-03-03 00:00:00-05:00,2168.02001953125,2173.570068359375,2092.169921875,2102.239990234375,5613850000,0.0,0.0,^RUT
2025-03-04 00:00:00-05:00,2083.699951171875,2112.10009765625,2048.010009765625,2079.530029296875,6138110000,0.0,0.0,^RUT
2025-03-05 00:00:00-05:00,2080.489990234375,2102.949951171875,2066.14990234375,2100.75,5285970000,0.0,0.0,^RUT
2025-03-06 00:00:00-05:00,2081.570068359375,2093.389892578125,2055.419921875,2066.550048828125,5165080000,0.0,0.0,^RUT
2025-03-07 00:00:00-05:00,2065.5,2084.39990234375,2033.68994140625,2075.47998046875,5705140000,0.0,0.0,^RUT
2025-03-10 00:00:00-04:00,2058.090087890625,2058.090087890625,2003.4200439453125,2019.0699462890625,6409370000,0.0,0.0,^RUT
2025-03-11 00:00:00-04:00,2022.52001953125,2043.489990234375,2001.18994140625,2023.5899658203125,6221240000,0.0,0.0,^RUT
2025-03-12 00:00:00-04:00,2037.9100341796875,2050.2099609375,2012.5699462890625,2026.469970703125,5219830000,0.0,0.0,^RUT
2025-03-13 00:00:00-04:00,2026.0799560546875,2031.1600341796875,1984.9200439453125,1993.68994140625,5018980000,0.0,0.0,^RUT
2025-03-14 00:00:00-04:00,2008.530029296875,2044.510009765625,2008.530029296875,2044.0999755859375,4863180000,0.0,0.0,^RUT
2025-03-17 00:00:00-04:00,2041.52001953125,2073.919921875,2039.9599609375,2068.330078125,5031770000,0.0,0.0,^RUT
2025-03-18 00:00:00-04:00,2060.969970703125,2060.969970703125,2043.8699951171875,2049.93994140625,4666270000,0.0,0.0,^RUT
2025-03-19 00:00:00-04:00,2051.280029296875,2092.030029296875,2051.280029296875,2082.080078125,4660090000,0.0,0.0,^RUT
2025-03-20 00:00:00-04:00,2068.60009765625,2089.97998046875,2060.489990234375,2068.6298828125,4678420000,0.0,0.0,^RUT
2025-03-21 00:00:00-04:00,2057.7900390625,2060.77001953125,2040.1400146484375,2056.97998046875,9367460000,0.0,0.0,^RUT
2025-03-24 00:00:00-04:00,2075.47998046875,2110.5400390625,2075.47998046875,2109.3798828125,4517990000,0.0,0.0,^RUT
2025-03-25 00:00:00-04:00,2108.25,2110.080078125,2090.0400390625,2095.3798828125,4467340000,0.0,0.0,^RUT
2025-03-26 00:00:00-04:00,2097.179931640625,2103.7099609375,2066.300048828125,2073.830078125,4183140000,0.0,0.0,^RUT
2025-03-27 00:00:00-04:00,2072.47998046875,2079.300048828125,2057.60009765625,2065.699951171875,4403460000,0.0,0.0,^RUT
2025-03-28 00:00:00-04:00,2063.31005859375,2063.31005859375,2013.0,2023.27001953125,4513330000,0.0,0.0,^RUT
2025-03-31 00:00:00-04:00,1997.969970703125,2021.949951171875,1973.0799560546875,2011.9100341796875,5257250000,0.0,0.0,^RUT
2025-04-01 00:00:00-04:00,2007.5899658203125,2027.0,1985.6700439453125,2012.239990234375,4434500000,0.0,0.0,^RUT
2025-04-02 00:00:00-04:00,1998.3299560546875,2048.14990234375,1986.3299560546875,2045.3599853515625,4243830000,0.0,0.0,^RUT
2025-04-03 00:00:00-04:00,1981.6700439453125,1981.6700439453125,1909.699951171875,1910.550048828125,7210470000,0.0,0.0,^RUT
2025-04-04 00:00:00-04:00,1866.0,1866.0,1783.06005859375,1827.030029296875,8853500000,0.0,0.0,^RUT
2025-04-07 00:00:00-04:00,1775.1199951171875,1891.1600341796875,1733.1600341796875,1810.1400146484375,8691980000,0.0,0.0,^RUT
2025-04-08 00:00:00-04:00,1850.9100341796875,1868.989990234375,1738.8199462890625,1760.7099609375,7408140000,0.0,0.0,^RUT
2025-04-09 00:00:00-04:00,1743.18994140625,1930.5999755859375,1732.989990234375,1913.1600341796875,9489600000,0.0,0.0,^RUT
2025-04-10 00:00:00-04:00,1864.77001953125,1864.77001953125,1788.97998046875,1831.3900146484375,6677140000,0.0,0.0,^RUT
2025-04-11 00:00:00-04:00,1827.6600341796875,1860.8499755859375,1802.22998046875,1860.199951171875,5602550000,0.0,0.0,^RUT
2025-04-14 00:00:00-04:00,1890.6600341796875,1892.8800048828125,1848.530029296875,1880.8800048828125,5031440000,0.0,0.0,^RUT
2025-04-15 00:00:00-04:00,1879.6800537109375,1902.3199462890625,1874.989990234375,1882.9200439453125,4317110000,0.0,0.0,^RUT
2025-04-16 00:00:00-04:00,1872.760009765625,1879.9000244140625,1842.1500244140625,1863.47998046875,4607750000,0.0,0.0,^RUT
2025-04-17 00:00:00-04:00,1863.5,1887.6400146484375,1861.300048828125,1880.6199951171875,4714880000,0.0,0.0,^RUT
2025-04-21 00:00:00-04:00,1862.7099609375,1863.2099609375,1823.3800048828125,1840.3199462890625,4226340000,0.0,0.0,^RUT
2025-04-22 00:00:00-04:00,1863.93994140625,1892.9200439453125,1860.800048828125,1890.280029296875,4666950000,0.0,0.0,^RUT
2025-04-23 00:00:00-04:00,1938.31005859375,1967.9200439453125,1914.6199951171875,1919.1400146484375,5371390000,0.0,0.0,^RUT
2025-04-24 00:00:00-04:00,1922.4599609375,1958.7099609375,1919.050048828125,1957.5899658203125,4697710000,0.0,0.0,^RUT
2025-04-25 00:00:00-04:00,1944.72998046875,1957.6199951171875,1934.3800048828125,1957.6199951171875,4236580000,0.0,0.0,^RUT
2025-04-28 00:00:00-04:00,1960.3900146484375,1973.93994140625,1942.02001953125,1965.550048828125,4257880000,0.0,0.0,^RUT
2025-04-29 00:00:00-04:00,1957.93994140625,1982.8399658203125,1948.1600341796875,1976.52001953125,4747150000,0.0,0.0,^RUT
2025-04-30 00:00:00-04:00,1950.0699462890625,1969.4000244140625,1925.3499755859375,1964.1199951171875,5449490000,0.0,0.0,^RUT
2025-05-01 00:00:00-04:00,1974.780029296875,1990.699951171875,1960.489990234375,1975.8599853515625,4935270000,0.0,0.0,^RUT
2025-05-02 00:00:00-04:00,1997.72998046875,2026.530029296875,1997.72998046875,2020.739990234375,4854380000,0.0,0.0,^RUT
2025-05-05 00:00:00-04:00,2003.97998046875,2020.0899658203125,2000.2900390625,2004.260009765625,4358260000,0.0,0.0,^RUT
2025-05-06 00:00:00-04:00,1984.699951171875,1998.3199462890625,1976.8599853515625,1983.18994140625,4717260000,0.0,0.0,^RUT
2025-05-07 00:00:00-04:00,1993.72998046875,1998.7900390625,1977.6099853515625,1989.6600341796875,4987440000,0.0,0.0,^RUT
2025-05-08 00:00:00-04:00,2009.72998046875,2040.4599609375,2000.1199951171875,2026.4100341796875,5627400000,0.0,0.0,^RUT
2025-05-09 00:00:00-04:00,2031.1300048828125,2037.300048828125,2016.2900390625,2023.0699462890625,4645090000,0.0,0.0,^RUT
2025-05-12 00:00:00-04:00,2086.81005859375,2104.7099609375,2076.909912109375,2092.199951171875,6014580000,0.0,0.0,^RUT
2025-05-13 00:00:00-04:00,2101.550048828125,2109.949951171875,2095.239990234375,2102.35009765625,5516290000,0.0,0.0,^RUT
2025-05-14 00:00:00-04:00,2096.4599609375,2099.340087890625,2082.81005859375,2083.800048828125,5233450000,0.0,0.0,^RUT
2025-05-15 00:00:00-04:00,2077.39990234375,2094.969970703125,2069.340087890625,2094.68994140625,4991290000,0.0,0.0,^RUT
2025-05-16 00:00:00-04:00,2096.02001953125,2114.949951171875,2094.35009765625,2113.25,4850850000,0.0,0.0,^RUT
2025-05-19 00:00:00-04:00,2082.199951171875,2104.5400390625,2081.47998046875,2104.429931640625,4144010000,0.0,0.0,^RUT
2025-05-20 00:00:00-04:00,2101.3798828125,2111.18994140625,2095.550048828125,2105.580078125,4416850000,0.0,0.0,^RUT
2025-05-21 00:00:00-04:00,2084.110107421875,2087.070068359375,2043.1800537109375,2046.56005859375,5254250000,0.0,0.0,^RUT
2025-05-22 00:00:00-04:00,2042.030029296875,2057.010009765625,2032.4000244140625,2045.56005859375,5157050000,0.0,0.0,^RUT
2025-05-23 00:00:00-04:00,2014.1099853515625,2044.8900146484375,2011.199951171875,2039.8499755859375,4662820000,0.0,0.0,^RUT
2025-05-27 00:00:00-04:00,2059.179931640625,2090.56005859375,2058.199951171875,2090.39990234375,5366380000,0.0,0.0,^RUT
2025-05-28 00:00:00-04:00,2089.909912109375,2092.389892578125,2066.43994140625,2067.800048828125,4665050000,0.0,0.0,^RUT
2025-05-29 00:00:00-04:00,2077.669921875,2081.52001953125,2061.02001953125,2074.780029296875,4569750000,0.0,0.0,^RUT
2025-05-30 00:00:00-04:00,2067.330078125,2074.739990234375,2051.1201171875,2066.2900390625,6378540000,0.0,0.0,^RUT
2025-06-02 00:00:00-04:00,2066.5,2070.5400390625,2043.5999755859375,2070.159912109375,4832240000,0.0,0.0,^RUT
2025-06-03 00:00:00-04:00,2074.030029296875,2107.389892578125,2070.860107421875,2102.97998046875,5026680000,0.0,0.0,^RUT
2025-06-04 00:00:00-04:00,2103.280029296875,2110.219970703125,2096.72998046875,2098.47998046875,4767050000,0.0,0.0,^RUT
2025-06-05 00:00:00-04:00,2099.56005859375,2110.080078125,2086.7900390625,2097.35009765625,5091850000,0.0,0.0,^RUT
2025-06-06 00:00:00-04:00,2115.2099609375,2132.35009765625,2115.2099609375,2132.25,4355710000,0.0,0.0,^RUT
2025-06-09 00:00:00-04:00,2144.159912109375,2154.389892578125,2139.050048828125,2144.449951171875,4642360000,0.0,0.0,^RUT
2025-06-10 00:00:00-04:00,2150.739990234375,2164.469970703125,2150.739990234375,2156.409912109375,4882880000,0.0,0.0,^RUT
2025-06-11 00:00:00-04:00,2163.550048828125,2170.489990234375,2146.909912109375,2148.22998046875,5111550000,0.0,0.0,^RUT
2025-06-12 00:00:00-04:00,2142.280029296875,2142.8798828125,2131.070068359375,2140.090087890625,4669500000,0.0,0.0,^RUT
2025-06-13 00:00:00-04:00,2120.22998046875,2125.080078125,2095.64990234375,2100.510009765625,5258910000,0.0,0.0,^RUT
2025-06-16 00:00:00-04:00,2115.070068359375,2134.7099609375,2115.070068359375,2124.1298828125,5111710000,0.0,0.0,^RUT
2025-06-17 00:00:00-04:00,2113.860107421875,2120.3798828125,2101.590087890625,2101.9599609375,4955700000,0.0,0.0,^RUT
2025-06-18 00:00:00-04:00,2101.360107421875,2127.669921875,2100.43994140625,2112.9599609375,5106470000,0.0,0.0,^RUT
2025-06-20 00:00:00-04:00,2123.39990234375,2127.550048828125,2103.320068359375,2109.27001953125,7451500000,0.0,0.0,^RUT
2025-06-23 00:00:00-04:00,2105.52001953125,2133.360107421875,2088.070068359375,2132.679931640625,5597000000,0.0,0.0,^RUT
2025-06-24 00:00:00-04:00,2144.9599609375,2164.89990234375,2142.739990234375,2161.2099609375,5443690000,0.0,0.0,^RUT
2025-06-25 00:00:00-04:00,2163.010009765625,2163.669921875,2135.9599609375,2136.179931640625,5171110000,0.0,0.0,^RUT
2025-06-26 00:00:00-04:00,2141.469970703125,2172.1298828125,2141.469970703125,2172.110107421875,5308140000,0.0,0.0,^RUT
2025-06-27 00:00:00-04:00,2176.739990234375,2189.179931640625,2159.800048828125,2172.530029296875,7889350000,0.0,0.0,^RUT
2025-06-30 00:00:00-04:00,2177.820068359375,2182.3701171875,2173.199951171875,2175.0400390625,5782900000,0.0,0.0,^RUT
2025-07-01 00:00:00-04:00,2165.6298828125,2218.590087890625,2160.6298828125,2197.5400390625,6275310000,0.0,0.0,^RUT
2025-07-02 00:00:00-04:00,2199.659912109375,2226.7900390625,2194.260009765625,2226.3798828125,5645710000,0.0,0.0,^RUT
2025-07-03 00:00:00-04:00,2232.300048828125,2249.0400390625,2232.300048828125,2249.0400390625,3378110000,0.0,0.0,^RUT
2025-07-07 00:00:00-04:00,2237.52001953125,2243.3798828125,2204.31005859375,2214.22998046875,5236740000,0.0,0.0,^RUT
2025-07-08 00:00:00-04:00,2219.10009765625,2238.530029296875,2219.10009765625,2228.739990234375,5739030000,0.0,0.0,^RUT
2025-07-09 00:00:00-04:00,2236.35009765625,2252.77001953125,2229.35009765625,2252.489990234375,4813340000,0.0,0.0,^RUT
2025-07-10 00:00:00-04:00,2251.0400390625,2275.699951171875,2247.18994140625,2263.409912109375,5367350000,0.0,0.0,^RUT
2025-07-11 00:00:00-04:00,2253.949951171875,2253.949951171875,2233.409912109375,2234.830078125,4656210000,0.0,0.0,^RUT
2025-07-14 00:00:00-04:00,2231.679931640625,2250.199951171875,2229.4599609375,2249.72998046875,4722250000,0.0,0.0,^RUT
2025-07-15 00:00:00-04:00,2254.77001953125,2257.570068359375,2205.050048828125,2205.050048828125,5133670000,0.0,0.0,^RUT
2025-07-16 00:00:00-04:00,2212.8798828125,2229.949951171875,2189.300048828125,2226.989990234375,5177460000,0.0,0.0,^RUT
2025-07-17 00:00:00-04:00,2228.050048828125,2258.4599609375,2227.199951171875,2253.679931640625,5512290000,0.0,0.0,^RUT
2025-07-18 00:00:00-04:00,2265.14990234375,2269.610107421875,2238.110107421875,2240.010009765625,5184700000,0.0,0.0,^RUT
2025-07-21 00:00:00-04:00,2248.25,2259.219970703125,2230.02001953125,2231.1298828125,5010840000,0.0,0.0,^RUT
2025-07-22 00:00:00-04:00,2231.179931640625,2254.570068359375,2224.330078125,2248.760009765625,5662040000,0.0,0.0,^RUT
2025-07-23 00:00:00-04:00,2259.18994140625,2283.199951171875,2259.18994140625,2283.1298828125,5642510000,0.0,0.0,^RUT
2025-07-24 00:00:00-04:00,2276.469970703125,2276.469970703125,2251.77001953125,2252.1298828125,5282720000,0.0,0.0,^RUT
2025-07-25 00:00:00-04:00,2257.2900390625,2262.580078125,2244.4599609375,2261.070068359375,4470720000,0.0,0.0,^RUT
2025-07-28 00:00:00-04:00,2267.570068359375,2270.169921875,2252.97998046875,2256.72998046875,4565620000,0.0,0.0,^RUT
2025-07-29 00:00:00-04:00,2268.330078125,2273.3798828125,2239.090087890625,2242.9599609375,5076120000,0.0,0.0,^RUT
2025-07-30 00:00:00-04:00,2249.320068359375,2265.81005859375,2220.300048828125,2232.39990234375,5375070000,0.0,0.0,^RUT
2025-07-31 00:00:00-04:00,2225.639892578125,2235.6298828125,2207.389892578125,2211.64990234375,6077080000,0.0,0.0,^RUT
2025-08-01 00:00:00-04:00,2192.93994140625,2192.93994140625,2143.429931640625,2166.780029296875,5827150000,0.0,0.0,^RUT
2025-08-04 00:00:00-04:00,2177.10009765625,2212.449951171875,2177.10009765625,2212.300048828125,4842580000,0.0,0.0,^RUT
2025-08-05 00:00:00-04:00,2218.43994140625,2228.47998046875,2200.72998046875,2225.669921875,5517410000,0.0,0.0,^RUT
2025-08-06 00:00:00-04:00,2224.25,2225.360107421875,2211.2099609375,2221.2900390625,5408560000,0.0,0.0,^RUT
2025-08-07 00:00:00-04:00,2234.580078125,2243.159912109375,2202.8701171875,2214.719970703125,5306090000,0.0,0.0,^RUT
2025-08-08 00:00:00-04:00,2222.7900390625,2228.300048828125,2214.27001953125,2218.419921875,4769910000,0.0,0.0,^RUT
2025-08-11 00:00:00-04:00,2221.909912109375,2229.72998046875,2213.5400390625,2216.510009765625,4652400000,0.0,0.0,^RUT
2025-08-12 00:00:00-04:00,2232.06005859375,2283.669921875,2229.679931640625,2282.780029296875,5135300000,0.0,0.0,^RUT
2025-08-13 00:00:00-04:00,2296.18994140625,2329.260009765625,2296.030029296875,2328.06005859375,5195950000,0.0,0.0,^RUT
2025-08-14 00:00:00-04:00,2304.489990234375,2304.489990234375,2279.860107421875,2299.080078125,4462050000,0.0,0.0,^RUT
2025-08-15 00:00:00-04:00,2304.199951171875,2305.0,2279.570068359375,2286.52001953125,4575060000,0.0,0.0,^RUT
2025-08-18 00:00:00-04:00,2287.110107421875,2298.27001953125,2285.800048828125,2294.469970703125,4162290000,0.0,0.0,^RUT
2025-08-19 00:00:00-04:00,2295.1201171875,2300.510009765625,2272.860107421875,2276.610107421875,4377440000,0.0,0.0,^RUT
2025-08-20 00:00:00-04:00,2273.7900390625,2274.68994140625,2252.429931640625,2269.35009765625,4470390000,0.0,0.0,^RUT
2025-08-21 00:00:00-04:00,2258.93994140625,2277.010009765625,2254.550048828125,2274.10009765625,4013560000,0.0,0.0,^RUT
2025-08-22 00:00:00-04:00,2285.179931640625,2366.60009765625,2285.179931640625,2361.949951171875,5046860000,0.0,0.0,^RUT
2025-08-25 00:00:00-04:00,2357.389892578125,2357.389892578125,2339.070068359375,2339.169921875,4059070000,0.0,0.0,^RUT
2025-08-26 00:00:00-04:00,2339.169921875,2361.7099609375,2339.169921875,2358.60009765625,4867680000,0.0,0.0,^RUT
2025-08-27 00:00:00-04:00,2353.929931640625,2375.7099609375,2352.780029296875,2373.800048828125,4143680000,0.0,0.0,^RUT
2025-08-28 00:00:00-04:00,2382.590087890625,2384.010009765625,2370.1201171875,2378.409912109375,4283760000,0.0,0.0,^RUT
2025-08-29 00:00:00-04:00,2381.159912109375,2382.1298828125,2359.39990234375,2366.419921875,4234840000,0.0,0.0,^RUT
2025-09-02 00:00:00-04:00,2339.860107421875,2354.989990234375,2329.949951171875,2352.2099609375,4784000000,0.0,0.0,^RUT
2025-09-03 00:00:00-04:00,2352.3701171875,2359.199951171875,2340.489990234375,2349.969970703125,4465360000,0.0,0.0,^RUT
2025-09-04 00:00:00-04:00,2354.409912109375,2379.7900390625,2351.340087890625,2379.610107421875,4670770000,0.0,0.0,^RUT
2025-09-05 00:00:00-04:00,2389.97998046875,2407.3701171875,2366.780029296875,2391.050048828125,5066120000,0.0,0.0,^RUT
2025-09-08 00:00:00-04:00,2395.64990234375,2398.139892578125,2378.820068359375,2394.889892578125,5211500000,0.0,0.0,^RUT
2025-09-09 00:00:00-04:00,2393.550048828125,2393.989990234375,2370.2099609375,2381.820068359375,4798350000,0.0,0.0,^RUT
2025-09-10 00:00:00-04:00,2384.68994140625,2394.159912109375,2369.010009765625,2378.010009765625,5253010000,0.0,0.0,^RUT
2025-09-11 00:00:00-04:00,2380.93994140625,2422.330078125,2379.989990234375,2421.530029296875,5426460000,0.0,0.0,^RUT
2025-09-12 00:00:00-04:00,2416.0,2416.050048828125,2396.7099609375,2397.06005859375,4641640000,0.0,0.0,^RUT
2025-09-15 00:00:00-04:00,2402.93994140625,2411.52001953125,2399.780029296875,2405.1298828125,5045020000,0.0,0.0,^RUT
2025-09-16 00:00:00-04:00,2405.0,2406.919921875,2388.25,2403.030029296875,5359510000,0.0,0.0,^RUT
2025-09-17 00:00:00-04:00,2406.10009765625,2453.360107421875,2396.10009765625,2407.340087890625,5805340000,0.0,0.0,^RUT
2025-09-18 00:00:00-04:00,2420.590087890625,2470.070068359375,2420.590087890625,2467.699951171875,5292400000,0.0,0.0,^RUT
2025-09-19 00:00:00-04:00,2471.9599609375,2472.27001953125,2445.860107421875,2448.77001953125,9125960000,0.0,0.0,^RUT
2025-09-22 00:00:00-04:00,2445.89990234375,2466.889892578125,2431.6201171875,2463.340087890625,5642620000,0.0,0.0,^RUT
2025-09-23 00:00:00-04:00,2467.27001953125,2488.840087890625,2455.070068359375,2457.510009765625,5633620000,0.0,0.0,^RUT
2025-09-24 00:00:00-04:00,2459.2900390625,2461.489990234375,2434.97998046875,2434.97998046875,5459180000,0.0,0.0,^RUT
2025-09-25 00:00:00-04:00,2418.97998046875,2418.97998046875,2393.81005859375,2411.0400390625,5874670000,0.0,0.0,^RUT
2025-09-26 00:00:00-04:00,2414.969970703125,2435.14990234375,2413.550048828125,2434.320068359375,5103110000,0.0,0.0,^RUT
2025-09-29 00:00:00-04:00,2442.659912109375,2449.260009765625,2428.300048828125,2435.25,5358760000,0.0,0.0,^RUT
2025-09-30 00:00:00-04:00,2432.639892578125,2438.330078125,2413.280029296875,2436.47998046875,6057210000,0.0,0.0,^RUT
2025-10-01 00:00:00-04:00,2428.22998046875,2447.4599609375,2424.8798828125,2442.35009765625,6037950000,0.0,0.0,^RUT
2025-10-02 00:00:00-04:00,2448.97998046875,2458.550048828125,2435.7900390625,2458.489990234375,5416130000,0.0,0.0,^RUT
2025-10-03 00:00:00-04:00,2466.679931640625,2497.360107421875,2466.679931640625,2476.179931640625,5713110000,0.0,0.0,^RUT
2025-10-06 00:00:00-04:00,2489.139892578125,2501.919921875,2481.340087890625,2486.35009765625,5604460000,0.0,0.0,^RUT
2025-10-07 00:00:00-04:00,2490.429931640625,2493.10009765625,2451.31005859375,2458.419921875,5546150000,0.0,0.0,^RUT
2025-10-08 00:00:00-04:00,2467.6298828125,2487.639892578125,2458.669921875,2483.989990234375,5383130000,0.0,0.0,^RUT
2025-10-09 00:00:00-04:00,2485.739990234375,2490.75,2459.6298828125,2468.85009765625,5385020000,0.0,0.0,^RUT
2025-10-10 00:00:00-04:00,2473.2900390625,2484.35009765625,2393.85009765625,2394.590087890625,5385020000,0.0,0.0,^RUT
2025-10-13 00:00:00-04:00,2423.0,2462.919921875,2423.0,2461.419921875,5303960000,0.0,0.0,^RUT
2025-10-14 00:00:00-04:00,2444.22998046875,2512.679931640625,2417.739990234375,2495.5,5666920000,0.0,0.0,^RUT
2025-10-15 00:00:00-04:00,2510.570068359375,2541.669921875,2490.56005859375,2519.75,5633060000,0.0,0.0,^RUT
2025-10-16 00:00:00-04:00,2523.050048828125,2529.2900390625,2458.25,2467.02001953125,6048180000,0.0,0.0,^RUT
2025-10-17 00:00:00-04:00,2455.659912109375,2465.090087890625,2433.18994140625,2452.169921875,5358120000,0.0,0.0,^RUT
2025-10-20 00:00:00-04:00,2471.14990234375,2500.530029296875,2471.14990234375,2499.909912109375,4672170000,0.0,0.0,^RUT
2025-10-21 00:00:00-04:00,2495.679931640625,2500.550048828125,2473.570068359375,2487.68994140625,5245020000,0.0,0.0,^RUT
2025-10-22 00:00:00-04:00,2483.330078125,2485.139892578125,2426.530029296875,2451.550048828125,5710010000,0.0,0.0,^RUT
2025-10-23 00:00:00-04:00,2457.330078125,2488.35009765625,2457.330078125,2482.659912109375,5565750000,0.0,0.0,^RUT
2025-10-24 00:00:00-04:00,2502.110107421875,2526.840087890625,2502.110107421875,2513.469970703125,5058220000,0.0,0.0,^RUT
2025-10-27 00:00:00-04:00,2527.2099609375,2539.93994140625,2515.570068359375,2520.43994140625,5290650000,0.0,0.0,^RUT
2025-10-28 00:00:00-04:00,2516.1201171875,2523.780029296875,2500.81005859375,2506.64990234375,5695930000,0.0,0.0,^RUT
2025-10-29 00:00:00-04:00,2505.43994140625,2527.5400390625,2467.7099609375,2484.81005859375,6280130000,0.0,0.0,^RUT
2025-10-30 00:00:00-04:00,2476.830078125,2496.050048828125,2464.81005859375,2465.949951171875,6052700000,0.0,0.0,^RUT
2025-10-31 00:00:00-04:00,2469.179931640625,2484.199951171875,2455.969970703125,2479.3798828125,6398280000,0.0,0.0,^RUT
2025-11-03 00:00:00-05:00,2481.050048828125,2481.050048828125,2441.909912109375,2471.239990234375,6065720000,0.0,0.0,^RUT
2025-11-04 00:00:00-05:00,2447.610107421875,2457.1201171875,2426.6201171875,2427.340087890625,5739510000,0.0,0.0,^RUT
2025-11-05 00:00:00-05:00,2429.1298828125,2473.360107421875,2429.1298828125,2464.780029296875,5939600000,0.0,0.0,^RUT
2025-11-06 00:00:00-05:00,2460.239990234375,2461.469970703125,2417.090087890625,2418.820068359375,6051900000,0.0,0.0,^RUT
2025-11-07 00:00:00-05:00,2407.969970703125,2432.909912109375,2380.070068359375,2432.820068359375,5926070000,0.0,0.0,^RUT
2025-11-10 00:00:00-05:00,2451.75,2468.889892578125,2440.330078125,2455.64990234375,5366050000,0.0,0.0,^RUT
2025-11-11 00:00:00-05:00,2451.81005859375,2463.570068359375,2443.409912109375,2458.280029296875,4983490000,0.0,0.0,^RUT
2025-11-12 00:00:00-05:00,2463.360107421875,2478.139892578125,2449.530029296875,2450.800048828125,5293610000,0.0,0.0,^RUT
2025-11-13 00:00:00-05:00,2441.610107421875,2441.610107421875,2375.3701171875,2382.97998046875,5473720000,0.0,0.0,^RUT
2025-11-14 00:00:00-05:00,2359.159912109375,2400.449951171875,2345.10009765625,2388.22998046875,5042660000,0.0,0.0,^RUT
2025-11-17 00:00:00-05:00,2381.68994140625,2390.919921875,2334.260009765625,2341.3798828125,5204220000,0.0,0.0,^RUT
2025-11-18 00:00:00-05:00,2333.409912109375,2363.580078125,2325.110107421875,2348.739990234375,5159390000,0.0,0.0,^RUT
2025-11-19 00:00:00-05:00,2349.35009765625,2375.3798828125,2340.550048828125,2347.889892578125,5021610000,0.0,0.0,^RUT
2025-11-20 00:00:00-05:00,2365.330078125,2404.25,2303.4599609375,2305.110107421875,5596080000,0.0,0.0,^RUT
2025-11-21 00:00:00-05:00,2306.780029296875,2383.550048828125,2306.780029296875,2369.590087890625,5929930000,0.0,0.0,^RUT
2025-11-24 00:00:00-05:00,2372.800048828125,2418.31005859375,2372.340087890625,2414.280029296875,6039740000,0.0,0.0,^RUT
2025-11-25 00:00:00-05:00,2417.669921875,2470.830078125,2417.669921875,2465.97998046875,5003330000,0.0,0.0,^RUT
2025-11-26 00:00:00-05:00,2466.010009765625,2502.9599609375,2464.7099609375,2486.1201171875,4485000000,0.0,0.0,^RUT
2025-11-28 00:00:00-05:00,2492.050048828125,2501.4599609375,2492.050048828125,2500.429931640625,2558540000,0.0,0.0,^RUT
2025-12-01 00:00:00-05:00,2482.22998046875,2488.580078125,2468.010009765625,2469.1298828125,4549370000,0.0,0.0,^RUT
2025-12-02 00:00:00-05:00,2480.050048828125,2487.639892578125,2464.97998046875,2464.97998046875,4582290000,0.0,0.0,^RUT
2025-12-03 00:00:00-05:00,2469.639892578125,2512.449951171875,2468.64990234375,2512.139892578125,4736780000,0.0,0.0,^RUT
2025-12-04 00:00:00-05:00,2508.239990234375,2540.010009765625,2501.77001953125,2531.159912109375,4872440000,0.0,0.0,^RUT
2025-12-05 00:00:00-05:00,2530.449951171875,2538.3701171875,2517.909912109375,2521.47998046875,4944560000,0.0,0.0,^RUT
2025-12-08 00:00:00-05:00,2532.419921875,2540.89990234375,2517.139892578125,2520.97998046875,4757130000,0.0,0.0,^RUT
2025-12-09 00:00:00-05:00,2515.7900390625,2541.77001953125,2514.090087890625,2526.239990234375,4508050000,0.0,0.0,^RUT
2025-12-10 00:00:00-05:00,2524.47998046875,2576.31005859375,2519.169921875,2559.610107421875,5526570000,0.0,0.0,^RUT
2025-12-11 00:00:00-05:00,2560.97998046875,2593.889892578125,2558.4599609375,2590.610107421875,5021060000,0.0,0.0,^RUT
2025-12-12 00:00:00-05:00,2593.360107421875,2595.97998046875,2548.81005859375,2551.4599609375,4910160000,0.0,0.0,^RUT
2025-12-15 00:00:00-05:00,2562.5,2567.4599609375,2529.3701171875,2530.669921875,4975600000,0.0,0.0,^RUT
2025-12-16 00:00:00-05:00,2526.5,2536.6201171875,2506.550048828125,2519.300048828125,4983180000,0.0,0.0,^RUT
2025-12-17 00:00:00-05:00,2522.110107421875,2540.25,2487.97998046875,2492.300048828125,5122120000,0.0,0.0,^RUT
2025-12-18 00:00:00-05:00,2517.659912109375,2531.7900390625,2504.489990234375,2507.8701171875,5101190000,0.0,0.0,^RUT
2025-12-19 00:00:00-05:00,2508.590087890625,2534.820068359375,2508.590087890625,2529.429931640625,8554470000,0.0,0.0,^RUT
2025-12-22 00:00:00-05:00,2538.800048828125,2572.89990234375,2538.800048828125,2558.780029296875,4465030000,0.0,0.0,^RUT
2025-12-23 00:00:00-05:00,2548.639892578125,2553.199951171875,2537.93994140625,2541.1201171875,3820560000,0.0,0.0,^RUT
2025-12-24 00:00:00-05:00,2539.330078125,2549.9599609375,2535.1298828125,2548.080078125,1798270000,0.0,0.0,^RUT
2025-12-26 00:00:00-05:00,2546.780029296875,2546.780029296875,2527.360107421875,2534.35009765625,2586550000,0.0,0.0,^RUT
2025-12-29 00:00:00-05:00,2524.840087890625,2533.64990234375,2515.679931640625,2519.800048828125,3541750000,0.0,0.0,^RUT
2025-12-30 00:00:00-05:00,2519.89990234375,2520.909912109375,2500.489990234375,2500.590087890625,3309930000,0.0,0.0,^RUT
2025-12-31 00:00:00-05:00,2500.3701171875,2501.77001953125,2480.679931640625,2481.909912109375,3261830000,0.0,0.0,^RUT
2026-01-02 00:00:00-05:00,2491.820068359375,2509.719970703125,2481.590087890625,2508.219970703125,4184120000,0.0,0.0,^RUT
2026-01-05 00:00:00-05:00,2516.81005859375,2556.239990234375,2516.81005859375,2547.919921875,5771930000,0.0,0.0,^RUT
2026-01-06 00:00:00-05:00,2544.9599609375,2582.989990234375,2541.6298828125,2582.89990234375,5509680000,0.0,0.0,^RUT
2026-01-07 00:00:00-05:00,2585.6201171875,2585.6201171875,2563.39990234375,2575.419921875,5214480000,0.0,0.0,^RUT
2026-01-08 00:00:00-05:00,2567.610107421875,2608.580078125,2566.659912109375,2603.909912109375,5333200000,0.0,0.0,^RUT
2026-01-09 00:00:00-05:00,2614.72998046875,2635.800048828125,2606.659912109375,2624.219970703125,5163900000,0.0,0.0,^RUT
2026-01-12 00:00:00-05:00,2614.090087890625,2636.719970703125,2606.89990234375,2635.68994140625,5019040000,0.0,0.0,^RUT
2026-01-13 00:00:00-05:00,2644.489990234375,2647.0400390625,2627.39990234375,2633.110107421875,5091730000,0.0,0.0,^RUT
2026-01-14 00:00:00-05:00,2631.06005859375,2653.31005859375,2624.2900390625,2651.639892578125,5530830000,0.0,0.0,^RUT
2026-01-15 00:00:00-05:00,2661.110107421875,2689.280029296875,2659.2900390625,2674.56005859375,5114050000,0.0,0.0,^RUT
2026-01-16 00:00:00-05:00,2676.81005859375,2692.22998046875,2668.56005859375,2677.739990234375,5356550000,0.0,0.0,^RUT
2026-01-20 00:00:00-05:00,2636.840087890625,2670.320068359375,2632.360107421875,2645.360107421875,5769500000,0.0,0.0,^RUT
2026-01-21 00:00:00-05:00,2662.1201171875,2703.75,2651.469970703125,2698.169921875,5835520000,0.0,0.0,^RUT
2026-01-22 00:00:00-05:00,2717.800048828125,2735.10009765625,2714.989990234375,2718.77001953125,5307580000,0.0,0.0,^RUT
2026-01-23 00:00:00-05:00,2712.699951171875,2712.699951171875,2664.550048828125,2669.159912109375,4871930000,0.0,0.0,^RUT
2025-01-24 00:00:00-05:00,15.020000457763672,15.15999984741211,14.579999923706055,14.850000381469727,0,0.0,0.0,^VIX
2025-01-27 00:00:00-05:00,18.829999923706055,22.510000228881836,17.56999969482422,17.899999618530273,0,0.0,0.0,^VIX
2025-01-28 00:00:00-05:00,18.290000915527344,18.389999389648438,16.25,16.40999984741211,0,0.0,0.0,^VIX
2025-01-29 00:00:00-05:00,16.420000076293945,18.079999923706055,16.170000076293945,16.559999465942383,0,0.0,0.0,^VIX
2025-01-30 00:00:00-05:00,15.930000305175781,16.420000076293945,15.319999694824219,15.84000015258789,0,0.0,0.0,^VIX
2025-01-31 00:00:00-05:00,15.449999809265137,17.09000015258789,14.899999618530273,16.43000030517578,0,0.0,0.0,^VIX
2025-02-03 00:00:00-05:00,20.360000610351562,20.420000076293945,17.65999984741211,18.6200008392334,0,0.0,0.0,^VIX
2025-02-04 00:00:00-05:00,18.780000686645508,19.110000610351562,16.780000686645508,17.209999084472656,0,0.0,0.0,^VIX
2025-02-05 00:00:00-05:00,17.540000915527344,17.75,15.770000457763672,15.770000457763672,0,0.0,0.0,^VIX
2025-02-06 00:00:00-05:00,15.880000114440918,16.149999618530273,14.989999771118164,15.5,0,0.0,0.0,^VIX
2025-02-07 00:00:00-05:00,15.380000114440918,16.65999984741211,14.789999961853027,16.540000915527344,0,0.0,0.0,^VIX
2025-02-10 00:00:00-05:00,16.579999923706055,16.610000610351562,15.699999809265137,15.8100004196167,0,0.0,0.0,^VIX
2025-02-11 00:00:00-05:00,16.1299991607666,16.420000076293945,15.75,16.020000457763672,0,0.0,0.0,^VIX
2025-02-12 00:00:00-05:00,15.90999984741211,17.18000030517578,15.640000343322754,15.890000343322754,0,0.0,0.0,^VIX
2025-02-13 00:00:00-05:00,15.970000267028809,16.329999923706055,14.979999542236328,15.100000381469727,0,0.0,0.0,^VIX
2025-02-14 00:00:00-05:00,15.079999923706055,15.420000076293945,14.739999771118164,14.770000457763672,0,0.0,0.0,^VIX
2025-02-18 00:00:00-05:00,15.569999694824219,16.030000686645508,15.350000381469727,15.350000381469727,0,0.0,0.0,^VIX
2025-02-19 00:00:00-05:00,15.140000343322754,15.960000038146973,15.050000190734863,15.270000457763672,0,0.0,0.0,^VIX
2025-02-20 00:00:00-05:00,15.609999656677246,16.6299991607666,15.119999885559082,15.65999984741211,0,0.0,0.0,^VIX
2025-02-21 00:00:00-05:00,15.630000114440918,19.030000686645508,15.279999732971191,18.209999084472656,0,0.0,0.0,^VIX
2025-02-24 00:00:00-05:00,18.079999923706055,20.239999771118164,17.309999465942383,18.979999542236328,0,0.0,0.0,^VIX
2025-02-25 00:00:00-05:00,19.09000015258789,21.479999542236328,18.850000381469727,19.43000030517578,0,0.0,0.0,^VIX
2025-02-26 00:00:00-05:00,18.959999084472656,20.059999465942383,17.829999923706055,19.100000381469727,0,0.0,0.0,^VIX
2025-02-27 00:00:00-05:00,18.25,21.469999313354492,17.670000076293945,21.1299991607666,0,0.0,0.0,^VIX
2025-02-28 00:00:00-05:00,21.209999084472656,22.399999618530273,19.049999237060547,19.6299991607666,0,0.0,0.0,^VIX
2025-03-03 00:00:00-05:00,19.829999923706055,24.309999465942383,19.25,22.780000686645508,0,0.0,0.0,^VIX
2025-03-04 00:00:00-05:00,22.959999084472656,26.350000381469727,21.709999084472656,23.510000228881836,0,0.0,0.0,^VIX
2025-03-05 00:00:00-05:00,23.030000686645508,24.84000015258789,21.3700008392334,21.93000030517578,0,0.0,0.0,^VIX
2025-03-06 00:00:00-05:00,22.600000381469727,25.920000076293945,22.389999389648438,24.8700008392334,0,0.0,0.0,^VIX
2025-03-07 00:00:00-05:00,24.850000381469727,26.559999465942383,23.09000015258789,23.3700008392334,0,0.0,0.0,^VIX
2025-03-10 00:00:00-04:00,24.700000762939453,29.559999465942383,24.68000030517578,27.860000610351562,0,0.0,0.0,^VIX
2025-03-11 00:00:00-04:00,27.940000534057617,29.56999969482422,26.18000030517578,26.920000076293945,0,0.0,0.0,^VIX
2025-03-12 00:00:00-04:00,26.8799991607666,26.90999984741211,23.889999389648438,24.229999542236328,0,0.0,0.0,^VIX
2025-03-13 00:00:00-04:00,24.920000076293945,26.1299991607666,23.459999084472656,24.65999984741211,0,0.0,0.0,^VIX
2025-03-14 00:00:00-04:00,24.350000381469727,24.360000610351562,21.479999542236328,21.770000457763672,0,0.0,0.0,^VIX
2025-03-17 00:00:00-04:00,22.889999389648438,22.950000762939453,20.31999969482422,20.510000228881836,0,0.0,0.0,^VIX
2025-03-18 00:00:00-04:00,20.829999923706055,22.56999969482422,20.40999984741211,21.700000762939453,0,0.0,0.0,^VIX
2025-03-19 00:00:00-04:00,21.84000015258789,22.100000381469727,19.420000076293945,19.899999618530273,0,0.0,0.0,^VIX
2025-03-20 00:00:00-04:00,19.520000457763672,21.170000076293945,19.299999237060547,19.799999237060547,0,0.0,0.0,^VIX
2025-03-21 00:00:00-04:00,20.020000457763672,21.139999389648438,19.149999618530273,19.280000686645508,0,0.0,0.0,^VIX
2025-03-24 00:00:00-04:00,19.1299991607666,19.139999389648438,17.459999084472656,17.479999542236328,0,0.0,0.0,^VIX
2025-03-25 00:00:00-04:00,17.579999923706055,17.770000457763672,17.020000457763672,17.149999618530273,0,0.0,0.0,^VIX
2025-03-26 00:00:00-04:00,17.229999542236328,19.06999969482422,16.969999313354492,18.329999923706055,0,0.0,0.0,^VIX
2025-03-27 00:00:00-04:00,18.360000610351562,19.280000686645508,17.950000762939453,18.690000534057617,0,0.0,0.0,^VIX
2025-03-28 00:00:00-04:00,19.079999923706055,22.18000030517578,18.920000076293945,21.649999618530273,0,0.0,0.0,^VIX
2025-03-31 00:00:00-04:00,24.110000610351562,24.799999237060547,21.670000076293945,22.280000686645508,0,0.0,0.0,^VIX
2025-04-01 00:00:00-04:00,22.059999465942383,23.520000457763672,21.579999923706055,21.770000457763672,0,0.0,0.0,^VIX
2025-04-02 00:00:00-04:00,22.299999237060547,23.65999984741211,20.68000030517578,21.510000228881836,0,0.0,0.0,^VIX
2025-04-03 00:00:00-04:00,26.3799991607666,30.020000457763672,24.93000030517578,30.020000457763672,0,0.0,0.0,^VIX
2025-04-04 00:00:00-04:00,30.1200008392334,45.61000061035156,29.989999771118164,45.310001373291016,0,0.0,0.0,^VIX
2025-04-07 00:00:00-04:00,60.130001068115234,60.130001068115234,38.58000183105469,46.97999954223633,0,0.0,0.0,^VIX
2025-04-08 00:00:00-04:00,44.040000915527344,57.52000045776367,36.47999954223633,52.33000183105469,0,0.0,0.0,^VIX
2025-04-09 00:00:00-04:00,50.97999954223633,57.959999084472656,31.899999618530273,33.619998931884766,0,0.0,0.0,^VIX
2025-04-10 00:00:00-04:00,34.439998626708984,54.869998931884766,34.439998626708984,40.720001220703125,0,0.0,0.0,^VIX
2025-04-11 00:00:00-04:00,40.79999923706055,46.119998931884766,36.849998474121094,37.560001373291016,0,0.0,0.0,^VIX
2025-04-14 00:00:00-04:00,34.7599983215332,35.16999816894531,29.75,30.889999389648438,0,0.0,0.0,^VIX
2025-04-15 00:00:00-04:00,30.010000228881836,31.450000762939453,28.290000915527344,30.1200008392334,0,0.0,0.0,^VIX
2025-04-16 00:00:00-04:00,33.2400016784668,34.959999084472656,29.479999542236328,32.63999938964844,0,0.0,0.0,^VIX
2025-04-17 00:00:00-04:00,30.790000915527344,32.54999923706055,29.56999969482422,29.649999618530273,0,0.0,0.0,^VIX
2025-04-21 00:00:00-04:00,32.75,35.75,31.790000915527344,33.81999969482422,0,0.0,0.0,^VIX
2025-04-22 00:00:00-04:00,32.61000061035156,32.68000030517578,30.079999923706055,30.56999969482422,0,0.0,0.0,^VIX
2025-04-23 00:00:00-04:00,28.75,30.290000915527344,27.110000610351562,28.450000762939453,0,0.0,0.0,^VIX
2025-04-24 00:00:00-04:00,28.690000534057617,29.65999984741211,26.360000610351562,26.469999313354492,0,0.0,0.0,^VIX
2025-04-25 00:00:00-04:00,26.219999313354492,27.200000762939453,24.84000015258789,24.84000015258789,0,0.0,0.0,^VIX
2025-04-28 00:00:00-04:00,25.75,26.93000030517578,24.700000762939453,25.149999618530273,0,0.0,0.0,^VIX
2025-04-29 00:00:00-04:00,24.760000228881836,25.989999771118164,23.760000228881836,24.170000076293945,0,0.0,0.0,^VIX
2025-04-30 00:00:00-04:00,24.350000381469727,28.170000076293945,24.229999542236328,24.700000762939453,0,0.0,0.0,^VIX
2025-05-01 00:00:00-04:00,23.940000534057617,25.18000030517578,23.299999237060547,24.600000381469727,0,0.0,0.0,^VIX
2025-05-02 00:00:00-04:00,23.6299991607666,24.31999969482422,22.34000015258789,22.68000030517578,0,0.0,0.0,^VIX
2025-05-05 00:00:00-04:00,24.25,24.6299991607666,22.809999465942383,23.639999389648438,0,0.0,0.0,^VIX
2025-05-06 00:00:00-04:00,23.969999313354492,25.110000610351562,23.899999618530273,24.760000228881836,0,0.0,0.0,^VIX
2025-05-07 00:00:00-04:00,24.559999465942383,25.6200008392334,23.290000915527344,23.549999237060547,0,0.0,0.0,^VIX
2025-05-08 00:00:00-04:00,22.84000015258789,23.610000610351562,21.8799991607666,22.479999542236328,0,0.0,0.0,^VIX
2025-05-09 00:00:00-04:00,22.399999618530273,22.81999969482422,21.829999923706055,21.899999618530273,0,0.0,0.0,^VIX
2025-05-12 00:00:00-04:00,19.84000015258789,20.440000534057617,18.139999389648438,18.389999389648438,0,0.0,0.0,^VIX
2025-05-13 00:00:00-04:00,18.690000534057617,18.850000381469727,17.649999618530273,18.219999313354492,0,0.0,0.0,^VIX
2025-05-14 00:00:00-04:00,18.100000381469727,18.81999969482422,18.059999465942383,18.6200008392334,0,0.0,0.0,^VIX
2025-05-15 00:00:00-04:00,19.190000534057617,19.3799991607666,17.770000457763672,17.829999923706055,0,0.0,0.0,^VIX
2025-05-16 00:00:00-04:00,17.959999084472656,17.959999084472656,17.149999618530273,17.239999771118164,0,0.0,0.0,^VIX
2025-05-19 00:00:00-04:00,19.84000015258789,19.920000076293945,17.920000076293945,18.139999389648438,0,0.0,0.0,^VIX
2025-05-20 00:00:00-04:00,18.459999084472656,18.68000030517578,17.700000762939453,18.09000015258789,0,0.0,0.0,^VIX
2025-05-21 00:00:00-04:00,18.770000457763672,21.049999237060547,17.770000457763672,20.8700008392334,0,0.0,0.0,^VIX
2025-05-22 00:00:00-04:00,20.6200008392334,22.06999969482422,19.639999389648438,20.280000686645508,0,0.0,0.0,^VIX
2025-05-23 00:00:00-04:00,20.139999389648438,25.530000686645508,19.829999923706055,22.290000915527344,0,0.0,0.0,^VIX
2025-05-27 00:00:00-04:00,20.6299991607666,21.010000228881836,18.950000762939453,18.959999084472656,0,0.0,0.0,^VIX
2025-05-28 00:00:00-04:00,19.209999084472656,19.43000030517578,18.68000030517578,19.309999465942383,0,0.0,0.0,^VIX
2025-05-29 00:00:00-04:00,18.25,20.200000762939453,18.110000610351562,19.18000030517578,0,0.0,0.0,^VIX
2025-05-30 00:00:00-04:00,19.610000610351562,20.549999237060547,18.56999969482422,18.56999969482422,0,0.0,0.0,^VIX
2025-06-02 00:00:00-04:00,19.809999465942383,20.450000762939453,18.360000610351562,18.360000610351562,0,0.0,0.0,^VIX
2025-06-03 00:00:00-04:00,18.829999923706055,19.209999084472656,17.639999389648438,17.690000534057617,0,0.0,0.0,^VIX
2025-06-04 00:00:00-04:00,17.68000030517578,18.06999969482422,17.40999984741211,17.610000610351562,0,0.0,0.0,^VIX
2025-06-05 00:00:00-04:00,17.68000030517578,18.799999237060547,17.079999923706055,18.479999542236328,0,0.0,0.0,^VIX
2025-06-06 00:00:00-04:00,18.15999984741211,18.350000381469727,16.649999618530273,16.770000457763672,0,0.0,0.0,^VIX
2025-06-09 00:00:00-04:00,17.690000534057617,17.719999313354492,16.81999969482422,17.15999984741211,0,0.0,0.0,^VIX
2025-06-10 00:00:00-04:00,17.5,17.989999771118164,16.68000030517578,16.950000762939453,0,0.0,0.0,^VIX
2025-06-11 00:00:00-04:00,17.040000915527344,18.09000015258789,16.229999542236328,17.260000228881836,0,0.0,0.0,^VIX
2025-06-12 00:00:00-04:00,17.8700008392334,18.8700008392334,17.43000030517578,18.020000457763672,0,0.0,0.0,^VIX
2025-06-13 00:00:00-04:00,21.760000228881836,22.0,18.8799991607666,20.81999969482422,0,0.0,0.0,^VIX
2025-06-16 00:00:00-04:00,19.780000686645508,20.219999313354492,18.670000076293945,19.110000610351562,0,0.0,0.0,^VIX
2025-06-17 00:00:00-04:00,20.530000686645508,21.790000915527344,19.549999237060547,21.600000381469727,0,0.0,0.0,^VIX
2025-06-18 00:00:00-04:00,20.899999618530273,21.579999923706055,19.59000015258789,20.139999389648438,0,0.0,0.0,^VIX
2025-06-20 00:00:00-04:00,20.739999771118164,21.06999969482422,19.110000610351562,20.6200008392334,0,0.0,0.0,^VIX
2025-06-23 00:00:00-04:00,21.149999618530273,22.510000228881836,19.81999969482422,19.829999923706055,0,0.0,0.0,^VIX
2025-06-24 00:00:00-04:00,18.190000534057617,18.719999313354492,17.329999923706055,17.479999542236328,0,0.0,0.0,^VIX
2025-06-25 00:00:00-04:00,17.280000686645508,17.510000228881836,16.68000030517578,16.760000228881836,0,0.0,0.0,^VIX
2025-06-26 00:00:00-04:00,16.670000076293945,16.780000686645508,16.110000610351562,16.59000015258789,0,0.0,0.0,^VIX
2025-06-27 00:00:00-04:00,16.309999465942383,17.290000915527344,16.1200008392334,16.31999969482422,0,0.0,0.0,^VIX
2025-06-30 00:00:00-04:00,17.190000534057617,17.43000030517578,16.549999237060547,16.729999542236328,0,0.0,0.0,^VIX
2025-07-01 00:00:00-04:00,16.979999542236328,17.479999542236328,16.510000228881836,16.829999923706055,0,0.0,0.0,^VIX
2025-07-02 00:00:00-04:00,16.75,17.3700008392334,16.540000915527344,16.639999389648438,0,0.0,0.0,^VIX
2025-07-03 00:00:00-04:00,16.649999618530273,16.829999923706055,16.139999389648438,16.3799991607666,0,0.0,0.0,^VIX
2025-07-07 00:00:00-04:00,17.829999923706055,18.5,17.510000228881836,17.790000915527344,0,0.0,0.0,^VIX
2025-07-08 00:00:00-04:00,17.40999984741211,17.440000534057617,16.540000915527344,16.809999465942383,0,0.0,0.0,^VIX
2025-07-09 00:00:00-04:00,16.760000228881836,16.760000228881836,15.760000228881836,15.9399995803833,0,0.0,0.0,^VIX
2025-07-10 00:00:00-04:00,16.229999542236328,16.239999771118164,15.699999809265137,15.779999732971191,0,0.0,0.0,^VIX
2025-07-11 00:00:00-04:00,16.40999984741211,17.239999771118164,15.979999542236328,16.399999618530273,0,0.0,0.0,^VIX
2025-07-14 00:00:00-04:00,17.729999542236328,17.850000381469727,16.90999984741211,17.200000762939453,0,0.0,0.0,^VIX
2025-07-15 00:00:00-04:00,16.889999389648438,17.389999389648438,16.559999465942383,17.3799991607666,0,0.0,0.0,^VIX
2025-07-16 00:00:00-04:00,17.65999984741211,19.479999542236328,16.690000534057617,17.15999984741211,0,0.0,0.0,^VIX
2025-07-17 00:00:00-04:00,17.15999984741211,17.3700008392334,16.479999542236328,16.520000457763672,0,0.0,0.0,^VIX
2025-07-18 00:00:00-04:00,16.43000030517578,16.809999465942383,16.280000686645508,16.40999984741211,0,0.0,0.0,^VIX
2025-07-21 00:00:00-04:00,16.8700008392334,16.989999771118164,16.299999237060547,16.649999618530273,0,0.0,0.0,^VIX
2025-07-22 00:00:00-04:00,16.75,17.479999542236328,16.43000030517578,16.5,0,0.0,0.0,^VIX
2025-07-23 00:00:00-04:00,16.229999542236328,16.31999969482422,15.319999694824219,15.369999885559082,0,0.0,0.0,^VIX
2025-07-24 00:00:00-04:00,15.390000343322754,15.539999961853027,14.949999809265137,15.390000343322754,0,0.0,0.0,^VIX
2025-07-25 00:00:00-04:00,15.329999923706055,15.390000343322754,14.920000076293945,14.930000305175781,0,0.0,0.0,^VIX
2025-07-28 00:00:00-04:00,15.149999618530273,15.539999961853027,15.0,15.029999732971191,0,0.0,0.0,^VIX
2025-07-29 00:00:00-04:00,14.949999809265137,16.1200008392334,14.699999809265137,15.979999542236328,0,0.0,0.0,^VIX
2025-07-30 00:00:00-04:00,15.869999885559082,17.270000457763672,15.4399995803833,15.479999542236328,0,0.0,0.0,^VIX
2025-07-31 00:00:00-04:00,14.989999771118164,17.170000076293945,14.739999771118164,16.719999313354492,0,0.0,0.0,^VIX
2025-08-01 00:00:00-04:00,17.399999618530273,21.899999618530273,17.389999389648438,20.3799991607666,0,0.0,0.0,^VIX
2025-08-04 00:00:00-04:00,19.559999465942383,19.579999923706055,17.479999542236328,17.520000457763672,0,0.0,0.0,^VIX
2025-08-05 00:00:00-04:00,17.209999084472656,18.940000534057617,17.110000610351562,17.850000381469727,0,0.0,0.0,^VIX
2025-08-06 00:00:00-04:00,17.219999313354492,17.8799991607666,16.559999465942383,16.770000457763672,0,0.0,0.0,^VIX
2025-08-07 00:00:00-04:00,16.40999984741211,17.639999389648438,15.979999542236328,16.56999969482422,0,0.0,0.0,^VIX
2025-08-08 00:00:00-04:00,16.479999542236328,16.520000457763672,15.149999618530273,15.149999618530273,0,0.0,0.0,^VIX
2025-08-11 00:00:00-04:00,15.8100004196167,16.360000610351562,15.520000457763672,16.25,0,0.0,0.0,^VIX
2025-08-12 00:00:00-04:00,16.09000015258789,16.559999465942383,14.65999984741211,14.729999542236328,0,0.0,0.0,^VIX
2025-08-13 00:00:00-04:00,14.619999885559082,14.8100004196167,14.300000190734863,14.489999771118164,0,0.0,0.0,^VIX
2025-08-14 00:00:00-04:00,14.65999984741211,15.390000343322754,14.569999694824219,14.829999923706055,0,0.0,0.0,^VIX
2025-08-15 00:00:00-04:00,14.430000305175781,15.180000305175781,14.399999618530273,15.09000015258789,0,0.0,0.0,^VIX
2025-08-18 00:00:00-04:00,15.729999542236328,15.949999809265137,14.949999809265137,14.989999771118164,0,0.0,0.0,^VIX
2025-08-19 00:00:00-04:00,15.229999542236328,15.90999984741211,14.760000228881836,15.569999694824219,0,0.0,0.0,^VIX
2025-08-20 00:00:00-04:00,15.949999809265137,17.190000534057617,15.569999694824219,15.6899995803833,0,0.0,0.0,^VIX
2025-08-21 00:00:00-04:00,15.720000267028809,17.239999771118164,15.649999618530273,16.600000381469727,0,0.0,0.0,^VIX
2025-08-22 00:00:00-04:00,16.809999465942383,16.829999923706055,14.210000038146973,14.220000267028809,0,0.0,0.0,^VIX
2025-08-25 00:00:00-04:00,15.050000190734863,15.1899995803833,14.239999771118164,14.789999961853027,0,0.0,0.0,^VIX
2025-08-26 00:00:00-04:00,15.75,15.75,14.619999885559082,14.619999885559082,0,0.0,0.0,^VIX
2025-08-27 00:00:00-04:00,14.65999984741211,15.229999542236328,14.65999984741211,14.850000381469727,0,0.0,0.0,^VIX
2025-08-28 00:00:00-04:00,14.420000076293945,14.6899995803833,14.119999885559082,14.430000305175781,0,0.0,0.0,^VIX
2025-08-29 00:00:00-04:00,14.3100004196167,15.970000267028809,14.3100004196167,15.359999656677246,0,0.0,0.0,^VIX
2025-09-02 00:00:00-04:00,16.649999618530273,19.3799991607666,16.549999237060547,17.170000076293945,0,0.0,0.0,^VIX
2025-09-03 00:00:00-04:00,17.399999618530273,17.56999969482422,16.34000015258789,16.350000381469727,0,0.0,0.0,^VIX
2025-09-04 00:00:00-04:00,16.219999313354492,16.350000381469727,15.279999732971191,15.300000190734863,0,0.0,0.0,^VIX
2025-09-05 00:00:00-04:00,15.229999542236328,16.920000076293945,14.739999771118164,15.180000305175781,0,0.0,0.0,^VIX
2025-09-08 00:00:00-04:00,15.579999923706055,15.649999618530273,14.989999771118164,15.109999656677246,0,0.0,0.0,^VIX
2025-09-09 00:00:00-04:00,15.020000457763672,15.819999694824219,14.970000267028809,15.039999961853027,0,0.0,0.0,^VIX
2025-09-10 00:00:00-04:00,14.979999542236328,15.630000114440918,14.630000114440918,15.350000381469727,0,0.0,0.0,^VIX
2025-09-11 00:00:00-04:00,15.1899995803833,15.239999771118164,14.649999618530273,14.710000038146973,0,0.0,0.0,^VIX
2025-09-12 00:00:00-04:00,14.619999885559082,14.970000267028809,14.40999984741211,14.760000228881836,0,0.0,0.0,^VIX
2025-09-15 00:00:00-04:00,15.140000343322754,15.84000015258789,14.920000076293945,15.6899995803833,0,0.0,0.0,^VIX
2025-09-16 00:00:00-04:00,15.600000381469727,16.3799991607666,15.4399995803833,16.360000610351562,0,0.0,0.0,^VIX
2025-09-17 00:00:00-04:00,16.420000076293945,16.75,15.260000228881836,15.720000267028809,0,0.0,0.0,^VIX
2025-09-18 00:00:00-04:00,14.930000305175781,15.800000190734863,14.329999923706055,15.699999809265137,0,0.0,0.0,^VIX
2025-09-19 00:00:00-04:00,15.760000228881836,16.1299991607666,15.289999961853027,15.449999809265137,0,0.0,0.0,^VIX
2025-09-22 00:00:00-04:00,16.139999389648438,16.350000381469727,15.779999732971191,16.100000381469727,0,0.0,0.0,^VIX
2025-09-23 00:00:00-04:00,16.100000381469727,17.06999969482422,15.949999809265137,16.639999389648438,0,0.0,0.0,^VIX
2025-09-24 00:00:00-04:00,16.56999969482422,17.209999084472656,16.18000030517578,16.18000030517578,0,0.0,0.0,^VIX
2025-09-25 00:00:00-04:00,16.549999237060547,17.739999771118164,16.31999969482422,16.739999771118164,0,0.0,0.0,^VIX
2025-09-26 00:00:00-04:00,16.889999389648438,17.049999237060547,15.289999961853027,15.289999961853027,0,0.0,0.0,^VIX
2025-09-29 00:00:00-04:00,15.84000015258789,16.290000915527344,15.739999771118164,16.1200008392334,0,0.0,0.0,^VIX
2025-09-30 00:00:00-04:00,16.489999771118164,16.700000762939453,16.020000457763672,16.280000686645508,0,0.0,0.0,^VIX
2025-10-01 00:00:00-04:00,17.280000686645508,17.280000686645508,15.979999542236328,16.290000915527344,0,0.0,0.0,^VIX
2025-10-02 00:00:00-04:00,16.1200008392334,16.920000076293945,15.930000305175781,16.6299991607666,0,0.0,0.0,^VIX
2025-10-03 00:00:00-04:00,16.350000381469727,17.059999465942383,16.200000762939453,16.649999618530273,0,0.0,0.0,^VIX
2025-10-06 00:00:00-04:00,16.739999771118164,17.09000015258789,16.290000915527344,16.3700008392334,0,0.0,0.0,^VIX
2025-10-07 00:00:00-04:00,16.579999923706055,17.549999237060547,16.190000534057617,17.239999771118164,0,0.0,0.0,^VIX
2025-10-08 00:00:00-04:00,17.170000076293945,17.200000762939453,16.229999542236328,16.299999237060547,0,0.0,0.0,^VIX
2025-10-09 00:00:00-04:00,16.309999465942383,17.270000457763672,16.260000228881836,16.43000030517578,0,0.0,0.0,^VIX
2025-10-10 00:00:00-04:00,16.360000610351562,22.440000534057617,16.229999542236328,21.65999984741211,0,0.0,0.0,^VIX
2025-10-13 00:00:00-04:00,19.450000762939453,20.770000457763672,18.610000610351562,19.030000686645508,0,0.0,0.0,^VIX
2025-10-14 00:00:00-04:00,21.459999084472656,22.940000534057617,19.18000030517578,20.809999465942383,0,0.0,0.0,^VIX
2025-10-15 00:00:00-04:00,20.020000457763672,22.440000534057617,19.110000610351562,20.639999389648438,0,0.0,0.0,^VIX
2025-10-16 00:00:00-04:00,20.489999771118164,25.43000030517578,19.850000381469727,25.309999465942383,0,0.0,0.0,^VIX
2025-10-17 00:00:00-04:00,28.40999984741211,28.989999771118164,20.729999542236328,20.780000686645508,0,0.0,0.0,^VIX
2025-10-20 00:00:00-04:00,20.530000686645508,21.020000457763672,18.229999542236328,18.229999542236328,0,0.0,0.0,^VIX
2025-10-21 00:00:00-04:00,18.649999618530273,18.889999389648438,17.399999618530273,17.8700008392334,0,0.0,0.0,^VIX
2025-10-22 00:00:00-04:00,17.84000015258789,21.010000228881836,17.729999542236328,18.600000381469727,0,0.0,0.0,^VIX
2025-10-23 00:00:00-04:00,18.360000610351562,19.350000381469727,17.079999923706055,17.299999237060547,0,0.0,0.0,^VIX
2025-10-24 00:00:00-04:00,17.020000457763672,17.219999313354492,16.020000457763672,16.3700008392334,0,0.0,0.0,^VIX
2025-10-27 00:00:00-04:00,15.729999542236328,16.06999969482422,15.619999885559082,15.789999961853027,0,0.0,0.0,^VIX
2025-10-28 00:00:00-04:00,15.949999809265137,16.549999237060547,15.65999984741211,16.420000076293945,0,0.0,0.0,^VIX
2025-10-29 00:00:00-04:00,16.34000015258789,17.579999923706055,16.260000228881836,16.920000076293945,0,0.0,0.0,^VIX
2025-10-30 00:00:00-04:00,16.260000228881836,17.40999984741211,15.729999542236328,16.90999984741211,0,0.0,0.0,^VIX
2025-10-31 00:00:00-04:00,16.43000030517578,18.540000915527344,15.960000038146973,17.440000534057617,0,0.0,0.0,^VIX
2025-11-03 00:00:00-05:00,18.059999465942383,18.829999923706055,17.0,17.170000076293945,0,0.0,0.0,^VIX
2025-11-04 00:00:00-05:00,19.729999542236328,20.479999542236328,17.899999618530273,19.0,0,0.0,0.0,^VIX
2025-11-05 00:00:00-05:00,19.3700008392334,20.020000457763672,17.309999465942383,18.010000228881836,0,0.0,0.0,^VIX
2025-11-06 00:00:00-05:00,18.360000610351562,20.309999465942383,17.639999389648438,19.5,0,0.0,0.0,^VIX
2025-11-07 00:00:00-05:00,19.520000457763672,22.719999313354492,19.079999923706055,19.079999923706055,0,0.0,0.0,^VIX
2025-11-10 00:00:00-05:00,18.579999923706055,18.81999969482422,17.600000381469727,17.600000381469727,0,0.0,0.0,^VIX
2025-11-11 00:00:00-05:00,17.899999618530273,18.010000228881836,17.25,17.280000686645508,0,0.0,0.0,^VIX
2025-11-12 00:00:00-05:00,17.209999084472656,18.059999465942383,17.100000381469727,17.510000228881836,0,0.0,0.0,^VIX
2025-11-13 00:00:00-05:00,17.610000610351562,21.309999465942383,17.510000228881836,20.0,0,0.0,0.0,^VIX
2025-11-14 00:00:00-05:00,21.329999923706055,23.030000686645508,19.559999465942383,19.829999923706055,0,0.0,0.0,^VIX
2025-11-17 00:00:00-05:00,19.579999923706055,23.440000534057617,19.540000915527344,22.3799991607666,0,0.0,0.0,^VIX
2025-11-18 00:00:00-05:00,23.540000915527344,25.84000015258789,22.90999984741211,24.690000534057617,0,0.0,0.0,^VIX
2025-11-19 00:00:00-05:00,24.520000457763672,24.790000915527344,21.93000030517578,23.65999984741211,0,0.0,0.0,^VIX
2025-11-20 00:00:00-05:00,20.780000686645508,28.270000457763672,19.280000686645508,26.420000076293945,0,0.0,0.0,^VIX
2025-11-21 00:00:00-05:00,25.969999313354492,27.84000015258789,22.540000915527344,23.43000030517578,0,0.0,0.0,^VIX
2025-11-24 00:00:00-05:00,22.690000534057617,23.68000030517578,20.40999984741211,20.520000457763672,0,0.0,0.0,^VIX
2025-11-25 00:00:00-05:00,20.549999237060547,21.770000457763672,18.389999389648438,18.559999465942383,0,0.0,0.0,^VIX
2025-11-26 00:00:00-05:00,18.25,18.700000762939453,16.93000030517578,17.190000534057617,0,0.0,0.0,^VIX
2025-11-28 00:00:00-05:00,17.40999984741211,18.520000457763672,15.779999732971191,16.350000381469727,0,0.0,0.0,^VIX
2025-12-01 00:00:00-05:00,18.049999237060547,18.329999923706055,16.579999923706055,17.239999771118164,0,0.0,0.0,^VIX
2025-12-02 00:00:00-05:00,17.280000686645508,17.309999465942383,16.389999389648438,16.59000015258789,0,0.0,0.0,^VIX
2025-12-03 00:00:00-05:00,16.43000030517578,17.280000686645508,15.930000305175781,16.079999923706055,0,0.0,0.0,^VIX
2025-12-04 00:00:00-05:00,16.229999542236328,16.6299991607666,15.680000305175781,15.779999732971191,0,0.0,0.0,^VIX
2025-12-05 00:00:00-05:00,15.579999923706055,16.18000030517578,15.279999732971191,15.40999984741211,0,0.0,0.0,^VIX
2025-12-08 00:00:00-05:00,16.149999618530273,17.09000015258789,16.100000381469727,16.65999984741211,0,0.0,0.0,^VIX
2025-12-09 00:00:00-05:00,16.65999984741211,17.200000762939453,16.450000762939453,16.93000030517578,0,0.0,0.0,^VIX
2025-12-10 00:00:00-05:00,16.940000534057617,17.65999984741211,15.5600004196167,15.770000457763672,0,0.0,0.0,^VIX
2025-12-11 00:00:00-05:00,16.84000015258789,16.8799991607666,14.850000381469727,14.850000381469727,0,0.0,0.0,^VIX
2025-12-12 00:00:00-05:00,14.989999771118164,17.850000381469727,14.850000381469727,15.739999771118164,0,0.0,0.0,^VIX
2025-12-15 00:00:00-05:00,16.510000228881836,17.350000381469727,15.989999771118164,16.5,0,0.0,0.0,^VIX
2025-12-16 00:00:00-05:00,17.280000686645508,17.610000610351562,16.190000534057617,16.479999542236328,0,0.0,0.0,^VIX
2025-12-17 00:00:00-05:00,16.450000762939453,18.0,15.819999694824219,17.6200008392334,0,0.0,0.0,^VIX
2025-12-18 00:00:00-05:00,17.610000610351562,17.68000030517578,15.930000305175781,16.8700008392334,0,0.0,0.0,^VIX
2025-12-19 00:00:00-05:00,16.309999465942383,16.530000686645508,14.90999984741211,14.90999984741211,0,0.0,0.0,^VIX
2025-12-22 00:00:00-05:00,15.15999984741211,15.260000228881836,14.029999732971191,14.079999923706055,0,0.0,0.0,^VIX
2025-12-23 00:00:00-05:00,14.09000015258789,14.449999809265137,13.640000343322754,14.0,0,0.0,0.0,^VIX
2025-12-24 00:00:00-05:00,14.09000015258789,14.15999984741211,13.380000114440918,13.470000267028809,0,0.0,0.0,^VIX
2025-12-26 00:00:00-05:00,14.119999885559082,14.289999961853027,13.520000457763672,13.600000381469727,0,0.0,0.0,^VIX
2025-12-29 00:00:00-05:00,14.6899995803833,15.079999923706055,13.989999771118164,14.199999809265137,0,0.0,0.0,^VIX
2025-12-30 00:00:00-05:00,14.430000305175781,14.619999885559082,14.039999961853027,14.329999923706055,0,0.0,0.0,^VIX
2025-12-31 00:00:00-05:00,14.770000457763672,15.170000076293945,14.380000114440918,14.949999809265137,0,0.0,0.0,^VIX
2026-01-02 00:00:00-05:00,14.850000381469727,15.420000076293945,14.460000038146973,14.510000228881836,0,0.0,0.0,^VIX
2026-01-05 00:00:00-05:00,15.140000343322754,15.270000457763672,14.649999618530273,14.899999618530273,0,0.0,0.0,^VIX
2026-01-06 00:00:00-05:00,15.0,15.210000038146973,14.630000114440918,14.75,0,0.0,0.0,^VIX
2026-01-07 00:00:00-05:00,14.949999809265137,15.479999542236328,14.829999923706055,15.380000114440918,0,0.0,0.0,^VIX
2026-01-08 00:00:00-05:00,15.6899995803833,15.850000381469727,15.149999618530273,15.449999809265137,0,0.0,0.0,^VIX
2026-01-09 00:00:00-05:00,15.680000305175781,15.8100004196167,14.430000305175781,14.489999771118164,0,0.0,0.0,^VIX
2026-01-12 00:00:00-05:00,16.059999465942383,16.65999984741211,15.029999732971191,15.119999885559082,0,0.0,0.0,^VIX
2026-01-13 00:00:00-05:00,15.359999656677246,16.5,14.75,15.979999542236328,0,0.0,0.0,^VIX
2026-01-14 00:00:00-05:00,16.329999923706055,18.100000381469727,16.219999313354492,16.75,0,0.0,0.0,^VIX
2026-01-15 00:00:00-05:00,16.520000457763672,16.540000915527344,15.300000190734863,15.84000015258789,0,0.0,0.0,^VIX
2026-01-16 00:00:00-05:00,15.4399995803833,16.290000915527344,15.300000190734863,15.859999656677246,0,0.0,0.0,^VIX
2026-01-20 00:00:00-05:00,19.940000534057617,20.989999771118164,18.639999389648438,20.09000015258789,0,0.0,0.0,^VIX
2026-01-21 00:00:00-05:00,19.309999465942383,20.809999465942383,16.670000076293945,16.899999618530273,0,0.0,0.0,^VIX
2026-01-22 00:00:00-05:00,16.649999618530273,16.670000076293945,15.270000457763672,15.640000343322754,0,0.0,0.0,^VIX
2026-01-23 00:00:00-05:00,15.680000305175781,16.209999084472656,15.300000190734863,16.09000015258789,0,0.0,0.0,^VIX
2026-01-26 00:00:00-05:00,16.899999618530273,17.389999389648438,16.450000762939453,16.459999084472656,0,0.0,0.0,^VIX
2025-01-24 00:00:00-05:00,124.08999633789062,125.02999877929688,124.01000213623047,124.81999969482422,0,0.0,0.0,^XDB
2025-01-27 00:00:00-05:00,125.12999725341797,125.23999786376953,124.66999816894531,124.9739990234375,0,0.0,0.0,^XDB
2025-01-28 00:00:00-05:00,124.26000213623047,124.48999786376953,124.13999938964844,124.41000366210938,0,0.0,0.0,^XDB
2025-01-29 00:00:00-05:00,124.26000213623047,124.58000183105469,123.91999816894531,124.46199798583984,0,0.0,0.0,^XDB
2025-01-30 00:00:00-05:00,124.37000274658203,124.7699966430664,124.06999969482422,124.15499877929688,0,0.0,0.0,^XDB
2025-01-31 00:00:00-05:00,124.20500183105469,124.72000122070312,123.8499984741211,123.93000030517578,0,0.0,0.0,^XDB
2025-02-03 00:00:00-05:00,123.44999694824219,124.55999755859375,123.36000061035156,124.4010009765625,0,0.0,0.0,^XDB
2025-02-04 00:00:00-05:00,124.14700317382812,124.94999694824219,124.12000274658203,124.8010025024414,0,0.0,0.0,^XDB
2025-02-05 00:00:00-05:00,125.36900329589844,125.47000122070312,124.97000122070312,125.04499816894531,0,0.0,0.0,^XDB
2025-02-06 00:00:00-05:00,123.73999786376953,124.56999969482422,123.6500015258789,124.3499984741211,0,0.0,0.0,^XDB
2025-02-07 00:00:00-05:00,124.47100067138672,124.94999694824219,123.76000213623047,124.0979995727539,0,0.0,0.0,^XDB
2025-02-10 00:00:00-05:00,123.87999725341797,124.01000213623047,123.62000274658203,123.66999816894531,0,0.0,0.0,^XDB
2025-02-11 00:00:00-05:00,123.80799865722656,124.55000305175781,123.75,124.44999694824219,0,0.0,0.0,^XDB
2025-02-12 00:00:00-05:00,124.52200317382812,124.8499984741211,123.7699966430664,124.45700073242188,0,0.0,0.0,^XDB
2025-02-13 00:00:00-05:00,124.66999816894531,125.72100067138672,124.54000091552734,125.61000061035156,0,0.0,0.0,^XDB
2025-02-14 00:00:00-05:00,125.8499984741211,126.30999755859375,125.83000183105469,125.86599731445312,0,0.0,0.0,^XDB
2025-02-18 00:00:00-05:00,125.88999938964844,126.31999969482422,125.8280029296875,126.2760009765625,0,0.0,0.0,^XDB
2025-02-19 00:00:00-05:00,125.86199951171875,126.06999969482422,125.62999725341797,125.84100341796875,0,0.0,0.0,^XDB
2025-02-20 00:00:00-05:00,125.98999786376953,126.73799896240234,125.9800033569336,126.66400146484375,0,0.0,0.0,^XDB
2025-02-21 00:00:00-05:00,126.38999938964844,126.69000244140625,126.23999786376953,126.33699798583984,0,0.0,0.0,^XDB
2025-02-24 00:00:00-05:00,126.37000274658203,126.5199966430664,126.11000061035156,126.28900146484375,0,0.0,0.0,^XDB
2025-02-25 00:00:00-05:00,126.5739974975586,126.91999816894531,126.4000015258789,126.65899658203125,0,0.0,0.0,^XDB
2025-02-26 00:00:00-05:00,126.4280014038086,127.16000366210938,126.41999816894531,126.76000213623047,0,0.0,0.0,^XDB
2025-02-27 00:00:00-05:00,126.66799926757812,126.875,125.97000122070312,126.02999877929688,0,0.0,0.0,^XDB
2025-02-28 00:00:00-05:00,126.01300048828125,126.4520034790039,125.58000183105469,125.78399658203125,0,0.0,0.0,^XDB
2025-03-03 00:00:00-05:00,126.8740005493164,127.25,126.70999908447266,126.98600006103516,0,0.0,0.0,^XDB
2025-03-04 00:00:00-05:00,127.46600341796875,128.00999450683594,126.99800109863281,127.91999816894531,0,0.0,0.0,^XDB
2025-03-05 00:00:00-05:00,128.1219940185547,129.0780029296875,128.02999877929688,128.9199981689453,0,0.0,0.0,^XDB
2025-03-06 00:00:00-05:00,128.86500549316406,129.19000244140625,128.6999969482422,128.7899932861328,0,0.0,0.0,^XDB
2025-03-07 00:00:00-05:00,129.10800170898438,129.39999389648438,128.9239959716797,129.10000610351562,0,0.0,0.0,^XDB
2025-03-10 00:00:00-04:00,129.2259979248047,129.47999572753906,128.60000610351562,128.77999877929688,0,0.0,0.0,^XDB
2025-03-11 00:00:00-04:00,129.24000549316406,129.6699981689453,129.17999267578125,129.55999755859375,0,0.0,0.0,^XDB
2025-03-12 00:00:00-04:00,129.4340057373047,129.91000366210938,129.22999572753906,129.63499450683594,0,0.0,0.0,^XDB
2025-03-13 00:00:00-04:00,129.33999633789062,129.67300415039062,129.1999969482422,129.5240020751953,0,0.0,0.0,^XDB
2025-03-14 00:00:00-04:00,129.39199829101562,129.52999877929688,129.11000061035156,129.3350067138672,0,0.0,0.0,^XDB
2025-03-17 00:00:00-04:00,129.7100067138672,130.0,129.5800018310547,129.89999389648438,0,0.0,0.0,^XDB
2025-03-18 00:00:00-04:00,129.64999389648438,130.11000061035156,129.50999450683594,129.9980010986328,0,0.0,0.0,^XDB
2025-03-19 00:00:00-04:00,129.77999877929688,130.27999877929688,129.5399932861328,129.99000549316406,0,0.0,0.0,^XDB
2025-03-20 00:00:00-04:00,129.5540008544922,129.8000030517578,129.35000610351562,129.72999572753906,0,0.0,0.0,^XDB
2025-03-21 00:00:00-04:00,129.4530029296875,129.57000732421875,128.8699951171875,129.13999938964844,0,0.0,0.0,^XDB
2025-03-24 00:00:00-04:00,129.44500732421875,129.52000427246094,128.95799255371094,129.23300170898438,0,0.0,0.0,^XDB
2025-03-25 00:00:00-04:00,129.41000366210938,129.67999267578125,129.32000732421875,129.42999267578125,0,0.0,0.0,^XDB
2025-03-26 00:00:00-04:00,128.968994140625,129.11000061035156,128.74000549316406,128.906005859375,0,0.0,0.0,^XDB
2025-03-27 00:00:00-04:00,129.32000732421875,129.92999267578125,129.22000122070312,129.47999572753906,0,0.0,0.0,^XDB
2025-03-28 00:00:00-04:00,129.3000030517578,129.6999969482422,129.24000549316406,129.38999938964844,0,0.0,0.0,^XDB
2025-03-31 00:00:00-04:00,129.52699279785156,129.58999633789062,128.86000061035156,129.17999267578125,0,0.0,0.0,^XDB
2025-04-01 00:00:00-04:00,128.9199981689453,129.3300018310547,128.77999877929688,129.24400329589844,0,0.0,0.0,^XDB
2025-04-02 00:00:00-04:00,129.47999572753906,130.25100708007812,129.33999633789062,129.95700073242188,0,0.0,0.0,^XDB
2025-04-03 00:00:00-04:00,131.74000549316406,131.9600067138672,130.7899932861328,131.01100158691406,0,0.0,0.0,^XDB
2025-04-04 00:00:00-04:00,130.20700073242188,130.5030059814453,128.52999877929688,128.83999633789062,0,0.0,0.0,^XDB
2025-04-07 00:00:00-04:00,128.22999572753906,128.53399658203125,127.08000183105469,127.2300033569336,0,0.0,0.0,^XDB
2025-04-08 00:00:00-04:00,127.78299713134766,128.13999938964844,127.40499877929688,127.66999816894531,0,0.0,0.0,^XDB
2025-04-09 00:00:00-04:00,127.73799896240234,128.3800048828125,127.44000244140625,128.22500610351562,0,0.0,0.0,^XDB
2025-04-10 00:00:00-04:00,129.32000732421875,129.9600067138672,128.9199981689453,129.69000244140625,0,0.0,0.0,^XDB
2025-04-11 00:00:00-04:00,130.85000610351562,131.35000610351562,130.3000030517578,130.76800537109375,0,0.0,0.0,^XDB
2025-04-14 00:00:00-04:00,131.75799560546875,132.00999450683594,131.22000122070312,131.86599731445312,0,0.0,0.0,^XDB
2025-04-15 00:00:00-04:00,132.33999633789062,132.47999572753906,132.0399932861328,132.30999755859375,0,0.0,0.0,^XDB
2025-04-16 00:00:00-04:00,132.70799255371094,132.72999572753906,132.1199951171875,132.4980010986328,0,0.0,0.0,^XDB
2025-04-17 00:00:00-04:00,132.27499389648438,132.75,132.17999267578125,132.63699340820312,0,0.0,0.0,^XDB
2025-04-21 00:00:00-04:00,133.97999572753906,134.10000610351562,133.6199951171875,133.7790069580078,0,0.0,0.0,^XDB
2025-04-22 00:00:00-04:00,133.77999877929688,133.91000366210938,133.25999450683594,133.36000061035156,0,0.0,0.0,^XDB
2025-04-23 00:00:00-04:00,132.9929962158203,133.2899932861328,132.49000549316406,132.55099487304688,0,0.0,0.0,^XDB
2025-04-24 00:00:00-04:00,133.08399963378906,133.5,132.89999389648438,133.4199981689453,0,0.0,0.0,^XDB
2025-04-25 00:00:00-04:00,133.05999755859375,133.33999633789062,132.97999572753906,133.1510009765625,0,0.0,0.0,^XDB
2025-04-28 00:00:00-04:00,133.38299560546875,134.4720001220703,133.3699951171875,134.41000366210938,0,0.0,0.0,^XDB
2025-04-29 00:00:00-04:00,133.85000610351562,134.22000122070312,133.82000732421875,134.06100463867188,0,0.0,0.0,^XDB
2025-04-30 00:00:00-04:00,133.57000732421875,133.67100524902344,133.08900451660156,133.28500366210938,0,0.0,0.0,^XDB
2025-05-01 00:00:00-04:00,133.25,133.4040069580078,132.60000610351562,132.8560028076172,0,0.0,0.0,^XDB
2025-05-02 00:00:00-04:00,132.9499969482422,133.30999755859375,132.6300048828125,132.74000549316406,0,0.0,0.0,^XDB
2025-05-05 00:00:00-04:00,133.1649932861328,133.3800048828125,132.69000244140625,132.93299865722656,0,0.0,0.0,^XDB
2025-05-06 00:00:00-04:00,133.69900512695312,134.02999877929688,133.50999450683594,133.68699645996094,0,0.0,0.0,^XDB
2025-05-07 00:00:00-04:00,133.48199462890625,133.77999877929688,132.8000030517578,132.94000244140625,0,0.0,0.0,^XDB
2025-05-08 00:00:00-04:00,133.26199340820312,133.47000122070312,132.27999877929688,132.47000122070312,0,0.0,0.0,^XDB
2025-05-09 00:00:00-04:00,132.76400756835938,133.22999572753906,132.72000122070312,133.0399932861328,0,0.0,0.0,^XDB
2025-05-12 00:00:00-04:00,131.77000427246094,132.16000366210938,131.6199951171875,131.77099609375,0,0.0,0.0,^XDB
2025-05-13 00:00:00-04:00,132.13999938964844,133.16000366210938,132.1199951171875,133.06100463867188,0,0.0,0.0,^XDB
2025-05-14 00:00:00-04:00,133.33700561523438,133.38999938964844,132.53599548339844,132.6060028076172,0,0.0,0.0,^XDB
2025-05-15 00:00:00-04:00,132.70399475097656,133.2100067138672,132.6300048828125,133.04299926757812,0,0.0,0.0,^XDB
2025-05-16 00:00:00-04:00,132.8300018310547,133.0,132.49000549316406,132.80999755859375,0,0.0,0.0,^XDB
2025-05-19 00:00:00-04:00,133.82000732421875,133.89999389648438,133.44000244140625,133.60499572753906,0,0.0,0.0,^XDB
2025-05-20 00:00:00-04:00,133.6179962158203,133.9499969482422,133.33999633789062,133.8769989013672,0,0.0,0.0,^XDB
2025-05-21 00:00:00-04:00,134.14999389648438,134.5399932861328,134.0,134.20799255371094,0,0.0,0.0,^XDB
2025-05-22 00:00:00-04:00,134.19900512695312,134.3800048828125,133.7519989013672,134.19400024414062,0,0.0,0.0,^XDB
2025-05-23 00:00:00-04:00,134.88999938964844,135.55999755859375,134.77000427246094,135.41000366210938,0,0.0,0.0,^XDB
2025-05-27 00:00:00-04:00,135.48699951171875,135.66000366210938,134.99000549316406,135.11399841308594,0,0.0,0.0,^XDB
2025-05-28 00:00:00-04:00,134.79200744628906,134.89999389648438,134.49000549316406,134.7220001220703,0,0.0,0.0,^XDB
2025-05-29 00:00:00-04:00,134.60000610351562,135.08999633789062,134.60000610351562,134.9429931640625,0,0.0,0.0,^XDB
2025-05-30 00:00:00-04:00,134.77000427246094,135.00999450683594,134.47000122070312,134.6199951171875,0,0.0,0.0,^XDB
2025-06-02 00:00:00-04:00,135.35899353027344,135.61000061035156,135.10299682617188,135.42100524902344,0,0.0,0.0,^XDB
2025-06-03 00:00:00-04:00,135.03599548339844,135.35000610351562,134.91000366210938,135.19000244140625,0,0.0,0.0,^XDB
2025-06-04 00:00:00-04:00,135.13800048828125,135.82000732421875,135.11000061035156,135.5780029296875,0,0.0,0.0,^XDB
2025-06-05 00:00:00-04:00,135.7100067138672,136.17999267578125,135.64999389648438,135.7220001220703,0,0.0,0.0,^XDB
2025-06-06 00:00:00-04:00,135.51300048828125,135.63400268554688,135.07000732421875,135.25100708007812,0,0.0,0.0,^XDB
2025-06-09 00:00:00-04:00,135.6179962158203,135.75,135.22999572753906,135.47000122070312,0,0.0,0.0,^XDB
2025-06-10 00:00:00-04:00,135.0570068359375,135.3800048828125,134.88999938964844,135.04600524902344,0,0.0,0.0,^XDB
2025-06-11 00:00:00-04:00,134.95399475097656,135.67999267578125,134.88699340820312,135.5,0,0.0,0.0,^XDB
2025-06-12 00:00:00-04:00,135.92999267578125,136.24000549316406,135.7989959716797,136.11000061035156,0,0.0,0.0,^XDB
2025-06-13 00:00:00-04:00,135.39300537109375,136.031005859375,135.1699981689453,135.64999389648438,0,0.0,0.0,^XDB
2025-06-16 00:00:00-04:00,135.7899932861328,136.2239990234375,135.6999969482422,135.72000122070312,0,0.0,0.0,^XDB
2025-06-17 00:00:00-04:00,135.6199951171875,135.74000549316406,134.14999389648438,134.2899932861328,0,0.0,0.0,^XDB
2025-06-18 00:00:00-04:00,134.52000427246094,134.76499938964844,134.0,134.2220001220703,0,0.0,0.0,^XDB
2025-06-20 00:00:00-04:00,134.9770050048828,135.11300659179688,134.39999389648438,134.5800018310547,0,0.0,0.0,^XDB
2025-06-23 00:00:00-04:00,133.94500732421875,135.32000732421875,133.72999572753906,135.19000244140625,0,0.0,0.0,^XDB
2025-06-24 00:00:00-04:00,136.13400268554688,136.49000549316406,135.91000366210938,136.218994140625,0,0.0,0.0,^XDB
2025-06-25 00:00:00-04:00,136.07400512695312,136.72000122070312,135.90699768066406,136.56500244140625,0,0.0,0.0,^XDB
2025-06-26 00:00:00-04:00,137.07000732421875,137.72000122070312,136.9980010986328,137.31199645996094,0,0.0,0.0,^XDB
2025-06-27 00:00:00-04:00,137.375,137.52999877929688,136.8300018310547,137.22999572753906,0,0.0,0.0,^XDB
2025-06-30 00:00:00-04:00,137.05499267578125,137.3699951171875,136.74400329589844,137.31300354003906,0,0.0,0.0,^XDB
2025-07-01 00:00:00-04:00,137.54400634765625,137.61000061035156,137.02999877929688,137.46600341796875,0,0.0,0.0,^XDB
2025-07-02 00:00:00-04:00,136.6300048828125,136.67999267578125,135.6199951171875,136.36000061035156,0,0.0,0.0,^XDB
2025-07-03 00:00:00-04:00,136.5709991455078,136.74200439453125,135.86000061035156,136.47999572753906,0,0.0,0.0,^XDB
2025-07-07 00:00:00-04:00,136.14999389648438,136.49000549316406,135.89700317382812,136.0500030517578,0,0.0,0.0,^XDB
2025-07-08 00:00:00-04:00,135.73699951171875,135.97999572753906,135.25999450683594,135.88699340820312,0,0.0,0.0,^XDB
2025-07-09 00:00:00-04:00,135.7779998779297,136.1999969482422,135.75999450683594,135.86000061035156,0,0.0,0.0,^XDB
2025-07-10 00:00:00-04:00,135.82000732421875,135.8699951171875,135.3300018310547,135.7899932861328,0,0.0,0.0,^XDB
2025-07-11 00:00:00-04:00,135.02999877929688,135.197998046875,134.81300354003906,134.99000549316406,0,0.0,0.0,^XDB
2025-07-14 00:00:00-04:00,134.8300018310547,134.92999267578125,134.1999969482422,134.2530059814453,0,0.0,0.0,^XDB
2025-07-15 00:00:00-04:00,134.4340057373047,134.67100524902344,133.77999877929688,133.85699462890625,0,0.0,0.0,^XDB
2025-07-16 00:00:00-04:00,134.00999450683594,134.86099243164062,133.63999938964844,134.16600036621094,0,0.0,0.0,^XDB
2025-07-17 00:00:00-04:00,133.92300415039062,134.22000122070312,133.8070068359375,134.16700744628906,0,0.0,0.0,^XDB
2025-07-18 00:00:00-04:00,134.56700134277344,134.75999450683594,134.05999755859375,134.08299255371094,0,0.0,0.0,^XDB
2025-07-21 00:00:00-04:00,134.77999877929688,135.10000610351562,134.66000366210938,134.8990020751953,0,0.0,0.0,^XDB
2025-07-22 00:00:00-04:00,134.8699951171875,135.3730010986328,134.7100067138672,135.27999877929688,0,0.0,0.0,^XDB
2025-07-23 00:00:00-04:00,135.38999938964844,135.85000610351562,135.22999572753906,135.7790069580078,0,0.0,0.0,^XDB
2025-07-24 00:00:00-04:00,135.52000427246094,135.62899780273438,135.02999877929688,135.1199951171875,0,0.0,0.0,^XDB
2025-07-25 00:00:00-04:00,134.51400756835938,134.55999755859375,134.16000366210938,134.36000061035156,0,0.0,0.0,^XDB
2025-07-28 00:00:00-04:00,134.2729949951172,134.41000366210938,133.38999938964844,133.55999755859375,0,0.0,0.0,^XDB
2025-07-29 00:00:00-04:00,133.406005859375,133.64999389648438,133.07000732421875,133.52000427246094,0,0.0,0.0,^XDB
2025-07-30 00:00:00-04:00,133.73300170898438,133.80999755859375,132.27999877929688,132.46600341796875,0,0.0,0.0,^XDB
2025-07-31 00:00:00-04:00,132.3939971923828,132.4199981689453,131.85000610351562,132.10000610351562,0,0.0,0.0,^XDB
2025-08-01 00:00:00-04:00,131.58999633789062,133.11000061035156,131.4429931640625,132.82000732421875,0,0.0,0.0,^XDB
2025-08-04 00:00:00-04:00,132.94900512695312,133.32000732421875,132.7100067138672,132.88900756835938,0,0.0,0.0,^XDB
2025-08-05 00:00:00-04:00,132.80999755859375,133.1699981689453,132.67999267578125,132.9980010986328,0,0.0,0.0,^XDB
2025-08-06 00:00:00-04:00,133.17999267578125,133.6999969482422,133.0800018310547,133.5709991455078,0,0.0,0.0,^XDB
2025-08-07 00:00:00-04:00,134.12899780273438,134.5,133.9040069580078,134.41000366210938,0,0.0,0.0,^XDB
2025-08-08 00:00:00-04:00,134.406005859375,134.58999633789062,134.1699981689453,134.49000549316406,0,0.0,0.0,^XDB
2025-08-11 00:00:00-04:00,134.3000030517578,134.3800048828125,133.9980010986328,134.3470001220703,0,0.0,0.0,^XDB
2025-08-12 00:00:00-04:00,134.56100463867188,135.24000549316406,134.5399932861328,135.01400756835938,0,0.0,0.0,^XDB
2025-08-13 00:00:00-04:00,135.77000427246094,135.86000061035156,135.54200744628906,135.72000122070312,0,0.0,0.0,^XDB
2025-08-14 00:00:00-04:00,135.72999572753906,135.83999633789062,135.1999969482422,135.30799865722656,0,0.0,0.0,^XDB
2025-08-15 00:00:00-04:00,135.5970001220703,135.75999450683594,135.41000366210938,135.55999755859375,0,0.0,0.0,^XDB
2025-08-18 00:00:00-04:00,135.38999938964844,135.51499938964844,135.0,135.08299255371094,0,0.0,0.0,^XDB
2025-08-19 00:00:00-04:00,135.22999572753906,135.27000427246094,134.77000427246094,134.89100646972656,0,0.0,0.0,^XDB
2025-08-20 00:00:00-04:00,134.7239990234375,134.9600067138672,134.47000122070312,134.60499572753906,0,0.0,0.0,^XDB
2025-08-21 00:00:00-04:00,134.5399932861328,134.7310028076172,134.0500030517578,134.13299560546875,0,0.0,0.0,^XDB
2025-08-22 00:00:00-04:00,134.13999938964844,135.4499969482422,134.11000061035156,135.26699829101562,0,0.0,0.0,^XDB
2025-08-25 00:00:00-04:00,135.19400024414062,135.2100067138672,134.4600067138672,134.5850067138672,0,0.0,0.0,^XDB
2025-08-26 00:00:00-04:00,134.8800048828125,134.9499969482422,134.67999267578125,134.81199645996094,0,0.0,0.0,^XDB
2025-08-27 00:00:00-04:00,134.32000732421875,135.02999877929688,134.3000030517578,134.95199584960938,0,0.0,0.0,^XDB
2025-08-28 00:00:00-04:00,135.14599609375,135.32000732421875,134.88999938964844,135.11300659179688,0,0.0,0.0,^XDB
2025-08-29 00:00:00-04:00,134.5330047607422,135.19000244140625,134.4600067138672,134.98199462890625,0,0.0,0.0,^XDB
2025-09-02 00:00:00-04:00,133.83399963378906,134.19000244140625,133.38999938964844,133.8800048828125,0,0.0,0.0,^XDB
2025-09-03 00:00:00-04:00,134.11900329589844,134.58999633789062,134.08900451660156,134.4499969482422,0,0.0,0.0,^XDB
2025-09-04 00:00:00-04:00,134.33599853515625,134.55499267578125,134.16000366210938,134.30999755859375,0,0.0,0.0,^XDB
2025-09-05 00:00:00-04:00,134.6219940185547,135.5500030517578,134.57899475097656,135.0330047607422,0,0.0,0.0,^XDB
2025-09-08 00:00:00-04:00,135.29400634765625,135.57000732421875,135.27000427246094,135.4669952392578,0,0.0,0.0,^XDB
2025-09-09 00:00:00-04:00,135.58200073242188,135.7449951171875,135.1699981689453,135.27000427246094,0,0.0,0.0,^XDB
2025-09-10 00:00:00-04:00,135.33999633789062,135.63400268554688,135.1999969482422,135.31700134277344,0,0.0,0.0,^XDB
2025-09-11 00:00:00-04:00,135.07699584960938,135.83999633789062,135.01800537109375,135.71800231933594,0,0.0,0.0,^XDB
2025-09-12 00:00:00-04:00,135.49000549316406,135.72000122070312,135.24000549316406,135.58700561523438,0,0.0,0.0,^XDB
2025-09-15 00:00:00-04:00,136.15199279785156,136.2100067138672,135.83999633789062,135.98599243164062,0,0.0,0.0,^XDB
2025-09-16 00:00:00-04:00,136.44000244140625,136.72999572753906,136.25100708007812,136.5500030517578,0,0.0,0.0,^XDB
2025-09-17 00:00:00-04:00,136.4709930419922,137.27000427246094,136.19000244140625,136.32000732421875,0,0.0,0.0,^XDB
2025-09-18 00:00:00-04:00,136.2169952392578,136.23199462890625,135.3300018310547,135.51800537109375,0,0.0,0.0,^XDB
2025-09-19 00:00:00-04:00,134.77999877929688,134.99000549316406,134.6300048828125,134.74000549316406,0,0.0,0.0,^XDB
2025-09-22 00:00:00-04:00,135.0,135.2100067138672,134.88999938964844,135.0800018310547,0,0.0,0.0,^XDB
2025-09-23 00:00:00-04:00,135.14500427246094,135.3699951171875,135.05999755859375,135.23500061035156,0,0.0,0.0,^XDB
2025-09-24 00:00:00-04:00,134.58200073242188,134.7100067138672,134.26699829101562,134.4759979248047,0,0.0,0.0,^XDB
2025-09-25 00:00:00-04:00,134.21600341796875,134.24000549316406,133.23599243164062,133.44500732421875,0,0.0,0.0,^XDB
2025-09-26 00:00:00-04:00,133.5,134.13999938964844,133.47999572753906,134.02000427246094,0,0.0,0.0,^XDB
2025-09-29 00:00:00-04:00,134.4669952392578,134.57000732421875,134.14999389648438,134.2899932861328,0,0.0,0.0,^XDB
2025-09-30 00:00:00-04:00,134.3699951171875,134.67100524902344,134.1300048828125,134.4499969482422,0,0.0,0.0,^XDB
2025-10-01 00:00:00-04:00,134.8209991455078,135.27999877929688,134.6540069580078,134.77999877929688,0,0.0,0.0,^XDB
2025-10-02 00:00:00-04:00,134.77000427246094,134.8350067138672,134.0,134.41299438476562,0,0.0,0.0,^XDB
2025-10-03 00:00:00-04:00,134.49000549316406,134.8699951171875,134.3699951171875,134.77999877929688,0,0.0,0.0,^XDB
2025-10-06 00:00:00-04:00,134.25,134.91000366210938,134.22999572753906,134.83700561523438,0,0.0,0.0,^XDB
2025-10-07 00:00:00-04:00,134.01699829101562,134.5500030517578,133.92999267578125,134.30299377441406,0,0.0,0.0,^XDB
2025-10-08 00:00:00-04:00,134.07400512695312,134.39999389648438,133.6999969482422,134.04200744628906,0,0.0,0.0,^XDB
2025-10-09 00:00:00-04:00,133.75100708007812,133.94500732421875,132.7899932861328,133.0019989013672,0,0.0,0.0,^XDB
2025-10-10 00:00:00-04:00,132.72300720214844,133.71099853515625,132.6750030517578,133.52999877929688,0,0.0,0.0,^XDB
2025-10-13 00:00:00-04:00,133.31100463867188,133.4550018310547,133.19000244140625,133.39599609375,0,0.0,0.0,^XDB
2025-10-14 00:00:00-04:00,132.6999969482422,133.3300018310547,132.48899841308594,133.23599243164062,0,0.0,0.0,^XDB
2025-10-15 00:00:00-04:00,133.52000427246094,134.08999633789062,133.33999633789062,133.9949951171875,0,0.0,0.0,^XDB
2025-10-16 00:00:00-04:00,134.406005859375,134.55999755859375,134.1230010986328,134.31700134277344,0,0.0,0.0,^XDB
2025-10-17 00:00:00-04:00,134.35000610351562,134.39999389648438,133.89999389648438,134.27000427246094,0,0.0,0.0,^XDB
2025-10-20 00:00:00-04:00,134.11900329589844,134.30999755859375,133.99000549316406,134.06100463867188,0,0.0,0.0,^XDB
2025-10-21 00:00:00-04:00,133.85000610351562,133.9720001220703,133.60000610351562,133.70399475097656,0,0.0,0.0,^XDB
2025-10-22 00:00:00-04:00,133.28199768066406,133.77000427246094,133.09500122070312,133.5959930419922,0,0.0,0.0,^XDB
2025-10-23 00:00:00-04:00,133.36099243164062,133.52000427246094,133.07000732421875,133.25799560546875,0,0.0,0.0,^XDB
2025-10-24 00:00:00-04:00,133.05999755859375,133.60000610351562,132.8699951171875,133.0800018310547,0,0.0,0.0,^XDB
2025-10-27 00:00:00-04:00,133.47900390625,133.52999877929688,133.1699981689453,133.35499572753906,0,0.0,0.0,^XDB
2025-10-28 00:00:00-04:00,133.08700561523438,133.13999938964844,132.48199462890625,132.73300170898438,0,0.0,0.0,^XDB
2025-10-29 00:00:00-04:00,132.17999267578125,132.47500610351562,131.406005859375,131.9499969482422,0,0.0,0.0,^XDB
2025-10-30 00:00:00-04:00,131.78199768066406,131.86000061035156,131.16299438476562,131.52000427246094,0,0.0,0.0,^XDB
2025-10-31 00:00:00-04:00,131.28500366210938,131.55999755859375,130.97000122070312,131.52000427246094,0,0.0,0.0,^XDB
2025-11-03 00:00:00-05:00,131.39999389648438,131.6300048828125,131.08599853515625,131.41000366210938,0,0.0,0.0,^XDB
2025-11-04 00:00:00-05:00,130.66299438476562,130.69000244140625,130.08999633789062,130.23399353027344,0,0.0,0.0,^XDB
2025-11-05 00:00:00-05:00,130.42100524902344,130.55999755859375,130.13900756835938,130.49000549316406,0,0.0,0.0,^XDB
2025-11-06 00:00:00-05:00,131.0,131.44000244140625,130.8000030517578,131.30999755859375,0,0.0,0.0,^XDB
2025-11-07 00:00:00-05:00,131.15499877929688,131.75999450683594,131.13999938964844,131.63499450683594,0,0.0,0.0,^XDB
2025-11-10 00:00:00-05:00,131.8300018310547,131.9199981689453,131.45700073242188,131.76100158691406,0,0.0,0.0,^XDB
2025-11-11 00:00:00-05:00,131.41900634765625,131.85000610351562,131.41000366210938,131.5399932861328,0,0.0,0.0,^XDB
2025-11-12 00:00:00-05:00,131.17799377441406,131.4499969482422,130.8300018310547,131.3000030517578,0,0.0,0.0,^XDB
2025-11-13 00:00:00-05:00,131.8090057373047,132.1699981689453,131.58599853515625,132.00999450683594,0,0.0,0.0,^XDB
2025-11-14 00:00:00-05:00,131.8000030517578,131.802001953125,131.25,131.7310028076172,0,0.0,0.0,^XDB
2025-11-17 00:00:00-05:00,131.802001953125,131.88999938964844,131.44000244140625,131.57000732421875,0,0.0,0.0,^XDB
2025-11-18 00:00:00-05:00,131.5279998779297,131.72999572753906,131.33999633789062,131.50399780273438,0,0.0,0.0,^XDB
2025-11-19 00:00:00-05:00,131.19000244140625,131.3000030517578,130.42999267578125,130.5800018310547,0,0.0,0.0,^XDB
2025-11-20 00:00:00-05:00,130.5709991455078,131.23500061035156,130.51100158691406,130.75999450683594,0,0.0,0.0,^XDB
2025-11-21 00:00:00-05:00,130.89100646972656,131.10000610351562,130.68099975585938,130.85000610351562,0,0.0,0.0,^XDB
2025-11-24 00:00:00-05:00,131.11900329589844,131.19000244140625,130.7899932861328,131.0500030517578,0,0.0,0.0,^XDB
2025-11-25 00:00:00-05:00,131.3489990234375,132.14999389648438,131.32200622558594,131.74000549316406,0,0.0,0.0,^XDB
2025-11-26 00:00:00-05:00,131.84100341796875,132.656005859375,131.75999450683594,132.40899658203125,0,0.0,0.0,^XDB
2025-11-28 00:00:00-05:00,132.17599487304688,132.5469970703125,132.05999755859375,132.39100646972656,0,0.0,0.0,^XDB
2025-12-01 00:00:00-05:00,132.67300415039062,132.75999450683594,132.0800018310547,132.12600708007812,0,0.0,0.0,^XDB
2025-12-02 00:00:00-05:00,132.09100341796875,132.1699981689453,131.7899932861328,132.0449981689453,0,0.0,0.0,^XDB
2025-12-03 00:00:00-05:00,132.99000549316406,133.56100463867188,132.9239959716797,133.5279998779297,0,0.0,0.0,^XDB
2025-12-04 00:00:00-05:00,133.5,133.86000061035156,133.218994140625,133.2519989013672,0,0.0,0.0,^XDB
2025-12-05 00:00:00-05:00,133.48399353027344,133.6199951171875,133.16000366210938,133.31399536132812,0,0.0,0.0,^XDB
2025-12-08 00:00:00-05:00,133.1999969482422,133.38999938964844,133.05799865722656,133.24000549316406,0,0.0,0.0,^XDB
2025-12-09 00:00:00-05:00,133.2010040283203,133.27999877929688,132.8699951171875,132.98500061035156,0,0.0,0.0,^XDB
2025-12-10 00:00:00-05:00,133.14999389648438,133.88999938964844,133.02999877929688,133.81199645996094,0,0.0,0.0,^XDB
2025-12-11 00:00:00-05:00,133.89199829101562,134.38999938964844,133.8280029296875,133.91000366210938,0,0.0,0.0,^XDB
2025-12-12 00:00:00-05:00,133.73399353027344,133.85000610351562,133.4199981689453,133.71499633789062,0,0.0,0.0,^XDB
2025-12-15 00:00:00-05:00,133.88999938964844,134.02999877929688,133.58999633789062,133.72000122070312,0,0.0,0.0,^XDB
2025-12-16 00:00:00-05:00,134.36700439453125,134.56500244140625,134.01100158691406,134.22000122070312,0,0.0,0.0,^XDB
2025-12-17 00:00:00-05:00,133.4459991455078,134.07000732421875,133.38999938964844,133.7729949951172,0,0.0,0.0,^XDB
2025-12-18 00:00:00-05:00,133.94000244140625,134.47000122070312,133.6999969482422,133.7989959716797,0,0.0,0.0,^XDB
2025-12-19 00:00:00-05:00,133.72000122070312,133.9600067138672,133.55999755859375,133.781005859375,0,0.0,0.0,^XDB
2025-12-22 00:00:00-05:00,134.33599853515625,134.7899932861328,134.30999755859375,134.6300048828125,0,0.0,0.0,^XDB
2025-12-23 00:00:00-05:00,135.02000427246094,135.2779998779297,134.6999969482422,135.1699981689453,0,0.0,0.0,^XDB
2025-12-24 00:00:00-05:00,135.0399932861328,135.1300048828125,134.9199981689453,135.0070037841797,0,0.0,0.0,^XDB
2025-12-26 00:00:00-05:00,134.97999572753906,135.27999877929688,134.80999755859375,134.96299743652344,0,0.0,0.0,^XDB
2025-12-29 00:00:00-05:00,134.82000732421875,135.17999267578125,134.7949981689453,135.06199645996094,0,0.0,0.0,^XDB
2025-12-30 00:00:00-05:00,134.97000122070312,135.0,134.49000549316406,134.65899658203125,0,0.0,0.0,^XDB
2025-12-31 00:00:00-05:00,134.67100524902344,134.85000610351562,134.0189971923828,134.73500061035156,0,0.0,0.0,^XDB
2026-01-02 00:00:00-05:00,134.45599365234375,135.02999877929688,134.41000366210938,134.5970001220703,0,0.0,0.0,^XDB
2026-01-05 00:00:00-05:00,134.57000732421875,135.5,134.25,135.41400146484375,0,0.0,0.0,^XDB
2026-01-06 00:00:00-05:00,135.11000061035156,135.36000061035156,134.91000366210938,135.00999450683594,0,0.0,0.0,^XDB
2026-01-07 00:00:00-05:00,134.92999267578125,135.0330047607422,134.55999755859375,134.60800170898438,0,0.0,0.0,^XDB
2026-01-08 00:00:00-05:00,134.3820037841797,134.49000549316406,134.14999389648438,134.3699951171875,0,0.0,0.0,^XDB
2026-01-09 00:00:00-05:00,134.197998046875,134.50799560546875,133.92599487304688,134.02699279785156,0,0.0,0.0,^XDB
2026-01-12 00:00:00-05:00,134.65499877929688,134.8800048828125,134.5500030517578,134.64999389648438,0,0.0,0.0,^XDB
2026-01-13 00:00:00-05:00,134.61000061035156,134.94500732421875,134.2100067138672,134.25999450683594,0,0.0,0.0,^XDB
2026-01-14 00:00:00-05:00,134.52999877929688,134.64999389648438,134.24000549316406,134.42999267578125,0,0.0,0.0,^XDB
2026-01-15 00:00:00-05:00,134.05999755859375,134.05999755859375,133.6300048828125,133.8000030517578,0,0.0,0.0,^XDB
2026-01-16 00:00:00-05:00,134.0030059814453,134.08999633789062,133.66200256347656,133.79800415039062,0,0.0,0.0,^XDB
2026-01-20 00:00:00-05:00,134.45799255371094,134.77000427246094,134.24000549316406,134.4199981689453,0,0.0,0.0,^XDB
2026-01-21 00:00:00-05:00,134.2480010986328,134.60000610351562,134.0970001220703,134.27000427246094,0,0.0,0.0,^XDB
2026-01-22 00:00:00-05:00,134.2550048828125,135.0800018310547,134.07699584960938,134.99000549316406,0,0.0,0.0,^XDB
2026-01-23 00:00:00-05:00,135.27999877929688,136.47000122070312,135.1999969482422,136.44200134277344,0,0.0,0.0,^XDB
2026-01-26 00:00:00-05:00,136.5294952392578,136.7100067138672,136.42999267578125,136.67999267578125,0,0.0,0.0,^XDB
2025-01-24 00:00:00-05:00,63.09000015258789,63.279998779296875,63.0099983215332,63.1150016784668,0,0.0,0.0,^XDA
2025-01-27 00:00:00-05:00,63.03799819946289,63.08000183105469,62.7400016784668,62.91999816894531,0,0.0,0.0,^XDA
2025-01-28 00:00:00-05:00,62.400001525878906,62.59000015258789,62.369998931884766,62.51100158691406,0,0.0,0.0,^XDA
2025-01-29 00:00:00-05:00,62.233001708984375,62.400001525878906,62.09000015258789,62.279998779296875,0,0.0,0.0,^XDA
2025-01-30 00:00:00-05:00,62.27000045776367,62.41999816894531,61.99100112915039,62.11000061035156,0,0.0,0.0,^XDA
2025-01-31 00:00:00-05:00,62.15999984741211,62.630001068115234,62.04499816894531,62.119998931884766,0,0.0,0.0,^XDA
2025-02-03 00:00:00-05:00,61.54999923706055,62.380001068115234,61.40999984741211,62.24300003051758,0,0.0,0.0,^XDA
2025-02-04 00:00:00-05:00,62.119998931884766,62.630001068115234,62.09000015258789,62.53099822998047,0,0.0,0.0,^XDA
2025-02-05 00:00:00-05:00,62.82899856567383,62.9900016784668,62.7400016784668,62.849998474121094,0,0.0,0.0,^XDA
2025-02-06 00:00:00-05:00,62.65700149536133,62.900001525878906,62.56999969482422,62.81999969482422,0,0.0,0.0,^XDA
2025-02-07 00:00:00-05:00,62.79999923706055,63.02000045776367,62.529998779296875,62.72999954223633,0,0.0,0.0,^XDA
2025-02-10 00:00:00-05:00,62.72999954223633,62.88999938964844,62.70000076293945,62.827999114990234,0,0.0,0.0,^XDA
2025-02-11 00:00:00-05:00,62.81800079345703,63.029998779296875,62.72999954223633,62.941001892089844,0,0.0,0.0,^XDA
2025-02-12 00:00:00-05:00,62.7859992980957,63.06999969482422,62.34000015258789,62.81999969482422,0,0.0,0.0,^XDA
2025-02-13 00:00:00-05:00,62.60200119018555,63.2400016784668,62.540000915527344,63.17499923706055,0,0.0,0.0,^XDA
2025-02-14 00:00:00-05:00,63.4379997253418,63.689998626708984,63.41999816894531,63.505001068115234,0,0.0,0.0,^XDA
2025-02-18 00:00:00-05:00,63.470001220703125,63.595001220703125,63.40999984741211,63.520999908447266,0,0.0,0.0,^XDA
2025-02-19 00:00:00-05:00,63.5,63.66999816894531,63.36000061035156,63.459999084472656,0,0.0,0.0,^XDA
2025-02-20 00:00:00-05:00,63.709999084472656,64.05999755859375,63.70000076293945,63.97999954223633,0,0.0,0.0,^XDA
2025-02-21 00:00:00-05:00,63.83000183105469,63.939998626708984,63.5099983215332,63.564998626708984,0,0.0,0.0,^XDA
2025-02-24 00:00:00-05:00,63.66999816894531,63.72999954223633,63.42100143432617,63.5099983215332,0,0.0,0.0,^XDA
2025-02-25 00:00:00-05:00,63.433998107910156,63.529998779296875,63.20000076293945,63.43899917602539,0,0.0,0.0,^XDA
2025-02-26 00:00:00-05:00,63.06999969482422,63.36000061035156,62.959999084472656,63.09000015258789,0,0.0,0.0,^XDA
2025-02-27 00:00:00-05:00,62.95000076293945,63.0099983215332,62.310001373291016,62.369998931884766,0,0.0,0.0,^XDA
2025-02-28 00:00:00-05:00,62.16400146484375,62.220001220703125,61.91999816894531,62.025001525878906,0,0.0,0.0,^XDA
2025-03-03 00:00:00-05:00,62.27000045776367,62.54999923706055,62.029998779296875,62.22200012207031,0,0.0,0.0,^XDA
2025-03-04 00:00:00-05:00,62.380001068115234,62.7400016784668,61.959999084472656,62.68000030517578,0,0.0,0.0,^XDA
2025-03-05 00:00:00-05:00,62.77000045776367,63.439998626708984,62.709999084472656,63.36000061035156,0,0.0,0.0,^XDA
2025-03-06 00:00:00-05:00,63.33000183105469,63.63399887084961,63.20000076293945,63.33000183105469,0,0.0,0.0,^XDA
2025-03-07 00:00:00-05:00,62.91699981689453,63.25,62.79899978637695,63.064998626708984,0,0.0,0.0,^XDA
2025-03-10 00:00:00-04:00,63.2400016784668,63.33000183105469,62.630001068115234,62.7599983215332,0,0.0,0.0,^XDA
2025-03-11 00:00:00-04:00,62.900001525878906,63.130001068115234,62.650001525878906,62.965999603271484,0,0.0,0.0,^XDA
2025-03-12 00:00:00-04:00,62.86000061035156,63.25,62.77000045776367,63.20000076293945,0,0.0,0.0,^XDA
2025-03-13 00:00:00-04:00,62.869998931884766,63.01900100708008,62.689998626708984,62.810001373291016,0,0.0,0.0,^XDA
2025-03-14 00:00:00-04:00,63.05699920654297,63.33000183105469,63.04999923706055,63.23500061035156,0,0.0,0.0,^XDA
2025-03-17 00:00:00-04:00,63.5099983215332,63.93000030517578,63.40999984741211,63.84000015258789,0,0.0,0.0,^XDA
2025-03-18 00:00:00-04:00,63.68000030517578,63.777000427246094,63.43000030517578,63.619998931884766,0,0.0,0.0,^XDA
2025-03-19 00:00:00-04:00,63.369998931884766,63.750999450683594,63.18299865722656,63.566001892089844,0,0.0,0.0,^XDA
2025-03-20 00:00:00-04:00,62.869998931884766,63.08000183105469,62.709999084472656,63.02000045776367,0,0.0,0.0,^XDA
2025-03-21 00:00:00-04:00,62.93000030517578,63.0,62.58000183105469,62.7599983215332,0,0.0,0.0,^XDA
2025-03-24 00:00:00-04:00,62.91999816894531,62.9900016784668,62.66999816894531,62.856998443603516,0,0.0,0.0,^XDA
2025-03-25 00:00:00-04:00,63.15999984741211,63.2599983215332,62.94499969482422,63.04999923706055,0,0.0,0.0,^XDA
2025-03-26 00:00:00-04:00,63.209999084472656,63.22999954223633,62.83000183105469,63.0,0,0.0,0.0,^XDA
2025-03-27 00:00:00-04:00,63.141998291015625,63.16999816894531,62.939998626708984,63.040000915527344,0,0.0,0.0,^XDA
2025-03-28 00:00:00-04:00,62.93000030517578,63.13999938964844,62.81800079345703,62.90999984741211,0,0.0,0.0,^XDA
2025-03-31 00:00:00-04:00,62.500999450683594,62.540000915527344,62.18000030517578,62.47999954223633,0,0.0,0.0,^XDA
2025-04-01 00:00:00-04:00,62.5,62.849998474121094,62.47999954223633,62.77199935913086,0,0.0,0.0,^XDA
2025-04-02 00:00:00-04:00,63.06100082397461,63.40999984741211,62.56999969482422,62.91999816894531,0,0.0,0.0,^XDA
2025-04-03 00:00:00-04:00,63.59000015258789,63.88800048828125,63.150001525878906,63.310001373291016,0,0.0,0.0,^XDA
2025-04-04 00:00:00-04:00,61.13100051879883,61.400001525878906,59.869998931884766,60.39500045776367,0,0.0,0.0,^XDA
2025-04-07 00:00:00-04:00,60.380001068115234,61.27000045776367,59.439998626708984,59.83000183105469,0,0.0,0.0,^XDA
2025-04-08 00:00:00-04:00,60.540000915527344,60.869998931884766,59.459999084472656,59.59700012207031,0,0.0,0.0,^XDA
2025-04-09 00:00:00-04:00,60.029998779296875,61.7599983215332,59.90999984741211,61.54499816894531,0,0.0,0.0,^XDA
2025-04-10 00:00:00-04:00,61.86000061035156,62.5099983215332,61.70000076293945,62.279998779296875,0,0.0,0.0,^XDA
2025-04-11 00:00:00-04:00,62.38800048828125,63.02000045776367,62.22600173950195,62.875,0,0.0,0.0,^XDA
2025-04-14 00:00:00-04:00,63.117000579833984,63.41999816894531,62.757999420166016,63.2400016784668,0,0.0,0.0,^XDA
2025-04-15 00:00:00-04:00,63.59600067138672,63.84000015258789,63.40999984741211,63.4900016784668,0,0.0,0.0,^XDA
2025-04-16 00:00:00-04:00,63.72999954223633,63.93000030517578,63.56999969482422,63.70000076293945,0,0.0,0.0,^XDA
2025-04-17 00:00:00-04:00,63.58000183105469,63.96500015258789,63.58000183105469,63.900001525878906,0,0.0,0.0,^XDA
2025-04-21 00:00:00-04:00,64.26000213623047,64.3499984741211,64.0199966430664,64.12999725341797,0,0.0,0.0,^XDA
2025-04-22 00:00:00-04:00,63.95000076293945,64.05999755859375,63.599998474121094,63.689998626708984,0,0.0,0.0,^XDA
2025-04-23 00:00:00-04:00,64.11000061035156,64.35199737548828,63.52000045776367,63.65999984741211,0,0.0,0.0,^XDA
2025-04-24 00:00:00-04:00,63.75199890136719,64.14800262451172,63.75,64.02999877929688,0,0.0,0.0,^XDA
2025-04-25 00:00:00-04:00,63.790000915527344,64.05000305175781,63.75,63.9900016784668,0,0.0,0.0,^XDA
2025-04-28 00:00:00-04:00,63.95100021362305,64.37000274658203,63.91999816894531,64.30000305175781,0,0.0,0.0,^XDA
2025-04-29 00:00:00-04:00,64.0250015258789,64.16999816894531,63.7599983215332,63.869998931884766,0,0.0,0.0,^XDA
2025-04-30 00:00:00-04:00,63.90999984741211,64.13999938964844,63.54999923706055,64.01000213623047,0,0.0,0.0,^XDA
2025-05-01 00:00:00-04:00,63.90599822998047,63.959999084472656,63.650001525878906,63.80500030517578,0,0.0,0.0,^XDA
2025-05-02 00:00:00-04:00,64.33999633789062,64.70999908447266,64.20700073242188,64.40499877929688,0,0.0,0.0,^XDA
2025-05-05 00:00:00-04:00,64.83999633789062,64.94000244140625,64.61000061035156,64.66000366210938,0,0.0,0.0,^XDA
2025-05-06 00:00:00-04:00,64.63099670410156,65.02999877929688,64.56999969482422,64.93000030517578,0,0.0,0.0,^XDA
2025-05-07 00:00:00-04:00,64.73100280761719,64.7699966430664,64.20999908447266,64.25399780273438,0,0.0,0.0,^XDA
2025-05-08 00:00:00-04:00,64.16000366210938,64.33999633789062,63.95000076293945,64.01499938964844,0,0.0,0.0,^XDA
2025-05-09 00:00:00-04:00,64.04900360107422,64.322998046875,64.01000213623047,64.125,0,0.0,0.0,^XDA
2025-05-12 00:00:00-04:00,63.94900131225586,64.0199966430664,63.560001373291016,63.66999816894531,0,0.0,0.0,^XDA
2025-05-13 00:00:00-04:00,64.08000183105469,64.80000305175781,64.05000305175781,64.69999694824219,0,0.0,0.0,^XDA
2025-05-14 00:00:00-04:00,64.72200012207031,64.7699966430664,64.20999908447266,64.27799987792969,0,0.0,0.0,^XDA
2025-05-15 00:00:00-04:00,64.08799743652344,64.23999786376953,63.900001525878906,64.05999755859375,0,0.0,0.0,^XDA
2025-05-16 00:00:00-04:00,64.17400360107422,64.19999694824219,63.880001068115234,64.05500030517578,0,0.0,0.0,^XDA
2025-05-19 00:00:00-04:00,64.48999786376953,64.66000366210938,64.3499984741211,64.56900024414062,0,0.0,0.0,^XDA
2025-05-20 00:00:00-04:00,64.12200164794922,64.30799865722656,63.90999984741211,64.21499633789062,0,0.0,0.0,^XDA
2025-05-21 00:00:00-04:00,64.44300079345703,64.70999908447266,64.30000305175781,64.38500213623047,0,0.0,0.0,^XDA
2025-05-22 00:00:00-04:00,64.20999908447266,64.29000091552734,63.97600173950195,64.11499786376953,0,0.0,0.0,^XDA
2025-05-23 00:00:00-04:00,64.44000244140625,65.05500030517578,64.29000091552734,64.94499969482422,0,0.0,0.0,^XDA
2025-05-27 00:00:00-04:00,64.44999694824219,64.62000274658203,64.33999633789062,64.44000244140625,0,0.0,0.0,^XDA
2025-05-28 00:00:00-04:00,64.37000274658203,64.4000015258789,64.08999633789062,64.25,0,0.0,0.0,^XDA
2025-05-29 00:00:00-04:00,64.33499908447266,64.61000061035156,64.27400207519531,64.45500183105469,0,0.0,0.0,^XDA
2025-05-30 00:00:00-04:00,64.22000122070312,64.48999786376953,64.08000183105469,64.33999633789062,0,0.0,0.0,^XDA
2025-06-02 00:00:00-04:00,64.79499816894531,65.3550033569336,64.61499786376953,64.9000015258789,0,0.0,0.0,^XDA
2025-06-03 00:00:00-04:00,64.55999755859375,64.7300033569336,64.41300201416016,64.62999725341797,0,0.0,0.0,^XDA
2025-06-04 00:00:00-04:00,64.81999969482422,65.05999755859375,64.81999969482422,64.91000366210938,0,0.0,0.0,^XDA
2025-06-05 00:00:00-04:00,65.0999984741211,65.39199829101562,65.02999877929688,65.08999633789062,0,0.0,0.0,^XDA
2025-06-06 00:00:00-04:00,64.91600036621094,65.06999969482422,64.79000091552734,64.91999816894531,0,0.0,0.0,^XDA
2025-06-09 00:00:00-04:00,65.19100189208984,65.29000091552734,65.05000305175781,65.16000366210938,0,0.0,0.0,^XDA
2025-06-10 00:00:00-04:00,65.20999908447266,65.33999633789062,65.13999938964844,65.2249984741211,0,0.0,0.0,^XDA
2025-06-11 00:00:00-04:00,65.05799865722656,65.47000122070312,64.94999694824219,65.0199966430664,0,0.0,0.0,^XDA
2025-06-12 00:00:00-04:00,65.14900207519531,65.3499984741211,65.12999725341797,65.30000305175781,0,0.0,0.0,^XDA
2025-06-13 00:00:00-04:00,64.75299835205078,65.19999694824219,64.68000030517578,64.94000244140625,0,0.0,0.0,^XDA
2025-06-16 00:00:00-04:00,65.24400329589844,65.52999877929688,65.19000244140625,65.22000122070312,0,0.0,0.0,^XDA
2025-06-17 00:00:00-04:00,65.36900329589844,65.43000030517578,64.6500015258789,64.80000305175781,0,0.0,0.0,^XDA
2025-06-18 00:00:00-04:00,65.00800323486328,65.3759994506836,64.93000030517578,65.05500030517578,0,0.0,0.0,^XDA
2025-06-20 00:00:00-04:00,64.88999938964844,64.97000122070312,64.47000122070312,64.68000030517578,0,0.0,0.0,^XDA
2025-06-23 00:00:00-04:00,63.875999450683594,64.63999938964844,63.790000915527344,64.57499694824219,0,0.0,0.0,^XDA
2025-06-24 00:00:00-04:00,65.08899688720703,65.20999908447266,64.24299621582031,64.9000015258789,0,0.0,0.0,^XDA
2025-06-25 00:00:00-04:00,64.97100067138672,65.16000366210938,64.83999633789062,65.08999633789062,0,0.0,0.0,^XDA
2025-06-26 00:00:00-04:00,65.31999969482422,65.6500015258789,65.2770004272461,65.47599792480469,0,0.0,0.0,^XDA
2025-06-27 00:00:00-04:00,65.38300323486328,65.5,65.08000183105469,65.29000091552734,0,0.0,0.0,^XDA
2025-06-30 00:00:00-04:00,65.31999969482422,65.8499984741211,65.25,65.76000213623047,0,0.0,0.0,^XDA
2025-07-01 00:00:00-04:00,65.86000061035156,65.87999725341797,65.61799621582031,65.79000091552734,0,0.0,0.0,^XDA
2025-07-02 00:00:00-04:00,65.54000091552734,65.9000015258789,65.427001953125,65.81999969482422,0,0.0,0.0,^XDA
2025-07-03 00:00:00-04:00,65.73999786376953,65.79900360107422,65.37000274658203,65.70999908447266,0,0.0,0.0,^XDA
2025-07-07 00:00:00-04:00,65.0,65.20999908447266,64.8499984741211,64.95899963378906,0,0.0,0.0,^XDA
2025-07-08 00:00:00-04:00,65.41000366210938,65.45999908447266,65.08000183105469,65.30999755859375,0,0.0,0.0,^XDA
2025-07-09 00:00:00-04:00,65.16000366210938,65.48999786376953,65.13999938964844,65.33000183105469,0,0.0,0.0,^XDA
2025-07-10 00:00:00-04:00,65.51499938964844,65.93000030517578,65.41000366210938,65.86000061035156,0,0.0,0.0,^XDA
2025-07-11 00:00:00-04:00,65.7959976196289,65.91999816894531,65.69000244140625,65.79000091552734,0,0.0,0.0,^XDA
2025-07-14 00:00:00-04:00,65.66000366210938,65.70999908447266,65.41999816894531,65.50199890136719,0,0.0,0.0,^XDA
2025-07-15 00:00:00-04:00,65.61000061035156,65.7699966430664,65.06999969482422,65.16999816894531,0,0.0,0.0,^XDA
2025-07-16 00:00:00-04:00,65.19000244140625,65.55000305175781,64.94999694824219,65.29900360107422,0,0.0,0.0,^XDA
2025-07-17 00:00:00-04:00,64.58000183105469,66.2750015258789,64.54000091552734,64.85399627685547,0,0.0,0.0,^XDA
2025-07-18 00:00:00-04:00,65.22599792480469,65.41000366210938,65.0199966430664,65.07499694824219,0,0.0,0.0,^XDA
2025-07-21 00:00:00-04:00,65.2300033569336,65.38999938964844,65.1500015258789,65.2300033569336,0,0.0,0.0,^XDA
2025-07-22 00:00:00-04:00,65.19999694824219,65.58999633789062,65.18000030517578,65.52999877929688,0,0.0,0.0,^XDA
2025-07-23 00:00:00-04:00,65.98400115966797,66.05000305175781,65.79000091552734,66.0,0,0.0,0.0,^XDA
2025-07-24 00:00:00-04:00,66.16000366210938,66.20999908447266,65.8499984741211,65.91999816894531,0,0.0,0.0,^XDA
2025-07-25 00:00:00-04:00,65.67500305175781,65.69999694824219,65.51000213623047,65.63999938964844,0,0.0,0.0,^XDA
2025-07-28 00:00:00-04:00,65.29499816894531,65.37999725341797,65.12000274658203,65.18499755859375,0,0.0,0.0,^XDA
2025-07-29 00:00:00-04:00,64.99099731445312,65.20500183105469,64.94999694824219,65.11000061035156,0,0.0,0.0,^XDA
2025-07-30 00:00:00-04:00,64.87999725341797,64.9000015258789,64.25,64.37000274658203,0,0.0,0.0,^XDA
2025-07-31 00:00:00-04:00,64.45999908447266,64.5,64.2300033569336,64.28399658203125,0,0.0,0.0,^XDA
2025-08-01 00:00:00-04:00,64.23999786376953,64.94999694824219,64.15799713134766,64.69999694824219,0,0.0,0.0,^XDA
2025-08-04 00:00:00-04:00,64.81999969482422,64.91000366210938,64.58999633789062,64.6729965209961,0,0.0,0.0,^XDA
2025-08-05 00:00:00-04:00,64.58999633789062,64.80000305175781,64.55000305175781,64.72000122070312,0,0.0,0.0,^XDA
2025-08-06 00:00:00-04:00,65.0469970703125,65.0999984741211,64.875,65.0530014038086,0,0.0,0.0,^XDA
2025-08-07 00:00:00-04:00,65.21600341796875,65.30999755859375,64.89600372314453,65.18199920654297,0,0.0,0.0,^XDA
2025-08-08 00:00:00-04:00,65.2239990234375,65.33999633789062,65.12999725341797,65.20500183105469,0,0.0,0.0,^XDA
2025-08-11 00:00:00-04:00,65.11000061035156,65.18000030517578,65.0,65.13700103759766,0,0.0,0.0,^XDA
2025-08-12 00:00:00-04:00,64.8499984741211,65.41999816894531,64.81500244140625,65.30000305175781,0,0.0,0.0,^XDA
2025-08-13 00:00:00-04:00,65.55000305175781,65.58999633789062,65.37999725341797,65.45999908447266,0,0.0,0.0,^XDA
2025-08-14 00:00:00-04:00,65.23999786376953,65.2699966430664,64.81999969482422,64.9800033569336,0,0.0,0.0,^XDA
2025-08-15 00:00:00-04:00,65.12000274658203,65.23999786376953,64.98999786376953,65.06500244140625,0,0.0,0.0,^XDA
2025-08-18 00:00:00-04:00,65.08999633789062,65.13999938964844,64.80000305175781,64.97000122070312,0,0.0,0.0,^XDA
2025-08-19 00:00:00-04:00,64.94000244140625,64.95999908447266,64.4749984741211,64.56999969482422,0,0.0,0.0,^XDA
2025-08-20 00:00:00-04:00,64.30999755859375,64.5,64.2300033569336,64.31199645996094,0,0.0,0.0,^XDA
2025-08-21 00:00:00-04:00,64.22000122070312,64.33000183105469,64.13999938964844,64.21199798583984,0,0.0,0.0,^XDA
2025-08-22 00:00:00-04:00,64.19999694824219,65.0199966430664,64.19999694824219,64.91500091552734,0,0.0,0.0,^XDA
2025-08-25 00:00:00-04:00,64.98999786376953,65.05999755859375,64.7699966430664,64.8219985961914,0,0.0,0.0,^XDA
2025-08-26 00:00:00-04:00,64.9000015258789,65.0199966430664,64.80000305175781,64.91000366210938,0,0.0,0.0,^XDA
2025-08-27 00:00:00-04:00,64.66999816894531,65.13999938964844,64.6500015258789,65.03299713134766,0,0.0,0.0,^XDA
2025-08-28 00:00:00-04:00,65.27300262451172,65.38999938964844,65.19000244140625,65.2750015258789,0,0.0,0.0,^XDA
2025-08-29 00:00:00-04:00,65.26499938964844,65.5,65.22000122070312,65.38999938964844,0,0.0,0.0,^XDA
2025-09-02 00:00:00-04:00,65.08799743652344,65.2699966430664,64.83000183105469,65.1500015258789,0,0.0,0.0,^XDA
2025-09-03 00:00:00-04:00,65.36000061035156,65.55999755859375,65.30000305175781,65.40399932861328,0,0.0,0.0,^XDA
2025-09-04 00:00:00-04:00,65.16500091552734,65.27999877929688,65.01000213623047,65.16000366210938,0,0.0,0.0,^XDA
2025-09-05 00:00:00-04:00,65.41000366210938,65.9000015258789,65.4000015258789,65.61000061035156,0,0.0,0.0,^XDA
2025-09-08 00:00:00-04:00,65.91000366210938,66.0,65.80000305175781,65.89900207519531,0,0.0,0.0,^XDA
2025-09-09 00:00:00-04:00,66.09400177001953,66.12999725341797,65.76499938964844,65.88800048828125,0,0.0,0.0,^XDA
2025-09-10 00:00:00-04:00,66.05999755859375,66.37000274658203,65.9729995727539,66.16500091552734,0,0.0,0.0,^XDA
2025-09-11 00:00:00-04:00,66.03299713134766,66.67400360107422,65.9000015258789,66.58999633789062,0,0.0,0.0,^XDA
2025-09-12 00:00:00-04:00,66.44999694824219,66.55000305175781,66.30000305175781,66.5199966430664,0,0.0,0.0,^XDA
2025-09-15 00:00:00-04:00,66.5999984741211,66.76000213623047,66.52999877929688,66.68000030517578,0,0.0,0.0,^XDA
2025-09-16 00:00:00-04:00,66.74099731445312,66.88999938964844,66.62100219726562,66.80000305175781,0,0.0,0.0,^XDA
2025-09-17 00:00:00-04:00,66.75700378417969,67.06999969482422,66.41000366210938,66.55000305175781,0,0.0,0.0,^XDA
2025-09-18 00:00:00-04:00,66.52100372314453,66.52999877929688,66.06999969482422,66.13300323486328,0,0.0,0.0,^XDA
2025-09-19 00:00:00-04:00,65.927001953125,66.01000213623047,65.8499984741211,65.91999816894531,0,0.0,0.0,^XDA
2025-09-22 00:00:00-04:00,65.97000122070312,66.04000091552734,65.7699966430664,65.97000122070312,0,0.0,0.0,^XDA
2025-09-23 00:00:00-04:00,66.05999755859375,66.16000366210938,65.91999816894531,65.96499633789062,0,0.0,0.0,^XDA
2025-09-24 00:00:00-04:00,66.02200317382812,66.12999725341797,65.73999786376953,65.8290023803711,0,0.0,0.0,^XDA
2025-09-25 00:00:00-04:00,65.82599639892578,65.86000061035156,65.25,65.40299987792969,0,0.0,0.0,^XDA
2025-09-26 00:00:00-04:00,65.2699966430664,65.52999877929688,65.26000213623047,65.4749984741211,0,0.0,0.0,^XDA
2025-09-29 00:00:00-04:00,65.67500305175781,65.83000183105469,65.58499908447266,65.77999877929688,0,0.0,0.0,^XDA
2025-09-30 00:00:00-04:00,66.0999984741211,66.30000305175781,66.06999969482422,66.125,0,0.0,0.0,^XDA
2025-10-01 00:00:00-04:00,66.1500015258789,66.29100036621094,65.98999786376953,66.12999725341797,0,0.0,0.0,^XDA
2025-10-02 00:00:00-04:00,66.06999969482422,66.0999984741211,65.7699966430664,65.94400024414062,0,0.0,0.0,^XDA
2025-10-03 00:00:00-04:00,66.052001953125,66.16000366210938,65.94000244140625,66.0199966430664,0,0.0,0.0,^XDA
2025-10-06 00:00:00-04:00,65.9800033569336,66.22000122070312,65.94000244140625,66.14900207519531,0,0.0,0.0,^XDA
2025-10-07 00:00:00-04:00,65.86000061035156,65.98999786376953,65.7699966430664,65.82499694824219,0,0.0,0.0,^XDA
2025-10-08 00:00:00-04:00,65.71499633789062,65.91000366210938,65.69999694824219,65.81999969482422,0,0.0,0.0,^XDA
2025-10-09 00:00:00-04:00,65.97599792480469,66.12100219726562,65.38999938964844,65.54000091552734,0,0.0,0.0,^XDA
2025-10-10 00:00:00-04:00,65.5199966430664,65.5999984741211,64.71700286865234,64.7699966430664,0,0.0,0.0,^XDA
2025-10-13 00:00:00-04:00,65.06999969482422,65.26000213623047,65.05000305175781,65.18000030517578,0,0.0,0.0,^XDA
2025-10-14 00:00:00-04:00,64.54000091552734,64.98999786376953,64.43000030517578,64.8499984741211,0,0.0,0.0,^XDA
2025-10-15 00:00:00-04:00,65.12999725341797,65.23999786376953,64.87999725341797,65.08999633789062,0,0.0,0.0,^XDA
2025-10-16 00:00:00-04:00,65.06999969482422,65.08999633789062,64.69999694824219,64.8499984741211,0,0.0,0.0,^XDA
2025-10-17 00:00:00-04:00,64.86599731445312,65.04000091552734,64.69999694824219,64.93000030517578,0,0.0,0.0,^XDA
2025-10-20 00:00:00-04:00,64.90399932861328,65.22000122070312,64.86000061035156,65.13400268554688,0,0.0,0.0,^XDA
2025-10-21 00:00:00-04:00,64.91999816894531,65.05000305175781,64.72000122070312,64.87899780273438,0,0.0,0.0,^XDA
2025-10-22 00:00:00-04:00,64.83999633789062,65.04000091552734,64.77999877929688,64.90699768066406,0,0.0,0.0,^XDA
2025-10-23 00:00:00-04:00,65.01000213623047,65.19000244140625,64.9800033569336,65.08999633789062,0,0.0,0.0,^XDA
2025-10-24 00:00:00-04:00,65.00399780273438,65.29000091552734,64.94000244140625,65.11000061035156,0,0.0,0.0,^XDA
2025-10-27 00:00:00-04:00,65.57099914550781,65.61000061035156,65.43000030517578,65.54399871826172,0,0.0,0.0,^XDA
2025-10-28 00:00:00-04:00,65.54000091552734,65.91999816894531,65.5,65.83999633789062,0,0.0,0.0,^XDA
2025-10-29 00:00:00-04:00,65.95700073242188,66.16999816894531,65.56999969482422,65.7300033569336,0,0.0,0.0,^XDA
2025-10-30 00:00:00-04:00,65.55599975585938,65.5999984741211,65.31999969482422,65.5199966430664,0,0.0,0.0,^XDA
2025-10-31 00:00:00-04:00,65.42900085449219,65.54000091552734,65.31999969482422,65.41999816894531,0,0.0,0.0,^XDA
2025-11-03 00:00:00-05:00,65.4749984741211,65.4800033569336,65.1709976196289,65.36000061035156,0,0.0,0.0,^XDA
2025-11-04 00:00:00-05:00,64.94999694824219,65.05999755859375,64.80000305175781,64.91000366210938,0,0.0,0.0,^XDA
2025-11-05 00:00:00-05:00,64.81999969482422,65.13999938964844,64.79000091552734,65.05000305175781,0,0.0,0.0,^XDA
2025-11-06 00:00:00-05:00,65.13999938964844,65.19999694824219,64.62999725341797,64.80000305175781,0,0.0,0.0,^XDA
2025-11-07 00:00:00-05:00,64.79000091552734,65.01000213623047,64.68000030517578,64.88999938964844,0,0.0,0.0,^XDA
2025-11-10 00:00:00-05:00,65.31999969482422,65.41999816894531,65.13999938964844,65.33000183105469,0,0.0,0.0,^XDA
2025-11-11 00:00:00-05:00,65.23999786376953,65.4000015258789,65.19000244140625,65.2699966430664,0,0.0,0.0,^XDA
2025-11-12 00:00:00-05:00,65.43299865722656,65.51000213623047,65.30000305175781,65.41999816894531,0,0.0,0.0,^XDA
2025-11-13 00:00:00-05:00,65.6500015258789,65.66000366210938,65.2300033569336,65.36000061035156,0,0.0,0.0,^XDA
2025-11-14 00:00:00-05:00,65.26499938964844,65.52999877929688,65.16999816894531,65.41999816894531,0,0.0,0.0,^XDA
2025-11-17 00:00:00-05:00,65.19000244140625,65.22000122070312,64.80999755859375,64.94000244140625,0,0.0,0.0,^XDA
2025-11-18 00:00:00-05:00,65.02100372314453,65.19999694824219,64.81999969482422,65.08300018310547,0,0.0,0.0,^XDA
2025-11-19 00:00:00-05:00,64.91000366210938,64.94000244140625,64.5,64.7699966430664,0,0.0,0.0,^XDA
2025-11-20 00:00:00-05:00,64.7760009765625,65.04000091552734,64.36000061035156,64.43000030517578,0,0.0,0.0,^XDA
2025-11-21 00:00:00-05:00,64.4520034790039,64.61000061035156,64.22000122070312,64.53500366210938,0,0.0,0.0,^XDA
2025-11-24 00:00:00-05:00,64.55999755859375,64.69999694824219,64.44999694824219,64.61699676513672,0,0.0,0.0,^XDA
2025-11-25 00:00:00-05:00,64.55000305175781,64.7699966430664,64.3499984741211,64.66999816894531,0,0.0,0.0,^XDA
2025-11-26 00:00:00-05:00,64.92500305175781,65.2300033569336,64.8499984741211,65.19000244140625,0,0.0,0.0,^XDA
2025-11-28 00:00:00-05:00,65.27999877929688,65.5999984741211,65.23999786376953,65.51000213623047,0,0.0,0.0,^XDA
2025-12-01 00:00:00-05:00,65.62999725341797,65.68000030517578,65.4000015258789,65.43099975585938,0,0.0,0.0,^XDA
2025-12-02 00:00:00-05:00,65.55000305175781,65.72000122070312,65.51000213623047,65.6500015258789,0,0.0,0.0,^XDA
2025-12-03 00:00:00-05:00,65.88800048828125,66.04000091552734,65.73999786376953,65.98899841308594,0,0.0,0.0,^XDA
2025-12-04 00:00:00-05:00,66.08000183105469,66.26000213623047,66.03700256347656,66.11000061035156,0,0.0,0.0,^XDA
2025-12-05 00:00:00-05:00,66.38600158691406,66.51000213623047,66.2699966430664,66.37999725341797,0,0.0,0.0,^XDA
2025-12-08 00:00:00-05:00,66.38999938964844,66.44999694824219,66.12999725341797,66.2300033569336,0,0.0,0.0,^XDA
2025-12-09 00:00:00-05:00,66.37000274658203,66.55999755859375,66.30000305175781,66.4000015258789,0,0.0,0.0,^XDA
2025-12-10 00:00:00-05:00,66.4800033569336,66.86100006103516,66.29000091552734,66.75,0,0.0,0.0,^XDA
2025-12-11 00:00:00-05:00,66.58000183105469,66.76000213623047,66.52999877929688,66.63999938964844,0,0.0,0.0,^XDA
2025-12-12 00:00:00-05:00,66.63300323486328,66.72000122070312,66.3290023803711,66.51499938964844,0,0.0,0.0,^XDA
2025-12-15 00:00:00-05:00,66.54000091552734,66.58000183105469,66.30999755859375,66.36499786376953,0,0.0,0.0,^XDA
2025-12-16 00:00:00-05:00,66.37999725341797,66.62000274658203,66.21499633789062,66.33000183105469,0,0.0,0.0,^XDA
2025-12-17 00:00:00-05:00,66.23999786376953,66.30000305175781,65.9800033569336,66.05599975585938,0,0.0,0.0,^XDA
2025-12-18 00:00:00-05:00,66.0530014038086,66.31999969482422,66.02999877929688,66.12899780273438,0,0.0,0.0,^XDA
2025-12-19 00:00:00-05:00,66.02999877929688,66.26599884033203,66.0,66.11499786376953,0,0.0,0.0,^XDA
2025-12-22 00:00:00-05:00,66.46399688720703,66.62000274658203,66.41999816894531,66.55999755859375,0,0.0,0.0,^XDA
2025-12-23 00:00:00-05:00,66.93499755859375,67.06999969482422,66.75,66.99500274658203,0,0.0,0.0,^XDA
2025-12-24 00:00:00-05:00,67.04000091552734,67.16999816894531,67.0,67.04900360107422,0,0.0,0.0,^XDA
2025-12-26 00:00:00-05:00,67.06500244140625,67.26000213623047,67.04000091552734,67.13500213623047,0,0.0,0.0,^XDA
2025-12-29 00:00:00-05:00,66.8949966430664,67.04000091552734,66.8499984741211,66.93499755859375,0,0.0,0.0,^XDA
2025-12-30 00:00:00-05:00,67.0199966430664,67.06999969482422,66.87000274658203,66.94999694824219,0,0.0,0.0,^XDA
2025-12-31 00:00:00-05:00,66.875,67.03500366210938,66.58999633789062,66.69999694824219,0,0.0,0.0,^XDA
2026-01-02 00:00:00-05:00,66.91799926757812,67.0,66.7699966430664,66.93499755859375,0,0.0,0.0,^XDA
2026-01-05 00:00:00-05:00,66.78199768066406,67.20999908447266,66.62999725341797,67.14600372314453,0,0.0,0.0,^XDA
2026-01-06 00:00:00-05:00,67.16999816894531,67.43000030517578,67.1500015258789,67.38500213623047,0,0.0,0.0,^XDA
2026-01-07 00:00:00-05:00,67.33000183105469,67.4800033569336,67.14099884033203,67.23200225830078,0,0.0,0.0,^XDA
2026-01-08 00:00:00-05:00,66.9739990234375,67.02999877929688,66.80999755859375,66.99500274658203,0,0.0,0.0,^XDA
2026-01-09 00:00:00-05:00,66.75,67.03299713134766,66.62999725341797,66.86499786376953,0,0.0,0.0,^XDA
2026-01-12 00:00:00-05:00,67.09600067138672,67.23999786376953,67.02999877929688,67.11499786376953,0,0.0,0.0,^XDA
2026-01-13 00:00:00-05:00,66.98999786376953,67.2760009765625,66.73400115966797,66.82499694824219,0,0.0,0.0,^XDA
2026-01-14 00:00:00-05:00,66.84500122070312,66.94499969482422,66.72000122070312,66.80000305175781,0,0.0,0.0,^XDA
2026-01-15 00:00:00-05:00,66.91000366210938,67.1500015258789,66.73999786376953,66.98200225830078,0,0.0,0.0,^XDA
2026-01-16 00:00:00-05:00,67.01000213623047,67.02999877929688,66.70999908447266,66.80999755859375,0,0.0,0.0,^XDA
2026-01-20 00:00:00-05:00,67.30699920654297,67.47000122070312,67.25,67.32499694824219,0,0.0,0.0,^XDA
2026-01-21 00:00:00-05:00,67.6760025024414,67.77999877929688,67.5199966430664,67.62000274658203,0,0.0,0.0,^XDA
2026-01-22 00:00:00-05:00,68.06800079345703,68.45999908447266,68.05000305175781,68.3949966430664,0,0.0,0.0,^XDA
2026-01-23 00:00:00-05:00,68.6449966430664,69.01000213623047,68.4800033569336,68.93000030517578,0,0.0,0.0,^XDA
2026-01-26 00:00:00-05:00,69.15049743652344,69.2300033569336,69.06999969482422,69.21800231933594,0,0.0,0.0,^XDA
2025-01-24 00:00:00-05:00,104.73699951171875,105.21499633789062,104.63700103759766,105.02899932861328,0,0.0,0.0,^XDE
2025-01-27 00:00:00-05:00,105.21399688720703,105.3290023803711,104.79299926757812,104.93399810791016,0,0.0,0.0,^XDE
2025-01-28 00:00:00-05:00,104.2030029296875,104.40399932861328,104.17400360107422,104.29199981689453,0,0.0,0.0,^XDE
2025-01-29 00:00:00-05:00,104.04100036621094,104.28900146484375,103.8239974975586,104.19200134277344,0,0.0,0.0,^XDE
2025-01-30 00:00:00-05:00,104.03399658203125,104.6760025024414,103.86199951171875,103.92400360107422,0,0.0,0.0,^XDE
2025-01-31 00:00:00-05:00,103.8270034790039,104.33699798583984,103.5009994506836,103.68599700927734,0,0.0,0.0,^XDE
2025-02-03 00:00:00-05:00,102.5780029296875,103.49800109863281,102.44400024414062,103.38600158691406,0,0.0,0.0,^XDE
2025-02-04 00:00:00-05:00,103.25299835205078,103.8759994506836,103.24099731445312,103.79499816894531,0,0.0,0.0,^XDE
2025-02-05 00:00:00-05:00,104.19200134277344,104.42500305175781,103.96800231933594,104.04499816894531,0,0.0,0.0,^XDE
2025-02-06 00:00:00-05:00,103.61799621582031,103.96499633789062,103.53600311279297,103.8479995727539,0,0.0,0.0,^XDE
2025-02-07 00:00:00-05:00,103.73999786376953,104.10700225830078,103.05400085449219,103.30500030517578,0,0.0,0.0,^XDE
2025-02-10 00:00:00-05:00,103.13700103759766,103.26300048828125,103.04399871826172,103.09700012207031,0,0.0,0.0,^XDE
2025-02-11 00:00:00-05:00,103.2229995727539,103.80899810791016,103.16500091552734,103.62000274658203,0,0.0,0.0,^XDE
2025-02-12 00:00:00-05:00,103.7300033569336,104.2969970703125,103.16000366210938,103.86000061035156,0,0.0,0.0,^XDE
2025-02-13 00:00:00-05:00,103.89299774169922,104.6709976196289,103.73600006103516,104.65299987792969,0,0.0,0.0,^XDE
2025-02-14 00:00:00-05:00,104.71499633789062,105.14399719238281,104.70999908447266,104.92500305175781,0,0.0,0.0,^XDE
2025-02-18 00:00:00-05:00,104.552001953125,104.69499969482422,104.35399627685547,104.45800018310547,0,0.0,0.0,^XDE
2025-02-19 00:00:00-05:00,104.28099822998047,104.41500091552734,104.00900268554688,104.25299835205078,0,0.0,0.0,^XDE
2025-02-20 00:00:00-05:00,104.35800170898438,105.03500366210938,104.35199737548828,105.0009994506836,0,0.0,0.0,^XDE
2025-02-21 00:00:00-05:00,104.61900329589844,104.927001953125,104.49400329589844,104.6050033569336,0,0.0,0.0,^XDE
2025-02-24 00:00:00-05:00,104.69100189208984,104.86000061035156,104.52799987792969,104.67500305175781,0,0.0,0.0,^XDE
2025-02-25 00:00:00-05:00,104.93599700927734,105.19300079345703,104.83999633789062,105.14099884033203,0,0.0,0.0,^XDE
2025-02-26 00:00:00-05:00,104.76000213623047,105.28600311279297,104.73999786376953,104.83999633789062,0,0.0,0.0,^XDE
2025-02-27 00:00:00-05:00,104.76599884033203,104.88999938964844,103.90299987792969,103.9749984741211,0,0.0,0.0,^XDE
2025-02-28 00:00:00-05:00,104.06800079345703,104.1989974975586,103.5999984741211,103.8499984741211,0,0.0,0.0,^XDE
2025-03-03 00:00:00-05:00,104.69999694824219,105.04000091552734,104.59600067138672,104.875,0,0.0,0.0,^XDE
2025-03-04 00:00:00-05:00,105.53099822998047,106.28900146484375,104.96600341796875,106.24500274658203,0,0.0,0.0,^XDE
2025-03-05 00:00:00-05:00,106.95700073242188,107.96600341796875,106.89299774169922,107.91000366210938,0,0.0,0.0,^XDE
2025-03-06 00:00:00-05:00,108.00299835205078,108.53399658203125,107.65799713134766,107.8759994506836,0,0.0,0.0,^XDE
2025-03-07 00:00:00-05:00,108.55999755859375,108.88500213623047,108.26100158691406,108.3499984741211,0,0.0,0.0,^XDE
2025-03-10 00:00:00-04:00,108.50700378417969,108.60099792480469,108.1760025024414,108.34100341796875,0,0.0,0.0,^XDE
2025-03-11 00:00:00-04:00,109.0459976196289,109.4729995727539,108.9540023803711,109.16500091552734,0,0.0,0.0,^XDE
2025-03-12 00:00:00-04:00,109.00599670410156,109.3030014038086,108.75800323486328,108.88600158691406,0,0.0,0.0,^XDE
2025-03-13 00:00:00-04:00,108.59100341796875,108.78399658203125,108.22599792480469,108.50399780273438,0,0.0,0.0,^XDE
2025-03-14 00:00:00-04:00,108.95999908447266,109.11399841308594,108.65799713134766,108.87999725341797,0,0.0,0.0,^XDE
2025-03-17 00:00:00-04:00,109.0199966430664,109.29499816894531,108.8740005493164,109.1989974975586,0,0.0,0.0,^XDE
2025-03-18 00:00:00-04:00,109.16999816894531,109.5199966430664,108.9260025024414,109.45700073242188,0,0.0,0.0,^XDE
2025-03-19 00:00:00-04:00,109.1050033569336,109.19499969482422,108.6050033569336,109.03700256347656,0,0.0,0.0,^XDE
2025-03-20 00:00:00-04:00,108.5,108.61499786376953,108.14700317382812,108.54499816894531,0,0.0,0.0,^XDE
2025-03-21 00:00:00-04:00,108.51499938964844,108.625,107.97899627685547,108.33000183105469,0,0.0,0.0,^XDE
2025-03-24 00:00:00-04:00,108.33499908447266,108.36499786376953,107.81500244140625,107.99500274658203,0,0.0,0.0,^XDE
2025-03-25 00:00:00-04:00,108.1780014038086,108.32499694824219,107.78500366210938,107.91500091552734,0,0.0,0.0,^XDE
2025-03-26 00:00:00-04:00,107.93499755859375,107.9749984741211,107.43499755859375,107.57499694824219,0,0.0,0.0,^XDE
2025-03-27 00:00:00-04:00,107.86900329589844,108.2249984741211,107.76499938964844,108.00199890136719,0,0.0,0.0,^XDE
2025-03-28 00:00:00-04:00,107.71900177001953,108.4749984741211,107.65499877929688,108.26799774169922,0,0.0,0.0,^XDE
2025-03-31 00:00:00-04:00,108.1989974975586,108.23500061035156,107.83999633789062,108.19499969482422,0,0.0,0.0,^XDE
2025-04-01 00:00:00-04:00,107.81500244140625,108.13500213623047,107.79399871826172,107.91200256347656,0,0.0,0.0,^XDE
2025-04-02 00:00:00-04:00,108.0250015258789,109.24500274658203,107.96800231933594,108.3550033569336,0,0.0,0.0,^XDE
2025-04-03 00:00:00-04:00,110.8740005493164,111.34100341796875,110.15499877929688,110.51899719238281,0,0.0,0.0,^XDE
2025-04-04 00:00:00-04:00,110.60199737548828,110.8949966430664,109.24600219726562,109.62000274658203,0,0.0,0.0,^XDE
2025-04-07 00:00:00-04:00,109.69499969482422,109.91000366210938,109.01499938964844,109.11000061035156,0,0.0,0.0,^XDE
2025-04-08 00:00:00-04:00,109.33999633789062,110.55500030517578,108.89099884033203,109.55500030517578,0,0.0,0.0,^XDE
2025-04-09 00:00:00-04:00,110.35399627685547,110.96499633789062,109.13800048828125,109.53500366210938,0,0.0,0.0,^XDE
2025-04-10 00:00:00-04:00,110.72000122070312,112.44000244140625,110.68000030517578,111.98999786376953,0,0.0,0.0,^XDE
2025-04-11 00:00:00-04:00,113.25499725341797,114.13500213623047,112.7750015258789,113.58000183105469,0,0.0,0.0,^XDE
2025-04-14 00:00:00-04:00,113.83999633789062,113.90499877929688,112.96099853515625,113.48500061035156,0,0.0,0.0,^XDE
2025-04-15 00:00:00-04:00,113.2750015258789,113.43499755859375,112.64399719238281,112.86000061035156,0,0.0,0.0,^XDE
2025-04-16 00:00:00-04:00,113.62999725341797,114.15499877929688,113.40499877929688,113.99700164794922,0,0.0,0.0,^XDE
2025-04-17 00:00:00-04:00,113.56300354003906,113.875,113.36000061035156,113.64700317382812,0,0.0,0.0,^XDE
2025-04-21 00:00:00-04:00,115.44499969482422,115.51499938964844,114.72599792480469,115.13500213623047,0,0.0,0.0,^XDE
2025-04-22 00:00:00-04:00,114.85900115966797,114.93499755859375,114.17500305175781,114.28500366210938,0,0.0,0.0,^XDE
2025-04-23 00:00:00-04:00,114.125,114.21499633789062,113.1050033569336,113.18199920654297,0,0.0,0.0,^XDE
2025-04-24 00:00:00-04:00,113.72799682617188,114.00499725341797,113.4749984741211,113.91500091552734,0,0.0,0.0,^XDE
2025-04-25 00:00:00-04:00,113.49500274658203,113.90499877929688,113.32499694824219,113.7750015258789,0,0.0,0.0,^XDE
2025-04-28 00:00:00-04:00,113.51499938964844,114.28500366210938,113.4000015258789,114.23400115966797,0,0.0,0.0,^XDE
2025-04-29 00:00:00-04:00,113.74600219726562,114.20500183105469,113.7020034790039,113.87799835205078,0,0.0,0.0,^XDE
2025-04-30 00:00:00-04:00,113.73500061035156,113.88600158691406,113.17500305175781,113.31300354003906,0,0.0,0.0,^XDE
2025-05-01 00:00:00-04:00,113.2020034790039,113.38999938964844,112.65499877929688,112.88500213623047,0,0.0,0.0,^XDE
2025-05-02 00:00:00-04:00,113.46499633789062,113.81500244140625,112.92500305175781,112.9749984741211,0,0.0,0.0,^XDE
2025-05-05 00:00:00-04:00,113.4260025024414,113.67500305175781,112.97000122070312,113.15799713134766,0,0.0,0.0,^XDE
2025-05-06 00:00:00-04:00,113.27200317382812,113.82499694824219,113.16500091552734,113.68399810791016,0,0.0,0.0,^XDE
2025-05-07 00:00:00-04:00,113.57499694824219,113.7249984741211,112.91699981689453,113.1050033569336,0,0.0,0.0,^XDE
2025-05-08 00:00:00-04:00,112.96499633789062,113.21499633789062,112.11499786376953,112.25599670410156,0,0.0,0.0,^XDE
2025-05-09 00:00:00-04:00,112.54399871826172,112.94499969482422,112.46499633789062,112.55500030517578,0,0.0,0.0,^XDE
2025-05-12 00:00:00-04:00,111.11299896240234,111.3550033569336,110.65699768066406,110.91500091552734,0,0.0,0.0,^XDE
2025-05-13 00:00:00-04:00,111.07499694824219,111.9749984741211,111.06800079345703,111.88500213623047,0,0.0,0.0,^XDE
2025-05-14 00:00:00-04:00,112.17400360107422,112.36499786376953,111.6500015258789,111.7699966430664,0,0.0,0.0,^XDE
2025-05-15 00:00:00-04:00,111.83000183105469,112.25499725341797,111.70500183105469,111.875,0,0.0,0.0,^XDE
2025-05-16 00:00:00-04:00,111.94499969482422,112.06500244140625,111.30999755859375,111.6050033569336,0,0.0,0.0,^XDE
2025-05-19 00:00:00-04:00,112.74500274658203,112.75499725341797,112.23500061035156,112.44000244140625,0,0.0,0.0,^XDE
2025-05-20 00:00:00-04:00,112.45899963378906,112.89800262451172,112.23600006103516,112.83499908447266,0,0.0,0.0,^XDE
2025-05-21 00:00:00-04:00,113.23200225830078,113.63500213623047,113.15499877929688,113.29499816894531,0,0.0,0.0,^XDE
2025-05-22 00:00:00-04:00,113.08699798583984,113.16500091552734,112.55899810791016,112.81300354003906,0,0.0,0.0,^XDE
2025-05-23 00:00:00-04:00,113.25499725341797,113.71499633789062,112.98400115966797,113.66000366210938,0,0.0,0.0,^XDE
2025-05-27 00:00:00-04:00,113.51300048828125,113.7750015258789,113.23400115966797,113.28199768066406,0,0.0,0.0,^XDE
2025-05-28 00:00:00-04:00,113.18199920654297,113.26499938964844,112.83499908447266,112.96499633789062,0,0.0,0.0,^XDE
2025-05-29 00:00:00-04:00,112.70500183105469,113.8550033569336,112.70500183105469,113.7249984741211,0,0.0,0.0,^XDE
2025-05-30 00:00:00-04:00,113.38200378417969,113.69499969482422,113.12999725341797,113.4800033569336,0,0.0,0.0,^XDE
2025-06-02 00:00:00-04:00,114.15499877929688,114.51499938964844,114.04499816894531,114.38500213623047,0,0.0,0.0,^XDE
2025-06-03 00:00:00-04:00,113.90499877929688,113.96499633789062,113.64199829101562,113.73500061035156,0,0.0,0.0,^XDE
2025-06-04 00:00:00-04:00,113.79299926757812,114.36499786376953,113.78500366210938,114.1760025024414,0,0.0,0.0,^XDE
2025-06-05 00:00:00-04:00,114.26499938964844,114.96499633789062,114.13999938964844,114.4800033569336,0,0.0,0.0,^XDE
2025-06-06 00:00:00-04:00,114.18000030517578,114.31500244140625,113.71499633789062,113.9749984741211,0,0.0,0.0,^XDE
2025-06-09 00:00:00-04:00,114.17500305175781,114.375,113.86599731445312,114.21499633789062,0,0.0,0.0,^XDE
2025-06-10 00:00:00-04:00,114.28700256347656,114.49500274658203,114.15499877929688,114.2750015258789,0,0.0,0.0,^XDE
2025-06-11 00:00:00-04:00,114.3270034790039,115.01499938964844,114.29000091552734,114.86499786376953,0,0.0,0.0,^XDE
2025-06-12 00:00:00-04:00,115.89600372314453,116.31800079345703,115.63500213623047,115.87999725341797,0,0.0,0.0,^XDE
2025-06-13 00:00:00-04:00,115.09500122070312,115.71499633789062,114.90499877929688,115.48500061035156,0,0.0,0.0,^XDE
2025-06-16 00:00:00-04:00,115.72799682617188,116.16500091552734,115.54499816894531,115.6449966430664,0,0.0,0.0,^XDE
2025-06-17 00:00:00-04:00,115.61699676513672,115.81400299072266,114.74500274658203,114.875,0,0.0,0.0,^XDE
2025-06-18 00:00:00-04:00,115.0739974975586,115.31500244140625,114.61100006103516,114.80500030517578,0,0.0,0.0,^XDE
2025-06-20 00:00:00-04:00,115.23500061035156,115.45500183105469,114.9540023803711,115.23500061035156,0,0.0,0.0,^XDE
2025-06-23 00:00:00-04:00,114.72699737548828,115.84500122070312,114.57099914550781,115.79499816894531,0,0.0,0.0,^XDE
2025-06-24 00:00:00-04:00,116.08399963378906,116.41600036621094,115.81500244140625,116.13300323486328,0,0.0,0.0,^XDE
2025-06-25 00:00:00-04:00,115.99400329589844,116.66500091552734,115.9000015258789,116.5770034790039,0,0.0,0.0,^XDE
2025-06-26 00:00:00-04:00,116.94999694824219,117.41500091552734,116.9010009765625,116.98100280761719,0,0.0,0.0,^XDE
2025-06-27 00:00:00-04:00,117.15499877929688,117.54499816894531,116.89099884033203,117.2249984741211,0,0.0,0.0,^XDE
2025-06-30 00:00:00-04:00,117.2300033569336,117.9000015258789,117.0780029296875,117.79900360107422,0,0.0,0.0,^XDE
2025-07-01 00:00:00-04:00,118.13899993896484,118.19499969482422,117.61399841308594,118.0250015258789,0,0.0,0.0,^XDE
2025-07-02 00:00:00-04:00,117.49500274658203,118.05500030517578,117.4749984741211,117.98500061035156,0,0.0,0.0,^XDE
2025-07-03 00:00:00-04:00,117.86499786376953,117.91500091552734,117.18000030517578,117.56300354003906,0,0.0,0.0,^XDE
2025-07-07 00:00:00-04:00,117.2959976196289,117.4749984741211,116.87100219726562,117.08899688720703,0,0.0,0.0,^XDE
2025-07-08 00:00:00-04:00,117.23500061035156,117.31500244140625,116.8290023803711,117.20500183105469,0,0.0,0.0,^XDE
2025-07-09 00:00:00-04:00,116.91100311279297,117.26499938964844,116.90499877929688,117.18800354003906,0,0.0,0.0,^XDE
2025-07-10 00:00:00-04:00,117.13500213623047,117.16500091552734,116.6259994506836,117.00499725341797,0,0.0,0.0,^XDE
2025-07-11 00:00:00-04:00,116.87799835205078,117.13899993896484,116.74299621582031,116.93000030517578,0,0.0,0.0,^XDE
2025-07-14 00:00:00-04:00,116.90499877929688,116.98500061035156,116.58999633789062,116.64299774169922,0,0.0,0.0,^XDE
2025-07-15 00:00:00-04:00,116.69599914550781,116.90799713134766,115.88999938964844,116.01499938964844,0,0.0,0.0,^XDE
2025-07-16 00:00:00-04:00,116.03500366210938,117.2249984741211,115.625,116.41500091552734,0,0.0,0.0,^XDE
2025-07-17 00:00:00-04:00,115.74500274658203,116.05500030517578,115.56999969482422,115.96499633789062,0,0.0,0.0,^XDE
2025-07-18 00:00:00-04:00,116.44200134277344,116.71700286865234,116.16500091552734,116.37999725341797,0,0.0,0.0,^XDE
2025-07-21 00:00:00-04:00,116.68000030517578,117.18499755859375,116.57499694824219,116.93000030517578,0,0.0,0.0,^XDE
2025-07-22 00:00:00-04:00,117.01499938964844,117.61499786376953,116.78500366210938,117.5250015258789,0,0.0,0.0,^XDE
2025-07-23 00:00:00-04:00,117.25499725341797,117.76499938964844,117.11000061035156,117.697998046875,0,0.0,0.0,^XDE
2025-07-24 00:00:00-04:00,117.56500244140625,117.91500091552734,117.30699920654297,117.44599914550781,0,0.0,0.0,^XDE
2025-07-25 00:00:00-04:00,117.20999908447266,117.54499816894531,117.03399658203125,117.4800033569336,0,0.0,0.0,^XDE
2025-07-28 00:00:00-04:00,116.51200103759766,116.67500305175781,115.84500122070312,115.90699768066406,0,0.0,0.0,^XDE
2025-07-29 00:00:00-04:00,115.39900207519531,115.61499786376953,115.18499755859375,115.47100067138672,0,0.0,0.0,^XDE
2025-07-30 00:00:00-04:00,115.31099700927734,115.3550033569336,114.01000213623047,114.04199981689453,0,0.0,0.0,^XDE
2025-07-31 00:00:00-04:00,114.49299621582031,114.5250015258789,114.06199645996094,114.16500091552734,0,0.0,0.0,^XDE
2025-08-01 00:00:00-04:00,114.06500244140625,115.98500061035156,113.91699981689453,115.62999725341797,0,0.0,0.0,^XDE
2025-08-04 00:00:00-04:00,115.66799926757812,115.90499877929688,115.56999969482422,115.7020034790039,0,0.0,0.0,^XDE
2025-08-05 00:00:00-04:00,115.40499877929688,115.875,115.30400085449219,115.74400329589844,0,0.0,0.0,^XDE
2025-08-06 00:00:00-04:00,116.04199981689453,116.70500183105469,116.00599670410156,116.58499908447266,0,0.0,0.0,^XDE
2025-08-07 00:00:00-04:00,116.4469985961914,116.7249984741211,116.11100006103516,116.68599700927734,0,0.0,0.0,^XDE
2025-08-08 00:00:00-04:00,116.43800354003906,116.69499969482422,116.33000183105469,116.3550033569336,0,0.0,0.0,^XDE
2025-08-11 00:00:00-04:00,116.27999877929688,116.31500244140625,115.9010009765625,116.14900207519531,0,0.0,0.0,^XDE
2025-08-12 00:00:00-04:00,116.05000305175781,116.9729995727539,116.01300048828125,116.75499725341797,0,0.0,0.0,^XDE
2025-08-13 00:00:00-04:00,117.20500183105469,117.25499725341797,116.93399810791016,117.03600311279297,0,0.0,0.0,^XDE
2025-08-14 00:00:00-04:00,116.86499786376953,116.94499969482422,116.30500030517578,116.50499725341797,0,0.0,0.0,^XDE
2025-08-15 00:00:00-04:00,116.87699890136719,117.17500305175781,116.73600006103516,117.00499725341797,0,0.0,0.0,^XDE
2025-08-18 00:00:00-04:00,116.7509994506836,116.86499786376953,116.56099700927734,116.625,0,0.0,0.0,^XDE
2025-08-19 00:00:00-04:00,116.875,116.90499877929688,116.42400360107422,116.51000213623047,0,0.0,0.0,^XDE
2025-08-20 00:00:00-04:00,116.41999816894531,116.75499725341797,116.41999816894531,116.54499816894531,0,0.0,0.0,^XDE
2025-08-21 00:00:00-04:00,116.41500091552734,116.58499908447266,116.01300048828125,116.072998046875,0,0.0,0.0,^XDE
2025-08-22 00:00:00-04:00,116.04499816894531,117.44499969482422,115.9749984741211,117.21499633789062,0,0.0,0.0,^XDE
2025-08-25 00:00:00-04:00,117.02799987792969,117.1050033569336,116.02999877929688,116.19499969482422,0,0.0,0.0,^XDE
2025-08-26 00:00:00-04:00,116.53900146484375,116.67500305175781,116.33499908447266,116.46099853515625,0,0.0,0.0,^XDE
2025-08-27 00:00:00-04:00,115.86199951171875,116.43499755859375,115.8219985961914,116.37699890136719,0,0.0,0.0,^XDE
2025-08-28 00:00:00-04:00,116.66799926757812,116.98500061035156,116.58499908447266,116.79100036621094,0,0.0,0.0,^XDE
2025-08-29 00:00:00-04:00,116.62999725341797,117.1050033569336,116.51100158691406,116.83000183105469,0,0.0,0.0,^XDE
2025-09-02 00:00:00-04:00,116.46700286865234,116.84500122070312,116.13099670410156,116.40499877929688,0,0.0,0.0,^XDE
2025-09-03 00:00:00-04:00,116.51599884033203,116.83499908447266,116.38899993896484,116.6050033569336,0,0.0,0.0,^XDE
2025-09-04 00:00:00-04:00,116.42900085449219,116.57499694824219,116.3010025024414,116.49199676513672,0,0.0,0.0,^XDE
2025-09-05 00:00:00-04:00,116.87200164794922,117.61499786376953,116.86399841308594,117.23500061035156,0,0.0,0.0,^XDE
2025-09-08 00:00:00-04:00,117.30500030517578,117.67500305175781,117.2300033569336,117.61000061035156,0,0.0,0.0,^XDE
2025-09-09 00:00:00-04:00,117.4209976196289,117.6240005493164,117.03500366210938,117.10700225830078,0,0.0,0.0,^XDE
2025-09-10 00:00:00-04:00,117.0459976196289,117.32499694824219,116.91300201416016,116.96800231933594,0,0.0,0.0,^XDE
2025-09-11 00:00:00-04:00,116.83799743652344,117.46499633789062,116.6050033569336,117.34400177001953,0,0.0,0.0,^XDE
2025-09-12 00:00:00-04:00,117.2249984741211,117.43499755859375,117.01499938964844,117.30000305175781,0,0.0,0.0,^XDE
2025-09-15 00:00:00-04:00,117.625,117.76499938964844,117.51000213623047,117.65499877929688,0,0.0,0.0,^XDE
2025-09-16 00:00:00-04:00,118.14099884033203,118.79499816894531,117.9010009765625,118.59500122070312,0,0.0,0.0,^XDE
2025-09-17 00:00:00-04:00,118.39199829101562,119.18499755859375,118.08000183105469,118.16500091552734,0,0.0,0.0,^XDE
2025-09-18 00:00:00-04:00,118.25399780273438,118.2750015258789,117.50299835205078,117.8949966430664,0,0.0,0.0,^XDE
2025-09-19 00:00:00-04:00,117.36000061035156,117.69499969482422,117.28500366210938,117.41000366210938,0,0.0,0.0,^XDE
2025-09-22 00:00:00-04:00,117.79499816894531,118.05500030517578,117.625,117.99500274658203,0,0.0,0.0,^XDE
2025-09-23 00:00:00-04:00,117.93499755859375,118.20500183105469,117.84400177001953,118.14399719238281,0,0.0,0.0,^XDE
2025-09-24 00:00:00-04:00,117.51499938964844,117.59500122070312,117.28199768066406,117.3949966430664,0,0.0,0.0,^XDE
2025-09-25 00:00:00-04:00,117.4010009765625,117.46499633789062,116.45800018310547,116.625,0,0.0,0.0,^XDE
2025-09-26 00:00:00-04:00,116.6780014038086,117.08499908447266,116.66899871826172,117.03500366210938,0,0.0,0.0,^XDE
2025-09-29 00:00:00-04:00,117.30500030517578,117.55500030517578,117.18499755859375,117.27200317382812,0,0.0,0.0,^XDE
2025-09-30 00:00:00-04:00,117.42400360107422,117.63500213623047,117.16500091552734,117.375,0,0.0,0.0,^XDE
2025-10-01 00:00:00-04:00,117.34400177001953,117.68599700927734,117.1500015258789,117.29499816894531,0,0.0,0.0,^XDE
2025-10-02 00:00:00-04:00,117.50299835205078,117.6050033569336,116.83300018310547,117.17500305175781,0,0.0,0.0,^XDE
2025-10-03 00:00:00-04:00,117.33799743652344,117.6050033569336,117.26899719238281,117.41500091552734,0,0.0,0.0,^XDE
2025-10-06 00:00:00-04:00,116.75399780273438,117.2249984741211,116.7249984741211,117.08699798583984,0,0.0,0.0,^XDE
2025-10-07 00:00:00-04:00,116.62000274658203,116.81500244140625,116.4749984741211,116.57099914550781,0,0.0,0.0,^XDE
2025-10-08 00:00:00-04:00,116.26300048828125,116.46499633789062,115.9800033569336,116.26799774169922,0,0.0,0.0,^XDE
2025-10-09 00:00:00-04:00,116.12200164794922,116.2229995727539,115.4219970703125,115.62000274658203,0,0.0,0.0,^XDE
2025-10-10 00:00:00-04:00,115.60900115966797,116.31500244140625,115.59500122070312,116.00499725341797,0,0.0,0.0,^XDE
2025-10-13 00:00:00-04:00,115.68499755859375,115.80500030517578,115.57499694824219,115.72000122070312,0,0.0,0.0,^XDE
2025-10-14 00:00:00-04:00,115.51799774169922,116.16500091552734,115.48100280761719,116.07499694824219,0,0.0,0.0,^XDE
2025-10-15 00:00:00-04:00,116.20099639892578,116.50800323486328,116.1050033569336,116.44499969482422,0,0.0,0.0,^XDE
2025-10-16 00:00:00-04:00,116.54000091552734,116.96499633789062,116.48999786376953,116.86499786376953,0,0.0,0.0,^XDE
2025-10-17 00:00:00-04:00,116.85199737548828,116.88500213623047,116.50499725341797,116.56999969482422,0,0.0,0.0,^XDE
2025-10-20 00:00:00-04:00,116.56500244140625,116.66500091552734,116.38500213623047,116.44200134277344,0,0.0,0.0,^XDE
2025-10-21 00:00:00-04:00,116.13500213623047,116.25499725341797,115.9749984741211,116.01499938964844,0,0.0,0.0,^XDE
2025-10-22 00:00:00-04:00,115.82499694824219,116.24500274658203,115.76499938964844,116.11499786376953,0,0.0,0.0,^XDE
2025-10-23 00:00:00-04:00,115.87200164794922,116.2249984741211,115.86499786376953,116.16500091552734,0,0.0,0.0,^XDE
2025-10-24 00:00:00-04:00,116.1500015258789,116.48500061035156,116.08799743652344,116.2249984741211,0,0.0,0.0,^XDE
2025-10-27 00:00:00-04:00,116.45500183105469,116.53500366210938,116.31700134277344,116.4749984741211,0,0.0,0.0,^XDE
2025-10-28 00:00:00-04:00,116.58499908447266,116.70500183105469,116.25499725341797,116.51699829101562,0,0.0,0.0,^XDE
2025-10-29 00:00:00-04:00,116.4000015258789,116.66500091552734,115.7750015258789,116.03500366210938,0,0.0,0.0,^XDE
2025-10-30 00:00:00-04:00,115.97000122070312,116.01499938964844,115.46499633789062,115.6729965209961,0,0.0,0.0,^XDE
2025-10-31 00:00:00-04:00,115.67500305175781,115.68499755859375,115.21499633789062,115.5250015258789,0,0.0,0.0,^XDE
2025-11-03 00:00:00-05:00,115.1719970703125,115.3949966430664,115.0530014038086,115.21499633789062,0,0.0,0.0,^XDE
2025-11-04 00:00:00-05:00,114.89299774169922,114.99500274658203,114.7249984741211,114.81700134277344,0,0.0,0.0,^XDE
2025-11-05 00:00:00-05:00,114.92500305175781,114.9749984741211,114.68499755859375,114.92500305175781,0,0.0,0.0,^XDE
2025-11-06 00:00:00-05:00,115.30799865722656,115.54499816894531,115.18499755859375,115.45500183105469,0,0.0,0.0,^XDE
2025-11-07 00:00:00-05:00,115.55899810791016,115.93499755859375,115.55500030517578,115.69499969482422,0,0.0,0.0,^XDE
2025-11-10 00:00:00-05:00,115.69499969482422,115.80500030517578,115.40499877929688,115.59500122070312,0,0.0,0.0,^XDE
2025-11-11 00:00:00-05:00,115.71499633789062,116.06500244140625,115.70500183105469,115.8550033569336,0,0.0,0.0,^XDE
2025-11-12 00:00:00-05:00,115.76899719238281,116.00499725341797,115.625,115.92500305175781,0,0.0,0.0,^XDE
2025-11-13 00:00:00-05:00,116.22899627685547,116.57499694824219,116.11499786376953,116.375,0,0.0,0.0,^XDE
2025-11-14 00:00:00-05:00,116.5260009765625,116.55500030517578,116.06199645996094,116.16999816894531,0,0.0,0.0,^XDE
2025-11-17 00:00:00-05:00,115.98699951171875,116.03500366210938,115.81500244140625,115.90299987792969,0,0.0,0.0,^XDE
2025-11-18 00:00:00-05:00,115.91999816894531,116.09500122070312,115.71499633789062,115.81500244140625,0,0.0,0.0,^XDE
2025-11-19 00:00:00-05:00,115.78500366210938,115.93499755859375,115.18199920654297,115.38500213623047,0,0.0,0.0,^XDE
2025-11-20 00:00:00-05:00,115.10900115966797,115.50499725341797,115.03500366210938,115.29499816894531,0,0.0,0.0,^XDE
2025-11-21 00:00:00-05:00,115.24800109863281,115.28500366210938,114.90499877929688,115.14700317382812,0,0.0,0.0,^XDE
2025-11-24 00:00:00-05:00,115.4739990234375,115.51499938964844,115.11599731445312,115.25499725341797,0,0.0,0.0,^XDE
2025-11-25 00:00:00-05:00,115.45500183105469,115.875,115.42500305175781,115.70500183105469,0,0.0,0.0,^XDE
2025-11-26 00:00:00-05:00,115.72100067138672,116.03500366210938,115.4729995727539,115.947998046875,0,0.0,0.0,^XDE
2025-11-28 00:00:00-05:00,115.66500091552734,116.09500122070312,115.625,116.01899719238281,0,0.0,0.0,^XDE
2025-12-01 00:00:00-05:00,116.49500274658203,116.53500366210938,116.06500244140625,116.08499908447266,0,0.0,0.0,^XDE
2025-12-02 00:00:00-05:00,116.1760025024414,116.28500366210938,115.91400146484375,116.22899627685547,0,0.0,0.0,^XDE
2025-12-03 00:00:00-05:00,116.6449966430664,116.79499816894531,116.54499816894531,116.72200012207031,0,0.0,0.0,^XDE
2025-12-04 00:00:00-05:00,116.70099639892578,116.78500366210938,116.40599822998047,116.44599914550781,0,0.0,0.0,^XDE
2025-12-05 00:00:00-05:00,116.5250015258789,116.625,116.27999877929688,116.42500305175781,0,0.0,0.0,^XDE
2025-12-08 00:00:00-05:00,116.53500366210938,116.59500122070312,116.16400146484375,116.375,0,0.0,0.0,^XDE
2025-12-09 00:00:00-05:00,116.37999725341797,116.42500305175781,116.1449966430664,116.27899932861328,0,0.0,0.0,^XDE
2025-12-10 00:00:00-05:00,116.40499877929688,117.03600311279297,116.2750015258789,116.92500305175781,0,0.0,0.0,^XDE
2025-12-11 00:00:00-05:00,117.16899871826172,117.65499877929688,117.13400268554688,117.39199829101562,0,0.0,0.0,^XDE
2025-12-12 00:00:00-05:00,117.25499725341797,117.5250015258789,117.23400115966797,117.37000274658203,0,0.0,0.0,^XDE
2025-12-15 00:00:00-05:00,117.54499816894531,117.71499633789062,117.38500213623047,117.51499938964844,0,0.0,0.0,^XDE
2025-12-16 00:00:00-05:00,117.77999877929688,118.06500244140625,117.35399627685547,117.47799682617188,0,0.0,0.0,^XDE
2025-12-17 00:00:00-05:00,117.26699829101562,117.6050033569336,117.19499969482422,117.42500305175781,0,0.0,0.0,^XDE
2025-12-18 00:00:00-05:00,117.13899993896484,117.6449966430664,117.13400268554688,117.25499725341797,0,0.0,0.0,^XDE
2025-12-19 00:00:00-05:00,117.10099792480469,117.40499877929688,117.0250015258789,117.1449966430664,0,0.0,0.0,^XDE
2025-12-22 00:00:00-05:00,117.41799926757812,117.71499633789062,117.41799926757812,117.61499786376953,0,0.0,0.0,^XDE
2025-12-23 00:00:00-05:00,117.89600372314453,117.99500274658203,117.63500213623047,117.93900299072266,0,0.0,0.0,^XDE
2025-12-24 00:00:00-05:00,117.8550033569336,117.92500305175781,117.72799682617188,117.80000305175781,0,0.0,0.0,^XDE
2025-12-26 00:00:00-05:00,117.81700134277344,117.99500274658203,117.61499786376953,117.71499633789062,0,0.0,0.0,^XDE
2025-12-29 00:00:00-05:00,117.62000274658203,117.90499877929688,117.49500274658203,117.71499633789062,0,0.0,0.0,^XDE
2025-12-30 00:00:00-05:00,117.625,117.68499755859375,117.43000030517578,117.48500061035156,0,0.0,0.0,^XDE
2025-12-31 00:00:00-05:00,117.5510025024414,117.6050033569336,117.2040023803711,117.46099853515625,0,0.0,0.0,^XDE
2026-01-02 00:00:00-05:00,117.24500274658203,117.55500030517578,117.0999984741211,117.24500274658203,0,0.0,0.0,^XDE
2026-01-05 00:00:00-05:00,116.7249984741211,117.32499694824219,116.58499908447266,117.23500061035156,0,0.0,0.0,^XDE
2026-01-06 00:00:00-05:00,117.01599884033203,117.19499969482422,116.83499908447266,116.86000061035156,0,0.0,0.0,^XDE
2026-01-07 00:00:00-05:00,116.88500213623047,117.00499725341797,116.73500061035156,116.75900268554688,0,0.0,0.0,^XDE
2026-01-08 00:00:00-05:00,116.73200225830078,116.80500030517578,116.42500305175781,116.59700012207031,0,0.0,0.0,^XDE
2026-01-09 00:00:00-05:00,116.40499877929688,116.60600280761719,116.18299865722656,116.3949966430664,0,0.0,0.0,^XDE
2026-01-12 00:00:00-05:00,116.80999755859375,117.00499725341797,116.62999725341797,116.69499969482422,0,0.0,0.0,^XDE
2026-01-13 00:00:00-05:00,116.55500030517578,116.77999877929688,116.33999633789062,116.44599914550781,0,0.0,0.0,^XDE
2026-01-14 00:00:00-05:00,116.5979995727539,116.65499877929688,116.3550033569336,116.4749984741211,0,0.0,0.0,^XDE
2026-01-15 00:00:00-05:00,116.23500061035156,116.2750015258789,115.93099975585938,116.08999633789062,0,0.0,0.0,^XDE
2026-01-16 00:00:00-05:00,116.21499633789062,116.29499816894531,115.84600067138672,115.95999908447266,0,0.0,0.0,^XDE
2026-01-20 00:00:00-05:00,117.26499938964844,117.68499755859375,117.1050033569336,117.24500274658203,0,0.0,0.0,^XDE
2026-01-21 00:00:00-05:00,117.36499786376953,117.45500183105469,116.76300048828125,116.8550033569336,0,0.0,0.0,^XDE
2026-01-22 00:00:00-05:00,117.03800201416016,117.58499908447266,117.02999877929688,117.54000091552734,0,0.0,0.0,^XDE
2026-01-23 00:00:00-05:00,117.43499755859375,118.34500122070312,117.31500244140625,118.2300033569336,0,0.0,0.0,^XDE
2026-01-26 00:00:00-05:00,118.4229965209961,118.6050033569336,118.3499984741211,118.57499694824219,0,0.0,0.0,^XDE
2025-01-24 00:00:00-05:00,63.91600036621094,64.302001953125,63.86600112915039,64.13200378417969,0,0.0,0.0,^XDN
2025-01-27 00:00:00-05:00,64.91600036621094,64.9749984741211,64.63400268554688,64.7229995727539,0,0.0,0.0,^XDN
2025-01-28 00:00:00-05:00,64.39900207519531,64.49500274658203,64.2020034790039,64.29399871826172,0,0.0,0.0,^XDN
2025-01-29 00:00:00-05:00,64.36299896240234,64.54000091552734,64.26300048828125,64.43599700927734,0,0.0,0.0,^XDN
2025-01-30 00:00:00-05:00,64.86799621582031,65.02200317382812,64.72599792480469,64.83200073242188,0,0.0,0.0,^XDN
2025-01-31 00:00:00-05:00,64.58699798583984,64.71099853515625,64.42400360107422,64.5009994506836,0,0.0,0.0,^XDN
2025-02-03 00:00:00-05:00,64.69499969482422,64.9280014038086,64.51100158691406,64.62300109863281,0,0.0,0.0,^XDN
2025-02-04 00:00:00-05:00,64.4010009765625,64.87200164794922,64.3550033569336,64.78600311279297,0,0.0,0.0,^XDN
2025-02-05 00:00:00-05:00,65.41999816894531,65.73999786376953,65.27100372314453,65.5250015258789,0,0.0,0.0,^XDN
2025-02-06 00:00:00-05:00,65.625,66.12000274658203,65.56099700927734,66.02799987792969,0,0.0,0.0,^XDN
2025-02-07 00:00:00-05:00,65.78500366210938,66.25599670410156,65.61000061035156,66.03700256347656,0,0.0,0.0,^XDN
2025-02-10 00:00:00-05:00,65.75900268554688,65.9749984741211,65.75299835205078,65.81099700927734,0,0.0,0.0,^XDN
2025-02-11 00:00:00-05:00,65.62200164794922,65.69000244140625,65.51200103759766,65.59400177001953,0,0.0,0.0,^XDN
2025-02-12 00:00:00-05:00,65.12300109863281,65.22899627685547,64.5999984741211,64.78500366210938,0,0.0,0.0,^XDN
2025-02-13 00:00:00-05:00,64.99400329589844,65.5009994506836,64.92900085449219,65.4229965209961,0,0.0,0.0,^XDN
2025-02-14 00:00:00-05:00,65.4749984741211,65.77899932861328,65.43399810791016,65.64099884033203,0,0.0,0.0,^XDN
2025-02-18 00:00:00-05:00,65.91100311279297,65.99500274658203,65.73400115966797,65.77899932861328,0,0.0,0.0,^XDN
2025-02-19 00:00:00-05:00,65.8270034790039,66.11699676513672,65.82599639892578,66.04299926757812,0,0.0,0.0,^XDN
2025-02-20 00:00:00-05:00,66.6259994506836,66.93699645996094,66.56999969482422,66.84100341796875,0,0.0,0.0,^XDN
2025-02-21 00:00:00-05:00,66.45700073242188,67.14700317382812,66.44000244140625,66.96600341796875,0,0.0,0.0,^XDN
2025-02-24 00:00:00-05:00,66.76799774169922,67.02899932861328,66.71299743652344,66.8030014038086,0,0.0,0.0,^XDN
2025-02-25 00:00:00-05:00,66.80599975585938,67.30899810791016,66.74800109863281,67.0979995727539,0,0.0,0.0,^XDN
2025-02-26 00:00:00-05:00,66.84100341796875,67.1969985961914,66.71600341796875,67.08499908447266,0,0.0,0.0,^XDN
2025-02-27 00:00:00-05:00,66.81900024414062,66.9489974975586,66.58000183105469,66.76699829101562,0,0.0,0.0,^XDN
2025-02-28 00:00:00-05:00,66.37200164794922,66.56099700927734,66.22699737548828,66.37200164794922,0,0.0,0.0,^XDN
2025-03-03 00:00:00-05:00,66.11799621582031,67.06900024414062,66.09300231933594,66.85299682617188,0,0.0,0.0,^XDN
2025-03-04 00:00:00-05:00,67.46299743652344,67.47699737548828,66.71800231933594,66.76000213623047,0,0.0,0.0,^XDN
2025-03-05 00:00:00-05:00,66.88800048828125,67.38500213623047,66.78199768066406,67.18599700927734,0,0.0,0.0,^XDN
2025-03-06 00:00:00-05:00,67.74299621582031,67.87999725341797,67.38899993896484,67.61599731445312,0,0.0,0.0,^XDN
2025-03-07 00:00:00-05:00,67.68000030517578,68.0530014038086,67.47000122070312,67.56300354003906,0,0.0,0.0,^XDN
2025-03-10 00:00:00-04:00,67.96800231933594,68.197998046875,67.81099700927734,67.9010009765625,0,0.0,0.0,^XDN
2025-03-11 00:00:00-04:00,67.74400329589844,68.01399993896484,67.51300048828125,67.64900207519531,0,0.0,0.0,^XDN
2025-03-12 00:00:00-04:00,67.23400115966797,67.51699829101562,67.02799987792969,67.46099853515625,0,0.0,0.0,^XDN
2025-03-13 00:00:00-04:00,67.58399963378906,67.83599853515625,67.40699768066406,67.67500305175781,0,0.0,0.0,^XDN
2025-03-14 00:00:00-04:00,67.23699951171875,67.447998046875,67.16000366210938,67.27899932861328,0,0.0,0.0,^XDN
2025-03-17 00:00:00-04:00,67.35600280761719,67.43800354003906,66.98500061035156,67.01699829101562,0,0.0,0.0,^XDN
2025-03-18 00:00:00-04:00,66.77899932861328,67.07099914550781,66.69300079345703,66.98999786376953,0,0.0,0.0,^XDN
2025-03-19 00:00:00-04:00,66.74199676513672,67.29299926757812,66.60199737548828,67.25900268554688,0,0.0,0.0,^XDN
2025-03-20 00:00:00-04:00,67.35600280761719,67.38400268554688,67.125,67.21600341796875,0,0.0,0.0,^XDN
2025-03-21 00:00:00-04:00,67.16100311279297,67.29299926757812,66.947998046875,66.96399688720703,0,0.0,0.0,^XDN
2025-03-24 00:00:00-04:00,66.7699966430664,66.7979965209961,66.3280029296875,66.36299896240234,0,0.0,0.0,^XDN
2025-03-25 00:00:00-04:00,66.58499908447266,66.86599731445312,66.58499908447266,66.71499633789062,0,0.0,0.0,^XDN
2025-03-26 00:00:00-04:00,66.5719985961914,66.61599731445312,66.33499908447266,66.41999816894531,0,0.0,0.0,^XDN
2025-03-27 00:00:00-04:00,66.21600341796875,66.40899658203125,66.14900207519531,66.21800231933594,0,0.0,0.0,^XDN
2025-03-28 00:00:00-04:00,66.30999755859375,66.80699920654297,66.26200103759766,66.7239990234375,0,0.0,0.0,^XDN
2025-03-31 00:00:00-04:00,66.94400024414062,66.95800018310547,66.54499816894531,66.677001953125,0,0.0,0.0,^XDN
2025-04-01 00:00:00-04:00,67.02300262451172,67.125,66.78199768066406,66.84500122070312,0,0.0,0.0,^XDN
2025-04-02 00:00:00-04:00,67.01399993896484,67.16400146484375,66.44999694824219,67.1259994506836,0,0.0,0.0,^XDN
2025-04-03 00:00:00-04:00,68.47200012207031,68.875,68.25,68.4729995727539,0,0.0,0.0,^XDN
2025-04-04 00:00:00-04:00,68.7770004272461,68.9489974975586,67.82599639892578,68.15899658203125,0,0.0,0.0,^XDN
2025-04-07 00:00:00-04:00,68.31300354003906,68.31700134277344,67.5009994506836,67.61799621582031,0,0.0,0.0,^XDN
2025-04-08 00:00:00-04:00,68.06700134277344,68.50800323486328,67.72100067138672,68.3759994506836,0,0.0,0.0,^XDN
2025-04-09 00:00:00-04:00,69.12999725341797,69.43900299072266,67.44000244140625,67.64199829101562,0,0.0,0.0,^XDN
2025-04-10 00:00:00-04:00,68.72000122070312,69.43000030517578,68.68000030517578,69.18000030517578,0,0.0,0.0,^XDN
2025-04-11 00:00:00-04:00,70.11299896240234,70.31300354003906,69.34700012207031,69.6719970703125,0,0.0,0.0,^XDN
2025-04-14 00:00:00-04:00,69.81199645996094,70.03600311279297,69.40599822998047,69.91200256347656,0,0.0,0.0,^XDN
2025-04-15 00:00:00-04:00,69.97899627685547,70.12699890136719,69.75700378417969,69.80799865722656,0,0.0,0.0,^XDN
2025-04-16 00:00:00-04:00,70.09200286865234,70.5999984741211,69.99800109863281,70.53500366210938,0,0.0,0.0,^XDN
2025-04-17 00:00:00-04:00,70.12799835205078,70.46900177001953,70.06800079345703,70.21299743652344,0,0.0,0.0,^XDN
2025-04-21 00:00:00-04:00,71.0260009765625,71.1449966430664,70.9010009765625,70.95700073242188,0,0.0,0.0,^XDN
2025-04-22 00:00:00-04:00,71.29900360107422,71.32099914550781,70.58699798583984,70.66799926757812,0,0.0,0.0,^XDN
2025-04-23 00:00:00-04:00,70.59200286865234,70.63300323486328,69.64900207519531,69.73699951171875,0,0.0,0.0,^XDN
2025-04-24 00:00:00-04:00,70.12799835205078,70.28299713134766,70.01000213623047,70.1259994506836,0,0.0,0.0,^XDN
2025-04-25 00:00:00-04:00,69.74600219726562,69.78099822998047,69.4280014038086,69.60199737548828,0,0.0,0.0,^XDN
2025-04-28 00:00:00-04:00,69.74700164794922,70.4280014038086,69.71499633789062,70.40499877929688,0,0.0,0.0,^XDN
2025-04-29 00:00:00-04:00,70.05699920654297,70.43499755859375,70.04900360107422,70.28900146484375,0,0.0,0.0,^XDN
2025-04-30 00:00:00-04:00,69.9229965209961,70.16300201416016,69.83499908447266,69.9219970703125,0,0.0,0.0,^XDN
2025-05-01 00:00:00-04:00,69.21199798583984,69.46099853515625,68.61799621582031,68.74299621582031,0,0.0,0.0,^XDN
2025-05-02 00:00:00-04:00,69.1760025024414,69.5739974975586,68.9260025024414,69.00599670410156,0,0.0,0.0,^XDN
2025-05-05 00:00:00-04:00,69.51399993896484,69.66600036621094,69.33100128173828,69.60600280761719,0,0.0,0.0,^XDN
2025-05-06 00:00:00-04:00,70.02799987792969,70.24700164794922,69.91300201416016,70.17400360107422,0,0.0,0.0,^XDN
2025-05-07 00:00:00-04:00,69.73799896240234,69.9729995727539,69.44400024414062,69.57099914550781,0,0.0,0.0,^XDN
2025-05-08 00:00:00-04:00,69.13500213623047,69.23500061035156,68.40899658203125,68.55400085449219,0,0.0,0.0,^XDN
2025-05-09 00:00:00-04:00,68.90399932861328,69.0479965209961,68.78399658203125,68.84700012207031,0,0.0,0.0,^XDN
2025-05-12 00:00:00-04:00,67.62300109863281,67.6520004272461,67.27300262451172,67.38600158691406,0,0.0,0.0,^XDN
2025-05-13 00:00:00-04:00,67.51399993896484,67.85399627685547,67.44200134277344,67.79900360107422,0,0.0,0.0,^XDN
2025-05-14 00:00:00-04:00,68.41000366210938,68.60299682617188,67.97000122070312,68.16600036621094,0,0.0,0.0,^XDN
2025-05-15 00:00:00-04:00,68.4489974975586,68.76799774169922,68.3759994506836,68.6520004272461,0,0.0,0.0,^XDN
2025-05-16 00:00:00-04:00,68.66000366210938,68.77200317382812,68.44599914550781,68.66300201416016,0,0.0,0.0,^XDN
2025-05-19 00:00:00-04:00,69.01000213623047,69.0719985961914,68.86399841308594,69.03900146484375,0,0.0,0.0,^XDN
2025-05-20 00:00:00-04:00,69.16000366210938,69.23600006103516,68.97699737548828,69.1760025024414,0,0.0,0.0,^XDN
2025-05-21 00:00:00-04:00,69.56400299072266,69.79100036621094,69.49500274658203,69.63999938964844,0,0.0,0.0,^XDN
2025-05-22 00:00:00-04:00,69.75199890136719,69.7959976196289,69.28700256347656,69.4229965209961,0,0.0,0.0,^XDN
2025-05-23 00:00:00-04:00,70.12999725341797,70.21199798583984,69.98500061035156,70.14800262451172,0,0.0,0.0,^XDN
2025-05-27 00:00:00-04:00,69.39700317382812,69.50399780273438,69.22599792480469,69.26699829101562,0,0.0,0.0,^XDN
2025-05-28 00:00:00-04:00,69.23999786376953,69.29499816894531,68.9280014038086,69.06600189208984,0,0.0,0.0,^XDN
2025-05-29 00:00:00-04:00,68.92400360107422,69.46299743652344,68.9209976196289,69.36799621582031,0,0.0,0.0,^XDN
2025-05-30 00:00:00-04:00,69.51699829101562,69.69400024414062,69.23400115966797,69.4229965209961,0,0.0,0.0,^XDN
2025-06-02 00:00:00-04:00,70.0479965209961,70.15599822998047,69.89299774169922,70.0770034790039,0,0.0,0.0,^XDN
2025-06-03 00:00:00-04:00,69.88899993896484,69.90499877929688,69.39199829101562,69.45500183105469,0,0.0,0.0,^XDN
2025-06-04 00:00:00-04:00,69.31400299072266,70.1240005493164,69.31199645996094,70.06300354003906,0,0.0,0.0,^XDN
2025-06-05 00:00:00-04:00,69.79399871826172,70.03800201416016,69.45700073242188,69.68499755859375,0,0.0,0.0,^XDN
2025-06-06 00:00:00-04:00,69.37000274658203,69.3949966430664,68.9229965209961,69.02300262451172,0,0.0,0.0,^XDN
2025-06-09 00:00:00-04:00,69.20899963378906,69.2770004272461,69.0739974975586,69.177001953125,0,0.0,0.0,^XDN
2025-06-10 00:00:00-04:00,69.16400146484375,69.23100280761719,68.94400024414062,69.01300048828125,0,0.0,0.0,^XDN
2025-06-11 00:00:00-04:00,68.83300018310547,69.28600311279297,68.74299621582031,69.2030029296875,0,0.0,0.0,^XDN
2025-06-12 00:00:00-04:00,69.62899780273438,69.83999633789062,69.49299621582031,69.65699768066406,0,0.0,0.0,^XDN
2025-06-13 00:00:00-04:00,69.38300323486328,69.51599884033203,69.21099853515625,69.39399719238281,0,0.0,0.0,^XDN
2025-06-16 00:00:00-04:00,69.38899993896484,69.61199951171875,69.0199966430664,69.09100341796875,0,0.0,0.0,^XDN
2025-06-17 00:00:00-04:00,69.1520004272461,69.24099731445312,68.78299713134766,68.83499908447266,0,0.0,0.0,^XDN
2025-06-18 00:00:00-04:00,69.03900146484375,69.27999877929688,68.86100006103516,68.92400360107422,0,0.0,0.0,^XDN
2025-06-20 00:00:00-04:00,68.68499755859375,68.75199890136719,68.38999938964844,68.46600341796875,0,0.0,0.0,^XDN
2025-06-23 00:00:00-04:00,67.75499725341797,68.48899841308594,67.73400115966797,68.4229965209961,0,0.0,0.0,^XDN
2025-06-24 00:00:00-04:00,68.98200225830078,69.1969985961914,68.87899780273438,68.99800109863281,0,0.0,0.0,^XDN
2025-06-25 00:00:00-04:00,68.61000061035156,68.9469985961914,68.51599884033203,68.85900115966797,0,0.0,0.0,^XDN
2025-06-26 00:00:00-04:00,69.25900268554688,69.41699981689453,69.18599700927734,69.2979965209961,0,0.0,0.0,^XDN
2025-06-27 00:00:00-04:00,69.20800018310547,69.26899719238281,68.99199676513672,69.12999725341797,0,0.0,0.0,^XDN
2025-06-30 00:00:00-04:00,69.28800201416016,69.46499633789062,69.1969985961914,69.4219970703125,0,0.0,0.0,^XDN
2025-07-01 00:00:00-04:00,70.05899810791016,70.08399963378906,69.53900146484375,69.72799682617188,0,0.0,0.0,^XDN
2025-07-02 00:00:00-04:00,69.35600280761719,69.69200134277344,69.34300231933594,69.5719985961914,0,0.0,0.0,^XDN
2025-07-03 00:00:00-04:00,69.50900268554688,69.5510025024414,68.8550033569336,68.95600128173828,0,0.0,0.0,^XDN
2025-07-07 00:00:00-04:00,68.73200225830078,68.73799896240234,68.37899780273438,68.4739990234375,0,0.0,0.0,^XDN
2025-07-08 00:00:00-04:00,68.22000122070312,68.27799987792969,68.03800201416016,68.22000122070312,0,0.0,0.0,^XDN
2025-07-09 00:00:00-04:00,68.13500213623047,68.3759994506836,68.13500213623047,68.33399963378906,0,0.0,0.0,^XDN
2025-07-10 00:00:00-04:00,68.37799835205078,68.41300201416016,68.1259994506836,68.38999938964844,0,0.0,0.0,^XDN
2025-07-11 00:00:00-04:00,68.01499938964844,68.1240005493164,67.78700256347656,67.83100128173828,0,0.0,0.0,^XDN
2025-07-14 00:00:00-04:00,67.83599853515625,67.92400360107422,67.66600036621094,67.69499969482422,0,0.0,0.0,^XDN
2025-07-15 00:00:00-04:00,67.60600280761719,67.72000122070312,67.10600280761719,67.16100311279297,0,0.0,0.0,^XDN
2025-07-16 00:00:00-04:00,67.21900177001953,68.06700134277344,67.14600372314453,67.65499877929688,0,0.0,0.0,^XDN
2025-07-17 00:00:00-04:00,67.21900177001953,67.39399719238281,67.0719985961914,67.3010025024414,0,0.0,0.0,^XDN
2025-07-18 00:00:00-04:00,67.33899688720703,67.48300170898438,67.18099975585938,67.302001953125,0,0.0,0.0,^XDN
2025-07-21 00:00:00-04:00,67.7760009765625,67.98799896240234,67.69400024414062,67.91200256347656,0,0.0,0.0,^XDN
2025-07-22 00:00:00-04:00,67.93599700927734,68.34700012207031,67.91000366210938,68.2040023803711,0,0.0,0.0,^XDN
2025-07-23 00:00:00-04:00,68.4000015258789,68.41699981689453,68.15499877929688,68.26000213623047,0,0.0,0.0,^XDN
2025-07-24 00:00:00-04:00,68.26499938964844,68.32599639892578,68.01499938964844,68.03099822998047,0,0.0,0.0,^XDN
2025-07-25 00:00:00-04:00,67.71499633789062,67.78299713134766,67.59700012207031,67.7249984741211,0,0.0,0.0,^XDN
2025-07-28 00:00:00-04:00,67.50399780273438,67.59500122070312,67.30400085449219,67.34200286865234,0,0.0,0.0,^XDN
2025-07-29 00:00:00-04:00,67.24099731445312,67.41400146484375,67.19999694824219,67.35399627685547,0,0.0,0.0,^XDN
2025-07-30 00:00:00-04:00,67.4260025024414,67.4469985961914,66.87200164794922,66.90299987792969,0,0.0,0.0,^XDN
2025-07-31 00:00:00-04:00,66.72200012207031,66.7490005493164,66.29499816894531,66.34400177001953,0,0.0,0.0,^XDN
2025-08-01 00:00:00-04:00,66.43399810791016,67.88999938964844,66.4020004272461,67.625,0,0.0,0.0,^XDN
2025-08-04 00:00:00-04:00,67.86299896240234,68.08999633789062,67.82499694824219,67.98600006103516,0,0.0,0.0,^XDN
2025-08-05 00:00:00-04:00,67.73600006103516,67.88600158691406,67.64299774169922,67.77100372314453,0,0.0,0.0,^XDN
2025-08-06 00:00:00-04:00,67.77799987792969,68.03900146484375,67.7239990234375,67.83599853515625,0,0.0,0.0,^XDN
2025-08-07 00:00:00-04:00,67.87899780273438,68.0510025024414,67.75700378417969,67.9739990234375,0,0.0,0.0,^XDN
2025-08-08 00:00:00-04:00,67.6520004272461,67.74800109863281,67.61499786376953,67.70500183105469,0,0.0,0.0,^XDN
2025-08-11 00:00:00-04:00,67.62899780273438,67.66400146484375,67.45099639892578,67.51000213623047,0,0.0,0.0,^XDN
2025-08-12 00:00:00-04:00,67.35800170898438,67.76000213623047,67.33200073242188,67.66300201416016,0,0.0,0.0,^XDN
2025-08-13 00:00:00-04:00,67.89800262451172,67.98400115966797,67.79100036621094,67.8499984741211,0,0.0,0.0,^XDN
2025-08-14 00:00:00-04:00,68.25800323486328,68.29499816894531,67.58499908447266,67.63800048828125,0,0.0,0.0,^XDN
2025-08-15 00:00:00-04:00,68.03299713134766,68.14700317382812,67.875,68.0199966430664,0,0.0,0.0,^XDN
2025-08-18 00:00:00-04:00,67.77100372314453,67.78800201416016,67.5719985961914,67.66799926757812,0,0.0,0.0,^XDN
2025-08-19 00:00:00-04:00,67.6989974975586,67.8219985961914,67.61299896240234,67.73899841308594,0,0.0,0.0,^XDN
2025-08-20 00:00:00-04:00,67.78099822998047,68.08699798583984,67.77799987792969,67.8740005493164,0,0.0,0.0,^XDN
2025-08-21 00:00:00-04:00,67.60199737548828,67.75800323486328,67.38200378417969,67.42400360107422,0,0.0,0.0,^XDN
2025-08-22 00:00:00-04:00,67.24500274658203,68.2249984741211,67.23899841308594,68.03399658203125,0,0.0,0.0,^XDN
2025-08-25 00:00:00-04:00,67.87799835205078,67.89199829101562,67.59500122070312,67.66600036621094,0,0.0,0.0,^XDN
2025-08-26 00:00:00-04:00,67.81400299072266,67.98100280761719,67.69300079345703,67.8489990234375,0,0.0,0.0,^XDN
2025-08-27 00:00:00-04:00,67.5009994506836,67.89099884033203,67.5,67.83899688720703,0,0.0,0.0,^XDN
2025-08-28 00:00:00-04:00,68.06300354003906,68.18299865722656,67.9229965209961,68.08000183105469,0,0.0,0.0,^XDN
2025-08-29 00:00:00-04:00,67.91100311279297,68.13400268554688,67.83699798583984,68.00199890136719,0,0.0,0.0,^XDN
2025-09-02 00:00:00-04:00,67.28700256347656,67.59500122070312,67.14199829101562,67.41999816894531,0,0.0,0.0,^XDN
2025-09-03 00:00:00-04:00,67.28700256347656,67.62200164794922,67.20500183105469,67.54399871826172,0,0.0,0.0,^XDN
2025-09-04 00:00:00-04:00,67.41000366210938,67.53199768066406,67.21399688720703,67.3280029296875,0,0.0,0.0,^XDN
2025-09-05 00:00:00-04:00,67.47699737548828,68.11100006103516,67.47599792480469,67.84200286865234,0,0.0,0.0,^XDN
2025-09-08 00:00:00-04:00,67.66799926757812,67.87000274658203,67.6240005493164,67.78700256347656,0,0.0,0.0,^XDN
2025-09-09 00:00:00-04:00,68.1520004272461,68.24500274658203,67.80999755859375,67.85299682617188,0,0.0,0.0,^XDN
2025-09-10 00:00:00-04:00,67.79000091552734,67.96800231933594,67.7300033569336,67.84300231933594,0,0.0,0.0,^XDN
2025-09-11 00:00:00-04:00,67.58200073242188,68.03299713134766,67.48200225830078,67.93299865722656,0,0.0,0.0,^XDN
2025-09-12 00:00:00-04:00,67.64199829101562,67.81300354003906,67.53500366210938,67.7300033569336,0,0.0,0.0,^XDN
2025-09-15 00:00:00-04:00,67.83499908447266,67.9209976196289,67.80999755859375,67.86199951171875,0,0.0,0.0,^XDN
2025-09-16 00:00:00-04:00,68.0479965209961,68.36199951171875,67.91000366210938,68.28099822998047,0,0.0,0.0,^XDN
2025-09-17 00:00:00-04:00,68.33399963378906,68.73500061035156,68.00299835205078,68.0459976196289,0,0.0,0.0,^XDN
2025-09-18 00:00:00-04:00,67.8489990234375,67.85700225830078,67.44599914550781,67.58799743652344,0,0.0,0.0,^XDN
2025-09-19 00:00:00-04:00,67.49099731445312,67.66400146484375,67.43800354003906,67.59300231933594,0,0.0,0.0,^XDN
2025-09-22 00:00:00-04:00,67.63800048828125,67.7239990234375,67.5739974975586,67.6729965209961,0,0.0,0.0,^XDN
2025-09-23 00:00:00-04:00,67.67500305175781,67.81500244140625,67.5999984741211,67.7249984741211,0,0.0,0.0,^XDN
2025-09-24 00:00:00-04:00,67.33899688720703,67.37200164794922,67.13400268554688,67.17900085449219,0,0.0,0.0,^XDN
2025-09-25 00:00:00-04:00,67.18699645996094,67.2030029296875,66.697998046875,66.75,0,0.0,0.0,^XDN
2025-09-26 00:00:00-04:00,66.76000213623047,67.08300018310547,66.73600006103516,66.85399627685547,0,0.0,0.0,^XDN
2025-09-29 00:00:00-04:00,67.28099822998047,67.3479995727539,67.197998046875,67.27300262451172,0,0.0,0.0,^XDN
2025-09-30 00:00:00-04:00,67.58100128173828,67.72599792480469,67.53900146484375,67.62899780273438,0,0.0,0.0,^XDN
2025-10-01 00:00:00-04:00,68.0260009765625,68.22000122070312,67.90899658203125,67.99500274658203,0,0.0,0.0,^XDN
2025-10-02 00:00:00-04:00,68.12200164794922,68.1449966430664,67.78900146484375,67.91500091552734,0,0.0,0.0,^XDN
2025-10-03 00:00:00-04:00,67.89800262451172,67.94100189208984,67.7760009765625,67.83699798583984,0,0.0,0.0,^XDN
2025-10-06 00:00:00-04:00,66.5009994506836,66.7770004272461,66.48899841308594,66.53500366210938,0,0.0,0.0,^XDN
2025-10-07 00:00:00-04:00,66.26899719238281,66.34200286865234,65.76799774169922,65.82499694824219,0,0.0,0.0,^XDN
2025-10-08 00:00:00-04:00,65.49099731445312,65.62799835205078,65.38099670410156,65.49299621582031,0,0.0,0.0,^XDN
2025-10-09 00:00:00-04:00,65.4469985961914,65.73400115966797,65.25900268554688,65.33599853515625,0,0.0,0.0,^XDN
2025-10-10 00:00:00-04:00,65.51599884033203,66.16300201416016,65.48600006103516,66.13500213623047,0,0.0,0.0,^XDN
2025-10-13 00:00:00-04:00,65.74299621582031,65.76599884033203,65.5780029296875,65.68499755859375,0,0.0,0.0,^XDN
2025-10-14 00:00:00-04:00,65.74800109863281,65.96099853515625,65.72000122070312,65.89199829101562,0,0.0,0.0,^XDN
2025-10-15 00:00:00-04:00,66.00700378417969,66.21600341796875,65.90299987792969,66.18599700927734,0,0.0,0.0,^XDN
2025-10-16 00:00:00-04:00,66.11900329589844,66.5719985961914,66.0999984741211,66.48699951171875,0,0.0,0.0,^XDN
2025-10-17 00:00:00-04:00,66.56300354003906,66.59400177001953,66.21399688720703,66.39399719238281,0,0.0,0.0,^XDN
2025-10-20 00:00:00-04:00,66.35600280761719,66.48500061035156,66.29000091552734,66.37000274658203,0,0.0,0.0,^XDN
2025-10-21 00:00:00-04:00,65.80999755859375,66.0260009765625,65.71399688720703,65.83300018310547,0,0.0,0.0,^XDN
2025-10-22 00:00:00-04:00,65.88099670410156,66.00299835205078,65.76799774169922,65.81999969482422,0,0.0,0.0,^XDN
2025-10-23 00:00:00-04:00,65.5,65.59100341796875,65.44300079345703,65.53700256347656,0,0.0,0.0,^XDN
2025-10-24 00:00:00-04:00,65.38600158691406,65.66300201416016,65.35099792480469,65.41699981689453,0,0.0,0.0,^XDN
2025-10-27 00:00:00-04:00,65.51399993896484,65.54499816894531,65.2750015258789,65.41600036621094,0,0.0,0.0,^XDN
2025-10-28 00:00:00-04:00,65.77400207519531,65.85199737548828,65.62999725341797,65.76599884033203,0,0.0,0.0,^XDN
2025-10-29 00:00:00-04:00,65.68399810791016,65.84700012207031,65.33499908447266,65.49299621582031,0,0.0,0.0,^XDN
2025-10-30 00:00:00-04:00,64.88500213623047,64.9260025024414,64.74800109863281,64.89399719238281,0,0.0,0.0,^XDN
2025-10-31 00:00:00-04:00,64.89199829101562,64.9800033569336,64.8290023803711,64.93800354003906,0,0.0,0.0,^XDN
2025-11-03 00:00:00-05:00,64.85800170898438,64.96299743652344,64.80999755859375,64.83100128173828,0,0.0,0.0,^XDN
2025-11-04 00:00:00-05:00,65.13400268554688,65.2229995727539,65.06500244140625,65.08000183105469,0,0.0,0.0,^XDN
2025-11-05 00:00:00-05:00,65.05799865722656,65.06600189208984,64.78600311279297,64.88500213623047,0,0.0,0.0,^XDN
2025-11-06 00:00:00-05:00,65.0999984741211,65.43099975585938,65.08699798583984,65.33100128173828,0,0.0,0.0,^XDN
2025-11-07 00:00:00-05:00,65.31900024414062,65.35600280761719,65.10800170898438,65.15699768066406,0,0.0,0.0,^XDN
2025-11-10 00:00:00-05:00,64.88600158691406,64.9800033569336,64.85399627685547,64.9000015258789,0,0.0,0.0,^XDN
2025-11-11 00:00:00-05:00,64.85299682617188,65.07499694824219,64.85199737548828,64.87699890136719,0,0.0,0.0,^XDN
2025-11-12 00:00:00-05:00,64.59600067138672,64.7249984741211,64.49700164794922,64.60199737548828,0,0.0,0.0,^XDN
2025-11-13 00:00:00-05:00,64.67900085449219,64.88099670410156,64.625,64.69499969482422,0,0.0,0.0,^XDN
2025-11-14 00:00:00-05:00,65.01499938964844,65.09600067138672,64.62300109863281,64.70999908447266,0,0.0,0.0,^XDN
2025-11-17 00:00:00-05:00,64.5780029296875,64.58300018310547,64.38999938964844,64.41899871826172,0,0.0,0.0,^XDN
2025-11-18 00:00:00-05:00,64.44000244140625,64.49500274658203,64.21299743652344,64.3219985961914,0,0.0,0.0,^XDN
2025-11-19 00:00:00-05:00,64.0,64.08599853515625,63.61899948120117,63.652000427246094,0,0.0,0.0,^XDN
2025-11-20 00:00:00-05:00,63.4109992980957,63.5989990234375,63.33399963378906,63.50299835205078,0,0.0,0.0,^XDN
2025-11-21 00:00:00-05:00,63.79600143432617,64.01899719238281,63.70899963378906,63.93899917602539,0,0.0,0.0,^XDN
2025-11-24 00:00:00-05:00,63.75299835205078,63.81100082397461,63.6150016784668,63.73699951171875,0,0.0,0.0,^XDN
2025-11-25 00:00:00-05:00,63.979000091552734,64.18299865722656,63.96200180053711,64.10900115966797,0,0.0,0.0,^XDN
2025-11-26 00:00:00-05:00,63.904998779296875,63.98400115966797,63.80099868774414,63.915000915527344,0,0.0,0.0,^XDN
2025-11-28 00:00:00-05:00,64.05400085449219,64.10900115966797,63.94200134277344,64.0479965209961,0,0.0,0.0,^XDN
2025-12-01 00:00:00-05:00,64.60299682617188,64.65599822998047,64.29900360107422,64.3219985961914,0,0.0,0.0,^XDN
2025-12-02 00:00:00-05:00,64.0979995727539,64.2030029296875,64.02899932861328,64.15499877929688,0,0.0,0.0,^XDN
2025-12-03 00:00:00-05:00,64.34300231933594,64.51100158691406,64.26699829101562,64.43599700927734,0,0.0,0.0,^XDN
2025-12-04 00:00:00-05:00,64.65299987792969,64.69999694824219,64.45500183105469,64.49099731445312,0,0.0,0.0,^XDN
2025-12-05 00:00:00-05:00,64.44499969482422,64.47100067138672,64.31099700927734,64.38200378417969,0,0.0,0.0,^XDN
2025-12-08 00:00:00-05:00,64.28299713134766,64.35099792480469,64.10700225830078,64.14900207519531,0,0.0,0.0,^XDN
2025-12-09 00:00:00-05:00,63.95500183105469,63.98500061035156,63.71200180053711,63.76300048828125,0,0.0,0.0,^XDN
2025-12-10 00:00:00-05:00,63.808998107910156,64.18800354003906,63.808998107910156,64.10199737548828,0,0.0,0.0,^XDN
2025-12-11 00:00:00-05:00,64.27300262451172,64.53800201416016,64.23699951171875,64.28500366210938,0,0.0,0.0,^XDN
2025-12-12 00:00:00-05:00,64.08899688720703,64.23500061035156,64.06099700927734,64.15799713134766,0,0.0,0.0,^XDN
2025-12-15 00:00:00-05:00,64.48300170898438,64.58399963378906,64.3499984741211,64.4209976196289,0,0.0,0.0,^XDN
2025-12-16 00:00:00-05:00,64.67900085449219,64.76799774169922,64.51799774169922,64.61699676513672,0,0.0,0.0,^XDN
2025-12-17 00:00:00-05:00,64.31400299072266,64.37000274658203,64.2040023803711,64.24800109863281,0,0.0,0.0,^XDN
2025-12-18 00:00:00-05:00,64.17500305175781,64.39800262451172,64.16899871826172,64.3030014038086,0,0.0,0.0,^XDN
2025-12-19 00:00:00-05:00,63.595001220703125,63.71900177001953,63.37900161743164,63.41999816894531,0,0.0,0.0,^XDN
2025-12-22 00:00:00-05:00,63.534000396728516,63.8129997253418,63.534000396728516,63.689998626708984,0,0.0,0.0,^XDN
2025-12-23 00:00:00-05:00,64.09300231933594,64.12300109863281,63.88100051879883,64.02300262451172,0,0.0,0.0,^XDN
2025-12-24 00:00:00-05:00,64.08499908447266,64.23400115966797,64.072998046875,64.11599731445312,0,0.0,0.0,^XDN
2025-12-26 00:00:00-05:00,63.93000030517578,64.00700378417969,63.803001403808594,63.86399841308594,0,0.0,0.0,^XDN
2025-12-29 00:00:00-05:00,63.96699905395508,64.13600158691406,63.71699905395508,64.06999969482422,0,0.0,0.0,^XDN
2025-12-30 00:00:00-05:00,64.12300109863281,64.12300109863281,63.869998931884766,63.948001861572266,0,0.0,0.0,^XDN
2025-12-31 00:00:00-05:00,63.85599899291992,63.86199951171875,63.69599914550781,63.856998443603516,0,0.0,0.0,^XDN
2026-01-02 00:00:00-05:00,63.71799850463867,63.87099838256836,63.709999084472656,63.73899841308594,0,0.0,0.0,^XDN
2026-01-05 00:00:00-05:00,63.83700180053711,64.05500030517578,63.70199966430664,63.941001892089844,0,0.0,0.0,^XDN
2026-01-06 00:00:00-05:00,63.900001525878906,63.97600173950195,63.79600143432617,63.8380012512207,0,0.0,0.0,^XDN
2026-01-07 00:00:00-05:00,63.893001556396484,63.95399856567383,63.77399826049805,63.79600143432617,0,0.0,0.0,^XDN
2026-01-08 00:00:00-05:00,63.80699920654297,63.83100128173828,63.665000915527344,63.75,0,0.0,0.0,^XDN
2026-01-09 00:00:00-05:00,63.430999755859375,63.54399871826172,63.21699905395508,63.30500030517578,0,0.0,0.0,^XDN
2026-01-12 00:00:00-05:00,63.347999572753906,63.40800094604492,63.21099853515625,63.242000579833984,0,0.0,0.0,^XDN
2026-01-13 00:00:00-05:00,62.935001373291016,63.055999755859375,62.81700134277344,62.82899856567383,0,0.0,0.0,^XDN
2026-01-14 00:00:00-05:00,63.06800079345703,63.25299835205078,62.994998931884766,63.12300109863281,0,0.0,0.0,^XDN
2026-01-15 00:00:00-05:00,63.053001403808594,63.125999450683594,62.941001892089844,63.04199981689453,0,0.0,0.0,^XDN
2026-01-16 00:00:00-05:00,63.22999954223633,63.362998962402344,63.185001373291016,63.2130012512207,0,0.0,0.0,^XDN
2026-01-20 00:00:00-05:00,63.34600067138672,63.5,63.17100143432617,63.23099899291992,0,0.0,0.0,^XDN
2026-01-21 00:00:00-05:00,63.37099838256836,63.3849983215332,63.08100128173828,63.1619987487793,0,0.0,0.0,^XDN
2026-01-22 00:00:00-05:00,62.96200180053711,63.19599914550781,62.95000076293945,63.12799835205078,0,0.0,0.0,^XDN
2026-01-23 00:00:00-05:00,63.22800064086914,64.25599670410156,63.15599822998047,64.22899627685547,0,0.0,0.0,^XDN
2026-01-26 00:00:00-05:00,64.88050079345703,64.95359802246094,64.79499816894531,64.93949890136719,0,0.0,0.0,^XDN
