Date,Open,High,Low,Close,Volume,Dividends,Stock Splits,Ticker
2025-02-27 00:00:00-05:00,291.1600036621094,297.2300109863281,280.8800048828125,281.95001220703125,101748200,0.0,0.0,TSLA
2025-02-28 00:00:00-05:00,279.5,293.8800048828125,273.6000061035156,292.9800109863281,115697000,0.0,0.0,TSLA
2025-03-03 00:00:00-05:00,300.3399963378906,303.94000244140625,277.29998779296875,284.6499938964844,115551400,0.0,0.0,TSLA
2025-03-04 00:00:00-05:00,270.92999267578125,284.3500061035156,261.8399963378906,272.0400085449219,126706600,0.0,0.0,TSLA
2025-03-05 00:00:00-05:00,272.9200134277344,279.54998779296875,267.7099914550781,279.1000061035156,94042900,0.0,0.0,TSLA
2025-03-06 00:00:00-05:00,272.05999755859375,272.6499938964844,260.0199890136719,263.45001220703125,98451600,0.0,0.0,TSLA
2025-03-07 00:00:00-05:00,259.32000732421875,266.25,250.72999572753906,262.6700134277344,102369600,0.0,0.0,TSLA
2025-03-10 00:00:00-04:00,252.5399932861328,253.3699951171875,220.0,222.14999389648438,189076900,0.0,0.0,TSLA
2025-03-11 00:00:00-04:00,225.30999755859375,237.05999755859375,217.02000427246094,230.5800018310547,174896400,0.0,0.0,TSLA
2025-03-12 00:00:00-04:00,247.22000122070312,251.83999633789062,241.10000610351562,248.08999633789062,142215700,0.0,0.0,TSLA
2025-03-13 00:00:00-04:00,248.1300048828125,248.2899932861328,232.60000610351562,240.67999267578125,114813500,0.0,0.0,TSLA
2025-03-14 00:00:00-04:00,247.30999755859375,251.5800018310547,240.72999572753906,249.97999572753906,100242300,0.0,0.0,TSLA
2025-03-17 00:00:00-04:00,245.05999755859375,245.39999389648438,232.8000030517578,238.00999450683594,111900600,0.0,0.0,TSLA
2025-03-18 00:00:00-04:00,228.16000366210938,230.10000610351562,222.27999877929688,225.30999755859375,111477600,0.0,0.0,TSLA
2025-03-19 00:00:00-04:00,231.61000061035156,241.41000366210938,229.1999969482422,235.86000061035156,111993800,0.0,0.0,TSLA
2025-03-20 00:00:00-04:00,233.35000610351562,238.0,230.0500030517578,236.25999450683594,99028300,0.0,0.0,TSLA
2025-03-21 00:00:00-04:00,234.99000549316406,249.52000427246094,234.5500030517578,248.7100067138672,132728700,0.0,0.0,TSLA
2025-03-24 00:00:00-04:00,258.0799865722656,278.6400146484375,256.3299865722656,278.3900146484375,169079900,0.0,0.0,TSLA
2025-03-25 00:00:00-04:00,283.6000061035156,288.20001220703125,271.2799987792969,288.1400146484375,150361500,0.0,0.0,TSLA
2025-03-26 00:00:00-04:00,282.6600036621094,284.8999938964844,266.510009765625,272.05999755859375,153629800,0.0,0.0,TSLA
2025-03-27 00:00:00-04:00,272.4800109863281,291.8500061035156,271.82000732421875,273.1300048828125,162572100,0.0,0.0,TSLA
2025-03-28 00:00:00-04:00,275.5799865722656,276.1000061035156,260.57000732421875,263.54998779296875,123809400,0.0,0.0,TSLA
2025-03-31 00:00:00-04:00,249.30999755859375,260.55999755859375,243.36000061035156,259.1600036621094,134008900,0.0,0.0,TSLA
2025-04-01 00:00:00-04:00,263.79998779296875,277.45001220703125,259.25,268.4599914550781,146486900,0.0,0.0,TSLA
2025-04-02 00:00:00-04:00,254.60000610351562,284.989990234375,251.27000427246094,282.760009765625,212787800,0.0,0.0,TSLA
2025-04-03 00:00:00-04:00,265.2900085449219,276.29998779296875,261.510009765625,267.2799987792969,136174300,0.0,0.0,TSLA
2025-04-04 00:00:00-04:00,255.3800048828125,261.0,236.0,239.42999267578125,181229400,0.0,0.0,TSLA
2025-04-07 00:00:00-04:00,223.77999877929688,252.0,214.25,233.2899932861328,183453800,0.0,0.0,TSLA
2025-04-08 00:00:00-04:00,245.0,250.44000244140625,217.8000030517578,221.86000061035156,171603500,0.0,0.0,TSLA
2025-04-09 00:00:00-04:00,224.69000244140625,274.69000244140625,223.8800048828125,272.20001220703125,219433400,0.0,0.0,TSLA
2025-04-10 00:00:00-04:00,260.0,262.489990234375,239.3300018310547,252.39999389648438,181722600,0.0,0.0,TSLA
2025-04-11 00:00:00-04:00,251.83999633789062,257.739990234375,241.36000061035156,252.30999755859375,128948100,0.0,0.0,TSLA
2025-04-14 00:00:00-04:00,258.3599853515625,261.79998779296875,245.92999267578125,252.35000610351562,100135200,0.0,0.0,TSLA
2025-04-15 00:00:00-04:00,249.91000366210938,258.75,247.5399932861328,254.11000061035156,79594300,0.0,0.0,TSLA
2025-04-16 00:00:00-04:00,247.61000061035156,251.97000122070312,233.88999938964844,241.5500030517578,112378700,0.0,0.0,TSLA
2025-04-17 00:00:00-04:00,243.47000122070312,244.33999633789062,237.67999267578125,241.3699951171875,83404800,0.0,0.0,TSLA
2025-04-21 00:00:00-04:00,230.25999450683594,232.2100067138672,222.7899932861328,227.5,97768000,0.0,0.0,TSLA
2025-04-22 00:00:00-04:00,230.9600067138672,242.7899932861328,229.85000610351562,237.97000122070312,120858500,0.0,0.0,TSLA
2025-04-23 00:00:00-04:00,254.86000061035156,259.45001220703125,244.42999267578125,250.74000549316406,150381900,0.0,0.0,TSLA
2025-04-24 00:00:00-04:00,250.5,259.5400085449219,249.1999969482422,259.510009765625,94464200,0.0,0.0,TSLA
2025-04-25 00:00:00-04:00,261.69000244140625,286.8500061035156,259.6300048828125,284.95001220703125,167560700,0.0,0.0,TSLA
2025-04-28 00:00:00-04:00,288.9800109863281,294.8599853515625,272.4200134277344,285.8800048828125,151731800,0.0,0.0,TSLA
2025-04-29 00:00:00-04:00,285.5,293.32000732421875,279.4700012207031,292.0299987792969,108906600,0.0,0.0,TSLA
2025-04-30 00:00:00-04:00,279.8999938964844,284.45001220703125,270.7799987792969,282.1600036621094,128961100,0.0,0.0,TSLA
2025-05-01 00:00:00-04:00,280.010009765625,290.8699951171875,279.80999755859375,280.5199890136719,99659000,0.0,0.0,TSLA
2025-05-02 00:00:00-04:00,284.8999938964844,294.7799987792969,279.80999755859375,287.2099914550781,114454700,0.0,0.0,TSLA
2025-05-05 00:00:00-04:00,284.57000732421875,284.8500061035156,274.3999938964844,280.260009765625,94618900,0.0,0.0,TSLA
2025-05-06 00:00:00-04:00,273.1099853515625,277.7300109863281,271.3500061035156,275.3500061035156,76715800,0.0,0.0,TSLA
2025-05-07 00:00:00-04:00,276.8800048828125,277.9200134277344,271.0,276.2200012207031,71592600,0.0,0.0,TSLA
2025-05-08 00:00:00-04:00,279.6300048828125,289.79998779296875,279.4100036621094,284.82000732421875,97539400,0.0,0.0,TSLA
2025-05-09 00:00:00-04:00,290.2099914550781,307.0400085449219,290.0,298.260009765625,132387800,0.0,0.0,TSLA
2025-05-12 00:00:00-04:00,321.989990234375,322.2099914550781,311.5,318.3800048828125,112826700,0.0,0.0,TSLA
2025-05-13 00:00:00-04:00,320.0,337.5899963378906,316.79998779296875,334.07000732421875,136992600,0.0,0.0,TSLA
2025-05-14 00:00:00-04:00,342.5,350.0,337.0,347.67999267578125,136997300,0.0,0.0,TSLA
2025-05-15 00:00:00-04:00,340.3399963378906,346.1400146484375,334.7200012207031,342.82000732421875,97882600,0.0,0.0,TSLA
2025-05-16 00:00:00-04:00,346.239990234375,351.6199951171875,342.3299865722656,349.9800109863281,95895700,0.0,0.0,TSLA
2025-05-19 00:00:00-04:00,336.29998779296875,343.0,333.3699951171875,342.0899963378906,88869900,0.0,0.0,TSLA
2025-05-20 00:00:00-04:00,347.8699951171875,354.989990234375,341.6300048828125,343.82000732421875,131715500,0.0,0.0,TSLA
2025-05-21 00:00:00-04:00,344.42999267578125,347.3500061035156,332.20001220703125,334.6199951171875,102354800,0.0,0.0,TSLA
2025-05-22 00:00:00-04:00,331.8999938964844,347.2699890136719,331.3900146484375,341.0400085449219,97113400,0.0,0.0,TSLA
2025-05-23 00:00:00-04:00,337.9200134277344,343.17999267578125,333.2099914550781,339.3399963378906,84654800,0.0,0.0,TSLA
2025-05-27 00:00:00-04:00,347.3500061035156,363.7900085449219,347.32000732421875,362.8900146484375,120146400,0.0,0.0,TSLA
2025-05-28 00:00:00-04:00,364.8399963378906,365.0,355.9100036621094,356.8999938964844,91404300,0.0,0.0,TSLA
2025-05-29 00:00:00-04:00,365.2900085449219,367.7099914550781,356.0,358.42999267578125,88087800,0.0,0.0,TSLA
2025-05-30 00:00:00-04:00,355.5199890136719,363.67999267578125,345.2900085449219,346.4599914550781,123474900,0.0,0.0,TSLA
2025-06-02 00:00:00-04:00,343.5,348.0199890136719,333.3299865722656,342.69000244140625,81873800,0.0,0.0,TSLA
2025-06-03 00:00:00-04:00,346.6000061035156,355.3999938964844,343.0400085449219,344.2699890136719,99324500,0.0,0.0,TSLA
2025-06-04 00:00:00-04:00,345.1000061035156,345.6000061035156,327.3299865722656,332.04998779296875,98912100,0.0,0.0,TSLA
2025-06-05 00:00:00-04:00,322.489990234375,324.54998779296875,273.2099914550781,284.70001220703125,287499800,0.0,0.0,TSLA
2025-06-06 00:00:00-04:00,298.8299865722656,305.5,291.1400146484375,295.1400146484375,164747700,0.0,0.0,TSLA
2025-06-09 00:00:00-04:00,285.9599914550781,309.8299865722656,281.8500061035156,308.5799865722656,140908900,0.0,0.0,TSLA
2025-06-10 00:00:00-04:00,314.94000244140625,327.8299865722656,310.6700134277344,326.0899963378906,151256500,0.0,0.0,TSLA
2025-06-11 00:00:00-04:00,334.3999938964844,335.5,322.5,326.42999267578125,122611400,0.0,0.0,TSLA
2025-06-12 00:00:00-04:00,323.0799865722656,332.55999755859375,316.8599853515625,319.1099853515625,105127500,0.0,0.0,TSLA
2025-06-13 00:00:00-04:00,313.9700012207031,332.989990234375,313.29998779296875,325.30999755859375,128964300,0.0,0.0,TSLA
2025-06-16 00:00:00-04:00,331.2900085449219,332.04998779296875,326.4100036621094,329.1300048828125,83925900,0.0,0.0,TSLA
2025-06-17 00:00:00-04:00,326.0899963378906,327.260009765625,314.739990234375,316.3500061035156,88282700,0.0,0.0,TSLA
2025-06-18 00:00:00-04:00,317.30999755859375,329.32000732421875,315.45001220703125,322.04998779296875,95137700,0.0,0.0,TSLA
2025-06-20 00:00:00-04:00,327.95001220703125,332.3599853515625,317.7799987792969,322.1600036621094,108688000,0.0,0.0,TSLA
2025-06-23 00:00:00-04:00,327.5400085449219,357.5400085449219,327.4800109863281,348.67999267578125,190716800,0.0,0.0,TSLA
2025-06-24 00:00:00-04:00,356.1700134277344,356.260009765625,340.44000244140625,340.4700012207031,114736200,0.0,0.0,TSLA
2025-06-25 00:00:00-04:00,342.70001220703125,343.0,320.3999938964844,327.54998779296875,119845100,0.0,0.0,TSLA
2025-06-26 00:00:00-04:00,324.6099853515625,331.04998779296875,323.6099853515625,325.7799987792969,80440900,0.0,0.0,TSLA
2025-06-27 00:00:00-04:00,324.510009765625,329.3399963378906,317.5,323.6300048828125,89067000,0.0,0.0,TSLA
2025-06-30 00:00:00-04:00,319.8999938964844,325.5799865722656,316.6000061035156,317.6600036621094,76695100,0.0,0.0,TSLA
2025-07-01 00:00:00-04:00,298.4599914550781,305.8900146484375,293.2099914550781,300.7099914550781,145085700,0.0,0.0,TSLA
2025-07-02 00:00:00-04:00,312.6300048828125,316.8299865722656,303.82000732421875,315.6499938964844,119483700,0.0,0.0,TSLA
2025-07-03 00:00:00-04:00,317.989990234375,318.45001220703125,312.760009765625,315.3500061035156,58042300,0.0,0.0,TSLA
2025-07-07 00:00:00-04:00,291.3699951171875,296.1499938964844,288.7699890136719,293.94000244140625,131177900,0.0,0.0,TSLA
2025-07-08 00:00:00-04:00,297.0,304.04998779296875,294.3500061035156,297.80999755859375,103246700,0.0,0.0,TSLA
2025-07-09 00:00:00-04:00,297.54998779296875,300.1499938964844,293.54998779296875,295.8800048828125,75586800,0.0,0.0,TSLA
2025-07-10 00:00:00-04:00,300.04998779296875,310.4800109863281,300.0,309.8699951171875,104365300,0.0,0.0,TSLA
2025-07-11 00:00:00-04:00,307.8900146484375,314.0899963378906,305.6499938964844,313.510009765625,79236400,0.0,0.0,TSLA
2025-07-14 00:00:00-04:00,317.7300109863281,322.6000061035156,312.6700134277344,316.8999938964844,78043400,0.0,0.0,TSLA
2025-07-15 00:00:00-04:00,319.67999267578125,321.20001220703125,310.5,310.7799987792969,77556300,0.0,0.0,TSLA
2025-07-16 00:00:00-04:00,312.79998779296875,323.5,312.6199951171875,321.6700134277344,97284800,0.0,0.0,TSLA
2025-07-17 00:00:00-04:00,323.1499938964844,324.3399963378906,317.05999755859375,319.4100036621094,73922900,0.0,0.0,TSLA
2025-07-18 00:00:00-04:00,321.6600036621094,330.8999938964844,321.4200134277344,329.6499938964844,94255000,0.0,0.0,TSLA
2025-07-21 00:00:00-04:00,334.3999938964844,338.0,326.8800048828125,328.489990234375,75768800,0.0,0.0,TSLA
2025-07-22 00:00:00-04:00,329.739990234375,335.4100036621094,321.54998779296875,332.1099853515625,77370400,0.0,0.0,TSLA
2025-07-23 00:00:00-04:00,330.8999938964844,336.20001220703125,328.6700134277344,332.55999755859375,92553800,0.0,0.0,TSLA
2025-07-24 00:00:00-04:00,310.0,310.1499938964844,300.4100036621094,305.29998779296875,156966000,0.0,0.0,TSLA
2025-07-25 00:00:00-04:00,308.739990234375,323.6300048828125,308.010009765625,316.05999755859375,148227000,0.0,0.0,TSLA
2025-07-28 00:00:00-04:00,318.45001220703125,330.489990234375,315.69000244140625,325.5899963378906,112673800,0.0,0.0,TSLA
2025-07-29 00:00:00-04:00,325.54998779296875,326.25,318.25,321.20001220703125,87358900,0.0,0.0,TSLA
2025-07-30 00:00:00-04:00,322.17999267578125,324.45001220703125,311.6199951171875,319.0400085449219,83931900,0.0,0.0,TSLA
2025-07-31 00:00:00-04:00,319.6099853515625,321.3699951171875,306.1000061035156,308.2699890136719,85270900,0.0,0.0,TSLA
2025-08-01 00:00:00-04:00,306.2099914550781,309.30999755859375,297.82000732421875,302.6300048828125,89121400,0.0,0.0,TSLA
2025-08-04 00:00:00-04:00,309.0799865722656,312.1199951171875,303.0,309.260009765625,78683900,0.0,0.0,TSLA
2025-08-05 00:00:00-04:00,308.95001220703125,312.45001220703125,305.5,308.7200012207031,57961300,0.0,0.0,TSLA
2025-08-06 00:00:00-04:00,307.8900146484375,320.4700012207031,306.92999267578125,319.9100036621094,78523600,0.0,0.0,TSLA
2025-08-07 00:00:00-04:00,319.7900085449219,322.3999938964844,316.1600036621094,322.2699890136719,66658700,0.0,0.0,TSLA
2025-08-08 00:00:00-04:00,321.42999267578125,335.1499938964844,320.9800109863281,329.6499938964844,91200300,0.0,0.0,TSLA
2025-08-11 00:00:00-04:00,335.0,346.6400146484375,334.1499938964844,339.0299987792969,105320200,0.0,0.0,TSLA
2025-08-12 00:00:00-04:00,345.0,345.260009765625,332.94000244140625,340.8399963378906,80522100,0.0,0.0,TSLA
2025-08-13 00:00:00-04:00,341.5,348.9800109863281,338.20001220703125,339.3800048828125,67838900,0.0,0.0,TSLA
2025-08-14 00:00:00-04:00,335.760009765625,340.4700012207031,330.3999938964844,335.5799865722656,75000700,0.0,0.0,TSLA
2025-08-15 00:00:00-04:00,337.6600036621094,339.29998779296875,327.0199890136719,330.55999755859375,74319800,0.0,0.0,TSLA
2025-08-18 00:00:00-04:00,329.6199951171875,336.2699890136719,329.5899963378906,335.1600036621094,56956600,0.0,0.0,TSLA
2025-08-19 00:00:00-04:00,335.7900085449219,340.54998779296875,327.8500061035156,329.30999755859375,75956000,0.0,0.0,TSLA
2025-08-20 00:00:00-04:00,329.2200012207031,331.3699951171875,314.6000061035156,323.8999938964844,77481800,0.0,0.0,TSLA
2025-08-21 00:00:00-04:00,322.0799865722656,324.8999938964844,318.67999267578125,320.1099853515625,55744400,0.0,0.0,TSLA
2025-08-22 00:00:00-04:00,321.6600036621094,340.25,319.69000244140625,340.010009765625,94016300,0.0,0.0,TSLA
2025-08-25 00:00:00-04:00,338.8999938964844,349.5299987792969,335.0299987792969,346.6000061035156,86670000,0.0,0.0,TSLA
2025-08-26 00:00:00-04:00,344.92999267578125,351.8999938964844,343.7200012207031,351.6700134277344,76651600,0.0,0.0,TSLA
2025-08-27 00:00:00-04:00,351.94000244140625,355.3900146484375,349.1600036621094,349.6000061035156,65519000,0.0,0.0,TSLA
2025-08-28 00:00:00-04:00,350.9100036621094,353.54998779296875,340.260009765625,345.9800109863281,67903200,0.0,0.0,TSLA
2025-08-29 00:00:00-04:00,347.2300109863281,348.75,331.70001220703125,333.8699951171875,81145700,0.0,0.0,TSLA
2025-09-02 00:00:00-04:00,328.2300109863281,333.3299865722656,325.6000061035156,329.3599853515625,58392000,0.0,0.0,TSLA
2025-09-03 00:00:00-04:00,335.20001220703125,343.3299865722656,328.510009765625,334.0899963378906,88733300,0.0,0.0,TSLA
2025-09-04 00:00:00-04:00,336.1499938964844,338.8900146484375,331.4800109863281,338.5299987792969,60711000,0.0,0.0,TSLA
2025-09-05 00:00:00-04:00,348.0,355.8699951171875,344.67999267578125,350.8399963378906,108989800,0.0,0.0,TSLA
2025-09-08 00:00:00-04:00,354.6400146484375,358.44000244140625,344.8399963378906,346.3999938964844,75208300,0.0,0.0,TSLA
2025-09-09 00:00:00-04:00,348.44000244140625,350.7699890136719,343.82000732421875,346.9700012207031,53816000,0.0,0.0,TSLA
2025-09-10 00:00:00-04:00,350.54998779296875,356.3299865722656,346.07000732421875,347.7900085449219,72121700,0.0,0.0,TSLA
2025-09-11 00:00:00-04:00,350.1700134277344,368.989990234375,347.6000061035156,368.80999755859375,103756000,0.0,0.0,TSLA
2025-09-12 00:00:00-04:00,370.94000244140625,396.69000244140625,370.239990234375,395.94000244140625,168156400,0.0,0.0,TSLA
2025-09-15 00:00:00-04:00,423.1300048828125,425.70001220703125,402.42999267578125,410.0400085449219,163823700,0.0,0.0,TSLA
2025-09-16 00:00:00-04:00,414.5,423.25,411.42999267578125,421.6199951171875,104285700,0.0,0.0,TSLA
2025-09-17 00:00:00-04:00,415.75,428.30999755859375,409.6700134277344,425.8599853515625,106133500,0.0,0.0,TSLA
2025-09-18 00:00:00-04:00,428.8699951171875,432.2200012207031,416.55999755859375,416.8500061035156,90454500,0.0,0.0,TSLA
2025-09-19 00:00:00-04:00,421.82000732421875,429.4700012207031,421.7200012207031,426.07000732421875,93131000,0.0,0.0,TSLA
2025-09-22 00:00:00-04:00,431.1099853515625,444.9800109863281,429.1300048828125,434.2099914550781,97108800,0.0,0.0,TSLA
2025-09-23 00:00:00-04:00,439.8800048828125,440.9700012207031,423.7200012207031,425.8500061035156,83422700,0.0,0.0,TSLA
2025-09-24 00:00:00-04:00,429.8299865722656,444.2099914550781,429.0299987792969,442.7900085449219,93133600,0.0,0.0,TSLA
2025-09-25 00:00:00-04:00,435.239990234375,435.3500061035156,419.0799865722656,423.3900146484375,96746400,0.0,0.0,TSLA
2025-09-26 00:00:00-04:00,428.29998779296875,440.4700012207031,421.0199890136719,440.3999938964844,101628200,0.0,0.0,TSLA
2025-09-29 00:00:00-04:00,444.3500061035156,450.9800109863281,439.5,443.2099914550781,79491500,0.0,0.0,TSLA
2025-09-30 00:00:00-04:00,441.5199890136719,445.0,433.1199951171875,444.7200012207031,74358000,0.0,0.0,TSLA
2025-10-01 00:00:00-04:00,443.79998779296875,462.2900085449219,440.75,459.4599914550781,98122300,0.0,0.0,TSLA
2025-10-02 00:00:00-04:00,470.5400085449219,470.75,435.57000732421875,436.0,137009000,0.0,0.0,TSLA
2025-10-03 00:00:00-04:00,443.2900085449219,446.7699890136719,416.5799865722656,429.8299865722656,133188200,0.0,0.0,TSLA
2025-10-06 00:00:00-04:00,440.75,453.54998779296875,436.69000244140625,453.25,85324900,0.0,0.0,TSLA
2025-10-07 00:00:00-04:00,447.82000732421875,452.67999267578125,432.45001220703125,433.0899963378906,102296100,0.0,0.0,TSLA
2025-10-08 00:00:00-04:00,437.57000732421875,441.3299865722656,425.2300109863281,438.69000244140625,71192100,0.0,0.0,TSLA
2025-10-09 00:00:00-04:00,431.80999755859375,436.3500061035156,426.17999267578125,435.5400085449219,69339900,0.0,0.0,TSLA
2025-10-10 00:00:00-04:00,436.5400085449219,443.1300048828125,411.45001220703125,413.489990234375,112107900,0.0,0.0,TSLA
2025-10-13 00:00:00-04:00,423.5299987792969,436.8900146484375,419.70001220703125,435.8999938964844,79552800,0.0,0.0,TSLA
2025-10-14 00:00:00-04:00,426.7900085449219,434.20001220703125,417.8599853515625,429.239990234375,72669400,0.0,0.0,TSLA
2025-10-15 00:00:00-04:00,434.8999938964844,440.510009765625,426.3299865722656,435.1499938964844,71558200,0.0,0.0,TSLA
2025-10-16 00:00:00-04:00,434.7300109863281,439.3500061035156,421.30999755859375,428.75,77189900,0.0,0.0,TSLA
2025-10-17 00:00:00-04:00,425.5,441.4599914550781,423.6000061035156,439.30999755859375,89331600,0.0,0.0,TSLA
2025-10-20 00:00:00-04:00,443.8699951171875,449.79998779296875,440.6099853515625,447.42999267578125,63719000,0.0,0.0,TSLA
2025-10-21 00:00:00-04:00,445.760009765625,449.29998779296875,442.04998779296875,442.6000061035156,54412200,0.0,0.0,TSLA
2025-10-22 00:00:00-04:00,443.45001220703125,445.5400085449219,429.0,438.9700012207031,84023500,0.0,0.0,TSLA
2025-10-23 00:00:00-04:00,420.0,449.3999938964844,413.8999938964844,448.9800109863281,126709800,0.0,0.0,TSLA
2025-10-24 00:00:00-04:00,446.8299865722656,451.67999267578125,430.1700134277344,433.7200012207031,94727800,0.0,0.0,TSLA
2025-10-27 00:00:00-04:00,439.9800109863281,460.1600036621094,438.69000244140625,452.4200134277344,105867500,0.0,0.0,TSLA
2025-10-28 00:00:00-04:00,454.7799987792969,467.0,451.6000061035156,460.54998779296875,80185700,0.0,0.0,TSLA
2025-10-29 00:00:00-04:00,462.5,465.70001220703125,452.6499938964844,461.510009765625,67983500,0.0,0.0,TSLA
2025-10-30 00:00:00-04:00,451.04998779296875,455.05999755859375,439.6099853515625,440.1000061035156,72447900,0.0,0.0,TSLA
2025-10-31 00:00:00-04:00,446.75,458.0,443.69000244140625,456.55999755859375,83135800,0.0,0.0,TSLA
2025-11-03 00:00:00-05:00,455.989990234375,474.07000732421875,453.79998779296875,468.3699951171875,84595200,0.0,0.0,TSLA
2025-11-04 00:00:00-05:00,454.4599914550781,460.2200012207031,443.6000061035156,444.260009765625,87756600,0.0,0.0,TSLA
2025-11-05 00:00:00-05:00,452.04998779296875,466.3299865722656,440.7099914550781,462.07000732421875,85573000,0.0,0.0,TSLA
2025-11-06 00:00:00-05:00,461.9599914550781,467.45001220703125,435.0899963378906,445.9100036621094,109622900,0.0,0.0,TSLA
2025-11-07 00:00:00-05:00,437.9200134277344,439.3599853515625,421.8800048828125,429.5199890136719,103471500,0.0,0.0,TSLA
2025-11-10 00:00:00-05:00,439.6000061035156,449.6700134277344,433.3599853515625,445.2300109863281,76515900,0.0,0.0,TSLA
2025-11-11 00:00:00-05:00,439.3999938964844,442.489990234375,432.3599853515625,439.6199951171875,60533200,0.0,0.0,TSLA
2025-11-12 00:00:00-05:00,442.1499938964844,442.3299865722656,426.55999755859375,430.6000061035156,58513500,0.0,0.0,TSLA
2025-11-13 00:00:00-05:00,423.1300048828125,424.5,396.3399963378906,401.989990234375,118948000,0.0,0.0,TSLA
2025-11-14 00:00:00-05:00,386.29998779296875,412.19000244140625,382.7799987792969,404.3500061035156,105506700,0.0,0.0,TSLA
2025-11-17 00:00:00-05:00,398.739990234375,423.9599914550781,398.739990234375,408.9200134277344,102214300,0.0,0.0,TSLA
2025-11-18 00:00:00-05:00,405.3800048828125,408.8999938964844,393.7099914550781,401.25,80688600,0.0,0.0,TSLA
2025-11-19 00:00:00-05:00,406.17999267578125,411.7799987792969,398.5,403.989990234375,72047700,0.0,0.0,TSLA
2025-11-20 00:00:00-05:00,414.6300048828125,428.94000244140625,394.739990234375,395.2300109863281,113548800,0.0,0.0,TSLA
2025-11-21 00:00:00-05:00,402.32000732421875,402.79998779296875,383.760009765625,391.0899963378906,100460600,0.0,0.0,TSLA
2025-11-24 00:00:00-05:00,402.1700134277344,421.7200012207031,401.0899963378906,417.7799987792969,96806400,0.0,0.0,TSLA
2025-11-25 00:00:00-05:00,414.4200134277344,420.4800109863281,405.95001220703125,419.3999938964844,71915600,0.0,0.0,TSLA
2025-11-26 00:00:00-05:00,423.95001220703125,426.94000244140625,416.8900146484375,426.5799865722656,63463000,0.0,0.0,TSLA
2025-11-28 00:00:00-05:00,426.5899963378906,432.92999267578125,426.20001220703125,430.1700134277344,36252900,0.0,0.0,TSLA
2025-12-01 00:00:00-05:00,425.32000732421875,433.6600036621094,425.2900085449219,430.1400146484375,57463600,0.0,0.0,TSLA
2025-12-02 00:00:00-05:00,430.80999755859375,436.79998779296875,422.1199951171875,429.239990234375,69336600,0.0,0.0,TSLA
2025-12-03 00:00:00-05:00,432.1000061035156,447.9200134277344,431.1099853515625,446.739990234375,87483000,0.0,0.0,TSLA
2025-12-04 00:00:00-05:00,449.94000244140625,454.6300048828125,445.3900146484375,454.5299987792969,71906500,0.0,0.0,TSLA
2025-12-05 00:00:00-05:00,453.0299987792969,458.8699951171875,451.6600036621094,455.0,56427500,0.0,0.0,TSLA
2025-12-08 00:00:00-05:00,447.45001220703125,449.75,435.25,439.5799865722656,69165800,0.0,0.0,TSLA
2025-12-09 00:00:00-05:00,437.5400085449219,452.3900146484375,435.70001220703125,445.1700134277344,62367400,0.0,0.0,TSLA
2025-12-10 00:00:00-05:00,446.07000732421875,456.8800048828125,443.6099853515625,451.45001220703125,63257500,0.0,0.0,TSLA
2025-12-11 00:00:00-05:00,448.95001220703125,449.2699890136719,440.3299865722656,446.8900146484375,55979500,0.0,0.0,TSLA
2025-12-12 00:00:00-05:00,448.0899963378906,463.010009765625,441.6700134277344,458.9599914550781,95656700,0.0,0.0,TSLA
2025-12-15 00:00:00-05:00,469.44000244140625,481.7699890136719,467.6600036621094,475.30999755859375,114542200,0.0,0.0,TSLA
2025-12-16 00:00:00-05:00,472.2099914550781,491.5,465.8299865722656,489.8800048828125,107608100,0.0,0.0,TSLA
2025-12-17 00:00:00-05:00,488.2200012207031,495.2799987792969,466.20001220703125,467.260009765625,106490400,0.0,0.0,TSLA
2025-12-18 00:00:00-05:00,478.1600036621094,490.8599853515625,473.1199951171875,483.3699951171875,95168400,0.0,0.0,TSLA
2025-12-19 00:00:00-05:00,488.1199951171875,490.489990234375,474.7200012207031,481.20001220703125,103305400,0.0,0.0,TSLA
2025-12-22 00:00:00-05:00,489.8800048828125,498.8299865722656,485.3299865722656,488.7300109863281,86916100,0.0,0.0,TSLA
2025-12-23 00:00:00-05:00,489.3999938964844,491.9700012207031,482.8399963378906,485.55999755859375,58223600,0.0,0.0,TSLA
2025-12-24 00:00:00-05:00,488.4800109863281,490.8999938964844,476.79998779296875,485.3999938964844,41285400,0.0,0.0,TSLA
2025-12-26 00:00:00-05:00,485.2300109863281,489.0899963378906,473.82000732421875,475.19000244140625,58780700,0.0,0.0,TSLA
2025-12-29 00:00:00-05:00,469.0,469.3999938964844,459.0,459.6400146484375,66263000,0.0,0.0,TSLA
2025-12-30 00:00:00-05:00,461.0899963378906,463.1199951171875,453.8299865722656,454.42999267578125,59238500,0.0,0.0,TSLA
2025-12-31 00:00:00-05:00,456.1000061035156,456.54998779296875,449.29998779296875,449.7200012207031,49078000,0.0,0.0,TSLA
2026-01-02 00:00:00-05:00,457.79998779296875,458.3399963378906,435.29998779296875,438.07000732421875,85535400,0.0,0.0,TSLA
2026-01-05 00:00:00-05:00,447.989990234375,457.54998779296875,444.57000732421875,451.6700134277344,67940800,0.0,0.0,TSLA
2026-01-06 00:00:00-05:00,446.3800048828125,448.25,428.7799987792969,432.9599914550781,89093800,0.0,0.0,TSLA
2026-01-07 00:00:00-05:00,435.8999938964844,438.3699951171875,431.2900085449219,431.4100036621094,59828800,0.0,0.0,TSLA
2026-01-08 00:00:00-05:00,427.8900146484375,436.8900146484375,424.3699951171875,435.79998779296875,57041100,0.0,0.0,TSLA
2026-01-09 00:00:00-05:00,435.95001220703125,449.04998779296875,430.3900146484375,445.010009765625,67331500,0.0,0.0,TSLA
2026-01-12 00:00:00-05:00,441.2300109863281,454.29998779296875,438.0,448.9599914550781,61649600,0.0,0.0,TSLA
2026-01-13 00:00:00-05:00,450.20001220703125,451.80999755859375,443.95001220703125,447.20001220703125,53719200,0.0,0.0,TSLA
2026-01-14 00:00:00-05:00,442.80999755859375,443.9100036621094,434.2200012207031,439.20001220703125,57259500,0.0,0.0,TSLA
2026-01-15 00:00:00-05:00,441.1300048828125,445.3599853515625,437.6499938964844,438.57000732421875,49465800,0.0,0.0,TSLA
2026-01-16 00:00:00-05:00,439.5,447.25,435.260009765625,437.5,60220600,0.0,0.0,TSLA
2026-01-20 00:00:00-05:00,429.3599853515625,430.7300109863281,417.44000244140625,419.25,63187300,0.0,0.0,TSLA
2026-01-21 00:00:00-05:00,421.6600036621094,438.20001220703125,419.6199951171875,431.44000244140625,68124000,0.0,0.0,TSLA
2026-01-22 00:00:00-05:00,435.1600036621094,449.5,432.6300048828125,449.3599853515625,71546700,0.0,0.0,TSLA
2026-01-23 00:00:00-05:00,447.42999267578125,452.42999267578125,444.0400085449219,449.05999755859375,56771400,0.0,0.0,TSLA
2026-01-26 00:00:00-05:00,445.0,445.0400085449219,434.2799987792969,435.20001220703125,49397400,0.0,0.0,TSLA
2026-01-27 00:00:00-05:00,437.4100036621094,437.5199890136719,430.69000244140625,430.8999938964844,37733100,0.0,0.0,TSLA
2026-01-28 00:00:00-05:00,431.9100036621094,438.260009765625,430.1000061035156,431.4599914550781,54857400,0.0,0.0,TSLA
2026-01-29 00:00:00-05:00,437.79998779296875,440.2300109863281,414.6199951171875,416.55999755859375,81686100,0.0,0.0,TSLA
2026-01-30 00:00:00-05:00,425.3500061035156,439.8800048828125,422.70001220703125,430.4100036621094,82626100,0.0,0.0,TSLA
2026-02-02 00:00:00-05:00,421.2900085449219,427.1499938964844,414.5,421.80999755859375,58739500,0.0,0.0,TSLA
2026-02-03 00:00:00-05:00,424.2699890136719,428.55999755859375,413.69000244140625,421.9599914550781,56886500,0.0,0.0,TSLA
2026-02-04 00:00:00-05:00,420.4599914550781,423.8999938964844,399.17999267578125,406.010009765625,74606900,0.0,0.0,TSLA
2026-02-05 00:00:00-05:00,397.0199890136719,402.1000061035156,387.5299987792969,397.2099914550781,72819800,0.0,0.0,TSLA
2026-02-06 00:00:00-05:00,400.8699951171875,414.54998779296875,397.75,411.1099853515625,62677100,0.0,0.0,TSLA
2026-02-09 00:00:00-05:00,409.9100036621094,421.25,407.2900085449219,417.32000732421875,54484300,0.0,0.0,TSLA
2026-02-10 00:00:00-05:00,418.0799865722656,427.25,417.0,425.2099914550781,64450200,0.0,0.0,TSLA
2026-02-11 00:00:00-05:00,427.9599914550781,436.3500061035156,420.0299987792969,428.2699890136719,57362000,0.0,0.0,TSLA
2026-02-12 00:00:00-05:00,430.29998779296875,436.2300109863281,414.0,417.07000732421875,61933400,0.0,0.0,TSLA
2026-02-13 00:00:00-05:00,414.30999755859375,424.05999755859375,410.8800048828125,417.44000244140625,51434100,0.0,0.0,TSLA
2026-02-17 00:00:00-05:00,412.3599853515625,413.7200012207031,400.510009765625,410.6300048828125,59678800,0.0,0.0,TSLA
2026-02-18 00:00:00-05:00,411.1099853515625,416.8999938964844,409.5799865722656,411.32000732421875,45921400,0.0,0.0,TSLA
2026-02-19 00:00:00-05:00,407.25,415.25,404.1099853515625,411.7099914550781,51019600,0.0,0.0,TSLA
2026-02-20 00:00:00-05:00,408.29998779296875,414.70001220703125,405.5,411.82000732421875,57912200,0.0,0.0,TSLA
2026-02-23 00:00:00-05:00,407.2900085449219,407.70001220703125,394.0400085449219,399.8299865722656,69680000,0.0,0.0,TSLA
2026-02-24 00:00:00-05:00,399.5,410.82000732421875,397.6400146484375,409.3800048828125,58579500,0.0,0.0,TSLA
2026-02-25 00:00:00-05:00,412.1499938964844,420.3399963378906,412.1499938964844,417.3999938964844,54809700,0.0,0.0,TSLA
2026-02-26 00:00:00-05:00,414.4200134277344,416.80999755859375,403.6600036621094,408.5799865722656,53472200,0.0,0.0,TSLA
2025-02-27 00:00:00-05:00,105.08000183105469,105.76000213623047,99.5,99.51000213623047,47263700,0.0,0.0,AMD
2025-02-28 00:00:00-05:00,99.55999755859375,101.80000305175781,98.69000244140625,99.86000061035156,45194600,0.0,0.0,AMD
2025-03-03 00:00:00-05:00,101.5199966430664,102.33999633789062,97.08999633789062,98.2300033569336,38958000,0.0,0.0,AMD
2025-03-04 00:00:00-05:00,96.0,103.18000030517578,95.88999938964844,100.75,54156900,0.0,0.0,AMD
2025-03-05 00:00:00-05:00,100.36000061035156,101.83999633789062,98.87000274658203,101.66999816894531,27855500,0.0,0.0,AMD
2025-03-06 00:00:00-05:00,99.05000305175781,101.08000183105469,98.2699966430664,98.8499984741211,28985000,0.0,0.0,AMD
2025-03-07 00:00:00-05:00,98.87999725341797,100.6500015258789,96.38999938964844,100.30999755859375,33254400,0.0,0.0,AMD
2025-03-10 00:00:00-04:00,98.56999969482422,101.29000091552734,95.83000183105469,96.62999725341797,38733200,0.0,0.0,AMD
2025-03-11 00:00:00-04:00,96.79000091552734,98.16000366210938,94.7300033569336,96.76000213623047,34078300,0.0,0.0,AMD
2025-03-12 00:00:00-04:00,99.05000305175781,101.72000122070312,98.16999816894531,100.79000091552734,34241300,0.0,0.0,AMD
2025-03-13 00:00:00-04:00,99.72000122070312,100.06999969482422,97.2699966430664,98.11000061035156,28575200,0.0,0.0,AMD
2025-03-14 00:00:00-04:00,99.63999938964844,101.22000122070312,99.58000183105469,100.97000122070312,24715300,0.0,0.0,AMD
2025-03-17 00:00:00-04:00,102.5999984741211,106.1500015258789,102.5999984741211,104.58999633789062,43689500,0.0,0.0,AMD
2025-03-18 00:00:00-04:00,103.8499984741211,104.55000305175781,102.97000122070312,103.51000213623047,27152800,0.0,0.0,AMD
2025-03-19 00:00:00-04:00,104.41999816894531,107.9000015258789,101.95999908447266,106.2300033569336,32287500,0.0,0.0,AMD
2025-03-20 00:00:00-04:00,105.12000274658203,108.26000213623047,105.12000274658203,107.13999938964844,26871800,0.0,0.0,AMD
2025-03-21 00:00:00-04:00,105.33000183105469,107.25,104.33000183105469,106.44000244140625,30767900,0.0,0.0,AMD
2025-03-24 00:00:00-04:00,109.7300033569336,114.8499984741211,109.4000015258789,113.8499984741211,53342000,0.0,0.0,AMD
2025-03-25 00:00:00-04:00,113.2699966430664,114.94999694824219,112.70999908447266,114.80999755859375,29077500,0.0,0.0,AMD
2025-03-26 00:00:00-04:00,114.11000061035156,115.9000015258789,108.68000030517578,110.19000244140625,39824000,0.0,0.0,AMD
2025-03-27 00:00:00-04:00,106.11000061035156,107.62000274658203,105.55000305175781,106.6500015258789,32773700,0.0,0.0,AMD
2025-03-28 00:00:00-04:00,105.52999877929688,106.51000213623047,102.4800033569336,103.22000122070312,31069100,0.0,0.0,AMD
2025-03-31 00:00:00-04:00,100.23999786376953,102.81999969482422,98.80000305175781,102.73999786376953,30865300,0.0,0.0,AMD
2025-04-01 00:00:00-04:00,102.16000366210938,102.83000183105469,100.93000030517578,102.77999877929688,23523200,0.0,0.0,AMD
2025-04-02 00:00:00-04:00,101.5199966430664,104.19000244140625,100.76000213623047,102.95999908447266,20794000,0.0,0.0,AMD
2025-04-03 00:00:00-04:00,97.79000091552734,99.44999694824219,93.63999938964844,93.80000305175781,50472500,0.0,0.0,AMD
2025-04-04 00:00:00-04:00,90.0999984741211,91.08000183105469,83.66999816894531,85.76000213623047,65847000,0.0,0.0,AMD
2025-04-07 00:00:00-04:00,80.68000030517578,89.0,77.75,83.63999938964844,70515400,0.0,0.0,AMD
2025-04-08 00:00:00-04:00,86.1500015258789,88.93000030517578,76.4800033569336,78.20999908447266,69910200,0.0,0.0,AMD
2025-04-09 00:00:00-04:00,79.22000122070312,97.91000366210938,78.87000274658203,96.83999633789062,97827400,0.0,0.0,AMD
2025-04-10 00:00:00-04:00,91.0,92.94999694824219,85.05999755859375,88.69999694824219,65210600,0.0,0.0,AMD
2025-04-11 00:00:00-04:00,90.51000213623047,94.76000213623047,90.5,93.4000015258789,57892600,0.0,0.0,AMD
2025-04-14 00:00:00-04:00,97.11000061035156,97.37000274658203,93.44999694824219,94.5,36003000,0.0,0.0,AMD
2025-04-15 00:00:00-04:00,94.66000366210938,96.8499984741211,94.62000274658203,95.29000091552734,28116500,0.0,0.0,AMD
2025-04-16 00:00:00-04:00,87.61000061035156,90.47000122070312,85.30000305175781,88.29000091552734,62109000,0.0,0.0,AMD
2025-04-17 00:00:00-04:00,88.83999633789062,89.02999877929688,86.5199966430664,87.5,34801400,0.0,0.0,AMD
2025-04-21 00:00:00-04:00,86.0199966430664,86.13999938964844,83.75,85.55999755859375,33855400,0.0,0.0,AMD
2025-04-22 00:00:00-04:00,86.12000274658203,87.16999816894531,85.16999816894531,86.26000213623047,35236700,0.0,0.0,AMD
2025-04-23 00:00:00-04:00,91.87999725341797,93.73999786376953,90.12000274658203,90.38999938964844,41102600,0.0,0.0,AMD
2025-04-24 00:00:00-04:00,91.58999633789062,94.75,90.37000274658203,94.47000122070312,33681900,0.0,0.0,AMD
2025-04-25 00:00:00-04:00,93.27999877929688,97.0999984741211,92.8499984741211,96.6500015258789,28575300,0.0,0.0,AMD
2025-04-28 00:00:00-04:00,95.58000183105469,97.48999786376953,94.2699966430664,96.38999938964844,30456700,0.0,0.0,AMD
2025-04-29 00:00:00-04:00,95.76000213623047,97.18000030517578,95.33000183105469,96.05999755859375,20700600,0.0,0.0,AMD
2025-04-30 00:00:00-04:00,92.80999755859375,97.55000305175781,91.87000274658203,97.3499984741211,29730700,0.0,0.0,AMD
2025-05-01 00:00:00-04:00,99.2699966430664,100.0999984741211,96.44999694824219,96.6500015258789,29591500,0.0,0.0,AMD
2025-05-02 00:00:00-04:00,98.4000015258789,99.87999725341797,98.30000305175781,98.80000305175781,29957900,0.0,0.0,AMD
2025-05-05 00:00:00-04:00,99.0,102.05000305175781,98.76000213623047,100.58999633789062,41268900,0.0,0.0,AMD
2025-05-06 00:00:00-04:00,98.41000366210938,100.06999969482422,97.44000244140625,98.62000274658203,54264300,0.0,0.0,AMD
2025-05-07 00:00:00-04:00,100.75,103.41999816894531,96.87999725341797,100.36000061035156,86474400,0.0,0.0,AMD
2025-05-08 00:00:00-04:00,101.91999816894531,105.44000244140625,101.55999755859375,101.69999694824219,54231400,0.0,0.0,AMD
2025-05-09 00:00:00-04:00,102.58999633789062,103.54000091552734,101.5999984741211,102.83999633789062,31704300,0.0,0.0,AMD
2025-05-12 00:00:00-04:00,110.41999816894531,110.66999816894531,106.9800033569336,108.12000274658203,50543400,0.0,0.0,AMD
2025-05-13 00:00:00-04:00,109.5999984741211,113.12999725341797,109.0,112.45999908447266,55659500,0.0,0.0,AMD
2025-05-14 00:00:00-04:00,119.83000183105469,122.5199966430664,116.58999633789062,117.72000122070312,86743700,0.0,0.0,AMD
2025-05-15 00:00:00-04:00,117.0199966430664,117.5,114.01000213623047,114.98999786376953,43843200,0.0,0.0,AMD
2025-05-16 00:00:00-04:00,118.06999969482422,118.23999786376953,116.01000213623047,117.16999816894531,43419700,0.0,0.0,AMD
2025-05-19 00:00:00-04:00,115.0199966430664,115.52999877929688,114.05999755859375,114.73999786376953,37737400,0.0,0.0,AMD
2025-05-20 00:00:00-04:00,114.3499984741211,114.51000213623047,112.08000183105469,113.51000213623047,29030800,0.0,0.0,AMD
2025-05-21 00:00:00-04:00,113.8499984741211,116.0999984741211,111.08999633789062,112.05999755859375,43594600,0.0,0.0,AMD
2025-05-22 00:00:00-04:00,111.9000015258789,112.63999938964844,110.61000061035156,110.70999908447266,29252000,0.0,0.0,AMD
2025-05-23 00:00:00-04:00,108.08999633789062,111.0199966430664,107.66999816894531,110.30999755859375,30867300,0.0,0.0,AMD
2025-05-27 00:00:00-04:00,113.18000030517578,115.4000015258789,112.2699966430664,114.55999755859375,37885000,0.0,0.0,AMD
2025-05-28 00:00:00-04:00,114.91999816894531,114.94999694824219,112.66000366210938,112.86000061035156,27483700,0.0,0.0,AMD
2025-05-29 00:00:00-04:00,115.48999786376953,115.54000091552734,112.12999725341797,113.02999877929688,30501400,0.0,0.0,AMD
2025-05-30 00:00:00-04:00,111.58000183105469,112.11000061035156,108.62000274658203,110.7300033569336,36088500,0.0,0.0,AMD
2025-06-02 00:00:00-04:00,111.05999755859375,114.86000061035156,111.01000213623047,114.62999725341797,34078400,0.0,0.0,AMD
2025-06-03 00:00:00-04:00,114.5,117.68000030517578,113.27999877929688,117.30999755859375,37161500,0.0,0.0,AMD
2025-06-04 00:00:00-04:00,117.41000366210938,119.30000305175781,115.7300033569336,118.58000183105469,31025000,0.0,0.0,AMD
2025-06-05 00:00:00-04:00,118.94999694824219,119.23999786376953,114.70999908447266,115.69000244140625,34091000,0.0,0.0,AMD
2025-06-06 00:00:00-04:00,117.69000244140625,118.37999725341797,115.87999725341797,116.19000244140625,27042100,0.0,0.0,AMD
2025-06-09 00:00:00-04:00,119.18000030517578,122.37000274658203,119.04000091552734,121.7300033569336,55437700,0.0,0.0,AMD
2025-06-10 00:00:00-04:00,121.11000061035156,124.08999633789062,120.80000305175781,123.23999786376953,41691900,0.0,0.0,AMD
2025-06-11 00:00:00-04:00,124.44000244140625,124.47000122070312,119.87999725341797,121.13999938964844,32261900,0.0,0.0,AMD
2025-06-12 00:00:00-04:00,120.62000274658203,122.25,118.02999877929688,118.5,44718400,0.0,0.0,AMD
2025-06-13 00:00:00-04:00,116.05000305175781,117.87999725341797,115.05999755859375,116.16000366210938,39702700,0.0,0.0,AMD
2025-06-16 00:00:00-04:00,118.63999938964844,128.13999938964844,117.77999877929688,126.38999938964844,100968500,0.0,0.0,AMD
2025-06-17 00:00:00-04:00,127.93000030517578,130.6999969482422,126.58000183105469,127.0999984741211,86623900,0.0,0.0,AMD
2025-06-18 00:00:00-04:00,128.00999450683594,129.2100067138672,125.7699966430664,126.79000091552734,49627100,0.0,0.0,AMD
2025-06-20 00:00:00-04:00,129.0,132.80999755859375,127.55000305175781,128.24000549316406,79931000,0.0,0.0,AMD
2025-06-23 00:00:00-04:00,130.47000122070312,133.25,126.81999969482422,129.5800018310547,65152900,0.0,0.0,AMD
2025-06-24 00:00:00-04:00,133.42999267578125,138.7899932861328,132.92999267578125,138.42999267578125,78572000,0.0,0.0,AMD
2025-06-25 00:00:00-04:00,140.94000244140625,144.17999267578125,139.4600067138672,143.39999389648438,74607200,0.0,0.0,AMD
2025-06-26 00:00:00-04:00,145.97000122070312,146.0,141.91000366210938,143.67999267578125,58180100,0.0,0.0,AMD
2025-06-27 00:00:00-04:00,144.17999267578125,147.75,141.6300048828125,143.80999755859375,61937900,0.0,0.0,AMD
2025-06-30 00:00:00-04:00,144.0,146.0,141.00999450683594,141.89999389648438,42972500,0.0,0.0,AMD
2025-07-01 00:00:00-04:00,138.77000427246094,140.22999572753906,135.1199951171875,136.11000061035156,55257200,0.0,0.0,AMD
2025-07-02 00:00:00-04:00,135.52999877929688,139.77999877929688,135.22000122070312,138.52000427246094,39228000,0.0,0.0,AMD
2025-07-03 00:00:00-04:00,139.11000061035156,139.5,137.32000732421875,137.91000366210938,28646000,0.0,0.0,AMD
2025-07-07 00:00:00-04:00,136.55999755859375,137.44000244140625,133.5,134.8000030517578,37395000,0.0,0.0,AMD
2025-07-08 00:00:00-04:00,137.32000732421875,139.14999389648438,135.91000366210938,137.82000732421875,36124600,0.0,0.0,AMD
2025-07-09 00:00:00-04:00,138.69000244140625,140.64999389648438,137.58999633789062,138.41000366210938,37013100,0.0,0.0,AMD
2025-07-10 00:00:00-04:00,143.0,145.82000732421875,141.85000610351562,144.16000366210938,61101500,0.0,0.0,AMD
2025-07-11 00:00:00-04:00,142.60000610351562,147.39999389648438,141.60000610351562,146.4199981689453,50049200,0.0,0.0,AMD
2025-07-14 00:00:00-04:00,145.08999633789062,147.5800018310547,141.89999389648438,146.24000549316406,44718600,0.0,0.0,AMD
2025-07-15 00:00:00-04:00,153.75,158.67999267578125,153.55999755859375,155.61000061035156,93370100,0.0,0.0,AMD
2025-07-16 00:00:00-04:00,155.30999755859375,160.36000061035156,152.85000610351562,160.0800018310547,59492800,0.0,0.0,AMD
2025-07-17 00:00:00-04:00,161.80999755859375,161.9600067138672,158.67999267578125,160.41000366210938,50605100,0.0,0.0,AMD
2025-07-18 00:00:00-04:00,159.58999633789062,160.8300018310547,155.80999755859375,156.99000549316406,48859800,0.0,0.0,AMD
2025-07-21 00:00:00-04:00,157.6199951171875,160.33999633789062,156.9199981689453,157.0,39021100,0.0,0.0,AMD
2025-07-22 00:00:00-04:00,156.1999969482422,156.22999572753906,149.33999633789062,154.72000122070312,49028000,0.0,0.0,AMD
2025-07-23 00:00:00-04:00,156.32000732421875,159.4499969482422,156.0,158.64999389648438,41510900,0.0,0.0,AMD
2025-07-24 00:00:00-04:00,159.1199951171875,163.92999267578125,158.36000061035156,162.1199951171875,48440100,0.0,0.0,AMD
2025-07-25 00:00:00-04:00,163.50999450683594,167.17999267578125,162.36000061035156,166.47000122070312,53432300,0.0,0.0,AMD
2025-07-28 00:00:00-04:00,169.0800018310547,174.6999969482422,168.6699981689453,173.66000366210938,68267800,0.0,0.0,AMD
2025-07-29 00:00:00-04:00,175.2100067138672,182.30999755859375,174.67999267578125,177.44000244140625,108154800,0.0,0.0,AMD
2025-07-30 00:00:00-04:00,175.61000061035156,180.3699951171875,173.8000030517578,179.50999450683594,64820300,0.0,0.0,AMD
2025-07-31 00:00:00-04:00,182.02000427246094,182.5,173.0,176.30999755859375,71765300,0.0,0.0,AMD
2025-08-01 00:00:00-04:00,170.16000366210938,174.39999389648438,166.82000732421875,171.6999969482422,75396100,0.0,0.0,AMD
2025-08-04 00:00:00-04:00,174.61000061035156,177.86000061035156,173.55999755859375,176.77999877929688,52951000,0.0,0.0,AMD
2025-08-05 00:00:00-04:00,177.57000732421875,177.99000549316406,171.8000030517578,174.30999755859375,88808500,0.0,0.0,AMD
2025-08-06 00:00:00-04:00,165.0500030517578,166.17999267578125,157.8000030517578,163.1199951171875,133641800,0.0,0.0,AMD
2025-08-07 00:00:00-04:00,166.83999633789062,175.75,166.6999969482422,172.39999389648438,95448300,0.0,0.0,AMD
2025-08-08 00:00:00-04:00,174.0399932861328,176.47999572753906,170.52000427246094,172.75999450683594,68866700,0.0,0.0,AMD
2025-08-11 00:00:00-04:00,170.0399932861328,178.82000732421875,169.3800048828125,172.27999877929688,70651000,0.0,0.0,AMD
2025-08-12 00:00:00-04:00,173.32000732421875,175.16000366210938,168.5,174.9499969482422,52243500,0.0,0.0,AMD
2025-08-13 00:00:00-04:00,179.91000366210938,186.64999389648438,179.3800048828125,184.4199981689453,108305100,0.0,0.0,AMD
2025-08-14 00:00:00-04:00,179.8300018310547,185.44000244140625,179.55999755859375,180.9499969482422,66308800,0.0,0.0,AMD
2025-08-15 00:00:00-04:00,180.05999755859375,180.13999938964844,176.25,177.50999450683594,51543100,0.0,0.0,AMD
2025-08-18 00:00:00-04:00,176.75999450683594,178.8000030517578,174.36000061035156,176.13999938964844,35937500,0.0,0.0,AMD
2025-08-19 00:00:00-04:00,173.10000610351562,173.1699981689453,166.10000610351562,166.5500030517578,64455000,0.0,0.0,AMD
2025-08-20 00:00:00-04:00,164.10000610351562,166.64999389648438,158.25,165.1999969482422,60233200,0.0,0.0,AMD
2025-08-21 00:00:00-04:00,165.86000061035156,165.8800048828125,162.25999450683594,163.7100067138672,37880500,0.0,0.0,AMD
2025-08-22 00:00:00-04:00,162.1699981689453,168.52999877929688,161.8000030517578,167.75999450683594,43998600,0.0,0.0,AMD
2025-08-25 00:00:00-04:00,165.5500030517578,165.58999633789062,161.72000122070312,163.36000061035156,36134700,0.0,0.0,AMD
2025-08-26 00:00:00-04:00,168.64999389648438,169.77000427246094,164.91000366210938,166.6199951171875,52138600,0.0,0.0,AMD
2025-08-27 00:00:00-04:00,166.0399932861328,167.67999267578125,164.64999389648438,167.1300048828125,37031000,0.0,0.0,AMD
2025-08-28 00:00:00-04:00,168.5,170.99000549316406,166.64999389648438,168.5800018310547,36285200,0.0,0.0,AMD
2025-08-29 00:00:00-04:00,166.80999755859375,168.57000732421875,161.89999389648438,162.6300048828125,37516800,0.0,0.0,AMD
2025-09-02 00:00:00-04:00,158.4199981689453,162.38999938964844,156.6199951171875,162.32000732421875,38656100,0.0,0.0,AMD
2025-09-03 00:00:00-04:00,161.80999755859375,164.75,160.5800018310547,162.1300048828125,30752800,0.0,0.0,AMD
2025-09-04 00:00:00-04:00,159.94000244140625,162.0500030517578,157.7899932861328,161.7899932861328,32103500,0.0,0.0,AMD
2025-09-05 00:00:00-04:00,157.1199951171875,157.13999938964844,150.17999267578125,151.13999938964844,78256000,0.0,0.0,AMD
2025-09-08 00:00:00-04:00,151.8000030517578,152.63999938964844,149.22000122070312,151.41000366210938,41849000,0.0,0.0,AMD
2025-09-09 00:00:00-04:00,151.99000549316406,156.66000366210938,151.92999267578125,155.82000732421875,42802500,0.0,0.0,AMD
2025-09-10 00:00:00-04:00,163.5399932861328,164.52999877929688,158.0,159.5399932861328,52465300,0.0,0.0,AMD
2025-09-11 00:00:00-04:00,158.6199951171875,160.2100067138672,154.99000549316406,155.6699981689453,48817700,0.0,0.0,AMD
2025-09-12 00:00:00-04:00,157.0,160.41000366210938,154.9199981689453,158.57000732421875,42232800,0.0,0.0,AMD
2025-09-15 00:00:00-04:00,160.00999450683594,162.3000030517578,157.60000610351562,161.16000366210938,36808700,0.0,0.0,AMD
2025-09-16 00:00:00-04:00,161.3699951171875,161.9499969482422,159.22000122070312,160.4600067138672,27946500,0.0,0.0,AMD
2025-09-17 00:00:00-04:00,159.27999877929688,161.6300048828125,155.75999450683594,159.16000366210938,41823800,0.0,0.0,AMD
2025-09-18 00:00:00-04:00,150.9600067138672,158.77000427246094,149.85000610351562,157.9199981689453,84549500,0.0,0.0,AMD
2025-09-19 00:00:00-04:00,157.3800048828125,159.83999633789062,155.89999389648438,157.38999938964844,55448100,0.0,0.0,AMD
2025-09-22 00:00:00-04:00,157.4199981689453,162.67999267578125,157.4199981689453,159.7899932861328,46505500,0.0,0.0,AMD
2025-09-23 00:00:00-04:00,160.52000427246094,163.38999938964844,159.2100067138672,160.89999389648438,39448300,0.0,0.0,AMD
2025-09-24 00:00:00-04:00,162.97999572753906,165.10000610351562,158.42999267578125,160.8800048828125,38464100,0.0,0.0,AMD
2025-09-25 00:00:00-04:00,157.13999938964844,161.6300048828125,154.77999877929688,161.27000427246094,36809900,0.0,0.0,AMD
2025-09-26 00:00:00-04:00,160.52000427246094,162.11000061035156,157.0500030517578,159.4600067138672,30316900,0.0,0.0,AMD
2025-09-29 00:00:00-04:00,160.1199951171875,164.3000030517578,159.89999389648438,161.36000061035156,39828800,0.0,0.0,AMD
2025-09-30 00:00:00-04:00,160.7899932861328,162.27999877929688,159.3300018310547,161.7899932861328,29669300,0.0,0.0,AMD
2025-10-01 00:00:00-04:00,160.92999267578125,164.17999267578125,160.49000549316406,164.00999450683594,39895200,0.0,0.0,AMD
2025-10-02 00:00:00-04:00,168.67999267578125,171.05999755859375,166.1199951171875,169.72999572753906,55475200,0.0,0.0,AMD
2025-10-03 00:00:00-04:00,170.67999267578125,170.67999267578125,163.13999938964844,164.6699981689453,42699100,0.0,0.0,AMD
2025-10-06 00:00:00-04:00,226.4499969482422,226.7100067138672,203.00999450683594,203.7100067138672,248859600,0.0,0.0,AMD
2025-10-07 00:00:00-04:00,214.85000610351562,218.89999389648438,209.27999877929688,211.50999450683594,115748100,0.0,0.0,AMD
2025-10-08 00:00:00-04:00,212.9499969482422,235.8699951171875,210.6999969482422,235.55999755859375,159983500,0.0,0.0,AMD
2025-10-09 00:00:00-04:00,236.3000030517578,240.10000610351562,229.52999877929688,232.88999938964844,94290700,0.0,0.0,AMD
2025-10-10 00:00:00-04:00,232.77000427246094,234.22000122070312,213.1999969482422,214.89999389648438,118656600,0.0,0.0,AMD
2025-10-13 00:00:00-04:00,220.1999969482422,224.19000244140625,214.89999389648438,216.4199981689453,63104000,0.0,0.0,AMD
2025-10-14 00:00:00-04:00,219.1999969482422,224.97999572753906,215.89999389648438,218.08999633789062,71216300,0.0,0.0,AMD
2025-10-15 00:00:00-04:00,222.7100067138672,239.24000549316406,220.75999450683594,238.60000610351562,108481000,0.0,0.0,AMD
2025-10-16 00:00:00-04:00,236.2899932861328,241.1999969482422,232.24000549316406,234.55999755859375,69726400,0.0,0.0,AMD
2025-10-17 00:00:00-04:00,233.25999450683594,235.3800048828125,227.91000366210938,233.0800018310547,55804200,0.0,0.0,AMD
2025-10-20 00:00:00-04:00,236.47000122070312,242.8800048828125,234.39999389648438,240.55999755859375,56741700,0.0,0.0,AMD
2025-10-21 00:00:00-04:00,239.38999938964844,242.25999450683594,234.02000427246094,238.02999877929688,47122400,0.0,0.0,AMD
2025-10-22 00:00:00-04:00,236.85000610351562,240.1300048828125,224.8800048828125,230.22999572753906,59668800,0.0,0.0,AMD
2025-10-23 00:00:00-04:00,230.16000366210938,235.89999389648438,228.5399932861328,234.99000549316406,39024400,0.0,0.0,AMD
2025-10-24 00:00:00-04:00,243.36000061035156,253.38999938964844,241.9499969482422,252.9199981689453,71221100,0.0,0.0,AMD
2025-10-27 00:00:00-04:00,257.8800048828125,260.4200134277344,249.8000030517578,259.6700134277344,65613100,0.0,0.0,AMD
2025-10-28 00:00:00-04:00,259.1400146484375,264.5799865722656,257.0,258.010009765625,47448700,0.0,0.0,AMD
2025-10-29 00:00:00-04:00,264.19000244140625,267.0799865722656,257.3999938964844,264.3299865722656,49335600,0.0,0.0,AMD
2025-10-30 00:00:00-04:00,259.9200134277344,263.8800048828125,252.30999755859375,254.83999633789062,45162500,0.0,0.0,AMD
2025-10-31 00:00:00-04:00,259.6000061035156,262.1300048828125,253.41000366210938,256.1199951171875,34449200,0.0,0.0,AMD
2025-11-03 00:00:00-05:00,259.3299865722656,260.9100036621094,253.88999938964844,259.6499938964844,36351400,0.0,0.0,AMD
2025-11-04 00:00:00-05:00,250.35000610351562,257.3800048828125,247.38999938964844,250.0500030517578,56491800,0.0,0.0,AMD
2025-11-05 00:00:00-05:00,243.24000549316406,259.6499938964844,242.80999755859375,256.3299865722656,67366600,0.0,0.0,AMD
2025-11-06 00:00:00-05:00,253.47000122070312,253.50999450683594,235.74000549316406,237.6999969482422,66049700,0.0,0.0,AMD
2025-11-07 00:00:00-05:00,230.94000244140625,235.8699951171875,224.63999938964844,233.5399932861328,52162600,0.0,0.0,AMD
2025-11-10 00:00:00-05:00,242.13999938964844,248.89999389648438,240.5,243.97999572753906,43361600,0.0,0.0,AMD
2025-11-11 00:00:00-05:00,241.66000366210938,248.4600067138672,234.63999938964844,237.52000427246094,61336800,0.0,0.0,AMD
2025-11-12 00:00:00-05:00,253.1300048828125,263.510009765625,250.0,258.8900146484375,108942000,0.0,0.0,AMD
2025-11-13 00:00:00-05:00,251.89999389648438,259.6300048828125,246.05999755859375,247.9600067138672,63178600,0.0,0.0,AMD
2025-11-14 00:00:00-05:00,240.11000061035156,253.44000244140625,235.0800018310547,246.80999755859375,47655600,0.0,0.0,AMD
2025-11-17 00:00:00-05:00,242.75,248.77000427246094,237.14999389648438,240.52000427246094,37942200,0.0,0.0,AMD
2025-11-18 00:00:00-05:00,236.77999877929688,238.0,224.7100067138672,230.2899932861328,45619900,0.0,0.0,AMD
2025-11-19 00:00:00-05:00,230.25999450683594,235.27999877929688,219.7100067138672,223.5500030517578,52093400,0.0,0.0,AMD
2025-11-20 00:00:00-05:00,232.6999969482422,234.25,204.52999877929688,206.02000427246094,66342900,0.0,0.0,AMD
2025-11-21 00:00:00-05:00,208.80999755859375,208.8300018310547,195.0,203.77999877929688,67421100,0.0,0.0,AMD
2025-11-24 00:00:00-05:00,207.16000366210938,217.1300048828125,205.85000610351562,215.0500030517578,46749600,0.0,0.0,AMD
2025-11-25 00:00:00-05:00,201.47999572753906,206.5800018310547,194.27999877929688,206.1300048828125,69773500,0.0,0.0,AMD
2025-11-26 00:00:00-05:00,210.0500030517578,215.58999633789062,207.0,214.24000549316406,43270200,0.0,0.0,AMD
2025-11-28 00:00:00-05:00,216.13999938964844,218.3000030517578,214.02000427246094,217.52999877929688,18658000,0.0,0.0,AMD
2025-12-01 00:00:00-05:00,213.8800048828125,220.97999572753906,213.5,219.75999450683594,30768700,0.0,0.0,AMD
2025-12-02 00:00:00-05:00,221.7899932861328,225.97999572753906,214.38999938964844,215.24000549316406,42002500,0.0,0.0,AMD
2025-12-03 00:00:00-05:00,216.25999450683594,218.1999969482422,211.77000427246094,217.60000610351562,28545200,0.0,0.0,AMD
2025-12-04 00:00:00-05:00,216.8800048828125,219.1199951171875,214.13999938964844,215.97999572753906,24478200,0.0,0.0,AMD
2025-12-05 00:00:00-05:00,217.1699981689453,223.63999938964844,216.24000549316406,217.97000122070312,33292400,0.0,0.0,AMD
2025-12-08 00:00:00-05:00,219.08999633789062,223.7100067138672,218.36000061035156,221.11000061035156,30943200,0.0,0.0,AMD
2025-12-09 00:00:00-05:00,221.0399932861328,224.83999633789062,217.91000366210938,221.6199951171875,25166100,0.0,0.0,AMD
2025-12-10 00:00:00-05:00,222.0,222.61000061035156,218.6699981689453,221.4199981689453,23279400,0.0,0.0,AMD
2025-12-11 00:00:00-05:00,217.80999755859375,221.5,210.19000244140625,221.42999267578125,30694600,0.0,0.0,AMD
2025-12-12 00:00:00-05:00,218.3699951171875,222.49000549316406,209.05999755859375,210.77999877929688,37073900,0.0,0.0,AMD
2025-12-15 00:00:00-05:00,212.27999877929688,215.36000061035156,206.5800018310547,207.5800018310547,27222200,0.0,0.0,AMD
2025-12-16 00:00:00-05:00,206.9199981689453,210.22000122070312,205.11000061035156,209.1699981689453,23467600,0.0,0.0,AMD
2025-12-17 00:00:00-05:00,210.0399932861328,211.5,197.52999877929688,198.11000061035156,31595400,0.0,0.0,AMD
2025-12-18 00:00:00-05:00,203.82000732421875,206.36000061035156,200.5,201.05999755859375,29720100,0.0,0.0,AMD
2025-12-19 00:00:00-05:00,204.60000610351562,215.17999267578125,204.1999969482422,213.42999267578125,58445500,0.0,0.0,AMD
2025-12-22 00:00:00-05:00,220.0,220.1699981689453,213.30999755859375,214.9499969482422,24950700,0.0,0.0,AMD
2025-12-23 00:00:00-05:00,212.86000061035156,217.02999877929688,212.27999877929688,214.89999389648438,20272300,0.0,0.0,AMD
2025-12-24 00:00:00-05:00,214.97999572753906,216.5399932861328,213.97000122070312,215.0399932861328,7956800,0.0,0.0,AMD
2025-12-26 00:00:00-05:00,215.42999267578125,216.8300018310547,213.02999877929688,214.99000549316406,15792600,0.0,0.0,AMD
2025-12-29 00:00:00-05:00,211.5800018310547,216.0500030517578,209.24000549316406,215.61000061035156,20326900,0.0,0.0,AMD
2025-12-30 00:00:00-05:00,215.8699951171875,216.82000732421875,214.3300018310547,215.33999633789062,16409600,0.0,0.0,AMD
2025-12-31 00:00:00-05:00,215.82000732421875,217.63999938964844,213.8000030517578,214.16000366210938,17591600,0.0,0.0,AMD
2026-01-02 00:00:00-05:00,218.89999389648438,227.14999389648438,218.89999389648438,223.47000122070312,36446200,0.0,0.0,AMD
2026-01-05 00:00:00-05:00,230.25,234.02000427246094,220.47999572753906,221.0800018310547,31941100,0.0,0.0,AMD
2026-01-06 00:00:00-05:00,222.7100067138672,222.9199981689453,211.25,214.35000610351562,40033200,0.0,0.0,AMD
2026-01-07 00:00:00-05:00,212.1300048828125,212.1300048828125,207.1699981689453,210.02000427246094,29715500,0.0,0.0,AMD
2026-01-08 00:00:00-05:00,210.89999389648438,210.94000244140625,203.3300018310547,204.67999267578125,27505000,0.0,0.0,AMD
2026-01-09 00:00:00-05:00,205.72000122070312,207.3000030517578,203.07000732421875,203.1699981689453,24217300,0.0,0.0,AMD
2026-01-12 00:00:00-05:00,201.17999267578125,209.8800048828125,199.8000030517578,207.69000244140625,27287300,0.0,0.0,AMD
2026-01-13 00:00:00-05:00,215.10000610351562,223.11000061035156,214.97999572753906,220.97000122070312,56894900,0.0,0.0,AMD
2026-01-14 00:00:00-05:00,217.5399932861328,224.08999633789062,215.11000061035156,223.60000610351562,40466500,0.0,0.0,AMD
2026-01-15 00:00:00-05:00,227.89999389648438,238.35000610351562,227.22000122070312,227.9199981689453,55270200,0.0,0.0,AMD
2026-01-16 00:00:00-05:00,234.3000030517578,234.49000549316406,228.86000061035156,231.8300018310547,42545600,0.0,0.0,AMD
2026-01-20 00:00:00-05:00,226.0800018310547,239.5,225.41000366210938,231.9199981689453,44327700,0.0,0.0,AMD
2026-01-21 00:00:00-05:00,235.99000549316406,252.89999389648438,235.77999877929688,249.8000030517578,62385600,0.0,0.0,AMD
2026-01-22 00:00:00-05:00,251.75,256.0799865722656,246.6300048828125,253.72999572753906,37945000,0.0,0.0,AMD
2026-01-23 00:00:00-05:00,261.17999267578125,266.9599914550781,256.25,259.67999267578125,47525900,0.0,0.0,AMD
2026-01-26 00:00:00-05:00,256.75,258.2900085449219,250.3000030517578,251.30999755859375,30672500,0.0,0.0,AMD
2026-01-27 00:00:00-05:00,252.16000366210938,255.5500030517578,247.9600067138672,252.02999877929688,25691600,0.0,0.0,AMD
2026-01-28 00:00:00-05:00,254.1300048828125,257.3999938964844,250.2100067138672,252.74000549316406,27061200,0.0,0.0,AMD
2026-01-29 00:00:00-05:00,254.66000366210938,260.5299987792969,240.91000366210938,252.17999267578125,31685200,0.0,0.0,AMD
2026-01-30 00:00:00-05:00,236.92999267578125,245.24000549316406,234.5500030517578,236.72999572753906,40035700,0.0,0.0,AMD
2026-02-02 00:00:00-05:00,235.77000427246094,249.97000122070312,235.0,246.27000427246094,36308100,0.0,0.0,AMD
2026-02-03 00:00:00-05:00,251.5500030517578,252.64999389648438,237.0399932861328,242.11000061035156,53097100,0.0,0.0,AMD
2026-02-04 00:00:00-05:00,215.0,218.5800018310547,199.14999389648438,200.19000244140625,107173300,0.0,0.0,AMD
2026-02-05 00:00:00-05:00,201.86000061035156,204.0399932861328,190.72000122070312,192.5,62196400,0.0,0.0,AMD
2026-02-06 00:00:00-05:00,197.1300048828125,209.27000427246094,196.42999267578125,208.44000244140625,54504500,0.0,0.0,AMD
2026-02-09 00:00:00-05:00,206.89999389648438,217.60000610351562,204.14999389648438,216.0,38810800,0.0,0.0,AMD
2026-02-10 00:00:00-05:00,215.13999938964844,219.38999938964844,213.1300048828125,213.57000732421875,25326700,0.0,0.0,AMD
2026-02-11 00:00:00-05:00,217.8800048828125,219.64999389648438,209.2100067138672,213.5800018310547,33384700,0.0,0.0,AMD
2026-02-12 00:00:00-05:00,215.8300018310547,218.4600067138672,205.13999938964844,205.94000244140625,32181000,0.0,0.0,AMD
2026-02-13 00:00:00-05:00,204.02000427246094,210.0500030517578,203.8800048828125,207.32000732421875,26123900,0.0,0.0,AMD
2026-02-17 00:00:00-05:00,202.14999389648438,205.3000030517578,194.8300018310547,203.0800018310547,33712100,0.0,0.0,AMD
2026-02-18 00:00:00-05:00,198.41000366210938,203.1999969482422,195.0,200.1199951171875,35664100,0.0,0.0,AMD
2026-02-19 00:00:00-05:00,200.11000061035156,204.10000610351562,198.2899932861328,203.3699951171875,25842300,0.0,0.0,AMD
2026-02-20 00:00:00-05:00,200.1199951171875,204.8699951171875,198.55999755859375,200.14999389648438,36317300,0.0,0.0,AMD
2026-02-23 00:00:00-05:00,198.08999633789062,199.3800048828125,194.14999389648438,196.60000610351562,28187900,0.0,0.0,AMD
2026-02-24 00:00:00-05:00,211.6300048828125,216.7100067138672,206.5,213.83999633789062,81367000,0.0,0.0,AMD
2026-02-25 00:00:00-05:00,214.82000732421875,216.6999969482422,210.3300018310547,210.86000061035156,44588100,0.0,0.0,AMD
2026-02-26 00:00:00-05:00,208.8000030517578,209.7899932861328,201.4600067138672,203.67999267578125,34887100,0.0,0.0,AMD
2025-02-27 00:00:00-05:00,680.3047560748793,686.485278775033,655.5029605584499,656.1708374023438,12500000,0.0,0.0,META
2025-02-28 00:00:00-05:00,655.9714518798419,667.5250458825946,640.579984557629,666.0995483398438,17534200,0.0,0.0,META
2025-03-03 00:00:00-05:00,671.5623491469186,679.1085609343871,648.7941784019307,652.9909057617188,10843800,0.0,0.0,META
2025-03-04 00:00:00-05:00,643.4809097831836,647.7075720071792,621.6896392388619,637.9882202148438,21495200,0.0,0.0,META
2025-03-05 00:00:00-05:00,638.9850308732081,657.4268765380355,635.6555033172657,654.4063720703125,13770000,0.0,0.0,META
2025-03-06 00:00:00-05:00,645.9630966353535,648.5150471759833,622.1481771276858,625.9561767578125,13446500,0.0,0.0,META
2025-03-07 00:00:00-05:00,623.4041708110899,632.7945424007281,598.7219930959255,623.6932373046875,21375700,0.0,0.0,META
2025-03-10 00:00:00-04:00,606.1585603987916,608.1921258261364,585.0251896930085,596.1102294921875,21999900,0.0,0.0,META
2025-03-11 00:00:00-04:00,593.1795048947525,612.9970188777876,591.4649407555324,603.8060302734375,17401500,0.0,0.0,META
2025-03-12 00:00:00-04:00,627.9199500067502,631.3391605894193,607.4344997247063,617.6124267578125,15747000,0.0,0.0,META
2025-03-13 00:00:00-04:00,618.300295022882,618.549509168397,584.666363679096,588.7833862304688,16480300,0.0,0.0,META
2025-03-14 00:00:00-04:00,601.4397861192037,607.4861094591693,593.4379244399495,606.2289428710938,12364500,0.525,0.0,META
2025-03-17 00:00:00-04:00,606.0893162562006,611.7165435724769,596.6506403898339,603.5350952148438,15473900,0.0,0.0,META
2025-03-18 00:00:00-04:00,598.6959836433429,598.8955445257114,573.3632611970426,581.0458984375,20297700,0.0,0.0,META
2025-03-19 00:00:00-04:00,582.9616006660708,590.9834364727485,573.473050249603,582.7420654296875,20537500,0.0,0.0,META
2025-03-20 00:00:00-04:00,581.4449942410755,608.8230774900193,578.20232796402,584.6776733398438,24336500,0.0,0.0,META
2025-03-21 00:00:00-04:00,582.1034155863823,596.1915469952162,579.6390187113977,594.9044799804688,25015900,0.0,0.0,META
2025-03-24 00:00:00-04:00,613.5822418688982,621.1351668672481,610.818534005287,617.4534912109375,15741300,0.0,0.0,META
2025-03-25 00:00:00-04:00,625.345664190717,632.4495923390001,619.7782389579731,624.8966674804688,15312500,0.0,0.0,META
2025-03-26 00:00:00-04:00,623.479902445872,625.3356905979604,605.2411234358802,609.6012573242188,12609800,0.0,0.0,META
2025-03-27 00:00:00-04:00,600.6415676163016,612.8639250968658,598.745830668508,601.2202758789062,10436500,0.0,0.0,META
2025-03-28 00:00:00-04:00,598.9554211422102,600.3921742735024,572.6249545466391,575.4385986328125,17602800,0.0,0.0,META
2025-03-31 00:00:00-04:00,562.2284810192266,577.3941949049992,552.0514847999954,575.0594482421875,21124700,0.0,0.0,META
2025-04-01 00:00:00-04:00,569.551909131586,588.5788235121404,568.7137778220323,584.6776733398438,12836600,0.0,0.0,META
2025-04-02 00:00:00-04:00,573.612639602056,591.3225852084037,572.0661494891557,582.6123046875,13470800,0.0,0.0,META
2025-04-03 00:00:00-04:00,544.9873786131755,551.3130986556911,529.1033205063213,530.4203491210938,34777500,0.0,0.0,META
2025-04-04 00:00:00-04:00,505.4767837476822,516.8311091249631,493.0848271014097,503.591064453125,38589800,0.0,0.0,META
2025-04-07 00:00:00-04:00,484.00537900420284,538.1529079067506,480.81258761769493,515.0850830078125,36606100,0.0,0.0,META
2025-04-08 00:00:00-04:00,542.0240972727826,546.1946573403337,501.7252270865814,509.2981262207031,28034200,0.0,0.0,META
2025-04-09 00:00:00-04:00,508.1207792653783,586.563392325636,500.9769327422793,584.4481811523438,39216600,0.0,0.0,META
2025-04-10 00:00:00-04:00,574.1913720884271,579.9882591353082,534.0920601322453,545.0572509765625,28173500,0.0,0.0,META
2025-04-11 00:00:00-04:00,534.3015744722139,546.1647580379857,527.3972072394978,542.3433837890625,17642300,0.0,0.0,META
2025-04-14 00:00:00-04:00,554.9149903570471,556.5114165099282,527.0879701726936,530.2807006835938,14130900,0.0,0.0,META
2025-04-15 00:00:00-04:00,530.9092077902969,536.7260686645161,516.332191830521,520.3431396484375,15558700,0.0,0.0,META
2025-04-16 00:00:00-04:00,507.36253528750194,512.2115538752881,494.5115946838527,501.176513671875,18735100,0.0,0.0,META
2025-04-17 00:00:00-04:00,504.1099012067369,506.1552631934533,496.8862480413959,500.3484191894531,14593500,0.0,0.0,META
2025-04-21 00:00:00-04:00,490.22127698998224,492.38639367876976,478.71729620364266,483.56634521484375,16166000,0.0,0.0,META
2025-04-22 00:00:00-04:00,490.7600664511802,505.7362053967078,485.26249029169,499.1510925292969,17399400,0.0,0.0,META
2025-04-23 00:00:00-04:00,527.3373790061787,534.1320095182137,515.3544703338583,519.0960083007812,18173900,0.0,0.0,META
2025-04-24 00:00:00-04:00,517.5594556288198,532.6952680588365,516.3322506362241,531.9469604492188,13910000,0.0,0.0,META
2025-04-25 00:00:00-04:00,545.5660631286188,548.6191554082354,535.0398827431792,546.0350341796875,17098900,0.0,0.0,META
2025-04-28 00:00:00-04:00,554.3861611423933,557.2297054926632,539.3701350502788,548.4994506835938,15179000,0.0,0.0,META
2025-04-29 00:00:00-04:00,544.7678861992229,555.3140410474371,542.8921237705526,553.1888427734375,11835000,0.0,0.0,META
2025-04-30 00:00:00-04:00,537.1851129255415,547.8609194224242,528.305171612182,547.7611694335938,29244000,0.0,0.0,META
2025-05-01 00:00:00-04:00,590.7439814787114,591.6120134415539,569.2126599544815,570.9188232421875,31159000,0.0,0.0,META
2025-05-02 00:00:00-04:00,582.1434519633877,602.976341384666,577.025022870384,595.6728515625,24739300,0.0,0.0,META
2025-05-05 00:00:00-04:00,589.8858412822701,601.8488361583287,586.7230116613694,597.917724609375,13887700,0.0,0.0,META
2025-05-06 00:00:00-04:00,591.1929324469492,594.685034384837,585.256346973055,585.9846801757812,10600700,0.0,0.0,META
2025-05-07 00:00:00-04:00,589.0277995025451,601.7191276587725,585.3461237925522,595.4632568359375,13139100,0.0,0.0,META
2025-05-08 00:00:00-04:00,604.9218677784463,609.9205723172726,595.2737054544873,596.6605834960938,14622800,0.0,0.0,META
2025-05-09 00:00:00-04:00,602.3576547482705,605.6003210056944,590.3748069015998,591.1530151367188,10427300,0.0,0.0,META
2025-05-12 00:00:00-04:00,629.4963146177121,638.944977269137,619.628677643235,637.9871215820312,21965100,0.0,0.0,META
2025-05-13 00:00:00-04:00,644.083302386897,659.4286019389394,641.3794565378789,654.5496826171875,18570800,0.0,0.0,META
2025-05-14 00:00:00-04:00,659.7179933381154,661.1746598556101,652.8335389149222,657.8721313476562,12348200,0.0,0.0,META
2025-05-15 00:00:00-04:00,652.8035572955781,655.8266880212221,637.1389743044876,642.427001953125,14341800,0.0,0.0,META
2025-05-16 00:00:00-04:00,636.5204462352993,638.9948305544648,624.7370982869602,638.8950805664062,18519000,0.0,0.0,META
2025-05-19 00:00:00-04:00,626.8323547421304,641.5490713874889,626.3833579870233,638.98486328125,9592400,0.0,0.0,META
2025-05-20 00:00:00-04:00,634.5748472134089,637.9072763695222,630.8333091235804,635.662353515625,6743500,0.0,0.0,META
2025-05-21 00:00:00-04:00,630.3643287848374,645.1508944069866,628.7479892254967,634.0659790039062,11464600,0.0,0.0,META
2025-05-22 00:00:00-04:00,632.6192119816805,641.7984637515493,629.2867830155565,635.133544921875,8228400,0.0,0.0,META
2025-05-23 00:00:00-04:00,622.5919269408028,631.0228714642786,621.2449976116812,625.64501953125,8454100,0.0,0.0,META
2025-05-27 00:00:00-04:00,633.9761638539012,641.6289002643415,631.3221929667607,640.87060546875,9508400,0.0,0.0,META
2025-05-28 00:00:00-04:00,641.1499165908115,649.4112615873161,641.1000415977985,642.1277465820312,9042900,0.0,0.0,META
2025-05-29 00:00:00-04:00,650.1796265711708,651.8458412941458,638.0570177467964,643.594482421875,8858800,0.0,0.0,META
2025-05-30 00:00:00-04:00,641.0502003303773,647.9445811375045,631.3521627172354,646.0289306640625,16241000,0.0,0.0,META
2025-06-02 00:00:00-04:00,642.9358610362322,671.7407070872802,642.8061495270997,669.3860473632812,15766300,0.0,0.0,META
2025-06-03 00:00:00-04:00,669.9348713872049,674.0555568287034,663.5293753010757,665.34521484375,11585000,0.0,0.0,META
2025-06-04 00:00:00-04:00,667.8096780088563,687.4452625248051,667.0613703936261,686.3976440429688,14031900,0.0,0.0,META
2025-06-05 00:00:00-04:00,690.0992264315821,692.8131203553888,680.7104871089064,683.0751342773438,13083100,0.0,0.0,META
2025-06-06 00:00:00-04:00,694.5989952947568,701.2240259866394,690.3087109186762,696.1355590820312,11728000,0.0,0.0,META
2025-06-09 00:00:00-04:00,696.883869686411,703.5986632099265,692.3740500791279,692.4937744140625,12773200,0.0,0.0,META
2025-06-10 00:00:00-04:00,699.7673231326536,701.6430856337115,689.9994369756769,700.8150024414062,10850100,0.0,0.0,META
2025-06-11 00:00:00-04:00,702.1220199077359,707.2703489833287,690.4284357601101,692.5736083984375,9582500,0.0,0.0,META
2025-06-12 00:00:00-04:00,691.7355479828731,693.8108714889893,685.4497761885773,691.79541015625,7322700,0.0,0.0,META
2025-06-13 00:00:00-04:00,686.3976556130428,693.00271273635,679.4733132608307,681.3291015625,9274400,0.0,0.0,META
2025-06-16 00:00:00-04:00,698.2888218186604,706.097186349852,692.4774795938313,701.0746459960938,13720300,0.525,0.0,META
2025-06-17 00:00:00-04:00,700.9548121157454,704.9188720421186,695.0236535754563,696.19189453125,10066100,0.0,0.0,META
2025-06-18 00:00:00-04:00,697.1404546983404,700.5454115912661,693.8653700649246,694.7340698242188,10068300,0.0,0.0,META
2025-06-20 00:00:00-04:00,699.7067372671455,700.7751515856344,677.6595924698036,681.3341064453125,22538600,0.0,0.0,META
2025-06-23 00:00:00-04:00,682.6721183845542,698.009235646563,677.7394706648903,697.4900512695312,11080100,0.0,0.0,META
2025-06-24 00:00:00-04:00,703.840534417847,712.1281647182683,701.0646441862544,711.1396484375,13823200,0.0,0.0,META
2025-06-25 00:00:00-04:00,712.2579843149763,715.5131404309827,704.329803307428,707.6248779296875,9320400,0.0,0.0,META
2025-06-26 00:00:00-04:00,713.296455236712,727.1358060173088,709.9913855606367,725.009033203125,13964800,0.0,0.0,META
2025-06-27 00:00:00-04:00,725.4383202717177,734.335027558332,724.7792688020234,732.5377197265625,18775700,0.0,0.0,META
2025-06-30 00:00:00-04:00,743.4414316060685,746.7864803769392,733.1567794055785,736.9910888671875,15402100,0.0,0.0,META
2025-07-01 00:00:00-04:00,735.7829112020786,736.6516110389775,714.3049263192432,718.149169921875,13431200,0.0,0.0,META
2025-07-02 00:00:00-04:00,714.2650188208597,719.227590127805,711.7387562844411,712.5076293945312,9336700,0.0,0.0,META
2025-07-03 00:00:00-04:00,725.5281745483136,727.9446154194361,713.3563211505465,717.9395141601562,8601700,0.0,0.0,META
2025-07-07 00:00:00-04:00,716.5315731843128,725.9176023238477,712.4476967305745,717.2804565429688,9457100,0.0,0.0,META
2025-07-08 00:00:00-04:00,720.4957303517299,721.8337012243448,713.7457849218606,719.5970458984375,7770700,0.0,0.0,META
2025-07-09 00:00:00-04:00,721.6439452565418,736.4319538163115,721.6439452565418,731.6890258789062,11418000,0.0,0.0,META
2025-07-10 00:00:00-04:00,730.4608071076664,734.704479422628,718.5285868802704,726.1572265625,9913600,0.0,0.0,META
2025-07-11 00:00:00-04:00,721.4242720797871,724.0802847988808,708.6433421473682,716.4417114257812,10873900,0.0,0.0,META
2025-07-14 00:00:00-04:00,716.5316151789124,726.9161560719408,715.4831906042045,719.8466796875,8939400,0.0,0.0,META
2025-07-15 00:00:00-04:00,722.82223154618,723.3913292594382,708.7631777682402,709.3323364257812,11529500,0.0,0.0,META
2025-07-16 00:00:00-04:00,712.3079132030501,712.9069955313189,698.2289299901618,701.8634643554688,13067600,0.0,0.0,META
2025-07-17 00:00:00-04:00,703.3412662167694,704.8490277671435,696.0720759709156,700.3656616210938,11803300,0.0,0.0,META
2025-07-18 00:00:00-04:00,701.1445302429636,703.6607977835126,690.6202449112741,703.2314453125,12779800,0.0,0.0,META
2025-07-21 00:00:00-04:00,705.7477111980942,715.9325377312456,704.7092814794039,711.9085083007812,9404400,0.0,0.0,META
2025-07-22 00:00:00-04:00,715.1237435600664,715.5331063393245,700.3657186718685,703.7606811523438,8921100,0.0,0.0,META
2025-07-23 00:00:00-04:00,705.3183514682154,713.5660637312985,703.8804929024444,712.5176391601562,8771600,0.0,0.0,META
2025-07-24 00:00:00-04:00,715.9823677348465,722.5425929354744,712.9369210871259,713.7357177734375,10920800,0.0,0.0,META
2025-07-25 00:00:00-04:00,715.8526352732038,719.5771235060619,710.8401504714777,711.6189575195312,8271700,0.0,0.0,META
2025-07-28 00:00:00-04:00,714.1352096135126,723.6609843506268,711.6189419324959,716.5615844726562,8715700,0.0,0.0,META
2025-07-29 00:00:00-04:00,718.9280482700893,723.3913639831756,698.8679318855118,698.9578247070312,13267000,0.0,0.0,META
2025-07-30 00:00:00-04:00,707.0358168226334,707.4451795959043,690.1709481616012,694.1749877929688,27077300,0.0,0.0,META
2025-07-31 00:00:00-04:00,774.0458414913344,783.5816106103192,764.3702661872821,772.2884521484375,38831100,0.0,0.0,META
2025-08-01 00:00:00-04:00,759.5973820600149,764.8595554226001,744.2003568990668,748.8933715820312,19028700,0.0,0.0,META
2025-08-04 00:00:00-04:00,758.8684286204626,775.6933161141383,757.280769171418,775.2140502929688,15801700,0.0,0.0,META
2025-08-05 00:00:00-04:00,775.2940146810766,781.9640620224704,761.8640271769766,762.3233642578125,11640300,0.0,0.0,META
2025-08-06 00:00:00-04:00,768.853609707056,772.488205034118,759.327834976083,770.8406372070312,9733900,0.0,0.0,META
2025-08-07 00:00:00-04:00,772.3383525306105,773.8461140652291,758.4191051508143,760.6957397460938,9019700,0.0,0.0,META
2025-08-08 00:00:00-04:00,761.6144268371896,768.7538063796192,757.4506521481833,768.1546630859375,7320800,0.0,0.0,META
2025-08-11 00:00:00-04:00,768.9334288760205,772.3084011990011,763.5314498091643,764.7296752929688,7612000,0.0,0.0,META
2025-08-12 00:00:00-04:00,771.849102319645,792.4883102810505,771.2799436630941,788.8237915039062,14563100,0.0,0.0,META
2025-08-13 00:00:00-04:00,789.9721665216805,794.2757473900336,777.0713578354987,778.9186401367188,8811800,0.0,0.0,META
2025-08-14 00:00:00-04:00,776.7218428333804,786.6370510429252,771.3598429397638,780.9655151367188,8116200,0.0,0.0,META
2025-08-15 00:00:00-04:00,782.9825648931883,795.0645257736991,779.6575056048304,784.0609130859375,13375400,0.0,0.0,META
2025-08-18 00:00:00-04:00,773.9360156125421,774.6549143701418,755.4335751910228,766.2274780273438,16513700,0.0,0.0,META
2025-08-19 00:00:00-04:00,765.977874147037,766.0277875160474,748.2443062415024,750.3611450195312,12286700,0.0,0.0,META
2025-08-20 00:00:00-04:00,746.4570103778062,749.083099657565,729.911672806752,746.6067504882812,11898200,0.0,0.0,META
2025-08-21 00:00:00-04:00,743.6012666698691,744.3900685450179,732.0185006665147,737.9995727539062,8876300,0.0,0.0,META
2025-08-22 00:00:00-04:00,738.1293678852983,755.7731035460037,733.2966081137474,753.6661987304688,10612700,0.0,0.0,META
2025-08-25 00:00:00-04:00,753.6961621486424,757.7501148109367,749.0131426125197,752.1784057617188,6861200,0.0,0.0,META
2025-08-26 00:00:00-04:00,749.6821592803592,753.7461069744401,746.8264320177999,752.9772338867188,7601800,0.0,0.0,META
2025-08-27 00:00:00-04:00,751.1799307743298,753.0272129802489,741.7340542390842,746.2672729492188,8315400,0.0,0.0,META
2025-08-28 00:00:00-04:00,742.8922995313089,751.9288132977724,739.6970516455432,749.99169921875,7468000,0.0,0.0,META
2025-08-29 00:00:00-04:00,744.1703787664815,746.0275947781304,734.2551099537487,737.6001586914062,9070500,0.0,0.0,META
2025-09-02 00:00:00-04:00,724.9589996576248,734.9041924629622,720.655419120511,734.0155029296875,9350900,0.0,0.0,META
2025-09-03 00:00:00-04:00,734.9042121918441,739.1478846127889,732.8971950134412,735.95263671875,7699300,0.0,0.0,META
2025-09-04 00:00:00-04:00,747.4555024338443,760.0267237435045,744.7095967582477,747.535400390625,11439100,0.0,0.0,META
2025-09-05 00:00:00-04:00,751.499502790698,756.8215846100361,743.9208368275713,751.3297729492188,9663400,0.0,0.0,META
2025-09-08 00:00:00-04:00,754.8744351124396,765.3687971294402,750.9003802075373,751.179931640625,13087800,0.0,0.0,META
2025-09-09 00:00:00-04:00,756.3621991005824,765.1590798691678,752.3082462809408,764.5599975585938,10999000,0.0,0.0,META
2025-09-10 00:00:00-04:00,763.990858904295,764.5600175863916,749.8818911499914,750.8604125976562,12478300,0.0,0.0,META
2025-09-11 00:00:00-04:00,753.5264602522736,755.9727638030715,747.2557810059183,749.7820434570312,7923300,0.0,0.0,META
2025-09-12 00:00:00-04:00,747.6152548910696,756.4421205211297,742.6526835890741,754.465087890625,8248600,0.0,0.0,META
2025-09-15 00:00:00-04:00,756.3421855933647,772.9175066813722,750.8703641812288,763.5614624023438,10533800,0.0,0.0,META
2025-09-16 00:00:00-04:00,765.8580156945753,780.1966205012909,763.960820221922,777.8401489257812,11782500,0.0,0.0,META
2025-09-17 00:00:00-04:00,778.828725718326,782.1238004242355,765.1691000860621,774.5650634765625,9400900,0.0,0.0,META
2025-09-18 00:00:00-04:00,779.5875734416616,787.6056471582369,772.2085614820411,779.0883178710938,10955000,0.0,0.0,META
2025-09-19 00:00:00-04:00,785.2490765825911,789.6225600448605,768.0447499547826,777.2210693359375,23696800,0.0,0.0,META
2025-09-22 00:00:00-04:00,781.2128396094075,785.0896826443245,763.8469978355404,764.5364379882812,11706900,0.525,0.0,META
2025-09-23 00:00:00-04:00,768.6231126086477,769.9719880546131,750.4579354131178,754.784423828125,10872600,0.0,0.0,META
2025-09-24 00:00:00-04:00,756.8827020619125,760.4897455830934,751.9167814613187,760.0401000976562,8828200,0.0,0.0,META
2025-09-25 00:00:00-04:00,752.8360219788784,756.1533238123261,743.9432502397539,748.2996826171875,10591100,0.0,0.0,META
2025-09-26 00:00:00-04:00,749.3888277967437,751.3172477286904,736.7491118404043,743.1439208984375,9696300,0.0,0.0,META
2025-09-29 00:00:00-04:00,748.1098002440084,750.1681799899285,738.5476529969768,742.794189453125,9246800,0.0,0.0,META
2025-09-30 00:00:00-04:00,741.6451369970716,742.3645209926972,725.7081225297242,733.7815551757812,16226800,0.0,0.0,META
2025-10-01 00:00:00-04:00,720.9020135039985,721.2617054862658,709.6212362201944,716.7554321289062,20419600,0.0,0.0,META
2025-10-02 00:00:00-04:00,721.9911913779041,727.176964520395,717.5548070653372,726.45751953125,11415300,0.0,0.0,META
2025-10-03 00:00:00-04:00,729.0354240673363,730.4043027655052,709.6012618171895,709.98095703125,16154300,0.0,0.0,META
2025-10-06 00:00:00-04:00,704.6153434967972,716.2958197616522,689.9473135389625,715.0767822265625,21654700,0.0,0.0,META
2025-10-07 00:00:00-04:00,717.135073707775,717.9144673294414,705.1748577839295,712.4989013671875,12062900,0.0,0.0,META
2025-10-08 00:00:00-04:00,712.8686286502683,719.063588526951,707.233209995552,717.2550659179688,10790600,0.0,0.0,META
2025-10-09 00:00:00-04:00,717.694662739213,732.9122314453125,711.8593952481671,732.9122314453125,12717200,0.0,0.0,META
2025-10-10 00:00:00-04:00,730.3243364156914,734.6708280741015,703.9358854737135,704.7252197265625,16980100,0.0,0.0,META
2025-10-13 00:00:00-04:00,712.4289500007787,719.353295154282,707.0633311027989,715.1167602539062,9251800,0.0,0.0,META
2025-10-14 00:00:00-04:00,707.2032236513401,714.966850016347,698.7600977854659,708.072509765625,8829800,0.0,0.0,META
2025-10-15 00:00:00-04:00,716.4756800447307,723.3101331023296,708.9318445822669,716.9652709960938,10246800,0.0,0.0,META
2025-10-16 00:00:00-04:00,716.9652609619593,724.898793146875,703.3064176322127,711.48974609375,9017000,0.0,0.0,META
2025-10-17 00:00:00-04:00,706.5038073054051,717.9544293541486,705.5445676686097,716.3357543945312,12232400,0.0,0.0,META
2025-10-20 00:00:00-04:00,720.602270855396,733.1720358988009,719.5930841941394,731.5733032226562,8900200,0.0,0.0,META
2025-10-21 00:00:00-04:00,735.4202444049121,737.898203963144,728.156149137632,732.6724853515625,7647300,0.0,0.0,META
2025-10-22 00:00:00-04:00,733.2320185457676,739.9964601984101,723.4400167690366,732.8123168945312,8734500,0.0,0.0,META
2025-10-23 00:00:00-04:00,734.1012972282697,741.8049752352916,732.5025644943078,733.40185546875,9856000,0.0,0.0,META
2025-10-24 00:00:00-04:00,736.1895728454068,740.6060149267306,730.5542151922721,737.75830078125,9151300,0.0,0.0,META
2025-10-27 00:00:00-04:00,749.1189913399045,755.1341048828856,747.4004223192904,750.2081298828125,11321100,0.0,0.0,META
2025-10-28 00:00:00-04:00,752.0166693998259,757.7819868095911,744.9124781386814,750.82763671875,12193800,0.0,0.0,META
2025-10-29 00:00:00-04:00,754.1349412128479,758.5413205942342,741.9049255575367,751.0574340820312,26818600,0.0,0.0,META
2025-10-30 00:00:00-04:00,668.6047496805471,680.405123547836,649.6401745693712,665.9268798828125,88440100,0.0,0.0,META
2025-10-31 00:00:00-04:00,673.9603724515775,674.3400676801817,645.0439523217459,647.8216552734375,56953200,0.0,0.0,META
2025-11-03 00:00:00-05:00,655.4654426520216,658.792746197499,635.6615861365713,637.1903686523438,33003600,0.0,0.0,META
2025-11-04 00:00:00-05:00,627.528160823027,641.2170082918374,625.4998468710925,626.8087768554688,27356600,0.0,0.0,META
2025-11-05 00:00:00-05:00,631.7947143740674,641.7066132741587,626.0293969573662,635.4317626953125,20219900,0.0,0.0,META
2025-11-06 00:00:00-05:00,635.3318005623231,635.4817027165644,617.4963715076051,618.4356079101562,23628800,0.0,0.0,META
2025-11-07 00:00:00-05:00,615.9875913853423,621.6230097922952,600.7100736857968,621.203369140625,29946800,0.0,0.0,META
2025-11-10 00:00:00-05:00,630.5757412925083,634.4825281361091,617.606277436272,631.2451782226562,19245000,0.0,0.0,META
2025-11-11 00:00:00-05:00,627.4882640088713,629.0469903781388,618.8852946435945,626.5690307617188,13302200,0.0,0.0,META
2025-11-12 00:00:00-05:00,627.6181473129036,628.4774318700306,607.2747531328254,608.5137329101562,24493300,0.0,0.0,META
2025-11-13 00:00:00-05:00,612.5704066192014,617.1466913787408,602.5086055074847,609.3930053710938,20973800,0.0,0.0,META
2025-11-14 00:00:00-05:00,601.2995852054279,613.1799107961393,594.7149894844074,608.96337890625,20724100,0.0,0.0,META
2025-11-17 00:00:00-05:00,608.54364845602,611.1915132655756,594.914810553651,601.5194091796875,16501300,0.0,0.0,META
2025-11-18 00:00:00-05:00,591.1178778321469,603.1680476389258,583.3043040560937,597.2029418945312,25500600,0.0,0.0,META
2025-11-19 00:00:00-05:00,593.236120814011,594.8448550993957,580.7763124672824,589.8389282226562,24744700,0.0,0.0,META
2025-11-20 00:00:00-05:00,603.0082035639184,606.225550290049,582.8745995478572,588.669921875,20603000,0.0,0.0,META
2025-11-21 00:00:00-05:00,588.0204327318114,597.6325885375659,581.38582901572,593.7657470703125,21052600,0.0,0.0,META
2025-11-24 00:00:00-05:00,598.2320754408486,616.1974650582393,597.1429978306941,612.5504150390625,23554900,0.0,0.0,META
2025-11-25 00:00:00-05:00,623.4914651316196,636.5308177101258,617.7960982049689,635.7014770507812,25213000,0.0,0.0,META
2025-11-26 00:00:00-05:00,637.1703200291516,637.8397569399452,631.1152610365342,633.0936279296875,15209500,0.0,0.0,META
2025-11-28 00:00:00-05:00,635.5616748244524,647.5218911860414,634.9821303911365,647.4219970703125,11033200,0.0,0.0,META
2025-12-01 00:00:00-05:00,639.028785702615,644.7941029489796,637.2402664201815,640.3477172851562,13029900,0.0,0.0,META
2025-12-02 00:00:00-05:00,641.8165621493692,647.3420238521164,637.5500224020741,646.5726318359375,11640900,0.0,0.0,META
2025-12-03 00:00:00-05:00,643.8848130159247,648.3211970895987,637.0304181904862,639.0787353515625,11134300,0.0,0.0,META
2025-12-04 00:00:00-05:00,675.4491463216154,675.5490404402168,659.512131337801,660.990966796875,29874600,0.0,0.0,META
2025-12-05 00:00:00-05:00,663.4589092143041,674.1402004180294,661.8502358329807,672.8712158203125,21207900,0.0,0.0,META
2025-12-08 00:00:00-05:00,668.7945609027437,676.1585499822719,664.528021142878,666.256591796875,13161000,0.0,0.0,META
2025-12-09 00:00:00-05:00,663.2291308887899,663.9385132978894,652.807637338328,656.4246826171875,12997100,0.0,0.0,META
2025-12-10 00:00:00-05:00,649.4203737252112,653.9766553823684,642.8757234590145,649.6002197265625,16910900,0.0,0.0,META
2025-12-11 00:00:00-05:00,642.7657334383907,654.7460135009795,640.2777724038347,652.1781005859375,13056700,0.0,0.0,META
2025-12-12 00:00:00-05:00,649.2704855848336,710.4206277669183,638.0896015354143,643.7050170898438,14016900,0.0,0.0,META
2025-12-15 00:00:00-05:00,645.7000122070312,653.0,638.7000122070312,647.510009765625,15549100,0.525,0.0,META
2025-12-16 00:00:00-05:00,643.5,662.5399780273438,643.2000122070312,657.1500244140625,14309100,0.0,0.0,META
2025-12-17 00:00:00-05:00,655.6099853515625,661.22998046875,649.2000122070312,649.5,15598500,0.0,0.0,META
2025-12-18 00:00:00-05:00,657.030029296875,670.5599975585938,656.4600219726562,664.4500122070312,20260300,0.0,0.0,META
2025-12-19 00:00:00-05:00,666.4199829101562,671.0,658.1799926757812,658.77001953125,49977100,0.0,0.0,META
2025-12-22 00:00:00-05:00,661.6500244140625,673.5800170898438,656.6500244140625,661.5,15659400,0.0,0.0,META
2025-12-23 00:00:00-05:00,660.0499877929688,666.0,658.25,664.9400024414062,8486800,0.0,0.0,META
2025-12-24 00:00:00-05:00,662.530029296875,668.1799926757812,662.2000122070312,667.5499877929688,5627500,0.0,0.0,META
2025-12-26 00:00:00-05:00,668.0599975585938,668.9500122070312,661.3200073242188,663.2899780273438,7133800,0.0,0.0,META
2025-12-29 00:00:00-05:00,658.010009765625,660.25,654.3900146484375,658.6900024414062,8506500,0.0,0.0,META
2025-12-30 00:00:00-05:00,658.6900024414062,672.219970703125,657.8400268554688,665.9500122070312,9187500,0.0,0.0,META
2025-12-31 00:00:00-05:00,664.75,665.0,659.4400024414062,660.0900268554688,7940400,0.0,0.0,META
2026-01-02 00:00:00-05:00,662.72998046875,664.3900146484375,643.5,650.4099731445312,13726500,0.0,0.0,META
2026-01-05 00:00:00-05:00,651.010009765625,664.5399780273438,647.75,658.7899780273438,12213700,0.0,0.0,META
2026-01-06 00:00:00-05:00,659.5700073242188,665.52001953125,651.9000244140625,660.6199951171875,11074400,0.0,0.0,META
2026-01-07 00:00:00-05:00,655.6400146484375,659.1500244140625,644.8099975585938,648.6900024414062,12846300,0.0,0.0,META
2026-01-08 00:00:00-05:00,645.8800048828125,647.0999755859375,635.719970703125,646.0599975585938,11921700,0.0,0.0,META
2026-01-09 00:00:00-05:00,645.4400024414062,654.9500122070312,642.8499755859375,653.0599975585938,11634900,0.0,0.0,META
2026-01-12 00:00:00-05:00,652.530029296875,653.969970703125,641.22998046875,641.969970703125,14797200,0.0,0.0,META
2026-01-13 00:00:00-05:00,642.27001953125,642.27001953125,624.0999755859375,631.0900268554688,18030400,0.0,0.0,META
2026-01-14 00:00:00-05:00,626.5,628.4500122070312,614.8200073242188,615.52001953125,15527900,0.0,0.0,META
2026-01-15 00:00:00-05:00,618.47998046875,624.1699829101562,614.22998046875,620.7999877929688,13076100,0.0,0.0,META
2026-01-16 00:00:00-05:00,624.1799926757812,629.0800170898438,620.0800170898438,620.25,17012500,0.0,0.0,META
2026-01-20 00:00:00-05:00,607.8800048828125,611.4000244140625,600.0,604.1199951171875,15169600,0.0,0.0,META
2026-01-21 00:00:00-05:00,606.739990234375,618.27001953125,600.0800170898438,612.9600219726562,14494700,0.0,0.0,META
2026-01-22 00:00:00-05:00,629.3499755859375,660.5700073242188,626.5499877929688,647.6300048828125,21394700,0.0,0.0,META
2026-01-23 00:00:00-05:00,644.77001953125,666.489990234375,644.4500122070312,658.760009765625,22797700,0.0,0.0,META
2026-01-26 00:00:00-05:00,665.1300048828125,675.280029296875,661.2899780273438,672.3599853515625,16327400,0.0,0.0,META
2026-01-27 00:00:00-05:00,674.5900268554688,676.8200073242188,664.6599731445312,672.969970703125,13297400,0.0,0.0,META
2026-01-28 00:00:00-05:00,674.5,677.6799926757812,666.0999755859375,668.72998046875,25709600,0.0,0.0,META
2026-01-29 00:00:00-05:00,737.4299926757812,744.0,712.5499877929688,738.3099975585938,59852900,0.0,0.0,META
2026-01-30 00:00:00-05:00,727.5,732.1699829101562,713.5900268554688,716.5,23744600,0.0,0.0,META
2026-02-02 00:00:00-05:00,714.5999755859375,721.2999877929688,703.52001953125,706.4099731445312,14365200,0.0,0.0,META
2026-02-03 00:00:00-05:00,707.3699951171875,717.0,686.4099731445312,691.7000122070312,13760700,0.0,0.0,META
2026-02-04 00:00:00-05:00,687.72998046875,688.8300170898438,667.4600219726562,668.989990234375,16882800,0.0,0.0,META
2026-02-05 00:00:00-05:00,663.5800170898438,681.5,653.5,670.2100219726562,17131800,0.0,0.0,META
2026-02-06 00:00:00-05:00,665.489990234375,671.989990234375,646.5,661.4600219726562,18159300,0.0,0.0,META
2026-02-09 00:00:00-05:00,663.1799926757812,683.3099975585938,658.780029296875,677.219970703125,14837500,0.0,0.0,META
2026-02-10 00:00:00-05:00,677.5999755859375,680.6500244140625,669.7899780273438,670.719970703125,10455800,0.0,0.0,META
2026-02-11 00:00:00-05:00,674.0,679.27001953125,657.0999755859375,668.6900024414062,14323800,0.0,0.0,META
2026-02-12 00:00:00-05:00,669.969970703125,676.0,645.280029296875,649.8099975585938,14960100,0.0,0.0,META
2026-02-13 00:00:00-05:00,645.0999755859375,651.4299926757812,634.5700073242188,639.77001953125,12336400,0.0,0.0,META
2026-02-17 00:00:00-05:00,639.5,642.5999755859375,628.7999877929688,639.2899780273438,12674700,0.0,0.0,META
2026-02-18 00:00:00-05:00,633.7999877929688,645.0,628.1500244140625,643.219970703125,14649200,0.0,0.0,META
2026-02-19 00:00:00-05:00,638.5700073242188,647.1900024414062,636.719970703125,644.780029296875,10035700,0.0,0.0,META
2026-02-20 00:00:00-05:00,639.6900024414062,663.3499755859375,638.780029296875,655.6599731445312,14183500,0.0,0.0,META
2026-02-23 00:00:00-05:00,652.5399780273438,657.7000122070312,636.0,637.25,8605900,0.0,0.0,META
2026-02-24 00:00:00-05:00,633.0800170898438,641.1099853515625,628.97998046875,639.2999877929688,10135600,0.0,0.0,META
2026-02-25 00:00:00-05:00,642.530029296875,653.8800048828125,642.1400146484375,653.6900024414062,11330700,0.0,0.0,META
2026-02-26 00:00:00-05:00,650.5499877929688,661.0,647.5,657.010009765625,10611800,0.0,0.0,META
2025-02-27 00:00:00-05:00,218.35000610351562,219.97000122070312,208.3699951171875,208.74000549316406,40548600,0.0,0.0,AMZN
2025-02-28 00:00:00-05:00,208.64999389648438,212.6199951171875,206.99000549316406,212.27999877929688,51771700,0.0,0.0,AMZN
2025-03-03 00:00:00-05:00,213.35000610351562,214.00999450683594,202.5500030517578,205.02000427246094,42948400,0.0,0.0,AMZN
2025-03-04 00:00:00-05:00,200.11000061035156,206.8000030517578,197.42999267578125,203.8000030517578,60853100,0.0,0.0,AMZN
2025-03-05 00:00:00-05:00,204.8000030517578,209.97999572753906,203.25999450683594,208.36000061035156,38610100,0.0,0.0,AMZN
2025-03-06 00:00:00-05:00,204.39999389648438,205.77000427246094,198.3000030517578,200.6999969482422,49863800,0.0,0.0,AMZN
2025-03-07 00:00:00-05:00,199.49000549316406,202.27000427246094,192.52999877929688,199.25,59802800,0.0,0.0,AMZN
2025-03-10 00:00:00-04:00,195.60000610351562,196.72999572753906,190.85000610351562,194.5399932861328,62350900,0.0,0.0,AMZN
2025-03-11 00:00:00-04:00,193.89999389648438,200.17999267578125,193.39999389648438,196.58999633789062,54002900,0.0,0.0,AMZN
2025-03-12 00:00:00-04:00,200.72000122070312,201.52000427246094,195.2899932861328,198.88999938964844,43679300,0.0,0.0,AMZN
2025-03-13 00:00:00-04:00,198.1699981689453,198.8800048828125,191.82000732421875,193.88999938964844,41270800,0.0,0.0,AMZN
2025-03-14 00:00:00-04:00,197.41000366210938,198.64999389648438,195.32000732421875,197.9499969482422,38096700,0.0,0.0,AMZN
2025-03-17 00:00:00-04:00,198.77000427246094,199.0,194.32000732421875,195.74000549316406,47341800,0.0,0.0,AMZN
2025-03-18 00:00:00-04:00,192.52000427246094,194.0,189.3800048828125,192.82000732421875,40414900,0.0,0.0,AMZN
2025-03-19 00:00:00-04:00,193.3800048828125,195.97000122070312,191.9600067138672,195.5399932861328,39442900,0.0,0.0,AMZN
2025-03-20 00:00:00-04:00,193.07000732421875,199.32000732421875,192.3000030517578,194.9499969482422,38921100,0.0,0.0,AMZN
2025-03-21 00:00:00-04:00,192.89999389648438,196.99000549316406,192.52000427246094,196.2100067138672,60056900,0.0,0.0,AMZN
2025-03-24 00:00:00-04:00,200.0,203.63999938964844,199.9499969482422,203.25999450683594,41625400,0.0,0.0,AMZN
2025-03-25 00:00:00-04:00,203.60000610351562,206.2100067138672,203.22000122070312,205.7100067138672,31171200,0.0,0.0,AMZN
2025-03-26 00:00:00-04:00,205.83999633789062,206.00999450683594,199.92999267578125,201.1300048828125,32855300,0.0,0.0,AMZN
2025-03-27 00:00:00-04:00,200.88999938964844,203.7899932861328,199.27999877929688,201.36000061035156,27317700,0.0,0.0,AMZN
2025-03-28 00:00:00-04:00,198.4199981689453,199.25999450683594,191.8800048828125,192.72000122070312,52548200,0.0,0.0,AMZN
2025-03-31 00:00:00-04:00,188.19000244140625,191.3300018310547,184.39999389648438,190.25999450683594,63547600,0.0,0.0,AMZN
2025-04-01 00:00:00-04:00,187.86000061035156,193.92999267578125,187.1999969482422,192.1699981689453,41267300,0.0,0.0,AMZN
2025-04-02 00:00:00-04:00,187.66000366210938,198.33999633789062,187.66000366210938,196.00999450683594,53679200,0.0,0.0,AMZN
2025-04-03 00:00:00-04:00,183.0,184.1300048828125,176.9199981689453,178.41000366210938,95553600,0.0,0.0,AMZN
2025-04-04 00:00:00-04:00,167.14999389648438,178.13999938964844,166.0,171.0,123159400,0.0,0.0,AMZN
2025-04-07 00:00:00-04:00,162.0,183.41000366210938,161.3800048828125,175.25999450683594,109327100,0.0,0.0,AMZN
2025-04-08 00:00:00-04:00,185.22999572753906,185.89999389648438,168.57000732421875,170.66000366210938,87710400,0.0,0.0,AMZN
2025-04-09 00:00:00-04:00,172.1199951171875,192.64999389648438,169.92999267578125,191.10000610351562,116804300,0.0,0.0,AMZN
2025-04-10 00:00:00-04:00,185.44000244140625,186.8699951171875,175.85000610351562,181.22000122070312,68302000,0.0,0.0,AMZN
2025-04-11 00:00:00-04:00,179.92999267578125,185.86000061035156,178.0,184.8699951171875,50594300,0.0,0.0,AMZN
2025-04-14 00:00:00-04:00,186.83999633789062,187.44000244140625,179.22999572753906,182.1199951171875,48002500,0.0,0.0,AMZN
2025-04-15 00:00:00-04:00,181.41000366210938,182.35000610351562,177.92999267578125,179.58999633789062,43642000,0.0,0.0,AMZN
2025-04-16 00:00:00-04:00,176.2899932861328,179.10000610351562,171.41000366210938,174.3300018310547,51875300,0.0,0.0,AMZN
2025-04-17 00:00:00-04:00,176.0,176.2100067138672,172.0,172.61000061035156,44726500,0.0,0.0,AMZN
2025-04-21 00:00:00-04:00,169.60000610351562,169.60000610351562,165.2899932861328,167.32000732421875,48126100,0.0,0.0,AMZN
2025-04-22 00:00:00-04:00,169.85000610351562,176.77999877929688,169.35000610351562,173.17999267578125,56607200,0.0,0.0,AMZN
2025-04-23 00:00:00-04:00,183.4499969482422,187.3800048828125,180.19000244140625,180.60000610351562,63470100,0.0,0.0,AMZN
2025-04-24 00:00:00-04:00,180.9199981689453,186.74000549316406,180.17999267578125,186.5399932861328,43763200,0.0,0.0,AMZN
2025-04-25 00:00:00-04:00,187.6199951171875,189.94000244140625,185.49000549316406,188.99000549316406,36414300,0.0,0.0,AMZN
2025-04-28 00:00:00-04:00,190.11000061035156,190.22000122070312,184.88999938964844,187.6999969482422,33224700,0.0,0.0,AMZN
2025-04-29 00:00:00-04:00,183.99000549316406,188.02000427246094,183.67999267578125,187.38999938964844,41667300,0.0,0.0,AMZN
2025-04-30 00:00:00-04:00,182.1699981689453,185.0500030517578,178.85000610351562,184.4199981689453,55176500,0.0,0.0,AMZN
2025-05-01 00:00:00-04:00,190.6300048828125,191.80999755859375,187.5,190.1999969482422,74266000,0.0,0.0,AMZN
2025-05-02 00:00:00-04:00,191.44000244140625,192.8800048828125,186.39999389648438,189.97999572753906,77903500,0.0,0.0,AMZN
2025-05-05 00:00:00-04:00,186.50999450683594,188.17999267578125,185.52999877929688,186.35000610351562,35217500,0.0,0.0,AMZN
2025-05-06 00:00:00-04:00,184.57000732421875,187.92999267578125,183.85000610351562,185.00999450683594,29314100,0.0,0.0,AMZN
2025-05-07 00:00:00-04:00,185.55999755859375,190.99000549316406,185.00999450683594,188.7100067138672,43948600,0.0,0.0,AMZN
2025-05-08 00:00:00-04:00,191.42999267578125,194.3300018310547,188.82000732421875,192.0800018310547,41043600,0.0,0.0,AMZN
2025-05-09 00:00:00-04:00,193.3800048828125,194.69000244140625,191.16000366210938,193.05999755859375,29663100,0.0,0.0,AMZN
2025-05-12 00:00:00-04:00,210.7100067138672,211.66000366210938,205.75,208.63999938964844,75205000,0.0,0.0,AMZN
2025-05-13 00:00:00-04:00,211.0800018310547,214.83999633789062,210.10000610351562,211.3699951171875,56193700,0.0,0.0,AMZN
2025-05-14 00:00:00-04:00,211.4499969482422,211.92999267578125,208.85000610351562,210.25,38492100,0.0,0.0,AMZN
2025-05-15 00:00:00-04:00,206.4499969482422,206.8800048828125,202.6699981689453,205.1699981689453,64347300,0.0,0.0,AMZN
2025-05-16 00:00:00-04:00,206.85000610351562,206.85000610351562,204.3699951171875,205.58999633789062,43318500,0.0,0.0,AMZN
2025-05-19 00:00:00-04:00,201.64999389648438,206.6199951171875,201.25999450683594,206.16000366210938,34314800,0.0,0.0,AMZN
2025-05-20 00:00:00-04:00,204.6300048828125,205.58999633789062,202.64999389648438,204.07000732421875,29470400,0.0,0.0,AMZN
2025-05-21 00:00:00-04:00,201.61000061035156,203.4600067138672,200.05999755859375,201.1199951171875,42460900,0.0,0.0,AMZN
2025-05-22 00:00:00-04:00,201.3800048828125,205.75999450683594,200.16000366210938,203.10000610351562,38938900,0.0,0.0,AMZN
2025-05-23 00:00:00-04:00,198.89999389648438,202.3699951171875,197.85000610351562,200.99000549316406,33393500,0.0,0.0,AMZN
2025-05-27 00:00:00-04:00,203.08999633789062,206.69000244140625,202.19000244140625,206.02000427246094,34892000,0.0,0.0,AMZN
2025-05-28 00:00:00-04:00,205.9199981689453,207.66000366210938,204.41000366210938,204.72000122070312,28549800,0.0,0.0,AMZN
2025-05-29 00:00:00-04:00,208.02999877929688,208.80999755859375,204.22999572753906,205.6999969482422,34650000,0.0,0.0,AMZN
2025-05-30 00:00:00-04:00,204.83999633789062,205.99000549316406,201.6999969482422,205.00999450683594,51679400,0.0,0.0,AMZN
2025-06-02 00:00:00-04:00,204.97999572753906,207.0,202.67999267578125,206.64999389648438,29113300,0.0,0.0,AMZN
2025-06-03 00:00:00-04:00,207.11000061035156,208.9499969482422,205.02999877929688,205.7100067138672,33139100,0.0,0.0,AMZN
2025-06-04 00:00:00-04:00,206.5500030517578,208.17999267578125,205.17999267578125,207.22999572753906,29915600,0.0,0.0,AMZN
2025-06-05 00:00:00-04:00,209.5500030517578,212.80999755859375,207.55999755859375,207.91000366210938,51864200,0.0,0.0,AMZN
2025-06-06 00:00:00-04:00,212.39999389648438,213.8699951171875,210.5,213.57000732421875,39832500,0.0,0.0,AMZN
2025-06-09 00:00:00-04:00,214.75,217.85000610351562,212.8800048828125,216.97999572753906,38102500,0.0,0.0,AMZN
2025-06-10 00:00:00-04:00,216.77999877929688,217.69000244140625,214.14999389648438,217.61000061035156,31303300,0.0,0.0,AMZN
2025-06-11 00:00:00-04:00,217.41000366210938,218.39999389648438,212.88999938964844,213.1999969482422,39326000,0.0,0.0,AMZN
2025-06-12 00:00:00-04:00,211.77999877929688,213.5800018310547,211.3300018310547,213.24000549316406,27640000,0.0,0.0,AMZN
2025-06-13 00:00:00-04:00,209.9600067138672,214.0500030517578,209.6199951171875,212.10000610351562,29337800,0.0,0.0,AMZN
2025-06-16 00:00:00-04:00,212.30999755859375,217.05999755859375,211.60000610351562,216.10000610351562,33284200,0.0,0.0,AMZN
2025-06-17 00:00:00-04:00,215.1999969482422,217.41000366210938,214.55999755859375,214.82000732421875,32086300,0.0,0.0,AMZN
2025-06-18 00:00:00-04:00,215.08999633789062,217.9600067138672,212.33999633789062,212.52000427246094,44360500,0.0,0.0,AMZN
2025-06-20 00:00:00-04:00,214.67999267578125,214.88999938964844,208.27000427246094,209.69000244140625,75350700,0.0,0.0,AMZN
2025-06-23 00:00:00-04:00,209.7899932861328,210.38999938964844,207.30999755859375,208.47000122070312,37311700,0.0,0.0,AMZN
2025-06-24 00:00:00-04:00,212.13999938964844,214.33999633789062,211.0500030517578,212.77000427246094,38378800,0.0,0.0,AMZN
2025-06-25 00:00:00-04:00,214.6199951171875,216.02999877929688,211.11000061035156,211.99000549316406,31755700,0.0,0.0,AMZN
2025-06-26 00:00:00-04:00,213.1199951171875,218.0399932861328,212.00999450683594,217.1199951171875,50480800,0.0,0.0,AMZN
2025-06-27 00:00:00-04:00,219.9199981689453,223.3000030517578,216.74000549316406,223.3000030517578,119217100,0.0,0.0,AMZN
2025-06-30 00:00:00-04:00,223.52000427246094,223.82000732421875,219.1199951171875,219.38999938964844,58887800,0.0,0.0,AMZN
2025-07-01 00:00:00-04:00,219.5,221.8800048828125,217.92999267578125,220.4600067138672,39256800,0.0,0.0,AMZN
2025-07-02 00:00:00-04:00,219.72999572753906,221.60000610351562,219.05999755859375,219.9199981689453,30894200,0.0,0.0,AMZN
2025-07-03 00:00:00-04:00,221.82000732421875,224.00999450683594,221.36000061035156,223.41000366210938,29632400,0.0,0.0,AMZN
2025-07-07 00:00:00-04:00,223.0,224.2899932861328,222.3699951171875,223.47000122070312,36604100,0.0,0.0,AMZN
2025-07-08 00:00:00-04:00,223.9199981689453,224.0,218.42999267578125,219.36000061035156,45692000,0.0,0.0,AMZN
2025-07-09 00:00:00-04:00,221.07000732421875,224.2899932861328,220.47000122070312,222.5399932861328,38155100,0.0,0.0,AMZN
2025-07-10 00:00:00-04:00,221.5500030517578,222.7899932861328,219.6999969482422,222.25999450683594,30370600,0.0,0.0,AMZN
2025-07-11 00:00:00-04:00,223.5800018310547,226.67999267578125,222.3699951171875,225.02000427246094,50518300,0.0,0.0,AMZN
2025-07-14 00:00:00-04:00,225.07000732421875,226.66000366210938,224.24000549316406,225.69000244140625,35702600,0.0,0.0,AMZN
2025-07-15 00:00:00-04:00,226.1999969482422,227.27000427246094,225.4600067138672,226.35000610351562,34907300,0.0,0.0,AMZN
2025-07-16 00:00:00-04:00,225.8800048828125,226.10000610351562,222.17999267578125,223.19000244140625,39535900,0.0,0.0,AMZN
2025-07-17 00:00:00-04:00,223.32000732421875,224.5,222.50999450683594,223.8800048828125,31855800,0.0,0.0,AMZN
2025-07-18 00:00:00-04:00,225.13999938964844,226.39999389648438,222.97999572753906,226.1300048828125,37833800,0.0,0.0,AMZN
2025-07-21 00:00:00-04:00,225.83999633789062,229.69000244140625,225.64999389648438,229.3000030517578,40297600,0.0,0.0,AMZN
2025-07-22 00:00:00-04:00,229.67999267578125,230.0,226.35000610351562,227.47000122070312,37483700,0.0,0.0,AMZN
2025-07-23 00:00:00-04:00,228.47000122070312,228.7899932861328,227.08999633789062,228.2899932861328,28294900,0.0,0.0,AMZN
2025-07-24 00:00:00-04:00,229.1699981689453,236.0,228.63999938964844,232.22999572753906,42902300,0.0,0.0,AMZN
2025-07-25 00:00:00-04:00,232.22000122070312,232.47999572753906,231.17999267578125,231.44000244140625,28712100,0.0,0.0,AMZN
2025-07-28 00:00:00-04:00,233.35000610351562,234.2899932861328,232.25,232.7899932861328,26300100,0.0,0.0,AMZN
2025-07-29 00:00:00-04:00,234.14999389648438,234.72000122070312,230.30999755859375,231.00999450683594,33716200,0.0,0.0,AMZN
2025-07-30 00:00:00-04:00,231.63999938964844,231.8000030517578,229.2899932861328,230.19000244140625,32993300,0.0,0.0,AMZN
2025-07-31 00:00:00-04:00,235.77000427246094,236.52999877929688,231.39999389648438,234.11000061035156,104357300,0.0,0.0,AMZN
2025-08-01 00:00:00-04:00,217.2100067138672,220.44000244140625,212.8000030517578,214.75,122258800,0.0,0.0,AMZN
2025-08-04 00:00:00-04:00,217.39999389648438,217.44000244140625,211.4199981689453,211.64999389648438,77890100,0.0,0.0,AMZN
2025-08-05 00:00:00-04:00,213.0500030517578,216.3000030517578,212.8699951171875,213.75,51505100,0.0,0.0,AMZN
2025-08-06 00:00:00-04:00,214.6999969482422,222.64999389648438,213.74000549316406,222.30999755859375,54823000,0.0,0.0,AMZN
2025-08-07 00:00:00-04:00,221.0,226.22000122070312,220.82000732421875,223.1300048828125,40603500,0.0,0.0,AMZN
2025-08-08 00:00:00-04:00,223.13999938964844,223.8000030517578,221.8800048828125,222.69000244140625,32970500,0.0,0.0,AMZN
2025-08-11 00:00:00-04:00,221.77999877929688,223.0500030517578,220.39999389648438,221.3000030517578,31646200,0.0,0.0,AMZN
2025-08-12 00:00:00-04:00,222.22999572753906,223.5,219.0500030517578,221.47000122070312,37185800,0.0,0.0,AMZN
2025-08-13 00:00:00-04:00,222.0,224.9199981689453,222.0,224.55999755859375,36508300,0.0,0.0,AMZN
2025-08-14 00:00:00-04:00,227.39999389648438,233.11000061035156,227.02000427246094,230.97999572753906,61545800,0.0,0.0,AMZN
2025-08-15 00:00:00-04:00,232.5800018310547,234.0800018310547,229.80999755859375,231.02999877929688,39649200,0.0,0.0,AMZN
2025-08-18 00:00:00-04:00,230.22999572753906,231.91000366210938,228.3300018310547,231.49000549316406,25248900,0.0,0.0,AMZN
2025-08-19 00:00:00-04:00,230.08999633789062,230.52999877929688,227.1199951171875,228.00999450683594,29891000,0.0,0.0,AMZN
2025-08-20 00:00:00-04:00,227.1199951171875,227.27000427246094,220.9199981689453,223.80999755859375,36604300,0.0,0.0,AMZN
2025-08-21 00:00:00-04:00,222.64999389648438,222.77999877929688,220.5,221.9499969482422,32140500,0.0,0.0,AMZN
2025-08-22 00:00:00-04:00,222.7899932861328,229.13999938964844,220.82000732421875,228.83999633789062,37315300,0.0,0.0,AMZN
2025-08-25 00:00:00-04:00,227.35000610351562,229.60000610351562,227.30999755859375,227.94000244140625,22633700,0.0,0.0,AMZN
2025-08-26 00:00:00-04:00,227.11000061035156,229.0,226.02000427246094,228.7100067138672,26105400,0.0,0.0,AMZN
2025-08-27 00:00:00-04:00,228.57000732421875,229.8699951171875,227.80999755859375,229.1199951171875,21254500,0.0,0.0,AMZN
2025-08-28 00:00:00-04:00,229.00999450683594,232.7100067138672,228.02000427246094,231.60000610351562,33679600,0.0,0.0,AMZN
2025-08-29 00:00:00-04:00,231.32000732421875,231.80999755859375,228.16000366210938,229.0,26199200,0.0,0.0,AMZN
2025-09-02 00:00:00-04:00,223.52000427246094,226.1699981689453,221.8300018310547,225.33999633789062,38843900,0.0,0.0,AMZN
2025-09-03 00:00:00-04:00,225.2100067138672,227.1699981689453,224.36000061035156,225.99000549316406,29223100,0.0,0.0,AMZN
2025-09-04 00:00:00-04:00,231.19000244140625,235.77000427246094,230.77999877929688,235.67999267578125,59391800,0.0,0.0,AMZN
2025-09-05 00:00:00-04:00,235.19000244140625,236.0,231.92999267578125,232.3300018310547,36721800,0.0,0.0,AMZN
2025-09-08 00:00:00-04:00,234.94000244140625,237.60000610351562,233.75,235.83999633789062,33947100,0.0,0.0,AMZN
2025-09-09 00:00:00-04:00,236.36000061035156,238.85000610351562,235.0800018310547,238.24000549316406,27033800,0.0,0.0,AMZN
2025-09-10 00:00:00-04:00,237.52000427246094,237.67999267578125,229.10000610351562,230.3300018310547,60907700,0.0,0.0,AMZN
2025-09-11 00:00:00-04:00,231.49000549316406,231.52999877929688,229.33999633789062,229.9499969482422,37485600,0.0,0.0,AMZN
2025-09-12 00:00:00-04:00,230.35000610351562,230.7899932861328,226.2899932861328,228.14999389648438,38496200,0.0,0.0,AMZN
2025-09-15 00:00:00-04:00,230.6300048828125,233.72999572753906,230.32000732421875,231.42999267578125,33243300,0.0,0.0,AMZN
2025-09-16 00:00:00-04:00,232.94000244140625,235.89999389648438,232.22999572753906,234.0500030517578,38203900,0.0,0.0,AMZN
2025-09-17 00:00:00-04:00,233.77000427246094,234.3000030517578,228.7100067138672,231.6199951171875,42815200,0.0,0.0,AMZN
2025-09-18 00:00:00-04:00,232.5,233.47999572753906,228.7899932861328,231.22999572753906,37931700,0.0,0.0,AMZN
2025-09-19 00:00:00-04:00,232.3699951171875,234.16000366210938,229.6999969482422,231.47999572753906,97943200,0.0,0.0,AMZN
2025-09-22 00:00:00-04:00,230.55999755859375,230.57000732421875,227.50999450683594,227.6300048828125,45914500,0.0,0.0,AMZN
2025-09-23 00:00:00-04:00,227.8300018310547,227.86000061035156,220.07000732421875,220.7100067138672,70956200,0.0,0.0,AMZN
2025-09-24 00:00:00-04:00,224.14999389648438,224.55999755859375,219.4499969482422,220.2100067138672,49509000,0.0,0.0,AMZN
2025-09-25 00:00:00-04:00,220.05999755859375,220.6699981689453,216.47000122070312,218.14999389648438,52226300,0.0,0.0,AMZN
2025-09-26 00:00:00-04:00,219.0800018310547,221.0500030517578,218.02000427246094,219.77999877929688,41650100,0.0,0.0,AMZN
2025-09-29 00:00:00-04:00,220.0800018310547,222.60000610351562,219.3000030517578,222.1699981689453,44259200,0.0,0.0,AMZN
2025-09-30 00:00:00-04:00,222.02999877929688,222.24000549316406,217.88999938964844,219.57000732421875,48396400,0.0,0.0,AMZN
2025-10-01 00:00:00-04:00,217.36000061035156,222.14999389648438,216.61000061035156,220.6300048828125,43933800,0.0,0.0,AMZN
2025-10-02 00:00:00-04:00,221.00999450683594,222.80999755859375,218.9499969482422,222.41000366210938,41258600,0.0,0.0,AMZN
2025-10-03 00:00:00-04:00,223.44000244140625,224.1999969482422,219.33999633789062,219.50999450683594,43639000,0.0,0.0,AMZN
2025-10-06 00:00:00-04:00,221.0,221.72999572753906,216.02999877929688,220.89999389648438,43690900,0.0,0.0,AMZN
2025-10-07 00:00:00-04:00,220.8800048828125,222.88999938964844,220.1699981689453,221.77999877929688,31194700,0.0,0.0,AMZN
2025-10-08 00:00:00-04:00,222.9199981689453,226.72999572753906,221.19000244140625,225.22000122070312,46686000,0.0,0.0,AMZN
2025-10-09 00:00:00-04:00,225.0,228.2100067138672,221.75,227.74000549316406,46412100,0.0,0.0,AMZN
2025-10-10 00:00:00-04:00,226.2100067138672,228.25,216.0,216.3699951171875,72367500,0.0,0.0,AMZN
2025-10-13 00:00:00-04:00,217.6999969482422,220.67999267578125,217.0399932861328,220.07000732421875,37809700,0.0,0.0,AMZN
2025-10-14 00:00:00-04:00,215.55999755859375,219.32000732421875,212.60000610351562,216.38999938964844,45665600,0.0,0.0,AMZN
2025-10-15 00:00:00-04:00,216.6199951171875,217.7100067138672,212.66000366210938,215.57000732421875,45909500,0.0,0.0,AMZN
2025-10-16 00:00:00-04:00,215.6699981689453,218.58999633789062,212.80999755859375,214.47000122070312,42414600,0.0,0.0,AMZN
2025-10-17 00:00:00-04:00,214.55999755859375,214.8000030517578,211.02999877929688,213.0399932861328,45986900,0.0,0.0,AMZN
2025-10-20 00:00:00-04:00,213.8800048828125,216.69000244140625,213.58999633789062,216.47999572753906,38882800,0.0,0.0,AMZN
2025-10-21 00:00:00-04:00,218.42999267578125,223.32000732421875,217.99000549316406,222.02999877929688,50494600,0.0,0.0,AMZN
2025-10-22 00:00:00-04:00,219.3000030517578,220.00999450683594,216.52000427246094,217.9499969482422,44308500,0.0,0.0,AMZN
2025-10-23 00:00:00-04:00,219.0,221.3000030517578,218.17999267578125,221.08999633789062,31540000,0.0,0.0,AMZN
2025-10-24 00:00:00-04:00,221.97000122070312,225.39999389648438,221.89999389648438,224.2100067138672,38685100,0.0,0.0,AMZN
2025-10-27 00:00:00-04:00,227.66000366210938,228.39999389648438,225.5399932861328,226.97000122070312,38267000,0.0,0.0,AMZN
2025-10-28 00:00:00-04:00,228.22000122070312,231.49000549316406,226.2100067138672,229.25,47100000,0.0,0.0,AMZN
2025-10-29 00:00:00-04:00,231.6699981689453,232.82000732421875,227.75999450683594,230.3000030517578,52036200,0.0,0.0,AMZN
2025-10-30 00:00:00-04:00,227.05999755859375,228.44000244140625,222.75,222.86000061035156,102252900,0.0,0.0,AMZN
2025-10-31 00:00:00-04:00,250.10000610351562,250.5,243.97999572753906,244.22000122070312,166340800,0.0,0.0,AMZN
2025-11-03 00:00:00-05:00,255.36000061035156,258.6000061035156,252.89999389648438,254.0,95997800,0.0,0.0,AMZN
2025-11-04 00:00:00-05:00,250.3800048828125,257.010009765625,248.66000366210938,249.32000732421875,51546300,0.0,0.0,AMZN
2025-11-05 00:00:00-05:00,249.02999877929688,251.0,246.16000366210938,250.1999969482422,40610700,0.0,0.0,AMZN
2025-11-06 00:00:00-05:00,249.16000366210938,250.3800048828125,242.1699981689453,243.0399932861328,46004200,0.0,0.0,AMZN
2025-11-07 00:00:00-05:00,242.89999389648438,244.89999389648438,238.49000549316406,244.41000366210938,46374300,0.0,0.0,AMZN
2025-11-10 00:00:00-05:00,248.33999633789062,251.75,245.58999633789062,248.39999389648438,36476500,0.0,0.0,AMZN
2025-11-11 00:00:00-05:00,248.41000366210938,249.75,247.22999572753906,249.10000610351562,23564100,0.0,0.0,AMZN
2025-11-12 00:00:00-05:00,250.24000549316406,250.3699951171875,243.75,244.1999969482422,31190100,0.0,0.0,AMZN
2025-11-13 00:00:00-05:00,243.0500030517578,243.75,236.5,237.5800018310547,41401700,0.0,0.0,AMZN
2025-11-14 00:00:00-05:00,235.05999755859375,238.72999572753906,232.88999938964844,234.69000244140625,38956700,0.0,0.0,AMZN
2025-11-17 00:00:00-05:00,233.25,234.60000610351562,229.19000244140625,232.8699951171875,59919000,0.0,0.0,AMZN
2025-11-18 00:00:00-05:00,228.10000610351562,230.1999969482422,222.4199981689453,222.5500030517578,60608400,0.0,0.0,AMZN
2025-11-19 00:00:00-05:00,223.74000549316406,223.74000549316406,218.52000427246094,222.69000244140625,58335600,0.0,0.0,AMZN
2025-11-20 00:00:00-05:00,227.0500030517578,227.41000366210938,216.74000549316406,217.13999938964844,50309000,0.0,0.0,AMZN
2025-11-21 00:00:00-05:00,216.35000610351562,222.2100067138672,215.17999267578125,220.69000244140625,68490500,0.0,0.0,AMZN
2025-11-24 00:00:00-05:00,222.55999755859375,227.3300018310547,222.27000427246094,226.27999877929688,54318400,0.0,0.0,AMZN
2025-11-25 00:00:00-05:00,226.3800048828125,230.52000427246094,223.8000030517578,229.6699981689453,39379300,0.0,0.0,AMZN
2025-11-26 00:00:00-05:00,230.74000549316406,231.75,228.77000427246094,229.16000366210938,38497900,0.0,0.0,AMZN
2025-11-28 00:00:00-05:00,231.24000549316406,233.2899932861328,230.22000122070312,233.22000122070312,20292300,0.0,0.0,AMZN
2025-12-01 00:00:00-05:00,233.22000122070312,235.8000030517578,232.25,233.8800048828125,42904000,0.0,0.0,AMZN
2025-12-02 00:00:00-05:00,235.00999450683594,238.97000122070312,233.5500030517578,234.4199981689453,45785400,0.0,0.0,AMZN
2025-12-03 00:00:00-05:00,233.35000610351562,233.3800048828125,230.61000061035156,232.3800048828125,35495100,0.0,0.0,AMZN
2025-12-04 00:00:00-05:00,232.77000427246094,233.5,226.8000030517578,229.11000061035156,45683200,0.0,0.0,AMZN
2025-12-05 00:00:00-05:00,230.32000732421875,231.24000549316406,228.5500030517578,229.52999877929688,33117400,0.0,0.0,AMZN
2025-12-08 00:00:00-05:00,229.58999633789062,230.8300018310547,226.27000427246094,226.88999938964844,35019200,0.0,0.0,AMZN
2025-12-09 00:00:00-05:00,226.83999633789062,228.57000732421875,225.11000061035156,227.9199981689453,25841700,0.0,0.0,AMZN
2025-12-10 00:00:00-05:00,228.80999755859375,232.4199981689453,228.4600067138672,231.77999877929688,38790700,0.0,0.0,AMZN
2025-12-11 00:00:00-05:00,230.7100067138672,232.11000061035156,228.69000244140625,230.27999877929688,28249600,0.0,0.0,AMZN
2025-12-12 00:00:00-05:00,229.8699951171875,230.0800018310547,225.1199951171875,226.19000244140625,35639100,0.0,0.0,AMZN
2025-12-15 00:00:00-05:00,227.92999267578125,227.92999267578125,221.5,222.5399932861328,47286100,0.0,0.0,AMZN
2025-12-16 00:00:00-05:00,223.0399932861328,223.66000366210938,221.1300048828125,222.55999755859375,39298900,0.0,0.0,AMZN
2025-12-17 00:00:00-05:00,224.66000366210938,225.19000244140625,220.99000549316406,221.27000427246094,44034400,0.0,0.0,AMZN
2025-12-18 00:00:00-05:00,225.7100067138672,229.22999572753906,224.41000366210938,226.75999450683594,50272400,0.0,0.0,AMZN
2025-12-19 00:00:00-05:00,226.75999450683594,229.1300048828125,225.5800018310547,227.35000610351562,85544400,0.0,0.0,AMZN
2025-12-22 00:00:00-05:00,228.61000061035156,229.47999572753906,226.7100067138672,228.42999267578125,32261300,0.0,0.0,AMZN
2025-12-23 00:00:00-05:00,229.05999755859375,232.4499969482422,228.72999572753906,232.13999938964844,29230200,0.0,0.0,AMZN
2025-12-24 00:00:00-05:00,232.1300048828125,232.9499969482422,231.3300018310547,232.3800048828125,11420500,0.0,0.0,AMZN
2025-12-26 00:00:00-05:00,232.0399932861328,232.99000549316406,231.17999267578125,232.52000427246094,15994700,0.0,0.0,AMZN
2025-12-29 00:00:00-05:00,231.94000244140625,232.60000610351562,230.77000427246094,232.07000732421875,19797900,0.0,0.0,AMZN
2025-12-30 00:00:00-05:00,231.2100067138672,232.77000427246094,230.1999969482422,232.52999877929688,21910500,0.0,0.0,AMZN
2025-12-31 00:00:00-05:00,232.91000366210938,232.99000549316406,230.1199951171875,230.82000732421875,24383700,0.0,0.0,AMZN
2026-01-02 00:00:00-05:00,231.33999633789062,235.4600067138672,224.6999969482422,226.5,51456200,0.0,0.0,AMZN
2026-01-05 00:00:00-05:00,228.83999633789062,234.0,227.17999267578125,233.05999755859375,49733300,0.0,0.0,AMZN
2026-01-06 00:00:00-05:00,232.10000610351562,243.17999267578125,232.07000732421875,240.92999267578125,53764700,0.0,0.0,AMZN
2026-01-07 00:00:00-05:00,239.61000061035156,245.2899932861328,239.52000427246094,241.55999755859375,42236500,0.0,0.0,AMZN
2026-01-08 00:00:00-05:00,243.05999755859375,246.41000366210938,241.8800048828125,246.2899932861328,39509800,0.0,0.0,AMZN
2026-01-09 00:00:00-05:00,244.57000732421875,247.86000061035156,242.24000549316406,247.3800048828125,34560000,0.0,0.0,AMZN
2026-01-12 00:00:00-05:00,246.72999572753906,248.94000244140625,245.9600067138672,246.47000122070312,35867800,0.0,0.0,AMZN
2026-01-13 00:00:00-05:00,246.52999877929688,247.66000366210938,240.25,242.60000610351562,38371800,0.0,0.0,AMZN
2026-01-14 00:00:00-05:00,241.14999389648438,241.27999877929688,236.22000122070312,236.64999389648438,41410600,0.0,0.0,AMZN
2026-01-15 00:00:00-05:00,239.30999755859375,240.64999389648438,236.6300048828125,238.17999267578125,43003600,0.0,0.0,AMZN
2026-01-16 00:00:00-05:00,239.08999633789062,239.57000732421875,236.41000366210938,239.1199951171875,45888300,0.0,0.0,AMZN
2026-01-20 00:00:00-05:00,233.75999450683594,235.08999633789062,229.33999633789062,231.0,47737900,0.0,0.0,AMZN
2026-01-21 00:00:00-05:00,231.08999633789062,232.3000030517578,226.8800048828125,231.30999755859375,47276100,0.0,0.0,AMZN
2026-01-22 00:00:00-05:00,234.0500030517578,235.72000122070312,230.89999389648438,234.33999633789062,31913300,0.0,0.0,AMZN
2026-01-23 00:00:00-05:00,234.9600067138672,240.4499969482422,234.57000732421875,239.16000366210938,33778500,0.0,0.0,AMZN
2026-01-26 00:00:00-05:00,239.97999572753906,240.9499969482422,237.5399932861328,238.4199981689453,32825500,0.0,0.0,AMZN
2026-01-27 00:00:00-05:00,239.69000244140625,244.8800048828125,238.0800018310547,244.67999267578125,38029200,0.0,0.0,AMZN
2026-01-28 00:00:00-05:00,246.3699951171875,247.77999877929688,241.52999877929688,243.00999450683594,40882700,0.0,0.0,AMZN
2026-01-29 00:00:00-05:00,242.82000732421875,243.0,236.74000549316406,241.72999572753906,47229600,0.0,0.0,AMZN
2026-01-30 00:00:00-05:00,239.88999938964844,243.32000732421875,237.63999938964844,239.3000030517578,46585000,0.0,0.0,AMZN
2026-02-02 00:00:00-05:00,238.30999755859375,245.6300048828125,238.1699981689453,242.9600067138672,37546100,0.0,0.0,AMZN
2026-02-03 00:00:00-05:00,244.97999572753906,246.35000610351562,235.4499969482422,238.6199951171875,53831300,0.0,0.0,AMZN
2026-02-04 00:00:00-05:00,238.86000061035156,238.86000061035156,231.82000732421875,232.99000549316406,51299900,0.0,0.0,AMZN
2026-02-05 00:00:00-05:00,224.91000366210938,226.30999755859375,220.3800048828125,222.69000244140625,103509200,0.0,0.0,AMZN
2026-02-06 00:00:00-05:00,202.6999969482422,211.44000244140625,200.30999755859375,210.32000732421875,179210900,0.0,0.0,AMZN
2026-02-09 00:00:00-05:00,208.97000122070312,212.80999755859375,203.35000610351562,208.72000122070312,91178400,0.0,0.0,AMZN
2026-02-10 00:00:00-05:00,208.8000030517578,212.64999389648438,206.41000366210938,206.9600067138672,67175000,0.0,0.0,AMZN
2026-02-11 00:00:00-05:00,208.05999755859375,208.57000732421875,202.49000549316406,204.0800018310547,65545500,0.0,0.0,AMZN
2026-02-12 00:00:00-05:00,203.9600067138672,203.9600067138672,197.55999755859375,199.60000610351562,83975400,0.0,0.0,AMZN
2026-02-13 00:00:00-05:00,198.8800048828125,201.16000366210938,197.27999877929688,198.7899932861328,66321600,0.0,0.0,AMZN
2026-02-17 00:00:00-05:00,198.1300048828125,201.74000549316406,196.0,201.14999389648438,69879200,0.0,0.0,AMZN
2026-02-18 00:00:00-05:00,202.07000732421875,206.86000061035156,201.50999450683594,204.7899932861328,51003300,0.0,0.0,AMZN
2026-02-19 00:00:00-05:00,203.8000030517578,205.63999938964844,202.80999755859375,204.86000061035156,35669600,0.0,0.0,AMZN
2026-02-20 00:00:00-05:00,204.75999450683594,211.1699981689453,203.75,210.11000061035156,65881600,0.0,0.0,AMZN
2026-02-23 00:00:00-05:00,208.10000610351562,208.42999267578125,203.11000061035156,205.27000427246094,53581500,0.0,0.0,AMZN
2026-02-24 00:00:00-05:00,205.47000122070312,210.36000061035156,203.25,208.55999755859375,41137200,0.0,0.0,AMZN
2026-02-25 00:00:00-05:00,210.4600067138672,211.58999633789062,208.92999267578125,210.63999938964844,41346400,0.0,0.0,AMZN
2026-02-26 00:00:00-05:00,210.72999572753906,211.0500030517578,205.35000610351562,207.9199981689453,47634600,0.0,0.0,AMZN
2025-02-27 00:00:00-05:00,99.5,100.072998046875,96.18299865722656,96.30699920654297,37666000,0.0,0.0,NFLX
2025-02-28 00:00:00-05:00,96.95600128173828,98.22699737548828,95.81700134277344,98.05599975585938,47174000,0.0,0.0,NFLX
2025-03-03 00:00:00-05:00,98.30000305175781,99.49299621582031,96.48100280761719,97.37000274658203,39074000,0.0,0.0,NFLX
2025-03-04 00:00:00-05:00,97.16100311279297,98.63099670410156,94.82099914550781,97.25800323486328,43928000,0.0,0.0,NFLX
2025-03-05 00:00:00-05:00,97.36199951171875,99.55999755859375,96.947998046875,99.09200286865234,38079000,0.0,0.0,NFLX
2025-03-06 00:00:00-05:00,97.29900360107422,97.36900329589844,89.9000015258789,90.63600158691406,78526000,0.0,0.0,NFLX
2025-03-07 00:00:00-05:00,89.76399993896484,90.48899841308594,85.80699920654297,89.11100006103516,77375000,0.0,0.0,NFLX
2025-03-10 00:00:00-04:00,87.50700378417969,88.12699890136719,85.44999694824219,86.66799926757812,69953000,0.0,0.0,NFLX
2025-03-11 00:00:00-04:00,86.74099731445312,91.06800079345703,86.5999984741211,89.51000213623047,73989000,0.0,0.0,NFLX
2025-03-12 00:00:00-04:00,91.45999908447266,92.71800231933594,90.0999984741211,91.96800231933594,68658000,0.0,0.0,NFLX
2025-03-13 00:00:00-04:00,91.30000305175781,92.18900299072266,88.7509994506836,89.01699829101562,50017000,0.0,0.0,NFLX
2025-03-14 00:00:00-04:00,90.14600372314453,91.96299743652344,90.0999984741211,91.80000305175781,52007000,0.0,0.0,NFLX
2025-03-17 00:00:00-04:00,93.99500274658203,96.76300048828125,93.44200134277344,95.00199890136719,75431000,0.0,0.0,NFLX
2025-03-18 00:00:00-04:00,94.0,94.82499694824219,91.62999725341797,92.99800109863281,60094000,0.0,0.0,NFLX
2025-03-19 00:00:00-04:00,93.5770034790039,96.80000305175781,92.4000015258789,95.9489974975586,66624000,0.0,0.0,NFLX
2025-03-20 00:00:00-04:00,95.0009994506836,96.69999694824219,94.55000305175781,95.08399963378906,44663000,0.0,0.0,NFLX
2025-03-21 00:00:00-04:00,94.16400146484375,96.36499786376953,94.09500122070312,96.02899932861328,59054000,0.0,0.0,NFLX
2025-03-24 00:00:00-04:00,96.96700286865234,97.69999694824219,95.15499877929688,97.1989974975586,46779000,0.0,0.0,NFLX
2025-03-25 00:00:00-04:00,97.81800079345703,99.87000274658203,97.71099853515625,99.72799682617188,37822000,0.0,0.0,NFLX
2025-03-26 00:00:00-04:00,99.38099670410156,99.67900085449219,96.63200378417969,97.06500244140625,35274000,0.0,0.0,NFLX
2025-03-27 00:00:00-04:00,97.4219970703125,98.9000015258789,96.63700103759766,97.6719970703125,30472000,0.0,0.0,NFLX
2025-03-28 00:00:00-04:00,97.19999694824219,97.49800109863281,92.9229965209961,93.38500213623047,44227000,0.0,0.0,NFLX
2025-03-31 00:00:00-04:00,92.0530014038086,93.447998046875,90.05899810791016,93.25299835205078,46341000,0.0,0.0,NFLX
2025-04-01 00:00:00-04:00,92.75,93.22899627685547,91.1500015258789,92.83799743652344,35200000,0.0,0.0,NFLX
2025-04-02 00:00:00-04:00,92.30000305175781,94.95500183105469,91.61100006103516,93.552001953125,32569000,0.0,0.0,NFLX
2025-04-03 00:00:00-04:00,90.18000030517578,94.65899658203125,90.0469970703125,91.70500183105469,58646000,0.0,0.0,NFLX
2025-04-04 00:00:00-04:00,89.6500015258789,90.66300201416016,85.38700103759766,85.58599853515625,67988000,0.0,0.0,NFLX
2025-04-07 00:00:00-04:00,82.78500366210938,90.67400360107422,82.11000061035156,86.78299713134766,66568000,0.0,0.0,NFLX
2025-04-08 00:00:00-04:00,91.24400329589844,92.24199676513672,85.7699966430664,87.04000091552734,56254000,0.0,0.0,NFLX
2025-04-09 00:00:00-04:00,85.59300231933594,95.14299774169922,85.44000244140625,94.5469970703125,74980000,0.0,0.0,NFLX
2025-04-10 00:00:00-04:00,93.19400024414062,94.1240005493164,89.4000015258789,92.11699676513672,51298000,0.0,0.0,NFLX
2025-04-11 00:00:00-04:00,92.0,94.48600006103516,90.66799926757812,91.8290023803711,40736000,0.0,0.0,NFLX
2025-04-14 00:00:00-04:00,93.2699966430664,94.89800262451172,91.94999694824219,93.12799835205078,40359000,0.0,0.0,NFLX
2025-04-15 00:00:00-04:00,95.0,99.34500122070312,94.80000305175781,97.62799835205078,77120000,0.0,0.0,NFLX
2025-04-16 00:00:00-04:00,97.62799835205078,98.12100219726562,94.91699981689453,96.16300201416016,60661000,0.0,0.0,NFLX
2025-04-17 00:00:00-04:00,96.9000015258789,98.47000122070312,95.5999984741211,97.3030014038086,88937000,0.0,0.0,NFLX
2025-04-21 00:00:00-04:00,98.44000244140625,101.9000015258789,97.30500030517578,98.79100036621094,97757000,0.0,0.0,NFLX
2025-04-22 00:00:00-04:00,100.52999877929688,106.49700164794922,100.4520034790039,104.03399658203125,93689000,0.0,0.0,NFLX
2025-04-23 00:00:00-04:00,104.72200012207031,106.125,103.19999694824219,104.95899963378906,64719000,0.0,0.0,NFLX
2025-04-24 00:00:00-04:00,104.80000305175781,110.0999984741211,104.7020034790039,109.68699645996094,63819000,0.0,0.0,NFLX
2025-04-25 00:00:00-04:00,109.7040023803711,110.68000030517578,109.0999984741211,110.15299987792969,39500000,0.0,0.0,NFLX
2025-04-28 00:00:00-04:00,110.0,111.4000015258789,108.26200103759766,111.03800201416016,38311000,0.0,0.0,NFLX
2025-04-29 00:00:00-04:00,110.39199829101562,112.78099822998047,109.5479965209961,112.56400299072266,37773000,0.0,0.0,NFLX
2025-04-30 00:00:00-04:00,111.26499938964844,113.31999969482422,110.11100006103516,113.1719970703125,42667000,0.0,0.0,NFLX
2025-05-01 00:00:00-04:00,112.25199890136719,114.24199676513672,111.18299865722656,113.34700012207031,34995000,0.0,0.0,NFLX
2025-05-02 00:00:00-04:00,113.66600036621094,115.94400024414062,113.33200073242188,115.64900207519531,37743000,0.0,0.0,NFLX
2025-05-05 00:00:00-04:00,111.4800033569336,114.4020004272461,110.70099639892578,113.40599822998047,56623000,0.0,0.0,NFLX
2025-05-06 00:00:00-04:00,112.94300079345703,114.76599884033203,112.63999938964844,113.76899719238281,32567000,0.0,0.0,NFLX
2025-05-07 00:00:00-04:00,113.91799926757812,116.4000015258789,113.80000305175781,115.54100036621094,43497000,0.0,0.0,NFLX
2025-05-08 00:00:00-04:00,116.16200256347656,116.22899627685547,113.91999816894531,114.44300079345703,37609000,0.0,0.0,NFLX
2025-05-09 00:00:00-04:00,114.70999908447266,115.0999984741211,113.3219985961914,114.02200317382812,25696000,0.0,0.0,NFLX
2025-05-12 00:00:00-04:00,112.4260025024414,113.0,110.29299926757812,111.0,64791000,0.0,0.0,NFLX
2025-05-13 00:00:00-04:00,111.44599914550781,114.78800201416016,110.62999725341797,113.84400177001953,39979000,0.0,0.0,NFLX
2025-05-14 00:00:00-04:00,112.95999908447266,115.29000091552734,112.83999633789062,115.0989990234375,39101000,0.0,0.0,NFLX
2025-05-15 00:00:00-04:00,114.77400207519531,118.77999877929688,114.76499938964844,117.7979965209961,44640000,0.0,0.0,NFLX
2025-05-16 00:00:00-04:00,119.31400299072266,119.6500015258789,117.93900299072266,119.15299987792969,46984000,0.0,0.0,NFLX
2025-05-19 00:00:00-04:00,117.35800170898438,119.16400146484375,117.1709976196289,119.16400146484375,28534000,0.0,0.0,NFLX
2025-05-20 00:00:00-04:00,118.67900085449219,119.30000305175781,117.9020004272461,119.2020034790039,21331000,0.0,0.0,NFLX
2025-05-21 00:00:00-04:00,118.6500015258789,121.12200164794922,118.6500015258789,119.46299743652344,29766000,0.0,0.0,NFLX
2025-05-22 00:00:00-04:00,119.23999786376953,119.875,118.72100067138672,118.7969970703125,18616000,0.0,0.0,NFLX
2025-05-23 00:00:00-04:00,118.4000015258789,119.1449966430664,117.94400024414062,118.53900146484375,21865000,0.0,0.0,NFLX
2025-05-27 00:00:00-04:00,119.53299713134766,121.177001953125,119.30899810791016,121.15699768066406,29205000,0.0,0.0,NFLX
2025-05-28 00:00:00-04:00,121.0270004272461,121.59100341796875,120.60199737548828,120.8550033569336,18559000,0.0,0.0,NFLX
2025-05-29 00:00:00-04:00,120.80000305175781,120.9000015258789,117.62799835205078,118.48600006103516,33007000,0.0,0.0,NFLX
2025-05-30 00:00:00-04:00,119.83300018310547,121.18099975585938,118.09300231933594,120.7229995727539,46968000,0.0,0.0,NFLX
2025-06-02 00:00:00-04:00,120.12000274658203,121.94000244140625,119.625,121.89800262451172,22942000,0.0,0.0,NFLX
2025-06-03 00:00:00-04:00,121.98699951171875,122.95700073242188,121.11799621582031,121.79399871826172,23638000,0.0,0.0,NFLX
2025-06-04 00:00:00-04:00,122.072998046875,124.25599670410156,121.98799896240234,123.96600341796875,23594000,0.0,0.0,NFLX
2025-06-05 00:00:00-04:00,124.05999755859375,126.28099822998047,123.72899627685547,125.052001953125,28172000,0.0,0.0,NFLX
2025-06-06 00:00:00-04:00,125.94100189208984,126.0,123.55500030517578,124.14700317382812,25570000,0.0,0.0,NFLX
2025-06-09 00:00:00-04:00,123.88800048828125,123.88800048828125,122.15699768066406,122.44599914550781,24031000,0.0,0.0,NFLX
2025-06-10 00:00:00-04:00,122.75199890136719,122.75199890136719,118.06099700927734,120.36199951171875,44544000,0.0,0.0,NFLX
2025-06-11 00:00:00-04:00,120.26000213623047,122.8290023803711,119.60099792480469,121.98799896240234,23823000,0.0,0.0,NFLX
2025-06-12 00:00:00-04:00,122.25900268554688,123.0,121.19599914550781,121.50299835205078,20846000,0.0,0.0,NFLX
2025-06-13 00:00:00-04:00,120.65899658203125,122.06199645996094,120.18900299072266,121.21499633789062,22103000,0.0,0.0,NFLX
2025-06-16 00:00:00-04:00,121.22000122070312,122.625,121.22000122070312,122.53500366210938,21128000,0.0,0.0,NFLX
2025-06-17 00:00:00-04:00,121.99500274658203,123.23600006103516,121.60900115966797,122.06700134277344,18921000,0.0,0.0,NFLX
2025-06-18 00:00:00-04:00,122.9990005493164,124.19999694824219,122.05000305175781,122.22899627685547,22810000,0.0,0.0,NFLX
2025-06-20 00:00:00-04:00,123.44499969482422,124.8499984741211,122.43499755859375,123.14099884033203,53482000,0.0,0.0,NFLX
2025-06-23 00:00:00-04:00,123.8030014038086,125.48400115966797,121.5009994506836,125.35399627685547,26673000,0.0,0.0,NFLX
2025-06-24 00:00:00-04:00,126.05500030517578,128.2570037841797,125.5,127.91100311279297,26633000,0.0,0.0,NFLX
2025-06-25 00:00:00-04:00,128.6840057373047,129.8000030517578,127.38099670410156,127.5250015258789,21465000,0.0,0.0,NFLX
2025-06-26 00:00:00-04:00,128.0,130.73399353027344,128.0,130.66700744628906,26059000,0.0,0.0,NFLX
2025-06-27 00:00:00-04:00,130.68800354003906,133.13499450683594,130.10000610351562,132.31199645996094,40709000,0.0,0.0,NFLX
2025-06-30 00:00:00-04:00,133.10000610351562,134.11500549316406,132.12100219726562,133.91299438476562,32829000,0.0,0.0,NFLX
2025-07-01 00:00:00-04:00,133.822998046875,133.8769989013672,128.2220001220703,129.36000061035156,49936000,0.0,0.0,NFLX
2025-07-02 00:00:00-04:00,129.6959991455078,129.9949951171875,127.15899658203125,128.48599243164062,30488000,0.0,0.0,NFLX
2025-07-03 00:00:00-04:00,129.1999969482422,130.2259979248047,127.97599792480469,129.71800231933594,20062000,0.0,0.0,NFLX
2025-07-07 00:00:00-04:00,129.5,129.5,127.60199737548828,128.96200561523438,22737000,0.0,0.0,NFLX
2025-07-08 00:00:00-04:00,129.08999633789062,129.3249969482422,126.0,127.53099822998047,32925000,0.0,0.0,NFLX
2025-07-09 00:00:00-04:00,127.39900207519531,128.82899475097656,126.6240005493164,128.8280029296875,23845000,0.0,0.0,NFLX
2025-07-10 00:00:00-04:00,128.5500030517578,128.9600067138672,124.60099792480469,125.05899810791016,42308000,0.0,0.0,NFLX
2025-07-11 00:00:00-04:00,125.97899627685547,126.0999984741211,123.12999725341797,124.51100158691406,39572000,0.0,0.0,NFLX
2025-07-14 00:00:00-04:00,124.49099731445312,127.04900360107422,124.0,126.19499969482422,27810000,0.0,0.0,NFLX
2025-07-15 00:00:00-04:00,126.19999694824219,127.12200164794922,124.3239974975586,126.0270004272461,28017000,0.0,0.0,NFLX
2025-07-16 00:00:00-04:00,126.1709976196289,127.0999984741211,124.98200225830078,125.03099822998047,32270000,0.0,0.0,NFLX
2025-07-17 00:00:00-04:00,125.30000305175781,127.75,124.4800033569336,127.41699981689453,64699000,0.0,0.0,NFLX
2025-07-18 00:00:00-04:00,124.19599914550781,124.6500015258789,120.10099792480469,120.92400360107422,106933000,0.0,0.0,NFLX
2025-07-21 00:00:00-04:00,120.5999984741211,123.70999908447266,119.80000305175781,123.3270034790039,56276000,0.0,0.0,NFLX
2025-07-22 00:00:00-04:00,123.03800201416016,123.23699951171875,118.75,119.00800323486328,50630000,0.0,0.0,NFLX
2025-07-23 00:00:00-04:00,118.98100280761719,119.26200103759766,117.36000061035156,117.6780014038086,45043000,0.0,0.0,NFLX
2025-07-24 00:00:00-04:00,117.77999877929688,118.3499984741211,116.26599884033203,118.07599639892578,38456000,0.0,0.0,NFLX
2025-07-25 00:00:00-04:00,117.84200286865234,118.73200225830078,117.43800354003906,118.04900360107422,26293000,0.0,0.0,NFLX
2025-07-28 00:00:00-04:00,118.12000274658203,119.77899932861328,116.85299682617188,117.45999908447266,34470000,0.0,0.0,NFLX
2025-07-29 00:00:00-04:00,117.9000015258789,117.95999908447266,116.3290023803711,116.8740005493164,27525000,0.0,0.0,NFLX
2025-07-30 00:00:00-04:00,116.8550033569336,118.48500061035156,116.61000061035156,118.41999816894531,29227000,0.0,0.0,NFLX
2025-07-31 00:00:00-04:00,118.4800033569336,119.0,115.77400207519531,115.94000244140625,37129000,0.0,0.0,NFLX
2025-08-01 00:00:00-04:00,116.3010025024414,117.85099792480469,115.28500366210938,115.86000061035156,38910000,0.0,0.0,NFLX
2025-08-04 00:00:00-04:00,116.76499938964844,117.69999694824219,116.26200103759766,117.0989990234375,22447000,0.0,0.0,NFLX
2025-08-05 00:00:00-04:00,117.0999984741211,117.1709976196289,114.47100067138672,114.78700256347656,26607000,0.0,0.0,NFLX
2025-08-06 00:00:00-04:00,115.35199737548828,118.13800048828125,115.18699645996094,117.8479995727539,33622000,0.0,0.0,NFLX
2025-08-07 00:00:00-04:00,118.1760025024414,119.12200164794922,116.81999969482422,118.03700256347656,26283000,0.0,0.0,NFLX
2025-08-08 00:00:00-04:00,118.31900024414062,121.41100311279297,118.03700256347656,121.16400146484375,38167000,0.0,0.0,NFLX
2025-08-11 00:00:00-04:00,121.4010009765625,122.30699920654297,120.19300079345703,121.83100128173828,24556000,0.0,0.0,NFLX
2025-08-12 00:00:00-04:00,122.5,123.1989974975586,120.6510009765625,122.52799987792969,22788000,0.0,0.0,NFLX
2025-08-13 00:00:00-04:00,123.4000015258789,123.71199798583984,120.30000305175781,120.44400024414062,27624000,0.0,0.0,NFLX
2025-08-14 00:00:00-04:00,120.98899841308594,124.40899658203125,120.7030029296875,123.05599975585938,39047000,0.0,0.0,NFLX
2025-08-15 00:00:00-04:00,123.40399932861328,124.69400024414062,122.78800201416016,123.8949966430664,27678000,0.0,0.0,NFLX
2025-08-18 00:00:00-04:00,123.56300354003906,125.11599731445312,123.54499816894531,124.50900268554688,21111000,0.0,0.0,NFLX
2025-08-19 00:00:00-04:00,124.0199966430664,124.0999984741211,119.27899932861328,121.41500091552734,37077000,0.0,0.0,NFLX
2025-08-20 00:00:00-04:00,121.80000305175781,122.30000305175781,119.33100128173828,121.38600158691406,24344000,0.0,0.0,NFLX
2025-08-21 00:00:00-04:00,121.14299774169922,122.13999938964844,119.76399993896484,120.62100219726562,20472000,0.0,0.0,NFLX
2025-08-22 00:00:00-04:00,120.88800048828125,121.36199951171875,119.822998046875,120.46499633789062,31281000,0.0,0.0,NFLX
2025-08-25 00:00:00-04:00,120.16500091552734,123.37999725341797,119.9000015258789,121.80699920654297,28120000,0.0,0.0,NFLX
2025-08-26 00:00:00-04:00,122.02100372314453,123.1500015258789,121.22000122070312,122.60900115966797,19857000,0.0,0.0,NFLX
2025-08-27 00:00:00-04:00,122.36100006103516,122.9209976196289,121.30000305175781,122.3499984741211,16645000,0.0,0.0,NFLX
2025-08-28 00:00:00-04:00,122.27899932861328,123.78900146484375,121.427001953125,123.1449966430664,19503000,0.0,0.0,NFLX
2025-08-29 00:00:00-04:00,122.7969970703125,122.87899780273438,120.11499786376953,120.82499694824219,32098000,0.0,0.0,NFLX
2025-09-02 00:00:00-04:00,119.69999694824219,121.54000091552734,118.27999877929688,121.41100311279297,23033000,0.0,0.0,NFLX
2025-09-03 00:00:00-04:00,120.51399993896484,122.69999694824219,120.33799743652344,122.61799621582031,24715000,0.0,0.0,NFLX
2025-09-04 00:00:00-04:00,122.31999969482422,125.74800109863281,122.30899810791016,125.74800109863281,30235000,0.0,0.0,NFLX
2025-09-05 00:00:00-04:00,126.0,126.70999908447266,123.9020004272461,124.38200378417969,23797000,0.0,0.0,NFLX
2025-09-08 00:00:00-04:00,124.85399627685547,125.2040023803711,123.19999694824219,124.47599792480469,19151000,0.0,0.0,NFLX
2025-09-09 00:00:00-04:00,124.66699981689453,126.5719985961914,124.66699981689453,126.32499694824219,22197000,0.0,0.0,NFLX
2025-09-10 00:00:00-04:00,126.39700317382812,126.69999694824219,124.63600158691406,124.77100372314453,27010000,0.0,0.0,NFLX
2025-09-11 00:00:00-04:00,125.0999984741211,125.34500122070312,119.19999694824219,120.3499984741211,56823000,0.0,0.0,NFLX
2025-09-12 00:00:00-04:00,120.30599975585938,121.1780014038086,118.23999786376953,118.84400177001953,37849000,0.0,0.0,NFLX
2025-09-15 00:00:00-04:00,118.83999633789062,120.7239990234375,117.32099914550781,120.22599792480469,29093000,0.0,0.0,NFLX
2025-09-16 00:00:00-04:00,120.56400299072266,120.9000015258789,119.72799682617188,120.0510025024414,24047000,0.0,0.0,NFLX
2025-09-17 00:00:00-04:00,122.10199737548828,123.39299774169922,120.66100311279297,122.8499984741211,34598000,0.0,0.0,NFLX
2025-09-18 00:00:00-04:00,122.08200073242188,123.30000305175781,120.55000305175781,120.77799987792969,31691000,0.0,0.0,NFLX
2025-09-19 00:00:00-04:00,121.86199951171875,122.99500274658203,120.80999755859375,122.6969985961914,49476000,0.0,0.0,NFLX
2025-09-22 00:00:00-04:00,122.19000244140625,122.97599792480469,121.42400360107422,122.73699951171875,25468000,0.0,0.0,NFLX
2025-09-23 00:00:00-04:00,122.73300170898438,122.77899932861328,120.84700012207031,121.84700012207031,24991000,0.0,0.0,NFLX
2025-09-24 00:00:00-04:00,121.86100006103516,122.1500015258789,119.41999816894531,120.3949966430664,27731000,0.0,0.0,NFLX
2025-09-25 00:00:00-04:00,120.30899810791016,121.68399810791016,119.1510009765625,120.8239974975586,19978000,0.0,0.0,NFLX
2025-09-26 00:00:00-04:00,120.54199981689453,121.4000015258789,120.0,121.06099700927734,19450000,0.0,0.0,NFLX
2025-09-29 00:00:00-04:00,120.5,122.4489974975586,118.75399780273438,120.64099884033203,30332000,0.0,0.0,NFLX
2025-09-30 00:00:00-04:00,120.64099884033203,120.8499984741211,117.80000305175781,119.89199829101562,38303000,0.0,0.0,NFLX
2025-10-01 00:00:00-04:00,117.54900360107422,117.91400146484375,116.32099914550781,117.08999633789062,41102000,0.0,0.0,NFLX
2025-10-02 00:00:00-04:00,116.1500015258789,116.33300018310547,113.4000015258789,116.25299835205078,46855000,0.0,0.0,NFLX
2025-10-03 00:00:00-04:00,116.5,116.80000305175781,114.3219985961914,115.33200073242188,31374000,0.0,0.0,NFLX
2025-10-06 00:00:00-04:00,116.03700256347656,116.35800170898438,114.54499816894531,116.33100128173828,29686000,0.0,0.0,NFLX
2025-10-07 00:00:00-04:00,117.77899932861328,120.13700103759766,117.74600219726562,119.10600280761719,33091000,0.0,0.0,NFLX
2025-10-08 00:00:00-04:00,119.71099853515625,121.73899841308594,119.19999694824219,121.42500305175781,28514000,0.0,0.0,NFLX
2025-10-09 00:00:00-04:00,121.42500305175781,123.75,121.18199920654297,123.10700225830078,28241000,0.0,0.0,NFLX
2025-10-10 00:00:00-04:00,122.9000015258789,124.69999694824219,121.91000366210938,122.00800323486328,42798000,0.0,0.0,NFLX
2025-10-13 00:00:00-04:00,122.13500213623047,123.11199951171875,120.68099975585938,121.90299987792969,24608000,0.0,0.0,NFLX
2025-10-14 00:00:00-04:00,121.4749984741211,122.42900085449219,120.30999755859375,121.53500366210938,23624000,0.0,0.0,NFLX
2025-10-15 00:00:00-04:00,121.3010025024414,121.96199798583984,120.16100311279297,120.3290023803711,20252000,0.0,0.0,NFLX
2025-10-16 00:00:00-04:00,121.21499633789062,121.6709976196289,117.5999984741211,118.35900115966797,28326000,0.0,0.0,NFLX
2025-10-17 00:00:00-04:00,118.36000061035156,120.31199645996094,117.8949966430664,119.93599700927734,29571000,0.0,0.0,NFLX
2025-10-20 00:00:00-04:00,120.78800201416016,124.7760009765625,120.69000244140625,123.85600280761719,39862000,0.0,0.0,NFLX
2025-10-21 00:00:00-04:00,124.28299713134766,124.86000061035156,123.1760025024414,124.13500213623047,65082000,0.0,0.0,NFLX
2025-10-22 00:00:00-04:00,114.29000091552734,115.76000213623047,111.2509994506836,111.63700103759766,147890000,0.0,0.0,NFLX
2025-10-23 00:00:00-04:00,112.69000244140625,112.78299713134766,109.9729995727539,111.35900115966797,68497000,0.0,0.0,NFLX
2025-10-24 00:00:00-04:00,111.0999984741211,111.45099639892578,109.44100189208984,109.46900177001953,60280000,0.0,0.0,NFLX
2025-10-27 00:00:00-04:00,110.06700134277344,110.22799682617188,108.7300033569336,109.45600128173828,46911000,0.0,0.0,NFLX
2025-10-28 00:00:00-04:00,109.4000015258789,111.697998046875,109.3010025024414,110.25,40209000,0.0,0.0,NFLX
2025-10-29 00:00:00-04:00,109.98400115966797,110.8550033569336,109.5999984741211,110.04100036621094,33995000,0.0,0.0,NFLX
2025-10-30 00:00:00-04:00,109.44000244140625,110.61599731445312,108.81099700927734,108.9000015258789,41581000,0.0,0.0,NFLX
2025-10-31 00:00:00-04:00,110.53900146484375,113.48799896240234,110.197998046875,111.88600158691406,68665000,0.0,0.0,NFLX
2025-11-03 00:00:00-05:00,113.3239974975586,113.3499984741211,107.51499938964844,110.00900268554688,58634000,0.0,0.0,NFLX
2025-11-04 00:00:00-05:00,109.9990005493164,110.45999908447266,108.66799926757812,109.2959976196289,38718000,0.0,0.0,NFLX
2025-11-05 00:00:00-05:00,108.5,110.08499908447266,107.33699798583984,109.84600067138672,35539000,0.0,0.0,NFLX
2025-11-06 00:00:00-05:00,109.45800018310547,110.37000274658203,108.51300048828125,109.7020034790039,36532000,0.0,0.0,NFLX
2025-11-07 00:00:00-05:00,109.41799926757812,110.8219985961914,108.75,110.36599731445312,44125000,0.0,0.0,NFLX
2025-11-10 00:00:00-05:00,110.6719970703125,112.81999969482422,110.40499877929688,112.00700378417969,36929000,0.0,0.0,NFLX
2025-11-11 00:00:00-05:00,111.76000213623047,113.9219970703125,111.27999877929688,113.64399719238281,27966000,0.0,0.0,NFLX
2025-11-12 00:00:00-05:00,113.81700134277344,116.43399810791016,112.82599639892578,115.75,39221000,0.0,0.0,NFLX
2025-11-13 00:00:00-05:00,115.8499984741211,116.73300170898438,114.56900024414062,115.4229965209961,40144000,0.0,0.0,NFLX
2025-11-14 00:00:00-05:00,114.27300262451172,114.27300262451172,110.72100067138672,111.21700286865234,47607000,0.0,0.0,NFLX
2025-11-17 00:00:00-05:00,110.75,111.8499984741211,109.55000305175781,110.29000091552734,26082700,0.0,10.0,NFLX
2025-11-18 00:00:00-05:00,110.29000091552734,115.25,109.19999694824219,114.08999633789062,43440600,0.0,0.0,NFLX
2025-11-19 00:00:00-05:00,113.0,113.33999633789062,108.61000061035156,110.0,31868100,0.0,0.0,NFLX
2025-11-20 00:00:00-05:00,111.0,111.0999984741211,105.38999938964844,105.66999816894531,36918500,0.0,0.0,NFLX
2025-11-21 00:00:00-05:00,105.12999725341797,106.52999877929688,103.80999755859375,104.30999755859375,41232700,0.0,0.0,NFLX
2025-11-24 00:00:00-05:00,104.25,108.04000091552734,103.31999969482422,106.97000122070312,62918300,0.0,0.0,NFLX
2025-11-25 00:00:00-05:00,106.12000274658203,106.30000305175781,103.81999969482422,104.4000015258789,35122600,0.0,0.0,NFLX
2025-11-26 00:00:00-05:00,105.73999786376953,106.94999694824219,105.22000122070312,106.13999938964844,27951000,0.0,0.0,NFLX
2025-11-28 00:00:00-05:00,106.44000244140625,107.94000244140625,106.23999786376953,107.58000183105469,15021600,0.0,0.0,NFLX
2025-12-01 00:00:00-05:00,106.51000213623047,109.33999633789062,106.30999755859375,109.12999725341797,24873400,0.0,0.0,NFLX
2025-12-02 00:00:00-05:00,109.20999908447266,109.7300033569336,107.5199966430664,109.3499984741211,25763000,0.0,0.0,NFLX
2025-12-03 00:00:00-05:00,106.58999633789062,106.87000274658203,102.02999877929688,103.95999908447266,53593400,0.0,0.0,NFLX
2025-12-04 00:00:00-05:00,103.56999969482422,103.80000305175781,101.7699966430664,103.22000122070312,51779100,0.0,0.0,NFLX
2025-12-05 00:00:00-05:00,98.77999877929688,104.79000091552734,97.73999786376953,100.23999786376953,133363600,0.0,0.0,NFLX
2025-12-08 00:00:00-05:00,99.87000274658203,99.88999938964844,95.30000305175781,96.79000091552734,100906300,0.0,0.0,NFLX
2025-12-09 00:00:00-05:00,97.02999877929688,97.23999786376953,95.44999694824219,96.70999908447266,51745600,0.0,0.0,NFLX
2025-12-10 00:00:00-05:00,96.73999786376953,96.97000122070312,92.3499984741211,92.70999908447266,74129300,0.0,0.0,NFLX
2025-12-11 00:00:00-05:00,93.9000015258789,94.81999969482422,92.76000213623047,94.08999633789062,43949000,0.0,0.0,NFLX
2025-12-12 00:00:00-05:00,95.5,96.91999816894531,94.6500015258789,95.19000244140625,49323100,0.0,0.0,NFLX
2025-12-15 00:00:00-05:00,96.0199966430664,96.37000274658203,93.52999877929688,93.7699966430664,40016500,0.0,0.0,NFLX
2025-12-16 00:00:00-05:00,93.87999725341797,94.93000030517578,93.31999969482422,94.56999969482422,34265000,0.0,0.0,NFLX
2025-12-17 00:00:00-05:00,95.9800033569336,97.33000183105469,94.45999908447266,94.79000091552734,50472800,0.0,0.0,NFLX
2025-12-18 00:00:00-05:00,95.0199966430664,95.80999755859375,93.58999633789062,94.0,37244700,0.0,0.0,NFLX
2025-12-19 00:00:00-05:00,93.56999969482422,95.54000091552734,93.44999694824219,94.38999938964844,78990200,0.0,0.0,NFLX
2025-12-22 00:00:00-05:00,94.70999908447266,94.70999908447266,92.91000366210938,93.2300033569336,39484800,0.0,0.0,NFLX
2025-12-23 00:00:00-05:00,93.4000015258789,93.80999755859375,91.33000183105469,93.5,25896200,0.0,0.0,NFLX
2025-12-24 00:00:00-05:00,93.11000061035156,93.68000030517578,92.66999816894531,93.63999938964844,12427900,0.0,0.0,NFLX
2025-12-26 00:00:00-05:00,93.4800033569336,94.69000244140625,93.2699966430664,94.47000122070312,22068300,0.0,0.0,NFLX
2025-12-29 00:00:00-05:00,93.98999786376953,94.97000122070312,93.62999725341797,94.1500015258789,24493700,0.0,0.0,NFLX
2025-12-30 00:00:00-05:00,93.5199966430664,93.98999786376953,93.33999633789062,93.77999877929688,23422000,0.0,0.0,NFLX
2025-12-31 00:00:00-05:00,93.5999984741211,94.30999755859375,93.19999694824219,93.76000213623047,23495200,0.0,0.0,NFLX
2026-01-02 00:00:00-05:00,94.12999725341797,94.12999725341797,90.80999755859375,90.98999786376953,41155400,0.0,0.0,NFLX
2026-01-05 00:00:00-05:00,90.91999816894531,92.62999725341797,90.83999633789062,91.45999908447266,39183300,0.0,0.0,NFLX
2026-01-06 00:00:00-05:00,91.54000091552734,91.63999938964844,89.73999786376953,90.6500015258789,43331000,0.0,0.0,NFLX
2026-01-07 00:00:00-05:00,91.55999755859375,92.41999816894531,90.05999755859375,90.7300033569336,36525700,0.0,0.0,NFLX
2026-01-08 00:00:00-05:00,90.44999694824219,91.25,89.58000183105469,90.52999877929688,40068700,0.0,0.0,NFLX
2026-01-09 00:00:00-05:00,90.02999877929688,90.05000305175781,88.31999969482422,89.45999908447266,55579500,0.0,0.0,NFLX
2026-01-12 00:00:00-05:00,89.69000244140625,90.33999633789062,89.33000183105469,89.41000366210938,36290600,0.0,0.0,NFLX
2026-01-13 00:00:00-05:00,89.44000244140625,91.1500015258789,89.06999969482422,90.31999969482422,45221100,0.0,0.0,NFLX
2026-01-14 00:00:00-05:00,91.23999786376953,91.58000183105469,87.94999694824219,88.55000305175781,49737700,0.0,0.0,NFLX
2026-01-15 00:00:00-05:00,89.0199966430664,89.88999938964844,87.81999969482422,88.05000305175781,36945100,0.0,0.0,NFLX
2026-01-16 00:00:00-05:00,88.33999633789062,88.51000213623047,87.77999877929688,88.0,48130500,0.0,0.0,NFLX
2026-01-20 00:00:00-05:00,88.97000122070312,89.9000015258789,87.0199966430664,87.26000213623047,109729700,0.0,0.0,NFLX
2026-01-21 00:00:00-05:00,82.5199966430664,86.0,81.93000030517578,85.36000061035156,127940700,0.0,0.0,NFLX
2026-01-22 00:00:00-05:00,85.0199966430664,85.0999984741211,82.9800033569336,83.54000091552734,69113300,0.0,0.0,NFLX
2026-01-23 00:00:00-05:00,83.43000030517578,86.30000305175781,83.27999877929688,86.12000274658203,64520400,0.0,0.0,NFLX
2026-01-26 00:00:00-05:00,86.91999816894531,86.94000244140625,85.3499984741211,85.69999694824219,40941900,0.0,0.0,NFLX
2026-01-27 00:00:00-05:00,85.27999877929688,85.5999984741211,83.87999725341797,85.58000183105469,37790800,0.0,0.0,NFLX
2026-01-28 00:00:00-05:00,85.62999725341797,86.47000122070312,84.30000305175781,84.63999938964844,37762600,0.0,0.0,NFLX
2026-01-29 00:00:00-05:00,84.30999755859375,84.37999725341797,82.3499984741211,83.16000366210938,42278100,0.0,0.0,NFLX
2026-01-30 00:00:00-05:00,83.0999984741211,84.05999755859375,82.77999877929688,83.48999786376953,45755000,0.0,0.0,NFLX
2026-02-02 00:00:00-05:00,83.52999877929688,85.2699966430664,82.72000122070312,82.76000213623047,41445300,0.0,0.0,NFLX
2026-02-03 00:00:00-05:00,82.2300033569336,82.44999694824219,79.62000274658203,79.94000244140625,49789000,0.0,0.0,NFLX
2026-02-04 00:00:00-05:00,79.98999786376953,81.44000244140625,79.2300033569336,80.16000366210938,48963200,0.0,0.0,NFLX
2026-02-05 00:00:00-05:00,81.48999786376953,83.30000305175781,80.54000091552734,80.87000274658203,54805700,0.0,0.0,NFLX
2026-02-06 00:00:00-05:00,81.0199966430664,82.48999786376953,80.6500015258789,82.19999694824219,46154100,0.0,0.0,NFLX
2026-02-09 00:00:00-05:00,82.18000030517578,82.20999908447266,79.87000274658203,81.47000122070312,42200200,0.0,0.0,NFLX
2026-02-10 00:00:00-05:00,82.72000122070312,84.66000366210938,82.08999633789062,82.20999908447266,43595800,0.0,0.0,NFLX
2026-02-11 00:00:00-05:00,81.95999908447266,82.4800033569336,79.44999694824219,79.62000274658203,40840300,0.0,0.0,NFLX
2026-02-12 00:00:00-05:00,79.11000061035156,79.1500015258789,75.2300033569336,75.86000061035156,73516100,0.0,0.0,NFLX
2026-02-13 00:00:00-05:00,76.13999938964844,77.18000030517578,75.52999877929688,76.87000274658203,42292100,0.0,0.0,NFLX
2026-02-17 00:00:00-05:00,76.91999816894531,77.87000274658203,75.30000305175781,77.0,35961500,0.0,0.0,NFLX
2026-02-18 00:00:00-05:00,77.31999969482422,78.31999969482422,76.27999877929688,77.98999786376953,29883100,0.0,0.0,NFLX
2026-02-19 00:00:00-05:00,77.75,78.69999694824219,76.58999633789062,77.0,30139200,0.0,0.0,NFLX
2026-02-20 00:00:00-05:00,76.61000061035156,78.8499984741211,76.4000015258789,78.66999816894531,32411300,0.0,0.0,NFLX
2026-02-23 00:00:00-05:00,77.79000091552734,77.83000183105469,75.01000213623047,76.0199966430664,38363000,0.0,0.0,NFLX
2026-02-24 00:00:00-05:00,75.7300033569336,78.12000274658203,75.20999908447266,78.04000091552734,33079100,0.0,0.0,NFLX
2026-02-25 00:00:00-05:00,79.43000030517578,83.12000274658203,79.25,82.69999694824219,69319300,0.0,0.0,NFLX
2026-02-26 00:00:00-05:00,83.19999694824219,86.5,82.80000305175781,84.58999633789062,79029400,0.0,0.0,NFLX
2025-02-27 00:00:00-05:00,238.37109275336516,241.40786042901627,236.0312844149354,236.27024841308594,41153600,0.0,0.0,AAPL
2025-02-28 00:00:00-05:00,235.9217631442628,241.03945773883657,229.20105446423008,240.79054260253906,56833400,0.0,0.0,AAPL
2025-03-03 00:00:00-05:00,240.74076386584895,242.9710490242999,235.08541908943457,236.99708557128906,47184000,0.0,0.0,AAPL
2025-03-04 00:00:00-05:00,236.6784479935277,239.02820722093006,233.66158290717058,234.90615844726562,53798100,0.0,0.0,AAPL
2025-03-05 00:00:00-05:00,234.39839184729655,235.5234930679701,228.235250954078,234.71701049804688,47227600,0.0,0.0,AAPL
2025-03-06 00:00:00-05:00,233.42263965762712,236.82779659290307,232.14819548977783,234.30877685546875,45170400,0.0,0.0,AAPL
2025-03-07 00:00:00-05:00,234.08972499786833,240.32255383879036,233.7412377693079,238.0325469970703,46273600,0.0,0.0,AAPL
2025-03-10 00:00:00-04:00,234.5178647329352,235.13518456664028,223.24699590534985,226.4928436279297,72071200,0.0,0.0,AAPL
2025-03-11 00:00:00-04:00,222.8387656202518,224.8599551431671,216.50636447278404,219.88165283203125,76137400,0.0,0.0,AAPL
2025-03-12 00:00:00-04:00,219.18471261137486,220.78772670269151,213.97741219492326,216.03842163085938,62547500,0.0,0.0,AAPL
2025-03-13 00:00:00-04:00,215.01289169752292,215.89902897504837,207.51556900756947,208.7700958251953,61368300,0.0,0.0,AAPL
2025-03-14 00:00:00-04:00,210.3332680009786,213.02154815111564,208.67051688888432,212.5635528564453,60107600,0.0,0.0,AAPL
2025-03-17 00:00:00-04:00,212.3843419118567,214.28605714072168,209.0588394397278,213.07135009765625,48073400,0.0,0.0,AAPL
2025-03-18 00:00:00-04:00,213.23063555765447,214.21632963340127,210.57222410469132,211.7670135498047,42432400,0.0,0.0,AAPL
2025-03-19 00:00:00-04:00,213.29039128502816,217.8106832228152,212.8224296395377,214.30596923828125,54385400,0.0,0.0,AAPL
2025-03-20 00:00:00-04:00,213.0613904363763,216.5462020975973,211.29906714235267,213.17091369628906,48862900,0.0,0.0,AAPL
2025-03-21 00:00:00-04:00,210.64192650603025,217.89033350890864,210.36314278996363,217.32281494140625,94127800,0.0,0.0,AAPL
2025-03-24 00:00:00-04:00,220.04097309502072,220.5188858867363,217.63147647971348,219.7721405029297,44299500,0.0,0.0,AAPL
2025-03-25 00:00:00-04:00,219.81197343150768,223.12752472855482,219.1249652538438,222.77903747558594,34493600,0.0,0.0,AAPL
2025-03-26 00:00:00-04:00,222.5400680439697,224.04352508950674,219.51326687455483,220.56866455078125,34466100,0.0,0.0,AAPL
2025-03-27 00:00:00-04:00,220.4292696466093,224.0136533961419,219.6028696378956,222.87860107421875,37094800,0.0,0.0,AAPL
2025-03-28 00:00:00-04:00,220.7080664246457,222.8387793372666,216.73537546649092,216.9544219970703,39818600,0.0,0.0,AAPL
2025-03-31 00:00:00-04:00,216.0682695484103,224.6409066608951,215.29165561007284,221.1660614013672,65299300,0.0,0.0,AAPL
2025-04-01 00:00:00-04:00,218.85612876373423,222.70932997882656,217.95007407622174,222.22146606445312,36412700,0.0,0.0,AAPL
2025-04-02 00:00:00-04:00,220.3595869543347,224.21278818927524,220.06088576879955,222.91842651367188,35905900,0.0,0.0,AAPL
2025-04-03 00:00:00-04:00,204.64805110026137,206.58960121618028,200.37667426890133,202.30825805664062,103419000,0.0,0.0,AAPL
2025-04-04 00:00:00-04:00,193.0486144227304,199.01262630823254,186.52703508606032,187.56253051757812,125910900,0.0,0.0,AAPL
2025-04-07 00:00:00-04:00,176.43103817745248,193.30748067285785,173.86223225537526,180.6725616455078,160466300,0.0,0.0,AAPL
2025-04-08 00:00:00-04:00,185.88981432593783,189.5140179775097,168.47572171547168,171.67178344726562,120859500,0.0,0.0,AAPL
2025-04-09 00:00:00-04:00,171.20381523449285,199.7394480269994,171.14407803694525,197.98709106445312,184395900,0.0,0.0,AAPL
2025-04-10 00:00:00-04:00,188.24952597387417,193.9347385570105,182.205859833413,189.59365844726562,121880000,0.0,0.0,AAPL
2025-04-11 00:00:00-04:00,185.2924188893916,198.67408279715283,185.2525839628914,197.2901153564453,87435900,0.0,0.0,AAPL
2025-04-14 00:00:00-04:00,210.52244846919626,212.01593914767514,200.28706023476008,201.6411590576172,101352900,0.0,0.0,AAPL
2025-04-15 00:00:00-04:00,200.98403365195668,202.62686743682656,198.93297540670014,201.2628173828125,51343900,0.0,0.0,AAPL
2025-04-16 00:00:00-04:00,197.49923485324123,199.82907698305957,191.53522246149657,193.42698669433594,59732400,0.0,0.0,AAPL
2025-04-17 00:00:00-04:00,196.34424488667963,197.9671763411939,193.5763099497932,196.1251983642578,52164700,0.0,0.0,AAPL
2025-04-21 00:00:00-04:00,192.43131586910098,192.9590147372882,188.98632373298676,192.32179260253906,46742500,0.0,0.0,AAPL
2025-04-22 00:00:00-04:00,195.26894368988752,200.715208155226,195.1196006832811,198.8732452392578,52976400,0.0,0.0,AAPL
2025-04-23 00:00:00-04:00,205.10606155750318,207.09738254349836,201.9199510184256,203.71214294433594,52929200,0.0,0.0,AAPL
2025-04-24 00:00:00-04:00,204.00088023313933,207.92378505310097,202.0593452871763,207.4657745361328,47311000,0.0,0.0,AAPL
2025-04-25 00:00:00-04:00,205.47445049920006,208.8397878176709,205.30519003897632,208.371826171875,38222300,0.0,0.0,AAPL
2025-04-28 00:00:00-04:00,209.08871177088434,210.5822025692478,206.55974070372147,209.2281036376953,38743100,0.0,0.0,AAPL
2025-04-29 00:00:00-04:00,207.78438836336602,211.31898611202763,207.46576971677675,210.29345703125,36827600,0.0,0.0,AAPL
2025-04-30 00:00:00-04:00,208.39173986928208,212.65316547487808,205.7731479657814,211.57785034179688,52286500,0.0,0.0,AAPL
2025-05-01 00:00:00-04:00,208.17271138967982,213.62892699621815,207.99348458901505,212.39431762695312,57365700,0.0,0.0,AAPL
2025-05-02 00:00:00-04:00,205.19567188008233,206.0917754590827,201.2827333487594,204.45889282226562,101010600,0.0,0.0,AAPL
2025-05-05 00:00:00-04:00,202.21865389928206,203.21431440062256,197.34987465543003,198.02691650390625,69018500,0.0,0.0,AAPL
2025-05-06 00:00:00-04:00,197.3498583398735,199.77925700053618,196.165020010421,197.64854431152344,51216500,0.0,0.0,AAPL
2025-05-07 00:00:00-04:00,198.30570335142838,198.574535944944,192.41139491378883,195.39837646484375,68536700,0.0,0.0,AAPL
2025-05-08 00:00:00-04:00,196.86200854076802,199.18189948520052,193.8351919089676,196.6330108642578,50478900,0.0,0.0,AAPL
2025-05-09 00:00:00-04:00,198.1364339272832,199.6697443694255,196.6827629534363,197.66847229003906,36453900,0.0,0.0,AAPL
2025-05-12 00:00:00-04:00,210.32994399020487,210.62903686932515,206.12274573806786,210.15048217773438,63775800,0.26,0.0,AAPL
2025-05-13 00:00:00-04:00,209.7915962682986,212.7525871854542,208.36594186281494,212.2840118408203,51909300,0.0,0.0,AAPL
2025-05-14 00:00:00-04:00,211.78550901932945,213.29093762104833,209.94113079478424,211.68582153320312,49325800,0.0,0.0,AAPL
2025-05-15 00:00:00-04:00,210.3099886465303,212.31390017581901,208.90426284202815,210.8084716796875,45029500,0.0,0.0,AAPL
2025-05-16 00:00:00-04:00,211.71573318604425,211.92510277199543,209.1335944967917,210.6190643310547,54737900,0.0,0.0,AAPL
2025-05-19 00:00:00-04:00,207.27923550566183,208.84446444770495,203.64029993754312,208.14659118652344,46140500,0.0,0.0,AAPL
2025-05-20 00:00:00-04:00,207.03996203611737,207.83753801206538,204.40797196423648,206.232421875,42496600,0.0,0.0,AAPL
2025-05-21 00:00:00-04:00,204.5475404614086,206.41186226922272,200.10108001028593,201.4768829345703,59211800,0.0,0.0,AAPL
2025-05-22 00:00:00-04:00,200.1010778345708,202.1348820380274,199.09413231135568,200.7490997314453,46742400,0.0,0.0,AAPL
2025-05-23 00:00:00-04:00,193.0824298832746,197.10020219746903,192.8730755135501,194.67758178710938,78432900,0.0,0.0,AAPL
2025-05-27 00:00:00-04:00,197.6983910952664,200.1309909415137,196.83102019804124,199.60260009765625,56288500,0.0,0.0,AAPL
2025-05-28 00:00:00-04:00,199.98143310081724,202.11494001836002,199.2935240345892,199.81195068359375,45339700,0.0,0.0,AAPL
2025-05-29 00:00:00-04:00,202.9623758748587,203.19167383577107,197.90775006205254,199.3433837890625,51396800,0.0,0.0,AAPL
2025-05-30 00:00:00-04:00,198.7651407343476,201.3472946799051,196.18300200128658,200.24066162109375,70819900,0.0,0.0,AAPL
2025-06-02 00:00:00-04:00,199.67238359256916,201.51677709467234,199.51286535414474,201.08807373046875,35423300,0.0,0.0,AAPL
2025-06-03 00:00:00-04:00,200.73914706631285,203.1518034040851,200.35033086337637,202.6533203125,46381600,0.0,0.0,AAPL
2025-06-04 00:00:00-04:00,202.29440469878628,205.6143037964219,201.48686455307688,202.20468139648438,43604000,0.0,0.0,AAPL
2025-06-05 00:00:00-04:00,202.88261988754903,204.12882762641604,199.54277706238673,200.02133178710938,55126100,0.0,0.0,AAPL
2025-06-06 00:00:00-04:00,202.3841235560851,205.07592905349443,201.4370087789868,203.30133056640625,46607700,0.0,0.0,AAPL
2025-06-09 00:00:00-04:00,203.76991971327615,205.37503589356555,199.4131823149893,200.83883666992188,72862600,0.0,0.0,AAPL
2025-06-10 00:00:00-04:00,199.9914028593682,203.73002568042446,199.96149509379936,202.05511474609375,54672600,0.0,0.0,AAPL
2025-06-11 00:00:00-04:00,202.88262262031438,203.8795888248368,197.8080682902945,198.17694091796875,60989900,0.0,0.0,AAPL
2025-06-12 00:00:00-04:00,198.47602627663701,199.07419684911244,196.7612432530472,198.5956573486328,43904600,0.0,0.0,AAPL
2025-06-13 00:00:00-04:00,199.12403626091725,199.76209396079906,195.1062640673262,195.85398864746094,51447300,0.0,0.0,AAPL
2025-06-16 00:00:00-04:00,196.7014416228738,198.08722408394675,195.96368113091867,197.8180389404297,43020700,0.0,0.0,AAPL
2025-06-17 00:00:00-04:00,196.60172782081946,197.7881200100286,194.61777485692886,195.0464630126953,38856200,0.0,0.0,AAPL
2025-06-18 00:00:00-04:00,195.34553910938874,196.97059871241268,194.4781834746436,195.9835968017578,45394700,0.0,0.0,AAPL
2025-06-20 00:00:00-04:00,197.63857663438114,201.08807102199273,196.2627584683704,200.39019775390625,96813500,0.0,0.0,AAPL
2025-06-23 00:00:00-04:00,201.01828233775666,201.686247808318,198.3563846401482,200.888671875,55814300,0.0,0.0,AAPL
2025-06-24 00:00:00-04:00,201.9753521214132,202.82277936444737,199.59260382672892,199.6923065185547,54064000,0.0,0.0,AAPL
2025-06-25 00:00:00-04:00,200.83883469818846,203.05210084338043,200.01135094007643,200.94850158691406,39525700,0.0,0.0,AAPL
2025-06-26 00:00:00-04:00,200.81888589983927,202.025221644493,198.85487656411598,200.39019775390625,50799100,0.0,0.0,AAPL
2025-06-27 00:00:00-04:00,201.2774955925489,202.60346239871808,199.39323017588663,200.46995544433594,73188600,0.0,0.0,AAPL
2025-06-30 00:00:00-04:00,201.39712965217615,206.7608124915243,198.6554726965608,204.54754638671875,91912800,0.0,0.0,AAPL
2025-07-01 00:00:00-04:00,206.04299395149746,209.55231908550664,205.51460310500556,207.18951416015625,78788900,0.0,0.0,AAPL
2025-07-02 00:00:00-04:00,208.27621224418834,212.6927652029137,207.50854401160626,211.79550170898438,67941800,0.0,0.0,AAPL
2025-07-03 00:00:00-04:00,211.5063683517463,213.9987837940836,211.16740350258758,212.90213012695312,34955800,0.0,0.0,AAPL
2025-07-07 00:00:00-04:00,212.03474730839852,215.57398008038285,208.16652910348648,209.3130340576172,50229000,0.0,0.0,AAPL
2025-07-08 00:00:00-04:00,209.46258702266434,210.78853856973336,207.81758380403343,209.3728485107422,42848900,0.0,0.0,AAPL
2025-07-09 00:00:00-04:00,208.89430414855983,210.68884615759353,206.5913149088396,210.49942016601562,48749400,0.0,0.0,AAPL
2025-07-10 00:00:00-04:00,209.87133445003573,212.83232507172787,209.39279496736208,211.7655792236328,44443600,0.0,0.0,AAPL
2025-07-11 00:00:00-04:00,209.931172276849,211.48643705736623,209.2233196075129,210.51937866210938,39765800,0.0,0.0,AAPL
2025-07-14 00:00:00-04:00,209.29309904361602,210.27013683517245,206.91035052542594,207.98707580566406,38840100,0.0,0.0,AAPL
2025-07-15 00:00:00-04:00,208.5852528191871,211.24715053377864,208.28615994072268,208.4755859375,42296300,0.0,0.0,AAPL
2025-07-16 00:00:00-04:00,209.6619745482938,211.75559423754484,208.00700716596054,209.52239990234375,47490500,0.0,0.0,AAPL
2025-07-17 00:00:00-04:00,209.93117746335784,211.1574416148312,208.95413964633332,209.38284301757812,48068100,0.0,0.0,AAPL
2025-07-18 00:00:00-04:00,210.23023432823226,211.1474413046512,209.06378582955284,210.53929138183594,48974600,0.0,0.0,AAPL
2025-07-21 00:00:00-04:00,211.45652088357517,215.12534891613055,210.98794558852114,211.83535766601562,51377400,0.0,0.0,AAPL
2025-07-22 00:00:00-04:00,212.49335516085276,214.29786137817433,211.58611235366487,213.74952697753906,46404100,0.0,0.0,AAPL
2025-07-23 00:00:00-04:00,214.3477172095632,214.4972560435483,211.76557859278188,213.5002899169922,46989300,0.0,0.0,AAPL
2025-07-24 00:00:00-04:00,213.25105536667797,215.03563331063384,212.8821827557749,213.11148071289062,46022600,0.0,0.0,AAPL
2025-07-25 00:00:00-04:00,214.04862920984866,214.58699944946258,212.7525701732737,213.2311248779297,40268800,0.0,0.0,AAPL
2025-07-28 00:00:00-04:00,213.3806606658472,214.19818019857897,212.41360229785764,213.40060424804688,37858000,0.0,0.0,AAPL
2025-07-29 00:00:00-04:00,213.53020352524888,214.1582970701604,210.18041185237743,210.62904357910156,51411700,0.0,0.0,AAPL
2025-07-30 00:00:00-04:00,211.25711581327238,211.74563469104578,207.0898047125579,208.415771484375,45512500,0.0,0.0,AAPL
2025-07-31 00:00:00-04:00,207.85746883247032,209.2033639475293,206.5315020865265,206.9402618408203,80698400,0.0,0.0,AAPL
2025-08-01 00:00:00-04:00,210.23025491744008,212.93203997684435,200.88868661623732,201.76602172851562,104434500,0.0,0.0,AAPL
2025-08-04 00:00:00-04:00,203.8895472057539,207.24933356384108,201.06813110178,202.7330780029297,75109300,0.0,0.0,AAPL
2025-08-05 00:00:00-04:00,202.78292184745098,204.71703873665678,201.5466934780596,202.30438232421875,44155100,0.0,0.0,AAPL
2025-08-06 00:00:00-04:00,205.00615029681612,214.72657006985978,204.96626313259566,212.60302734375,108483100,0.0,0.0,AAPL
2025-08-07 00:00:00-04:00,218.21596748517925,220.1799921230299,215.92294217468134,219.3624725341797,90224800,0.0,0.0,AAPL
2025-08-08 00:00:00-04:00,220.16004899168945,230.29919347638386,218.58484056145957,228.65420532226562,113854000,0.0,0.0,AAPL
2025-08-11 00:00:00-04:00,227.4864157407103,229.12329528601256,224.3324234952035,226.74781799316406,61806100,0.26,0.0,AAPL
2025-08-12 00:00:00-04:00,227.57622481823222,230.36092560837628,226.63802588155738,229.21310424804688,55626200,0.0,0.0,AAPL
2025-08-13 00:00:00-04:00,230.6304284784954,234.55294488479396,229.99163136972763,232.88612365722656,69878500,0.0,0.0,AAPL
2025-08-14 00:00:00-04:00,233.61473725595164,234.67271834509882,230.41085227691244,232.33717346191406,51916300,0.0,0.0,AAPL
2025-08-15 00:00:00-04:00,233.5548328767578,233.834298979768,228.9036945156081,231.1494140625,56038700,0.0,0.0,AAPL
2025-08-18 00:00:00-04:00,231.2592012143754,232.67649791960375,229.6722297518056,230.45074462890625,37476200,0.0,0.0,AAPL
2025-08-19 00:00:00-04:00,230.84001516813981,232.42698672077375,228.9136940815642,230.1213836669922,39402600,0.0,0.0,AAPL
2025-08-20 00:00:00-04:00,229.54248102593337,230.0315543310328,225.3404986724704,225.5800323486328,42263900,0.0,0.0,AAPL
2025-08-21 00:00:00-04:00,225.8395414786139,226.08906587116957,223.3542730460458,224.47213745117188,30621200,0.0,0.0,AAPL
2025-08-22 00:00:00-04:00,225.73973438952316,228.65417758009713,224.98118568943215,227.3267059326172,42477800,0.0,0.0,AAPL
2025-08-25 00:00:00-04:00,226.0491451945495,228.86378779922748,225.79962078901826,226.7278594970703,30983100,0.0,0.0,AAPL
2025-08-26 00:00:00-04:00,226.43840339540802,229.0534295301293,224.26255788237486,228.87376403808594,54575100,0.0,0.0,AAPL
2025-08-27 00:00:00-04:00,228.17510050695543,230.46073738560713,227.82576024347395,230.05152893066406,31259500,0.0,0.0,AAPL
2025-08-28 00:00:00-04:00,230.3809040856524,232.9659733126178,228.90370861616245,232.11758422851562,38074700,0.0,0.0,AAPL
2025-08-29 00:00:00-04:00,232.0676707602769,232.9360260407387,230.92984008944924,231.69837951660156,39418400,0.0,0.0,AAPL
2025-09-02 00:00:00-04:00,228.81388239599917,230.4108447009183,226.53822101083426,229.28298950195312,44075600,0.0,0.0,AAPL
2025-09-03 00:00:00-04:00,236.75874463665696,238.395624134605,233.9141603097862,238.01634216308594,66427800,0.0,0.0,AAPL
2025-09-04 00:00:00-04:00,237.9963808412042,239.4436193831587,236.28964239378743,239.3238525390625,47549400,0.0,0.0,AAPL
2025-09-05 00:00:00-04:00,239.54341659874092,240.86091270031892,238.03629475202086,239.2340087890625,54870400,0.0,0.0,AAPL
2025-09-08 00:00:00-04:00,238.84475646782593,239.69313028194867,235.89038089866295,237.42745971679688,48999500,0.0,0.0,AAPL
2025-09-09 00:00:00-04:00,236.54912730927947,238.3257397896772,232.9160527142261,233.9041748046875,66313900,0.0,0.0,AAPL
2025-09-10 00:00:00-04:00,231.7482872752143,231.97784546194652,225.52015268533836,226.35855102539062,83440800,0.0,0.0,AAPL
2025-09-11 00:00:00-04:00,226.44839058875493,230.01159113632517,226.21881717306923,229.59239196777344,50208600,0.0,0.0,AAPL
2025-09-12 00:00:00-04:00,228.78394562468256,234.0638755168574,228.58432913969838,233.62472534179688,55824200,0.0,0.0,AAPL
2025-09-15 00:00:00-04:00,236.54912714503797,237.7368657054393,234.58287368836292,236.24969482421875,42699500,0.0,0.0,AAPL
2025-09-16 00:00:00-04:00,236.72878926810645,240.76111223381088,235.87043992435724,237.6969451904297,63421100,0.0,0.0,AAPL
2025-09-17 00:00:00-04:00,238.5153883976145,239.6432435766681,237.27774187166392,238.5353546142578,46508000,0.0,0.0,AAPL
2025-09-18 00:00:00-04:00,239.5134800259323,240.74113579799257,236.199788714976,237.42745971679688,44249600,0.0,0.0,AAPL
2025-09-19 00:00:00-04:00,240.77107799962133,245.83144010441063,239.7530294205925,245.032958984375,163741300,0.0,0.0,AAPL
2025-09-22 00:00:00-04:00,247.82763635806887,256.15178189089505,247.64797087114997,255.5928192138672,105517400,0.0,0.0,AAPL
2025-09-23 00:00:00-04:00,255.39322235208516,256.8504363399061,253.0975947938589,253.9459686279297,60275200,0.0,0.0,AAPL
2025-09-24 00:00:00-04:00,254.73446948849343,255.2534845023776,250.56241362070242,251.8300018310547,42303700,0.0,0.0,AAPL
2025-09-25 00:00:00-04:00,252.72829161839874,256.6807646844572,251.2311452680336,256.3813171386719,55202100,0.0,0.0,AAPL
2025-09-26 00:00:00-04:00,253.61660096533106,257.10994249251326,253.2972024297037,254.97401428222656,46076300,0.0,0.0,AAPL
2025-09-29 00:00:00-04:00,254.0757261912774,254.5148915782133,252.52867184357527,253.9459686279297,40127700,0.0,0.0,AAPL
2025-09-30 00:00:00-04:00,254.37515755125318,255.4331385813304,252.6284867333586,254.14559936523438,37704300,0.0,0.0,AAPL
2025-10-01 00:00:00-04:00,254.55481135314994,258.29769267334166,254.44502000530687,254.9640350341797,48713900,0.0,0.0,AAPL
2025-10-02 00:00:00-04:00,256.09186667190835,257.68882891050583,253.66649683440303,256.6408386230469,42630200,0.0,0.0,AAPL
2025-10-03 00:00:00-04:00,254.18552630266564,258.7468246365968,253.46689477740222,257.5291442871094,49155600,0.0,0.0,AAPL
2025-10-06 00:00:00-04:00,257.49920544747016,258.5771679771474,254.56481112131073,256.2016906738281,44664100,0.0,0.0,AAPL
2025-10-07 00:00:00-04:00,256.3214394907812,256.91031341337026,254.94405994391948,255.99208068847656,31955800,0.0,0.0,AAPL
2025-10-08 00:00:00-04:00,256.03198246417537,258.0281776413904,255.62275879770374,257.5690612792969,36496900,0.0,0.0,AAPL
2025-10-09 00:00:00-04:00,257.3195337882977,257.50917476461467,252.65841993311406,253.55670166015625,38322000,0.0,0.0,AAPL
2025-10-10 00:00:00-04:00,254.45500785015722,255.8922708493858,243.53581752909898,244.80340576171875,61999100,0.0,0.0,AAPL
2025-10-13 00:00:00-04:00,248.90558714178317,249.2149949644775,245.09284695690994,247.18885803222656,38142900,0.0,0.0,AAPL
2025-10-14 00:00:00-04:00,246.13087266264282,248.37659224814226,244.23447809703134,247.29864501953125,35478000,0.0,0.0,AAPL
2025-10-15 00:00:00-04:00,249.01537013681215,251.3409393203658,246.99920876557604,248.8656463623047,33893600,0.0,0.0,AAPL
2025-10-16 00:00:00-04:00,247.7777291727393,248.56621957555782,244.66366953460536,246.979248046875,39777000,0.0,0.0,AAPL
2025-10-17 00:00:00-04:00,247.5481624372989,252.89796599708643,246.79958926324147,251.81002807617188,49147000,0.0,0.0,AAPL
2025-10-20 00:00:00-04:00,255.4032084113237,263.87706298772724,255.14370850365398,261.7411193847656,90483000,0.0,0.0,AAPL
2025-10-21 00:00:00-04:00,261.38182000576944,264.7853366806196,261.33189684706855,262.2701110839844,46695900,0.0,0.0,AAPL
2025-10-22 00:00:00-04:00,262.15033525743416,262.349966966352,254.94406918261987,257.9583435058594,45015300,0.0,0.0,AAPL
2025-10-23 00:00:00-04:00,259.4454820834593,260.12418111371363,257.51916110368444,259.0861511230469,32754900,0.0,0.0,AAPL
2025-10-24 00:00:00-04:00,260.69310343226954,263.6275126875418,258.68691759501684,262.32000732421875,38253700,0.0,0.0,AAPL
2025-10-27 00:00:00-04:00,264.37609822840903,268.60802232244004,264.1465248140549,268.2986145019531,44888200,0.0,0.0,AAPL
2025-10-28 00:00:00-04:00,268.4782600095115,269.3765722048576,267.63986169210665,268.4882507324219,41534800,0.0,0.0,AAPL
2025-10-29 00:00:00-04:00,268.76770579477784,270.8936584399069,266.6018207191691,269.1869201660156,51086700,0.0,0.0,AAPL
2025-10-30 00:00:00-04:00,271.4725408872279,273.6184749716116,267.969239224885,270.8836669921875,69886500,0.0,0.0,AAPL
2025-10-31 00:00:00-04:00,276.4630533049319,276.79244258078194,268.647962249571,269.85565185546875,86167100,0.0,0.0,AAPL
2025-11-03 00:00:00-05:00,269.90556627002525,270.33474092754267,265.74348587775046,268.53814697265625,50194600,0.0,0.0,AAPL
2025-11-04 00:00:00-05:00,267.8195068636227,270.9734988318123,267.11086611942017,269.5262756347656,49274800,0.0,0.0,AAPL
2025-11-05 00:00:00-05:00,268.0989800730272,271.18312844251227,266.4221834255846,269.6260986328125,43683100,0.0,0.0,AAPL
2025-11-06 00:00:00-05:00,267.38037702601645,272.8798740142925,267.38037702601645,269.25677490234375,51204000,0.0,0.0,AAPL
2025-11-07 00:00:00-05:00,269.28671541495146,271.7719991063764,266.26248096015127,267.9592590332031,48227400,0.0,0.0,AAPL
2025-11-10 00:00:00-05:00,268.7085692371889,273.4741297822401,267.20997142836535,269.1781311035156,41312400,0.26,0.0,AAPL
2025-11-11 00:00:00-05:00,269.55775905965567,275.65206242273547,269.5477586519058,274.99267578125,46208300,0.0,0.0,AAPL
2025-11-12 00:00:00-05:00,274.74292397164845,275.4722525277038,271.4460210796085,273.21435546875,48398000,0.0,0.0,AAPL
2025-11-13 00:00:00-05:00,273.85374352181776,276.4413491841305,271.83564282199285,272.6948547363281,49602800,0.0,0.0,AAPL
2025-11-14 00:00:00-05:00,270.7965900477885,275.70200347225597,269.3479639093673,272.15533447265625,47431300,0.0,0.0,AAPL
2025-11-17 00:00:00-05:00,268.5687054184609,270.2371271729127,265.48159771217263,267.2099609375,45018300,0.0,0.0,AAPL
2025-11-18 00:00:00-05:00,269.7376065335732,270.4569347049811,265.0719890725528,267.19000244140625,45677300,0.0,0.0,AAPL
2025-11-19 00:00:00-05:00,265.2817633125939,271.9555110777923,265.2517925781922,268.3089294433594,40424500,0.0,0.0,AAPL
2025-11-20 00:00:00-05:00,270.5768036466949,275.17250947675234,265.67142054546326,266.0010986328125,45823600,0.0,0.0,AAPL
2025-11-21 00:00:00-05:00,265.70137680880595,273.0744516711978,265.4216397990326,271.2361755371094,59030800,0.0,0.0,AAPL
2025-11-24 00:00:00-05:00,270.64675212306133,276.7410558404627,270.64675212306133,275.6620788574219,65585800,0.0,0.0,AAPL
2025-11-25 00:00:00-05:00,275.012667049666,280.1179060838009,274.9926967216935,276.7110900878906,46914200,0.0,0.0,AAPL
2025-11-26 00:00:00-05:00,276.70108254872224,279.26868736786383,276.3714044558947,277.29052734375,33431400,0.0,0.0,AAPL
2025-11-28 00:00:00-05:00,277.0008150112318,278.73917862681736,275.73198274965245,278.5893249511719,20135600,0.0,0.0,AAPL
2025-12-01 00:00:00-05:00,277.75011957449965,283.1550658399818,275.88187257202503,282.8353576660156,46587700,0.0,0.0,AAPL
2025-12-02 00:00:00-05:00,282.7354345985028,287.1313151163589,282.36578537497866,285.9224548339844,53669500,0.0,0.0,AAPL
2025-12-03 00:00:00-05:00,285.9324708384744,288.35019153510143,283.0351573834178,283.8843688964844,43538700,0.0,0.0,AAPL
2025-12-04 00:00:00-05:00,283.83440686502166,284.46382276925783,278.32954829392816,280.4375915527344,43989100,0.0,0.0,AAPL
2025-12-05 00:00:00-05:00,280.27774306596746,280.8771882481053,277.79005013345267,278.5193786621094,47265800,0.0,0.0,AAPL
2025-12-08 00:00:00-05:00,277.86998437615557,279.4085531850005,275.8918244790692,277.6302185058594,38211800,0.0,0.0,AAPL
2025-12-09 00:00:00-05:00,277.8999627322321,279.7682096639769,276.6611317163261,276.9208679199219,32193300,0.0,0.0,AAPL
2025-12-10 00:00:00-05:00,277.490342786908,279.48847306800184,276.1815698919154,278.5193786621094,33038300,0.0,0.0,AAPL
2025-12-11 00:00:00-05:00,278.83908758708685,279.3286197507982,273.5540244422053,277.77008056640625,33248000,0.0,0.0,AAPL
2025-12-12 00:00:00-05:00,277.64021728323,278.9589906850317,276.5612402656973,278.0198669433594,39532900,0.0,0.0,AAPL
2025-12-15 00:00:00-05:00,279.8880911943856,279.8880911943856,272.5849275039148,273.8537292480469,50409100,0.0,0.0,AAPL
2025-12-16 00:00:00-05:00,272.5649667835892,275.2424541197232,271.53593087885605,274.353271484375,37648600,0.0,0.0,AAPL
2025-12-17 00:00:00-05:00,274.75292651919426,275.90184538512057,271.38608172110213,271.58587646484375,50138700,0.0,0.0,AAPL
2025-12-18 00:00:00-05:00,273.35420232069225,273.374203136776,266.7004552212896,271.935546875,51630700,0.0,0.0,AAPL
2025-12-19 00:00:00-05:00,271.8955859651445,274.34330788170604,269.64768928264715,273.4141845703125,144632000,0.0,0.0,AAPL
2025-12-22 00:00:00-05:00,272.6048920133635,273.62395794129594,270.25711338978425,270.7166748046875,36571800,0.0,0.0,AAPL
2025-12-23 00:00:00-05:00,270.5868091030317,272.2452609569047,269.30800689497966,272.1053771972656,29642000,0.0,0.0,AAPL
2025-12-24 00:00:00-05:00,272.085389177814,275.17249671786806,271.9455359163183,273.55401611328125,17910600,0.0,0.0,AAPL
2025-12-26 00:00:00-05:00,273.9037084592662,275.1125687682936,272.6049054553,273.1444091796875,21521800,0.0,0.0,AAPL
2025-12-29 00:00:00-05:00,272.4350823114352,274.10350406329195,272.0954038139857,273.50408935546875,23715200,0.0,0.0,AAPL
2025-12-30 00:00:00-05:00,272.5549704076282,273.82377221524894,272.02546707967076,272.82470703125,22139600,0.0,0.0,AAPL
2025-12-31 00:00:00-05:00,272.80472532736104,273.42414083736213,271.49595243002375,271.6058349609375,27293600,0.0,0.0,AAPL
2026-01-02 00:00:00-05:00,272.0054842546519,277.58025431004916,268.7485221479618,270.75665283203125,37838100,0.0,0.0,AAPL
2026-01-05 00:00:00-05:00,270.38700744645297,271.25618925068443,265.89121426121545,267.0101623535156,45647200,0.0,0.0,AAPL
2026-01-06 00:00:00-05:00,266.7503924619391,267.2998660934885,261.8749496989937,262.1147155761719,52352100,0.0,0.0,AAPL
2026-01-07 00:00:00-05:00,262.95395138764474,263.4334831315393,259.56710600115036,260.08660888671875,48309800,0.0,0.0,AAPL
2026-01-08 00:00:00-05:00,256.7797203952787,259.0476178563403,255.46096229095477,258.7978515625,50419300,0.0,0.0,AAPL
2026-01-09 00:00:00-05:00,258.8377955175017,259.9667440583015,255.98048371428257,259.1275329589844,39997000,0.0,0.0,AAPL
2026-01-12 00:00:00-05:00,258.9177364764393,261.05572011368304,256.5599267903311,260.0067138671875,45263800,0.0,0.0,AAPL
2026-01-13 00:00:00-05:00,258.4781303943212,261.56523797230057,258.148452318208,260.8059387207031,45730800,0.0,0.0,AAPL
2026-01-14 00:00:00-05:00,259.247418118488,261.57525710051715,256.4700180914029,259.71697998046875,40019400,0.0,0.0,AAPL
2026-01-15 00:00:00-05:00,260.40631875644857,260.7959687899761,256.8096782083212,257.9685974121094,39388600,0.0,0.0,AAPL
2026-01-16 00:00:00-05:00,257.6589020182799,258.6579671912775,254.69167723491495,255.29112243652344,72142800,0.0,0.0,AAPL
2026-01-20 00:00:00-05:00,252.49373739571587,254.55180921698133,243.19244305608962,246.46937561035156,80267500,0.0,0.0,AAPL
2026-01-21 00:00:00-05:00,248.46750904444812,251.3248360900433,244.9507953165175,247.41848754882812,54641700,0.0,0.0,AAPL
2026-01-22 00:00:00-05:00,248.96703988447874,250.76536025794266,247.9180183962477,248.1178436279297,39708300,0.0,0.0,AAPL
2026-01-23 00:00:00-05:00,247.08880782235642,249.17685039145397,244.45126111041233,247.80812072753906,41689000,0.0,0.0,AAPL
2026-01-26 00:00:00-05:00,251.24490015634893,256.32015295784896,249.5664780183616,255.17123413085938,55969200,0.0,0.0,AAPL
2026-01-27 00:00:00-05:00,258.92771692213245,261.70511669708895,257.96859246831417,258.0285339355469,49648300,0.0,0.0,AAPL
2026-01-28 00:00:00-05:00,257.409147241713,258.61800761819165,254.27208306792676,256.2002868652344,41288000,0.0,0.0,AAPL
2026-01-29 00:00:00-05:00,257.75880668092503,259.4072580677027,254.17216647920577,258.0385437011719,67253000,0.0,0.0,AAPL
2026-01-30 00:00:00-05:00,254.93144331105526,261.6551472598355,251.94423313215475,259.2374267578125,92443400,0.0,0.0,AAPL
2026-02-02 00:00:00-05:00,259.7869174093499,270.2371306501278,258.9676766447768,269.7575988769531,73913400,0.0,0.0,AAPL
2026-02-03 00:00:00-05:00,268.9483513556569,271.6258386480508,267.3598109321867,269.22808837890625,64394700,0.0,0.0,AAPL
2026-02-04 00:00:00-05:00,272.03545112075,278.68922850453845,272.03545112075,276.23150634765625,90545700,0.0,0.0,AAPL
2026-02-05 00:00:00-05:00,277.86999494352693,279.2387093202658,272.97458180817284,275.6520690917969,52977400,0.0,0.0,AAPL
2026-02-06 00:00:00-05:00,276.8609202349588,280.6473855638201,276.67109542368036,277.8599853515625,50453400,0.0,0.0,AAPL
2026-02-09 00:00:00-05:00,277.9100036621094,278.20001220703125,271.70001220703125,274.6199951171875,44623400,0.26,0.0,AAPL
2026-02-10 00:00:00-05:00,274.8900146484375,275.3699951171875,272.94000244140625,273.67999267578125,34376900,0.0,0.0,AAPL
2026-02-11 00:00:00-05:00,274.70001220703125,280.17999267578125,274.45001220703125,275.5,51931300,0.0,0.0,AAPL
2026-02-12 00:00:00-05:00,275.5899963378906,275.7200012207031,260.17999267578125,261.7300109863281,81077200,0.0,0.0,AAPL
2026-02-13 00:00:00-05:00,262.010009765625,262.2300109863281,255.4499969482422,255.77999877929688,56290700,0.0,0.0,AAPL
2026-02-17 00:00:00-05:00,258.04998779296875,266.2900085449219,255.5399932861328,263.8800048828125,58469100,0.0,0.0,AAPL
2026-02-18 00:00:00-05:00,263.6000061035156,266.82000732421875,262.45001220703125,264.3500061035156,34203300,0.0,0.0,AAPL
2026-02-19 00:00:00-05:00,262.6000061035156,264.4800109863281,260.04998779296875,260.5799865722656,30845300,0.0,0.0,AAPL
2026-02-20 00:00:00-05:00,258.9700012207031,264.75,258.1600036621094,264.5799865722656,42070500,0.0,0.0,AAPL
2026-02-23 00:00:00-05:00,263.489990234375,269.42999267578125,263.3800048828125,266.17999267578125,37308200,0.0,0.0,AAPL
2026-02-24 00:00:00-05:00,267.8599853515625,274.8900146484375,267.7099914550781,272.1400146484375,47014600,0.0,0.0,AAPL
2026-02-25 00:00:00-05:00,271.7799987792969,274.94000244140625,271.04998779296875,274.2300109863281,33714300,0.0,0.0,AAPL
2026-02-26 00:00:00-05:00,274.95001220703125,276.1099853515625,270.79998779296875,272.95001220703125,32292600,0.0,0.0,AAPL
2025-02-27 00:00:00-05:00,173.31125512309177,173.87902359915924,167.28485366729163,167.84266662597656,39991000,0.0,0.0,GOOGL
2025-02-28 00:00:00-05:00,168.02194319125016,169.94442183496423,166.11940597917265,169.61570739746094,48130600,0.0,0.0,GOOGL
2025-03-03 00:00:00-05:00,171.25927958138345,172.69366445439235,165.28268607668863,166.3584747314453,40770500,0.0,0.0,GOOGL
2025-03-04 00:00:00-05:00,165.59146927723793,172.61395362786732,165.15318337522604,170.25320434570312,45388000,0.0,0.0,GOOGL
2025-03-05 00:00:00-05:00,169.8547695105912,173.10204608630403,168.40045859307807,172.3450164794922,30954900,0.0,0.0,GOOGL
2025-03-06 00:00:00-05:00,169.86472052254288,174.12802200431332,169.83483877564933,171.67762756347656,28302000,0.0,0.0,GOOGL
2025-03-07 00:00:00-05:00,170.5918843353401,174.28741777289434,169.60575619699736,173.18174743652344,27385800,0.0,0.0,GOOGL
2025-03-10 00:00:00-04:00,167.7966101322015,167.99607150995365,163.23920372577845,165.41319274902344,43604000,0.2,0.0,GOOGL
2025-03-11 00:00:00-04:00,164.4558560210946,166.29078517095678,160.9255963482493,163.58824157714844,39587400,0.0,0.0,GOOGL
2025-03-12 00:00:00-04:00,166.12124110886077,167.17831943801426,163.07963775446962,166.6497802734375,28372400,0.0,0.0,GOOGL
2025-03-13 00:00:00-04:00,165.58271795856493,165.67248166266438,161.6635485106855,162.31175231933594,31756200,0.0,0.0,GOOGL
2025-03-14 00:00:00-04:00,162.8203685104477,166.0315020416508,162.00261943703092,165.0342559814453,31995900,0.0,0.0,GOOGL
2025-03-17 00:00:00-04:00,164.57552252303753,165.84202932963498,163.21926721954216,163.83755493164062,31184300,0.0,0.0,GOOGL
2025-03-18 00:00:00-04:00,163.2292134435371,163.79765095180105,156.28838999765335,160.22750854492188,42074800,0.0,0.0,GOOGL
2025-03-19 00:00:00-04:00,161.31450558479577,165.41318720526314,160.5566041117451,163.4386444091797,34275600,0.0,0.0,GOOGL
2025-03-20 00:00:00-04:00,161.12506086024152,164.43591002375265,160.5167401261188,162.35166931152344,28138500,0.0,0.0,GOOGL
2025-03-21 00:00:00-04:00,160.7660482116765,163.7877026347692,160.44692216012342,163.53839111328125,36625800,0.0,0.0,GOOGL
2025-03-24 00:00:00-04:00,166.60991043967152,167.85646804378672,164.68521758619846,167.2182159423828,30879100,0.0,0.0,GOOGL
2025-03-25 00:00:00-04:00,168.51462053018605,170.16008551836464,167.85644975168057,170.09027099609375,24174400,0.0,0.0,GOOGL
2025-03-26 00:00:00-04:00,168.53459028680902,169.14291101426645,164.3860428738787,164.60543823242188,28901600,0.0,0.0,GOOGL
2025-03-27 00:00:00-04:00,164.1766304631432,164.96444818748884,161.55386834836875,161.793212890625,24508300,0.0,0.0,GOOGL
2025-03-28 00:00:00-04:00,160.0480386603904,161.37437785404254,153.2069295238927,153.90499877929688,48669300,0.0,0.0,GOOGL
2025-03-31 00:00:00-04:00,152.68834136730996,155.11164193370462,150.24509161947617,154.21412658691406,54603500,0.0,0.0,GOOGL
2025-04-01 00:00:00-04:00,153.19693997672525,157.66461343058796,153.19693997672525,156.637451171875,30672900,0.0,0.0,GOOGL
2025-04-02 00:00:00-04:00,154.72270392156926,157.9737354754909,154.2739462849113,156.6074981689453,25041700,0.0,0.0,GOOGL
2025-04-03 00:00:00-04:00,150.69384170810525,152.35924068042604,149.97582338010557,150.30491638183594,46883400,0.0,0.0,GOOGL
2025-04-04 00:00:00-04:00,147.60238713771614,150.65397293111235,144.9796402891217,145.19903564453125,62259500,0.0,0.0,GOOGL
2025-04-07 00:00:00-04:00,141.1601793715283,152.42906261628312,140.14298415460087,146.34585571289062,76794100,0.0,0.0,GOOGL
2025-04-08 00:00:00-04:00,150.80354683062922,151.82074204837693,142.63609935843277,144.30149841308594,52200200,0.0,0.0,GOOGL
2025-04-09 00:00:00-04:00,144.0222787835972,159.11061702523395,143.51368875470308,158.27293395996094,70406200,0.0,0.0,GOOGL
2025-04-10 00:00:00-04:00,156.10888048544342,157.28563866565491,149.51708388683267,152.39913940429688,48022000,0.0,0.0,GOOGL
2025-04-11 00:00:00-04:00,152.47891611104427,157.2357840662013,152.39914981719627,156.70724487304688,33636200,0.0,0.0,GOOGL
2025-04-14 00:00:00-04:00,159.5593589601424,161.27462328630523,157.12607630131762,158.63192749023438,30333000,0.0,0.0,GOOGL
2025-04-15 00:00:00-04:00,158.6917731015249,159.2103301054895,154.78257030571797,155.87953186035156,27551500,0.0,0.0,GOOGL
2025-04-16 00:00:00-04:00,152.67836778458886,155.46067741277207,151.09273508921532,152.90773010253906,28187400,0.0,0.0,GOOGL
2025-04-17 00:00:00-04:00,153.86508310192784,154.25400844452392,148.09103529003713,150.74371337890625,33046600,0.0,0.0,GOOGL
2025-04-21 00:00:00-04:00,148.46999532680982,148.53979463690146,145.6976525525358,147.26332092285156,26049100,0.0,0.0,GOOGL
2025-04-22 00:00:00-04:00,148.47995987784566,151.77087479980403,148.13091768280205,151.0528564453125,26971800,0.0,0.0,GOOGL
2025-04-23 00:00:00-04:00,155.1814586711159,157.09616926384234,153.38641273519517,154.92218017578125,31128800,0.0,0.0,GOOGL
2025-04-24 00:00:00-04:00,155.7199692710382,159.15049822016638,155.36096007364648,158.8413543701172,45894000,0.0,0.0,GOOGL
2025-04-25 00:00:00-04:00,164.61541287682232,165.6425750916004,160.59649729347288,161.51397705078125,56034000,0.0,0.0,GOOGL
2025-04-28 00:00:00-04:00,161.98265861948803,162.70067694860023,158.16321987401656,160.1676788330078,29745800,0.0,0.0,GOOGL
2025-04-29 00:00:00-04:00,159.87849612757626,160.29733764803302,157.086204107764,159.71893310546875,26809000,0.0,0.0,GOOGL
2025-04-30 00:00:00-04:00,157.54493703861002,158.83139304877153,154.97204023505506,158.36268615722656,34981100,0.0,0.0,GOOGL
2025-05-01 00:00:00-04:00,160.00812396444732,161.5039930234171,158.47237175928248,160.8557891845703,30203200,0.0,0.0,GOOGL
2025-05-02 00:00:00-04:00,162.95997467027814,164.51567601619934,161.42420728854916,163.57826232910156,25715000,0.0,0.0,GOOGL
2025-05-05 00:00:00-04:00,162.551092409754,164.93450965911595,162.27186475669814,163.7577667236328,21341800,0.0,0.0,GOOGL
2025-05-06 00:00:00-04:00,161.72339340187466,164.3461554362482,160.74609651363122,162.7804718017578,21277200,0.0,0.0,GOOGL
2025-05-07 00:00:00-04:00,163.62812539619352,164.5455898895658,147.43284488902702,150.96310424804688,127490100,0.0,0.0,GOOGL
2025-05-08 00:00:00-04:00,154.57315149382438,155.50058309873845,152.47892851591033,153.85513305664062,57498700,0.0,0.0,GOOGL
2025-05-09 00:00:00-04:00,153.7454179749914,154.62299934708025,151.78084208678038,152.32933044433594,32435300,0.0,0.0,GOOGL
2025-05-12 00:00:00-04:00,157.0562755246952,158.66184216787673,155.81968502629073,158.0236053466797,44138800,0.0,0.0,GOOGL
2025-05-13 00:00:00-04:00,158.35270013902556,160.12781218093087,155.72995326636035,159.09066772460938,42382100,0.0,0.0,GOOGL
2025-05-14 00:00:00-04:00,159.51949150800576,166.5400972975048,159.170449289238,164.91458129882812,48755900,0.0,0.0,GOOGL
2025-05-15 00:00:00-04:00,165.3832808496498,165.75227223459135,161.92283584781248,163.5084686279297,33146700,0.0,0.0,GOOGL
2025-05-16 00:00:00-04:00,167.26806720706887,168.88361607338598,165.16387753981013,165.73231506347656,42846900,0.0,0.0,GOOGL
2025-05-19 00:00:00-04:00,164.0569364118495,166.18107529267584,163.7677417629434,166.0813446044922,30426100,0.0,0.0,GOOGL
2025-05-20 00:00:00-04:00,165.9716462897934,168.03595283640126,162.45136908866291,163.5283966064453,46607700,0.0,0.0,GOOGL
2025-05-21 00:00:00-04:00,163.2392111991083,172.66318349220677,163.1095643409873,168.09579467773438,73416000,0.0,0.0,GOOGL
2025-05-22 00:00:00-04:00,171.3767414156938,176.28319020253375,170.23988151650855,170.39942932128906,74864400,0.0,0.0,GOOGL
2025-05-23 00:00:00-04:00,168.5944139952117,169.49194456610303,167.42763794814334,168.00604248046875,35211400,0.0,0.0,GOOGL
2025-05-27 00:00:00-04:00,169.69138381086714,172.69308880696215,169.53182079809207,172.423828125,37995700,0.0,0.0,GOOGL
2025-05-28 00:00:00-04:00,172.6831300854681,174.7873198647011,171.4365725199691,171.8853302001953,34784000,0.0,0.0,GOOGL
2025-05-29 00:00:00-04:00,173.5208093888165,173.93965089581198,170.1600951338123,171.38670349121094,29317300,0.0,0.0,GOOGL
2025-05-30 00:00:00-04:00,170.87811871209726,171.73575093359455,166.97888295989642,171.2670440673828,52639900,0.0,0.0,GOOGL
2025-06-02 00:00:00-04:00,167.37777366516244,169.40218193277036,166.92901598525125,168.5644989013672,38612300,0.0,0.0,GOOGL
2025-06-03 00:00:00-04:00,167.0287408798973,168.01600469808255,164.82482048675826,165.7223358154297,45084900,0.0,0.0,GOOGL
2025-06-04 00:00:00-04:00,166.28081407126308,167.75673398423967,165.90185569784677,167.5872039794922,26900800,0.0,0.0,GOOGL
2025-06-05 00:00:00-04:00,169.87088888051295,170.45926039928958,167.1284622369502,167.74676513671875,36379100,0.0,0.0,GOOGL
2025-06-06 00:00:00-04:00,170.35954849552294,174.01943975782734,170.35954849552294,173.20169067382812,35731800,0.0,0.0,GOOGL
2025-06-09 00:00:00-04:00,174.27002138780236,176.1970440586742,174.1002861656323,175.817626953125,28935900,0.21,0.0,GOOGL
2025-06-10 00:00:00-04:00,175.92747903926403,180.8298886948226,174.63948090794972,178.3237762451172,61766100,0.0,0.0,GOOGL
2025-06-11 00:00:00-04:00,179.49195401036374,180.09101684926247,176.47662077845203,177.07569885253906,31646800,0.0,0.0,GOOGL
2025-06-12 00:00:00-04:00,175.90749122267417,176.44666452455314,174.47971034788216,175.42823791503906,20941900,0.0,0.0,GOOGL
2025-06-13 00:00:00-04:00,172.17329464872896,176.85604320367563,172.1233689351953,174.39984130859375,27663100,0.0,0.0,GOOGL
2025-06-16 00:00:00-04:00,174.45974398959817,176.66633252587772,174.37986589593493,176.49659729003906,27389200,0.0,0.0,GOOGL
2025-06-17 00:00:00-04:00,175.4282431183839,177.08567926563504,174.30998028900405,175.6778564453125,24973000,0.0,0.0,GOOGL
2025-06-18 00:00:00-04:00,175.73776761612697,176.28692000243774,172.93211615674434,173.05194091796875,28707500,0.0,0.0,GOOGL
2025-06-20 00:00:00-04:00,173.68095462694552,174.07035081830173,165.20409556084024,166.38226318359375,75659900,0.0,0.0,GOOGL
2025-06-23 00:00:00-04:00,166.0128253516346,167.08116240174218,161.7494257286143,164.9344940185547,57671000,0.0,0.0,GOOGL
2025-06-24 00:00:00-04:00,166.66183161080377,167.95982401484335,165.87306016657053,166.51206970214844,40524300,0.0,0.0,GOOGL
2025-06-25 00:00:00-04:00,167.3707300173257,172.0934098171055,167.29085192583665,170.41600036621094,35479000,0.0,0.0,GOOGL
2025-06-26 00:00:00-04:00,172.16330733603075,173.4213683331891,169.6771681943881,173.27159118652344,31796700,0.0,0.0,GOOGL
2025-06-27 00:00:00-04:00,173.27158802075178,178.40363764116194,171.46438989107267,178.25387573242188,108140200,0.0,0.0,GOOGL
2025-06-30 00:00:00-04:00,180.5003780733202,180.94967899066734,174.30997094439113,175.95741271972656,63378900,0.0,0.0,GOOGL
2025-07-01 00:00:00-04:00,175.46818749328466,175.81763700531283,173.26159900853952,175.56802368164062,35904500,0.0,0.0,GOOGL
2025-07-02 00:00:00-04:00,175.26848197683447,178.58335417760583,174.79922295185074,178.3636932373047,29128900,0.0,0.0,GOOGL
2025-07-03 00:00:00-04:00,178.22391365801445,179.39210218822254,176.7761594232363,179.2523193359375,21689700,0.0,0.0,GOOGL
2025-07-07 00:00:00-04:00,178.78304908898676,179.0226833705182,175.40827199123135,176.5165557861328,34175600,0.0,0.0,GOOGL
2025-07-08 00:00:00-04:00,177.5749242496101,177.67476043779465,172.54271112131266,174.09031677246094,40442500,0.0,0.0,GOOGL
2025-07-09 00:00:00-04:00,174.97894087050608,179.1624626362242,172.50278095171484,176.34681701660156,43025600,0.0,0.0,GOOGL
2025-07-10 00:00:00-04:00,175.35836349959487,178.15402063985096,174.11029683512743,177.34527587890625,29252400,0.0,0.0,GOOGL
2025-07-11 00:00:00-04:00,176.51656530489134,181.14938835134018,176.20704719654847,179.91131591796875,34282900,0.0,0.0,GOOGL
2025-07-14 00:00:00-04:00,180.7300224544814,183.3859118317051,179.40207776586954,181.2791748046875,32536600,0.0,0.0,GOOGL
2025-07-15 00:00:00-04:00,182.5272506181519,183.93507346834292,181.31913062189142,181.718505859375,33448300,0.0,0.0,GOOGL
2025-07-16 00:00:00-04:00,182.95659839065306,184.04490889196538,181.74846312672318,182.68701171875,33104200,0.0,0.0,GOOGL
2025-07-17 00:00:00-04:00,181.85827589550698,183.77530432362263,180.20083982993623,183.29605102539062,31992600,0.0,0.0,GOOGL
2025-07-18 00:00:00-04:00,185.11324367348885,186.1316703490662,183.42587032160213,184.77377319335938,34014500,0.0,0.0,GOOGL
2025-07-21 00:00:00-04:00,185.9619330750015,189.99567783258155,185.86208164773134,189.8059844970703,45803100,0.0,0.0,GOOGL
2025-07-22 00:00:00-04:00,191.20380830960463,191.35357021159422,187.17006365240448,191.04405212402344,44660200,0.0,0.0,GOOGL
2025-07-23 00:00:00-04:00,191.20381577219638,192.23222149983224,188.88739669642578,189.93577575683594,58681900,0.0,0.0,GOOGL
2025-07-24 00:00:00-04:00,196.7252403051011,197.64381545602902,190.70456849752816,191.8727569580078,74881700,0.0,0.0,GOOGL
2025-07-25 00:00:00-04:00,191.68305419336826,194.02942546808288,190.96416662133603,192.88119506835938,39785900,0.0,0.0,GOOGL
2025-07-28 00:00:00-04:00,193.35047209995227,193.7498625541434,190.54482081320737,192.28213500976562,38139500,0.0,0.0,GOOGL
2025-07-29 00:00:00-04:00,192.13236281084488,195.61697034161693,191.78291329403916,195.44723510742188,41389200,0.0,0.0,GOOGL
2025-07-30 00:00:00-04:00,195.2974741739121,197.2943808004953,194.3888780023715,196.2260284423828,32445400,0.0,0.0,GOOGL
2025-07-31 00:00:00-04:00,195.40729975764043,195.68686545955075,190.79443520574372,191.60317993164062,51329200,0.0,0.0,GOOGL
2025-08-01 00:00:00-04:00,188.73762721302066,190.53484621084553,187.52950724447476,188.8374786376953,34832200,0.0,0.0,GOOGL
2025-08-04 00:00:00-04:00,189.9956738002762,194.96798225717674,189.82593856567027,194.7383270263672,31547400,0.0,0.0,GOOGL
2025-08-05 00:00:00-04:00,194.40884314692985,197.55396485726567,193.5901041516216,194.368896484375,31602300,0.0,0.0,GOOGL
2025-08-06 00:00:00-04:00,194.1991754853375,196.3258859841649,193.3704573812648,195.78671264648438,21562900,0.0,0.0,GOOGL
2025-08-07 00:00:00-04:00,196.75520727948205,197.23446060352177,194.0294340028213,196.21604919433594,26321800,0.0,0.0,GOOGL
2025-08-08 00:00:00-04:00,196.9149587094283,202.29662132319493,196.86503299798275,201.10845947265625,39161800,0.0,0.0,GOOGL
2025-08-11 00:00:00-04:00,200.62921267003748,201.16837075965444,198.76210983585918,200.68911743164062,25832400,0.0,0.0,GOOGL
2025-08-12 00:00:00-04:00,201.0585431482033,204.18370696130674,200.27975076589462,203.02549743652344,30397900,0.0,0.0,GOOGL
2025-08-13 00:00:00-04:00,203.81427054832747,204.21364576160173,197.2044995517677,201.6476287841797,28342900,0.0,0.0,GOOGL
2025-08-14 00:00:00-04:00,201.18833871082708,204.12379383237695,200.91875205563483,202.62611389160156,25230400,0.0,0.0,GOOGL
2025-08-15 00:00:00-04:00,203.534714766441,206.12070520105007,200.96868242883633,203.58462524414062,34931400,0.0,0.0,GOOGL
2025-08-18 00:00:00-04:00,203.88415594549542,204.9525082638803,202.17680937496152,203.18524169921875,18526600,0.0,0.0,GOOGL
2025-08-19 00:00:00-04:00,202.7159730378366,203.1253425488118,199.65072931767816,201.25823974609375,24240200,0.0,0.0,GOOGL
2025-08-20 00:00:00-04:00,200.41952632200108,200.9686786831588,196.29592455953664,199.01171875,28955500,0.0,0.0,GOOGL
2025-08-21 00:00:00-04:00,199.44105529785156,202.1668286588479,199.12154291514705,199.44105529785156,19774600,0.0,0.0,GOOGL
2025-08-22 00:00:00-04:00,202.41643648326647,208.21744781149425,200.98865555430208,205.771240234375,42827000,0.0,0.0,GOOGL
2025-08-25 00:00:00-04:00,206.11069972619865,210.19438514977915,204.9624845680577,208.1675262451172,29928900,0.0,0.0,GOOGL
2025-08-26 00:00:00-04:00,207.18903343187435,207.52851912382437,205.3818354433132,206.81961059570312,28464100,0.0,0.0,GOOGL
2025-08-27 00:00:00-04:00,205.38184246485358,208.58688428789492,205.3319167524022,207.15908813476562,23022900,0.0,0.0,GOOGL
2025-08-28 00:00:00-04:00,206.92944327697995,211.8917573213033,206.57997853322107,211.31265258789062,32339300,0.0,0.0,GOOGL
2025-08-29 00:00:00-04:00,210.1844065843309,214.31800279201352,209.87488848734807,212.58070373535156,39728400,0.0,0.0,GOOGL
2025-09-02 00:00:00-04:00,208.11761422314743,211.3525932568575,205.88107328271496,211.0231170654297,47523000,0.0,0.0,GOOGL
2025-09-03 00:00:00-04:00,225.86013881710127,230.95224175670688,224.4423216543269,230.30325317382812,103336100,0.0,0.0,GOOGL
2025-09-04 00:00:00-04:00,229.2947939629136,232.01058815431742,225.76027598883607,231.94070434570312,51684200,0.0,0.0,GOOGL
2025-09-05 00:00:00-04:00,231.84086323662245,235.39535470067108,231.5413241866342,234.63653564453125,46588900,0.0,0.0,GOOGL
2025-09-08 00:00:00-04:00,235.31608185012894,237.97434675109136,233.5172554040335,233.8870086669922,32474700,0.21,0.0,GOOGL
2025-09-09 00:00:00-04:00,234.0169206603603,240.3128053844981,233.07753270088136,239.47335815429688,38061000,0.0,0.0,GOOGL
2025-09-10 00:00:00-04:00,238.74382884116824,241.50203443312756,237.6945274082077,239.01365661621094,35141100,0.0,0.0,GOOGL
2025-09-11 00:00:00-04:00,239.7232054178332,242.09165136894262,236.09557331646107,240.21287536621094,30599300,0.0,0.0,GOOGL
2025-09-12 00:00:00-04:00,240.21286654309478,241.92175543476245,237.84442067897936,240.64259338378906,26771600,0.0,0.0,GOOGL
2025-09-15 00:00:00-04:00,244.5000723057695,252.24500622225327,244.5000723057695,251.44552612304688,58383800,0.0,0.0,GOOGL
2025-09-16 00:00:00-04:00,251.91521585326547,252.87457975705254,249.30692141357196,250.99581909179688,34109700,0.0,0.0,GOOGL
2025-09-17 00:00:00-04:00,251.0557800198683,251.43553649547647,246.11900683222018,249.36688232421875,34108000,0.0,0.0,GOOGL
2025-09-18 00:00:00-04:00,251.51547232528497,253.82397511354577,249.6367116291099,251.86524963378906,31239500,0.0,0.0,GOOGL
2025-09-19 00:00:00-04:00,253.08445699569828,255.83265939150547,251.64539584681071,254.55349731445312,55571400,0.0,0.0,GOOGL
2025-09-22 00:00:00-04:00,254.2636811395151,255.6128047936517,250.13639113793755,252.36492919921875,32290500,0.0,0.0,GOOGL
2025-09-23 00:00:00-04:00,252.8745862102155,254.1937306726042,250.31626206974443,251.49549865722656,26628000,0.0,0.0,GOOGL
2025-09-24 00:00:00-04:00,251.49550432970327,252.18505574615793,246.2789151995329,246.97845458984375,28201000,0.0,0.0,GOOGL
2025-09-25 00:00:00-04:00,244.24022750230412,246.32887284028934,240.58263166512353,245.6293182373047,31020400,0.0,0.0,GOOGL
2025-09-26 00:00:00-04:00,246.90849752367055,249.25695217808112,245.80921049475367,246.3788299560547,18503200,0.0,0.0,GOOGL
2025-09-29 00:00:00-04:00,247.6879914773483,250.98582213384148,242.61131034259105,243.89047241210938,32505800,0.0,0.0,GOOGL
2025-09-30 00:00:00-04:00,242.65128209661555,243.13096406959585,239.09361157011617,242.94110107421875,34724300,0.0,0.0,GOOGL
2025-10-01 00:00:00-04:00,240.59263270567308,246.13900797357311,238.45403213601972,244.7399139404297,31658200,0.0,0.0,GOOGL
2025-10-02 00:00:00-04:00,244.98974812584623,246.64866670301694,242.14162021805868,245.52940368652344,25483300,0.0,0.0,GOOGL
2025-10-03 00:00:00-04:00,244.33018254314118,246.138996907564,241.5020306823554,245.1896209716797,30249600,0.0,0.0,GOOGL
2025-10-06 00:00:00-04:00,244.61999567020933,251.1557292673991,244.42012945214807,250.26629638671875,28894700,0.0,0.0,GOOGL
2025-10-07 00:00:00-04:00,248.10771903747053,250.27629875611288,245.35951661425605,245.59934997558594,23181300,0.0,0.0,GOOGL
2025-10-08 00:00:00-04:00,244.79988761332393,245.84918907751907,243.66063338889384,244.46009826660156,21307100,0.0,0.0,GOOGL
2025-10-09 00:00:00-04:00,244.3101967172578,244.60000044134677,238.99366696134817,241.3721160888672,27892100,0.0,0.0,GOOGL
2025-10-10 00:00:00-04:00,241.27216783484693,243.93043262992407,235.6858257251368,236.4153594970703,33180300,0.0,0.0,GOOGL
2025-10-13 00:00:00-04:00,240.05299046060216,244.34017953936018,239.55331729181,243.9904022216797,24995000,0.0,0.0,GOOGL
2025-10-14 00:00:00-04:00,241.07230809804528,246.95845730298234,240.35277752895155,245.28955078125,22111600,0.0,0.0,GOOGL
2025-10-15 00:00:00-04:00,247.0883778879278,251.94520161834686,245.82920701293574,250.86590576171875,27007700,0.0,0.0,GOOGL
2025-10-16 00:00:00-04:00,251.60541868813706,256.79201310331337,249.93651222042618,251.29562377929688,27997200,0.0,0.0,GOOGL
2025-10-17 00:00:00-04:00,250.59608169913423,254.05382673080507,247.64801305801078,253.13442993164062,29671600,0.0,0.0,GOOGL
2025-10-20 00:00:00-04:00,254.52352413042843,257.1617826336821,254.06381810029453,256.3822937011719,22350200,0.0,0.0,GOOGL
2025-10-21 00:00:00-04:00,254.5734808325197,254.71338870395212,243.99039197294186,250.29627990722656,47312100,0.0,0.0,GOOGL
2025-10-22 00:00:00-04:00,254.20372304336274,256.19241249616164,249.12704181794433,251.52548217773438,35029400,0.0,0.0,GOOGL
2025-10-23 00:00:00-04:00,252.81462530948346,254.8732762688867,251.68537434804077,252.91456604003906,19901400,0.0,0.0,GOOGL
2025-10-24 00:00:00-04:00,256.412278354529,261.5089509442133,255.1531226659378,259.7501220703125,28655100,0.0,0.0,GOOGL
2025-10-27 00:00:00-04:00,264.6468909460984,269.9634205104271,264.10723541197956,269.0939636230469,35235200,0.0,0.0,GOOGL
2025-10-28 00:00:00-04:00,269.5137161039883,270.5530448339537,266.3257988486908,267.295166015625,29738600,0.0,0.0,GOOGL
2025-10-29 00:00:00-04:00,267.57498405043395,275.1600191542769,267.49504976173847,274.3905334472656,43580300,0.0,0.0,GOOGL
2025-10-30 00:00:00-04:00,291.3993974290424,291.3993974290424,279.87693527724974,281.2960205078125,74876000,0.0,0.0,GOOGL
2025-10-31 00:00:00-04:00,283.02486366213384,285.81304844327684,276.8489107040144,281.0061950683594,39267900,0.0,0.0,GOOGL
2025-11-03 00:00:00-05:00,281.9955439895644,285.3433603410046,279.61709481156873,283.5345458984375,29786000,0.0,0.0,GOOGL
2025-11-04 00:00:00-05:00,276.56908942406625,281.0861237356038,276.07941949471564,277.35858154296875,30078400,0.0,0.0,GOOGL
2025-11-05 00:00:00-05:00,278.6876991693174,286.23278206992967,277.15870054271744,284.1241455078125,31010300,0.0,0.0,GOOGL
2025-11-06 00:00:00-05:00,285.14348075532007,288.1615262521665,280.9562476047489,284.5638732910156,37173600,0.0,0.0,GOOGL
2025-11-07 00:00:00-05:00,283.0248465894465,283.59448127875606,275.0101005397699,278.647705078125,34479600,0.0,0.0,GOOGL
2025-11-10 00:00:00-05:00,284.23409016650885,290.6098939896417,282.6750818691635,289.9103698730469,29557300,0.0,0.0,GOOGL
2025-11-11 00:00:00-05:00,287.56189748708465,291.72918497214437,287.1321858980205,291.11956787109375,19842100,0.0,0.0,GOOGL
2025-11-12 00:00:00-05:00,291.4893355792204,291.8191369528623,283.504568014819,286.5225830078125,24829900,0.0,0.0,GOOGL
2025-11-13 00:00:00-05:00,282.15543354563385,282.65510670070455,277.0587612643864,278.3879089355469,29494000,0.0,0.0,GOOGL
2025-11-14 00:00:00-05:00,271.23257767900105,278.3778974858086,270.52305035910666,276.22930908203125,31647200,0.0,0.0,GOOGL
2025-11-17 00:00:00-05:00,285.59319216713175,293.7578650793077,283.38464532335746,284.83367919921875,52670200,0.0,0.0,GOOGL
2025-11-18 00:00:00-05:00,287.7318125744744,288.61121173854644,278.0181648979437,284.09417724609375,49158700,0.0,0.0,GOOGL
2025-11-19 00:00:00-05:00,286.9722907427786,303.6114007455407,286.44263841708545,292.61859130859375,68198900,0.0,0.0,GOOGL
2025-11-20 00:00:00-05:00,304.3409354639468,306.2197114167213,288.48131431646567,289.26080322265625,62025200,0.0,0.0,GOOGL
2025-11-21 00:00:00-05:00,296.2262391249899,303.7213362601199,293.6579118539212,299.464111328125,74137700,0.0,0.0,GOOGL
2025-11-24 00:00:00-05:00,310.9266228942269,319.27117069793417,309.39762425695875,318.3717346191406,85165100,0.0,0.0,GOOGL
2025-11-25 00:00:00-05:00,325.9967549915166,328.6150374741804,317.4423529194355,323.22857666015625,88632100,0.0,0.0,GOOGL
2025-11-26 00:00:00-05:00,320.4703785574214,324.287888914303,316.58293713459693,319.7408752441406,51373400,0.0,0.0,GOOGL
2025-11-28 00:00:00-05:00,323.15862038246837,326.6363566172421,316.5829348985448,319.970703125,26018600,0.0,0.0,GOOGL
2025-12-01 00:00:00-05:00,317.49233426982363,319.6409227326276,313.684827275924,314.6841735839844,41183000,0.0,0.0,GOOGL
2025-12-02 00:00:00-05:00,316.5329308632399,318.17187340075924,313.7047943107319,315.6035461425781,35854700,0.0,0.0,GOOGL
2025-12-03 00:00:00-05:00,315.68353592029735,321.369788644051,313.89469739870816,319.42108154296875,41838300,0.0,0.0,GOOGL
2025-12-04 00:00:00-05:00,322.0193865832628,322.14927599125497,314.4943097586067,317.4123840332031,31240900,0.0,0.0,GOOGL
2025-12-05 00:00:00-05:00,319.28113189003057,322.9487461411032,318.961364259978,321.0599670410156,28851700,0.0,0.0,GOOGL
2025-12-08 00:00:00-05:00,320.04998779296875,320.44000244140625,311.2200012207031,313.7200012207031,33909400,0.21,0.0,GOOGL
2025-12-09 00:00:00-05:00,312.3699951171875,317.989990234375,311.8999938964844,317.0799865722656,30194000,0.0,0.0,GOOGL
2025-12-10 00:00:00-05:00,315.8299865722656,321.30999755859375,314.67999267578125,320.2099914550781,33428900,0.0,0.0,GOOGL
2025-12-11 00:00:00-05:00,320.0799865722656,321.1199951171875,308.6000061035156,312.42999267578125,42353700,0.0,0.0,GOOGL
2025-12-12 00:00:00-05:00,313.70001220703125,314.8699951171875,305.55999755859375,309.2900085449219,35940200,0.0,0.0,GOOGL
2025-12-15 00:00:00-05:00,311.32000732421875,311.4200134277344,304.8800048828125,308.2200012207031,29151900,0.0,0.0,GOOGL
2025-12-16 00:00:00-05:00,304.95001220703125,310.7699890136719,302.5899963378906,306.57000732421875,30585000,0.0,0.0,GOOGL
2025-12-17 00:00:00-05:00,308.010009765625,308.0899963378906,296.1199951171875,296.7200012207031,43930400,0.0,0.0,GOOGL
2025-12-18 00:00:00-05:00,301.7200012207031,303.9599914550781,299.2300109863281,302.4599914550781,33518000,0.0,0.0,GOOGL
2025-12-19 00:00:00-05:00,301.7300109863281,307.25,300.9700012207031,307.1600036621094,59943200,0.0,0.0,GOOGL
2025-12-22 00:00:00-05:00,309.8800048828125,310.1300048828125,305.29998779296875,309.7799987792969,26429900,0.0,0.0,GOOGL
2025-12-23 00:00:00-05:00,309.6300048828125,314.94000244140625,309.32000732421875,314.3500061035156,25478700,0.0,0.0,GOOGL
2025-12-24 00:00:00-05:00,314.7699890136719,315.0799865722656,311.9200134277344,314.0899963378906,10097400,0.0,0.0,GOOGL
2025-12-26 00:00:00-05:00,314.4800109863281,315.0899963378906,312.2799987792969,313.510009765625,10899000,0.0,0.0,GOOGL
2025-12-29 00:00:00-05:00,311.3699951171875,314.0199890136719,310.6199951171875,313.55999755859375,19621800,0.0,0.0,GOOGL
2025-12-30 00:00:00-05:00,312.5,316.95001220703125,312.4599914550781,313.8500061035156,17380900,0.0,0.0,GOOGL
2025-12-31 00:00:00-05:00,312.8500061035156,314.5799865722656,311.44000244140625,313.0,16377700,0.0,0.0,GOOGL
2026-01-02 00:00:00-05:00,316.8999938964844,322.5,310.3299865722656,315.1499938964844,32009400,0.0,0.0,GOOGL
2026-01-05 00:00:00-05:00,317.6600036621094,319.0199890136719,314.6300048828125,316.5400085449219,30195600,0.0,0.0,GOOGL
2026-01-06 00:00:00-05:00,316.3999938964844,320.94000244140625,311.7799987792969,314.3399963378906,31212100,0.0,0.0,GOOGL
2026-01-07 00:00:00-05:00,314.3599853515625,326.1499938964844,314.19000244140625,321.9800109863281,35104400,0.0,0.0,GOOGL
2026-01-08 00:00:00-05:00,328.9700012207031,330.32000732421875,321.5,325.44000244140625,31896100,0.0,0.0,GOOGL
2026-01-09 00:00:00-05:00,327.0899963378906,330.8299865722656,325.79998779296875,328.57000732421875,26214200,0.0,0.0,GOOGL
2026-01-12 00:00:00-05:00,325.79998779296875,334.0400085449219,325.0,331.8599853515625,33923900,0.0,0.0,GOOGL
2026-01-13 00:00:00-05:00,334.95001220703125,340.489990234375,333.6199951171875,335.9700012207031,33517600,0.0,0.0,GOOGL
2026-01-14 00:00:00-05:00,335.05999755859375,336.5199890136719,330.4800109863281,335.8399963378906,28525600,0.0,0.0,GOOGL
2026-01-15 00:00:00-05:00,337.6499938964844,337.69000244140625,330.739990234375,332.7799987792969,28442400,0.0,0.0,GOOGL
2026-01-16 00:00:00-05:00,334.4100036621094,334.6499938964844,327.70001220703125,330.0,40341600,0.0,0.0,GOOGL
2026-01-20 00:00:00-05:00,320.8699951171875,327.7300109863281,320.42999267578125,322.0,35361000,0.0,0.0,GOOGL
2026-01-21 00:00:00-05:00,320.9200134277344,332.4800109863281,319.3500061035156,328.3800048828125,35386600,0.0,0.0,GOOGL
2026-01-22 00:00:00-05:00,334.45001220703125,335.1499938964844,328.75,330.5400085449219,26253600,0.0,0.0,GOOGL
2026-01-23 00:00:00-05:00,332.489990234375,333.69000244140625,327.45001220703125,327.92999267578125,27280000,0.0,0.0,GOOGL
2026-01-26 00:00:00-05:00,327.80999755859375,335.8399963378906,327.0,333.260009765625,26042100,0.0,0.0,GOOGL
2026-01-27 00:00:00-05:00,335.3699951171875,337.9100036621094,333.4800109863281,334.54998779296875,21636200,0.0,0.0,GOOGL
2026-01-28 00:00:00-05:00,336.05999755859375,337.5400085449219,331.94000244140625,336.010009765625,27434400,0.0,0.0,GOOGL
2026-01-29 00:00:00-05:00,340.29998779296875,342.2900085449219,326.5400085449219,338.25,39785600,0.0,0.0,GOOGL
2026-01-30 00:00:00-05:00,340.0,340.0,332.2900085449219,338.0,31024000,0.0,0.0,GOOGL
2026-02-02 00:00:00-05:00,336.2200012207031,344.8299865722656,335.6300048828125,343.69000244140625,32006100,0.0,0.0,GOOGL
2026-02-03 00:00:00-05:00,347.3399963378906,349.0,337.4700012207031,339.7099914550781,36506700,0.0,0.0,GOOGL
2026-02-04 00:00:00-05:00,342.9599914550781,343.30999755859375,328.5199890136719,333.0400085449219,70618400,0.0,0.0,GOOGL
2026-02-05 00:00:00-05:00,312.2200012207031,332.69000244140625,306.4599914550781,331.25,88205800,0.0,0.0,GOOGL
2026-02-06 00:00:00-05:00,327.17999267578125,330.3800048828125,319.9200134277344,322.8599853515625,56380500,0.0,0.0,GOOGL
2026-02-09 00:00:00-05:00,320.92999267578125,327.70001220703125,317.260009765625,324.32000732421875,39640100,0.0,0.0,GOOGL
2026-02-10 00:00:00-05:00,320.9700012207031,321.6700134277344,314.6099853515625,318.5799865722656,39170000,0.0,0.0,GOOGL
2026-02-11 00:00:00-05:00,318.9700012207031,321.05999755859375,309.6600036621094,310.9599914550781,45406400,0.0,0.0,GOOGL
2026-02-12 00:00:00-05:00,312.0899963378906,316.239990234375,307.20001220703125,309.0,47761300,0.0,0.0,GOOGL
2026-02-13 00:00:00-05:00,307.7300109863281,308.6300048828125,303.7099914550781,305.7200012207031,38499700,0.0,0.0,GOOGL
2026-02-17 00:00:00-05:00,300.0400085449219,304.44000244140625,296.25,302.0199890136719,39247600,0.0,0.0,GOOGL
2026-02-18 00:00:00-05:00,302.0899963378906,305.3800048828125,301.25,303.3299865722656,28482100,0.0,0.0,GOOGL
2026-02-19 00:00:00-05:00,301.82000732421875,305.4700012207031,300.0400085449219,302.8500061035156,25834400,0.0,0.0,GOOGL
2026-02-20 00:00:00-05:00,304.32000732421875,316.5,303.8999938964844,314.9800109863281,53210800,0.0,0.0,GOOGL
2026-02-23 00:00:00-05:00,319.04998779296875,319.5199890136719,309.8699951171875,311.489990234375,31423000,0.0,0.0,GOOGL
2026-02-24 00:00:00-05:00,310.5199890136719,312.2699890136719,305.92999267578125,310.8999938964844,25615600,0.0,0.0,GOOGL
2026-02-25 00:00:00-05:00,312.05999755859375,313.6400146484375,309.44000244140625,312.8999938964844,29963600,0.0,0.0,GOOGL
2026-02-26 00:00:00-05:00,312.6400146484375,313.1400146484375,302.3500061035156,307.3800048828125,36153600,0.0,0.0,GOOGL
2025-02-27 00:00:00-05:00,157.91030243616976,159.50584678654798,157.3460225647323,159.29180908203125,8364600,0.0,0.0,JNJ
2025-02-28 00:00:00-05:00,159.85609895248652,161.44191981373382,158.289740114278,160.54685974121094,12037200,0.0,0.0,JNJ
2025-03-03 00:00:00-05:00,160.48848547104393,162.79423784404756,160.37172818020133,162.74559020996094,9191500,0.0,0.0,JNJ
2025-03-04 00:00:00-05:00,163.52390432699676,165.382134055129,160.83872421775018,160.93600463867188,11999700,0.0,0.0,JNJ
2025-03-05 00:00:00-05:00,160.05068422605132,161.9478381887641,159.09725287252516,160.64414978027344,8744800,0.0,0.0,JNJ
2025-03-06 00:00:00-05:00,160.5273966710021,161.37380910299356,159.0777802901347,161.33489990234375,8037900,0.0,0.0,JNJ
2025-03-07 00:00:00-05:00,160.65388903997257,163.89362578587057,160.2355371659095,162.17160034179688,9637600,0.0,0.0,JNJ
2025-03-10 00:00:00-04:00,162.9401676061837,165.294567637911,162.5218306080433,163.15420532226562,17559000,0.0,0.0,JNJ
2025-03-11 00:00:00-04:00,162.6677480965093,162.7650433593784,160.57603355137917,161.36407470703125,9890300,0.0,0.0,JNJ
2025-03-12 00:00:00-04:00,159.29182023694912,159.75881972232855,157.83248024677997,158.43568420410156,8010700,0.0,0.0,JNJ
2025-03-13 00:00:00-04:00,158.99996003688625,160.07987229654685,158.2508428130634,158.5718994140625,5286700,0.0,0.0,JNJ
2025-03-14 00:00:00-04:00,157.72547546138435,158.72755448977202,156.73313486804486,158.3967742919922,6235800,0.0,0.0,JNJ
2025-03-17 00:00:00-04:00,158.0076120830635,159.0680622686795,157.34603688747066,158.4259490966797,6669800,0.0,0.0,JNJ
2025-03-18 00:00:00-04:00,159.00968826991965,160.39119501744185,158.55242721709214,159.7977294921875,7348800,0.0,0.0,JNJ
2025-03-19 00:00:00-04:00,159.52533078222118,159.9047586115519,157.813043755401,158.5718994140625,5936400,0.0,0.0,JNJ
2025-03-20 00:00:00-04:00,158.58161219557422,158.77618789181005,157.54060921069274,158.60107421875,7485900,0.0,0.0,JNJ
2025-03-21 00:00:00-04:00,158.58162197668406,159.68099625372687,158.07571325912787,159.19454956054688,17047100,0.0,0.0,JNJ
2025-03-24 00:00:00-04:00,158.42595521833496,159.93394293381326,158.09517503034425,158.86375427246094,8046400,0.0,0.0,JNJ
2025-03-25 00:00:00-04:00,159.08750653402296,159.7393432224704,156.2077360158638,156.6552734375,7456200,0.0,0.0,JNJ
2025-03-26 00:00:00-04:00,156.8401334783579,158.08543569928875,156.28557717855708,157.3363037109375,7223500,0.0,0.0,JNJ
2025-03-27 00:00:00-04:00,157.94924372823283,159.6226215034605,156.9471647500084,158.70809936523438,6752500,0.0,0.0,JNJ
2025-03-28 00:00:00-04:00,159.15561209352714,160.0604105860502,158.49405177226188,159.27236938476562,5760300,0.0,0.0,JNJ
2025-03-31 00:00:00-04:00,159.9144805497099,162.11322909532817,159.77827606995103,161.34463500976562,12481400,0.0,0.0,JNJ
2025-04-01 00:00:00-04:00,156.37315537949164,157.42388205545032,148.97917428799886,149.09591674804688,23303100,0.0,0.0,JNJ
2025-04-02 00:00:00-04:00,149.83530019147773,151.56704917498004,149.2904822881522,151.14871215820312,10356900,0.0,0.0,JNJ
2025-04-03 00:00:00-04:00,154.4468204683537,156.29531190911774,153.211241747958,155.48782348632812,13249300,0.0,0.0,JNJ
2025-04-04 00:00:00-04:00,154.84570846579808,155.4878216368075,148.78457223350892,149.086181640625,16601700,0.0,0.0,JNJ
2025-04-07 00:00:00-04:00,147.17931414233325,148.57055944063077,143.4044829542767,146.53720092773438,18083000,0.0,0.0,JNJ
2025-04-08 00:00:00-04:00,149.42668937844223,149.42668937844223,143.98821899414062,145.9340057373047,12018400,0.0,0.0,JNJ
2025-04-09 00:00:00-04:00,138.34543688978812,149.03754057475763,137.6644144868036,146.87771606445312,18773700,0.0,0.0,JNJ
2025-04-10 00:00:00-04:00,146.29396909214825,147.1014723585021,141.19601741107385,144.65951538085938,13830500,0.0,0.0,JNJ
2025-04-11 00:00:00-04:00,145.2821579701608,148.22029988673702,144.17306020425994,147.61709594726562,9943900,0.0,0.0,JNJ
2025-04-14 00:00:00-04:00,147.48090813003043,150.47742160756627,147.07229468016305,150.1758270263672,10685300,0.0,0.0,JNJ
2025-04-15 00:00:00-04:00,151.4794760647807,152.06321795288383,147.97706927168062,149.4558563232422,10847700,0.0,0.0,JNJ
2025-04-16 00:00:00-04:00,151.15843785474706,151.41139963137073,148.1132917072422,149.73802185058594,7986900,0.0,0.0,JNJ
2025-04-17 00:00:00-04:00,149.98124809164514,155.1181239870104,149.98124809164514,153.20152282714844,10981100,0.0,0.0,JNJ
2025-04-21 00:00:00-04:00,153.67822968223672,153.9409001804085,151.27518208299085,152.66641235351562,6285400,0.0,0.0,JNJ
2025-04-22 00:00:00-04:00,153.2793470326259,154.41763044672643,152.02430632426632,153.4739227294922,7136300,0.0,0.0,JNJ
2025-04-23 00:00:00-04:00,152.2480946489306,152.84156022117614,150.1466413263717,151.16818237304688,9099400,0.0,0.0,JNJ
2025-04-24 00:00:00-04:00,151.57678926088408,151.67406969029523,149.2807603253007,150.73036193847656,8310400,0.0,0.0,JNJ
2025-04-25 00:00:00-04:00,150.13691512332085,150.70118022596543,148.31759438866158,150.38986206054688,8643600,0.0,0.0,JNJ
2025-04-28 00:00:00-04:00,151.28492037829616,151.58651495044614,149.6504666278673,151.1389923095703,5815200,0.0,0.0,JNJ
2025-04-29 00:00:00-04:00,151.2362546816463,152.76370422940442,150.10769493434165,151.6837921142578,5246700,0.0,0.0,JNJ
2025-04-30 00:00:00-04:00,153.9117200490407,153.9117200490407,150.8179264212635,152.0729522705078,9598200,0.0,0.0,JNJ
2025-05-01 00:00:00-04:00,150.79847295546213,150.88602979627174,149.20292841606295,150.2731170654297,7325800,0.0,0.0,JNJ
2025-05-02 00:00:00-04:00,151.83947450772436,152.47184925651504,150.8373806848308,151.8881072998047,5974500,0.0,0.0,JNJ
2025-05-05 00:00:00-04:00,152.42319194810284,152.53993439396783,150.5357765656926,150.7984619140625,5464100,0.0,0.0,JNJ
2025-05-06 00:00:00-04:00,150.62334023116017,151.67405187838798,149.52396610717955,150.28282165527344,8644200,0.0,0.0,JNJ
2025-05-07 00:00:00-04:00,150.5455131054373,153.65876866577935,150.31201337147158,153.03611755371094,7853100,0.0,0.0,JNJ
2025-05-08 00:00:00-04:00,151.5962487740799,152.77344141312827,150.58443137777405,151.44058227539062,7606100,0.0,0.0,JNJ
2025-05-09 00:00:00-04:00,151.2070808533016,151.8297319959907,149.64072198487162,150.03961181640625,6520400,0.0,0.0,JNJ
2025-05-12 00:00:00-04:00,147.89926268086666,151.14872315874868,147.08202092122536,149.9617919921875,9023800,0.0,0.0,JNJ
2025-05-13 00:00:00-04:00,147.5879172387248,147.5879172387248,144.06604808573897,144.41629028320312,10549600,0.0,0.0,JNJ
2025-05-14 00:00:00-04:00,144.6400509154053,144.78599382334744,142.1591699321315,142.39266967773438,10216000,0.0,0.0,JNJ
2025-05-15 00:00:00-04:00,143.98820664200468,145.59347462933604,143.336369920384,145.5545654296875,7945800,0.0,0.0,JNJ
2025-05-16 00:00:00-04:00,145.61295963258758,147.3933564122557,145.17516055287345,147.22796630859375,8051200,0.0,0.0,JNJ
2025-05-19 00:00:00-04:00,147.77277962170123,148.52191170491523,146.9555527191998,148.3565216064453,12639900,0.0,0.0,JNJ
2025-05-20 00:00:00-04:00,148.2008468071015,149.86448613375595,147.99653267031832,149.4947967529297,7351500,0.0,0.0,JNJ
2025-05-21 00:00:00-04:00,149.03753994842893,150.2439182443103,148.8526878301439,149.02780151367188,7032200,0.0,0.0,JNJ
2025-05-22 00:00:00-04:00,148.51216054400712,149.16401213735736,147.26685827209232,148.47325134277344,7535300,0.0,0.0,JNJ
2025-05-23 00:00:00-04:00,148.85266748451272,149.31965208860004,148.08408834767792,148.79429626464844,6727300,0.0,0.0,JNJ
2025-05-27 00:00:00-04:00,149.65778796891962,151.1492526106123,149.07884863006834,150.37408447265625,6990700,1.3,0.0,JNJ
2025-05-28 00:00:00-04:00,150.40352805427477,150.75677285026757,149.0788563261916,149.56947326660156,8459300,0.0,0.0,JNJ
2025-05-29 00:00:00-04:00,148.90223155564834,151.14925040607753,148.71579473504596,150.69789123535156,6810600,0.0,0.0,JNJ
2025-05-30 00:00:00-04:00,151.0118885418378,152.7879344461785,150.34465668844726,152.2973175048828,15529700,0.0,0.0,JNJ
2025-06-02 00:00:00-04:00,151.58100078655963,152.62110627080844,149.4419181827181,152.48373413085938,6669300,0.0,0.0,JNJ
2025-06-03 00:00:00-04:00,151.8949988882907,152.7388605754872,151.18850933750107,151.52212524414062,8209800,0.0,0.0,JNJ
2025-06-04 00:00:00-04:00,152.02255175157072,152.02255175157072,150.2563428162781,150.3446502685547,6983900,0.0,0.0,JNJ
2025-06-05 00:00:00-04:00,150.79601160201483,151.19832107582351,149.77553498101082,150.77639770507812,5295400,0.0,0.0,JNJ
2025-06-06 00:00:00-04:00,151.1100121003389,153.1019156075027,151.1100121003389,152.1206817626953,5391500,0.0,0.0,JNJ
2025-06-09 00:00:00-04:00,151.9440663702561,153.06267235085258,151.5515638501274,152.31692504882812,5319000,0.0,0.0,JNJ
2025-06-10 00:00:00-04:00,152.513190491746,154.48548037607026,152.11089593856136,153.51405334472656,6791600,0.0,0.0,JNJ
2025-06-11 00:00:00-04:00,153.3668508220171,153.66122396588617,151.8263065201517,152.3463592529297,6016000,0.0,0.0,JNJ
2025-06-12 00:00:00-04:00,153.30797636857517,153.7397066695454,152.2580490016518,153.7200927734375,7075500,0.0,0.0,JNJ
2025-06-13 00:00:00-04:00,153.04304119427528,154.71113570567954,153.04304119427528,154.15184020996094,6587500,0.0,0.0,JNJ
2025-06-16 00:00:00-04:00,153.48460660529443,153.56310711488956,151.55157460228295,152.30712890625,7024000,0.0,0.0,JNJ
2025-06-17 00:00:00-04:00,152.06180829378278,152.36598838641433,149.2456719843281,149.52041625976562,6407100,0.0,0.0,JNJ
2025-06-18 00:00:00-04:00,149.70684876716982,149.7853342957975,147.8817532915629,147.9013671875,8325200,0.0,0.0,JNJ
2025-06-20 00:00:00-04:00,148.42143419457733,148.55880634155997,146.2430937406804,146.97901916503906,22605500,0.0,0.0,JNJ
2025-06-23 00:00:00-04:00,146.92994975378497,148.5882222442172,146.92994975378497,148.4803009033203,7397900,0.0,0.0,JNJ
2025-06-24 00:00:00-04:00,148.65693061226455,149.85403712588132,148.14668480995888,149.333984375,9544200,0.0,0.0,JNJ
2025-06-25 00:00:00-04:00,148.53918252601417,150.19747010043844,147.90137155069095,149.4222869873047,7153700,0.0,0.0,JNJ
2025-06-26 00:00:00-04:00,149.83440236894492,150.34464815120182,148.6863605881969,149.1573486328125,7156900,0.0,0.0,JNJ
2025-06-27 00:00:00-04:00,149.15734795144718,150.45258378377332,148.17611412905705,149.5498504638672,10010800,0.0,0.0,JNJ
2025-06-30 00:00:00-04:00,149.3045442573842,150.0993412699026,148.67655520049212,149.8834686279297,9039300,0.0,0.0,JNJ
2025-07-01 00:00:00-04:00,150.1287868430718,154.78964787251357,149.94235000630354,152.99398803710938,10896700,0.0,0.0,JNJ
2025-07-02 00:00:00-04:00,153.07249239316593,153.3668655653334,152.15995202913243,152.6407470703125,5544000,0.0,0.0,JNJ
2025-07-03 00:00:00-04:00,152.5131732081926,153.3472279865642,151.97350655771282,153.08229064941406,3482500,0.0,0.0,JNJ
2025-07-07 00:00:00-04:00,153.09211130943166,153.41592028051664,151.98331225442314,152.35618591308594,6270900,0.0,0.0,JNJ
2025-07-08 00:00:00-04:00,151.5810105314348,153.81822265296935,151.31608815535608,152.86642456054688,6438200,0.0,0.0,JNJ
2025-07-09 00:00:00-04:00,152.86641901439813,153.74953848661053,152.15994439804524,153.34722900390625,6147400,0.0,0.0,JNJ
2025-07-10 00:00:00-04:00,153.17060053502075,156.25167403525566,152.89585627174677,154.7307586669922,6732900,0.0,0.0,JNJ
2025-07-11 00:00:00-04:00,154.142033765266,154.23034122517612,152.2678733741525,153.95559692382812,7872000,0.0,0.0,JNJ
2025-07-14 00:00:00-04:00,153.9261401657519,154.5148864299502,152.60148352996484,153.87709045410156,10185600,0.0,0.0,JNJ
2025-07-15 00:00:00-04:00,153.4257273325383,154.24015323506973,151.8950049026972,152.258056640625,6873200,0.0,0.0,JNJ
2025-07-16 00:00:00-04:00,157.29179013965734,163.0025633969383,156.80117321156885,161.68771362304688,22134800,0.0,0.0,JNJ
2025-07-17 00:00:00-04:00,160.11772203422285,161.60920158142628,159.25424648368562,159.92147827148438,11295700,0.0,0.0,JNJ
2025-07-18 00:00:00-04:00,160.8536397729413,162.0016964242126,160.29434432694322,160.62796020507812,9792600,0.0,0.0,JNJ
2025-07-21 00:00:00-04:00,160.6966646369734,161.8250775251508,159.72523777873707,161.2755889892578,8254000,0.0,0.0,JNJ
2025-07-22 00:00:00-04:00,161.90358694684275,164.90616016372098,161.61903571523425,164.77859497070312,9288000,0.0,0.0,JNJ
2025-07-23 00:00:00-04:00,165.43604928675916,165.9462801585278,163.4637594729104,165.92666625976562,10617600,0.0,0.0,JNJ
2025-07-24 00:00:00-04:00,166.3191343471783,166.79994431442555,165.7107741631659,166.3780059814453,6636900,0.0,0.0,JNJ
2025-07-25 00:00:00-04:00,166.5644487084836,166.6920139022101,164.29780087422668,165.14166259765625,6254900,0.0,0.0,JNJ
2025-07-28 00:00:00-04:00,164.70991567403397,164.78841617921015,161.95265093414764,163.10069274902344,8014600,0.0,0.0,JNJ
2025-07-29 00:00:00-04:00,163.54225150828125,165.6126556259495,163.24787834524747,164.95523071289062,7663400,0.0,0.0,JNJ
2025-07-30 00:00:00-04:00,164.5529153379632,165.44584174400563,163.65018198339874,164.1211700439453,6189200,0.0,0.0,JNJ
2025-07-31 00:00:00-04:00,162.81613907808057,163.93476013361044,161.1480443889056,161.6484832763672,11036200,0.0,0.0,JNJ
2025-08-01 00:00:00-04:00,162.37457646550328,164.47441634646825,161.69752270023744,164.1898651123047,8927800,0.0,0.0,JNJ
2025-08-04 00:00:00-04:00,163.89548837392292,167.97742477350116,163.51280777223997,167.83023071289062,12679100,0.0,0.0,JNJ
2025-08-05 00:00:00-04:00,167.3396146645784,168.34047738669344,166.4663171345052,167.53587341308594,7934400,0.0,0.0,JNJ
2025-08-06 00:00:00-04:00,166.72144007168663,168.94883003784128,166.49574551547207,167.388671875,8957200,0.0,0.0,JNJ
2025-08-07 00:00:00-04:00,167.95779038381158,168.39934260624966,166.73124811457265,168.31103515625,9315900,0.0,0.0,JNJ
2025-08-08 00:00:00-04:00,167.81062263672857,170.69545264445026,167.19244050009084,170.0772705078125,7686800,0.0,0.0,JNJ
2025-08-11 00:00:00-04:00,170.14594355852734,171.3234361561855,169.8025206945773,170.55807495117188,7256800,0.0,0.0,JNJ
2025-08-12 00:00:00-04:00,170.73468888514046,171.48042121662925,168.58578437082326,169.53758239746094,7916700,0.0,0.0,JNJ
2025-08-13 00:00:00-04:00,169.75345455156247,171.26454807935008,169.45908140467287,171.1468048095703,5878700,0.0,0.0,JNJ
2025-08-14 00:00:00-04:00,171.03886790121015,172.4224112061355,169.4787096922212,171.44117736816406,8241700,0.0,0.0,JNJ
2025-08-15 00:00:00-04:00,172.2752370849106,173.94333166305356,171.67668382759828,173.3251495361328,9477600,0.0,0.0,JNJ
2025-08-18 00:00:00-04:00,173.18776755907857,174.23769492312,172.79528002384126,172.9424591064453,9284000,0.0,0.0,JNJ
2025-08-19 00:00:00-04:00,172.73639777380563,174.83623758239492,172.6775261392796,174.46337890625,9274200,0.0,0.0,JNJ
2025-08-20 00:00:00-04:00,175.15025551902494,177.22065969856766,174.65963855678677,175.48387145996094,9030000,0.0,0.0,JNJ
2025-08-21 00:00:00-04:00,175.19931537251938,176.70060203772263,174.81663475143702,175.57217407226562,8859600,0.0,0.0,JNJ
2025-08-22 00:00:00-04:00,176.66134044605786,177.76033256843067,174.13957717042288,175.9254150390625,9524000,0.0,0.0,JNJ
2025-08-25 00:00:00-04:00,176.1511056012645,176.8772090706108,174.94417718110606,175.0619354248047,6229100,0.0,0.0,JNJ
2025-08-26 00:00:00-04:00,174.7060999231484,175.1113623885591,173.7374366614811,174.44911193847656,9145000,1.3,0.0,JNJ
2025-08-27 00:00:00-04:00,174.92356235209343,175.63523765047452,174.12293141199973,174.74563598632812,5951100,0.0,0.0,JNJ
2025-08-28 00:00:00-04:00,174.33048680845172,174.4491094077899,172.61061748261204,173.42112731933594,6424700,0.0,0.0,JNJ
2025-08-29 00:00:00-04:00,173.935125869698,175.35847646446518,173.42113480328985,175.12124633789062,6942300,0.0,0.0,JNJ
2025-09-02 00:00:00-04:00,175.41777231103694,177.12776270121626,174.84447750943602,176.00094604492188,9049000,0.0,0.0,JNJ
2025-09-03 00:00:00-04:00,175.6154493916547,176.22827497981044,174.48863278118253,175.94163513183594,7111700,0.0,0.0,JNJ
2025-09-04 00:00:00-04:00,175.9416497264455,176.83123630448588,175.49685643742527,176.69285583496094,7854800,0.0,0.0,JNJ
2025-09-05 00:00:00-04:00,175.94164836318845,177.4341816359529,174.5182977834804,176.36666870117188,9733800,0.0,0.0,JNJ
2025-09-08 00:00:00-04:00,175.30904455833596,177.37487259095406,174.65667304834938,176.0701446533203,8382500,0.0,0.0,JNJ
2025-09-09 00:00:00-04:00,175.94164806814993,176.03060370864756,174.4095689027739,174.91368103027344,6005700,0.0,0.0,JNJ
2025-09-10 00:00:00-04:00,174.261298986729,174.56771178484678,172.31407853418943,173.75718688964844,6891600,0.0,0.0,JNJ
2025-09-11 00:00:00-04:00,173.71766767314836,176.78182602350546,173.599060151726,176.4358673095703,5792500,0.0,0.0,JNJ
2025-09-12 00:00:00-04:00,175.65500242690814,176.73239425710358,174.67644516657117,176.00094604492188,7220200,0.0,0.0,JNJ
2025-09-15 00:00:00-04:00,175.7044094043786,176.92019676144542,174.88400556753885,175.34857177734375,4768100,0.0,0.0,JNJ
2025-09-16 00:00:00-04:00,175.51662893199313,175.5660386777145,173.61881809435098,174.41946411132812,7959300,0.0,0.0,JNJ
2025-09-17 00:00:00-04:00,174.6665700727086,176.4457431926535,174.5479474709965,175.15089416503906,6714900,0.0,0.0,JNJ
2025-09-18 00:00:00-04:00,174.55784393897036,174.97298534494763,171.8594021766082,172.14605712890625,8200900,0.0,0.0,JNJ
2025-09-19 00:00:00-04:00,172.66993349357537,175.111372273971,171.32565957029007,174.152587890625,25621000,0.0,0.0,JNJ
2025-09-22 00:00:00-04:00,174.05373018239203,174.59737311930513,172.10650962439226,172.1954803466797,7193900,0.0,0.0,JNJ
2025-09-23 00:00:00-04:00,172.8675959300631,174.92354491124786,172.80829217483426,174.53805541992188,8350400,0.0,0.0,JNJ
2025-09-24 00:00:00-04:00,174.10314664000316,174.90377752572223,173.70777820434947,174.64678955078125,6676800,0.0,0.0,JNJ
2025-09-25 00:00:00-04:00,175.15088893974706,176.3370093451046,173.87581289751407,175.6747589111328,8475000,0.0,0.0,JNJ
2025-09-26 00:00:00-04:00,176.534716894135,177.82956594360434,175.26951972500925,177.6318817138672,8634400,0.0,0.0,JNJ
2025-09-29 00:00:00-04:00,177.75048125277442,179.76688443728418,177.72082937376246,179.519775390625,8597100,0.0,0.0,JNJ
2025-09-30 00:00:00-04:00,179.5988643175683,183.8392642929195,178.97615973360132,183.27584838867188,11569000,0.0,0.0,JNJ
2025-10-01 00:00:00-04:00,183.8491194887416,184.40264130628626,181.78329160457017,183.89854431152344,13063800,0.0,0.0,JNJ
2025-10-02 00:00:00-04:00,182.06006679331983,184.432307649533,181.96121714000282,183.82936096191406,7728100,0.0,0.0,JNJ
2025-10-03 00:00:00-04:00,184.89687190994138,187.58541956236877,184.74861251387858,186.45860290527344,8675100,0.0,0.0,JNJ
2025-10-06 00:00:00-04:00,185.8260079631804,187.72380368143425,185.20328832291253,185.98416137695312,5806100,0.0,0.0,JNJ
2025-10-07 00:00:00-04:00,181.64491547464473,187.04176840652755,180.82451166041724,186.70570373535156,8776800,0.0,0.0,JNJ
2025-10-08 00:00:00-04:00,186.68593506002426,188.02032992573695,186.0928824059712,187.4964599609375,5751200,0.0,0.0,JNJ
2025-10-09 00:00:00-04:00,187.80287893451043,189.87860099777504,187.53599693612736,188.87039184570312,7484800,0.0,0.0,JNJ
2025-10-10 00:00:00-04:00,189.78963297098187,189.8489518132843,187.6546222006277,188.51455688476562,9598000,0.0,0.0,JNJ
2025-10-13 00:00:00-04:00,187.6348554190202,189.08785791521092,187.0912124642651,188.69247436523438,7979500,0.0,0.0,JNJ
2025-10-14 00:00:00-04:00,190.68910619899648,192.15198752359413,183.73052212206747,188.64305114746094,13613300,0.0,0.0,JNJ
2025-10-15 00:00:00-04:00,189.26576340131732,191.33160656608345,187.1109796787497,188.9593505859375,9473000,0.0,0.0,JNJ
2025-10-16 00:00:00-04:00,189.12738216329106,190.81761473078961,188.2279015859536,189.8983612060547,10611800,0.0,0.0,JNJ
2025-10-17 00:00:00-04:00,190.2739814193722,191.3612673461334,189.4634564408156,190.98565673828125,7764400,0.0,0.0,JNJ
2025-10-20 00:00:00-04:00,191.26240123179355,192.2310644671735,190.10593270864481,191.4798583984375,8034700,0.0,0.0,JNJ
2025-10-21 00:00:00-04:00,190.77807075185612,191.31183476056947,189.55241948302077,189.66114807128906,6716000,0.0,0.0,JNJ
2025-10-22 00:00:00-04:00,189.7797603324635,191.21298988100622,189.56230315049532,190.70889282226562,6343100,0.0,0.0,JNJ
2025-10-23 00:00:00-04:00,190.33327937203177,191.75662996640008,189.32507018729754,190.24432373046875,8882500,0.0,0.0,JNJ
2025-10-24 00:00:00-04:00,189.97743032369885,190.08615890653152,187.2295789564792,188.1982421875,6903400,0.0,0.0,JNJ
2025-10-27 00:00:00-04:00,187.79299820332676,188.59362910846755,187.33831091719009,188.0994110107422,7126000,0.0,0.0,JNJ
2025-10-28 00:00:00-04:00,187.0714451863413,187.31855425668894,184.46197400676374,184.7683868408203,8329500,0.0,0.0,JNJ
2025-10-29 00:00:00-04:00,184.54103427695995,184.93641780369282,182.5246310788101,184.44219970703125,10551100,0.0,0.0,JNJ
2025-10-30 00:00:00-04:00,184.91665572093723,187.19006211561478,184.74862336808084,186.86387634277344,7072500,0.0,0.0,JNJ
2025-10-31 00:00:00-04:00,185.2922599991901,187.30866324699156,184.60034258095476,186.68594360351562,8791700,0.0,0.0,JNJ
2025-11-03 00:00:00-05:00,186.81444554993618,186.8440974299442,183.37469172794485,184.1061248779297,7542600,0.0,0.0,JNJ
2025-11-04 00:00:00-05:00,184.66953635312188,185.6480936170402,183.47352191944393,184.69918823242188,7209400,0.0,0.0,JNJ
2025-11-05 00:00:00-05:00,184.48173492809292,185.65797643943674,183.25606858943368,183.84913635253906,5049400,0.0,0.0,JNJ
2025-11-06 00:00:00-05:00,184.60034411961252,185.35156530399473,183.22641836890384,184.80792236328125,6767400,0.0,0.0,JNJ
2025-11-07 00:00:00-05:00,185.56902044160103,186.17196713607015,183.5526021168054,184.4125518798828,6959200,0.0,0.0,JNJ
2025-11-10 00:00:00-05:00,183.84914248376896,186.24115639867696,182.97931375749687,186.2312774658203,5323800,0.0,0.0,JNJ
2025-11-11 00:00:00-05:00,187.19993334062747,191.6775481684981,186.86386864875197,191.58859252929688,7465600,0.0,0.0,JNJ
2025-11-12 00:00:00-05:00,191.12401706134077,193.28869467126262,190.83737721032932,192.14210510253906,8803000,0.0,0.0,JNJ
2025-11-13 00:00:00-05:00,191.96420520711595,193.73349940731035,191.2129840261044,192.99217224121094,8631600,0.0,0.0,JNJ
2025-11-14 00:00:00-05:00,192.74506817041248,194.8998519494097,191.31183862869028,193.664306640625,8824800,0.0,0.0,JNJ
2025-11-17 00:00:00-05:00,194.6824118183157,197.96401234879545,193.6346567167117,197.27210998535156,13257000,0.0,0.0,JNJ
2025-11-18 00:00:00-05:00,196.7086833299708,197.9837744779547,196.23423817558447,197.68724060058594,12468600,0.0,0.0,JNJ
2025-11-19 00:00:00-05:00,197.68724341540397,201.12699722777688,197.07441778716495,200.168212890625,14690800,0.0,0.0,JNJ
2025-11-20 00:00:00-05:00,199.66410677890858,202.14507614142028,199.23908646439702,200.72174072265625,10612600,0.0,0.0,JNJ
2025-11-21 00:00:00-05:00,201.60146361938962,204.54699941305245,200.64267925299822,201.54214477539062,13189100,0.0,0.0,JNJ
2025-11-24 00:00:00-05:00,201.35434501536758,203.73646479570215,200.65254867686934,203.6672821044922,14803900,0.0,0.0,JNJ
2025-11-25 00:00:00-05:00,204.09500679162497,206.6215838446117,204.09500679162497,205.57713317871094,10275300,1.3,0.0,JNJ
2025-11-26 00:00:00-05:00,205.39808366901323,206.71109559930028,204.85098904051847,206.46241760253906,6729000,0.0,0.0,JNJ
2025-11-28 00:00:00-05:00,205.90538444560678,206.3629586449613,203.54792185749713,205.8258056640625,5638300,0.0,0.0,JNJ
2025-12-01 00:00:00-05:00,205.40801990791223,206.601671225268,204.254150390625,204.254150390625,8473700,0.0,0.0,JNJ
2025-12-02 00:00:00-05:00,204.15469935722084,204.5227379456605,202.02601625292777,204.333740234375,8393600,0.0,0.0,JNJ
2025-12-03 00:00:00-05:00,204.8111948667149,205.9252826285737,203.90601848146164,204.2442169189453,8363300,0.0,0.0,JNJ
2025-12-04 00:00:00-05:00,203.50812947813563,203.7767059746564,200.64336916828415,201.40928649902344,9049900,0.0,0.0,JNJ
2025-12-05 00:00:00-05:00,201.90663323067022,202.37414907500914,199.74811005779273,200.8621826171875,7785300,0.0,0.0,JNJ
2025-12-08 00:00:00-05:00,201.58834201037314,202.18516011668032,199.927174755095,200.5538330078125,7785700,0.0,0.0,JNJ
2025-12-09 00:00:00-05:00,201.84695743157303,204.45309801733026,198.85287977253054,198.90261840820312,7509400,0.0,0.0,JNJ
2025-12-10 00:00:00-05:00,199.52928142896002,205.70644978186098,199.1214458560129,205.44781494140625,11599800,0.0,0.0,JNJ
2025-12-11 00:00:00-05:00,206.800616929999,210.1229665164575,206.73099498321687,208.8994598388672,9009000,0.0,0.0,JNJ
2025-12-12 00:00:00-05:00,209.16803774867068,211.14752008902906,207.8550258037756,210.46116638183594,6922700,0.0,0.0,JNJ
2025-12-15 00:00:00-05:00,209.23766850267896,214.05207078419528,207.9047429304409,213.03746032714844,8467000,0.0,0.0,JNJ
2025-12-16 00:00:00-05:00,212.86836535212407,213.5945008532235,207.7058077078452,208.19322204589844,9949800,0.0,0.0,JNJ
2025-12-17 00:00:00-05:00,208.28274174394826,210.40148312707717,207.35766688422177,209.2177734375,8457600,0.0,0.0,JNJ
2025-12-18 00:00:00-05:00,208.69057663307282,209.94390826491855,206.6613556922556,207.2084503173828,7499900,0.0,0.0,JNJ
2025-12-19 00:00:00-05:00,206.46242678675088,208.13355089193627,204.94051859312015,205.27871704101562,24803900,0.0,0.0,JNJ
2025-12-22 00:00:00-05:00,205.03998416945456,206.97966948419256,204.41331076850065,206.22369384765625,8187800,0.0,0.0,JNJ
2025-12-23 00:00:00-05:00,203.9358578426093,205.43786749372595,202.20505350398636,204.69183349609375,7047300,0.0,0.0,JNJ
2025-12-24 00:00:00-05:00,204.91067300087317,206.84041671879498,204.48295412427228,206.68125915527344,2376500,0.0,0.0,JNJ
2025-12-26 00:00:00-05:00,206.4325814439545,206.93987910302855,205.61692549143734,206.5320587158203,2316700,0.0,0.0,JNJ
2025-12-29 00:00:00-05:00,206.90009330533488,208.36232114053888,206.28337673035918,206.46241760253906,4348900,0.0,0.0,JNJ
2025-12-30 00:00:00-05:00,206.41267500751042,206.59173105435548,205.4279198732129,205.81585693359375,3937400,0.0,0.0,JNJ
2025-12-31 00:00:00-05:00,205.8158700525786,206.40274650834,205.27871705590465,205.85565185546875,4083800,0.0,0.0,JNJ
2026-01-02 00:00:00-05:00,205.72634389134794,206.29332184084635,202.60293362874384,206.2535400390625,6325500,0.0,0.0,JNJ
2026-01-05 00:00:00-05:00,204.781347234846,204.8509843578355,199.8475843916204,203.22959899902344,9477000,0.0,0.0,JNJ
2026-01-06 00:00:00-05:00,203.51807923906964,205.6169221452363,203.04060655560488,203.70706176757812,8107900,0.0,0.0,JNJ
2026-01-07 00:00:00-05:00,204.17457313070608,207.15870903533664,203.94579362788576,206.39279174804688,7545900,0.0,0.0,JNJ
2026-01-08 00:00:00-05:00,205.83574014080108,207.87490270971202,203.88611318431748,204.6619873046875,6557800,0.0,0.0,JNJ
2026-01-09 00:00:00-05:00,204.82115536067752,205.60697117688437,202.9311934187722,203.30918884277344,6154300,0.0,0.0,JNJ
2026-01-12 00:00:00-05:00,204.4630603557572,208.79004856995033,202.77205294406903,208.6110076904297,11794300,0.0,0.0,JNJ
2026-01-13 00:00:00-05:00,208.8000046390471,213.25631025751974,207.75555397803453,212.5202178955078,11379600,0.0,0.0,JNJ
2026-01-14 00:00:00-05:00,213.59449538718158,217.70266064794117,213.0175606277502,217.39430236816406,11858800,0.0,0.0,JNJ
2026-01-15 00:00:00-05:00,217.07599467784007,218.5879611619112,214.76827073930042,218.40892028808594,8492100,0.0,0.0,JNJ
2026-01-16 00:00:00-05:00,217.88170337226921,218.94605246635012,216.9864686699265,217.50372314453125,10021500,0.0,0.0,JNJ
2026-01-20 00:00:00-05:00,215.94201883517667,217.5733458657319,213.36571846475653,217.0561065673828,14057100,0.0,0.0,JNJ
2026-01-21 00:00:00-05:00,209.8842366647272,217.523617709026,209.38688065367336,216.85716247558594,14762900,0.0,0.0,JNJ
2026-01-22 00:00:00-05:00,217.61314338335688,220.99515803275426,216.946688180368,217.33462524414062,13160000,0.0,0.0,JNJ
2026-01-23 00:00:00-05:00,218.63769268831862,220.0402402000813,216.68805056082226,218.97589111328125,6950600,0.0,0.0,JNJ
2026-01-26 00:00:00-05:00,219.04554118755243,220.85590917617478,218.83664498443017,220.3187713623047,6856700,0.0,0.0,JNJ
2026-01-27 00:00:00-05:00,220.8260589167103,224.30755083656834,219.53293031085727,223.25315856933594,8154100,0.0,0.0,JNJ
2026-01-28 00:00:00-05:00,225.20279620683007,227.36133465606514,224.88449625169972,226.5158233642578,9026500,0.0,0.0,JNJ
2026-01-29 00:00:00-05:00,227.60005551381826,228.78376524947475,225.87920796420136,226.0880889892578,9645300,0.0,0.0,JNJ
2026-01-30 00:00:00-05:00,227.0529476880107,227.29168402374904,224.13844891577625,226.0482940673828,11045500,0.0,0.0,JNJ
2026-02-02 00:00:00-05:00,227.11265747297156,229.96747613576758,226.0483083177362,229.52980041503906,8187500,0.0,0.0,JNJ
2026-02-03 00:00:00-05:00,230.27582535252645,233.95625667459254,229.26121487432323,231.86737060546875,9346600,0.0,0.0,JNJ
2026-02-04 00:00:00-05:00,233.75731392991355,234.58292668984654,231.70820969161971,233.23011779785156,8641400,0.0,0.0,JNJ
2026-02-05 00:00:00-05:00,233.75732242542819,238.31310525407034,233.74738076944124,236.53256225585938,10267500,0.0,0.0,JNJ
2026-02-06 00:00:00-05:00,237.6963798882826,239.6659053461298,236.72155122592875,238.72093200683594,8274000,0.0,0.0,JNJ
2026-02-09 00:00:00-05:00,238.97955391635966,239.466968252147,235.78652177255736,237.37806701660156,9378500,0.0,0.0,JNJ
2026-02-10 00:00:00-05:00,238.71098513165373,239.22823962936926,236.62209900682328,237.08961486816406,6723300,0.0,0.0,JNJ
2026-02-11 00:00:00-05:00,238.07436773043472,239.9842129594366,236.14462401145659,239.58633422851562,6803900,0.0,0.0,JNJ
2026-02-12 00:00:00-05:00,239.2083355857912,245.0473052999273,238.41256295657277,243.25682067871094,10254300,0.0,0.0,JNJ
2026-02-13 00:00:00-05:00,243.29659922239838,243.6546961418469,241.32707375448166,242.16262817382812,13268500,0.0,0.0,JNJ
2026-02-17 00:00:00-05:00,242.83904656516387,243.19714349398103,240.5909877205504,242.04327392578125,12703000,0.0,0.0,JNJ
2026-02-18 00:00:00-05:00,241.9537577453205,243.7740825673282,241.53598051736643,243.6945037841797,8129700,0.0,0.0,JNJ
2026-02-19 00:00:00-05:00,243.3264406566298,245.6540782344269,242.97830056910783,245.60433959960938,7553900,0.0,0.0,JNJ
2026-02-20 00:00:00-05:00,245.16666739827662,245.57450296026227,239.00939770123207,241.2077178955078,13565800,0.0,0.0,JNJ
2026-02-23 00:00:00-05:00,242.3416882762172,245.5048651358389,241.31713613528814,244.5399932861328,9622700,0.0,0.0,JNJ
2026-02-24 00:00:00-05:00,245.35000610351562,247.25,244.5399932861328,246.27999877929688,7246300,1.3,0.0,JNJ
2026-02-25 00:00:00-05:00,244.86000061035156,247.25,243.72000122070312,245.1699981689453,7698200,0.0,0.0,JNJ
2026-02-26 00:00:00-05:00,245.11000061035156,245.47000122070312,242.02000427246094,243.47000122070312,7171900,0.0,0.0,JNJ
2025-02-27 00:00:00-05:00,68.69331697299,69.48981722726072,68.40191136818876,68.83901977539062,16789500,0.0,0.0,KO
2025-02-28 00:00:00-05:00,69.40240107176737,69.51896481009801,68.53790705872,69.16928100585938,22167400,0.0,0.0,KO
2025-03-03 00:00:00-05:00,68.22707350272965,70.28632161799261,67.73169432046701,70.24746704101562,21717600,0.0,0.0,KO
2025-03-04 00:00:00-05:00,70.00463327307857,70.56801353744137,67.8773914467018,68.17851257324219,25411900,0.0,0.0,KO
2025-03-05 00:00:00-05:00,67.89682101104853,68.71274489886963,67.83853543995214,68.07166290283203,23933600,0.0,0.0,KO
2025-03-06 00:00:00-05:00,68.39220272095953,68.508759033321,67.45970775755394,68.44076538085938,21694000,0.0,0.0,KO
2025-03-07 00:00:00-05:00,67.65398481005975,69.76179557737375,67.65398481005975,69.38297271728516,28393300,0.0,0.0,KO
2025-03-10 00:00:00-04:00,69.89778375227331,71.1216769980508,69.27612533775999,69.40239715576172,25251200,0.0,0.0,KO
2025-03-11 00:00:00-04:00,69.82007427689159,69.97549258518207,68.58647295053534,69.004150390625,28076400,0.0,0.0,KO
2025-03-12 00:00:00-04:00,68.3533616979587,68.70304552587416,67.74141129372975,67.93568420410156,18923300,0.0,0.0,KO
2025-03-13 00:00:00-04:00,68.23679803573235,68.23679803573235,67.2945947988422,67.6248550415039,15746600,0.0,0.0,KO
2025-03-14 00:00:00-04:00,67.03774154254269,67.77162425439738,66.91053042793898,67.67377471923828,14205100,0.51,0.0,KO
2025-03-17 00:00:00-04:00,67.75204255795373,68.66205732108459,67.59548481167927,68.6131362915039,15634800,0.0,0.0,KO
2025-03-18 00:00:00-04:00,68.60335384932253,68.68163646059993,67.8107629401008,67.8890380859375,12657600,0.0,0.0,KO
2025-03-19 00:00:00-04:00,67.07687522729312,67.88903299571948,67.0670880352571,67.79118347167969,14780000,0.0,0.0,KO
2025-03-20 00:00:00-04:00,67.8205390102382,68.30979410617803,67.60526557355422,68.21194458007812,16295300,0.0,0.0,KO
2025-03-21 00:00:00-04:00,68.2119493572048,68.46636411523437,66.71482985325075,67.19429779052734,47479500,0.0,0.0,KO
2025-03-24 00:00:00-04:00,67.32151402904789,67.5954957283564,66.86161297716231,67.4682846069336,12575400,0.0,0.0,KO
2025-03-25 00:00:00-04:00,67.46828204317914,67.59549315976801,67.12580493205745,67.33129119873047,12513900,0.0,0.0,KO
2025-03-26 00:00:00-04:00,67.43892944796399,68.838199503876,67.41936252636242,68.51528930664062,14478200,0.0,0.0,KO
2025-03-27 00:00:00-04:00,68.67184715464153,69.46443803947344,68.5642104338075,69.21981048583984,11663400,0.0,0.0,KO
2025-03-28 00:00:00-04:00,69.28831228470301,69.78735463040796,68.03582028919669,68.85777282714844,17412900,0.0,0.0,KO
2025-03-31 00:00:00-04:00,69.21003616724889,70.39403272350637,68.97518832229123,70.0809097290039,24016900,0.0,0.0,KO
2025-04-01 00:00:00-04:00,70.1396116782726,70.36467230984819,69.6601437689303,70.32553100585938,15309100,0.0,0.0,KO
2025-04-02 00:00:00-04:00,70.41360083500238,70.80500645110817,69.5231603371669,69.7971420288086,14606500,0.0,0.0,KO
2025-04-03 00:00:00-04:00,70.92242950730864,72.36083337081793,70.76586427660659,71.60738372802734,24959600,0.0,0.0,KO
2025-04-04 00:00:00-04:00,70.86371167778125,71.44103661679749,68.29023236555052,68.4272232055664,26517300,0.0,0.0,KO
2025-04-07 00:00:00-04:00,64.80673784603908,67.8890391946576,64.63060570050881,66.90074920654297,34258400,0.0,0.0,KO
2025-04-08 00:00:00-04:00,67.47806531016575,68.47614993643519,66.30385600737418,66.94966888427734,22774400,0.0,0.0,KO
2025-04-09 00:00:00-04:00,66.46041047701569,68.9556144538461,65.8341645511063,68.44678497314453,27918700,0.0,0.0,KO
2025-04-10 00:00:00-04:00,68.68163696726228,69.67971413936944,67.49764045835995,69.23938751220703,22450200,0.0,0.0,KO
2025-04-11 00:00:00-04:00,69.38616695712712,70.30596153612429,69.0241154690004,69.89498901367188,19988200,0.0,0.0,KO
2025-04-14 00:00:00-04:00,69.76777805455627,71.09855248198781,69.4057266043709,70.89305877685547,13930200,0.0,0.0,KO
2025-04-15 00:00:00-04:00,71.05942003369738,71.0691997614917,70.17875927853916,70.31575012207031,14965500,0.0,0.0,KO
2025-04-16 00:00:00-04:00,70.80500521606305,71.10834101716941,69.85584903983097,70.13961791992188,15276200,0.0,0.0,KO
2025-04-17 00:00:00-04:00,70.35488418017336,71.85200357695798,70.17875204729043,71.43124389648438,20754500,0.0,0.0,KO
2025-04-21 00:00:00-04:00,71.80307620994618,71.89114601049218,70.27660267792626,71.20618438720703,16037200,0.0,0.0,KO
2025-04-22 00:00:00-04:00,71.43124423859419,72.78158562020361,71.35296163128457,72.31190490722656,15613500,0.0,0.0,KO
2025-04-23 00:00:00-04:00,71.71501291761317,72.36082576275518,70.82456505885999,71.72480010986328,16353900,0.0,0.0,KO
2025-04-24 00:00:00-04:00,71.45081825648467,71.85201105972553,70.7462971170235,70.96156311035156,16893900,0.0,0.0,KO
2025-04-25 00:00:00-04:00,71.08878064997823,71.35297516796928,69.60144069068704,70.36468505859375,16316000,0.0,0.0,KO
2025-04-28 00:00:00-04:00,70.53102229308638,70.7071544409028,69.77756520197798,70.24725341796875,15997500,0.0,0.0,KO
2025-04-29 00:00:00-04:00,69.66014383696945,71.1474760627952,68.76969596759507,70.79521179199219,16244100,0.0,0.0,KO
2025-04-30 00:00:00-04:00,71.77373244811479,71.90094357108741,70.14940915437889,70.99092864990234,21074700,0.0,0.0,KO
2025-05-01 00:00:00-04:00,70.45272927165021,70.49187057265391,69.6992797572886,69.75798797607422,18034200,0.0,0.0,KO
2025-05-02 00:00:00-04:00,69.96348198105291,70.27660495843439,69.57207639296588,70.11026000976562,12629600,0.0,0.0,KO
2025-05-05 00:00:00-04:00,70.1298332016149,70.25704432174838,69.48402026913914,70.15918731689453,11932700,0.0,0.0,KO
2025-05-06 00:00:00-04:00,70.13960778265779,70.3548812099196,69.63078578994438,70.17874908447266,12705500,0.0,0.0,KO
2025-05-07 00:00:00-04:00,70.17875943044922,71.12791560942759,70.12983092960744,70.84414672851562,15018200,0.0,0.0,KO
2025-05-08 00:00:00-04:00,70.64843594125327,70.91263788520205,69.60143028900733,69.64057159423828,14371100,0.0,0.0,KO
2025-05-09 00:00:00-04:00,69.46444050134699,69.62100572463271,68.94583126373432,69.0045394897461,11228900,0.0,0.0,KO
2025-05-12 00:00:00-04:00,68.64249908126463,68.81863123399306,67.22365466610749,68.03582000732422,21539000,0.0,0.0,KO
2025-05-13 00:00:00-04:00,68.09452425652164,68.19238125321668,67.39000315222596,67.47806549072266,14389100,0.0,0.0,KO
2025-05-14 00:00:00-04:00,67.39978556917544,67.84989940326005,67.10623696369815,67.67377471923828,16286800,0.0,0.0,KO
2025-05-15 00:00:00-04:00,68.20216301180405,70.18854513608719,68.10431347763544,70.07112121582031,19817100,0.0,0.0,KO
2025-05-16 00:00:00-04:00,70.31574506719578,70.7071506486221,69.89498537361457,70.4527359008789,18441200,0.0,0.0,KO
2025-05-19 00:00:00-04:00,70.48208872398422,70.61907955516192,70.10047034206913,70.38423919677734,13282800,0.0,0.0,KO
2025-05-20 00:00:00-04:00,70.25704316431842,70.57994589251608,69.89499166247111,70.14940643310547,12137800,0.0,0.0,KO
2025-05-21 00:00:00-04:00,70.14941145967046,70.53102991024632,70.0417747207448,70.30596923828125,12094400,0.0,0.0,KO
2025-05-22 00:00:00-04:00,70.29617552912048,70.4429535654559,69.43508916296227,69.61122131347656,11101800,0.0,0.0,KO
2025-05-23 00:00:00-04:00,70.00262321784437,70.43317011086249,69.17089100987447,70.22767639160156,12822100,0.0,0.0,KO
2025-05-27 00:00:00-04:00,70.19832359873485,70.66801180589773,70.02219145422886,70.23746490478516,10666100,0.0,0.0,KO
2025-05-28 00:00:00-04:00,70.1591783278018,70.35488484699343,69.52315267038999,69.62100219726562,8710900,0.0,0.0,KO
2025-05-29 00:00:00-04:00,69.4742368390806,70.12005727198267,68.94584033909938,69.95370483398438,10291100,0.0,0.0,KO
2025-05-30 00:00:00-04:00,70.07112256268587,70.9126420105047,70.07112256268587,70.55059051513672,28019500,0.0,0.0,KO
2025-06-02 00:00:00-04:00,70.4820900130338,70.4918772055656,69.826489956773,70.4527359008789,10202700,0.0,0.0,KO
2025-06-03 00:00:00-04:00,70.16896685119434,70.23746226785065,68.95561627095097,69.63079071044922,20139800,0.0,0.0,KO
2025-06-04 00:00:00-04:00,69.72864409556387,70.30596157281869,69.16110634591475,69.8362808227539,13565900,0.0,0.0,KO
2025-06-05 00:00:00-04:00,69.84606300678597,69.9243456230302,69.30788681734951,69.38616943359375,13531400,0.0,0.0,KO
2025-06-06 00:00:00-04:00,69.5525093176465,69.94391490485923,69.41551848193814,69.81670379638672,9524000,0.0,0.0,KO
2025-06-09 00:00:00-04:00,69.81670388396098,70.28639208229353,69.5622891321375,70.22767639160156,12281300,0.0,0.0,KO
2025-06-10 00:00:00-04:00,70.35488518620862,71.12790914350188,70.21789435483416,70.79521179199219,12265000,0.0,0.0,KO
2025-06-11 00:00:00-04:00,70.71693166654556,70.80500147005831,70.21789681992239,70.52123260498047,12718500,0.0,0.0,KO
2025-06-12 00:00:00-04:00,70.69736348648132,70.84414151275935,70.0613303495702,70.68757629394531,12806900,0.0,0.0,KO
2025-06-13 00:00:00-04:00,70.72699270838764,70.8353947249705,69.70211321827284,69.9878921508789,17467200,0.51,0.0,KO
2025-06-16 00:00:00-04:00,70.16528114698137,70.57918320016967,69.21923327408842,69.49516296386719,15045900,0.0,0.0,KO
2025-06-17 00:00:00-04:00,69.35719569034912,69.43603488995957,68.56882624980415,68.60824584960938,15437000,0.0,0.0,KO
2025-06-18 00:00:00-04:00,68.98272092587185,68.98272092587185,68.08594194494596,68.2042007446289,16227600,0.0,0.0,KO
2025-06-20 00:00:00-04:00,68.0859435875848,68.54911449936756,67.78045107918342,67.8395767211914,40859400,0.0,0.0,KO
2025-06-23 00:00:00-04:00,68.13521490375908,68.79547625217107,67.96768725150879,68.72649383544922,21822800,0.0,0.0,KO
2025-06-24 00:00:00-04:00,68.92360145249675,69.32763923015649,68.67723457000258,69.1896743774414,15216100,0.0,0.0,KO
2025-06-25 00:00:00-04:00,68.91373863846626,69.00242709950942,68.4210049166178,68.61809539794922,12540400,0.0,0.0,KO
2025-06-26 00:00:00-04:00,68.68707963825112,68.90388368457222,68.14507704096846,68.4604263305664,14454100,0.0,0.0,KO
2025-06-27 00:00:00-04:00,68.578678640776,69.53458330375038,68.46042735448324,69.30792999267578,23470700,0.0,0.0,KO
2025-06-30 00:00:00-04:00,69.11083209790806,69.76124424766502,69.07141249623913,69.7218246459961,15429000,0.0,0.0,KO
2025-07-01 00:00:00-04:00,69.9583303371469,71.3971118742231,69.86964187786046,70.62844848632812,21729300,0.0,0.0,KO
2025-07-02 00:00:00-04:00,70.64816476020833,70.78612960341357,69.71196616014988,69.87950134277344,13050200,0.0,0.0,KO
2025-07-03 00:00:00-04:00,70.0076102113457,70.36237910324517,69.4261804924193,70.31310272216797,9440500,0.0,0.0,KO
2025-07-07 00:00:00-04:00,70.33281147016692,70.33281147016692,69.77109534950942,69.97804260253906,16984700,0.0,0.0,KO
2025-07-08 00:00:00-04:00,69.65283872995008,69.65283872995008,68.86446177314531,69.21923065185547,17115500,0.0,0.0,KO
2025-07-09 00:00:00-04:00,69.14040169240519,69.22909015631363,67.96769299059243,68.47028350830078,33704100,0.0,0.0,KO
2025-07-10 00:00:00-04:00,68.28304517075573,68.83490457447527,68.15493710018383,68.75606536865234,14608400,0.0,0.0,KO
2025-07-11 00:00:00-04:00,68.55897101188518,69.1404007239369,68.24362172487206,68.8546142578125,12916700,0.0,0.0,KO
2025-07-14 00:00:00-04:00,68.78563240004807,69.06156208863126,68.26332832549261,68.4604263305664,13983200,0.0,0.0,KO
2025-07-15 00:00:00-04:00,68.49984952499625,68.53926912807891,68.14508061577283,68.3520278930664,12639800,0.0,0.0,KO
2025-07-16 00:00:00-04:00,68.3421677545375,68.48998937920383,67.79030837553799,68.2633285522461,13178300,0.0,0.0,KO
2025-07-17 00:00:00-04:00,68.79547694898942,69.6626930748704,68.49984123940966,69.56414031982422,20464700,0.0,0.0,KO
2025-07-18 00:00:00-04:00,69.41632960767303,69.67254573142631,68.8151938614858,68.83489990234375,14928000,0.0,0.0,KO
2025-07-21 00:00:00-04:00,69.16996320823776,69.59371451546089,68.9137395642489,69.05170440673828,17811700,0.0,0.0,KO
2025-07-22 00:00:00-04:00,68.44071214807785,69.2389459039536,67.69176229117227,68.64766693115234,22339900,0.0,0.0,KO
2025-07-23 00:00:00-04:00,68.64767150740877,68.72650319545606,67.60307081668631,68.15493774414062,21030000,0.0,0.0,KO
2025-07-24 00:00:00-04:00,68.25348071500177,68.5392671903811,67.98740028134638,68.0958023071289,12511400,0.0,0.0,KO
2025-07-25 00:00:00-04:00,68.12536768903092,68.22392045691508,67.75089273404109,68.16478729248047,12574800,0.0,0.0,KO
2025-07-28 00:00:00-04:00,67.74103451097986,67.89871292142024,67.0709163036491,67.10047912597656,13668800,0.0,0.0,KO
2025-07-29 00:00:00-04:00,67.34684748430298,68.41115422261753,67.15961376593845,68.37173461914062,16223400,0.0,0.0,KO
2025-07-30 00:00:00-04:00,68.10566155118867,68.32246561059728,67.53408857975155,67.75089263916016,10448200,0.0,0.0,KO
2025-07-31 00:00:00-04:00,67.15961263607977,67.65234639347064,66.75556734612942,66.90338897705078,17193400,0.0,0.0,KO
2025-08-01 00:00:00-04:00,67.60306742742068,68.03667552328437,67.2778613555229,67.85929107666016,16107500,0.0,0.0,KO
2025-08-04 00:00:00-04:00,67.7213298638087,68.0760987760864,67.31728456762333,67.95783996582031,10701500,0.0,0.0,KO
2025-08-05 00:00:00-04:00,67.89871005333244,68.4801322506007,67.75088842941877,68.0465316772461,11993400,0.0,0.0,KO
2025-08-06 00:00:00-04:00,68.11551569205884,68.78563388675316,67.63263120808126,68.49984741210938,10783000,0.0,0.0,KO
2025-08-07 00:00:00-04:00,68.45057416866871,69.6922653695833,68.32246609561808,69.40647888183594,15790800,0.0,0.0,KO
2025-08-08 00:00:00-04:00,69.33749310115948,69.84008362554407,69.06156340730763,69.31777954101562,9232700,0.0,0.0,KO
2025-08-11 00:00:00-04:00,69.27836728463107,69.83022667095558,68.9433044297053,69.7218246459961,10909400,0.0,0.0,KO
2025-08-12 00:00:00-04:00,69.79080558711044,70.0273156735809,69.19952661167423,69.68240356445312,11061100,0.0,0.0,KO
2025-08-13 00:00:00-04:00,69.66269597636938,69.74152765776226,69.20938185465056,69.43603515625,10356500,0.0,0.0,KO
2025-08-14 00:00:00-04:00,69.35719309441275,69.43603229107238,68.38158247093855,68.53926086425781,10722400,0.0,0.0,KO
2025-08-15 00:00:00-04:00,68.72650043929167,69.36705580955595,68.55897277094385,68.90388488769531,12381100,0.0,0.0,KO
2025-08-18 00:00:00-04:00,68.9630196086551,69.03200203356498,68.04653452426938,68.1253662109375,14094900,0.0,0.0,KO
2025-08-19 00:00:00-04:00,68.29289991353782,69.19952819789006,68.23376675167466,69.11083221435547,13862200,0.0,0.0,KO
2025-08-20 00:00:00-04:00,69.71196598732539,70.66787062610618,69.38676743973072,69.67254638671875,17530800,0.0,0.0,KO
2025-08-21 00:00:00-04:00,69.5739997755638,69.87949979462438,69.30792687485418,69.63313293457031,8840400,0.0,0.0,KO
2025-08-22 00:00:00-04:00,69.92877203369336,69.98789767703626,68.90388494413509,69.11083221435547,12999600,0.0,0.0,KO
2025-08-25 00:00:00-04:00,69.09112802963632,69.20938683802069,67.72132878622944,67.92827606201172,13634600,0.0,0.0,KO
2025-08-26 00:00:00-04:00,68.03667843815792,68.0760980411544,67.5833642814793,67.73118591308594,17964200,0.0,0.0,KO
2025-08-27 00:00:00-04:00,67.8198703930519,67.8691467735301,67.47495828526468,67.82972717285156,11562700,0.0,0.0,KO
2025-08-28 00:00:00-04:00,67.87899401680035,67.89870757581357,67.28771506124066,67.3665542602539,16209900,0.0,0.0,KO
2025-08-29 00:00:00-04:00,67.67204696175304,68.13521785919872,67.43553688252202,67.98739624023438,14601100,0.0,0.0,KO
2025-09-02 00:00:00-04:00,67.95783598206798,68.33231091484431,67.26801175892203,68.05638122558594,24770100,0.0,0.0,KO
2025-09-03 00:00:00-04:00,67.66219770073666,68.09579825957357,66.39094380727508,67.98739624023438,33581500,0.0,0.0,KO
2025-09-04 00:00:00-04:00,68.10565846097646,68.45057057687627,67.12019097639397,67.2581558227539,16736000,0.0,0.0,KO
2025-09-05 00:00:00-04:00,67.02165034743324,67.58336655158995,66.88368549157165,66.97237396240234,23978000,0.0,0.0,KO
2025-09-08 00:00:00-04:00,66.873824564207,66.89353060588499,66.18400032767306,66.4500732421875,21671700,0.0,0.0,KO
2025-09-09 00:00:00-04:00,66.30225211946602,67.12019194795396,66.30225211946602,66.87382507324219,14120600,0.0,0.0,KO
2025-09-10 00:00:00-04:00,66.80484117035142,67.1004769023495,66.23326822922692,66.83440399169922,16041900,0.0,0.0,KO
2025-09-11 00:00:00-04:00,66.9329495762758,67.17931644678788,66.59789424126909,66.63731384277344,15128700,0.0,0.0,KO
2025-09-12 00:00:00-04:00,66.61760079889063,66.73585960431994,65.96719616533017,66.03617858886719,18712400,0.0,0.0,KO
2025-09-15 00:00:00-04:00,66.21492253242528,66.31422354002852,65.63896608167268,65.74819946289062,15986100,0.51,0.0,KO
2025-09-16 00:00:00-04:00,65.88721799307102,66.04610565558093,65.59923978690733,65.77798461914062,18555900,0.0,0.0,KO
2025-09-17 00:00:00-04:00,65.94680743241825,66.66177921528677,65.94680743241825,66.5724105834961,17372300,0.0,0.0,KO
2025-09-18 00:00:00-04:00,66.33408483122071,66.57240875228796,65.88721895601613,65.99645233154297,17722900,0.0,0.0,KO
2025-09-19 00:00:00-04:00,66.02623862919148,66.26457011472462,65.58931272474169,65.96665954589844,31192900,0.0,0.0,KO
2025-09-22 00:00:00-04:00,65.69855274717962,66.12554632225547,65.61910891062452,65.74819946289062,13298700,0.0,0.0,KO
2025-09-23 00:00:00-04:00,65.88722313721227,66.29436712204614,65.44036480983097,66.24471282958984,15072800,0.0,0.0,KO
2025-09-24 00:00:00-04:00,65.94680452049731,66.31421898098806,65.49993865273242,65.98651885986328,14759300,0.0,0.0,KO
2025-09-25 00:00:00-04:00,66.28443197726769,66.45324444267168,65.49000878826624,65.51980590820312,14395000,0.0,0.0,KO
2025-09-26 00:00:00-04:00,65.60917141444838,65.86736007500325,65.0431473815039,65.21195983886719,17821600,0.0,0.0,KO
2025-09-29 00:00:00-04:00,65.21196180577135,65.6389629365686,64.89419405095812,65.57938385009766,14818500,0.0,0.0,KO
2025-09-30 00:00:00-04:00,65.60917320988517,66.17519725831927,65.49993983420659,65.85742950439453,13815000,0.0,0.0,KO
2025-10-01 00:00:00-04:00,66.04611076217434,66.3638785355828,65.82764399742202,66.31422424316406,14877500,0.0,0.0,KO
2025-10-02 00:00:00-04:00,66.06596291534362,66.18512866238848,65.40063787408324,65.63896179199219,14350700,0.0,0.0,KO
2025-10-03 00:00:00-04:00,65.63896039949117,66.52275217016083,65.57938131532308,66.18512725830078,12249200,0.0,0.0,KO
2025-10-06 00:00:00-04:00,66.02624099966201,66.0361733726276,65.38077312815206,65.63896179199219,14333300,0.0,0.0,KO
2025-10-07 00:00:00-04:00,65.75812605805034,66.79087311397086,65.41056877388972,66.32415008544922,13328300,0.0,0.0,KO
2025-10-08 00:00:00-04:00,66.20498804784562,66.40359763290064,65.59924207174456,65.65882873535156,12606700,0.0,0.0,KO
2025-10-09 00:00:00-04:00,65.82763777411702,66.33408271942011,65.65882531774287,65.9070816040039,12705200,0.0,0.0,KO
2025-10-10 00:00:00-04:00,66.0560332347687,66.92990026302088,65.91701031230697,66.5724105834961,17991700,0.0,0.0,KO
2025-10-13 00:00:00-04:00,65.76805952035286,66.3340835571289,65.53966040058889,66.3340835571289,13690000,0.0,0.0,KO
2025-10-14 00:00:00-04:00,66.40359566358465,67.09871025020986,66.2844299160857,67.03913116455078,14245600,0.0,0.0,KO
2025-10-15 00:00:00-04:00,66.80079883906086,67.2476647044907,66.45324155006921,66.61212921142578,11193700,0.0,0.0,KO
2025-10-16 00:00:00-04:00,66.71143203537027,67.63494575775452,66.6915748652482,67.11856842041016,15707200,0.0,0.0,KO
2025-10-17 00:00:00-04:00,67.52571297603451,68.02222557144653,67.32711096834208,67.962646484375,15541800,0.0,0.0,KO
2025-10-20 00:00:00-04:00,67.95271411113609,68.16124849206741,67.44626914248516,67.962646484375,17786800,0.0,0.0,KO
2025-10-21 00:00:00-04:00,70.07778348964236,70.89206379747803,69.74015858023319,70.72325134277344,33651300,0.0,0.0,KO
2025-10-22 00:00:00-04:00,70.86227556857779,71.12046422985016,70.01820570323501,70.31610870361328,18293000,0.0,0.0,KO
2025-10-23 00:00:00-04:00,70.31611368051625,70.4352794348104,69.233719823024,69.45218658447266,13989400,0.0,0.0,KO
2025-10-24 00:00:00-04:00,69.4223949850019,69.56141790613931,69.16420631309774,69.22378540039062,15688200,0.0,0.0,KO
2025-10-27 00:00:00-04:00,69.293296626926,69.63092913153434,68.76699448780037,69.57134246826172,13800000,0.0,0.0,KO
2025-10-28 00:00:00-04:00,69.5614209146597,70.40549085126584,69.46211232996849,69.670654296875,12730500,0.0,0.0,KO
2025-10-29 00:00:00-04:00,69.43231732459905,69.5415506982238,67.68459849896472,67.8732681274414,19789600,0.0,0.0,KO
2025-10-30 00:00:00-04:00,67.97256878321876,68.8067138524675,67.91298969833696,68.4988784790039,14751700,0.0,0.0,KO
2025-10-31 00:00:00-04:00,68.07187631032893,68.58824604910015,67.42640845472948,68.41943359375,16742700,0.0,0.0,KO
2025-11-03 00:00:00-05:00,68.32013866015963,68.40950729403845,67.18809050727384,67.49592590332031,15660400,0.0,0.0,KO
2025-11-04 00:00:00-05:00,67.99243698349116,68.25062565806472,67.68460159438723,68.18111419677734,12743800,0.0,0.0,KO
2025-11-05 00:00:00-05:00,68.18111319170669,68.34992565574737,67.70445776691898,68.03215789794922,12850100,0.0,0.0,KO
2025-11-06 00:00:00-05:00,67.8236220614044,68.65775956665289,67.44626764849417,68.57831573486328,15906700,0.0,0.0,KO
2025-11-07 00:00:00-05:00,69.32308589924251,70.37569774955632,68.92588188527753,70.05792999267578,25108300,0.0,0.0,KO
2025-11-10 00:00:00-05:00,69.52169221080935,70.167160067399,68.95566818374654,70.02812957763672,15318000,0.0,0.0,KO
2025-11-11 00:00:00-05:00,70.48493152388181,71.24955758887697,70.16716376520863,71.11053466796875,16160200,0.0,0.0,KO
2025-11-12 00:00:00-05:00,70.99136572312494,71.38857729763905,70.84241043565959,71.01123046875,13612600,0.0,0.0,KO
2025-11-13 00:00:00-05:00,70.92185998801403,71.17011629509292,70.504791210405,70.57430267333984,14002800,0.0,0.0,KO
2025-11-14 00:00:00-05:00,70.91192968869619,71.14032123082693,70.10757416436533,70.6636734008789,13172000,0.0,0.0,KO
2025-11-17 00:00:00-05:00,70.70338910324199,71.0310892277631,70.12744026229734,70.18701934814453,14772300,0.0,0.0,KO
2025-11-18 00:00:00-05:00,70.49485222815271,70.84240951024466,70.07778348964236,70.72325134277344,12838900,0.0,0.0,KO
2025-11-19 00:00:00-05:00,70.70338993108669,70.95164622659779,70.31611071618387,70.61402130126953,12401500,0.0,0.0,KO
2025-11-20 00:00:00-05:00,70.45513682015593,70.98144655442066,70.11751187956699,70.71332550048828,15396500,0.0,0.0,KO
2025-11-21 00:00:00-05:00,71.18004633250936,72.67951649938256,70.99136912094397,72.4411849975586,26492500,0.0,0.0,KO
2025-11-24 00:00:00-05:00,72.64972608592737,72.64972608592737,71.07081210401583,72.08369445800781,39818600,0.0,0.0,KO
2025-11-25 00:00:00-05:00,72.29223861642276,72.42132916682961,71.63683833855463,72.10356140136719,17451200,0.0,0.0,KO
2025-11-26 00:00:00-05:00,72.09362774118988,72.58020796608025,71.885093359094,72.37167358398438,11795100,0.0,0.0,KO
2025-11-28 00:00:00-05:00,72.49083486670732,72.71923398131365,72.25251095559938,72.61000061035156,7423000,0.0,0.0,KO
2025-12-01 00:00:00-05:00,72.5999984741211,72.91000366210938,71.93000030517578,71.94999694824219,14388100,0.51,0.0,KO
2025-12-02 00:00:00-05:00,71.80000305175781,71.80000305175781,70.43000030517578,70.66999816894531,19871300,0.0,0.0,KO
2025-12-03 00:00:00-05:00,70.87999725341797,71.4000015258789,70.61000061035156,70.80999755859375,17001700,0.0,0.0,KO
2025-12-04 00:00:00-05:00,70.83000183105469,71.33999633789062,70.37000274658203,70.44999694824219,17710000,0.0,0.0,KO
2025-12-05 00:00:00-05:00,70.31999969482422,70.70999908447266,69.87000274658203,70.0,13978200,0.0,0.0,KO
2025-12-08 00:00:00-05:00,69.83999633789062,70.37999725341797,69.48999786376953,70.25,17775100,0.0,0.0,KO
2025-12-09 00:00:00-05:00,70.37000274658203,70.62999725341797,69.83000183105469,70.08999633789062,13010600,0.0,0.0,KO
2025-12-10 00:00:00-05:00,70.38999938964844,70.52999877929688,69.77999877929688,70.20999908447266,29789400,0.0,0.0,KO
2025-12-11 00:00:00-05:00,70.55000305175781,70.69000244140625,68.79000091552734,69.11000061035156,23124200,0.0,0.0,KO
2025-12-12 00:00:00-05:00,69.11000061035156,70.62000274658203,69.04000091552734,70.5199966430664,18444500,0.0,0.0,KO
2025-12-15 00:00:00-05:00,70.43000030517578,71.31999969482422,70.31999969482422,70.97000122070312,18660100,0.0,0.0,KO
2025-12-16 00:00:00-05:00,71.30000305175781,71.30000305175781,70.31999969482422,70.37000274658203,17370000,0.0,0.0,KO
2025-12-17 00:00:00-05:00,70.56999969482422,70.91999816894531,70.30999755859375,70.66999816894531,13672700,0.0,0.0,KO
2025-12-18 00:00:00-05:00,70.2699966430664,70.80000305175781,70.16999816894531,70.36000061035156,15524800,0.0,0.0,KO
2025-12-19 00:00:00-05:00,70.05999755859375,70.7699966430664,70.02999877929688,70.05999755859375,36911100,0.0,0.0,KO
2025-12-22 00:00:00-05:00,69.93000030517578,70.22000122070312,69.66000366210938,70.20999908447266,12828500,0.0,0.0,KO
2025-12-23 00:00:00-05:00,70.19999694824219,70.26000213623047,69.69000244140625,69.87000274658203,9471000,0.0,0.0,KO
2025-12-24 00:00:00-05:00,69.9000015258789,70.16000366210938,69.75,70.11000061035156,4515300,0.0,0.0,KO
2025-12-26 00:00:00-05:00,69.94999694824219,70.16000366210938,69.7300033569336,69.87000274658203,5711400,0.0,0.0,KO
2025-12-29 00:00:00-05:00,70.0,70.41999816894531,69.8499984741211,70.16000366210938,9686900,0.0,0.0,KO
2025-12-30 00:00:00-05:00,70.0,70.23999786376953,69.80000305175781,70.06999969482422,8610900,0.0,0.0,KO
2025-12-31 00:00:00-05:00,70.06999969482422,70.16000366210938,69.87999725341797,69.91000366210938,8127800,0.0,0.0,KO
2026-01-02 00:00:00-05:00,69.8499984741211,69.87000274658203,68.9800033569336,69.12000274658203,12151300,0.0,0.0,KO
2026-01-05 00:00:00-05:00,68.91999816894531,68.91999816894531,67.91999816894531,67.94000244140625,21186600,0.0,0.0,KO
2026-01-06 00:00:00-05:00,68.01000213623047,68.25,67.58999633789062,67.83999633789062,21019900,0.0,0.0,KO
2026-01-07 00:00:00-05:00,67.98999786376953,68.06999969482422,67.2699966430664,67.54000091552734,20223400,0.0,0.0,KO
2026-01-08 00:00:00-05:00,67.54000091552734,69.45999908447266,67.44999694824219,69.37000274658203,19237000,0.0,0.0,KO
2026-01-09 00:00:00-05:00,69.43000030517578,70.66000366210938,69.12000274658203,70.51000213623047,19638600,0.0,0.0,KO
2026-01-12 00:00:00-05:00,70.9000015258789,70.97000122070312,70.23999786376953,70.5,20582500,0.0,0.0,KO
2026-01-13 00:00:00-05:00,70.41999816894531,71.23999786376953,70.2699966430664,71.23999786376953,18324800,0.0,0.0,KO
2026-01-14 00:00:00-05:00,71.16999816894531,71.70999908447266,70.80999755859375,71.44000244140625,16739100,0.0,0.0,KO
2026-01-15 00:00:00-05:00,71.58999633789062,71.5999984741211,70.37000274658203,70.4800033569336,15464100,0.0,0.0,KO
2026-01-16 00:00:00-05:00,70.29000091552734,70.73999786376953,70.04000091552734,70.44000244140625,20027500,0.0,0.0,KO
2026-01-20 00:00:00-05:00,70.0,71.77999877929688,69.79000091552734,71.75,22152200,0.0,0.0,KO
2026-01-21 00:00:00-05:00,71.9800033569336,72.23999786376953,70.83000183105469,72.01000213623047,21660600,0.0,0.0,KO
2026-01-22 00:00:00-05:00,71.83000183105469,72.04000091552734,71.44000244140625,71.87000274658203,13962800,0.0,0.0,KO
2026-01-23 00:00:00-05:00,72.0199966430664,73.05999755859375,71.77999877929688,72.87999725341797,18307100,0.0,0.0,KO
2026-01-26 00:00:00-05:00,72.86000061035156,73.30000305175781,72.54000091552734,72.55999755859375,14017400,0.0,0.0,KO
2026-01-27 00:00:00-05:00,72.44000244140625,73.55999755859375,72.2699966430664,73.55000305175781,13239200,0.0,0.0,KO
2026-01-28 00:00:00-05:00,73.20999908447266,73.62000274658203,72.56999969482422,73.05999755859375,14633700,0.0,0.0,KO
2026-01-29 00:00:00-05:00,73.18000030517578,74.08999633789062,73.13999938964844,73.43000030517578,20862100,0.0,0.0,KO
2026-01-30 00:00:00-05:00,73.70999908447266,74.9000015258789,73.54000091552734,74.80999755859375,26420500,0.0,0.0,KO
2026-02-02 00:00:00-05:00,75.01000213623047,75.69999694824219,74.4000015258789,75.33000183105469,19301500,0.0,0.0,KO
2026-02-03 00:00:00-05:00,75.2699966430664,77.5,75.12999725341797,76.88999938964844,27007100,0.0,0.0,KO
2026-02-04 00:00:00-05:00,77.2699966430664,78.11000061035156,77.08000183105469,77.3499984741211,28607300,0.0,0.0,KO
2026-02-05 00:00:00-05:00,77.81999969482422,78.86000061035156,77.58999633789062,78.51000213623047,21633500,0.0,0.0,KO
2026-02-06 00:00:00-05:00,78.5,79.19999694824219,78.26000213623047,79.02999877929688,18512400,0.0,0.0,KO
2026-02-09 00:00:00-05:00,78.66999816894531,79.11000061035156,77.54000091552734,77.97000122070312,23415600,0.0,0.0,KO
2026-02-10 00:00:00-05:00,76.62999725341797,77.51000213623047,76.01000213623047,76.80999755859375,28848200,0.0,0.0,KO
2026-02-11 00:00:00-05:00,76.87999725341797,79.05000305175781,76.58000183105469,78.5999984741211,22649700,0.0,0.0,KO
2026-02-12 00:00:00-05:00,78.9800033569336,80.41000366210938,78.79000091552734,79.0,26043500,0.0,0.0,KO
2026-02-13 00:00:00-05:00,78.44999694824219,79.4000015258789,78.12999725341797,78.68000030517578,16711900,0.0,0.0,KO
2026-02-17 00:00:00-05:00,78.98999786376953,79.63999938964844,78.73999786376953,79.55999755859375,16260200,0.0,0.0,KO
2026-02-18 00:00:00-05:00,79.5,79.83999633789062,78.91999816894531,79.48999786376953,16304900,0.0,0.0,KO
2026-02-19 00:00:00-05:00,79.45999908447266,79.66999816894531,78.58999633789062,78.91000366210938,14924700,0.0,0.0,KO
2026-02-20 00:00:00-05:00,79.33000183105469,79.83999633789062,78.88999938964844,79.83999633789062,17175100,0.0,0.0,KO
2026-02-23 00:00:00-05:00,79.5199966430664,80.8499984741211,79.5,80.55999755859375,17157700,0.0,0.0,KO
2026-02-24 00:00:00-05:00,80.54000091552734,81.08999633789062,79.8499984741211,80.72000122070312,16448500,0.0,0.0,KO
2026-02-25 00:00:00-05:00,80.4000015258789,80.69000244140625,79.55999755859375,80.47000122070312,18086900,0.0,0.0,KO
2026-02-26 00:00:00-05:00,80.75,80.88999938964844,80.0199966430664,80.5,12841100,0.0,0.0,KO
2025-02-27 00:00:00-05:00,398.22134834414993,402.657388820498,389.1905096396701,389.5477600097656,21127400,0.0,0.0,MSFT
2025-02-28 00:00:00-05:00,389.67678725566606,394.6090291195634,383.6330593862238,393.973876953125,32845700,0.0,0.0,MSFT
2025-03-03 00:00:00-05:00,395.7899873220531,395.7899873220531,383.2261675615013,385.5384521484375,23007700,0.0,0.0,MSFT
2025-03-04 00:00:00-05:00,380.48712304915495,389.59737098453536,378.10536303990614,385.65753173828125,29342900,0.0,0.0,MSFT
2025-03-05 00:00:00-05:00,386.3820118850688,398.61835249883035,385.85603973587394,397.9732666015625,23433100,0.0,0.0,MSFT
2025-03-06 00:00:00-05:00,391.28447789138556,399.09468114787944,389.6966277473878,393.8746643066406,23304600,0.0,0.0,MSFT
2025-03-07 00:00:00-05:00,389.3394000020522,391.80053909690844,382.61091150423107,390.3218688964844,22034100,0.0,0.0,MSFT
2025-03-10 00:00:00-04:00,382.90859827837613,383.4643412864511,374.3540930979484,377.2717590332031,32840100,0.0,0.0,MSFT
2025-03-11 00:00:00-04:00,376.1205440687611,383.0673615053873,374.04642649696916,377.5595397949219,30380200,0.0,0.0,MSFT
2025-03-12 00:00:00-04:00,380.0405779726452,382.2933209136247,376.0709676751301,380.3581237792969,24253600,0.0,0.0,MSFT
2025-03-13 00:00:00-04:00,380.2489960755926,382.39258939479765,374.58238552740926,375.892333984375,20473000,0.0,0.0,MSFT
2025-03-14 00:00:00-04:00,376.8946174814204,387.2652356448431,376.62667971124,385.60791015625,19952800,0.0,0.0,MSFT
2025-03-17 00:00:00-04:00,383.7620820869245,389.7264008785539,382.6406623483486,385.74688720703125,22474300,0.0,0.0,MSFT
2025-03-18 00:00:00-04:00,384.1292482671326,384.42695690697013,378.20460404859546,380.606201171875,19486900,0.0,0.0,MSFT
2025-03-19 00:00:00-04:00,382.60095534567967,386.719419886704,381.0825806498319,384.8735656738281,19185500,0.0,0.0,MSFT
2025-03-20 00:00:00-04:00,382.8093521082507,388.8134057411041,380.36805030146087,383.9010009765625,18470500,0.0,0.0,MSFT
2025-03-21 00:00:00-04:00,380.3085496960487,388.76380948127513,379.8917272519025,388.2874755859375,39675900,0.0,0.0,MSFT
2025-03-24 00:00:00-04:00,392.3959786933822,392.3959786933822,386.84845184017416,390.0935974121094,21004500,0.0,0.0,MSFT
2025-03-25 00:00:00-04:00,390.9272368910712,393.34867131877104,389.65696280253144,392.1578063964844,15775000,0.0,0.0,MSFT
2025-03-26 00:00:00-04:00,391.99901639757354,392.30665877239477,385.61787512073846,387.0072326660156,16108400,0.0,0.0,MSFT
2025-03-27 00:00:00-04:00,387.1659858818112,389.2599405856522,384.4567161979595,387.612548828125,13766800,0.0,0.0,MSFT
2025-03-28 00:00:00-04:00,385.13158343812927,386.1736243280803,374.0663006272135,375.9220886230469,21632000,0.0,0.0,MSFT
2025-03-31 00:00:00-04:00,369.7096411618319,374.20522334023684,364.449889664545,372.5379943847656,35184700,0.0,0.0,MSFT
2025-04-01 00:00:00-04:00,371.80362246362756,379.9413357760227,370.3944277527412,379.2863464355469,19689500,0.0,0.0,MSFT
2025-04-02 00:00:00-04:00,375.0983928958324,382.1543604865691,373.7586433966847,379.2367248535156,16092600,0.0,0.0,MSFT
2025-04-03 00:00:00-04:00,371.9425583652147,374.61212363444304,366.54388609690864,370.2752990722656,30198000,0.0,0.0,MSFT
2025-04-04 00:00:00-04:00,361.363555677575,371.74407816646067,356.74888974568233,357.10614013671875,49209900,0.0,0.0,MSFT
2025-04-07 00:00:00-04:00,348.2142236601539,368.1813588125757,342.17049555544185,355.14117431640625,50425000,0.0,0.0,MSFT
2025-04-08 00:00:00-04:00,365.46213664338546,370.8111701107758,347.5889587924899,351.8662109375,35868900,0.0,0.0,MSFT
2025-04-09 00:00:00-04:00,350.85399906862426,390.24245792204835,350.41733953240174,387.52325439453125,50199700,0.0,0.0,MSFT
2025-04-10 00:00:00-04:00,379.1572950457799,380.983312003396,365.00562576710445,378.45269775390625,38024400,0.0,0.0,MSFT
2025-04-11 00:00:00-04:00,377.7481178718862,387.0865991344375,376.0114134245454,385.498779296875,23839200,0.0,0.0,MSFT
2025-04-14 00:00:00-04:00,390.23251818413166,391.6516465120973,381.2909618319917,384.8636169433594,19251200,0.0,0.0,MSFT
2025-04-15 00:00:00-04:00,385.5583162962043,388.9126416904877,381.24135923720473,382.7994384765625,17199900,0.0,0.0,MSFT
2025-04-16 00:00:00-04:00,377.7779079921512,378.71073856569086,365.2041538267982,368.7867126464844,21967800,0.0,0.0,MSFT
2025-04-17 00:00:00-04:00,370.9104537724408,371.4761304955969,364.10258680355696,364.9858093261719,21120200,0.0,0.0,MSFT
2025-04-21 00:00:00-04:00,360.0635031391147,361.71089501866106,352.9678309109542,356.3916015625,20807300,0.0,0.0,MSFT
2025-04-22 00:00:00-04:00,360.6192443688487,364.9758758256959,357.12596800122816,364.0331115722656,19485000,0.0,0.0,MSFT
2025-04-23 00:00:00-04:00,373.20288850682186,377.50000836988784,370.1859763720142,371.54559326171875,20545500,0.0,0.0,MSFT
2025-04-24 00:00:00-04:00,372.84566753938213,385.49880064204365,372.33953252384407,384.3575134277344,22232300,0.0,0.0,MSFT
2025-04-25 00:00:00-04:00,384.05979677325973,389.1805976978566,381.67803664886475,388.8729553222656,18973200,0.0,0.0,MSFT
2025-04-28 00:00:00-04:00,388.9821118643913,389.7561846754867,383.7025530868883,388.1882019042969,16579400,0.0,0.0,MSFT
2025-04-29 00:00:00-04:00,388.3270916828822,392.0982394081848,387.41409832984397,391.0462951660156,14974000,0.0,0.0,MSFT
2025-04-30 00:00:00-04:00,387.33468087236696,393.6463764759126,381.51921680100196,392.25701904296875,36461100,0.0,0.0,MSFT
2025-05-01 00:00:00-04:00,427.8346397458207,433.669971462135,421.67182852064957,422.16802978515625,58938100,0.0,0.0,MSFT
2025-05-02 00:00:00-04:00,428.4598480759583,436.10135948336034,426.72314369115975,431.97296142578125,30757400,0.0,0.0,MSFT
2025-05-05 00:00:00-04:00,429.58128511716615,436.1609188409604,428.827049490993,432.8562316894531,20136100,0.0,0.0,MSFT
2025-05-06 00:00:00-04:00,428.91639204817295,434.4043769104007,427.8942186382879,430.0179443359375,15104200,0.0,0.0,MSFT
2025-05-07 00:00:00-04:00,430.54391525930873,434.79139692835327,427.83464541633373,430.0576477050781,23295300,0.0,0.0,MSFT
2025-05-08 00:00:00-04:00,434.602806230982,440.2992170006134,432.35006352791333,434.84100341796875,23491300,0.0,0.0,MSFT
2025-05-09 00:00:00-04:00,436.6570993033328,437.3914674607305,432.5684058555715,435.3967590332031,15324200,0.0,0.0,MSFT
2025-05-12 00:00:00-04:00,442.551987565255,445.9559209816134,436.43878433354007,445.8467712402344,22821900,0.0,0.0,MSFT
2025-05-13 00:00:00-04:00,444.37803887168343,447.24609694771215,441.9764112331301,445.72772216796875,23618800,0.0,0.0,MSFT
2025-05-14 00:00:00-04:00,444.73528972695,450.45150777480933,444.73528972695,449.4988098144531,19902800,0.0,0.0,MSFT
2025-05-15 00:00:00-04:00,448.1665235651595,453.5552331837817,447.8284909088357,450.5129089355469,21992300,0.83,0.0,MSFT
2025-05-16 00:00:00-04:00,449.43915228561843,451.73580834700897,446.1383501578063,451.6463317871094,23849800,0.0,0.0,MSFT
2025-05-19 00:00:00-04:00,448.27591363294266,456.9355998797858,448.1963586877965,456.2197570800781,21336500,0.0,0.0,MSFT
2025-05-20 00:00:00-04:00,452.9587181303489,455.69283539558984,451.69606398891386,455.5238342285156,15441800,0.0,0.0,MSFT
2025-05-21 00:00:00-04:00,451.94462570262056,455.1360777634671,449.20055644956204,449.9561767578125,19216900,0.0,0.0,MSFT
2025-05-22 00:00:00-04:00,452.32244757902833,457.5918252828005,451.27849365115543,452.2329406738281,18025600,0.0,0.0,MSFT
2025-05-23 00:00:00-04:00,447.3811293692874,451.06969358680703,446.3173019248347,447.5799560546875,16883500,0.0,0.0,MSFT
2025-05-27 00:00:00-04:00,453.8435898996704,458.2877744248074,453.48565331857327,458.0292663574219,20974300,0.0,0.0,MSFT
2025-05-28 00:00:00-04:00,458.55619745791415,459.84867709346275,454.2909661144885,454.7184753417969,17086300,0.0,0.0,MSFT
2025-05-29 00:00:00-04:00,458.884303233251,459.05333474747385,452.68035209769624,456.0308837890625,13974800,0.0,0.0,MSFT
2025-05-30 00:00:00-04:00,457.0648535034259,459.0135248792732,452.90900269221845,457.7011413574219,34770500,0.0,0.0,MSFT
2025-06-02 00:00:00-04:00,454.4997588416313,459.44102500437896,454.25120274050374,459.3018493652344,16626500,0.0,0.0,MSFT
2025-06-03 00:00:00-04:00,458.8047449110186,461.4593374660713,458.19825223653834,460.29608154296875,15743800,0.0,0.0,MSFT
2025-06-04 00:00:00-04:00,461.3201414833542,463.00038321907994,460.3457906064832,461.1908874511719,14162700,0.0,0.0,MSFT
2025-06-05 00:00:00-04:00,462.2745901279283,466.93750520910584,461.3499686746429,464.9788818359375,20131700,0.0,0.0,MSFT
2025-06-06 00:00:00-04:00,467.37496597576217,470.6061954238558,466.0725343793748,467.6632995605469,15285600,0.0,0.0,MSFT
2025-06-09 00:00:00-04:00,466.98725027602023,470.69568816704816,465.9134708467471,470.0196228027344,16469900,0.0,0.0,MSFT
2025-06-10 00:00:00-04:00,468.4686249933991,470.06931180763127,464.26304461137784,468.2001953125,15375900,0.0,0.0,MSFT
2025-06-11 00:00:00-04:00,467.3053910772251,472.72392676786,466.94748481913814,469.890380859375,16399200,0.0,0.0,MSFT
2025-06-12 00:00:00-04:00,472.2764779222473,477.6453141185156,470.7851412769109,476.104248046875,18950600,0.0,0.0,MSFT
2025-06-13 00:00:00-04:00,473.6584649544854,476.4124557062983,470.0295518485209,472.2168273925781,16814500,0.0,0.0,MSFT
2025-06-16 00:00:00-04:00,472.4653860858625,477.91374692205306,472.25660744971805,476.3727111816406,15626100,0.0,0.0,MSFT
2025-06-17 00:00:00-04:00,472.65428568792316,475.97499162724574,471.3419021646973,475.279052734375,15414100,0.0,0.0,MSFT
2025-06-18 00:00:00-04:00,475.2392860574369,478.2219594008936,471.71972301658775,477.4663391113281,17526500,0.0,0.0,MSFT
2025-06-20 00:00:00-04:00,479.4448516392065,480.6677282539423,474.11579298541653,474.6427307128906,37576200,0.0,0.0,MSFT
2025-06-23 00:00:00-04:00,475.44806772339973,484.932977511559,469.7810065395394,483.1930847167969,24864000,0.0,0.0,MSFT
2025-06-24 00:00:00-04:00,486.1260232932434,489.0092679302753,483.9884166007436,487.279296875,22305600,0.0,0.0,MSFT
2025-06-25 00:00:00-04:00,489.1981971647186,491.70363180611855,486.5635084927723,489.4268493652344,17495100,0.0,0.0,MSFT
2025-06-26 00:00:00-04:00,490.13278082199906,495.1635541172166,489.9637493151316,494.57696533203125,21578900,0.0,0.0,MSFT
2025-06-27 00:00:00-04:00,494.6763398018984,496.41623250794254,490.18245642116284,493.0756530761719,34539200,0.0,0.0,MSFT
2025-06-30 00:00:00-04:00,494.1693427257206,497.86785899517616,492.4691970236715,494.5372009277344,28369000,0.0,0.0,MSFT
2025-07-01 00:00:00-04:00,493.602615314542,495.17347659984546,488.14433277768,489.2081298828125,19945400,0.0,0.0,MSFT
2025-07-02 00:00:00-04:00,487.1600396387865,490.6497772469701,485.87751191483574,488.2536926269531,16319600,0.0,0.0,MSFT
2025-07-03 00:00:00-04:00,490.95797554637323,497.2414813819725,490.59011735274714,495.95892333984375,13984800,0.0,0.0,MSFT
2025-07-07 00:00:00-04:00,494.50736527479916,495.8694479262707,492.36978876052433,494.84539794921875,13981600,0.0,0.0,MSFT
2025-07-08 00:00:00-04:00,494.36815380384166,495.3226311177228,491.25622643335066,493.7517395019531,11846600,0.0,0.0,MSFT
2025-07-09 00:00:00-04:00,497.41047691930333,503.8530622357068,496.85371365827956,500.6019592285156,18659500,0.0,0.0,MSFT
2025-07-10 00:00:00-04:00,500.14458849842043,501.52657502305914,494.87521114411277,498.58367919921875,16492100,0.0,0.0,MSFT
2025-07-11 00:00:00-04:00,495.59106078877636,502.1131707269345,494.9249170598048,500.4130554199219,16459500,0.0,0.0,MSFT
2025-07-14 00:00:00-04:00,498.6234399223271,501.05930198422453,498.1362796464767,500.1147766113281,12058800,0.0,0.0,MSFT
2025-07-15 00:00:00-04:00,500.11477392946824,505.36427783294863,499.88612172349406,502.89862060546875,14927200,0.0,0.0,MSFT
2025-07-16 00:00:00-04:00,502.2623068754336,503.793421043838,498.99133023831314,502.69976806640625,15154400,0.0,0.0,MSFT
2025-07-17 00:00:00-04:00,502.75940886082554,510.40499725185873,502.6997578215743,508.7446594238281,17503100,0.0,0.0,MSFT
2025-07-18 00:00:00-04:00,511.50859420333654,511.6677041033988,504.499323712682,507.10418701171875,21209700,0.0,0.0,MSFT
2025-07-21 00:00:00-04:00,503.7834776665751,509.1324405638626,502.6301736290422,507.1141357421875,14066800,0.0,0.0,MSFT
2025-07-22 00:00:00-04:00,508.01886761548803,508.2475501614973,502.3517761230469,502.3517761230469,13868600,0.0,0.0,MSFT
2025-07-23 00:00:00-04:00,503.8232255681408,503.8630030405687,497.80817995491657,502.94830322265625,16396600,0.0,0.0,MSFT
2025-07-24 00:00:00-04:00,505.83158338819493,510.703277326071,504.37007217269974,507.9294128417969,16107000,0.0,0.0,MSFT
2025-07-25 00:00:00-04:00,509.5101527540243,515.2965460849812,507.4123538189797,510.7430419921875,19125700,0.0,0.0,MSFT
2025-07-28 00:00:00-04:00,511.110930710653,512.0256002286585,507.17377997770546,509.5400390625,14308000,0.0,0.0,MSFT
2025-07-29 00:00:00-04:00,512.5525452747698,514.6304403339567,508.6054427654301,509.609619140625,16469200,0.0,0.0,MSFT
2025-07-30 00:00:00-04:00,512.1946027794743,512.9701269930791,506.49771598970693,510.2757568359375,26380400,0.0,0.0,MSFT
2025-07-31 00:00:00-04:00,552.0232408256204,552.2420017670738,528.8280273057109,530.4187622070312,51617300,0.0,0.0,MSFT
2025-08-01 00:00:00-04:00,531.9100652869249,532.7054326872741,517.8517174087783,521.0829467773438,28977600,0.0,0.0,MSFT
2025-08-04 00:00:00-04:00,525.2190177406763,535.1413592423181,525.0798117410876,532.5464477539062,25349000,0.0,0.0,MSFT
2025-08-05 00:00:00-04:00,534.077432699505,534.196734767709,524.194840165689,524.701904296875,19171600,0.0,0.0,MSFT
2025-08-06 00:00:00-04:00,527.8338028961505,528.6291703469228,521.0034855448089,521.908203125,21355700,0.0,0.0,MSFT
2025-08-07 00:00:00-04:00,523.757448292983,525.0400367197672,514.5608717763297,517.8319091796875,16079100,0.0,0.0,MSFT
2025-08-08 00:00:00-04:00,519.5816044995674,521.6297041680745,516.4100264967077,519.0248413085938,15531000,0.0,0.0,MSFT
2025-08-11 00:00:00-04:00,519.2833770884752,524.542862850504,516.7182612189127,518.7564697265625,20194400,0.0,0.0,MSFT
2025-08-12 00:00:00-04:00,520.7250669698358,527.9132904806338,519.6811434112465,526.183349609375,18667000,0.0,0.0,MSFT
2025-08-13 00:00:00-04:00,529.0368026236954,529.6234217995657,516.3703917601634,517.5734252929688,19619200,0.0,0.0,MSFT
2025-08-14 00:00:00-04:00,519.5419572956574,522.9123929469488,517.13595097363,519.46240234375,20269100,0.0,0.0,MSFT
2025-08-15 00:00:00-04:00,519.7507304052322,523.0614541020369,516.0820397908819,517.1657104492188,25213300,0.0,0.0,MSFT
2025-08-18 00:00:00-04:00,518.5775833311014,519.8004600468895,511.05129658888984,514.1134643554688,23760600,0.0,0.0,MSFT
2025-08-19 00:00:00-04:00,512.0255798217245,512.1846290296555,505.61282013208876,506.8257751464844,21481000,0.0,0.0,MSFT
2025-08-20 00:00:00-04:00,506.92525053820776,508.0487290990465,501.526618683124,502.7992248535156,27723000,0.0,0.0,MSFT
2025-08-21 00:00:00-04:00,501.6041452591809,505.5278315490841,500.6381609615915,502.15185546875,18443300,0.83,0.0,MSFT
2025-08-22 00:00:00-04:00,502.1618461633245,508.6150227226763,500.32946944945456,505.1295166015625,24324200,0.0,0.0,MSFT
2025-08-25 00:00:00-04:00,504.5319946732823,506.0855321115255,502.0323791323648,502.17181396484375,21638600,0.0,0.0,MSFT
2025-08-26 00:00:00-04:00,502.2713680297872,502.88882606141556,496.4456179190968,499.96099853515625,30835700,0.0,0.0,MSFT
2025-08-27 00:00:00-04:00,499.92117896114246,505.18928116929357,497.82986914621193,504.64154052734375,17277900,0.0,0.0,MSFT
2025-08-28 00:00:00-04:00,504.99008260275673,508.9735181763212,503.406670609209,507.529541015625,18015600,0.0,0.0,MSFT
2025-08-29 00:00:00-04:00,506.5535790393771,507.4896888132377,502.40083415821226,504.59173583984375,20961600,0.0,0.0,MSFT
2025-09-02 00:00:00-04:00,498.3974910813857,503.90458943006223,494.75264396148896,503.0282287597656,18128000,0.0,0.0,MSFT
2025-09-03 00:00:00-04:00,501.70375627159575,505.68719181229375,500.2398424947412,503.2572937011719,16345100,0.0,0.0,MSFT
2025-09-04 00:00:00-04:00,502.2116394820944,506.04570238922344,501.0664078062513,505.866455078125,15509500,0.0,0.0,MSFT
2025-09-05 00:00:00-04:00,506.9619070760115,509.8498918622262,490.3310509759443,492.9501647949219,31994800,0.0,0.0,MSFT
2025-09-08 00:00:00-04:00,496.04724781279185,499.1244784694731,492.9800158612091,496.13690185546875,16771000,0.0,0.0,MSFT
2025-09-09 00:00:00-04:00,499.3534910580183,500.17010260105087,495.6389570336189,496.34600830078125,14410500,0.0,0.0,MSFT
2025-09-10 00:00:00-04:00,500.8971201283455,501.1460848531792,494.6630336933239,498.29791259765625,21611800,0.0,0.0,MSFT
2025-09-11 00:00:00-04:00,500.17012751524385,501.08633106619584,495.8182290284252,498.9352722167969,18881600,0.0,0.0,MSFT
2025-09-12 00:00:00-04:00,504.55191069082485,510.42747218178897,501.7635178992086,507.7884521484375,23624900,0.0,0.0,MSFT
2025-09-15 00:00:00-04:00,506.68306017742736,513.3353599697668,504.9004642300766,513.225830078125,17143800,0.0,0.0,MSFT
2025-09-16 00:00:00-04:00,514.7395367165727,515.0880630075219,506.4938265025834,506.9320068359375,19711900,0.0,0.0,MSFT
2025-09-17 00:00:00-04:00,508.5054498653079,509.1726886784055,503.8348693472275,507.9079284667969,15816600,0.0,0.0,MSFT
2025-09-18 00:00:00-04:00,509.37184097126715,510.9453149965379,505.55771489166153,506.3444519042969,18913700,0.0,0.0,MSFT
2025-09-19 00:00:00-04:00,508.44574170609144,517.1495391803752,508.19677696926453,515.7852172851562,52474100,0.0,0.0,MSFT
2025-09-22 00:00:00-04:00,513.4549348866175,515.5959951267806,510.41751650985566,512.3196411132812,20009300,0.0,0.0,MSFT
2025-09-23 00:00:00-04:00,511.67229848312854,512.4590659268906,505.2091838485409,507.1212463378906,19799600,0.0,0.0,MSFT
2025-09-24 00:00:00-04:00,508.26644250853604,510.35772177145367,504.82077941210207,508.0373840332031,13533700,0.0,0.0,MSFT
2025-09-25 00:00:00-04:00,506.1950582100621,507.89799878212006,502.94857891661616,504.9303283691406,15786500,0.0,0.0,MSFT
2025-09-26 00:00:00-04:00,507.9477531769938,511.8116903059077,504.52199636524745,509.3419494628906,16213100,0.0,0.0,MSFT
2025-09-29 00:00:00-04:00,509.3817950243417,514.7096154882738,506.77264973451184,512.4689331054688,17617800,0.0,0.0,MSFT
2025-09-30 00:00:00-04:00,511.11459757878936,516.0142062084105,507.54943619028296,515.8051147460938,19728200,0.0,0.0,MSFT
2025-10-01 00:00:00-04:00,512.6680995330014,518.3544751787417,509.5709932440202,517.5578002929688,22632300,0.0,0.0,MSFT
2025-10-02 00:00:00-04:00,515.4963429681408,519.4399047558908,508.56514411884206,513.6041870117188,21222900,0.0,0.0,MSFT
2025-10-03 00:00:00-04:00,514.9585548343116,518.3345307125708,512.8672756929882,515.20751953125,15112300,0.0,0.0,MSFT
2025-10-06 00:00:00-04:00,516.4623876768178,528.8309994124726,516.0541122577388,526.3811645507812,21388600,0.0,0.0,MSFT
2025-10-07 00:00:00-04:00,526.1022689962125,527.6060256392368,519.2806599401652,521.8101196289062,14615200,0.0,0.0,MSFT
2025-10-08 00:00:00-04:00,521.1130687043808,524.7678538085896,520.923853084141,522.676513671875,13363400,0.0,0.0,MSFT
2025-10-09 00:00:00-04:00,520.1769452354545,522.158694647609,515.2574000210162,520.2366943359375,18343600,0.0,0.0,MSFT
2025-10-10 00:00:00-04:00,517.4881335274953,521.4118200258811,507.5195762105422,508.84405517578125,24133800,0.0,0.0,MSFT
2025-10-13 00:00:00-04:00,514.2714771071726,514.2714771071726,509.56108387533754,511.9212646484375,14284200,0.0,0.0,MSFT
2025-10-14 00:00:00-04:00,508.1170420708167,513.146147202046,503.9045484424133,511.4432067871094,14684300,0.0,0.0,MSFT
2025-10-15 00:00:00-04:00,512.8275263160849,515.0482722356254,507.88804423946306,511.3038330078125,14694700,0.0,0.0,MSFT
2025-10-16 00:00:00-04:00,510.4573477017149,514.7096236704256,506.02576365101777,509.4913330078125,15559600,0.0,0.0,MSFT
2025-10-17 00:00:00-04:00,506.9320087638593,513.3453119402852,505.20916197429216,511.4532165527344,19867800,0.0,0.0,MSFT
2025-10-20 00:00:00-04:00,512.4788764440519,516.5519656323323,511.30377036778043,514.6498413085938,14665600,0.0,0.0,MSFT
2025-10-21 00:00:00-04:00,515.3569857054445,516.5420602391357,510.91543308707116,515.5162963867188,15586200,0.0,0.0,MSFT
2025-10-22 00:00:00-04:00,518.9918584655633,523.0549187669818,515.566101626736,518.3843383789062,18962700,0.0,0.0,MSFT
2025-10-23 00:00:00-04:00,520.2964530626382,521.7802730707533,516.4623598997719,518.404296875,14023500,0.0,0.0,MSFT
2025-10-24 00:00:00-04:00,520.6250388201142,523.1744351060786,518.5536961256696,521.441650390625,15532400,0.0,0.0,MSFT
2025-10-27 00:00:00-04:00,529.577902779321,532.3662956890146,526.819354031342,529.3189697265625,18734700,0.0,0.0,MSFT
2025-10-28 00:00:00-04:00,547.722348424072,551.4269140414981,538.5305910090683,539.8251953125,29986700,0.0,0.0,MSFT
2025-10-29 00:00:00-04:00,542.6832878753321,544.0077970763692,534.5072653816836,539.3073120117188,36023000,0.0,0.0,MSFT
2025-10-30 00:00:00-04:00,528.2831883129468,532.7545848667123,519.9578228356851,523.582763671875,41023100,0.0,0.0,MSFT
2025-10-31 00:00:00-04:00,526.6898137654194,527.1279940743384,512.9668501497666,515.6656494140625,34006400,0.0,0.0,MSFT
2025-11-03 00:00:00-05:00,517.657371934483,522.7860691817526,512.4590180581705,514.888916015625,22374700,0.0,0.0,MSFT
2025-11-04 00:00:00-05:00,509.6407695643784,513.4150529816625,505.73698923396887,512.2001342773438,20958700,0.0,0.0,MSFT
2025-11-05 00:00:00-05:00,511.17434154282535,512.6980347767452,504.4821687767013,505.0597839355469,23024300,0.0,0.0,MSFT
2025-11-06 00:00:00-05:00,503.5659922381216,503.6058351018555,493.75677643867937,495.04144287109375,27406500,0.0,0.0,MSFT
2025-11-07 00:00:00-05:00,494.89207027354036,497.31199999791255,491.2073803526309,494.7626037597656,24019800,0.0,0.0,MSFT
2025-11-10 00:00:00-05:00,497.96929153220975,504.7510881917551,496.73440583349895,503.90460205078125,26101500,0.0,0.0,MSFT
2025-11-11 00:00:00-05:00,502.70954902224156,507.48968986721945,500.26971300797675,506.573486328125,17980000,0.0,0.0,MSFT
2025-11-12 00:00:00-05:00,507.2506574723947,509.5511194130969,497.05307240824305,509.0233154296875,26574900,0.0,0.0,MSFT
2025-11-13 00:00:00-05:00,508.1967287528611,511.3735209246628,499.2140928412288,501.205810546875,25273100,0.0,0.0,MSFT
2025-11-14 00:00:00-05:00,496.16679552350377,509.48142428367663,495.3800584752997,508.0672912597656,28505700,0.0,0.0,MSFT
2025-11-17 00:00:00-05:00,506.34447416817187,509.9992593431845,502.8191251226507,505.388427734375,19092800,0.0,0.0,MSFT
2025-11-18 00:00:00-05:00,493.31862192366924,500.89712400975867,484.76419755903834,491.74517822265625,33815100,0.0,0.0,MSFT
2025-11-19 00:00:00-05:00,488.070453670226,493.13937183157236,480.8305400064438,485.102783203125,23245300,0.0,0.0,MSFT
2025-11-20 00:00:00-05:00,491.5879641710541,492.4460215630244,474.41716428973194,477.3404846191406,26802500,0.91,0.0,MSFT
2025-11-21 00:00:00-05:00,477.4103368698009,477.8293938228302,467.20362215472323,471.04486083984375,31769200,0.0,0.0,MSFT
2025-11-24 00:00:00-05:00,473.9183160323131,475.8139832068258,466.9542001322548,472.92059326171875,34421000,0.0,0.0,MSFT
2025-11-25 00:00:00-05:00,472.9904142849383,478.0588322743821,463.8313270788984,475.90374755859375,28019800,0.0,0.0,MSFT
2025-11-26 00:00:00-05:00,485.2025316262965,487.1979770584782,480.10418316215106,484.3943786621094,25709100,0.0,0.0,MSFT
2025-11-28 00:00:00-05:00,486.48962635446395,491.5081706450152,485.54177754838196,490.88958740234375,14386700,0.0,0.0,MSFT
2025-12-01 00:00:00-05:00,487.32770213243884,488.7444513856018,483.5463243869077,485.6315612792969,23964000,0.0,0.0,MSFT
2025-12-02 00:00:00-05:00,485.6116258193264,492.3761849539621,485.2125428025972,488.8841552734375,19562700,0.0,0.0,MSFT
2025-12-03 00:00:00-05:00,475.23529714339696,483.13724409881166,474.1178525596479,476.64208984375,34615100,0.0,0.0,MSFT
2025-12-04 00:00:00-05:00,478.6674679630734,480.2239129901724,475.40489514051177,479.7449951171875,22318200,0.0,0.0,MSFT
2025-12-05 00:00:00-05:00,481.4211657314621,482.299166614698,477.78947078944657,482.0597229003906,22608700,0.0,0.0,MSFT
2025-12-08 00:00:00-05:00,483.7858099301447,491.17890888246444,483.2769615726175,489.9018249511719,21965900,0.0,0.0,MSFT
2025-12-09 00:00:00-05:00,487.9862027558801,490.99931449735556,487.3875630167038,490.8995361328125,14696100,0.0,0.0,MSFT
2025-12-10 00:00:00-05:00,482.92772884397027,483.14722906115725,473.99809828560024,477.4701843261719,35756200,0.0,0.0,MSFT
2025-12-11 00:00:00-05:00,475.5445986070271,484.92318635563356,474.7763326037194,482.3690185546875,24669200,0.0,0.0,MSFT
2025-12-12 00:00:00-05:00,478.72734800157895,481.3513637649093,475.2552617920193,477.4402770996094,21248100,0.0,0.0,MSFT
2025-12-15 00:00:00-05:00,479.0066832317436,479.6252664455081,471.44392797474177,473.73870849609375,23727700,0.0,0.0,MSFT
2025-12-16 00:00:00-05:00,470.8353364785088,476.80172935648005,469.8076832860371,475.3051452636719,20705600,0.0,0.0,MSFT
2025-12-17 00:00:00-05:00,475.8239455574328,478.9069051052783,473.9182915104317,475.0357360839844,24527200,0.0,0.0,MSFT
2025-12-18 00:00:00-05:00,477.10104539067044,488.4850656489584,476.8017407441929,482.87786865234375,28573500,0.0,0.0,MSFT
2025-12-19 00:00:00-05:00,486.2501387748106,486.73904362092316,481.39123391446003,484.8134460449219,70836100,0.0,0.0,MSFT
2025-12-22 00:00:00-05:00,485.01298390813173,487.6170561484318,481.5908021440126,483.81573486328125,16963000,0.0,0.0,MSFT
2025-12-23 00:00:00-05:00,483.8755963136496,486.71908182827985,483.63612214595605,485.7413330078125,14683600,0.0,0.0,MSFT
2025-12-24 00:00:00-05:00,484.5739628623746,488.04604888584674,483.7258924615979,486.90863037109375,5855900,0.0,0.0,MSFT
2025-12-26 00:00:00-05:00,485.601642461088,487.00843522519267,484.85335038112265,486.599365234375,8842200,0.0,0.0,MSFT
2025-12-29 00:00:00-05:00,483.7558335295542,487.23790659993216,483.0773893732932,485.9907531738281,10893400,0.0,0.0,MSFT
2025-12-30 00:00:00-05:00,484.82341501264875,488.56487537463653,484.39440153201394,486.3699035644531,13944500,0.0,0.0,MSFT
2025-12-31 00:00:00-05:00,486.7290680267604,487.0284031238816,482.1993981667827,482.5186767578125,15601600,0.0,0.0,MSFT
2026-01-02 00:00:00-05:00,483.2869444224563,483.5563186075122,469.0893385249197,471.8630065917969,25571600,0.0,0.0,MSFT
2026-01-05 00:00:00-05:00,472.98042932285466,474.9858617296903,468.4308161640092,471.773193359375,25250300,0.0,0.0,MSFT
2026-01-06 00:00:00-05:00,472.72102257015473,477.64977534720424,468.68025764779384,477.4203186035156,23037700,0.0,0.0,MSFT
2026-01-07 00:00:00-05:00,478.6674756822987,488.5848422406915,476.86159994291296,482.3690185546875,25564200,0.0,0.0,MSFT
2026-01-08 00:00:00-05:00,480.14408679814625,481.5608665012806,474.7763335277468,477.0212097167969,18162600,0.0,0.0,MSFT
2026-01-09 00:00:00-05:00,472.9804540365218,478.72734693664125,471.1247042989064,478.1885681152344,18491000,0.0,0.0,MSFT
2026-01-12 00:00:00-05:00,475.5845048686955,479.89464390147504,474.59673866594744,476.09332275390625,23519900,0.0,0.0,MSFT
2026-01-13 00:00:00-05:00,473.5990225282599,474.6965236309785,464.888922501957,469.5981750488281,28545800,0.0,0.0,MSFT
2026-01-14 00:00:00-05:00,465.39775666549855,467.13381499707015,456.1289340170423,458.3338928222656,28184300,0.0,0.0,MSFT
2026-01-15 00:00:00-05:00,463.0630900555096,463.1927988881192,454.8618076165624,455.6200866699219,23225800,0.0,0.0,MSFT
2026-01-16 00:00:00-05:00,456.78739866953146,462.13520850615447,455.4404972994736,458.8127746582031,34246700,0.0,0.0,MSFT
2026-01-20 00:00:00-05:00,450.1924514863621,455.7597309230742,448.2568669541529,453.48492431640625,26130000,0.0,0.0,MSFT
2026-01-21 00:00:00-05:00,451.56931960591265,451.65911099901973,437.68100562513575,443.0986328125,37980500,0.0,0.0,MSFT
2026-01-22 00:00:00-05:00,446.600636936346,451.8087507279656,443.6873036586902,450.1126403808594,25349400,0.0,0.0,MSFT
2026-01-23 00:00:00-05:00,450.8409629929935,470.0271819611143,449.50401819491054,464.888916015625,38000200,0.0,0.0,MSFT
2026-01-26 00:00:00-05:00,464.25036221183507,473.1700058760031,460.94790240319116,469.20904541015625,29291200,0.0,0.0,MSFT
2026-01-27 00:00:00-05:00,472.62128861771004,481.7703893732875,472.0825097961169,479.485595703125,29213900,0.0,0.0,MSFT
2026-01-28 00:00:00-05:00,482.10959164059926,482.63838346935967,476.9114647448887,480.533203125,36875400,0.0,0.0,MSFT
2026-01-29 00:00:00-05:00,438.98802836564175,441.49232224197124,420.06122635013605,432.5128173828125,128855300,0.0,0.0,MSFT
2026-01-30 00:00:00-05:00,438.1699022937122,438.5989157576861,425.47886802078926,429.31011962890625,58566800,0.0,0.0,MSFT
2026-02-02 00:00:00-05:00,429.2602343395754,429.7590957240154,421.28843915961005,422.4058837890625,42219900,0.0,0.0,MSFT
2026-02-03 00:00:00-05:00,421.0489834358989,421.0888704228976,407.6296003977664,410.2735595703125,61424100,0.0,0.0,MSFT
2026-02-04 00:00:00-05:00,410.0640575889883,418.84400576689177,408.3080557741746,413.2467956542969,45012400,0.0,0.0,MSFT
2026-02-05 00:00:00-05:00,406.51216038211834,407.37018733348754,391.4265972483441,392.7735290527344,66289200,0.0,0.0,MSFT
2026-02-06 00:00:00-05:00,398.2609865133262,400.87501513504304,392.0252195920243,400.22650146484375,53515300,0.0,0.0,MSFT
2026-02-09 00:00:00-05:00,403.9280678877113,413.94521298339265,399.9571203178888,412.65814208984375,45480500,0.0,0.0,MSFT
2026-02-10 00:00:00-05:00,418.66440278178237,422.7151545880433,411.76017861216997,412.328857421875,44857900,0.0,0.0,MSFT
2026-02-11 00:00:00-05:00,415.2322299614449,415.51159110220135,400.096793508188,403.4491271972656,42491000,0.0,0.0,MSFT
2026-02-12 00:00:00-05:00,404.07770370563327,405.2749831551046,397.1036315998776,400.9248962402344,40802400,0.0,0.0,MSFT
2026-02-13 00:00:00-05:00,403.528974460687,404.61648859375555,397.1435245648219,400.4060974121094,34091600,0.0,0.0,MSFT
2026-02-17 00:00:00-05:00,398.31087932693146,399.60790672873594,393.6315571718042,395.95623779296875,32078800,0.0,0.0,MSFT
2026-02-18 00:00:00-05:00,397.2233488345012,401.6432531481791,395.41747315874426,398.69000244140625,23223400,0.0,0.0,MSFT
2026-02-19 00:00:00-05:00,400.69000244140625,404.42999267578125,396.6700134277344,398.4599914550781,28234000,0.91,0.0,MSFT
2026-02-20 00:00:00-05:00,396.1099853515625,400.1199951171875,395.1600036621094,397.2300109863281,34015200,0.0,0.0,MSFT
2026-02-23 00:00:00-05:00,395.0,395.3599853515625,383.1000061035156,384.4700012207031,43238300,0.0,0.0,MSFT
2026-02-24 00:00:00-05:00,384.1400146484375,389.3599853515625,381.7099914550781,389.0,33884700,0.0,0.0,MSFT
2026-02-25 00:00:00-05:00,390.5299987792969,401.4700012207031,390.1600036621094,400.6000061035156,43625500,0.0,0.0,MSFT
2026-02-26 00:00:00-05:00,404.7099914550781,407.489990234375,398.739990234375,401.7200012207031,34283500,0.0,0.0,MSFT
2025-02-27 00:00:00-05:00,134.96308744670299,134.9730792207777,119.97718824289691,120.11714935302734,443175800,0.0,0.0,NVDA
2025-02-28 00:00:00-05:00,117.98772650698133,125.05579305607802,116.36817434407594,124.8858413696289,389091100,0.0,0.0,NVDA
2025-03-03 00:00:00-05:00,123.47622912906817,123.66617198823369,112.2492965435478,114.02880859375,411381400,0.0,0.0,NVDA
2025-03-04 00:00:00-05:00,110.61975353757568,119.27738221868555,110.07990024013375,115.95829010009766,398163300,0.0,0.0,NVDA
2025-03-05 00:00:00-05:00,117.54785129486386,118.24765683915241,114.47869104666965,117.26792907714844,284337900,0.0,0.0,NVDA
2025-03-06 00:00:00-05:00,113.49895407905146,115.31845609620828,110.18986163701831,110.53976440429688,321181900,0.0,0.0,NVDA
2025-03-07 00:00:00-05:00,111.21958617661252,113.44897988924723,107.53059251797079,112.65919494628906,341755500,0.0,0.0,NVDA
2025-03-10 00:00:00-04:00,109.8699441866197,111.81940781621753,105.43115607331026,106.95074462890625,366487400,0.0,0.0,NVDA
2025-03-11 00:00:00-04:00,106.960734969355,112.20929903890595,104.74134094243277,108.73025512695312,354865700,0.0,0.0,NVDA
2025-03-12 00:00:00-04:00,114.09929300935045,116.7388133095112,112.85951254411586,115.718994140625,323857500,0.01,0.0,NVDA
2025-03-13 00:00:00-04:00,117.00876245655117,117.73863334670654,113.76935252443205,115.55902862548828,299033100,0.0,0.0,NVDA
2025-03-14 00:00:00-04:00,118.58847644066721,121.85787967708788,118.12856083227834,121.64791870117188,277593500,0.0,0.0,NVDA
2025-03-17 00:00:00-04:00,122.71772499646224,122.86769930249316,118.00858060635532,119.50830841064453,255501500,0.0,0.0,NVDA
2025-03-18 00:00:00-04:00,117.97859103200136,118.99840261510599,114.51921970184797,115.4090576171875,299686900,0.0,0.0,NVDA
2025-03-19 00:00:00-04:00,117.24871784817985,120.42814113812437,115.65901001721268,117.49867248535156,273426200,0.0,0.0,NVDA
2025-03-20 00:00:00-04:00,116.5288475567653,120.17817892707569,116.44886024718888,118.50848388671875,248829700,0.0,0.0,NVDA
2025-03-21 00:00:00-04:00,116.91877807414131,117.96858292451893,115.39904967929496,117.67863464355469,266498500,0.0,0.0,NVDA
2025-03-24 00:00:00-04:00,119.85824123014483,122.19782052957932,119.31833831489072,121.38796997070312,228452500,0.0,0.0,NVDA
2025-03-25 00:00:00-04:00,120.52812446850508,121.26798803028822,118.89841541478116,120.66809844970703,167447200,0.0,0.0,NVDA
2025-03-26 00:00:00-04:00,118.70845626054094,118.81842927999459,112.68954449720724,113.7393569946289,293463300,0.0,0.0,NVDA
2025-03-27 00:00:00-04:00,111.32979509417153,114.42923110356094,110.63992547504299,111.40978240966797,236902100,0.0,0.0,NVDA
2025-03-28 00:00:00-04:00,111.46977019973694,112.84952470784617,109.05021109179135,109.65010070800781,229872500,0.0,0.0,NVDA
2025-03-31 00:00:00-04:00,105.11091847763528,110.93986229194257,103.63119133667838,108.3603286743164,299212700,0.0,0.0,NVDA
2025-04-01 00:00:00-04:00,108.50030342775528,110.17999886185885,106.45068001979016,110.13001251220703,222614000,0.0,0.0,NVDA
2025-04-02 00:00:00-04:00,107.2705266243207,111.95967777974947,106.77061737970816,110.39995574951172,220601200,0.0,0.0,NVDA
2025-04-03 00:00:00-04:00,103.49122110695384,105.61083156865355,101.58156399912866,101.78153228759766,338769400,0.0,0.0,NVDA
2025-04-04 00:00:00-04:00,98.89205625014841,100.11182847125419,92.09328707213024,94.29288482666016,532273800,0.0,0.0,NVDA
2025-04-07 00:00:00-04:00,87.444123819458,101.73153089146867,86.60427995314998,97.62227630615234,611041300,0.0,0.0,NVDA
2025-04-08 00:00:00-04:00,103.79115551332612,105.83078615825814,94.44285411172834,96.28252410888672,476243400,0.0,0.0,NVDA
2025-04-09 00:00:00-04:00,98.87205653888144,115.07911444025873,97.51230269046886,114.30925750732422,612918300,0.0,0.0,NVDA
2025-04-10 00:00:00-04:00,109.35015243101728,110.83987986480561,99.13200610877084,107.55047607421875,437812400,0.0,0.0,NVDA
2025-04-11 00:00:00-04:00,108.4803070767672,111.52975654810143,107.46049556472005,110.90986633300781,313417300,0.0,0.0,NVDA
2025-04-14 00:00:00-04:00,114.08928762467488,114.26925525660798,109.05020155855789,110.68990325927734,264705000,0.0,0.0,NVDA
2025-04-15 00:00:00-04:00,110.94986159507806,113.59938217981927,110.4799456735416,112.17963409423828,228966900,0.0,0.0,NVDA
2025-04-16 00:00:00-04:00,104.53103311878802,106.77062454919468,100.4317709352981,104.47103881835938,397016900,0.0,0.0,NVDA
2025-04-17 00:00:00-04:00,104.43103458781992,104.45103522860795,100.0318394876262,101.47157287597656,292517500,0.0,0.0,NVDA
2025-04-21 00:00:00-04:00,98.75207336541831,99.42195758129023,95.02275450080649,96.89241790771484,288501100,0.0,0.0,NVDA
2025-04-22 00:00:00-04:00,98.76206678289148,99.7918785816798,97.26233908492571,98.8720474243164,241004800,0.0,0.0,NVDA
2025-04-23 00:00:00-04:00,104.5010295750129,104.78098517141211,102.00148324580945,102.69136047363281,247526000,0.0,0.0,NVDA
2025-04-24 00:00:00-04:00,103.46121375263034,106.52065568558213,103.09127819009328,106.41067504882812,220815000,0.0,0.0,NVDA
2025-04-25 00:00:00-04:00,106.83061166162848,111.89969145813895,105.71081975581805,110.98986053466797,251064700,0.0,0.0,NVDA
2025-04-28 00:00:00-04:00,109.67009093365705,110.3499678015911,106.00075133412535,108.71026611328125,207708500,0.0,0.0,NVDA
2025-04-29 00:00:00-04:00,107.65045258784288,110.17999209067304,107.42049861195443,109.00020599365234,170444300,0.0,0.0,NVDA
2025-04-30 00:00:00-04:00,104.45104108413872,108.90023040771484,104.06111247501677,108.90023040771484,235044600,0.0,0.0,NVDA
2025-05-01 00:00:00-04:00,113.05947899879722,114.9191420385801,111.27980327057723,111.5897445678711,236121500,0.0,0.0,NVDA
2025-05-02 00:00:00-04:00,114.15928352450368,115.37906338859757,113.34943293159324,114.4792251586914,190194800,0.0,0.0,NVDA
2025-05-05 00:00:00-04:00,112.889508442552,114.64918347836972,112.63955382209963,113.7993392944336,133163200,0.0,0.0,NVDA
2025-05-06 00:00:00-04:00,111.45977773347964,114.71918078517231,110.79989381468877,113.51940155029297,158525600,0.0,0.0,NVDA
2025-05-07 00:00:00-04:00,113.02949042053457,117.65864757290291,112.25962586336117,117.03875732421875,206758800,0.0,0.0,NVDA
2025-05-08 00:00:00-04:00,118.22854670795566,118.658469001105,115.82898059800607,117.34870910644531,198428100,0.0,0.0,NVDA
2025-05-09 00:00:00-04:00,117.32869985728382,118.20854502226882,115.18908887008638,116.62882995605469,132972200,0.0,0.0,NVDA
2025-05-12 00:00:00-04:00,121.94786454961688,122.97767639160156,120.25816883140327,122.97767639160156,225023300,0.0,0.0,NVDA
2025-05-13 00:00:00-04:00,124.95732666651305,131.19619232916256,124.44741706637032,129.9064178466797,330430100,0.0,0.0,NVDA
2025-05-14 00:00:00-04:00,133.17581874633882,135.4154176381041,131.65609038206884,135.3154296875,281180800,0.0,0.0,NVDA
2025-05-15 00:00:00-04:00,134.2656162138544,136.2752611112406,132.6359224746836,134.80552673339844,226632600,0.0,0.0,NVDA
2025-05-16 00:00:00-04:00,136.19528579014883,136.32526708518697,133.43579205010155,135.37542724609375,226542500,0.0,0.0,NVDA
2025-05-19 00:00:00-04:00,132.36596428610483,135.84532822832756,132.36596428610483,135.54539489746094,193154600,0.0,0.0,NVDA
2025-05-20 00:00:00-04:00,134.26562607401144,134.55558199625042,132.59593092987555,134.35562133789062,161514200,0.0,0.0,NVDA
2025-05-21 00:00:00-04:00,133.0358430493297,137.3750515435132,130.56629021032253,131.7760772705078,270608700,0.0,0.0,NVDA
2025-05-22 00:00:00-04:00,132.20599574301846,134.22563338103308,131.52612648714359,132.80589294433594,187344000,0.0,0.0,NVDA
2025-05-23 00:00:00-04:00,129.97641506418768,132.65592152877483,129.13657112060253,131.26617431640625,198821300,0.0,0.0,NVDA
2025-05-27 00:00:00-04:00,134.1256417936587,135.63537744884945,133.2857979393918,135.47540283203125,192953600,0.0,0.0,NVDA
2025-05-28 00:00:00-04:00,136.00531758419635,137.22509744866613,134.76553707682788,134.78553771972656,304021100,0.0,0.0,NVDA
2025-05-29 00:00:00-04:00,142.22419152756274,143.46397204605128,137.88498259688382,139.1647491455078,369241900,0.0,0.0,NVDA
2025-05-30 00:00:00-04:00,138.6948289010735,139.59465948344436,132.8958783257386,135.10548400878906,333170900,0.0,0.0,NVDA
2025-06-02 00:00:00-04:00,135.46541564458173,138.09492795630163,135.37542038395227,137.35507202148438,197663100,0.0,0.0,NVDA
2025-06-03 00:00:00-04:00,138.75480693174418,141.97422364617418,137.9249557656252,141.19436645507812,225578800,0.0,0.0,NVDA
2025-06-04 00:00:00-04:00,142.1641966028205,142.36415725393297,139.5146683935161,141.8942413330078,167120800,0.0,0.0,NVDA
2025-06-05 00:00:00-04:00,142.14419665233672,143.97386636815438,138.80480646885346,139.964599609375,231397900,0.0,0.0,NVDA
2025-06-06 00:00:00-04:00,142.4841247816278,143.24399658328852,141.4843063108272,141.69427490234375,153986200,0.0,0.0,NVDA
2025-06-09 00:00:00-04:00,143.16402192873528,144.97369107987248,141.91424872977086,142.6041259765625,185114500,0.0,0.0,NVDA
2025-06-10 00:00:00-04:00,142.66410985007164,144.26381035974757,141.50431668274294,143.9338836669922,155881900,0.0,0.0,NVDA
2025-06-11 00:00:00-04:00,144.59379466225064,144.97375695921582,141.85409623212945,142.81399536132812,167694000,0.01,0.0,NVDA
2025-06-12 00:00:00-04:00,141.9540901919345,144.98374938964844,141.83410852298076,144.98374938964844,162365000,0.0,0.0,NVDA
2025-06-13 00:00:00-04:00,142.4640236398758,143.5639064320885,140.83421673860605,141.95408630371094,180820600,0.0,0.0,NVDA
2025-06-16 00:00:00-04:00,143.33393622751285,146.16360555156524,143.18394388862185,144.6737823486328,183133700,0.0,0.0,NVDA
2025-06-17 00:00:00-04:00,144.4738049491523,145.20371882793046,143.7638778428329,144.1038360595703,139108000,0.0,0.0,NVDA
2025-06-18 00:00:00-04:00,143.9938476821936,145.63366319028128,143.10394808189747,145.46368408203125,161494100,0.0,0.0,NVDA
2025-06-20 00:00:00-04:00,145.43368901636921,146.1836049259659,142.63399990245927,143.83387756347656,242956200,0.0,0.0,NVDA
2025-06-23 00:00:00-04:00,142.48402812138661,144.76377135076248,142.01407957999888,144.15383911132812,154308900,0.0,0.0,NVDA
2025-06-24 00:00:00-04:00,145.54367367470394,147.94341367999496,145.4836828445603,147.88340759277344,187566100,0.0,0.0,NVDA
2025-06-25 00:00:00-04:00,149.25328072295656,154.43269305532343,149.24327207878133,154.29270935058594,269146500,0.0,0.0,NVDA
2025-06-26 00:00:00-04:00,155.9625083392563,156.70243086817015,153.98273459501658,155.00262451171875,198145700,0.0,0.0,NVDA
2025-06-27 00:00:00-04:00,156.02250005395288,158.69221415352254,155.24258871826237,157.73231506347656,263234500,0.0,0.0,NVDA
2025-06-30 00:00:00-04:00,158.38224776867892,158.6422284044636,155.94253394670602,157.97230529785156,194580300,0.0,0.0,NVDA
2025-07-01 00:00:00-04:00,156.27249233706732,157.18239409932116,151.47304203431221,153.2828369140625,213143600,0.0,0.0,NVDA
2025-07-02 00:00:00-04:00,152.962850389823,157.58234297497486,152.95285700312823,157.2323760986328,171224100,0.0,0.0,NVDA
2025-07-03 00:00:00-04:00,158.35225101493015,160.96195919540767,157.7523273944205,159.3221435546875,143716100,0.0,0.0,NVDA
2025-07-07 00:00:00-04:00,158.18227071828886,159.29214695363126,157.3223664705724,158.22227478027344,140139000,0.0,0.0,NVDA
2025-07-08 00:00:00-04:00,159.31214783171163,160.20204749093682,158.3722507239072,159.98207092285156,138133000,0.0,0.0,NVDA
2025-07-09 00:00:00-04:00,161.20193770023792,164.40157611225678,161.14194686393122,162.86175537109375,183656400,0.0,0.0,NVDA
2025-07-10 00:00:00-04:00,164.30159583301895,164.48156834124046,161.5918927660757,164.0816192626953,167704100,0.0,0.0,NVDA
2025-07-11 00:00:00-04:00,163.70165728031435,167.87118822352508,163.4516852914618,164.90151977539062,193633300,0.0,0.0,NVDA
2025-07-14 00:00:00-04:00,165.35146259057728,165.4714595173457,162.00184716942397,164.05162048339844,136975800,0.0,0.0,NVDA
2025-07-15 00:00:00-04:00,171.17081299302788,172.38066881478494,169.18103056842588,170.6808624267578,230627400,0.0,0.0,NVDA
2025-07-16 00:00:00-04:00,171.04083672550954,171.73076187811773,168.88107501049606,171.35079956054688,158831500,0.0,0.0,NVDA
2025-07-17 00:00:00-04:00,172.00073538495315,174.1404950617398,170.81086624213197,172.98062133789062,160841100,0.0,0.0,NVDA
2025-07-18 00:00:00-04:00,173.62054394819432,174.23047621121117,171.24080573231237,172.39068603515625,146456400,0.0,0.0,NVDA
2025-07-21 00:00:00-04:00,172.73065099594356,173.36058531454748,170.9808470061149,171.36080932617188,123126100,0.0,0.0,NVDA
2025-07-22 00:00:00-04:00,171.32080634495316,171.37080379639445,164.5615689540832,167.01129150390625,193114300,0.0,0.0,NVDA
2025-07-23 00:00:00-04:00,169.511004310231,171.24080620570157,167.95118153678195,170.7608642578125,154082200,0.0,0.0,NVDA
2025-07-24 00:00:00-04:00,172.42067791171223,173.81052153075,171.28080627636527,173.7205352783203,128984600,0.0,0.0,NVDA
2025-07-25 00:00:00-04:00,173.59054858813744,174.70042482917586,172.9406275198062,173.48056030273438,122316800,0.0,0.0,NVDA
2025-07-28 00:00:00-04:00,174.00050427681666,176.98016607778243,173.9505068282037,176.73019409179688,140023500,0.0,0.0,NVDA
2025-07-29 00:00:00-04:00,177.94006357342778,179.35990260986108,175.00039060425894,175.49032592773438,154077500,0.0,0.0,NVDA
2025-07-30 00:00:00-04:00,176.49022309733303,179.869849375745,176.0202745228646,179.2499237060547,174312200,0.0,0.0,NVDA
2025-07-31 00:00:00-04:00,182.87950237318685,183.2794667127293,175.9102820488597,177.85006713867188,221685400,0.0,0.0,NVDA
2025-08-01 00:00:00-04:00,174.07048465468185,176.52020701181988,170.8708463561498,173.70053100585938,204529000,0.0,0.0,NVDA
2025-08-04 00:00:00-04:00,175.14037394842856,180.17980241597786,174.500446281802,179.97982788085938,148174600,0.0,0.0,NVDA
2025-08-05 00:00:00-04:00,179.59986897635343,180.23979665506658,175.8802845759961,178.24002075195312,156407600,0.0,0.0,NVDA
2025-08-06 00:00:00-04:00,176.31023710297544,179.87982901005608,176.23024423927978,179.39988708496094,137192300,0.0,0.0,NVDA
2025-08-07 00:00:00-04:00,181.54965397485878,183.85939259097617,178.77996020998395,180.74974060058594,151878400,0.0,0.0,NVDA
2025-08-08 00:00:00-04:00,181.52965464990967,183.27945850723472,180.3797743894202,182.6795196533203,123396700,0.0,0.0,NVDA
2025-08-11 00:00:00-04:00,182.02960317073044,183.8193958765311,180.22980182096376,182.0395965576172,138323200,0.0,0.0,NVDA
2025-08-12 00:00:00-04:00,182.9395060522284,184.4593247511904,179.43989822709233,183.1394805908203,145485700,0.0,0.0,NVDA
2025-08-13 00:00:00-04:00,182.59952443546638,183.9493792108361,179.32990196930365,181.56964111328125,179871700,0.0,0.0,NVDA
2025-08-14 00:00:00-04:00,179.7298534235828,182.99949119039164,179.43989264021437,181.99960327148438,129554000,0.0,0.0,NVDA
2025-08-15 00:00:00-04:00,181.85962676701382,181.87961354108583,178.02004541114613,180.42977905273438,156602200,0.0,0.0,NVDA
2025-08-18 00:00:00-04:00,180.57976314427117,182.91949719839158,180.56975450061333,181.98959350585938,132008000,0.0,0.0,NVDA
2025-08-19 00:00:00-04:00,182.4095478886331,182.47954736718557,175.47033846497254,175.6203155517578,185229200,0.0,0.0,NVDA
2025-08-20 00:00:00-04:00,175.1503706193276,175.9802794498554,168.7810892510499,175.38034057617188,215142700,0.0,0.0,NVDA
2025-08-21 00:00:00-04:00,174.83041312567687,176.88017120538285,173.79052111986658,174.96038818359375,140040900,0.0,0.0,NVDA
2025-08-22 00:00:00-04:00,172.59066018618677,178.56998587344157,171.18081451068767,177.97006225585938,172789400,0.0,0.0,NVDA
2025-08-25 00:00:00-04:00,178.33002804439553,181.88962682620624,176.5502286534902,179.78985595703125,163012800,0.0,0.0,NVDA
2025-08-26 00:00:00-04:00,180.0398187111229,182.36955942503778,178.78995879531527,181.7496337890625,168688200,0.0,0.0,NVDA
2025-08-27 00:00:00-04:00,181.95959791056248,182.46955051009175,179.07993109949993,181.57965087890625,235518900,0.0,0.0,NVDA
2025-08-28 00:00:00-04:00,180.79974711518173,184.44933204343067,176.39023757757423,180.14981079101562,281787800,0.0,0.0,NVDA
2025-08-29 00:00:00-04:00,178.09004428153852,178.130033086625,173.13059331145078,174.1604766845703,243257900,0.0,0.0,NVDA
2025-09-02 00:00:00-04:00,169.980952871088,172.36069109354864,167.20126556823303,170.7608642578125,231164900,0.0,0.0,NVDA
2025-09-03 00:00:00-04:00,171.0408442884315,172.3906992342715,168.86109570238054,170.60089111328125,164424900,0.0,0.0,NVDA
2025-09-04 00:00:00-04:00,170.55090333056648,171.8407521362954,169.39102958990665,171.64077758789062,141670100,0.0,0.0,NVDA
2025-09-05 00:00:00-04:00,168.01117837826322,169.0110663720669,164.05163046676552,167.0012969970703,224441400,0.0,0.0,NVDA
2025-09-08 00:00:00-04:00,167.53122834914853,170.940849905597,167.33125381142952,168.2911376953125,163769100,0.0,0.0,NVDA
2025-09-09 00:00:00-04:00,169.0710489481518,170.96083655380463,166.7213214317911,170.74085998535156,157548400,0.0,0.0,NVDA
2025-09-10 00:00:00-04:00,176.62020974984335,179.26990675759993,175.45034266016896,177.3101348876953,226852000,0.0,0.0,NVDA
2025-09-11 00:00:00-04:00,179.66999584989978,180.26996857097555,176.4701769393558,177.16014099121094,151159300,0.01,0.0,NVDA
2025-09-12 00:00:00-04:00,177.76010410307373,178.59005971058946,176.44017029123495,177.8101043701172,124911000,0.0,0.0,NVDA
2025-09-15 00:00:00-04:00,175.66021109761542,178.84004186496986,174.50027206258352,177.74009704589844,147061600,0.0,0.0,NVDA
2025-09-16 00:00:00-04:00,176.99014687805604,177.49011904437822,174.37029760906842,174.87026977539062,140737800,0.0,0.0,NVDA
2025-09-17 00:00:00-04:00,172.63039291663662,173.1903593144249,168.40063256525568,170.280517578125,211843800,0.0,0.0,NVDA
2025-09-18 00:00:00-04:00,173.9703101424577,177.09014682532762,172.95037791227023,176.23019409179688,191763300,0.0,0.0,NVDA
2025-09-19 00:00:00-04:00,175.7602124903078,178.07008136373162,175.17023376194967,176.66015625,237182100,0.0,0.0,NVDA
2025-09-22 00:00:00-04:00,175.29024236301854,184.53972732383275,174.70027887607205,183.5997772216797,269637000,0.0,0.0,NVDA
2025-09-23 00:00:00-04:00,181.9598706713119,182.409842567533,176.20019683221489,178.42005920410156,192559600,0.0,0.0,NVDA
2025-09-24 00:00:00-04:00,179.75999113536878,179.76998508551358,175.39022416770254,176.96014404296875,143564100,0.0,0.0,NVDA
2025-09-25 00:00:00-04:00,174.47028665549124,180.24996380236055,173.12037093203185,177.68011474609375,191586700,0.0,0.0,NVDA
2025-09-26 00:00:00-04:00,178.16008106951017,179.75999811527313,174.920255917913,178.18008422851562,148573700,0.0,0.0,NVDA
2025-09-29 00:00:00-04:00,180.4199550960203,183.98976381560166,180.30997586310093,181.8398895263672,193063500,0.0,0.0,NVDA
2025-09-30 00:00:00-04:00,182.06986121505474,187.3395719841704,181.4698885277926,186.56961059570312,236981000,0.0,0.0,NVDA
2025-10-01 00:00:00-04:00,185.22969505995906,188.12952754318238,183.88975804814035,187.22958374023438,173844900,0.0,0.0,NVDA
2025-10-02 00:00:00-04:00,189.5894532800495,191.0393695238543,188.04953044946197,188.87948608398438,136805800,0.0,0.0,NVDA
2025-10-03 00:00:00-04:00,189.1794627061203,190.34939569471342,185.36967740169,187.6095428466797,137596900,0.0,0.0,NVDA
2025-10-06 00:00:00-04:00,185.48967202648717,187.21957143407985,183.31979467524326,185.5296630859375,157678100,0.0,0.0,NVDA
2025-10-07 00:00:00-04:00,186.21962980709273,189.0494741147918,183.9897582054133,185.02969360351562,140088000,0.0,0.0,NVDA
2025-10-08 00:00:00-04:00,186.55962017208088,189.58945025835604,186.52960780500513,189.09947204589844,130168900,0.0,0.0,NVDA
2025-10-09 00:00:00-04:00,192.21928773885006,195.28912405123697,191.04935474353755,192.5592803955078,182997200,0.0,0.0,NVDA
2025-10-10 00:00:00-04:00,193.49922565779727,195.6091088464203,182.0398719523004,183.14981079101562,268774400,0.0,0.0,NVDA
2025-10-13 00:00:00-04:00,187.9595379156231,190.09941818271824,185.94965529464977,188.3095245361328,153482800,0.0,0.0,NVDA
2025-10-14 00:00:00-04:00,184.75971529942103,184.78971240822688,179.68999030007896,180.0199737548828,205641400,0.0,0.0,NVDA
2025-10-15 00:00:00-04:00,184.7897166440438,184.85970481354866,177.2801249034248,179.8199920654297,214450500,0.0,0.0,NVDA
2025-10-16 00:00:00-04:00,182.21985578014733,183.26980040587233,179.76000120804414,181.7998809814453,179723300,0.0,0.0,NVDA
2025-10-17 00:00:00-04:00,180.16996892604442,184.08976427610557,179.74000017155936,183.20980834960938,173135200,0.0,0.0,NVDA
2025-10-20 00:00:00-04:00,183.1198152646831,185.18969215276272,181.71988400794234,182.6298370361328,128544700,0.0,0.0,NVDA
2025-10-21 00:00:00-04:00,182.77981647710283,182.77981647710283,179.78999271004406,181.14991760253906,124240200,0.0,0.0,NVDA
2025-10-22 00:00:00-04:00,181.1299112106735,183.42978616900905,176.7501502622395,180.26995849609375,162249600,0.0,0.0,NVDA
2025-10-23 00:00:00-04:00,180.40994799999942,183.01980322210497,179.7799782111653,182.1498565673828,111363700,0.0,0.0,NVDA
2025-10-24 00:00:00-04:00,183.8297551720498,187.45955783835475,183.48977777431884,186.24961853027344,131296700,0.0,0.0,NVDA
2025-10-27 00:00:00-04:00,189.979423148828,191.98930570001696,188.41949722334647,191.47933959960938,153452700,0.0,0.0,NVDA
2025-10-28 00:00:00-04:00,193.03926234185508,203.1386912540773,191.89932637827522,201.01881408691406,297986200,0.0,0.0,NVDA
2025-10-29 00:00:00-04:00,207.96842303697136,212.1781954922272,204.76860414707738,207.02847290039062,308829600,0.0,0.0,NVDA
2025-10-30 00:00:00-04:00,205.1385766163601,206.1485301715792,201.39879452489242,202.8787078857422,178864400,0.0,0.0,NVDA
2025-10-31 00:00:00-04:00,206.43850017947892,207.95841980607935,202.05875446792163,202.47872924804688,179802200,0.0,0.0,NVDA
2025-11-03 00:00:00-05:00,208.06841462190084,211.32822759164594,205.5485506791992,206.8684844970703,180267300,0.0,0.0,NVDA
2025-11-04 00:00:00-05:00,202.98869740675082,203.9586446199207,197.9189723693821,198.67893981933594,188919300,0.0,0.0,NVDA
2025-11-05 00:00:00-05:00,198.75894188581304,202.90870481768462,194.63916080574026,195.1991424560547,171350300,0.0,0.0,NVDA
2025-11-06 00:00:00-05:00,196.40906647995496,197.60899664277025,186.3696319662745,188.0695343017578,223029800,0.0,0.0,NVDA
2025-11-07 00:00:00-05:00,184.8897071775586,188.3095303364016,178.90005019006267,188.1395263671875,264942300,0.0,0.0,NVDA
2025-11-10 00:00:00-05:00,195.09914200543773,199.9288750287355,193.7792081445882,199.03892517089844,198897100,0.0,0.0,NVDA
2025-11-11 00:00:00-05:00,195.14913483203398,195.40911485928362,191.28934919242405,193.1492462158203,176483300,0.0,0.0,NVDA
2025-11-12 00:00:00-05:00,195.70910637927892,195.87909508520013,191.1193655455878,193.78921508789062,154935300,0.0,0.0,NVDA
2025-11-13 00:00:00-05:00,191.03936321053533,191.42934088057365,183.8397672401686,186.84959411621094,207423100,0.0,0.0,NVDA
2025-11-14 00:00:00-05:00,182.8498180673128,190.99935813210442,180.56994624954729,190.15940856933594,186591900,0.0,0.0,NVDA
2025-11-17 00:00:00-05:00,185.95964506857126,188.98947511566342,184.30974305565786,186.58961486816406,173628900,0.0,0.0,NVDA
2025-11-18 00:00:00-05:00,183.36979105504545,184.7897101334883,179.63998782140993,181.3498992919922,213598900,0.0,0.0,NVDA
2025-11-19 00:00:00-05:00,184.7796984316032,187.8495347223247,182.8198161698128,186.50961303710938,247246400,0.0,0.0,NVDA
2025-11-20 00:00:00-05:00,195.9390891568929,195.9890894251709,179.83999453744622,180.62994384765625,343504800,0.0,0.0,NVDA
2025-11-21 00:00:00-05:00,181.22991004695137,184.54971718190046,172.92036011460985,178.8700408935547,346926200,0.0,0.0,NVDA
2025-11-24 00:00:00-05:00,179.48001348627363,183.4897847612219,176.47017128450955,182.5398406982422,256618300,0.0,0.0,NVDA
2025-11-25 00:00:00-05:00,174.90026276869568,178.15008177330986,169.54056066153746,177.8101043701172,320600300,0.0,0.0,NVDA
2025-11-26 00:00:00-05:00,181.61988829154,182.8998157763143,178.2300777211247,180.2499542236328,183852000,0.0,0.0,NVDA
2025-11-28 00:00:00-05:00,179.0000253919654,179.28000857805475,176.49017066740046,176.99014282226562,121332800,0.0,0.0,NVDA
2025-12-01 00:00:00-05:00,174.75027181562072,180.28997214473748,173.67033006996684,179.9099884033203,188131000,0.0,0.0,NVDA
2025-12-02 00:00:00-05:00,181.74987648908228,185.6496685428864,179.98997995570696,181.4499053955078,182632200,0.0,0.0,NVDA
2025-12-03 00:00:00-05:00,181.06992440272873,182.43984327721986,179.1000328161426,179.5800018310547,165138000,0.0,0.0,NVDA
2025-12-04 00:00:00-05:00,181.6199951171875,184.52000427246094,179.9600067138672,183.3800048828125,167364900,0.01,0.0,NVDA
2025-12-05 00:00:00-05:00,183.88999938964844,184.66000366210938,180.91000366210938,182.41000366210938,143971100,0.0,0.0,NVDA
2025-12-08 00:00:00-05:00,182.63999938964844,188.0,182.39999389648438,185.5500030517578,204378100,0.0,0.0,NVDA
2025-12-09 00:00:00-05:00,185.55999755859375,185.72000122070312,183.32000732421875,184.97000122070312,144719700,0.0,0.0,NVDA
2025-12-10 00:00:00-05:00,184.97000122070312,185.47999572753906,182.0399932861328,183.77999877929688,162785400,0.0,0.0,NVDA
2025-12-11 00:00:00-05:00,180.27999877929688,181.32000732421875,176.6199951171875,180.92999267578125,182136600,0.0,0.0,NVDA
2025-12-12 00:00:00-05:00,181.11000061035156,182.82000732421875,174.6199951171875,175.02000427246094,204274900,0.0,0.0,NVDA
2025-12-15 00:00:00-05:00,177.94000244140625,178.4199981689453,175.02999877929688,176.2899932861328,164775600,0.0,0.0,NVDA
2025-12-16 00:00:00-05:00,176.25999450683594,178.49000549316406,174.89999389648438,177.72000122070312,148588100,0.0,0.0,NVDA
2025-12-17 00:00:00-05:00,176.10000610351562,176.1300048828125,170.30999755859375,170.94000244140625,222775500,0.0,0.0,NVDA
2025-12-18 00:00:00-05:00,174.52999877929688,176.14999389648438,171.82000732421875,174.13999938964844,176096000,0.0,0.0,NVDA
2025-12-19 00:00:00-05:00,176.6699981689453,181.4499969482422,176.33999633789062,180.99000549316406,324925900,0.0,0.0,NVDA
2025-12-22 00:00:00-05:00,183.9199981689453,184.16000366210938,182.35000610351562,183.69000244140625,129064400,0.0,0.0,NVDA
2025-12-23 00:00:00-05:00,182.97000122070312,189.3300018310547,182.89999389648438,189.2100067138672,174873600,0.0,0.0,NVDA
2025-12-24 00:00:00-05:00,187.94000244140625,188.91000366210938,186.58999633789062,188.61000061035156,65528500,0.0,0.0,NVDA
2025-12-26 00:00:00-05:00,189.9199981689453,192.69000244140625,188.0,190.52999877929688,139740300,0.0,0.0,NVDA
2025-12-29 00:00:00-05:00,187.7100067138672,188.75999450683594,185.91000366210938,188.22000122070312,120006100,0.0,0.0,NVDA
2025-12-30 00:00:00-05:00,188.24000549316406,188.99000549316406,186.92999267578125,187.5399932861328,97687300,0.0,0.0,NVDA
2025-12-31 00:00:00-05:00,189.57000732421875,190.55999755859375,186.49000549316406,186.5,120100500,0.0,0.0,NVDA
2026-01-02 00:00:00-05:00,189.83999633789062,192.92999267578125,188.25999450683594,188.85000610351562,148240500,0.0,0.0,NVDA
2026-01-05 00:00:00-05:00,191.75999450683594,193.6300048828125,186.14999389648438,188.1199951171875,183529700,0.0,0.0,NVDA
2026-01-06 00:00:00-05:00,190.52000427246094,192.1699981689453,186.82000732421875,187.24000549316406,176862600,0.0,0.0,NVDA
2026-01-07 00:00:00-05:00,188.57000732421875,191.3699951171875,186.55999755859375,189.11000061035156,153543200,0.0,0.0,NVDA
2026-01-08 00:00:00-05:00,189.11000061035156,189.5500030517578,183.7100067138672,185.0399932861328,172457000,0.0,0.0,NVDA
2026-01-09 00:00:00-05:00,185.0800018310547,186.33999633789062,183.6699981689453,184.86000061035156,131327500,0.0,0.0,NVDA
2026-01-12 00:00:00-05:00,183.22000122070312,187.1199951171875,183.02000427246094,184.94000244140625,137968500,0.0,0.0,NVDA
2026-01-13 00:00:00-05:00,185.0,188.11000061035156,183.39999389648438,185.80999755859375,160128900,0.0,0.0,NVDA
2026-01-14 00:00:00-05:00,184.32000732421875,184.4600067138672,180.8000030517578,183.13999938964844,159586100,0.0,0.0,NVDA
2026-01-15 00:00:00-05:00,186.5,189.6999969482422,186.3300018310547,187.0500030517578,206188600,0.0,0.0,NVDA
2026-01-16 00:00:00-05:00,189.0800018310547,190.44000244140625,186.0800018310547,186.22999572753906,187967200,0.0,0.0,NVDA
2026-01-20 00:00:00-05:00,181.89999389648438,182.3800048828125,177.61000061035156,178.07000732421875,223345300,0.0,0.0,NVDA
2026-01-21 00:00:00-05:00,179.0500030517578,185.3800048828125,178.39999389648438,183.32000732421875,200381000,0.0,0.0,NVDA
2026-01-22 00:00:00-05:00,184.75,186.1699981689453,183.92999267578125,184.83999633789062,139636600,0.0,0.0,NVDA
2026-01-23 00:00:00-05:00,187.5,189.60000610351562,186.82000732421875,187.6699981689453,142748100,0.0,0.0,NVDA
2026-01-26 00:00:00-05:00,187.16000366210938,189.1199951171875,185.99000549316406,186.47000122070312,124799600,0.0,0.0,NVDA
2026-01-27 00:00:00-05:00,187.24000549316406,190.0,185.6999969482422,188.52000427246094,143711600,0.0,0.0,NVDA
2026-01-28 00:00:00-05:00,191.27000427246094,192.35000610351562,189.83999633789062,191.52000427246094,148552700,0.0,0.0,NVDA
2026-01-29 00:00:00-05:00,191.33999633789062,193.47999572753906,186.05999755859375,192.50999450683594,171764400,0.0,0.0,NVDA
2026-01-30 00:00:00-05:00,191.2100067138672,194.49000549316406,189.47000122070312,191.1300048828125,179489500,0.0,0.0,NVDA
2026-02-02 00:00:00-05:00,187.1999969482422,190.3000030517578,184.8800048828125,185.61000061035156,165794100,0.0,0.0,NVDA
2026-02-03 00:00:00-05:00,186.24000549316406,186.27000427246094,176.22999572753906,180.33999633789062,204019600,0.0,0.0,NVDA
2026-02-04 00:00:00-05:00,179.4600067138672,179.5800018310547,171.91000366210938,174.19000244140625,207014100,0.0,0.0,NVDA
2026-02-05 00:00:00-05:00,174.92999267578125,176.82000732421875,171.02999877929688,171.8800048828125,206312900,0.0,0.0,NVDA
2026-02-06 00:00:00-05:00,176.69000244140625,187.0,174.60000610351562,185.41000366210938,231346200,0.0,0.0,NVDA
2026-02-09 00:00:00-05:00,184.25999450683594,193.66000366210938,183.9499969482422,190.0399932861328,196387400,0.0,0.0,NVDA
2026-02-10 00:00:00-05:00,191.3800048828125,192.47999572753906,188.1199951171875,188.5399932861328,136764800,0.0,0.0,NVDA
2026-02-11 00:00:00-05:00,192.4499969482422,193.25999450683594,188.77000427246094,190.0500030517578,144192700,0.0,0.0,NVDA
2026-02-12 00:00:00-05:00,193.02999877929688,193.61000061035156,186.50999450683594,186.94000244140625,189932500,0.0,0.0,NVDA
2026-02-13 00:00:00-05:00,187.47999572753906,187.5,181.58999633789062,182.80999755859375,161888000,0.0,0.0,NVDA
2026-02-17 00:00:00-05:00,181.75,187.14999389648438,179.17999267578125,184.97000122070312,162276900,0.0,0.0,NVDA
2026-02-18 00:00:00-05:00,188.75,190.3699951171875,186.75999450683594,187.97999572753906,164749100,0.0,0.0,NVDA
2026-02-19 00:00:00-05:00,187.05999755859375,188.42999267578125,185.66000366210938,187.89999389648438,126554500,0.0,0.0,NVDA
2026-02-20 00:00:00-05:00,186.57000732421875,190.3300018310547,185.94000244140625,189.82000732421875,178422300,0.0,0.0,NVDA
2026-02-23 00:00:00-05:00,191.39999389648438,193.9499969482422,189.5800018310547,191.5500030517578,171584800,0.0,0.0,NVDA
2026-02-24 00:00:00-05:00,191.49000549316406,193.77000427246094,187.39999389648438,192.85000610351562,175123600,0.0,0.0,NVDA
2026-02-25 00:00:00-05:00,194.4499969482422,197.6300048828125,193.7899932861328,195.55999755859375,250637100,0.0,0.0,NVDA
2026-02-26 00:00:00-05:00,194.27000427246094,194.2899932861328,184.32000732421875,184.88999938964844,359342300,0.0,0.0,NVDA
2025-02-27 00:00:00-05:00,166.28665908302955,168.4668199208767,166.0725340219936,167.37673950195312,5467000,0.0,0.0,PG
2025-02-28 00:00:00-05:00,168.9437272194379,169.98514008798284,167.25993920698807,169.19677734375,10240100,0.0,0.0,PG
2025-03-03 00:00:00-05:00,168.94374660659494,171.581355230072,168.87560915113548,170.90005493164062,7615300,0.0,0.0,PG
2025-03-04 00:00:00-05:00,172.0290664612895,175.18253248855095,168.29163514461567,168.55441284179688,12117600,0.0,0.0,PG
2025-03-05 00:00:00-05:00,168.74908505927587,171.1725685177134,168.3986999404228,169.94622802734375,6989100,0.0,0.0,PG
2025-03-06 00:00:00-05:00,170.21874091756152,171.14336373744635,168.22349282124281,169.99488830566406,6702500,0.0,0.0,PG
2025-03-07 00:00:00-05:00,169.44010667362792,174.11190313656212,169.40118159573075,171.25042724609375,9566700,0.0,0.0,PG
2025-03-10 00:00:00-04:00,172.0387997239484,175.1825382985814,171.133646812285,171.55215454101562,11047000,0.0,0.0,PG
2025-03-11 00:00:00-04:00,171.13362529161284,171.2893552948635,167.71738188347342,168.49600219726562,11032300,0.0,0.0,PG
2025-03-12 00:00:00-04:00,165.16735687763173,167.24046991803968,163.28891377342117,163.8728790283203,10158800,0.0,0.0,PG
2025-03-13 00:00:00-04:00,163.22077785546796,164.76830584461842,162.81199771783753,164.08700561523438,6609000,0.0,0.0,PG
2025-03-14 00:00:00-04:00,163.30836631460693,164.0870014934431,162.16961849169172,163.4835662841797,6790500,0.0,0.0,PG
2025-03-17 00:00:00-04:00,163.87288087922113,166.5202316481119,163.63930071511564,165.2257537841797,9931700,0.0,0.0,PG
2025-03-18 00:00:00-04:00,165.5274801127288,165.7123927853812,163.103982041346,163.2305145263672,6099900,0.0,0.0,PG
2025-03-19 00:00:00-04:00,163.38625077333813,164.24275105717143,162.6465554335392,164.06756591796875,7569200,0.0,0.0,PG
2025-03-20 00:00:00-04:00,164.37900406846467,164.69046410422635,161.59539311658017,163.07479858398438,8789200,0.0,0.0,PG
2025-03-21 00:00:00-04:00,162.67574011583915,163.64903041564702,159.7363992520746,162.23776245117188,16027300,0.0,0.0,PG
2025-03-24 00:00:00-04:00,161.98470544426436,162.41295557346308,160.94329249483297,161.2255401611328,6102100,0.0,0.0,PG
2025-03-25 00:00:00-04:00,160.8848940242768,160.95301662452667,157.86768807006663,158.50033569335938,8366700,0.0,0.0,PG
2025-03-26 00:00:00-04:00,158.98696818108115,162.36428653462096,158.6365830972455,162.1306915283203,7756000,0.0,0.0,PG
2025-03-27 00:00:00-04:00,163.38623651355272,164.51525681620825,162.16962364894061,164.2038116455078,6211700,0.0,0.0,PG
2025-03-28 00:00:00-04:00,164.8559402279581,165.17712785676414,163.14293954099247,163.5419921875,5479100,0.0,0.0,PG
2025-03-31 00:00:00-04:00,163.61010773887554,166.56890375916458,163.61010773887554,165.86813354492188,11520100,0.0,0.0,PG
2025-04-01 00:00:00-04:00,166.01413693923408,166.48131213428726,164.54445905188103,166.00439453125,7021100,0.0,0.0,PG
2025-04-02 00:00:00-04:00,165.52748461309986,166.31584736163066,163.8144842200146,164.9727020263672,6274500,0.0,0.0,PG
2025-04-03 00:00:00-04:00,169.5763731365697,170.13115576339968,166.1698569193155,167.7855224609375,9393300,0.0,0.0,PG
2025-04-04 00:00:00-04:00,167.1820738632886,168.96319683982443,159.10376165073563,159.37628173828125,13454200,0.0,0.0,PG
2025-04-07 00:00:00-04:00,159.2886956080601,160.30091099534098,154.93808673674255,155.95030212402344,15708000,0.0,0.0,PG
2025-04-08 00:00:00-04:00,157.97475064653926,158.91884345211088,152.52433372444412,154.15945434570312,11541100,0.0,0.0,PG
2025-04-09 00:00:00-04:00,153.15698518222186,160.28146352456147,152.504882365526,157.98451232910156,10670200,0.0,0.0,PG
2025-04-10 00:00:00-04:00,158.54898530576128,160.66103834417817,156.4564170830897,159.1913604736328,10581600,0.0,0.0,PG
2025-04-11 00:00:00-04:00,159.00641809240187,163.5322265148514,158.2764504292226,162.45187377929688,8602800,0.0,0.0,PG
2025-04-14 00:00:00-04:00,162.57840657309407,165.56641494833536,161.35206613101,164.6125946044922,9877300,0.0,0.0,PG
2025-04-15 00:00:00-04:00,164.62231754993425,165.61507779499328,163.78528731414545,163.97021484375,8765000,0.0,0.0,PG
2025-04-16 00:00:00-04:00,164.76830615554547,165.1478887734351,161.36179015096573,161.94577026367188,5897500,0.0,0.0,PG
2025-04-17 00:00:00-04:00,163.0553192196348,167.06527041590596,162.8801340980413,166.07252502441406,7227100,0.0,0.0,PG
2025-04-21 00:00:00-04:00,166.38298338341917,166.44174242062215,160.88878924788156,162.3284454345703,8062400,1.057,0.0,PG
2025-04-22 00:00:00-04:00,162.4361840391489,165.28611704694788,161.14342537605484,164.41448974609375,7907400,0.0,0.0,PG
2025-04-23 00:00:00-04:00,162.96502063398037,163.17069220678061,159.74294224800502,162.30885314941406,9309200,0.0,0.0,PG
2025-04-24 00:00:00-04:00,157.18682456687057,157.63733543685328,153.34774628347827,156.23684692382812,20077700,0.0,0.0,PG
2025-04-25 00:00:00-04:00,156.57963930834853,158.4600034038244,154.51319494745798,157.69610595703125,12892800,0.0,0.0,PG
2025-04-28 00:00:00-04:00,157.7156650838813,159.20429210049804,157.07908892914716,158.5089569091797,8127000,0.0,0.0,PG
2025-04-29 00:00:00-04:00,157.96051427550546,159.0378131598155,155.91366133912115,158.91049194335938,8266200,0.0,0.0,PG
2025-04-30 00:00:00-04:00,159.09656305174838,159.7919131905109,156.64817022256233,159.21409606933594,12475500,0.0,0.0,PG
2025-05-01 00:00:00-04:00,157.34353721999278,158.01929610426134,155.7667714713013,156.6775665283203,6792800,0.0,0.0,PG
2025-05-02 00:00:00-04:00,157.6079306927535,158.46976972147343,156.59919407677606,157.20640563964844,5750200,0.0,0.0,PG
2025-05-05 00:00:00-04:00,157.5687888710223,157.58838020047642,154.75803831849245,155.5513153076172,7576200,0.0,0.0,PG
2025-05-06 00:00:00-04:00,154.77760246015202,156.41314210455712,154.3956537569436,155.96263122558594,7703800,0.0,0.0,PG
2025-05-07 00:00:00-04:00,155.73738485481104,156.74612156705825,155.26728264311546,156.00180053710938,6430000,0.0,0.0,PG
2025-05-08 00:00:00-04:00,155.1105995718503,156.69715346870328,154.74822724266645,155.37501525878906,7230800,0.0,0.0,PG
2025-05-09 00:00:00-04:00,154.75802572542426,155.84511279267832,154.1606172480359,154.40545654296875,6453200,0.0,0.0,PG
2025-05-12 00:00:00-04:00,154.18019682532656,157.725480051168,153.45548206135066,157.5785675048828,7378400,0.0,0.0,PG
2025-05-13 00:00:00-04:00,156.71674833753823,157.40229541069,154.1116545157562,155.453369140625,7780800,0.0,0.0,PG
2025-05-14 00:00:00-04:00,154.85593760654442,155.87447734418694,154.31730316446004,154.7580108642578,5988900,0.0,0.0,PG
2025-05-15 00:00:00-04:00,156.29560913733053,159.54708215560498,155.42398184283243,159.05740356445312,8727300,0.0,0.0,PG
2025-05-16 00:00:00-04:00,159.29243928175887,160.05633668632976,158.50896549313566,159.90943908691406,7100800,0.0,0.0,PG
2025-05-19 00:00:00-04:00,160.09551556911285,161.7408284190125,160.03675653073134,161.36868286132812,8119900,0.0,0.0,PG
2025-05-20 00:00:00-04:00,161.21198171071705,162.57328755696597,161.20219351894698,162.22071838378906,5576600,0.0,0.0,PG
2025-05-21 00:00:00-04:00,161.41765165420128,162.93564327242476,161.22176827034943,162.01504516601562,6424200,0.0,0.0,PG
2025-05-22 00:00:00-04:00,161.04550435737053,162.76916769239506,160.63417611641486,161.62332153320312,6245600,0.0,0.0,PG
2025-05-23 00:00:00-04:00,161.42743584747694,162.78874164622644,160.10529775824523,162.43617248535156,5349800,0.0,0.0,PG
2025-05-27 00:00:00-04:00,161.8583765691309,164.51242634280936,161.8583765691309,164.29696655273438,11423800,0.0,0.0,PG
2025-05-28 00:00:00-04:00,164.1892193991501,165.3546567928324,163.61140227005177,163.90521240234375,5385900,0.0,0.0,PG
2025-05-29 00:00:00-04:00,163.29802203408278,165.50157569530506,163.0042118904922,165.0804443359375,4842500,0.0,0.0,PG
2025-05-30 00:00:00-04:00,165.26651382878848,167.46027915508512,165.11961623846213,166.3829803466797,12587500,0.0,0.0,PG
2025-06-02 00:00:00-04:00,165.53096721230492,165.5505435978397,162.79855210582417,164.31655883789062,7574400,0.0,0.0,PG
2025-06-03 00:00:00-04:00,163.3371842864329,163.95418407296884,162.4753452123895,163.40574645996094,6223000,0.0,0.0,PG
2025-06-04 00:00:00-04:00,163.24903688249273,164.5809631321041,162.49492773357218,162.52430725097656,4939000,0.0,0.0,PG
2025-06-05 00:00:00-04:00,162.0150454449576,162.02484858044951,159.1553243726848,159.43934631347656,10351800,0.0,0.0,PG
2025-06-06 00:00:00-04:00,159.91921383291447,161.8289721275736,159.9094256417113,160.6341552734375,5697700,0.0,0.0,PG
2025-06-09 00:00:00-04:00,160.0171681750079,160.63416797708066,158.72442447519416,159.2042999267578,6544200,0.0,0.0,PG
2025-06-10 00:00:00-04:00,159.33161802918758,160.1346831259692,158.5775088351406,159.478515625,7680000,0.0,0.0,PG
2025-06-11 00:00:00-04:00,159.27286550704676,159.40997491668253,158.35226735214738,158.7635955810547,5960100,0.0,0.0,PG
2025-06-12 00:00:00-04:00,158.6264639886688,159.93879886077713,158.34244207312426,159.8114776611328,6509900,0.0,0.0,PG
2025-06-13 00:00:00-04:00,159.40016074568058,159.66459135445947,156.6090018976502,156.9713592529297,7104500,0.0,0.0,PG
2025-06-16 00:00:00-04:00,157.55899047851562,158.60689490748382,156.70693955618657,157.55899047851562,6332000,0.0,0.0,PG
2025-06-17 00:00:00-04:00,156.75591472985832,157.05951307799398,155.04203958952647,155.24771118164062,6809700,0.0,0.0,PG
2025-06-18 00:00:00-04:00,155.27706892416677,155.37499566645337,154.40544171565895,154.7580108642578,7211200,0.0,0.0,PG
2025-06-20 00:00:00-04:00,154.7678145464667,156.05077006612038,154.59153742642482,155.796142578125,16173400,0.0,0.0,PG
2025-06-23 00:00:00-04:00,155.7863400471644,157.8625723035152,155.71777787758893,157.70587158203125,6588200,0.0,0.0,PG
2025-06-24 00:00:00-04:00,157.85279356361238,158.4012461735658,156.35437817438512,157.0497283935547,7470100,0.0,0.0,PG
2025-06-25 00:00:00-04:00,156.5208597858137,157.03011472117353,155.43377280087478,155.6884002685547,5933700,0.0,0.0,PG
2025-06-26 00:00:00-04:00,156.25642972060388,156.26621791192403,153.92555501930258,155.3554229736328,7410400,0.0,0.0,PG
2025-06-27 00:00:00-04:00,155.40437891652542,156.82445867992374,155.02243024168538,156.56002807617188,19257000,0.0,0.0,PG
2025-06-30 00:00:00-04:00,155.97241498280195,156.59920296367622,154.86575156045154,156.03118896484375,11238200,0.0,0.0,PG
2025-07-01 00:00:00-04:00,156.57963272197503,159.17492330462878,156.08995412571548,157.8919677734375,10664900,0.0,0.0,PG
2025-07-02 00:00:00-04:00,157.81361644809508,158.0192880325514,156.5600404447743,157.87237548828125,8848700,0.0,0.0,PG
2025-07-03 00:00:00-04:00,158.45018424639824,158.675447146916,156.49146997701604,157.510009765625,6999600,0.0,0.0,PG
2025-07-07 00:00:00-04:00,157.56876202283507,157.85276900440152,156.00178469723159,157.1868133544922,7225700,0.0,0.0,PG
2025-07-08 00:00:00-04:00,156.22706379559676,156.48169128630687,154.18999903850136,154.63070678710938,12034800,0.0,0.0,PG
2025-07-09 00:00:00-04:00,154.8363853145728,154.93431207209534,152.73075828646367,154.2683563232422,18770900,0.0,0.0,PG
2025-07-10 00:00:00-04:00,154.5033812625662,156.3151979987614,153.7982429069295,155.21832275390625,7200500,0.0,0.0,PG
2025-07-11 00:00:00-04:00,154.78740159019887,154.78740159019887,153.21063597031247,153.80804443359375,8053800,0.0,0.0,PG
2025-07-14 00:00:00-04:00,152.36837453801746,152.58383428863064,149.7045221157119,150.5859375,11491700,0.0,0.0,PG
2025-07-15 00:00:00-04:00,150.39008310138811,150.86997348956658,148.76434662924484,149.5282440185547,9142600,0.0,0.0,PG
2025-07-16 00:00:00-04:00,149.58702551674656,150.5859591106161,149.12672643290657,150.55657958984375,8479000,0.0,0.0,PG
2025-07-17 00:00:00-04:00,150.86016098706182,152.53486820198472,150.70347520847878,152.4075469970703,8320000,0.0,0.0,PG
2025-07-18 00:00:00-04:00,151.6354886034296,153.40053491938838,151.48758641874053,152.9370880126953,7337300,1.057,0.0,PG
2025-07-21 00:00:00-04:00,152.90749260157486,153.76535528076218,152.7299949513298,152.8680419921875,6328400,0.0,0.0,PG
2025-07-22 00:00:00-04:00,152.75958771071316,156.1614733139002,152.73986240442795,156.1121826171875,8187000,0.0,0.0,PG
2025-07-23 00:00:00-04:00,156.01356251908243,156.664362176565,155.48108460077873,156.07272338867188,4804800,0.0,0.0,PG
2025-07-24 00:00:00-04:00,156.65448252128286,156.80239973230485,155.84592560915672,156.59532165527344,7027400,0.0,0.0,PG
2025-07-25 00:00:00-04:00,155.14583392536835,156.23050005111574,154.83030426351445,156.0924530029297,5799900,0.0,0.0,PG
2025-07-28 00:00:00-04:00,155.43178946368448,155.88536614823732,154.05130401339557,154.91903686523438,7885000,0.0,0.0,PG
2025-07-29 00:00:00-04:00,156.43755487767257,156.43755487767257,152.68068929250776,154.42601013183594,11466100,0.0,0.0,PG
2025-07-30 00:00:00-04:00,154.81057174145815,154.81057174145815,149.92960449511517,150.74803161621094,8162900,0.0,0.0,PG
2025-07-31 00:00:00-04:00,149.68309754473427,149.88030546377612,147.81945487468914,148.37164306640625,11845400,0.0,0.0,PG
2025-08-01 00:00:00-04:00,149.66337991723177,151.34954006044447,148.42095642212806,148.54913330078125,8594200,0.0,0.0,PG
2025-08-04 00:00:00-04:00,148.15471032135258,149.34784306131854,147.92792196602016,148.6575927734375,7679400,0.0,0.0,PG
2025-08-05 00:00:00-04:00,148.6082947332765,149.95918471462116,148.22373404280617,148.41107177734375,6670100,0.0,0.0,PG
2025-08-06 00:00:00-04:00,148.7561928641785,151.3396510199437,148.11526341280123,150.72830200195312,7376200,0.0,0.0,PG
2025-08-07 00:00:00-04:00,150.98466740862887,151.86225535354168,150.57052630444514,151.34951782226562,6719000,0.0,0.0,PG
2025-08-08 00:00:00-04:00,150.63956142270496,151.64532625466424,150.44235351718345,151.36923217773438,5811000,0.0,0.0,PG
2025-08-11 00:00:00-04:00,151.39881978410202,153.22302685009873,151.17203143430766,152.81874084472656,7331700,0.0,0.0,PG
2025-08-12 00:00:00-04:00,152.89761988383367,153.37092186661874,152.15807895310752,152.9272003173828,6938000,0.0,0.0,PG
2025-08-13 00:00:00-04:00,153.04554416043388,154.82043043928633,152.7891603298445,153.2427520751953,5812400,0.0,0.0,PG
2025-08-14 00:00:00-04:00,152.48348193526363,152.54264280359072,151.13259195513186,151.59603881835938,6343700,0.0,0.0,PG
2025-08-15 00:00:00-04:00,152.31584880538793,153.43009527084823,152.05948003682118,152.20738220214844,7121700,0.0,0.0,PG
2025-08-18 00:00:00-04:00,152.26655734149293,154.73169396801498,152.02004367884072,153.54843139648438,8274500,0.0,0.0,PG
2025-08-19 00:00:00-04:00,153.55829110769994,156.4868747110597,153.4991302342584,156.19105529785156,7868100,0.0,0.0,PG
2025-08-20 00:00:00-04:00,156.36854465568507,158.78437548418793,156.20091717450728,157.2855682373047,7840400,0.0,0.0,PG
2025-08-21 00:00:00-04:00,155.72758707061635,156.84183352119186,154.98804616186234,156.5164337158203,6417500,0.0,0.0,PG
2025-08-22 00:00:00-04:00,157.1573960762527,158.43925509378818,156.10231037098885,156.45729064941406,5797300,0.0,0.0,PG
2025-08-25 00:00:00-04:00,156.1811797200184,156.48685422344707,153.71604334269253,153.972412109375,4692500,0.0,0.0,PG
2025-08-26 00:00:00-04:00,153.74564664849663,154.5147681089657,153.17373311835286,153.79495239257812,6338000,0.0,0.0,PG
2025-08-27 00:00:00-04:00,153.97241657479537,154.93876089585135,153.61743632432558,154.77113342285156,4551200,0.0,0.0,PG
2025-08-28 00:00:00-04:00,154.81056504283342,154.8204201718181,152.86803636696004,153.47938537597656,5857400,0.0,0.0,PG
2025-08-29 00:00:00-04:00,153.9132572527589,155.36275870289782,153.4793908260508,154.85000610351562,5318200,0.0,0.0,PG
2025-09-02 00:00:00-04:00,155.16555446090146,156.6446363799952,154.7908488933446,155.78677368164062,6432800,0.0,0.0,PG
2025-09-03 00:00:00-04:00,155.4514960708208,156.42769550620892,154.31753934007594,155.96424865722656,6592500,0.0,0.0,PG
2025-09-04 00:00:00-04:00,156.3093921666515,157.52223521079347,155.60928672325224,156.9700469970703,6934900,0.0,0.0,PG
2025-09-05 00:00:00-04:00,156.33895076687193,158.32091498129913,156.20090373272276,157.7884521484375,6436200,0.0,0.0,PG
2025-09-08 00:00:00-04:00,157.3841803010765,158.03497996876382,156.0431454006903,156.79254150390625,7178400,0.0,0.0,PG
2025-09-09 00:00:00-04:00,156.39812987112623,157.64055332335948,155.99384385039951,157.2362823486328,4984900,0.0,0.0,PG
2025-09-10 00:00:00-04:00,156.38826896024764,156.72352392045764,153.7160543162222,155.15570068359375,6205500,0.0,0.0,PG
2025-09-11 00:00:00-04:00,155.5205485500764,157.12782252644146,155.19514869342575,156.41786193847656,5819500,0.0,0.0,PG
2025-09-12 00:00:00-04:00,155.72759373960113,156.9108712810797,155.57969156991578,155.69801330566406,5957000,0.0,0.0,PG
2025-09-15 00:00:00-04:00,155.6783046725424,156.30937901312078,154.02172512477475,154.6429443359375,5995000,0.0,0.0,PG
2025-09-16 00:00:00-04:00,154.94863388379494,156.18120225026462,154.70212021050102,155.845947265625,6559600,0.0,0.0,PG
2025-09-17 00:00:00-04:00,156.22061875372222,159.4154409862989,156.22061875372222,158.09413146972656,6764200,0.0,0.0,PG
2025-09-18 00:00:00-04:00,155.94454129257304,156.80241909363224,154.96835679088545,155.12612915039062,7651500,0.0,0.0,PG
2025-09-19 00:00:00-04:00,155.41206557549546,155.42192070490202,153.7949366388747,153.86395263671875,17224800,0.0,0.0,PG
2025-09-22 00:00:00-04:00,153.90339784339855,153.90339784339855,150.91565372420058,150.9353790283203,8712900,0.0,0.0,PG
2025-09-23 00:00:00-04:00,151.06357205003408,151.15231335906802,148.86467435441483,150.3733367919922,8853400,0.0,0.0,PG
2025-09-24 00:00:00-04:00,149.92961344456202,151.48758160646395,149.67322960457818,150.29444885253906,6483300,0.0,0.0,PG
2025-09-25 00:00:00-04:00,151.09315436059404,151.73409893001218,149.66337808420033,150.02821350097656,7511400,0.0,0.0,PG
2025-09-26 00:00:00-04:00,150.10709781889025,150.55081941006003,149.41686256084836,150.3733367919922,5721100,0.0,0.0,PG
2025-09-29 00:00:00-04:00,150.2944405822893,151.57631457367094,149.6732213685122,151.3889617919922,8139700,0.0,0.0,PG
2025-09-30 00:00:00-04:00,151.31995595291505,152.2271244418435,150.7085918275501,151.50729370117188,7762600,0.0,0.0,PG
2025-10-01 00:00:00-04:00,151.55659111296848,151.74394389692702,149.29853266788766,151.04383850097656,7566000,0.0,0.0,PG
2025-10-02 00:00:00-04:00,150.59026601014926,150.6691521869665,149.51547006226403,149.9296112060547,6892100,0.0,0.0,PG
2025-10-03 00:00:00-04:00,149.88030644241147,151.2903573664674,149.88030644241147,150.14654541015625,5212600,0.0,0.0,PG
2025-10-06 00:00:00-04:00,149.38726533817172,150.19583729673482,148.30259930741596,148.31246948242188,6737000,0.0,0.0,PG
2025-10-07 00:00:00-04:00,148.65758947847775,151.0339847298535,147.95749912222976,150.4127655029297,6844400,0.0,0.0,PG
2025-10-08 00:00:00-04:00,150.65928300309508,150.65928300309508,148.5294163990053,148.5885772705078,5254700,0.0,0.0,PG
2025-10-09 00:00:00-04:00,148.63787488510934,148.76605175102324,147.49404794526822,148.4801025390625,6134500,0.0,0.0,PG
2025-10-10 00:00:00-04:00,148.8350921232075,149.39713545297792,147.3658652698076,147.60252380371094,7374000,0.0,0.0,PG
2025-10-13 00:00:00-04:00,146.92214945212064,147.34614574859344,144.9204596263523,145.43321228027344,7511100,0.0,0.0,PG
2025-10-14 00:00:00-04:00,145.51208704837748,147.16865158280777,145.0289148695023,147.0799102783203,8585300,0.0,0.0,PG
2025-10-15 00:00:00-04:00,146.45868745957375,147.32642031592587,145.21626408925061,145.36416625976562,10003100,0.0,0.0,PG
2025-10-16 00:00:00-04:00,145.94594038964985,148.30261035383137,145.85719908397766,147.51377868652344,8809700,0.0,0.0,PG
2025-10-17 00:00:00-04:00,148.47025366463515,149.90988500646603,148.3321915715284,149.28866577148438,8612900,0.0,0.0,PG
2025-10-20 00:00:00-04:00,149.47601564961582,150.26486235172766,149.19006643117496,149.8408660888672,5601300,0.0,0.0,PG
2025-10-21 00:00:00-04:00,149.84085469575183,150.1563843250057,148.76604381092272,149.50558471679688,6013400,0.0,0.0,PG
2025-10-22 00:00:00-04:00,149.19005631370504,151.3199377511672,148.68715886413855,150.07749938964844,6394400,0.0,0.0,PG
2025-10-23 00:00:00-04:00,150.2254341361336,151.1621830580911,148.48011316730748,150.08738708496094,8205400,0.0,0.0,PG
2025-10-24 00:00:00-04:00,155.29737040651787,156.2903203839284,150.46170886491726,151.41494750976562,11968500,1.057,0.0,PG
2025-10-27 00:00:00-04:00,150.54115395787872,150.69009040120363,149.07159216261778,150.6702423095703,7775300,0.0,0.0,PG
2025-10-28 00:00:00-04:00,150.05460367903365,152.09015427069286,149.5581286640541,150.30284118652344,5819300,0.0,0.0,PG
2025-10-29 00:00:00-04:00,149.59785104655907,149.9056631232089,147.42328811640107,147.72117614746094,7405500,0.0,0.0,PG
2025-10-30 00:00:00-04:00,148.416241809881,149.73686716448933,148.2871534579282,148.5254669189453,6760700,0.0,0.0,PG
2025-10-31 00:00:00-04:00,147.66160521678216,150.0347551758273,147.4828663332479,149.3098907470703,7930300,0.0,0.0,PG
2025-11-03 00:00:00-05:00,149.04180887368227,149.16095803153974,146.7282334342523,146.97647094726562,8946400,0.0,0.0,PG
2025-11-04 00:00:00-05:00,147.5523726347273,148.4460215534934,145.2189341284175,146.1324462890625,9295400,0.0,0.0,PG
2025-11-05 00:00:00-05:00,145.8345643516724,146.3806898920266,144.6231641171467,144.76217651367188,11199900,0.0,0.0,PG
2025-11-06 00:00:00-05:00,144.85155497339957,145.64590287504893,143.4415677513924,145.09979248046875,10024500,0.0,0.0,PG
2025-11-07 00:00:00-05:00,145.91399933321878,146.89702528673618,144.9706998643444,145.94378662109375,8500100,0.0,0.0,PG
2025-11-10 00:00:00-05:00,145.34802877123363,145.5863270792483,143.07416474082768,144.47422790527344,10208100,0.0,0.0,PG
2025-11-11 00:00:00-05:00,144.93098499081427,147.60200769605188,144.6430210134374,147.49278259277344,7332500,0.0,0.0,PG
2025-11-12 00:00:00-05:00,147.48286045271195,148.09848459666281,146.47004722297473,146.96652221679688,7851100,0.0,0.0,PG
2025-11-13 00:00:00-05:00,147.13532043196676,147.9495466863132,146.59913411051036,146.91688537597656,7566800,0.0,0.0,PG
2025-11-14 00:00:00-05:00,148.0488478566933,148.32687263857966,146.5693469342726,146.62892150878906,9150800,0.0,0.0,PG
2025-11-17 00:00:00-05:00,146.70836316481208,146.93673742350688,143.98767469804596,144.79197692871094,9902300,0.0,0.0,PG
2025-11-18 00:00:00-05:00,145.29838467307673,146.35090931664843,144.48415834807034,145.9537353515625,10735200,0.0,0.0,PG
2025-11-19 00:00:00-05:00,145.92394806174184,146.49984576575173,144.8316969309322,145.9537353515625,6367000,0.0,0.0,PG
2025-11-20 00:00:00-05:00,145.60618813381166,147.61195138634352,145.09978908567578,147.145263671875,9021300,0.0,0.0,PG
2025-11-21 00:00:00-05:00,147.3339316339033,150.431930907167,147.25449381263817,149.85601806640625,12018000,0.0,0.0,PG
2025-11-24 00:00:00-05:00,149.04180092102072,149.34961299653835,145.50688619730823,145.94378662109375,13846900,0.0,0.0,PG
2025-11-25 00:00:00-05:00,146.28141124965123,147.6020215066541,146.1821101823926,147.4431610107422,10477700,0.0,0.0,PG
2025-11-26 00:00:00-05:00,146.87715867405495,147.91975917939794,146.56934660560063,147.204833984375,9238500,0.0,0.0,PG
2025-11-28 00:00:00-05:00,146.75801590258018,147.66160405655665,146.142376587705,147.115478515625,4707200,0.0,0.0,PG
2025-12-01 00:00:00-05:00,147.05590914399514,147.84033302057966,146.31119660305905,146.4005584716797,8240700,0.0,0.0,PG
2025-12-02 00:00:00-05:00,144.26570675298743,145.15937089277423,141.50530681355139,144.83169555664062,16376800,0.0,0.0,PG
2025-12-03 00:00:00-05:00,144.89126595096857,147.2445526637969,144.83169137361318,145.6757049560547,9125300,0.0,0.0,PG
2025-12-04 00:00:00-05:00,145.635982482391,146.3806950222792,143.48128268512698,144.33522033691406,10479300,0.0,0.0,PG
2025-12-05 00:00:00-05:00,144.13662609873995,144.60331381233445,142.2400879563636,142.4386749267578,12791700,0.0,0.0,PG
2025-12-08 00:00:00-05:00,141.90248912147007,141.90248912147007,137.16611334624702,137.3647003173828,17507500,0.0,0.0,PG
2025-12-09 00:00:00-05:00,138.2087141958093,139.88680213544322,138.02005126987916,138.64561462402344,10375700,0.0,0.0,PG
2025-12-10 00:00:00-05:00,138.66545946133164,140.2839727866308,138.55623435684123,138.8342742919922,13650400,0.0,0.0,PG
2025-12-11 00:00:00-05:00,140.00595261905156,140.84002699836284,139.37046521321227,139.76763916015625,11798000,0.0,0.0,PG
2025-12-12 00:00:00-05:00,140.0059528934549,142.1010780428027,139.84707725387997,141.83297729492188,10268800,0.0,0.0,PG
2025-12-15 00:00:00-05:00,142.25995438764198,144.2955049700443,142.19044061327773,144.10684204101562,13877700,0.0,0.0,PG
2025-12-16 00:00:00-05:00,145.07000421001243,145.50688949247711,143.63021455778235,144.186279296875,10251700,0.0,0.0,PG
2025-12-17 00:00:00-05:00,145.65584512931426,147.4034317613244,145.4175316630884,146.7679443359375,9833300,0.0,0.0,PG
2025-12-18 00:00:00-05:00,145.58633080784125,146.46013169618024,144.32529515906103,144.4940948486328,12239900,0.0,0.0,PG
2025-12-19 00:00:00-05:00,144.4841595515181,145.02036107518737,142.9252358167948,143.4415740966797,19345600,0.0,0.0,PG
2025-12-22 00:00:00-05:00,142.69684948529002,143.3819722501977,141.41593551570148,141.6840362548828,11731400,0.0,0.0,PG
2025-12-23 00:00:00-05:00,141.48545520934616,142.7167035495963,141.0783420608115,142.1705780029297,9541600,0.0,0.0,PG
2025-12-24 00:00:00-05:00,141.8925571466875,143.71959676728792,141.82305852129923,143.4713592529297,3259200,0.0,0.0,PG
2025-12-26 00:00:00-05:00,143.29261285245263,144.6132381777562,143.29261285245263,143.71958923339844,4711500,0.0,0.0,PG
2025-12-29 00:00:00-05:00,143.77917077875645,144.04727153554498,142.93515717278524,143.55079650878906,7662100,0.0,0.0,PG
2025-12-30 00:00:00-05:00,143.27275265528243,143.44156749285443,142.55784257532954,143.03445434570312,6006400,0.0,0.0,PG
2025-12-31 00:00:00-05:00,142.98480530802715,143.12381770713912,142.2202295373037,142.29966735839844,5293200,0.0,0.0,PG
2026-01-02 00:00:00-05:00,142.10107603702951,142.32945029618563,140.2442643732532,140.79037475585938,8946100,0.0,0.0,PG
2026-01-05 00:00:00-05:00,140.10525075985822,140.35348825932556,138.61582576305412,139.38038635253906,12297300,0.0,0.0,PG
2026-01-06 00:00:00-05:00,139.4002568008058,140.42299413938213,138.526455909123,138.92364501953125,10421800,0.0,0.0,PG
2026-01-07 00:00:00-05:00,138.81442002210596,138.81442002210596,136.64978103444494,137.0668182373047,14369100,0.0,0.0,PG
2026-01-08 00:00:00-05:00,136.9178739350719,140.78044880197245,136.8483753141902,140.53221130371094,9297100,0.0,0.0,PG
2026-01-09 00:00:00-05:00,140.701012329433,141.3265756794208,139.83715067561337,140.86981201171875,9528500,0.0,0.0,PG
2026-01-12 00:00:00-05:00,141.2769346964181,142.86566086832988,140.7109610353549,142.44862365722656,12812000,0.0,0.0,PG
2026-01-13 00:00:00-05:00,142.9848005583041,143.32239992333078,141.96206326640782,143.22311401367188,15549200,0.0,0.0,PG
2026-01-14 00:00:00-05:00,143.65999748594868,145.8643476789965,143.35218541280304,145.3182373046875,13475000,0.0,0.0,PG
2026-01-15 00:00:00-05:00,144.65295222553002,145.31824207468742,143.33234202666281,143.61036682128906,10102800,0.0,0.0,PG
2026-01-16 00:00:00-05:00,142.7464868779499,143.70964959228982,142.64720096844746,143.5110626220703,11729300,0.0,0.0,PG
2026-01-20 00:00:00-05:00,143.44156716939784,145.96365356445312,143.10395264623014,145.96365356445312,12901400,0.0,0.0,PG
2026-01-21 00:00:00-05:00,146.0232234297066,146.33103550309633,143.9479615822863,145.0302734375,14126800,0.0,0.0,PG
2026-01-22 00:00:00-05:00,147.03603743535479,149.8460877461849,146.46012461870836,148.87298583984375,18501900,0.0,0.0,PG
2026-01-23 00:00:00-05:00,150.83999633789062,151.64999389648438,149.8000030517578,150.14999389648438,14562600,1.057,0.0,PG
2026-01-26 00:00:00-05:00,150.1199951171875,150.8800048828125,148.52000427246094,149.49000549316406,12655700,0.0,0.0,PG
2026-01-27 00:00:00-05:00,148.07000732421875,149.63999938964844,147.92999267578125,148.33999633789062,9546000,0.0,0.0,PG
2026-01-28 00:00:00-05:00,148.0,148.7100067138672,146.7899932861328,147.33999633789062,7465800,0.0,0.0,PG
2026-01-29 00:00:00-05:00,147.2899932861328,150.1300048828125,147.11000061035156,149.89999389648438,11035600,0.0,0.0,PG
2026-01-30 00:00:00-05:00,150.42999267578125,151.97000122070312,149.14999389648438,151.77000427246094,12651400,0.0,0.0,PG
2026-02-02 00:00:00-05:00,152.4199981689453,153.72999572753906,151.25,153.19000244140625,10554900,0.0,0.0,PG
2026-02-03 00:00:00-05:00,152.58999633789062,156.52999877929688,152.1999969482422,155.32000732421875,12424700,0.0,0.0,PG
2026-02-04 00:00:00-05:00,156.1300048828125,158.3699951171875,155.75999450683594,156.8699951171875,12178500,0.0,0.0,PG
2026-02-05 00:00:00-05:00,158.83999633789062,159.64999389648438,156.1199951171875,158.61000061035156,13077700,0.0,0.0,PG
2026-02-06 00:00:00-05:00,158.24000549316406,159.99000549316406,158.00999450683594,159.1699981689453,10441700,0.0,0.0,PG
2026-02-09 00:00:00-05:00,158.75999450683594,159.27999877929688,156.02000427246094,157.3300018310547,11439900,0.0,0.0,PG
2026-02-10 00:00:00-05:00,157.52999877929688,160.14999389648438,156.72000122070312,159.0800018310547,9910100,0.0,0.0,PG
2026-02-11 00:00:00-05:00,158.63999938964844,161.13999938964844,158.19000244140625,160.0,10217300,0.0,0.0,PG
2026-02-12 00:00:00-05:00,160.02000427246094,163.13999938964844,159.64999389648438,161.2100067138672,13512900,0.0,0.0,PG
2026-02-13 00:00:00-05:00,161.74000549316406,162.57000732421875,159.7100067138672,160.07000732421875,13998900,0.0,0.0,PG
2026-02-17 00:00:00-05:00,159.9499969482422,162.1699981689453,158.8800048828125,159.5500030517578,13319100,0.0,0.0,PG
2026-02-18 00:00:00-05:00,158.97999572753906,158.97999572753906,155.77000427246094,156.86000061035156,14434300,0.0,0.0,PG
2026-02-19 00:00:00-05:00,156.8300018310547,159.9600067138672,156.8300018310547,158.55999755859375,10724600,0.0,0.0,PG
2026-02-20 00:00:00-05:00,159.1300048828125,161.05999755859375,158.16000366210938,160.77999877929688,11508100,0.0,0.0,PG
2026-02-23 00:00:00-05:00,160.32000732421875,165.36000061035156,160.3000030517578,165.1699981689453,14772400,0.0,0.0,PG
2026-02-24 00:00:00-05:00,164.89999389648438,166.8699951171875,163.94000244140625,165.27999877929688,9709500,0.0,0.0,PG
2026-02-25 00:00:00-05:00,164.5399932861328,165.0,162.10000610351562,163.38999938964844,7878500,0.0,0.0,PG
2026-02-26 00:00:00-05:00,164.22000122070312,164.5,162.86000061035156,163.75,7025300,0.0,0.0,PG
2025-02-27 00:00:00-05:00,2175.1298828125,2177.7900390625,2139.409912109375,2139.659912109375,5057680000,0.0,0.0,^RUT
2025-02-28 00:00:00-05:00,2135.590087890625,2163.22998046875,2126.080078125,2163.070068359375,6441140000,0.0,0.0,^RUT
2025-03-03 00:00:00-05:00,2168.02001953125,2173.570068359375,2092.169921875,2102.239990234375,5613850000,0.0,0.0,^RUT
2025-03-04 00:00:00-05:00,2083.699951171875,2112.10009765625,2048.010009765625,2079.530029296875,6138110000,0.0,0.0,^RUT
2025-03-05 00:00:00-05:00,2080.489990234375,2102.949951171875,2066.14990234375,2100.75,5285970000,0.0,0.0,^RUT
2025-03-06 00:00:00-05:00,2081.570068359375,2093.389892578125,2055.419921875,2066.550048828125,5165080000,0.0,0.0,^RUT
2025-03-07 00:00:00-05:00,2065.5,2084.39990234375,2033.68994140625,2075.47998046875,5705140000,0.0,0.0,^RUT
2025-03-10 00:00:00-04:00,2058.090087890625,2058.090087890625,2003.4200439453125,2019.0699462890625,6409370000,0.0,0.0,^RUT
2025-03-11 00:00:00-04:00,2022.52001953125,2043.489990234375,2001.18994140625,2023.5899658203125,6221240000,0.0,0.0,^RUT
2025-03-12 00:00:00-04:00,2037.9100341796875,2050.2099609375,2012.5699462890625,2026.469970703125,5219830000,0.0,0.0,^RUT
2025-03-13 00:00:00-04:00,2026.0799560546875,2031.1600341796875,1984.9200439453125,1993.68994140625,5018980000,0.0,0.0,^RUT
2025-03-14 00:00:00-04:00,2008.530029296875,2044.510009765625,2008.530029296875,2044.0999755859375,4863180000,0.0,0.0,^RUT
2025-03-17 00:00:00-04:00,2041.52001953125,2073.919921875,2039.9599609375,2068.330078125,5031770000,0.0,0.0,^RUT
2025-03-18 00:00:00-04:00,2060.969970703125,2060.969970703125,2043.8699951171875,2049.93994140625,4666270000,0.0,0.0,^RUT
2025-03-19 00:00:00-04:00,2051.280029296875,2092.030029296875,2051.280029296875,2082.080078125,4660090000,0.0,0.0,^RUT
2025-03-20 00:00:00-04:00,2068.60009765625,2089.97998046875,2060.489990234375,2068.6298828125,4678420000,0.0,0.0,^RUT
2025-03-21 00:00:00-04:00,2057.7900390625,2060.77001953125,2040.1400146484375,2056.97998046875,9367460000,0.0,0.0,^RUT
2025-03-24 00:00:00-04:00,2075.47998046875,2110.5400390625,2075.47998046875,2109.3798828125,4517990000,0.0,0.0,^RUT
2025-03-25 00:00:00-04:00,2108.25,2110.080078125,2090.0400390625,2095.3798828125,4467340000,0.0,0.0,^RUT
2025-03-26 00:00:00-04:00,2097.179931640625,2103.7099609375,2066.300048828125,2073.830078125,4183140000,0.0,0.0,^RUT
2025-03-27 00:00:00-04:00,2072.47998046875,2079.300048828125,2057.60009765625,2065.699951171875,4403460000,0.0,0.0,^RUT
2025-03-28 00:00:00-04:00,2063.31005859375,2063.31005859375,2013.0,2023.27001953125,4513330000,0.0,0.0,^RUT
2025-03-31 00:00:00-04:00,1997.969970703125,2021.949951171875,1973.0799560546875,2011.9100341796875,5257250000,0.0,0.0,^RUT
2025-04-01 00:00:00-04:00,2007.5899658203125,2027.0,1985.6700439453125,2012.239990234375,4434500000,0.0,0.0,^RUT
2025-04-02 00:00:00-04:00,1998.3299560546875,2048.14990234375,1986.3299560546875,2045.3599853515625,4243830000,0.0,0.0,^RUT
2025-04-03 00:00:00-04:00,1981.6700439453125,1981.6700439453125,1909.699951171875,1910.550048828125,7210470000,0.0,0.0,^RUT
2025-04-04 00:00:00-04:00,1866.0,1866.0,1783.06005859375,1827.030029296875,8853500000,0.0,0.0,^RUT
2025-04-07 00:00:00-04:00,1775.1199951171875,1891.1600341796875,1733.1600341796875,1810.1400146484375,8691980000,0.0,0.0,^RUT
2025-04-08 00:00:00-04:00,1850.9100341796875,1868.989990234375,1738.8199462890625,1760.7099609375,7408140000,0.0,0.0,^RUT
2025-04-09 00:00:00-04:00,1743.18994140625,1930.5999755859375,1732.989990234375,1913.1600341796875,9489600000,0.0,0.0,^RUT
2025-04-10 00:00:00-04:00,1864.77001953125,1864.77001953125,1788.97998046875,1831.3900146484375,6677140000,0.0,0.0,^RUT
2025-04-11 00:00:00-04:00,1827.6600341796875,1860.8499755859375,1802.22998046875,1860.199951171875,5602550000,0.0,0.0,^RUT
2025-04-14 00:00:00-04:00,1890.6600341796875,1892.8800048828125,1848.530029296875,1880.8800048828125,5031440000,0.0,0.0,^RUT
2025-04-15 00:00:00-04:00,1879.6800537109375,1902.3199462890625,1874.989990234375,1882.9200439453125,4317110000,0.0,0.0,^RUT
2025-04-16 00:00:00-04:00,1872.760009765625,1879.9000244140625,1842.1500244140625,1863.47998046875,4607750000,0.0,0.0,^RUT
2025-04-17 00:00:00-04:00,1863.5,1887.6400146484375,1861.300048828125,1880.6199951171875,4714880000,0.0,0.0,^RUT
2025-04-21 00:00:00-04:00,1862.7099609375,1863.2099609375,1823.3800048828125,1840.3199462890625,4226340000,0.0,0.0,^RUT
2025-04-22 00:00:00-04:00,1863.93994140625,1892.9200439453125,1860.800048828125,1890.280029296875,4666950000,0.0,0.0,^RUT
2025-04-23 00:00:00-04:00,1938.31005859375,1967.9200439453125,1914.6199951171875,1919.1400146484375,5371390000,0.0,0.0,^RUT
2025-04-24 00:00:00-04:00,1922.4599609375,1958.7099609375,1919.050048828125,1957.5899658203125,4697710000,0.0,0.0,^RUT
2025-04-25 00:00:00-04:00,1944.72998046875,1957.6199951171875,1934.3800048828125,1957.6199951171875,4236580000,0.0,0.0,^RUT
2025-04-28 00:00:00-04:00,1960.3900146484375,1973.93994140625,1942.02001953125,1965.550048828125,4257880000,0.0,0.0,^RUT
2025-04-29 00:00:00-04:00,1957.93994140625,1982.8399658203125,1948.1600341796875,1976.52001953125,4747150000,0.0,0.0,^RUT
2025-04-30 00:00:00-04:00,1950.0699462890625,1969.4000244140625,1925.3499755859375,1964.1199951171875,5449490000,0.0,0.0,^RUT
2025-05-01 00:00:00-04:00,1974.780029296875,1990.699951171875,1960.489990234375,1975.8599853515625,4935270000,0.0,0.0,^RUT
2025-05-02 00:00:00-04:00,1997.72998046875,2026.530029296875,1997.72998046875,2020.739990234375,4854380000,0.0,0.0,^RUT
2025-05-05 00:00:00-04:00,2003.97998046875,2020.0899658203125,2000.2900390625,2004.260009765625,4358260000,0.0,0.0,^RUT
2025-05-06 00:00:00-04:00,1984.699951171875,1998.3199462890625,1976.8599853515625,1983.18994140625,4717260000,0.0,0.0,^RUT
2025-05-07 00:00:00-04:00,1993.72998046875,1998.7900390625,1977.6099853515625,1989.6600341796875,4987440000,0.0,0.0,^RUT
2025-05-08 00:00:00-04:00,2009.72998046875,2040.4599609375,2000.1199951171875,2026.4100341796875,5627400000,0.0,0.0,^RUT
2025-05-09 00:00:00-04:00,2031.1300048828125,2037.300048828125,2016.2900390625,2023.0699462890625,4645090000,0.0,0.0,^RUT
2025-05-12 00:00:00-04:00,2086.81005859375,2104.7099609375,2076.909912109375,2092.199951171875,6014580000,0.0,0.0,^RUT
2025-05-13 00:00:00-04:00,2101.550048828125,2109.949951171875,2095.239990234375,2102.35009765625,5516290000,0.0,0.0,^RUT
2025-05-14 00:00:00-04:00,2096.4599609375,2099.340087890625,2082.81005859375,2083.800048828125,5233450000,0.0,0.0,^RUT
2025-05-15 00:00:00-04:00,2077.39990234375,2094.969970703125,2069.340087890625,2094.68994140625,4991290000,0.0,0.0,^RUT
2025-05-16 00:00:00-04:00,2096.02001953125,2114.949951171875,2094.35009765625,2113.25,4850850000,0.0,0.0,^RUT
2025-05-19 00:00:00-04:00,2082.199951171875,2104.5400390625,2081.47998046875,2104.429931640625,4144010000,0.0,0.0,^RUT
2025-05-20 00:00:00-04:00,2101.3798828125,2111.18994140625,2095.550048828125,2105.580078125,4416850000,0.0,0.0,^RUT
2025-05-21 00:00:00-04:00,2084.110107421875,2087.070068359375,2043.1800537109375,2046.56005859375,5254250000,0.0,0.0,^RUT
2025-05-22 00:00:00-04:00,2042.030029296875,2057.010009765625,2032.4000244140625,2045.56005859375,5157050000,0.0,0.0,^RUT
2025-05-23 00:00:00-04:00,2014.1099853515625,2044.8900146484375,2011.199951171875,2039.8499755859375,4662820000,0.0,0.0,^RUT
2025-05-27 00:00:00-04:00,2059.179931640625,2090.56005859375,2058.199951171875,2090.39990234375,5366380000,0.0,0.0,^RUT
2025-05-28 00:00:00-04:00,2089.909912109375,2092.389892578125,2066.43994140625,2067.800048828125,4665050000,0.0,0.0,^RUT
2025-05-29 00:00:00-04:00,2077.669921875,2081.52001953125,2061.02001953125,2074.780029296875,4569750000,0.0,0.0,^RUT
2025-05-30 00:00:00-04:00,2067.330078125,2074.739990234375,2051.1201171875,2066.2900390625,6378540000,0.0,0.0,^RUT
2025-06-02 00:00:00-04:00,2066.5,2070.5400390625,2043.5999755859375,2070.159912109375,4832240000,0.0,0.0,^RUT
2025-06-03 00:00:00-04:00,2074.030029296875,2107.389892578125,2070.860107421875,2102.97998046875,5026680000,0.0,0.0,^RUT
2025-06-04 00:00:00-04:00,2103.280029296875,2110.219970703125,2096.72998046875,2098.47998046875,4767050000,0.0,0.0,^RUT
2025-06-05 00:00:00-04:00,2099.56005859375,2110.080078125,2086.7900390625,2097.35009765625,5091850000,0.0,0.0,^RUT
2025-06-06 00:00:00-04:00,2115.2099609375,2132.35009765625,2115.2099609375,2132.25,4355710000,0.0,0.0,^RUT
2025-06-09 00:00:00-04:00,2144.159912109375,2154.389892578125,2139.050048828125,2144.449951171875,4642360000,0.0,0.0,^RUT
2025-06-10 00:00:00-04:00,2150.739990234375,2164.469970703125,2150.739990234375,2156.409912109375,4882880000,0.0,0.0,^RUT
2025-06-11 00:00:00-04:00,2163.550048828125,2170.489990234375,2146.909912109375,2148.22998046875,5111550000,0.0,0.0,^RUT
2025-06-12 00:00:00-04:00,2142.280029296875,2142.8798828125,2131.070068359375,2140.090087890625,4669500000,0.0,0.0,^RUT
2025-06-13 00:00:00-04:00,2120.22998046875,2125.080078125,2095.64990234375,2100.510009765625,5258910000,0.0,0.0,^RUT
2025-06-16 00:00:00-04:00,2115.070068359375,2134.7099609375,2115.070068359375,2124.1298828125,5111710000,0.0,0.0,^RUT
2025-06-17 00:00:00-04:00,2113.860107421875,2120.3798828125,2101.590087890625,2101.9599609375,4955700000,0.0,0.0,^RUT
2025-06-18 00:00:00-04:00,2101.360107421875,2127.669921875,2100.43994140625,2112.9599609375,5106470000,0.0,0.0,^RUT
2025-06-20 00:00:00-04:00,2123.39990234375,2127.550048828125,2103.320068359375,2109.27001953125,7451500000,0.0,0.0,^RUT
2025-06-23 00:00:00-04:00,2105.52001953125,2133.360107421875,2088.070068359375,2132.679931640625,5597000000,0.0,0.0,^RUT
2025-06-24 00:00:00-04:00,2144.9599609375,2164.89990234375,2142.739990234375,2161.2099609375,5443690000,0.0,0.0,^RUT
2025-06-25 00:00:00-04:00,2163.010009765625,2163.669921875,2135.9599609375,2136.179931640625,5171110000,0.0,0.0,^RUT
2025-06-26 00:00:00-04:00,2141.469970703125,2172.1298828125,2141.469970703125,2172.110107421875,5308140000,0.0,0.0,^RUT
2025-06-27 00:00:00-04:00,2176.739990234375,2189.179931640625,2159.800048828125,2172.530029296875,7889350000,0.0,0.0,^RUT
2025-06-30 00:00:00-04:00,2177.820068359375,2182.3701171875,2173.199951171875,2175.0400390625,5782900000,0.0,0.0,^RUT
2025-07-01 00:00:00-04:00,2165.6298828125,2218.590087890625,2160.6298828125,2197.5400390625,6275310000,0.0,0.0,^RUT
2025-07-02 00:00:00-04:00,2199.659912109375,2226.7900390625,2194.260009765625,2226.3798828125,5645710000,0.0,0.0,^RUT
2025-07-03 00:00:00-04:00,2232.300048828125,2249.0400390625,2232.300048828125,2249.0400390625,3378110000,0.0,0.0,^RUT
2025-07-07 00:00:00-04:00,2237.52001953125,2243.3798828125,2204.31005859375,2214.22998046875,5236740000,0.0,0.0,^RUT
2025-07-08 00:00:00-04:00,2219.10009765625,2238.530029296875,2219.10009765625,2228.739990234375,5739030000,0.0,0.0,^RUT
2025-07-09 00:00:00-04:00,2236.35009765625,2252.77001953125,2229.35009765625,2252.489990234375,4813340000,0.0,0.0,^RUT
2025-07-10 00:00:00-04:00,2251.0400390625,2275.699951171875,2247.18994140625,2263.409912109375,5367350000,0.0,0.0,^RUT
2025-07-11 00:00:00-04:00,2253.949951171875,2253.949951171875,2233.409912109375,2234.830078125,4656210000,0.0,0.0,^RUT
2025-07-14 00:00:00-04:00,2231.679931640625,2250.199951171875,2229.4599609375,2249.72998046875,4722250000,0.0,0.0,^RUT
2025-07-15 00:00:00-04:00,2254.77001953125,2257.570068359375,2205.050048828125,2205.050048828125,5133670000,0.0,0.0,^RUT
2025-07-16 00:00:00-04:00,2212.8798828125,2229.949951171875,2189.300048828125,2226.989990234375,5177460000,0.0,0.0,^RUT
2025-07-17 00:00:00-04:00,2228.050048828125,2258.4599609375,2227.199951171875,2253.679931640625,5512290000,0.0,0.0,^RUT
2025-07-18 00:00:00-04:00,2265.14990234375,2269.610107421875,2238.110107421875,2240.010009765625,5184700000,0.0,0.0,^RUT
2025-07-21 00:00:00-04:00,2248.25,2259.219970703125,2230.02001953125,2231.1298828125,5010840000,0.0,0.0,^RUT
2025-07-22 00:00:00-04:00,2231.179931640625,2254.570068359375,2224.330078125,2248.760009765625,5662040000,0.0,0.0,^RUT
2025-07-23 00:00:00-04:00,2259.18994140625,2283.199951171875,2259.18994140625,2283.1298828125,5642510000,0.0,0.0,^RUT
2025-07-24 00:00:00-04:00,2276.469970703125,2276.469970703125,2251.77001953125,2252.1298828125,5282720000,0.0,0.0,^RUT
2025-07-25 00:00:00-04:00,2257.2900390625,2262.580078125,2244.4599609375,2261.070068359375,4470720000,0.0,0.0,^RUT
2025-07-28 00:00:00-04:00,2267.570068359375,2270.169921875,2252.97998046875,2256.72998046875,4565620000,0.0,0.0,^RUT
2025-07-29 00:00:00-04:00,2268.330078125,2273.3798828125,2239.090087890625,2242.9599609375,5076120000,0.0,0.0,^RUT
2025-07-30 00:00:00-04:00,2249.320068359375,2265.81005859375,2220.300048828125,2232.39990234375,5375070000,0.0,0.0,^RUT
2025-07-31 00:00:00-04:00,2225.639892578125,2235.6298828125,2207.389892578125,2211.64990234375,6077080000,0.0,0.0,^RUT
2025-08-01 00:00:00-04:00,2192.93994140625,2192.93994140625,2143.429931640625,2166.780029296875,5827150000,0.0,0.0,^RUT
2025-08-04 00:00:00-04:00,2177.10009765625,2212.449951171875,2177.10009765625,2212.300048828125,4842580000,0.0,0.0,^RUT
2025-08-05 00:00:00-04:00,2218.43994140625,2228.47998046875,2200.72998046875,2225.669921875,5517410000,0.0,0.0,^RUT
2025-08-06 00:00:00-04:00,2224.25,2225.360107421875,2211.2099609375,2221.2900390625,5408560000,0.0,0.0,^RUT
2025-08-07 00:00:00-04:00,2234.580078125,2243.159912109375,2202.8701171875,2214.719970703125,5306090000,0.0,0.0,^RUT
2025-08-08 00:00:00-04:00,2222.7900390625,2228.300048828125,2214.27001953125,2218.419921875,4769910000,0.0,0.0,^RUT
2025-08-11 00:00:00-04:00,2221.909912109375,2229.72998046875,2213.5400390625,2216.510009765625,4652400000,0.0,0.0,^RUT
2025-08-12 00:00:00-04:00,2232.06005859375,2283.669921875,2229.679931640625,2282.780029296875,5135300000,0.0,0.0,^RUT
2025-08-13 00:00:00-04:00,2296.18994140625,2329.260009765625,2296.030029296875,2328.06005859375,5195950000,0.0,0.0,^RUT
2025-08-14 00:00:00-04:00,2304.489990234375,2304.489990234375,2279.860107421875,2299.080078125,4462050000,0.0,0.0,^RUT
2025-08-15 00:00:00-04:00,2304.199951171875,2305.0,2279.570068359375,2286.52001953125,4575060000,0.0,0.0,^RUT
2025-08-18 00:00:00-04:00,2287.110107421875,2298.27001953125,2285.800048828125,2294.469970703125,4162290000,0.0,0.0,^RUT
2025-08-19 00:00:00-04:00,2295.1201171875,2300.510009765625,2272.860107421875,2276.610107421875,4377440000,0.0,0.0,^RUT
2025-08-20 00:00:00-04:00,2273.7900390625,2274.68994140625,2252.429931640625,2269.35009765625,4470390000,0.0,0.0,^RUT
2025-08-21 00:00:00-04:00,2258.93994140625,2277.010009765625,2254.550048828125,2274.10009765625,4013560000,0.0,0.0,^RUT
2025-08-22 00:00:00-04:00,2285.179931640625,2366.60009765625,2285.179931640625,2361.949951171875,5046860000,0.0,0.0,^RUT
2025-08-25 00:00:00-04:00,2357.389892578125,2357.389892578125,2339.070068359375,2339.169921875,4059070000,0.0,0.0,^RUT
2025-08-26 00:00:00-04:00,2339.169921875,2361.7099609375,2339.169921875,2358.60009765625,4867680000,0.0,0.0,^RUT
2025-08-27 00:00:00-04:00,2353.929931640625,2375.7099609375,2352.780029296875,2373.800048828125,4143680000,0.0,0.0,^RUT
2025-08-28 00:00:00-04:00,2382.590087890625,2384.010009765625,2370.1201171875,2378.409912109375,4283760000,0.0,0.0,^RUT
2025-08-29 00:00:00-04:00,2381.159912109375,2382.1298828125,2359.39990234375,2366.419921875,4234840000,0.0,0.0,^RUT
2025-09-02 00:00:00-04:00,2339.860107421875,2354.989990234375,2329.949951171875,2352.2099609375,4784000000,0.0,0.0,^RUT
2025-09-03 00:00:00-04:00,2352.3701171875,2359.199951171875,2340.489990234375,2349.969970703125,4465360000,0.0,0.0,^RUT
2025-09-04 00:00:00-04:00,2354.409912109375,2379.7900390625,2351.340087890625,2379.610107421875,4670770000,0.0,0.0,^RUT
2025-09-05 00:00:00-04:00,2389.97998046875,2407.3701171875,2366.780029296875,2391.050048828125,5066120000,0.0,0.0,^RUT
2025-09-08 00:00:00-04:00,2395.64990234375,2398.139892578125,2378.820068359375,2394.889892578125,5211500000,0.0,0.0,^RUT
2025-09-09 00:00:00-04:00,2393.550048828125,2393.989990234375,2370.2099609375,2381.820068359375,4798350000,0.0,0.0,^RUT
2025-09-10 00:00:00-04:00,2384.68994140625,2394.159912109375,2369.010009765625,2378.010009765625,5253010000,0.0,0.0,^RUT
2025-09-11 00:00:00-04:00,2380.93994140625,2422.330078125,2379.989990234375,2421.530029296875,5426460000,0.0,0.0,^RUT
2025-09-12 00:00:00-04:00,2416.0,2416.050048828125,2396.7099609375,2397.06005859375,4641640000,0.0,0.0,^RUT
2025-09-15 00:00:00-04:00,2402.93994140625,2411.52001953125,2399.780029296875,2405.1298828125,5045020000,0.0,0.0,^RUT
2025-09-16 00:00:00-04:00,2405.0,2406.919921875,2388.25,2403.030029296875,5359510000,0.0,0.0,^RUT
2025-09-17 00:00:00-04:00,2406.10009765625,2453.360107421875,2396.10009765625,2407.340087890625,5805340000,0.0,0.0,^RUT
2025-09-18 00:00:00-04:00,2420.590087890625,2470.070068359375,2420.590087890625,2467.699951171875,5292400000,0.0,0.0,^RUT
2025-09-19 00:00:00-04:00,2471.9599609375,2472.27001953125,2445.860107421875,2448.77001953125,9125960000,0.0,0.0,^RUT
2025-09-22 00:00:00-04:00,2445.89990234375,2466.889892578125,2431.6201171875,2463.340087890625,5642620000,0.0,0.0,^RUT
2025-09-23 00:00:00-04:00,2467.27001953125,2488.840087890625,2455.070068359375,2457.510009765625,5633620000,0.0,0.0,^RUT
2025-09-24 00:00:00-04:00,2459.2900390625,2461.489990234375,2434.97998046875,2434.97998046875,5459180000,0.0,0.0,^RUT
2025-09-25 00:00:00-04:00,2418.97998046875,2418.97998046875,2393.81005859375,2411.0400390625,5874670000,0.0,0.0,^RUT
2025-09-26 00:00:00-04:00,2414.969970703125,2435.14990234375,2413.550048828125,2434.320068359375,5103110000,0.0,0.0,^RUT
2025-09-29 00:00:00-04:00,2442.659912109375,2449.260009765625,2428.300048828125,2435.25,5358760000,0.0,0.0,^RUT
2025-09-30 00:00:00-04:00,2432.639892578125,2438.330078125,2413.280029296875,2436.47998046875,6057210000,0.0,0.0,^RUT
2025-10-01 00:00:00-04:00,2428.22998046875,2447.4599609375,2424.8798828125,2442.35009765625,6037950000,0.0,0.0,^RUT
2025-10-02 00:00:00-04:00,2448.97998046875,2458.550048828125,2435.7900390625,2458.489990234375,5416130000,0.0,0.0,^RUT
2025-10-03 00:00:00-04:00,2466.679931640625,2497.360107421875,2466.679931640625,2476.179931640625,5713110000,0.0,0.0,^RUT
2025-10-06 00:00:00-04:00,2489.139892578125,2501.919921875,2481.340087890625,2486.35009765625,5604460000,0.0,0.0,^RUT
2025-10-07 00:00:00-04:00,2490.429931640625,2493.10009765625,2451.31005859375,2458.419921875,5546150000,0.0,0.0,^RUT
2025-10-08 00:00:00-04:00,2467.6298828125,2487.639892578125,2458.669921875,2483.989990234375,5383130000,0.0,0.0,^RUT
2025-10-09 00:00:00-04:00,2485.739990234375,2490.75,2459.6298828125,2468.85009765625,5385020000,0.0,0.0,^RUT
2025-10-10 00:00:00-04:00,2473.2900390625,2484.35009765625,2393.85009765625,2394.590087890625,5385020000,0.0,0.0,^RUT
2025-10-13 00:00:00-04:00,2423.0,2462.919921875,2423.0,2461.419921875,5303960000,0.0,0.0,^RUT
2025-10-14 00:00:00-04:00,2444.22998046875,2512.679931640625,2417.739990234375,2495.5,5666920000,0.0,0.0,^RUT
2025-10-15 00:00:00-04:00,2510.570068359375,2541.669921875,2490.56005859375,2519.75,5633060000,0.0,0.0,^RUT
2025-10-16 00:00:00-04:00,2523.050048828125,2529.2900390625,2458.25,2467.02001953125,6048180000,0.0,0.0,^RUT
2025-10-17 00:00:00-04:00,2455.659912109375,2465.090087890625,2433.18994140625,2452.169921875,5358120000,0.0,0.0,^RUT
2025-10-20 00:00:00-04:00,2471.14990234375,2500.530029296875,2471.14990234375,2499.909912109375,4672170000,0.0,0.0,^RUT
2025-10-21 00:00:00-04:00,2495.679931640625,2500.550048828125,2473.570068359375,2487.68994140625,5245020000,0.0,0.0,^RUT
2025-10-22 00:00:00-04:00,2483.330078125,2485.139892578125,2426.530029296875,2451.550048828125,5710010000,0.0,0.0,^RUT
2025-10-23 00:00:00-04:00,2457.330078125,2488.35009765625,2457.330078125,2482.659912109375,5565750000,0.0,0.0,^RUT
2025-10-24 00:00:00-04:00,2502.110107421875,2526.840087890625,2502.110107421875,2513.469970703125,5058220000,0.0,0.0,^RUT
2025-10-27 00:00:00-04:00,2527.2099609375,2539.93994140625,2515.570068359375,2520.43994140625,5290650000,0.0,0.0,^RUT
2025-10-28 00:00:00-04:00,2516.1201171875,2523.780029296875,2500.81005859375,2506.64990234375,5695930000,0.0,0.0,^RUT
2025-10-29 00:00:00-04:00,2505.43994140625,2527.5400390625,2467.7099609375,2484.81005859375,6280130000,0.0,0.0,^RUT
2025-10-30 00:00:00-04:00,2476.830078125,2496.050048828125,2464.81005859375,2465.949951171875,6052700000,0.0,0.0,^RUT
2025-10-31 00:00:00-04:00,2469.179931640625,2484.199951171875,2455.969970703125,2479.3798828125,6398280000,0.0,0.0,^RUT
2025-11-03 00:00:00-05:00,2481.050048828125,2481.050048828125,2441.909912109375,2471.239990234375,6065720000,0.0,0.0,^RUT
2025-11-04 00:00:00-05:00,2447.610107421875,2457.1201171875,2426.6201171875,2427.340087890625,5739510000,0.0,0.0,^RUT
2025-11-05 00:00:00-05:00,2429.1298828125,2473.360107421875,2429.1298828125,2464.780029296875,5939600000,0.0,0.0,^RUT
2025-11-06 00:00:00-05:00,2460.239990234375,2461.469970703125,2417.090087890625,2418.820068359375,6051900000,0.0,0.0,^RUT
2025-11-07 00:00:00-05:00,2407.969970703125,2432.909912109375,2380.070068359375,2432.820068359375,5926070000,0.0,0.0,^RUT
2025-11-10 00:00:00-05:00,2451.75,2468.889892578125,2440.330078125,2455.64990234375,5366050000,0.0,0.0,^RUT
2025-11-11 00:00:00-05:00,2451.81005859375,2463.570068359375,2443.409912109375,2458.280029296875,4983490000,0.0,0.0,^RUT
2025-11-12 00:00:00-05:00,2463.360107421875,2478.139892578125,2449.530029296875,2450.800048828125,5293610000,0.0,0.0,^RUT
2025-11-13 00:00:00-05:00,2441.610107421875,2441.610107421875,2375.3701171875,2382.97998046875,5473720000,0.0,0.0,^RUT
2025-11-14 00:00:00-05:00,2359.159912109375,2400.449951171875,2345.10009765625,2388.22998046875,5042660000,0.0,0.0,^RUT
2025-11-17 00:00:00-05:00,2381.68994140625,2390.919921875,2334.260009765625,2341.3798828125,5204220000,0.0,0.0,^RUT
2025-11-18 00:00:00-05:00,2333.409912109375,2363.580078125,2325.110107421875,2348.739990234375,5159390000,0.0,0.0,^RUT
2025-11-19 00:00:00-05:00,2349.35009765625,2375.3798828125,2340.550048828125,2347.889892578125,5021610000,0.0,0.0,^RUT
2025-11-20 00:00:00-05:00,2365.330078125,2404.25,2303.4599609375,2305.110107421875,5596080000,0.0,0.0,^RUT
2025-11-21 00:00:00-05:00,2306.780029296875,2383.550048828125,2306.780029296875,2369.590087890625,5929930000,0.0,0.0,^RUT
2025-11-24 00:00:00-05:00,2372.800048828125,2418.31005859375,2372.340087890625,2414.280029296875,6039740000,0.0,0.0,^RUT
2025-11-25 00:00:00-05:00,2417.669921875,2470.830078125,2417.669921875,2465.97998046875,5003330000,0.0,0.0,^RUT
2025-11-26 00:00:00-05:00,2466.010009765625,2502.9599609375,2464.7099609375,2486.1201171875,4485000000,0.0,0.0,^RUT
2025-11-28 00:00:00-05:00,2492.050048828125,2501.4599609375,2492.050048828125,2500.429931640625,2558540000,0.0,0.0,^RUT
2025-12-01 00:00:00-05:00,2482.22998046875,2488.580078125,2468.010009765625,2469.1298828125,4549370000,0.0,0.0,^RUT
2025-12-02 00:00:00-05:00,2480.050048828125,2487.639892578125,2464.97998046875,2464.97998046875,4582290000,0.0,0.0,^RUT
2025-12-03 00:00:00-05:00,2469.639892578125,2512.449951171875,2468.64990234375,2512.139892578125,4736780000,0.0,0.0,^RUT
2025-12-04 00:00:00-05:00,2508.239990234375,2540.010009765625,2501.77001953125,2531.159912109375,4872440000,0.0,0.0,^RUT
2025-12-05 00:00:00-05:00,2530.449951171875,2538.3701171875,2517.909912109375,2521.47998046875,4944560000,0.0,0.0,^RUT
2025-12-08 00:00:00-05:00,2532.419921875,2540.89990234375,2517.139892578125,2520.97998046875,4757130000,0.0,0.0,^RUT
2025-12-09 00:00:00-05:00,2515.7900390625,2541.77001953125,2514.090087890625,2526.239990234375,4508050000,0.0,0.0,^RUT
2025-12-10 00:00:00-05:00,2524.47998046875,2576.31005859375,2519.169921875,2559.610107421875,5526570000,0.0,0.0,^RUT
2025-12-11 00:00:00-05:00,2560.97998046875,2593.889892578125,2558.4599609375,2590.610107421875,5021060000,0.0,0.0,^RUT
2025-12-12 00:00:00-05:00,2593.360107421875,2595.97998046875,2548.81005859375,2551.4599609375,4910160000,0.0,0.0,^RUT
2025-12-15 00:00:00-05:00,2562.5,2567.4599609375,2529.3701171875,2530.669921875,4975600000,0.0,0.0,^RUT
2025-12-16 00:00:00-05:00,2526.5,2536.6201171875,2506.550048828125,2519.300048828125,4983180000,0.0,0.0,^RUT
2025-12-17 00:00:00-05:00,2522.110107421875,2540.25,2487.97998046875,2492.300048828125,5122120000,0.0,0.0,^RUT
2025-12-18 00:00:00-05:00,2517.659912109375,2531.7900390625,2504.489990234375,2507.8701171875,5101190000,0.0,0.0,^RUT
2025-12-19 00:00:00-05:00,2508.590087890625,2534.820068359375,2508.590087890625,2529.429931640625,8554470000,0.0,0.0,^RUT
2025-12-22 00:00:00-05:00,2538.800048828125,2572.89990234375,2538.800048828125,2558.780029296875,4465030000,0.0,0.0,^RUT
2025-12-23 00:00:00-05:00,2548.639892578125,2553.199951171875,2537.93994140625,2541.1201171875,3820560000,0.0,0.0,^RUT
2025-12-24 00:00:00-05:00,2539.330078125,2549.9599609375,2535.1298828125,2548.080078125,1798270000,0.0,0.0,^RUT
2025-12-26 00:00:00-05:00,2546.780029296875,2546.780029296875,2527.360107421875,2534.35009765625,2586550000,0.0,0.0,^RUT
2025-12-29 00:00:00-05:00,2524.840087890625,2533.64990234375,2515.679931640625,2519.800048828125,3541750000,0.0,0.0,^RUT
2025-12-30 00:00:00-05:00,2519.89990234375,2520.909912109375,2500.489990234375,2500.590087890625,3309930000,0.0,0.0,^RUT
2025-12-31 00:00:00-05:00,2500.3701171875,2501.77001953125,2480.679931640625,2481.909912109375,3261830000,0.0,0.0,^RUT
2026-01-02 00:00:00-05:00,2491.820068359375,2509.719970703125,2481.590087890625,2508.219970703125,4184120000,0.0,0.0,^RUT
2026-01-05 00:00:00-05:00,2516.81005859375,2556.239990234375,2516.81005859375,2547.919921875,5771930000,0.0,0.0,^RUT
2026-01-06 00:00:00-05:00,2544.9599609375,2582.989990234375,2541.6298828125,2582.89990234375,5509680000,0.0,0.0,^RUT
2026-01-07 00:00:00-05:00,2585.6201171875,2585.6201171875,2563.39990234375,2575.419921875,5214480000,0.0,0.0,^RUT
2026-01-08 00:00:00-05:00,2567.610107421875,2608.580078125,2566.659912109375,2603.909912109375,5333200000,0.0,0.0,^RUT
2026-01-09 00:00:00-05:00,2614.72998046875,2635.800048828125,2606.659912109375,2624.219970703125,5163900000,0.0,0.0,^RUT
2026-01-12 00:00:00-05:00,2614.090087890625,2636.719970703125,2606.89990234375,2635.68994140625,5019040000,0.0,0.0,^RUT
2026-01-13 00:00:00-05:00,2644.489990234375,2647.0400390625,2627.39990234375,2633.110107421875,5091730000,0.0,0.0,^RUT
2026-01-14 00:00:00-05:00,2631.06005859375,2653.31005859375,2624.2900390625,2651.639892578125,5530830000,0.0,0.0,^RUT
2026-01-15 00:00:00-05:00,2661.110107421875,2689.280029296875,2659.2900390625,2674.56005859375,5114050000,0.0,0.0,^RUT
2026-01-16 00:00:00-05:00,2676.81005859375,2692.22998046875,2668.56005859375,2677.739990234375,5356550000,0.0,0.0,^RUT
2026-01-20 00:00:00-05:00,2636.840087890625,2670.320068359375,2632.360107421875,2645.360107421875,5769500000,0.0,0.0,^RUT
2026-01-21 00:00:00-05:00,2662.1201171875,2703.75,2651.469970703125,2698.169921875,5835520000,0.0,0.0,^RUT
2026-01-22 00:00:00-05:00,2717.800048828125,2735.10009765625,2714.989990234375,2718.77001953125,5307580000,0.0,0.0,^RUT
2026-01-23 00:00:00-05:00,2712.699951171875,2712.699951171875,2664.550048828125,2669.159912109375,4871930000,0.0,0.0,^RUT
2026-01-26 00:00:00-05:00,2672.3701171875,2684.989990234375,2657.419921875,2659.669921875,4968050000,0.0,0.0,^RUT
2026-01-27 00:00:00-05:00,2659.929931640625,2668.56005859375,2650.639892578125,2666.699951171875,5331720000,0.0,0.0,^RUT
2026-01-28 00:00:00-05:00,2681.010009765625,2685.860107421875,2647.6298828125,2653.550048828125,5507670000,0.0,0.0,^RUT
2026-01-29 00:00:00-05:00,2660.610107421875,2665.06005859375,2616.139892578125,2654.780029296875,6877780000,0.0,0.0,^RUT
2026-01-30 00:00:00-05:00,2633.7900390625,2648.27001953125,2599.570068359375,2613.739990234375,6697340000,0.0,0.0,^RUT
2026-02-02 00:00:00-05:00,2604.47998046875,2654.840087890625,2603.7900390625,2640.280029296875,5772050000,0.0,0.0,^RUT
2026-02-03 00:00:00-05:00,2648.1298828125,2666.85009765625,2605.8798828125,2648.5,7017660000,0.0,0.0,^RUT
2026-02-04 00:00:00-05:00,2657.449951171875,2660.43994140625,2591.8701171875,2624.550048828125,7475750000,0.0,0.0,^RUT
2026-02-05 00:00:00-05:00,2606.7099609375,2629.830078125,2569.22998046875,2577.64990234375,6989120000,0.0,0.0,^RUT
2026-02-06 00:00:00-05:00,2611.2900390625,2676.219970703125,2611.2900390625,2670.340087890625,6283680000,0.0,0.0,^RUT
2026-02-09 00:00:00-05:00,2667.43994140625,2695.449951171875,2659.9599609375,2689.050048828125,5650260000,0.0,0.0,^RUT
2026-02-10 00:00:00-05:00,2691.7900390625,2704.080078125,2678.5,2679.77001953125,5595950000,0.0,0.0,^RUT
2026-02-11 00:00:00-05:00,2700.330078125,2706.360107421875,2643.159912109375,2669.469970703125,6175510000,0.0,0.0,^RUT
2026-02-12 00:00:00-05:00,2684.989990234375,2692.77001953125,2604.5,2615.830078125,7118700000,0.0,0.0,^RUT
2026-02-13 00:00:00-05:00,2620.139892578125,2668.2900390625,2610.340087890625,2646.699951171875,5718360000,0.0,0.0,^RUT
2026-02-17 00:00:00-05:00,2644.199951171875,2659.4599609375,2611.340087890625,2646.590087890625,5418480000,0.0,0.0,^RUT
2026-02-18 00:00:00-05:00,2646.929931640625,2686.760009765625,2644.47998046875,2658.610107421875,5098160000,0.0,0.0,^RUT
2026-02-19 00:00:00-05:00,2648.10009765625,2665.219970703125,2637.580078125,2665.090087890625,5151690000,0.0,0.0,^RUT
2026-02-20 00:00:00-05:00,2660.2900390625,2682.419921875,2642.070068359375,2663.780029296875,5432480000,0.0,0.0,^RUT
2026-02-23 00:00:00-05:00,2654.830078125,2659.300048828125,2600.989990234375,2620.989990234375,5638350000,0.0,0.0,^RUT
2026-02-24 00:00:00-05:00,2620.31005859375,2656.139892578125,2619.030029296875,2652.330078125,5266090000,0.0,0.0,^RUT
2026-02-25 00:00:00-05:00,2661.10009765625,2671.25,2643.919921875,2663.330078125,5328060000,0.0,0.0,^RUT
2026-02-26 00:00:00-05:00,2665.18994140625,2679.610107421875,2640.659912109375,2677.2900390625,5889550000,0.0,0.0,^RUT
2025-02-27 00:00:00-06:00,18.25,21.469999313354492,17.670000076293945,21.1299991607666,0,0.0,0.0,^VIX
2025-02-28 00:00:00-06:00,21.209999084472656,22.399999618530273,19.049999237060547,19.6299991607666,0,0.0,0.0,^VIX
2025-03-03 00:00:00-06:00,19.829999923706055,24.309999465942383,19.25,22.780000686645508,0,0.0,0.0,^VIX
2025-03-04 00:00:00-06:00,22.959999084472656,26.350000381469727,21.709999084472656,23.510000228881836,0,0.0,0.0,^VIX
2025-03-05 00:00:00-06:00,23.030000686645508,24.84000015258789,21.3700008392334,21.93000030517578,0,0.0,0.0,^VIX
2025-03-06 00:00:00-06:00,22.600000381469727,25.920000076293945,22.389999389648438,24.8700008392334,0,0.0,0.0,^VIX
2025-03-07 00:00:00-06:00,24.850000381469727,26.559999465942383,23.09000015258789,23.3700008392334,0,0.0,0.0,^VIX
2025-03-10 00:00:00-05:00,24.700000762939453,29.559999465942383,24.68000030517578,27.860000610351562,0,0.0,0.0,^VIX
2025-03-11 00:00:00-05:00,27.940000534057617,29.56999969482422,26.18000030517578,26.920000076293945,0,0.0,0.0,^VIX
2025-03-12 00:00:00-05:00,26.8799991607666,26.90999984741211,23.889999389648438,24.229999542236328,0,0.0,0.0,^VIX
2025-03-13 00:00:00-05:00,24.920000076293945,26.1299991607666,23.459999084472656,24.65999984741211,0,0.0,0.0,^VIX
2025-03-14 00:00:00-05:00,24.350000381469727,24.360000610351562,21.479999542236328,21.770000457763672,0,0.0,0.0,^VIX
2025-03-17 00:00:00-05:00,22.889999389648438,22.950000762939453,20.31999969482422,20.510000228881836,0,0.0,0.0,^VIX
2025-03-18 00:00:00-05:00,20.829999923706055,22.56999969482422,20.40999984741211,21.700000762939453,0,0.0,0.0,^VIX
2025-03-19 00:00:00-05:00,21.84000015258789,22.100000381469727,19.420000076293945,19.899999618530273,0,0.0,0.0,^VIX
2025-03-20 00:00:00-05:00,19.520000457763672,21.170000076293945,19.299999237060547,19.799999237060547,0,0.0,0.0,^VIX
2025-03-21 00:00:00-05:00,20.020000457763672,21.139999389648438,19.149999618530273,19.280000686645508,0,0.0,0.0,^VIX
2025-03-24 00:00:00-05:00,19.1299991607666,19.139999389648438,17.459999084472656,17.479999542236328,0,0.0,0.0,^VIX
2025-03-25 00:00:00-05:00,17.579999923706055,17.770000457763672,17.020000457763672,17.149999618530273,0,0.0,0.0,^VIX
2025-03-26 00:00:00-05:00,17.229999542236328,19.06999969482422,16.969999313354492,18.329999923706055,0,0.0,0.0,^VIX
2025-03-27 00:00:00-05:00,18.360000610351562,19.280000686645508,17.950000762939453,18.690000534057617,0,0.0,0.0,^VIX
2025-03-28 00:00:00-05:00,19.079999923706055,22.18000030517578,18.920000076293945,21.649999618530273,0,0.0,0.0,^VIX
2025-03-31 00:00:00-05:00,24.110000610351562,24.799999237060547,21.670000076293945,22.280000686645508,0,0.0,0.0,^VIX
2025-04-01 00:00:00-05:00,22.059999465942383,23.520000457763672,21.579999923706055,21.770000457763672,0,0.0,0.0,^VIX
2025-04-02 00:00:00-05:00,22.299999237060547,23.65999984741211,20.68000030517578,21.510000228881836,0,0.0,0.0,^VIX
2025-04-03 00:00:00-05:00,26.3799991607666,30.020000457763672,24.93000030517578,30.020000457763672,0,0.0,0.0,^VIX
2025-04-04 00:00:00-05:00,30.1200008392334,45.61000061035156,29.989999771118164,45.310001373291016,0,0.0,0.0,^VIX
2025-04-07 00:00:00-05:00,60.130001068115234,60.130001068115234,38.58000183105469,46.97999954223633,0,0.0,0.0,^VIX
2025-04-08 00:00:00-05:00,44.040000915527344,57.52000045776367,36.47999954223633,52.33000183105469,0,0.0,0.0,^VIX
2025-04-09 00:00:00-05:00,50.97999954223633,57.959999084472656,31.899999618530273,33.619998931884766,0,0.0,0.0,^VIX
2025-04-10 00:00:00-05:00,34.439998626708984,54.869998931884766,34.439998626708984,40.720001220703125,0,0.0,0.0,^VIX
2025-04-11 00:00:00-05:00,40.79999923706055,46.119998931884766,36.849998474121094,37.560001373291016,0,0.0,0.0,^VIX
2025-04-14 00:00:00-05:00,34.7599983215332,35.16999816894531,29.75,30.889999389648438,0,0.0,0.0,^VIX
2025-04-15 00:00:00-05:00,30.010000228881836,31.450000762939453,28.290000915527344,30.1200008392334,0,0.0,0.0,^VIX
2025-04-16 00:00:00-05:00,33.2400016784668,34.959999084472656,29.479999542236328,32.63999938964844,0,0.0,0.0,^VIX
2025-04-17 00:00:00-05:00,30.790000915527344,32.54999923706055,29.56999969482422,29.649999618530273,0,0.0,0.0,^VIX
2025-04-21 00:00:00-05:00,32.75,35.75,31.790000915527344,33.81999969482422,0,0.0,0.0,^VIX
2025-04-22 00:00:00-05:00,32.61000061035156,32.68000030517578,30.079999923706055,30.56999969482422,0,0.0,0.0,^VIX
2025-04-23 00:00:00-05:00,28.75,30.290000915527344,27.110000610351562,28.450000762939453,0,0.0,0.0,^VIX
2025-04-24 00:00:00-05:00,28.690000534057617,29.65999984741211,26.360000610351562,26.469999313354492,0,0.0,0.0,^VIX
2025-04-25 00:00:00-05:00,26.219999313354492,27.200000762939453,24.84000015258789,24.84000015258789,0,0.0,0.0,^VIX
2025-04-28 00:00:00-05:00,25.75,26.93000030517578,24.700000762939453,25.149999618530273,0,0.0,0.0,^VIX
2025-04-29 00:00:00-05:00,24.760000228881836,25.989999771118164,23.760000228881836,24.170000076293945,0,0.0,0.0,^VIX
2025-04-30 00:00:00-05:00,24.350000381469727,28.170000076293945,24.229999542236328,24.700000762939453,0,0.0,0.0,^VIX
2025-05-01 00:00:00-05:00,23.940000534057617,25.18000030517578,23.299999237060547,24.600000381469727,0,0.0,0.0,^VIX
2025-05-02 00:00:00-05:00,23.6299991607666,24.31999969482422,22.34000015258789,22.68000030517578,0,0.0,0.0,^VIX
2025-05-05 00:00:00-05:00,24.25,24.6299991607666,22.809999465942383,23.639999389648438,0,0.0,0.0,^VIX
2025-05-06 00:00:00-05:00,23.969999313354492,25.110000610351562,23.899999618530273,24.760000228881836,0,0.0,0.0,^VIX
2025-05-07 00:00:00-05:00,24.559999465942383,25.6200008392334,23.290000915527344,23.549999237060547,0,0.0,0.0,^VIX
2025-05-08 00:00:00-05:00,22.84000015258789,23.610000610351562,21.8799991607666,22.479999542236328,0,0.0,0.0,^VIX
2025-05-09 00:00:00-05:00,22.399999618530273,22.81999969482422,21.829999923706055,21.899999618530273,0,0.0,0.0,^VIX
2025-05-12 00:00:00-05:00,19.84000015258789,20.440000534057617,18.139999389648438,18.389999389648438,0,0.0,0.0,^VIX
2025-05-13 00:00:00-05:00,18.690000534057617,18.850000381469727,17.649999618530273,18.219999313354492,0,0.0,0.0,^VIX
2025-05-14 00:00:00-05:00,18.100000381469727,18.81999969482422,18.059999465942383,18.6200008392334,0,0.0,0.0,^VIX
2025-05-15 00:00:00-05:00,19.190000534057617,19.3799991607666,17.770000457763672,17.829999923706055,0,0.0,0.0,^VIX
2025-05-16 00:00:00-05:00,17.959999084472656,17.959999084472656,17.149999618530273,17.239999771118164,0,0.0,0.0,^VIX
2025-05-19 00:00:00-05:00,19.84000015258789,19.920000076293945,17.920000076293945,18.139999389648438,0,0.0,0.0,^VIX
2025-05-20 00:00:00-05:00,18.459999084472656,18.68000030517578,17.700000762939453,18.09000015258789,0,0.0,0.0,^VIX
2025-05-21 00:00:00-05:00,18.770000457763672,21.049999237060547,17.770000457763672,20.8700008392334,0,0.0,0.0,^VIX
2025-05-22 00:00:00-05:00,20.6200008392334,22.06999969482422,19.639999389648438,20.280000686645508,0,0.0,0.0,^VIX
2025-05-23 00:00:00-05:00,20.139999389648438,25.530000686645508,19.829999923706055,22.290000915527344,0,0.0,0.0,^VIX
2025-05-27 00:00:00-05:00,20.6299991607666,21.010000228881836,18.950000762939453,18.959999084472656,0,0.0,0.0,^VIX
2025-05-28 00:00:00-05:00,19.209999084472656,19.43000030517578,18.68000030517578,19.309999465942383,0,0.0,0.0,^VIX
2025-05-29 00:00:00-05:00,18.25,20.200000762939453,18.110000610351562,19.18000030517578,0,0.0,0.0,^VIX
2025-05-30 00:00:00-05:00,19.610000610351562,20.549999237060547,18.56999969482422,18.56999969482422,0,0.0,0.0,^VIX
2025-06-02 00:00:00-05:00,19.809999465942383,20.450000762939453,18.360000610351562,18.360000610351562,0,0.0,0.0,^VIX
2025-06-03 00:00:00-05:00,18.829999923706055,19.209999084472656,17.639999389648438,17.690000534057617,0,0.0,0.0,^VIX
2025-06-04 00:00:00-05:00,17.68000030517578,18.06999969482422,17.40999984741211,17.610000610351562,0,0.0,0.0,^VIX
2025-06-05 00:00:00-05:00,17.68000030517578,18.799999237060547,17.079999923706055,18.479999542236328,0,0.0,0.0,^VIX
2025-06-06 00:00:00-05:00,18.15999984741211,18.350000381469727,16.649999618530273,16.770000457763672,0,0.0,0.0,^VIX
2025-06-09 00:00:00-05:00,17.690000534057617,17.719999313354492,16.81999969482422,17.15999984741211,0,0.0,0.0,^VIX
2025-06-10 00:00:00-05:00,17.5,17.989999771118164,16.68000030517578,16.950000762939453,0,0.0,0.0,^VIX
2025-06-11 00:00:00-05:00,17.040000915527344,18.09000015258789,16.229999542236328,17.260000228881836,0,0.0,0.0,^VIX
2025-06-12 00:00:00-05:00,17.8700008392334,18.8700008392334,17.43000030517578,18.020000457763672,0,0.0,0.0,^VIX
2025-06-13 00:00:00-05:00,21.760000228881836,22.0,18.8799991607666,20.81999969482422,0,0.0,0.0,^VIX
2025-06-16 00:00:00-05:00,19.780000686645508,20.219999313354492,18.670000076293945,19.110000610351562,0,0.0,0.0,^VIX
2025-06-17 00:00:00-05:00,20.530000686645508,21.790000915527344,19.549999237060547,21.600000381469727,0,0.0,0.0,^VIX
2025-06-18 00:00:00-05:00,20.899999618530273,21.579999923706055,19.59000015258789,20.139999389648438,0,0.0,0.0,^VIX
2025-06-20 00:00:00-05:00,20.739999771118164,21.06999969482422,19.110000610351562,20.6200008392334,0,0.0,0.0,^VIX
2025-06-23 00:00:00-05:00,21.149999618530273,22.510000228881836,19.81999969482422,19.829999923706055,0,0.0,0.0,^VIX
2025-06-24 00:00:00-05:00,18.190000534057617,18.719999313354492,17.329999923706055,17.479999542236328,0,0.0,0.0,^VIX
2025-06-25 00:00:00-05:00,17.280000686645508,17.510000228881836,16.68000030517578,16.760000228881836,0,0.0,0.0,^VIX
2025-06-26 00:00:00-05:00,16.670000076293945,16.780000686645508,16.110000610351562,16.59000015258789,0,0.0,0.0,^VIX
2025-06-27 00:00:00-05:00,16.309999465942383,17.290000915527344,16.1200008392334,16.31999969482422,0,0.0,0.0,^VIX
2025-06-30 00:00:00-05:00,17.190000534057617,17.43000030517578,16.549999237060547,16.729999542236328,0,0.0,0.0,^VIX
2025-07-01 00:00:00-05:00,16.979999542236328,17.479999542236328,16.510000228881836,16.829999923706055,0,0.0,0.0,^VIX
2025-07-02 00:00:00-05:00,16.75,17.3700008392334,16.540000915527344,16.639999389648438,0,0.0,0.0,^VIX
2025-07-03 00:00:00-05:00,16.649999618530273,16.829999923706055,16.139999389648438,16.3799991607666,0,0.0,0.0,^VIX
2025-07-07 00:00:00-05:00,17.829999923706055,18.5,17.510000228881836,17.790000915527344,0,0.0,0.0,^VIX
2025-07-08 00:00:00-05:00,17.40999984741211,17.440000534057617,16.540000915527344,16.809999465942383,0,0.0,0.0,^VIX
2025-07-09 00:00:00-05:00,16.760000228881836,16.760000228881836,15.760000228881836,15.9399995803833,0,0.0,0.0,^VIX
2025-07-10 00:00:00-05:00,16.229999542236328,16.239999771118164,15.699999809265137,15.779999732971191,0,0.0,0.0,^VIX
2025-07-11 00:00:00-05:00,16.40999984741211,17.239999771118164,15.979999542236328,16.399999618530273,0,0.0,0.0,^VIX
2025-07-14 00:00:00-05:00,17.729999542236328,17.850000381469727,16.90999984741211,17.200000762939453,0,0.0,0.0,^VIX
2025-07-15 00:00:00-05:00,16.889999389648438,17.389999389648438,16.559999465942383,17.3799991607666,0,0.0,0.0,^VIX
2025-07-16 00:00:00-05:00,17.65999984741211,19.479999542236328,16.690000534057617,17.15999984741211,0,0.0,0.0,^VIX
2025-07-17 00:00:00-05:00,17.15999984741211,17.3700008392334,16.479999542236328,16.520000457763672,0,0.0,0.0,^VIX
2025-07-18 00:00:00-05:00,16.43000030517578,16.809999465942383,16.280000686645508,16.40999984741211,0,0.0,0.0,^VIX
2025-07-21 00:00:00-05:00,16.8700008392334,16.989999771118164,16.299999237060547,16.649999618530273,0,0.0,0.0,^VIX
2025-07-22 00:00:00-05:00,16.75,17.479999542236328,16.43000030517578,16.5,0,0.0,0.0,^VIX
2025-07-23 00:00:00-05:00,16.229999542236328,16.31999969482422,15.319999694824219,15.369999885559082,0,0.0,0.0,^VIX
2025-07-24 00:00:00-05:00,15.390000343322754,15.539999961853027,14.949999809265137,15.390000343322754,0,0.0,0.0,^VIX
2025-07-25 00:00:00-05:00,15.329999923706055,15.390000343322754,14.920000076293945,14.930000305175781,0,0.0,0.0,^VIX
2025-07-28 00:00:00-05:00,15.149999618530273,15.539999961853027,15.0,15.029999732971191,0,0.0,0.0,^VIX
2025-07-29 00:00:00-05:00,14.949999809265137,16.1200008392334,14.699999809265137,15.979999542236328,0,0.0,0.0,^VIX
2025-07-30 00:00:00-05:00,15.869999885559082,17.270000457763672,15.4399995803833,15.479999542236328,0,0.0,0.0,^VIX
2025-07-31 00:00:00-05:00,14.989999771118164,17.170000076293945,14.739999771118164,16.719999313354492,0,0.0,0.0,^VIX
2025-08-01 00:00:00-05:00,17.399999618530273,21.899999618530273,17.389999389648438,20.3799991607666,0,0.0,0.0,^VIX
2025-08-04 00:00:00-05:00,19.559999465942383,19.579999923706055,17.479999542236328,17.520000457763672,0,0.0,0.0,^VIX
2025-08-05 00:00:00-05:00,17.209999084472656,18.940000534057617,17.110000610351562,17.850000381469727,0,0.0,0.0,^VIX
2025-08-06 00:00:00-05:00,17.219999313354492,17.8799991607666,16.559999465942383,16.770000457763672,0,0.0,0.0,^VIX
2025-08-07 00:00:00-05:00,16.40999984741211,17.639999389648438,15.979999542236328,16.56999969482422,0,0.0,0.0,^VIX
2025-08-08 00:00:00-05:00,16.479999542236328,16.520000457763672,15.149999618530273,15.149999618530273,0,0.0,0.0,^VIX
2025-08-11 00:00:00-05:00,15.8100004196167,16.360000610351562,15.520000457763672,16.25,0,0.0,0.0,^VIX
2025-08-12 00:00:00-05:00,16.09000015258789,16.559999465942383,14.65999984741211,14.729999542236328,0,0.0,0.0,^VIX
2025-08-13 00:00:00-05:00,14.619999885559082,14.8100004196167,14.300000190734863,14.489999771118164,0,0.0,0.0,^VIX
2025-08-14 00:00:00-05:00,14.65999984741211,15.390000343322754,14.569999694824219,14.829999923706055,0,0.0,0.0,^VIX
2025-08-15 00:00:00-05:00,14.430000305175781,15.180000305175781,14.399999618530273,15.09000015258789,0,0.0,0.0,^VIX
2025-08-18 00:00:00-05:00,15.729999542236328,15.949999809265137,14.949999809265137,14.989999771118164,0,0.0,0.0,^VIX
2025-08-19 00:00:00-05:00,15.229999542236328,15.90999984741211,14.760000228881836,15.569999694824219,0,0.0,0.0,^VIX
2025-08-20 00:00:00-05:00,15.949999809265137,17.190000534057617,15.569999694824219,15.6899995803833,0,0.0,0.0,^VIX
2025-08-21 00:00:00-05:00,15.720000267028809,17.239999771118164,15.649999618530273,16.600000381469727,0,0.0,0.0,^VIX
2025-08-22 00:00:00-05:00,16.809999465942383,16.829999923706055,14.210000038146973,14.220000267028809,0,0.0,0.0,^VIX
2025-08-25 00:00:00-05:00,15.050000190734863,15.1899995803833,14.239999771118164,14.789999961853027,0,0.0,0.0,^VIX
2025-08-26 00:00:00-05:00,15.75,15.75,14.619999885559082,14.619999885559082,0,0.0,0.0,^VIX
2025-08-27 00:00:00-05:00,14.65999984741211,15.229999542236328,14.65999984741211,14.850000381469727,0,0.0,0.0,^VIX
2025-08-28 00:00:00-05:00,14.420000076293945,14.6899995803833,14.119999885559082,14.430000305175781,0,0.0,0.0,^VIX
2025-08-29 00:00:00-05:00,14.3100004196167,15.970000267028809,14.3100004196167,15.359999656677246,0,0.0,0.0,^VIX
2025-09-02 00:00:00-05:00,16.649999618530273,19.3799991607666,16.549999237060547,17.170000076293945,0,0.0,0.0,^VIX
2025-09-03 00:00:00-05:00,17.399999618530273,17.56999969482422,16.34000015258789,16.350000381469727,0,0.0,0.0,^VIX
2025-09-04 00:00:00-05:00,16.219999313354492,16.350000381469727,15.279999732971191,15.300000190734863,0,0.0,0.0,^VIX
2025-09-05 00:00:00-05:00,15.229999542236328,16.920000076293945,14.739999771118164,15.180000305175781,0,0.0,0.0,^VIX
2025-09-08 00:00:00-05:00,15.579999923706055,15.649999618530273,14.989999771118164,15.109999656677246,0,0.0,0.0,^VIX
2025-09-09 00:00:00-05:00,15.020000457763672,15.819999694824219,14.970000267028809,15.039999961853027,0,0.0,0.0,^VIX
2025-09-10 00:00:00-05:00,14.979999542236328,15.630000114440918,14.630000114440918,15.350000381469727,0,0.0,0.0,^VIX
2025-09-11 00:00:00-05:00,15.1899995803833,15.239999771118164,14.649999618530273,14.710000038146973,0,0.0,0.0,^VIX
2025-09-12 00:00:00-05:00,14.619999885559082,14.970000267028809,14.40999984741211,14.760000228881836,0,0.0,0.0,^VIX
2025-09-15 00:00:00-05:00,15.140000343322754,15.84000015258789,14.920000076293945,15.6899995803833,0,0.0,0.0,^VIX
2025-09-16 00:00:00-05:00,15.600000381469727,16.3799991607666,15.4399995803833,16.360000610351562,0,0.0,0.0,^VIX
2025-09-17 00:00:00-05:00,16.420000076293945,16.75,15.260000228881836,15.720000267028809,0,0.0,0.0,^VIX
2025-09-18 00:00:00-05:00,14.930000305175781,15.800000190734863,14.329999923706055,15.699999809265137,0,0.0,0.0,^VIX
2025-09-19 00:00:00-05:00,15.760000228881836,16.1299991607666,15.289999961853027,15.449999809265137,0,0.0,0.0,^VIX
2025-09-22 00:00:00-05:00,16.139999389648438,16.350000381469727,15.779999732971191,16.100000381469727,0,0.0,0.0,^VIX
2025-09-23 00:00:00-05:00,16.100000381469727,17.06999969482422,15.949999809265137,16.639999389648438,0,0.0,0.0,^VIX
2025-09-24 00:00:00-05:00,16.56999969482422,17.209999084472656,16.18000030517578,16.18000030517578,0,0.0,0.0,^VIX
2025-09-25 00:00:00-05:00,16.549999237060547,17.739999771118164,16.31999969482422,16.739999771118164,0,0.0,0.0,^VIX
2025-09-26 00:00:00-05:00,16.889999389648438,17.049999237060547,15.289999961853027,15.289999961853027,0,0.0,0.0,^VIX
2025-09-29 00:00:00-05:00,15.84000015258789,16.290000915527344,15.739999771118164,16.1200008392334,0,0.0,0.0,^VIX
2025-09-30 00:00:00-05:00,16.489999771118164,16.700000762939453,16.020000457763672,16.280000686645508,0,0.0,0.0,^VIX
2025-10-01 00:00:00-05:00,17.280000686645508,17.280000686645508,15.979999542236328,16.290000915527344,0,0.0,0.0,^VIX
2025-10-02 00:00:00-05:00,16.1200008392334,16.920000076293945,15.930000305175781,16.6299991607666,0,0.0,0.0,^VIX
2025-10-03 00:00:00-05:00,16.350000381469727,17.059999465942383,16.200000762939453,16.649999618530273,0,0.0,0.0,^VIX
2025-10-06 00:00:00-05:00,16.739999771118164,17.09000015258789,16.290000915527344,16.3700008392334,0,0.0,0.0,^VIX
2025-10-07 00:00:00-05:00,16.579999923706055,17.549999237060547,16.190000534057617,17.239999771118164,0,0.0,0.0,^VIX
2025-10-08 00:00:00-05:00,17.170000076293945,17.200000762939453,16.229999542236328,16.299999237060547,0,0.0,0.0,^VIX
2025-10-09 00:00:00-05:00,16.309999465942383,17.270000457763672,16.260000228881836,16.43000030517578,0,0.0,0.0,^VIX
2025-10-10 00:00:00-05:00,16.360000610351562,22.440000534057617,16.229999542236328,21.65999984741211,0,0.0,0.0,^VIX
2025-10-13 00:00:00-05:00,19.450000762939453,20.770000457763672,18.610000610351562,19.030000686645508,0,0.0,0.0,^VIX
2025-10-14 00:00:00-05:00,21.459999084472656,22.940000534057617,19.18000030517578,20.809999465942383,0,0.0,0.0,^VIX
2025-10-15 00:00:00-05:00,20.020000457763672,22.440000534057617,19.110000610351562,20.639999389648438,0,0.0,0.0,^VIX
2025-10-16 00:00:00-05:00,20.489999771118164,25.43000030517578,19.850000381469727,25.309999465942383,0,0.0,0.0,^VIX
2025-10-17 00:00:00-05:00,28.40999984741211,28.989999771118164,20.729999542236328,20.780000686645508,0,0.0,0.0,^VIX
2025-10-20 00:00:00-05:00,20.530000686645508,21.020000457763672,18.229999542236328,18.229999542236328,0,0.0,0.0,^VIX
2025-10-21 00:00:00-05:00,18.649999618530273,18.889999389648438,17.399999618530273,17.8700008392334,0,0.0,0.0,^VIX
2025-10-22 00:00:00-05:00,17.84000015258789,21.010000228881836,17.729999542236328,18.600000381469727,0,0.0,0.0,^VIX
2025-10-23 00:00:00-05:00,18.360000610351562,19.350000381469727,17.079999923706055,17.299999237060547,0,0.0,0.0,^VIX
2025-10-24 00:00:00-05:00,17.020000457763672,17.219999313354492,16.020000457763672,16.3700008392334,0,0.0,0.0,^VIX
2025-10-27 00:00:00-05:00,15.729999542236328,16.06999969482422,15.619999885559082,15.789999961853027,0,0.0,0.0,^VIX
2025-10-28 00:00:00-05:00,15.949999809265137,16.549999237060547,15.65999984741211,16.420000076293945,0,0.0,0.0,^VIX
2025-10-29 00:00:00-05:00,16.34000015258789,17.579999923706055,16.260000228881836,16.920000076293945,0,0.0,0.0,^VIX
2025-10-30 00:00:00-05:00,16.260000228881836,17.40999984741211,15.729999542236328,16.90999984741211,0,0.0,0.0,^VIX
2025-10-31 00:00:00-05:00,16.43000030517578,18.540000915527344,15.960000038146973,17.440000534057617,0,0.0,0.0,^VIX
2025-11-03 00:00:00-06:00,18.059999465942383,18.829999923706055,17.0,17.170000076293945,0,0.0,0.0,^VIX
2025-11-04 00:00:00-06:00,19.729999542236328,20.479999542236328,17.899999618530273,19.0,0,0.0,0.0,^VIX
2025-11-05 00:00:00-06:00,19.3700008392334,20.020000457763672,17.309999465942383,18.010000228881836,0,0.0,0.0,^VIX
2025-11-06 00:00:00-06:00,18.360000610351562,20.309999465942383,17.639999389648438,19.5,0,0.0,0.0,^VIX
2025-11-07 00:00:00-06:00,19.520000457763672,22.719999313354492,19.079999923706055,19.079999923706055,0,0.0,0.0,^VIX
2025-11-10 00:00:00-06:00,18.579999923706055,18.81999969482422,17.600000381469727,17.600000381469727,0,0.0,0.0,^VIX
2025-11-11 00:00:00-06:00,17.899999618530273,18.010000228881836,17.25,17.280000686645508,0,0.0,0.0,^VIX
2025-11-12 00:00:00-06:00,17.209999084472656,18.059999465942383,17.100000381469727,17.510000228881836,0,0.0,0.0,^VIX
2025-11-13 00:00:00-06:00,17.610000610351562,21.309999465942383,17.510000228881836,20.0,0,0.0,0.0,^VIX
2025-11-14 00:00:00-06:00,21.329999923706055,23.030000686645508,19.559999465942383,19.829999923706055,0,0.0,0.0,^VIX
2025-11-17 00:00:00-06:00,19.579999923706055,23.440000534057617,19.540000915527344,22.3799991607666,0,0.0,0.0,^VIX
2025-11-18 00:00:00-06:00,23.540000915527344,25.84000015258789,22.90999984741211,24.690000534057617,0,0.0,0.0,^VIX
2025-11-19 00:00:00-06:00,24.520000457763672,24.790000915527344,21.93000030517578,23.65999984741211,0,0.0,0.0,^VIX
2025-11-20 00:00:00-06:00,20.780000686645508,28.270000457763672,19.280000686645508,26.420000076293945,0,0.0,0.0,^VIX
2025-11-21 00:00:00-06:00,25.969999313354492,27.84000015258789,22.540000915527344,23.43000030517578,0,0.0,0.0,^VIX
2025-11-24 00:00:00-06:00,22.690000534057617,23.68000030517578,20.40999984741211,20.520000457763672,0,0.0,0.0,^VIX
2025-11-25 00:00:00-06:00,20.549999237060547,21.770000457763672,18.389999389648438,18.559999465942383,0,0.0,0.0,^VIX
2025-11-26 00:00:00-06:00,18.25,18.700000762939453,16.93000030517578,17.190000534057617,0,0.0,0.0,^VIX
2025-11-28 00:00:00-06:00,17.40999984741211,18.520000457763672,15.779999732971191,16.350000381469727,0,0.0,0.0,^VIX
2025-12-01 00:00:00-06:00,18.049999237060547,18.329999923706055,16.579999923706055,17.239999771118164,0,0.0,0.0,^VIX
2025-12-02 00:00:00-06:00,17.280000686645508,17.309999465942383,16.389999389648438,16.59000015258789,0,0.0,0.0,^VIX
2025-12-03 00:00:00-06:00,16.43000030517578,17.280000686645508,15.930000305175781,16.079999923706055,0,0.0,0.0,^VIX
2025-12-04 00:00:00-06:00,16.229999542236328,16.6299991607666,15.680000305175781,15.779999732971191,0,0.0,0.0,^VIX
2025-12-05 00:00:00-06:00,15.579999923706055,16.18000030517578,15.279999732971191,15.40999984741211,0,0.0,0.0,^VIX
2025-12-08 00:00:00-06:00,16.149999618530273,17.09000015258789,16.100000381469727,16.65999984741211,0,0.0,0.0,^VIX
2025-12-09 00:00:00-06:00,16.65999984741211,17.200000762939453,16.450000762939453,16.93000030517578,0,0.0,0.0,^VIX
2025-12-10 00:00:00-06:00,16.940000534057617,17.65999984741211,15.5600004196167,15.770000457763672,0,0.0,0.0,^VIX
2025-12-11 00:00:00-06:00,16.84000015258789,16.8799991607666,14.850000381469727,14.850000381469727,0,0.0,0.0,^VIX
2025-12-12 00:00:00-06:00,14.989999771118164,17.850000381469727,14.850000381469727,15.739999771118164,0,0.0,0.0,^VIX
2025-12-15 00:00:00-06:00,16.510000228881836,17.350000381469727,15.989999771118164,16.5,0,0.0,0.0,^VIX
2025-12-16 00:00:00-06:00,17.280000686645508,17.610000610351562,16.190000534057617,16.479999542236328,0,0.0,0.0,^VIX
2025-12-17 00:00:00-06:00,16.450000762939453,18.0,15.819999694824219,17.6200008392334,0,0.0,0.0,^VIX
2025-12-18 00:00:00-06:00,17.610000610351562,17.68000030517578,15.930000305175781,16.8700008392334,0,0.0,0.0,^VIX
2025-12-19 00:00:00-06:00,16.309999465942383,16.530000686645508,14.90999984741211,14.90999984741211,0,0.0,0.0,^VIX
2025-12-22 00:00:00-06:00,15.15999984741211,15.260000228881836,14.029999732971191,14.079999923706055,0,0.0,0.0,^VIX
2025-12-23 00:00:00-06:00,14.09000015258789,14.449999809265137,13.640000343322754,14.0,0,0.0,0.0,^VIX
2025-12-24 00:00:00-06:00,14.09000015258789,14.15999984741211,13.380000114440918,13.470000267028809,0,0.0,0.0,^VIX
2025-12-26 00:00:00-06:00,14.119999885559082,14.289999961853027,13.520000457763672,13.600000381469727,0,0.0,0.0,^VIX
2025-12-29 00:00:00-06:00,14.6899995803833,15.079999923706055,13.989999771118164,14.199999809265137,0,0.0,0.0,^VIX
2025-12-30 00:00:00-06:00,14.430000305175781,14.619999885559082,14.039999961853027,14.329999923706055,0,0.0,0.0,^VIX
2025-12-31 00:00:00-06:00,14.770000457763672,15.170000076293945,14.380000114440918,14.949999809265137,0,0.0,0.0,^VIX
2026-01-02 00:00:00-06:00,14.850000381469727,15.420000076293945,14.460000038146973,14.510000228881836,0,0.0,0.0,^VIX
2026-01-05 00:00:00-06:00,15.140000343322754,15.270000457763672,14.649999618530273,14.899999618530273,0,0.0,0.0,^VIX
2026-01-06 00:00:00-06:00,15.0,15.210000038146973,14.630000114440918,14.75,0,0.0,0.0,^VIX
2026-01-07 00:00:00-06:00,14.949999809265137,15.479999542236328,14.829999923706055,15.380000114440918,0,0.0,0.0,^VIX
2026-01-08 00:00:00-06:00,15.6899995803833,15.850000381469727,15.149999618530273,15.449999809265137,0,0.0,0.0,^VIX
2026-01-09 00:00:00-06:00,15.680000305175781,15.8100004196167,14.430000305175781,14.489999771118164,0,0.0,0.0,^VIX
2026-01-12 00:00:00-06:00,16.059999465942383,16.65999984741211,15.029999732971191,15.119999885559082,0,0.0,0.0,^VIX
2026-01-13 00:00:00-06:00,15.359999656677246,16.5,14.75,15.979999542236328,0,0.0,0.0,^VIX
2026-01-14 00:00:00-06:00,16.329999923706055,18.100000381469727,16.219999313354492,16.75,0,0.0,0.0,^VIX
2026-01-15 00:00:00-06:00,16.520000457763672,16.540000915527344,15.300000190734863,15.84000015258789,0,0.0,0.0,^VIX
2026-01-16 00:00:00-06:00,15.4399995803833,16.290000915527344,15.300000190734863,15.859999656677246,0,0.0,0.0,^VIX
2026-01-20 00:00:00-06:00,19.940000534057617,20.989999771118164,18.639999389648438,20.09000015258789,0,0.0,0.0,^VIX
2026-01-21 00:00:00-06:00,19.309999465942383,20.809999465942383,16.670000076293945,16.899999618530273,0,0.0,0.0,^VIX
2026-01-22 00:00:00-06:00,16.649999618530273,16.670000076293945,15.270000457763672,15.640000343322754,0,0.0,0.0,^VIX
2026-01-23 00:00:00-06:00,15.680000305175781,16.209999084472656,15.300000190734863,16.09000015258789,0,0.0,0.0,^VIX
2026-01-26 00:00:00-06:00,16.899999618530273,17.389999389648438,15.800000190734863,16.149999618530273,0,0.0,0.0,^VIX
2026-01-27 00:00:00-06:00,16.020000457763672,16.3700008392334,15.739999771118164,16.350000381469727,0,0.0,0.0,^VIX
2026-01-28 00:00:00-06:00,16.09000015258789,17.18000030517578,16.049999237060547,16.350000381469727,0,0.0,0.0,^VIX
2026-01-29 00:00:00-06:00,16.040000915527344,19.739999771118164,16.020000457763672,16.8799991607666,0,0.0,0.0,^VIX
2026-01-30 00:00:00-06:00,18.719999313354492,19.270000457763672,16.670000076293945,17.440000534057617,0,0.0,0.0,^VIX
2026-02-02 00:00:00-06:00,19.950000762939453,19.959999084472656,16.079999923706055,16.34000015258789,0,0.0,0.0,^VIX
2026-02-03 00:00:00-06:00,16.15999984741211,20.3700008392334,16.049999237060547,18.0,0,0.0,0.0,^VIX
2026-02-04 00:00:00-06:00,17.6299991607666,21.239999771118164,17.469999313354492,18.639999389648438,0,0.0,0.0,^VIX
2026-02-05 00:00:00-06:00,19.239999771118164,23.100000381469727,19.059999465942383,21.770000457763672,0,0.0,0.0,^VIX
2026-02-06 00:00:00-06:00,21.239999771118164,21.489999771118164,19.989999771118164,20.3700008392334,0,0.0,0.0,^VIX
2026-02-09 00:00:00-06:00,17.950000762939453,19.200000762939453,16.899999618530273,17.360000610351562,0,0.0,0.0,^VIX
2026-02-10 00:00:00-06:00,17.469999313354492,17.969999313354492,17.139999389648438,17.790000915527344,0,0.0,0.0,^VIX
2026-02-11 00:00:00-06:00,17.8700008392334,18.959999084472656,16.75,17.649999618530273,0,0.0,0.0,^VIX
2026-02-12 00:00:00-06:00,17.440000534057617,21.209999084472656,17.079999923706055,20.81999969482422,0,0.0,0.0,^VIX
2026-02-13 00:00:00-06:00,21.479999542236328,22.399999618530273,18.920000076293945,20.600000381469727,0,0.0,0.0,^VIX
2026-02-17 00:00:00-06:00,21.739999771118164,22.959999084472656,19.760000228881836,20.290000915527344,0,0.0,0.0,^VIX
2026-02-18 00:00:00-06:00,19.780000686645508,20.34000015258789,18.479999542236328,19.6200008392334,0,0.0,0.0,^VIX
2026-02-19 00:00:00-06:00,19.34000015258789,21.110000610351562,19.229999542236328,20.229999542236328,0,0.0,0.0,^VIX
2026-02-20 00:00:00-06:00,20.040000915527344,21.209999084472656,18.760000228881836,19.09000015258789,0,0.0,0.0,^VIX
2026-02-23 00:00:00-06:00,20.489999771118164,22.040000915527344,19.5,21.010000228881836,0,0.0,0.0,^VIX
2026-02-24 00:00:00-06:00,21.239999771118164,22.079999923706055,19.229999542236328,19.549999237060547,0,0.0,0.0,^VIX
2026-02-25 00:00:00-06:00,19.59000015258789,19.6200008392334,17.860000610351562,17.93000030517578,0,0.0,0.0,^VIX
2026-02-26 00:00:00-06:00,18.06999969482422,20.540000915527344,17.5,18.6299991607666,0,0.0,0.0,^VIX
2026-02-27 00:00:00-06:00,19.280000686645508,20.43000030517578,18.770000457763672,20.399999618530273,0,0.0,0.0,^VIX
2025-02-27 00:00:00-05:00,126.66799926757812,126.875,125.97000122070312,126.02999877929688,0,0.0,0.0,^XDB
2025-02-28 00:00:00-05:00,126.01300048828125,126.4520034790039,125.58000183105469,125.78399658203125,0,0.0,0.0,^XDB
2025-03-03 00:00:00-05:00,126.8740005493164,127.25,126.70999908447266,126.98600006103516,0,0.0,0.0,^XDB
2025-03-04 00:00:00-05:00,127.46600341796875,128.00999450683594,126.99800109863281,127.91999816894531,0,0.0,0.0,^XDB
2025-03-05 00:00:00-05:00,128.1219940185547,129.0780029296875,128.02999877929688,128.9199981689453,0,0.0,0.0,^XDB
2025-03-06 00:00:00-05:00,128.86500549316406,129.19000244140625,128.6999969482422,128.7899932861328,0,0.0,0.0,^XDB
2025-03-07 00:00:00-05:00,129.10800170898438,129.39999389648438,128.9239959716797,129.10000610351562,0,0.0,0.0,^XDB
2025-03-10 00:00:00-04:00,129.2259979248047,129.47999572753906,128.60000610351562,128.77999877929688,0,0.0,0.0,^XDB
2025-03-11 00:00:00-04:00,129.24000549316406,129.6699981689453,129.17999267578125,129.55999755859375,0,0.0,0.0,^XDB
2025-03-12 00:00:00-04:00,129.4340057373047,129.91000366210938,129.22999572753906,129.63499450683594,0,0.0,0.0,^XDB
2025-03-13 00:00:00-04:00,129.33999633789062,129.67300415039062,129.1999969482422,129.5240020751953,0,0.0,0.0,^XDB
2025-03-14 00:00:00-04:00,129.39199829101562,129.52999877929688,129.11000061035156,129.3350067138672,0,0.0,0.0,^XDB
2025-03-17 00:00:00-04:00,129.7100067138672,130.0,129.5800018310547,129.89999389648438,0,0.0,0.0,^XDB
2025-03-18 00:00:00-04:00,129.64999389648438,130.11000061035156,129.50999450683594,129.9980010986328,0,0.0,0.0,^XDB
2025-03-19 00:00:00-04:00,129.77999877929688,130.27999877929688,129.5399932861328,129.99000549316406,0,0.0,0.0,^XDB
2025-03-20 00:00:00-04:00,129.5540008544922,129.8000030517578,129.35000610351562,129.72999572753906,0,0.0,0.0,^XDB
2025-03-21 00:00:00-04:00,129.4530029296875,129.57000732421875,128.8699951171875,129.13999938964844,0,0.0,0.0,^XDB
2025-03-24 00:00:00-04:00,129.44500732421875,129.52000427246094,128.95799255371094,129.23300170898438,0,0.0,0.0,^XDB
2025-03-25 00:00:00-04:00,129.41000366210938,129.67999267578125,129.32000732421875,129.42999267578125,0,0.0,0.0,^XDB
2025-03-26 00:00:00-04:00,128.968994140625,129.11000061035156,128.74000549316406,128.906005859375,0,0.0,0.0,^XDB
2025-03-27 00:00:00-04:00,129.32000732421875,129.92999267578125,129.22000122070312,129.47999572753906,0,0.0,0.0,^XDB
2025-03-28 00:00:00-04:00,129.3000030517578,129.6999969482422,129.24000549316406,129.38999938964844,0,0.0,0.0,^XDB
2025-03-31 00:00:00-04:00,129.52699279785156,129.58999633789062,128.86000061035156,129.17999267578125,0,0.0,0.0,^XDB
2025-04-01 00:00:00-04:00,128.9199981689453,129.3300018310547,128.77999877929688,129.24400329589844,0,0.0,0.0,^XDB
2025-04-02 00:00:00-04:00,129.47999572753906,130.25100708007812,129.33999633789062,129.95700073242188,0,0.0,0.0,^XDB
2025-04-03 00:00:00-04:00,131.74000549316406,131.9600067138672,130.7899932861328,131.01100158691406,0,0.0,0.0,^XDB
2025-04-04 00:00:00-04:00,130.20700073242188,130.5030059814453,128.52999877929688,128.83999633789062,0,0.0,0.0,^XDB
2025-04-07 00:00:00-04:00,128.22999572753906,128.53399658203125,127.08000183105469,127.2300033569336,0,0.0,0.0,^XDB
2025-04-08 00:00:00-04:00,127.78299713134766,128.13999938964844,127.40499877929688,127.66999816894531,0,0.0,0.0,^XDB
2025-04-09 00:00:00-04:00,127.73799896240234,128.3800048828125,127.44000244140625,128.22500610351562,0,0.0,0.0,^XDB
2025-04-10 00:00:00-04:00,129.32000732421875,129.9600067138672,128.9199981689453,129.69000244140625,0,0.0,0.0,^XDB
2025-04-11 00:00:00-04:00,130.85000610351562,131.35000610351562,130.3000030517578,130.76800537109375,0,0.0,0.0,^XDB
2025-04-14 00:00:00-04:00,131.75799560546875,132.00999450683594,131.22000122070312,131.86599731445312,0,0.0,0.0,^XDB
2025-04-15 00:00:00-04:00,132.33999633789062,132.47999572753906,132.0399932861328,132.30999755859375,0,0.0,0.0,^XDB
2025-04-16 00:00:00-04:00,132.70799255371094,132.72999572753906,132.1199951171875,132.4980010986328,0,0.0,0.0,^XDB
2025-04-17 00:00:00-04:00,132.27499389648438,132.75,132.17999267578125,132.63699340820312,0,0.0,0.0,^XDB
2025-04-21 00:00:00-04:00,133.97999572753906,134.10000610351562,133.6199951171875,133.7790069580078,0,0.0,0.0,^XDB
2025-04-22 00:00:00-04:00,133.77999877929688,133.91000366210938,133.25999450683594,133.36000061035156,0,0.0,0.0,^XDB
2025-04-23 00:00:00-04:00,132.9929962158203,133.2899932861328,132.49000549316406,132.55099487304688,0,0.0,0.0,^XDB
2025-04-24 00:00:00-04:00,133.08399963378906,133.5,132.89999389648438,133.4199981689453,0,0.0,0.0,^XDB
2025-04-25 00:00:00-04:00,133.05999755859375,133.33999633789062,132.97999572753906,133.1510009765625,0,0.0,0.0,^XDB
2025-04-28 00:00:00-04:00,133.38299560546875,134.4720001220703,133.3699951171875,134.41000366210938,0,0.0,0.0,^XDB
2025-04-29 00:00:00-04:00,133.85000610351562,134.22000122070312,133.82000732421875,134.06100463867188,0,0.0,0.0,^XDB
2025-04-30 00:00:00-04:00,133.57000732421875,133.67100524902344,133.08900451660156,133.28500366210938,0,0.0,0.0,^XDB
2025-05-01 00:00:00-04:00,133.25,133.4040069580078,132.60000610351562,132.8560028076172,0,0.0,0.0,^XDB
2025-05-02 00:00:00-04:00,132.9499969482422,133.30999755859375,132.6300048828125,132.74000549316406,0,0.0,0.0,^XDB
2025-05-05 00:00:00-04:00,133.1649932861328,133.3800048828125,132.69000244140625,132.93299865722656,0,0.0,0.0,^XDB
2025-05-06 00:00:00-04:00,133.69900512695312,134.02999877929688,133.50999450683594,133.68699645996094,0,0.0,0.0,^XDB
2025-05-07 00:00:00-04:00,133.48199462890625,133.77999877929688,132.8000030517578,132.94000244140625,0,0.0,0.0,^XDB
2025-05-08 00:00:00-04:00,133.26199340820312,133.47000122070312,132.27999877929688,132.47000122070312,0,0.0,0.0,^XDB
2025-05-09 00:00:00-04:00,132.76400756835938,133.22999572753906,132.72000122070312,133.0399932861328,0,0.0,0.0,^XDB
2025-05-12 00:00:00-04:00,131.77000427246094,132.16000366210938,131.6199951171875,131.77099609375,0,0.0,0.0,^XDB
2025-05-13 00:00:00-04:00,132.13999938964844,133.16000366210938,132.1199951171875,133.06100463867188,0,0.0,0.0,^XDB
2025-05-14 00:00:00-04:00,133.33700561523438,133.38999938964844,132.53599548339844,132.6060028076172,0,0.0,0.0,^XDB
2025-05-15 00:00:00-04:00,132.70399475097656,133.2100067138672,132.6300048828125,133.04299926757812,0,0.0,0.0,^XDB
2025-05-16 00:00:00-04:00,132.8300018310547,133.0,132.49000549316406,132.80999755859375,0,0.0,0.0,^XDB
2025-05-19 00:00:00-04:00,133.82000732421875,133.89999389648438,133.44000244140625,133.60499572753906,0,0.0,0.0,^XDB
2025-05-20 00:00:00-04:00,133.6179962158203,133.9499969482422,133.33999633789062,133.8769989013672,0,0.0,0.0,^XDB
2025-05-21 00:00:00-04:00,134.14999389648438,134.5399932861328,134.0,134.20799255371094,0,0.0,0.0,^XDB
2025-05-22 00:00:00-04:00,134.19900512695312,134.3800048828125,133.7519989013672,134.19400024414062,0,0.0,0.0,^XDB
2025-05-23 00:00:00-04:00,134.88999938964844,135.55999755859375,134.77000427246094,135.41000366210938,0,0.0,0.0,^XDB
2025-05-27 00:00:00-04:00,135.48699951171875,135.66000366210938,134.99000549316406,135.11399841308594,0,0.0,0.0,^XDB
2025-05-28 00:00:00-04:00,134.79200744628906,134.89999389648438,134.49000549316406,134.7220001220703,0,0.0,0.0,^XDB
2025-05-29 00:00:00-04:00,134.60000610351562,135.08999633789062,134.60000610351562,134.9429931640625,0,0.0,0.0,^XDB
2025-05-30 00:00:00-04:00,134.77000427246094,135.00999450683594,134.47000122070312,134.6199951171875,0,0.0,0.0,^XDB
2025-06-02 00:00:00-04:00,135.35899353027344,135.61000061035156,135.10299682617188,135.42100524902344,0,0.0,0.0,^XDB
2025-06-03 00:00:00-04:00,135.03599548339844,135.35000610351562,134.91000366210938,135.19000244140625,0,0.0,0.0,^XDB
2025-06-04 00:00:00-04:00,135.13800048828125,135.82000732421875,135.11000061035156,135.5780029296875,0,0.0,0.0,^XDB
2025-06-05 00:00:00-04:00,135.7100067138672,136.17999267578125,135.64999389648438,135.7220001220703,0,0.0,0.0,^XDB
2025-06-06 00:00:00-04:00,135.51300048828125,135.63400268554688,135.07000732421875,135.25100708007812,0,0.0,0.0,^XDB
2025-06-09 00:00:00-04:00,135.6179962158203,135.75,135.22999572753906,135.47000122070312,0,0.0,0.0,^XDB
2025-06-10 00:00:00-04:00,135.0570068359375,135.3800048828125,134.88999938964844,135.04600524902344,0,0.0,0.0,^XDB
2025-06-11 00:00:00-04:00,134.95399475097656,135.67999267578125,134.88699340820312,135.5,0,0.0,0.0,^XDB
2025-06-12 00:00:00-04:00,135.92999267578125,136.24000549316406,135.7989959716797,136.11000061035156,0,0.0,0.0,^XDB
2025-06-13 00:00:00-04:00,135.39300537109375,136.031005859375,135.1699981689453,135.64999389648438,0,0.0,0.0,^XDB
2025-06-16 00:00:00-04:00,135.7899932861328,136.2239990234375,135.6999969482422,135.72000122070312,0,0.0,0.0,^XDB
2025-06-17 00:00:00-04:00,135.6199951171875,135.74000549316406,134.14999389648438,134.2899932861328,0,0.0,0.0,^XDB
2025-06-18 00:00:00-04:00,134.52000427246094,134.76499938964844,134.0,134.2220001220703,0,0.0,0.0,^XDB
2025-06-20 00:00:00-04:00,134.9770050048828,135.11300659179688,134.39999389648438,134.5800018310547,0,0.0,0.0,^XDB
2025-06-23 00:00:00-04:00,133.94500732421875,135.32000732421875,133.72999572753906,135.19000244140625,0,0.0,0.0,^XDB
2025-06-24 00:00:00-04:00,136.13400268554688,136.49000549316406,135.91000366210938,136.218994140625,0,0.0,0.0,^XDB
2025-06-25 00:00:00-04:00,136.07400512695312,136.72000122070312,135.90699768066406,136.56500244140625,0,0.0,0.0,^XDB
2025-06-26 00:00:00-04:00,137.07000732421875,137.72000122070312,136.9980010986328,137.31199645996094,0,0.0,0.0,^XDB
2025-06-27 00:00:00-04:00,137.375,137.52999877929688,136.8300018310547,137.22999572753906,0,0.0,0.0,^XDB
2025-06-30 00:00:00-04:00,137.05499267578125,137.3699951171875,136.74400329589844,137.31300354003906,0,0.0,0.0,^XDB
2025-07-01 00:00:00-04:00,137.54400634765625,137.61000061035156,137.02999877929688,137.46600341796875,0,0.0,0.0,^XDB
2025-07-02 00:00:00-04:00,136.6300048828125,136.67999267578125,135.6199951171875,136.36000061035156,0,0.0,0.0,^XDB
2025-07-03 00:00:00-04:00,136.5709991455078,136.74200439453125,135.86000061035156,136.47999572753906,0,0.0,0.0,^XDB
2025-07-07 00:00:00-04:00,136.14999389648438,136.49000549316406,135.89700317382812,136.0500030517578,0,0.0,0.0,^XDB
2025-07-08 00:00:00-04:00,135.73699951171875,135.97999572753906,135.25999450683594,135.88699340820312,0,0.0,0.0,^XDB
2025-07-09 00:00:00-04:00,135.7779998779297,136.1999969482422,135.75999450683594,135.86000061035156,0,0.0,0.0,^XDB
2025-07-10 00:00:00-04:00,135.82000732421875,135.8699951171875,135.3300018310547,135.7899932861328,0,0.0,0.0,^XDB
2025-07-11 00:00:00-04:00,135.02999877929688,135.197998046875,134.81300354003906,134.99000549316406,0,0.0,0.0,^XDB
2025-07-14 00:00:00-04:00,134.8300018310547,134.92999267578125,134.1999969482422,134.2530059814453,0,0.0,0.0,^XDB
2025-07-15 00:00:00-04:00,134.4340057373047,134.67100524902344,133.77999877929688,133.85699462890625,0,0.0,0.0,^XDB
2025-07-16 00:00:00-04:00,134.00999450683594,134.86099243164062,133.63999938964844,134.16600036621094,0,0.0,0.0,^XDB
2025-07-17 00:00:00-04:00,133.92300415039062,134.22000122070312,133.8070068359375,134.16700744628906,0,0.0,0.0,^XDB
2025-07-18 00:00:00-04:00,134.56700134277344,134.75999450683594,134.05999755859375,134.08299255371094,0,0.0,0.0,^XDB
2025-07-21 00:00:00-04:00,134.77999877929688,135.10000610351562,134.66000366210938,134.8990020751953,0,0.0,0.0,^XDB
2025-07-22 00:00:00-04:00,134.8699951171875,135.3730010986328,134.7100067138672,135.27999877929688,0,0.0,0.0,^XDB
2025-07-23 00:00:00-04:00,135.38999938964844,135.85000610351562,135.22999572753906,135.7790069580078,0,0.0,0.0,^XDB
2025-07-24 00:00:00-04:00,135.52000427246094,135.62899780273438,135.02999877929688,135.1199951171875,0,0.0,0.0,^XDB
2025-07-25 00:00:00-04:00,134.51400756835938,134.55999755859375,134.16000366210938,134.36000061035156,0,0.0,0.0,^XDB
2025-07-28 00:00:00-04:00,134.2729949951172,134.41000366210938,133.38999938964844,133.55999755859375,0,0.0,0.0,^XDB
2025-07-29 00:00:00-04:00,133.406005859375,133.64999389648438,133.07000732421875,133.52000427246094,0,0.0,0.0,^XDB
2025-07-30 00:00:00-04:00,133.73300170898438,133.80999755859375,132.27999877929688,132.46600341796875,0,0.0,0.0,^XDB
2025-07-31 00:00:00-04:00,132.3939971923828,132.4199981689453,131.85000610351562,132.10000610351562,0,0.0,0.0,^XDB
2025-08-01 00:00:00-04:00,131.58999633789062,133.11000061035156,131.4429931640625,132.82000732421875,0,0.0,0.0,^XDB
2025-08-04 00:00:00-04:00,132.94900512695312,133.32000732421875,132.7100067138672,132.88900756835938,0,0.0,0.0,^XDB
2025-08-05 00:00:00-04:00,132.80999755859375,133.1699981689453,132.67999267578125,132.9980010986328,0,0.0,0.0,^XDB
2025-08-06 00:00:00-04:00,133.17999267578125,133.6999969482422,133.0800018310547,133.5709991455078,0,0.0,0.0,^XDB
2025-08-07 00:00:00-04:00,134.12899780273438,134.5,133.9040069580078,134.41000366210938,0,0.0,0.0,^XDB
2025-08-08 00:00:00-04:00,134.406005859375,134.58999633789062,134.1699981689453,134.49000549316406,0,0.0,0.0,^XDB
2025-08-11 00:00:00-04:00,134.3000030517578,134.3800048828125,133.9980010986328,134.3470001220703,0,0.0,0.0,^XDB
2025-08-12 00:00:00-04:00,134.56100463867188,135.24000549316406,134.5399932861328,135.01400756835938,0,0.0,0.0,^XDB
2025-08-13 00:00:00-04:00,135.77000427246094,135.86000061035156,135.54200744628906,135.72000122070312,0,0.0,0.0,^XDB
2025-08-14 00:00:00-04:00,135.72999572753906,135.83999633789062,135.1999969482422,135.30799865722656,0,0.0,0.0,^XDB
2025-08-15 00:00:00-04:00,135.5970001220703,135.75999450683594,135.41000366210938,135.55999755859375,0,0.0,0.0,^XDB
2025-08-18 00:00:00-04:00,135.38999938964844,135.51499938964844,135.0,135.08299255371094,0,0.0,0.0,^XDB
2025-08-19 00:00:00-04:00,135.22999572753906,135.27000427246094,134.77000427246094,134.89100646972656,0,0.0,0.0,^XDB
2025-08-20 00:00:00-04:00,134.7239990234375,134.9600067138672,134.47000122070312,134.60499572753906,0,0.0,0.0,^XDB
2025-08-21 00:00:00-04:00,134.5399932861328,134.7310028076172,134.0500030517578,134.13299560546875,0,0.0,0.0,^XDB
2025-08-22 00:00:00-04:00,134.13999938964844,135.4499969482422,134.11000061035156,135.26699829101562,0,0.0,0.0,^XDB
2025-08-25 00:00:00-04:00,135.19400024414062,135.2100067138672,134.4600067138672,134.5850067138672,0,0.0,0.0,^XDB
2025-08-26 00:00:00-04:00,134.8800048828125,134.9499969482422,134.67999267578125,134.81199645996094,0,0.0,0.0,^XDB
2025-08-27 00:00:00-04:00,134.32000732421875,135.02999877929688,134.3000030517578,134.95199584960938,0,0.0,0.0,^XDB
2025-08-28 00:00:00-04:00,135.14599609375,135.32000732421875,134.88999938964844,135.11300659179688,0,0.0,0.0,^XDB
2025-08-29 00:00:00-04:00,134.5330047607422,135.19000244140625,134.4600067138672,134.98199462890625,0,0.0,0.0,^XDB
2025-09-02 00:00:00-04:00,133.83399963378906,134.19000244140625,133.38999938964844,133.8800048828125,0,0.0,0.0,^XDB
2025-09-03 00:00:00-04:00,134.11900329589844,134.58999633789062,134.08900451660156,134.4499969482422,0,0.0,0.0,^XDB
2025-09-04 00:00:00-04:00,134.33599853515625,134.55499267578125,134.16000366210938,134.30999755859375,0,0.0,0.0,^XDB
2025-09-05 00:00:00-04:00,134.6219940185547,135.5500030517578,134.57899475097656,135.0330047607422,0,0.0,0.0,^XDB
2025-09-08 00:00:00-04:00,135.29400634765625,135.57000732421875,135.27000427246094,135.4669952392578,0,0.0,0.0,^XDB
2025-09-09 00:00:00-04:00,135.58200073242188,135.7449951171875,135.1699981689453,135.27000427246094,0,0.0,0.0,^XDB
2025-09-10 00:00:00-04:00,135.33999633789062,135.63400268554688,135.1999969482422,135.31700134277344,0,0.0,0.0,^XDB
2025-09-11 00:00:00-04:00,135.07699584960938,135.83999633789062,135.01800537109375,135.71800231933594,0,0.0,0.0,^XDB
2025-09-12 00:00:00-04:00,135.49000549316406,135.72000122070312,135.24000549316406,135.58700561523438,0,0.0,0.0,^XDB
2025-09-15 00:00:00-04:00,136.15199279785156,136.2100067138672,135.83999633789062,135.98599243164062,0,0.0,0.0,^XDB
2025-09-16 00:00:00-04:00,136.44000244140625,136.72999572753906,136.25100708007812,136.5500030517578,0,0.0,0.0,^XDB
2025-09-17 00:00:00-04:00,136.4709930419922,137.27000427246094,136.19000244140625,136.32000732421875,0,0.0,0.0,^XDB
2025-09-18 00:00:00-04:00,136.2169952392578,136.23199462890625,135.3300018310547,135.51800537109375,0,0.0,0.0,^XDB
2025-09-19 00:00:00-04:00,134.77999877929688,134.99000549316406,134.6300048828125,134.74000549316406,0,0.0,0.0,^XDB
2025-09-22 00:00:00-04:00,135.0,135.2100067138672,134.88999938964844,135.0800018310547,0,0.0,0.0,^XDB
2025-09-23 00:00:00-04:00,135.14500427246094,135.3699951171875,135.05999755859375,135.23500061035156,0,0.0,0.0,^XDB
2025-09-24 00:00:00-04:00,134.58200073242188,134.7100067138672,134.26699829101562,134.4759979248047,0,0.0,0.0,^XDB
2025-09-25 00:00:00-04:00,134.21600341796875,134.24000549316406,133.23599243164062,133.44500732421875,0,0.0,0.0,^XDB
2025-09-26 00:00:00-04:00,133.5,134.13999938964844,133.47999572753906,134.02000427246094,0,0.0,0.0,^XDB
2025-09-29 00:00:00-04:00,134.4669952392578,134.57000732421875,134.14999389648438,134.2899932861328,0,0.0,0.0,^XDB
2025-09-30 00:00:00-04:00,134.3699951171875,134.67100524902344,134.1300048828125,134.4499969482422,0,0.0,0.0,^XDB
2025-10-01 00:00:00-04:00,134.8209991455078,135.27999877929688,134.6540069580078,134.77999877929688,0,0.0,0.0,^XDB
2025-10-02 00:00:00-04:00,134.77000427246094,134.8350067138672,134.0,134.41299438476562,0,0.0,0.0,^XDB
2025-10-03 00:00:00-04:00,134.49000549316406,134.8699951171875,134.3699951171875,134.77999877929688,0,0.0,0.0,^XDB
2025-10-06 00:00:00-04:00,134.25,134.91000366210938,134.22999572753906,134.83700561523438,0,0.0,0.0,^XDB
2025-10-07 00:00:00-04:00,134.01699829101562,134.5500030517578,133.92999267578125,134.30299377441406,0,0.0,0.0,^XDB
2025-10-08 00:00:00-04:00,134.07400512695312,134.39999389648438,133.6999969482422,134.04200744628906,0,0.0,0.0,^XDB
2025-10-09 00:00:00-04:00,133.75100708007812,133.94500732421875,132.7899932861328,133.0019989013672,0,0.0,0.0,^XDB
2025-10-10 00:00:00-04:00,132.72300720214844,133.71099853515625,132.6750030517578,133.52999877929688,0,0.0,0.0,^XDB
2025-10-13 00:00:00-04:00,133.31100463867188,133.4550018310547,133.19000244140625,133.39599609375,0,0.0,0.0,^XDB
2025-10-14 00:00:00-04:00,132.6999969482422,133.3300018310547,132.48899841308594,133.23599243164062,0,0.0,0.0,^XDB
2025-10-15 00:00:00-04:00,133.52000427246094,134.08999633789062,133.33999633789062,133.9949951171875,0,0.0,0.0,^XDB
2025-10-16 00:00:00-04:00,134.406005859375,134.55999755859375,134.1230010986328,134.31700134277344,0,0.0,0.0,^XDB
2025-10-17 00:00:00-04:00,134.35000610351562,134.39999389648438,133.89999389648438,134.27000427246094,0,0.0,0.0,^XDB
2025-10-20 00:00:00-04:00,134.11900329589844,134.30999755859375,133.99000549316406,134.06100463867188,0,0.0,0.0,^XDB
2025-10-21 00:00:00-04:00,133.85000610351562,133.9720001220703,133.60000610351562,133.70399475097656,0,0.0,0.0,^XDB
2025-10-22 00:00:00-04:00,133.28199768066406,133.77000427246094,133.09500122070312,133.5959930419922,0,0.0,0.0,^XDB
2025-10-23 00:00:00-04:00,133.36099243164062,133.52000427246094,133.07000732421875,133.25799560546875,0,0.0,0.0,^XDB
2025-10-24 00:00:00-04:00,133.05999755859375,133.60000610351562,132.8699951171875,133.0800018310547,0,0.0,0.0,^XDB
2025-10-27 00:00:00-04:00,133.47900390625,133.52999877929688,133.1699981689453,133.35499572753906,0,0.0,0.0,^XDB
2025-10-28 00:00:00-04:00,133.08700561523438,133.13999938964844,132.48199462890625,132.73300170898438,0,0.0,0.0,^XDB
2025-10-29 00:00:00-04:00,132.17999267578125,132.47500610351562,131.406005859375,131.9499969482422,0,0.0,0.0,^XDB
2025-10-30 00:00:00-04:00,131.78199768066406,131.86000061035156,131.16299438476562,131.52000427246094,0,0.0,0.0,^XDB
2025-10-31 00:00:00-04:00,131.28500366210938,131.55999755859375,130.97000122070312,131.52000427246094,0,0.0,0.0,^XDB
2025-11-03 00:00:00-05:00,131.39999389648438,131.6300048828125,131.08599853515625,131.41000366210938,0,0.0,0.0,^XDB
2025-11-04 00:00:00-05:00,130.66299438476562,130.69000244140625,130.08999633789062,130.23399353027344,0,0.0,0.0,^XDB
2025-11-05 00:00:00-05:00,130.42100524902344,130.55999755859375,130.13900756835938,130.49000549316406,0,0.0,0.0,^XDB
2025-11-06 00:00:00-05:00,131.0,131.44000244140625,130.8000030517578,131.30999755859375,0,0.0,0.0,^XDB
2025-11-07 00:00:00-05:00,131.15499877929688,131.75999450683594,131.13999938964844,131.63499450683594,0,0.0,0.0,^XDB
2025-11-10 00:00:00-05:00,131.8300018310547,131.9199981689453,131.45700073242188,131.76100158691406,0,0.0,0.0,^XDB
2025-11-11 00:00:00-05:00,131.41900634765625,131.85000610351562,131.41000366210938,131.5399932861328,0,0.0,0.0,^XDB
2025-11-12 00:00:00-05:00,131.17799377441406,131.4499969482422,130.8300018310547,131.3000030517578,0,0.0,0.0,^XDB
2025-11-13 00:00:00-05:00,131.8090057373047,132.1699981689453,131.58599853515625,132.00999450683594,0,0.0,0.0,^XDB
2025-11-14 00:00:00-05:00,131.8000030517578,131.802001953125,131.25,131.7310028076172,0,0.0,0.0,^XDB
2025-11-17 00:00:00-05:00,131.802001953125,131.88999938964844,131.44000244140625,131.57000732421875,0,0.0,0.0,^XDB
2025-11-18 00:00:00-05:00,131.5279998779297,131.72999572753906,131.33999633789062,131.50399780273438,0,0.0,0.0,^XDB
2025-11-19 00:00:00-05:00,131.19000244140625,131.3000030517578,130.42999267578125,130.5800018310547,0,0.0,0.0,^XDB
2025-11-20 00:00:00-05:00,130.5709991455078,131.23500061035156,130.51100158691406,130.75999450683594,0,0.0,0.0,^XDB
2025-11-21 00:00:00-05:00,130.89100646972656,131.10000610351562,130.68099975585938,130.85000610351562,0,0.0,0.0,^XDB
2025-11-24 00:00:00-05:00,131.11900329589844,131.19000244140625,130.7899932861328,131.0500030517578,0,0.0,0.0,^XDB
2025-11-25 00:00:00-05:00,131.3489990234375,132.14999389648438,131.32200622558594,131.74000549316406,0,0.0,0.0,^XDB
2025-11-26 00:00:00-05:00,131.84100341796875,132.656005859375,131.75999450683594,132.40899658203125,0,0.0,0.0,^XDB
2025-11-28 00:00:00-05:00,132.17599487304688,132.5469970703125,132.05999755859375,132.39100646972656,0,0.0,0.0,^XDB
2025-12-01 00:00:00-05:00,132.67300415039062,132.75999450683594,132.0800018310547,132.12600708007812,0,0.0,0.0,^XDB
2025-12-02 00:00:00-05:00,132.09100341796875,132.1699981689453,131.7899932861328,132.0449981689453,0,0.0,0.0,^XDB
2025-12-03 00:00:00-05:00,132.99000549316406,133.56100463867188,132.9239959716797,133.5279998779297,0,0.0,0.0,^XDB
2025-12-04 00:00:00-05:00,133.5,133.86000061035156,133.218994140625,133.2519989013672,0,0.0,0.0,^XDB
2025-12-05 00:00:00-05:00,133.48399353027344,133.6199951171875,133.16000366210938,133.31399536132812,0,0.0,0.0,^XDB
2025-12-08 00:00:00-05:00,133.1999969482422,133.38999938964844,133.05799865722656,133.24000549316406,0,0.0,0.0,^XDB
2025-12-09 00:00:00-05:00,133.2010040283203,133.27999877929688,132.8699951171875,132.98500061035156,0,0.0,0.0,^XDB
2025-12-10 00:00:00-05:00,133.14999389648438,133.88999938964844,133.02999877929688,133.81199645996094,0,0.0,0.0,^XDB
2025-12-11 00:00:00-05:00,133.89199829101562,134.38999938964844,133.8280029296875,133.91000366210938,0,0.0,0.0,^XDB
2025-12-12 00:00:00-05:00,133.73399353027344,133.85000610351562,133.4199981689453,133.71499633789062,0,0.0,0.0,^XDB
2025-12-15 00:00:00-05:00,133.88999938964844,134.02999877929688,133.58999633789062,133.72000122070312,0,0.0,0.0,^XDB
2025-12-16 00:00:00-05:00,134.36700439453125,134.56500244140625,134.01100158691406,134.22000122070312,0,0.0,0.0,^XDB
2025-12-17 00:00:00-05:00,133.4459991455078,134.07000732421875,133.38999938964844,133.7729949951172,0,0.0,0.0,^XDB
2025-12-18 00:00:00-05:00,133.94000244140625,134.47000122070312,133.6999969482422,133.7989959716797,0,0.0,0.0,^XDB
2025-12-19 00:00:00-05:00,133.72000122070312,133.9600067138672,133.55999755859375,133.781005859375,0,0.0,0.0,^XDB
2025-12-22 00:00:00-05:00,134.33599853515625,134.7899932861328,134.30999755859375,134.6300048828125,0,0.0,0.0,^XDB
2025-12-23 00:00:00-05:00,135.02000427246094,135.2779998779297,134.6999969482422,135.1699981689453,0,0.0,0.0,^XDB
2025-12-24 00:00:00-05:00,135.0399932861328,135.1300048828125,134.9199981689453,135.0070037841797,0,0.0,0.0,^XDB
2025-12-26 00:00:00-05:00,134.97999572753906,135.27999877929688,134.80999755859375,134.96299743652344,0,0.0,0.0,^XDB
2025-12-29 00:00:00-05:00,134.82000732421875,135.17999267578125,134.7949981689453,135.06199645996094,0,0.0,0.0,^XDB
2025-12-30 00:00:00-05:00,134.97000122070312,135.0,134.49000549316406,134.65899658203125,0,0.0,0.0,^XDB
2025-12-31 00:00:00-05:00,134.67100524902344,134.85000610351562,134.0189971923828,134.73500061035156,0,0.0,0.0,^XDB
2026-01-02 00:00:00-05:00,134.45599365234375,135.02999877929688,134.41000366210938,134.5970001220703,0,0.0,0.0,^XDB
2026-01-05 00:00:00-05:00,134.57000732421875,135.5,134.25,135.41400146484375,0,0.0,0.0,^XDB
2026-01-06 00:00:00-05:00,135.11000061035156,135.36000061035156,134.91000366210938,135.00999450683594,0,0.0,0.0,^XDB
2026-01-07 00:00:00-05:00,134.92999267578125,135.0330047607422,134.55999755859375,134.60800170898438,0,0.0,0.0,^XDB
2026-01-08 00:00:00-05:00,134.3820037841797,134.49000549316406,134.14999389648438,134.3699951171875,0,0.0,0.0,^XDB
2026-01-09 00:00:00-05:00,134.197998046875,134.50799560546875,133.92599487304688,134.02699279785156,0,0.0,0.0,^XDB
2026-01-12 00:00:00-05:00,134.65499877929688,134.8800048828125,134.5500030517578,134.64999389648438,0,0.0,0.0,^XDB
2026-01-13 00:00:00-05:00,134.61000061035156,134.94500732421875,134.2100067138672,134.25999450683594,0,0.0,0.0,^XDB
2026-01-14 00:00:00-05:00,134.52999877929688,134.64999389648438,134.24000549316406,134.42999267578125,0,0.0,0.0,^XDB
2026-01-15 00:00:00-05:00,134.05999755859375,134.05999755859375,133.6300048828125,133.8000030517578,0,0.0,0.0,^XDB
2026-01-16 00:00:00-05:00,134.0030059814453,134.08999633789062,133.66200256347656,133.79800415039062,0,0.0,0.0,^XDB
2026-01-20 00:00:00-05:00,134.45799255371094,134.77000427246094,134.24000549316406,134.4199981689453,0,0.0,0.0,^XDB
2026-01-21 00:00:00-05:00,134.2480010986328,134.60000610351562,134.0970001220703,134.27000427246094,0,0.0,0.0,^XDB
2026-01-22 00:00:00-05:00,134.2550048828125,135.0800018310547,134.07699584960938,134.99000549316406,0,0.0,0.0,^XDB
2026-01-23 00:00:00-05:00,135.27999877929688,136.47000122070312,135.1999969482422,136.44200134277344,0,0.0,0.0,^XDB
2026-01-26 00:00:00-05:00,136.52999877929688,137.13099670410156,136.42999267578125,136.77200317382812,0,0.0,0.0,^XDB
2026-01-27 00:00:00-05:00,137.406005859375,138.6439971923828,137.2570037841797,138.3699951171875,0,0.0,0.0,^XDB
2026-01-28 00:00:00-05:00,137.93600463867188,138.1300048828125,137.50100708007812,137.9759979248047,0,0.0,0.0,^XDB
2026-01-29 00:00:00-05:00,138.1320037841797,138.33999633789062,137.4250030517578,138.0590057373047,0,0.0,0.0,^XDB
2026-01-30 00:00:00-05:00,137.61900329589844,137.67999267578125,136.77999877929688,136.8719940185547,0,0.0,0.0,^XDB
2026-02-02 00:00:00-05:00,137.61900329589844,137.61900329589844,136.23199462890625,136.66000366210938,0,0.0,0.0,^XDB
2026-02-03 00:00:00-05:00,136.82000732421875,137.072998046875,136.56399536132812,136.97000122070312,0,0.0,0.0,^XDB
2026-02-04 00:00:00-05:00,137.19900512695312,137.3000030517578,136.4199981689453,136.5240020751953,0,0.0,0.0,^XDB
2026-02-05 00:00:00-05:00,135.81700134277344,136.01100158691406,135.177001953125,135.29200744628906,0,0.0,0.0,^XDB
2026-02-06 00:00:00-05:00,135.88999938964844,136.25,135.82000732421875,136.12899780273438,0,0.0,0.0,^XDB
2026-02-09 00:00:00-05:00,136.60400390625,137.02000427246094,136.2209930419922,136.93099975585938,0,0.0,0.0,^XDB
2026-02-10 00:00:00-05:00,136.85800170898438,136.9669952392578,136.3350067138672,136.4219970703125,0,0.0,0.0,^XDB
2026-02-11 00:00:00-05:00,136.802001953125,136.91000366210938,136.09800720214844,136.27999877929688,0,0.0,0.0,^XDB
2026-02-12 00:00:00-05:00,136.29299926757812,136.72000122070312,136.04800415039062,136.2100067138672,0,0.0,0.0,^XDB
2026-02-13 00:00:00-05:00,136.07000732421875,136.60000610351562,136.0399932861328,136.50999450683594,0,0.0,0.0,^XDB
2026-02-17 00:00:00-05:00,135.47999572753906,135.7100067138672,134.95899963378906,135.69900512695312,0,0.0,0.0,^XDB
2026-02-18 00:00:00-05:00,135.72000122070312,135.82000732421875,134.91000366210938,135.00399780273438,0,0.0,0.0,^XDB
2026-02-19 00:00:00-05:00,134.6320037841797,134.75,134.33999633789062,134.6300048828125,0,0.0,0.0,^XDB
2026-02-20 00:00:00-05:00,134.73300170898438,135.1490020751953,134.61000061035156,134.80599975585938,0,0.0,0.0,^XDB
2026-02-23 00:00:00-05:00,134.86700439453125,135.2480010986328,134.8300018310547,134.91600036621094,0,0.0,0.0,^XDB
2026-02-24 00:00:00-05:00,134.8820037841797,135.3699951171875,134.76699829101562,134.97999572753906,0,0.0,0.0,^XDB
2026-02-25 00:00:00-05:00,135.22799682617188,135.6739959716797,135.05999755859375,135.55299377441406,0,0.0,0.0,^XDB
2026-02-26 00:00:00-05:00,135.48699951171875,135.5800018310547,134.45199584960938,134.83900451660156,0,0.0,0.0,^XDB
2026-02-27 00:00:00-05:00,134.72000122070312,134.72999572753906,134.66000366210938,134.66099548339844,0,0.0,0.0,^XDB
2025-02-27 00:00:00-05:00,62.95000076293945,63.0099983215332,62.310001373291016,62.369998931884766,0,0.0,0.0,^XDA
2025-02-28 00:00:00-05:00,62.16400146484375,62.220001220703125,61.91999816894531,62.025001525878906,0,0.0,0.0,^XDA
2025-03-03 00:00:00-05:00,62.27000045776367,62.54999923706055,62.029998779296875,62.22200012207031,0,0.0,0.0,^XDA
2025-03-04 00:00:00-05:00,62.380001068115234,62.7400016784668,61.959999084472656,62.68000030517578,0,0.0,0.0,^XDA
2025-03-05 00:00:00-05:00,62.77000045776367,63.439998626708984,62.709999084472656,63.36000061035156,0,0.0,0.0,^XDA
2025-03-06 00:00:00-05:00,63.33000183105469,63.63399887084961,63.20000076293945,63.33000183105469,0,0.0,0.0,^XDA
2025-03-07 00:00:00-05:00,62.91699981689453,63.25,62.79899978637695,63.064998626708984,0,0.0,0.0,^XDA
2025-03-10 00:00:00-04:00,63.2400016784668,63.33000183105469,62.630001068115234,62.7599983215332,0,0.0,0.0,^XDA
2025-03-11 00:00:00-04:00,62.900001525878906,63.130001068115234,62.650001525878906,62.965999603271484,0,0.0,0.0,^XDA
2025-03-12 00:00:00-04:00,62.86000061035156,63.25,62.77000045776367,63.20000076293945,0,0.0,0.0,^XDA
2025-03-13 00:00:00-04:00,62.869998931884766,63.01900100708008,62.689998626708984,62.810001373291016,0,0.0,0.0,^XDA
2025-03-14 00:00:00-04:00,63.05699920654297,63.33000183105469,63.04999923706055,63.23500061035156,0,0.0,0.0,^XDA
2025-03-17 00:00:00-04:00,63.5099983215332,63.93000030517578,63.40999984741211,63.84000015258789,0,0.0,0.0,^XDA
2025-03-18 00:00:00-04:00,63.68000030517578,63.777000427246094,63.43000030517578,63.619998931884766,0,0.0,0.0,^XDA
2025-03-19 00:00:00-04:00,63.369998931884766,63.750999450683594,63.18299865722656,63.566001892089844,0,0.0,0.0,^XDA
2025-03-20 00:00:00-04:00,62.869998931884766,63.08000183105469,62.709999084472656,63.02000045776367,0,0.0,0.0,^XDA
2025-03-21 00:00:00-04:00,62.93000030517578,63.0,62.58000183105469,62.7599983215332,0,0.0,0.0,^XDA
2025-03-24 00:00:00-04:00,62.91999816894531,62.9900016784668,62.66999816894531,62.856998443603516,0,0.0,0.0,^XDA
2025-03-25 00:00:00-04:00,63.15999984741211,63.2599983215332,62.94499969482422,63.04999923706055,0,0.0,0.0,^XDA
2025-03-26 00:00:00-04:00,63.209999084472656,63.22999954223633,62.83000183105469,63.0,0,0.0,0.0,^XDA
2025-03-27 00:00:00-04:00,63.141998291015625,63.16999816894531,62.939998626708984,63.040000915527344,0,0.0,0.0,^XDA
2025-03-28 00:00:00-04:00,62.93000030517578,63.13999938964844,62.81800079345703,62.90999984741211,0,0.0,0.0,^XDA
2025-03-31 00:00:00-04:00,62.500999450683594,62.540000915527344,62.18000030517578,62.47999954223633,0,0.0,0.0,^XDA
2025-04-01 00:00:00-04:00,62.5,62.849998474121094,62.47999954223633,62.77199935913086,0,0.0,0.0,^XDA
2025-04-02 00:00:00-04:00,63.06100082397461,63.40999984741211,62.56999969482422,62.91999816894531,0,0.0,0.0,^XDA
2025-04-03 00:00:00-04:00,63.59000015258789,63.88800048828125,63.150001525878906,63.310001373291016,0,0.0,0.0,^XDA
2025-04-04 00:00:00-04:00,61.13100051879883,61.400001525878906,59.869998931884766,60.39500045776367,0,0.0,0.0,^XDA
2025-04-07 00:00:00-04:00,60.380001068115234,61.27000045776367,59.439998626708984,59.83000183105469,0,0.0,0.0,^XDA
2025-04-08 00:00:00-04:00,60.540000915527344,60.869998931884766,59.459999084472656,59.59700012207031,0,0.0,0.0,^XDA
2025-04-09 00:00:00-04:00,60.029998779296875,61.7599983215332,59.90999984741211,61.54499816894531,0,0.0,0.0,^XDA
2025-04-10 00:00:00-04:00,61.86000061035156,62.5099983215332,61.70000076293945,62.279998779296875,0,0.0,0.0,^XDA
2025-04-11 00:00:00-04:00,62.38800048828125,63.02000045776367,62.22600173950195,62.875,0,0.0,0.0,^XDA
2025-04-14 00:00:00-04:00,63.117000579833984,63.41999816894531,62.757999420166016,63.2400016784668,0,0.0,0.0,^XDA
2025-04-15 00:00:00-04:00,63.59600067138672,63.84000015258789,63.40999984741211,63.4900016784668,0,0.0,0.0,^XDA
2025-04-16 00:00:00-04:00,63.72999954223633,63.93000030517578,63.56999969482422,63.70000076293945,0,0.0,0.0,^XDA
2025-04-17 00:00:00-04:00,63.58000183105469,63.96500015258789,63.58000183105469,63.900001525878906,0,0.0,0.0,^XDA
2025-04-21 00:00:00-04:00,64.26000213623047,64.3499984741211,64.0199966430664,64.12999725341797,0,0.0,0.0,^XDA
2025-04-22 00:00:00-04:00,63.95000076293945,64.05999755859375,63.599998474121094,63.689998626708984,0,0.0,0.0,^XDA
2025-04-23 00:00:00-04:00,64.11000061035156,64.35199737548828,63.52000045776367,63.65999984741211,0,0.0,0.0,^XDA
2025-04-24 00:00:00-04:00,63.75199890136719,64.14800262451172,63.75,64.02999877929688,0,0.0,0.0,^XDA
2025-04-25 00:00:00-04:00,63.790000915527344,64.05000305175781,63.75,63.9900016784668,0,0.0,0.0,^XDA
2025-04-28 00:00:00-04:00,63.95100021362305,64.37000274658203,63.91999816894531,64.30000305175781,0,0.0,0.0,^XDA
2025-04-29 00:00:00-04:00,64.0250015258789,64.16999816894531,63.7599983215332,63.869998931884766,0,0.0,0.0,^XDA
2025-04-30 00:00:00-04:00,63.90999984741211,64.13999938964844,63.54999923706055,64.01000213623047,0,0.0,0.0,^XDA
2025-05-01 00:00:00-04:00,63.90599822998047,63.959999084472656,63.650001525878906,63.80500030517578,0,0.0,0.0,^XDA
2025-05-02 00:00:00-04:00,64.33999633789062,64.70999908447266,64.20700073242188,64.40499877929688,0,0.0,0.0,^XDA
2025-05-05 00:00:00-04:00,64.83999633789062,64.94000244140625,64.61000061035156,64.66000366210938,0,0.0,0.0,^XDA
2025-05-06 00:00:00-04:00,64.63099670410156,65.02999877929688,64.56999969482422,64.93000030517578,0,0.0,0.0,^XDA
2025-05-07 00:00:00-04:00,64.73100280761719,64.7699966430664,64.20999908447266,64.25399780273438,0,0.0,0.0,^XDA
2025-05-08 00:00:00-04:00,64.16000366210938,64.33999633789062,63.95000076293945,64.01499938964844,0,0.0,0.0,^XDA
2025-05-09 00:00:00-04:00,64.04900360107422,64.322998046875,64.01000213623047,64.125,0,0.0,0.0,^XDA
2025-05-12 00:00:00-04:00,63.94900131225586,64.0199966430664,63.560001373291016,63.66999816894531,0,0.0,0.0,^XDA
2025-05-13 00:00:00-04:00,64.08000183105469,64.80000305175781,64.05000305175781,64.69999694824219,0,0.0,0.0,^XDA
2025-05-14 00:00:00-04:00,64.72200012207031,64.7699966430664,64.20999908447266,64.27799987792969,0,0.0,0.0,^XDA
2025-05-15 00:00:00-04:00,64.08799743652344,64.23999786376953,63.900001525878906,64.05999755859375,0,0.0,0.0,^XDA
2025-05-16 00:00:00-04:00,64.17400360107422,64.19999694824219,63.880001068115234,64.05500030517578,0,0.0,0.0,^XDA
2025-05-19 00:00:00-04:00,64.48999786376953,64.66000366210938,64.3499984741211,64.56900024414062,0,0.0,0.0,^XDA
2025-05-20 00:00:00-04:00,64.12200164794922,64.30799865722656,63.90999984741211,64.21499633789062,0,0.0,0.0,^XDA
2025-05-21 00:00:00-04:00,64.44300079345703,64.70999908447266,64.30000305175781,64.38500213623047,0,0.0,0.0,^XDA
2025-05-22 00:00:00-04:00,64.20999908447266,64.29000091552734,63.97600173950195,64.11499786376953,0,0.0,0.0,^XDA
2025-05-23 00:00:00-04:00,64.44000244140625,65.05500030517578,64.29000091552734,64.94499969482422,0,0.0,0.0,^XDA
2025-05-27 00:00:00-04:00,64.44999694824219,64.62000274658203,64.33999633789062,64.44000244140625,0,0.0,0.0,^XDA
2025-05-28 00:00:00-04:00,64.37000274658203,64.4000015258789,64.08999633789062,64.25,0,0.0,0.0,^XDA
2025-05-29 00:00:00-04:00,64.33499908447266,64.61000061035156,64.27400207519531,64.45500183105469,0,0.0,0.0,^XDA
2025-05-30 00:00:00-04:00,64.22000122070312,64.48999786376953,64.08000183105469,64.33999633789062,0,0.0,0.0,^XDA
2025-06-02 00:00:00-04:00,64.79499816894531,65.3550033569336,64.61499786376953,64.9000015258789,0,0.0,0.0,^XDA
2025-06-03 00:00:00-04:00,64.55999755859375,64.7300033569336,64.41300201416016,64.62999725341797,0,0.0,0.0,^XDA
2025-06-04 00:00:00-04:00,64.81999969482422,65.05999755859375,64.81999969482422,64.91000366210938,0,0.0,0.0,^XDA
2025-06-05 00:00:00-04:00,65.0999984741211,65.39199829101562,65.02999877929688,65.08999633789062,0,0.0,0.0,^XDA
2025-06-06 00:00:00-04:00,64.91600036621094,65.06999969482422,64.79000091552734,64.91999816894531,0,0.0,0.0,^XDA
2025-06-09 00:00:00-04:00,65.19100189208984,65.29000091552734,65.05000305175781,65.16000366210938,0,0.0,0.0,^XDA
2025-06-10 00:00:00-04:00,65.20999908447266,65.33999633789062,65.13999938964844,65.2249984741211,0,0.0,0.0,^XDA
2025-06-11 00:00:00-04:00,65.05799865722656,65.47000122070312,64.94999694824219,65.0199966430664,0,0.0,0.0,^XDA
2025-06-12 00:00:00-04:00,65.14900207519531,65.3499984741211,65.12999725341797,65.30000305175781,0,0.0,0.0,^XDA
2025-06-13 00:00:00-04:00,64.75299835205078,65.19999694824219,64.68000030517578,64.94000244140625,0,0.0,0.0,^XDA
2025-06-16 00:00:00-04:00,65.24400329589844,65.52999877929688,65.19000244140625,65.22000122070312,0,0.0,0.0,^XDA
2025-06-17 00:00:00-04:00,65.36900329589844,65.43000030517578,64.6500015258789,64.80000305175781,0,0.0,0.0,^XDA
2025-06-18 00:00:00-04:00,65.00800323486328,65.3759994506836,64.93000030517578,65.05500030517578,0,0.0,0.0,^XDA
2025-06-20 00:00:00-04:00,64.88999938964844,64.97000122070312,64.47000122070312,64.68000030517578,0,0.0,0.0,^XDA
2025-06-23 00:00:00-04:00,63.875999450683594,64.63999938964844,63.790000915527344,64.57499694824219,0,0.0,0.0,^XDA
2025-06-24 00:00:00-04:00,65.08899688720703,65.20999908447266,64.24299621582031,64.9000015258789,0,0.0,0.0,^XDA
2025-06-25 00:00:00-04:00,64.97100067138672,65.16000366210938,64.83999633789062,65.08999633789062,0,0.0,0.0,^XDA
2025-06-26 00:00:00-04:00,65.31999969482422,65.6500015258789,65.2770004272461,65.47599792480469,0,0.0,0.0,^XDA
2025-06-27 00:00:00-04:00,65.38300323486328,65.5,65.08000183105469,65.29000091552734,0,0.0,0.0,^XDA
2025-06-30 00:00:00-04:00,65.31999969482422,65.8499984741211,65.25,65.76000213623047,0,0.0,0.0,^XDA
2025-07-01 00:00:00-04:00,65.86000061035156,65.87999725341797,65.61799621582031,65.79000091552734,0,0.0,0.0,^XDA
2025-07-02 00:00:00-04:00,65.54000091552734,65.9000015258789,65.427001953125,65.81999969482422,0,0.0,0.0,^XDA
2025-07-03 00:00:00-04:00,65.73999786376953,65.79900360107422,65.37000274658203,65.70999908447266,0,0.0,0.0,^XDA
2025-07-07 00:00:00-04:00,65.0,65.20999908447266,64.8499984741211,64.95899963378906,0,0.0,0.0,^XDA
2025-07-08 00:00:00-04:00,65.41000366210938,65.45999908447266,65.08000183105469,65.30999755859375,0,0.0,0.0,^XDA
2025-07-09 00:00:00-04:00,65.16000366210938,65.48999786376953,65.13999938964844,65.33000183105469,0,0.0,0.0,^XDA
2025-07-10 00:00:00-04:00,65.51499938964844,65.93000030517578,65.41000366210938,65.86000061035156,0,0.0,0.0,^XDA
2025-07-11 00:00:00-04:00,65.7959976196289,65.91999816894531,65.69000244140625,65.79000091552734,0,0.0,0.0,^XDA
2025-07-14 00:00:00-04:00,65.66000366210938,65.70999908447266,65.41999816894531,65.50199890136719,0,0.0,0.0,^XDA
2025-07-15 00:00:00-04:00,65.61000061035156,65.7699966430664,65.06999969482422,65.16999816894531,0,0.0,0.0,^XDA
2025-07-16 00:00:00-04:00,65.19000244140625,65.55000305175781,64.94999694824219,65.29900360107422,0,0.0,0.0,^XDA
2025-07-17 00:00:00-04:00,64.58000183105469,66.2750015258789,64.54000091552734,64.85399627685547,0,0.0,0.0,^XDA
2025-07-18 00:00:00-04:00,65.22599792480469,65.41000366210938,65.0199966430664,65.07499694824219,0,0.0,0.0,^XDA
2025-07-21 00:00:00-04:00,65.2300033569336,65.38999938964844,65.1500015258789,65.2300033569336,0,0.0,0.0,^XDA
2025-07-22 00:00:00-04:00,65.19999694824219,65.58999633789062,65.18000030517578,65.52999877929688,0,0.0,0.0,^XDA
2025-07-23 00:00:00-04:00,65.98400115966797,66.05000305175781,65.79000091552734,66.0,0,0.0,0.0,^XDA
2025-07-24 00:00:00-04:00,66.16000366210938,66.20999908447266,65.8499984741211,65.91999816894531,0,0.0,0.0,^XDA
2025-07-25 00:00:00-04:00,65.67500305175781,65.69999694824219,65.51000213623047,65.63999938964844,0,0.0,0.0,^XDA
2025-07-28 00:00:00-04:00,65.29499816894531,65.37999725341797,65.12000274658203,65.18499755859375,0,0.0,0.0,^XDA
2025-07-29 00:00:00-04:00,64.99099731445312,65.20500183105469,64.94999694824219,65.11000061035156,0,0.0,0.0,^XDA
2025-07-30 00:00:00-04:00,64.87999725341797,64.9000015258789,64.25,64.37000274658203,0,0.0,0.0,^XDA
2025-07-31 00:00:00-04:00,64.45999908447266,64.5,64.2300033569336,64.28399658203125,0,0.0,0.0,^XDA
2025-08-01 00:00:00-04:00,64.23999786376953,64.94999694824219,64.15799713134766,64.69999694824219,0,0.0,0.0,^XDA
2025-08-04 00:00:00-04:00,64.81999969482422,64.91000366210938,64.58999633789062,64.6729965209961,0,0.0,0.0,^XDA
2025-08-05 00:00:00-04:00,64.58999633789062,64.80000305175781,64.55000305175781,64.72000122070312,0,0.0,0.0,^XDA
2025-08-06 00:00:00-04:00,65.0469970703125,65.0999984741211,64.875,65.0530014038086,0,0.0,0.0,^XDA
2025-08-07 00:00:00-04:00,65.21600341796875,65.30999755859375,64.89600372314453,65.18199920654297,0,0.0,0.0,^XDA
2025-08-08 00:00:00-04:00,65.2239990234375,65.33999633789062,65.12999725341797,65.20500183105469,0,0.0,0.0,^XDA
2025-08-11 00:00:00-04:00,65.11000061035156,65.18000030517578,65.0,65.13700103759766,0,0.0,0.0,^XDA
2025-08-12 00:00:00-04:00,64.8499984741211,65.41999816894531,64.81500244140625,65.30000305175781,0,0.0,0.0,^XDA
2025-08-13 00:00:00-04:00,65.55000305175781,65.58999633789062,65.37999725341797,65.45999908447266,0,0.0,0.0,^XDA
2025-08-14 00:00:00-04:00,65.23999786376953,65.2699966430664,64.81999969482422,64.9800033569336,0,0.0,0.0,^XDA
2025-08-15 00:00:00-04:00,65.12000274658203,65.23999786376953,64.98999786376953,65.06500244140625,0,0.0,0.0,^XDA
2025-08-18 00:00:00-04:00,65.08999633789062,65.13999938964844,64.80000305175781,64.97000122070312,0,0.0,0.0,^XDA
2025-08-19 00:00:00-04:00,64.94000244140625,64.95999908447266,64.4749984741211,64.56999969482422,0,0.0,0.0,^XDA
2025-08-20 00:00:00-04:00,64.30999755859375,64.5,64.2300033569336,64.31199645996094,0,0.0,0.0,^XDA
2025-08-21 00:00:00-04:00,64.22000122070312,64.33000183105469,64.13999938964844,64.21199798583984,0,0.0,0.0,^XDA
2025-08-22 00:00:00-04:00,64.19999694824219,65.0199966430664,64.19999694824219,64.91500091552734,0,0.0,0.0,^XDA
2025-08-25 00:00:00-04:00,64.98999786376953,65.05999755859375,64.7699966430664,64.8219985961914,0,0.0,0.0,^XDA
2025-08-26 00:00:00-04:00,64.9000015258789,65.0199966430664,64.80000305175781,64.91000366210938,0,0.0,0.0,^XDA
2025-08-27 00:00:00-04:00,64.66999816894531,65.13999938964844,64.6500015258789,65.03299713134766,0,0.0,0.0,^XDA
2025-08-28 00:00:00-04:00,65.27300262451172,65.38999938964844,65.19000244140625,65.2750015258789,0,0.0,0.0,^XDA
2025-08-29 00:00:00-04:00,65.26499938964844,65.5,65.22000122070312,65.38999938964844,0,0.0,0.0,^XDA
2025-09-02 00:00:00-04:00,65.08799743652344,65.2699966430664,64.83000183105469,65.1500015258789,0,0.0,0.0,^XDA
2025-09-03 00:00:00-04:00,65.36000061035156,65.55999755859375,65.30000305175781,65.40399932861328,0,0.0,0.0,^XDA
2025-09-04 00:00:00-04:00,65.16500091552734,65.27999877929688,65.01000213623047,65.16000366210938,0,0.0,0.0,^XDA
2025-09-05 00:00:00-04:00,65.41000366210938,65.9000015258789,65.4000015258789,65.61000061035156,0,0.0,0.0,^XDA
2025-09-08 00:00:00-04:00,65.91000366210938,66.0,65.80000305175781,65.89900207519531,0,0.0,0.0,^XDA
2025-09-09 00:00:00-04:00,66.09400177001953,66.12999725341797,65.76499938964844,65.88800048828125,0,0.0,0.0,^XDA
2025-09-10 00:00:00-04:00,66.05999755859375,66.37000274658203,65.9729995727539,66.16500091552734,0,0.0,0.0,^XDA
2025-09-11 00:00:00-04:00,66.03299713134766,66.67400360107422,65.9000015258789,66.58999633789062,0,0.0,0.0,^XDA
2025-09-12 00:00:00-04:00,66.44999694824219,66.55000305175781,66.30000305175781,66.5199966430664,0,0.0,0.0,^XDA
2025-09-15 00:00:00-04:00,66.5999984741211,66.76000213623047,66.52999877929688,66.68000030517578,0,0.0,0.0,^XDA
2025-09-16 00:00:00-04:00,66.74099731445312,66.88999938964844,66.62100219726562,66.80000305175781,0,0.0,0.0,^XDA
2025-09-17 00:00:00-04:00,66.75700378417969,67.06999969482422,66.41000366210938,66.55000305175781,0,0.0,0.0,^XDA
2025-09-18 00:00:00-04:00,66.52100372314453,66.52999877929688,66.06999969482422,66.13300323486328,0,0.0,0.0,^XDA
2025-09-19 00:00:00-04:00,65.927001953125,66.01000213623047,65.8499984741211,65.91999816894531,0,0.0,0.0,^XDA
2025-09-22 00:00:00-04:00,65.97000122070312,66.04000091552734,65.7699966430664,65.97000122070312,0,0.0,0.0,^XDA
2025-09-23 00:00:00-04:00,66.05999755859375,66.16000366210938,65.91999816894531,65.96499633789062,0,0.0,0.0,^XDA
2025-09-24 00:00:00-04:00,66.02200317382812,66.12999725341797,65.73999786376953,65.8290023803711,0,0.0,0.0,^XDA
2025-09-25 00:00:00-04:00,65.82599639892578,65.86000061035156,65.25,65.40299987792969,0,0.0,0.0,^XDA
2025-09-26 00:00:00-04:00,65.2699966430664,65.52999877929688,65.26000213623047,65.4749984741211,0,0.0,0.0,^XDA
2025-09-29 00:00:00-04:00,65.67500305175781,65.83000183105469,65.58499908447266,65.77999877929688,0,0.0,0.0,^XDA
2025-09-30 00:00:00-04:00,66.0999984741211,66.30000305175781,66.06999969482422,66.125,0,0.0,0.0,^XDA
2025-10-01 00:00:00-04:00,66.1500015258789,66.29100036621094,65.98999786376953,66.12999725341797,0,0.0,0.0,^XDA
2025-10-02 00:00:00-04:00,66.06999969482422,66.0999984741211,65.7699966430664,65.94400024414062,0,0.0,0.0,^XDA
2025-10-03 00:00:00-04:00,66.052001953125,66.16000366210938,65.94000244140625,66.0199966430664,0,0.0,0.0,^XDA
2025-10-06 00:00:00-04:00,65.9800033569336,66.22000122070312,65.94000244140625,66.14900207519531,0,0.0,0.0,^XDA
2025-10-07 00:00:00-04:00,65.86000061035156,65.98999786376953,65.7699966430664,65.82499694824219,0,0.0,0.0,^XDA
2025-10-08 00:00:00-04:00,65.71499633789062,65.91000366210938,65.69999694824219,65.81999969482422,0,0.0,0.0,^XDA
2025-10-09 00:00:00-04:00,65.97599792480469,66.12100219726562,65.38999938964844,65.54000091552734,0,0.0,0.0,^XDA
2025-10-10 00:00:00-04:00,65.5199966430664,65.5999984741211,64.71700286865234,64.7699966430664,0,0.0,0.0,^XDA
2025-10-13 00:00:00-04:00,65.06999969482422,65.26000213623047,65.05000305175781,65.18000030517578,0,0.0,0.0,^XDA
2025-10-14 00:00:00-04:00,64.54000091552734,64.98999786376953,64.43000030517578,64.8499984741211,0,0.0,0.0,^XDA
2025-10-15 00:00:00-04:00,65.12999725341797,65.23999786376953,64.87999725341797,65.08999633789062,0,0.0,0.0,^XDA
2025-10-16 00:00:00-04:00,65.06999969482422,65.08999633789062,64.69999694824219,64.8499984741211,0,0.0,0.0,^XDA
2025-10-17 00:00:00-04:00,64.86599731445312,65.04000091552734,64.69999694824219,64.93000030517578,0,0.0,0.0,^XDA
2025-10-20 00:00:00-04:00,64.90399932861328,65.22000122070312,64.86000061035156,65.13400268554688,0,0.0,0.0,^XDA
2025-10-21 00:00:00-04:00,64.91999816894531,65.05000305175781,64.72000122070312,64.87899780273438,0,0.0,0.0,^XDA
2025-10-22 00:00:00-04:00,64.83999633789062,65.04000091552734,64.77999877929688,64.90699768066406,0,0.0,0.0,^XDA
2025-10-23 00:00:00-04:00,65.01000213623047,65.19000244140625,64.9800033569336,65.08999633789062,0,0.0,0.0,^XDA
2025-10-24 00:00:00-04:00,65.00399780273438,65.29000091552734,64.94000244140625,65.11000061035156,0,0.0,0.0,^XDA
2025-10-27 00:00:00-04:00,65.57099914550781,65.61000061035156,65.43000030517578,65.54399871826172,0,0.0,0.0,^XDA
2025-10-28 00:00:00-04:00,65.54000091552734,65.91999816894531,65.5,65.83999633789062,0,0.0,0.0,^XDA
2025-10-29 00:00:00-04:00,65.95700073242188,66.16999816894531,65.56999969482422,65.7300033569336,0,0.0,0.0,^XDA
2025-10-30 00:00:00-04:00,65.55599975585938,65.5999984741211,65.31999969482422,65.5199966430664,0,0.0,0.0,^XDA
2025-10-31 00:00:00-04:00,65.42900085449219,65.54000091552734,65.31999969482422,65.41999816894531,0,0.0,0.0,^XDA
2025-11-03 00:00:00-05:00,65.4749984741211,65.4800033569336,65.1709976196289,65.36000061035156,0,0.0,0.0,^XDA
2025-11-04 00:00:00-05:00,64.94999694824219,65.05999755859375,64.80000305175781,64.91000366210938,0,0.0,0.0,^XDA
2025-11-05 00:00:00-05:00,64.81999969482422,65.13999938964844,64.79000091552734,65.05000305175781,0,0.0,0.0,^XDA
2025-11-06 00:00:00-05:00,65.13999938964844,65.19999694824219,64.62999725341797,64.80000305175781,0,0.0,0.0,^XDA
2025-11-07 00:00:00-05:00,64.79000091552734,65.01000213623047,64.68000030517578,64.88999938964844,0,0.0,0.0,^XDA
2025-11-10 00:00:00-05:00,65.31999969482422,65.41999816894531,65.13999938964844,65.33000183105469,0,0.0,0.0,^XDA
2025-11-11 00:00:00-05:00,65.23999786376953,65.4000015258789,65.19000244140625,65.2699966430664,0,0.0,0.0,^XDA
2025-11-12 00:00:00-05:00,65.43299865722656,65.51000213623047,65.30000305175781,65.41999816894531,0,0.0,0.0,^XDA
2025-11-13 00:00:00-05:00,65.6500015258789,65.66000366210938,65.2300033569336,65.36000061035156,0,0.0,0.0,^XDA
2025-11-14 00:00:00-05:00,65.26499938964844,65.52999877929688,65.16999816894531,65.41999816894531,0,0.0,0.0,^XDA
2025-11-17 00:00:00-05:00,65.19000244140625,65.22000122070312,64.80999755859375,64.94000244140625,0,0.0,0.0,^XDA
2025-11-18 00:00:00-05:00,65.02100372314453,65.19999694824219,64.81999969482422,65.08300018310547,0,0.0,0.0,^XDA
2025-11-19 00:00:00-05:00,64.91000366210938,64.94000244140625,64.5,64.7699966430664,0,0.0,0.0,^XDA
2025-11-20 00:00:00-05:00,64.7760009765625,65.04000091552734,64.36000061035156,64.43000030517578,0,0.0,0.0,^XDA
2025-11-21 00:00:00-05:00,64.4520034790039,64.61000061035156,64.22000122070312,64.53500366210938,0,0.0,0.0,^XDA
2025-11-24 00:00:00-05:00,64.55999755859375,64.69999694824219,64.44999694824219,64.61699676513672,0,0.0,0.0,^XDA
2025-11-25 00:00:00-05:00,64.55000305175781,64.7699966430664,64.3499984741211,64.66999816894531,0,0.0,0.0,^XDA
2025-11-26 00:00:00-05:00,64.92500305175781,65.2300033569336,64.8499984741211,65.19000244140625,0,0.0,0.0,^XDA
2025-11-28 00:00:00-05:00,65.27999877929688,65.5999984741211,65.23999786376953,65.51000213623047,0,0.0,0.0,^XDA
2025-12-01 00:00:00-05:00,65.62999725341797,65.68000030517578,65.4000015258789,65.43099975585938,0,0.0,0.0,^XDA
2025-12-02 00:00:00-05:00,65.55000305175781,65.72000122070312,65.51000213623047,65.6500015258789,0,0.0,0.0,^XDA
2025-12-03 00:00:00-05:00,65.88800048828125,66.04000091552734,65.73999786376953,65.98899841308594,0,0.0,0.0,^XDA
2025-12-04 00:00:00-05:00,66.08000183105469,66.26000213623047,66.03700256347656,66.11000061035156,0,0.0,0.0,^XDA
2025-12-05 00:00:00-05:00,66.38600158691406,66.51000213623047,66.2699966430664,66.37999725341797,0,0.0,0.0,^XDA
2025-12-08 00:00:00-05:00,66.38999938964844,66.44999694824219,66.12999725341797,66.2300033569336,0,0.0,0.0,^XDA
2025-12-09 00:00:00-05:00,66.37000274658203,66.55999755859375,66.30000305175781,66.4000015258789,0,0.0,0.0,^XDA
2025-12-10 00:00:00-05:00,66.4800033569336,66.86100006103516,66.29000091552734,66.75,0,0.0,0.0,^XDA
2025-12-11 00:00:00-05:00,66.58000183105469,66.76000213623047,66.52999877929688,66.63999938964844,0,0.0,0.0,^XDA
2025-12-12 00:00:00-05:00,66.63300323486328,66.72000122070312,66.3290023803711,66.51499938964844,0,0.0,0.0,^XDA
2025-12-15 00:00:00-05:00,66.54000091552734,66.58000183105469,66.30999755859375,66.36499786376953,0,0.0,0.0,^XDA
2025-12-16 00:00:00-05:00,66.37999725341797,66.62000274658203,66.21499633789062,66.33000183105469,0,0.0,0.0,^XDA
2025-12-17 00:00:00-05:00,66.23999786376953,66.30000305175781,65.9800033569336,66.05599975585938,0,0.0,0.0,^XDA
2025-12-18 00:00:00-05:00,66.0530014038086,66.31999969482422,66.02999877929688,66.12899780273438,0,0.0,0.0,^XDA
2025-12-19 00:00:00-05:00,66.02999877929688,66.26599884033203,66.0,66.11499786376953,0,0.0,0.0,^XDA
2025-12-22 00:00:00-05:00,66.46399688720703,66.62000274658203,66.41999816894531,66.55999755859375,0,0.0,0.0,^XDA
2025-12-23 00:00:00-05:00,66.93499755859375,67.06999969482422,66.75,66.99500274658203,0,0.0,0.0,^XDA
2025-12-24 00:00:00-05:00,67.04000091552734,67.16999816894531,67.0,67.04900360107422,0,0.0,0.0,^XDA
2025-12-26 00:00:00-05:00,67.06500244140625,67.26000213623047,67.04000091552734,67.13500213623047,0,0.0,0.0,^XDA
2025-12-29 00:00:00-05:00,66.8949966430664,67.04000091552734,66.8499984741211,66.93499755859375,0,0.0,0.0,^XDA
2025-12-30 00:00:00-05:00,67.0199966430664,67.06999969482422,66.87000274658203,66.94999694824219,0,0.0,0.0,^XDA
2025-12-31 00:00:00-05:00,66.875,67.03500366210938,66.58999633789062,66.69999694824219,0,0.0,0.0,^XDA
2026-01-02 00:00:00-05:00,66.91799926757812,67.0,66.7699966430664,66.93499755859375,0,0.0,0.0,^XDA
2026-01-05 00:00:00-05:00,66.78199768066406,67.20999908447266,66.62999725341797,67.14600372314453,0,0.0,0.0,^XDA
2026-01-06 00:00:00-05:00,67.16999816894531,67.43000030517578,67.1500015258789,67.38500213623047,0,0.0,0.0,^XDA
2026-01-07 00:00:00-05:00,67.33000183105469,67.4800033569336,67.14099884033203,67.23200225830078,0,0.0,0.0,^XDA
2026-01-08 00:00:00-05:00,66.9739990234375,67.02999877929688,66.80999755859375,66.99500274658203,0,0.0,0.0,^XDA
2026-01-09 00:00:00-05:00,66.75,67.03299713134766,66.62999725341797,66.86499786376953,0,0.0,0.0,^XDA
2026-01-12 00:00:00-05:00,67.09600067138672,67.23999786376953,67.02999877929688,67.11499786376953,0,0.0,0.0,^XDA
2026-01-13 00:00:00-05:00,66.98999786376953,67.2760009765625,66.73400115966797,66.82499694824219,0,0.0,0.0,^XDA
2026-01-14 00:00:00-05:00,66.84500122070312,66.94499969482422,66.72000122070312,66.80000305175781,0,0.0,0.0,^XDA
2026-01-15 00:00:00-05:00,66.91000366210938,67.1500015258789,66.73999786376953,66.98200225830078,0,0.0,0.0,^XDA
2026-01-16 00:00:00-05:00,67.01000213623047,67.02999877929688,66.70999908447266,66.80999755859375,0,0.0,0.0,^XDA
2026-01-20 00:00:00-05:00,67.30699920654297,67.47000122070312,67.25,67.32499694824219,0,0.0,0.0,^XDA
2026-01-21 00:00:00-05:00,67.6760025024414,67.77999877929688,67.5199966430664,67.62000274658203,0,0.0,0.0,^XDA
2026-01-22 00:00:00-05:00,68.06800079345703,68.45999908447266,68.05000305175781,68.3949966430664,0,0.0,0.0,^XDA
2026-01-23 00:00:00-05:00,68.6449966430664,69.01000213623047,68.4800033569336,68.93000030517578,0,0.0,0.0,^XDA
2026-01-26 00:00:00-05:00,69.1510009765625,69.41999816894531,69.06999969482422,69.1510009765625,0,0.0,0.0,^XDA
2026-01-27 00:00:00-05:00,69.44999694824219,70.28700256347656,69.4000015258789,70.10299682617188,0,0.0,0.0,^XDA
2026-01-28 00:00:00-05:00,70.01799774169922,70.44000244140625,69.75,70.33499908447266,0,0.0,0.0,^XDA
2026-01-29 00:00:00-05:00,70.60099792480469,70.8239974975586,69.69000244140625,70.48999786376953,0,0.0,0.0,^XDA
2026-01-30 00:00:00-05:00,70.04900360107422,70.26300048828125,69.4000015258789,69.66000366210938,0,0.0,0.0,^XDA
2026-02-02 00:00:00-05:00,69.59600067138672,69.68000030517578,69.3499984741211,69.45899963378906,0,0.0,0.0,^XDA
2026-02-03 00:00:00-05:00,70.12100219726562,70.27999877929688,69.81199645996094,70.14600372314453,0,0.0,0.0,^XDA
2026-02-04 00:00:00-05:00,70.2969970703125,70.37000274658203,69.69000244140625,69.94000244140625,0,0.0,0.0,^XDA
2026-02-05 00:00:00-05:00,69.63999938964844,69.822998046875,69.23999786376953,69.31800079345703,0,0.0,0.0,^XDA
2026-02-06 00:00:00-05:00,69.83599853515625,70.26000213623047,69.81999969482422,70.11499786376953,0,0.0,0.0,^XDA
2026-02-09 00:00:00-05:00,70.49199676513672,71.0,70.4800033569336,70.9000015258789,0,0.0,0.0,^XDA
2026-02-10 00:00:00-05:00,70.7030029296875,70.91000366210938,70.66000366210938,70.75,0,0.0,0.0,^XDA
2026-02-11 00:00:00-05:00,71.11499786376953,71.44000244140625,70.7239990234375,71.23999786376953,0,0.0,0.0,^XDA
2026-02-12 00:00:00-05:00,71.2229995727539,71.44999694824219,70.75800323486328,70.87000274658203,0,0.0,0.0,^XDA
2026-02-13 00:00:00-05:00,70.53199768066406,70.87000274658203,70.45999908447266,70.75,0,0.0,0.0,^XDA
2026-02-17 00:00:00-05:00,70.52999877929688,70.91000366210938,70.27999877929688,70.83000183105469,0,0.0,0.0,^XDA
2026-02-18 00:00:00-05:00,70.69000244140625,70.7750015258789,70.33999633789062,70.43000030517578,0,0.0,0.0,^XDA
2026-02-19 00:00:00-05:00,70.47200012207031,70.6719970703125,70.24199676513672,70.54000091552734,0,0.0,0.0,^XDA
2026-02-20 00:00:00-05:00,70.43399810791016,70.94499969482422,70.38999938964844,70.83999633789062,0,0.0,0.0,^XDA
2026-02-23 00:00:00-05:00,70.64700317382812,70.82499694824219,70.45999908447266,70.55599975585938,0,0.0,0.0,^XDA
2026-02-24 00:00:00-05:00,70.41500091552734,70.70999908447266,70.26000213623047,70.58499908447266,0,0.0,0.0,^XDA
2026-02-25 00:00:00-05:00,70.91000366210938,71.30999755859375,70.87000274658203,71.20999908447266,0,0.0,0.0,^XDA
2026-02-26 00:00:00-05:00,71.1969985961914,71.25,70.66999816894531,71.02999877929688,0,0.0,0.0,^XDA
2026-02-27 00:00:00-05:00,71.05000305175781,71.06999969482422,71.0199966430664,71.02549743652344,0,0.0,0.0,^XDA
2025-02-27 00:00:00-05:00,104.76599884033203,104.88999938964844,103.90299987792969,103.9749984741211,0,0.0,0.0,^XDE
2025-02-28 00:00:00-05:00,104.06800079345703,104.1989974975586,103.5999984741211,103.8499984741211,0,0.0,0.0,^XDE
2025-03-03 00:00:00-05:00,104.69999694824219,105.04000091552734,104.59600067138672,104.875,0,0.0,0.0,^XDE
2025-03-04 00:00:00-05:00,105.53099822998047,106.28900146484375,104.96600341796875,106.24500274658203,0,0.0,0.0,^XDE
2025-03-05 00:00:00-05:00,106.95700073242188,107.96600341796875,106.89299774169922,107.91000366210938,0,0.0,0.0,^XDE
2025-03-06 00:00:00-05:00,108.00299835205078,108.53399658203125,107.65799713134766,107.8759994506836,0,0.0,0.0,^XDE
2025-03-07 00:00:00-05:00,108.55999755859375,108.88500213623047,108.26100158691406,108.3499984741211,0,0.0,0.0,^XDE
2025-03-10 00:00:00-04:00,108.50700378417969,108.60099792480469,108.1760025024414,108.34100341796875,0,0.0,0.0,^XDE
2025-03-11 00:00:00-04:00,109.0459976196289,109.4729995727539,108.9540023803711,109.16500091552734,0,0.0,0.0,^XDE
2025-03-12 00:00:00-04:00,109.00599670410156,109.3030014038086,108.75800323486328,108.88600158691406,0,0.0,0.0,^XDE
2025-03-13 00:00:00-04:00,108.59100341796875,108.78399658203125,108.22599792480469,108.50399780273438,0,0.0,0.0,^XDE
2025-03-14 00:00:00-04:00,108.95999908447266,109.11399841308594,108.65799713134766,108.87999725341797,0,0.0,0.0,^XDE
2025-03-17 00:00:00-04:00,109.0199966430664,109.29499816894531,108.8740005493164,109.1989974975586,0,0.0,0.0,^XDE
2025-03-18 00:00:00-04:00,109.16999816894531,109.5199966430664,108.9260025024414,109.45700073242188,0,0.0,0.0,^XDE
2025-03-19 00:00:00-04:00,109.1050033569336,109.19499969482422,108.6050033569336,109.03700256347656,0,0.0,0.0,^XDE
2025-03-20 00:00:00-04:00,108.5,108.61499786376953,108.14700317382812,108.54499816894531,0,0.0,0.0,^XDE
2025-03-21 00:00:00-04:00,108.51499938964844,108.625,107.97899627685547,108.33000183105469,0,0.0,0.0,^XDE
2025-03-24 00:00:00-04:00,108.33499908447266,108.36499786376953,107.81500244140625,107.99500274658203,0,0.0,0.0,^XDE
2025-03-25 00:00:00-04:00,108.1780014038086,108.32499694824219,107.78500366210938,107.91500091552734,0,0.0,0.0,^XDE
2025-03-26 00:00:00-04:00,107.93499755859375,107.9749984741211,107.43499755859375,107.57499694824219,0,0.0,0.0,^XDE
2025-03-27 00:00:00-04:00,107.86900329589844,108.2249984741211,107.76499938964844,108.00199890136719,0,0.0,0.0,^XDE
2025-03-28 00:00:00-04:00,107.71900177001953,108.4749984741211,107.65499877929688,108.26799774169922,0,0.0,0.0,^XDE
2025-03-31 00:00:00-04:00,108.1989974975586,108.23500061035156,107.83999633789062,108.19499969482422,0,0.0,0.0,^XDE
2025-04-01 00:00:00-04:00,107.81500244140625,108.13500213623047,107.79399871826172,107.91200256347656,0,0.0,0.0,^XDE
2025-04-02 00:00:00-04:00,108.0250015258789,109.24500274658203,107.96800231933594,108.3550033569336,0,0.0,0.0,^XDE
2025-04-03 00:00:00-04:00,110.8740005493164,111.34100341796875,110.15499877929688,110.51899719238281,0,0.0,0.0,^XDE
2025-04-04 00:00:00-04:00,110.60199737548828,110.8949966430664,109.24600219726562,109.62000274658203,0,0.0,0.0,^XDE
2025-04-07 00:00:00-04:00,109.69499969482422,109.91000366210938,109.01499938964844,109.11000061035156,0,0.0,0.0,^XDE
2025-04-08 00:00:00-04:00,109.33999633789062,110.55500030517578,108.89099884033203,109.55500030517578,0,0.0,0.0,^XDE
2025-04-09 00:00:00-04:00,110.35399627685547,110.96499633789062,109.13800048828125,109.53500366210938,0,0.0,0.0,^XDE
2025-04-10 00:00:00-04:00,110.72000122070312,112.44000244140625,110.68000030517578,111.98999786376953,0,0.0,0.0,^XDE
2025-04-11 00:00:00-04:00,113.25499725341797,114.13500213623047,112.7750015258789,113.58000183105469,0,0.0,0.0,^XDE
2025-04-14 00:00:00-04:00,113.83999633789062,113.90499877929688,112.96099853515625,113.48500061035156,0,0.0,0.0,^XDE
2025-04-15 00:00:00-04:00,113.2750015258789,113.43499755859375,112.64399719238281,112.86000061035156,0,0.0,0.0,^XDE
2025-04-16 00:00:00-04:00,113.62999725341797,114.15499877929688,113.40499877929688,113.99700164794922,0,0.0,0.0,^XDE
2025-04-17 00:00:00-04:00,113.56300354003906,113.875,113.36000061035156,113.64700317382812,0,0.0,0.0,^XDE
2025-04-21 00:00:00-04:00,115.44499969482422,115.51499938964844,114.72599792480469,115.13500213623047,0,0.0,0.0,^XDE
2025-04-22 00:00:00-04:00,114.85900115966797,114.93499755859375,114.17500305175781,114.28500366210938,0,0.0,0.0,^XDE
2025-04-23 00:00:00-04:00,114.125,114.21499633789062,113.1050033569336,113.18199920654297,0,0.0,0.0,^XDE
2025-04-24 00:00:00-04:00,113.72799682617188,114.00499725341797,113.4749984741211,113.91500091552734,0,0.0,0.0,^XDE
2025-04-25 00:00:00-04:00,113.49500274658203,113.90499877929688,113.32499694824219,113.7750015258789,0,0.0,0.0,^XDE
2025-04-28 00:00:00-04:00,113.51499938964844,114.28500366210938,113.4000015258789,114.23400115966797,0,0.0,0.0,^XDE
2025-04-29 00:00:00-04:00,113.74600219726562,114.20500183105469,113.7020034790039,113.87799835205078,0,0.0,0.0,^XDE
2025-04-30 00:00:00-04:00,113.73500061035156,113.88600158691406,113.17500305175781,113.31300354003906,0,0.0,0.0,^XDE
2025-05-01 00:00:00-04:00,113.2020034790039,113.38999938964844,112.65499877929688,112.88500213623047,0,0.0,0.0,^XDE
2025-05-02 00:00:00-04:00,113.46499633789062,113.81500244140625,112.92500305175781,112.9749984741211,0,0.0,0.0,^XDE
2025-05-05 00:00:00-04:00,113.4260025024414,113.67500305175781,112.97000122070312,113.15799713134766,0,0.0,0.0,^XDE
2025-05-06 00:00:00-04:00,113.27200317382812,113.82499694824219,113.16500091552734,113.68399810791016,0,0.0,0.0,^XDE
2025-05-07 00:00:00-04:00,113.57499694824219,113.7249984741211,112.91699981689453,113.1050033569336,0,0.0,0.0,^XDE
2025-05-08 00:00:00-04:00,112.96499633789062,113.21499633789062,112.11499786376953,112.25599670410156,0,0.0,0.0,^XDE
2025-05-09 00:00:00-04:00,112.54399871826172,112.94499969482422,112.46499633789062,112.55500030517578,0,0.0,0.0,^XDE
2025-05-12 00:00:00-04:00,111.11299896240234,111.3550033569336,110.65699768066406,110.91500091552734,0,0.0,0.0,^XDE
2025-05-13 00:00:00-04:00,111.07499694824219,111.9749984741211,111.06800079345703,111.88500213623047,0,0.0,0.0,^XDE
2025-05-14 00:00:00-04:00,112.17400360107422,112.36499786376953,111.6500015258789,111.7699966430664,0,0.0,0.0,^XDE
2025-05-15 00:00:00-04:00,111.83000183105469,112.25499725341797,111.70500183105469,111.875,0,0.0,0.0,^XDE
2025-05-16 00:00:00-04:00,111.94499969482422,112.06500244140625,111.30999755859375,111.6050033569336,0,0.0,0.0,^XDE
2025-05-19 00:00:00-04:00,112.74500274658203,112.75499725341797,112.23500061035156,112.44000244140625,0,0.0,0.0,^XDE
2025-05-20 00:00:00-04:00,112.45899963378906,112.89800262451172,112.23600006103516,112.83499908447266,0,0.0,0.0,^XDE
2025-05-21 00:00:00-04:00,113.23200225830078,113.63500213623047,113.15499877929688,113.29499816894531,0,0.0,0.0,^XDE
2025-05-22 00:00:00-04:00,113.08699798583984,113.16500091552734,112.55899810791016,112.81300354003906,0,0.0,0.0,^XDE
2025-05-23 00:00:00-04:00,113.25499725341797,113.71499633789062,112.98400115966797,113.66000366210938,0,0.0,0.0,^XDE
2025-05-27 00:00:00-04:00,113.51300048828125,113.7750015258789,113.23400115966797,113.28199768066406,0,0.0,0.0,^XDE
2025-05-28 00:00:00-04:00,113.18199920654297,113.26499938964844,112.83499908447266,112.96499633789062,0,0.0,0.0,^XDE
2025-05-29 00:00:00-04:00,112.70500183105469,113.8550033569336,112.70500183105469,113.7249984741211,0,0.0,0.0,^XDE
2025-05-30 00:00:00-04:00,113.38200378417969,113.69499969482422,113.12999725341797,113.4800033569336,0,0.0,0.0,^XDE
2025-06-02 00:00:00-04:00,114.15499877929688,114.51499938964844,114.04499816894531,114.38500213623047,0,0.0,0.0,^XDE
2025-06-03 00:00:00-04:00,113.90499877929688,113.96499633789062,113.64199829101562,113.73500061035156,0,0.0,0.0,^XDE
2025-06-04 00:00:00-04:00,113.79299926757812,114.36499786376953,113.78500366210938,114.1760025024414,0,0.0,0.0,^XDE
2025-06-05 00:00:00-04:00,114.26499938964844,114.96499633789062,114.13999938964844,114.4800033569336,0,0.0,0.0,^XDE
2025-06-06 00:00:00-04:00,114.18000030517578,114.31500244140625,113.71499633789062,113.9749984741211,0,0.0,0.0,^XDE
2025-06-09 00:00:00-04:00,114.17500305175781,114.375,113.86599731445312,114.21499633789062,0,0.0,0.0,^XDE
2025-06-10 00:00:00-04:00,114.28700256347656,114.49500274658203,114.15499877929688,114.2750015258789,0,0.0,0.0,^XDE
2025-06-11 00:00:00-04:00,114.3270034790039,115.01499938964844,114.29000091552734,114.86499786376953,0,0.0,0.0,^XDE
2025-06-12 00:00:00-04:00,115.89600372314453,116.31800079345703,115.63500213623047,115.87999725341797,0,0.0,0.0,^XDE
2025-06-13 00:00:00-04:00,115.09500122070312,115.71499633789062,114.90499877929688,115.48500061035156,0,0.0,0.0,^XDE
2025-06-16 00:00:00-04:00,115.72799682617188,116.16500091552734,115.54499816894531,115.6449966430664,0,0.0,0.0,^XDE
2025-06-17 00:00:00-04:00,115.61699676513672,115.81400299072266,114.74500274658203,114.875,0,0.0,0.0,^XDE
2025-06-18 00:00:00-04:00,115.0739974975586,115.31500244140625,114.61100006103516,114.80500030517578,0,0.0,0.0,^XDE
2025-06-20 00:00:00-04:00,115.23500061035156,115.45500183105469,114.9540023803711,115.23500061035156,0,0.0,0.0,^XDE
2025-06-23 00:00:00-04:00,114.72699737548828,115.84500122070312,114.57099914550781,115.79499816894531,0,0.0,0.0,^XDE
2025-06-24 00:00:00-04:00,116.08399963378906,116.41600036621094,115.81500244140625,116.13300323486328,0,0.0,0.0,^XDE
2025-06-25 00:00:00-04:00,115.99400329589844,116.66500091552734,115.9000015258789,116.5770034790039,0,0.0,0.0,^XDE
2025-06-26 00:00:00-04:00,116.94999694824219,117.41500091552734,116.9010009765625,116.98100280761719,0,0.0,0.0,^XDE
2025-06-27 00:00:00-04:00,117.15499877929688,117.54499816894531,116.89099884033203,117.2249984741211,0,0.0,0.0,^XDE
2025-06-30 00:00:00-04:00,117.2300033569336,117.9000015258789,117.0780029296875,117.79900360107422,0,0.0,0.0,^XDE
2025-07-01 00:00:00-04:00,118.13899993896484,118.19499969482422,117.61399841308594,118.0250015258789,0,0.0,0.0,^XDE
2025-07-02 00:00:00-04:00,117.49500274658203,118.05500030517578,117.4749984741211,117.98500061035156,0,0.0,0.0,^XDE
2025-07-03 00:00:00-04:00,117.86499786376953,117.91500091552734,117.18000030517578,117.56300354003906,0,0.0,0.0,^XDE
2025-07-07 00:00:00-04:00,117.2959976196289,117.4749984741211,116.87100219726562,117.08899688720703,0,0.0,0.0,^XDE
2025-07-08 00:00:00-04:00,117.23500061035156,117.31500244140625,116.8290023803711,117.20500183105469,0,0.0,0.0,^XDE
2025-07-09 00:00:00-04:00,116.91100311279297,117.26499938964844,116.90499877929688,117.18800354003906,0,0.0,0.0,^XDE
2025-07-10 00:00:00-04:00,117.13500213623047,117.16500091552734,116.6259994506836,117.00499725341797,0,0.0,0.0,^XDE
2025-07-11 00:00:00-04:00,116.87799835205078,117.13899993896484,116.74299621582031,116.93000030517578,0,0.0,0.0,^XDE
2025-07-14 00:00:00-04:00,116.90499877929688,116.98500061035156,116.58999633789062,116.64299774169922,0,0.0,0.0,^XDE
2025-07-15 00:00:00-04:00,116.69599914550781,116.90799713134766,115.88999938964844,116.01499938964844,0,0.0,0.0,^XDE
2025-07-16 00:00:00-04:00,116.03500366210938,117.2249984741211,115.625,116.41500091552734,0,0.0,0.0,^XDE
2025-07-17 00:00:00-04:00,115.74500274658203,116.05500030517578,115.56999969482422,115.96499633789062,0,0.0,0.0,^XDE
2025-07-18 00:00:00-04:00,116.44200134277344,116.71700286865234,116.16500091552734,116.37999725341797,0,0.0,0.0,^XDE
2025-07-21 00:00:00-04:00,116.68000030517578,117.18499755859375,116.57499694824219,116.93000030517578,0,0.0,0.0,^XDE
2025-07-22 00:00:00-04:00,117.01499938964844,117.61499786376953,116.78500366210938,117.5250015258789,0,0.0,0.0,^XDE
2025-07-23 00:00:00-04:00,117.25499725341797,117.76499938964844,117.11000061035156,117.697998046875,0,0.0,0.0,^XDE
2025-07-24 00:00:00-04:00,117.56500244140625,117.91500091552734,117.30699920654297,117.44599914550781,0,0.0,0.0,^XDE
2025-07-25 00:00:00-04:00,117.20999908447266,117.54499816894531,117.03399658203125,117.4800033569336,0,0.0,0.0,^XDE
2025-07-28 00:00:00-04:00,116.51200103759766,116.67500305175781,115.84500122070312,115.90699768066406,0,0.0,0.0,^XDE
2025-07-29 00:00:00-04:00,115.39900207519531,115.61499786376953,115.18499755859375,115.47100067138672,0,0.0,0.0,^XDE
2025-07-30 00:00:00-04:00,115.31099700927734,115.3550033569336,114.01000213623047,114.04199981689453,0,0.0,0.0,^XDE
2025-07-31 00:00:00-04:00,114.49299621582031,114.5250015258789,114.06199645996094,114.16500091552734,0,0.0,0.0,^XDE
2025-08-01 00:00:00-04:00,114.06500244140625,115.98500061035156,113.91699981689453,115.62999725341797,0,0.0,0.0,^XDE
2025-08-04 00:00:00-04:00,115.66799926757812,115.90499877929688,115.56999969482422,115.7020034790039,0,0.0,0.0,^XDE
2025-08-05 00:00:00-04:00,115.40499877929688,115.875,115.30400085449219,115.74400329589844,0,0.0,0.0,^XDE
2025-08-06 00:00:00-04:00,116.04199981689453,116.70500183105469,116.00599670410156,116.58499908447266,0,0.0,0.0,^XDE
2025-08-07 00:00:00-04:00,116.4469985961914,116.7249984741211,116.11100006103516,116.68599700927734,0,0.0,0.0,^XDE
2025-08-08 00:00:00-04:00,116.43800354003906,116.69499969482422,116.33000183105469,116.3550033569336,0,0.0,0.0,^XDE
2025-08-11 00:00:00-04:00,116.27999877929688,116.31500244140625,115.9010009765625,116.14900207519531,0,0.0,0.0,^XDE
2025-08-12 00:00:00-04:00,116.05000305175781,116.9729995727539,116.01300048828125,116.75499725341797,0,0.0,0.0,^XDE
2025-08-13 00:00:00-04:00,117.20500183105469,117.25499725341797,116.93399810791016,117.03600311279297,0,0.0,0.0,^XDE
2025-08-14 00:00:00-04:00,116.86499786376953,116.94499969482422,116.30500030517578,116.50499725341797,0,0.0,0.0,^XDE
2025-08-15 00:00:00-04:00,116.87699890136719,117.17500305175781,116.73600006103516,117.00499725341797,0,0.0,0.0,^XDE
2025-08-18 00:00:00-04:00,116.7509994506836,116.86499786376953,116.56099700927734,116.625,0,0.0,0.0,^XDE
2025-08-19 00:00:00-04:00,116.875,116.90499877929688,116.42400360107422,116.51000213623047,0,0.0,0.0,^XDE
2025-08-20 00:00:00-04:00,116.41999816894531,116.75499725341797,116.41999816894531,116.54499816894531,0,0.0,0.0,^XDE
2025-08-21 00:00:00-04:00,116.41500091552734,116.58499908447266,116.01300048828125,116.072998046875,0,0.0,0.0,^XDE
2025-08-22 00:00:00-04:00,116.04499816894531,117.44499969482422,115.9749984741211,117.21499633789062,0,0.0,0.0,^XDE
2025-08-25 00:00:00-04:00,117.02799987792969,117.1050033569336,116.02999877929688,116.19499969482422,0,0.0,0.0,^XDE
2025-08-26 00:00:00-04:00,116.53900146484375,116.67500305175781,116.33499908447266,116.46099853515625,0,0.0,0.0,^XDE
2025-08-27 00:00:00-04:00,115.86199951171875,116.43499755859375,115.8219985961914,116.37699890136719,0,0.0,0.0,^XDE
2025-08-28 00:00:00-04:00,116.66799926757812,116.98500061035156,116.58499908447266,116.79100036621094,0,0.0,0.0,^XDE
2025-08-29 00:00:00-04:00,116.62999725341797,117.1050033569336,116.51100158691406,116.83000183105469,0,0.0,0.0,^XDE
2025-09-02 00:00:00-04:00,116.46700286865234,116.84500122070312,116.13099670410156,116.40499877929688,0,0.0,0.0,^XDE
2025-09-03 00:00:00-04:00,116.51599884033203,116.83499908447266,116.38899993896484,116.6050033569336,0,0.0,0.0,^XDE
2025-09-04 00:00:00-04:00,116.42900085449219,116.57499694824219,116.3010025024414,116.49199676513672,0,0.0,0.0,^XDE
2025-09-05 00:00:00-04:00,116.87200164794922,117.61499786376953,116.86399841308594,117.23500061035156,0,0.0,0.0,^XDE
2025-09-08 00:00:00-04:00,117.30500030517578,117.67500305175781,117.2300033569336,117.61000061035156,0,0.0,0.0,^XDE
2025-09-09 00:00:00-04:00,117.4209976196289,117.6240005493164,117.03500366210938,117.10700225830078,0,0.0,0.0,^XDE
2025-09-10 00:00:00-04:00,117.0459976196289,117.32499694824219,116.91300201416016,116.96800231933594,0,0.0,0.0,^XDE
2025-09-11 00:00:00-04:00,116.83799743652344,117.46499633789062,116.6050033569336,117.34400177001953,0,0.0,0.0,^XDE
2025-09-12 00:00:00-04:00,117.2249984741211,117.43499755859375,117.01499938964844,117.30000305175781,0,0.0,0.0,^XDE
2025-09-15 00:00:00-04:00,117.625,117.76499938964844,117.51000213623047,117.65499877929688,0,0.0,0.0,^XDE
2025-09-16 00:00:00-04:00,118.14099884033203,118.79499816894531,117.9010009765625,118.59500122070312,0,0.0,0.0,^XDE
2025-09-17 00:00:00-04:00,118.39199829101562,119.18499755859375,118.08000183105469,118.16500091552734,0,0.0,0.0,^XDE
2025-09-18 00:00:00-04:00,118.25399780273438,118.2750015258789,117.50299835205078,117.8949966430664,0,0.0,0.0,^XDE
2025-09-19 00:00:00-04:00,117.36000061035156,117.69499969482422,117.28500366210938,117.41000366210938,0,0.0,0.0,^XDE
2025-09-22 00:00:00-04:00,117.79499816894531,118.05500030517578,117.625,117.99500274658203,0,0.0,0.0,^XDE
2025-09-23 00:00:00-04:00,117.93499755859375,118.20500183105469,117.84400177001953,118.14399719238281,0,0.0,0.0,^XDE
2025-09-24 00:00:00-04:00,117.51499938964844,117.59500122070312,117.28199768066406,117.3949966430664,0,0.0,0.0,^XDE
2025-09-25 00:00:00-04:00,117.4010009765625,117.46499633789062,116.45800018310547,116.625,0,0.0,0.0,^XDE
2025-09-26 00:00:00-04:00,116.6780014038086,117.08499908447266,116.66899871826172,117.03500366210938,0,0.0,0.0,^XDE
2025-09-29 00:00:00-04:00,117.30500030517578,117.55500030517578,117.18499755859375,117.27200317382812,0,0.0,0.0,^XDE
2025-09-30 00:00:00-04:00,117.42400360107422,117.63500213623047,117.16500091552734,117.375,0,0.0,0.0,^XDE
2025-10-01 00:00:00-04:00,117.34400177001953,117.68599700927734,117.1500015258789,117.29499816894531,0,0.0,0.0,^XDE
2025-10-02 00:00:00-04:00,117.50299835205078,117.6050033569336,116.83300018310547,117.17500305175781,0,0.0,0.0,^XDE
2025-10-03 00:00:00-04:00,117.33799743652344,117.6050033569336,117.26899719238281,117.41500091552734,0,0.0,0.0,^XDE
2025-10-06 00:00:00-04:00,116.75399780273438,117.2249984741211,116.7249984741211,117.08699798583984,0,0.0,0.0,^XDE
2025-10-07 00:00:00-04:00,116.62000274658203,116.81500244140625,116.4749984741211,116.57099914550781,0,0.0,0.0,^XDE
2025-10-08 00:00:00-04:00,116.26300048828125,116.46499633789062,115.9800033569336,116.26799774169922,0,0.0,0.0,^XDE
2025-10-09 00:00:00-04:00,116.12200164794922,116.2229995727539,115.4219970703125,115.62000274658203,0,0.0,0.0,^XDE
2025-10-10 00:00:00-04:00,115.60900115966797,116.31500244140625,115.59500122070312,116.00499725341797,0,0.0,0.0,^XDE
2025-10-13 00:00:00-04:00,115.68499755859375,115.80500030517578,115.57499694824219,115.72000122070312,0,0.0,0.0,^XDE
2025-10-14 00:00:00-04:00,115.51799774169922,116.16500091552734,115.48100280761719,116.07499694824219,0,0.0,0.0,^XDE
2025-10-15 00:00:00-04:00,116.20099639892578,116.50800323486328,116.1050033569336,116.44499969482422,0,0.0,0.0,^XDE
2025-10-16 00:00:00-04:00,116.54000091552734,116.96499633789062,116.48999786376953,116.86499786376953,0,0.0,0.0,^XDE
2025-10-17 00:00:00-04:00,116.85199737548828,116.88500213623047,116.50499725341797,116.56999969482422,0,0.0,0.0,^XDE
2025-10-20 00:00:00-04:00,116.56500244140625,116.66500091552734,116.38500213623047,116.44200134277344,0,0.0,0.0,^XDE
2025-10-21 00:00:00-04:00,116.13500213623047,116.25499725341797,115.9749984741211,116.01499938964844,0,0.0,0.0,^XDE
2025-10-22 00:00:00-04:00,115.82499694824219,116.24500274658203,115.76499938964844,116.11499786376953,0,0.0,0.0,^XDE
2025-10-23 00:00:00-04:00,115.87200164794922,116.2249984741211,115.86499786376953,116.16500091552734,0,0.0,0.0,^XDE
2025-10-24 00:00:00-04:00,116.1500015258789,116.48500061035156,116.08799743652344,116.2249984741211,0,0.0,0.0,^XDE
2025-10-27 00:00:00-04:00,116.45500183105469,116.53500366210938,116.31700134277344,116.4749984741211,0,0.0,0.0,^XDE
2025-10-28 00:00:00-04:00,116.58499908447266,116.70500183105469,116.25499725341797,116.51699829101562,0,0.0,0.0,^XDE
2025-10-29 00:00:00-04:00,116.4000015258789,116.66500091552734,115.7750015258789,116.03500366210938,0,0.0,0.0,^XDE
2025-10-30 00:00:00-04:00,115.97000122070312,116.01499938964844,115.46499633789062,115.6729965209961,0,0.0,0.0,^XDE
2025-10-31 00:00:00-04:00,115.67500305175781,115.68499755859375,115.21499633789062,115.5250015258789,0,0.0,0.0,^XDE
2025-11-03 00:00:00-05:00,115.1719970703125,115.3949966430664,115.0530014038086,115.21499633789062,0,0.0,0.0,^XDE
2025-11-04 00:00:00-05:00,114.89299774169922,114.99500274658203,114.7249984741211,114.81700134277344,0,0.0,0.0,^XDE
2025-11-05 00:00:00-05:00,114.92500305175781,114.9749984741211,114.68499755859375,114.92500305175781,0,0.0,0.0,^XDE
2025-11-06 00:00:00-05:00,115.30799865722656,115.54499816894531,115.18499755859375,115.45500183105469,0,0.0,0.0,^XDE
2025-11-07 00:00:00-05:00,115.55899810791016,115.93499755859375,115.55500030517578,115.69499969482422,0,0.0,0.0,^XDE
2025-11-10 00:00:00-05:00,115.69499969482422,115.80500030517578,115.40499877929688,115.59500122070312,0,0.0,0.0,^XDE
2025-11-11 00:00:00-05:00,115.71499633789062,116.06500244140625,115.70500183105469,115.8550033569336,0,0.0,0.0,^XDE
2025-11-12 00:00:00-05:00,115.76899719238281,116.00499725341797,115.625,115.92500305175781,0,0.0,0.0,^XDE
2025-11-13 00:00:00-05:00,116.22899627685547,116.57499694824219,116.11499786376953,116.375,0,0.0,0.0,^XDE
2025-11-14 00:00:00-05:00,116.5260009765625,116.55500030517578,116.06199645996094,116.16999816894531,0,0.0,0.0,^XDE
2025-11-17 00:00:00-05:00,115.98699951171875,116.03500366210938,115.81500244140625,115.90299987792969,0,0.0,0.0,^XDE
2025-11-18 00:00:00-05:00,115.91999816894531,116.09500122070312,115.71499633789062,115.81500244140625,0,0.0,0.0,^XDE
2025-11-19 00:00:00-05:00,115.78500366210938,115.93499755859375,115.18199920654297,115.38500213623047,0,0.0,0.0,^XDE
2025-11-20 00:00:00-05:00,115.10900115966797,115.50499725341797,115.03500366210938,115.29499816894531,0,0.0,0.0,^XDE
2025-11-21 00:00:00-05:00,115.24800109863281,115.28500366210938,114.90499877929688,115.14700317382812,0,0.0,0.0,^XDE
2025-11-24 00:00:00-05:00,115.4739990234375,115.51499938964844,115.11599731445312,115.25499725341797,0,0.0,0.0,^XDE
2025-11-25 00:00:00-05:00,115.45500183105469,115.875,115.42500305175781,115.70500183105469,0,0.0,0.0,^XDE
2025-11-26 00:00:00-05:00,115.72100067138672,116.03500366210938,115.4729995727539,115.947998046875,0,0.0,0.0,^XDE
2025-11-28 00:00:00-05:00,115.66500091552734,116.09500122070312,115.625,116.01899719238281,0,0.0,0.0,^XDE
2025-12-01 00:00:00-05:00,116.49500274658203,116.53500366210938,116.06500244140625,116.08499908447266,0,0.0,0.0,^XDE
2025-12-02 00:00:00-05:00,116.1760025024414,116.28500366210938,115.91400146484375,116.22899627685547,0,0.0,0.0,^XDE
2025-12-03 00:00:00-05:00,116.6449966430664,116.79499816894531,116.54499816894531,116.72200012207031,0,0.0,0.0,^XDE
2025-12-04 00:00:00-05:00,116.70099639892578,116.78500366210938,116.40599822998047,116.44599914550781,0,0.0,0.0,^XDE
2025-12-05 00:00:00-05:00,116.5250015258789,116.625,116.27999877929688,116.42500305175781,0,0.0,0.0,^XDE
2025-12-08 00:00:00-05:00,116.53500366210938,116.59500122070312,116.16400146484375,116.375,0,0.0,0.0,^XDE
2025-12-09 00:00:00-05:00,116.37999725341797,116.42500305175781,116.1449966430664,116.27899932861328,0,0.0,0.0,^XDE
2025-12-10 00:00:00-05:00,116.40499877929688,117.03600311279297,116.2750015258789,116.92500305175781,0,0.0,0.0,^XDE
2025-12-11 00:00:00-05:00,117.16899871826172,117.65499877929688,117.13400268554688,117.39199829101562,0,0.0,0.0,^XDE
2025-12-12 00:00:00-05:00,117.25499725341797,117.5250015258789,117.23400115966797,117.37000274658203,0,0.0,0.0,^XDE
2025-12-15 00:00:00-05:00,117.54499816894531,117.71499633789062,117.38500213623047,117.51499938964844,0,0.0,0.0,^XDE
2025-12-16 00:00:00-05:00,117.77999877929688,118.06500244140625,117.35399627685547,117.47799682617188,0,0.0,0.0,^XDE
2025-12-17 00:00:00-05:00,117.26699829101562,117.6050033569336,117.19499969482422,117.42500305175781,0,0.0,0.0,^XDE
2025-12-18 00:00:00-05:00,117.13899993896484,117.6449966430664,117.13400268554688,117.25499725341797,0,0.0,0.0,^XDE
2025-12-19 00:00:00-05:00,117.10099792480469,117.40499877929688,117.0250015258789,117.1449966430664,0,0.0,0.0,^XDE
2025-12-22 00:00:00-05:00,117.41799926757812,117.71499633789062,117.41799926757812,117.61499786376953,0,0.0,0.0,^XDE
2025-12-23 00:00:00-05:00,117.89600372314453,117.99500274658203,117.63500213623047,117.93900299072266,0,0.0,0.0,^XDE
2025-12-24 00:00:00-05:00,117.8550033569336,117.92500305175781,117.72799682617188,117.80000305175781,0,0.0,0.0,^XDE
2025-12-26 00:00:00-05:00,117.81700134277344,117.99500274658203,117.61499786376953,117.71499633789062,0,0.0,0.0,^XDE
2025-12-29 00:00:00-05:00,117.62000274658203,117.90499877929688,117.49500274658203,117.71499633789062,0,0.0,0.0,^XDE
2025-12-30 00:00:00-05:00,117.625,117.68499755859375,117.43000030517578,117.48500061035156,0,0.0,0.0,^XDE
2025-12-31 00:00:00-05:00,117.5510025024414,117.6050033569336,117.2040023803711,117.46099853515625,0,0.0,0.0,^XDE
2026-01-02 00:00:00-05:00,117.24500274658203,117.55500030517578,117.0999984741211,117.24500274658203,0,0.0,0.0,^XDE
2026-01-05 00:00:00-05:00,116.7249984741211,117.32499694824219,116.58499908447266,117.23500061035156,0,0.0,0.0,^XDE
2026-01-06 00:00:00-05:00,117.01599884033203,117.19499969482422,116.83499908447266,116.86000061035156,0,0.0,0.0,^XDE
2026-01-07 00:00:00-05:00,116.88500213623047,117.00499725341797,116.73500061035156,116.75900268554688,0,0.0,0.0,^XDE
2026-01-08 00:00:00-05:00,116.73200225830078,116.80500030517578,116.42500305175781,116.59700012207031,0,0.0,0.0,^XDE
2026-01-09 00:00:00-05:00,116.40499877929688,116.60600280761719,116.18299865722656,116.3949966430664,0,0.0,0.0,^XDE
2026-01-12 00:00:00-05:00,116.80999755859375,117.00499725341797,116.62999725341797,116.69499969482422,0,0.0,0.0,^XDE
2026-01-13 00:00:00-05:00,116.55500030517578,116.77999877929688,116.33999633789062,116.44599914550781,0,0.0,0.0,^XDE
2026-01-14 00:00:00-05:00,116.5979995727539,116.65499877929688,116.3550033569336,116.4749984741211,0,0.0,0.0,^XDE
2026-01-15 00:00:00-05:00,116.23500061035156,116.2750015258789,115.93099975585938,116.08999633789062,0,0.0,0.0,^XDE
2026-01-16 00:00:00-05:00,116.21499633789062,116.29499816894531,115.84600067138672,115.95999908447266,0,0.0,0.0,^XDE
2026-01-20 00:00:00-05:00,117.26499938964844,117.68499755859375,117.1050033569336,117.24500274658203,0,0.0,0.0,^XDE
2026-01-21 00:00:00-05:00,117.36499786376953,117.45500183105469,116.76300048828125,116.8550033569336,0,0.0,0.0,^XDE
2026-01-22 00:00:00-05:00,117.03800201416016,117.58499908447266,117.02999877929688,117.54000091552734,0,0.0,0.0,^XDE
2026-01-23 00:00:00-05:00,117.43499755859375,118.34500122070312,117.31500244140625,118.2300033569336,0,0.0,0.0,^XDE
2026-01-26 00:00:00-05:00,118.4229965209961,119.06500244140625,118.3499984741211,118.7750015258789,0,0.0,0.0,^XDE
2026-01-27 00:00:00-05:00,119.28199768066406,120.81800079345703,119.14399719238281,120.3740005493164,0,0.0,0.0,^XDE
2026-01-28 00:00:00-05:00,119.7979965209961,119.82499694824219,118.95800018310547,119.5510025024414,0,0.0,0.0,^XDE
2026-01-29 00:00:00-05:00,119.61299896240234,119.74500274658203,119.06300354003906,119.66699981689453,0,0.0,0.0,^XDE
2026-01-30 00:00:00-05:00,119.19599914550781,119.26499938964844,118.49500274658203,118.6050033569336,0,0.0,0.0,^XDE
2026-02-02 00:00:00-05:00,119.19599914550781,119.19599914550781,117.75499725341797,117.91500091552734,0,0.0,0.0,^XDE
2026-02-03 00:00:00-05:00,117.96600341796875,118.30500030517578,117.80000305175781,118.18499755859375,0,0.0,0.0,^XDE
2026-02-04 00:00:00-05:00,118.22000122070312,118.2750015258789,117.90899658203125,118.05400085449219,0,0.0,0.0,^XDE
2026-02-05 00:00:00-05:00,117.99700164794922,118.23500061035156,117.74500274658203,117.7979965209961,0,0.0,0.0,^XDE
2026-02-06 00:00:00-05:00,117.927001953125,118.26499938964844,117.91500091552734,118.12000274658203,0,0.0,0.0,^XDE
2026-02-09 00:00:00-05:00,118.81500244140625,119.29499816894531,118.81500244140625,119.1449966430664,0,0.0,0.0,^XDE
2026-02-10 00:00:00-05:00,118.93099975585938,119.29499816894531,118.87000274658203,118.96499633789062,0,0.0,0.0,^XDE
2026-02-11 00:00:00-05:00,119.00399780273438,119.05500030517578,118.33499908447266,118.73500061035156,0,0.0,0.0,^XDE
2026-02-12 00:00:00-05:00,118.73100280761719,118.90499877929688,118.55999755859375,118.63600158691406,0,0.0,0.0,^XDE
2026-02-13 00:00:00-05:00,118.61499786376953,118.86499786376953,118.4280014038086,118.62000274658203,0,0.0,0.0,^XDE
2026-02-17 00:00:00-05:00,118.27799987792969,118.59500122070312,118.05000305175781,118.5260009765625,0,0.0,0.0,^XDE
2026-02-18 00:00:00-05:00,118.3949966430664,118.50499725341797,117.78700256347656,117.83999633789062,0,0.0,0.0,^XDE
2026-02-19 00:00:00-05:00,117.69499969482422,117.80500030517578,117.41500091552734,117.72200012207031,0,0.0,0.0,^XDE
2026-02-20 00:00:00-05:00,117.65599822998047,118.072998046875,117.55400085449219,117.88999938964844,0,0.0,0.0,^XDE
2026-02-23 00:00:00-05:00,117.81500244140625,118.1050033569336,117.78600311279297,117.875,0,0.0,0.0,^XDE
2026-02-24 00:00:00-05:00,117.80999755859375,117.91500091552734,117.66000366210938,117.76499938964844,0,0.0,0.0,^XDE
2026-02-25 00:00:00-05:00,117.8550033569336,118.16899871826172,117.7249984741211,118.08499908447266,0,0.0,0.0,^XDE
2026-02-26 00:00:00-05:00,118.08999633789062,118.18499755859375,117.73500061035156,117.97699737548828,0,0.0,0.0,^XDE
2026-02-27 00:00:00-05:00,118.03500366210938,118.05500030517578,117.99800109863281,117.99800109863281,0,0.0,0.0,^XDE
2025-02-27 00:00:00-05:00,66.81900024414062,66.9489974975586,66.58000183105469,66.76699829101562,0,0.0,0.0,^XDN
2025-02-28 00:00:00-05:00,66.37200164794922,66.56099700927734,66.22699737548828,66.37200164794922,0,0.0,0.0,^XDN
2025-03-03 00:00:00-05:00,66.11799621582031,67.06900024414062,66.09300231933594,66.85299682617188,0,0.0,0.0,^XDN
2025-03-04 00:00:00-05:00,67.46299743652344,67.47699737548828,66.71800231933594,66.76000213623047,0,0.0,0.0,^XDN
2025-03-05 00:00:00-05:00,66.88800048828125,67.38500213623047,66.78199768066406,67.18599700927734,0,0.0,0.0,^XDN
2025-03-06 00:00:00-05:00,67.74299621582031,67.87999725341797,67.38899993896484,67.61599731445312,0,0.0,0.0,^XDN
2025-03-07 00:00:00-05:00,67.68000030517578,68.0530014038086,67.47000122070312,67.56300354003906,0,0.0,0.0,^XDN
2025-03-10 00:00:00-04:00,67.96800231933594,68.197998046875,67.81099700927734,67.9010009765625,0,0.0,0.0,^XDN
2025-03-11 00:00:00-04:00,67.74400329589844,68.01399993896484,67.51300048828125,67.64900207519531,0,0.0,0.0,^XDN
2025-03-12 00:00:00-04:00,67.23400115966797,67.51699829101562,67.02799987792969,67.46099853515625,0,0.0,0.0,^XDN
2025-03-13 00:00:00-04:00,67.58399963378906,67.83599853515625,67.40699768066406,67.67500305175781,0,0.0,0.0,^XDN
2025-03-14 00:00:00-04:00,67.23699951171875,67.447998046875,67.16000366210938,67.27899932861328,0,0.0,0.0,^XDN
2025-03-17 00:00:00-04:00,67.35600280761719,67.43800354003906,66.98500061035156,67.01699829101562,0,0.0,0.0,^XDN
2025-03-18 00:00:00-04:00,66.77899932861328,67.07099914550781,66.69300079345703,66.98999786376953,0,0.0,0.0,^XDN
2025-03-19 00:00:00-04:00,66.74199676513672,67.29299926757812,66.60199737548828,67.25900268554688,0,0.0,0.0,^XDN
2025-03-20 00:00:00-04:00,67.35600280761719,67.38400268554688,67.125,67.21600341796875,0,0.0,0.0,^XDN
2025-03-21 00:00:00-04:00,67.16100311279297,67.29299926757812,66.947998046875,66.96399688720703,0,0.0,0.0,^XDN
2025-03-24 00:00:00-04:00,66.7699966430664,66.7979965209961,66.3280029296875,66.36299896240234,0,0.0,0.0,^XDN
2025-03-25 00:00:00-04:00,66.58499908447266,66.86599731445312,66.58499908447266,66.71499633789062,0,0.0,0.0,^XDN
2025-03-26 00:00:00-04:00,66.5719985961914,66.61599731445312,66.33499908447266,66.41999816894531,0,0.0,0.0,^XDN
2025-03-27 00:00:00-04:00,66.21600341796875,66.40899658203125,66.14900207519531,66.21800231933594,0,0.0,0.0,^XDN
2025-03-28 00:00:00-04:00,66.30999755859375,66.80699920654297,66.26200103759766,66.7239990234375,0,0.0,0.0,^XDN
2025-03-31 00:00:00-04:00,66.94400024414062,66.95800018310547,66.54499816894531,66.677001953125,0,0.0,0.0,^XDN
2025-04-01 00:00:00-04:00,67.02300262451172,67.125,66.78199768066406,66.84500122070312,0,0.0,0.0,^XDN
2025-04-02 00:00:00-04:00,67.01399993896484,67.16400146484375,66.44999694824219,67.1259994506836,0,0.0,0.0,^XDN
2025-04-03 00:00:00-04:00,68.47200012207031,68.875,68.25,68.4729995727539,0,0.0,0.0,^XDN
2025-04-04 00:00:00-04:00,68.7770004272461,68.9489974975586,67.82599639892578,68.15899658203125,0,0.0,0.0,^XDN
2025-04-07 00:00:00-04:00,68.31300354003906,68.31700134277344,67.5009994506836,67.61799621582031,0,0.0,0.0,^XDN
2025-04-08 00:00:00-04:00,68.06700134277344,68.50800323486328,67.72100067138672,68.3759994506836,0,0.0,0.0,^XDN
2025-04-09 00:00:00-04:00,69.12999725341797,69.43900299072266,67.44000244140625,67.64199829101562,0,0.0,0.0,^XDN
2025-04-10 00:00:00-04:00,68.72000122070312,69.43000030517578,68.68000030517578,69.18000030517578,0,0.0,0.0,^XDN
2025-04-11 00:00:00-04:00,70.11299896240234,70.31300354003906,69.34700012207031,69.6719970703125,0,0.0,0.0,^XDN
2025-04-14 00:00:00-04:00,69.81199645996094,70.03600311279297,69.40599822998047,69.91200256347656,0,0.0,0.0,^XDN
2025-04-15 00:00:00-04:00,69.97899627685547,70.12699890136719,69.75700378417969,69.80799865722656,0,0.0,0.0,^XDN
2025-04-16 00:00:00-04:00,70.09200286865234,70.5999984741211,69.99800109863281,70.53500366210938,0,0.0,0.0,^XDN
2025-04-17 00:00:00-04:00,70.12799835205078,70.46900177001953,70.06800079345703,70.21299743652344,0,0.0,0.0,^XDN
2025-04-21 00:00:00-04:00,71.0260009765625,71.1449966430664,70.9010009765625,70.95700073242188,0,0.0,0.0,^XDN
2025-04-22 00:00:00-04:00,71.29900360107422,71.32099914550781,70.58699798583984,70.66799926757812,0,0.0,0.0,^XDN
2025-04-23 00:00:00-04:00,70.59200286865234,70.63300323486328,69.64900207519531,69.73699951171875,0,0.0,0.0,^XDN
2025-04-24 00:00:00-04:00,70.12799835205078,70.28299713134766,70.01000213623047,70.1259994506836,0,0.0,0.0,^XDN
2025-04-25 00:00:00-04:00,69.74600219726562,69.78099822998047,69.4280014038086,69.60199737548828,0,0.0,0.0,^XDN
2025-04-28 00:00:00-04:00,69.74700164794922,70.4280014038086,69.71499633789062,70.40499877929688,0,0.0,0.0,^XDN
2025-04-29 00:00:00-04:00,70.05699920654297,70.43499755859375,70.04900360107422,70.28900146484375,0,0.0,0.0,^XDN
2025-04-30 00:00:00-04:00,69.9229965209961,70.16300201416016,69.83499908447266,69.9219970703125,0,0.0,0.0,^XDN
2025-05-01 00:00:00-04:00,69.21199798583984,69.46099853515625,68.61799621582031,68.74299621582031,0,0.0,0.0,^XDN
2025-05-02 00:00:00-04:00,69.1760025024414,69.5739974975586,68.9260025024414,69.00599670410156,0,0.0,0.0,^XDN
2025-05-05 00:00:00-04:00,69.51399993896484,69.66600036621094,69.33100128173828,69.60600280761719,0,0.0,0.0,^XDN
2025-05-06 00:00:00-04:00,70.02799987792969,70.24700164794922,69.91300201416016,70.17400360107422,0,0.0,0.0,^XDN
2025-05-07 00:00:00-04:00,69.73799896240234,69.9729995727539,69.44400024414062,69.57099914550781,0,0.0,0.0,^XDN
2025-05-08 00:00:00-04:00,69.13500213623047,69.23500061035156,68.40899658203125,68.55400085449219,0,0.0,0.0,^XDN
2025-05-09 00:00:00-04:00,68.90399932861328,69.0479965209961,68.78399658203125,68.84700012207031,0,0.0,0.0,^XDN
2025-05-12 00:00:00-04:00,67.62300109863281,67.6520004272461,67.27300262451172,67.38600158691406,0,0.0,0.0,^XDN
2025-05-13 00:00:00-04:00,67.51399993896484,67.85399627685547,67.44200134277344,67.79900360107422,0,0.0,0.0,^XDN
2025-05-14 00:00:00-04:00,68.41000366210938,68.60299682617188,67.97000122070312,68.16600036621094,0,0.0,0.0,^XDN
2025-05-15 00:00:00-04:00,68.4489974975586,68.76799774169922,68.3759994506836,68.6520004272461,0,0.0,0.0,^XDN
2025-05-16 00:00:00-04:00,68.66000366210938,68.77200317382812,68.44599914550781,68.66300201416016,0,0.0,0.0,^XDN
2025-05-19 00:00:00-04:00,69.01000213623047,69.0719985961914,68.86399841308594,69.03900146484375,0,0.0,0.0,^XDN
2025-05-20 00:00:00-04:00,69.16000366210938,69.23600006103516,68.97699737548828,69.1760025024414,0,0.0,0.0,^XDN
2025-05-21 00:00:00-04:00,69.56400299072266,69.79100036621094,69.49500274658203,69.63999938964844,0,0.0,0.0,^XDN
2025-05-22 00:00:00-04:00,69.75199890136719,69.7959976196289,69.28700256347656,69.4229965209961,0,0.0,0.0,^XDN
2025-05-23 00:00:00-04:00,70.12999725341797,70.21199798583984,69.98500061035156,70.14800262451172,0,0.0,0.0,^XDN
2025-05-27 00:00:00-04:00,69.39700317382812,69.50399780273438,69.22599792480469,69.26699829101562,0,0.0,0.0,^XDN
2025-05-28 00:00:00-04:00,69.23999786376953,69.29499816894531,68.9280014038086,69.06600189208984,0,0.0,0.0,^XDN
2025-05-29 00:00:00-04:00,68.92400360107422,69.46299743652344,68.9209976196289,69.36799621582031,0,0.0,0.0,^XDN
2025-05-30 00:00:00-04:00,69.51699829101562,69.69400024414062,69.23400115966797,69.4229965209961,0,0.0,0.0,^XDN
2025-06-02 00:00:00-04:00,70.0479965209961,70.15599822998047,69.89299774169922,70.0770034790039,0,0.0,0.0,^XDN
2025-06-03 00:00:00-04:00,69.88899993896484,69.90499877929688,69.39199829101562,69.45500183105469,0,0.0,0.0,^XDN
2025-06-04 00:00:00-04:00,69.31400299072266,70.1240005493164,69.31199645996094,70.06300354003906,0,0.0,0.0,^XDN
2025-06-05 00:00:00-04:00,69.79399871826172,70.03800201416016,69.45700073242188,69.68499755859375,0,0.0,0.0,^XDN
2025-06-06 00:00:00-04:00,69.37000274658203,69.3949966430664,68.9229965209961,69.02300262451172,0,0.0,0.0,^XDN
2025-06-09 00:00:00-04:00,69.20899963378906,69.2770004272461,69.0739974975586,69.177001953125,0,0.0,0.0,^XDN
2025-06-10 00:00:00-04:00,69.16400146484375,69.23100280761719,68.94400024414062,69.01300048828125,0,0.0,0.0,^XDN
2025-06-11 00:00:00-04:00,68.83300018310547,69.28600311279297,68.74299621582031,69.2030029296875,0,0.0,0.0,^XDN
2025-06-12 00:00:00-04:00,69.62899780273438,69.83999633789062,69.49299621582031,69.65699768066406,0,0.0,0.0,^XDN
2025-06-13 00:00:00-04:00,69.38300323486328,69.51599884033203,69.21099853515625,69.39399719238281,0,0.0,0.0,^XDN
2025-06-16 00:00:00-04:00,69.38899993896484,69.61199951171875,69.0199966430664,69.09100341796875,0,0.0,0.0,^XDN
2025-06-17 00:00:00-04:00,69.1520004272461,69.24099731445312,68.78299713134766,68.83499908447266,0,0.0,0.0,^XDN
2025-06-18 00:00:00-04:00,69.03900146484375,69.27999877929688,68.86100006103516,68.92400360107422,0,0.0,0.0,^XDN
2025-06-20 00:00:00-04:00,68.68499755859375,68.75199890136719,68.38999938964844,68.46600341796875,0,0.0,0.0,^XDN
2025-06-23 00:00:00-04:00,67.75499725341797,68.48899841308594,67.73400115966797,68.4229965209961,0,0.0,0.0,^XDN
2025-06-24 00:00:00-04:00,68.98200225830078,69.1969985961914,68.87899780273438,68.99800109863281,0,0.0,0.0,^XDN
2025-06-25 00:00:00-04:00,68.61000061035156,68.9469985961914,68.51599884033203,68.85900115966797,0,0.0,0.0,^XDN
2025-06-26 00:00:00-04:00,69.25900268554688,69.41699981689453,69.18599700927734,69.2979965209961,0,0.0,0.0,^XDN
2025-06-27 00:00:00-04:00,69.20800018310547,69.26899719238281,68.99199676513672,69.12999725341797,0,0.0,0.0,^XDN
2025-06-30 00:00:00-04:00,69.28800201416016,69.46499633789062,69.1969985961914,69.4219970703125,0,0.0,0.0,^XDN
2025-07-01 00:00:00-04:00,70.05899810791016,70.08399963378906,69.53900146484375,69.72799682617188,0,0.0,0.0,^XDN
2025-07-02 00:00:00-04:00,69.35600280761719,69.69200134277344,69.34300231933594,69.5719985961914,0,0.0,0.0,^XDN
2025-07-03 00:00:00-04:00,69.50900268554688,69.5510025024414,68.8550033569336,68.95600128173828,0,0.0,0.0,^XDN
2025-07-07 00:00:00-04:00,68.73200225830078,68.73799896240234,68.37899780273438,68.4739990234375,0,0.0,0.0,^XDN
2025-07-08 00:00:00-04:00,68.22000122070312,68.27799987792969,68.03800201416016,68.22000122070312,0,0.0,0.0,^XDN
2025-07-09 00:00:00-04:00,68.13500213623047,68.3759994506836,68.13500213623047,68.33399963378906,0,0.0,0.0,^XDN
2025-07-10 00:00:00-04:00,68.37799835205078,68.41300201416016,68.1259994506836,68.38999938964844,0,0.0,0.0,^XDN
2025-07-11 00:00:00-04:00,68.01499938964844,68.1240005493164,67.78700256347656,67.83100128173828,0,0.0,0.0,^XDN
2025-07-14 00:00:00-04:00,67.83599853515625,67.92400360107422,67.66600036621094,67.69499969482422,0,0.0,0.0,^XDN
2025-07-15 00:00:00-04:00,67.60600280761719,67.72000122070312,67.10600280761719,67.16100311279297,0,0.0,0.0,^XDN
2025-07-16 00:00:00-04:00,67.21900177001953,68.06700134277344,67.14600372314453,67.65499877929688,0,0.0,0.0,^XDN
2025-07-17 00:00:00-04:00,67.21900177001953,67.39399719238281,67.0719985961914,67.3010025024414,0,0.0,0.0,^XDN
2025-07-18 00:00:00-04:00,67.33899688720703,67.48300170898438,67.18099975585938,67.302001953125,0,0.0,0.0,^XDN
2025-07-21 00:00:00-04:00,67.7760009765625,67.98799896240234,67.69400024414062,67.91200256347656,0,0.0,0.0,^XDN
2025-07-22 00:00:00-04:00,67.93599700927734,68.34700012207031,67.91000366210938,68.2040023803711,0,0.0,0.0,^XDN
2025-07-23 00:00:00-04:00,68.4000015258789,68.41699981689453,68.15499877929688,68.26000213623047,0,0.0,0.0,^XDN
2025-07-24 00:00:00-04:00,68.26499938964844,68.32599639892578,68.01499938964844,68.03099822998047,0,0.0,0.0,^XDN
2025-07-25 00:00:00-04:00,67.71499633789062,67.78299713134766,67.59700012207031,67.7249984741211,0,0.0,0.0,^XDN
2025-07-28 00:00:00-04:00,67.50399780273438,67.59500122070312,67.30400085449219,67.34200286865234,0,0.0,0.0,^XDN
2025-07-29 00:00:00-04:00,67.24099731445312,67.41400146484375,67.19999694824219,67.35399627685547,0,0.0,0.0,^XDN
2025-07-30 00:00:00-04:00,67.4260025024414,67.4469985961914,66.87200164794922,66.90299987792969,0,0.0,0.0,^XDN
2025-07-31 00:00:00-04:00,66.72200012207031,66.7490005493164,66.29499816894531,66.34400177001953,0,0.0,0.0,^XDN
2025-08-01 00:00:00-04:00,66.43399810791016,67.88999938964844,66.4020004272461,67.625,0,0.0,0.0,^XDN
2025-08-04 00:00:00-04:00,67.86299896240234,68.08999633789062,67.82499694824219,67.98600006103516,0,0.0,0.0,^XDN
2025-08-05 00:00:00-04:00,67.73600006103516,67.88600158691406,67.64299774169922,67.77100372314453,0,0.0,0.0,^XDN
2025-08-06 00:00:00-04:00,67.77799987792969,68.03900146484375,67.7239990234375,67.83599853515625,0,0.0,0.0,^XDN
2025-08-07 00:00:00-04:00,67.87899780273438,68.0510025024414,67.75700378417969,67.9739990234375,0,0.0,0.0,^XDN
2025-08-08 00:00:00-04:00,67.6520004272461,67.74800109863281,67.61499786376953,67.70500183105469,0,0.0,0.0,^XDN
2025-08-11 00:00:00-04:00,67.62899780273438,67.66400146484375,67.45099639892578,67.51000213623047,0,0.0,0.0,^XDN
2025-08-12 00:00:00-04:00,67.35800170898438,67.76000213623047,67.33200073242188,67.66300201416016,0,0.0,0.0,^XDN
2025-08-13 00:00:00-04:00,67.89800262451172,67.98400115966797,67.79100036621094,67.8499984741211,0,0.0,0.0,^XDN
2025-08-14 00:00:00-04:00,68.25800323486328,68.29499816894531,67.58499908447266,67.63800048828125,0,0.0,0.0,^XDN
2025-08-15 00:00:00-04:00,68.03299713134766,68.14700317382812,67.875,68.0199966430664,0,0.0,0.0,^XDN
2025-08-18 00:00:00-04:00,67.77100372314453,67.78800201416016,67.5719985961914,67.66799926757812,0,0.0,0.0,^XDN
2025-08-19 00:00:00-04:00,67.6989974975586,67.8219985961914,67.61299896240234,67.73899841308594,0,0.0,0.0,^XDN
2025-08-20 00:00:00-04:00,67.78099822998047,68.08699798583984,67.77799987792969,67.8740005493164,0,0.0,0.0,^XDN
2025-08-21 00:00:00-04:00,67.60199737548828,67.75800323486328,67.38200378417969,67.42400360107422,0,0.0,0.0,^XDN
2025-08-22 00:00:00-04:00,67.24500274658203,68.2249984741211,67.23899841308594,68.03399658203125,0,0.0,0.0,^XDN
2025-08-25 00:00:00-04:00,67.87799835205078,67.89199829101562,67.59500122070312,67.66600036621094,0,0.0,0.0,^XDN
2025-08-26 00:00:00-04:00,67.81400299072266,67.98100280761719,67.69300079345703,67.8489990234375,0,0.0,0.0,^XDN
2025-08-27 00:00:00-04:00,67.5009994506836,67.89099884033203,67.5,67.83899688720703,0,0.0,0.0,^XDN
2025-08-28 00:00:00-04:00,68.06300354003906,68.18299865722656,67.9229965209961,68.08000183105469,0,0.0,0.0,^XDN
2025-08-29 00:00:00-04:00,67.91100311279297,68.13400268554688,67.83699798583984,68.00199890136719,0,0.0,0.0,^XDN
2025-09-02 00:00:00-04:00,67.28700256347656,67.59500122070312,67.14199829101562,67.41999816894531,0,0.0,0.0,^XDN
2025-09-03 00:00:00-04:00,67.28700256347656,67.62200164794922,67.20500183105469,67.54399871826172,0,0.0,0.0,^XDN
2025-09-04 00:00:00-04:00,67.41000366210938,67.53199768066406,67.21399688720703,67.3280029296875,0,0.0,0.0,^XDN
2025-09-05 00:00:00-04:00,67.47699737548828,68.11100006103516,67.47599792480469,67.84200286865234,0,0.0,0.0,^XDN
2025-09-08 00:00:00-04:00,67.66799926757812,67.87000274658203,67.6240005493164,67.78700256347656,0,0.0,0.0,^XDN
2025-09-09 00:00:00-04:00,68.1520004272461,68.24500274658203,67.80999755859375,67.85299682617188,0,0.0,0.0,^XDN
2025-09-10 00:00:00-04:00,67.79000091552734,67.96800231933594,67.7300033569336,67.84300231933594,0,0.0,0.0,^XDN
2025-09-11 00:00:00-04:00,67.58200073242188,68.03299713134766,67.48200225830078,67.93299865722656,0,0.0,0.0,^XDN
2025-09-12 00:00:00-04:00,67.64199829101562,67.81300354003906,67.53500366210938,67.7300033569336,0,0.0,0.0,^XDN
2025-09-15 00:00:00-04:00,67.83499908447266,67.9209976196289,67.80999755859375,67.86199951171875,0,0.0,0.0,^XDN
2025-09-16 00:00:00-04:00,68.0479965209961,68.36199951171875,67.91000366210938,68.28099822998047,0,0.0,0.0,^XDN
2025-09-17 00:00:00-04:00,68.33399963378906,68.73500061035156,68.00299835205078,68.0459976196289,0,0.0,0.0,^XDN
2025-09-18 00:00:00-04:00,67.8489990234375,67.85700225830078,67.44599914550781,67.58799743652344,0,0.0,0.0,^XDN
2025-09-19 00:00:00-04:00,67.49099731445312,67.66400146484375,67.43800354003906,67.59300231933594,0,0.0,0.0,^XDN
2025-09-22 00:00:00-04:00,67.63800048828125,67.7239990234375,67.5739974975586,67.6729965209961,0,0.0,0.0,^XDN
2025-09-23 00:00:00-04:00,67.67500305175781,67.81500244140625,67.5999984741211,67.7249984741211,0,0.0,0.0,^XDN
2025-09-24 00:00:00-04:00,67.33899688720703,67.37200164794922,67.13400268554688,67.17900085449219,0,0.0,0.0,^XDN
2025-09-25 00:00:00-04:00,67.18699645996094,67.2030029296875,66.697998046875,66.75,0,0.0,0.0,^XDN
2025-09-26 00:00:00-04:00,66.76000213623047,67.08300018310547,66.73600006103516,66.85399627685547,0,0.0,0.0,^XDN
2025-09-29 00:00:00-04:00,67.28099822998047,67.3479995727539,67.197998046875,67.27300262451172,0,0.0,0.0,^XDN
2025-09-30 00:00:00-04:00,67.58100128173828,67.72599792480469,67.53900146484375,67.62899780273438,0,0.0,0.0,^XDN
2025-10-01 00:00:00-04:00,68.0260009765625,68.22000122070312,67.90899658203125,67.99500274658203,0,0.0,0.0,^XDN
2025-10-02 00:00:00-04:00,68.12200164794922,68.1449966430664,67.78900146484375,67.91500091552734,0,0.0,0.0,^XDN
2025-10-03 00:00:00-04:00,67.89800262451172,67.94100189208984,67.7760009765625,67.83699798583984,0,0.0,0.0,^XDN
2025-10-06 00:00:00-04:00,66.5009994506836,66.7770004272461,66.48899841308594,66.53500366210938,0,0.0,0.0,^XDN
2025-10-07 00:00:00-04:00,66.26899719238281,66.34200286865234,65.76799774169922,65.82499694824219,0,0.0,0.0,^XDN
2025-10-08 00:00:00-04:00,65.49099731445312,65.62799835205078,65.38099670410156,65.49299621582031,0,0.0,0.0,^XDN
2025-10-09 00:00:00-04:00,65.4469985961914,65.73400115966797,65.25900268554688,65.33599853515625,0,0.0,0.0,^XDN
2025-10-10 00:00:00-04:00,65.51599884033203,66.16300201416016,65.48600006103516,66.13500213623047,0,0.0,0.0,^XDN
2025-10-13 00:00:00-04:00,65.74299621582031,65.76599884033203,65.5780029296875,65.68499755859375,0,0.0,0.0,^XDN
2025-10-14 00:00:00-04:00,65.74800109863281,65.96099853515625,65.72000122070312,65.89199829101562,0,0.0,0.0,^XDN
2025-10-15 00:00:00-04:00,66.00700378417969,66.21600341796875,65.90299987792969,66.18599700927734,0,0.0,0.0,^XDN
2025-10-16 00:00:00-04:00,66.11900329589844,66.5719985961914,66.0999984741211,66.48699951171875,0,0.0,0.0,^XDN
2025-10-17 00:00:00-04:00,66.56300354003906,66.59400177001953,66.21399688720703,66.39399719238281,0,0.0,0.0,^XDN
2025-10-20 00:00:00-04:00,66.35600280761719,66.48500061035156,66.29000091552734,66.37000274658203,0,0.0,0.0,^XDN
2025-10-21 00:00:00-04:00,65.80999755859375,66.0260009765625,65.71399688720703,65.83300018310547,0,0.0,0.0,^XDN
2025-10-22 00:00:00-04:00,65.88099670410156,66.00299835205078,65.76799774169922,65.81999969482422,0,0.0,0.0,^XDN
2025-10-23 00:00:00-04:00,65.5,65.59100341796875,65.44300079345703,65.53700256347656,0,0.0,0.0,^XDN
2025-10-24 00:00:00-04:00,65.38600158691406,65.66300201416016,65.35099792480469,65.41699981689453,0,0.0,0.0,^XDN
2025-10-27 00:00:00-04:00,65.51399993896484,65.54499816894531,65.2750015258789,65.41600036621094,0,0.0,0.0,^XDN
2025-10-28 00:00:00-04:00,65.77400207519531,65.85199737548828,65.62999725341797,65.76599884033203,0,0.0,0.0,^XDN
2025-10-29 00:00:00-04:00,65.68399810791016,65.84700012207031,65.33499908447266,65.49299621582031,0,0.0,0.0,^XDN
2025-10-30 00:00:00-04:00,64.88500213623047,64.9260025024414,64.74800109863281,64.89399719238281,0,0.0,0.0,^XDN
2025-10-31 00:00:00-04:00,64.89199829101562,64.9800033569336,64.8290023803711,64.93800354003906,0,0.0,0.0,^XDN
2025-11-03 00:00:00-05:00,64.85800170898438,64.96299743652344,64.80999755859375,64.83100128173828,0,0.0,0.0,^XDN
2025-11-04 00:00:00-05:00,65.13400268554688,65.2229995727539,65.06500244140625,65.08000183105469,0,0.0,0.0,^XDN
2025-11-05 00:00:00-05:00,65.05799865722656,65.06600189208984,64.78600311279297,64.88500213623047,0,0.0,0.0,^XDN
2025-11-06 00:00:00-05:00,65.0999984741211,65.43099975585938,65.08699798583984,65.33100128173828,0,0.0,0.0,^XDN
2025-11-07 00:00:00-05:00,65.31900024414062,65.35600280761719,65.10800170898438,65.15699768066406,0,0.0,0.0,^XDN
2025-11-10 00:00:00-05:00,64.88600158691406,64.9800033569336,64.85399627685547,64.9000015258789,0,0.0,0.0,^XDN
2025-11-11 00:00:00-05:00,64.85299682617188,65.07499694824219,64.85199737548828,64.87699890136719,0,0.0,0.0,^XDN
2025-11-12 00:00:00-05:00,64.59600067138672,64.7249984741211,64.49700164794922,64.60199737548828,0,0.0,0.0,^XDN
2025-11-13 00:00:00-05:00,64.67900085449219,64.88099670410156,64.625,64.69499969482422,0,0.0,0.0,^XDN
2025-11-14 00:00:00-05:00,65.01499938964844,65.09600067138672,64.62300109863281,64.70999908447266,0,0.0,0.0,^XDN
2025-11-17 00:00:00-05:00,64.5780029296875,64.58300018310547,64.38999938964844,64.41899871826172,0,0.0,0.0,^XDN
2025-11-18 00:00:00-05:00,64.44000244140625,64.49500274658203,64.21299743652344,64.3219985961914,0,0.0,0.0,^XDN
2025-11-19 00:00:00-05:00,64.0,64.08599853515625,63.61899948120117,63.652000427246094,0,0.0,0.0,^XDN
2025-11-20 00:00:00-05:00,63.4109992980957,63.5989990234375,63.33399963378906,63.50299835205078,0,0.0,0.0,^XDN
2025-11-21 00:00:00-05:00,63.79600143432617,64.01899719238281,63.70899963378906,63.93899917602539,0,0.0,0.0,^XDN
2025-11-24 00:00:00-05:00,63.75299835205078,63.81100082397461,63.6150016784668,63.73699951171875,0,0.0,0.0,^XDN
2025-11-25 00:00:00-05:00,63.979000091552734,64.18299865722656,63.96200180053711,64.10900115966797,0,0.0,0.0,^XDN
2025-11-26 00:00:00-05:00,63.904998779296875,63.98400115966797,63.80099868774414,63.915000915527344,0,0.0,0.0,^XDN
2025-11-28 00:00:00-05:00,64.05400085449219,64.10900115966797,63.94200134277344,64.0479965209961,0,0.0,0.0,^XDN
2025-12-01 00:00:00-05:00,64.60299682617188,64.65599822998047,64.29900360107422,64.3219985961914,0,0.0,0.0,^XDN
2025-12-02 00:00:00-05:00,64.0979995727539,64.2030029296875,64.02899932861328,64.15499877929688,0,0.0,0.0,^XDN
2025-12-03 00:00:00-05:00,64.34300231933594,64.51100158691406,64.26699829101562,64.43599700927734,0,0.0,0.0,^XDN
2025-12-04 00:00:00-05:00,64.65299987792969,64.69999694824219,64.45500183105469,64.49099731445312,0,0.0,0.0,^XDN
2025-12-05 00:00:00-05:00,64.44499969482422,64.47100067138672,64.31099700927734,64.38200378417969,0,0.0,0.0,^XDN
2025-12-08 00:00:00-05:00,64.28299713134766,64.35099792480469,64.10700225830078,64.14900207519531,0,0.0,0.0,^XDN
2025-12-09 00:00:00-05:00,63.95500183105469,63.98500061035156,63.71200180053711,63.76300048828125,0,0.0,0.0,^XDN
2025-12-10 00:00:00-05:00,63.808998107910156,64.18800354003906,63.808998107910156,64.10199737548828,0,0.0,0.0,^XDN
2025-12-11 00:00:00-05:00,64.27300262451172,64.53800201416016,64.23699951171875,64.28500366210938,0,0.0,0.0,^XDN
2025-12-12 00:00:00-05:00,64.08899688720703,64.23500061035156,64.06099700927734,64.15799713134766,0,0.0,0.0,^XDN
2025-12-15 00:00:00-05:00,64.48300170898438,64.58399963378906,64.3499984741211,64.4209976196289,0,0.0,0.0,^XDN
2025-12-16 00:00:00-05:00,64.67900085449219,64.76799774169922,64.51799774169922,64.61699676513672,0,0.0,0.0,^XDN
2025-12-17 00:00:00-05:00,64.31400299072266,64.37000274658203,64.2040023803711,64.24800109863281,0,0.0,0.0,^XDN
2025-12-18 00:00:00-05:00,64.17500305175781,64.39800262451172,64.16899871826172,64.3030014038086,0,0.0,0.0,^XDN
2025-12-19 00:00:00-05:00,63.595001220703125,63.71900177001953,63.37900161743164,63.41999816894531,0,0.0,0.0,^XDN
2025-12-22 00:00:00-05:00,63.534000396728516,63.8129997253418,63.534000396728516,63.689998626708984,0,0.0,0.0,^XDN
2025-12-23 00:00:00-05:00,64.09300231933594,64.12300109863281,63.88100051879883,64.02300262451172,0,0.0,0.0,^XDN
2025-12-24 00:00:00-05:00,64.08499908447266,64.23400115966797,64.072998046875,64.11599731445312,0,0.0,0.0,^XDN
2025-12-26 00:00:00-05:00,63.93000030517578,64.00700378417969,63.803001403808594,63.86399841308594,0,0.0,0.0,^XDN
2025-12-29 00:00:00-05:00,63.96699905395508,64.13600158691406,63.71699905395508,64.06999969482422,0,0.0,0.0,^XDN
2025-12-30 00:00:00-05:00,64.12300109863281,64.12300109863281,63.869998931884766,63.948001861572266,0,0.0,0.0,^XDN
2025-12-31 00:00:00-05:00,63.85599899291992,63.86199951171875,63.69599914550781,63.856998443603516,0,0.0,0.0,^XDN
2026-01-02 00:00:00-05:00,63.71799850463867,63.87099838256836,63.709999084472656,63.73899841308594,0,0.0,0.0,^XDN
2026-01-05 00:00:00-05:00,63.83700180053711,64.05500030517578,63.70199966430664,63.941001892089844,0,0.0,0.0,^XDN
2026-01-06 00:00:00-05:00,63.900001525878906,63.97600173950195,63.79600143432617,63.8380012512207,0,0.0,0.0,^XDN
2026-01-07 00:00:00-05:00,63.893001556396484,63.95399856567383,63.77399826049805,63.79600143432617,0,0.0,0.0,^XDN
2026-01-08 00:00:00-05:00,63.80699920654297,63.83100128173828,63.665000915527344,63.75,0,0.0,0.0,^XDN
2026-01-09 00:00:00-05:00,63.430999755859375,63.54399871826172,63.21699905395508,63.30500030517578,0,0.0,0.0,^XDN
2026-01-12 00:00:00-05:00,63.347999572753906,63.40800094604492,63.21099853515625,63.242000579833984,0,0.0,0.0,^XDN
2026-01-13 00:00:00-05:00,62.935001373291016,63.055999755859375,62.81700134277344,62.82899856567383,0,0.0,0.0,^XDN
2026-01-14 00:00:00-05:00,63.06800079345703,63.25299835205078,62.994998931884766,63.12300109863281,0,0.0,0.0,^XDN
2026-01-15 00:00:00-05:00,63.053001403808594,63.125999450683594,62.941001892089844,63.04199981689453,0,0.0,0.0,^XDN
2026-01-16 00:00:00-05:00,63.22999954223633,63.362998962402344,63.185001373291016,63.2130012512207,0,0.0,0.0,^XDN
2026-01-20 00:00:00-05:00,63.34600067138672,63.5,63.17100143432617,63.23099899291992,0,0.0,0.0,^XDN
2026-01-21 00:00:00-05:00,63.37099838256836,63.3849983215332,63.08100128173828,63.1619987487793,0,0.0,0.0,^XDN
2026-01-22 00:00:00-05:00,62.96200180053711,63.19599914550781,62.95000076293945,63.12799835205078,0,0.0,0.0,^XDN
2026-01-23 00:00:00-05:00,63.22800064086914,64.25599670410156,63.15599822998047,64.22899627685547,0,0.0,0.0,^XDN
2026-01-26 00:00:00-05:00,64.88099670410156,65.09700012207031,64.79499816894531,64.8489990234375,0,0.0,0.0,^XDN
2026-01-27 00:00:00-05:00,65.22899627685547,65.7490005493164,65.1780014038086,65.6780014038086,0,0.0,0.0,^XDN
2026-01-28 00:00:00-05:00,65.54299926757812,65.5530014038086,64.91600036621094,65.18599700927734,0,0.0,0.0,^XDN
2026-01-29 00:00:00-05:00,65.26300048828125,65.49500274658203,65.14199829101562,65.31999969482422,0,0.0,0.0,^XDN
2026-01-30 00:00:00-05:00,64.91999816894531,64.94000244140625,64.5999984741211,64.6050033569336,0,0.0,0.0,^XDN
2026-02-02 00:00:00-05:00,64.91999816894531,64.91999816894531,64.18900299072266,64.26499938964844,0,0.0,0.0,^XDN
2026-02-03 00:00:00-05:00,64.15399932861328,64.2969970703125,64.06800079345703,64.1969985961914,0,0.0,0.0,^XDN
2026-02-04 00:00:00-05:00,63.84600067138672,63.95399856567383,63.71500015258789,63.744998931884766,0,0.0,0.0,^XDN
2026-02-05 00:00:00-05:00,63.70500183105469,63.88199996948242,63.65399932861328,63.68000030517578,0,0.0,0.0,^XDN
2026-02-06 00:00:00-05:00,63.6619987487793,63.78300094604492,63.582000732421875,63.65800094604492,0,0.0,0.0,^XDN
2026-02-09 00:00:00-05:00,63.94599914550781,64.29900360107422,63.816001892089844,64.14600372314453,0,0.0,0.0,^XDN
2026-02-10 00:00:00-05:00,64.44200134277344,64.91200256347656,64.41799926757812,64.77799987792969,0,0.0,0.0,^XDN
2026-02-11 00:00:00-05:00,65.1050033569336,65.55000305175781,64.66300201416016,65.25299835205078,0,0.0,0.0,^XDN
2026-02-12 00:00:00-05:00,65.07499694824219,65.63099670410156,65.0510025024414,65.4739990234375,0,0.0,0.0,^XDN
2026-02-13 00:00:00-05:00,65.25399780273438,65.53199768066406,65.21499633789062,65.4729995727539,0,0.0,0.0,^XDN
2026-02-17 00:00:00-05:00,65.33200073242188,65.3489990234375,64.97200012207031,65.25499725341797,0,0.0,0.0,^XDN
2026-02-18 00:00:00-05:00,65.06600189208984,65.09700012207031,64.56900024414062,64.59500122070312,0,0.0,0.0,^XDN
2026-02-19 00:00:00-05:00,64.5979995727539,64.60199737548828,64.39399719238281,64.51799774169922,0,0.0,0.0,^XDN
2026-02-20 00:00:00-05:00,64.41000366210938,64.63500213623047,64.29100036621094,64.5,0,0.0,0.0,^XDN
2026-02-23 00:00:00-05:00,64.55699920654297,64.84100341796875,64.53600311279297,64.6729965209961,0,0.0,0.0,^XDN
2026-02-24 00:00:00-05:00,64.1500015258789,64.27300262451172,64.03099822998047,64.1510009765625,0,0.0,0.0,^XDN
2026-02-25 00:00:00-05:00,63.823001861572266,64.00399780273438,63.79100036621094,63.95600128173828,0,0.0,0.0,^XDN
2026-02-26 00:00:00-05:00,64.072998046875,64.1719970703125,63.92399978637695,64.06800079345703,0,0.0,0.0,^XDN
2026-02-27 00:00:00-05:00,64.14620208740234,64.14779663085938,64.11530303955078,64.1155014038086,0,0.0,0.0,^XDN
