Date,Ticker,Volatility_Category,Open,High,Low,Close,Volume
2025-01-10 00:00:00-05:00,TSLA,High Volatility,391.3999938964844,399.2799987792969,377.2900085449219,394.739990234375,62287300
2025-01-13 00:00:00-05:00,TSLA,High Volatility,383.2099914550781,403.7900085449219,380.07000732421875,403.30999755859375,67580500
2025-01-14 00:00:00-05:00,TSLA,High Volatility,414.3399963378906,422.6400146484375,394.5400085449219,396.3599853515625,84565000
2025-01-15 00:00:00-05:00,TSLA,High Volatility,409.8999938964844,429.79998779296875,405.6600036621094,428.2200012207031,81375500
2025-01-16 00:00:00-05:00,TSLA,High Volatility,423.489990234375,424.0,409.1300048828125,413.82000732421875,68335200
2025-01-17 00:00:00-05:00,TSLA,High Volatility,421.5,439.739990234375,419.75,426.5,94991400
2025-01-21 00:00:00-05:00,TSLA,High Volatility,432.6400146484375,433.20001220703125,406.30999755859375,424.07000732421875,87320900
2025-01-22 00:00:00-05:00,TSLA,High Volatility,416.80999755859375,428.0,414.5899963378906,415.1099853515625,60963300
2025-01-23 00:00:00-05:00,TSLA,High Volatility,416.05999755859375,420.7300109863281,408.95001220703125,412.3800048828125,50690600
2025-01-24 00:00:00-05:00,TSLA,High Volatility,414.45001220703125,418.8800048828125,405.7799987792969,406.5799865722656,56427100
2025-01-27 00:00:00-05:00,TSLA,High Volatility,394.79998779296875,406.69000244140625,389.0,397.1499938964844,58125500
2025-01-28 00:00:00-05:00,TSLA,High Volatility,396.9100036621094,400.5899963378906,386.5,398.0899963378906,48910700
2025-01-29 00:00:00-05:00,TSLA,High Volatility,395.2099914550781,398.5899963378906,384.4800109863281,389.1000061035156,68033600
2025-01-30 00:00:00-05:00,TSLA,High Volatility,410.7799987792969,412.5,384.4100036621094,400.2799987792969,98092900
2025-01-31 00:00:00-05:00,TSLA,High Volatility,401.5299987792969,419.989990234375,401.3399963378906,404.6000061035156,83283600
2025-02-03 00:00:00-05:00,TSLA,High Volatility,386.67999267578125,389.1700134277344,374.3599853515625,383.67999267578125,93732100
2025-02-04 00:00:00-05:00,TSLA,High Volatility,382.6300048828125,394.0,381.3999938964844,392.2099914550781,57072200
2025-02-05 00:00:00-05:00,TSLA,High Volatility,387.510009765625,388.3900146484375,375.5299987792969,378.1700134277344,57223300
2025-02-06 00:00:00-05:00,TSLA,High Volatility,373.0299987792969,375.3999938964844,363.17999267578125,374.32000732421875,77918200
2025-02-07 00:00:00-05:00,TSLA,High Volatility,370.19000244140625,380.54998779296875,360.3399963378906,361.6199951171875,70298300
2025-02-10 00:00:00-05:00,TSLA,High Volatility,356.2099914550781,362.70001220703125,350.510009765625,350.7300109863281,77514900
2025-02-11 00:00:00-05:00,TSLA,High Volatility,345.79998779296875,349.3699951171875,325.1000061035156,328.5,118543400
2025-02-12 00:00:00-05:00,TSLA,High Volatility,329.94000244140625,346.3999938964844,329.1199951171875,336.510009765625,105382700
2025-02-13 00:00:00-05:00,TSLA,High Volatility,345.0,358.69000244140625,342.8500061035156,355.94000244140625,89441500
2025-02-14 00:00:00-05:00,TSLA,High Volatility,360.6199951171875,362.0,347.5,355.8399963378906,68277300
2025-02-18 00:00:00-05:00,TSLA,High Volatility,355.010009765625,359.1000061035156,350.0199890136719,354.1099853515625,51631700
2025-02-19 00:00:00-05:00,TSLA,High Volatility,354.0,367.3399963378906,353.6700134277344,360.55999755859375,67094400
2025-02-20 00:00:00-05:00,TSLA,High Volatility,361.510009765625,362.29998779296875,348.0,354.3999938964844,45965400
2025-02-21 00:00:00-05:00,TSLA,High Volatility,353.44000244140625,354.9800109863281,334.4200134277344,337.79998779296875,74058600
2025-02-24 00:00:00-05:00,TSLA,High Volatility,338.1400146484375,342.3999938964844,324.70001220703125,330.5299987792969,76052300
2025-02-25 00:00:00-05:00,TSLA,High Volatility,327.0199890136719,328.8900146484375,297.25,302.79998779296875,134228800
2025-02-26 00:00:00-05:00,TSLA,High Volatility,303.7099914550781,309.0,288.0400085449219,290.79998779296875,100118300
2025-02-27 00:00:00-05:00,TSLA,High Volatility,291.1600036621094,297.2300109863281,280.8800048828125,281.95001220703125,101748200
2025-02-28 00:00:00-05:00,TSLA,High Volatility,279.5,293.8800048828125,273.6000061035156,292.9800109863281,115697000
2025-03-03 00:00:00-05:00,TSLA,High Volatility,300.3399963378906,303.94000244140625,277.29998779296875,284.6499938964844,115551400
2025-03-04 00:00:00-05:00,TSLA,High Volatility,270.92999267578125,284.3500061035156,261.8399963378906,272.0400085449219,126706600
2025-03-05 00:00:00-05:00,TSLA,High Volatility,272.9200134277344,279.54998779296875,267.7099914550781,279.1000061035156,94042900
2025-03-06 00:00:00-05:00,TSLA,High Volatility,272.05999755859375,272.6499938964844,260.0199890136719,263.45001220703125,98451600
2025-03-07 00:00:00-05:00,TSLA,High Volatility,259.32000732421875,266.25,250.72999572753906,262.6700134277344,102369600
2025-03-10 00:00:00-04:00,TSLA,High Volatility,252.5399932861328,253.3699951171875,220.0,222.14999389648438,189076900
2025-03-11 00:00:00-04:00,TSLA,High Volatility,225.30999755859375,237.05999755859375,217.02000427246094,230.5800018310547,174896400
2025-03-12 00:00:00-04:00,TSLA,High Volatility,247.22000122070312,251.83999633789062,241.10000610351562,248.08999633789062,142215700
2025-03-13 00:00:00-04:00,TSLA,High Volatility,248.1300048828125,248.2899932861328,232.60000610351562,240.67999267578125,114813500
2025-03-14 00:00:00-04:00,TSLA,High Volatility,247.30999755859375,251.5800018310547,240.72999572753906,249.97999572753906,100242300
2025-03-17 00:00:00-04:00,TSLA,High Volatility,245.05999755859375,245.39999389648438,232.8000030517578,238.00999450683594,111900600
2025-03-18 00:00:00-04:00,TSLA,High Volatility,228.16000366210938,230.10000610351562,222.27999877929688,225.30999755859375,111477600
2025-03-19 00:00:00-04:00,TSLA,High Volatility,231.61000061035156,241.41000366210938,229.1999969482422,235.86000061035156,111993800
2025-03-20 00:00:00-04:00,TSLA,High Volatility,233.35000610351562,238.0,230.0500030517578,236.25999450683594,99028300
2025-03-21 00:00:00-04:00,TSLA,High Volatility,234.99000549316406,249.52000427246094,234.5500030517578,248.7100067138672,132728700
2025-03-24 00:00:00-04:00,TSLA,High Volatility,258.0799865722656,278.6400146484375,256.3299865722656,278.3900146484375,169079900
2025-03-25 00:00:00-04:00,TSLA,High Volatility,283.6000061035156,288.20001220703125,271.2799987792969,288.1400146484375,150361500
2025-03-26 00:00:00-04:00,TSLA,High Volatility,282.6600036621094,284.8999938964844,266.510009765625,272.05999755859375,153629800
2025-03-27 00:00:00-04:00,TSLA,High Volatility,272.4800109863281,291.8500061035156,271.82000732421875,273.1300048828125,162572100
2025-03-28 00:00:00-04:00,TSLA,High Volatility,275.5799865722656,276.1000061035156,260.57000732421875,263.54998779296875,123809400
2025-03-31 00:00:00-04:00,TSLA,High Volatility,249.30999755859375,260.55999755859375,243.36000061035156,259.1600036621094,134008900
2025-04-01 00:00:00-04:00,TSLA,High Volatility,263.79998779296875,277.45001220703125,259.25,268.4599914550781,146486900
2025-04-02 00:00:00-04:00,TSLA,High Volatility,254.60000610351562,284.989990234375,251.27000427246094,282.760009765625,212787800
2025-04-03 00:00:00-04:00,TSLA,High Volatility,265.2900085449219,276.29998779296875,261.510009765625,267.2799987792969,136174300
2025-04-04 00:00:00-04:00,TSLA,High Volatility,255.3800048828125,261.0,236.0,239.42999267578125,181229400
2025-04-07 00:00:00-04:00,TSLA,High Volatility,223.77999877929688,252.0,214.25,233.2899932861328,183453800
2025-04-08 00:00:00-04:00,TSLA,High Volatility,245.0,250.44000244140625,217.8000030517578,221.86000061035156,171603500
2025-04-09 00:00:00-04:00,TSLA,High Volatility,224.69000244140625,274.69000244140625,223.8800048828125,272.20001220703125,219433400
2025-04-10 00:00:00-04:00,TSLA,High Volatility,260.0,262.489990234375,239.3300018310547,252.39999389648438,181722600
2025-04-11 00:00:00-04:00,TSLA,High Volatility,251.83999633789062,257.739990234375,241.36000061035156,252.30999755859375,128948100
2025-04-14 00:00:00-04:00,TSLA,High Volatility,258.3599853515625,261.79998779296875,245.92999267578125,252.35000610351562,100135200
2025-04-15 00:00:00-04:00,TSLA,High Volatility,249.91000366210938,258.75,247.5399932861328,254.11000061035156,79594300
2025-04-16 00:00:00-04:00,TSLA,High Volatility,247.61000061035156,251.97000122070312,233.88999938964844,241.5500030517578,112378700
2025-04-17 00:00:00-04:00,TSLA,High Volatility,243.47000122070312,244.33999633789062,237.67999267578125,241.3699951171875,83404800
2025-04-21 00:00:00-04:00,TSLA,High Volatility,230.25999450683594,232.2100067138672,222.7899932861328,227.5,97768000
2025-04-22 00:00:00-04:00,TSLA,High Volatility,230.9600067138672,242.7899932861328,229.85000610351562,237.97000122070312,120858500
2025-04-23 00:00:00-04:00,TSLA,High Volatility,254.86000061035156,259.45001220703125,244.42999267578125,250.74000549316406,150381900
2025-04-24 00:00:00-04:00,TSLA,High Volatility,250.5,259.5400085449219,249.1999969482422,259.510009765625,94464200
2025-04-25 00:00:00-04:00,TSLA,High Volatility,261.69000244140625,286.8500061035156,259.6300048828125,284.95001220703125,167560700
2025-04-28 00:00:00-04:00,TSLA,High Volatility,288.9800109863281,294.8599853515625,272.4200134277344,285.8800048828125,151731800
2025-04-29 00:00:00-04:00,TSLA,High Volatility,285.5,293.32000732421875,279.4700012207031,292.0299987792969,108906600
2025-04-30 00:00:00-04:00,TSLA,High Volatility,279.8999938964844,284.45001220703125,270.7799987792969,282.1600036621094,128961100
2025-05-01 00:00:00-04:00,TSLA,High Volatility,280.010009765625,290.8699951171875,279.80999755859375,280.5199890136719,99659000
2025-05-02 00:00:00-04:00,TSLA,High Volatility,284.8999938964844,294.7799987792969,279.80999755859375,287.2099914550781,114454700
2025-05-05 00:00:00-04:00,TSLA,High Volatility,284.57000732421875,284.8500061035156,274.3999938964844,280.260009765625,94618900
2025-05-06 00:00:00-04:00,TSLA,High Volatility,273.1099853515625,277.7300109863281,271.3500061035156,275.3500061035156,76715800
2025-05-07 00:00:00-04:00,TSLA,High Volatility,276.8800048828125,277.9200134277344,271.0,276.2200012207031,71592600
2025-05-08 00:00:00-04:00,TSLA,High Volatility,279.6300048828125,289.79998779296875,279.4100036621094,284.82000732421875,97539400
2025-05-09 00:00:00-04:00,TSLA,High Volatility,290.2099914550781,307.0400085449219,290.0,298.260009765625,132387800
2025-05-12 00:00:00-04:00,TSLA,High Volatility,321.989990234375,322.2099914550781,311.5,318.3800048828125,112826700
2025-05-13 00:00:00-04:00,TSLA,High Volatility,320.0,337.5899963378906,316.79998779296875,334.07000732421875,136992600
2025-05-14 00:00:00-04:00,TSLA,High Volatility,342.5,350.0,337.0,347.67999267578125,136997300
2025-05-15 00:00:00-04:00,TSLA,High Volatility,340.3399963378906,346.1400146484375,334.7200012207031,342.82000732421875,97882600
2025-05-16 00:00:00-04:00,TSLA,High Volatility,346.239990234375,351.6199951171875,342.3299865722656,349.9800109863281,95895700
2025-05-19 00:00:00-04:00,TSLA,High Volatility,336.29998779296875,343.0,333.3699951171875,342.0899963378906,88869900
2025-05-20 00:00:00-04:00,TSLA,High Volatility,347.8699951171875,354.989990234375,341.6300048828125,343.82000732421875,131715500
2025-05-21 00:00:00-04:00,TSLA,High Volatility,344.42999267578125,347.3500061035156,332.20001220703125,334.6199951171875,102354800
2025-05-22 00:00:00-04:00,TSLA,High Volatility,331.8999938964844,347.2699890136719,331.3900146484375,341.0400085449219,97113400
2025-05-23 00:00:00-04:00,TSLA,High Volatility,337.9200134277344,343.17999267578125,333.2099914550781,339.3399963378906,84654800
2025-05-27 00:00:00-04:00,TSLA,High Volatility,347.3500061035156,363.7900085449219,347.32000732421875,362.8900146484375,120146400
2025-05-28 00:00:00-04:00,TSLA,High Volatility,364.8399963378906,365.0,355.9100036621094,356.8999938964844,91404300
2025-05-29 00:00:00-04:00,TSLA,High Volatility,365.2900085449219,367.7099914550781,356.0,358.42999267578125,88087800
2025-05-30 00:00:00-04:00,TSLA,High Volatility,355.5199890136719,363.67999267578125,345.2900085449219,346.4599914550781,123474900
2025-06-02 00:00:00-04:00,TSLA,High Volatility,343.5,348.0199890136719,333.3299865722656,342.69000244140625,81873800
2025-06-03 00:00:00-04:00,TSLA,High Volatility,346.6000061035156,355.3999938964844,343.0400085449219,344.2699890136719,99324500
2025-06-04 00:00:00-04:00,TSLA,High Volatility,345.1000061035156,345.6000061035156,327.3299865722656,332.04998779296875,98912100
2025-06-05 00:00:00-04:00,TSLA,High Volatility,322.489990234375,324.54998779296875,273.2099914550781,284.70001220703125,287499800
2025-06-06 00:00:00-04:00,TSLA,High Volatility,298.8299865722656,305.5,291.1400146484375,295.1400146484375,164747700
2025-06-09 00:00:00-04:00,TSLA,High Volatility,285.9599914550781,309.8299865722656,281.8500061035156,308.5799865722656,140908900
2025-06-10 00:00:00-04:00,TSLA,High Volatility,314.94000244140625,327.8299865722656,310.6700134277344,326.0899963378906,151256500
2025-06-11 00:00:00-04:00,TSLA,High Volatility,334.3999938964844,335.5,322.5,326.42999267578125,122611400
2025-06-12 00:00:00-04:00,TSLA,High Volatility,323.0799865722656,332.55999755859375,316.8599853515625,319.1099853515625,105127500
2025-06-13 00:00:00-04:00,TSLA,High Volatility,313.9700012207031,332.989990234375,313.29998779296875,325.30999755859375,128964300
2025-06-16 00:00:00-04:00,TSLA,High Volatility,331.2900085449219,332.04998779296875,326.4100036621094,329.1300048828125,83925900
2025-06-17 00:00:00-04:00,TSLA,High Volatility,326.0899963378906,327.260009765625,314.739990234375,316.3500061035156,88282700
2025-06-18 00:00:00-04:00,TSLA,High Volatility,317.30999755859375,329.32000732421875,315.45001220703125,322.04998779296875,95137700
2025-06-20 00:00:00-04:00,TSLA,High Volatility,327.95001220703125,332.3599853515625,317.7799987792969,322.1600036621094,108688000
2025-06-23 00:00:00-04:00,TSLA,High Volatility,327.5400085449219,357.5400085449219,327.4800109863281,348.67999267578125,190716800
2025-06-24 00:00:00-04:00,TSLA,High Volatility,356.1700134277344,356.260009765625,340.44000244140625,340.4700012207031,114736200
2025-06-25 00:00:00-04:00,TSLA,High Volatility,342.70001220703125,343.0,320.3999938964844,327.54998779296875,119845100
2025-06-26 00:00:00-04:00,TSLA,High Volatility,324.6099853515625,331.04998779296875,323.6099853515625,325.7799987792969,80440900
2025-06-27 00:00:00-04:00,TSLA,High Volatility,324.510009765625,329.3399963378906,317.5,323.6300048828125,89067000
2025-06-30 00:00:00-04:00,TSLA,High Volatility,319.8999938964844,325.5799865722656,316.6000061035156,317.6600036621094,76695100
2025-07-01 00:00:00-04:00,TSLA,High Volatility,298.4599914550781,305.8900146484375,293.2099914550781,300.7099914550781,145085700
2025-07-02 00:00:00-04:00,TSLA,High Volatility,312.6300048828125,316.8299865722656,303.82000732421875,315.6499938964844,119483700
2025-07-03 00:00:00-04:00,TSLA,High Volatility,317.989990234375,318.45001220703125,312.760009765625,315.3500061035156,58042300
2025-07-07 00:00:00-04:00,TSLA,High Volatility,291.3699951171875,296.1499938964844,288.7699890136719,293.94000244140625,131177900
2025-07-08 00:00:00-04:00,TSLA,High Volatility,297.0,304.04998779296875,294.3500061035156,297.80999755859375,103246700
2025-07-09 00:00:00-04:00,TSLA,High Volatility,297.54998779296875,300.1499938964844,293.54998779296875,295.8800048828125,75586800
2025-07-10 00:00:00-04:00,TSLA,High Volatility,300.04998779296875,310.4800109863281,300.0,309.8699951171875,104365300
2025-07-11 00:00:00-04:00,TSLA,High Volatility,307.8900146484375,314.0899963378906,305.6499938964844,313.510009765625,79236400
2025-07-14 00:00:00-04:00,TSLA,High Volatility,317.7300109863281,322.6000061035156,312.6700134277344,316.8999938964844,78043400
2025-07-15 00:00:00-04:00,TSLA,High Volatility,319.67999267578125,321.20001220703125,310.5,310.7799987792969,77556300
2025-07-16 00:00:00-04:00,TSLA,High Volatility,312.79998779296875,323.5,312.6199951171875,321.6700134277344,97284800
2025-07-17 00:00:00-04:00,TSLA,High Volatility,323.1499938964844,324.3399963378906,317.05999755859375,319.4100036621094,73922900
2025-07-18 00:00:00-04:00,TSLA,High Volatility,321.6600036621094,330.8999938964844,321.4200134277344,329.6499938964844,94255000
2025-07-21 00:00:00-04:00,TSLA,High Volatility,334.3999938964844,338.0,326.8800048828125,328.489990234375,75768800
2025-07-22 00:00:00-04:00,TSLA,High Volatility,329.739990234375,335.4100036621094,321.54998779296875,332.1099853515625,77370400
2025-07-23 00:00:00-04:00,TSLA,High Volatility,330.8999938964844,336.20001220703125,328.6700134277344,332.55999755859375,92553800
2025-07-24 00:00:00-04:00,TSLA,High Volatility,310.0,310.1499938964844,300.4100036621094,305.29998779296875,156966000
2025-07-25 00:00:00-04:00,TSLA,High Volatility,308.739990234375,323.6300048828125,308.010009765625,316.05999755859375,148227000
2025-07-28 00:00:00-04:00,TSLA,High Volatility,318.45001220703125,330.489990234375,315.69000244140625,325.5899963378906,112673800
2025-07-29 00:00:00-04:00,TSLA,High Volatility,325.54998779296875,326.25,318.25,321.20001220703125,87358900
2025-07-30 00:00:00-04:00,TSLA,High Volatility,322.17999267578125,324.45001220703125,311.6199951171875,319.0400085449219,83931900
2025-07-31 00:00:00-04:00,TSLA,High Volatility,319.6099853515625,321.3699951171875,306.1000061035156,308.2699890136719,85270900
2025-08-01 00:00:00-04:00,TSLA,High Volatility,306.2099914550781,309.30999755859375,297.82000732421875,302.6300048828125,89121400
2025-08-04 00:00:00-04:00,TSLA,High Volatility,309.0799865722656,312.1199951171875,303.0,309.260009765625,78683900
2025-08-05 00:00:00-04:00,TSLA,High Volatility,308.95001220703125,312.45001220703125,305.5,308.7200012207031,57961300
2025-08-06 00:00:00-04:00,TSLA,High Volatility,307.8900146484375,320.4700012207031,306.92999267578125,319.9100036621094,78523600
2025-08-07 00:00:00-04:00,TSLA,High Volatility,319.7900085449219,322.3999938964844,316.1600036621094,322.2699890136719,66658700
2025-08-08 00:00:00-04:00,TSLA,High Volatility,321.42999267578125,335.1499938964844,320.9800109863281,329.6499938964844,91200300
2025-08-11 00:00:00-04:00,TSLA,High Volatility,335.0,346.6400146484375,334.1499938964844,339.0299987792969,105320200
2025-08-12 00:00:00-04:00,TSLA,High Volatility,345.0,345.260009765625,332.94000244140625,340.8399963378906,80522100
2025-08-13 00:00:00-04:00,TSLA,High Volatility,341.5,348.9800109863281,338.20001220703125,339.3800048828125,67838900
2025-08-14 00:00:00-04:00,TSLA,High Volatility,335.760009765625,340.4700012207031,330.3999938964844,335.5799865722656,75000700
2025-08-15 00:00:00-04:00,TSLA,High Volatility,337.6600036621094,339.29998779296875,327.0199890136719,330.55999755859375,74319800
2025-08-18 00:00:00-04:00,TSLA,High Volatility,329.6199951171875,336.2699890136719,329.5899963378906,335.1600036621094,56956600
2025-08-19 00:00:00-04:00,TSLA,High Volatility,335.7900085449219,340.54998779296875,327.8500061035156,329.30999755859375,75956000
2025-08-20 00:00:00-04:00,TSLA,High Volatility,329.2200012207031,331.3699951171875,314.6000061035156,323.8999938964844,77481800
2025-08-21 00:00:00-04:00,TSLA,High Volatility,322.0799865722656,324.8999938964844,318.67999267578125,320.1099853515625,55744400
2025-08-22 00:00:00-04:00,TSLA,High Volatility,321.6600036621094,340.25,319.69000244140625,340.010009765625,94016300
2025-08-25 00:00:00-04:00,TSLA,High Volatility,338.8999938964844,349.5299987792969,335.0299987792969,346.6000061035156,86670000
2025-08-26 00:00:00-04:00,TSLA,High Volatility,344.92999267578125,351.8999938964844,343.7200012207031,351.6700134277344,76651600
2025-08-27 00:00:00-04:00,TSLA,High Volatility,351.94000244140625,355.3900146484375,349.1600036621094,349.6000061035156,65519000
2025-08-28 00:00:00-04:00,TSLA,High Volatility,350.9100036621094,353.54998779296875,340.260009765625,345.9800109863281,67903200
2025-08-29 00:00:00-04:00,TSLA,High Volatility,347.2300109863281,348.75,331.70001220703125,333.8699951171875,81145700
2025-09-02 00:00:00-04:00,TSLA,High Volatility,328.2300109863281,333.3299865722656,325.6000061035156,329.3599853515625,58392000
2025-09-03 00:00:00-04:00,TSLA,High Volatility,335.20001220703125,343.3299865722656,328.510009765625,334.0899963378906,88733300
2025-09-04 00:00:00-04:00,TSLA,High Volatility,336.1499938964844,338.8900146484375,331.4800109863281,338.5299987792969,60711000
2025-09-05 00:00:00-04:00,TSLA,High Volatility,348.0,355.8699951171875,344.67999267578125,350.8399963378906,108989800
2025-09-08 00:00:00-04:00,TSLA,High Volatility,354.6400146484375,358.44000244140625,344.8399963378906,346.3999938964844,75208300
2025-09-09 00:00:00-04:00,TSLA,High Volatility,348.44000244140625,350.7699890136719,343.82000732421875,346.9700012207031,53816000
2025-09-10 00:00:00-04:00,TSLA,High Volatility,350.54998779296875,356.3299865722656,346.07000732421875,347.7900085449219,72121700
2025-09-11 00:00:00-04:00,TSLA,High Volatility,350.1700134277344,368.989990234375,347.6000061035156,368.80999755859375,103756000
2025-09-12 00:00:00-04:00,TSLA,High Volatility,370.94000244140625,396.69000244140625,370.239990234375,395.94000244140625,168156400
2025-09-15 00:00:00-04:00,TSLA,High Volatility,423.1300048828125,425.70001220703125,402.42999267578125,410.0400085449219,163823700
2025-09-16 00:00:00-04:00,TSLA,High Volatility,414.5,423.25,411.42999267578125,421.6199951171875,104285700
2025-09-17 00:00:00-04:00,TSLA,High Volatility,415.75,428.30999755859375,409.6700134277344,425.8599853515625,106133500
2025-09-18 00:00:00-04:00,TSLA,High Volatility,428.8699951171875,432.2200012207031,416.55999755859375,416.8500061035156,90454500
2025-09-19 00:00:00-04:00,TSLA,High Volatility,421.82000732421875,429.4700012207031,421.7200012207031,426.07000732421875,93131000
2025-09-22 00:00:00-04:00,TSLA,High Volatility,431.1099853515625,444.9800109863281,429.1300048828125,434.2099914550781,97108800
2025-09-23 00:00:00-04:00,TSLA,High Volatility,439.8800048828125,440.9700012207031,423.7200012207031,425.8500061035156,83422700
2025-09-24 00:00:00-04:00,TSLA,High Volatility,429.8299865722656,444.2099914550781,429.0299987792969,442.7900085449219,93133600
2025-09-25 00:00:00-04:00,TSLA,High Volatility,435.239990234375,435.3500061035156,419.0799865722656,423.3900146484375,96746400
2025-09-26 00:00:00-04:00,TSLA,High Volatility,428.29998779296875,440.4700012207031,421.0199890136719,440.3999938964844,101628200
2025-09-29 00:00:00-04:00,TSLA,High Volatility,444.3500061035156,450.9800109863281,439.5,443.2099914550781,79491500
2025-09-30 00:00:00-04:00,TSLA,High Volatility,441.5199890136719,445.0,433.1199951171875,444.7200012207031,74358000
2025-10-01 00:00:00-04:00,TSLA,High Volatility,443.79998779296875,462.2900085449219,440.75,459.4599914550781,98122300
2025-10-02 00:00:00-04:00,TSLA,High Volatility,470.5400085449219,470.75,435.57000732421875,436.0,137009000
2025-10-03 00:00:00-04:00,TSLA,High Volatility,443.2900085449219,446.7699890136719,416.5799865722656,429.8299865722656,133188200
2025-10-06 00:00:00-04:00,TSLA,High Volatility,440.75,453.54998779296875,436.69000244140625,453.25,85324900
2025-10-07 00:00:00-04:00,TSLA,High Volatility,447.82000732421875,452.67999267578125,432.45001220703125,433.0899963378906,102296100
2025-10-08 00:00:00-04:00,TSLA,High Volatility,437.57000732421875,441.3299865722656,425.2300109863281,438.69000244140625,71192100
2025-10-09 00:00:00-04:00,TSLA,High Volatility,431.80999755859375,436.3500061035156,426.17999267578125,435.5400085449219,69339900
2025-10-10 00:00:00-04:00,TSLA,High Volatility,436.5400085449219,443.1300048828125,411.45001220703125,413.489990234375,112107900
2025-10-13 00:00:00-04:00,TSLA,High Volatility,423.5299987792969,436.8900146484375,419.70001220703125,435.8999938964844,79552800
2025-10-14 00:00:00-04:00,TSLA,High Volatility,426.7900085449219,434.20001220703125,417.8599853515625,429.239990234375,72669400
2025-10-15 00:00:00-04:00,TSLA,High Volatility,434.8999938964844,440.510009765625,426.3299865722656,435.1499938964844,71558200
2025-10-16 00:00:00-04:00,TSLA,High Volatility,434.7300109863281,439.3500061035156,421.30999755859375,428.75,77189900
2025-10-17 00:00:00-04:00,TSLA,High Volatility,425.5,441.4599914550781,423.6000061035156,439.30999755859375,89331600
2025-10-20 00:00:00-04:00,TSLA,High Volatility,443.8699951171875,449.79998779296875,440.6099853515625,447.42999267578125,63719000
2025-10-21 00:00:00-04:00,TSLA,High Volatility,445.760009765625,449.29998779296875,442.04998779296875,442.6000061035156,54412200
2025-10-22 00:00:00-04:00,TSLA,High Volatility,443.45001220703125,445.5400085449219,429.0,438.9700012207031,84023500
2025-10-23 00:00:00-04:00,TSLA,High Volatility,420.0,449.3999938964844,413.8999938964844,448.9800109863281,126709800
2025-10-24 00:00:00-04:00,TSLA,High Volatility,446.8299865722656,451.67999267578125,430.1700134277344,433.7200012207031,94727800
2025-10-27 00:00:00-04:00,TSLA,High Volatility,439.9800109863281,460.1600036621094,438.69000244140625,452.4200134277344,105867500
2025-10-28 00:00:00-04:00,TSLA,High Volatility,454.7799987792969,467.0,451.6000061035156,460.54998779296875,80185700
2025-10-29 00:00:00-04:00,TSLA,High Volatility,462.5,465.70001220703125,452.6499938964844,461.510009765625,67983500
2025-10-30 00:00:00-04:00,TSLA,High Volatility,451.04998779296875,455.05999755859375,439.6099853515625,440.1000061035156,72447900
2025-10-31 00:00:00-04:00,TSLA,High Volatility,446.75,458.0,443.69000244140625,456.55999755859375,83135800
2025-11-03 00:00:00-05:00,TSLA,High Volatility,455.989990234375,474.07000732421875,453.79998779296875,468.3699951171875,84595200
2025-11-04 00:00:00-05:00,TSLA,High Volatility,454.4599914550781,460.2200012207031,443.6000061035156,444.260009765625,87756600
2025-11-05 00:00:00-05:00,TSLA,High Volatility,452.04998779296875,466.3299865722656,440.7099914550781,462.07000732421875,85573000
2025-11-06 00:00:00-05:00,TSLA,High Volatility,461.9599914550781,467.45001220703125,435.0899963378906,445.9100036621094,109622900
2025-11-07 00:00:00-05:00,TSLA,High Volatility,437.9200134277344,439.3599853515625,421.8800048828125,429.5199890136719,103471500
2025-11-10 00:00:00-05:00,TSLA,High Volatility,439.6000061035156,449.6700134277344,433.3599853515625,445.2300109863281,76515900
2025-11-11 00:00:00-05:00,TSLA,High Volatility,439.3999938964844,442.489990234375,432.3599853515625,439.6199951171875,60533200
2025-11-12 00:00:00-05:00,TSLA,High Volatility,442.1499938964844,442.3299865722656,426.55999755859375,430.6000061035156,58513500
2025-11-13 00:00:00-05:00,TSLA,High Volatility,423.1300048828125,424.5,396.3399963378906,401.989990234375,118948000
2025-11-14 00:00:00-05:00,TSLA,High Volatility,386.29998779296875,412.19000244140625,382.7799987792969,404.3500061035156,105506700
2025-11-17 00:00:00-05:00,TSLA,High Volatility,398.739990234375,423.9599914550781,398.739990234375,408.9200134277344,102214300
2025-11-18 00:00:00-05:00,TSLA,High Volatility,405.3800048828125,408.8999938964844,393.7099914550781,401.25,80688600
2025-11-19 00:00:00-05:00,TSLA,High Volatility,406.17999267578125,411.7799987792969,398.5,403.989990234375,72047700
2025-11-20 00:00:00-05:00,TSLA,High Volatility,414.6300048828125,428.94000244140625,394.739990234375,395.2300109863281,113548800
2025-11-21 00:00:00-05:00,TSLA,High Volatility,402.32000732421875,402.79998779296875,383.760009765625,391.0899963378906,100460600
2025-11-24 00:00:00-05:00,TSLA,High Volatility,402.1700134277344,421.7200012207031,401.0899963378906,417.7799987792969,96806400
2025-11-25 00:00:00-05:00,TSLA,High Volatility,414.4200134277344,420.4800109863281,405.95001220703125,419.3999938964844,71915600
2025-11-26 00:00:00-05:00,TSLA,High Volatility,423.95001220703125,426.94000244140625,416.8900146484375,426.5799865722656,63463000
2025-11-28 00:00:00-05:00,TSLA,High Volatility,426.5899963378906,432.92999267578125,426.20001220703125,430.1700134277344,36252900
2025-12-01 00:00:00-05:00,TSLA,High Volatility,425.32000732421875,433.6600036621094,425.2900085449219,430.1400146484375,57463600
2025-12-02 00:00:00-05:00,TSLA,High Volatility,430.80999755859375,436.79998779296875,422.1199951171875,429.239990234375,69336600
2025-12-03 00:00:00-05:00,TSLA,High Volatility,432.1000061035156,447.9200134277344,431.1099853515625,446.739990234375,87483000
2025-12-04 00:00:00-05:00,TSLA,High Volatility,449.94000244140625,454.6300048828125,445.3900146484375,454.5299987792969,71906500
2025-12-05 00:00:00-05:00,TSLA,High Volatility,453.0299987792969,458.8699951171875,451.6600036621094,455.0,56427500
2025-12-08 00:00:00-05:00,TSLA,High Volatility,447.45001220703125,449.75,435.25,439.5799865722656,69165800
2025-12-09 00:00:00-05:00,TSLA,High Volatility,437.5400085449219,452.3900146484375,435.70001220703125,445.1700134277344,62367400
2025-12-10 00:00:00-05:00,TSLA,High Volatility,446.07000732421875,456.8800048828125,443.6099853515625,451.45001220703125,63257500
2025-12-11 00:00:00-05:00,TSLA,High Volatility,448.95001220703125,449.2699890136719,440.3299865722656,446.8900146484375,55979500
2025-12-12 00:00:00-05:00,TSLA,High Volatility,448.0899963378906,463.010009765625,441.6700134277344,458.9599914550781,95656700
2025-12-15 00:00:00-05:00,TSLA,High Volatility,469.44000244140625,481.7699890136719,467.6600036621094,475.30999755859375,114542200
2025-12-16 00:00:00-05:00,TSLA,High Volatility,472.2099914550781,491.5,465.8299865722656,489.8800048828125,107608100
2025-12-17 00:00:00-05:00,TSLA,High Volatility,488.2200012207031,495.2799987792969,466.20001220703125,467.260009765625,106490400
2025-12-18 00:00:00-05:00,TSLA,High Volatility,478.1600036621094,490.8599853515625,473.1199951171875,483.3699951171875,95168400
2025-12-19 00:00:00-05:00,TSLA,High Volatility,488.1199951171875,490.489990234375,474.7200012207031,481.20001220703125,103305400
2025-12-22 00:00:00-05:00,TSLA,High Volatility,489.8800048828125,498.8299865722656,485.3299865722656,488.7300109863281,86916100
2025-12-23 00:00:00-05:00,TSLA,High Volatility,489.3999938964844,491.9700012207031,482.8399963378906,485.55999755859375,58223600
2025-12-24 00:00:00-05:00,TSLA,High Volatility,488.4800109863281,490.8999938964844,476.79998779296875,485.3999938964844,41285400
2025-12-26 00:00:00-05:00,TSLA,High Volatility,485.2300109863281,489.0899963378906,473.82000732421875,475.19000244140625,58780700
2025-12-29 00:00:00-05:00,TSLA,High Volatility,469.0,469.3999938964844,459.0,459.6400146484375,66263000
2025-12-30 00:00:00-05:00,TSLA,High Volatility,461.0899963378906,463.1199951171875,453.8299865722656,454.42999267578125,59238500
2025-12-31 00:00:00-05:00,TSLA,High Volatility,456.1000061035156,456.54998779296875,449.29998779296875,449.7200012207031,49078000
2026-01-02 00:00:00-05:00,TSLA,High Volatility,457.79998779296875,458.3399963378906,435.29998779296875,438.07000732421875,85535400
2026-01-05 00:00:00-05:00,TSLA,High Volatility,447.989990234375,457.54998779296875,444.57000732421875,451.6700134277344,67940800
2026-01-06 00:00:00-05:00,TSLA,High Volatility,446.3800048828125,448.25,428.7799987792969,432.9599914550781,89093800
2026-01-07 00:00:00-05:00,TSLA,High Volatility,435.8999938964844,438.3699951171875,431.2900085449219,431.4100036621094,59828800
2026-01-08 00:00:00-05:00,TSLA,High Volatility,427.8900146484375,436.8900146484375,424.3699951171875,435.79998779296875,57041100
2026-01-09 00:00:00-05:00,TSLA,High Volatility,435.95001220703125,449.04998779296875,430.3900146484375,445.010009765625,67185700
2025-01-10 00:00:00-05:00,NVDA,High Volatility,137.41242079266553,139.88174676307978,134.18330808313058,135.8728485107422,207602500
2025-01-13 00:00:00-05:00,NVDA,High Volatility,129.95446851982027,133.4535116815908,129.4745887600242,133.19357299804688,204808900
2025-01-14 00:00:00-05:00,NVDA,High Volatility,136.01278831507346,136.3426998783518,130.01442953826418,131.7239532470703,195590500
2025-01-15 00:00:00-05:00,NVDA,High Volatility,133.61345527658474,136.4126928345012,131.25409986764885,136.2027587890625,185217300
2025-01-16 00:00:00-05:00,NVDA,High Volatility,138.60208327625168,138.7120538029648,133.4534978315376,133.53347778320312,209235600
2025-01-17 00:00:00-05:00,NVDA,High Volatility,136.65262268416788,138.46212527408701,135.4229633158422,137.67234802246094,201188800
2025-01-21 00:00:00-05:00,NVDA,High Volatility,139.12194717769367,141.7912151745994,137.05250594430132,140.79148864746094,197749000
2025-01-22 00:00:00-05:00,NVDA,High Volatility,144.62045561465226,147.74958954273308,143.6307207753195,147.02980041503906,237651400
2025-01-23 00:00:00-05:00,NVDA,High Volatility,145.01034368405638,147.1897403093082,143.6807055002306,147.17974853515625,155915500
2025-01-24 00:00:00-05:00,NVDA,High Volatility,148.32943710709068,148.92927919460303,141.8412209584346,142.5810089111328,234657600
2025-01-27 00:00:00-05:00,NVDA,High Volatility,124.7658794397831,128.3648859520762,116.668088091544,118.38761901855469,818830900
2025-01-28 00:00:00-05:00,NVDA,High Volatility,121.77668294561497,128.96471894622445,116.21820602712087,128.95472717285156,579666400
2025-01-29 00:00:00-05:00,NVDA,High Volatility,126.46540553655986,126.85529827150769,120.01717249490751,123.66616821289062,467120600
2025-01-30 00:00:00-05:00,NVDA,High Volatility,123.06634175444341,124.96582380169083,118.06770880237578,124.61592102050781,392925500
2025-01-31 00:00:00-05:00,NVDA,High Volatility,123.74615511454752,127.81504199868698,119.15741376372098,120.03717041015625,388161100
2025-02-03 00:00:00-05:00,NVDA,High Volatility,114.71862375628316,118.53757894355685,112.97910166242248,116.62810516357422,371235700
2025-02-04 00:00:00-05:00,NVDA,High Volatility,116.92801344303115,121.16685177317855,116.66808241089754,118.6175537109375,256550000
2025-02-05 00:00:00-05:00,NVDA,High Volatility,121.7267002537778,124.96581196424484,120.72697375806385,124.79586029052734,262230800
2025-02-06 00:00:00-05:00,NVDA,High Volatility,127.38517104864236,128.7348081612174,125.1757760130246,128.6448211669922,251483600
2025-02-07 00:00:00-05:00,NVDA,High Volatility,129.184663567943,130.3343429768511,124.96581638636985,129.8044891357422,228186300
2025-02-10 00:00:00-05:00,NVDA,High Volatility,130.05441853152416,134.96307937585763,129.92446445785666,133.53347778320312,216989100
2025-02-11 00:00:00-05:00,NVDA,High Volatility,132.54374607533066,134.4432203933444,130.9841751187103,132.76368713378906,178902400
2025-02-12 00:00:00-05:00,NVDA,High Volatility,129.98445236307722,132.203846559633,129.04470695043977,131.10414123535156,160278600
2025-02-13 00:00:00-05:00,NVDA,High Volatility,131.52401516963508,136.46266649297655,131.13412244698262,135.25299072265625,197430000
2025-02-14 00:00:00-05:00,NVDA,High Volatility,136.44266486168982,139.21191146517995,135.46293718873886,138.81202697753906,195479600
2025-02-18 00:00:00-05:00,NVDA,High Volatility,141.23137649622348,143.40078131766987,137.89227816645598,139.36187744140625,219176600
2025-02-19 00:00:00-05:00,NVDA,High Volatility,139.47184726600554,141.32134750878612,137.18248014952957,139.19192504882812,167536000
2025-02-20 00:00:00-05:00,NVDA,High Volatility,139.991705837455,140.62153843760984,136.7525863640224,140.07168579101562,143903600
2025-02-21 00:00:00-05:00,NVDA,High Volatility,140.0017008694862,141.42132600995674,133.99334973043614,134.3932342529297,228217600
2025-02-24 00:00:00-05:00,NVDA,High Volatility,136.52266681200447,138.55211066034528,130.04444248958205,130.244384765625,251381100
2025-02-25 00:00:00-05:00,NVDA,High Volatility,129.94445760453814,130.16439867421266,124.40597902043103,126.59537506103516,271428700
2025-02-26 00:00:00-05:00,NVDA,High Volatility,129.95446947322534,133.69343728770713,128.4548795357506,131.24411010742188,322553800
2025-02-27 00:00:00-05:00,NVDA,High Volatility,134.96308744670299,134.9730792207777,119.97718824289691,120.11714935302734,443175800
2025-02-28 00:00:00-05:00,NVDA,High Volatility,117.98771929899918,125.05578541630098,116.36816723503377,124.88583374023438,389091100
2025-03-03 00:00:00-05:00,NVDA,High Volatility,123.47622912906817,123.66617198823369,112.2492965435478,114.02880859375,411381400
2025-03-04 00:00:00-05:00,NVDA,High Volatility,110.6197462594264,119.27737437091366,110.07989299750376,115.95828247070312,398163300
2025-03-05 00:00:00-05:00,NVDA,High Volatility,117.54785129486386,118.24765683915241,114.47869104666965,117.26792907714844,284337900
2025-03-06 00:00:00-05:00,NVDA,High Volatility,113.49895407905146,115.31845609620828,110.18986163701831,110.53976440429688,321181900
2025-03-07 00:00:00-05:00,NVDA,High Volatility,111.21957864470976,113.44897220636766,107.5305852358904,112.65918731689453,341755500
2025-03-10 00:00:00-04:00,NVDA,High Volatility,109.8699441866197,111.81940781621753,105.43115607331026,106.95074462890625,366487400
2025-03-11 00:00:00-04:00,NVDA,High Volatility,106.960734969355,112.20929903890595,104.74134094243277,108.73025512695312,354865700
2025-03-12 00:00:00-04:00,NVDA,High Volatility,114.09929300935045,116.7388133095112,112.85951254411586,115.718994140625,323857500
2025-03-13 00:00:00-04:00,NVDA,High Volatility,117.00876245655117,117.73863334670654,113.76935252443205,115.55902862548828,299033100
2025-03-14 00:00:00-04:00,NVDA,High Volatility,118.58847644066721,121.85787967708788,118.12856083227834,121.64791870117188,277593500
2025-03-17 00:00:00-04:00,NVDA,High Volatility,122.71772499646224,122.86769930249316,118.00858060635532,119.50830841064453,255501500
2025-03-18 00:00:00-04:00,NVDA,High Volatility,117.97859103200136,118.99840261510599,114.51921970184797,115.4090576171875,299686900
2025-03-19 00:00:00-04:00,NVDA,High Volatility,117.24871784817985,120.42814113812437,115.65901001721268,117.49867248535156,273426200
2025-03-20 00:00:00-04:00,NVDA,High Volatility,116.5288475567653,120.17817892707569,116.44886024718888,118.50848388671875,248829700
2025-03-21 00:00:00-04:00,NVDA,High Volatility,116.91877807414131,117.96858292451893,115.39904967929496,117.67863464355469,266498500
2025-03-24 00:00:00-04:00,NVDA,High Volatility,119.85824123014483,122.19782052957932,119.31833831489072,121.38796997070312,228452500
2025-03-25 00:00:00-04:00,NVDA,High Volatility,120.52812446850508,121.26798803028822,118.89841541478116,120.66809844970703,167447200
2025-03-26 00:00:00-04:00,NVDA,High Volatility,118.70845626054094,118.81842927999459,112.68954449720724,113.7393569946289,293463300
2025-03-27 00:00:00-04:00,NVDA,High Volatility,111.32979509417153,114.42923110356094,110.63992547504299,111.40978240966797,236902100
2025-03-28 00:00:00-04:00,NVDA,High Volatility,111.46977019973694,112.84952470784617,109.05021109179135,109.65010070800781,229872500
2025-03-31 00:00:00-04:00,NVDA,High Volatility,105.11091847763528,110.93986229194257,103.63119133667838,108.3603286743164,299212700
2025-04-01 00:00:00-04:00,NVDA,High Volatility,108.50030342775528,110.17999886185885,106.45068001979016,110.13001251220703,222614000
2025-04-02 00:00:00-04:00,NVDA,High Volatility,107.2705266243207,111.95967777974947,106.77061737970816,110.39995574951172,220601200
2025-04-03 00:00:00-04:00,NVDA,High Volatility,103.49122110695384,105.61083156865355,101.58156399912866,101.78153228759766,338769400
2025-04-04 00:00:00-04:00,NVDA,High Volatility,98.89205625014841,100.11182847125419,92.09328707213024,94.29288482666016,532273800
2025-04-07 00:00:00-04:00,NVDA,High Volatility,87.444123819458,101.73153089146867,86.60427995314998,97.62227630615234,611041300
2025-04-08 00:00:00-04:00,NVDA,High Volatility,103.79115551332612,105.83078615825814,94.44285411172834,96.28252410888672,476243400
2025-04-09 00:00:00-04:00,NVDA,High Volatility,98.87205653888144,115.07911444025873,97.51230269046886,114.30925750732422,612918300
2025-04-10 00:00:00-04:00,NVDA,High Volatility,109.35015243101728,110.83987986480561,99.13200610877084,107.55047607421875,437812400
2025-04-11 00:00:00-04:00,NVDA,High Volatility,108.4803070767672,111.52975654810143,107.46049556472005,110.90986633300781,313417300
2025-04-14 00:00:00-04:00,NVDA,High Volatility,114.08928762467488,114.26925525660798,109.05020155855789,110.68990325927734,264705000
2025-04-15 00:00:00-04:00,NVDA,High Volatility,110.94986159507806,113.59938217981927,110.4799456735416,112.17963409423828,228966900
2025-04-16 00:00:00-04:00,NVDA,High Volatility,104.53103311878802,106.77062454919468,100.4317709352981,104.47103881835938,397016900
2025-04-17 00:00:00-04:00,NVDA,High Volatility,104.43103458781992,104.45103522860795,100.0318394876262,101.47157287597656,292517500
2025-04-21 00:00:00-04:00,NVDA,High Volatility,98.75207336541831,99.42195758129023,95.02275450080649,96.89241790771484,288501100
2025-04-22 00:00:00-04:00,NVDA,High Volatility,98.76206678289148,99.7918785816798,97.26233908492571,98.8720474243164,241004800
2025-04-23 00:00:00-04:00,NVDA,High Volatility,104.5010295750129,104.78098517141211,102.00148324580945,102.69136047363281,247526000
2025-04-24 00:00:00-04:00,NVDA,High Volatility,103.46121375263034,106.52065568558213,103.09127819009328,106.41067504882812,220815000
2025-04-25 00:00:00-04:00,NVDA,High Volatility,106.83061166162848,111.89969145813895,105.71081975581805,110.98986053466797,251064700
2025-04-28 00:00:00-04:00,NVDA,High Volatility,109.67009093365705,110.3499678015911,106.00075133412535,108.71026611328125,207708500
2025-04-29 00:00:00-04:00,NVDA,High Volatility,107.65045258784288,110.17999209067304,107.42049861195443,109.00020599365234,170444300
2025-04-30 00:00:00-04:00,NVDA,High Volatility,104.45104108413872,108.90023040771484,104.06111247501677,108.90023040771484,235044600
2025-05-01 00:00:00-04:00,NVDA,High Volatility,113.05947899879722,114.9191420385801,111.27980327057723,111.5897445678711,236121500
2025-05-02 00:00:00-04:00,NVDA,High Volatility,114.15928352450368,115.37906338859757,113.34943293159324,114.4792251586914,190194800
2025-05-05 00:00:00-04:00,NVDA,High Volatility,112.889508442552,114.64918347836972,112.63955382209963,113.7993392944336,133163200
2025-05-06 00:00:00-04:00,NVDA,High Volatility,111.45977773347964,114.71918078517231,110.79989381468877,113.51940155029297,158525600
2025-05-07 00:00:00-04:00,NVDA,High Volatility,113.02949042053457,117.65864757290291,112.25962586336117,117.03875732421875,206758800
2025-05-08 00:00:00-04:00,NVDA,High Volatility,118.22854670795566,118.658469001105,115.82898059800607,117.34870910644531,198428100
2025-05-09 00:00:00-04:00,NVDA,High Volatility,117.32869985728382,118.20854502226882,115.18908887008638,116.62882995605469,132972200
2025-05-12 00:00:00-04:00,NVDA,High Volatility,121.94786454961688,122.97767639160156,120.25816883140327,122.97767639160156,225023300
2025-05-13 00:00:00-04:00,NVDA,High Volatility,124.95732666651305,131.19619232916256,124.44741706637032,129.9064178466797,330430100
2025-05-14 00:00:00-04:00,NVDA,High Volatility,133.17581874633882,135.4154176381041,131.65609038206884,135.3154296875,281180800
2025-05-15 00:00:00-04:00,NVDA,High Volatility,134.2656162138544,136.2752611112406,132.6359224746836,134.80552673339844,226632600
2025-05-16 00:00:00-04:00,NVDA,High Volatility,136.19528579014883,136.32526708518697,133.43579205010155,135.37542724609375,226542500
2025-05-19 00:00:00-04:00,NVDA,High Volatility,132.36596428610483,135.84532822832756,132.36596428610483,135.54539489746094,193154600
2025-05-20 00:00:00-04:00,NVDA,High Volatility,134.26562607401144,134.55558199625042,132.59593092987555,134.35562133789062,161514200
2025-05-21 00:00:00-04:00,NVDA,High Volatility,133.0358430493297,137.3750515435132,130.56629021032253,131.7760772705078,270608700
2025-05-22 00:00:00-04:00,NVDA,High Volatility,132.20599574301846,134.22563338103308,131.52612648714359,132.80589294433594,187344000
2025-05-23 00:00:00-04:00,NVDA,High Volatility,129.97641506418768,132.65592152877483,129.13657112060253,131.26617431640625,198821300
2025-05-27 00:00:00-04:00,NVDA,High Volatility,134.1256417936587,135.63537744884945,133.2857979393918,135.47540283203125,192953600
2025-05-28 00:00:00-04:00,NVDA,High Volatility,136.00531758419635,137.22509744866613,134.76553707682788,134.78553771972656,304021100
2025-05-29 00:00:00-04:00,NVDA,High Volatility,142.22419152756274,143.46397204605128,137.88498259688382,139.1647491455078,369241900
2025-05-30 00:00:00-04:00,NVDA,High Volatility,138.6948289010735,139.59465948344436,132.8958783257386,135.10548400878906,333170900
2025-06-02 00:00:00-04:00,NVDA,High Volatility,135.46541564458173,138.09492795630163,135.37542038395227,137.35507202148438,197663100
2025-06-03 00:00:00-04:00,NVDA,High Volatility,138.75480693174418,141.97422364617418,137.9249557656252,141.19436645507812,225578800
2025-06-04 00:00:00-04:00,NVDA,High Volatility,142.1641966028205,142.36415725393297,139.5146683935161,141.8942413330078,167120800
2025-06-05 00:00:00-04:00,NVDA,High Volatility,142.14419665233672,143.97386636815438,138.80480646885346,139.964599609375,231397900
2025-06-06 00:00:00-04:00,NVDA,High Volatility,142.4841247816278,143.24399658328852,141.4843063108272,141.69427490234375,153986200
2025-06-09 00:00:00-04:00,NVDA,High Volatility,143.16402192873528,144.97369107987248,141.91424872977086,142.6041259765625,185114500
2025-06-10 00:00:00-04:00,NVDA,High Volatility,142.66410985007164,144.26381035974757,141.50431668274294,143.9338836669922,155881900
2025-06-11 00:00:00-04:00,NVDA,High Volatility,144.59379466225064,144.97375695921582,141.85409623212945,142.81399536132812,167694000
2025-06-12 00:00:00-04:00,NVDA,High Volatility,141.9540901919345,144.98374938964844,141.83410852298076,144.98374938964844,162365000
2025-06-13 00:00:00-04:00,NVDA,High Volatility,142.4640236398758,143.5639064320885,140.83421673860605,141.95408630371094,180820600
2025-06-16 00:00:00-04:00,NVDA,High Volatility,143.33393622751285,146.16360555156524,143.18394388862185,144.6737823486328,183133700
2025-06-17 00:00:00-04:00,NVDA,High Volatility,144.4738049491523,145.20371882793046,143.7638778428329,144.1038360595703,139108000
2025-06-18 00:00:00-04:00,NVDA,High Volatility,143.9938476821936,145.63366319028128,143.10394808189747,145.46368408203125,161494100
2025-06-20 00:00:00-04:00,NVDA,High Volatility,145.43368901636921,146.1836049259659,142.63399990245927,143.83387756347656,242956200
2025-06-23 00:00:00-04:00,NVDA,High Volatility,142.48402812138661,144.76377135076248,142.01407957999888,144.15383911132812,154308900
2025-06-24 00:00:00-04:00,NVDA,High Volatility,145.54367367470394,147.94341367999496,145.4836828445603,147.88340759277344,187566100
2025-06-25 00:00:00-04:00,NVDA,High Volatility,149.25328072295656,154.43269305532343,149.24327207878133,154.29270935058594,269146500
2025-06-26 00:00:00-04:00,NVDA,High Volatility,155.9625083392563,156.70243086817015,153.98273459501658,155.00262451171875,198145700
2025-06-27 00:00:00-04:00,NVDA,High Volatility,156.02250005395288,158.69221415352254,155.24258871826237,157.73231506347656,263234500
2025-06-30 00:00:00-04:00,NVDA,High Volatility,158.38224776867892,158.6422284044636,155.94253394670602,157.97230529785156,194580300
2025-07-01 00:00:00-04:00,NVDA,High Volatility,156.27249233706732,157.18239409932116,151.47304203431221,153.2828369140625,213143600
2025-07-02 00:00:00-04:00,NVDA,High Volatility,152.962850389823,157.58234297497486,152.95285700312823,157.2323760986328,171224100
2025-07-03 00:00:00-04:00,NVDA,High Volatility,158.35225101493015,160.96195919540767,157.7523273944205,159.3221435546875,143716100
2025-07-07 00:00:00-04:00,NVDA,High Volatility,158.18227071828886,159.29214695363126,157.3223664705724,158.22227478027344,140139000
2025-07-08 00:00:00-04:00,NVDA,High Volatility,159.31214783171163,160.20204749093682,158.3722507239072,159.98207092285156,138133000
2025-07-09 00:00:00-04:00,NVDA,High Volatility,161.20193770023792,164.40157611225678,161.14194686393122,162.86175537109375,183656400
2025-07-10 00:00:00-04:00,NVDA,High Volatility,164.30159583301895,164.48156834124046,161.5918927660757,164.0816192626953,167704100
2025-07-11 00:00:00-04:00,NVDA,High Volatility,163.70165728031435,167.87118822352508,163.4516852914618,164.90151977539062,193633300
2025-07-14 00:00:00-04:00,NVDA,High Volatility,165.35146259057728,165.4714595173457,162.00184716942397,164.05162048339844,136975800
2025-07-15 00:00:00-04:00,NVDA,High Volatility,171.17081299302788,172.38066881478494,169.18103056842588,170.6808624267578,230627400
2025-07-16 00:00:00-04:00,NVDA,High Volatility,171.04083672550954,171.73076187811773,168.88107501049606,171.35079956054688,158831500
2025-07-17 00:00:00-04:00,NVDA,High Volatility,172.00073538495315,174.1404950617398,170.81086624213197,172.98062133789062,160841100
2025-07-18 00:00:00-04:00,NVDA,High Volatility,173.62054394819432,174.23047621121117,171.24080573231237,172.39068603515625,146456400
2025-07-21 00:00:00-04:00,NVDA,High Volatility,172.73065099594356,173.36058531454748,170.9808470061149,171.36080932617188,123126100
2025-07-22 00:00:00-04:00,NVDA,High Volatility,171.32080634495316,171.37080379639445,164.5615689540832,167.01129150390625,193114300
2025-07-23 00:00:00-04:00,NVDA,High Volatility,169.511004310231,171.24080620570157,167.95118153678195,170.7608642578125,154082200
2025-07-24 00:00:00-04:00,NVDA,High Volatility,172.42067791171223,173.81052153075,171.28080627636527,173.7205352783203,128984600
2025-07-25 00:00:00-04:00,NVDA,High Volatility,173.59054858813744,174.70042482917586,172.9406275198062,173.48056030273438,122316800
2025-07-28 00:00:00-04:00,NVDA,High Volatility,174.00050427681666,176.98016607778243,173.9505068282037,176.73019409179688,140023500
2025-07-29 00:00:00-04:00,NVDA,High Volatility,177.94006357342778,179.35990260986108,175.00039060425894,175.49032592773438,154077500
2025-07-30 00:00:00-04:00,NVDA,High Volatility,176.49022309733303,179.869849375745,176.0202745228646,179.2499237060547,174312200
2025-07-31 00:00:00-04:00,NVDA,High Volatility,182.87950237318685,183.2794667127293,175.9102820488597,177.85006713867188,221685400
2025-08-01 00:00:00-04:00,NVDA,High Volatility,174.07048465468185,176.52020701181988,170.8708463561498,173.70053100585938,204529000
2025-08-04 00:00:00-04:00,NVDA,High Volatility,175.14037394842856,180.17980241597786,174.500446281802,179.97982788085938,148174600
2025-08-05 00:00:00-04:00,NVDA,High Volatility,179.59986897635343,180.23979665506658,175.8802845759961,178.24002075195312,156407600
2025-08-06 00:00:00-04:00,NVDA,High Volatility,176.31023710297544,179.87982901005608,176.23024423927978,179.39988708496094,137192300
2025-08-07 00:00:00-04:00,NVDA,High Volatility,181.54965397485878,183.85939259097617,178.77996020998395,180.74974060058594,151878400
2025-08-08 00:00:00-04:00,NVDA,High Volatility,181.52965464990967,183.27945850723472,180.3797743894202,182.6795196533203,123396700
2025-08-11 00:00:00-04:00,NVDA,High Volatility,182.02960317073044,183.8193958765311,180.22980182096376,182.0395965576172,138323200
2025-08-12 00:00:00-04:00,NVDA,High Volatility,182.9395060522284,184.4593247511904,179.43989822709233,183.1394805908203,145485700
2025-08-13 00:00:00-04:00,NVDA,High Volatility,182.59952443546638,183.9493792108361,179.32990196930365,181.56964111328125,179871700
2025-08-14 00:00:00-04:00,NVDA,High Volatility,179.7298534235828,182.99949119039164,179.43989264021437,181.99960327148438,129554000
2025-08-15 00:00:00-04:00,NVDA,High Volatility,181.85962676701382,181.87961354108583,178.02004541114613,180.42977905273438,156602200
2025-08-18 00:00:00-04:00,NVDA,High Volatility,180.57976314427117,182.91949719839158,180.56975450061333,181.98959350585938,132008000
2025-08-19 00:00:00-04:00,NVDA,High Volatility,182.4095478886331,182.47954736718557,175.47033846497254,175.6203155517578,185229200
2025-08-20 00:00:00-04:00,NVDA,High Volatility,175.1503706193276,175.9802794498554,168.7810892510499,175.38034057617188,215142700
2025-08-21 00:00:00-04:00,NVDA,High Volatility,174.83041312567687,176.88017120538285,173.79052111986658,174.96038818359375,140040900
2025-08-22 00:00:00-04:00,NVDA,High Volatility,172.59066018618677,178.56998587344157,171.18081451068767,177.97006225585938,172789400
2025-08-25 00:00:00-04:00,NVDA,High Volatility,178.33002804439553,181.88962682620624,176.5502286534902,179.78985595703125,163012800
2025-08-26 00:00:00-04:00,NVDA,High Volatility,180.0398187111229,182.36955942503778,178.78995879531527,181.7496337890625,168688200
2025-08-27 00:00:00-04:00,NVDA,High Volatility,181.95959791056248,182.46955051009175,179.07993109949993,181.57965087890625,235518900
2025-08-28 00:00:00-04:00,NVDA,High Volatility,180.79974711518173,184.44933204343067,176.39023757757423,180.14981079101562,281787800
2025-08-29 00:00:00-04:00,NVDA,High Volatility,178.09004428153852,178.130033086625,173.13059331145078,174.1604766845703,243257900
2025-09-02 00:00:00-04:00,NVDA,High Volatility,169.980952871088,172.36069109354864,167.20126556823303,170.7608642578125,231164900
2025-09-03 00:00:00-04:00,NVDA,High Volatility,171.0408442884315,172.3906992342715,168.86109570238054,170.60089111328125,164424900
2025-09-04 00:00:00-04:00,NVDA,High Volatility,170.55090333056648,171.8407521362954,169.39102958990665,171.64077758789062,141670100
2025-09-05 00:00:00-04:00,NVDA,High Volatility,168.01117837826322,169.0110663720669,164.05163046676552,167.0012969970703,224441400
2025-09-08 00:00:00-04:00,NVDA,High Volatility,167.53122834914853,170.940849905597,167.33125381142952,168.2911376953125,163769100
2025-09-09 00:00:00-04:00,NVDA,High Volatility,169.0710489481518,170.96083655380463,166.7213214317911,170.74085998535156,157548400
2025-09-10 00:00:00-04:00,NVDA,High Volatility,176.62020974984335,179.26990675759993,175.45034266016896,177.3101348876953,226852000
2025-09-11 00:00:00-04:00,NVDA,High Volatility,179.66999584989978,180.26996857097555,176.4701769393558,177.16014099121094,151159300
2025-09-12 00:00:00-04:00,NVDA,High Volatility,177.76010410307373,178.59005971058946,176.44017029123495,177.8101043701172,124911000
2025-09-15 00:00:00-04:00,NVDA,High Volatility,175.66021109761542,178.84004186496986,174.50027206258352,177.74009704589844,147061600
2025-09-16 00:00:00-04:00,NVDA,High Volatility,176.99014687805604,177.49011904437822,174.37029760906842,174.87026977539062,140737800
2025-09-17 00:00:00-04:00,NVDA,High Volatility,172.63039291663662,173.1903593144249,168.40063256525568,170.280517578125,211843800
2025-09-18 00:00:00-04:00,NVDA,High Volatility,173.9703101424577,177.09014682532762,172.95037791227023,176.23019409179688,191763300
2025-09-19 00:00:00-04:00,NVDA,High Volatility,175.7602124903078,178.07008136373162,175.17023376194967,176.66015625,237182100
2025-09-22 00:00:00-04:00,NVDA,High Volatility,175.29024236301854,184.53972732383275,174.70027887607205,183.5997772216797,269637000
2025-09-23 00:00:00-04:00,NVDA,High Volatility,181.9598706713119,182.409842567533,176.20019683221489,178.42005920410156,192559600
2025-09-24 00:00:00-04:00,NVDA,High Volatility,179.75999113536878,179.76998508551358,175.39022416770254,176.96014404296875,143564100
2025-09-25 00:00:00-04:00,NVDA,High Volatility,174.47028665549124,180.24996380236055,173.12037093203185,177.68011474609375,191586700
2025-09-26 00:00:00-04:00,NVDA,High Volatility,178.16008106951017,179.75999811527313,174.920255917913,178.18008422851562,148573700
2025-09-29 00:00:00-04:00,NVDA,High Volatility,180.4199550960203,183.98976381560166,180.30997586310093,181.8398895263672,193063500
2025-09-30 00:00:00-04:00,NVDA,High Volatility,182.06986121505474,187.3395719841704,181.4698885277926,186.56961059570312,236981000
2025-10-01 00:00:00-04:00,NVDA,High Volatility,185.22969505995906,188.12952754318238,183.88975804814035,187.22958374023438,173844900
2025-10-02 00:00:00-04:00,NVDA,High Volatility,189.5894532800495,191.0393695238543,188.04953044946197,188.87948608398438,136805800
2025-10-03 00:00:00-04:00,NVDA,High Volatility,189.1794627061203,190.34939569471342,185.36967740169,187.6095428466797,137596900
2025-10-06 00:00:00-04:00,NVDA,High Volatility,185.48967202648717,187.21957143407985,183.31979467524326,185.5296630859375,157678100
2025-10-07 00:00:00-04:00,NVDA,High Volatility,186.21962980709273,189.0494741147918,183.9897582054133,185.02969360351562,140088000
2025-10-08 00:00:00-04:00,NVDA,High Volatility,186.55962017208088,189.58945025835604,186.52960780500513,189.09947204589844,130168900
2025-10-09 00:00:00-04:00,NVDA,High Volatility,192.21928773885006,195.28912405123697,191.04935474353755,192.5592803955078,182997200
2025-10-10 00:00:00-04:00,NVDA,High Volatility,193.49922565779727,195.6091088464203,182.0398719523004,183.14981079101562,268774400
2025-10-13 00:00:00-04:00,NVDA,High Volatility,187.9595379156231,190.09941818271824,185.94965529464977,188.3095245361328,153482800
2025-10-14 00:00:00-04:00,NVDA,High Volatility,184.75971529942103,184.78971240822688,179.68999030007896,180.0199737548828,205641400
2025-10-15 00:00:00-04:00,NVDA,High Volatility,184.7897166440438,184.85970481354866,177.2801249034248,179.8199920654297,214450500
2025-10-16 00:00:00-04:00,NVDA,High Volatility,182.21985578014733,183.26980040587233,179.76000120804414,181.7998809814453,179723300
2025-10-17 00:00:00-04:00,NVDA,High Volatility,180.16996892604442,184.08976427610557,179.74000017155936,183.20980834960938,173135200
2025-10-20 00:00:00-04:00,NVDA,High Volatility,183.1198152646831,185.18969215276272,181.71988400794234,182.6298370361328,128544700
2025-10-21 00:00:00-04:00,NVDA,High Volatility,182.77981647710283,182.77981647710283,179.78999271004406,181.14991760253906,124240200
2025-10-22 00:00:00-04:00,NVDA,High Volatility,181.1299112106735,183.42978616900905,176.7501502622395,180.26995849609375,162249600
2025-10-23 00:00:00-04:00,NVDA,High Volatility,180.40994799999942,183.01980322210497,179.7799782111653,182.1498565673828,111363700
2025-10-24 00:00:00-04:00,NVDA,High Volatility,183.8297551720498,187.45955783835475,183.48977777431884,186.24961853027344,131296700
2025-10-27 00:00:00-04:00,NVDA,High Volatility,189.979423148828,191.98930570001696,188.41949722334647,191.47933959960938,153452700
2025-10-28 00:00:00-04:00,NVDA,High Volatility,193.03926234185508,203.1386912540773,191.89932637827522,201.01881408691406,297986200
2025-10-29 00:00:00-04:00,NVDA,High Volatility,207.96842303697136,212.1781954922272,204.76860414707738,207.02847290039062,308829600
2025-10-30 00:00:00-04:00,NVDA,High Volatility,205.1385766163601,206.1485301715792,201.39879452489242,202.8787078857422,178864400
2025-10-31 00:00:00-04:00,NVDA,High Volatility,206.43850017947892,207.95841980607935,202.05875446792163,202.47872924804688,179802200
2025-11-03 00:00:00-05:00,NVDA,High Volatility,208.06841462190084,211.32822759164594,205.5485506791992,206.8684844970703,180267300
2025-11-04 00:00:00-05:00,NVDA,High Volatility,202.98869740675082,203.9586446199207,197.9189723693821,198.67893981933594,188919300
2025-11-05 00:00:00-05:00,NVDA,High Volatility,198.75894188581304,202.90870481768462,194.63916080574026,195.1991424560547,171350300
2025-11-06 00:00:00-05:00,NVDA,High Volatility,196.40906647995496,197.60899664277025,186.3696319662745,188.0695343017578,223029800
2025-11-07 00:00:00-05:00,NVDA,High Volatility,184.8897071775586,188.3095303364016,178.90005019006267,188.1395263671875,264942300
2025-11-10 00:00:00-05:00,NVDA,High Volatility,195.09914200543773,199.9288750287355,193.7792081445882,199.03892517089844,198897100
2025-11-11 00:00:00-05:00,NVDA,High Volatility,195.14913483203398,195.40911485928362,191.28934919242405,193.1492462158203,176483300
2025-11-12 00:00:00-05:00,NVDA,High Volatility,195.70910637927892,195.87909508520013,191.1193655455878,193.78921508789062,154935300
2025-11-13 00:00:00-05:00,NVDA,High Volatility,191.03936321053533,191.42934088057365,183.8397672401686,186.84959411621094,207423100
2025-11-14 00:00:00-05:00,NVDA,High Volatility,182.8498180673128,190.99935813210442,180.56994624954729,190.15940856933594,186591900
2025-11-17 00:00:00-05:00,NVDA,High Volatility,185.95964506857126,188.98947511566342,184.30974305565786,186.58961486816406,173628900
2025-11-18 00:00:00-05:00,NVDA,High Volatility,183.36979105504545,184.7897101334883,179.63998782140993,181.3498992919922,213598900
2025-11-19 00:00:00-05:00,NVDA,High Volatility,184.7796984316032,187.8495347223247,182.8198161698128,186.50961303710938,247246400
2025-11-20 00:00:00-05:00,NVDA,High Volatility,195.9390891568929,195.9890894251709,179.83999453744622,180.62994384765625,343504800
2025-11-21 00:00:00-05:00,NVDA,High Volatility,181.22991004695137,184.54971718190046,172.92036011460985,178.8700408935547,346926200
2025-11-24 00:00:00-05:00,NVDA,High Volatility,179.48001348627363,183.4897847612219,176.47017128450955,182.5398406982422,256618300
2025-11-25 00:00:00-05:00,NVDA,High Volatility,174.90026276869568,178.15008177330986,169.54056066153746,177.8101043701172,320600300
2025-11-26 00:00:00-05:00,NVDA,High Volatility,181.61988829154,182.8998157763143,178.2300777211247,180.2499542236328,183852000
2025-11-28 00:00:00-05:00,NVDA,High Volatility,179.0000253919654,179.28000857805475,176.49017066740046,176.99014282226562,121332800
2025-12-01 00:00:00-05:00,NVDA,High Volatility,174.75027181562072,180.28997214473748,173.67033006996684,179.9099884033203,188131000
2025-12-02 00:00:00-05:00,NVDA,High Volatility,181.74987648908228,185.6496685428864,179.98997995570696,181.4499053955078,182632200
2025-12-03 00:00:00-05:00,NVDA,High Volatility,181.06992440272873,182.43984327721986,179.1000328161426,179.5800018310547,165138000
2025-12-04 00:00:00-05:00,NVDA,High Volatility,181.6199951171875,184.52000427246094,179.9600067138672,183.3800048828125,167364900
2025-12-05 00:00:00-05:00,NVDA,High Volatility,183.88999938964844,184.66000366210938,180.91000366210938,182.41000366210938,143971100
2025-12-08 00:00:00-05:00,NVDA,High Volatility,182.63999938964844,188.0,182.39999389648438,185.5500030517578,204378100
2025-12-09 00:00:00-05:00,NVDA,High Volatility,185.55999755859375,185.72000122070312,183.32000732421875,184.97000122070312,144719700
2025-12-10 00:00:00-05:00,NVDA,High Volatility,184.97000122070312,185.47999572753906,182.0399932861328,183.77999877929688,162785400
2025-12-11 00:00:00-05:00,NVDA,High Volatility,180.27999877929688,181.32000732421875,176.6199951171875,180.92999267578125,182136600
2025-12-12 00:00:00-05:00,NVDA,High Volatility,181.11000061035156,182.82000732421875,174.6199951171875,175.02000427246094,204274900
2025-12-15 00:00:00-05:00,NVDA,High Volatility,177.94000244140625,178.4199981689453,175.02999877929688,176.2899932861328,164775600
2025-12-16 00:00:00-05:00,NVDA,High Volatility,176.25999450683594,178.49000549316406,174.89999389648438,177.72000122070312,148588100
2025-12-17 00:00:00-05:00,NVDA,High Volatility,176.10000610351562,176.1300048828125,170.30999755859375,170.94000244140625,222775500
2025-12-18 00:00:00-05:00,NVDA,High Volatility,174.52999877929688,176.14999389648438,171.82000732421875,174.13999938964844,176096000
2025-12-19 00:00:00-05:00,NVDA,High Volatility,176.6699981689453,181.4499969482422,176.33999633789062,180.99000549316406,324925900
2025-12-22 00:00:00-05:00,NVDA,High Volatility,183.9199981689453,184.16000366210938,182.35000610351562,183.69000244140625,129064400
2025-12-23 00:00:00-05:00,NVDA,High Volatility,182.97000122070312,189.3300018310547,182.89999389648438,189.2100067138672,174873600
2025-12-24 00:00:00-05:00,NVDA,High Volatility,187.94000244140625,188.91000366210938,186.58999633789062,188.61000061035156,65528500
2025-12-26 00:00:00-05:00,NVDA,High Volatility,189.9199981689453,192.69000244140625,188.0,190.52999877929688,139740300
2025-12-29 00:00:00-05:00,NVDA,High Volatility,187.7100067138672,188.75999450683594,185.91000366210938,188.22000122070312,120006100
2025-12-30 00:00:00-05:00,NVDA,High Volatility,188.24000549316406,188.99000549316406,186.92999267578125,187.5399932861328,97687300
2025-12-31 00:00:00-05:00,NVDA,High Volatility,189.57000732421875,190.55999755859375,186.49000549316406,186.5,120100500
2026-01-02 00:00:00-05:00,NVDA,High Volatility,189.83999633789062,192.92999267578125,188.25999450683594,188.85000610351562,148240500
2026-01-05 00:00:00-05:00,NVDA,High Volatility,191.75999450683594,193.6300048828125,186.14999389648438,188.1199951171875,183529700
2026-01-06 00:00:00-05:00,NVDA,High Volatility,190.52000427246094,192.1699981689453,186.82000732421875,187.24000549316406,176862600
2026-01-07 00:00:00-05:00,NVDA,High Volatility,188.57000732421875,191.3699951171875,186.55999755859375,189.11000061035156,153543200
2026-01-08 00:00:00-05:00,NVDA,High Volatility,189.11000061035156,189.5500030517578,183.7100067138672,185.0399932861328,172457000
2026-01-09 00:00:00-05:00,NVDA,High Volatility,185.0800018310547,186.33999633789062,183.6699981689453,184.86000061035156,131072000
2025-01-10 00:00:00-05:00,AMD,High Volatility,118.18000030517578,118.70999908447266,114.44999694824219,116.04000091552734,59415600
2025-01-13 00:00:00-05:00,AMD,High Volatility,115.27999877929688,117.4800033569336,114.41000366210938,117.31999969482422,39128900
2025-01-14 00:00:00-05:00,AMD,High Volatility,118.0,118.66000366210938,114.5,116.08999633789062,37005300
2025-01-15 00:00:00-05:00,AMD,High Volatility,117.55000305175781,120.41999816894531,117.45999908447266,119.95999908447266,38185800
2025-01-16 00:00:00-05:00,AMD,High Volatility,120.23999786376953,121.08999633789062,118.25,118.44000244140625,29414100
2025-01-17 00:00:00-05:00,AMD,High Volatility,120.77999877929688,122.73999786376953,120.55000305175781,121.45999908447266,35765900
2025-01-21 00:00:00-05:00,AMD,High Volatility,122.38999938964844,123.75,121.12000274658203,122.27999877929688,31578800
2025-01-22 00:00:00-05:00,AMD,High Volatility,123.08000183105469,125.6500015258789,121.91000366210938,123.75,35023800
2025-01-23 00:00:00-05:00,AMD,High Volatility,121.43000030517578,123.70999908447266,120.62999725341797,123.04000091552734,24921100
2025-01-24 00:00:00-05:00,AMD,High Volatility,124.55000305175781,125.25,122.2300033569336,122.83999633789062,31570300
2025-01-27 00:00:00-05:00,AMD,High Volatility,117.80000305175781,118.08000183105469,112.80000305175781,115.01000213623047,61067900
2025-01-28 00:00:00-05:00,AMD,High Volatility,115.18000030517578,116.1500015258789,112.94999694824219,114.16999816894531,40554800
2025-01-29 00:00:00-05:00,AMD,High Volatility,115.7699966430664,118.5199966430664,114.95999908447266,117.3499984741211,40199100
2025-01-30 00:00:00-05:00,AMD,High Volatility,118.52999877929688,120.44000244140625,117.08999633789062,118.86000061035156,29788400
2025-01-31 00:00:00-05:00,AMD,High Volatility,119.13999938964844,119.56999969482422,115.33000183105469,115.94999694824219,40463400
2025-02-03 00:00:00-05:00,AMD,High Volatility,113.87999725341797,115.16000366210938,112.9800033569336,114.2699966430664,34586100
2025-02-04 00:00:00-05:00,AMD,High Volatility,115.44999694824219,119.8499984741211,114.79000091552734,119.5,69412100
2025-02-05 00:00:00-05:00,AMD,High Volatility,107.61000061035156,112.08999633789062,106.5,112.01000213623047,110385200
2025-02-06 00:00:00-05:00,AMD,High Volatility,110.93000030517578,112.55999755859375,109.0199966430664,110.16000366210938,50426600
2025-02-07 00:00:00-05:00,AMD,High Volatility,109.12999725341797,109.91999816894531,106.79000091552734,107.55999755859375,46082500
2025-02-10 00:00:00-05:00,AMD,High Volatility,108.44000244140625,111.4000015258789,108.1500015258789,110.4800033569336,34905400
2025-02-11 00:00:00-05:00,AMD,High Volatility,108.9800033569336,113.06999969482422,108.94000244140625,111.0999984741211,35033800
2025-02-12 00:00:00-05:00,AMD,High Volatility,109.5199966430664,111.83999633789062,109.05999755859375,111.72000122070312,25319700
2025-02-13 00:00:00-05:00,AMD,High Volatility,112.0,114.5999984741211,110.4000015258789,111.80999755859375,40911800
2025-02-14 00:00:00-05:00,AMD,High Volatility,112.6500015258789,114.62999725341797,111.69999694824219,113.0999984741211,32477200
2025-02-18 00:00:00-05:00,AMD,High Volatility,114.05000305175781,115.55000305175781,113.44999694824219,114.27999877929688,31720300
2025-02-19 00:00:00-05:00,AMD,High Volatility,114.25,116.11000061035156,113.13999938964844,114.69000244140625,28807700
2025-02-20 00:00:00-05:00,AMD,High Volatility,115.01000213623047,116.55000305175781,113.11000061035156,114.16999816894531,27219600
2025-02-21 00:00:00-05:00,AMD,High Volatility,114.8499984741211,115.76000213623047,110.43000030517578,110.83999633789062,41353700
2025-02-24 00:00:00-05:00,AMD,High Volatility,111.48999786376953,111.5999984741211,107.9800033569336,108.11000061035156,29072200
2025-02-25 00:00:00-05:00,AMD,High Volatility,107.88999938964844,108.63999938964844,103.62000274658203,103.95999908447266,39169200
2025-02-26 00:00:00-05:00,AMD,High Volatility,104.94999694824219,105.80000305175781,103.98999786376953,104.73999786376953,29178200
2025-02-27 00:00:00-05:00,AMD,High Volatility,105.08000183105469,105.76000213623047,99.5,99.51000213623047,47263700
2025-02-28 00:00:00-05:00,AMD,High Volatility,99.55999755859375,101.80000305175781,98.69000244140625,99.86000061035156,45194600
2025-03-03 00:00:00-05:00,AMD,High Volatility,101.5199966430664,102.33999633789062,97.08999633789062,98.2300033569336,38958000
2025-03-04 00:00:00-05:00,AMD,High Volatility,96.0,103.18000030517578,95.88999938964844,100.75,54156900
2025-03-05 00:00:00-05:00,AMD,High Volatility,100.36000061035156,101.83999633789062,98.87000274658203,101.66999816894531,27855500
2025-03-06 00:00:00-05:00,AMD,High Volatility,99.05000305175781,101.08000183105469,98.2699966430664,98.8499984741211,28985000
2025-03-07 00:00:00-05:00,AMD,High Volatility,98.87999725341797,100.6500015258789,96.38999938964844,100.30999755859375,33254400
2025-03-10 00:00:00-04:00,AMD,High Volatility,98.56999969482422,101.29000091552734,95.83000183105469,96.62999725341797,38733200
2025-03-11 00:00:00-04:00,AMD,High Volatility,96.79000091552734,98.16000366210938,94.7300033569336,96.76000213623047,34078300
2025-03-12 00:00:00-04:00,AMD,High Volatility,99.05000305175781,101.72000122070312,98.16999816894531,100.79000091552734,34241300
2025-03-13 00:00:00-04:00,AMD,High Volatility,99.72000122070312,100.06999969482422,97.2699966430664,98.11000061035156,28575200
2025-03-14 00:00:00-04:00,AMD,High Volatility,99.63999938964844,101.22000122070312,99.58000183105469,100.97000122070312,24715300
2025-03-17 00:00:00-04:00,AMD,High Volatility,102.5999984741211,106.1500015258789,102.5999984741211,104.58999633789062,43689500
2025-03-18 00:00:00-04:00,AMD,High Volatility,103.8499984741211,104.55000305175781,102.97000122070312,103.51000213623047,27152800
2025-03-19 00:00:00-04:00,AMD,High Volatility,104.41999816894531,107.9000015258789,101.95999908447266,106.2300033569336,32287500
2025-03-20 00:00:00-04:00,AMD,High Volatility,105.12000274658203,108.26000213623047,105.12000274658203,107.13999938964844,26871800
2025-03-21 00:00:00-04:00,AMD,High Volatility,105.33000183105469,107.25,104.33000183105469,106.44000244140625,30767900
2025-03-24 00:00:00-04:00,AMD,High Volatility,109.7300033569336,114.8499984741211,109.4000015258789,113.8499984741211,53342000
2025-03-25 00:00:00-04:00,AMD,High Volatility,113.2699966430664,114.94999694824219,112.70999908447266,114.80999755859375,29077500
2025-03-26 00:00:00-04:00,AMD,High Volatility,114.11000061035156,115.9000015258789,108.68000030517578,110.19000244140625,39824000
2025-03-27 00:00:00-04:00,AMD,High Volatility,106.11000061035156,107.62000274658203,105.55000305175781,106.6500015258789,32773700
2025-03-28 00:00:00-04:00,AMD,High Volatility,105.52999877929688,106.51000213623047,102.4800033569336,103.22000122070312,31069100
2025-03-31 00:00:00-04:00,AMD,High Volatility,100.23999786376953,102.81999969482422,98.80000305175781,102.73999786376953,30865300
2025-04-01 00:00:00-04:00,AMD,High Volatility,102.16000366210938,102.83000183105469,100.93000030517578,102.77999877929688,23523200
2025-04-02 00:00:00-04:00,AMD,High Volatility,101.5199966430664,104.19000244140625,100.76000213623047,102.95999908447266,20794000
2025-04-03 00:00:00-04:00,AMD,High Volatility,97.79000091552734,99.44999694824219,93.63999938964844,93.80000305175781,50472500
2025-04-04 00:00:00-04:00,AMD,High Volatility,90.0999984741211,91.08000183105469,83.66999816894531,85.76000213623047,65847000
2025-04-07 00:00:00-04:00,AMD,High Volatility,80.68000030517578,89.0,77.75,83.63999938964844,70515400
2025-04-08 00:00:00-04:00,AMD,High Volatility,86.1500015258789,88.93000030517578,76.4800033569336,78.20999908447266,69910200
2025-04-09 00:00:00-04:00,AMD,High Volatility,79.22000122070312,97.91000366210938,78.87000274658203,96.83999633789062,97827400
2025-04-10 00:00:00-04:00,AMD,High Volatility,91.0,92.94999694824219,85.05999755859375,88.69999694824219,65210600
2025-04-11 00:00:00-04:00,AMD,High Volatility,90.51000213623047,94.76000213623047,90.5,93.4000015258789,57892600
2025-04-14 00:00:00-04:00,AMD,High Volatility,97.11000061035156,97.37000274658203,93.44999694824219,94.5,36003000
2025-04-15 00:00:00-04:00,AMD,High Volatility,94.66000366210938,96.8499984741211,94.62000274658203,95.29000091552734,28116500
2025-04-16 00:00:00-04:00,AMD,High Volatility,87.61000061035156,90.47000122070312,85.30000305175781,88.29000091552734,62109000
2025-04-17 00:00:00-04:00,AMD,High Volatility,88.83999633789062,89.02999877929688,86.5199966430664,87.5,34801400
2025-04-21 00:00:00-04:00,AMD,High Volatility,86.0199966430664,86.13999938964844,83.75,85.55999755859375,33855400
2025-04-22 00:00:00-04:00,AMD,High Volatility,86.12000274658203,87.16999816894531,85.16999816894531,86.26000213623047,35236700
2025-04-23 00:00:00-04:00,AMD,High Volatility,91.87999725341797,93.73999786376953,90.12000274658203,90.38999938964844,41102600
2025-04-24 00:00:00-04:00,AMD,High Volatility,91.58999633789062,94.75,90.37000274658203,94.47000122070312,33681900
2025-04-25 00:00:00-04:00,AMD,High Volatility,93.27999877929688,97.0999984741211,92.8499984741211,96.6500015258789,28575300
2025-04-28 00:00:00-04:00,AMD,High Volatility,95.58000183105469,97.48999786376953,94.2699966430664,96.38999938964844,30456700
2025-04-29 00:00:00-04:00,AMD,High Volatility,95.76000213623047,97.18000030517578,95.33000183105469,96.05999755859375,20700600
2025-04-30 00:00:00-04:00,AMD,High Volatility,92.80999755859375,97.55000305175781,91.87000274658203,97.3499984741211,29730700
2025-05-01 00:00:00-04:00,AMD,High Volatility,99.2699966430664,100.0999984741211,96.44999694824219,96.6500015258789,29591500
2025-05-02 00:00:00-04:00,AMD,High Volatility,98.4000015258789,99.87999725341797,98.30000305175781,98.80000305175781,29957900
2025-05-05 00:00:00-04:00,AMD,High Volatility,99.0,102.05000305175781,98.76000213623047,100.58999633789062,41268900
2025-05-06 00:00:00-04:00,AMD,High Volatility,98.41000366210938,100.06999969482422,97.44000244140625,98.62000274658203,54264300
2025-05-07 00:00:00-04:00,AMD,High Volatility,100.75,103.41999816894531,96.87999725341797,100.36000061035156,86474400
2025-05-08 00:00:00-04:00,AMD,High Volatility,101.91999816894531,105.44000244140625,101.55999755859375,101.69999694824219,54231400
2025-05-09 00:00:00-04:00,AMD,High Volatility,102.58999633789062,103.54000091552734,101.5999984741211,102.83999633789062,31704300
2025-05-12 00:00:00-04:00,AMD,High Volatility,110.41999816894531,110.66999816894531,106.9800033569336,108.12000274658203,50543400
2025-05-13 00:00:00-04:00,AMD,High Volatility,109.5999984741211,113.12999725341797,109.0,112.45999908447266,55659500
2025-05-14 00:00:00-04:00,AMD,High Volatility,119.83000183105469,122.5199966430664,116.58999633789062,117.72000122070312,86743700
2025-05-15 00:00:00-04:00,AMD,High Volatility,117.0199966430664,117.5,114.01000213623047,114.98999786376953,43843200
2025-05-16 00:00:00-04:00,AMD,High Volatility,118.06999969482422,118.23999786376953,116.01000213623047,117.16999816894531,43419700
2025-05-19 00:00:00-04:00,AMD,High Volatility,115.0199966430664,115.52999877929688,114.05999755859375,114.73999786376953,37737400
2025-05-20 00:00:00-04:00,AMD,High Volatility,114.3499984741211,114.51000213623047,112.08000183105469,113.51000213623047,29030800
2025-05-21 00:00:00-04:00,AMD,High Volatility,113.8499984741211,116.0999984741211,111.08999633789062,112.05999755859375,43594600
2025-05-22 00:00:00-04:00,AMD,High Volatility,111.9000015258789,112.63999938964844,110.61000061035156,110.70999908447266,29252000
2025-05-23 00:00:00-04:00,AMD,High Volatility,108.08999633789062,111.0199966430664,107.66999816894531,110.30999755859375,30867300
2025-05-27 00:00:00-04:00,AMD,High Volatility,113.18000030517578,115.4000015258789,112.2699966430664,114.55999755859375,37885000
2025-05-28 00:00:00-04:00,AMD,High Volatility,114.91999816894531,114.94999694824219,112.66000366210938,112.86000061035156,27483700
2025-05-29 00:00:00-04:00,AMD,High Volatility,115.48999786376953,115.54000091552734,112.12999725341797,113.02999877929688,30501400
2025-05-30 00:00:00-04:00,AMD,High Volatility,111.58000183105469,112.11000061035156,108.62000274658203,110.7300033569336,36088500
2025-06-02 00:00:00-04:00,AMD,High Volatility,111.05999755859375,114.86000061035156,111.01000213623047,114.62999725341797,34078400
2025-06-03 00:00:00-04:00,AMD,High Volatility,114.5,117.68000030517578,113.27999877929688,117.30999755859375,37161500
2025-06-04 00:00:00-04:00,AMD,High Volatility,117.41000366210938,119.30000305175781,115.7300033569336,118.58000183105469,31025000
2025-06-05 00:00:00-04:00,AMD,High Volatility,118.94999694824219,119.23999786376953,114.70999908447266,115.69000244140625,34091000
2025-06-06 00:00:00-04:00,AMD,High Volatility,117.69000244140625,118.37999725341797,115.87999725341797,116.19000244140625,27042100
2025-06-09 00:00:00-04:00,AMD,High Volatility,119.18000030517578,122.37000274658203,119.04000091552734,121.7300033569336,55437700
2025-06-10 00:00:00-04:00,AMD,High Volatility,121.11000061035156,124.08999633789062,120.80000305175781,123.23999786376953,41691900
2025-06-11 00:00:00-04:00,AMD,High Volatility,124.44000244140625,124.47000122070312,119.87999725341797,121.13999938964844,32261900
2025-06-12 00:00:00-04:00,AMD,High Volatility,120.62000274658203,122.25,118.02999877929688,118.5,44718400
2025-06-13 00:00:00-04:00,AMD,High Volatility,116.05000305175781,117.87999725341797,115.05999755859375,116.16000366210938,39702700
2025-06-16 00:00:00-04:00,AMD,High Volatility,118.63999938964844,128.13999938964844,117.77999877929688,126.38999938964844,100968500
2025-06-17 00:00:00-04:00,AMD,High Volatility,127.93000030517578,130.6999969482422,126.58000183105469,127.0999984741211,86623900
2025-06-18 00:00:00-04:00,AMD,High Volatility,128.00999450683594,129.2100067138672,125.7699966430664,126.79000091552734,49627100
2025-06-20 00:00:00-04:00,AMD,High Volatility,129.0,132.80999755859375,127.55000305175781,128.24000549316406,79931000
2025-06-23 00:00:00-04:00,AMD,High Volatility,130.47000122070312,133.25,126.81999969482422,129.5800018310547,65152900
2025-06-24 00:00:00-04:00,AMD,High Volatility,133.42999267578125,138.7899932861328,132.92999267578125,138.42999267578125,78572000
2025-06-25 00:00:00-04:00,AMD,High Volatility,140.94000244140625,144.17999267578125,139.4600067138672,143.39999389648438,74607200
2025-06-26 00:00:00-04:00,AMD,High Volatility,145.97000122070312,146.0,141.91000366210938,143.67999267578125,58180100
2025-06-27 00:00:00-04:00,AMD,High Volatility,144.17999267578125,147.75,141.6300048828125,143.80999755859375,61937900
2025-06-30 00:00:00-04:00,AMD,High Volatility,144.0,146.0,141.00999450683594,141.89999389648438,42972500
2025-07-01 00:00:00-04:00,AMD,High Volatility,138.77000427246094,140.22999572753906,135.1199951171875,136.11000061035156,55257200
2025-07-02 00:00:00-04:00,AMD,High Volatility,135.52999877929688,139.77999877929688,135.22000122070312,138.52000427246094,39228000
2025-07-03 00:00:00-04:00,AMD,High Volatility,139.11000061035156,139.5,137.32000732421875,137.91000366210938,28646000
2025-07-07 00:00:00-04:00,AMD,High Volatility,136.55999755859375,137.44000244140625,133.5,134.8000030517578,37395000
2025-07-08 00:00:00-04:00,AMD,High Volatility,137.32000732421875,139.14999389648438,135.91000366210938,137.82000732421875,36124600
2025-07-09 00:00:00-04:00,AMD,High Volatility,138.69000244140625,140.64999389648438,137.58999633789062,138.41000366210938,37013100
2025-07-10 00:00:00-04:00,AMD,High Volatility,143.0,145.82000732421875,141.85000610351562,144.16000366210938,61101500
2025-07-11 00:00:00-04:00,AMD,High Volatility,142.60000610351562,147.39999389648438,141.60000610351562,146.4199981689453,50049200
2025-07-14 00:00:00-04:00,AMD,High Volatility,145.08999633789062,147.5800018310547,141.89999389648438,146.24000549316406,44718600
2025-07-15 00:00:00-04:00,AMD,High Volatility,153.75,158.67999267578125,153.55999755859375,155.61000061035156,93370100
2025-07-16 00:00:00-04:00,AMD,High Volatility,155.30999755859375,160.36000061035156,152.85000610351562,160.0800018310547,59492800
2025-07-17 00:00:00-04:00,AMD,High Volatility,161.80999755859375,161.9600067138672,158.67999267578125,160.41000366210938,50605100
2025-07-18 00:00:00-04:00,AMD,High Volatility,159.58999633789062,160.8300018310547,155.80999755859375,156.99000549316406,48859800
2025-07-21 00:00:00-04:00,AMD,High Volatility,157.6199951171875,160.33999633789062,156.9199981689453,157.0,39021100
2025-07-22 00:00:00-04:00,AMD,High Volatility,156.1999969482422,156.22999572753906,149.33999633789062,154.72000122070312,49028000
2025-07-23 00:00:00-04:00,AMD,High Volatility,156.32000732421875,159.4499969482422,156.0,158.64999389648438,41510900
2025-07-24 00:00:00-04:00,AMD,High Volatility,159.1199951171875,163.92999267578125,158.36000061035156,162.1199951171875,48440100
2025-07-25 00:00:00-04:00,AMD,High Volatility,163.50999450683594,167.17999267578125,162.36000061035156,166.47000122070312,53432300
2025-07-28 00:00:00-04:00,AMD,High Volatility,169.0800018310547,174.6999969482422,168.6699981689453,173.66000366210938,68267800
2025-07-29 00:00:00-04:00,AMD,High Volatility,175.2100067138672,182.30999755859375,174.67999267578125,177.44000244140625,108154800
2025-07-30 00:00:00-04:00,AMD,High Volatility,175.61000061035156,180.3699951171875,173.8000030517578,179.50999450683594,64820300
2025-07-31 00:00:00-04:00,AMD,High Volatility,182.02000427246094,182.5,173.0,176.30999755859375,71765300
2025-08-01 00:00:00-04:00,AMD,High Volatility,170.16000366210938,174.39999389648438,166.82000732421875,171.6999969482422,75396100
2025-08-04 00:00:00-04:00,AMD,High Volatility,174.61000061035156,177.86000061035156,173.55999755859375,176.77999877929688,52951000
2025-08-05 00:00:00-04:00,AMD,High Volatility,177.57000732421875,177.99000549316406,171.8000030517578,174.30999755859375,88808500
2025-08-06 00:00:00-04:00,AMD,High Volatility,165.0500030517578,166.17999267578125,157.8000030517578,163.1199951171875,133641800
2025-08-07 00:00:00-04:00,AMD,High Volatility,166.83999633789062,175.75,166.6999969482422,172.39999389648438,95448300
2025-08-08 00:00:00-04:00,AMD,High Volatility,174.0399932861328,176.47999572753906,170.52000427246094,172.75999450683594,68866700
2025-08-11 00:00:00-04:00,AMD,High Volatility,170.0399932861328,178.82000732421875,169.3800048828125,172.27999877929688,70651000
2025-08-12 00:00:00-04:00,AMD,High Volatility,173.32000732421875,175.16000366210938,168.5,174.9499969482422,52243500
2025-08-13 00:00:00-04:00,AMD,High Volatility,179.91000366210938,186.64999389648438,179.3800048828125,184.4199981689453,108305100
2025-08-14 00:00:00-04:00,AMD,High Volatility,179.8300018310547,185.44000244140625,179.55999755859375,180.9499969482422,66308800
2025-08-15 00:00:00-04:00,AMD,High Volatility,180.05999755859375,180.13999938964844,176.25,177.50999450683594,51543100
2025-08-18 00:00:00-04:00,AMD,High Volatility,176.75999450683594,178.8000030517578,174.36000061035156,176.13999938964844,35937500
2025-08-19 00:00:00-04:00,AMD,High Volatility,173.10000610351562,173.1699981689453,166.10000610351562,166.5500030517578,64455000
2025-08-20 00:00:00-04:00,AMD,High Volatility,164.10000610351562,166.64999389648438,158.25,165.1999969482422,60233200
2025-08-21 00:00:00-04:00,AMD,High Volatility,165.86000061035156,165.8800048828125,162.25999450683594,163.7100067138672,37880500
2025-08-22 00:00:00-04:00,AMD,High Volatility,162.1699981689453,168.52999877929688,161.8000030517578,167.75999450683594,43998600
2025-08-25 00:00:00-04:00,AMD,High Volatility,165.5500030517578,165.58999633789062,161.72000122070312,163.36000061035156,36134700
2025-08-26 00:00:00-04:00,AMD,High Volatility,168.64999389648438,169.77000427246094,164.91000366210938,166.6199951171875,52138600
2025-08-27 00:00:00-04:00,AMD,High Volatility,166.0399932861328,167.67999267578125,164.64999389648438,167.1300048828125,37031000
2025-08-28 00:00:00-04:00,AMD,High Volatility,168.5,170.99000549316406,166.64999389648438,168.5800018310547,36285200
2025-08-29 00:00:00-04:00,AMD,High Volatility,166.80999755859375,168.57000732421875,161.89999389648438,162.6300048828125,37516800
2025-09-02 00:00:00-04:00,AMD,High Volatility,158.4199981689453,162.38999938964844,156.6199951171875,162.32000732421875,38656100
2025-09-03 00:00:00-04:00,AMD,High Volatility,161.80999755859375,164.75,160.5800018310547,162.1300048828125,30752800
2025-09-04 00:00:00-04:00,AMD,High Volatility,159.94000244140625,162.0500030517578,157.7899932861328,161.7899932861328,32103500
2025-09-05 00:00:00-04:00,AMD,High Volatility,157.1199951171875,157.13999938964844,150.17999267578125,151.13999938964844,78256000
2025-09-08 00:00:00-04:00,AMD,High Volatility,151.8000030517578,152.63999938964844,149.22000122070312,151.41000366210938,41849000
2025-09-09 00:00:00-04:00,AMD,High Volatility,151.99000549316406,156.66000366210938,151.92999267578125,155.82000732421875,42802500
2025-09-10 00:00:00-04:00,AMD,High Volatility,163.5399932861328,164.52999877929688,158.0,159.5399932861328,52465300
2025-09-11 00:00:00-04:00,AMD,High Volatility,158.6199951171875,160.2100067138672,154.99000549316406,155.6699981689453,48817700
2025-09-12 00:00:00-04:00,AMD,High Volatility,157.0,160.41000366210938,154.9199981689453,158.57000732421875,42232800
2025-09-15 00:00:00-04:00,AMD,High Volatility,160.00999450683594,162.3000030517578,157.60000610351562,161.16000366210938,36808700
2025-09-16 00:00:00-04:00,AMD,High Volatility,161.3699951171875,161.9499969482422,159.22000122070312,160.4600067138672,27946500
2025-09-17 00:00:00-04:00,AMD,High Volatility,159.27999877929688,161.6300048828125,155.75999450683594,159.16000366210938,41823800
2025-09-18 00:00:00-04:00,AMD,High Volatility,150.9600067138672,158.77000427246094,149.85000610351562,157.9199981689453,84549500
2025-09-19 00:00:00-04:00,AMD,High Volatility,157.3800048828125,159.83999633789062,155.89999389648438,157.38999938964844,55448100
2025-09-22 00:00:00-04:00,AMD,High Volatility,157.4199981689453,162.67999267578125,157.4199981689453,159.7899932861328,46505500
2025-09-23 00:00:00-04:00,AMD,High Volatility,160.52000427246094,163.38999938964844,159.2100067138672,160.89999389648438,39448300
2025-09-24 00:00:00-04:00,AMD,High Volatility,162.97999572753906,165.10000610351562,158.42999267578125,160.8800048828125,38464100
2025-09-25 00:00:00-04:00,AMD,High Volatility,157.13999938964844,161.6300048828125,154.77999877929688,161.27000427246094,36809900
2025-09-26 00:00:00-04:00,AMD,High Volatility,160.52000427246094,162.11000061035156,157.0500030517578,159.4600067138672,30316900
2025-09-29 00:00:00-04:00,AMD,High Volatility,160.1199951171875,164.3000030517578,159.89999389648438,161.36000061035156,39828800
2025-09-30 00:00:00-04:00,AMD,High Volatility,160.7899932861328,162.27999877929688,159.3300018310547,161.7899932861328,29669300
2025-10-01 00:00:00-04:00,AMD,High Volatility,160.92999267578125,164.17999267578125,160.49000549316406,164.00999450683594,39895200
2025-10-02 00:00:00-04:00,AMD,High Volatility,168.67999267578125,171.05999755859375,166.1199951171875,169.72999572753906,55475200
2025-10-03 00:00:00-04:00,AMD,High Volatility,170.67999267578125,170.67999267578125,163.13999938964844,164.6699981689453,42699100
2025-10-06 00:00:00-04:00,AMD,High Volatility,226.4499969482422,226.7100067138672,203.00999450683594,203.7100067138672,248859600
2025-10-07 00:00:00-04:00,AMD,High Volatility,214.85000610351562,218.89999389648438,209.27999877929688,211.50999450683594,115748100
2025-10-08 00:00:00-04:00,AMD,High Volatility,212.9499969482422,235.8699951171875,210.6999969482422,235.55999755859375,159983500
2025-10-09 00:00:00-04:00,AMD,High Volatility,236.3000030517578,240.10000610351562,229.52999877929688,232.88999938964844,94290700
2025-10-10 00:00:00-04:00,AMD,High Volatility,232.77000427246094,234.22000122070312,213.1999969482422,214.89999389648438,118656600
2025-10-13 00:00:00-04:00,AMD,High Volatility,220.1999969482422,224.19000244140625,214.89999389648438,216.4199981689453,63104000
2025-10-14 00:00:00-04:00,AMD,High Volatility,219.1999969482422,224.97999572753906,215.89999389648438,218.08999633789062,71216300
2025-10-15 00:00:00-04:00,AMD,High Volatility,222.7100067138672,239.24000549316406,220.75999450683594,238.60000610351562,108481000
2025-10-16 00:00:00-04:00,AMD,High Volatility,236.2899932861328,241.1999969482422,232.24000549316406,234.55999755859375,69726400
2025-10-17 00:00:00-04:00,AMD,High Volatility,233.25999450683594,235.3800048828125,227.91000366210938,233.0800018310547,55804200
2025-10-20 00:00:00-04:00,AMD,High Volatility,236.47000122070312,242.8800048828125,234.39999389648438,240.55999755859375,56741700
2025-10-21 00:00:00-04:00,AMD,High Volatility,239.38999938964844,242.25999450683594,234.02000427246094,238.02999877929688,47122400
2025-10-22 00:00:00-04:00,AMD,High Volatility,236.85000610351562,240.1300048828125,224.8800048828125,230.22999572753906,59668800
2025-10-23 00:00:00-04:00,AMD,High Volatility,230.16000366210938,235.89999389648438,228.5399932861328,234.99000549316406,39024400
2025-10-24 00:00:00-04:00,AMD,High Volatility,243.36000061035156,253.38999938964844,241.9499969482422,252.9199981689453,71221100
2025-10-27 00:00:00-04:00,AMD,High Volatility,257.8800048828125,260.4200134277344,249.8000030517578,259.6700134277344,65613100
2025-10-28 00:00:00-04:00,AMD,High Volatility,259.1400146484375,264.5799865722656,257.0,258.010009765625,47448700
2025-10-29 00:00:00-04:00,AMD,High Volatility,264.19000244140625,267.0799865722656,257.3999938964844,264.3299865722656,49335600
2025-10-30 00:00:00-04:00,AMD,High Volatility,259.9200134277344,263.8800048828125,252.30999755859375,254.83999633789062,45162500
2025-10-31 00:00:00-04:00,AMD,High Volatility,259.6000061035156,262.1300048828125,253.41000366210938,256.1199951171875,34449200
2025-11-03 00:00:00-05:00,AMD,High Volatility,259.3299865722656,260.9100036621094,253.88999938964844,259.6499938964844,36351400
2025-11-04 00:00:00-05:00,AMD,High Volatility,250.35000610351562,257.3800048828125,247.38999938964844,250.0500030517578,56491800
2025-11-05 00:00:00-05:00,AMD,High Volatility,243.24000549316406,259.6499938964844,242.80999755859375,256.3299865722656,67366600
2025-11-06 00:00:00-05:00,AMD,High Volatility,253.47000122070312,253.50999450683594,235.74000549316406,237.6999969482422,66049700
2025-11-07 00:00:00-05:00,AMD,High Volatility,230.94000244140625,235.8699951171875,224.63999938964844,233.5399932861328,52162600
2025-11-10 00:00:00-05:00,AMD,High Volatility,242.13999938964844,248.89999389648438,240.5,243.97999572753906,43361600
2025-11-11 00:00:00-05:00,AMD,High Volatility,241.66000366210938,248.4600067138672,234.63999938964844,237.52000427246094,61336800
2025-11-12 00:00:00-05:00,AMD,High Volatility,253.1300048828125,263.510009765625,250.0,258.8900146484375,108942000
2025-11-13 00:00:00-05:00,AMD,High Volatility,251.89999389648438,259.6300048828125,246.05999755859375,247.9600067138672,63178600
2025-11-14 00:00:00-05:00,AMD,High Volatility,240.11000061035156,253.44000244140625,235.0800018310547,246.80999755859375,47655600
2025-11-17 00:00:00-05:00,AMD,High Volatility,242.75,248.77000427246094,237.14999389648438,240.52000427246094,37942200
2025-11-18 00:00:00-05:00,AMD,High Volatility,236.77999877929688,238.0,224.7100067138672,230.2899932861328,45619900
2025-11-19 00:00:00-05:00,AMD,High Volatility,230.25999450683594,235.27999877929688,219.7100067138672,223.5500030517578,52093400
2025-11-20 00:00:00-05:00,AMD,High Volatility,232.6999969482422,234.25,204.52999877929688,206.02000427246094,66342900
2025-11-21 00:00:00-05:00,AMD,High Volatility,208.80999755859375,208.8300018310547,195.0,203.77999877929688,67421100
2025-11-24 00:00:00-05:00,AMD,High Volatility,207.16000366210938,217.1300048828125,205.85000610351562,215.0500030517578,46749600
2025-11-25 00:00:00-05:00,AMD,High Volatility,201.47999572753906,206.5800018310547,194.27999877929688,206.1300048828125,69773500
2025-11-26 00:00:00-05:00,AMD,High Volatility,210.0500030517578,215.58999633789062,207.0,214.24000549316406,43270200
2025-11-28 00:00:00-05:00,AMD,High Volatility,216.13999938964844,218.3000030517578,214.02000427246094,217.52999877929688,18658000
2025-12-01 00:00:00-05:00,AMD,High Volatility,213.8800048828125,220.97999572753906,213.5,219.75999450683594,30768700
2025-12-02 00:00:00-05:00,AMD,High Volatility,221.7899932861328,225.97999572753906,214.38999938964844,215.24000549316406,42002500
2025-12-03 00:00:00-05:00,AMD,High Volatility,216.25999450683594,218.1999969482422,211.77000427246094,217.60000610351562,28545200
2025-12-04 00:00:00-05:00,AMD,High Volatility,216.8800048828125,219.1199951171875,214.13999938964844,215.97999572753906,24478200
2025-12-05 00:00:00-05:00,AMD,High Volatility,217.1699981689453,223.63999938964844,216.24000549316406,217.97000122070312,33292400
2025-12-08 00:00:00-05:00,AMD,High Volatility,219.08999633789062,223.7100067138672,218.36000061035156,221.11000061035156,30943200
2025-12-09 00:00:00-05:00,AMD,High Volatility,221.0399932861328,224.83999633789062,217.91000366210938,221.6199951171875,25166100
2025-12-10 00:00:00-05:00,AMD,High Volatility,222.0,222.61000061035156,218.6699981689453,221.4199981689453,23279400
2025-12-11 00:00:00-05:00,AMD,High Volatility,217.80999755859375,221.5,210.19000244140625,221.42999267578125,30694600
2025-12-12 00:00:00-05:00,AMD,High Volatility,218.3699951171875,222.49000549316406,209.05999755859375,210.77999877929688,37073900
2025-12-15 00:00:00-05:00,AMD,High Volatility,212.27999877929688,215.36000061035156,206.5800018310547,207.5800018310547,27222200
2025-12-16 00:00:00-05:00,AMD,High Volatility,206.9199981689453,210.22000122070312,205.11000061035156,209.1699981689453,23467600
2025-12-17 00:00:00-05:00,AMD,High Volatility,210.0399932861328,211.5,197.52999877929688,198.11000061035156,31595400
2025-12-18 00:00:00-05:00,AMD,High Volatility,203.82000732421875,206.36000061035156,200.5,201.05999755859375,29720100
2025-12-19 00:00:00-05:00,AMD,High Volatility,204.60000610351562,215.17999267578125,204.1999969482422,213.42999267578125,58445500
2025-12-22 00:00:00-05:00,AMD,High Volatility,220.0,220.1699981689453,213.30999755859375,214.9499969482422,24950700
2025-12-23 00:00:00-05:00,AMD,High Volatility,212.86000061035156,217.02999877929688,212.27999877929688,214.89999389648438,20272300
2025-12-24 00:00:00-05:00,AMD,High Volatility,214.97999572753906,216.5399932861328,213.97000122070312,215.0399932861328,7956800
2025-12-26 00:00:00-05:00,AMD,High Volatility,215.42999267578125,216.8300018310547,213.02999877929688,214.99000549316406,15792600
2025-12-29 00:00:00-05:00,AMD,High Volatility,211.5800018310547,216.0500030517578,209.24000549316406,215.61000061035156,20326900
2025-12-30 00:00:00-05:00,AMD,High Volatility,215.8699951171875,216.82000732421875,214.3300018310547,215.33999633789062,16409600
2025-12-31 00:00:00-05:00,AMD,High Volatility,215.82000732421875,217.63999938964844,213.8000030517578,214.16000366210938,17591600
2026-01-02 00:00:00-05:00,AMD,High Volatility,218.89999389648438,227.14999389648438,218.89999389648438,223.47000122070312,36446200
2026-01-05 00:00:00-05:00,AMD,High Volatility,230.25,234.02000427246094,220.47999572753906,221.0800018310547,31941100
2026-01-06 00:00:00-05:00,AMD,High Volatility,222.7100067138672,222.9199981689453,211.25,214.35000610351562,40033200
2026-01-07 00:00:00-05:00,AMD,High Volatility,212.1300048828125,212.1300048828125,207.1699981689453,210.02000427246094,29715500
2026-01-08 00:00:00-05:00,AMD,High Volatility,210.89999389648438,210.94000244140625,203.3300018310547,204.67999267578125,27505000
2026-01-09 00:00:00-05:00,AMD,High Volatility,205.72000122070312,207.3000030517578,203.07000732421875,203.1699981689453,24147300
2025-01-10 00:00:00-05:00,AAPL,Moderate Volatility,238.9293760168756,239.0787097724967,231.95094323601768,235.7836151123047,61710900
2025-01-13 00:00:00-05:00,AAPL,Moderate Volatility,232.47855694506205,233.61342361918983,228.68571346021633,233.34463500976562,49630700
2025-01-14 00:00:00-05:00,AAPL,Moderate Volatility,233.69307331230715,235.05690023183175,231.42333988575893,232.2296905517578,39435300
2025-01-15 00:00:00-05:00,AAPL,Moderate Volatility,233.5835582088168,237.88411516800545,233.3744970274307,236.79901123046875,39832000
2025-01-16 00:00:00-05:00,AAPL,Moderate Volatility,236.28136958651152,236.9383864807084,227.0033243432251,227.23228454589844,71759100
2025-01-17 00:00:00-05:00,AAPL,Moderate Volatility,231.07489856287185,231.24413133243607,227.4512878984511,228.9445343017578,68488300
2025-01-21 00:00:00-05:00,AAPL,Moderate Volatility,222.9914505136237,223.40955766052627,218.39225670760806,221.6375732421875,98070400
2025-01-22 00:00:00-05:00,AAPL,Moderate Volatility,218.80041619812283,223.1109227348787,218.80041619812283,222.82223510742188,64126500
2025-01-23 00:00:00-05:00,AAPL,Moderate Volatility,223.72815445577547,226.0078374632505,221.29913768199057,222.65301513671875,60234800
2025-01-24 00:00:00-05:00,AAPL,Moderate Volatility,223.76794215782238,224.614121166801,220.4131202139208,221.77694702148438,54697900
2025-01-27 00:00:00-05:00,AAPL,Moderate Volatility,223.01138591977585,231.10477141655377,222.9715575076631,228.82508850097656,94863400
2025-01-28 00:00:00-05:00,AAPL,Moderate Volatility,229.81063008981926,239.1085741517517,229.77080167884077,237.187255859375,75707600
2025-01-29 00:00:00-05:00,AAPL,Moderate Volatility,233.06589003597526,238.78005164957875,232.9563846938824,238.2823028564453,45486100
2025-01-30 00:00:00-05:00,AAPL,Moderate Volatility,237.59541819689565,239.7058683175974,236.14200015946125,236.52027893066406,55658300
2025-01-31 00:00:00-05:00,AAPL,Moderate Volatility,246.0770438113447,246.0770438113447,232.38895238779278,234.9374237060547,100959800
2025-02-03 00:00:00-05:00,AAPL,Moderate Volatility,228.95449458875606,230.78620649590428,224.6838014511222,226.9833984375,73063300
2025-02-04 00:00:00-05:00,AAPL,Moderate Volatility,226.2268315478868,232.08036234711574,225.62952690670866,231.75184631347656,45067300
2025-02-05 00:00:00-05:00,AAPL,Moderate Volatility,227.50106167329415,231.62242106375825,227.24223776986636,231.42332458496094,39620300
2025-02-06 00:00:00-05:00,AAPL,Moderate Volatility,230.24863411824003,232.74734282564026,229.39250557129796,232.16995239257812,29925300
2025-02-07 00:00:00-05:00,AAPL,Moderate Volatility,231.5527419594936,232.94643248808816,226.23677336593994,226.60511779785156,39707200
2025-02-10 00:00:00-05:00,AAPL,Moderate Volatility,228.7876615470872,229.80417456619486,226.42572786906877,226.8741912841797,33115600
2025-02-11 00:00:00-05:00,AAPL,Moderate Volatility,227.42233485023965,234.42837673351212,227.3525813044295,231.8272705078125,53718400
2025-02-12 00:00:00-05:00,AAPL,Moderate Volatility,230.41209906543347,236.15247950770552,229.89386689621963,236.06277465820312,45243300
2025-02-13 00:00:00-05:00,AAPL,Moderate Volatility,236.10264318513748,241.514131106333,234.7672133917818,240.70689392089844,53614100
2025-02-14 00:00:00-05:00,AAPL,Moderate Volatility,240.4278591482801,244.71320848741047,240.16875066053348,243.76644897460938,40896200
2025-02-18 00:00:00-05:00,AAPL,Moderate Volatility,243.31796980618805,244.34445851454996,241.01584434943877,243.6368865966797,48822500
2025-02-19 00:00:00-05:00,AAPL,Moderate Volatility,243.8262313730556,245.17162160901916,242.33134319523683,244.03550720214844,32204200
2025-02-20 00:00:00-05:00,AAPL,Moderate Volatility,244.10528213544586,245.93900803040836,243.45748811790233,244.99224853515625,32316900
2025-02-21 00:00:00-05:00,AAPL,Moderate Volatility,245.11182656230832,247.84249441981407,244.38431857946645,244.71319580078125,53197400
2025-02-24 00:00:00-05:00,AAPL,Moderate Volatility,244.0953010258401,248.01191597096326,243.58704451830639,246.25791931152344,51326400
2025-02-25 00:00:00-05:00,AAPL,Moderate Volatility,247.15485528022737,249.14803959700342,244.0753891604379,246.1981201171875,48013300
2025-02-26 00:00:00-05:00,AAPL,Moderate Volatility,243.49736566903925,244.14514449402503,238.3150894487839,239.5408935546875,44433600
2025-02-27 00:00:00-05:00,AAPL,Moderate Volatility,238.5941277716784,241.6337368385667,236.25213016109495,236.49131774902344,41153600
2025-02-28 00:00:00-05:00,AAPL,Moderate Volatility,236.14250368420718,241.26498665715278,229.41550676334808,241.01583862304688,56833400
2025-03-03 00:00:00-05:00,AAPL,Moderate Volatility,240.96600727263495,243.1983791446907,235.30537120652147,237.2188262939453,47184000
2025-03-04 00:00:00-05:00,AAPL,Moderate Volatility,236.89992456399492,239.25188262538288,233.88023638606123,235.1259765625,53798100
2025-03-05 00:00:00-05:00,AAPL,Moderate Volatility,234.61771347352882,235.7438674276595,228.44880585950324,234.93663024902344,47227600
2025-03-06 00:00:00-05:00,AAPL,Moderate Volatility,233.64107919926062,237.0494227188423,232.36544239217005,234.52804565429688,45170400
2025-03-07 00:00:00-05:00,AAPL,Moderate Volatility,234.30878315837532,240.54744460053885,233.95996981993864,238.2552947998047,46273600
2025-03-10 00:00:00-04:00,AAPL,Moderate Volatility,234.73730306532093,235.35520052510583,223.45588808739058,226.70477294921875,72071200
2025-03-11 00:00:00-04:00,AAPL,Moderate Volatility,223.04728218644934,225.0703629938446,216.7089556312574,220.08740234375,76137400
2025-03-12 00:00:00-04:00,AAPL,Moderate Volatility,219.3897895710681,220.99430349899413,214.17761702040198,216.2405548095703,62547500
2025-03-13 00:00:00-04:00,AAPL,Moderate Volatility,215.21406028960521,216.10102664759694,207.70972301630272,208.96542358398438,61368300
2025-03-14 00:00:00-04:00,AAPL,Moderate Volatility,210.53007941159925,213.22087501834247,208.86577244295887,212.762451171875,60107600
2025-03-17 00:00:00-04:00,AAPL,Moderate Volatility,212.58305520506434,214.48654973692538,209.25444129100026,213.2707061767578,48073400
2025-03-18 00:00:00-04:00,AAPL,Moderate Volatility,213.43018643369246,214.4168029665515,210.76928711901598,211.96519470214844,42432400
2025-03-19 00:00:00-04:00,AAPL,Moderate Volatility,213.48995680484757,218.0144781615262,213.0215573102422,214.50648498535156,54385400
2025-03-20 00:00:00-04:00,AAPL,Moderate Volatility,213.2607660976187,216.74883872802718,211.49679368091097,213.37039184570312,48862900
2025-03-21 00:00:00-04:00,AAPL,Moderate Volatility,210.83902892918795,218.09421843072647,210.55998434888178,217.5261688232422,94127800
2025-03-24 00:00:00-04:00,AAPL,Moderate Volatility,220.24685206675267,220.72521201243578,217.8351010318318,219.97776794433594,44299500
2025-03-25 00:00:00-04:00,AAPL,Moderate Volatility,220.0176475207108,223.3363011191594,219.32999652191663,222.98748779296875,34493600
2025-03-26 00:00:00-04:00,AAPL,Moderate Volatility,222.7483031053444,224.25316696482244,219.71866969932233,220.77505493164062,34466100
2025-03-27 00:00:00-04:00,AAPL,Moderate Volatility,220.63554992146092,224.22328797900445,219.8083765580053,223.08717346191406,37094800
2025-03-28 00:00:00-04:00,AAPL,Moderate Volatility,220.91458161653458,223.04728822423488,216.93817343567548,217.1574249267578,39818600
2025-03-31 00:00:00-04:00,AAPL,Moderate Volatility,216.27045427307317,224.8511131847691,215.49311362240712,221.37301635742188,65299300
2025-04-01 00:00:00-04:00,AAPL,Moderate Volatility,219.06091135294477,222.91771798921508,218.15400887457568,222.4293975830078,36412700
2025-04-02 00:00:00-04:00,AAPL,Moderate Volatility,220.56578026164416,224.4225869866718,220.2667995775576,223.12701416015625,35905900
2025-04-03 00:00:00-04:00,AAPL,Moderate Volatility,204.8395255545537,206.78289223919597,200.56415230327434,202.49754333496094,103419000
2025-04-04 00:00:00-04:00,AAPL,Moderate Volatility,193.2292544699453,199.19884701911502,186.70157274086588,187.738037109375,125910900
2025-04-07 00:00:00-04:00,AAPL,Moderate Volatility,176.59612158290105,193.48835506739644,174.02491207450518,180.84161376953125,160466300
2025-04-08 00:00:00-04:00,AAPL,Moderate Volatility,186.06374707733985,189.6913418115003,168.63336050772435,171.83241271972656,120859500
2025-04-09 00:00:00-04:00,AAPL,Moderate Volatility,171.3640242168161,199.92636006312654,171.30423111843703,198.17236328125,184395900
2025-04-10 00:00:00-04:00,AAPL,Moderate Volatility,188.42568213047016,194.11621470149436,182.37636057603893,189.7710723876953,121880000
2025-04-11 00:00:00-04:00,AAPL,Moderate Volatility,185.46580802047046,198.85999394662434,185.42593581806156,197.4747314453125,87435900
2025-04-14 00:00:00-04:00,AAPL,Moderate Volatility,210.7194495182335,212.2143377637297,200.47448329230923,201.82984924316406,101352900
2025-04-15 00:00:00-04:00,AAPL,Moderate Volatility,201.1720815277121,202.81645240683693,199.11910423874315,201.4511260986328,51343900
2025-04-16 00:00:00-04:00,AAPL,Moderate Volatility,197.68401406478426,200.01603598224625,191.71442177543545,193.6079559326172,59732400
2025-04-17 00:00:00-04:00,AAPL,Moderate Volatility,196.5279673080365,198.15241736523095,193.75744237056688,196.3087158203125,52164700
2025-04-21 00:00:00-04:00,AAPL,Moderate Volatility,192.61136524453693,193.13955785695288,189.1631497833642,192.50173950195312,46742500
2025-04-22 00:00:00-04:00,AAPL,Moderate Volatility,195.45165216386687,200.9030125684292,195.3021694205859,199.059326171875,52976400
2025-04-23 00:00:00-04:00,AAPL,Moderate Volatility,205.29797863560773,207.29116289420588,202.10888686320854,203.9027557373047,52929200
2025-04-24 00:00:00-04:00,AAPL,Moderate Volatility,204.1917755069081,208.11835121294007,202.2484237558185,207.659912109375,47311000
2025-04-25 00:00:00-04:00,AAPL,Moderate Volatility,205.66671618569228,209.0352025034097,205.49729734578435,208.56680297851562,38222300
2025-04-28 00:00:00-04:00,AAPL,Moderate Volatility,209.2843516085664,210.77923983434187,206.7530142372406,209.4238739013672,38743100
2025-04-29 00:00:00-04:00,AAPL,Moderate Volatility,207.978817902887,211.51672307140856,207.6599011161091,210.490234375,36827600
2025-04-30 00:00:00-04:00,AAPL,Moderate Volatility,208.58674127234366,212.8521544830753,205.96569903614,211.7758331298828,52286500
2025-05-01 00:00:00-04:00,AAPL,Moderate Volatility,208.3674918385056,213.82881264887993,208.18809734114114,212.59304809570312,57365700
2025-05-02 00:00:00-04:00,AAPL,Moderate Volatility,205.38766067678682,206.2846026840361,201.47106105284274,204.6501922607422,101010600
2025-05-05 00:00:00-04:00,AAPL,Moderate Volatility,202.40787903175757,203.4044712176219,197.5345438511527,198.21221923828125,69018500
2025-05-06 00:00:00-04:00,AAPL,Moderate Volatility,197.5345306234426,199.96620262041338,196.34858356859348,197.83349609375,51216500
2025-05-07 00:00:00-04:00,AAPL,Moderate Volatility,198.49125449640593,198.7603386318323,192.59143085844198,195.58120727539062,68536700
2025-05-08 00:00:00-04:00,AAPL,Moderate Volatility,197.04619801698016,199.3682595147921,194.0165494128041,196.81698608398438,50478900
2025-05-09 00:00:00-04:00,AAPL,Moderate Volatility,198.32183886048443,199.85658408831688,196.86680762308345,197.8534393310547,36453900
2025-05-12 00:00:00-04:00,AAPL,Moderate Volatility,210.52676720097676,210.82613996616402,206.31563192374182,210.34713745117188,63775800
2025-05-13 00:00:00-04:00,AAPL,Moderate Volatility,209.98788789546765,212.95164926547025,208.56089957562318,212.48263549804688,51909300
2025-05-14 00:00:00-04:00,AAPL,Moderate Volatility,211.98367663769176,213.49051386836734,210.13757262915965,211.88389587402344,49325800
2025-05-15 00:00:00-04:00,AAPL,Moderate Volatility,210.506803034962,212.51258988469863,209.0997617101353,211.00575256347656,45029500
2025-05-16 00:00:00-04:00,AAPL,Moderate Volatility,211.9138418912236,212.12340739052024,209.3292870180407,210.81614685058594,54737900
2025-05-19 00:00:00-04:00,AAPL,Moderate Volatility,207.47318710280226,209.0398806327114,203.83084657536088,208.3413543701172,46140500
2025-05-20 00:00:00-04:00,AAPL,Moderate Volatility,207.23369558110693,208.03201787298204,204.5992426766309,206.42539978027344,42496600
2025-05-21 00:00:00-04:00,AAPL,Moderate Volatility,204.73893602091724,206.60500227852873,200.28831500749223,201.6654052734375,59211800
2025-05-22 00:00:00-04:00,AAPL,Moderate Volatility,200.2883071907537,202.32401437172413,199.28041949489233,200.9369354248047,46742400
2025-05-23 00:00:00-04:00,AAPL,Moderate Volatility,193.26311186041877,197.28464391104225,193.05356158182016,194.85975646972656,78432900
2025-05-27 00:00:00-04:00,AAPL,Moderate Volatility,197.88337691051132,200.31825293342968,197.01519441683536,199.78936767578125,56288500
2025-05-28 00:00:00-04:00,AAPL,Moderate Volatility,200.16855762950956,202.30406088976383,199.48000488022652,199.99891662597656,45339700
2025-05-29 00:00:00-04:00,AAPL,Moderate Volatility,203.15228556391767,203.38179807643976,198.09293019267844,199.5299072265625,51396800
2025-05-30 00:00:00-04:00,AAPL,Moderate Volatility,198.95112277889336,201.53569281345096,196.36656797106642,200.4280242919922,70819900
2025-06-02 00:00:00-04:00,AAPL,Moderate Volatility,199.85921507319503,201.70533435611304,199.69954757512772,201.27622985839844,35423300
2025-06-03 00:00:00-04:00,AAPL,Moderate Volatility,200.92696184786135,203.34187550579085,200.53778186221837,202.84292602539062,46381600
2025-06-04 00:00:00-04:00,AAPL,Moderate Volatility,202.48369763994597,205.80670326672896,201.67540185470463,202.39389038085938,43604000
2025-06-05 00:00:00-04:00,AAPL,Moderate Volatility,203.07246156364138,204.3198354061699,199.7294935749724,200.20849609375,55126100
2025-06-06 00:00:00-04:00,AAPL,Moderate Volatility,202.57349663849442,205.26782088834017,201.62549563553227,203.49156188964844,46607700
2025-06-09 00:00:00-04:00,AAPL,Moderate Volatility,203.96058960802065,205.56720771427428,199.59977555964565,201.02676391601562,72862600
2025-06-10 00:00:00-04:00,AAPL,Moderate Volatility,200.1785434107301,203.92066462184746,200.14860765917956,202.2441864013672,54672600
2025-06-11 00:00:00-04:00,AAPL,Moderate Volatility,203.0724503091444,204.07034932786254,197.99314795828434,198.36236572265625,60989900
2025-06-12 00:00:00-04:00,AAPL,Moderate Volatility,198.66173587371065,199.26046614106752,196.94534836583952,198.78147888183594,43904600
2025-06-13 00:00:00-04:00,AAPL,Moderate Volatility,199.3103695725812,199.9490243445518,195.2888376882346,196.03726196289062,51447300
2025-06-16 00:00:00-04:00,AAPL,Moderate Volatility,196.8854859861783,198.27256505925683,196.1470352061455,198.0031280517578,43020700
2025-06-17 00:00:00-04:00,AAPL,Moderate Volatility,196.78567812068002,197.97318035709665,194.79986887227625,195.2289581298828,38856200
2025-06-18 00:00:00-04:00,AAPL,Moderate Volatility,195.52832221137376,197.15490236836843,194.66015499959357,196.16697692871094,45394700
2025-06-20 00:00:00-04:00,AAPL,Moderate Volatility,197.8235020126397,201.27622400422058,196.44639652864126,200.57769775390625,96813500
2025-06-23 00:00:00-04:00,AAPL,Moderate Volatility,201.20639190632414,201.87498244787415,198.54200324907936,201.07666015625,55814300
2025-06-24 00:00:00-04:00,AAPL,Moderate Volatility,202.16436301176623,203.0125832870988,199.77938491343542,199.87918090820312,54064000
2025-06-25 00:00:00-04:00,AAPL,Moderate Volatility,201.0267661369261,203.2421033073339,200.19850807531137,201.13653564453125,39525700
2025-06-26 00:00:00-04:00,AAPL,Moderate Volatility,201.00678701240994,202.2142514946699,199.04094000321476,200.57769775390625,50799100
2025-06-27 00:00:00-04:00,AAPL,Moderate Volatility,201.4658274879402,202.7930349784745,199.57979899649257,200.65753173828125,73188600
2025-06-30 00:00:00-04:00,AAPL,Moderate Volatility,201.58557286233471,206.95427439094752,198.84135059390303,204.7389373779297,91912800
2025-07-01 00:00:00-04:00,AAPL,Moderate Volatility,206.23578409144605,209.74839282792448,205.70689884063935,207.3833770751953,78788900
2025-07-02 00:00:00-04:00,AAPL,Moderate Volatility,208.47108532398713,212.8917706186518,207.7026988246806,211.99366760253906,67941800
2025-07-03 00:00:00-04:00,AAPL,Moderate Volatility,211.70428104663077,214.19902871499423,211.36499901814886,213.10134887695312,34955800
2025-07-07 00:00:00-04:00,AAPL,Moderate Volatility,212.23315593085263,215.77570049162512,208.36131809352125,209.50889587402344,50229000
2025-07-08 00:00:00-04:00,AAPL,Moderate Volatility,209.658593847986,210.98578616820197,208.01205130024096,209.5687713623047,42848900
2025-07-09 00:00:00-04:00,AAPL,Moderate Volatility,209.0897778625777,210.8859991217609,206.78463359109693,210.69639587402344,48749400
2025-07-10 00:00:00-04:00,AAPL,Moderate Volatility,210.06771262581316,213.03147386855414,209.58872537016995,211.96372985839844,44443600
2025-07-11 00:00:00-04:00,AAPL,Moderate Volatility,210.12759762046792,211.68431760849728,209.41908263784933,210.7163543701172,39765800
2025-07-14 00:00:00-04:00,AAPL,Moderate Volatility,209.48893166698292,210.46688365912564,207.10395364435493,208.1816864013672,38840100
2025-07-15 00:00:00-04:00,AAPL,Moderate Volatility,208.7804390594974,211.44482767792792,208.48106630115817,208.67066955566406,42296300
2025-07-16 00:00:00-04:00,AAPL,Moderate Volatility,209.8581806046168,211.95375954691573,208.2016644692293,209.71847534179688,47490500
2025-07-17 00:00:00-04:00,AAPL,Moderate Volatility,210.12759810142074,211.3550095983717,209.14964612579556,209.57875061035156,48068100
2025-07-18 00:00:00-04:00,AAPL,Moderate Volatility,210.42696659875526,211.34503189230253,209.25942654413325,210.73631286621094,48974600
2025-07-21 00:00:00-04:00,AAPL,Moderate Volatility,211.65437808070223,215.3266389893317,211.18536434566,212.0335693359375,51377400
2025-07-22 00:00:00-04:00,AAPL,Moderate Volatility,212.69220709721728,214.49840197701596,211.78411528941558,213.94955444335938,46404100
2025-07-23 00:00:00-04:00,AAPL,Moderate Volatility,214.54829351654996,214.69797228179937,211.9637386583707,213.7000732421875,46989300
2025-07-24 00:00:00-04:00,AAPL,Moderate Volatility,213.45058781785585,215.2368355364858,213.08137006420023,213.31088256835938,46022600
2025-07-25 00:00:00-04:00,AAPL,Moderate Volatility,214.24891808809048,214.7877920897316,212.95164630742312,213.43064880371094,40268800
2025-07-28 00:00:00-04:00,AAPL,Moderate Volatility,213.5803337758995,214.39861831079742,212.61237047326716,213.6002960205078,37858000
2025-07-29 00:00:00-04:00,AAPL,Moderate Volatility,213.73000061776605,214.3586818606333,210.37707459375494,210.8261260986328,51411700
2025-07-30 00:00:00-04:00,AAPL,Moderate Volatility,211.454797150492,211.94377315400357,207.28358653790625,208.6107940673828,45512500
2025-07-31 00:00:00-04:00,AAPL,Moderate Volatility,208.0519764228089,209.39913099136336,206.72476887181696,207.1339111328125,80698400
2025-08-01 00:00:00-04:00,AAPL,Moderate Volatility,210.4269720875647,213.1312852679161,201.07666267114303,201.95481872558594,104434500
2025-08-04 00:00:00-04:00,AAPL,Moderate Volatility,204.0803265791815,207.44325668811337,201.25627047720934,202.9227752685547,75109300
2025-08-05 00:00:00-04:00,AAPL,Moderate Volatility,202.97265486934364,204.90858140720596,201.73526982787092,202.49366760253906,44155100
2025-08-06 00:00:00-04:00,AAPL,Moderate Volatility,205.19798558200998,214.9275012748427,205.15806109322384,212.80197143554688,108483100
2025-08-07 00:00:00-04:00,AAPL,Moderate Volatility,218.42014073215765,220.38600300495352,216.12496995802366,219.56771850585938,90224800
2025-08-08 00:00:00-04:00,AAPL,Moderate Volatility,220.36604479784603,230.5146761138317,218.78936250198095,228.86814880371094,113854000
2025-08-11 00:00:00-04:00,AAPL,Moderate Volatility,227.6992650180531,229.33767612130436,224.54232171734583,226.95997619628906,61806100
2025-08-12 00:00:00-04:00,AAPL,Moderate Volatility,227.78917070894937,230.57647717809445,226.8500938879156,229.42758178710938,55626200
2025-08-13 00:00:00-04:00,AAPL,Moderate Volatility,230.8462285986664,234.77241529044048,230.2068337695816,233.10403442382812,69878500
2025-08-14 00:00:00-04:00,AAPL,Moderate Volatility,233.83332460758467,234.89229562265464,230.6264418350812,232.5545654296875,51916300
2025-08-15 00:00:00-04:00,AAPL,Moderate Volatility,233.77337703316005,234.0531046408583,229.11788646444978,231.36570739746094,56038700
2025-08-18 00:00:00-04:00,AAPL,Moderate Volatility,231.47561022214762,232.89423321308522,229.88715369469057,230.66639709472656,37476200
2025-08-19 00:00:00-04:00,AAPL,Moderate Volatility,231.05601964615855,232.64447617946885,229.1278960385577,230.3367156982422,39402600
2025-08-20 00:00:00-04:00,AAPL,Moderate Volatility,229.75726351111018,230.24679444121838,225.55134937034353,225.79110717773438,42263900
2025-08-21 00:00:00-04:00,AAPL,Moderate Volatility,226.05087353353895,226.30063142153253,223.56327948127884,224.68218994140625,30621200
2025-08-22 00:00:00-04:00,AAPL,Moderate Volatility,225.95095699429655,228.8681272027074,225.1916985271248,227.53941345214844,42477800
2025-08-25 00:00:00-04:00,AAPL,Moderate Volatility,226.26065308481304,229.07792927219558,226.01089520624416,226.94000244140625,30983100
2025-08-26 00:00:00-04:00,AAPL,Moderate Volatility,226.65028173376106,229.26775474756235,224.4724002828088,229.08792114257812,54575100
2025-08-27 00:00:00-04:00,AAPL,Moderate Volatility,228.38860049855515,230.676376013076,228.03893336267103,230.26678466796875,31259500
2025-08-28 00:00:00-04:00,AAPL,Moderate Volatility,230.59647266873003,233.18396075811214,229.11789497993007,232.33477783203125,38074700
2025-08-29 00:00:00-04:00,AAPL,Moderate Volatility,232.28481317583598,233.15398096397084,231.145917853049,231.91517639160156,39418400
2025-09-02 00:00:00-04:00,AAPL,Moderate Volatility,229.02798202980685,230.62643860177437,226.75019132336067,229.49752807617188,44075600
2025-09-03 00:00:00-04:00,AAPL,Moderate Volatility,236.98028515930878,238.6186963224971,234.133039090421,238.2390594482422,66427800
2025-09-04 00:00:00-04:00,AAPL,Moderate Volatility,238.21906152531412,239.66765417218173,236.51072617258424,239.5477752685547,47549400
2025-09-05 00:00:00-04:00,AAPL,Moderate Volatility,239.76756781945676,241.08629675958926,238.25903569310344,239.45787048339844,54870400
2025-09-08 00:00:00-04:00,AAPL,Moderate Volatility,239.06825064349684,239.91741830634814,236.11111057683257,237.64962768554688,48999500
2025-09-09 00:00:00-04:00,AAPL,Moderate Volatility,236.77047435136637,238.5487492683241,233.13400016518182,234.123046875,66313900
2025-09-10 00:00:00-04:00,AAPL,Moderate Volatility,231.96513778704139,232.19491077497392,225.73117543382176,226.5703582763672,83440800
2025-09-11 00:00:00-04:00,AAPL,Moderate Volatility,226.66027725307507,230.22681187017153,226.43048902665416,229.80722045898438,50208600
2025-09-12 00:00:00-04:00,AAPL,Moderate Volatility,228.9980136278554,234.28288383192944,228.79821036620638,233.84332275390625,55824200
2025-09-15 00:00:00-04:00,AAPL,Moderate Volatility,236.77047667310174,237.95932665324483,234.80238330570734,236.47076416015625,42699500
2025-09-16 00:00:00-04:00,AAPL,Moderate Volatility,236.9502954777413,240.98639147239973,236.09114297984144,237.9193572998047,63421100
2025-09-17 00:00:00-04:00,AAPL,Moderate Volatility,238.73857528095925,239.86748583209587,237.4997706474641,238.75856018066406,46508000
2025-09-18 00:00:00-04:00,AAPL,Moderate Volatility,239.737599946219,240.9664044724694,236.4208079152849,237.64962768554688,44249600
2025-09-19 00:00:00-04:00,AAPL,Moderate Volatility,240.99636870073516,246.06146581163878,239.9773675285625,245.26223754882812,163741300
2025-09-22 00:00:00-04:00,AAPL,Moderate Volatility,248.05953649140056,256.3914711896616,247.8797028858207,255.8319854736328,105517400
2025-09-23 00:00:00-04:00,AAPL,Moderate Volatility,255.63220171436936,257.0907792625319,253.33442606621003,254.18359375,60275200
2025-09-24 00:00:00-04:00,AAPL,Moderate Volatility,254.9728287261993,255.4923293909784,250.79686899703333,252.06564331054688,42303700
2025-09-25 00:00:00-04:00,AAPL,Moderate Volatility,252.96477212582877,256.9209435623003,251.466224879955,256.6212158203125,55202100
2025-09-26 00:00:00-04:00,AAPL,Moderate Volatility,253.8539172209246,257.3505275669758,253.5342198150173,255.2126007080078,46076300
2025-09-29 00:00:00-04:00,AAPL,Moderate Volatility,254.31347273152574,254.75304905914027,252.76497075706976,254.18359375,40127700
2025-09-30 00:00:00-04:00,AAPL,Moderate Volatility,254.61318058017173,255.67215158054225,252.8648753735947,254.38340759277344,37704300
2025-10-01 00:00:00-04:00,AAPL,Moderate Volatility,254.7929996074261,258.53938316103813,254.6831055272507,255.20260620117188,48713900
2025-10-02 00:00:00-04:00,AAPL,Moderate Volatility,256.33149581258533,257.9299523535748,253.9038565188199,256.8809814453125,42630200
2025-10-03 00:00:00-04:00,AAPL,Moderate Volatility,254.42336451804394,258.9889308017334,253.70406057825727,257.7701110839844,49155600
2025-10-06 00:00:00-04:00,AAPL,Moderate Volatility,257.7401350456914,258.819106172963,254.80299514816292,256.44140625,44664100
2025-10-07 00:00:00-04:00,AAPL,Moderate Volatility,256.56129542181253,257.15072039039774,255.18262697514498,256.23162841796875,31955800
2025-10-08 00:00:00-04:00,AAPL,Moderate Volatility,256.2715719294531,258.2696351050741,255.8619653198879,257.8100891113281,36496900
2025-10-09 00:00:00-04:00,AAPL,Moderate Volatility,257.5603136690899,257.75013209688524,252.8948383011137,253.79396057128906,38322000
2025-10-10 00:00:00-04:00,AAPL,Moderate Volatility,254.69310389004832,256.13171175032437,243.76369637579657,245.032470703125,61999100
2025-10-13 00:00:00-04:00,AAPL,Moderate Volatility,249.13848619669534,249.44818352992385,245.32217845998096,247.42015075683594,38142900
2025-10-14 00:00:00-04:00,AAPL,Moderate Volatility,246.36117950382103,248.60900042906025,244.46301046499008,247.53004455566406,35478000
2025-10-15 00:00:00-04:00,AAPL,Moderate Volatility,249.24838988167792,251.5761352503302,247.2303418581919,249.09852600097656,33893600
2025-10-16 00:00:00-04:00,AAPL,Moderate Volatility,248.00958596667436,248.79881419551728,244.8926123625184,247.21035766601562,39777000
2025-10-17 00:00:00-04:00,AAPL,Moderate Volatility,247.77980070207627,253.13461023404025,247.03052706557392,252.045654296875,49147000
2025-10-20 00:00:00-04:00,AAPL,Moderate Volatility,255.64218177653177,264.1239650925819,255.3824390623343,261.98602294921875,90483000
2025-10-21 00:00:00-04:00,AAPL,Moderate Volatility,261.6263807259345,265.03308188579996,261.5764108568555,262.5155029296875,46695900
2025-10-22 00:00:00-04:00,AAPL,Moderate Volatility,262.3956210979312,262.5954395959732,255.18261234613632,258.19970703125,45015300
2025-10-23 00:00:00-04:00,AAPL,Moderate Volatility,259.68824995662277,260.36758405794774,257.76012648314656,259.3285827636719,32754900
2025-10-24 00:00:00-04:00,AAPL,Moderate Volatility,260.93706434715574,263.87421967110856,258.9290010880386,262.56549072265625,38253700
2025-10-27 00:00:00-04:00,AAPL,Moderate Volatility,264.6234656652487,268.8593494221352,264.3936774471076,268.5496520996094,44888200
2025-10-28 00:00:00-04:00,AAPL,Moderate Volatility,268.7294713644567,269.6286240979669,267.8902885694659,268.7394714355469,41534800
2025-10-29 00:00:00-04:00,AAPL,Moderate Volatility,269.01920560410514,271.1471476128123,266.85129379808274,269.4388122558594,51086700
2025-10-30 00:00:00-04:00,AAPL,Moderate Volatility,271.72657092903916,273.87451306817263,268.2199910571769,271.13714599609375,69886500
2025-10-31 00:00:00-04:00,AAPL,Moderate Volatility,276.721738255342,277.05143573891627,268.89933466249033,270.108154296875,86167100
2025-11-03 00:00:00-05:00,AAPL,Moderate Volatility,270.15812755648943,270.5877038096653,265.9921525413924,268.7894287109375,50194600
2025-11-04 00:00:00-05:00,AAPL,Moderate Volatility,268.0701070960229,271.22705027239556,267.36080327265466,269.7784729003906,49274800
2025-11-05 00:00:00-05:00,AAPL,Moderate Volatility,268.3498399683747,271.43687417180433,266.67147434431234,269.8783874511719,43683100
2025-11-06 00:00:00-05:00,AAPL,Moderate Volatility,267.6305743388968,273.1352174017799,267.6305743388968,269.50872802734375,51204000
2025-11-07 00:00:00-05:00,AAPL,Moderate Volatility,269.5386899523433,272.02629915101613,266.51162568814635,268.2099914550781,48227400
2025-11-10 00:00:00-05:00,AAPL,Moderate Volatility,268.9599914550781,273.7300109863281,267.4599914550781,269.42999267578125,41312400
2025-11-11 00:00:00-05:00,AAPL,Moderate Volatility,269.80999755859375,275.9100036621094,269.79998779296875,275.25,46208300
2025-11-12 00:00:00-05:00,AAPL,Moderate Volatility,275.0,275.7300109863281,271.70001220703125,273.4700012207031,48398000
2025-11-13 00:00:00-05:00,AAPL,Moderate Volatility,274.1099853515625,276.70001220703125,272.0899963378906,272.95001220703125,49602800
2025-11-14 00:00:00-05:00,AAPL,Moderate Volatility,271.04998779296875,275.9599914550781,269.6000061035156,272.4100036621094,47431300
2025-11-17 00:00:00-05:00,AAPL,Moderate Volatility,268.82000732421875,270.489990234375,265.7300109863281,267.4599914550781,45018300
2025-11-18 00:00:00-05:00,AAPL,Moderate Volatility,269.989990234375,270.7099914550781,265.32000732421875,267.44000244140625,45677300
2025-11-19 00:00:00-05:00,AAPL,Moderate Volatility,265.5299987792969,272.2099914550781,265.5,268.55999755859375,40424500
2025-11-20 00:00:00-05:00,AAPL,Moderate Volatility,270.8299865722656,275.42999267578125,265.9200134277344,266.25,45823600
2025-11-21 00:00:00-05:00,AAPL,Moderate Volatility,265.95001220703125,273.3299865722656,265.6700134277344,271.489990234375,59030800
2025-11-24 00:00:00-05:00,AAPL,Moderate Volatility,270.8999938964844,277.0,270.8999938964844,275.9200134277344,65585800
2025-11-25 00:00:00-05:00,AAPL,Moderate Volatility,275.2699890136719,280.3800048828125,275.25,276.9700012207031,46914200
2025-11-26 00:00:00-05:00,AAPL,Moderate Volatility,276.9599914550781,279.5299987792969,276.6300048828125,277.54998779296875,33431400
2025-11-28 00:00:00-05:00,AAPL,Moderate Volatility,277.260009765625,279.0,275.989990234375,278.8500061035156,20135600
2025-12-01 00:00:00-05:00,AAPL,Moderate Volatility,278.010009765625,283.4200134277344,276.1400146484375,283.1000061035156,46587700
2025-12-02 00:00:00-05:00,AAPL,Moderate Volatility,283.0,287.3999938964844,282.6300048828125,286.19000244140625,53669500
2025-12-03 00:00:00-05:00,AAPL,Moderate Volatility,286.20001220703125,288.6199951171875,283.29998779296875,284.1499938964844,43538700
2025-12-04 00:00:00-05:00,AAPL,Moderate Volatility,284.1000061035156,284.7300109863281,278.5899963378906,280.70001220703125,43989100
2025-12-05 00:00:00-05:00,AAPL,Moderate Volatility,280.5400085449219,281.1400146484375,278.04998779296875,278.7799987792969,47265800
2025-12-08 00:00:00-05:00,AAPL,Moderate Volatility,278.1300048828125,279.6700134277344,276.1499938964844,277.8900146484375,38211800
2025-12-09 00:00:00-05:00,AAPL,Moderate Volatility,278.1600036621094,280.0299987792969,276.9200134277344,277.17999267578125,32193300
2025-12-10 00:00:00-05:00,AAPL,Moderate Volatility,277.75,279.75,276.44000244140625,278.7799987792969,33038300
2025-12-11 00:00:00-05:00,AAPL,Moderate Volatility,279.1000061035156,279.5899963378906,273.80999755859375,278.0299987792969,33248000
2025-12-12 00:00:00-05:00,AAPL,Moderate Volatility,277.8999938964844,279.2200012207031,276.82000732421875,278.2799987792969,39532900
2025-12-15 00:00:00-05:00,AAPL,Moderate Volatility,280.1499938964844,280.1499938964844,272.8399963378906,274.1099853515625,50409100
2025-12-16 00:00:00-05:00,AAPL,Moderate Volatility,272.82000732421875,275.5,271.7900085449219,274.6099853515625,37648600
2025-12-17 00:00:00-05:00,AAPL,Moderate Volatility,275.010009765625,276.1600036621094,271.6400146484375,271.8399963378906,50138700
2025-12-18 00:00:00-05:00,AAPL,Moderate Volatility,273.6099853515625,273.6300048828125,266.95001220703125,272.19000244140625,51630700
2025-12-19 00:00:00-05:00,AAPL,Moderate Volatility,272.1499938964844,274.6000061035156,269.8999938964844,273.6700134277344,144632000
2025-12-22 00:00:00-05:00,AAPL,Moderate Volatility,272.8599853515625,273.8800048828125,270.510009765625,270.9700012207031,36571800
2025-12-23 00:00:00-05:00,AAPL,Moderate Volatility,270.8399963378906,272.5,269.55999755859375,272.3599853515625,29642000
2025-12-24 00:00:00-05:00,AAPL,Moderate Volatility,272.3399963378906,275.42999267578125,272.20001220703125,273.80999755859375,17910600
2025-12-26 00:00:00-05:00,AAPL,Moderate Volatility,274.1600036621094,275.3699951171875,272.8599853515625,273.3999938964844,21521800
2025-12-29 00:00:00-05:00,AAPL,Moderate Volatility,272.69000244140625,274.3599853515625,272.3500061035156,273.760009765625,23715200
2025-12-30 00:00:00-05:00,AAPL,Moderate Volatility,272.80999755859375,274.0799865722656,272.2799987792969,273.0799865722656,22139600
2025-12-31 00:00:00-05:00,AAPL,Moderate Volatility,273.05999755859375,273.67999267578125,271.75,271.8599853515625,27293600
2026-01-02 00:00:00-05:00,AAPL,Moderate Volatility,272.260009765625,277.8399963378906,269.0,271.010009765625,37838100
2026-01-05 00:00:00-05:00,AAPL,Moderate Volatility,270.6400146484375,271.510009765625,266.1400146484375,267.260009765625,45647200
2026-01-06 00:00:00-05:00,AAPL,Moderate Volatility,267.0,267.54998779296875,262.1199951171875,262.3599853515625,52352100
2026-01-07 00:00:00-05:00,AAPL,Moderate Volatility,263.20001220703125,263.67999267578125,259.80999755859375,260.3299865722656,48309800
2026-01-08 00:00:00-05:00,AAPL,Moderate Volatility,257.0199890136719,259.2900085449219,255.6999969482422,259.0400085449219,50419300
2026-01-09 00:00:00-05:00,AAPL,Moderate Volatility,259.0799865722656,260.2099914550781,256.2200012207031,259.3699951171875,39952300
2025-01-10 00:00:00-05:00,MSFT,Moderate Volatility,421.52054055637365,421.5999414060332,411.98089654314987,415.88214111328125,20201100
2025-01-13 00:00:00-05:00,MSFT,Moderate Volatility,412.19927707865725,415.4354144937977,409.2708974707551,414.135009765625,17604800
2025-01-14 00:00:00-05:00,MSFT,Moderate Volatility,414.7504731982745,416.6663329915462,407.7123952362894,412.62615966796875,16935900
2025-01-15 00:00:00-05:00,MSFT,Moderate Volatility,416.06081709812753,425.01475491103537,415.20709891745935,423.188232421875,19637800
2025-01-16 00:00:00-05:00,MSFT,Moderate Volatility,425.56071106349873,426.34490420898106,421.2822749228641,421.4708557128906,15300000
2025-01-17 00:00:00-05:00,MSFT,Moderate Volatility,430.91124996405387,431.29840862027794,425.0346177976779,425.8883056640625,26197500
2025-01-21 00:00:00-05:00,MSFT,Moderate Volatility,427.04974598441896,427.74460185190514,422.4834247796493,425.3621826171875,26085700
2025-01-22 00:00:00-05:00,MSFT,Moderate Volatility,434.3558409675422,443.9947282693763,432.8072669314077,442.9325866699219,27803800
2025-01-23 00:00:00-05:00,MSFT,Moderate Volatility,438.76334144088526,443.4785583455101,438.2670028193458,443.4388427734375,18389300
2025-01-24 00:00:00-05:00,MSFT,Moderate Volatility,441.9002090925553,443.37928850377745,438.16773293128523,440.8082580566406,15549500
2025-01-27 00:00:00-05:00,MSFT,Moderate Volatility,420.90507512895306,432.01313557520695,420.39880005578783,431.3778076171875,35647800
2025-01-28 00:00:00-05:00,MSFT,Moderate Volatility,431.4175531471292,445.0966448918235,428.2211310848717,443.92529296875,23491700
2025-01-29 00:00:00-05:00,MSFT,Moderate Volatility,443.41900040059096,443.60761150041753,437.17505205552743,439.0909118652344,23581400
2025-01-30 00:00:00-05:00,MSFT,Moderate Volatility,415.7033987332922,419.7634446369454,410.1344944692085,411.9510803222656,54586300
2025-01-31 00:00:00-05:00,MSFT,Moderate Volatility,415.91187654265417,417.60934595958213,411.87167333636467,412.02056884765625,34161900
2025-02-03 00:00:00-05:00,MSFT,Moderate Volatility,408.5859629677824,412.36806087424213,405.6674894234756,407.91094970703125,25679100
2025-02-04 00:00:00-05:00,MSFT,Moderate Volatility,409.66794472749183,410.8889485554991,406.7395349510832,409.35028076171875,20532100
2025-02-05 00:00:00-05:00,MSFT,Moderate Volatility,409.33046130378085,410.7996042139957,407.39472859021873,410.2635803222656,16316700
2025-02-06 00:00:00-05:00,MSFT,Moderate Volatility,410.9684054782215,415.1376622891217,410.9684054782215,412.77508544921875,16309800
2025-02-07 00:00:00-05:00,MSFT,Moderate Volatility,413.4302096384315,415.58430218979566,405.1115698860282,406.7494812011719,22886800
2025-02-10 00:00:00-05:00,MSFT,Moderate Volatility,410.6804647918203,412.4176498447071,407.91091729068654,409.2013854980469,20817900
2025-02-11 00:00:00-05:00,MSFT,Moderate Volatility,406.64031711794166,409.4694230026259,406.30278019920314,408.4271240234375,18140600
2025-02-12 00:00:00-05:00,MSFT,Moderate Volatility,404.22806155020925,407.7421472112012,401.40886202523427,406.044677734375,19121700
2025-02-13 00:00:00-05:00,MSFT,Moderate Volatility,404.01963601763975,407.99034497113007,403.38430804391083,407.5337219238281,23891700
2025-02-14 00:00:00-05:00,MSFT,Moderate Volatility,404.80385028408716,405.91564391864586,402.9078331667541,405.43914794921875,22758500
2025-02-18 00:00:00-05:00,MSFT,Moderate Volatility,405.01228421128855,407.59325090478893,403.52326846051176,406.6402893066406,21423100
2025-02-19 00:00:00-05:00,MSFT,Moderate Volatility,404.89319663470326,412.44745587382107,404.66486996411237,411.73272705078125,24114200
2025-02-20 00:00:00-05:00,MSFT,Moderate Volatility,413.0755545581438,417.07410775463984,410.3402184035009,413.91107177734375,23508700
2025-02-21 00:00:00-05:00,MSFT,Moderate Volatility,415.11458446579724,415.8207899827264,405.71499358869687,406.03326416015625,27524800
2025-02-24 00:00:00-05:00,MSFT,Moderate Volatility,406.3316636333371,407.1870631835248,397.1906661264377,401.845703125,26443700
2025-02-25 00:00:00-05:00,MSFT,Moderate Volatility,398.9612079589026,399.77684273234365,394.58467628789543,395.77825927734375,29387400
2025-02-26 00:00:00-05:00,MSFT,Moderate Volatility,395.8876811696496,401.4478696916858,392.1477210913464,397.5985107421875,19619000
2025-02-27 00:00:00-05:00,MSFT,Moderate Volatility,399.13027515598884,403.5764407452776,390.0788238664077,390.4368896484375,21127400
2025-02-28 00:00:00-05:00,MSFT,Moderate Volatility,390.5662102627109,395.50970978817173,384.50868780557136,394.87310791015625,32845700
2025-03-03 00:00:00-05:00,MSFT,Moderate Volatility,396.69339168929787,396.69339168929787,384.10089457458224,386.41845703125,23007700
2025-03-04 00:00:00-05:00,MSFT,Moderate Volatility,381.3555708063787,390.48661254503907,378.9683745181786,386.53778076171875,29342900
2025-03-05 00:00:00-05:00,MSFT,Moderate Volatility,387.2639110911412,399.52818059067016,386.73673843465946,398.8816223144531,23433100
2025-03-06 00:00:00-05:00,MSFT,Moderate Volatility,392.1775528184261,400.00558222724027,390.5860785359009,394.7736511230469,23304600
2025-03-07 00:00:00-05:00,MSFT,Moderate Volatility,390.2280267594304,392.6947831487431,383.4841811851977,391.2127380371094,22034100
2025-03-10 00:00:00-04:00,MSFT,Moderate Volatility,383.7825787420743,384.3395902213564,375.20854809150063,378.13287353515625,32840100
2025-03-11 00:00:00-04:00,MSFT,Moderate Volatility,376.9790454259089,383.9417190881288,374.900193646485,378.42132568359375,30380200
2025-03-12 00:00:00-04:00,MSFT,Moderate Volatility,380.9079867475423,383.1658713736677,376.92931616803475,381.22625732421875,24253600
2025-03-13 00:00:00-04:00,MSFT,Moderate Volatility,381.11688044146297,383.2653663209318,375.4373363609022,376.7502746582031,20473000
2025-03-14 00:00:00-04:00,MSFT,Moderate Volatility,377.7548866940246,388.1491759928466,377.48633735073093,386.4880676269531,19952800
2025-03-17 00:00:00-04:00,MSFT,Moderate Volatility,384.6379840789578,390.61591588488574,383.5140048019888,386.6273193359375,22474300
2025-03-18 00:00:00-04:00,MSFT,Moderate Volatility,385.0060336134189,385.3044217812384,379.06786623501773,381.4749450683594,19486900
2025-03-19 00:00:00-04:00,MSFT,Moderate Volatility,383.47421674907764,387.6020814133235,381.9523764633006,385.75201416015625,19185500
2025-03-20 00:00:00-04:00,MSFT,Moderate Volatility,383.68311164841384,389.70086948967395,381.2362375881449,384.7772521972656,18470500
2025-03-21 00:00:00-04:00,MSFT,Moderate Volatility,381.1765391094654,389.65109658333733,380.7587653391681,389.1736755371094,39675900
2025-03-24 00:00:00-04:00,MSFT,Moderate Volatility,393.2916146921325,393.2916146921325,387.7314257194749,390.9839782714844,21004500
2025-03-25 00:00:00-04:00,MSFT,Moderate Volatility,391.8194783223531,394.2464393645113,390.5463049956332,393.0528564453125,15775000
2025-03-26 00:00:00-04:00,MSFT,Moderate Volatility,392.89371036762657,393.2020549018058,386.4980048485776,387.8905334472656,16108400
2025-03-27 00:00:00-04:00,MSFT,Moderate Volatility,388.0497321808232,390.1484665522675,385.3342783094565,388.497314453125,13766800
2025-03-28 00:00:00-04:00,MSFT,Moderate Volatility,386.01063609307533,387.0550554138024,374.9200970667492,376.7801208496094,21632000
2025-03-31 00:00:00-04:00,MSFT,Moderate Volatility,370.5534967757106,375.0593400396717,365.28173999012597,373.3883056640625,35184700
2025-04-01 00:00:00-04:00,MSFT,Moderate Volatility,372.65223585591366,380.80852287787553,371.2398247656492,380.15203857421875,19689500
2025-04-02 00:00:00-04:00,MSFT,Moderate Volatility,375.95454781806535,383.0266205201498,374.6117403662579,380.1023254394531,16092600
2025-04-03 00:00:00-04:00,MSFT,Moderate Volatility,372.7915176951189,375.4671762502354,367.3805229509676,371.1204528808594,30198000
2025-04-04 00:00:00-04:00,MSFT,Moderate Volatility,362.1883363320907,372.5925514540549,357.5631378295283,357.92120361328125,49209900
2025-04-07 00:00:00-04:00,MSFT,Moderate Volatility,349.00902084094025,369.021730877009,342.9514979578054,355.9517822265625,50425000
2025-04-08 00:00:00-04:00,MSFT,Moderate Volatility,366.2963637047226,371.65760721529676,348.38238740402795,352.6694030761719,35868900
2025-04-09 00:00:00-04:00,MSFT,Moderate Volatility,351.6547953803853,391.1331552543464,351.21713920354574,388.4077453613281,50199700
2025-04-10 00:00:00-04:00,MSFT,Moderate Volatility,380.02273387837465,381.85291877896515,365.838762955237,379.3165283203125,38024400
2025-04-11 00:00:00-04:00,MSFT,Moderate Volatility,378.61031016462425,387.97010607095405,376.86964177115533,386.378662109375,23839200
2025-04-14 00:00:00-04:00,MSFT,Moderate Volatility,391.1232211496066,392.54558862795363,382.1612557582716,385.7420654296875,19251200
2025-04-15 00:00:00-04:00,MSFT,Moderate Volatility,386.4383315419063,389.80031299588615,382.11152127039287,383.67315673828125,17199900
2025-04-16 00:00:00-04:00,MSFT,Moderate Volatility,378.6401657518634,379.5751254610235,366.0377126687907,369.6284484863281,21967800
2025-04-17 00:00:00-04:00,MSFT,Moderate Volatility,371.757014425277,372.32398224080106,364.9336092793292,365.81884765625,21120200
2025-04-21 00:00:00-04:00,MSFT,Moderate Volatility,360.88533011613976,362.5364820854384,353.7734623702264,357.2050476074219,20807300
2025-04-22 00:00:00-04:00,MSFT,Moderate Volatility,361.44235434917846,365.80892977570767,357.94110461161955,364.864013671875,19485000
2025-04-23 00:00:00-04:00,MSFT,Moderate Volatility,374.05472426245655,378.3616523034824,371.0309260243866,372.3936462402344,20545500
2025-04-24 00:00:00-04:00,MSFT,Moderate Volatility,373.696621578229,386.37863321068227,373.18933139938025,385.2347412109375,22232300
2025-04-25 00:00:00-04:00,MSFT,Moderate Volatility,384.93638434344297,390.068873110604,382.54918803088736,389.7605285644531,18973200
2025-04-28 00:00:00-04:00,MSFT,Moderate Volatility,389.86991018310994,390.6457497092271,384.5783015368256,389.0741882324219,16579400
2025-04-29 00:00:00-04:00,MSFT,Moderate Volatility,389.2134328165618,392.99318803647833,388.2983555925269,391.9388427734375,14974000
2025-04-30 00:00:00-04:00,MSFT,Moderate Volatility,388.21877036685504,394.54487238441686,382.39003252749313,393.15234375,36461100
2025-05-01 00:00:00-04:00,MSFT,Moderate Volatility,428.81116623183453,434.65981700987567,422.6342884776108,423.1316223144531,58938100
2025-05-02 00:00:00-04:00,MSFT,Moderate Volatility,429.43779144193553,437.0967443095362,427.69712309519423,432.95892333984375,30757400
2025-05-05 00:00:00-04:00,MSFT,Moderate Volatility,430.5617862640975,437.15643772408293,429.80582912695047,433.8442077636719,20136100
2025-05-06 00:00:00-04:00,MSFT,Moderate Volatility,429.8953841273505,435.39589519237757,428.8708776295015,430.99945068359375,15104200
2025-05-07 00:00:00-04:00,MSFT,Moderate Volatility,431.5266230555768,435.7837995157977,428.8111693588705,431.03924560546875,23295300
2025-05-08 00:00:00-04:00,MSFT,Moderate Volatility,435.5947857400273,441.3041985489404,433.3369011589759,435.8335266113281,23491300
2025-05-09 00:00:00-04:00,MSFT,Moderate Volatility,437.6537809958818,438.38982536855053,433.55575499424157,436.39056396484375,15324200
2025-05-12 00:00:00-04:00,MSFT,Moderate Volatility,443.5621064267163,446.9738092745622,437.43494989219903,446.8644104003906,22821900
2025-05-13 00:00:00-04:00,MSFT,Moderate Volatility,445.392292323668,448.2668964878236,442.9851831830833,446.74505615234375,23618800
2025-05-14 00:00:00-04:00,MSFT,Moderate Volatility,445.75035736922496,451.47962216221697,445.75035736922496,450.5247497558594,19902800
2025-05-15 00:00:00-04:00,MSFT,Moderate Volatility,449.1894881249397,454.5904977674882,448.85068389062144,451.5412292480469,21992300
2025-05-16 00:00:00-04:00,MSFT,Moderate Volatility,450.4649678139624,452.7668658429008,447.15663182075053,452.67718505859375,23849800
2025-05-19 00:00:00-04:00,MSFT,Moderate Volatility,449.29907263869796,457.9785240250479,449.2193361148497,457.26104736328125,21336500
2025-05-20 00:00:00-04:00,MSFT,Moderate Volatility,453.9925667897047,456.73292449884485,452.72703072274504,456.56353759765625,15441800
2025-05-21 00:00:00-04:00,MSFT,Moderate Volatility,452.97617231921885,456.1749087494066,450.2258398312579,450.9831848144531,19216900
2025-05-22 00:00:00-04:00,MSFT,Moderate Volatility,453.3548479183862,458.63625267798704,452.30851122486644,453.26513671875,18025600
2025-05-23 00:00:00-04:00,MSFT,Moderate Volatility,448.402251486361,452.09923464302557,447.33599591595265,448.6015319824219,16883500
2025-05-27 00:00:00-04:00,MSFT,Moderate Volatility,454.87947686866386,459.33380513701957,454.5207233060155,459.07470703125,20974300
2025-05-28 00:00:00-04:00,MSFT,Moderate Volatility,459.60282918231184,460.8982588383752,455.3278626603832,455.75634765625,17086300
2025-05-29 00:00:00-04:00,MSFT,Moderate Volatility,459.93167902845283,460.10109634693043,453.71356774793736,457.0717468261719,13974800
2025-05-30 00:00:00-04:00,MSFT,Moderate Volatility,458.1080789456966,460.06119805700706,453.942742633105,458.7458190917969,34770500
2025-06-02 00:00:00-04:00,MSFT,Moderate Volatility,455.53716828611505,460.48971303831235,455.2880448481698,460.3502197265625,16626500
2025-06-03 00:00:00-04:00,MSFT,Moderate Volatility,459.85193916930956,462.51259067234093,459.2440622117471,461.3466796875,15743800
2025-06-04 00:00:00-04:00,MSFT,Moderate Volatility,462.3730793208357,464.05715611586317,461.3965045417047,462.2435302734375,14162700
2025-06-05 00:00:00-04:00,MSFT,Moderate Volatility,463.3296970825432,468.00325491639626,462.4029652503908,466.0401611328125,20131700
2025-06-06 00:00:00-04:00,MSFT,Moderate Volatility,468.4417517005521,471.6803564462113,467.13634729745564,468.7307434082031,15285600
2025-06-09 00:00:00-04:00,MSFT,Moderate Volatility,468.05311353771793,471.77001565920176,466.9768832876908,471.0924072265625,16469900
2025-06-10 00:00:00-04:00,MSFT,Moderate Volatility,469.53790223355384,471.14224260725143,465.3227226358238,469.26885986328125,15375900
2025-06-11 00:00:00-04:00,MSFT,Moderate Volatility,468.37197033665615,473.80287330978865,468.01324719222674,470.9628601074219,16399200
2025-06-12 00:00:00-04:00,MSFT,Moderate Volatility,473.3544415367432,478.73553201697933,471.8597009390277,477.1909484863281,18950600
2025-06-13 00:00:00-04:00,MSFT,Moderate Volatility,474.7395752703882,477.4998519181197,471.1023792861798,473.2946472167969,16814500
2025-06-16 00:00:00-04:00,MSFT,Moderate Volatility,473.5437784887318,479.00457509504827,473.3345233196989,477.46002197265625,15626100
2025-06-17 00:00:00-04:00,MSFT,Moderate Volatility,473.7331030955977,477.06138843382047,472.4177241014044,476.3638610839844,15414100
2025-06-18 00:00:00-04:00,MSFT,Moderate Volatility,476.3239856832242,479.313466764918,472.7963894918646,478.5561218261719,17526500
2025-06-20 00:00:00-04:00,MSFT,Moderate Volatility,480.53918652379775,481.76485435953526,475.1979642712812,475.7261047363281,37576200
2025-06-23 00:00:00-04:00,MSFT,Moderate Volatility,476.53326469371973,486.0398235242553,470.853268600571,484.29595947265625,24864000
2025-06-24 00:00:00-04:00,MSFT,Moderate Volatility,487.23560408546166,490.1254297173699,485.0931183138473,488.3915100097656,22305600
2025-06-25 00:00:00-04:00,MSFT,Moderate Volatility,490.3148017263918,492.8259550719198,487.67409932543603,490.5439758300781,17495100
2025-06-26 00:00:00-04:00,MSFT,Moderate Volatility,491.2514824256969,496.29373818928514,491.08206511354325,495.705810546875,21578900
2025-06-27 00:00:00-04:00,MSFT,Moderate Volatility,495.80545117387857,497.54931522943417,491.30131038962224,494.20111083984375,34539200
2025-06-30 00:00:00-04:00,MSFT,Moderate Volatility,495.2972567719388,499.0042146991214,493.5932305818623,495.66595458984375,28369000
2025-07-01 00:00:00-04:00,MSFT,Moderate Volatility,494.729222512998,496.30366915943387,489.2584818970934,490.32470703125,19945400
2025-07-02 00:00:00-04:00,MSFT,Moderate Volatility,488.2719538404123,491.76965656989233,486.98649882219644,489.36810302734375,16319600
2025-07-03 00:00:00-04:00,MSFT,Moderate Volatility,492.07857999859937,498.3764278450543,491.7098821739863,497.0909423828125,13984800
2025-07-07 00:00:00-04:00,MSFT,Moderate Volatility,495.6360493014733,497.0012408266234,493.4935938943106,495.974853515625,13981600
2025-07-08 00:00:00-04:00,MSFT,Moderate Volatility,495.4965138505155,496.4531696907806,492.3774837277821,494.8786926269531,11846600
2025-07-09 00:00:00-04:00,MSFT,Moderate Volatility,498.54580110123976,505.003091421344,497.98776704512187,501.74456787109375,18659500
2025-07-10 00:00:00-04:00,MSFT,Moderate Volatility,501.2861517097084,502.67129257213526,496.0047471787155,499.7216796875,16492100
2025-07-11 00:00:00-04:00,MSFT,Moderate Volatility,496.72220586888017,503.25920197660867,496.05454172265075,501.5552062988281,16459500
2025-07-14 00:00:00-04:00,MSFT,Moderate Volatility,499.7615155353931,502.2029372942231,499.273243347857,501.2562561035156,12058800
2025-07-15 00:00:00-04:00,MSFT,Moderate Volatility,501.2562471634966,506.51773265302506,501.027073076573,504.04644775390625,14927200
2025-07-16 00:00:00-04:00,MSFT,Moderate Volatility,503.40870828332856,504.9433171823036,500.1302657221866,503.84716796875,15154400
2025-07-17 00:00:00-04:00,MSFT,Moderate Volatility,503.9069415603956,511.5699807689203,503.84715436950415,509.9058532714844,17503100
2025-07-18 00:00:00-04:00,MSFT,Moderate Volatility,512.6760564474737,512.8355294984256,505.6507880659733,508.2615966796875,21209700
2025-07-21 00:00:00-04:00,MSFT,Moderate Volatility,504.93334625634344,510.29451797884275,503.777409841716,508.2716064453125,14066800
2025-07-22 00:00:00-04:00,MSFT,Moderate Volatility,509.1784090675831,509.40761357627605,503.4983825683594,503.4983825683594,13868600
2025-07-23 00:00:00-04:00,MSFT,Moderate Volatility,504.97317174446385,505.01304000657746,498.94439715180334,504.09625244140625,16396600
2025-07-24 00:00:00-04:00,MSFT,Moderate Volatility,506.98612743645725,511.86894085644093,505.5212803694045,509.0887451171875,16107000
2025-07-25 00:00:00-04:00,MSFT,Moderate Volatility,510.67314061143924,516.4727417364818,508.57055332296227,511.9088439941406,19125700
2025-07-28 00:00:00-04:00,MSFT,Moderate Volatility,512.2775105607909,513.1942677567645,508.3313735189307,510.7030334472656,14308000
2025-07-29 00:00:00-04:00,MSFT,Moderate Volatility,513.7224399565682,515.8050777848653,509.7663282358281,510.7727966308594,16469200
2025-07-30 00:00:00-04:00,MSFT,Moderate Volatility,513.3636552782116,514.1409495778635,507.6537656967309,511.4404296875,26380400
2025-07-31 00:00:00-04:00,MSFT,Moderate Volatility,553.2831833968122,553.5024436401114,530.0350289229713,531.62939453125,51617300
2025-08-01 00:00:00-04:00,MSFT,Moderate Volatility,533.1241083924594,533.9212911566675,519.0336734352546,522.2722778320312,28977600
2025-08-04 00:00:00-04:00,MSFT,Moderate Volatility,526.4177481275262,536.3627358241171,526.2782244119826,533.7619018554688,25349000
2025-08-05 00:00:00-04:00,MSFT,Moderate Volatility,535.2964641743647,535.41603854948,525.3913146279989,525.8995361328125,19171600
2025-08-06 00:00:00-04:00,MSFT,Moderate Volatility,529.0385508551038,529.8357336828143,522.1926437275052,523.0994262695312,21355700
2025-08-07 00:00:00-04:00,MSFT,Moderate Volatility,524.9528573399085,526.2383731099006,515.735290819572,519.0137939453125,16079100
2025-08-08 00:00:00-04:00,MSFT,Moderate Volatility,520.7676288144971,522.8204035830947,517.5888112007746,520.2095947265625,15531000
2025-08-11 00:00:00-04:00,MSFT,Moderate Volatility,520.4686618064882,525.7401525514866,517.8976909591346,519.9405517578125,20194400
2025-08-12 00:00:00-04:00,MSFT,Moderate Volatility,521.9135974657331,529.1182277589118,520.8672912006765,527.3843383789062,18667000
2025-08-13 00:00:00-04:00,MSFT,Moderate Volatility,530.244240271181,530.8321983067945,517.5489204522431,518.7546997070312,19619200
2025-08-14 00:00:00-04:00,MSFT,Moderate Volatility,520.7277467800332,524.1058750288076,518.3162490497452,520.6480102539062,20269100
2025-08-15 00:00:00-04:00,MSFT,Moderate Volatility,520.9370505811125,524.255330935539,517.2599862571353,518.3461303710938,25213300
2025-08-18 00:00:00-04:00,MSFT,Moderate Volatility,519.7611730136332,520.9868407954262,512.2177084457264,515.286865234375,23760600
2025-08-19 00:00:00-04:00,MSFT,Moderate Volatility,513.1942782099028,513.3536904476517,506.7668813962475,507.98260498046875,21481000
2025-08-20 00:00:00-04:00,MSFT,Moderate Volatility,508.0822507382742,509.2082935133009,502.6712971096552,503.9468078613281,27723000
2025-08-21 00:00:00-04:00,MSFT,Moderate Volatility,502.74904380636957,506.68168580920974,501.7808546744913,503.2980041503906,18443300
2025-08-22 00:00:00-04:00,MSFT,Moderate Volatility,503.3079962424447,509.77590173606455,501.471437254012,506.2824401855469,24324200
2025-08-25 00:00:00-04:00,MSFT,Moderate Volatility,505.6835608535286,507.2406441544574,503.1782400793436,503.3179931640625,21638600
2025-08-26 00:00:00-04:00,MSFT,Moderate Volatility,503.4177851675948,504.0366525259624,497.5787379824689,501.1021423339844,30835700
2025-08-27 00:00:00-04:00,MSFT,Moderate Volatility,501.06219963605827,506.34232576675964,498.96611661319633,505.7933349609375,17277900
2025-08-28 00:00:00-04:00,MSFT,Moderate Volatility,506.1426727693108,510.1352001425548,504.5556467937143,508.68792724609375,18015600
2025-08-29 00:00:00-04:00,MSFT,Moderate Volatility,507.7097597194238,508.64800611235046,503.5475364264987,505.7434387207031,20961600
2025-09-02 00:00:00-04:00,MSFT,Moderate Volatility,499.53505401941584,505.0547219959289,495.88188775050133,504.1763610839844,18128000
2025-09-03 00:00:00-04:00,MSFT,Moderate Volatility,502.8488615493355,506.8413890153064,501.3816064871684,504.40594482421875,16345100
2025-09-04 00:00:00-04:00,MSFT,Moderate Volatility,503.3578996917829,507.20071355848035,502.2100541109688,507.02105712890625,15509500
2025-09-05 00:00:00-04:00,MSFT,Moderate Volatility,508.11900990545524,511.0135863020471,491.4501951138555,494.0752868652344,31994800
2025-09-08 00:00:00-04:00,MSFT,Moderate Volatility,497.1794589519428,500.26371328397477,494.10522614671714,497.2693176269531,16771000
2025-09-09 00:00:00-04:00,MSFT,Moderate Volatility,500.4932596555404,501.3117351050236,496.77024724997165,497.4789123535156,14410500
2025-09-10 00:00:00-04:00,MSFT,Moderate Volatility,502.04038173392,502.2899147028095,495.7920664455459,499.43524169921875,21611800
2025-09-11 00:00:00-04:00,MSFT,Moderate Volatility,501.31173995388707,502.2300346920423,496.9499084839274,500.0740661621094,18881600
2025-09-12 00:00:00-04:00,MSFT,Moderate Volatility,505.70352006176233,511.59249216822343,502.9087629314118,508.94744873046875,23624900
2025-09-15 00:00:00-04:00,MSFT,Moderate Volatility,507.8395136770829,514.5069966795595,506.05284913244947,514.397216796875,17143800
2025-09-16 00:00:00-04:00,MSFT,Moderate Volatility,515.9144004162443,516.2637221986186,507.64986983793983,508.08905029296875,19711900
2025-09-17 00:00:00-04:00,MSFT,Moderate Volatility,509.6660849144807,510.33484666258875,504.9848440594251,509.06719970703125,15816600
2025-09-18 00:00:00-04:00,MSFT,Moderate Volatility,510.5344514878828,512.1115168727503,506.71161989545686,507.5001525878906,18913700
2025-09-19 00:00:00-04:00,MSFT,Moderate Volatility,509.6061757592278,518.3298380532008,509.35664280609984,516.96240234375,52474100
2025-09-22 00:00:00-04:00,MSFT,Moderate Volatility,514.6268375894382,516.772784556969,511.5824866494396,513.4889526367188,20009300
2025-09-23 00:00:00-04:00,MSFT,Moderate Volatility,512.8401566617626,513.6287198501773,506.3622903955001,508.2787170410156,19799600
2025-09-24 00:00:00-04:00,MSFT,Moderate Volatility,509.4265417419943,511.5225942719762,505.9730140478167,509.19696044921875,13533700
2025-09-25 00:00:00-04:00,MSFT,Moderate Volatility,507.3504106819217,509.0572380888419,504.09652154158834,506.0827941894531,15786500
2025-09-26 00:00:00-04:00,MSFT,Moderate Volatility,509.1071380786861,512.9798945996346,505.67356201643696,510.5045166015625,16213100
2025-09-29 00:00:00-04:00,MSFT,Moderate Volatility,510.5444265624633,515.8844074376258,507.9293260645142,513.6386108398438,17617800
2025-09-30 00:00:00-04:00,MSFT,Moderate Volatility,512.2811987663596,517.1919905812645,508.70790002171145,516.982421875,19728200
2025-10-01 00:00:00-04:00,MSFT,Moderate Volatility,513.8382741479315,519.5376290534263,510.7340986553811,518.7391357421875,22632300
2025-10-02 00:00:00-04:00,MSFT,Moderate Volatility,516.6730253227585,520.625588764222,509.7260051791023,514.7765502929688,21222900
2025-10-03 00:00:00-04:00,MSFT,Moderate Volatility,516.1339509263171,519.5176324904353,514.0378984273964,516.3834838867188,15112300
2025-10-06 00:00:00-04:00,MSFT,Moderate Volatility,517.6411650074094,530.0380069481532,517.2319577376861,527.5825805664062,21388600
2025-10-07 00:00:00-04:00,MSFT,Moderate Volatility,527.3030443984364,528.8102332144322,520.4658657072805,523.0010986328125,14615200
2025-10-08 00:00:00-04:00,MSFT,Moderate Volatility,522.3024933531,525.9656203925812,522.1128458539913,523.8695068359375,13363400
2025-10-09 00:00:00-04:00,MSFT,Moderate Volatility,521.3642478231245,523.3505205733983,516.4334737589328,521.4241333007812,18343600
2025-10-10 00:00:00-04:00,MSFT,Moderate Volatility,518.6692706129455,522.6019127014883,508.6779606337136,510.0054626464844,24133800
2025-10-13 00:00:00-04:00,MSFT,Moderate Volatility,515.4452371680482,515.4452371680482,510.7240930552238,513.0896606445312,14284200
2025-10-14 00:00:00-04:00,MSFT,Moderate Volatility,509.2768388871209,514.3174231454748,505.05473007895694,512.610595703125,14684300
2025-10-15 00:00:00-04:00,MSFT,Moderate Volatility,513.9979961583023,516.2238106749688,509.04724028199115,512.4708251953125,14694700
2025-10-16 00:00:00-04:00,MSFT,Moderate Volatility,511.62245544117155,515.884437136842,507.1807563967364,510.65423583984375,15559600
2025-10-17 00:00:00-04:00,MSFT,Moderate Volatility,508.0890780500653,514.5170195527368,506.3622988729776,512.62060546875,19867800
2025-10-20 00:00:00-04:00,MSFT,Moderate Volatility,513.6486038577511,517.730989827423,512.4708156147512,515.8245239257812,14665600
2025-10-21 00:00:00-04:00,MSFT,Moderate Volatility,516.533257830336,517.7210372272165,512.0815676283437,516.6929321289062,15586200
2025-10-22 00:00:00-04:00,MSFT,Moderate Volatility,520.1764726871388,524.2488070435115,516.7428964573043,519.5675659179688,18962700
2025-10-23 00:00:00-04:00,MSFT,Moderate Volatility,521.4839993377199,522.9712060783663,517.6411550810741,519.5875244140625,14023500
2025-10-24 00:00:00-04:00,MSFT,Moderate Volatility,521.8133604589415,524.3685757173844,519.7372899447384,522.6318359375,15532400
2025-10-27 00:00:00-04:00,MSFT,Moderate Volatility,530.7866236569336,533.5813808592218,528.0217787333662,530.527099609375,18734700
2025-10-28 00:00:00-04:00,MSFT,Moderate Volatility,548.9725518014023,552.6855732732587,539.7598137450263,541.057373046875,29986700
2025-10-29 00:00:00-04:00,MSFT,Moderate Volatility,543.9220119141725,545.2495444281135,535.7273269044096,540.538330078125,36023000
2025-10-30 00:00:00-04:00,MSFT,Moderate Volatility,529.4889853080866,533.9705877450752,521.1446173319796,524.77783203125,41023100
2025-10-31 00:00:00-04:00,MSFT,Moderate Volatility,527.8919782690999,528.3311587204174,514.137692119172,516.8426513671875,34006400
2025-11-03 00:00:00-05:00,MSFT,Moderate Volatility,518.8389228578652,523.9793263365088,513.628703759196,516.0641479492188,22374700
2025-11-04 00:00:00-05:00,MSFT,Moderate Volatility,510.80399534425794,514.5868933466259,506.8913048594995,513.3692016601562,20958700
2025-11-05 00:00:00-05:00,MSFT,Moderate Volatility,512.3410686781482,513.8682396575209,505.6336213981725,506.2125549316406,23024300
2025-11-06 00:00:00-05:00,MSFT,Moderate Volatility,504.7153625290288,504.75529633258907,494.88375756631746,496.1713562011719,27406500
2025-11-07 00:00:00-05:00,MSFT,Moderate Volatility,496.02163823572937,498.4470913363115,492.32853818272196,495.8918762207031,24019800
2025-11-10 00:00:00-05:00,MSFT,Moderate Volatility,499.10586069795033,505.9031361854127,497.8681564860657,505.0547180175781,26101500
2025-11-11 00:00:00-05:00,MSFT,Moderate Volatility,503.85694933091565,508.64800052182136,501.411544557113,507.7297058105469,17980000
2025-11-12 00:00:00-05:00,MSFT,Moderate Volatility,508.4084461357136,510.7141588310794,498.18758530403636,510.1851501464844,26574900
2025-11-13 00:00:00-05:00,MSFT,Moderate Volatility,509.3566671737073,512.54071024479,500.3535287599438,502.34979248046875,25273100
2025-11-14 00:00:00-05:00,MSFT,Moderate Volatility,497.2992409027003,510.644258818196,496.51070821491913,509.2268981933594,28505700
2025-11-17 00:00:00-05:00,MSFT,Moderate Volatility,507.5001596757347,511.16328656765256,503.9667643395777,506.54193115234375,19092800
2025-11-18 00:00:00-05:00,MSFT,Moderate Volatility,494.44458869198826,502.0403882023454,485.87063942574486,492.8675537109375,33815100
2025-11-19 00:00:00-05:00,MSFT,Moderate Volatility,489.18443539234676,494.264922953439,481.9279972054541,486.2099914550781,23245300
2025-11-20 00:00:00-05:00,MSFT,Moderate Volatility,492.7099914550781,493.57000732421875,475.5,478.42999267578125,26802500
2025-11-21 00:00:00-05:00,MSFT,Moderate Volatility,478.5,478.9200134277344,468.2699890136719,472.1199951171875,31769200
2025-11-24 00:00:00-05:00,MSFT,Moderate Volatility,475.0,476.8999938964844,468.0199890136719,474.0,34421000
2025-11-25 00:00:00-05:00,MSFT,Moderate Volatility,474.07000732421875,479.1499938964844,464.8900146484375,476.989990234375,28019800
2025-11-26 00:00:00-05:00,MSFT,Moderate Volatility,486.30999755859375,488.30999755859375,481.20001220703125,485.5,25709100
2025-11-28 00:00:00-05:00,MSFT,Moderate Volatility,487.6000061035156,492.6300048828125,486.6499938964844,492.010009765625,14386700
2025-12-01 00:00:00-05:00,MSFT,Moderate Volatility,488.44000244140625,489.8599853515625,484.6499938964844,486.739990234375,23964000
2025-12-02 00:00:00-05:00,MSFT,Moderate Volatility,486.7200012207031,493.5,486.32000732421875,490.0,19562700
2025-12-03 00:00:00-05:00,MSFT,Moderate Volatility,476.32000732421875,484.239990234375,475.20001220703125,477.7300109863281,34615100
2025-12-04 00:00:00-05:00,MSFT,Moderate Volatility,479.760009765625,481.32000732421875,476.489990234375,480.8399963378906,22318200
2025-12-05 00:00:00-05:00,MSFT,Moderate Volatility,482.5199890136719,483.3999938964844,478.8800048828125,483.1600036621094,22608700
2025-12-08 00:00:00-05:00,MSFT,Moderate Volatility,484.8900146484375,492.29998779296875,484.3800048828125,491.0199890136719,21965900
2025-12-09 00:00:00-05:00,MSFT,Moderate Volatility,489.1000061035156,492.1199951171875,488.5,492.0199890136719,14696100
2025-12-10 00:00:00-05:00,MSFT,Moderate Volatility,484.0299987792969,484.25,475.0799865722656,478.55999755859375,35756200
2025-12-11 00:00:00-05:00,MSFT,Moderate Volatility,476.6300048828125,486.0299987792969,475.8599853515625,483.4700012207031,24669200
2025-12-12 00:00:00-05:00,MSFT,Moderate Volatility,479.82000732421875,482.45001220703125,476.3399963378906,478.5299987792969,21248100
2025-12-15 00:00:00-05:00,MSFT,Moderate Volatility,480.1000061035156,480.7200012207031,472.5199890136719,474.82000732421875,23727700
2025-12-16 00:00:00-05:00,MSFT,Moderate Volatility,471.9100036621094,477.8900146484375,470.8800048828125,476.3900146484375,20705600
2025-12-17 00:00:00-05:00,MSFT,Moderate Volatility,476.9100036621094,480.0,475.0,476.1199951171875,24527200
2025-12-18 00:00:00-05:00,MSFT,Moderate Volatility,478.19000244140625,489.6000061035156,477.8900146484375,483.9800109863281,28573500
2025-12-19 00:00:00-05:00,MSFT,Moderate Volatility,487.3599853515625,487.8500061035156,482.489990234375,485.9200134277344,70836100
2025-12-22 00:00:00-05:00,MSFT,Moderate Volatility,486.1199951171875,488.7300109863281,482.69000244140625,484.9200134277344,16963000
2025-12-23 00:00:00-05:00,MSFT,Moderate Volatility,484.9800109863281,487.8299865722656,484.739990234375,486.8500061035156,14683600
2025-12-24 00:00:00-05:00,MSFT,Moderate Volatility,485.67999267578125,489.1600036621094,484.8299865722656,488.0199890136719,5855900
2025-12-26 00:00:00-05:00,MSFT,Moderate Volatility,486.7099914550781,488.1199951171875,485.9599914550781,487.7099914550781,8842200
2025-12-29 00:00:00-05:00,MSFT,Moderate Volatility,484.8599853515625,488.3500061035156,484.17999267578125,487.1000061035156,10893400
2025-12-30 00:00:00-05:00,MSFT,Moderate Volatility,485.92999267578125,489.67999267578125,485.5,487.4800109863281,13944500
2025-12-31 00:00:00-05:00,MSFT,Moderate Volatility,487.8399963378906,488.1400146484375,483.29998779296875,483.6199951171875,15601600
2026-01-02 00:00:00-05:00,MSFT,Moderate Volatility,484.3900146484375,484.6600036621094,470.1600036621094,472.94000244140625,25571600
2026-01-05 00:00:00-05:00,MSFT,Moderate Volatility,474.05999755859375,476.07000732421875,469.5,472.8500061035156,25250300
2026-01-06 00:00:00-05:00,MSFT,Moderate Volatility,473.79998779296875,478.739990234375,469.75,478.510009765625,23037700
2026-01-07 00:00:00-05:00,MSFT,Moderate Volatility,479.760009765625,489.70001220703125,477.95001220703125,483.4700012207031,25564200
2026-01-08 00:00:00-05:00,MSFT,Moderate Volatility,481.239990234375,482.6600036621094,475.8599853515625,478.1099853515625,18162600
2026-01-09 00:00:00-05:00,MSFT,Moderate Volatility,474.05999755859375,479.82000732421875,472.20001220703125,479.2799987792969,18484000
2025-01-10 00:00:00-05:00,GOOGL,Moderate Volatility,193.54199496025797,195.7533354559894,189.5675553775491,191.29080200195312,26665200
2025-01-13 00:00:00-05:00,GOOGL,Moderate Volatility,189.32851141262705,190.43416651970912,186.62907690279673,190.26483154296875,21823700
2025-01-14 00:00:00-05:00,GOOGL,Moderate Volatility,190.4939429327445,191.23104632862814,187.57536549994643,188.92010498046875,17174900
2025-01-15 00:00:00-05:00,GOOGL,Moderate Volatility,192.33671488233958,195.59396223510123,191.1115176062456,194.78712463378906,21776000
2025-01-16 00:00:00-05:00,GOOGL,Moderate Volatility,193.3826375623353,194.71740642480486,192.05782421701394,192.15744018554688,17815400
2025-01-17 00:00:00-05:00,GOOGL,Moderate Volatility,195.76329797481387,196.46056410218043,192.9941444980855,195.23536682128906,27735100
2025-01-21 00:00:00-05:00,GOOGL,Moderate Volatility,198.29339931939404,201.50082353528188,197.0980685764286,197.27737426757812,29971300
2025-01-22 00:00:00-05:00,GOOGL,Moderate Volatility,198.28342571973468,199.6978841991253,196.75939576380796,197.5961151123047,26200600
2025-01-23 00:00:00-05:00,GOOGL,Moderate Volatility,197.3670210617764,199.5185981768782,194.43848807720923,197.2076416015625,26951400
2025-01-24 00:00:00-05:00,GOOGL,Moderate Volatility,197.32718592161126,200.11625050908367,197.22756995808922,199.428955078125,23877500
2025-01-27 00:00:00-05:00,GOOGL,Moderate Volatility,191.65938720339696,196.11195036774717,189.98593319836488,191.0617218017578,41728900
2025-01-28 00:00:00-05:00,GOOGL,Moderate Volatility,191.99806124313736,194.71740695981467,189.9361292430902,194.53811645507812,24157900
2025-01-29 00:00:00-05:00,GOOGL,Moderate Volatility,194.7970833042233,196.0222806001553,192.6753879484473,194.64767456054688,18218300
2025-01-30 00:00:00-05:00,GOOGL,Moderate Volatility,197.22758104242592,200.61431120284323,196.89886658344366,200.0863800048828,24354700
2025-01-31 00:00:00-05:00,GOOGL,Moderate Volatility,201.2119817615517,204.6784017460065,201.01276501748202,203.22410583496094,32001100
2025-02-03 00:00:00-05:00,GOOGL,Moderate Volatility,199.90707487204236,202.9551348332388,199.31938021531738,200.44496154785156,27838300
2025-02-04 00:00:00-05:00,GOOGL,Moderate Volatility,202.59654903669593,206.24227455727316,202.01880986682883,205.57489013671875,43856400
2025-02-05 00:00:00-05:00,GOOGL,Moderate Volatility,190.32460742693195,191.998046136523,187.29645852491726,190.58358764648438,70373900
2025-02-06 00:00:00-05:00,GOOGL,Moderate Volatility,188.76071037943254,191.3505731714667,187.9837545816744,190.85252380371094,29297400
2025-02-07 00:00:00-05:00,GOOGL,Moderate Volatility,190.3046897826863,190.43417229867478,182.52516013677956,184.61695861816406,49315000
2025-02-10 00:00:00-05:00,GOOGL,Moderate Volatility,186.61914089319663,187.46581586539978,185.1349480135509,185.74256896972656,23105600
2025-02-11 00:00:00-05:00,GOOGL,Moderate Volatility,184.3081534858771,186.21070577705743,183.5610794112602,184.59703063964844,21239500
2025-02-12 00:00:00-05:00,GOOGL,Moderate Volatility,182.5052293386179,184.38785552440282,181.12065256917043,182.89370727539062,22072600
2025-02-13 00:00:00-05:00,GOOGL,Moderate Volatility,183.6009416706382,185.5532868448968,182.42553716023775,185.41383361816406,21402500
2025-02-14 00:00:00-05:00,GOOGL,Moderate Volatility,184.3380502737544,185.67281908148942,183.60094685418304,184.50738525390625,20448400
2025-02-18 00:00:00-05:00,GOOGL,Moderate Volatility,184.87594800082087,185.23454418579348,181.03100592832718,183.05308532714844,29916700
2025-02-19 00:00:00-05:00,GOOGL,Moderate Volatility,183.35191045129994,184.73648715297452,182.87377209155156,184.54722595214844,19549400
2025-02-20 00:00:00-05:00,GOOGL,Moderate Volatility,184.07906552714084,184.587070455128,182.00717815142445,183.83999633789062,20441500
2025-02-21 00:00:00-05:00,GOOGL,Moderate Volatility,184.42769462228776,184.61695583425816,178.38138255149903,178.95912170410156,35199200
2025-02-24 00:00:00-05:00,GOOGL,Moderate Volatility,181.28003655625,182.40561792977684,178.19212401815724,178.55072021484375,29854200
2025-02-25 00:00:00-05:00,GOOGL,Moderate Volatility,177.3454308360551,178.04271218366185,174.0085088406691,174.73565673828125,41913400
2025-02-26 00:00:00-05:00,GOOGL,Moderate Volatility,174.38701976901885,175.39307405965482,170.9106295738481,172.05613708496094,35431300
2025-02-27 00:00:00-05:00,GOOGL,Moderate Volatility,173.31123936714644,173.87900779159736,167.28483845921406,167.8426513671875,39991000
2025-02-28 00:00:00-05:00,GOOGL,Moderate Volatility,168.02194319125016,169.94442183496423,166.11940597917265,169.61570739746094,48130600
2025-03-03 00:00:00-05:00,GOOGL,Moderate Volatility,171.25924816477874,172.69363277465732,165.28265575645824,166.3584442138672,40770500
2025-03-04 00:00:00-05:00,GOOGL,Moderate Volatility,165.59145443625266,172.61393815749824,165.15316857352175,170.25318908691406,45388000
2025-03-05 00:00:00-05:00,GOOGL,Moderate Volatility,169.8547695105912,173.10204608630403,168.40045859307807,172.3450164794922,30954900
2025-03-06 00:00:00-05:00,GOOGL,Moderate Volatility,169.8647356201999,174.12803748089462,169.83485387065045,171.67764282226562,28302000
2025-03-07 00:00:00-05:00,GOOGL,Moderate Volatility,170.5918843353401,174.28741777289434,169.60575619699736,173.18174743652344,27385800
2025-03-10 00:00:00-04:00,GOOGL,Moderate Volatility,167.7966101322015,167.99607150995365,163.23920372577845,165.41319274902344,43604000
2025-03-11 00:00:00-04:00,GOOGL,Moderate Volatility,164.45584068137828,166.29076966008637,160.92558133782,163.58822631835938,39587400
2025-03-12 00:00:00-04:00,GOOGL,Moderate Volatility,166.12124110886077,167.17831943801426,163.07963775446962,166.6497802734375,28372400
2025-03-13 00:00:00-04:00,GOOGL,Moderate Volatility,165.58271795856493,165.67248166266438,161.6635485106855,162.31175231933594,31756200
2025-03-14 00:00:00-04:00,GOOGL,Moderate Volatility,162.82035345635094,166.03148669065808,162.00260445854184,165.03424072265625,31995900
2025-03-17 00:00:00-04:00,GOOGL,Moderate Volatility,164.57550719551887,165.8420138841619,163.21925201833648,163.83753967285156,31184300
2025-03-18 00:00:00-04:00,GOOGL,Moderate Volatility,163.2292289881846,163.797666550582,156.28840488131223,160.22752380371094,42074800
2025-03-19 00:00:00-04:00,GOOGL,Moderate Volatility,161.31450558479577,165.41318720526314,160.5566041117451,163.4386444091797,34275600
2025-03-20 00:00:00-04:00,GOOGL,Moderate Volatility,161.1250457167365,164.43589456907407,160.51672503978745,162.35165405273438,28138500
2025-03-21 00:00:00-04:00,GOOGL,Moderate Volatility,160.76603321155818,163.7876873527184,160.44690718978086,163.5383758544922,36625800
2025-03-24 00:00:00-04:00,GOOGL,Moderate Volatility,166.6098952363908,167.8564527267567,164.68520255854742,167.21820068359375,30879100
2025-03-25 00:00:00-04:00,GOOGL,Moderate Volatility,168.51463564762358,170.16010078341677,167.85646481007365,170.0902862548828,24174400
2025-03-26 00:00:00-04:00,GOOGL,Moderate Volatility,168.53459028680902,169.14291101426645,164.3860428738787,164.60543823242188,28901600
2025-03-27 00:00:00-04:00,GOOGL,Moderate Volatility,164.1766304631432,164.96444818748884,161.55386834836875,161.793212890625,24508300
2025-03-28 00:00:00-04:00,GOOGL,Moderate Volatility,160.04800692471866,161.3743458553731,153.20689914473365,153.90496826171875,48669300
2025-03-31 00:00:00-04:00,GOOGL,Moderate Volatility,152.68834136730996,155.11164193370462,150.24509161947617,154.21412658691406,54603500
2025-04-01 00:00:00-04:00,GOOGL,Moderate Volatility,153.19693997672525,157.66461343058796,153.19693997672525,156.637451171875,30672900
2025-04-02 00:00:00-04:00,GOOGL,Moderate Volatility,154.72270392156926,157.9737354754909,154.2739462849113,156.6074981689453,25041700
2025-04-03 00:00:00-04:00,GOOGL,Moderate Volatility,150.69384170810525,152.35924068042604,149.97582338010557,150.30491638183594,46883400
2025-04-04 00:00:00-04:00,GOOGL,Moderate Volatility,147.60237162636182,150.6539570990706,144.97962505338862,145.1990203857422,62259500
2025-04-07 00:00:00-04:00,GOOGL,Moderate Volatility,141.1601793715283,152.42906261628312,140.14298415460087,146.34585571289062,76794100
2025-04-08 00:00:00-04:00,GOOGL,Moderate Volatility,150.80354683062922,151.82074204837693,142.63609935843277,144.30149841308594,52200200
2025-04-09 00:00:00-04:00,GOOGL,Moderate Volatility,144.0222787835972,159.11061702523395,143.51368875470308,158.27293395996094,70406200
2025-04-10 00:00:00-04:00,GOOGL,Moderate Volatility,156.10888048544342,157.28563866565491,149.51708388683267,152.39913940429688,48022000
2025-04-11 00:00:00-04:00,GOOGL,Moderate Volatility,152.47890126397309,157.23576875594767,152.39913497789206,156.7072296142578,33636200
2025-04-14 00:00:00-04:00,GOOGL,Moderate Volatility,159.5593589601424,161.27462328630523,157.12607630131762,158.63192749023438,30333000
2025-04-15 00:00:00-04:00,GOOGL,Moderate Volatility,158.6917731015249,159.2103301054895,154.78257030571797,155.87953186035156,27551500
2025-04-16 00:00:00-04:00,GOOGL,Moderate Volatility,152.67838302048966,155.46069292632185,151.0927501668845,152.90774536132812,28187400
2025-04-17 00:00:00-04:00,GOOGL,Moderate Volatility,153.86508310192784,154.25400844452392,148.09103529003713,150.74371337890625,33046600
2025-04-21 00:00:00-04:00,GOOGL,Moderate Volatility,148.46997994299036,148.5397792458497,145.69763745597456,147.2633056640625,26049100
2025-04-22 00:00:00-04:00,GOOGL,Moderate Volatility,148.4799748767304,151.7708901311246,148.1309326464279,151.05287170410156,26971800
2025-04-23 00:00:00-04:00,GOOGL,Moderate Volatility,155.1814586711159,157.09616926384234,153.38641273519517,154.92218017578125,31128800
2025-04-24 00:00:00-04:00,GOOGL,Moderate Volatility,155.7199692710382,159.15049822016638,155.36096007364648,158.8413543701172,45894000
2025-04-25 00:00:00-04:00,GOOGL,Moderate Volatility,164.61541287682232,165.6425750916004,160.59649729347288,161.51397705078125,56034000
2025-04-28 00:00:00-04:00,GOOGL,Moderate Volatility,161.98267405118585,162.70069244870191,158.16323494184564,160.16769409179688,29745800
2025-04-29 00:00:00-04:00,GOOGL,Moderate Volatility,159.87849612757626,160.29733764803302,157.086204107764,159.71893310546875,26809000
2025-04-30 00:00:00-04:00,GOOGL,Moderate Volatility,157.5449218586139,158.83137774482094,154.9720253029664,158.3626708984375,34981100
2025-05-01 00:00:00-04:00,GOOGL,Moderate Volatility,160.00812396444732,161.5039930234171,158.47237175928248,160.8557891845703,30203200
2025-05-02 00:00:00-04:00,GOOGL,Moderate Volatility,162.95997467027814,164.51567601619934,161.42420728854916,163.57826232910156,25715000
2025-05-05 00:00:00-04:00,GOOGL,Moderate Volatility,162.55110755610633,164.93452502755278,162.2718798770323,163.75778198242188,21341800
2025-05-06 00:00:00-04:00,GOOGL,Moderate Volatility,161.72339340187466,164.3461554362482,160.74609651363122,162.7804718017578,21277200
2025-05-07 00:00:00-04:00,GOOGL,Moderate Volatility,163.62814193511582,164.545606521222,147.43285979099062,150.96311950683594,127490100
2025-05-08 00:00:00-04:00,GOOGL,Moderate Volatility,154.57313616382487,155.5005676767597,152.4789133936082,153.85511779785156,57498700
2025-05-09 00:00:00-04:00,GOOGL,Moderate Volatility,153.7454179749914,154.62299934708025,151.78084208678038,152.32933044433594,32435300
2025-05-12 00:00:00-04:00,GOOGL,Moderate Volatility,157.0562906900787,158.66185748829406,155.81970007226886,158.02362060546875,44138800
2025-05-13 00:00:00-04:00,GOOGL,Moderate Volatility,158.35270013902556,160.12781218093087,155.72995326636035,159.09066772460938,42382100
2025-05-14 00:00:00-04:00,GOOGL,Moderate Volatility,159.51949150800576,166.5400972975048,159.170449289238,164.91458129882812,48755900
2025-05-15 00:00:00-04:00,GOOGL,Moderate Volatility,165.3832808496498,165.75227223459135,161.92283584781248,163.5084686279297,33146700
2025-05-16 00:00:00-04:00,GOOGL,Moderate Volatility,167.26806720706887,168.88361607338598,165.16387753981013,165.73231506347656,42846900
2025-05-19 00:00:00-04:00,GOOGL,Moderate Volatility,164.0569364118495,166.18107529267584,163.7677417629434,166.0813446044922,30426100
2025-05-20 00:00:00-04:00,GOOGL,Moderate Volatility,165.9716462897934,168.03595283640126,162.45136908866291,163.5283966064453,46607700
2025-05-21 00:00:00-04:00,GOOGL,Moderate Volatility,163.2392111991083,172.66318349220677,163.1095643409873,168.09579467773438,73416000
2025-05-22 00:00:00-04:00,GOOGL,Moderate Volatility,171.37672606938918,176.28317441687045,170.23986627200654,170.3994140625,74864400
2025-05-23 00:00:00-04:00,GOOGL,Moderate Volatility,168.5944139952117,169.49194456610303,167.42763794814334,168.00604248046875,35211400
2025-05-27 00:00:00-04:00,GOOGL,Moderate Volatility,169.69139882784629,172.69310408957966,169.53183580095055,172.42384338378906,37995700
2025-05-28 00:00:00-04:00,GOOGL,Moderate Volatility,172.6831300854681,174.7873198647011,171.4365725199691,171.8853302001953,34784000
2025-05-29 00:00:00-04:00,GOOGL,Moderate Volatility,173.5208093888165,173.93965089581198,170.1600951338123,171.38670349121094,29317300
2025-05-30 00:00:00-04:00,GOOGL,Moderate Volatility,170.87810348795895,171.73573563304672,166.97886808315485,171.26702880859375,52639900
2025-06-02 00:00:00-04:00,GOOGL,Moderate Volatility,167.37775851379809,169.40216659815258,166.9290008745093,168.56448364257812,38612300
2025-06-03 00:00:00-04:00,GOOGL,Moderate Volatility,167.0287408798973,168.01600469808255,164.82482048675826,165.7223358154297,45084900
2025-06-04 00:00:00-04:00,GOOGL,Moderate Volatility,166.28081407126308,167.75673398423967,165.90185569784677,167.5872039794922,26900800
2025-06-05 00:00:00-04:00,GOOGL,Moderate Volatility,169.8708734285067,170.45924489376316,167.128447034404,167.7467498779297,36379100
2025-06-06 00:00:00-04:00,GOOGL,Moderate Volatility,170.35954849552294,174.01943975782734,170.35954849552294,173.20169067382812,35731800
2025-06-09 00:00:00-04:00,GOOGL,Moderate Volatility,174.27003651227847,176.19705935039198,174.1003012753775,175.81764221191406,28935900
2025-06-10 00:00:00-04:00,GOOGL,Moderate Volatility,175.92747903926403,180.8298886948226,174.63948090794972,178.3237762451172,61766100
2025-06-11 00:00:00-04:00,GOOGL,Moderate Volatility,179.49195401036374,180.09101684926247,176.47662077845203,177.07569885253906,31646800
2025-06-12 00:00:00-04:00,GOOGL,Moderate Volatility,175.9075065231488,176.4466798719252,174.47972552416806,175.42825317382812,20941900
2025-06-13 00:00:00-04:00,GOOGL,Moderate Volatility,172.17329464872896,176.85604320367563,172.1233689351953,174.39984130859375,27663100
2025-06-16 00:00:00-04:00,GOOGL,Moderate Volatility,174.45974398959817,176.66633252587772,174.37986589593493,176.49659729003906,27389200
2025-06-17 00:00:00-04:00,GOOGL,Moderate Volatility,175.4282431183839,177.08567926563504,174.30998028900405,175.6778564453125,24973000
2025-06-18 00:00:00-04:00,GOOGL,Moderate Volatility,175.73776761612697,176.28692000243774,172.93211615674434,173.05194091796875,28707500
2025-06-20 00:00:00-04:00,GOOGL,Moderate Volatility,173.68095462694552,174.07035081830173,165.20409556084024,166.38226318359375,75659900
2025-06-23 00:00:00-04:00,GOOGL,Moderate Volatility,166.0128407101847,167.08117785912864,161.74944069273923,164.93450927734375,57671000
2025-06-24 00:00:00-04:00,GOOGL,Moderate Volatility,166.66183161080377,167.95982401484335,165.87306016657053,166.51206970214844,40524300
2025-06-25 00:00:00-04:00,GOOGL,Moderate Volatility,167.37074500344593,172.09342522608725,167.29086690480466,170.416015625,35479000
2025-06-26 00:00:00-04:00,GOOGL,Moderate Volatility,172.16329217484034,173.42135306121023,169.67715325213413,173.27157592773438,31796700
2025-06-27 00:00:00-04:00,GOOGL,Moderate Volatility,173.27158802075178,178.40363764116194,171.46438989107267,178.25387573242188,108140200
2025-06-30 00:00:00-04:00,GOOGL,Moderate Volatility,180.50039372606906,180.949694682379,174.30998606031628,175.95742797851562,63378900
2025-07-01 00:00:00-04:00,GOOGL,Moderate Volatility,175.46818749328466,175.81763700531283,173.26159900853952,175.56802368164062,35904500
2025-07-02 00:00:00-04:00,GOOGL,Moderate Volatility,175.26848197683447,178.58335417760583,174.79922295185074,178.3636932373047,29128900
2025-07-03 00:00:00-04:00,GOOGL,Moderate Volatility,178.22391365801445,179.39210218822254,176.7761594232363,179.2523193359375,21689700
2025-07-07 00:00:00-04:00,GOOGL,Moderate Volatility,178.78304908898676,179.0226833705182,175.40827199123135,176.5165557861328,34175600
2025-07-08 00:00:00-04:00,GOOGL,Moderate Volatility,177.5749242496101,177.67476043779465,172.54271112131266,174.09031677246094,40442500
2025-07-09 00:00:00-04:00,GOOGL,Moderate Volatility,174.97894087050608,179.1624626362242,172.50278095171484,176.34681701660156,43025600
2025-07-10 00:00:00-04:00,GOOGL,Moderate Volatility,175.35836349959487,178.15402063985096,174.11029683512743,177.34527587890625,29252400
2025-07-11 00:00:00-04:00,GOOGL,Moderate Volatility,176.51656530489134,181.14938835134018,176.20704719654847,179.91131591796875,34282900
2025-07-14 00:00:00-04:00,GOOGL,Moderate Volatility,180.7300224544814,183.3859118317051,179.40207776586954,181.2791748046875,32536600
2025-07-15 00:00:00-04:00,GOOGL,Moderate Volatility,182.5272506181519,183.93507346834292,181.31913062189142,181.718505859375,33448300
2025-07-16 00:00:00-04:00,GOOGL,Moderate Volatility,182.95659839065306,184.04490889196538,181.74846312672318,182.68701171875,33104200
2025-07-17 00:00:00-04:00,GOOGL,Moderate Volatility,181.85827589550698,183.77530432362263,180.20083982993623,183.29605102539062,31992600
2025-07-18 00:00:00-04:00,GOOGL,Moderate Volatility,185.113228386666,186.13165497814074,183.42585517412414,184.7737579345703,34014500
2025-07-21 00:00:00-04:00,GOOGL,Moderate Volatility,185.9619181252415,189.99566255854273,185.86206670599856,189.80596923828125,45803100
2025-07-22 00:00:00-04:00,GOOGL,Moderate Volatility,191.20380830960463,191.35357021159422,187.17006365240448,191.04405212402344,44660200
2025-07-23 00:00:00-04:00,GOOGL,Moderate Volatility,191.20381577219638,192.23222149983224,188.88739669642578,189.93577575683594,58681900
2025-07-24 00:00:00-04:00,GOOGL,Moderate Volatility,196.72525594978663,197.64383117376477,190.70458366341637,191.87277221679688,74881700
2025-07-25 00:00:00-04:00,GOOGL,Moderate Volatility,191.68306935737266,194.02944081770818,190.96418172846938,192.88121032714844,39785900
2025-07-28 00:00:00-04:00,GOOGL,Moderate Volatility,193.35047209995227,193.7498625541434,190.54482081320737,192.28213500976562,38139500
2025-07-29 00:00:00-04:00,GOOGL,Moderate Volatility,192.13236281084488,195.61697034161693,191.78291329403916,195.44723510742188,41389200
2025-07-30 00:00:00-04:00,GOOGL,Moderate Volatility,195.2974741739121,197.2943808004953,194.3888780023715,196.2260284423828,32445400
2025-07-31 00:00:00-04:00,GOOGL,Moderate Volatility,195.40729975764043,195.68686545955075,190.79443520574372,191.60317993164062,51329200
2025-08-01 00:00:00-04:00,GOOGL,Moderate Volatility,188.73762721302066,190.53484621084553,187.52950724447476,188.8374786376953,34832200
2025-08-04 00:00:00-04:00,GOOGL,Moderate Volatility,189.9956738002762,194.96798225717674,189.82593856567027,194.7383270263672,31547400
2025-08-05 00:00:00-04:00,GOOGL,Moderate Volatility,194.4088584088549,197.55398036609623,193.59011934927213,194.36891174316406,31602300
2025-08-06 00:00:00-04:00,GOOGL,Moderate Volatility,194.19916035027438,196.32587068335496,193.37044231078846,195.7866973876953,21562900
2025-08-07 00:00:00-04:00,GOOGL,Moderate Volatility,196.75520727948205,197.23446060352177,194.0294340028213,196.21604919433594,26321800
2025-08-08 00:00:00-04:00,GOOGL,Moderate Volatility,196.9149587094283,202.29662132319493,196.86503299798275,201.10845947265625,39161800
2025-08-11 00:00:00-04:00,GOOGL,Moderate Volatility,200.62921267003748,201.16837075965444,198.76210983585918,200.68911743164062,25832400
2025-08-12 00:00:00-04:00,GOOGL,Moderate Volatility,201.0585431482033,204.18370696130674,200.27975076589462,203.02549743652344,30397900
2025-08-13 00:00:00-04:00,GOOGL,Moderate Volatility,203.81428597106753,204.21366121456273,197.2045144743427,201.64764404296875,28342900
2025-08-14 00:00:00-04:00,GOOGL,Moderate Volatility,201.18833871082708,204.12379383237695,200.91875205563483,202.62611389160156,25230400
2025-08-15 00:00:00-04:00,GOOGL,Moderate Volatility,203.534714766441,206.12070520105007,200.96868242883633,203.58462524414062,34931400
2025-08-18 00:00:00-04:00,GOOGL,Moderate Volatility,203.8841712567715,204.9525236553874,202.17682455801943,203.1852569580078,18526600
2025-08-19 00:00:00-04:00,GOOGL,Moderate Volatility,202.7159730378366,203.1253425488118,199.65072931767816,201.25823974609375,24240200
2025-08-20 00:00:00-04:00,GOOGL,Moderate Volatility,200.41952632200108,200.9686786831588,196.29592455953664,199.01171875,28955500
2025-08-21 00:00:00-04:00,GOOGL,Moderate Volatility,199.4410400390625,202.166813191516,199.12152768080315,199.4410400390625,19774600
2025-08-22 00:00:00-04:00,GOOGL,Moderate Volatility,202.41643648326647,208.21744781149425,200.98865555430208,205.771240234375,42827000
2025-08-25 00:00:00-04:00,GOOGL,Moderate Volatility,206.11069972619865,210.19438514977915,204.9624845680577,208.1675262451172,29928900
2025-08-26 00:00:00-04:00,GOOGL,Moderate Volatility,207.18903343187435,207.52851912382437,205.3818354433132,206.81961059570312,28464100
2025-08-27 00:00:00-04:00,GOOGL,Moderate Volatility,205.38184246485358,208.58688428789492,205.3319167524022,207.15908813476562,23022900
2025-08-28 00:00:00-04:00,GOOGL,Moderate Volatility,206.92944327697995,211.8917573213033,206.57997853322107,211.31265258789062,32339300
2025-08-29 00:00:00-04:00,GOOGL,Moderate Volatility,210.1843914975452,214.3179874085232,209.87487342277922,212.5806884765625,39728400
2025-09-02 00:00:00-04:00,GOOGL,Moderate Volatility,208.11761422314743,211.3525932568575,205.88107328271496,211.0231170654297,47523000
2025-09-03 00:00:00-04:00,GOOGL,Moderate Volatility,225.86012385269166,230.95222645491896,224.44230678385503,230.30323791503906,103336100
2025-09-04 00:00:00-04:00,GOOGL,Moderate Volatility,229.2947939629136,232.01058815431742,225.76027598883607,231.94070434570312,51684200
2025-09-05 00:00:00-04:00,GOOGL,Moderate Volatility,231.84086323662245,235.39535470067108,231.5413241866342,234.63653564453125,46588900
2025-09-08 00:00:00-04:00,GOOGL,Moderate Volatility,235.31608185012894,237.97434675109136,233.5172554040335,233.8870086669922,32474700
2025-09-09 00:00:00-04:00,GOOGL,Moderate Volatility,234.0169206603603,240.3128053844981,233.07753270088136,239.47335815429688,38061000
2025-09-10 00:00:00-04:00,GOOGL,Moderate Volatility,238.74382884116824,241.50203443312756,237.6945274082077,239.01365661621094,35141100
2025-09-11 00:00:00-04:00,GOOGL,Moderate Volatility,239.7232054178332,242.09165136894262,236.09557331646107,240.21287536621094,30599300
2025-09-12 00:00:00-04:00,GOOGL,Moderate Volatility,240.21286654309478,241.92175543476245,237.84442067897936,240.64259338378906,26771600
2025-09-15 00:00:00-04:00,GOOGL,Moderate Volatility,244.5000723057695,252.24500622225327,244.5000723057695,251.44552612304688,58383800
2025-09-16 00:00:00-04:00,GOOGL,Moderate Volatility,251.91521585326547,252.87457975705254,249.30692141357196,250.99581909179688,34109700
2025-09-17 00:00:00-04:00,GOOGL,Moderate Volatility,251.0557800198683,251.43553649547647,246.11900683222018,249.36688232421875,34108000
2025-09-18 00:00:00-04:00,GOOGL,Moderate Volatility,251.51547232528497,253.82397511354577,249.6367116291099,251.86524963378906,31239500
2025-09-19 00:00:00-04:00,GOOGL,Moderate Volatility,253.08445699569828,255.83265939150547,251.64539584681071,254.55349731445312,55571400
2025-09-22 00:00:00-04:00,GOOGL,Moderate Volatility,254.2636811395151,255.6128047936517,250.13639113793755,252.36492919921875,32290500
2025-09-23 00:00:00-04:00,GOOGL,Moderate Volatility,252.8745862102155,254.1937306726042,250.31626206974443,251.49549865722656,26628000
2025-09-24 00:00:00-04:00,GOOGL,Moderate Volatility,251.49550432970327,252.18505574615793,246.2789151995329,246.97845458984375,28201000
2025-09-25 00:00:00-04:00,GOOGL,Moderate Volatility,244.24022750230412,246.32887284028934,240.58263166512353,245.6293182373047,31020400
2025-09-26 00:00:00-04:00,GOOGL,Moderate Volatility,246.90849752367055,249.25695217808112,245.80921049475367,246.3788299560547,18503200
2025-09-29 00:00:00-04:00,GOOGL,Moderate Volatility,247.6879914773483,250.98582213384148,242.61131034259105,243.89047241210938,32505800
2025-09-30 00:00:00-04:00,GOOGL,Moderate Volatility,242.65128209661555,243.13096406959585,239.09361157011617,242.94110107421875,34724300
2025-10-01 00:00:00-04:00,GOOGL,Moderate Volatility,240.59263270567308,246.13900797357311,238.45403213601972,244.7399139404297,31658200
2025-10-02 00:00:00-04:00,GOOGL,Moderate Volatility,244.98974812584623,246.64866670301694,242.14162021805868,245.52940368652344,25483300
2025-10-03 00:00:00-04:00,GOOGL,Moderate Volatility,244.33018254314118,246.138996907564,241.5020306823554,245.1896209716797,30249600
2025-10-06 00:00:00-04:00,GOOGL,Moderate Volatility,244.61999567020933,251.1557292673991,244.42012945214807,250.26629638671875,28894700
2025-10-07 00:00:00-04:00,GOOGL,Moderate Volatility,248.10771903747053,250.27629875611288,245.35951661425605,245.59934997558594,23181300
2025-10-08 00:00:00-04:00,GOOGL,Moderate Volatility,244.79988761332393,245.84918907751907,243.66063338889384,244.46009826660156,21307100
2025-10-09 00:00:00-04:00,GOOGL,Moderate Volatility,244.3101967172578,244.60000044134677,238.99366696134817,241.3721160888672,27892100
2025-10-10 00:00:00-04:00,GOOGL,Moderate Volatility,241.27216783484693,243.93043262992407,235.6858257251368,236.4153594970703,33180300
2025-10-13 00:00:00-04:00,GOOGL,Moderate Volatility,240.05299046060216,244.34017953936018,239.55331729181,243.9904022216797,24995000
2025-10-14 00:00:00-04:00,GOOGL,Moderate Volatility,241.07230809804528,246.95845730298234,240.35277752895155,245.28955078125,22111600
2025-10-15 00:00:00-04:00,GOOGL,Moderate Volatility,247.0883778879278,251.94520161834686,245.82920701293574,250.86590576171875,27007700
2025-10-16 00:00:00-04:00,GOOGL,Moderate Volatility,251.60541868813706,256.79201310331337,249.93651222042618,251.29562377929688,27997200
2025-10-17 00:00:00-04:00,GOOGL,Moderate Volatility,250.59608169913423,254.05382673080507,247.64801305801078,253.13442993164062,29671600
2025-10-20 00:00:00-04:00,GOOGL,Moderate Volatility,254.52352413042843,257.1617826336821,254.06381810029453,256.3822937011719,22350200
2025-10-21 00:00:00-04:00,GOOGL,Moderate Volatility,254.5734808325197,254.71338870395212,243.99039197294186,250.29627990722656,47312100
2025-10-22 00:00:00-04:00,GOOGL,Moderate Volatility,254.20372304336274,256.19241249616164,249.12704181794433,251.52548217773438,35029400
2025-10-23 00:00:00-04:00,GOOGL,Moderate Volatility,252.81462530948346,254.8732762688867,251.68537434804077,252.91456604003906,19901400
2025-10-24 00:00:00-04:00,GOOGL,Moderate Volatility,256.412278354529,261.5089509442133,255.1531226659378,259.7501220703125,28655100
2025-10-27 00:00:00-04:00,GOOGL,Moderate Volatility,264.6468909460984,269.9634205104271,264.10723541197956,269.0939636230469,35235200
2025-10-28 00:00:00-04:00,GOOGL,Moderate Volatility,269.5137161039883,270.5530448339537,266.3257988486908,267.295166015625,29738600
2025-10-29 00:00:00-04:00,GOOGL,Moderate Volatility,267.57498405043395,275.1600191542769,267.49504976173847,274.3905334472656,43580300
2025-10-30 00:00:00-04:00,GOOGL,Moderate Volatility,291.3993974290424,291.3993974290424,279.87693527724974,281.2960205078125,74876000
2025-10-31 00:00:00-04:00,GOOGL,Moderate Volatility,283.02486366213384,285.81304844327684,276.8489107040144,281.0061950683594,39267900
2025-11-03 00:00:00-05:00,GOOGL,Moderate Volatility,281.9955439895644,285.3433603410046,279.61709481156873,283.5345458984375,29786000
2025-11-04 00:00:00-05:00,GOOGL,Moderate Volatility,276.56908942406625,281.0861237356038,276.07941949471564,277.35858154296875,30078400
2025-11-05 00:00:00-05:00,GOOGL,Moderate Volatility,278.6876991693174,286.23278206992967,277.15870054271744,284.1241455078125,31010300
2025-11-06 00:00:00-05:00,GOOGL,Moderate Volatility,285.14348075532007,288.1615262521665,280.9562476047489,284.5638732910156,37173600
2025-11-07 00:00:00-05:00,GOOGL,Moderate Volatility,283.0248465894465,283.59448127875606,275.0101005397699,278.647705078125,34479600
2025-11-10 00:00:00-05:00,GOOGL,Moderate Volatility,284.23409016650885,290.6098939896417,282.6750818691635,289.9103698730469,29557300
2025-11-11 00:00:00-05:00,GOOGL,Moderate Volatility,287.56189748708465,291.72918497214437,287.1321858980205,291.11956787109375,19842100
2025-11-12 00:00:00-05:00,GOOGL,Moderate Volatility,291.4893355792204,291.8191369528623,283.504568014819,286.5225830078125,24829900
2025-11-13 00:00:00-05:00,GOOGL,Moderate Volatility,282.15543354563385,282.65510670070455,277.0587612643864,278.3879089355469,29494000
2025-11-14 00:00:00-05:00,GOOGL,Moderate Volatility,271.23257767900105,278.3778974858086,270.52305035910666,276.22930908203125,31647200
2025-11-17 00:00:00-05:00,GOOGL,Moderate Volatility,285.59319216713175,293.7578650793077,283.38464532335746,284.83367919921875,52670200
2025-11-18 00:00:00-05:00,GOOGL,Moderate Volatility,287.7318125744744,288.61121173854644,278.0181648979437,284.09417724609375,49158700
2025-11-19 00:00:00-05:00,GOOGL,Moderate Volatility,286.9722907427786,303.6114007455407,286.44263841708545,292.61859130859375,68198900
2025-11-20 00:00:00-05:00,GOOGL,Moderate Volatility,304.3409354639468,306.2197114167213,288.48131431646567,289.26080322265625,62025200
2025-11-21 00:00:00-05:00,GOOGL,Moderate Volatility,296.2262391249899,303.7213362601199,293.6579118539212,299.464111328125,74137700
2025-11-24 00:00:00-05:00,GOOGL,Moderate Volatility,310.9266228942269,319.27117069793417,309.39762425695875,318.3717346191406,85165100
2025-11-25 00:00:00-05:00,GOOGL,Moderate Volatility,325.9967549915166,328.6150374741804,317.4423529194355,323.22857666015625,88632100
2025-11-26 00:00:00-05:00,GOOGL,Moderate Volatility,320.4703785574214,324.287888914303,316.58293713459693,319.7408752441406,51373400
2025-11-28 00:00:00-05:00,GOOGL,Moderate Volatility,323.15862038246837,326.6363566172421,316.5829348985448,319.970703125,26018600
2025-12-01 00:00:00-05:00,GOOGL,Moderate Volatility,317.49233426982363,319.6409227326276,313.684827275924,314.6841735839844,41183000
2025-12-02 00:00:00-05:00,GOOGL,Moderate Volatility,316.5329308632399,318.17187340075924,313.7047943107319,315.6035461425781,35854700
2025-12-03 00:00:00-05:00,GOOGL,Moderate Volatility,315.68353592029735,321.369788644051,313.89469739870816,319.42108154296875,41838300
2025-12-04 00:00:00-05:00,GOOGL,Moderate Volatility,322.0193865832628,322.14927599125497,314.4943097586067,317.4123840332031,31240900
2025-12-05 00:00:00-05:00,GOOGL,Moderate Volatility,319.28113189003057,322.9487461411032,318.961364259978,321.0599670410156,28851700
2025-12-08 00:00:00-05:00,GOOGL,Moderate Volatility,320.04998779296875,320.44000244140625,311.2200012207031,313.7200012207031,33909400
2025-12-09 00:00:00-05:00,GOOGL,Moderate Volatility,312.3699951171875,317.989990234375,311.8999938964844,317.0799865722656,30194000
2025-12-10 00:00:00-05:00,GOOGL,Moderate Volatility,315.8299865722656,321.30999755859375,314.67999267578125,320.2099914550781,33428900
2025-12-11 00:00:00-05:00,GOOGL,Moderate Volatility,320.0799865722656,321.1199951171875,308.6000061035156,312.42999267578125,42353700
2025-12-12 00:00:00-05:00,GOOGL,Moderate Volatility,313.70001220703125,314.8699951171875,305.55999755859375,309.2900085449219,35940200
2025-12-15 00:00:00-05:00,GOOGL,Moderate Volatility,311.32000732421875,311.4200134277344,304.8800048828125,308.2200012207031,29151900
2025-12-16 00:00:00-05:00,GOOGL,Moderate Volatility,304.95001220703125,310.7699890136719,302.5899963378906,306.57000732421875,30585000
2025-12-17 00:00:00-05:00,GOOGL,Moderate Volatility,308.010009765625,308.0899963378906,296.1199951171875,296.7200012207031,43930400
2025-12-18 00:00:00-05:00,GOOGL,Moderate Volatility,301.7200012207031,303.9599914550781,299.2300109863281,302.4599914550781,33518000
2025-12-19 00:00:00-05:00,GOOGL,Moderate Volatility,301.7300109863281,307.25,300.9700012207031,307.1600036621094,59943200
2025-12-22 00:00:00-05:00,GOOGL,Moderate Volatility,309.8800048828125,310.1300048828125,305.29998779296875,309.7799987792969,26429900
2025-12-23 00:00:00-05:00,GOOGL,Moderate Volatility,309.6300048828125,314.94000244140625,309.32000732421875,314.3500061035156,25478700
2025-12-24 00:00:00-05:00,GOOGL,Moderate Volatility,314.7699890136719,315.0799865722656,311.9200134277344,314.0899963378906,10097400
2025-12-26 00:00:00-05:00,GOOGL,Moderate Volatility,314.4800109863281,315.0899963378906,312.2799987792969,313.510009765625,10899000
2025-12-29 00:00:00-05:00,GOOGL,Moderate Volatility,311.3699951171875,314.0199890136719,310.6199951171875,313.55999755859375,19621800
2025-12-30 00:00:00-05:00,GOOGL,Moderate Volatility,312.5,316.95001220703125,312.4599914550781,313.8500061035156,17380900
2025-12-31 00:00:00-05:00,GOOGL,Moderate Volatility,312.8500061035156,314.5799865722656,311.44000244140625,313.0,16377700
2026-01-02 00:00:00-05:00,GOOGL,Moderate Volatility,316.8999938964844,322.5,310.3299865722656,315.1499938964844,32009400
2026-01-05 00:00:00-05:00,GOOGL,Moderate Volatility,317.6600036621094,319.0199890136719,314.6300048828125,316.5400085449219,30195600
2026-01-06 00:00:00-05:00,GOOGL,Moderate Volatility,316.3999938964844,320.94000244140625,311.7799987792969,314.3399963378906,31212100
2026-01-07 00:00:00-05:00,GOOGL,Moderate Volatility,314.3599853515625,326.1499938964844,314.19000244140625,321.9800109863281,35104400
2026-01-08 00:00:00-05:00,GOOGL,Moderate Volatility,328.9700012207031,330.32000732421875,321.5,325.44000244140625,31896100
2026-01-09 00:00:00-05:00,GOOGL,Moderate Volatility,327.0899963378906,330.8299865722656,325.79998779296875,328.57000732421875,26183500
2025-01-10 00:00:00-05:00,JNJ,Low Volatility,136.81207747245878,139.4027724819699,136.50157487080793,137.84059143066406,8821500
2025-01-13 00:00:00-05:00,JNJ,Low Volatility,138.7332510134552,140.76118577445303,138.08315290932623,140.1790008544922,10376400
2025-01-14 00:00:00-05:00,JNJ,Low Volatility,140.2081242431219,140.50891438990652,138.61683539756845,140.45069885253906,8681700
2025-01-15 00:00:00-05:00,JNJ,Low Volatility,140.99406723547762,141.71209342783047,139.97525088860306,140.66416931152344,7434600
2025-01-16 00:00:00-05:00,JNJ,Low Volatility,140.03348513467333,143.67210447090517,139.78119805179006,143.38101196289062,8964000
2025-01-17 00:00:00-05:00,JNJ,Low Volatility,143.06080504160406,143.9728879484264,142.25545555591154,142.66297912597656,10773100
2025-01-21 00:00:00-05:00,JNJ,Low Volatility,143.17722235028504,144.4386131681025,142.6823755211254,143.74969482421875,11111700
2025-01-22 00:00:00-05:00,JNJ,Low Volatility,139.72297804244877,141.14931796107845,137.8891145478648,140.95526123046875,16834700
2025-01-23 00:00:00-05:00,JNJ,Low Volatility,141.12020600255312,143.5168443086657,140.50891325397842,142.28456115722656,10506400
2025-01-24 00:00:00-05:00,JNJ,Low Volatility,142.44951605535104,143.24516790767248,142.03229481980173,142.459228515625,9887300
2025-01-27 00:00:00-05:00,JNJ,Low Volatility,144.04081025280172,148.8923027827417,143.60417888622317,148.34893798828125,15152300
2025-01-28 00:00:00-05:00,JNJ,Low Volatility,148.12576190234577,148.4265520468043,145.83585701493294,145.91348266601562,10320600
2025-01-29 00:00:00-05:00,JNJ,Low Volatility,146.0299259037615,147.36894258671126,145.5447766482673,146.66061401367188,7156400
2025-01-30 00:00:00-05:00,JNJ,Low Volatility,147.39805052809234,149.56181206453698,146.86438338531534,148.32952880859375,8911000
2025-01-31 00:00:00-05:00,JNJ,Low Volatility,148.0869466132016,148.63031138332443,147.54358184307878,147.6309051513672,8457800
2025-02-03 00:00:00-05:00,JNJ,Low Volatility,147.48538122157126,147.9414227295318,146.30161579310953,147.35923767089844,6687500
2025-02-04 00:00:00-05:00,JNJ,Low Volatility,146.86436624007646,149.60060002589378,146.46654034321475,148.9311065673828,9645000
2025-02-05 00:00:00-05:00,JNJ,Low Volatility,149.25131930333234,150.13427966790974,148.75645760295112,150.09547424316406,8947000
2025-02-06 00:00:00-05:00,JNJ,Low Volatility,150.1924966287998,150.2410145143758,148.8243870112687,148.9505157470703,7418100
2025-02-07 00:00:00-05:00,JNJ,Low Volatility,148.96992370647402,149.90141675708023,148.26160996517143,148.5720977783203,6204900
2025-02-10 00:00:00-05:00,JNJ,Low Volatility,149.04755120942556,149.78497272968093,147.76675009965686,149.65884399414062,6936200
2025-02-11 00:00:00-05:00,JNJ,Low Volatility,149.5326992252359,151.7449785734173,149.36775026043762,151.49270629882812,7554500
2025-02-12 00:00:00-05:00,JNJ,Low Volatility,150.65824151261407,151.03665730844494,149.68794308170627,150.64852905273438,7746000
2025-02-13 00:00:00-05:00,JNJ,Low Volatility,150.6485379345046,153.4333046631849,150.1924964606448,152.57943725585938,10704700
2025-02-14 00:00:00-05:00,JNJ,Low Volatility,152.61823988367905,152.79290130723982,151.42477691073603,151.51210021972656,6411800
2025-02-18 00:00:00-05:00,JNJ,Low Volatility,150.75900098463788,152.0402642777995,149.8787480894548,151.59036254882812,9670700
2025-02-19 00:00:00-05:00,JNJ,Low Volatility,151.60013419693823,154.8277529420788,151.3556178514593,154.42674255371094,7974700
2025-02-20 00:00:00-05:00,JNJ,Low Volatility,153.50734563036613,156.4415415261645,153.50734563036613,156.17745971679688,7224000
2025-02-21 00:00:00-05:00,JNJ,Low Volatility,156.37308919366578,159.92345618086694,155.78624402806446,158.74000549316406,12546900
2025-02-24 00:00:00-05:00,JNJ,Low Volatility,159.11166045689302,161.2536259138946,158.4954894483981,160.14842224121094,10201900
2025-02-25 00:00:00-05:00,JNJ,Low Volatility,160.50052841941465,162.7794075306249,160.3440343830805,162.44686889648438,12303700
2025-02-26 00:00:00-05:00,JNJ,Low Volatility,161.45904531708254,161.50795157411068,158.99431621898793,159.50291442871094,11396400
2025-02-27 00:00:00-05:00,JNJ,Low Volatility,158.74977517472584,160.35380165682466,158.18249551441028,160.1386260986328,8364600
2025-02-28 00:00:00-05:00,JNJ,Low Volatility,160.70591189810517,162.30016316085826,159.13122612068747,161.4003448486328,12037200
2025-03-03 00:00:00-05:00,JNJ,Low Volatility,161.34165979547458,163.65966980002955,161.22428181011645,163.6107635498047,9191500
2025-03-04 00:00:00-05:00,JNJ,Low Volatility,164.39322229847508,166.26133065875257,161.69376736295627,161.79156494140625,11999700
2025-03-05 00:00:00-05:00,JNJ,Low Volatility,160.90151799456612,162.808757279084,159.94301817416357,161.49813842773438,8744800
2025-03-06 00:00:00-05:00,JNJ,Low Volatility,161.3807699509608,162.2316819622656,159.923447322367,162.19256591796875,8037900
2025-03-07 00:00:00-05:00,JNJ,Low Volatility,161.50794230630711,164.76490183944316,161.08736642891208,163.03372192382812,9637600
2025-03-10 00:00:00-04:00,JNJ,Low Volatility,163.8063698533971,166.17328605365597,163.38580894415355,164.02154541015625,17559000
2025-03-11 00:00:00-04:00,JNJ,Low Volatility,163.53251246785644,163.63032496587397,161.42967807730625,162.22190856933594,9890300
2025-03-12 00:00:00-04:00,JNJ,Low Volatility,160.13862615173423,160.60810823744953,158.67152821308082,159.27793884277344,8010700
2025-03-13 00:00:00-04:00,JNJ,Low Volatility,159.84522271857094,160.93087592013097,159.09212309856787,159.41488647460938,5286700
2025-03-14 00:00:00-04:00,JNJ,Low Volatility,158.56394783647585,159.57135394078773,157.56633193696427,159.2388153076172,6235800
2025-03-17 00:00:00-04:00,JNJ,Low Volatility,158.84759702218952,159.9136846715509,158.18250482388353,159.26815795898438,6669800
2025-03-18 00:00:00-04:00,JNJ,Low Volatility,159.8550015183129,161.2438525098817,159.39530961469802,160.64723205566406,7348800
2025-03-19 00:00:00-04:00,JNJ,Low Volatility,160.37338639721838,160.75483130997767,158.65199664909085,159.41488647460938,5936400
2025-03-20 00:00:00-04:00,JNJ,Low Volatility,159.42464838189167,159.62025846257242,158.37811131790625,159.4442138671875,7485900
2025-03-21 00:00:00-04:00,JNJ,Low Volatility,159.42466179444773,160.52988048321126,158.91606360261488,160.0408477783203,17047100
2025-03-24 00:00:00-04:00,JNJ,Low Volatility,159.26815605343467,160.7841603121084,158.93561742030673,159.70828247070312,8046400
2025-03-25 00:00:00-04:00,JNJ,Low Volatility,159.93324619941436,160.58854817658738,157.03816626942583,157.4880828857422,7456200
2025-03-26 00:00:00-04:00,JNJ,Low Volatility,157.67392153668808,158.92584398993955,157.11641712398915,158.1727294921875,7223500
2025-03-27 00:00:00-04:00,JNJ,Low Volatility,158.78891381807773,160.47118739573978,157.78150771244313,159.5518035888672,6752500
2025-03-28 00:00:00-04:00,JNJ,Low Volatility,160.00170160343768,160.91131010864603,159.3366243515368,160.11907958984375,5760300
2025-03-31 00:00:00-04:00,JNJ,Low Volatility,160.76460473122248,162.97504208264036,160.62767617243412,162.20236206054688,12481400
2025-04-01 00:00:00-04:00,JNJ,Low Volatility,157.20444414110437,158.26075654100097,149.77115621737417,149.88851928710938,23303100
2025-04-02 00:00:00-04:00,JNJ,Low Volatility,150.63183061439895,152.37278564446345,150.0841164374023,151.9522247314453,10356900
2025-04-03 00:00:00-04:00,JNJ,Low Volatility,155.26787028769624,157.12618843488838,154.02572314664877,156.3144073486328,13249300
2025-04-04 00:00:00-04:00,JNJ,Low Volatility,155.668883437941,156.31441014554045,149.57552561101676,149.8787384033203,16601700
2025-04-07 00:00:00-04:00,JNJ,Low Volatility,147.96171931513388,149.36036047285884,144.16682112605073,147.31619262695312,18083000
2025-04-08 00:00:00-04:00,JNJ,Low Volatility,150.2210595143276,150.2210595143276,144.7536775716146,146.70980834960938,12018400
2025-04-09 00:00:00-04:00,JNJ,Low Volatility,139.08090083841898,149.829845261848,138.39625802382662,147.65853881835938,18773700
2025-04-10 00:00:00-04:00,JNJ,Low Volatility,147.07168575832006,147.88348181098718,141.94663274141948,145.4285430908203,13830500
2025-04-11 00:00:00-04:00,JNJ,Low Volatility,146.05450453366188,149.00826615085418,144.93951060088102,148.40185546875,9943900
2025-04-14 00:00:00-04:00,JNJ,Low Volatility,148.2649216925591,151.2773647384471,147.85413603958705,150.9741668701172,10685300
2025-04-15 00:00:00-04:00,JNJ,Low Volatility,152.2847744804066,152.87161966956302,148.76374811774744,150.25039672851562,10847700
2025-04-16 00:00:00-04:00,JNJ,Low Volatility,151.96202482263197,152.21633139210977,148.90069009978745,150.5340576171875,7986900
2025-04-17 00:00:00-04:00,JNJ,Low Volatility,150.77856658700517,155.9427507373147,150.77856658700517,154.01596069335938,10981100
2025-04-21 00:00:00-04:00,JNJ,Low Volatility,154.495208400845,154.7592752985423,152.07938580573637,153.47801208496094,6285400
2025-04-22 00:00:00-04:00,JNJ,Low Volatility,154.09420009393824,155.23853477158195,152.83248742498463,154.28981018066406,7136300
2025-04-23 00:00:00-04:00,JNJ,Low Volatility,153.05745491398676,153.65407538583196,150.9448301359028,151.9718017578125,9099400
2025-04-24 00:00:00-04:00,JNJ,Low Volatility,152.3825736708444,152.48037124442914,150.0743390121412,151.53164672851562,8310400
2025-04-25 00:00:00-04:00,JNJ,Low Volatility,150.9350546905758,151.50231947057802,149.10606230479286,151.18934631347656,8643600
2025-04-28 00:00:00-04:00,JNJ,Low Volatility,152.0891629402875,152.3923608129567,150.44602030488312,151.9424591064453,5815200
2025-04-29 00:00:00-04:00,JNJ,Low Volatility,152.0402567091757,153.5758264827086,150.90569731365886,152.49017333984375,5246700
2025-04-30 00:00:00-04:00,JNJ,Low Volatility,154.729936358785,154.729936358785,151.6196956897791,152.8813934326172,9598200
2025-05-01 00:00:00-04:00,JNJ,Low Volatility,151.60013972569152,151.68816203149163,149.9961130378157,151.07199096679688,7325800
2025-05-02 00:00:00-04:00,JNJ,Low Volatility,152.6466653127277,153.28240181632026,151.63924427882918,152.695556640625,5974500
2025-05-05 00:00:00-04:00,JNJ,Low Volatility,153.23349550584211,153.35085857129926,151.33604635245678,151.60012817382812,5464100
2025-05-06 00:00:00-04:00,JNJ,Low Volatility,151.42408543570903,152.48038288598428,150.31886680876866,151.08175659179688,8644200
2025-05-07 00:00:00-04:00,JNJ,Low Volatility,151.34584070987484,154.47564690871295,151.11109964842703,153.8496856689453,7853100
2025-05-08 00:00:00-04:00,JNJ,Low Volatility,152.40214527805017,153.58559595738635,151.3849489880782,152.2456512451172,7606100
2025-05-09 00:00:00-04:00,JNJ,Low Volatility,152.0109098935498,152.636871099945,150.43622413501134,150.8372344970703,6520400
2025-05-12 00:00:00-04:00,JNJ,Low Volatility,148.68550877850797,151.95224368747142,147.86392248642818,150.75900268554688,9023800
2025-05-13 00:00:00-04:00,JNJ,Low Volatility,148.37252421558608,148.37252421558608,144.83193209963198,145.1840362548828,10549600
2025-05-14 00:00:00-04:00,JNJ,Low Volatility,145.40897147901754,145.55569023363782,142.91490189139907,143.14964294433594,10216000
2025-05-15 00:00:00-04:00,JNJ,Low Volatility,144.75368320608158,146.36748519110634,144.09838116083722,146.328369140625,7945800
2025-05-16 00:00:00-04:00,JNJ,Low Volatility,146.38705835886518,148.17691997519955,145.94693187841128,148.01065063476562,8051200
2025-05-19 00:00:00-04:00,JNJ,Low Volatility,148.5583422109476,149.31145669295304,147.73677091644666,149.1451873779297,12639900
2025-05-20 00:00:00-04:00,JNJ,Low Volatility,148.98869160055045,150.6611749359263,148.78329131728185,150.28952026367188,7351500
2025-05-21 00:00:00-04:00,JNJ,Low Volatility,149.82984330615562,151.04263486929065,149.6440084894575,149.82005310058594,7032200
2025-05-22 00:00:00-04:00,JNJ,Low Volatility,149.30167403193045,149.95699096861145,148.04975154159976,149.26255798339844,7535300
2025-05-23 00:00:00-04:00,JNJ,Low Volatility,149.6439934207822,150.1134605939447,148.87132838736704,149.58531188964844,6727300
2025-05-27 00:00:00-04:00,JNJ,Low Volatility,150.45338800363243,151.9527814630419,149.8713709488511,151.17349243164062,6990700
2025-05-28 00:00:00-04:00,JNJ,Low Volatility,151.20308217852158,151.55820484491514,149.87136841653694,150.36459350585938,8459300
2025-05-29 00:00:00-04:00,JNJ,Low Volatility,149.6938177662655,151.95278210010628,149.50638982004466,151.4990234375,6810600
2025-05-30 00:00:00-04:00,JNJ,Low Volatility,151.81468639038377,153.6001739740829,151.1439074500615,153.10694885253906,15529700
2025-06-02 00:00:00-04:00,JNJ,Low Volatility,152.38682490878404,153.43245972774181,150.2363706663291,153.2943572998047,6669300
2025-06-03 00:00:00-04:00,JNJ,Low Volatility,152.70249260805704,153.55084037456984,151.99224726623072,152.32763671875,8209800
2025-06-04 00:00:00-04:00,JNJ,Low Volatility,152.83072710598327,152.83072710598327,151.0551287313226,151.14390563964844,6983900
2025-06-05 00:00:00-04:00,JNJ,Low Volatility,151.59766006113725,152.00210825709343,150.5717584723101,151.57794189453125,5295400
2025-06-06 00:00:00-04:00,JNJ,Low Volatility,151.91333976243808,153.91583258241639,151.91333976243808,152.92938232421875,5391500
2025-06-09 00:00:00-04:00,JNJ,Low Volatility,152.75182236035036,153.87637500739433,152.35723324171644,153.1266632080078,5319000
2025-06-10 00:00:00-04:00,JNJ,Low Volatility,153.3239556869477,155.3067303299207,152.91952252253284,154.33013916015625,6791600
2025-06-11 00:00:00-04:00,JNJ,Low Volatility,154.18216661950095,154.4781046848199,152.6334326071518,153.15625,6016000
2025-06-12 00:00:00-04:00,JNJ,Low Volatility,154.12298520127607,154.55701064707156,153.0674762586382,154.53729248046875,7075500
2025-06-13 00:00:00-04:00,JNJ,Low Volatility,153.85663521935322,155.53359750884889,153.85663521935322,154.97132873535156,6587500
2025-06-16 00:00:00-04:00,JNJ,Low Volatility,154.30054329683657,154.37946112154557,152.35723513798075,153.11680603027344,7024000
2025-06-17 00:00:00-04:00,JNJ,Low Volatility,152.87019486700916,153.17599203302345,150.03908749541546,150.31529235839844,6407100
2025-06-18 00:00:00-04:00,JNJ,Low Volatility,150.50271717202142,150.58161994376783,148.66791916218287,148.68763732910156,8325200
2025-06-20 00:00:00-04:00,JNJ,Low Volatility,149.21045904480982,149.34856147740305,147.02053829080515,147.7603759765625,22605500
2025-06-23 00:00:00-04:00,JNJ,Low Volatility,147.7110601789464,149.3781483936895,147.7110601789464,149.2696533203125,7397900
2025-06-24 00:00:00-04:00,JNJ,Low Volatility,149.4472155592924,150.65068609007142,148.93425720550877,150.12786865234375,9544200
2025-06-25 00:00:00-04:00,JNJ,Low Volatility,149.328845074524,150.99594842112307,148.6876433747355,150.21664428710938,7153700
2025-06-26 00:00:00-04:00,JNJ,Low Volatility,150.6309398996763,151.14389820929034,149.47679499207118,149.95028686523438,7156900
2025-06-27 00:00:00-04:00,JNJ,Low Volatility,149.95029003771032,151.252411531502,148.9638398340629,150.34487915039062,10010800
2025-06-30 00:00:00-04:00,JNJ,Low Volatility,150.09828053109055,150.8973028618818,149.46695294423995,150.68028259277344,9039300
2025-07-01 00:00:00-04:00,JNJ,Low Volatility,150.92687925954553,155.61251766793012,150.7394513148845,153.80731201171875,10896700
2025-07-02 00:00:00-04:00,JNJ,Low Volatility,153.88623472012148,154.1821727972981,152.96884323811335,153.4521942138672,5544000
2025-07-03 00:00:00-04:00,JNJ,Low Volatility,153.32395993610405,154.1624486956881,152.78142432323565,153.89610290527344,3482500
2025-07-07 00:00:00-04:00,JNJ,Low Volatility,153.90596006559838,154.23149042863557,152.79126655447425,153.16612243652344,6270900
2025-07-08 00:00:00-04:00,JNJ,Low Volatility,152.38682973494903,154.63593509089037,152.12049900608696,153.6790771484375,6438200
2025-07-09 00:00:00-04:00,JNJ,Low Volatility,153.67907902335588,154.5668932865029,152.9688486856892,154.16244506835938,6147400
2025-07-10 00:00:00-04:00,JNJ,Low Volatility,153.98487731246095,157.08233023924421,153.70867246946386,155.55332946777344,6732900
2025-07-11 00:00:00-04:00,JNJ,Low Volatility,154.96146054180394,155.0502374485966,153.0773370201251,154.77403259277344,7872000
2025-07-14 00:00:00-04:00,JNJ,Low Volatility,154.74443986347836,155.33631601120078,153.4127411091565,154.69512939453125,10185600
2025-07-15 00:00:00-04:00,JNJ,Low Volatility,154.24135250111084,155.06010796606702,152.7024926111346,153.06747436523438,6873200
2025-07-16 00:00:00-04:00,JNJ,Low Volatility,158.12797880302998,163.86911145702572,157.6347536757916,162.54727172851562,22134800
2025-07-17 00:00:00-04:00,JNJ,Low Volatility,160.96893925475794,162.46834779981697,160.10087329880653,160.7716522216797,11295700
2025-07-18 00:00:00-04:00,JNJ,Low Volatility,161.70876713910133,162.86292706948893,161.14649837622764,161.4818878173828,9792600
2025-07-21 00:00:00-04:00,JNJ,Low Volatility,161.55094784385363,162.68535951354264,160.5743567611228,162.13294982910156,8254000
2025-07-22 00:00:00-04:00,JNJ,Low Volatility,162.76429472280122,165.78283014388003,162.4782307670936,165.6545867919922,9288000
2025-07-23 00:00:00-04:00,JNJ,Low Volatility,166.3155212038957,166.8284645057841,164.33274653193283,166.80874633789062,10617600
2025-07-24 00:00:00-04:00,JNJ,Low Volatility,167.20331234334904,167.68667837003616,166.59171802340538,167.2624969482422,6636900
2025-07-25 00:00:00-04:00,JNJ,Low Volatility,167.44992685210462,167.57817019889325,165.1712292249172,166.0195770263672,6254900
2025-07-28 00:00:00-04:00,JNJ,Low Volatility,165.58553595130317,165.66445377582426,162.81361321765758,163.96775817871094,8014600
2025-07-29 00:00:00-04:00,JNJ,Low Volatility,164.4116625417871,166.49307318631378,164.11572445425492,165.8321533203125,7663400
2025-07-30 00:00:00-04:00,JNJ,Low Volatility,165.42769283300052,166.3253661128563,164.5201604700382,164.99365234375,6189200
2025-07-31 00:00:00-04:00,JNJ,Low Volatility,163.68167560247625,164.80624328827264,162.00471326118884,162.5078125,11036200
2025-08-01 00:00:00-04:00,JNJ,Low Volatility,163.2377747338822,165.34877755789267,162.55712168817175,165.06271362304688,8927800
2025-08-04 00:00:00-04:00,JNJ,Low Volatility,164.76676767754117,168.87040392217878,164.3820527203586,168.72242736816406,12679100
2025-08-05 00:00:00-04:00,JNJ,Low Volatility,168.22921158895198,169.23539501412407,167.35127150727274,168.426513671875,7934400
2025-08-06 00:00:00-04:00,JNJ,Low Volatility,167.60775503277506,169.8469861217651,167.38086065210047,168.27853393554688,8957200
2025-08-07 00:00:00-04:00,JNJ,Low Volatility,168.8506726272556,169.29457219028478,167.61760992326612,169.20579528808594,9315900
2025-08-08 00:00:00-04:00,JNJ,Low Volatility,168.70271724361075,171.6028832369287,168.0812488016039,170.98141479492188,7686800
2025-08-11 00:00:00-04:00,JNJ,Low Volatility,171.05046038088216,172.23421267442555,170.7052118386284,171.46478271484375,7256800
2025-08-12 00:00:00-04:00,JNJ,Low Volatility,171.6423284357666,172.3920251412362,169.48200016954254,170.43885803222656,7916700
2025-08-13 00:00:00-04:00,JNJ,Low Volatility,170.65588315907152,172.17500983134917,170.35994509116315,172.056640625,5878700
2025-08-14 00:00:00-04:00,JNJ,Low Volatility,171.9481366333713,173.33903506571417,170.37968438517322,172.3525848388672,8241700
2025-08-15 00:00:00-04:00,JNJ,Low Volatility,173.19107286100757,174.86803522954472,172.589337622952,174.24656677246094,9477600
2025-08-18 00:00:00-04:00,JNJ,Low Volatility,174.10845947265625,175.16396840661764,173.71388541534543,173.86184692382812,9284000
2025-08-19 00:00:00-04:00,JNJ,Low Volatility,173.65469184395633,175.76569473380323,173.59550723848972,175.39085388183594,9274200
2025-08-20 00:00:00-04:00,JNJ,Low Volatility,176.08137382515258,178.1627845043829,175.58814868838743,176.41676330566406,9030000
2025-08-21 00:00:00-04:00,JNJ,Low Volatility,176.1306980745858,177.63996577800168,175.74598307277464,176.5055389404297,8859600
2025-08-22 00:00:00-04:00,JNJ,Low Volatility,177.60049441757673,178.70532892070915,175.06532513024973,176.86065673828125,9524000
2025-08-25 00:00:00-04:00,JNJ,Low Volatility,177.0875445552974,177.8175080717949,175.87419996883952,175.99258422851562,6229100
2025-08-26 00:00:00-04:00,JNJ,Low Volatility,175.63486479298874,176.04228169685982,174.6610519663747,175.3765106201172,9145000
2025-08-27 00:00:00-04:00,JNJ,Low Volatility,175.85346329418851,176.56892188809329,175.04857616667528,175.67459106445312,5951100
2025-08-28 00:00:00-04:00,JNJ,Low Volatility,175.2572571524081,175.37651036954125,173.52824471043394,174.3430633544922,6424700
2025-08-29 00:00:00-04:00,JNJ,Low Volatility,174.85977436888373,176.29069157209005,174.34305089827734,176.0522003173828,6942300
2025-09-02 00:00:00-04:00,JNJ,Low Volatility,176.3503105295524,178.06939139768684,175.77396803611316,176.93658447265625,9049000
2025-09-03 00:00:00-04:00,JNJ,Low Volatility,176.54904858919326,177.16513205402964,175.41624164537086,176.87696838378906,7111700
2025-09-04 00:00:00-04:00,JNJ,Low Volatility,176.87697204020583,177.77128774394077,176.42981418833836,177.63217163085938,7854800
2025-09-05 00:00:00-04:00,JNJ,Low Volatility,176.87696522230814,178.3774328957435,175.44604802147302,177.3042449951172,9733800
2025-09-08 00:00:00-04:00,JNJ,Low Volatility,176.24100312082155,178.31781328005192,175.58516354553242,177.0061492919922,8382500
2025-09-09 00:00:00-04:00,JNJ,Low Volatility,176.876968171164,176.9663967070775,175.33674434840574,175.84353637695312,6005700
2025-09-10 00:00:00-04:00,JNJ,Low Volatility,175.18770024166173,175.4957419797814,173.23012805020278,174.680908203125,6891600
2025-09-11 00:00:00-04:00,JNJ,Low Volatility,174.64116008341813,177.72160766341042,174.5219220380698,177.37380981445312,5792500
2025-09-12 00:00:00-04:00,JNJ,Low Volatility,176.58880178417093,177.6719211358412,175.60504241670282,176.93658447265625,7220200
2025-09-15 00:00:00-04:00,JNJ,Low Volatility,176.6384757638066,177.86072639674853,175.8137105587591,176.28074645996094,4768100
2025-09-16 00:00:00-04:00,JNJ,Low Volatility,176.44969240184915,176.49936481458425,174.5417926172162,175.34669494628906,7959300
2025-09-17 00:00:00-04:00,JNJ,Low Volatility,175.5951171776068,177.38374858169246,175.4758639648204,176.08201599121094,6714900
2025-09-18 00:00:00-04:00,JNJ,Low Volatility,175.48581111593307,175.90315945566854,172.77302416387383,173.0612030029297,8200900
2025-09-19 00:00:00-04:00,JNJ,Low Volatility,173.58786332896594,176.04228103077807,172.2364431172901,175.07839965820312,25621000
2025-09-22 00:00:00-04:00,JNJ,Low Volatility,174.9790140641156,175.52554705139653,173.02144192218486,173.1108856201172,7193900
2025-09-23 00:00:00-04:00,JNJ,Low Volatility,173.78658720926384,175.85346593800497,173.72696818596185,175.46592712402344,8350400
2025-09-24 00:00:00-04:00,JNJ,Low Volatility,175.0287080814662,175.83359525485707,174.63123780109416,175.5752410888672,6676800
2025-09-25 00:00:00-04:00,JNJ,Low Volatility,176.0820181505387,177.27444415539176,174.80016360688845,176.60867309570312,8475000
2025-09-26 00:00:00-04:00,JNJ,Low Volatility,177.47318969732265,178.77492226884667,176.2012666379313,178.57618713378906,8634400
2025-09-29 00:00:00-04:00,JNJ,Low Volatility,178.6954212051717,180.7225437976727,178.66561169370246,180.47412109375,8597100
2025-09-30 00:00:00-04:00,JNJ,Low Volatility,180.55362147306892,184.81656364117856,179.92760655827345,184.25015258789062,11569000
2025-10-01 00:00:00-04:00,JNJ,Low Volatility,184.8265026093308,185.38296707290417,182.7496923211661,184.87619018554688,13063800
2025-10-02 00:00:00-04:00,JNJ,Low Volatility,183.0279253649323,185.4127774086895,182.92855021205926,184.80662536621094,7728100
2025-10-03 00:00:00-04:00,JNJ,Low Volatility,185.8798109725306,188.58265134111866,185.73076340763467,187.44984436035156,8675100
2025-10-06 00:00:00-04:00,JNJ,Low Volatility,186.81387570153043,188.72176027217148,186.18784562775866,186.97286987304688,5806100
2025-10-07 00:00:00-04:00,JNJ,Low Volatility,182.61056532529332,188.036108684398,181.78580012930843,187.69825744628906,8776800
2025-10-08 00:00:00-04:00,JNJ,Low Volatility,187.67839129958386,189.0198800500613,187.08218587022017,188.49322509765625,5751200
2025-10-09 00:00:00-04:00,JNJ,Low Volatility,188.80126273904844,190.88801960275083,188.53296196228231,189.87445068359375,7484800
2025-10-10 00:00:00-04:00,JNJ,Low Volatility,190.79857818153027,190.85821237015006,188.65221742931723,189.5167236328125,9598000
2025-10-13 00:00:00-04:00,JNJ,Low Volatility,188.63233060413367,190.09305732581876,188.08579761940138,189.69557189941406,7979500
2025-10-14 00:00:00-04:00,JNJ,Low Volatility,191.7028367133322,193.1734949239154,184.7072598099331,189.64590454101562,13613300
2025-10-15 00:00:00-04:00,JNJ,Low Volatility,190.2719241910366,192.34874963993454,188.1056853650577,189.96388244628906,9473000
2025-10-16 00:00:00-04:00,JNJ,Low Volatility,190.1328050345831,191.8320230724124,189.22854271525568,190.9078826904297,10611800
2025-10-17 00:00:00-04:00,JNJ,Low Volatility,191.2854874244109,192.37855341755795,190.47065365451596,192.00094604492188,7764400
2025-10-20 00:00:00-04:00,JNJ,Low Volatility,192.27917428148922,193.25298704268093,191.11655783789408,192.49778747558594,8034700
2025-10-21 00:00:00-04:00,JNJ,Low Volatility,191.79226341394602,192.3288649581203,190.56009647736,190.66940307617188,6716000
2025-10-22 00:00:00-04:00,JNJ,Low Volatility,190.78864544914174,192.2294941661236,190.57003224656304,191.72271728515625,6343100
2025-10-23 00:00:00-04:00,JNJ,Low Volatility,191.34510480569733,192.77602203443016,190.33153590825845,191.25567626953125,8882500
2025-10-24 00:00:00-04:00,JNJ,Low Volatility,190.98737701890485,191.09668361815096,188.2249176879786,189.19873046875,6903400
2025-10-27 00:00:00-04:00,JNJ,Low Volatility,188.79132350755307,189.59621064215713,188.33421906088537,189.099365234375,7126000
2025-10-28 00:00:00-04:00,JNJ,Low Volatility,188.0659271389957,188.31434985456886,185.44258386904394,185.75062561035156,8329500
2025-10-29 00:00:00-04:00,JNJ,Low Volatility,185.52207421850693,185.91955964649702,183.49495160457295,185.42271423339844,10551100
2025-10-30 00:00:00-04:00,JNJ,Low Volatility,185.89968188455046,188.18517382099697,185.7307562633265,187.8572540283203,7072500
2025-10-31 00:00:00-04:00,JNJ,Low Volatility,186.2772978942347,188.3044206054977,185.58170215248379,187.6783905029297,8791700
2025-11-03 00:00:00-05:00,JNJ,Low Volatility,187.80757254089647,187.83738205369508,184.34953259358537,185.08485412597656,7542600
2025-11-04 00:00:00-05:00,JNJ,Low Volatility,185.6512665367905,186.63502595381652,184.44889391598093,185.6810760498047,7209400
2025-11-05 00:00:00-05:00,JNJ,Low Volatility,185.4624538271455,186.64494832760218,184.23027175324168,184.8264923095703,5049400
2025-11-06 00:00:00-05:00,JNJ,Low Volatility,185.58169301110945,186.33690774209137,184.20046337091514,185.79037475585938,6767400
2025-11-07 00:00:00-05:00,JNJ,Low Volatility,186.55553032255438,187.16168236277767,184.5283924466353,185.39291381835938,6959200
2025-11-10 00:00:00-05:00,JNJ,Low Volatility,184.82649961069478,187.23122966784774,183.95204680354126,187.22129821777344,5323800
2025-11-11 00:00:00-05:00,JNJ,Low Volatility,188.19511159082387,192.69652997893053,187.85726033703008,192.6071014404297,7465600
2025-11-12 00:00:00-05:00,JNJ,Low Volatility,192.1400586227106,194.3162439565306,191.85189495482751,193.16355895996094,8803000
2025-11-13 00:00:00-05:00,JNJ,Low Volatility,192.98471086513175,194.76341085397326,192.2294960986243,194.0181427001953,8631600
2025-11-14 00:00:00-05:00,JNJ,Low Volatility,193.76972241198686,195.93596126145505,192.32887366245293,194.69384765625,8824800
2025-11-17 00:00:00-05:00,JNJ,Low Volatility,195.71735093885428,199.0163965828153,194.6640259312004,198.32081604003906,13257000
2025-11-18 00:00:00-05:00,JNJ,Low Volatility,197.7544150164991,199.03628473263817,197.27744764335222,198.73817443847656,12468600
2025-11-19 00:00:00-05:00,JNJ,Low Volatility,198.73817172561604,202.19621166813639,198.12208824527278,201.23233032226562,14690800
2025-11-20 00:00:00-05:00,JNJ,Low Volatility,200.72554663988058,203.21970515199808,200.29826686316107,201.78880310058594,10612600
2025-11-21 00:00:00-05:00,JNJ,Low Volatility,202.6731900950299,205.63438454829935,201.70930876866882,202.61355590820312,13189100
2025-11-24 00:00:00-05:00,JNJ,Low Volatility,202.4247670803831,204.8195504740814,201.71923991459224,204.75,14803900
2025-11-25 00:00:00-05:00,JNJ,Low Volatility,205.17999267578125,207.72000122070312,205.17999267578125,206.6699981689453,10275300
2025-11-26 00:00:00-05:00,JNJ,Low Volatility,206.49000549316406,207.80999755859375,205.94000244140625,207.55999755859375,6729000
2025-11-28 00:00:00-05:00,JNJ,Low Volatility,207.0,207.4600067138672,204.6300048828125,206.9199981689453,5638300
2025-12-01 00:00:00-05:00,JNJ,Low Volatility,206.5,207.6999969482422,205.33999633789062,205.33999633789062,8473700
2025-12-02 00:00:00-05:00,JNJ,Low Volatility,205.24000549316406,205.61000061035156,203.10000610351562,205.4199981689453,8393600
2025-12-03 00:00:00-05:00,JNJ,Low Volatility,205.89999389648438,207.02000427246094,204.99000549316406,205.3300018310547,8363300
2025-12-04 00:00:00-05:00,JNJ,Low Volatility,204.58999633789062,204.86000061035156,201.7100067138672,202.47999572753906,9049900
2025-12-05 00:00:00-05:00,JNJ,Low Volatility,202.97999572753906,203.4499969482422,200.80999755859375,201.92999267578125,7785300
2025-12-08 00:00:00-05:00,JNJ,Low Volatility,202.66000366210938,203.25999450683594,200.99000549316406,201.6199951171875,7785700
2025-12-09 00:00:00-05:00,JNJ,Low Volatility,202.9199981689453,205.5399932861328,199.91000366210938,199.9600067138672,7509400
2025-12-10 00:00:00-05:00,JNJ,Low Volatility,200.58999633789062,206.8000030517578,200.17999267578125,206.5399932861328,11599800
2025-12-11 00:00:00-05:00,JNJ,Low Volatility,207.89999389648438,211.24000549316406,207.8300018310547,210.00999450683594,9009000
2025-12-12 00:00:00-05:00,JNJ,Low Volatility,210.27999877929688,212.27000427246094,208.9600067138672,211.5800018310547,6922700
2025-12-15 00:00:00-05:00,JNJ,Low Volatility,210.35000610351562,215.19000244140625,209.00999450683594,214.1699981689453,8467000
2025-12-16 00:00:00-05:00,JNJ,Low Volatility,214.0,214.72999572753906,208.80999755859375,209.3000030517578,9949800
2025-12-17 00:00:00-05:00,JNJ,Low Volatility,209.38999938964844,211.52000427246094,208.4600067138672,210.3300018310547,8457600
2025-12-18 00:00:00-05:00,JNJ,Low Volatility,209.8000030517578,211.05999755859375,207.75999450683594,208.30999755859375,7499900
2025-12-19 00:00:00-05:00,JNJ,Low Volatility,207.55999755859375,209.24000549316406,206.02999877929688,206.3699951171875,24803900
2025-12-22 00:00:00-05:00,JNJ,Low Volatility,206.1300048828125,208.0800018310547,205.5,207.32000732421875,8187800
2025-12-23 00:00:00-05:00,JNJ,Low Volatility,205.02000427246094,206.52999877929688,203.27999877929688,205.77999877929688,7047300
2025-12-24 00:00:00-05:00,JNJ,Low Volatility,206.0,207.94000244140625,205.57000732421875,207.77999877929688,2376500
2025-12-26 00:00:00-05:00,JNJ,Low Volatility,207.52999877929688,208.0399932861328,206.7100067138672,207.6300048828125,2316700
2025-12-29 00:00:00-05:00,JNJ,Low Volatility,208.0,209.47000122070312,207.3800048828125,207.55999755859375,4348900
2025-12-30 00:00:00-05:00,JNJ,Low Volatility,207.50999450683594,207.69000244140625,206.52000427246094,206.91000366210938,3937400
2025-12-31 00:00:00-05:00,JNJ,Low Volatility,206.91000366210938,207.5,206.3699951171875,206.9499969482422,4083800
2026-01-02 00:00:00-05:00,JNJ,Low Volatility,206.82000732421875,207.38999938964844,203.67999267578125,207.35000610351562,6325500
2026-01-05 00:00:00-05:00,JNJ,Low Volatility,205.8699951171875,205.94000244140625,200.91000366210938,204.30999755859375,9477000
2026-01-06 00:00:00-05:00,JNJ,Low Volatility,204.60000610351562,206.7100067138672,204.1199951171875,204.7899932861328,8107900
2026-01-07 00:00:00-05:00,JNJ,Low Volatility,205.25999450683594,208.25999450683594,205.02999877929688,207.49000549316406,7545900
2026-01-08 00:00:00-05:00,JNJ,Low Volatility,206.92999267578125,208.97999572753906,204.97000122070312,205.75,6557800
2026-01-09 00:00:00-05:00,JNJ,Low Volatility,205.91000366210938,206.6999969482422,204.00999450683594,204.38999938964844,6153400
2025-01-10 00:00:00-05:00,PG,Low Volatility,156.02770727149684,157.06043518831177,153.4166980386346,154.4786376953125,8501500
2025-01-13 00:00:00-05:00,PG,Low Volatility,155.24833168237086,155.96927454366786,154.33252493485887,154.75144958496094,6772200
2025-01-14 00:00:00-05:00,PG,Low Volatility,154.76118992963058,155.94978818822037,154.23508126250331,155.62828063964844,5982200
2025-01-15 00:00:00-05:00,PG,Low Volatility,156.45641041969893,157.0019936431833,155.23858541512558,155.5406036376953,8059200
2025-01-16 00:00:00-05:00,PG,Low Volatility,155.51135991290909,156.44665595454472,155.04371932510438,156.36871337890625,5774400
2025-01-17 00:00:00-05:00,PG,Low Volatility,155.62830779378262,157.58656516837036,155.4919119796227,156.98252868652344,7262700
2025-01-21 00:00:00-05:00,PG,Low Volatility,156.81687984045425,158.17110050504635,156.81687984045425,157.55731201171875,13914700
2025-01-22 00:00:00-05:00,PG,Low Volatility,162.79884206781827,163.81206586528387,160.20730705722528,160.4995880126953,14356700
2025-01-23 00:00:00-05:00,PG,Low Volatility,159.6617315470083,162.1947985955006,159.11614833244155,161.873291015625,7614300
2025-01-24 00:00:00-05:00,PG,Low Volatility,162.62509674984875,162.62509674984875,159.9687463532027,160.8705291748047,6199800
2025-01-27 00:00:00-05:00,PG,Low Volatility,163.41906503755777,166.57531254867976,162.8211420008129,166.3008575439453,9170800
2025-01-28 00:00:00-05:00,PG,Low Volatility,165.56569840482737,166.23222767979624,162.82113354336843,162.89955139160156,6716300
2025-01-29 00:00:00-05:00,PG,Low Volatility,163.41905492761234,163.97776152530153,162.59568996434663,162.93875122070312,4850300
2025-01-30 00:00:00-05:00,PG,Low Volatility,164.16401948389768,164.2816537459151,162.64470531098104,164.0954132080078,4136500
2025-01-31 00:00:00-05:00,PG,Low Volatility,162.7133183512419,163.32103800714034,161.93896636894144,162.70352172851562,5464700
2025-02-03 00:00:00-05:00,PG,Low Volatility,162.19380185576506,166.02638996568848,161.95854831666205,165.4186553955078,8668600
2025-02-04 00:00:00-05:00,PG,Low Volatility,165.9381842629177,165.9381842629177,162.987785285339,164.80116271972656,6410900
2025-02-05 00:00:00-05:00,PG,Low Volatility,164.76194389275148,165.79115769291823,163.31125094055383,165.66372680664062,7536800
2025-02-06 00:00:00-05:00,PG,Low Volatility,166.01658943471497,166.56549943914155,164.70312407316916,165.5363006591797,4957900
2025-02-07 00:00:00-05:00,PG,Low Volatility,165.74213765716533,165.77154248249772,164.5462915713944,164.64431762695312,4535600
2025-02-10 00:00:00-05:00,PG,Low Volatility,164.36986366131921,165.14421566110752,163.10539633730664,164.21302795410156,7062900
2025-02-11 00:00:00-05:00,PG,Low Volatility,164.36985406949057,166.21263613007164,163.20341286972598,166.0753936767578,5438100
2025-02-12 00:00:00-05:00,PG,Low Volatility,165.0167999093882,166.71254299501584,164.6443188435241,166.22244262695312,6037400
2025-02-13 00:00:00-05:00,PG,Low Volatility,166.2714480291436,167.98679923868946,165.79114430606754,167.63392639160156,6328300
2025-02-14 00:00:00-05:00,PG,Low Volatility,166.42828101740153,166.63412975862934,159.08658687266205,159.66490173339844,13179500
2025-02-18 00:00:00-05:00,PG,Low Volatility,160.11579766324965,162.47807009140178,158.9885578326006,162.15460205078125,7075300
2025-02-19 00:00:00-05:00,PG,Low Volatility,162.81132587933627,163.56606957362797,161.96835276384394,163.193603515625,7910700
2025-02-20 00:00:00-05:00,PG,Low Volatility,159.91974081598178,164.4580749167228,159.57667953942328,163.8993682861328,6162600
2025-02-21 00:00:00-05:00,PG,Low Volatility,164.12480478040578,167.17322950328233,162.63489555414228,166.85955810546875,9813700
2025-02-24 00:00:00-05:00,PG,Low Volatility,166.84976518276625,169.55511374385705,166.4282711021925,167.16342163085938,8564100
2025-02-25 00:00:00-05:00,PG,Low Volatility,167.88878865109004,170.50592294277385,167.41829646386117,169.23165893554688,7314900
2025-02-26 00:00:00-05:00,PG,Low Volatility,168.86896340156173,169.23163284865834,167.2712315879421,167.9083709716797,5519000
2025-02-27 00:00:00-05:00,PG,Low Volatility,167.46730445565598,169.66294456778152,167.25165909368985,168.56512451171875,5467000
2025-02-28 00:00:00-05:00,PG,Low Volatility,170.14322451361457,171.19203139399113,168.44748163786116,170.3980712890625,10240100
2025-03-03 00:00:00-05:00,PG,Low Volatility,170.14323585519278,172.79957132266034,170.0746146283781,172.11343383789062,7615300
2025-03-04 00:00:00-05:00,PG,Low Volatility,173.25046797116778,176.4263235180975,169.4865009977753,169.7511444091797,12117600
2025-03-05 00:00:00-05:00,PG,Low Volatility,169.9472045995458,172.38789480542172,169.59433174419706,171.15284729003906,6989100
2025-03-06 00:00:00-05:00,PG,Low Volatility,171.42730049451944,172.35848817182256,169.41788606033327,171.2018585205078,6702500
2025-03-07 00:00:00-05:00,PG,Low Volatility,170.64313471018457,175.34810101841884,170.603933263481,172.46630859375,9566700
2025-03-10 00:00:00-04:00,PG,Low Volatility,173.26027247515884,176.42633154384322,172.3486929921694,172.77017211914062,11047000
2025-03-11 00:00:00-04:00,PG,Low Volatility,172.34868746144588,172.50552315994102,168.90818845700795,169.6923370361328,11032300
2025-03-12 00:00:00-04:00,PG,Low Volatility,166.34004559898744,168.42787774810148,164.44826554319238,165.036376953125,10158800
2025-03-13 00:00:00-04:00,PG,Low Volatility,164.37965141007308,165.93816690513546,163.96796891835896,165.2520294189453,6609000
2025-03-14 00:00:00-04:00,PG,Low Volatility,164.46787371828265,165.252037292724,163.3210406602911,164.64431762695312,6790500
2025-03-17 00:00:00-04:00,PG,Low Volatility,165.0363863771047,167.70253346639882,164.80114778236887,166.39886474609375,9931700
2025-03-18 00:00:00-04:00,PG,Low Volatility,166.70273957320916,166.88896514186985,164.2620344553957,164.38946533203125,6099900
2025-03-19 00:00:00-04:00,PG,Low Volatility,164.5462846869382,165.40886607840176,163.80133754855868,165.23243713378906,7569200
2025-03-20 00:00:00-04:00,PG,Low Volatility,165.5461008882058,165.8597723013832,162.7427261988066,164.23263549804688,8789200
2025-03-21 00:00:00-04:00,PG,Low Volatility,163.83073573784415,164.81093638602,160.87052559248409,163.3896484375,16027300
2025-03-24 00:00:00-04:00,PG,Low Volatility,163.13480993455235,163.56610067425322,162.0860028690771,162.37025451660156,6102100
2025-03-25 00:00:00-04:00,PG,Low Volatility,162.02719080739186,162.0957970840465,158.9885624276868,159.62570190429688,8366700
2025-03-26 00:00:00-04:00,PG,Low Volatility,160.1158008123247,163.5170986605815,159.76292793895095,163.28184509277344,7756000
2025-03-27 00:00:00-04:00,PG,Low Volatility,164.54627950487298,165.6833158565979,163.32102868361986,165.36965942382812,6211700
2025-03-28 00:00:00-04:00,PG,Low Volatility,166.02641732974595,166.34988539057267,164.30125433867002,164.70314025878906,5479100
2025-03-31 00:00:00-04:00,PG,Low Volatility,164.77174896492124,167.75155260805298,164.77174896492124,167.04580688476562,11520100
2025-04-01 00:00:00-04:00,PG,Low Volatility,167.19284075408748,167.66333290271322,165.71272812325796,167.1830291748047,7021100
2025-04-02 00:00:00-04:00,PG,Low Volatility,166.7027493186328,167.49670953585996,164.9775864202859,166.14402770996094,6274500
2025-04-03 00:00:00-04:00,PG,Low Volatility,170.78035700879747,171.33907856487176,167.34965469468202,168.97679138183594,9393300
2025-04-04 00:00:00-04:00,PG,Low Volatility,168.3690717672986,170.16284077215002,160.2334032877569,160.5078582763672,13454200
2025-04-07 00:00:00-04:00,PG,Low Volatility,160.41965237746504,161.4390545386722,156.0381539911366,157.05755615234375,15708000
2025-04-08 00:00:00-04:00,PG,Low Volatility,159.09638298774206,160.04717892162685,153.60726770487824,155.25399780273438,11541100
2025-04-09 00:00:00-04:00,PG,Low Volatility,154.244383826234,161.41944522281392,153.5876511474539,159.10618591308594,10670200
2025-04-10 00:00:00-04:00,PG,Low Volatility,159.67468870160636,161.8017373911967,157.56726317064133,160.32162475585938,10581600
2025-04-11 00:00:00-04:00,PG,Low Volatility,160.1353820818893,164.69332426845705,159.40023156373408,163.6053009033203,8602800
2025-04-14 00:00:00-04:00,PG,Low Volatility,163.7327108168788,166.74193400668685,162.49766337608278,165.78134155273438,9877300
2025-04-15 00:00:00-04:00,PG,Low Volatility,165.79113203373146,166.79094085258433,164.94815890345834,165.1343994140625,8765000
2025-04-16 00:00:00-04:00,PG,Low Volatility,165.9381724033109,166.32045008376,162.5074699020121,163.09559631347656,5897500
2025-04-17 00:00:00-04:00,PG,Low Volatility,164.21301983793367,168.25144188079534,164.03659089354093,167.25164794921875,7227100
2025-04-21 00:00:00-04:00,PG,Low Volatility,167.5643129706759,167.6234892007177,162.03110971318088,163.48098754882812,8062400
2025-04-22 00:00:00-04:00,PG,Low Volatility,163.5894812051201,166.4596487418237,162.28754395345447,165.5818328857422,7907400
2025-04-23 00:00:00-04:00,PG,Low Volatility,164.12206893602172,164.32920077276793,160.87711385963127,163.46124267578125,9309200
2025-04-24 00:00:00-04:00,PG,Low Volatility,158.30285286655385,158.7565623690021,154.43651708228148,157.34613037109375,20077700
2025-04-25 00:00:00-04:00,PG,Low Volatility,157.69134139658902,159.5850559168125,155.61022545693265,158.81573486328125,12892800
2025-04-28 00:00:00-04:00,PG,Low Volatility,158.8354598896909,160.3346562863379,158.1943639894312,159.63438415527344,8127000
2025-04-29 00:00:00-04:00,PG,Low Volatility,159.08203480961419,160.16698252202323,157.02064920594285,160.03875732421875,8266200
2025-04-30 00:00:00-04:00,PG,Low Volatility,160.2261606873367,160.9264478646976,157.76038408380762,160.3445281982422,12475500
2025-05-01 00:00:00-04:00,PG,Low Volatility,158.46066179058062,159.14121850046533,156.872701150818,157.7899627685547,6792800
2025-05-02 00:00:00-04:00,PG,Low Volatility,158.72694668094883,159.59490476502432,157.71104803704426,158.32257080078125,5750200
2025-05-05 00:00:00-04:00,PG,Low Volatility,158.68752884704355,158.70725927513263,155.85682193749486,156.65573120117188,7576200
2025-05-06 00:00:00-04:00,PG,Low Volatility,155.87651911130675,157.52367104147086,155.49185858298168,157.06996154785156,7703800
2025-05-07 00:00:00-04:00,PG,Low Volatility,156.84311249716177,157.85901118960808,156.3696725832781,157.10940551757812,6430000
2025-05-08 00:00:00-04:00,PG,Low Volatility,156.2118868898112,157.80970534041288,155.84694171227522,156.47817993164062,7230800
2025-05-09 00:00:00-04:00,PG,Low Volatility,155.85681193523436,156.9516173503593,155.25516184133855,155.50173950195312,6453200
2025-05-12 00:00:00-04:00,PG,Low Volatility,155.2748733876335,158.84532805918576,154.54501316215982,158.69737243652344,7378400
2025-05-13 00:00:00-04:00,PG,Low Volatility,157.82943227901438,158.51984671463705,155.2058423737423,156.5570831298828,7780800
2025-05-14 00:00:00-04:00,PG,Low Volatility,155.95543355747913,156.98120505087292,155.41297474548517,155.8568115234375,5988900
2025-05-15 00:00:00-04:00,PG,Low Volatility,157.40530345505638,160.67986183799675,156.52748763190277,160.18670654296875,8727300
2025-05-16 00:00:00-04:00,PG,Low Volatility,160.42340408672447,161.192725107652,159.63436769083287,161.04478454589844,7100800
2025-05-19 00:00:00-04:00,PG,Low Volatility,161.2321974870045,162.889192096753,161.17302125807143,162.514404296875,8119900
2025-05-20 00:00:00-04:00,PG,Low Volatility,162.3565836161561,163.72755470719,162.34672592841662,163.3724822998047,5576600
2025-05-21 00:00:00-04:00,PG,Low Volatility,162.56372446362928,164.09249389271022,162.36645029867168,163.1653594970703,6424200
2025-05-22 00:00:00-04:00,PG,Low Volatility,162.18892384098524,163.92482514718645,161.77467517870676,162.77084350585938,6245600
2025-05-23 00:00:00-04:00,PG,Low Volatility,162.57357881995605,163.94454995884084,161.24205348331088,163.5894775390625,5349800
2025-05-27 00:00:00-04:00,PG,Low Volatility,163.00756655412414,165.68046000759375,163.00756655412414,165.46347045898438,11423800
2025-05-28 00:00:00-04:00,PG,Low Volatility,165.3549779403478,166.52869004658973,164.7730582565509,165.06895446777344,5385900
2025-05-29 00:00:00-04:00,PG,Low Volatility,164.4574250821057,166.67662380013564,164.1615289097208,166.25250244140625,4842500
2025-05-30 00:00:00-04:00,PG,Low Volatility,166.43992225642904,168.64926353131023,166.2919816788302,167.56431579589844,12587500
2025-06-02 00:00:00-04:00,PG,Low Volatility,166.70621532875256,166.7259307040523,163.954400434055,165.48318481445312,7574400
2025-06-03 00:00:00-04:00,PG,Low Volatility,164.496884260075,165.11826476762872,163.62892609713083,164.56593322753906,6223000
2025-06-04 00:00:00-04:00,PG,Low Volatility,164.40811316298087,165.74949615520322,163.64864980160002,163.67823791503906,4939000
2025-06-05 00:00:00-04:00,PG,Low Volatility,163.16536745194793,163.1752401906206,160.28534209204395,160.57138061523438,10351800
2025-06-06 00:00:00-04:00,PG,Low Volatility,161.0546558673488,162.9779736323892,161.04479817903226,161.77467346191406,5697700
2025-06-09 00:00:00-04:00,PG,Low Volatility,161.15329540162023,161.7746759228492,159.85137317845712,160.33465576171875,6544200
2025-06-10 00:00:00-04:00,PG,Low Volatility,160.46288400562636,161.27165092249925,159.70342058192745,160.61082458496094,7680000
2025-06-11 00:00:00-04:00,PG,Low Volatility,160.4037091267874,160.5417920186331,159.47657468872077,159.8908233642578,5960100
2025-06-12 00:00:00-04:00,PG,Low Volatility,159.75273951621588,161.07439219452903,159.46670099559347,160.9461669921875,6509900
2025-06-13 00:00:00-04:00,PG,Low Volatility,160.53192276633473,160.79823086707296,157.72094632487762,158.08587646484375,7104500
2025-06-16 00:00:00-04:00,PG,Low Volatility,158.6776580810547,159.7330026232889,157.81955760382795,158.6776580810547,6332000
2025-06-17 00:00:00-04:00,PG,Low Volatility,157.86888743428398,158.17464134174998,156.14284371802773,156.3499755859375,6809700
2025-06-18 00:00:00-04:00,PG,Low Volatility,156.37955495856676,156.47817699260838,155.50173909109444,155.8568115234375,7211200
2025-06-20 00:00:00-04:00,PG,Low Volatility,155.86666879457928,157.1587333213417,155.68914010383605,156.9022979736328,16173400
2025-06-23 00:00:00-04:00,PG,Low Volatility,156.8924317254972,158.98340534633695,156.8233827607047,158.82559204101562,6588200
2025-06-24 00:00:00-04:00,PG,Low Volatility,158.97353124982223,159.52587781372605,157.46447727410947,158.16476440429688,7470100
2025-06-25 00:00:00-04:00,PG,Low Volatility,157.63217807055918,158.14504878161839,156.53737262786885,156.79380798339844,5933700
2025-06-26 00:00:00-04:00,PG,Low Volatility,157.36586958181638,157.37572727049826,155.01844538357764,156.45846557617188,7410400
2025-06-27 00:00:00-04:00,PG,Low Volatility,156.5077612483099,157.93792368075256,156.1231007102495,157.67161560058594,19257000
2025-06-30 00:00:00-04:00,PG,Low Volatility,157.0798315451555,157.7110697705886,155.96531072441195,157.13902282714844,11238200
2025-07-01 00:00:00-04:00,PG,Low Volatility,157.69134786008405,160.30506500166103,157.19819254658609,159.01300048828125,10664900
2025-07-02 00:00:00-04:00,PG,Low Volatility,158.9340946440863,159.1412264987722,157.67161823907426,158.99327087402344,8848700
2025-07-03 00:00:00-04:00,PG,Low Volatility,159.57517610922574,159.80203837001744,157.6025550234827,158.62832641601562,6999600
2025-07-07 00:00:00-04:00,PG,Low Volatility,158.6875169898189,158.97354045115713,157.10941395856372,158.3028564453125,7225700
2025-07-08 00:00:00-04:00,PG,Low Volatility,157.3362677193161,157.5927030517978,155.28473990974732,155.72857666015625,12034800
2025-07-09 00:00:00-04:00,PG,Low Volatility,155.9357247208229,156.0343467590009,153.8151477262562,155.36366271972656,18770900
2025-07-10 00:00:00-04:00,PG,Low Volatility,155.60035595605092,157.42503659912373,154.89021111495595,156.32037353515625,7200500
2025-07-11 00:00:00-04:00,PG,Low Volatility,155.88639606646956,155.88639606646956,154.29843537069954,154.90008544921875,8053800
2025-07-14 00:00:00-04:00,PG,Low Volatility,153.45021346512905,153.66720301315684,150.76744728033657,151.65512084960938,11491700
2025-07-15 00:00:00-04:00,PG,Low Volatility,151.4578629844641,151.94116062724348,149.82058367209933,150.58990478515625,9142600
2025-07-16 00:00:00-04:00,PG,Low Volatility,150.6490961328743,151.65512217352418,150.18552891712318,151.6255340576172,8479000
2025-07-17 00:00:00-04:00,PG,Low Volatility,151.93126684473086,153.61786446661108,151.77346859845483,153.48963928222656,8320000
2025-07-18 00:00:00-04:00,PG,Low Volatility,152.71209325767808,154.48967131733502,152.56314097461245,154.02293395996094,7337300
2025-07-21 00:00:00-04:00,PG,Low Volatility,153.99314562824213,154.85709918759682,153.81438773327042,153.9534149169922,6328400
2025-07-22 00:00:00-04:00,PG,Low Volatility,153.8441826826949,157.27022171595968,153.82431732648985,157.2205810546875,8187000
2025-07-23 00:00:00-04:00,PG,Low Volatility,157.1212662533838,157.77668661947166,156.58500771646584,157.18084716796875,4804800
2025-07-24 00:00:00-04:00,PG,Low Volatility,157.76674949486846,157.91571693711268,156.9524517246759,157.70716857910156,7027400
2025-07-25 00:00:00-04:00,PG,Low Volatility,156.24737400986112,157.33974129770593,155.92960407792336,157.20071411132812,5799900
2025-07-28 00:00:00-04:00,PG,Low Volatility,156.5353598320872,156.99215692470844,155.14507289368441,156.0189666748047,7885000
2025-07-29 00:00:00-04:00,PG,Low Volatility,157.54827253389936,157.54827253389936,153.7647329385151,155.52244567871094,11466100
2025-07-30 00:00:00-04:00,PG,Low Volatility,155.90972831611163,155.90972831611163,150.99410615454462,151.81834411621094,8162900
2025-07-31 00:00:00-04:00,PG,Low Volatility,150.74584512973325,150.94445322182833,148.86897062670647,149.42507934570312,11845400
2025-08-01 00:00:00-04:00,PG,Low Volatility,150.7259784831005,152.42411023453823,149.47473387607997,149.60382080078125,8594200
2025-08-04 00:00:00-04:00,PG,Low Volatility,149.20660556504535,150.40820952169784,148.97820701728784,149.7130584716797,7679400
2025-08-05 00:00:00-04:00,PG,Low Volatility,149.66342122263458,151.02390259190332,149.27613013160342,149.4647979736328,6670100
2025-08-06 00:00:00-04:00,PG,Low Volatility,149.81238106404246,152.41418210669133,149.16690093070395,151.79849243164062,7376200
2025-08-07 00:00:00-04:00,PG,Low Volatility,152.05667714547644,152.94049607289915,151.63959558843922,152.4241180419922,6719000
2025-08-08 00:00:00-04:00,PG,Low Volatility,151.7091182320431,152.72202410062286,151.51051012954667,152.4439697265625,5811000
2025-08-11 00:00:00-04:00,PG,Low Volatility,152.47376023441552,154.3109192769718,152.2453616741109,153.9037628173828,7331700
2025-08-12 00:00:00-04:00,PG,Low Volatility,153.98321003035622,154.45987250998377,153.23841827657637,154.01300048828125,6938000
2025-08-13 00:00:00-04:00,PG,Low Volatility,154.1321719326598,155.9196599552201,153.8739677694877,154.33078002929688,5812400
2025-08-14 00:00:00-04:00,PG,Low Volatility,153.56612254900423,153.6257034625584,152.20564118009628,152.67237854003906,6343700
2025-08-15 00:00:00-04:00,PG,Low Volatility,153.39730740628025,154.51946513923528,153.13911839240126,153.28807067871094,7121700
2025-08-18 00:00:00-04:00,PG,Low Volatility,153.34765073084475,155.83028984088853,153.09938681984036,154.6386260986328,8274500
2025-08-19 00:00:00-04:00,PG,Low Volatility,154.6485463831562,157.59792276624896,154.5889654708232,157.3000030517578,7868100
2025-08-20 00:00:00-04:00,PG,Low Volatility,157.47876351174628,159.91174677295075,157.3099458731055,158.4022979736328,7840400
2025-08-21 00:00:00-04:00,PG,Low Volatility,156.83326852909482,157.9554262410194,156.08847680585137,157.62771606445312,6417500
2025-08-22 00:00:00-04:00,PG,Low Volatility,158.27320663756868,159.56416679743407,157.21062987046224,157.56813049316406,5797300
2025-08-25 00:00:00-04:00,PG,Low Volatility,157.2900780819457,157.59792289780728,154.80743904715723,155.0656280517578,4692500
2025-08-26 00:00:00-04:00,PG,Low Volatility,154.83723078500768,155.61181295804715,154.26125670583,154.8868865966797,6338000
2025-08-27 00:00:00-04:00,PG,Low Volatility,155.065637808508,156.03884328141413,154.70813715889145,155.87002563476562,4551200
2025-08-28 00:00:00-04:00,PG,Low Volatility,155.90973825465326,155.91966335621234,153.9534173968114,154.56910705566406,5857400
2025-08-29 00:00:00-04:00,PG,Low Volatility,155.00604782500864,156.4658407961474,154.56910092850094,155.94944763183594,5318200
2025-09-02 00:00:00-04:00,PG,Low Volatility,156.26723813181923,157.75682161102972,155.88987213484802,156.8928680419922,6432800
2025-09-03 00:00:00-04:00,PG,Low Volatility,156.5552163190572,157.53834686228527,155.4132083888322,157.0716094970703,6592500
2025-09-04 00:00:00-04:00,PG,Low Volatility,157.41918821438233,158.64064243919776,156.7141120251865,158.08453369140625,6934900
2025-09-05 00:00:00-04:00,PG,Low Volatility,157.44897469767807,159.4450110783647,157.3099475142396,158.9087677001953,6436200
2025-09-08 00:00:00-04:00,PG,Low Volatility,158.5016164419749,159.15703682228894,157.15106012170375,157.90577697753906,7178400
2025-09-09 00:00:00-04:00,PG,Low Volatility,157.50855776642823,158.75980243449237,157.10140131192162,158.3526611328125,4984900
2025-09-10 00:00:00-04:00,PG,Low Volatility,157.49862849363453,157.8362637701154,154.8074410773866,156.25730895996094,6205500
2025-09-11 00:00:00-04:00,PG,Low Volatility,156.62474281994054,158.2434284247454,156.29703262770738,157.52842712402344,5819500
2025-09-12 00:00:00-04:00,PG,Low Volatility,156.83327251312446,158.02495142284727,156.6843202258225,156.80348205566406,5957000
2025-09-15 00:00:00-04:00,PG,Low Volatility,156.78363249437024,157.4191875108382,155.11529110562498,155.7409210205078,5995000
2025-09-16 00:00:00-04:00,PG,Low Volatility,156.04876930573735,157.2900889085744,155.80050538516994,156.95245361328125,6559600
2025-09-17 00:00:00-04:00,PG,Low Volatility,157.3297989477332,160.5473047003985,157.3297989477332,159.21661376953125,6764200
2025-09-18 00:00:00-04:00,PG,Low Volatility,157.05174666754644,157.91571539621702,156.06863126133166,156.22752380371094,7651500
2025-09-19 00:00:00-04:00,PG,Low Volatility,156.5154949585322,156.52542005959327,154.88688436777977,154.95639038085938,17224800
2025-09-22 00:00:00-04:00,PG,Low Volatility,154.99612632734056,154.99612632734056,151.98716894613847,152.0070343017578,8712900
2025-09-23 00:00:00-04:00,PG,Low Volatility,152.136114893359,152.22548626068308,149.92160514809314,151.44097900390625,8853400
2025-09-24 00:00:00-04:00,PG,Low Volatility,150.994116003069,152.5631457628522,150.735911833883,151.36154174804688,6483300
2025-09-25 00:00:00-04:00,PG,Low Volatility,152.16591624983818,152.8114115277917,150.72598855721418,151.09341430664062,7511400
2025-09-26 00:00:00-04:00,PG,Low Volatility,151.17284974910808,151.6197217385544,150.47771385965532,151.44097900390625,5721100
2025-09-29 00:00:00-04:00,PG,Low Volatility,151.36154426384016,152.65251967274722,150.73591433927763,152.46383666992188,8139700
2025-09-30 00:00:00-04:00,PG,Low Volatility,152.3943247110678,153.30793407870752,151.778619912247,152.58299255371094,7762600
2025-10-01 00:00:00-04:00,PG,Low Volatility,152.63264989302996,152.8213328903871,150.3585591289462,152.1162567138672,7566000
2025-10-02 00:00:00-04:00,PG,Low Volatility,151.65945555472885,151.7389018226974,150.57702856520672,150.99411010742188,6892100
2025-10-03 00:00:00-04:00,PG,Low Volatility,150.9444561855714,152.36451846711844,150.9444561855714,151.21258544921875,5212600
2025-10-06 00:00:00-04:00,PG,Low Volatility,150.4479360918388,151.26224902589098,149.35556877855595,149.36550903320312,6737000
2025-10-07 00:00:00-04:00,PG,Low Volatility,149.71305984017872,152.1063275214406,149.0079988354484,151.48069763183594,6844400
2025-10-08 00:00:00-04:00,PG,Low Volatility,151.72896241014092,151.72896241014092,149.58397377439974,149.6435546875,5254700
2025-10-09 00:00:00-04:00,PG,Low Volatility,149.6932095524147,149.8222964790399,148.54126139700892,149.53431701660156,6134500
2025-10-10 00:00:00-04:00,PG,Low Volatility,149.89181695529618,150.45785077638692,148.41215863390167,148.65049743652344,7374000
2025-10-13 00:00:00-04:00,PG,Low Volatility,147.96528302316233,148.39228965383253,145.94938138614665,146.4657745361328,7511100
2025-10-14 00:00:00-04:00,PG,Low Volatility,146.54522126774023,148.21354739216497,146.05861857170342,148.12417602539062,8585300
2025-10-15 00:00:00-04:00,PG,Low Volatility,147.49854782099578,148.37244160243384,146.24730321352166,146.39625549316406,10003100
2025-10-16 00:00:00-04:00,PG,Low Volatility,146.98215675814333,149.35555908216645,146.89278538908428,148.56112670898438,8809700
2025-10-17 00:00:00-04:00,PG,Low Volatility,149.52439470853963,150.97424745464548,149.38535237248615,150.34861755371094,8612900
2025-10-20 00:00:00-04:00,PG,Low Volatility,150.53729849486277,151.33174602509973,150.24931903097536,150.9047393798828,5601300
2025-10-21 00:00:00-04:00,PG,Low Volatility,150.9047433328611,151.22251326158414,149.82230115755564,150.5670928955078,6013400
2025-10-22 00:00:00-04:00,PG,Low Volatility,150.249322385297,152.39432621897618,149.74285430764053,151.14306640625,6394400
2025-10-23 00:00:00-04:00,PG,Low Volatility,151.29202705612448,152.2354268476482,149.53431439744128,151.1529998779297,8205400
2025-10-24 00:00:00-04:00,PG,Low Volatility,156.39999389648438,157.39999389648438,151.52999877929688,152.49000549316406,11968500
2025-10-27 00:00:00-04:00,PG,Low Volatility,151.61000061035156,151.75999450683594,150.1300048828125,151.74000549316406,7775300
2025-10-28 00:00:00-04:00,PG,Low Volatility,151.1199951171875,153.1699981689453,150.6199951171875,151.3699951171875,5819300
2025-10-29 00:00:00-04:00,PG,Low Volatility,150.66000366210938,150.97000122070312,148.47000122070312,148.77000427246094,7405500
2025-10-30 00:00:00-04:00,PG,Low Volatility,149.47000122070312,150.8000030517578,149.33999633789062,149.5800018310547,6760700
2025-10-31 00:00:00-04:00,PG,Low Volatility,148.7100067138672,151.10000610351562,148.52999877929688,150.3699951171875,7930300
2025-11-03 00:00:00-05:00,PG,Low Volatility,150.10000610351562,150.22000122070312,147.77000427246094,148.02000427246094,8946400
2025-11-04 00:00:00-05:00,PG,Low Volatility,148.60000610351562,149.5,146.25,147.1699981689453,9295400
2025-11-05 00:00:00-05:00,PG,Low Volatility,146.8699951171875,147.4199981689453,145.64999389648438,145.7899932861328,11199900
2025-11-06 00:00:00-05:00,PG,Low Volatility,145.8800048828125,146.67999267578125,144.4600067138672,146.1300048828125,10024500
2025-11-07 00:00:00-05:00,PG,Low Volatility,146.9499969482422,147.94000244140625,146.0,146.97999572753906,8500100
2025-11-10 00:00:00-05:00,PG,Low Volatility,146.3800048828125,146.6199951171875,144.08999633789062,145.5,10208100
2025-11-11 00:00:00-05:00,PG,Low Volatility,145.9600067138672,148.64999389648438,145.6699981689453,148.5399932861328,7332500
2025-11-12 00:00:00-05:00,PG,Low Volatility,148.52999877929688,149.14999389648438,147.50999450683594,148.00999450683594,7851100
2025-11-13 00:00:00-05:00,PG,Low Volatility,148.17999267578125,149.0,147.63999938964844,147.9600067138672,7566800
2025-11-14 00:00:00-05:00,PG,Low Volatility,149.10000610351562,149.3800048828125,147.61000061035156,147.6699981689453,9150800
2025-11-17 00:00:00-05:00,PG,Low Volatility,147.75,147.97999572753906,145.00999450683594,145.82000732421875,9902300
2025-11-18 00:00:00-05:00,PG,Low Volatility,146.3300018310547,147.38999938964844,145.50999450683594,146.99000549316406,10735200
2025-11-19 00:00:00-05:00,PG,Low Volatility,146.9600067138672,147.5399932861328,145.86000061035156,146.99000549316406,6367000
2025-11-20 00:00:00-05:00,PG,Low Volatility,146.63999938964844,148.66000366210938,146.1300048828125,148.19000244140625,9021300
2025-11-21 00:00:00-05:00,PG,Low Volatility,148.3800048828125,151.5,148.3000030517578,150.9199981689453,12018000
2025-11-24 00:00:00-05:00,PG,Low Volatility,150.10000610351562,150.41000366210938,146.5399932861328,146.97999572753906,13846900
2025-11-25 00:00:00-05:00,PG,Low Volatility,147.32000732421875,148.64999389648438,147.22000122070312,148.49000549316406,10477700
2025-11-26 00:00:00-05:00,PG,Low Volatility,147.9199981689453,148.97000122070312,147.61000061035156,148.25,9238500
2025-11-28 00:00:00-05:00,PG,Low Volatility,147.8000030517578,148.7100067138672,147.17999267578125,148.16000366210938,4707200
2025-12-01 00:00:00-05:00,PG,Low Volatility,148.10000610351562,148.88999938964844,147.35000610351562,147.44000244140625,8240700
2025-12-02 00:00:00-05:00,PG,Low Volatility,145.2899932861328,146.19000244140625,142.50999450683594,145.86000061035156,16376800
2025-12-03 00:00:00-05:00,PG,Low Volatility,145.9199981689453,148.2899932861328,145.86000061035156,146.7100067138672,9125300
2025-12-04 00:00:00-05:00,PG,Low Volatility,146.6699981689453,147.4199981689453,144.5,145.36000061035156,10479300
2025-12-05 00:00:00-05:00,PG,Low Volatility,145.16000366210938,145.6300048828125,143.25,143.4499969482422,12791700
2025-12-08 00:00:00-05:00,PG,Low Volatility,142.91000366210938,142.91000366210938,138.13999938964844,138.33999633789062,17507500
2025-12-09 00:00:00-05:00,PG,Low Volatility,139.19000244140625,140.8800048828125,139.0,139.6300048828125,10375700
2025-12-10 00:00:00-05:00,PG,Low Volatility,139.64999389648438,141.27999877929688,139.5399932861328,139.82000732421875,13650400
2025-12-11 00:00:00-05:00,PG,Low Volatility,141.0,141.83999633789062,140.36000061035156,140.75999450683594,11798000
2025-12-12 00:00:00-05:00,PG,Low Volatility,141.0,143.11000061035156,140.83999633789062,142.83999633789062,10268800
2025-12-15 00:00:00-05:00,PG,Low Volatility,143.27000427246094,145.32000732421875,143.1999969482422,145.1300048828125,13877700
2025-12-16 00:00:00-05:00,PG,Low Volatility,146.10000610351562,146.5399932861328,144.64999389648438,145.2100067138672,10251700
2025-12-17 00:00:00-05:00,PG,Low Volatility,146.69000244140625,148.4499969482422,146.4499969482422,147.80999755859375,9833300
2025-12-18 00:00:00-05:00,PG,Low Volatility,146.6199951171875,147.5,145.35000610351562,145.52000427246094,12239900
2025-12-19 00:00:00-05:00,PG,Low Volatility,145.50999450683594,146.0500030517578,143.94000244140625,144.4600067138672,19345600
2025-12-22 00:00:00-05:00,PG,Low Volatility,143.7100067138672,144.39999389648438,142.4199981689453,142.69000244140625,11731400
2025-12-23 00:00:00-05:00,PG,Low Volatility,142.49000549316406,143.72999572753906,142.0800018310547,143.17999267578125,9541600
2025-12-24 00:00:00-05:00,PG,Low Volatility,142.89999389648438,144.74000549316406,142.8300018310547,144.49000549316406,3259200
2025-12-26 00:00:00-05:00,PG,Low Volatility,144.30999755859375,145.63999938964844,144.30999755859375,144.74000549316406,4711500
2025-12-29 00:00:00-05:00,PG,Low Volatility,144.8000030517578,145.07000732421875,143.9499969482422,144.57000732421875,7662100
2025-12-30 00:00:00-05:00,PG,Low Volatility,144.2899932861328,144.4600067138672,143.57000732421875,144.0500030517578,6006400
2025-12-31 00:00:00-05:00,PG,Low Volatility,144.0,144.13999938964844,143.22999572753906,143.30999755859375,5293200
2026-01-02 00:00:00-05:00,PG,Low Volatility,143.11000061035156,143.33999633789062,141.24000549316406,141.7899932861328,8946100
2026-01-05 00:00:00-05:00,PG,Low Volatility,141.10000610351562,141.35000610351562,139.60000610351562,140.3699951171875,12297300
2026-01-06 00:00:00-05:00,PG,Low Volatility,140.38999938964844,141.4199981689453,139.50999450683594,139.91000366210938,10421800
2026-01-07 00:00:00-05:00,PG,Low Volatility,139.8000030517578,139.8000030517578,137.6199951171875,138.0399932861328,14369100
2026-01-08 00:00:00-05:00,PG,Low Volatility,137.88999938964844,141.77999877929688,137.82000732421875,141.52999877929688,9297100
2026-01-09 00:00:00-05:00,PG,Low Volatility,141.6999969482422,142.3300018310547,140.8300018310547,141.8699951171875,9522700
2025-01-10 00:00:00-05:00,KO,Low Volatility,59.815256609978874,59.88325026999886,58.989613487001584,59.31986999511719,22425000
2025-01-13 00:00:00-05:00,KO,Low Volatility,59.37814899305665,60.07751284879735,58.97018334727955,59.88324737548828,18016200
2025-01-14 00:00:00-05:00,KO,Low Volatility,59.89296242778528,60.29121259835322,59.54327862818872,60.2620735168457,16658300
2025-01-15 00:00:00-05:00,KO,Low Volatility,60.54375839200394,60.82544480129729,59.912384508141166,59.99980545043945,16187200
2025-01-16 00:00:00-05:00,KO,Low Volatility,59.65983719033204,60.51461937880853,59.56270445078138,60.4660530090332,12585500
2025-01-17 00:00:00-05:00,KO,Low Volatility,60.524333842809206,60.97115036571726,60.38834282223262,60.91286849975586,17948900
2025-01-21 00:00:00-05:00,KO,Low Volatility,61.097427337560745,61.41796834450558,60.514619780260965,60.63117980957031,19817100
2025-01-22 00:00:00-05:00,KO,Low Volatility,60.33977798914287,60.50490809421507,59.89296145486179,60.009521484375,18191900
2025-01-23 00:00:00-05:00,KO,Low Volatility,60.02894449789976,60.203786382404544,59.611267074402356,59.76668167114258,16528400
2025-01-24 00:00:00-05:00,KO,Low Volatility,59.9512461373456,60.23293257978119,59.6792677818752,60.145511627197266,19244600
2025-01-27 00:00:00-05:00,KO,Low Volatility,61.06828109206211,62.340740666648664,60.67974644791352,62.03962326049805,20742900
2025-01-28 00:00:00-05:00,KO,Low Volatility,61.68994403222078,62.20475793907842,60.49519352166236,60.57290267944336,14956000
2025-01-29 00:00:00-05:00,KO,Low Volatility,60.76717135686382,61.544244401247944,60.7574558595347,61.02943420410156,11325600
2025-01-30 00:00:00-05:00,KO,Low Volatility,62.02020082901382,62.447593788033736,61.41796967493082,62.214473724365234,13201000
2025-01-31 00:00:00-05:00,KO,Low Volatility,61.874501226355534,62.09790949617839,61.573383799006514,61.660804748535156,12096800
2025-02-03 00:00:00-05:00,KO,Low Volatility,61.36940042970065,61.80650516032914,60.640893780445296,61.53452682495117,12067900
2025-02-04 00:00:00-05:00,KO,Low Volatility,61.78707987623523,61.806507165490814,60.563186590769206,60.87401580810547,15678000
2025-02-05 00:00:00-05:00,KO,Low Volatility,60.9225844199444,61.47624918160592,60.79630889550581,61.311119079589844,10686800
2025-02-06 00:00:00-05:00,KO,Low Volatility,61.79679403281717,61.91335777281097,61.10714191204896,61.544246673583984,13423400
2025-02-07 00:00:00-05:00,KO,Low Volatility,61.61224023658528,62.0881958719744,61.456825622220734,62.01049041748047,13184700
2025-02-10 00:00:00-05:00,KO,Low Volatility,62.26303347075756,62.79727464448304,61.835644237153616,62.70014190673828,16154300
2025-02-11 00:00:00-05:00,KO,Low Volatility,65.56560224195857,65.73072864680198,64.50684274069445,65.66273498535156,30589100
2025-02-12 00:00:00-05:00,KO,Low Volatility,64.95366237222034,66.84777689593264,64.95366237222034,66.74092864990234,26033800
2025-02-13 00:00:00-05:00,KO,Low Volatility,67.02261440359432,67.61513376147185,66.78949434154922,67.50828552246094,24393100
2025-02-14 00:00:00-05:00,KO,Low Volatility,67.37230269914694,68.02310026328827,66.78949879975539,66.89634704589844,20779100
2025-02-18 00:00:00-05:00,KO,Low Volatility,66.58551114824901,67.38201146029208,66.45923191865798,67.07118225097656,15569100
2025-02-19 00:00:00-05:00,KO,Low Volatility,67.22658822583823,68.12022121081665,67.1877336511758,68.06194305419922,16032300
2025-02-20 00:00:00-05:00,KO,Low Volatility,67.71226170217881,68.06194547582986,67.43057158391811,68.03280639648438,13398000
2025-02-21 00:00:00-05:00,KO,Low Volatility,68.30478601261842,69.54810289395681,68.12022861559835,69.30526733398438,21662300
2025-02-24 00:00:00-05:00,KO,Low Volatility,68.80987502964872,69.67437636959446,68.3144958639892,68.5670394897461,21418400
2025-02-25 00:00:00-05:00,KO,Low Volatility,68.8293182897585,69.7132359589463,68.70304645437565,69.4412612915039,21555600
2025-02-26 00:00:00-05:00,KO,Low Volatility,69.22755119299245,69.2372666894222,68.50876008299183,68.77102661132812,14531200
2025-02-27 00:00:00-05:00,KO,Low Volatility,68.69331697299,69.48981722726072,68.40191136818876,68.83901977539062,16789500
2025-02-28 00:00:00-05:00,KO,Low Volatility,69.40240107176737,69.51896481009801,68.53790705872,69.16928100585938,22167400
2025-03-03 00:00:00-05:00,KO,Low Volatility,68.22707350272965,70.28632161799261,67.73169432046701,70.24746704101562,21717600
2025-03-04 00:00:00-05:00,KO,Low Volatility,70.00462543933526,70.56800564065401,67.87738385100369,68.17850494384766,25411900
2025-03-05 00:00:00-05:00,KO,Low Volatility,67.89682101104853,68.71274489886963,67.83853543995214,68.07166290283203,23933600
2025-03-06 00:00:00-05:00,KO,Low Volatility,68.39221034494058,68.50876667029509,67.45971527758564,68.4407730102539,21694000
2025-03-07 00:00:00-05:00,KO,Low Volatility,67.6539773707858,69.76178790632362,67.6539773707858,69.38296508789062,28393300
2025-03-10 00:00:00-04:00,KO,Low Volatility,69.89778375227331,71.1216769980508,69.27612533775999,69.40239715576172,25251200
2025-03-11 00:00:00-04:00,KO,Low Volatility,69.82007427689159,69.97549258518207,68.58647295053534,69.004150390625,28076400
2025-03-12 00:00:00-04:00,KO,Low Volatility,68.35335402165765,68.7030378103025,67.7414036861527,67.93567657470703,18923300
2025-03-13 00:00:00-04:00,KO,Low Volatility,68.23679033729879,68.23679033729879,67.29458720670743,67.62484741210938,15746600
2025-03-14 00:00:00-04:00,KO,Low Volatility,67.03774154254269,67.77162425439738,66.91053042793898,67.67377471923828,14205100
2025-03-17 00:00:00-04:00,KO,Low Volatility,67.75205009159949,68.66206495591886,67.59549232791669,68.61314392089844,15634800
2025-03-18 00:00:00-04:00,KO,Low Volatility,68.60336155899213,68.68164417906696,67.81077056069876,67.88904571533203,12657600
2025-03-19 00:00:00-04:00,KO,Low Volatility,67.07688277629757,67.88904063612624,67.06709558316007,67.79119110107422,14780000
2025-03-20 00:00:00-04:00,KO,Low Volatility,67.82054659585467,68.30980174651687,67.6052731350927,68.21195220947266,16295300
2025-03-21 00:00:00-04:00,KO,Low Volatility,68.2119493572048,68.46636411523437,66.71482985325075,67.19429779052734,47479500
2025-03-24 00:00:00-04:00,KO,Low Volatility,67.32151402904789,67.5954957283564,66.86161297716231,67.4682846069336,12575400
2025-03-25 00:00:00-04:00,KO,Low Volatility,67.46827439826201,67.59548550043641,67.12579732594682,67.33128356933594,12513900
2025-03-26 00:00:00-04:00,KO,Low Volatility,67.43892944796399,68.838199503876,67.41936252636242,68.51528930664062,14478200
2025-03-27 00:00:00-04:00,KO,Low Volatility,68.67184715464153,69.46443803947344,68.5642104338075,69.21981048583984,11663400
2025-03-28 00:00:00-04:00,KO,Low Volatility,69.28831228470301,69.78735463040796,68.03582028919669,68.85777282714844,17412900
2025-03-31 00:00:00-04:00,KO,Low Volatility,69.21003616724889,70.39403272350637,68.97518832229123,70.0809097290039,24016900
2025-04-01 00:00:00-04:00,KO,Low Volatility,70.1396116782726,70.36467230984819,69.6601437689303,70.32553100585938,15309100
2025-04-02 00:00:00-04:00,KO,Low Volatility,70.4135931382239,70.80499871154586,69.5231527377208,69.79713439941406,14606500
2025-04-03 00:00:00-04:00,KO,Low Volatility,70.92242950730864,72.36083337081793,70.76586427660659,71.60738372802734,24959600
2025-04-04 00:00:00-04:00,KO,Low Volatility,70.86371167778125,71.44103661679749,68.29023236555052,68.4272232055664,26517300
2025-04-07 00:00:00-04:00,KO,Low Volatility,64.80673784603908,67.8890391946576,64.63060570050881,66.90074920654297,34258400
2025-04-08 00:00:00-04:00,KO,Low Volatility,67.47806531016575,68.47614993643519,66.30385600737418,66.94966888427734,22774400
2025-04-09 00:00:00-04:00,KO,Low Volatility,66.46041047701569,68.9556144538461,65.8341645511063,68.44678497314453,27918700
2025-04-10 00:00:00-04:00,KO,Low Volatility,68.68163696726228,69.67971413936944,67.49764045835995,69.23938751220703,22450200
2025-04-11 00:00:00-04:00,KO,Low Volatility,69.3861593832731,70.30595386187001,69.02410793466618,69.89498138427734,19988200
2025-04-14 00:00:00-04:00,KO,Low Volatility,69.76778556284995,71.09856013349723,69.40573407370118,70.89306640625,13930200
2025-04-15 00:00:00-04:00,KO,Low Volatility,71.05941232361323,71.06919205034643,70.17875166400839,70.31574249267578,14965500
2025-04-16 00:00:00-04:00,KO,Low Volatility,70.80499751429141,71.10833328240261,69.85584144130323,70.13961029052734,15276200
2025-04-17 00:00:00-04:00,KO,Low Volatility,70.35489169460456,71.85201125129282,70.1787595429094,71.4312515258789,20754500
2025-04-21 00:00:00-04:00,KO,Low Volatility,71.80307620994618,71.89114601049218,70.27660267792626,71.20618438720703,16037200
2025-04-22 00:00:00-04:00,KO,Low Volatility,71.43124423859419,72.78158562020361,71.35296163128457,72.31190490722656,15613500
2025-04-23 00:00:00-04:00,KO,Low Volatility,71.71502054596662,72.36083345980401,70.82457259249617,71.72480773925781,16353900
2025-04-24 00:00:00-04:00,KO,Low Volatility,71.45081057448813,71.85200333459495,70.74628951077317,70.96155548095703,16893900
2025-04-25 00:00:00-04:00,KO,Low Volatility,71.08878064997823,71.35297516796928,69.60144069068704,70.36468505859375,16316000
2025-04-28 00:00:00-04:00,KO,Low Volatility,70.53101463287236,70.70714676155946,69.77755762359521,70.24724578857422,15997500
2025-04-29 00:00:00-04:00,KO,Low Volatility,69.66014383696945,71.1474760627952,68.76969596759507,70.79521179199219,16244100
2025-04-30 00:00:00-04:00,KO,Low Volatility,71.77373244811479,71.90094357108741,70.14940915437889,70.99092864990234,21074700
2025-05-01 00:00:00-04:00,KO,Low Volatility,70.45273697702824,70.4918782823128,69.69928738026223,69.75799560546875,18034200
2025-05-02 00:00:00-04:00,KO,Low Volatility,69.96348198105291,70.27660495843439,69.57207639296588,70.11026000976562,12629600
2025-05-05 00:00:00-04:00,KO,Low Volatility,70.1298332016149,70.25704432174838,69.48402026913914,70.15918731689453,11932700
2025-05-06 00:00:00-04:00,KO,Low Volatility,70.13961540779711,70.3548888584621,69.63079335976778,70.17875671386719,12705500
2025-05-07 00:00:00-04:00,KO,Low Volatility,70.17875943044922,71.12791560942759,70.12983092960744,70.84414672851562,15018200
2025-05-08 00:00:00-04:00,KO,Low Volatility,70.64843594125327,70.91263788520205,69.60143028900733,69.64057159423828,14371100
2025-05-09 00:00:00-04:00,KO,Low Volatility,69.46444050134699,69.62100572463271,68.94583126373432,69.0045394897461,11228900
2025-05-12 00:00:00-04:00,KO,Low Volatility,68.64249138383838,68.81862351681572,67.22364712778749,68.03581237792969,21539000
2025-05-13 00:00:00-04:00,KO,Low Volatility,68.09453195561596,68.1923889633752,67.39001077166374,67.47807312011719,14389100
2025-05-14 00:00:00-04:00,KO,Low Volatility,67.39978556917544,67.84989940326005,67.10623696369815,67.67377471923828,16286800
2025-05-15 00:00:00-04:00,KO,Low Volatility,68.20216301180405,70.18854513608719,68.10431347763544,70.07112121582031,19817100
2025-05-16 00:00:00-04:00,KO,Low Volatility,70.31573745263611,70.70714299167675,69.89497780461939,70.45272827148438,18441200
2025-05-19 00:00:00-04:00,KO,Low Volatility,70.48208872398422,70.61907955516192,70.10047034206913,70.38423919677734,13282800
2025-05-20 00:00:00-04:00,KO,Low Volatility,70.25704316431842,70.57994589251608,69.89499166247111,70.14940643310547,12137800
2025-05-21 00:00:00-04:00,KO,Low Volatility,70.1494038472651,70.53102225642887,70.04176712001986,70.30596160888672,12094400
2025-05-22 00:00:00-04:00,KO,Low Volatility,70.29617552912048,70.4429535654559,69.43508916296227,69.61122131347656,11101800
2025-05-23 00:00:00-04:00,KO,Low Volatility,70.00262321784437,70.43317011086249,69.17089100987447,70.22767639160156,12822100
2025-05-27 00:00:00-04:00,KO,Low Volatility,70.19832359873485,70.66801180589773,70.02219145422886,70.23746490478516,10666100
2025-05-28 00:00:00-04:00,KO,Low Volatility,70.1591783278018,70.35488484699343,69.52315267038999,69.62100219726562,8710900
2025-05-29 00:00:00-04:00,KO,Low Volatility,69.4742368390806,70.12005727198267,68.94584033909938,69.95370483398438,10291100
2025-05-30 00:00:00-04:00,KO,Low Volatility,70.07111498514136,70.91263434195764,70.07111498514136,70.55058288574219,28019500
2025-06-02 00:00:00-04:00,KO,Low Volatility,70.48208238046047,70.49186957193241,69.82648239519524,70.45272827148438,10202700
2025-06-03 00:00:00-04:00,KO,Low Volatility,70.16896685119434,70.23746226785065,68.95561627095097,69.63079071044922,20139800
2025-06-04 00:00:00-04:00,KO,Low Volatility,69.72864409556387,70.30596157281869,69.16110634591475,69.8362808227539,13565900
2025-06-05 00:00:00-04:00,KO,Low Volatility,69.84605532682359,69.92433793446023,69.3078791965626,69.38616180419922,13531400
2025-06-06 00:00:00-04:00,KO,Low Volatility,69.5525093176465,69.94391490485923,69.41551848193814,69.81670379638672,9524000
2025-06-09 00:00:00-04:00,KO,Low Volatility,69.81670388396098,70.28639208229353,69.5622891321375,70.22767639160156,12281300
2025-06-10 00:00:00-04:00,KO,Low Volatility,70.35488518620862,71.12790914350188,70.21789435483416,70.79521179199219,12265000
2025-06-11 00:00:00-04:00,KO,Low Volatility,70.71693166654556,70.80500147005831,70.21789681992239,70.52123260498047,12718500
2025-06-12 00:00:00-04:00,KO,Low Volatility,70.69737111693219,70.84414915905215,70.06133791137326,70.68758392333984,12806900
2025-06-13 00:00:00-04:00,KO,Low Volatility,70.72699270838764,70.8353947249705,69.70211321827284,69.9878921508789,17467200
2025-06-16 00:00:00-04:00,KO,Low Volatility,70.16528114698137,70.57918320016967,69.21923327408842,69.49516296386719,15045900
2025-06-17 00:00:00-04:00,KO,Low Volatility,69.35719569034912,69.43603488995957,68.56882624980415,68.60824584960938,15437000
2025-06-18 00:00:00-04:00,KO,Low Volatility,68.98272092587185,68.98272092587185,68.08594194494596,68.2042007446289,16227600
2025-06-20 00:00:00-04:00,KO,Low Volatility,68.0859435875848,68.54911449936756,67.78045107918342,67.8395767211914,40859400
2025-06-23 00:00:00-04:00,KO,Low Volatility,68.13521490375908,68.79547625217107,67.96768725150879,68.72649383544922,21822800
2025-06-24 00:00:00-04:00,KO,Low Volatility,68.92360145249675,69.32763923015649,68.67723457000258,69.1896743774414,15216100
2025-06-25 00:00:00-04:00,KO,Low Volatility,68.91373863846626,69.00242709950942,68.4210049166178,68.61809539794922,12540400
2025-06-26 00:00:00-04:00,KO,Low Volatility,68.68707963825112,68.90388368457222,68.14507704096846,68.4604263305664,14454100
2025-06-27 00:00:00-04:00,KO,Low Volatility,68.578678640776,69.53458330375038,68.46042735448324,69.30792999267578,23470700
2025-06-30 00:00:00-04:00,KO,Low Volatility,69.11083209790806,69.76124424766502,69.07141249623913,69.7218246459961,15429000
2025-07-01 00:00:00-04:00,KO,Low Volatility,69.9583303371469,71.3971118742231,69.86964187786046,70.62844848632812,21729300
2025-07-02 00:00:00-04:00,KO,Low Volatility,70.64816476020833,70.78612960341357,69.71196616014988,69.87950134277344,13050200
2025-07-03 00:00:00-04:00,KO,Low Volatility,70.0076102113457,70.36237910324517,69.4261804924193,70.31310272216797,9440500
2025-07-07 00:00:00-04:00,KO,Low Volatility,70.33281147016692,70.33281147016692,69.77109534950942,69.97804260253906,16984700
2025-07-08 00:00:00-04:00,KO,Low Volatility,69.65283872995008,69.65283872995008,68.86446177314531,69.21923065185547,17115500
2025-07-09 00:00:00-04:00,KO,Low Volatility,69.14040169240519,69.22909015631363,67.96769299059243,68.47028350830078,33704100
2025-07-10 00:00:00-04:00,KO,Low Volatility,68.28304517075573,68.83490457447527,68.15493710018383,68.75606536865234,14608400
2025-07-11 00:00:00-04:00,KO,Low Volatility,68.55897101188518,69.1404007239369,68.24362172487206,68.8546142578125,12916700
2025-07-14 00:00:00-04:00,KO,Low Volatility,68.78563240004807,69.06156208863126,68.26332832549261,68.4604263305664,13983200
2025-07-15 00:00:00-04:00,KO,Low Volatility,68.49984952499625,68.53926912807891,68.14508061577283,68.3520278930664,12639800
2025-07-16 00:00:00-04:00,KO,Low Volatility,68.3421677545375,68.48998937920383,67.79030837553799,68.2633285522461,13178300
2025-07-17 00:00:00-04:00,KO,Low Volatility,68.79547694898942,69.6626930748704,68.49984123940966,69.56414031982422,20464700
2025-07-18 00:00:00-04:00,KO,Low Volatility,69.41632960767303,69.67254573142631,68.8151938614858,68.83489990234375,14928000
2025-07-21 00:00:00-04:00,KO,Low Volatility,69.16996320823776,69.59371451546089,68.9137395642489,69.05170440673828,17811700
2025-07-22 00:00:00-04:00,KO,Low Volatility,68.44071214807785,69.2389459039536,67.69176229117227,68.64766693115234,22339900
2025-07-23 00:00:00-04:00,KO,Low Volatility,68.64767150740877,68.72650319545606,67.60307081668631,68.15493774414062,21030000
2025-07-24 00:00:00-04:00,KO,Low Volatility,68.25348071500177,68.5392671903811,67.98740028134638,68.0958023071289,12511400
2025-07-25 00:00:00-04:00,KO,Low Volatility,68.12536768903092,68.22392045691508,67.75089273404109,68.16478729248047,12574800
2025-07-28 00:00:00-04:00,KO,Low Volatility,67.74103451097986,67.89871292142024,67.0709163036491,67.10047912597656,13668800
2025-07-29 00:00:00-04:00,KO,Low Volatility,67.34684748430298,68.41115422261753,67.15961376593845,68.37173461914062,16223400
2025-07-30 00:00:00-04:00,KO,Low Volatility,68.10566155118867,68.32246561059728,67.53408857975155,67.75089263916016,10448200
2025-07-31 00:00:00-04:00,KO,Low Volatility,67.15961263607977,67.65234639347064,66.75556734612942,66.90338897705078,17193400
2025-08-01 00:00:00-04:00,KO,Low Volatility,67.60306742742068,68.03667552328437,67.2778613555229,67.85929107666016,16107500
2025-08-04 00:00:00-04:00,KO,Low Volatility,67.7213298638087,68.0760987760864,67.31728456762333,67.95783996582031,10701500
2025-08-05 00:00:00-04:00,KO,Low Volatility,67.89871005333244,68.4801322506007,67.75088842941877,68.0465316772461,11993400
2025-08-06 00:00:00-04:00,KO,Low Volatility,68.11551569205884,68.78563388675316,67.63263120808126,68.49984741210938,10783000
2025-08-07 00:00:00-04:00,KO,Low Volatility,68.45057416866871,69.6922653695833,68.32246609561808,69.40647888183594,15790800
2025-08-08 00:00:00-04:00,KO,Low Volatility,69.33749310115948,69.84008362554407,69.06156340730763,69.31777954101562,9232700
2025-08-11 00:00:00-04:00,KO,Low Volatility,69.27836728463107,69.83022667095558,68.9433044297053,69.7218246459961,10909400
2025-08-12 00:00:00-04:00,KO,Low Volatility,69.79080558711044,70.0273156735809,69.19952661167423,69.68240356445312,11061100
2025-08-13 00:00:00-04:00,KO,Low Volatility,69.66269597636938,69.74152765776226,69.20938185465056,69.43603515625,10356500
2025-08-14 00:00:00-04:00,KO,Low Volatility,69.35719309441275,69.43603229107238,68.38158247093855,68.53926086425781,10722400
2025-08-15 00:00:00-04:00,KO,Low Volatility,68.72650043929167,69.36705580955595,68.55897277094385,68.90388488769531,12381100
2025-08-18 00:00:00-04:00,KO,Low Volatility,68.9630196086551,69.03200203356498,68.04653452426938,68.1253662109375,14094900
2025-08-19 00:00:00-04:00,KO,Low Volatility,68.29289991353782,69.19952819789006,68.23376675167466,69.11083221435547,13862200
2025-08-20 00:00:00-04:00,KO,Low Volatility,69.71196598732539,70.66787062610618,69.38676743973072,69.67254638671875,17530800
2025-08-21 00:00:00-04:00,KO,Low Volatility,69.5739997755638,69.87949979462438,69.30792687485418,69.63313293457031,8840400
2025-08-22 00:00:00-04:00,KO,Low Volatility,69.92877203369336,69.98789767703626,68.90388494413509,69.11083221435547,12999600
2025-08-25 00:00:00-04:00,KO,Low Volatility,69.09112802963632,69.20938683802069,67.72132878622944,67.92827606201172,13634600
2025-08-26 00:00:00-04:00,KO,Low Volatility,68.03667843815792,68.0760980411544,67.5833642814793,67.73118591308594,17964200
2025-08-27 00:00:00-04:00,KO,Low Volatility,67.8198703930519,67.8691467735301,67.47495828526468,67.82972717285156,11562700
2025-08-28 00:00:00-04:00,KO,Low Volatility,67.87899401680035,67.89870757581357,67.28771506124066,67.3665542602539,16209900
2025-08-29 00:00:00-04:00,KO,Low Volatility,67.67204696175304,68.13521785919872,67.43553688252202,67.98739624023438,14601100
2025-09-02 00:00:00-04:00,KO,Low Volatility,67.95783598206798,68.33231091484431,67.26801175892203,68.05638122558594,24770100
2025-09-03 00:00:00-04:00,KO,Low Volatility,67.66219770073666,68.09579825957357,66.39094380727508,67.98739624023438,33581500
2025-09-04 00:00:00-04:00,KO,Low Volatility,68.10565846097646,68.45057057687627,67.12019097639397,67.2581558227539,16736000
2025-09-05 00:00:00-04:00,KO,Low Volatility,67.02165034743324,67.58336655158995,66.88368549157165,66.97237396240234,23978000
2025-09-08 00:00:00-04:00,KO,Low Volatility,66.873824564207,66.89353060588499,66.18400032767306,66.4500732421875,21671700
2025-09-09 00:00:00-04:00,KO,Low Volatility,66.30225211946602,67.12019194795396,66.30225211946602,66.87382507324219,14120600
2025-09-10 00:00:00-04:00,KO,Low Volatility,66.80484117035142,67.1004769023495,66.23326822922692,66.83440399169922,16041900
2025-09-11 00:00:00-04:00,KO,Low Volatility,66.9329495762758,67.17931644678788,66.59789424126909,66.63731384277344,15128700
2025-09-12 00:00:00-04:00,KO,Low Volatility,66.61760079889063,66.73585960431994,65.96719616533017,66.03617858886719,18712400
2025-09-15 00:00:00-04:00,KO,Low Volatility,66.21492253242528,66.31422354002852,65.63896608167268,65.74819946289062,15986100
2025-09-16 00:00:00-04:00,KO,Low Volatility,65.88721799307102,66.04610565558093,65.59923978690733,65.77798461914062,18555900
2025-09-17 00:00:00-04:00,KO,Low Volatility,65.94680743241825,66.66177921528677,65.94680743241825,66.5724105834961,17372300
2025-09-18 00:00:00-04:00,KO,Low Volatility,66.33408483122071,66.57240875228796,65.88721895601613,65.99645233154297,17722900
2025-09-19 00:00:00-04:00,KO,Low Volatility,66.02623862919148,66.26457011472462,65.58931272474169,65.96665954589844,31192900
2025-09-22 00:00:00-04:00,KO,Low Volatility,65.69855274717962,66.12554632225547,65.61910891062452,65.74819946289062,13298700
2025-09-23 00:00:00-04:00,KO,Low Volatility,65.88722313721227,66.29436712204614,65.44036480983097,66.24471282958984,15072800
2025-09-24 00:00:00-04:00,KO,Low Volatility,65.94680452049731,66.31421898098806,65.49993865273242,65.98651885986328,14759300
2025-09-25 00:00:00-04:00,KO,Low Volatility,66.28443197726769,66.45324444267168,65.49000878826624,65.51980590820312,14395000
2025-09-26 00:00:00-04:00,KO,Low Volatility,65.60917141444838,65.86736007500325,65.0431473815039,65.21195983886719,17821600
2025-09-29 00:00:00-04:00,KO,Low Volatility,65.21196180577135,65.6389629365686,64.89419405095812,65.57938385009766,14818500
2025-09-30 00:00:00-04:00,KO,Low Volatility,65.60917320988517,66.17519725831927,65.49993983420659,65.85742950439453,13815000
2025-10-01 00:00:00-04:00,KO,Low Volatility,66.04611076217434,66.3638785355828,65.82764399742202,66.31422424316406,14877500
2025-10-02 00:00:00-04:00,KO,Low Volatility,66.06596291534362,66.18512866238848,65.40063787408324,65.63896179199219,14350700
2025-10-03 00:00:00-04:00,KO,Low Volatility,65.63896039949117,66.52275217016083,65.57938131532308,66.18512725830078,12249200
2025-10-06 00:00:00-04:00,KO,Low Volatility,66.02624099966201,66.0361733726276,65.38077312815206,65.63896179199219,14333300
2025-10-07 00:00:00-04:00,KO,Low Volatility,65.75812605805034,66.79087311397086,65.41056877388972,66.32415008544922,13328300
2025-10-08 00:00:00-04:00,KO,Low Volatility,66.20498804784562,66.40359763290064,65.59924207174456,65.65882873535156,12606700
2025-10-09 00:00:00-04:00,KO,Low Volatility,65.82763777411702,66.33408271942011,65.65882531774287,65.9070816040039,12705200
2025-10-10 00:00:00-04:00,KO,Low Volatility,66.0560332347687,66.92990026302088,65.91701031230697,66.5724105834961,17991700
2025-10-13 00:00:00-04:00,KO,Low Volatility,65.76805952035286,66.3340835571289,65.53966040058889,66.3340835571289,13690000
2025-10-14 00:00:00-04:00,KO,Low Volatility,66.40359566358465,67.09871025020986,66.2844299160857,67.03913116455078,14245600
2025-10-15 00:00:00-04:00,KO,Low Volatility,66.80079883906086,67.2476647044907,66.45324155006921,66.61212921142578,11193700
2025-10-16 00:00:00-04:00,KO,Low Volatility,66.71143203537027,67.63494575775452,66.6915748652482,67.11856842041016,15707200
2025-10-17 00:00:00-04:00,KO,Low Volatility,67.52571297603451,68.02222557144653,67.32711096834208,67.962646484375,15541800
2025-10-20 00:00:00-04:00,KO,Low Volatility,67.95271411113609,68.16124849206741,67.44626914248516,67.962646484375,17786800
2025-10-21 00:00:00-04:00,KO,Low Volatility,70.07778348964236,70.89206379747803,69.74015858023319,70.72325134277344,33651300
2025-10-22 00:00:00-04:00,KO,Low Volatility,70.86227556857779,71.12046422985016,70.01820570323501,70.31610870361328,18293000
2025-10-23 00:00:00-04:00,KO,Low Volatility,70.31611368051625,70.4352794348104,69.233719823024,69.45218658447266,13989400
2025-10-24 00:00:00-04:00,KO,Low Volatility,69.4223949850019,69.56141790613931,69.16420631309774,69.22378540039062,15688200
2025-10-27 00:00:00-04:00,KO,Low Volatility,69.293296626926,69.63092913153434,68.76699448780037,69.57134246826172,13800000
2025-10-28 00:00:00-04:00,KO,Low Volatility,69.5614209146597,70.40549085126584,69.46211232996849,69.670654296875,12730500
2025-10-29 00:00:00-04:00,KO,Low Volatility,69.43231732459905,69.5415506982238,67.68459849896472,67.8732681274414,19789600
2025-10-30 00:00:00-04:00,KO,Low Volatility,67.97256878321876,68.8067138524675,67.91298969833696,68.4988784790039,14751700
2025-10-31 00:00:00-04:00,KO,Low Volatility,68.07187631032893,68.58824604910015,67.42640845472948,68.41943359375,16742700
2025-11-03 00:00:00-05:00,KO,Low Volatility,68.32013866015963,68.40950729403845,67.18809050727384,67.49592590332031,15660400
2025-11-04 00:00:00-05:00,KO,Low Volatility,67.99243698349116,68.25062565806472,67.68460159438723,68.18111419677734,12743800
2025-11-05 00:00:00-05:00,KO,Low Volatility,68.18111319170669,68.34992565574737,67.70445776691898,68.03215789794922,12850100
2025-11-06 00:00:00-05:00,KO,Low Volatility,67.8236220614044,68.65775956665289,67.44626764849417,68.57831573486328,15906700
2025-11-07 00:00:00-05:00,KO,Low Volatility,69.32308589924251,70.37569774955632,68.92588188527753,70.05792999267578,25108300
2025-11-10 00:00:00-05:00,KO,Low Volatility,69.52169221080935,70.167160067399,68.95566818374654,70.02812957763672,15318000
2025-11-11 00:00:00-05:00,KO,Low Volatility,70.48493152388181,71.24955758887697,70.16716376520863,71.11053466796875,16160200
2025-11-12 00:00:00-05:00,KO,Low Volatility,70.99136572312494,71.38857729763905,70.84241043565959,71.01123046875,13612600
2025-11-13 00:00:00-05:00,KO,Low Volatility,70.92185998801403,71.17011629509292,70.504791210405,70.57430267333984,14002800
2025-11-14 00:00:00-05:00,KO,Low Volatility,70.91192968869619,71.14032123082693,70.10757416436533,70.6636734008789,13172000
2025-11-17 00:00:00-05:00,KO,Low Volatility,70.70338910324199,71.0310892277631,70.12744026229734,70.18701934814453,14772300
2025-11-18 00:00:00-05:00,KO,Low Volatility,70.49485222815271,70.84240951024466,70.07778348964236,70.72325134277344,12838900
2025-11-19 00:00:00-05:00,KO,Low Volatility,70.70338993108669,70.95164622659779,70.31611071618387,70.61402130126953,12401500
2025-11-20 00:00:00-05:00,KO,Low Volatility,70.45513682015593,70.98144655442066,70.11751187956699,70.71332550048828,15396500
2025-11-21 00:00:00-05:00,KO,Low Volatility,71.18004633250936,72.67951649938256,70.99136912094397,72.4411849975586,26492500
2025-11-24 00:00:00-05:00,KO,Low Volatility,72.64972608592737,72.64972608592737,71.07081210401583,72.08369445800781,39818600
2025-11-25 00:00:00-05:00,KO,Low Volatility,72.29223861642276,72.42132916682961,71.63683833855463,72.10356140136719,17451200
2025-11-26 00:00:00-05:00,KO,Low Volatility,72.09362774118988,72.58020796608025,71.885093359094,72.37167358398438,11795100
2025-11-28 00:00:00-05:00,KO,Low Volatility,72.49083486670732,72.71923398131365,72.25251095559938,72.61000061035156,7423000
2025-12-01 00:00:00-05:00,KO,Low Volatility,72.5999984741211,72.91000366210938,71.93000030517578,71.94999694824219,14388100
2025-12-02 00:00:00-05:00,KO,Low Volatility,71.80000305175781,71.80000305175781,70.43000030517578,70.66999816894531,19871300
2025-12-03 00:00:00-05:00,KO,Low Volatility,70.87999725341797,71.4000015258789,70.61000061035156,70.80999755859375,17001700
2025-12-04 00:00:00-05:00,KO,Low Volatility,70.83000183105469,71.33999633789062,70.37000274658203,70.44999694824219,17710000
2025-12-05 00:00:00-05:00,KO,Low Volatility,70.31999969482422,70.70999908447266,69.87000274658203,70.0,13978200
2025-12-08 00:00:00-05:00,KO,Low Volatility,69.83999633789062,70.37999725341797,69.48999786376953,70.25,17775100
2025-12-09 00:00:00-05:00,KO,Low Volatility,70.37000274658203,70.62999725341797,69.83000183105469,70.08999633789062,13010600
2025-12-10 00:00:00-05:00,KO,Low Volatility,70.38999938964844,70.52999877929688,69.77999877929688,70.20999908447266,29789400
2025-12-11 00:00:00-05:00,KO,Low Volatility,70.55000305175781,70.69000244140625,68.79000091552734,69.11000061035156,23124200
2025-12-12 00:00:00-05:00,KO,Low Volatility,69.11000061035156,70.62000274658203,69.04000091552734,70.5199966430664,18444500
2025-12-15 00:00:00-05:00,KO,Low Volatility,70.43000030517578,71.31999969482422,70.31999969482422,70.97000122070312,18660100
2025-12-16 00:00:00-05:00,KO,Low Volatility,71.30000305175781,71.30000305175781,70.31999969482422,70.37000274658203,17370000
2025-12-17 00:00:00-05:00,KO,Low Volatility,70.56999969482422,70.91999816894531,70.30999755859375,70.66999816894531,13672700
2025-12-18 00:00:00-05:00,KO,Low Volatility,70.2699966430664,70.80000305175781,70.16999816894531,70.36000061035156,15524800
2025-12-19 00:00:00-05:00,KO,Low Volatility,70.05999755859375,70.7699966430664,70.02999877929688,70.05999755859375,36911100
2025-12-22 00:00:00-05:00,KO,Low Volatility,69.93000030517578,70.22000122070312,69.66000366210938,70.20999908447266,12828500
2025-12-23 00:00:00-05:00,KO,Low Volatility,70.19999694824219,70.26000213623047,69.69000244140625,69.87000274658203,9471000
2025-12-24 00:00:00-05:00,KO,Low Volatility,69.9000015258789,70.16000366210938,69.75,70.11000061035156,4515300
2025-12-26 00:00:00-05:00,KO,Low Volatility,69.94999694824219,70.16000366210938,69.7300033569336,69.87000274658203,5711400
2025-12-29 00:00:00-05:00,KO,Low Volatility,70.0,70.41999816894531,69.8499984741211,70.16000366210938,9686900
2025-12-30 00:00:00-05:00,KO,Low Volatility,70.0,70.23999786376953,69.80000305175781,70.06999969482422,8610900
2025-12-31 00:00:00-05:00,KO,Low Volatility,70.06999969482422,70.16000366210938,69.87999725341797,69.91000366210938,8127800
2026-01-02 00:00:00-05:00,KO,Low Volatility,69.8499984741211,69.87000274658203,68.9800033569336,69.12000274658203,12151300
2026-01-05 00:00:00-05:00,KO,Low Volatility,68.91999816894531,68.91999816894531,67.91999816894531,67.94000244140625,21186600
2026-01-06 00:00:00-05:00,KO,Low Volatility,68.01000213623047,68.25,67.58999633789062,67.83999633789062,21019900
2026-01-07 00:00:00-05:00,KO,Low Volatility,67.98999786376953,68.06999969482422,67.2699966430664,67.54000091552734,20223400
2026-01-08 00:00:00-05:00,KO,Low Volatility,67.54000091552734,69.45999908447266,67.44999694824219,69.37000274658203,19237000
2026-01-09 00:00:00-05:00,KO,Low Volatility,69.43000030517578,70.66000366210938,69.12000274658203,70.51000213623047,19631800
