ticker,expiration,K,option_type,bid_price,ask_price,option_price,volume,open_interest,r,S,sigma,T,user_bs,user_crr
AMD,2026-01-30,40,Call,0,0,192.11,NA,2,0.0387423127463863,259.67999267578125,0.592350943008552,0.010958904109589041,219.6969720026567,219.69697200266063
AMD,2026-01-30,50,Call,0,0,188,NA,2,0.0387423127463863,259.67999267578125,0.592350943008552,0.010958904109589041,209.70121683437557,209.70121683437944
AMD,2026-01-30,75,Call,0,0,163.26,3,3,0.0387423127463863,259.67999267578125,0.592350943008552,0.010958904109589041,184.71182891367272,184.71182891367627
AMD,2026-01-30,80,Call,0,0,154.45,2,2,0.0387423127463863,259.67999267578125,0.592350943008552,0.010958904109589041,179.71395132953216,179.7139513295358
AMD,2026-01-30,85,Call,0,0,177.25,7,7,0.0387423127463863,259.67999267578125,0.592350943008552,0.010958904109589041,174.7160737453916,174.71607374539514
AMD,2026-01-30,90,Call,0,0,167.03,3,14,0.0387423127463863,259.67999267578125,0.592350943008552,0.010958904109589041,169.71819616125103,169.71819616125455
AMD,2026-01-30,95,Call,0,0,168.32,1,2,0.0387423127463863,259.67999267578125,0.592350943008552,0.010958904109589041,164.72031857711045,164.72031857711394
AMD,2026-01-30,100,Call,0,0,159.05,17,7,0.0387423127463863,259.67999267578125,0.592350943008552,0.010958904109589041,159.7224409929699,159.72244099297336
AMD,2026-01-30,105,Call,0,0,154.62,8,39,0.0387423127463863,259.67999267578125,0.592350943008552,0.010958904109589041,154.72456340882934,154.72456340883272
AMD,2026-01-30,110,Call,0,0,146.85,7,22,0.0387423127463863,259.67999267578125,0.592350943008552,0.010958904109589041,149.72668582468873,149.72668582469208
AMD,2026-01-30,115,Call,0,0,138.23,8,10,0.0387423127463863,259.67999267578125,0.592350943008552,0.010958904109589041,144.72880824054818,144.7288082405514
AMD,2026-01-30,120,Call,0,0,139.26,2,10,0.0387423127463863,259.67999267578125,0.592350943008552,0.010958904109589041,139.73093065640762,139.73093065641086
AMD,2026-01-30,125,Call,0,0,133.44,9,27,0.0387423127463863,259.67999267578125,0.592350943008552,0.010958904109589041,134.73305307226704,134.7330530722702
AMD,2026-01-30,130,Call,0,0,127.8,6,37,0.0387423127463863,259.67999267578125,0.592350943008552,0.010958904109589041,129.7351754881265,129.73517548812958
AMD,2026-01-30,135,Call,0,0,125.78,1,15,0.0387423127463863,259.67999267578125,0.592350943008552,0.010958904109589041,124.7372979039859,124.73729790398906
AMD,2026-01-30,140,Call,0,0,120.14,17,41,0.0387423127463863,259.67999267578125,0.592350943008552,0.010958904109589041,119.73942031984535,119.73942031984845
AMD,2026-01-30,145,Call,0,0,114.5,6,14,0.0387423127463863,259.67999267578125,0.592350943008552,0.010958904109589041,114.74154273570477,114.74154273570785
AMD,2026-01-30,150,Call,0,0,109.34,10,208,0.0387423127463863,259.67999267578125,0.592350943008552,0.010958904109589041,109.74366515156422,109.74366515156726
AMD,2026-01-30,155,Call,0,0,107.14,2,12,0.0387423127463863,259.67999267578125,0.592350943008552,0.010958904109589041,104.74578756742363,104.74578756742662
AMD,2026-01-30,160,Call,0,0,98.77,4,49,0.0387423127463863,259.67999267578125,0.592350943008552,0.010958904109589041,99.74790998328305,99.74790998328598
AMD,2026-01-30,165,Call,0,0,93.37,10,27,0.0387423127463863,259.67999267578125,0.592350943008552,0.010958904109589041,94.75003239914275,94.75003239914541
AMD,2026-01-30,170,Call,0,0,89.87,15,117,0.0387423127463863,259.67999267578125,0.592350943008552,0.010958904109589041,89.75215481500925,89.75215481500538
AMD,2026-01-30,175,Call,0,0,81.9,15,72,0.0387423127463863,259.67999267578125,0.592350943008552,0.010958904109589041,84.75427723104704,84.75427723089852
AMD,2026-01-30,180,Call,0,0,76.62,173,637,0.0387423127463863,259.67999267578125,0.592350943008552,0.010958904109589041,79.7563996502445,79.75639964781396
AMD,2026-01-30,182.5,Call,0,0,76.76,3,8,0.0387423127463863,259.67999267578125,0.592350943008552,0.010958904109589041,77.257460868507,77.25746085970086
AMD,2026-01-30,185,Call,0,0,74.7,3,100,0.0387423127463863,259.67999267578125,0.592350943008552,0.010958904109589041,74.75852211365415,74.75852208382504
AMD,2026-01-30,187.5,Call,0,0,74.24,2,15,0.0387423127463863,259.67999267578125,0.592350943008552,0.010958904109589041,72.25958344740664,72.25958335281884
AMD,2026-01-30,190,Call,0,0,69.95,94,583,0.0387423127463863,259.67999267578125,0.592350943008552,0.010958904109589041,69.76064505554379,69.7606447745276
AMD,2026-01-30,192.5,Call,0,0,64.2,2,21,0.0387423127463863,259.67999267578125,0.592350943008552,0.010958904109589041,67.2617074638232,67.26170668116697
AMD,2026-01-30,195,Call,0,0,62.61,4,135,0.0387423127463863,259.67999267578125,0.592350943008552,0.010958904109589041,64.76277207402305,64.7627700300076
AMD,2026-01-30,197.5,Call,0,0,62.3,8,69,0.0387423127463863,259.67999267578125,0.592350943008552,0.010958904109589041,62.26384241405512,62.263837408267406
AMD,2026-01-30,200,Call,0,0,58.93,49,871,0.0387423127463863,259.67999267578125,0.592350943008552,0.010958904109589041,59.76492688037803,59.76491538883116
AMD,2026-01-30,202.5,Call,0,0,56.51,4,209,0.0387423127463863,259.67999267578125,0.592350943008552,0.010958904109589041,57.26604440373421,57.26601969541448
AMD,2026-01-30,205,Call,0,0,53.75,29,957,0.0387423127463863,259.67999267578125,0.592350943008552,0.010958904109589041,54.76723548307294,54.767185795611056
AMD,2026-01-30,207.5,Call,0,0,52.36,8,346,0.0387423127463863,259.67999267578125,0.592350943008552,0.010958904109589041,52.268582455426525,52.26848920976636
AMD,2026-01-30,210,Call,0,0,49.8,222,2073,0.0387423127463863,259.67999267578125,0.592350943008552,0.010958904109589041,49.770244634112714,49.77008186231205
AMD,2026-01-30,212.5,Call,0,0,46.68,43,285,0.0387423127463863,259.67999267578125,0.592350943008552,0.010958904109589041,47.27251578645476,47.27225269641151
AMD,2026-01-30,215,Call,0,0,44.86,292,2002,0.0387423127463863,259.67999267578125,0.592350943008552,0.010958904109589041,44.7759128007236,44.77552151396953
AMD,2026-01-30,217.5,Call,0,0,41.75,25,1310,0.0387423127463863,259.67999267578125,0.592350943008552,0.010958904109589041,42.281304508133815,42.28077316767915
AMD,2026-01-30,220,Call,0,0,40.02,475,3263,0.0387423127463863,259.67999267578125,0.592350943008552,0.010958904109589041,39.79008752576803,39.78943342923568
AMD,2026-01-30,222.5,Call,0,0,37.67,119,662,0.0387423127463863,259.67999267578125,0.592350943008552,0.010958904109589041,37.304410822488194,37.3036775999187
AMD,2026-01-30,225,Call,0,0,34.57,380,1959,0.0387423127463863,259.67999267578125,0.592350943008552,0.010958904109589041,34.827442110478245,34.826649695971476
AMD,2026-01-30,227.5,Call,0,0,32.72,248,663,0.0387423127463863,259.67999267578125,0.592350943008552,0.010958904109589041,32.36365761914573,32.362657950250096
AMD,2026-01-30,230,Call,0,0,30.36,934,3748,0.0387423127463863,259.67999267578125,0.592350943008552,0.010958904109589041,29.919123912485958,29.917307651656007
AMD,2026-01-30,232.5,Call,0,0,27.73,637,1157,0.0387423127463863,259.67999267578125,0.592350943008552,0.010958904109589041,27.501728821242267,27.497541040837568
AMD,2026-01-30,235,Call,0,0,25.8,2664,5636,0.0387423127463863,259.67999267578125,0.592350943008552,0.010958904109589041,25.121311554123196,25.11510720537711
AMD,2026-01-30,237.5,Call,0,0,23.1,769,974,0.0387423127463863,259.67999267578125,0.592350943008552,0.010958904109589041,22.78964273590256,22.78702991673979
AMD,2026-01-30,240,Call,0,0,21.46,2094,3305,0.0387423127463863,259.67999267578125,0.592350943008552,0.010958904109589041,20.520215476144244,20.521940973677598
AMD,2026-01-30,242.5,Call,0,0,19.4,351,727,0.0387423127463863,259.67999267578125,0.592350943008552,0.010958904109589041,18.327828626188165,18.33287147096998
AMD,2026-01-30,245,Call,0,0,17.35,1108,2945,0.0387423127463863,259.67999267578125,0.592350943008552,0.010958904109589041,16.227970807641356,16.232532534827726
AMD,2026-01-30,247.5,Call,0,0,15.32,603,703,0.0387423127463863,259.67999267578125,0.592350943008552,0.010958904109589041,14.236044153663471,14.23282613094812
AMD,2026-01-30,250,Call,0,0,13.65,5026,5456,0.0387423127463863,259.67999267578125,0.592350943008552,0.010958904109589041,12.36649432083621,12.35783154638735
AMD,2026-01-30,252.5,Call,0,0,12,2415,1325,0.0387423127463863,259.67999267578125,0.592350943008552,0.010958904109589041,10.63193260216812,10.638400435786602
AMD,2026-01-30,255,Call,0,0,10.4,6641,4105,0.0387423127463863,259.67999267578125,0.592350943008552,0.010958904109589041,9.042342739588463,9.056968012920178
AMD,2026-01-30,257.5,Call,0,0,9,3328,2191,0.0387423127463863,259.67999267578125,0.592350943008552,0.010958904109589041,7.604457611465506,7.616199338852974
AMD,2026-01-30,260,Call,0,0,7.71,15004,6547,0.0387423127463863,259.67999267578125,0.592350943008552,0.010958904109589041,6.32137055175636,6.316787165853067
AMD,2026-01-30,262.5,Call,0,0,6.61,5795,2443,0.0387423127463863,259.67999267578125,0.592350943008552,0.010958904109589041,5.192416393543255,5.190754696753042
AMD,2026-01-30,265,Call,0,0,5.65,16285,8360,0.0387423127463863,259.67999267578125,0.592350943008552,0.010958904109589041,4.213323797711496,4.226077009976524
AMD,2026-01-30,267.5,Call,0,0,4.69,3471,1817,0.0387423127463863,259.67999267578125,0.592350943008552,0.010958904109589041,3.376608777449306,3.3885145150222598
AMD,2026-01-30,270,Call,0,0,3.95,14980,6985,0.0387423127463863,259.67999267578125,0.592350943008552,0.010958904109589041,2.6721544600146103,2.6696351776013274
AMD,2026-01-30,272.5,Call,0,0,3.26,4547,3382,0.0387423127463863,259.67999267578125,0.592350943008552,0.010958904109589041,2.087907191297326,2.083477624490029
AMD,2026-01-30,275,Call,0,0,2.72,12291,6577,0.0387423127463863,259.67999267578125,0.592350943008552,0.010958904109589041,1.6106150991612154,1.6173499722070912
AMD,2026-01-30,277.5,Call,0,0,2.24,1691,687,0.0387423127463863,259.67999267578125,0.592350943008552,0.010958904109589041,1.22654118728164,1.2303063196769533
AMD,2026-01-30,280,Call,0,0,1.82,7693,8876,0.0387423127463863,259.67999267578125,0.592350943008552,0.010958904109589041,0.9220964427031433,0.9141919790385079
AMD,2026-01-30,282.5,Call,0,0,1.47,855,1274,0.0387423127463863,259.67999267578125,0.592350943008552,0.010958904109589041,0.6843560615661737,0.6827947784474478
AMD,2026-01-30,285,Call,0,0,1.21,5801,4060,0.0387423127463863,259.67999267578125,0.592350943008552,0.010958904109589041,0.5014404599347095,0.5027714069644972
AMD,2026-01-30,287.5,Call,0,0,0.96,1000,834,0.0387423127463863,259.67999267578125,0.592350943008552,0.010958904109589041,0.3627595271884392,0.35972636873181774
AMD,2026-01-30,290,Call,0,0,0.77,4824,3273,0.0387423127463863,259.67999267578125,0.592350943008552,0.010958904109589041,0.2591317763911043,0.25452804404192014
AMD,2026-01-30,292.5,Call,0,0,0.65,788,326,0.0387423127463863,259.67999267578125,0.592350943008552,0.010958904109589041,0.18279880546011196,0.18205578479894702
AMD,2026-01-30,295,Call,0,0,0.52,1594,1144,0.0387423127463863,259.67999267578125,0.592350943008552,0.010958904109589041,0.12735982325511763,0.12547190394499355
AMD,2026-01-30,297.5,Call,0,0,0.42,593,354,0.0387423127463863,259.67999267578125,0.592350943008552,0.010958904109589041,0.08765155858747553,0.08404334109625228
AMD,2026-01-30,300,Call,0,0,0.33,6713,3449,0.0387423127463863,259.67999267578125,0.592350943008552,0.010958904109589041,0.05959664552547528,0.05854084831028515
AMD,2026-01-30,305,Call,0,0,0.22,1912,1364,0.0387423127463863,259.67999267578125,0.592350943008552,0.010958904109589041,0.026585183151446312,0.024765735626887456
AMD,2026-01-30,310,Call,0,0,0.14,1398,923,0.0387423127463863,259.67999267578125,0.592350943008552,0.010958904109589041,0.011321276775402622,0.01063999907812392
AMD,2026-01-30,315,Call,0,0,0.09,1088,883,0.0387423127463863,259.67999267578125,0.592350943008552,0.010958904109589041,0.004609322133499016,0.004291654601081753
AMD,2026-01-30,320,Call,0,0,0.07,872,771,0.0387423127463863,259.67999267578125,0.592350943008552,0.010958904109589041,0.00179694809546313,0.0015784196414861875
AMD,2026-01-30,325,Call,0,0,0.06,766,904,0.0387423127463863,259.67999267578125,0.592350943008552,0.010958904109589041,6.718504485509758e-4,5.493565751710841e-4
AMD,2026-01-30,330,Call,0,0,0.05,493,464,0.0387423127463863,259.67999267578125,0.592350943008552,0.010958904109589041,2.4128580246854034e-4,1.9628522327967278e-4
AMD,2026-01-30,335,Call,0,0,0.02,428,213,0.0387423127463863,259.67999267578125,0.592350943008552,0.010958904109589041,8.336643729898313e-5,6.540690842523506e-5
AMD,2026-01-30,340,Call,0,0,0.05,129,119,0.0387423127463863,259.67999267578125,0.592350943008552,0.010958904109589041,2.7753573321971214e-5,2.0116041650126695e-5
AMD,2026-01-30,345,Call,0,0,0.03,35,49,0.0387423127463863,259.67999267578125,0.592350943008552,0.010958904109589041,8.915968646716296e-6,5.611826633851538e-6
AMD,2026-01-30,350,Call,0,0,0.02,185,367,0.0387423127463863,259.67999267578125,0.592350943008552,0.010958904109589041,2.7680703372745497e-6,1.5166695561709695e-6
AMD,2026-01-30,360,Call,0,0,0.02,27,422,0.0387423127463863,259.67999267578125,0.592350943008552,0.010958904109589041,2.421726329258805e-7,1.1449219931122333e-7
AMD,2026-01-30,370,Call,0,0,0.02,257,505,0.0387423127463863,259.67999267578125,0.592350943008552,0.010958904109589041,1.8787499164970895e-8,6.852429565665288e-9
AMD,2026-01-30,380,Call,0,0,0.01,340,339,0.0387423127463863,259.67999267578125,0.592350943008552,0.010958904109589041,1.3055241908261128e-9,3.239365398725106e-10
AMD,2026-01-30,390,Call,0,0,0.02,454,433,0.0387423127463863,259.67999267578125,0.592350943008552,0.010958904109589041,8.202008835652642e-11,1.2189737464776314e-11
AMD,2026-01-30,400,Call,0,0,0.01,4,5,0.0387423127463863,259.67999267578125,0.592350943008552,0.010958904109589041,4.699001949009769e-12,3.7376407255263515e-13
AMD,2026-01-30,410,Call,0,0,0.01,4,2,0.0387423127463863,259.67999267578125,0.592350943008552,0.010958904109589041,2.4744175898985444e-13,9.570060403883093e-15
AMD,2026-01-30,420,Call,0,0,0.01,16,90,0.0387423127463863,259.67999267578125,0.592350943008552,0.010958904109589041,1.2063566570002948e-14,2.0132659093570947e-16
AMD,2026-02-06,45,Call,0,0,214.35,1,1,0.0384663600525624,259.67999267578125,0.592350943008552,0.030136986301369864,214.73212915753777,214.73212915753868
AMD,2026-02-06,50,Call,0,0,172,3,1,0.0384663600525624,259.67999267578125,0.592350943008552,0.030136986301369864,209.73792209995514,209.73792209995602
AMD,2026-02-06,75,Call,0,0,178.15,NA,1,0.0384663600525624,259.67999267578125,0.592350943008552,0.030136986301369864,184.76688681204212,184.76688681204314
AMD,2026-02-06,80,Call,0,0,172.89,1,2,0.0384663600525624,259.67999267578125,0.592350943008552,0.030136986301369864,179.7726797544595,179.77267975446046
AMD,2026-02-06,95,Call,0,0,168.68,1,4,0.0384663600525624,259.67999267578125,0.592350943008552,0.030136986301369864,164.79005858171166,164.7900585817127
AMD,2026-02-06,100,Call,0,0,110.26,NA,7,0.0384663600525624,259.67999267578125,0.592350943008552,0.030136986301369864,159.79585152412903,159.79585152413006
AMD,2026-02-06,105,Call,0,0,154.5,1,7,0.0384663600525624,259.67999267578125,0.592350943008552,0.030136986301369864,154.80164446654646,154.80164446654754
AMD,2026-02-06,110,Call,0,0,148.57,1,3,0.0384663600525624,259.67999267578125,0.592350943008552,0.030136986301369864,149.80743740896384,149.807437408965
AMD,2026-02-06,115,Call,0,0,115.23,NA,0,0.0384663600525624,259.67999267578125,0.592350943008552,0.030136986301369864,144.81323035138124,144.81323035138237
AMD,2026-02-06,120,Call,0,0,139.07,2,10,0.0384663600525624,259.67999267578125,0.592350943008552,0.030136986301369864,139.81902329379864,139.81902329379977
AMD,2026-02-06,125,Call,0,0,133.3,5,5,0.0384663600525624,259.67999267578125,0.592350943008552,0.030136986301369864,134.82481623621732,134.82481623621723
AMD,2026-02-06,130,Call,0,0,120.08,10,14,0.0384663600525624,259.67999267578125,0.592350943008552,0.030136986301369864,129.8306091786547,129.83060917863716
AMD,2026-02-06,135,Call,0,0,119.65,1,9,0.0384663600525624,259.67999267578125,0.592350943008552,0.030136986301369864,124.8364021213182,124.83640212110207
AMD,2026-02-06,140,Call,0,0,108.3,1,2,0.0384663600525624,259.67999267578125,0.592350943008552,0.030136986301369864,119.8421950661787,119.84219506408417
AMD,2026-02-06,145,Call,0,0,78.33,2,2,0.0384663600525624,259.67999267578125,0.592350943008552,0.030136986301369864,114.84798802850099,114.8479880139979
AMD,2026-02-06,150,Call,0,0,100.65,1,10,0.0384663600525624,259.67999267578125,0.592350943008552,0.030136986301369864,109.85378110637356,109.85378102259476
AMD,2026-02-06,155,Call,0,0,77.7,1,6,0.0384663600525624,259.67999267578125,0.592350943008552,0.030136986301369864,104.85957483071823,104.85957435867762
AMD,2026-02-06,160,Call,0,0,99.1,3,68,0.0384663600525624,259.67999267578125,0.592350943008552,0.030136986301369864,99.86537165532928,99.86536994988886
AMD,2026-02-06,165,Call,0,0,88.65,1,42,0.0384663600525624,259.67999267578125,0.592350943008552,0.030136986301369864,94.87118138227262,94.87117374897875
AMD,2026-02-06,170,Call,0,0,92.4,3,48,0.0384663600525624,259.67999267578125,0.592350943008552,0.030136986301369864,89.87703822493111,89.87701964672661
AMD,2026-02-06,175,Call,0,0,82.15,4,41,0.0384663600525624,259.67999267578125,0.592350943008552,0.030136986301369864,84.88304755229564,84.88298657063055
AMD,2026-02-06,180,Call,0,0,79.43,55,1281,0.0384663600525624,259.67999267578125,0.592350943008552,0.030136986301369864,79.88949821417484,79.8893597812862
AMD,2026-02-06,185,Call,0,0,75.1,3,90,0.0384663600525624,259.67999267578125,0.592350943008552,0.030136986301369864,74.89710058154898,74.89685416894854
AMD,2026-02-06,187.5,Call,0,0,77.48,1,1,0.0384663600525624,259.67999267578125,0.592350943008552,0.030136986301369864,72.40177503890874,72.40133847436664
AMD,2026-02-06,190,Call,0,0,72.11,40,92,0.0384663600525624,259.67999267578125,0.592350943008552,0.030136986301369864,69.9074330113456,69.9067924172464
AMD,2026-02-06,195,Call,0,0,62.2,2,109,0.0384663600525624,259.67999267578125,0.592350943008552,0.030136986301369864,64.92368375728205,64.92233747388741
AMD,2026-02-06,200,Call,0,0,61.88,54,164,0.0384663600525624,259.67999267578125,0.592350943008552,0.030136986301369864,59.95174036738035,59.950530237399235
AMD,2026-02-06,205,Call,0,0,53.65,25,233,0.0384663600525624,259.67999267578125,0.592350943008552,0.030136986301369864,55.001590188819534,55.00033711616856
AMD,2026-02-06,207.5,Call,0,0,50.56,1,2,0.0384663600525624,259.67999267578125,0.592350943008552,0.030136986301369864,52.53931057901107,52.535410696137554
AMD,2026-02-06,210,Call,0,0,50.65,117,758,0.0384663600525624,259.67999267578125,0.592350943008552,0.030136986301369864,50.08886075887057,50.086791682446034
AMD,2026-02-06,212.5,Call,0,0,48.19,1,12,0.0384663600525624,259.67999267578125,0.592350943008552,0.030136986301369864,47.6533005252503,47.65098924352443
AMD,2026-02-06,215,Call,0,0,44.6,52,1167,0.0384663600525624,259.67999267578125,0.592350943008552,0.030136986301369864,45.236183770794526,45.23168849520989
AMD,2026-02-06,217.5,Call,0,0,44.09,5,96,0.0384663600525624,259.67999267578125,0.592350943008552,0.030136986301369864,42.84156201267962,42.84132926141424
AMD,2026-02-06,220,Call,0,0,41.33,140,1147,0.0384663600525624,259.67999267578125,0.592350943008552,0.030136986301369864,40.473969303867676,40.46459020839975
AMD,2026-02-06,222.5,Call,0,0,38.51,29,127,0.0384663600525624,259.67999267578125,0.592350943008552,0.030136986301369864,38.13838672130083,38.140419246212666
AMD,2026-02-06,225,Call,0,0,36.5,178,1327,0.0384663600525624,259.67999267578125,0.592350943008552,0.030136986301369864,35.84018569129654,35.827385019998395
AMD,2026-02-06,227.5,Call,0,0,34.15,28,75,0.0384663600525624,259.67999267578125,0.592350943008552,0.030136986301369864,33.58505062237501,33.58931801952257
AMD,2026-02-06,230,Call,0,0,32.6,188,1708,0.0384663600525624,259.67999267578125,0.592350943008552,0.030136986301369864,31.378882577122226,31.37025845053233
AMD,2026-02-06,232.5,Call,0,0,30.55,88,172,0.0384663600525624,259.67999267578125,0.592350943008552,0.030136986301369864,29.22768692664161,29.234178050556697
AMD,2026-02-06,235,Call,0,0,28.6,202,1412,0.0384663600525624,259.67999267578125,0.592350943008552,0.030136986301369864,27.13744899513904,27.133166530720036
AMD,2026-02-06,237.5,Call,0,0,25.75,77,224,0.0384663600525624,259.67999267578125,0.592350943008552,0.030136986301369864,25.114002531988177,25.12298791417128
AMD,2026-02-06,240,Call,0,0,24.75,607,1511,0.0384663600525624,259.67999267578125,0.592350943008552,0.030136986301369864,23.162896378759314,23.16224797862167
AMD,2026-02-06,242.5,Call,0,0,23.08,56,187,0.0384663600525624,259.67999267578125,0.592350943008552,0.030136986301369864,21.289264890299393,21.30140036877672
AMD,2026-02-06,245,Call,0,0,21.54,355,1024,0.0384663600525624,259.67999267578125,0.592350943008552,0.030136986301369864,19.49770751260948,19.49895285847593
AMD,2026-02-06,247.5,Call,0,0,20.05,104,155,0.0384663600525624,259.67999267578125,0.592350943008552,0.030136986301369864,17.79218243556778,17.80830508875055
AMD,2026-02-06,250,Call,0,0,18.45,671,1782,0.0384663600525624,259.67999267578125,0.592350943008552,0.030136986301369864,16.175918470742772,16.176172291291596
AMD,2026-02-06,252.5,Call,0,0,16.95,175,481,0.0384663600525624,259.67999267578125,0.592350943008552,0.030136986301369864,14.651348318882128,14.67195075838557
AMD,2026-02-06,255,Call,0,0,15.35,973,1382,0.0384663600525624,259.67999267578125,0.592350943008552,0.030136986301369864,13.22006526620109,13.215314255539882
AMD,2026-02-06,257.5,Call,0,0,14.5,332,395,0.0384663600525624,259.67999267578125,0.592350943008552,0.030136986301369864,11.882804166460431,11.907350804379774
AMD,2026-02-06,260,Call,0,0,13.15,2436,3305,0.0384663600525624,259.67999267578125,0.592350943008552,0.030136986301369864,10.63944640774919,10.62480649504171
AMD,2026-02-06,262.5,Call,0,0,11.5,427,208,0.0384663600525624,259.67999267578125,0.592350943008552,0.030136986301369864,9.489047500745968,9.515425544173626
AMD,2026-02-06,265,Call,0,0,10.9,2104,1209,0.0384663600525624,259.67999267578125,0.592350943008552,0.030136986301369864,8.429885017163329,8.406044593305554
AMD,2026-02-06,267.5,Call,0,0,9.7,350,224,0.0384663600525624,259.67999267578125,0.592350943008552,0.030136986301369864,7.45952389435152,7.483925744498836
AMD,2026-02-06,270,Call,0,0,9.05,2457,3522,0.0384663600525624,259.67999267578125,0.592350943008552,0.030136986301369864,6.574895627882981,6.567676712618694
AMD,2026-02-06,272.5,Call,0,0,8,96,86,0.0384663600525624,259.67999267578125,0.592350943008552,0.030136986301369864,5.772387603995213,5.789782296645076
AMD,2026-02-06,275,Call,0,0,7.4,1458,1522,0.0384663600525624,259.67999267578125,0.592350943008552,0.030136986301369864,5.047938768030733,5.05406769727592
AMD,2026-02-06,277.5,Call,0,0,6.65,245,204,0.0384663600525624,259.67999267578125,0.592350943008552,0.030136986301369864,4.397137960718283,4.40226222975733
AMD,2026-02-06,280,Call,0,0,6,1533,1400,0.0384663600525624,259.67999267578125,0.592350943008552,0.030136986301369864,3.815321549295639,3.828743080010183
AMD,2026-02-06,282.5,Call,0,0,5.5,67,58,0.0384663600525624,259.67999267578125,0.592350943008552,0.030136986301369864,3.297667397541666,3.2862531700759416
AMD,2026-02-06,285,Call,0,0,4.85,2523,2429,0.0384663600525624,259.67999267578125,0.592350943008552,0.030136986301369864,2.8392827181838456,2.852775282743059
AMD,2026-02-06,287.5,Call,0,0,4.35,355,2382,0.0384663600525624,259.67999267578125,0.592350943008552,0.030136986301369864,2.435283894329075,2.4192973954101764
AMD,2026-02-06,290,Call,0,0,3.92,602,1241,0.0384663600525624,259.67999267578125,0.592350943008552,0.030136986301369864,2.0808669084734177,2.087845659233747
AMD,2026-02-06,292.5,Call,0,0,3.35,97,46,0.0384663600525624,259.67999267578125,0.592350943008552,0.030136986301369864,1.7713675484486728,1.7705566109567008
AMD,2026-02-06,295,Call,0,0,3.2,207,223,0.0384663600525624,259.67999267578125,0.592350943008552,0.030136986301369864,1.5023110458030473,1.4982754890521826
AMD,2026-02-06,297.5,Call,0,0,2.76,74,69,0.0384663600525624,259.67999267578125,0.592350943008552,0.030136986301369864,1.2694512266852236,1.2736058810513493
AMD,2026-02-06,300,Call,0,0,2.52,2802,2765,0.0384663600525624,259.67999267578125,0.592350943008552,0.030136986301369864,1.0687996078977093,1.0520622819909704
AMD,2026-02-06,302.5,Call,0,0,2.26,153,65,0.0384663600525624,259.67999267578125,0.592350943008552,0.030136986301369864,0.8966451468975016,0.898316674777037
AMD,2026-02-06,305,Call,0,0,1.96,687,1908,0.0384663600525624,259.67999267578125,0.592350943008552,0.030136986301369864,0.7495655546784867,0.7445710675631035
AMD,2026-02-06,307.5,Call,0,0,1.78,565,526,0.0384663600525624,259.67999267578125,0.592350943008552,0.030136986301369864,0.6244312091880264,0.6195905319207863
AMD,2026-02-06,310,Call,0,0,1.65,364,407,0.0384663600525624,259.67999267578125,0.592350943008552,0.030136986301369864,0.5184027716419557,0.5180060486740236
AMD,2026-02-06,312.5,Call,0,0,1.4,11,14,0.0384663600525624,259.67999267578125,0.592350943008552,0.030136986301369864,0.4289236181039122,0.4166816581067593
AMD,2026-02-06,315,Call,0,0,1.22,424,351,0.0384663600525624,259.67999267578125,0.592350943008552,0.030136986301369864,0.3537081642172879,0.35193190333102925
AMD,2026-02-06,317.5,Call,0,0,1,22,26,0.0384663600525624,259.67999267578125,0.592350943008552,0.030136986301369864,0.29072709239274186,0.2871821485552991
AMD,2026-02-06,320,Call,0,0,1.01,125,264,0.0384663600525624,259.67999267578125,0.592350943008552,0.030136986301369864,0.238190397960933,0.2326643737934664
AMD,2026-02-06,322.5,Call,0,0,0.76,28,20,0.0384663600525624,259.67999267578125,0.592350943008552,0.030136986301369864,0.1945290627755627,0.19288374451384033
AMD,2026-02-06,325,Call,0,0,0.78,105,528,0.0384663600525624,259.67999267578125,0.592350943008552,0.030136986301369864,0.1583760492644526,0.15310311523421438
AMD,2026-02-06,327.5,Call,0,0,0.7,15,15,0.0384663600525624,259.67999267578125,0.592350943008552,0.030136986301369864,0.12854719139197401,0.1256428930358502
AMD,2026-02-06,330,Call,0,0,0.67,82,215,0.0384663600525624,259.67999267578125,0.592350943008552,0.030136986301369864,0.10402244644402492,0.10210453434980987
AMD,2026-02-06,332.5,Call,0,0,0.54,31,29,0.0384663600525624,259.67999267578125,0.592350943008552,0.030136986301369864,0.08392786668314711,0.0790952630637286
AMD,2026-02-06,335,Call,0,0,0.57,227,252,0.0384663600525624,259.67999267578125,0.592350943008552,0.030136986301369864,0.06751855524593986,0.06569211812117969
AMD,2026-02-06,340,Call,0,0,0.42,19,189,0.0384663600525624,259.67999267578125,0.592350943008552,0.030136986301369864,0.04332740928412093,0.04064226637311339
AMD,2026-02-06,345,Call,0,0,0.31,18,20,0.0384663600525624,259.67999267578125,0.592350943008552,0.030136986301369864,0.027499738920399697,0.025964814837278763
AMD,2026-02-06,350,Call,0,0,0.31,124,163,0.0384663600525624,259.67999267578125,0.592350943008552,0.030136986301369864,0.017270322573494368,0.016398752279221416
AMD,2026-02-06,360,Call,0,0,0.2,47,654,0.0384663600525624,259.67999267578125,0.592350943008552,0.030136986301369864,0.0066094118185372475,0.005906838915217993
AMD,2026-02-06,370,Call,0,0,0.15,27,79,0.0384663600525624,259.67999267578125,0.592350943008552,0.030136986301369864,0.0024361728602211585,0.002109506879521429
AMD,2026-02-06,380,Call,0,0,0.11,138,91,0.0384663600525624,259.67999267578125,0.592350943008552,0.030136986301369864,8.67402305223558e-4,7.425835033915938e-4
AMD,2026-02-06,390,Call,0,0,0.12,52,86,0.0384663600525624,259.67999267578125,0.592350943008552,0.030136986301369864,2.991617439464713e-4,2.387971367723543e-4
AMD,2026-02-06,400,Call,0,0,0.06,435,254,0.0384663600525624,259.67999267578125,0.592350943008552,0.030136986301369864,1.002053987979078e-4,6.860886095347911e-5
AMD,2026-02-06,410,Call,0,0,0.06,72,171,0.0384663600525624,259.67999267578125,0.592350943008552,0.030136986301369864,3.267567343063051e-5,2.1968403075463767e-5
AMD,2026-02-06,420,Call,0,0,0.04,78,311,0.0384663600525624,259.67999267578125,0.592350943008552,0.030136986301369864,1.0396334553550743e-5,6.666100165424053e-6
AMD,2026-02-13,50,Call,0,0,216,1,1,0.0381904073587385,259.67999267578125,0.592350943008552,0.049315068493150684,209.77407218279603,209.77407218279308
AMD,2026-02-13,80,Call,0,0,152,NA,0,0.0381904073587385,259.67999267578125,0.592350943008552,0.049315068493150684,179.8305198870049,179.83051988700225
AMD,2026-02-13,85,Call,0,0,120.85,NA,2,0.0381904073587385,259.67999267578125,0.592350943008552,0.049315068493150684,174.83992783770637,174.8399278377038
AMD,2026-02-13,95,Call,0,0,167.3,1,1,0.0381904073587385,259.67999267578125,0.592350943008552,0.049315068493150684,164.85874373910934,164.85874373910679
AMD,2026-02-13,105,Call,0,0,128.73,2,3,0.0381904073587385,259.67999267578125,0.592350943008552,0.049315068493150684,154.87755964052027,154.87755964051058
AMD,2026-02-13,110,Call,0,0,147.07,6,10,0.0381904073587385,259.67999267578125,0.592350943008552,0.049315068493150684,149.88696759131076,149.88696759122703
AMD,2026-02-13,115,Call,0,0,115.3,10,6,0.0381904073587385,259.67999267578125,0.592350943008552,0.049315068493150684,144.89637554285974,144.89637554209577
AMD,2026-02-13,120,Call,0,0,139.56,1,6,0.0381904073587385,259.67999267578125,0.592350943008552,0.049315068493150684,139.90578350015105,139.90578349490798
AMD,2026-02-13,125,Call,0,0,107.87,1,4,0.0381904073587385,259.67999267578125,0.592350943008552,0.049315068493150684,134.91519149359107,134.9151914631577
AMD,2026-02-13,130,Call,0,0,133.29,2,9,0.0381904073587385,259.67999267578125,0.592350943008552,0.049315068493150684,129.92459967970595,129.92459952817723
AMD,2026-02-13,135,Call,0,0,122.96,1,15,0.0381904073587385,259.67999267578125,0.592350943008552,0.049315068493150684,124.93400874924379,124.9340081041987
AMD,2026-02-13,140,Call,0,0,114.81,1,7,0.0381904073587385,259.67999267578125,0.592350943008552,0.049315068493150684,119.94342135200796,119.94341921196802
AMD,2026-02-13,145,Call,0,0,102.1,1,6,0.0381904073587385,259.67999267578125,0.592350943008552,0.049315068493150684,114.95284643343021,114.95283864011876
AMD,2026-02-13,150,Call,0,0,109.04,1,9,0.0381904073587385,259.67999267578125,0.592350943008552,0.049315068493150684,109.9623108592343,109.96228997575751
AMD,2026-02-13,155,Call,0,0,104.19,2,12,0.0381904073587385,259.67999267578125,0.592350943008552,0.049315068493150684,104.9718871041801,104.97184244604537
AMD,2026-02-13,160,Call,0,0,74.23,4,22,0.0381904073587385,259.67999267578125,0.592350943008552,0.049315068493150684,99.98175229393783,99.9816493245072
AMD,2026-02-13,165,Call,0,0,68.33,4,22,0.0381904073587385,259.67999267578125,0.592350943008552,0.049315068493150684,94.99230160317686,94.99205965338638
AMD,2026-02-13,170,Call,0,0,62.16,2,16,0.0381904073587385,259.67999267578125,0.592350943008552,0.049315068493150684,90.00434534738625,90.00379763715534
AMD,2026-02-13,175,Call,0,0,76.2,2,25,0.0381904073587385,259.67999267578125,0.592350943008552,0.049315068493150684,85.01941990579164,85.01826471300481
AMD,2026-02-13,180,Call,0,0,79.73,6,241,0.0381904073587385,259.67999267578125,0.592350943008552,0.049315068493150684,80.040233304044,80.03858887955876
AMD,2026-02-13,185,Call,0,0,77.97,3,79,0.0381904073587385,259.67999267578125,0.592350943008552,0.049315068493150684,75.07124397496287,75.06896447382199
AMD,2026-02-13,190,Call,0,0,68.8,52,88,0.0381904073587385,259.67999267578125,0.592350943008552,0.049315068493150684,70.11933693333137,70.11619061372471
AMD,2026-02-13,195,Call,0,0,67.9,2,196,0.0381904073587385,259.67999267578125,0.592350943008552,0.049315068493150684,65.19452148753649,65.19005428300663
AMD,2026-02-13,200,Call,0,0,59.5,133,289,0.0381904073587385,259.67999267578125,0.592350943008552,0.049315068493150684,60.31053910580269,60.303731512442084
AMD,2026-02-13,205,Call,0,0,56.35,15,133,0.0381904073587385,259.67999267578125,0.592350943008552,0.049315068493150684,55.48525099682985,55.473836947713764
AMD,2026-02-13,210,Call,0,0,48.52,20,410,0.0381904073587385,259.67999267578125,0.592350943008552,0.049315068493150684,50.74068156507292,50.72950686382255
AMD,2026-02-13,215,Call,0,0,45.43,34,389,0.0381904073587385,259.67999267578125,0.592350943008552,0.049315068493150684,46.10262918172785,46.09631517649879
AMD,2026-02-13,220,Call,0,0,42.57,69,412,0.0381904073587385,259.67999267578125,0.592350943008552,0.049315068493150684,41.599814889946714,41.601391514900904
AMD,2026-02-13,225,Call,0,0,37.63,44,606,0.0381904073587385,259.67999267578125,0.592350943008552,0.049315068493150684,37.26261115123506,37.27254855464561
AMD,2026-02-13,230,Call,0,0,34.36,214,593,0.0381904073587385,259.67999267578125,0.592350943008552,0.049315068493150684,33.12146138317269,33.13483423290691
AMD,2026-02-13,235,Call,0,0,30.48,99,685,0.0381904073587385,259.67999267578125,0.592350943008552,0.049315068493150684,29.205152350536395,29.208822122592
AMD,2026-02-13,240,Call,0,0,26.77,96,1310,0.0381904073587385,259.67999267578125,0.592350943008552,0.049315068493150684,25.539125415784582,25.509931653108936
AMD,2026-02-13,245,Call,0,0,22.97,200,844,0.0381904073587385,259.67999267578125,0.592350943008552,0.049315068493150684,22.144005825897978,22.15144648576047
AMD,2026-02-13,250,Call,0,0,20.31,339,1307,0.0381904073587385,259.67999267578125,0.592350943008552,0.049315068493150684,19.034494982629838,19.064574195317295
AMD,2026-02-13,255,Call,0,0,17.7,235,1145,0.0381904073587385,259.67999267578125,0.592350943008552,0.049315068493150684,16.218717542157833,16.242265765168487
AMD,2026-02-13,260,Call,0,0,15.16,1121,1024,0.0381904073587385,259.67999267578125,0.592350943008552,0.049315068493150684,13.69805427823566,13.676163310394843
AMD,2026-02-13,265,Call,0,0,12.7,384,584,0.0381904073587385,259.67999267578125,0.592350943008552,0.049315068493150684,11.467433761517682,11.481345240323563
AMD,2026-02-13,270,Call,0,0,10.94,855,1063,0.0381904073587385,259.67999267578125,0.592350943008552,0.049315068493150684,9.516009526839397,9.548076069053886
AMD,2026-02-13,275,Call,0,0,9.1,287,719,0.0381904073587385,259.67999267578125,0.592350943008552,0.049315068493150684,7.828119447355903,7.8308247929372286
AMD,2026-02-13,280,Call,0,0,7.55,323,737,0.0381904073587385,259.67999267578125,0.592350943008552,0.049315068493150684,6.384411736998487,6.379911985786746
AMD,2026-02-13,285,Call,0,0,6.4,160,803,0.0381904073587385,259.67999267578125,0.592350943008552,0.049315068493150684,5.163025517594626,5.186049283603101
AMD,2026-02-13,290,Call,0,0,5.37,476,376,0.0381904073587385,259.67999267578125,0.592350943008552,0.049315068493150684,4.14072936730895,4.140262964107142
AMD,2026-02-13,295,Call,0,0,4.38,112,206,0.0381904073587385,259.67999267578125,0.592350943008552,0.049315068493150684,3.293944019413061,3.288361870467832
AMD,2026-02-13,300,Call,0,0,3.69,362,569,0.0381904073587385,259.67999267578125,0.592350943008552,0.049315068493150684,2.5996008523784013,2.611428433526335
AMD,2026-02-13,305,Call,0,0,3,75,108,0.0381904073587385,259.67999267578125,0.592350943008552,0.049315068493150684,2.035812268806751,2.0224636588443996
AMD,2026-02-13,310,Call,0,0,2.49,157,172,0.0381904073587385,259.67999267578125,0.592350943008552,0.049315068493150684,1.5823509185556404,1.5825559718622295
AMD,2026-02-13,315,Call,0,0,2.05,74,44,0.0381904073587385,259.67999267578125,0.592350943008552,0.049315068493150684,1.2209505906032874,1.221027503655544
AMD,2026-02-13,320,Call,0,0,1.76,86,108,0.0381904073587385,259.67999267578125,0.592350943008552,0.049315068493150684,0.935452119297512,0.920565897554948
AMD,2026-02-13,325,Call,0,0,1.31,60,173,0.0381904073587385,259.67999267578125,0.592350943008552,0.049315068493150684,0.7118232246654284,0.7119521449897686
AMD,2026-02-13,330,Call,0,0,1.15,97,82,0.0381904073587385,259.67999267578125,0.592350943008552,0.049315068493150684,0.5380826994604178,0.5274253343340901
AMD,2026-02-13,335,Call,0,0,0.9,66,52,0.0381904073587385,259.67999267578125,0.592350943008552,0.049315068493150684,0.40415783464880306,0.40138280512433716
AMD,2026-02-13,340,Call,0,0,0.75,17,106,0.0381904073587385,259.67999267578125,0.592350943008552,0.049315068493150684,0.3017005061438578,0.29652223994542065
AMD,2026-02-13,345,Call,0,0,0.6,7,19,0.0381904073587385,259.67999267578125,0.592350943008552,0.049315068493150684,0.22388286236949373,0.2192402992856413
AMD,2026-02-13,350,Call,0,0,0.56,46,507,0.0381904073587385,259.67999267578125,0.592350943008552,0.049315068493150684,0.16518878872648868,0.1619989352856074
AMD,2026-02-13,360,Call,0,0,0.38,6,21,0.0381904073587385,259.67999267578125,0.592350943008552,0.049315068493150684,0.08847403250140307,0.08617768552098866
AMD,2026-02-13,370,Call,0,0,0.41,1,45,0.0381904073587385,259.67999267578125,0.592350943008552,0.049315068493150684,0.046430420075235235,0.044730968271884775
AMD,2026-02-13,380,Call,0,0,0.35,10,67,0.0381904073587385,259.67999267578125,0.592350943008552,0.049315068493150684,0.023912494757085345,0.022695954548801498
AMD,2026-02-13,390,Call,0,0,0.2,15,28,0.0381904073587385,259.67999267578125,0.592350943008552,0.049315068493150684,0.012103960613871922,0.011270363532661691
AMD,2026-02-13,400,Call,0,0,0.18,101,114,0.0381904073587385,259.67999267578125,0.592350943008552,0.049315068493150684,0.006029975850780439,0.005478664185596369
AMD,2026-02-13,410,Call,0,0,0.12,10,43,0.0381904073587385,259.67999267578125,0.592350943008552,0.049315068493150684,0.0029604308281685754,0.002604607104410515
AMD,2026-02-13,420,Call,0,0,0.08,3,47,0.0381904073587385,259.67999267578125,0.592350943008552,0.049315068493150684,0.0014340794355127695,0.0012084054471334042
AMD,2026-02-20,45,Call,0,0,206.32,2,25,0.0379144546649145,259.67999267578125,0.592350943008552,0.0684931506849315,214.7967006923523,214.7967006923487
AMD,2026-02-20,50,Call,0,0,200.36,11,3125,0.0379144546649145,259.67999267578125,0.592350943008552,0.0684931506849315,209.80966824974905,209.80966824974544
AMD,2026-02-20,55,Call,0,0,162.53,47,321,0.0379144546649145,259.67999267578125,0.592350943008552,0.0684931506849315,204.82263580714584,204.8226358071422
AMD,2026-02-20,60,Call,0,0,163.57,1,274,0.0379144546649145,259.67999267578125,0.592350943008552,0.0684931506849315,199.83560336454264,199.83560336453905
AMD,2026-02-20,65,Call,0,0,158.92,11,245,0.0379144546649145,259.67999267578125,0.592350943008552,0.0684931506849315,194.84857092193943,194.8485709219358
AMD,2026-02-20,70,Call,0,0,145.9,2,158,0.0379144546649145,259.67999267578125,0.592350943008552,0.0684931506849315,189.8615384793362,189.86153847933272
AMD,2026-02-20,75,Call,0,0,171,4,290,0.0379144546649145,259.67999267578125,0.592350943008552,0.0684931506849315,184.87450603673298,184.87450603672949
AMD,2026-02-20,80,Call,0,0,149.81,10,1838,0.0379144546649145,259.67999267578125,0.592350943008552,0.0684931506849315,179.88747359412977,179.88747359412628
AMD,2026-02-20,85,Call,0,0,123.47,2,538,0.0379144546649145,259.67999267578125,0.592350943008552,0.0684931506849315,174.90044115152733,174.90044115152313
AMD,2026-02-20,90,Call,0,0,131.29,20,668,0.0379144546649145,259.67999267578125,0.592350943008552,0.0684931506849315,169.91340870893538,169.91340870892085
AMD,2026-02-20,95,Call,0,0,137.55,2,347,0.0379144546649145,259.67999267578125,0.592350943008552,0.0684931506849315,164.9263762664604,164.92637626633973
AMD,2026-02-20,100,Call,0,0,159.32,16,577,0.0379144546649145,259.67999267578125,0.592350943008552,0.0684931506849315,159.9393438250092,159.93934382402128
AMD,2026-02-20,105,Call,0,0,150.03,2,725,0.0379144546649145,259.67999267578125,0.592350943008552,0.0684931506849315,154.95231139080474,154.9523113839522
AMD,2026-02-20,110,Call,0,0,151.8,1,1217,0.0379144546649145,259.67999267578125,0.592350943008552,0.0684931506849315,149.96527899911223,149.9652789633722
AMD,2026-02-20,115,Call,0,0,144.2,1,796,0.0379144546649145,259.67999267578125,0.592350943008552,0.0684931506849315,144.97824681840336,144.97824664638134
AMD,2026-02-20,120,Call,0,0,137,15,1312,0.0379144546649145,259.67999267578125,0.592350943008552,0.0684931506849315,139.99121553941058,139.99121483962853
AMD,2026-02-20,125,Call,0,0,137.49,2,988,0.0379144546649145,259.67999267578125,0.592350943008552,0.0684931506849315,135.004187630444,135.0041854946169
AMD,2026-02-20,130,Call,0,0,129.1,14,1232,0.0379144546649145,259.67999267578125,0.592350943008552,0.0684931506849315,130.01717088308604,130.017164071666
AMD,2026-02-20,135,Call,0,0,123.12,6,719,0.0379144546649145,259.67999267578125,0.592350943008552,0.0684931506849315,125.03018727966239,125.03016625124931
AMD,2026-02-20,140,Call,0,0,121.88,2,6063,0.0379144546649145,259.67999267578125,0.592350943008552,0.0684931506849315,120.04329282158511,120.04324211781642
AMD,2026-02-20,145,Call,0,0,114.45,9,887,0.0379144546649145,259.67999267578125,0.592350943008552,0.0684931506849315,115.05661750098767,115.0565213516225
AMD,2026-02-20,150,Call,0,0,107.1,11,1136,0.0379144546649145,259.67999267578125,0.592350943008552,0.0684931506849315,110.07043844454347,110.07026176262197
AMD,2026-02-20,155,Call,0,0,105.43,3,1249,0.0379144546649145,259.67999267578125,0.592350943008552,0.0684931506849315,105.08530207658706,105.08499263953476
AMD,2026-02-20,160,Call,0,0,101.62,6,1393,0.0379144546649145,259.67999267578125,0.592350943008552,0.0684931506849315,100.10221108905091,100.10170125009525
AMD,2026-02-20,165,Call,0,0,94.77,10,2742,0.0379144546649145,259.67999267578125,0.592350943008552,0.0684931506849315,95.12288725734095,95.12209851191169
AMD,2026-02-20,170,Call,0,0,87.45,2,1706,0.0379144546649145,259.67999267578125,0.592350943008552,0.0684931506849315,90.15011072870035,90.14894038963806
AMD,2026-02-20,175,Call,0,0,85.28,1,1198,0.0379144546649145,259.67999267578125,0.592350943008552,0.0684931506849315,85.18812091445204,85.18634835529876
AMD,2026-02-20,180,Call,0,0,80.08,20,2187,0.0379144546649145,259.67999267578125,0.592350943008552,0.0684931506849315,80.24304596578085,80.24002781413266
AMD,2026-02-20,185,Call,0,0,75.13,20,1755,0.0379144546649145,259.67999267578125,0.592350943008552,0.0684931506849315,75.32331091143686,75.31725249156123
AMD,2026-02-20,190,Call,0,0,69.63,62,1858,0.0379144546649145,259.67999267578125,0.592350943008552,0.0684931506849315,70.43996330596454,70.4320022119713
AMD,2026-02-20,195,Call,0,0,64.83,27,983,0.0379144546649145,259.67999267578125,0.592350943008552,0.0684931506849315,65.60685335049735,65.60219733099275
AMD,2026-02-20,200,Call,0,0,61.1,1583,5886,0.0379144546649145,259.67999267578125,0.592350943008552,0.0684931506849315,60.840614703504514,60.84048040346005
AMD,2026-02-20,205,Call,0,0,56.33,7,12,0.0379144546649145,259.67999267578125,0.592350943008552,0.0684931506849315,56.16041192111561,56.16213777925048
AMD,2026-02-20,210,Call,0,0,51.55,241,8567,0.0379144546649145,259.67999267578125,0.592350943008552,0.0684931506849315,51.58744761285044,51.58030743079919
AMD,2026-02-20,212.5,Call,0,0,50.05,2,4,0.0379144546649145,259.67999267578125,0.592350943008552,0.0684931506849315,49.34819193443863,49.354852505919
AMD,2026-02-20,215,Call,0,0,46.85,14,14,0.0379144546649145,259.67999267578125,0.592350943008552,0.0684931506849315,47.14425230452903,47.12939758103878
AMD,2026-02-20,217.5,Call,0,0,43.71,2,32,0.0379144546649145,259.67999267578125,0.592350943008552,0.0684931506849315,44.97850842544946,44.983243885426056
AMD,2026-02-20,220,Call,0,0,43.49,240,8411,0.0379144546649145,259.67999267578125,0.592350943008552,0.0684931506849315,42.85380750415865,42.86207167121296
AMD,2026-02-20,222.5,Call,0,0,44.9,6,35,0.0379144546649145,259.67999267578125,0.592350943008552,0.0684931506849315,40.772932873987685,40.74663005862583
AMD,2026-02-20,225,Call,0,0,36.83,15,77,0.0379144546649145,259.67999267578125,0.592350943008552,0.0684931506849315,38.7385730649367,38.75366438828069
AMD,2026-02-20,227.5,Call,0,0,36.17,4,37,0.0379144546649145,259.67999267578125,0.592350943008552,0.0684931506849315,36.75329196434879,36.760698717935576
AMD,2026-02-20,230,Call,0,0,35.49,521,6820,0.0379144546649145,259.67999267578125,0.592350943008552,0.0684931506849315,34.81950066789133,34.80459795519737
AMD,2026-02-20,232.5,Call,0,0,32.85,11,83,0.0379144546649145,259.67999267578125,0.592350943008552,0.0684931506849315,32.9394315621922,32.96307117522799
AMD,2026-02-20,235,Call,0,0,31.68,44,253,0.0379144546649145,259.67999267578125,0.592350943008552,0.0684931506849315,31.115115108254372,31.12154439525859
AMD,2026-02-20,237.5,Call,0,0,29.29,54,143,0.0379144546649145,259.67999267578125,0.592350943008552,0.0684931506849315,29.348359712281507,29.34085873739807
AMD,2026-02-20,240,Call,0,0,27.95,3338,9534,0.0379144546649145,259.67999267578125,0.592350943008552,0.0684931506849315,27.640734981277888,27.671223966974576
AMD,2026-02-20,242.5,Call,0,0,26.05,63,121,0.0379144546649145,259.67999267578125,0.592350943008552,0.0684931506849315,25.993558568219868,26.00158919655107
AMD,2026-02-20,245,Call,0,0,24.55,156,310,0.0379144546649145,259.67999267578125,0.592350943008552,0.0684931506849315,24.407886719019672,24.401983125707737
AMD,2026-02-20,247.5,Call,0,0,23,89,202,0.0379144546649145,259.67999267578125,0.592350943008552,0.0684931506849315,22.88450854390763,22.919853284530824
AMD,2026-02-20,250,Call,0,0,21.9,1347,10331,0.0379144546649145,259.67999267578125,0.592350943008552,0.0684931506849315,21.423943951848315,21.437723443353878
AMD,2026-02-20,252.5,Call,0,0,20,198,485,0.0379144546649145,259.67999267578125,0.592350943008552,0.0684931506849315,20.026445110324545,20.014400168351635
AMD,2026-02-20,255,Call,0,0,19.15,592,279,0.0379144546649145,259.67999267578125,0.592350943008552,0.0684931506849315,18.69200122592403,18.728851680690244
AMD,2026-02-20,257.5,Call,0,0,17.67,144,254,0.0379144546649145,259.67999267578125,0.592350943008552,0.0684931506849315,17.420346384804233,17.443303193028857
AMD,2026-02-20,260,Call,0,0,16.7,3424,8947,0.0379144546649145,259.67999267578125,0.592350943008552,0.0684931506849315,16.210970146966233,16.183110940513668
AMD,2026-02-20,265,Call,0,0,14.3,3255,1754,0.0379144546649145,259.67999267578125,0.592350943008552,0.0684931506849315,13.975869191923607,14.008196071461203
AMD,2026-02-20,270,Call,0,0,12.52,2045,5721,0.0379144546649145,259.67999267578125,0.592350943008552,0.0684931506849315,11.978266933782663,11.997705837206173
AMD,2026-02-20,275,Call,0,0,10.7,477,992,0.0379144546649145,259.67999267578125,0.592350943008552,0.0684931506849315,10.206832545481973,10.20651328053533
AMD,2026-02-20,280,Call,0,0,9.1,1755,5024,0.0379144546649145,259.67999267578125,0.592350943008552,0.0684931506849315,8.647946725763205,8.680194799294094
AMD,2026-02-20,285,Call,0,0,7.65,254,318,0.0379144546649145,259.67999267578125,0.592350943008552,0.0684931506849315,7.2863296548550665,7.246654827666298
AMD,2026-02-20,290,Call,0,0,6.6,678,2339,0.0379144546649145,259.67999267578125,0.592350943008552,0.0684931506849315,6.1056490162916575,6.132288960068239
AMD,2026-02-20,295,Call,0,0,5.52,169,248,0.0379144546649145,259.67999267578125,0.592350943008552,0.0684931506849315,5.089079249949734,5.074655064500649
AMD,2026-02-20,300,Call,0,0,4.78,3595,11564,0.0379144546649145,259.67999267578125,0.592350943008552,0.0684931506849315,4.219791893000455,4.235107946755371
AMD,2026-02-20,305,Call,0,0,4.05,144,169,0.0379144546649145,259.67999267578125,0.592350943008552,0.0684931506849315,3.481365208450484,3.476167332182416
AMD,2026-02-20,310,Call,0,0,3.38,2073,5208,0.0379144546649145,259.67999267578125,0.592350943008552,0.0684931506849315,2.8581086525127333,2.86369236338649
AMD,2026-02-20,320,Call,0,0,2.37,301,3409,0.0379144546649145,259.67999267578125,0.592350943008552,0.0684931506849315,1.899367131446617,1.8992656930044087
AMD,2026-02-20,330,Call,0,0,1.67,375,1774,0.0379144546649145,259.67999267578125,0.592350943008552,0.0684931506849315,1.2399516461735054,1.237660282732284
AMD,2026-02-20,340,Call,0,0,1.16,309,1763,0.0379144546649145,259.67999267578125,0.592350943008552,0.0684931506849315,0.7961341807083997,0.7935135731469114
AMD,2026-02-20,350,Call,0,0,0.84,369,1505,0.0379144546649145,259.67999267578125,0.592350943008552,0.0684931506849315,0.503340215350045,0.5008243312092714
AMD,2026-02-20,360,Call,0,0,0.6,291,949,0.0379144546649145,259.67999267578125,0.592350943008552,0.0684931506849315,0.31370476018494564,0.31101231299096593
AMD,2026-02-20,370,Call,0,0,0.42,27,1948,0.0379144546649145,259.67999267578125,0.592350943008552,0.0684931506849315,0.192944879198222,0.1897232277685752
AMD,2026-02-20,380,Call,0,0,0.3,43,542,0.0379144546649145,259.67999267578125,0.592350943008552,0.0684931506849315,0.11723104651644389,0.1133886687857576
AMD,2026-02-20,390,Call,0,0,0.24,107,339,0.0379144546649145,259.67999267578125,0.592350943008552,0.0684931506849315,0.07043179452863568,0.06617233685706171
AMD,2026-02-20,400,Call,0,0,0.17,194,4092,0.0379144546649145,259.67999267578125,0.592350943008552,0.0684931506849315,0.041879910898835804,0.0386489336926158
AMD,2026-02-20,410,Call,0,0,0.21,9,970,0.0379144546649145,259.67999267578125,0.592350943008552,0.0684931506849315,0.024667366175514238,0.023145859876555923
AMD,2026-02-20,420,Call,0,0,0.15,36,1049,0.0379144546649145,259.67999267578125,0.592350943008552,0.0684931506849315,0.014403390274768557,0.013418994981417751
AMD,2026-02-20,430,Call,0,0,0.09,23,234,0.0379144546649145,259.67999267578125,0.592350943008552,0.0684931506849315,0.008343594434078061,0.007488891466374103
AMD,2026-02-20,440,Call,0,0,0.06,574,1335,0.0379144546649145,259.67999267578125,0.592350943008552,0.0684931506849315,0.004798302299377291,0.004006191432328763
AMD,2026-02-20,450,Call,0,0,0.05,140,1108,0.0379144546649145,259.67999267578125,0.592350943008552,0.0684931506849315,0.002741236658905827,0.0023861720296943683
AMD,2026-02-20,460,Call,0,0,0.05,28,231,0.0379144546649145,259.67999267578125,0.592350943008552,0.0684931506849315,0.001556642402480976,0.001330425779376764
AMD,2026-02-20,470,Call,0,0,0.03,101,226,0.0379144546649145,259.67999267578125,0.592350943008552,0.0684931506849315,8.791340158949591e-4,6.940963166133862e-4
AMD,2026-02-20,480,Call,0,0,0.02,1,1148,0.0379144546649145,259.67999267578125,0.592350943008552,0.0684931506849315,4.940473272888098e-4,3.900732029669186e-4
AMD,2026-02-20,490,Call,0,0,0.02,10,52,0.0379144546649145,259.67999267578125,0.592350943008552,0.0684931506849315,2.763990989867286e-4,2.1674992679379158e-4
AMD,2026-02-20,500,Call,0,0,0.02,86,1467,0.0379144546649145,259.67999267578125,0.592350943008552,0.0684931506849315,1.5401101789724782e-4,1.0890180658721512e-4
AMD,2026-02-20,510,Call,0,0,0.01,20,217,0.0379144546649145,259.67999267578125,0.592350943008552,0.0684931506849315,8.550524710485919e-5,6.13028555775363e-5
AMD,2026-02-20,520,Call,0,0,0.01,20,392,0.0379144546649145,259.67999267578125,0.592350943008552,0.0684931506849315,4.7317899980178334e-5,3.275505152723826e-5
AMD,2026-02-20,530,Call,0,0,0.01,252,4854,0.0379144546649145,259.67999267578125,0.592350943008552,0.0684931506849315,2.610982320424063e-5,1.5392405731778887e-5
AMD,2026-02-27,110,Call,0,0,153.91,1,1,0.0376385019710906,259.67999267578125,0.592350943008552,0.08767123287671233,150.04237643912586,150.04237543873433
AMD,2026-02-27,115,Call,0,0,117.7,NA,5,0.0376385019710906,259.67999267578125,0.592350943008552,0.08767123287671233,145.0588551733503,145.058851676364
AMD,2026-02-27,120,Call,0,0,139.55,2,2,0.0376385019710906,259.67999267578125,0.592350943008552,0.08767123287671233,140.07534924263712,140.07533784580272
AMD,2026-02-27,130,Call,0,0,79.9,NA,4,0.0376385019710906,259.67999267578125,0.592350943008552,0.08767123287671233,130.1085302724238,130.108478619166
AMD,2026-02-27,135,Call,0,0,120.23,NA,2,0.0376385019710906,259.67999267578125,0.592350943008552,0.08767123287671233,125.12542447055603,125.12532156774307
AMD,2026-02-27,140,Call,0,0,92.02,NA,1,0.0376385019710906,259.67999267578125,0.592350943008552,0.08767123287671233,120.14285517710775,120.14266267732744
AMD,2026-02-27,150,Call,0,0,112.38,1,1,0.0376385019710906,259.67999267578125,0.592350943008552,0.08767123287671233,110.18188017484832,110.18132502664821
AMD,2026-02-27,160,Call,0,0,72.05,NA,13,0.0376385019710906,259.67999267578125,0.592350943008552,0.08767123287671233,100.23605015502557,100.23447970892276
AMD,2026-02-27,165,Call,0,0,42.36,NA,1,0.0376385019710906,259.67999267578125,0.592350943008552,0.08767123287671233,95.27570125255826,95.27258107544174
AMD,2026-02-27,170,Call,0,0,78.75,1,4,0.0376385019710906,259.67999267578125,0.592350943008552,0.08767123287671233,90.32996845077233,90.32539802240012
AMD,2026-02-27,175,Call,0,0,85.26,8,28,0.0376385019710906,259.67999267578125,0.592350943008552,0.08767123287671233,85.40564581361329,85.40202723158602
AMD,2026-02-27,180,Call,0,0,71.05,3,17,0.0376385019710906,259.67999267578125,0.592350943008552,0.08767123287671233,80.51150260603907,80.50948535872675
AMD,2026-02-27,185,Call,0,0,55.14,NA,6,0.0376385019710906,259.67999267578125,0.592350943008552,0.08767123287671233,75.65841385823455,75.65627764164472
AMD,2026-02-27,190,Call,0,0,67,55,55,0.0376385019710906,259.67999267578125,0.592350943008552,0.08767123287671233,70.85936383980075,70.84944967955647
AMD,2026-02-27,195,Call,0,0,66,4,35,0.0376385019710906,259.67999267578125,0.592350943008552,0.08767123287671233,66.1293024714507,66.12082578966331
AMD,2026-02-27,200,Call,0,0,61.18,12,54,0.0376385019710906,259.67999267578125,0.592350943008552,0.08767123287671233,61.484849633975074,61.48775383173503
AMD,2026-02-27,205,Call,0,0,56.55,11,78,0.0376385019710906,259.67999267578125,0.592350943008552,0.08767123287671233,56.94385849437498,56.94406782694361
AMD,2026-02-27,210,Call,0,0,49.2,2,104,0.0376385019710906,259.67999267578125,0.592350943008552,0.08767123287671233,52.5248639333673,52.50381497096538
AMD,2026-02-27,215,Call,0,0,48.62,20,162,0.0376385019710906,259.67999267578125,0.592350943008552,0.08767123287671233,48.24645384842714,48.25734658905616
AMD,2026-02-27,220,Call,0,0,43.9,13,217,0.0376385019710906,259.67999267578125,0.592350943008552,0.08767123287671233,44.1266081251932,44.13562538788884
AMD,2026-02-27,225,Call,0,0,39.98,14,203,0.0376385019710906,259.67999267578125,0.592350943008552,0.08767123287671233,40.1820518578663,40.16390750027549
AMD,2026-02-27,230,Call,0,0,36,46,155,0.0376385019710906,259.67999267578125,0.592350943008552,0.08767123287671233,36.42766621016605,36.45499540012396
AMD,2026-02-27,235,Call,0,0,30.9,24,229,0.0376385019710906,259.67999267578125,0.592350943008552,0.08767123287671233,32.875993046586586,32.87460752172439
AMD,2026-02-27,240,Call,0,0,29.48,108,355,0.0376385019710906,259.67999267578125,0.592350943008552,0.08767123287671233,29.536859440347968,29.55240543340238
AMD,2026-02-27,245,Call,0,0,25.95,116,249,0.0376385019710906,259.67999267578125,0.592350943008552,0.08767123287671233,26.41713683698265,26.44919007918282
AMD,2026-02-27,250,Call,0,0,23.45,359,972,0.0376385019710906,259.67999267578125,0.592350943008552,0.08767123287671233,23.52063839509057,23.502755663313703
AMD,2026-02-27,255,Call,0,0,21,129,796,0.0376385019710906,259.67999267578125,0.592350943008552,0.08767123287671233,20.84814796259684,20.892309721329248
AMD,2026-02-27,260,Call,0,0,18.56,467,676,0.0376385019710906,259.67999267578125,0.592350943008552,0.08767123287671233,18.39756605913182,18.364518322503578
AMD,2026-02-27,265,Call,0,0,16.1,242,461,0.0376385019710906,259.67999267578125,0.592350943008552,0.08767123287671233,16.16415253816257,16.207097227517714
AMD,2026-02-27,270,Call,0,0,14,682,765,0.0376385019710906,259.67999267578125,0.592350943008552,0.08767123287671233,14.14084237709693,14.129970305408456
AMD,2026-02-27,275,Call,0,0,12,98,238,0.0376385019710906,259.67999267578125,0.592350943008552,0.08767123287671233,12.318610103544799,12.355178213591275
AMD,2026-02-27,280,Call,0,0,10.72,183,231,0.0376385019710906,259.67999267578125,0.592350943008552,0.08767123287671233,10.686859341625834,10.683338896683575
AMD,2026-02-27,285,Call,0,0,9.05,66,265,0.0376385019710906,259.67999267578125,0.592350943008552,0.08767123287671233,9.233816384861385,9.264168044962835
AMD,2026-02-27,290,Call,0,0,8.1,61,321,0.0376385019710906,259.67999267578125,0.592350943008552,0.08767123287671233,7.946910077278645,7.940486178423262
AMD,2026-02-27,295,Call,0,0,6.95,45,58,0.0376385019710906,259.67999267578125,0.592350943008552,0.08767123287671233,6.813124148258687,6.83898088394252
AMD,2026-02-27,300,Call,0,0,6.2,229,472,0.0376385019710906,259.67999267578125,0.592350943008552,0.08767123287671233,5.819312104238378,5.8031114220800095
AMD,2026-02-27,305,Call,0,0,5.2,60,94,0.0376385019710906,259.67999267578125,0.592350943008552,0.08767123287671233,4.9524685247231375,4.974309994755319
AMD,2026-02-27,310,Call,0,0,4.41,50,90,0.0376385019710906,259.67999267578125,0.592350943008552,0.08767123287671233,4.199953927542573,4.169631936655058
AMD,2026-02-27,315,Call,0,0,3.9,13,63,0.0376385019710906,259.67999267578125,0.592350943008552,0.08767123287671233,3.5496731326131226,3.565789579441012
AMD,2026-02-27,320,Call,0,0,3.35,66,93,0.0376385019710906,259.67999267578125,0.592350943008552,0.08767123287671233,2.9902092130221476,2.961947222226967
AMD,2026-02-27,325,Call,0,0,2.8,13,48,0.0376385019710906,259.67999267578125,0.592350943008552,0.08767123287671233,2.5109166838335,2.5181478124628214
AMD,2026-02-27,330,Call,0,0,2.4,10,79,0.0376385019710906,259.67999267578125,0.592350943008552,0.08767123287671233,2.1019785910743494,2.092602877449303
AMD,2026-02-27,335,Call,0,0,1.92,15,112,0.0376385019710906,259.67999267578125,0.592350943008552,0.08767123287671233,1.754432700360148,1.749745500424211
AMD,2026-02-27,340,Call,0,0,1.76,35,92,0.0376385019710906,259.67999267578125,0.592350943008552,0.08767123287671233,1.4601721338109606,1.4599506017130994
AMD,2026-02-27,345,Call,0,0,1.45,2,15,0.0376385019710906,259.67999267578125,0.592350943008552,0.08767123287671233,1.211925655049182,1.1938715310516381
AMD,2026-02-27,350,Call,0,0,1.39,23,27,0.0376385019710906,259.67999267578125,0.592350943008552,0.08767123287671233,1.0032224399508625,1.0033419383524147
AMD,2026-02-27,360,Call,0,0,0.97,33,122,0.0376385019710906,259.67999267578125,0.592350943008552,0.08767123287671233,0.6822787145321758,0.6769313914779567
AMD,2026-02-27,370,Call,0,0,1.08,1,3,0.0376385019710906,259.67999267578125,0.592350943008552,0.08767123287671233,0.4596585170513894,0.4466160710570307
AMD,2026-02-27,380,Call,0,0,0.61,5,10,0.0376385019710906,259.67999267578125,0.592350943008552,0.08767123287671233,0.30699939922694064,0.2988990210827972
AMD,2026-02-27,390,Call,0,0,0.48,7,8,0.0376385019710906,259.67999267578125,0.592350943008552,0.08767123287671233,0.2034089661980989,0.20004770786052994
AMD,2026-02-27,400,Call,0,0,0.32,17,43,0.0376385019710906,259.67999267578125,0.592350943008552,0.08767123287671233,0.13378777466355896,0.12970317730039274
AMD,2026-02-27,410,Call,0,0,0.38,3,10,0.0376385019710906,259.67999267578125,0.592350943008552,0.08767123287671233,0.0874061669899413,0.08108235063570275
AMD,2026-02-27,420,Call,0,0,0.19,213,217,0.0376385019710906,259.67999267578125,0.592350943008552,0.08767123287671233,0.05675384057068622,0.05425504887640194
AMD,2026-03-06,150,Call,0,0,113,1,1,0.0373625492772667,259.67999267578125,0.592350943008552,0.10684931506849316,110.30162640319489,110.2999348158752
AMD,2026-03-06,175,Call,0,0,78.29,NA,1,0.0373625492772667,259.67999267578125,0.592350943008552,0.10684931506849316,85.67440727222203,85.66835686879584
AMD,2026-03-06,200,Call,0,0,60.32,2,3,0.0373625492772667,259.67999267578125,0.592350943008552,0.10684931506849316,62.19845246494725,62.19850728284819
AMD,2026-03-06,210,Call,0,0,48.97,NA,2,0.0373625492772667,259.67999267578125,0.592350943008552,0.10684931506849316,53.49966654849723,53.514177033170725
AMD,2026-03-06,215,Call,0,0,53.2,1,3,0.0373625492772667,259.67999267578125,0.592350943008552,0.10684931506849316,49.360280438230774,49.34943098112519
AMD,2026-03-06,220,Call,0,0,46.64,5,6,0.0373625492772667,259.67999267578125,0.592350943008552,0.10684931506849316,45.38008022682067,45.39080022202329
AMD,2026-03-06,225,Call,0,0,40.57,8,6,0.0373625492772667,259.67999267578125,0.592350943008552,0.10684931506849316,41.57173511631012,41.59026251259818
AMD,2026-03-06,230,Call,0,0,37.8,18,19,0.0373625492772667,259.67999267578125,0.592350943008552,0.10684931506849316,37.946104639763746,37.937521352553176
AMD,2026-03-06,235,Call,0,0,33.65,8,7,0.0373625492772667,259.67999267578125,0.592350943008552,0.10684931506849316,34.51196844489516,34.5479850281177
AMD,2026-03-06,240,Call,0,0,31.08,26,35,0.0373625492772667,259.67999267578125,0.592350943008552,0.10684931506849316,31.27584637564894,31.241376399667004
AMD,2026-03-06,245,Call,0,0,29.65,33,34,0.0373625492772667,259.67999267578125,0.592350943008552,0.10684931506849316,28.24191052949368,28.286577676880036
AMD,2026-03-06,250,Call,0,0,25.02,38,80,0.0373625492772667,259.67999267578125,0.592350943008552,0.10684931506849316,25.41198522987554,25.37085238326959
AMD,2026-03-06,255,Call,0,0,21.82,62,68,0.0373625492772667,259.67999267578125,0.592350943008552,0.10684931506849316,22.785626237609193,22.834064060243016
AMD,2026-03-06,260,Call,0,0,20,265,222,0.0373625492772667,259.67999267578125,0.592350943008552,0.10684931506849316,20.36026720944747,20.32256987153668
AMD,2026-03-06,265,Call,0,0,17.9,81,50,0.0373625492772667,259.67999267578125,0.592350943008552,0.10684931506849316,18.1314194196234,18.180993351583577
AMD,2026-03-06,270,Call,0,0,15.72,104,89,0.0373625492772667,259.67999267578125,0.592350943008552,0.10684931506849316,16.0929099925942,16.044497144895555
AMD,2026-03-06,275,Call,0,0,13.93,28,25,0.0373625492772667,259.67999267578125,0.592350943008552,0.10684931506849316,14.23714417129122,14.28452341495601
AMD,2026-03-06,280,Call,0,0,12.39,47,46,0.0373625492772667,259.67999267578125,0.592350943008552,0.10684931506849316,12.555378237610611,12.524549685016439
AMD,2026-03-06,285,Call,0,0,10.83,524,518,0.0373625492772667,259.67999267578125,0.592350943008552,0.10684931506849316,11.037991369280292,11.07681269578191
AMD,2026-03-06,290,Call,0,0,9.55,16,13,0.0373625492772667,259.67999267578125,0.592350943008552,0.10684931506849316,9.674746728938644,9.670988018467092
AMD,2026-03-06,295,Call,0,0,8.49,25,10,0.0373625492772667,259.67999267578125,0.592350943008552,0.10684931506849316,8.45503423433101,8.475489674369442
AMD,2026-03-06,300,Call,0,0,7.48,86,58,0.0373625492772667,259.67999267578125,0.592350943008552,0.10684931506849316,7.368089587576037,7.385553092072984
AMD,2026-03-06,305,Call,0,0,6.17,24,22,0.0373625492772667,259.67999267578125,0.592350943008552,0.10684931506849316,6.403186122269297,6.393776374503478
AMD,2026-03-06,310,Call,0,0,5.6,28,17,0.0373625492772667,259.67999267578125,0.592350943008552,0.10684931506849316,5.549797775758364,5.57462140063247
AMD,2026-03-06,315,Call,0,0,4.95,11,11,0.0373625492772667,259.67999267578125,0.592350943008552,0.10684931506849316,4.797732962255992,4.755466426761465
AMD,2026-03-06,320,Call,0,0,4.22,16,10,0.0373625492772667,259.67999267578125,0.592350943008552,0.10684931506849316,4.137240292589425,4.152274228255935
AMD,2026-03-06,325,Call,0,0,3.65,7,5,0.0373625492772667,259.67999267578125,0.592350943008552,0.10684931506849316,3.5590879636440604,3.556166113728871
AMD,2026-03-06,330,Call,0,0,3.21,25,25,0.0373625492772667,259.67999267578125,0.592350943008552,0.10684931506849316,3.0546192469415416,3.044689680751337
AMD,2026-03-06,335,Call,0,0,3,2,2,0.0373625492772667,259.67999267578125,0.592350943008552,0.10684931506849316,2.615786873917905,2.6251050158651332
AMD,2026-03-06,340,Call,0,0,2.28,17,11,0.0373625492772667,259.67999267578125,0.592350943008552,0.10684931506849316,2.2351692835365213,2.20552035097893
AMD,2026-03-06,345,Call,0,0,2.1,8,8,0.0373625492772667,259.67999267578125,0.592350943008552,0.10684931506849316,1.9059717056400558,1.9056933119548143
AMD,2026-03-06,350,Call,0,0,1.77,25,16,0.0373625492772667,259.67999267578125,0.592350943008552,0.10684931506849316,1.622014939294651,1.6203115880864456
AMD,2026-03-06,360,Call,0,0,1.46,9,7,0.0373625492772667,259.67999267578125,0.592350943008552,0.10684931506849316,1.1680524265239143,1.1674443253175473
AMD,2026-03-06,370,Call,0,0,1.08,53,52,0.0373625492772667,259.67999267578125,0.592350943008552,0.10684931506849316,0.8352019612759314,0.8206735123177463
AMD,2026-03-06,380,Call,0,0,1.25,1,1,0.0373625492772667,259.67999267578125,0.592350943008552,0.10684931506849316,0.5933173133339107,0.5832933168136181
AMD,2026-03-06,390,Call,0,0,0.97,3,2,0.0373625492772667,259.67999267578125,0.592350943008552,0.10684931506849316,0.41896658545160914,0.41535669195576824
AMD,2026-03-06,400,Call,0,0,0.47,7,6,0.0373625492772667,259.67999267578125,0.592350943008552,0.10684931506849316,0.29422872032959635,0.28482337487345233
AMD,2026-03-06,410,Call,0,0,0.49,2,2,0.0373625492772667,259.67999267578125,0.592350943008552,0.10684931506849316,0.20559227898986077,0.1996346512441386
AMD,2026-03-20,45,Call,0,0,212.48,12,1371,0.0370517739816031,259.67999267578125,0.592350943008552,0.14520547945205478,214.9214479912478,214.92144799124705
AMD,2026-03-20,50,Call,0,0,212,2,5776,0.0370517739816031,259.67999267578125,0.592350943008552,0.14520547945205478,209.94827635963338,209.94827635963225
AMD,2026-03-20,55,Call,158.8,161.5,165.45,1,178,0.0370517739816031,259.67999267578125,0.592350943008552,0.14520547945205478,204.9751047280278,204.97510472801827
AMD,2026-03-20,60,Call,0,0,138.77,1,189,0.0370517739816031,259.67999267578125,0.592350943008552,0.14520547945205478,200.00193309655282,200.00193309642725
AMD,2026-03-20,65,Call,0,0,198.15,3,510,0.0370517739816031,259.67999267578125,0.592350943008552,0.14520547945205478,195.02876146642416,195.0287614651971
AMD,2026-03-20,70,Call,0,0,187.34,11,1652,0.0370517739816031,259.67999267578125,0.592350943008552,0.14520547945205478,190.05558984663105,190.0555898368738
AMD,2026-03-20,75,Call,0,0,185.31,10,682,0.0370517739816031,259.67999267578125,0.592350943008552,0.14520547945205478,185.0824182888439,185.08241823848417
AMD,2026-03-20,80,Call,0,0,181.9,1,881,0.0370517739816031,259.67999267578125,0.592350943008552,0.14520547945205478,180.10924703301816,180.10924677427366
AMD,2026-03-20,85,Call,0,0,166.05,5,637,0.0370517739816031,259.67999267578125,0.592350943008552,0.14520547945205478,175.13607700788162,175.13607612614854
AMD,2026-03-20,90,Call,0,0,169.8,3,1378,0.0370517739816031,259.67999267578125,0.592350943008552,0.14520547945205478,170.162911286107,170.1629084667387
AMD,2026-03-20,95,Call,0,0,139.5,3,950,0.0370517739816031,259.67999267578125,0.592350943008552,0.14520547945205478,165.18975874058324,165.18975012858675
AMD,2026-03-20,100,Call,0,0,157.95,4,7247,0.0370517739816031,259.67999267578125,0.592350943008552,0.14520547945205478,160.21664212474303,160.21661821518032
AMD,2026-03-20,105,Call,0,0,146.45,1,2748,0.0370517739816031,259.67999267578125,0.592350943008552,0.14520547945205478,155.24361400956073,155.24355479530672
AMD,2026-03-20,110,Call,0,0,141.45,1,1467,0.0370517739816031,259.67999267578125,0.592350943008552,0.14520547945205478,150.27078517366186,150.27065510249267
AMD,2026-03-20,115,Call,0,0,145.4,4,5029,0.0370517739816031,259.67999267578125,0.592350943008552,0.14520547945205478,145.29837072891996,145.2981180356899
AMD,2026-03-20,120,Call,0,0,144.55,2,5961,0.0370517739816031,259.67999267578125,0.592350943008552,0.14520547945205478,140.32675900207295,140.32632667739406
AMD,2026-03-20,125,Call,0,0,135.3,9,2593,0.0370517739816031,259.67999267578125,0.592350943008552,0.14520547945205478,135.3566066420487,135.35595898021705
AMD,2026-03-20,130,Call,0,0,129.5,22,2060,0.0370517739816031,259.67999267578125,0.592350943008552,0.14520547945205478,130.38896052195417,130.38810840443634
AMD,2026-03-20,135,Call,0,0,125.21,9,1430,0.0370517739816031,259.67999267578125,0.592350943008552,0.14520547945205478,125.42540304643859,125.42435600961086
AMD,2026-03-20,140,Call,0,0,122.63,3,1634,0.0370517739816031,259.67999267578125,0.592350943008552,0.14520547945205478,120.46821306770397,120.46667981052784
AMD,2026-03-20,145,Call,0,0,114.7,7,897,0.0370517739816031,259.67999267578125,0.592350943008552,0.14520547945205478,115.52053054556296,115.5170269376722
AMD,2026-03-20,150,Call,0,0,110,21,5541,0.0370517739816031,259.67999267578125,0.592350943008552,0.14520547945205478,110.58651014074792,110.58219266211239
AMD,2026-03-20,155,Call,0,0,108.25,2,3797,0.0370517739816031,259.67999267578125,0.592350943008552,0.14520547945205478,105.6714477018736,105.66893970544066
AMD,2026-03-20,160,Call,0,0,95.43,11,3052,0.0370517739816031,259.67999267578125,0.592350943008552,0.14520547945205478,100.78186438091765,100.77831069444855
AMD,2026-03-20,165,Call,0,0,96.1,5,3907,0.0370517739816031,259.67999267578125,0.592350943008552,0.14520547945205478,95.92553582383181,95.91375390860112
AMD,2026-03-20,170,Call,0,0,91.14,23,2545,0.0370517739816031,259.67999267578125,0.592350943008552,0.14520547945205478,91.11145815220567,91.10900413904807
AMD,2026-03-20,175,Call,0,0,86.1,10,4668,0.0370517739816031,259.67999267578125,0.592350943008552,0.14520547945205478,86.34974768190682,86.34597890633896
AMD,2026-03-20,180,Call,0,0,81,66,2923,0.0370517739816031,259.67999267578125,0.592350943008552,0.14520547945205478,81.65147682542153,81.63787454863271
AMD,2026-03-20,185,Call,0,0,77.42,41,1388,0.0370517739816031,259.67999267578125,0.592350943008552,0.14520547945205478,77.02845373435991,77.03255232317757
AMD,2026-03-20,190,Call,0,0,73,46,2708,0.0370517739816031,259.67999267578125,0.592350943008552,0.14520547945205478,72.4929574188119,72.47470307606963
AMD,2026-03-20,195,Call,0,0,68.15,24,2214,0.0370517739816031,259.67999267578125,0.592350943008552,0.14520547945205478,68.05744297370268,68.06264264828124
AMD,2026-03-20,200,Call,0,0,63.6,96,17135,0.0370517739816031,259.67999267578125,0.592350943008552,0.14520547945205478,63.7342329914801,63.73375432610484
AMD,2026-03-20,210,Call,0,0,55.95,176,6078,0.0370517739816031,259.67999267578125,0.592350943008552,0.14520547945205478,55.47153373988539,55.48553784634677
AMD,2026-03-20,220,Call,0,0,46.59,1341,6983,0.0370517739816031,259.67999267578125,0.592350943008552,0.14520547945205478,47.789680396189084,47.81443773437922
AMD,2026-03-20,230,Call,0,0,40.5,445,13604,0.0370517739816031,259.67999267578125,0.592350943008552,0.14520547945205478,40.754561469436624,40.78474631974971
AMD,2026-03-20,240,Call,0,0,33.85,389,4671,0.0370517739816031,259.67999267578125,0.592350943008552,0.14520547945205478,34.40844350761196,34.43420287294822
AMD,2026-03-20,250,Call,0,0,28.25,1200,13022,0.0370517739816031,259.67999267578125,0.592350943008552,0.14520547945205478,28.768412883448974,28.77202448352382
AMD,2026-03-20,260,Call,0,0,23.25,2977,5856,0.0370517739816031,259.67999267578125,0.592350943008552,0.14520547945205478,23.827619148315762,23.781740361605497
AMD,2026-03-20,270,Call,0,0,19,1018,6004,0.0370517739816031,259.67999267578125,0.592350943008552,0.14520547945205478,19.55860048352676,19.554715174794747
AMD,2026-03-20,280,Call,0,0,15.45,4023,5110,0.0370517739816031,259.67999267578125,0.592350943008552,0.14520547945205478,15.91783247584587,15.960136303987223
AMD,2026-03-20,290,Call,0,0,12.5,559,3062,0.0370517739816031,259.67999267578125,0.592350943008552,0.14520547945205478,12.85069727708455,12.899012745378938
AMD,2026-03-20,300,Call,0,0,10.1,4541,9297,0.0370517739816031,259.67999267578125,0.592350943008552,0.14520547945205478,10.296241795020933,10.3005713172086
AMD,2026-03-20,310,Call,0,0,8.09,551,1431,0.0370517739816031,259.67999267578125,0.592350943008552,0.14520547945205478,8.19130731298877,8.161284077040204
AMD,2026-03-20,320,Call,0,0,6.6,1503,3908,0.0370517739816031,259.67999267578125,0.592350943008552,0.14520547945205478,6.4738159009452545,6.499365854665392
AMD,2026-03-20,330,Call,0,0,5.03,434,2452,0.0370517739816031,259.67999267578125,0.592350943008552,0.14520547945205478,5.0851616798498185,5.095247285037706
AMD,2026-03-20,340,Call,0,0,4.11,162,1363,0.0370517739816031,259.67999267578125,0.592350943008552,0.14520547945205478,3.9717673487086316,3.9300137369544736
AMD,2026-03-20,350,Call,0,0,3.3,348,2138,0.0370517739816031,259.67999267578125,0.592350943008552,0.14520547945205478,3.085931154138869,3.0954327293915043
AMD,2026-03-20,360,Call,0,0,2.51,63,3249,0.0370517739816031,259.67999267578125,0.592350943008552,0.14520547945205478,2.3861160919081037,2.377254050635666
AMD,2026-03-20,370,Call,0,0,1.99,77,2665,0.0370517739816031,259.67999267578125,0.592350943008552,0.14520547945205478,1.8368329960473275,1.8218077230255516
AMD,2026-03-20,380,Call,0,0,1.59,95,2289,0.0370517739816031,259.67999267578125,0.592350943008552,0.14520547945205478,1.4082528735924722,1.4074008160873797
AMD,2026-03-20,390,Call,0,0,1.26,49,404,0.0370517739816031,259.67999267578125,0.592350943008552,0.14520547945205478,1.0756597794551261,1.0455742816705529
AMD,2026-03-20,400,Call,0,0,1.06,171,5176,0.0370517739816031,259.67999267578125,0.592350943008552,0.14520547945205478,0.8188295863723365,0.8155952459415386
AMD,2026-03-20,410,Call,0,0,0.78,29,1156,0.0370517739816031,259.67999267578125,0.592350943008552,0.14520547945205478,0.6213958217822668,0.6049789110090141
AMD,2026-03-20,420,Call,0,0,0.66,53,511,0.0370517739816031,259.67999267578125,0.592350943008552,0.14520547945205478,0.47024318761750017,0.4649085626602461
AMD,2026-03-20,430,Call,0,0,0.49,5,2050,0.0370517739816031,259.67999267578125,0.592350943008552,0.14520547945205478,0.35495309408907527,0.3440654176503584
AMD,2026-03-20,440,Call,0,0,0.38,15,182,0.0370517739816031,259.67999267578125,0.592350943008552,0.14520547945205478,0.2673134063694991,0.2619111693541608
AMD,2026-03-20,450,Call,0,0,0.35,747,1354,0.0370517739816031,259.67999267578125,0.592350943008552,0.14520547945205478,0.20089609922771468,0.19269922831872166
AMD,2026-03-20,460,Call,0,0,0.27,1,1956,0.0370517739816031,259.67999267578125,0.592350943008552,0.14520547945205478,0.15070095335090072,0.1463331691182124
AMD,2026-03-20,470,Call,0,0,0.28,8,1131,0.0370517739816031,259.67999267578125,0.592350943008552,0.14520547945205478,0.1128601131610143,0.10633516843981268
AMD,2026-03-20,480,Call,0,0,0.24,12,2566,0.0370517739816031,259.67999267578125,0.592350943008552,0.14520547945205478,0.08439663733924219,0.08117469466971676
AMD,2026-03-20,490,Call,0,0,0.14,8,120,0.0370517739816031,259.67999267578125,0.592350943008552,0.14520547945205478,0.06302959627360716,0.057745737393464516
AMD,2026-03-20,500,Call,0,0,0.1,202,9757,0.0370517739816031,259.67999267578125,0.592350943008552,0.14520547945205478,0.047018405927338414,0.04462839746494275
AMD,2026-03-20,510,Call,0,0,0.1,36,137,0.0370517739816031,259.67999267578125,0.592350943008552,0.14520547945205478,0.03503964044203167,0.03151105753642094
AMD,2026-03-20,520,Call,0,0,0.09,5,122,0.0370517739816031,259.67999267578125,0.592350943008552,0.14520547945205478,0.026090329023263303,0.024210005205835113
AMD,2026-03-20,530,Call,0,0,0.06,418,4108,0.0370517739816031,259.67999267578125,0.592350943008552,0.14520547945205478,0.019412578192976038,0.017645001179204898
AMD,2026-04-17,105,Call,0,0,145.1,2,9,0.0368017082785808,259.67999267578125,0.592350943008552,0.2219178082191781,155.54041505034627,155.53973704284982
AMD,2026-04-17,110,Call,0,0,122.51,1,109,0.0368017082785808,259.67999267578125,0.592350943008552,0.2219178082191781,150.5868116006614,150.58595860520967
AMD,2026-04-17,115,Call,0,0,103.37,NA,7,0.0368017082785808,259.67999267578125,0.592350943008552,0.2219178082191781,145.63719497456003,145.63608106071086
AMD,2026-04-17,120,Call,0,0,145.52,10,66,0.0368017082785808,259.67999267578125,0.592350943008552,0.2219178082191781,140.69360417816932,140.69142506207618
AMD,2026-04-17,125,Call,0,0,137.54,1,62,0.0368017082785808,259.67999267578125,0.592350943008552,0.2219178082191781,135.75875567054294,135.75489498336552
AMD,2026-04-17,130,Call,0,0,135.6,7,120,0.0368017082785808,259.67999267578125,0.592350943008552,0.2219178082191781,130.83613323240473,130.8335837612191
AMD,2026-04-17,135,Call,0,0,118.02,1,64,0.0368017082785808,259.67999267578125,0.592350943008552,0.2219178082191781,125.93005305299573,125.92672290372401
AMD,2026-04-17,140,Call,0,0,94.75,10,171,0.0368017082785808,259.67999267578125,0.592350943008552,0.2219178082191781,121.04569681411158,121.03663337342199
AMD,2026-04-17,145,Call,0,0,104.05,4,173,0.0368017082785808,259.67999267578125,0.592350943008552,0.2219178082191781,116.18910804226672,116.18631925012266
AMD,2026-04-17,150,Call,0,0,113.86,4,174,0.0368017082785808,259.67999267578125,0.592350943008552,0.2219178082191781,111.36714987474247,111.35936163497753
AMD,2026-04-17,155,Call,0,0,97.35,12,390,0.0368017082785808,259.67999267578125,0.592350943008552,0.2219178082191781,106.58742528334298,106.58058413736029
AMD,2026-04-17,160,Call,0,0,101.83,6,616,0.0368017082785808,259.67999267578125,0.592350943008552,0.2219178082191781,101.85816341203787,101.85627971145767
AMD,2026-04-17,165,Call,0,0,93.11,2,554,0.0368017082785808,259.67999267578125,0.592350943008552,0.2219178082191781,97.18807778552576,97.1728967549838
AMD,2026-04-17,170,Call,0,0,92.74,14,898,0.0368017082785808,259.67999267578125,0.592350943008552,0.2219178082191781,92.58620360448452,92.59007326575626
AMD,2026-04-17,175,Call,0,0,89.94,7,572,0.0368017082785808,259.67999267578125,0.592350943008552,0.2219178082191781,88.0617221201243,88.0377743317585
AMD,2026-04-17,180,Call,0,0,82.81,10,1787,0.0368017082785808,259.67999267578125,0.592350943008552,0.2219178082191781,83.62378021130303,83.63416641394657
AMD,2026-04-17,185,Call,0,0,76.91,3,429,0.0368017082785808,259.67999267578125,0.592350943008552,0.2219178082191781,79.28131286207221,79.25482235700684
AMD,2026-04-17,190,Call,0,0,76.55,16,1170,0.0368017082785808,259.67999267578125,0.592350943008552,0.2219178082191781,75.04287537877525,75.06019452201753
AMD,2026-04-17,195,Call,0,0,72.8,3,1151,0.0368017082785808,259.67999267578125,0.592350943008552,0.2219178082191781,70.91649102900277,70.9000191528169
AMD,2026-04-17,200,Call,0,0,63.91,51,1552,0.0368017082785808,259.67999267578125,0.592350943008552,0.2219178082191781,66.90951846182702,66.92930442821303
AMD,2026-04-17,210,Call,0,0,56.35,71,2699,0.0368017082785808,259.67999267578125,0.592350943008552,0.2219178082191781,59.2792857488339,59.28453952992362
AMD,2026-04-17,220,Call,0,0,51.2,270,2266,0.0368017082785808,259.67999267578125,0.592350943008552,0.2219178082191781,52.1941947330192,52.146595604354175
AMD,2026-04-17,230,Call,0,0,44.8,67,1893,0.0368017082785808,259.67999267578125,0.592350943008552,0.2219178082191781,45.681142105455194,45.68529155424268
AMD,2026-04-17,240,Call,0,0,38.7,237,2303,0.0368017082785808,259.67999267578125,0.592350943008552,0.2219178082191781,39.75177639418425,39.81078444372697
AMD,2026-04-17,250,Call,0,0,32.75,600,4756,0.0368017082785808,259.67999267578125,0.592350943008552,0.2219178082191781,34.40353117658361,34.45427211432576
AMD,2026-04-17,260,Call,0,0,28.2,600,2252,0.0368017082785808,259.67999267578125,0.592350943008552,0.2219178082191781,29.621471688386947,29.562032097787952
AMD,2026-04-17,270,Call,0,0,23.65,772,2437,0.0368017082785808,259.67999267578125,0.592350943008552,0.2219178082191781,25.380606872555248,25.42931863768882
AMD,2026-04-17,280,Call,0,0,20,426,1709,0.0368017082785808,259.67999267578125,0.592350943008552,0.2219178082191781,21.648364848704972,21.704104221878502
AMD,2026-04-17,290,Call,0,0,17.03,196,1624,0.0368017082785808,259.67999267578125,0.592350943008552,0.2219178082191781,18.386998699446877,18.32386437986059
AMD,2026-04-17,300,Call,0,0,14.29,2477,4982,0.0368017082785808,259.67999267578125,0.592350943008552,0.2219178082191781,15.555763273961887,15.613324356441508
AMD,2026-04-17,310,Call,0,0,12.2,353,1292,0.0368017082785808,259.67999267578125,0.592350943008552,0.2219178082191781,13.112770795028538,13.110461302119743
AMD,2026-04-17,320,Call,0,0,9.95,164,683,0.0368017082785808,259.67999267578125,0.592350943008552,0.2219178082191781,11.016487471000119,11.0382829329566
AMD,2026-04-17,330,Call,0,0,8.32,69,1019,0.0368017082785808,259.67999267578125,0.592350943008552,0.2219178082191781,9.226873268922034,9.247026633412993
AMD,2026-04-17,340,Call,0,0,7.09,3104,3661,0.0368017082785808,259.67999267578125,0.592350943008552,0.2219178082191781,7.706193342312055,7.69799560961576
AMD,2026-04-17,350,Call,0,0,5.79,232,990,0.0368017082785808,259.67999267578125,0.592350943008552,0.2219178082191781,6.419544543115244,6.437325872281742
AMD,2026-04-17,360,Call,0,0,4.9,190,712,0.0368017082785808,259.67999267578125,0.592350943008552,0.2219178082191781,5.335146673364974,5.316293778480549
AMD,2026-04-17,370,Call,0,0,4.1,31,360,0.0368017082785808,259.67999267578125,0.592350943008552,0.2219178082191781,4.424448256656891,4.431957883335311
AMD,2026-04-17,380,Call,0,0,3.55,71,486,0.0368017082785808,259.67999267578125,0.592350943008552,0.2219178082191781,3.662092866143624,3.647352667397245
AMD,2026-04-17,390,Call,0,0,2.75,70,515,0.0368017082785808,259.67999267578125,0.592350943008552,0.2219178082191781,3.02578618419723,3.0203235101870973
AMD,2026-04-17,400,Call,0,0,2.46,248,2076,0.0368017082785808,259.67999267578125,0.592350943008552,0.2219178082191781,2.4960972588767945,2.4897523963735635
AMD,2026-04-17,410,Call,0,0,2.02,11,168,0.0368017082785808,259.67999267578125,0.592350943008552,0.2219178082191781,2.05622071569001,2.0360891697741015
AMD,2026-04-17,420,Call,0,0,1.77,7,74,0.0368017082785808,259.67999267578125,0.592350943008552,0.2219178082191781,1.6917204985481415,1.6897462091197912
AMD,2026-04-17,430,Call,0,0,2.07,6,123,0.0368017082785808,259.67999267578125,0.592350943008552,0.2219178082191781,1.3902703227101973,1.3547169309305813
AMD,2026-04-17,440,Call,0,0,1.07,143,608,0.0368017082785808,259.67999267578125,0.592350943008552,0.2219178082191781,1.1414015246905045,1.1366592402154312
AMD,2026-04-17,450,Call,0,0,1.04,17,570,0.0368017082785808,259.67999267578125,0.592350943008552,0.2219178082191781,0.9362653787675761,0.9186015495002807
AMD,2026-04-17,460,Call,0,0,1.01,273,1091,0.0368017082785808,259.67999267578125,0.592350943008552,0.2219178082191781,0.7674141415087528,0.754157429099144
AMD,2026-04-17,470,Call,0,0,0.75,9,202,0.0368017082785808,259.67999267578125,0.592350943008552,0.2219178082191781,0.6286029773374384,0.6218494985224217
AMD,2026-04-17,480,Call,0,0,0.69,12,536,0.0368017082785808,259.67999267578125,0.592350943008552,0.2219178082191781,0.5146133922303209,0.49069171614509005
AMD,2026-04-17,490,Call,0,0,0.54,17,76,0.0368017082785808,259.67999267578125,0.592350943008552,0.2219178082191781,0.4210977451560831,0.4133868118812186
AMD,2026-04-17,500,Call,0,0,0.44,18,1179,0.0368017082785808,259.67999267578125,0.592350943008552,0.2219178082191781,0.3444437148095232,0.33608190761734646
AMD,2026-04-17,510,Call,0,0,0.47,11,60,0.0368017082785808,259.67999267578125,0.592350943008552,0.2219178082191781,0.2816571839048354,0.26781714090837433
AMD,2026-04-17,520,Call,0,0,0.33,1011,1926,0.0368017082785808,259.67999267578125,0.592350943008552,0.2219178082191781,0.23026179134189384,0.22435634042513836
AMD,2026-04-17,530,Call,0,0,0.27,42,2036,0.0368017082785808,259.67999267578125,0.592350943008552,0.2219178082191781,0.18821333500940574,0.18089553994190266
AMD,2026-05-15,25,Call,0,0,197.55,8,14,0.0366999999999999,259.67999267578125,0.592350943008552,0.29863013698630136,234.95248985168004,234.952489851678
AMD,2026-05-15,30,Call,0,0,184.15,2,9,0.0366999999999999,259.67999267578125,0.592350943008552,0.29863013698630136,230.00698928690053,230.00698928686273
AMD,2026-05-15,35,Call,218,220.3,123.5,3,1,0.0366999999999999,259.67999267578125,0.592350943008552,0.29863013698630136,225.0614887231568,225.06148872225532
AMD,2026-05-15,40,Call,0,0,194.79,3,4,0.0366999999999999,259.67999267578125,0.592350943008552,0.29863013698630136,220.11598817348013,220.1159881622977
AMD,2026-05-15,45,Call,115.5,116.45,122.9,1,1,0.0366999999999999,259.67999267578125,0.592350943008552,0.29863013698630136,215.17048774315612,215.17048765044638
AMD,2026-05-15,50,Call,164.6,166.4,163.1,1,3,0.0366999999999999,259.67999267578125,0.592350943008552,0.29863013698630136,210.2249880212109,210.22498756136156
AMD,2026-05-15,55,Call,0,0,206.79,2,49,0.0366999999999999,259.67999267578125,0.592350943008552,0.29863013698630136,205.27949148279924,205.27948921833888
AMD,2026-05-15,60,Call,156.7,158.45,175.3,1,18,0.0366999999999999,259.67999267578125,0.592350943008552,0.29863013698630136,200.33400641618786,200.33400010253288
AMD,2026-05-15,65,Call,149.7,151.75,140.6,12,9,0.0366999999999999,259.67999267578125,0.592350943008552,0.29863013698630136,195.38855593308682,195.38853754991567
AMD,2026-05-15,70,Call,91.7,92.95,77.82,1,1,0.0366999999999999,259.67999267578125,0.592350943008552,0.29863013698630136,190.4431955215688,190.44314657108853
AMD,2026-05-15,75,Call,139.9,141.95,138.15,10,14,0.0366999999999999,259.67999267578125,0.592350943008552,0.29863013698630136,185.49804287120367,185.4979296373126
AMD,2026-05-15,80,Call,0,0,135.1,3,35,0.0366999999999999,259.67999267578125,0.592350943008552,0.29863013698630136,180.5533229844216,180.553098412229
AMD,2026-05-15,85,Call,150.15,152.1,142.17,3,7,0.0366999999999999,259.67999267578125,0.592350943008552,0.29863013698630136,175.60942984328614,175.60904856964126
AMD,2026-05-15,90,Call,0,0,164.21,2,16,0.0366999999999999,259.67999267578125,0.592350943008552,0.29863013698630136,170.66700342551337,170.66644201648916
AMD,2026-05-15,95,Call,0,0,112.11,2,11,0.0366999999999999,259.67999267578125,0.592350943008552,0.29863013698630136,165.7270181826898,165.72624263547854
AMD,2026-05-15,100,Call,0,0,133.48,2,64,0.0366999999999999,259.67999267578125,0.592350943008552,0.29863013698630136,160.7908767765004,160.78958619744543
AMD,2026-05-15,105,Call,0,0,116.74,2,25,0.0366999999999999,259.67999267578125,0.592350943008552,0.29863013698630136,155.86050136537648,155.85727607772884
AMD,2026-05-15,110,Call,0,0,91.31,3,65,0.0366999999999999,259.67999267578125,0.592350943008552,0.29863013698630136,150.93841428065036,150.93571267974306
AMD,2026-05-15,115,Call,0,0,91.28,20,149,0.0366999999999999,259.67999267578125,0.592350943008552,0.29863013698630136,146.02780053492688,146.02550363394582
AMD,2026-05-15,120,Call,0,0,127.72,1,106,0.0366999999999999,259.67999267578125,0.592350943008552,0.29863013698630136,141.13254608697974,141.12591803271016
AMD,2026-05-15,125,Call,0,0,108.5,6,138,0.0366999999999999,259.67999267578125,0.592350943008552,0.29863013698630136,136.25724785559507,136.25264304494672
AMD,2026-05-15,130,Call,0,0,131.98,1,137,0.0366999999999999,259.67999267578125,0.592350943008552,0.29863013698630136,131.407193801753,131.40343559489472
AMD,2026-05-15,135,Call,0,0,128.88,3,157,0.0366999999999999,259.67999267578125,0.592350943008552,0.29863013698630136,126.5883136821306,126.57638336885191
AMD,2026-05-15,140,Call,0,0,95.05,10,320,0.0366999999999999,259.67999267578125,0.592350943008552,0.29863013698630136,121.80710307971546,121.80543658637283
AMD,2026-05-15,145,Call,0,0,112.35,24,251,0.0366999999999999,259.67999267578125,0.592350943008552,0.29863013698630136,117.07052488398602,117.04709256545796
AMD,2026-05-15,150,Call,0,0,114.22,3,604,0.0366999999999999,259.67999267578125,0.592350943008552,0.29863013698630136,112.38589344990498,112.38660803757877
AMD,2026-05-15,155,Call,0,0,110.4,1,740,0.0366999999999999,259.67999267578125,0.592350943008552,0.29863013698630136,107.76074720771308,107.7341634092691
AMD,2026-05-15,160,Call,0,0,104,3,556,0.0366999999999999,259.67999267578125,0.592350943008552,0.29863013698630136,103.20271557183202,103.20802429815389
AMD,2026-05-15,165,Call,0,0,103.16,1,1021,0.0366999999999999,259.67999267578125,0.592350943008552,0.29863013698630136,98.71938568754518,98.68188518703869
AMD,2026-05-15,170,Call,0,0,92.87,1,479,0.0366999999999999,259.67999267578125,0.592350943008552,0.29863013698630136,94.31817395466271,94.33031113402889
AMD,2026-05-15,175,Call,0,0,92.65,1,764,0.0366999999999999,259.67999267578125,0.592350943008552,0.29863013698630136,90.00620647627022,89.98060788572519
AMD,2026-05-15,180,Call,0,0,84.27,16,653,0.0366999999999999,259.67999267578125,0.592350943008552,0.29863013698630136,85.7902116883709,85.80503087192498
AMD,2026-05-15,185,Call,0,0,82.25,9,367,0.0366999999999999,259.67999267578125,0.592350943008552,0.29863013698630136,81.67642750959959,81.67811568502779
AMD,2026-05-15,190,Call,0,0,75.6,6,396,0.0366999999999999,259.67999267578125,0.592350943008552,0.29863013698630136,77.67052446959215,77.66634875607092
AMD,2026-05-15,195,Call,0,0,77.59,11,454,0.0366999999999999,259.67999267578125,0.592350943008552,0.29863013698630136,73.77754547359109,73.8096739830985
AMD,2026-05-15,200,Call,0,0,69.15,35,11226,0.0366999999999999,259.67999267578125,0.592350943008552,0.29863013698630136,70.0018621673606,69.95299921012607
AMD,2026-05-15,210,Call,0,0,61.26,45,2095,0.0366999999999999,259.67999267578125,0.592350943008552,0.29863013698630136,62.81636199589039,62.84216724344082
AMD,2026-05-15,220,Call,0,0,55.6,350,4628,0.0366999999999999,259.67999267578125,0.592350943008552,0.29863013698630136,56.13488377332382,56.193241608831606
AMD,2026-05-15,230,Call,0,0,49.55,29,6203,0.0366999999999999,259.67999267578125,0.592350943008552,0.29863013698630136,49.96720267164619,49.956252038348644
AMD,2026-05-15,240,Call,0,0,43.6,124,1444,0.0366999999999999,259.67999267578125,0.592350943008552,0.29863013698630136,44.31285678480802,44.337429853618055
AMD,2026-05-15,250,Call,0,0,38.5,221,2156,0.0366999999999999,259.67999267578125,0.592350943008552,0.29863013698630136,39.162434021904744,39.23686281093668
AMD,2026-05-15,260,Call,0,0,33.73,559,1856,0.0366999999999999,259.67999267578125,0.592350943008552,0.29863013698630136,34.49910040419371,34.428360713261334
AMD,2026-05-15,270,Call,0,0,29.57,1261,3156,0.0366999999999999,259.67999267578125,0.592350943008552,0.29863013698630136,30.30020609825901,30.37566837882211
AMD,2026-05-15,280,Call,0,0,25.6,625,5260,0.0366999999999999,259.67999267578125,0.592350943008552,0.29863013698630136,26.538845838451692,26.543241114705793
AMD,2026-05-15,290,Call,0,0,22.54,170,5735,0.0366999999999999,259.67999267578125,0.592350943008552,0.29863013698630136,23.185289655210113,23.23668851239527
AMD,2026-05-15,300,Call,0,0,19.5,384,4027,0.0366999999999999,259.67999267578125,0.592350943008552,0.29863013698630136,20.2082339639189,20.233221136845486
AMD,2026-05-15,310,Call,0,0,16.55,56,2404,0.0366999999999999,259.67999267578125,0.592350943008552,0.29863013698630136,17.575850319820546,17.611992269355614
AMD,2026-05-15,320,Call,0,0,14.79,183,1627,0.0366999999999999,259.67999267578125,0.592350943008552,0.29863013698630136,15.256629285368916,15.272302838268548
AMD,2026-05-15,330,Call,0,0,12.93,156,1158,0.0366999999999999,259.67999267578125,0.592350943008552,0.29863013698630136,13.22003056158659,13.256058139976483
AMD,2026-05-15,340,Call,0,0,11.2,70,761,0.0366999999999999,259.67999267578125,0.592350943008552,0.29863013698630136,11.436958902943935,11.4226667149022
AMD,2026-05-15,350,Call,0,0,9.94,202,3488,0.0366999999999999,259.67999267578125,0.592350943008552,0.29863013698630136,9.880089575669075,9.91967440417286
AMD,2026-05-15,360,Call,0,0,8.6,24,3183,0.0366999999999999,259.67999267578125,0.592350943008552,0.29863013698630136,8.524068368465251,8.461076040284688
AMD,2026-05-15,370,Call,0,0,7.5,76,460,0.0366999999999999,259.67999267578125,0.592350943008552,0.29863013698630136,7.345610393281596,7.37650041056117
AMD,2026-05-15,380,Call,0,0,6.57,20,2672,0.0366999999999999,259.67999267578125,0.592350943008552,0.29863013698630136,6.323519896508358,6.2919247808376655
AMD,2026-05-15,390,Call,0,0,5.83,14,326,0.0366999999999999,259.67999267578125,0.592350943008552,0.29863013698630136,5.4386506207096446,5.43854312511318
AMD,2026-05-15,400,Call,0,0,4.92,28,369,0.0366999999999999,259.67999267578125,0.592350943008552,0.29863013698630136,4.673823328756654,4.6816976076080765
AMD,2026-05-15,410,Call,0,0,4.35,6,225,0.0366999999999999,259.67999267578125,0.592350943008552,0.29863013698630136,4.013714203764298,3.9604152400737873
AMD,2026-05-15,420,Call,0,0,3.3,15,157,0.0366999999999999,259.67999267578125,0.592350943008552,0.29863013698630136,3.444725141292686,3.4501606177583732
AMD,2026-05-15,430,Call,0,0,3.1,25,118,0.0366999999999999,259.67999267578125,0.592350943008552,0.29863013698630136,2.954844548547946,2.939905995442959
AMD,2026-05-15,440,Call,0,0,2.46,3,109,0.0366999999999999,259.67999267578125,0.592350943008552,0.29863013698630136,2.5335051978058694,2.503014804077103
AMD,2026-05-15,450,Call,0,0,2.45,8,272,0.0366999999999999,259.67999267578125,0.592350943008552,0.29863013698630136,2.1714439507145666,2.170957173825904
AMD,2026-05-15,460,Call,0,0,2.5,7,1815,0.0366999999999999,259.67999267578125,0.592350943008552,0.29863013698630136,1.860566756831151,1.8388995435747073
AMD,2026-05-15,470,Call,0,0,1.98,23,169,0.0366999999999999,259.67999267578125,0.592350943008552,0.29863013698630136,1.5938212016444275,1.5682224447791564
AMD,2026-05-15,480,Call,0,0,1.73,77,391,0.0366999999999999,259.67999267578125,0.592350943008552,0.29863013698630136,1.3650779988996469,1.3598109415336888
AMD,2026-05-15,490,Call,0,0,1.53,7,189,0.0366999999999999,259.67999267578125,0.592350943008552,0.29863013698630136,1.1690221508329035,1.1513994382882209
AMD,2026-05-15,500,Call,0,0,1.43,35,1806,0.0366999999999999,259.67999267578125,0.592350943008552,0.29863013698630136,1.0010540013953158,0.9747908770005722
AMD,2026-05-15,510,Call,0,0,1.21,50,380,0.0366999999999999,259.67999267578125,0.592350943008552,0.29863013698630136,0.8572000486145805,0.8487355156983314
AMD,2026-05-15,520,Call,0,0,1.24,106,290,0.0366999999999999,259.67999267578125,0.592350943008552,0.29863013698630136,0.7340331339878183,0.722680154396091
AMD,2026-05-15,530,Call,0,0,1,71,9578,0.0366999999999999,259.67999267578125,0.592350943008552,0.29863013698630136,0.628601464635917,0.6001982342146038
AMD,2026-06-18,5,Call,0,0,254.29,13,276,0.0365255584756898,259.67999267578125,0.592350943008552,0.3917808219178082,254.75103323443184,254.7510332344341
AMD,2026-06-18,10,Call,0,0,241,10,12,0.0365255584756898,259.67999267578125,0.592350943008552,0.3917808219178082,249.82207379308247,249.8220737930848
AMD,2026-06-18,20,Call,0,0,205.05,NA,3,0.0365255584756898,259.67999267578125,0.592350943008552,0.3917808219178082,239.96415491039008,239.96415491038647
AMD,2026-06-18,25,Call,189.3,191.25,228.39,2,193,0.0365255584756898,259.67999267578125,0.592350943008552,0.3917808219178082,235.0351954695026,235.03519546913412
AMD,2026-06-18,30,Call,0,0,224.52,27,64,0.0365255584756898,259.67999267578125,0.592350943008552,0.3917808219178082,230.10623603968864,230.10623603108175
AMD,2026-06-18,35,Call,178.85,182,183.32,1,10,0.0365255584756898,259.67999267578125,0.592350943008552,0.3917808219178082,225.17727674202888,225.17727664517457
AMD,2026-06-18,40,Call,0,0,166.72,1,18,0.0365255584756898,259.67999267578125,0.592350943008552,0.3917808219178082,220.2483184006088,220.24831779527796
AMD,2026-06-18,45,Call,208.4,210.95,117.07,5,25,0.0365255584756898,259.67999267578125,0.592350943008552,0.3917808219178082,215.3193648568917,215.31936229371186
AMD,2026-06-18,50,Call,0,0,197.27,17,256,0.0365255584756898,259.67999267578125,0.592350943008552,0.3917808219178082,210.3904295742438,210.39041937603875
AMD,2026-06-18,55,Call,161.8,163.6,162.82,1,90,0.0365255584756898,259.67999267578125,0.592350943008552,0.3917808219178082,205.4615504242935,205.4615184644118
AMD,2026-06-18,60,Call,0,0,168.95,1,149,0.0365255584756898,259.67999267578125,0.592350943008552,0.3917808219178082,200.53281702052564,200.5327503842496
AMD,2026-06-18,65,Call,0,0,193,62,507,0.0365255584756898,259.67999267578125,0.592350943008552,0.3917808219178082,195.60441400352585,195.60427866917516
AMD,2026-06-18,70,Call,0,0,190.72,20,539,0.0365255584756898,259.67999267578125,0.592350943008552,0.3917808219178082,190.67668132911342,190.67642337273668
AMD,2026-06-18,75,Call,0,0,184.15,3,923,0.0365255584756898,259.67999267578125,0.592350943008552,0.3917808219178082,185.75018948610756,185.74971124704706
AMD,2026-06-18,80,Call,0,0,171.9,1,843,0.0365255584756898,259.67999267578125,0.592350943008552,0.3917808219178082,180.82582453633256,180.82486284021252
AMD,2026-06-18,85,Call,0,0,179.35,2,935,0.0365255584756898,259.67999267578125,0.592350943008552,0.3917808219178082,175.90487566868535,175.90307353603782
AMD,2026-06-18,90,Call,0,0,175,1,1350,0.0365255584756898,259.67999267578125,0.592350943008552,0.3917808219178082,170.98911700446,170.9873254467714
AMD,2026-06-18,95,Call,0,0,164.83,10,1766,0.0365255584756898,259.67999267578125,0.592350943008552,0.3917808219178082,166.08087573043565,166.0790641596123
AMD,2026-06-18,100,Call,0,0,159.43,37,5630,0.0365255584756898,259.67999267578125,0.592350943008552,0.3917808219178082,161.18308003763275,161.1790142530634
AMD,2026-06-18,105,Call,0,0,160.6,11,2619,0.0365255584756898,259.67999267578125,0.592350943008552,0.3917808219178082,156.2992824266231,156.29450776533136
AMD,2026-06-18,110,Call,0,0,152,20,2478,0.0365255584756898,259.67999267578125,0.592350943008552,0.3917808219178082,151.43365629676515,151.43074725778627
AMD,2026-06-18,115,Call,0,0,147.05,2,1184,0.0365255584756898,259.67999267578125,0.592350943008552,0.3917808219178082,146.59096601522253,146.57854836323426
AMD,2026-06-18,120,Call,0,0,146.2,2,3659,0.0365255584756898,259.67999267578125,0.592350943008552,0.3917808219178082,141.7765126098089,141.77295185105524
AMD,2026-06-18,125,Call,0,0,137.75,5,3505,0.0365255584756898,259.67999267578125,0.592350943008552,0.3917808219178082,136.99605870339704,136.98569310594445
AMD,2026-06-18,130,Call,0,0,132.18,28,3482,0.0365255584756898,259.67999267578125,0.592350943008552,0.3917808219178082,132.2557372580331,132.2510143793508
AMD,2026-06-18,135,Call,0,0,128,68,3603,0.0365255584756898,259.67999267578125,0.592350943008552,0.3917808219178082,127.5619491472973,127.55203010709675
AMD,2026-06-18,140,Call,0,0,124.93,61,2631,0.0365255584756898,259.67999267578125,0.592350943008552,0.3917808219178082,122.92125459571099,122.91813110171687
AMD,2026-06-18,145,Call,0,0,117.4,4,1879,0.0365255584756898,259.67999267578125,0.592350943008552,0.3917808219178082,118.34026320772452,118.32591519609504
AMD,2026-06-18,150,Call,0,0,116.2,55,6114,0.0365255584756898,259.67999267578125,0.592350943008552,0.3917808219178082,113.82552675566251,113.82949205750266
AMD,2026-06-18,155,Call,0,0,109.5,2,1583,0.0365255584756898,259.67999267578125,0.592350943008552,0.3917808219178082,109.3834381993837,109.35005928947407
AMD,2026-06-18,160,Call,0,0,107.72,15,4988,0.0365255584756898,259.67999267578125,0.592350943008552,0.3917808219178082,105.02013965040487,105.03370417425481
AMD,2026-06-18,165,Call,0,0,101.3,26,6345,0.0365255584756898,259.67999267578125,0.592350943008552,0.3917808219178082,100.74144123326442,100.71734905903553
AMD,2026-06-18,170,Call,0,0,95.37,18,4966,0.0365255584756898,259.67999267578125,0.592350943008552,0.3917808219178082,96.55275208336454,96.56306740028161
AMD,2026-06-18,175,Call,0,0,92.39,39,3030,0.0365255584756898,259.67999267578125,0.592350943008552,0.3917808219178082,92.45902408414318,92.47323375396896
AMD,2026-06-18,180,Call,0,0,87.98,66,5008,0.0365255584756898,259.67999267578125,0.592350943008552,0.3917808219178082,88.46470840459651,88.42542311514156
AMD,2026-06-18,185,Call,0,0,83.97,23,2133,0.0365255584756898,259.67999267578125,0.592350943008552,0.3917808219178082,84.5737244576882,84.60932771167519
AMD,2026-06-18,190,Call,0,0,79.8,60,1741,0.0365255584756898,259.67999267578125,0.592350943008552,0.3917808219178082,80.78944055993767,80.79323230820887
AMD,2026-06-18,195,Call,0,0,74.98,17,2284,0.0365255584756898,259.67999267578125,0.592350943008552,0.3917808219178082,77.11466532587346,77.10246957943893
AMD,2026-06-18,200,Call,0,0,72.21,110,8094,0.0365255584756898,259.67999267578125,0.592350943008552,0.3917808219178082,73.55164866805953,73.60420127631167
AMD,2026-06-18,210,Call,0,0,66.01,69,2737,0.0365255584756898,259.67999267578125,0.592350943008552,0.3917808219178082,66.76716066514552,66.7575857200172
AMD,2026-06-18,220,Call,0,0,59.33,87,3189,0.0365255584756898,259.67999267578125,0.592350943008552,0.3917808219178082,60.443326925108636,60.470246972939805
AMD,2026-06-18,230,Call,0,0,52.83,395,3541,0.0365255584756898,259.67999267578125,0.592350943008552,0.3917808219178082,54.57979458670869,54.647718775908906
AMD,2026-06-18,240,Call,0,0,47.16,207,4118,0.0365255584756898,259.67999267578125,0.592350943008552,0.3917808219178082,49.16951699428982,49.12079847060027
AMD,2026-06-18,250,Call,0,0,42.68,244,7938,0.0365255584756898,259.67999267578125,0.592350943008552,0.3917808219178082,44.19987620402037,44.289702746552685
AMD,2026-06-18,260,Call,0,0,38,806,7079,0.0365255584756898,259.67999267578125,0.592350943008552,0.3917808219178082,39.65382352944415,39.571249697416754
AMD,2026-06-18,270,Call,0,0,33.85,416,7744,0.0365255584756898,259.67999267578125,0.592350943008552,0.3917808219178082,35.51096977250391,35.604136267466224
AMD,2026-06-18,280,Call,0,0,30.32,253,3129,0.0365255584756898,259.67999267578125,0.592350943008552,0.3917808219178082,31.748580383276405,31.661551209420956
AMD,2026-06-18,290,Call,0,0,27,166,1392,0.0365255584756898,259.67999267578125,0.592350943008552,0.3917808219178082,28.342450107055285,28.43338204404977
AMD,2026-06-18,300,Call,0,0,24,731,8432,0.0365255584756898,259.67999267578125,0.592350943008552,0.3917808219178082,25.26764649309601,25.2052128786786
AMD,2026-06-18,310,Call,0,0,20.9,48,1674,0.0365255584756898,259.67999267578125,0.592350943008552,0.3917808219178082,22.499122308381573,22.572433752997675
AMD,2026-06-18,320,Call,0,0,18.65,123,3045,0.0365255584756898,259.67999267578125,0.592350943008552,0.3917808219178082,20.012204050656763,20.020433207366565
AMD,2026-06-18,330,Call,0,0,16.61,146,2167,0.0365255584756898,259.67999267578125,0.592350943008552,0.3917808219178082,17.78296809998608,17.802741303851505
AMD,2026-06-18,340,Call,0,0,14.8,44,863,0.0365255584756898,259.67999267578125,0.592350943008552,0.3917808219178082,15.788518270956658,15.845403833202587
AMD,2026-06-18,350,Call,0,0,13.27,267,7933,0.0365255584756898,259.67999267578125,0.592350943008552,0.3917808219178082,14.00717922643284,13.920926709988194
AMD,2026-06-18,360,Call,0,0,11.96,140,644,0.0365255584756898,259.67999267578125,0.592350943008552,0.3917808219178082,12.418619879349592,12.466192918137235
AMD,2026-06-18,370,Call,0,0,10.75,33,1430,0.0365255584756898,259.67999267578125,0.592350943008552,0.3917808219178082,11.003919924670583,11.011459126286264
AMD,2026-06-18,380,Call,0,0,9.2,38,1082,0.0365255584756898,259.67999267578125,0.592350943008552,0.3917808219178082,9.74559129570899,9.71036931136336
AMD,2026-06-18,390,Call,0,0,8.65,189,4648,0.0365255584756898,259.67999267578125,0.592350943008552,0.3917808219178082,8.627564832429222,8.663834013397462
AMD,2026-06-18,400,Call,0,0,7.2,119,961,0.0365255584756898,259.67999267578125,0.592350943008552,0.3917808219178082,7.635150923884552,7.617298715431567
AMD,2026-06-18,410,Call,0,0,6.9,104,597,0.0365255584756898,259.67999267578125,0.592350943008552,0.3917808219178082,6.754981432377093,6.723794673402354
AMD,2026-06-18,420,Call,0,0,6.15,66,1037,0.0365255584756898,259.67999267578125,0.592350943008552,0.3917808219178082,5.97493887604422,5.995786541328752
AMD,2026-06-18,430,Call,0,0,5.5,40,197,0.0365255584756898,259.67999267578125,0.592350943008552,0.3917808219178082,5.2840776658114805,5.267778409255152
AMD,2026-06-18,440,Call,0,0,4.63,48,636,0.0365255584756898,259.67999267578125,0.592350943008552,0.3917808219178082,4.672541170379159,4.626100152710405
AMD,2026-06-18,450,Call,0,0,4.5,55,12078,0.0365255584756898,259.67999267578125,0.592350943008552,0.3917808219178082,4.131477515758146,4.136859344050609
AMD,2026-06-18,460,Call,0,0,4.04,26,538,0.0365255584756898,259.67999267578125,0.592350943008552,0.3917808219178082,3.6529563033224655,3.6476185353908135
AMD,2026-06-18,470,Call,0,0,3.4,23,1978,0.0365255584756898,259.67999267578125,0.592350943008552,0.3917808219178082,3.229887838035495,3.158829891004362
AMD,2026-06-18,480,Call,0,0,3.1,18,858,0.0365255584756898,259.67999267578125,0.592350943008552,0.3917808219178082,2.855945980464874,2.841485151575239
AMD,2026-06-18,490,Call,0,0,2.77,7,80,0.0365255584756898,259.67999267578125,0.592350943008552,0.3917808219178082,2.5254953563311346,2.524140412146116
AMD,2026-06-18,500,Call,0,0,2.67,207,1952,0.0365255584756898,259.67999267578125,0.592350943008552,0.3917808219178082,2.23352336034732,2.2067956727169933
AMD,2026-06-18,510,Call,0,0,2.27,5,132,0.0365255584756898,259.67999267578125,0.592350943008552,0.3917808219178082,1.9755771630205157,1.9352172969376378
AMD,2026-06-18,520,Call,0,0,2.08,36,219,0.0365255584756898,259.67999267578125,0.592350943008552,0.3917808219178082,1.7477057574961137,1.7366991975717307
AMD,2026-06-18,530,Call,0,0,1.9,138,4356,0.0365255584756898,259.67999267578125,0.592350943008552,0.3917808219178082,1.546406957652131,1.538181098205823
AMD,2026-07-17,105,Call,0,0,106.3,18,23,0.0362873850197109,259.67999267578125,0.592350943008552,0.4712328767123288,156.72267880087463,156.71384532013417
AMD,2026-07-17,110,Call,0,0,123.38,22,71,0.0362873850197109,259.67999267578125,0.592350943008552,0.4712328767123288,151.9174735250192,151.91451909663212
AMD,2026-07-17,115,Call,0,0,103.55,1,16,0.0362873850197109,259.67999267578125,0.592350943008552,0.4712328767123288,147.1449638480406,147.126523556496
AMD,2026-07-17,120,Call,0,0,133.8,1,6,0.0362873850197109,259.67999267578125,0.592350943008552,0.4712328767123288,142.41092023597486,142.4090521916147
AMD,2026-07-17,125,Call,0,0,88.98,1,6,0.0362873850197109,259.67999267578125,0.592350943008552,0.4712328767123288,137.7213220949405,137.6957322293322
AMD,2026-07-17,130,Call,0,0,106.15,2,12,0.0362873850197109,259.67999267578125,0.592350943008552,0.4712328767123288,133.0822561220362,133.08329335247396
AMD,2026-07-17,135,Call,0,0,123.31,4,64,0.0362873850197109,259.67999267578125,0.592350943008552,0.4712328767123288,128.4998162739322,128.47085447561588
AMD,2026-07-17,140,Call,0,0,128.29,1,29,0.0362873850197109,259.67999267578125,0.592350943008552,0.4712328767123288,123.98000878924172,123.98488544110965
AMD,2026-07-17,145,Call,0,0,116.13,1,12,0.0362873850197109,259.67999267578125,0.592350943008552,0.4712328767123288,119.52866492742899,119.51243853512894
AMD,2026-07-17,150,Call,0,0,108.37,7,73,0.0362873850197109,259.67999267578125,0.592350943008552,0.4712328767123288,115.15136332873249,115.15109558725658
AMD,2026-07-17,155,Call,0,0,84.7,1,34,0.0362873850197109,259.67999267578125,0.592350943008552,0.4712328767123288,110.85336320124713,110.86148237475865
AMD,2026-07-17,160,Call,0,0,81.85,26,32,0.0362873850197109,259.67999267578125,0.592350943008552,0.4712328767123288,106.63954893014383,106.59880334349766
AMD,2026-07-17,165,Call,0,0,101,83,159,0.0362873850197109,259.67999267578125,0.592350943008552,0.4712328767123288,102.51438619318554,102.5385259965186
AMD,2026-07-17,170,Call,0,0,100.15,7,44,0.0362873850197109,259.67999267578125,0.592350943008552,0.4712328767123288,98.48188925895406,98.47824864953961
AMD,2026-07-17,175,Call,0,0,98.8,14,60,0.0362873850197109,259.67999267578125,0.592350943008552,0.4712328767123288,94.5455988349969,94.53299115261663
AMD,2026-07-17,180,Call,0,0,94.75,10,142,0.0362873850197109,259.67999267578125,0.592350943008552,0.4712328767123288,90.70856961332404,90.74905209122235
AMD,2026-07-17,185,Call,0,0,86.3,2,136,0.0362873850197109,259.67999267578125,0.592350943008552,0.4712328767123288,86.97336651870248,86.96511302982806
AMD,2026-07-17,190,Call,0,0,82.5,1,246,0.0362873850197109,259.67999267578125,0.592350943008552,0.4712328767123288,83.34206858841492,83.33670397300202
AMD,2026-07-17,195,Call,0,0,78.25,4,62,0.0362873850197109,259.67999267578125,0.592350943008552,0.4712328767123288,79.8162793880976,79.87268350643699
AMD,2026-07-17,200,Call,0,0,75.67,21,505,0.0362873850197109,259.67999267578125,0.592350943008552,0.4712328767123288,76.39714288527117,76.40866303987195
AMD,2026-07-17,210,Call,0,0,68.05,4,683,0.0362873850197109,259.67999267578125,0.592350943008552,0.4712328767123288,69.8812311197332,69.94608128544992
AMD,2026-07-17,220,Call,0,0,62.45,4,623,0.0362873850197109,259.67999267578125,0.592350943008552,0.4712328767123288,63.7951441862954,63.72984193289959
AMD,2026-07-17,230,Call,0,0,56.4,19,970,0.0362873850197109,259.67999267578125,0.592350943008552,0.4712328767123288,58.13392551100151,58.22142541905893
AMD,2026-07-17,240,Call,0,0,51,84,1055,0.0362873850197109,259.67999267578125,0.592350943008552,0.4712328767123288,52.88778660111258,52.813318848797536
AMD,2026-07-17,250,Call,0,0,46.05,43,1070,0.0362873850197109,259.67999267578125,0.592350943008552,0.4712328767123288,48.043046514809646,48.140050053412736
AMD,2026-07-17,260,Call,0,0,41.52,254,755,0.0362873850197109,259.67999267578125,0.592350943008552,0.4712328767123288,43.5830252303885,43.49149517792654
AMD,2026-07-17,270,Call,0,0,36.78,100,679,0.0362873850197109,259.67999267578125,0.592350943008552,0.4712328767123288,39.488858941581626,39.59051870300462
AMD,2026-07-17,280,Call,0,0,33.45,164,774,0.0362873850197109,259.67999267578125,0.592350943008552,0.4712328767123288,35.740219606041705,35.68954222808273
AMD,2026-07-17,290,Call,0,0,30.52,41,312,0.0362873850197109,259.67999267578125,0.592350943008552,0.4712328767123288,32.315931783812616,32.398440604031705
AMD,2026-07-17,300,Call,0,0,27.2,66,681,0.0362873850197109,259.67999267578125,0.592350943008552,0.4712328767123288,29.194487378939385,29.23058420327817
AMD,2026-07-17,310,Call,0,0,23.48,143,999,0.0362873850197109,259.67999267578125,0.592350943008552,0.4712328767123288,26.35446390939478,26.36063999395631
AMD,2026-07-17,320,Call,0,0,21.98,190,1023,0.0362873850197109,259.67999267578125,0.592350943008552,0.4712328767123288,23.774854947929086,23.86168393017088
AMD,2026-07-17,330,Call,0,0,19,28,194,0.0362873850197109,259.67999267578125,0.592350943008552,0.4712328767123288,21.43532291115025,21.362727866385477
AMD,2026-07-17,340,Call,0,0,17.89,15,109,0.0362873850197109,259.67999267578125,0.592350943008552,0.4712328767123288,19.31638485570788,19.36626803615318
AMD,2026-07-17,350,Call,0,0,16.3,22,326,0.0362873850197109,259.67999267578125,0.592350943008552,0.4712328767123288,17.399541711919845,17.453882650507982
AMD,2026-07-17,360,Call,0,0,13.94,12,132,0.0362873850197109,259.67999267578125,0.592350943008552,0.4712328767123288,15.667360709495014,15.565538594068357
AMD,2026-07-17,370,Call,0,0,13.17,45,638,0.0362873850197109,259.67999267578125,0.592350943008552,0.4712328767123288,14.10351982139445,14.147484399702718
AMD,2026-07-17,380,Call,0,0,10.85,NA,11,0.0362873850197109,259.67999267578125,0.592350943008552,0.4712328767123288,12.69282200855097,12.729430205337076
AMD,2026-07-17,400,Call,0,0,9.45,5,9,0.0362873850197109,259.67999267578125,0.592350943008552,0.4712328767123288,10.275619195503374,10.29471918656957
AMD,2026-07-17,410,Call,0,0,8.5,1,1,0.0362873850197109,259.67999267578125,0.592350943008552,0.4712328767123288,9.244177767385324,9.276984471847333
AMD,2026-07-17,420,Call,0,0,8.06,2,3,0.0362873850197109,259.67999267578125,0.592350943008552,0.4712328767123288,8.315917318119737,8.259249757125088
AMD,2026-07-17,430,Call,0,0,7.05,18,40,0.0362873850197109,259.67999267578125,0.592350943008552,0.4712328767123288,7.480837793143799,7.4591393456915815
AMD,2026-07-17,450,Call,0,0,7.05,1,1,0.0362873850197109,259.67999267578125,0.592350943008552,0.4712328767123288,6.054589654281305,6.046622186407312
AMD,2026-07-17,460,Call,0,0,6.6,1,3,0.0362873850197109,259.67999267578125,0.592350943008552,0.4712328767123288,5.447608915211752,5.367078890912921
AMD,2026-07-17,480,Call,0,0,4.76,1,1,0.0362873850197109,259.67999267578125,0.592350943008552,0.4712328767123288,4.411792847815068,4.420175871435774
AMD,2026-07-17,490,Call,0,0,4.2,15,16,0.0362873850197109,259.67999267578125,0.592350943008552,0.4712328767123288,3.971217848639121,3.946724361697201
AMD,2026-07-17,500,Call,0,0,3.7,23,123,0.0362873850197109,259.67999267578125,0.592350943008552,0.4712328767123288,3.57531200103967,3.5112382972069085
AMD,2026-08-21,5,Call,0,0,217.34,5,277,0.0360666228646517,259.67999267578125,0.592350943008552,0.5671232876712329,254.7812249414502,254.78122494145063
AMD,2026-08-21,90,Call,126.4,127.95,138.51,1,133,0.0360666228646517,259.67999267578125,0.592350943008552,0.5671232876712329,171.6708732997996,171.66436719972856
AMD,2026-08-21,95,Call,0,0,117.08,20,18,0.0360666228646517,259.67999267578125,0.592350943008552,0.5671232876712329,166.85219439187887,166.84652723508853
AMD,2026-08-21,100,Call,0,0,168.87,2,22,0.0360666228646517,259.67999267578125,0.592350943008552,0.5671232876712329,162.06021551263444,162.05577173466196
AMD,2026-08-21,105,Call,0,0,122.35,10,43,0.0360666228646517,259.67999267578125,0.592350943008552,0.5671232876712329,157.30021817200247,157.28856931641127
AMD,2026-08-21,110,Call,0,0,130.8,10,23,0.0360666228646517,259.67999267578125,0.592350943008552,0.5671232876712329,152.5777330497474,152.57491366270642
AMD,2026-08-21,115,Call,0,0,152.21,1,22,0.0360666228646517,259.67999267578125,0.592350943008552,0.5671232876712329,147.89844104132368,147.88224494230744
AMD,2026-08-21,120,Call,0,0,149.1,6,52,0.0360666228646517,259.67999267578125,0.592350943008552,0.5671232876712329,143.26807545424487,143.2666879883011
AMD,2026-08-21,125,Call,0,0,111.68,3,80,0.0360666228646517,259.67999267578125,0.592350943008552,0.5671232876712329,138.69232898552303,138.67929547576358
AMD,2026-08-21,130,Call,0,0,111.3,3,60,0.0360666228646517,259.67999267578125,0.592350943008552,0.5671232876712329,134.17676821882432,134.17200723673233
AMD,2026-08-21,135,Call,0,0,118.2,1,73,0.0360666228646517,259.67999267578125,0.592350943008552,0.5671232876712329,129.72675753605313,129.7273538803232
AMD,2026-08-21,140,Call,0,0,130.1,11,61,0.0360666228646517,259.67999267578125,0.592350943008552,0.5671232876712329,125.347393587327,125.31750563409139
AMD,2026-08-21,145,Call,0,0,127.61,1,85,0.0360666228646517,259.67999267578125,0.592350943008552,0.5671232876712329,121.04345082856773,121.05868099689538
AMD,2026-08-21,150,Call,0,0,117,2,299,0.0360666228646517,259.67999267578125,0.592350943008552,0.5671232876712329,116.81933812387177,116.79985635969928
AMD,2026-08-21,155,Call,0,0,104.55,51,311,0.0360666228646517,259.67999267578125,0.592350943008552,0.5671232876712329,112.67906601622958,112.6785541896267
AMD,2026-08-21,160,Call,0,0,109.87,6,1166,0.0360666228646517,259.67999267578125,0.592350943008552,0.5671232876712329,108.62622398420805,108.65208089355329
AMD,2026-08-21,165,Call,0,0,79.95,1,697,0.0360666228646517,259.67999267578125,0.592350943008552,0.5671232876712329,104.6639668096067,104.62560759747997
AMD,2026-08-21,170,Call,0,0,77.4,18,269,0.0360666228646517,259.67999267578125,0.592350943008552,0.5671232876712329,100.79500906634368,100.8096313101581
AMD,2026-08-21,175,Call,0,0,96.65,15,585,0.0360666228646517,259.67999267578125,0.592350943008552,0.5671232876712329,97.02162668867771,97.06223939776191
AMD,2026-08-21,180,Call,0,0,95.56,1,361,0.0360666228646517,259.67999267578125,0.592350943008552,0.5671232876712329,93.34566457326659,93.31484748536575
AMD,2026-08-21,185,Call,0,0,68.88,2,156,0.0360666228646517,259.67999267578125,0.592350943008552,0.5671232876712329,89.76854920208802,89.7773867523052
AMD,2026-08-21,190,Call,0,0,90.08,5,273,0.0360666228646517,259.67999267578125,0.592350943008552,0.5671232876712329,86.29130533134136,86.35206159383183
AMD,2026-08-21,195,Call,0,0,78.29,1,343,0.0360666228646517,259.67999267578125,0.592350943008552,0.5671232876712329,82.91457586639822,82.92673643535845
AMD,2026-08-21,200,Call,0,0,79.06,7,722,0.0360666228646517,259.67999267578125,0.592350943008552,0.5671232876712329,79.63864412768086,79.5942308192902
AMD,2026-08-21,210,Call,0,0,72.2,13,1798,0.0360666228646517,259.67999267578125,0.592350943008552,0.5671232876712329,73.38865396012017,73.45788266396987
AMD,2026-08-21,220,Call,0,0,66.6,23,1915,0.0360666228646517,259.67999267578125,0.592350943008552,0.5671232876712329,67.53734239224087,67.53141998962327
AMD,2026-08-21,230,Call,0,0,60.7,50,1874,0.0360666228646517,259.67999267578125,0.592350943008552,0.5671232876712329,62.07656434487296,62.156320890790155
AMD,2026-08-21,240,Call,0,0,55.1,19,1223,0.0360666228646517,259.67999267578125,0.592350943008552,0.5671232876712329,56.994820317194424,56.97494293213419
AMD,2026-08-21,250,Call,0,0,50.89,45,1914,0.0360666228646517,259.67999267578125,0.592350943008552,0.5671232876712329,52.27800463545843,52.379573757462204
AMD,2026-08-21,260,Call,0,0,45.82,146,2343,0.0360666228646517,259.67999267578125,0.592350943008552,0.5671232876712329,47.91008238733343,47.808769452366235
AMD,2026-08-21,270,Call,0,0,42,59,448,0.0360666228646517,259.67999267578125,0.592350943008552,0.5671232876712329,43.87368434482107,43.981034882183735
AMD,2026-08-21,280,Call,0,0,37.65,77,528,0.0360666228646517,259.67999267578125,0.592350943008552,0.5671232876712329,40.1506168410053,40.15330031200121
AMD,2026-08-21,290,Call,0,0,34.7,47,465,0.0360666228646517,259.67999267578125,0.592350943008552,0.5671232876712329,36.72228878521527,36.767729095030134
AMD,2026-08-21,300,Call,0,0,32.1,306,5258,0.0360666228646517,259.67999267578125,0.592350943008552,0.5671232876712329,33.57006131465489,33.666375637620874
AMD,2026-08-21,310,Call,0,0,28.92,22,177,0.0360666228646517,259.67999267578125,0.592350943008552,0.5671232876712329,30.675527467604397,30.56502218021161
AMD,2026-08-21,320,Call,0,0,26.87,23,1167,0.0360666228646517,259.67999267578125,0.592350943008552,0.5671232876712329,28.020730124341597,28.097428136485725
AMD,2026-08-21,330,Call,0,0,22.77,24,239,0.0360666228646517,259.67999267578125,0.592350943008552,0.5671232876712329,25.588326615859515,25.65671861107416
AMD,2026-08-21,340,Call,0,0,21.5,2,454,0.0360666228646517,259.67999267578125,0.592350943008552,0.5671232876712329,23.361708091901875,23.252190064331153
AMD,2026-08-21,350,Call,0,0,20.42,8,19,0.0360666228646517,259.67999267578125,0.592350943008552,0.5671232876712329,21.32508115032857,21.388968571777593
AMD,2026-08-21,360,Call,0,0,18.25,7,8,0.0360666228646517,259.67999267578125,0.592350943008552,0.5671232876712329,19.463518489859496,19.525747079224065
AMD,2026-08-21,370,Call,0,0,17.35,42,1578,0.0360666228646517,259.67999267578125,0.592350943008552,0.5671232876712329,17.7629845484618,17.662525586670505
AMD,2026-08-21,380,Call,0,0,15.75,70,684,0.0360666228646517,259.67999267578125,0.592350943008552,0.5671232876712329,16.210341290498505,16.233829031658356
AMD,2026-08-21,390,Call,0,0,14.35,46,111,0.0360666228646517,259.67999267578125,0.592350943008552,0.5671232876712329,14.79333854542908,14.855736562697283
AMD,2026-08-21,400,Call,0,0,13.58,6,4158,0.0360666228646517,259.67999267578125,0.592350943008552,0.5671232876712329,13.500592601530897,13.477644093736208
AMD,2026-08-21,410,Call,0,0,13.15,6,74,0.0360666228646517,259.67999267578125,0.592350943008552,0.5671232876712329,12.321556130804005,12.269197419188345
AMD,2026-08-21,420,Call,0,0,11.2,5,131,0.0360666228646517,259.67999267578125,0.592350943008552,0.5671232876712329,11.246481969378088,11.282722883084663
AMD,2026-08-21,430,Call,0,0,10.3,6,82,0.0360666228646517,259.67999267578125,0.592350943008552,0.5671232876712329,10.266382799908286,10.296248346980985
AMD,2026-08-21,440,Call,0,0,9.45,16,155,0.0360666228646517,259.67999267578125,0.592350943008552,0.5671232876712329,9.372988374182142,9.309773810877306
AMD,2026-08-21,450,Call,0,0,9.2,1,408,0.0360666228646517,259.67999267578125,0.592350943008552,0.5671232876712329,8.558701569364388,8.519993584060739
AMD,2026-08-21,460,Call,0,0,7.62,3,79,0.0360666228646517,259.67999267578125,0.592350943008552,0.5671232876712329,7.816554283145621,7.837255718600759
AMD,2026-08-21,470,Call,0,0,6.35,2,108,0.0360666228646517,259.67999267578125,0.592350943008552,0.5671232876712329,7.1401639345702215,7.154517853140775
AMD,2026-08-21,480,Call,0,0,7.98,1,130,0.0360666228646517,259.67999267578125,0.592350943008552,0.5671232876712329,6.523691141780297,6.471779987680793
AMD,2026-08-21,490,Call,0,0,5.27,1,179,0.0360666228646517,259.67999267578125,0.592350943008552,0.5671232876712329,5.961798989084617,5.90416246333572
AMD,2026-08-21,500,Call,0,0,5.62,53,581,0.0360666228646517,259.67999267578125,0.592350943008552,0.5671232876712329,5.449614167994959,5.447724944808018
AMD,2026-08-21,510,Call,0,0,5.19,1,175,0.0360666228646517,259.67999267578125,0.592350943008552,0.5671232876712329,4.982690175149944,4.99128742628032
AMD,2026-08-21,520,Call,0,0,5.05,1,330,0.0360666228646517,259.67999267578125,0.592350943008552,0.5671232876712329,4.556972669985662,4.534849907752618
AMD,2026-08-21,530,Call,0,0,4.8,53,1021,0.0360666228646517,259.67999267578125,0.592350943008552,0.5671232876712329,4.1687670328284625,4.07841238922492
AMD,2026-09-18,5,Call,0,0,227.05,1,177,0.0359133158125273,259.67999267578125,0.592350943008552,0.6438356164383562,254.79427767872474,254.79427767872596
AMD,2026-09-18,10,Call,0,0,212.5,70,66,0.0359133158125273,259.67999267578125,0.592350943008552,0.6438356164383562,249.90856268167659,249.90856268167022
AMD,2026-09-18,15,Call,0,0,200.72,NA,6,0.0359133158125273,259.67999267578125,0.592350943008552,0.6438356164383562,245.02284768790864,245.02284768535253
AMD,2026-09-18,20,Call,0,0,196.83,NA,12,0.0359133158125273,259.67999267578125,0.592350943008552,0.6438356164383562,240.1371328373541,240.13713274583804
AMD,2026-09-18,25,Call,0,0,197.2,1,49,0.0359133158125273,259.67999267578125,0.592350943008552,0.6438356164383562,235.2514199668947,235.2514190335685
AMD,2026-09-18,30,Call,0,0,186.94,1,2,0.0359133158125273,259.67999267578125,0.592350943008552,0.6438356164383562,230.36572072487837,230.36571502177702
AMD,2026-09-18,35,Call,0,0,182.3,1,3,0.0359133158125273,259.67999267578125,0.592350943008552,0.6438356164383562,225.4800809116403,225.48005285639024
AMD,2026-09-18,40,Call,0,0,177.6,1,5,0.0359133158125273,259.67999267578125,0.592350943008552,0.6438356164383562,220.5946302960894,220.5945640772518
AMD,2026-09-18,45,Call,115.8,117.55,93.2,NA,1,0.0359133158125273,259.67999267578125,0.592350943008552,0.6438356164383562,215.70966016866842,215.70950146247336
AMD,2026-09-18,50,Call,0,0,175.1,1,24,0.0359133158125273,259.67999267578125,0.592350943008552,0.6438356164383562,210.8257216440041,210.82537229718983
AMD,2026-09-18,55,Call,162.1,165.5,166.63,1,1,0.0359133158125273,259.67999267578125,0.592350943008552,0.6438356164383562,205.94373117149794,205.9430973897678
AMD,2026-09-18,60,Call,0,0,201.22,20,61,0.0359133158125273,259.67999267578125,0.592350943008552,0.6438356164383562,201.065067891985,201.06412315181794
AMD,2026-09-18,65,Call,170.1,173.8,160.05,2,9,0.0359133158125273,259.67999267578125,0.592350943008552,0.6438356164383562,196.19164972877255,196.19035197992005
AMD,2026-09-18,70,Call,0,0,158.55,20,37,0.0359133158125273,259.67999267578125,0.592350943008552,0.6438356164383562,191.32597961058656,191.32358996698372
AMD,2026-09-18,75,Call,141.4,143.9,152.49,2,68,0.0359133158125273,259.67999267578125,0.592350943008552,0.6438356164383562,186.4711582481244,186.46603302823127
AMD,2026-09-18,80,Call,0,0,174,2,177,0.0359133158125273,259.67999267578125,0.592350943008552,0.6438356164383562,181.63086426122317,181.62767073048553
AMD,2026-09-18,85,Call,0,0,169.13,3,59,0.0359133158125273,259.67999267578125,0.592350943008552,0.6438356164383562,176.80930563342577,176.80485309791717
AMD,2026-09-18,90,Call,0,0,129.12,1,117,0.0359133158125273,259.67999267578125,0.592350943008552,0.6438356164383562,172.01114836207293,172.0022473813007
AMD,2026-09-18,95,Call,0,0,159.73,3,78,0.0359133158125273,259.67999267578125,0.592350943008552,0.6438356164383562,167.24142894229715,167.23825228685828
AMD,2026-09-18,100,Call,0,0,154.25,2,237,0.0359133158125273,259.67999267578125,0.592350943008552,0.6438356164383562,162.50545724761665,162.48736660125937
AMD,2026-09-18,105,Call,0,0,101.15,2,215,0.0359133158125273,259.67999267578125,0.592350943008552,0.6438356164383562,157.80871573463912,157.80682436229827
AMD,2026-09-18,110,Call,0,0,155.35,2,590,0.0359133158125273,259.67999267578125,0.592350943008552,0.6438356164383562,153.1567599522383,153.13188609093032
AMD,2026-09-18,115,Call,0,0,149.25,2,301,0.0359133158125273,259.67999267578125,0.592350943008552,0.6438356164383562,148.55512426650358,148.55587313710777
AMD,2026-09-18,120,Call,0,0,148.33,1,370,0.0359133158125273,259.67999267578125,0.592350943008552,0.6438356164383562,144.00923565384687,143.9879548191348
AMD,2026-09-18,125,Call,0,0,140.25,1,719,0.0359133158125273,259.67999267578125,0.592350943008552,0.6438356164383562,139.5243374482488,139.52468148352906
AMD,2026-09-18,130,Call,0,0,136.09,1,487,0.0359133158125273,259.67999267578125,0.592350943008552,0.6438356164383562,135.10542409861762,135.10152425754737
AMD,2026-09-18,135,Call,0,0,125.81,2,353,0.0359133158125273,259.67999267578125,0.592350943008552,0.6438356164383562,130.75718731501524,130.73512091517154
AMD,2026-09-18,140,Call,0,0,119.25,10,715,0.0359133158125273,259.67999267578125,0.592350943008552,0.6438356164383562,126.4839734563147,126.49998010103732
AMD,2026-09-18,145,Call,0,0,125.47,2,835,0.0359133158125273,259.67999267578125,0.592350943008552,0.6438356164383562,122.28975162406748,122.26483928690315
AMD,2026-09-18,150,Call,0,0,122.63,2,1247,0.0359133158125273,259.67999267578125,0.592350943008552,0.6438356164383562,118.17809165974325,118.1796573360887
AMD,2026-09-18,155,Call,0,0,106.7,2,1386,0.0359133158125273,259.67999267578125,0.592350943008552,0.6438356164383562,114.15215107483314,114.17904863217662
AMD,2026-09-18,160,Call,0,0,113.2,27,1363,0.0359133158125273,259.67999267578125,0.592350943008552,0.6438356164383562,110.21466985566376,110.17843992826452
AMD,2026-09-18,165,Call,0,0,106.25,20,788,0.0359133158125273,259.67999267578125,0.592350943008552,0.6438356164383562,106.36797205887083,106.3777668442694
AMD,2026-09-18,170,Call,0,0,103.1,1,1832,0.0359133158125273,259.67999267578125,0.592350943008552,0.6438356164383562,102.61397313336421,102.65819429609498
AMD,2026-09-18,175,Call,0,0,99,22,678,0.0359133158125273,259.67999267578125,0.592350943008552,0.6438356164383562,98.95419195685633,98.93862174792056
AMD,2026-09-18,180,Call,0,0,94.05,6,1200,0.0359133158125273,259.67999267578125,0.592350943008552,0.6438356164383562,95.38976664868687,95.37806463533299
AMD,2026-09-18,185,Call,0,0,89.51,6,1214,0.0359133158125273,259.67999267578125,0.592350943008552,0.6438356164383562,91.92147330710843,91.98204955332366
AMD,2026-09-18,190,Call,0,0,86.64,7,617,0.0359133158125273,259.67999267578125,0.592350943008552,0.6438356164383562,88.5497469117582,88.58603447131435
AMD,2026-09-18,195,Call,0,0,84.43,10,523,0.0359133158125273,259.67999267578125,0.592350943008552,0.6438356164383562,85.27470372577434,85.190019389305
AMD,2026-09-18,200,Call,0,0,81.71,51,1319,0.0359133158125273,259.67999267578125,0.592350943008552,0.6438356164383562,82.0961646233725,82.13420256426295
AMD,2026-09-18,210,Call,0,0,74.73,30,1054,0.0359133158125273,259.67999267578125,0.592350943008552,0.6438356164383562,76.02654784430709,76.0580877844695
AMD,2026-09-18,220,Call,0,0,68.8,23,2079,0.0359133158125273,259.67999267578125,0.592350943008552,0.6438356164383562,70.33445702311259,70.38393915766035
AMD,2026-09-18,230,Call,0,0,62.95,52,1975,0.0359133158125273,259.67999267578125,0.592350943008552,0.6438356164383562,65.01022369297424,65.06899268812897
AMD,2026-09-18,240,Call,0,0,58.46,30,1350,0.0359133158125273,259.67999267578125,0.592350943008552,0.6438356164383562,60.04164135807227,60.054913794502184
AMD,2026-09-18,250,Call,0,0,52.55,62,2418,0.0359133158125273,259.67999267578125,0.592350943008552,0.6438356164383562,55.41459007358675,55.517775197213794
AMD,2026-09-18,260,Call,0,0,49.25,88,1344,0.0359133158125273,259.67999267578125,0.592350943008552,0.6438356164383562,51.1135858245964,51.00508310590462
AMD,2026-09-18,270,Call,0,0,45.58,131,869,0.0359133158125273,259.67999267578125,0.592350943008552,0.6438356164383562,47.122252574363756,47.23188033536241
AMD,2026-09-18,280,Call,0,0,41.95,68,1513,0.0359133158125273,259.67999267578125,0.592350943008552,0.6438356164383562,43.423719367001624,43.45867756482021
AMD,2026-09-18,290,Call,0,0,38.14,14,690,0.0359133158125273,259.67999267578125,0.592350943008552,0.6438356164383562,40.000947672710936,40.004489704212624
AMD,2026-09-18,300,Call,0,0,35.35,273,1574,0.0359133158125273,259.67999267578125,0.592350943008552,0.6438356164383562,36.83699571410507,36.952462622217794
AMD,2026-09-18,310,Call,0,0,32.25,82,732,0.0359133158125273,259.67999267578125,0.592350943008552,0.6438356164383562,33.91522717885722,33.90043554022296
AMD,2026-09-18,320,Call,0,0,28.65,407,1910,0.0359133158125273,259.67999267578125,0.592350943008552,0.6438356164383562,31.219471792902795,31.2373978601003
AMD,2026-09-18,330,Call,0,0,27.1,6,445,0.0359133158125273,259.67999267578125,0.592350943008552,0.6438356164383562,28.73414491388283,28.83973295120006
AMD,2026-09-18,340,Call,0,0,25.29,8,470,0.0359133158125273,259.67999267578125,0.592350943008552,0.6438356164383562,26.44433276220147,26.442068042299795
AMD,2026-09-18,350,Call,0,0,23.1,92,1388,0.0359133158125273,259.67999267578125,0.592350943008552,0.6438356164383562,24.335849246978782,24.30835748761713
AMD,2026-09-18,360,Call,0,0,21.3,9,1465,0.0359133158125273,259.67999267578125,0.592350943008552,0.6438356164383562,22.395269641430275,22.481340087334946
AMD,2026-09-18,370,Call,0,0,19.85,2,1383,0.0359133158125273,259.67999267578125,0.592350943008552,0.6438356164383562,20.60994566608848,20.654322687052748
AMD,2026-09-18,380,Call,0,0,18,30,826,0.0359133158125273,259.67999267578125,0.592350943008552,0.6438356164383562,18.968005879354997,18.836067465864712
AMD,2026-09-18,390,Call,0,0,16.4,1,718,0.0359133158125273,259.67999267578125,0.592350943008552,0.6438356164383562,17.45834467046921,17.487301625660006
AMD,2026-09-18,400,Call,0,0,15.15,17,1243,0.0359133158125273,259.67999267578125,0.592350943008552,0.6438356164383562,16.070602608325032,16.138535785455318
AMD,2026-09-18,410,Call,0,0,13.7,5,982,0.0359133158125273,259.67999267578125,0.592350943008552,0.6438356164383562,14.795140422809439,14.789769945250615
AMD,2026-09-18,420,Call,0,0,13.08,4,579,0.0359133158125273,259.67999267578125,0.592350943008552,0.6438356164383562,13.623008481754525,13.529827019452357
AMD,2026-09-18,430,Call,0,0,11.92,1,264,0.0359133158125273,259.67999267578125,0.592350943008552,0.6438356164383562,12.545913272137277,12.566216506651363
AMD,2026-09-18,440,Call,0,0,10.92,1,239,0.0359133158125273,259.67999267578125,0.592350943008552,0.6438356164383562,11.556182093534254,11.602605993850368
AMD,2026-09-18,450,Call,0,0,10.4,44,1373,0.0359133158125273,259.67999267578125,0.592350943008552,0.6438356164383562,10.646726919215787,10.63899548104937
AMD,2026-09-18,460,Call,0,0,9.42,3,152,0.0359133158125273,259.67999267578125,0.592350943008552,0.6438356164383562,9.811008169785296,9.694810834716238
AMD,2026-09-18,470,Call,0,0,5.8,11,315,0.0359133158125273,259.67999267578125,0.592350943008552,0.6438356164383562,9.042998970300516,9.029219880999369
AMD,2026-09-18,480,Call,0,0,7.83,10,992,0.0359133158125273,259.67999267578125,0.592350943008552,0.6438356164383562,8.337150319151604,8.363628927282495
AMD,2026-09-18,490,Call,0,0,6.18,8,489,0.0359133158125273,259.67999267578125,0.592350943008552,0.6438356164383562,7.688357480903925,7.698037973565619
AMD,2026-09-18,500,Call,0,0,7.49,74,861,0.0359133158125273,259.67999267578125,0.592350943008552,0.6438356164383562,7.091927821660857,7.032447019848747
AMD,2026-09-18,510,Call,0,0,4.25,4,514,0.0359133158125273,259.67999267578125,0.592350943008552,0.6438356164383562,6.543550230609558,6.474148842347442
AMD,2026-09-18,520,Call,0,0,7.1,1,376,0.0359133158125273,259.67999267578125,0.592350943008552,0.6438356164383562,6.03926621210843,6.030074837254224
AMD,2026-09-18,530,Call,0,0,6.05,66,3379,0.0359133158125273,259.67999267578125,0.592350943008552,0.6438356164383562,5.575442686258796,5.586000832161004
AMD,2026-11-20,100,Call,0,0,155.3,2,14,0.0355683749452474,259.67999267578125,0.592350943008552,0.8164383561643835,163.61670802714798,163.59649535845793
AMD,2026-11-20,105,Call,0,0,118.04,NA,1,0.0355683749452474,259.67999267578125,0.592350943008552,0.8164383561643835,159.07001307751824,159.07080153302735
AMD,2026-11-20,110,Call,0,0,104.78,1,2,0.0355683749452474,259.67999267578125,0.592350943008552,0.8164383561643835,154.5810892068687,154.5451077075968
AMD,2026-11-20,115,Call,0,0,114.15,6,6,0.0355683749452474,259.67999267578125,0.592350943008552,0.8164383561643835,150.15463361087185,150.15977672685838
AMD,2026-11-20,120,Call,0,0,116.33,2,4,0.0355683749452474,259.67999267578125,0.592350943008552,0.8164383561643835,145.7950186803185,145.78297700943068
AMD,2026-11-20,125,Call,0,0,142,5,8,0.0355683749452474,259.67999267578125,0.592350943008552,0.8164383561643835,141.50625856361205,141.4928826469737
AMD,2026-11-20,130,Call,0,0,138.3,1,9,0.0355683749452474,259.67999267578125,0.592350943008552,0.8164383561643835,137.29198663690227,137.30852767784
AMD,2026-11-20,135,Call,0,0,138.32,2,26,0.0355683749452474,259.67999267578125,0.592350943008552,0.8164383561643835,133.1554425551517,133.12417270870625
AMD,2026-11-20,140,Call,0,0,110.81,6,61,0.0355683749452474,259.67999267578125,0.592350943008552,0.8164383561643835,129.09946752553338,129.10150143733145
AMD,2026-11-20,145,Call,0,0,120.9,1,49,0.0355683749452474,259.67999267578125,0.592350943008552,0.8164383561643835,125.12650648043805,125.15603607563989
AMD,2026-11-20,150,Call,0,0,98.62,5,73,0.0355683749452474,259.67999267578125,0.592350943008552,0.8164383561643835,121.23861590766566,121.21057071394844
AMD,2026-11-20,155,Call,0,0,112.74,1,24,0.0355683749452474,259.67999267578125,0.592350943008552,0.8164383561643835,117.43747620230188,117.43308797298688
AMD,2026-11-20,160,Call,0,0,114.83,2,44,0.0355683749452474,259.67999267578125,0.592350943008552,0.8164383561643835,113.72440752520751,113.77248937629355
AMD,2026-11-20,165,Call,0,0,109.5,10,53,0.0355683749452474,259.67999267578125,0.592350943008552,0.8164383561643835,110.1003882776054,110.11189077960009
AMD,2026-11-20,170,Call,0,0,102.9,4,58,0.0355683749452474,259.67999267578125,0.592350943008552,0.8164383561643835,106.56607542349622,106.50147637874923
AMD,2026-11-20,175,Call,0,0,99.45,2,16,0.0355683749452474,259.67999267578125,0.592350943008552,0.8164383561643835,103.12182600737972,103.16725185793675
AMD,2026-11-20,180,Call,0,0,99.38,4,39,0.0355683749452474,259.67999267578125,0.592350943008552,0.8164383561643835,99.76771932147321,99.83302733712425
AMD,2026-11-20,185,Call,0,0,96.55,8,32,0.0355683749452474,259.67999267578125,0.592350943008552,0.8164383561643835,96.50357927298266,96.4988028163118
AMD,2026-11-20,190,Call,0,0,90.91,3,35,0.0355683749452474,259.67999267578125,0.592350943008552,0.8164383561643835,93.3289965875467,93.28301976450494
AMD,2026-11-20,195,Call,0,0,86.22,22,45,0.0355683749452474,259.67999267578125,0.592350943008552,0.8164383561643835,90.24335055984808,90.30811456498317
AMD,2026-11-20,200,Call,0,0,87.02,2,165,0.0355683749452474,259.67999267578125,0.592350943008552,0.8164383561643835,87.24583012708645,87.33320936546143
AMD,2026-11-20,210,Call,0,0,81.41,2,138,0.0355683749452474,259.67999267578125,0.592350943008552,0.8164383561643835,81.51109040285459,81.41131139175374
AMD,2026-11-20,220,Call,0,0,75.15,1,483,0.0355683749452474,259.67999267578125,0.592350943008552,0.8164383561643835,76.1152255497511,76.22185215162736
AMD,2026-11-20,230,Call,0,0,68.49,2,116,0.0355683749452474,259.67999267578125,0.592350943008552,0.8164383561643835,71.0468257175944,71.032392911501
AMD,2026-11-20,240,Call,0,0,64.85,5,274,0.0355683749452474,259.67999267578125,0.592350943008552,0.8164383561643835,66.29311623636163,66.3595543012859
AMD,2026-11-20,250,Call,0,0,60.46,18,683,0.0355683749452474,259.67999267578125,0.592350943008552,0.8164383561643835,61.84037980212125,61.943292647227736
AMD,2026-11-20,260,Call,0,0,55.89,59,180,0.0355683749452474,259.67999267578125,0.592350943008552,0.8164383561643835,57.67431137466646,57.55121451757091
AMD,2026-11-20,270,Call,0,0,52,32,103,0.0355683749452474,259.67999267578125,0.592350943008552,0.8164383561643835,53.78031146419781,53.89067070404655
AMD,2026-11-20,280,Call,0,0,47.43,15,75,0.0355683749452474,259.67999267578125,0.592350943008552,0.8164383561643835,50.14372443143121,50.230126890522136
AMD,2026-11-20,290,Call,0,0,45,4,66,0.0355683749452474,259.67999267578125,0.592350943008552,0.8164383561643835,46.750028681657895,46.63915278786912
AMD,2026-11-20,300,Call,0,0,42.4,43,121,0.0355683749452474,259.67999267578125,0.592350943008552,0.8164383561643835,43.58498545107719,43.688560205734014
AMD,2026-11-20,310,Call,0,0,41.43,5,70,0.0355683749452474,259.67999267578125,0.592350943008552,0.8164383561643835,40.63475244147391,40.73796762359888
AMD,2026-11-20,320,Call,0,0,35.45,8,264,0.0355683749452474,259.67999267578125,0.592350943008552,0.8164383561643835,37.885967979652776,37.787375041463754
AMD,2026-11-20,330,Call,0,0,33.09,12,84,0.0355683749452474,259.67999267578125,0.592350943008552,0.8164383561643835,35.32581074287033,35.37044380466429
AMD,2026-11-20,340,Call,0,0,30.15,11,144,0.0355683749452474,259.67999267578125,0.592350943008552,0.8164383561643835,32.94203945352086,33.06089880520139
AMD,2026-11-20,350,Call,0,0,29.55,5,368,0.0355683749452474,259.67999267578125,0.592350943008552,0.8164383561643835,30.723016337767874,30.751353805738496
AMD,2026-11-20,360,Call,0,0,27.6,1,18,0.0355683749452474,259.67999267578125,0.592350943008552,0.8164383561643835,28.65771758179629,28.55197065056635
AMD,2026-11-20,370,Call,0,0,22.95,NA,4,0.0355683749452474,259.67999267578125,0.592350943008552,0.8164383561643835,26.735733514588986,26.798745618993806
AMD,2026-11-20,380,Call,0,0,26,2,0,0.0355683749452474,259.67999267578125,0.592350943008552,0.8164383561643835,24.94726080013743,25.045520587421294
AMD,2026-11-20,400,Call,0,0,22.82,3,3,0.0355683749452474,259.67999267578125,0.592350943008552,0.8164383561643835,21.734579800257478,21.61001865973322
AMD,2026-11-20,410,Call,0,0,20,11,10,0.0355683749452474,259.67999267578125,0.592350943008552,0.8164383561643835,20.293649974199617,20.320772025075772
AMD,2026-11-20,480,Call,0,0,12.7,4,3,0.0355683749452474,259.67999267578125,0.592350943008552,0.8164383561643835,12.644714815630032,12.653565233836646
AMD,2026-11-20,500,Call,0,0,11.4,109,129,0.0355683749452474,259.67999267578125,0.592350943008552,0.8164383561643835,11.073516116077691,11.001992741408362
AMD,2026-12-18,5,Call,208,210.8,216.45,25,551,0.035415067893123,259.67999267578125,0.592350943008552,0.8931506849315068,254.8356725029711,254.83567250296738
AMD,2026-12-18,10,Call,0,0,213.45,NA,3,0.035415067893123,259.67999267578125,0.592350943008552,0.8931506849315068,249.9913523394375,249.9913523327623
AMD,2026-12-18,20,Call,185.85,190.5,215.84,300,401,0.035415067893123,259.67999267578125,0.592350943008552,0.8931506849315068,240.30272552214356,240.3027205605267
AMD,2026-12-18,25,Call,0,0,213.76,1,192,0.035415067893123,259.67999267578125,0.592350943008552,0.8931506849315068,235.45849587671665,235.4584671055915
AMD,2026-12-18,30,Call,0,0,193.09,2,15,0.035415067893123,259.67999267578125,0.592350943008552,0.8931506849315068,230.6145656426907,230.61447156764496
AMD,2026-12-18,35,Call,199.05,203,189.52,4,9,0.035415067893123,259.67999267578125,0.592350943008552,0.8931506849315068,225.7714606492105,225.7711804153794
AMD,2026-12-18,40,Call,174.5,179,214.3,1,17,0.035415067893123,259.67999267578125,0.592350943008552,0.8931506849315068,220.93016989183727,220.9297023730659
AMD,2026-12-18,45,Call,169.75,173.55,209.55,1,107,0.035415067893123,259.67999267578125,0.592350943008552,0.8931506849315068,216.09227709335582,216.09147404274765
AMD,2026-12-18,50,Call,0,0,174,1,205,0.035415067893123,259.67999267578125,0.592350943008552,0.8931506849315068,211.26004082056699,211.2586747590701
AMD,2026-12-18,55,Call,153.35,156.85,183.99,10,51,0.035415067893123,259.67999267578125,0.592350943008552,0.8931506849315068,206.43641565141337,206.4336491259269
AMD,2026-12-18,60,Call,155.85,160.15,168.1,7,163,0.035415067893123,259.67999267578125,0.592350943008552,0.8931506849315068,201.62501919968997,201.62008981195703
AMD,2026-12-18,65,Call,150.85,155.55,163.57,7,225,0.035415067893123,259.67999267578125,0.592350943008552,0.8931506849315068,196.8300565278874,196.82667983248692
AMD,2026-12-18,70,Call,0,0,140,1,343,0.035415067893123,259.67999267578125,0.592350943008552,0.8931506849315068,192.05621568830045,192.05212464344024
AMD,2026-12-18,75,Call,142.05,146.05,141.99,17,295,0.035415067893123,259.67999267578125,0.592350943008552,0.8931506849315068,187.30854747339058,187.29747763488317
AMD,2026-12-18,80,Call,0,0,154.41,1,224,0.035415067893123,259.67999267578125,0.592350943008552,0.8931506849315068,182.592340335325,182.58915870641655
AMD,2026-12-18,85,Call,0,0,125.67,2,1300,0.035415067893123,259.67999267578125,0.592350943008552,0.8931506849315068,177.9129988159034,177.8932725787616
AMD,2026-12-18,90,Call,0,0,180,1,642,0.035415067893123,259.67999267578125,0.592350943008552,0.8931506849315068,173.275931277728,173.2736441242014
AMD,2026-12-18,95,Call,0,0,146.73,2,1220,0.035415067893123,259.67999267578125,0.592350943008552,0.8931506849315068,168.68645052481196,168.65845515348934
AMD,2026-12-18,100,Call,0,0,165.69,10,1767,0.035415067893123,259.67999267578125,0.592350943008552,0.8931506849315068,164.14968914438433,164.15091950289843
AMD,2026-12-18,105,Call,0,0,146.98,1,490,0.035415067893123,259.67999267578125,0.592350943008552,0.8931506849315068,159.67053008824018,159.64338385230755
AMD,2026-12-18,110,Call,0,0,155.03,1,1075,0.035415067893123,259.67999267578125,0.592350943008552,0.8931506849315068,155.25355208885514,155.25531454753104
AMD,2026-12-18,115,Call,0,0,155.63,1,706,0.035415067893123,259.67999267578125,0.592350943008552,0.8931506849315068,150.90298890177712,150.8983623634405
AMD,2026-12-18,120,Call,0,0,150.48,2,1060,0.035415067893123,259.67999267578125,0.592350943008552,0.8931506849315068,146.6227010098239,146.59598958567756
AMD,2026-12-18,125,Call,0,0,148,1,1148,0.035415067893123,259.67999267578125,0.592350943008552,0.8931506849315068,142.41615825219398,142.43327516329302
AMD,2026-12-18,130,Call,0,0,142.02,26,2219,0.035415067893123,259.67999267578125,0.592350943008552,0.8931506849315068,138.28643179931078,138.27056074090848
AMD,2026-12-18,135,Call,0,0,137.81,1,3908,0.035415067893123,259.67999267578125,0.592350943008552,0.8931506849315068,134.23619393970483,134.22118092500244
AMD,2026-12-18,140,Call,0,0,133.23,12,5119,0.035415067893123,259.67999267578125,0.592350943008552,0.8931506849315068,130.2677242461799,130.29909811455457
AMD,2026-12-18,145,Call,0,0,126.97,5,2070,0.035415067893123,259.67999267578125,0.592350943008552,0.8931506849315068,126.38292082106685,126.37701530410664
AMD,2026-12-18,150,Call,0,0,127.36,1,2058,0.035415067893123,259.67999267578125,0.592350943008552,0.8931506849315068,122.58331546754063,122.54888432649712
AMD,2026-12-18,155,Call,0,0,118.45,4,957,0.035415067893123,259.67999267578125,0.592350943008552,0.8931506849315068,118.87009178403675,118.91316987437354
AMD,2026-12-18,160,Call,0,0,113.2,15,1081,0.035415067893123,259.67999267578125,0.592350943008552,0.8931506849315068,115.24410532406512,115.27745542225
AMD,2026-12-18,165,Call,0,0,111.73,10,1686,0.035415067893123,259.67999267578125,0.592350943008552,0.8931506849315068,111.70590509941256,111.64174097012642
AMD,2026-12-18,170,Call,0,0,108,14,1218,0.035415067893123,259.67999267578125,0.592350943008552,0.8931506849315068,108.25575582821489,108.27217669099157
AMD,2026-12-18,175,Call,0,0,106.88,8,794,0.035415067893123,259.67999267578125,0.592350943008552,0.8931506849315068,104.89366043950064,104.96389846327595
AMD,2026-12-18,180,Call,0,0,101.69,23,1185,0.035415067893123,259.67999267578125,0.592350943008552,0.8931506849315068,101.61938244239387,101.65562023556033
AMD,2026-12-18,185,Call,0,0,99.62,2,921,0.035415067893123,259.67999267578125,0.592350943008552,0.8931506849315068,98.43246785169133,98.34734200784476
AMD,2026-12-18,190,Call,0,0,95,5,2027,0.035415067893123,259.67999267578125,0.592350943008552,0.8931506849315068,95.33226643287693,95.35606286443375
AMD,2026-12-18,195,Call,0,0,85.95,1,1422,0.035415067893123,259.67999267578125,0.592350943008552,0.8931506849315068,92.31795208987948,92.40755009371995
AMD,2026-12-18,200,Call,0,0,89,65,3248,0.035415067893123,259.67999267578125,0.592350943008552,0.8931506849315068,89.38854226920094,89.45903732300624
AMD,2026-12-18,210,Call,0,0,80.74,14,2121,0.035415067893123,259.67999267578125,0.592350943008552,0.8931506849315068,83.77983258858646,83.74573594270852
AMD,2026-12-18,220,Call,0,0,76.86,28,1663,0.035415067893123,259.67999267578125,0.592350943008552,0.8931506849315068,78.49581642361436,78.60847827587874
AMD,2026-12-18,230,Call,0,0,72.41,21,1569,0.035415067893123,259.67999267578125,0.592350943008552,0.8931506849315068,73.52472535453708,73.47122060904897
AMD,2026-12-18,240,Call,0,0,67.25,46,2314,0.035415067893123,259.67999267578125,0.592350943008552,0.8931506849315068,68.85376805352868,68.93737618266682
AMD,2026-12-18,250,Call,0,0,62.15,60,3531,0.035415067893123,259.67999267578125,0.592350943008552,0.8931506849315068,64.46948721876718,64.57117292710248
AMD,2026-12-18,260,Call,0,0,58.61,122,1558,0.035415067893123,259.67999267578125,0.592350943008552,0.8931506849315068,60.35805484107564,60.229037779592694
AMD,2026-12-18,270,Call,0,0,54.55,53,1016,0.035415067893123,259.67999267578125,0.592350943008552,0.8931506849315068,56.505512621735335,56.614945686275554
AMD,2026-12-18,280,Call,0,0,51.1,64,1806,0.035415067893123,259.67999267578125,0.592350943008552,0.8931506849315068,52.8979645422328,53.00085359295832
AMD,2026-12-18,290,Call,0,0,47.62,29,1552,0.035415067893123,259.67999267578125,0.592350943008552,0.8931506849315068,49.521728340384,49.38676149964114
AMD,2026-12-18,300,Call,0,0,45,535,3853,0.035415067893123,259.67999267578125,0.592350943008552,0.8931506849315068,46.363452155410116,46.446475762511
AMD,2026-12-18,310,Call,0,0,42.1,144,1791,0.035415067893123,259.67999267578125,0.592350943008552,0.8931506849315068,43.41020199002327,43.53752910420314
AMD,2026-12-18,320,Call,0,0,39.1,18,815,0.035415067893123,259.67999267578125,0.592350943008552,0.8931506849315068,40.64952498049924,40.6285824458952
AMD,2026-12-18,330,Call,0,0,36.39,22,878,0.035415067893123,259.67999267578125,0.592350943008552,0.8931506849315068,38.0694928162073,38.04665661234992
AMD,2026-12-18,340,Call,0,0,34.45,12,1369,0.035415067893123,259.67999267578125,0.592350943008552,0.8931506849315068,35.65872903773982,35.77314076818727
AMD,2026-12-18,350,Call,0,0,31.75,69,4688,0.035415067893123,259.67999267578125,0.592350943008552,0.8931506849315068,33.406423383444675,33.4996249240246
AMD,2026-12-18,360,Call,0,0,29.77,35,1322,0.035415067893123,259.67999267578125,0.592350943008552,0.8931506849315068,31.302335854587028,31.226109079861942
AMD,2026-12-18,370,Call,0,0,28.23,8,1492,0.035415067893123,259.67999267578125,0.592350943008552,0.8931506849315068,29.33679273060453,29.319165972639365
AMD,2026-12-18,380,Call,0,0,25.55,10,1672,0.035415067893123,259.67999267578125,0.592350943008552,0.8931506849315068,27.50067638556382,27.59598936300666
AMD,2026-12-18,390,Call,0,0,24.6,11,6095,0.035415067893123,259.67999267578125,0.592350943008552,0.8931506849315068,25.785410430627934,25.872812753373957
AMD,2026-12-18,400,Call,0,0,23.2,26,2564,0.035415067893123,259.67999267578125,0.592350943008552,0.8931506849315068,24.182941429824176,24.14963614374124
AMD,2026-12-18,410,Call,0,0,20.5,2,108,0.035415067893123,259.67999267578125,0.592350943008552,0.8931506849315068,22.685718202088374,22.592090497411775
AMD,2026-12-18,420,Call,0,0,19.85,27,235,0.035415067893123,259.67999267578125,0.592350943008552,0.8931506849315068,21.286669525979192,21.326983423704338
AMD,2026-12-18,430,Call,0,0,19.6,4,402,0.035415067893123,259.67999267578125,0.592350943008552,0.8931506849315068,19.979180899476795,20.061876349996904
AMD,2026-12-18,440,Call,0,0,17.65,12,164,0.035415067893123,259.67999267578125,0.592350943008552,0.8931506849315068,18.757070871207873,18.796769276289474
AMD,2026-12-18,450,Call,0,0,18.77,13,1395,0.035415067893123,259.67999267578125,0.592350943008552,0.8931506849315068,17.614567347100305,17.531662202582044
AMD,2026-12-18,460,Call,0,0,16.51,60,162,0.035415067893123,259.67999267578125,0.592350943008552,0.8931506849315068,16.546284184177473,16.46700794403163
AMD,2026-12-18,470,Call,0,0,16.81,22,83,0.035415067893123,259.67999267578125,0.592350943008552,0.8931506849315068,15.547198307762784,15.568273809266973
AMD,2026-12-18,480,Call,0,0,14.3,77,1753,0.035415067893123,259.67999267578125,0.592350943008552,0.8931506849315068,14.612627527021083,14.669539674502317
AMD,2026-12-18,490,Call,0,0,12.81,1,31,0.035415067893123,259.67999267578125,0.592350943008552,0.8931506849315068,13.738209174169214,13.770805539737667
AMD,2026-12-18,500,Call,0,0,12.68,19,1104,0.035415067893123,259.67999267578125,0.592350943008552,0.8931506849315068,12.919879652836386,12.872071404973001
AMD,2026-12-18,510,Call,0,0,7.8,18,80,0.035415067893123,259.67999267578125,0.592350943008552,0.8931506849315068,12.15385494926926,12.019031488816566
AMD,2026-12-18,520,Call,0,0,11.6,7,408,0.035415067893123,259.67999267578125,0.592350943008552,0.8931506849315068,11.436612134925987,11.401840339398222
AMD,2026-12-18,530,Call,0,0,11.05,109,1199,0.035415067893123,259.67999267578125,0.592350943008552,0.8931506849315068,10.764871869308394,10.784649189979868
AMD,2027-01-15,5,Call,0,0,249,11,1376,0.0352617608409986,259.67999267578125,0.592350943008552,0.9698630136986301,254.8480971707027,254.84809717069047
AMD,2027-01-15,10,Call,0,0,221,1,33,0.0352617608409986,259.67999267578125,0.592350943008552,0.9698630136986301,250.01620170521727,250.01620167979408
AMD,2027-01-15,15,Call,0,0,202,NA,3,0.0352617608409986,259.67999267578125,0.592350943008552,0.9698630136986301,245.18430860641013,245.18430761075737
AMD,2027-01-15,20,Call,0,0,197.08,3,36,0.0352617608409986,259.67999267578125,0.592350943008552,0.9698630136986301,240.35244527354632,240.35243314569985
AMD,2027-01-15,25,Call,188.8,193.45,192.55,21,332,0.0352617608409986,259.67999267578125,0.592350943008552,0.9698630136986301,235.52074658361775,235.5206859543356
AMD,2027-01-15,30,Call,0,0,197.95,5,198,0.0352617608409986,259.67999267578125,0.592350943008552,0.9698630136986301,230.68960878899367,230.68946792208666
AMD,2027-01-15,35,Call,0,0,187.29,1,119,0.0352617608409986,259.67999267578125,0.592350943008552,0.9698630136986301,225.85987572966582,225.85943934417332
AMD,2027-01-15,40,Call,0,0,178.75,100,129,0.0352617608409986,259.67999267578125,0.592350943008552,0.9698630136986301,221.03300239150775,221.03191294745554
AMD,2027-01-15,45,Call,0,0,208.4,1,35,0.0352617608409986,259.67999267578125,0.592350943008552,0.9698630136986301,216.21115830084418,216.209141488916
AMD,2027-01-15,50,Call,0,0,200,1,845,0.0352617608409986,259.67999267578125,0.592350943008552,0.9698630136986301,211.3972583969204,211.39448235159654
AMD,2027-01-15,55,Call,0,0,153,1,59,0.0352617608409986,259.67999267578125,0.592350943008552,0.9698630136986301,206.59492760960057,206.59211857477376
AMD,2027-01-15,60,Call,0,0,194.15,1,193,0.0352617608409986,259.67999267578125,0.592350943008552,0.9698630136986301,201.80841477147908,201.80578400113004
AMD,2027-01-15,65,Call,0,0,143.55,1,601,0.0352617608409986,259.67999267578125,0.592350943008552,0.9698630136986301,197.04247392196038,197.0357825316273
AMD,2027-01-15,70,Call,0,0,196.93,2,5192,0.0352617608409986,259.67999267578125,0.592350943008552,0.9698630136986301,192.30222947311015,192.29545898662974
AMD,2027-01-15,75,Call,0,0,160.16,1,1957,0.0352617608409986,259.67999267578125,0.592350943008552,0.9698630136986301,187.59303837283483,187.58911863942558
AMD,2027-01-15,80,Call,0,0,185.6,1,1353,0.0352617608409986,259.67999267578125,0.592350943008552,0.9698630136986301,182.9203587091651,182.9046285801197
AMD,2027-01-15,85,Call,0,0,181.95,1,315,0.0352617608409986,259.67999267578125,0.592350943008552,0.9698630136986301,178.28963086050203,178.2874064453586
AMD,2027-01-15,90,Call,0,0,175.1,5,9239,0.0352617608409986,259.67999267578125,0.592350943008552,0.9698630136986301,173.70617459144052,173.68418508243494
AMD,2027-01-15,95,Call,0,0,160.2,9,1627,0.0352617608409986,259.67999267578125,0.592350943008552,0.9698630136986301,169.1751034654671,169.17477191453625
AMD,2027-01-15,100,Call,0,0,165.6,9,8612,0.0352617608409986,259.67999267578125,0.592350943008552,0.9698630136986301,164.70125652420205,164.6850645430808
AMD,2027-01-15,105,Call,0,0,152.73,8,1064,0.0352617608409986,259.67999267578125,0.592350943008552,0.9698630136986301,160.2891462560313,160.28323943398067
AMD,2027-01-15,110,Call,0,0,147.5,1,2939,0.0352617608409986,259.67999267578125,0.592350943008552,0.9698630136986301,155.94292132884644,155.9457307208831
AMD,2027-01-15,115,Call,0,0,158.96,1,2167,0.0352617608409986,259.67999267578125,0.592350943008552,0.9698630136986301,151.66634228904135,151.61804310080035
AMD,2027-01-15,120,Call,0,0,147.15,35,1819,0.0352617608409986,259.67999267578125,0.592350943008552,0.9698630136986301,147.46276834754661,147.4764770795311
AMD,2027-01-15,125,Call,0,0,143.7,19,1834,0.0352617608409986,259.67999267578125,0.592350943008552,0.9698630136986301,143.33515341823193,143.3349110582618
AMD,2027-01-15,130,Call,0,0,139.7,22,1606,0.0352617608409986,259.67999267578125,0.592350943008552,0.9698630136986301,139.2860496959804,139.24424072999625
AMD,2027-01-15,135,Call,0,0,135.97,13,1699,0.0352617608409986,259.67999267578125,0.592350943008552,0.9698630136986301,135.31761722638063,135.34495046456317
AMD,2027-01-15,140,Call,0,0,132.07,16,2139,0.0352617608409986,259.67999267578125,0.592350943008552,0.9698630136986301,131.43163810225658,131.44566019913003
AMD,2027-01-15,145,Call,0,0,131.47,16,1172,0.0352617608409986,259.67999267578125,0.592350943008552,0.9698630136986301,127.62953410815992,127.55171331829781
AMD,2027-01-15,150,Call,0,0,124.32,22,5179,0.0352617608409986,259.67999267578125,0.592350943008552,0.9698630136986301,123.91238681237826,123.9401921659471
AMD,2027-01-15,155,Call,0,0,122.5,8,1368,0.0352617608409986,259.67999267578125,0.592350943008552,0.9698630136986301,120.28095927103014,120.32867101359635
AMD,2027-01-15,160,Call,0,0,115.57,25,1764,0.0352617608409986,259.67999267578125,0.592350943008552,0.9698630136986301,116.73571865738988,116.71714986124562
AMD,2027-01-15,165,Call,0,0,113.73,10,936,0.0352617608409986,259.67999267578125,0.592350943008552,0.9698630136986301,113.27685926061399,113.24753652689033
AMD,2027-01-15,170,Call,0,0,108.6,19,1343,0.0352617608409986,259.67999267578125,0.592350943008552,0.9698630136986301,109.90432541169538,109.96441884958425
AMD,2027-01-15,175,Call,0,0,106.35,18,1220,0.0352617608409986,259.67999267578125,0.592350943008552,0.9698630136986301,106.61783399167224,106.68130117227801
AMD,2027-01-15,180,Call,0,0,102.83,37,3340,0.0352617608409986,259.67999267578125,0.592350943008552,0.9698630136986301,103.41689625923232,103.39818349497193
AMD,2027-01-15,185,Call,0,0,97.85,4,1167,0.0352617608409986,259.67999267578125,0.592350943008552,0.9698630136986301,100.30083880343629,100.2597801237084
AMD,2027-01-15,190,Call,0,0,96.1,33,1220,0.0352617608409986,259.67999267578125,0.592350943008552,0.9698630136986301,97.2688234839458,97.33679497788826
AMD,2027-01-15,195,Call,0,0,95.08,7,609,0.0352617608409986,259.67999267578125,0.592350943008552,0.9698630136986301,94.31986626745048,94.41380983206807
AMD,2027-01-15,200,Call,0,0,90.32,143,9915,0.0352617608409986,259.67999267578125,0.592350943008552,0.9698630136986301,91.45285490640696,91.49082468624795
AMD,2027-01-15,210,Call,0,0,83.62,45,2265,0.0352617608409986,259.67999267578125,0.592350943008552,0.9698630136986301,85.95967748924903,85.97611969984845
AMD,2027-01-15,220,Call,0,0,79.77,92,3840,0.0352617608409986,259.67999267578125,0.592350943008552,0.9698630136986301,80.77842645348032,80.88922615846901
AMD,2027-01-15,230,Call,0,0,74.5,39,2612,0.0352617608409986,259.67999267578125,0.592350943008552,0.9698630136986301,75.89712053220985,75.80233261708956
AMD,2027-01-15,240,Call,0,0,69.23,70,3634,0.0352617608409986,259.67999267578125,0.592350943008552,0.9698630136986301,71.3030277168103,71.401007251714
AMD,2027-01-15,250,Call,0,0,65.8,286,5162,0.0352617608409986,259.67999267578125,0.592350943008552,0.9698630136986301,66.98296783946469,67.08298148914257
AMD,2027-01-15,260,Call,0,0,60.67,145,2895,0.0352617608409986,259.67999267578125,0.592350943008552,0.9698630136986301,62.92355917983909,62.788909308163
AMD,2027-01-15,270,Call,0,0,56.5,295,3671,0.0352617608409986,259.67999267578125,0.592350943008552,0.9698630136986301,59.11141640259899,59.21941583779529
AMD,2027-01-15,280,Call,0,0,53.65,145,2562,0.0352617608409986,259.67999267578125,0.592350943008552,0.9698630136986301,55.53330681647688,55.64992236742749
AMD,2027-01-15,290,Call,0,0,49.97,68,2394,0.0352617608409986,259.67999267578125,0.592350943008552,0.9698630136986301,52.176271389672266,52.08042889705977
AMD,2027-01-15,300,Call,0,0,47.4,292,7481,0.0352617608409986,259.67999267578125,0.592350943008552,0.9698630136986301,49.02771628841491,49.08421447941964
AMD,2027-01-15,310,Call,0,0,44.21,33,5720,0.0352617608409986,259.67999267578125,0.592350943008552,0.9698630136986301,46.075480006691876,46.21515800542073
AMD,2027-01-15,320,Call,0,0,41.62,69,1436,0.0352617608409986,259.67999267578125,0.592350943008552,0.9698630136986301,43.30788047472009,43.34610153142184
AMD,2027-01-15,330,Call,0,0,39.06,80,1023,0.0352617608409986,259.67999267578125,0.592350943008552,0.9698630136986301,40.71374589966257,40.60760120577352
AMD,2027-01-15,340,Call,0,0,36.43,82,829,0.0352617608409986,259.67999267578125,0.592350943008552,0.9698630136986301,38.28243251826994,38.368515679068764
AMD,2027-01-15,350,Call,0,0,34.5,83,2073,0.0352617608409986,259.67999267578125,0.592350943008552,0.9698630136986301,36.00383193261817,36.12943015236402
AMD,2027-01-15,360,Call,0,0,32.63,374,908,0.0352617608409986,259.67999267578125,0.592350943008552,0.9698630136986301,33.86837025643838,33.89034462565926
AMD,2027-01-15,370,Call,0,0,30.55,15,928,0.0352617608409986,259.67999267578125,0.592350943008552,0.9698630136986301,31.867000917083587,31.73247213392077
AMD,2027-01-15,380,Call,0,0,28.77,47,1027,0.0352617608409986,259.67999267578125,0.592350943008552,0.9698630136986301,29.99119263164839,30.037945177056763
AMD,2027-01-15,390,Call,0,0,26.65,14,199,0.0352617608409986,259.67999267578125,0.592350943008552,0.9698630136986301,28.232913799167974,28.34341822019278
AMD,2027-01-15,400,Call,0,0,25.7,81,3043,0.0352617608409986,259.67999267578125,0.592350943008552,0.9698630136986301,26.584614318081975,26.648891263328778
AMD,2027-01-15,410,Call,0,0,24.92,10,345,0.0352617608409986,259.67999267578125,0.592350943008552,0.9698630136986301,25.039205643430506,24.954364306464775
AMD,2027-01-15,420,Call,0,0,22.9,23,407,0.0352617608409986,259.67999267578125,0.592350943008552,0.9698630136986301,23.590039736171768,23.526218637360113
AMD,2027-01-15,430,Call,0,0,20.95,3,180,0.0352617608409986,259.67999267578125,0.592350943008552,0.9698630136986301,22.230887422740025,22.284075854180063
AMD,2027-01-15,440,Call,0,0,20.3,21,153,0.0352617608409986,259.67999267578125,0.592350943008552,0.9698630136986301,20.955916572219508,21.041933071000038
AMD,2027-01-15,450,Call,0,0,19.23,123,1870,0.0352617608409986,259.67999267578125,0.592350943008552,0.9698630136986301,19.759670407573203,19.79979028782001
AMD,2027-01-15,460,Call,0,0,18.9,7,114,0.0352617608409986,259.67999267578125,0.592350943008552,0.9698630136986301,18.637046193023707,18.557647504639988
AMD,2027-01-15,470,Call,0,0,16.61,7,659,0.0352617608409986,259.67999267578125,0.592350943008552,0.9698630136986301,17.58327447918564,17.483142083092506
AMD,2027-01-15,480,Call,0,0,16.83,86,633,0.0352617608409986,259.67999267578125,0.592350943008552,0.9698630136986301,16.593899038564473,16.60212737515189
AMD,2027-01-15,490,Call,0,0,15.79,2,87,0.0352617608409986,259.67999267578125,0.592350943008552,0.9698630136986301,15.664757584590248,15.721112667211289
AMD,2027-01-15,500,Call,0,0,14.75,69,776,0.0352617608409986,259.67999267578125,0.592350943008552,0.9698630136986301,14.791963335785333,14.84009795927066
AMD,2027-01-15,510,Call,0,0,13.25,3,79,0.0352617608409986,259.67999267578125,0.592350943008552,0.9698630136986301,13.971887461585574,13.959083251330048
AMD,2027-01-15,520,Call,0,0,12.65,31,686,0.0352617608409986,259.67999267578125,0.592350943008552,0.9698630136986301,13.201142426576233,13.078068543389435
AMD,2027-01-15,530,Call,0,0,12.5,104,3090,0.0352617608409986,259.67999267578125,0.592350943008552,0.9698630136986301,12.476566234503792,12.392432921737308
AMD,2027-06-17,25,Call,189.55,194.45,223.35,2,43,0.0353551905387647,259.67999267578125,0.592350943008552,1.389041095890411,235.88219842986564,235.88176113276054
AMD,2027-06-17,30,Call,204.8,209.5,194.5,42,39,0.0353551905387647,259.67999267578125,0.592350943008552,1.389041095890411,231.12985441065786,231.1290336237205
AMD,2027-06-17,35,Call,200.25,204.5,189.96,NA,21,0.0353551905387647,259.67999267578125,0.592350943008552,1.389041095890411,226.3862717522324,226.38469882911738
AMD,2027-06-17,40,Call,175.6,180.45,182.07,11,78,0.0353551905387647,259.67999267578125,0.592350943008552,1.389041095890411,221.6562594117114,221.6540433015394
AMD,2027-06-17,45,Call,191.25,195.5,180.92,2,2,0.0353551905387647,259.67999267578125,0.592350943008552,1.389041095890411,216.94534007305666,216.94277672922647
AMD,2027-06-17,50,Call,186.8,191.5,175.14,52,35,0.0353551905387647,259.67999267578125,0.592350943008552,1.389041095890411,212.25947466508688,212.2542090037138
AMD,2027-06-17,55,Call,108.95,111.35,127,2,4,0.0353551905387647,259.67999267578125,0.592350943008552,1.389041095890411,207.6048099480789,207.59454892184178
AMD,2027-06-17,60,Call,0,0,164.63,1,26,0.0353551905387647,259.67999267578125,0.592350943008552,1.389041095890411,202.9874664515587,202.98418237735237
AMD,2027-06-17,65,Call,146.8,150.3,180.29,1,7,0.0353551905387647,259.67999267578125,0.592350943008552,1.389041095890411,198.41337147298668,198.39718663545324
AMD,2027-06-17,70,Call,0,0,187.63,4,157,0.0353551905387647,259.67999267578125,0.592350943008552,1.389041095890411,193.88813502895732,193.88434168609564
AMD,2027-06-17,75,Call,0,0,182.8,1,40,0.0353551905387647,259.67999267578125,0.592350943008552,1.389041095890411,189.41696347618807,189.39771589915736
AMD,2027-06-17,80,Call,0,0,185.45,2,51,0.0353551905387647,259.67999267578125,0.592350943008552,1.389041095890411,185.00460446096682,185.0048736700952
AMD,2027-06-17,85,Call,0,0,183.1,1,9,0.0353551905387647,259.67999267578125,0.592350943008552,1.389041095890411,180.65531692966124,180.61260065421618
AMD,2027-06-17,90,Call,0,0,124.65,4,120,0.0353551905387647,259.67999267578125,0.592350943008552,1.389041095890411,176.3728605485541,176.3791946628169
AMD,2027-06-17,95,Call,0,0,118,2,147,0.0353551905387647,259.67999267578125,0.592350943008552,1.389041095890411,172.1604997024546,172.14578867141768
AMD,2027-06-17,100,Call,0,0,142.65,2,210,0.0353551905387647,259.67999267578125,0.592350943008552,1.389041095890411,168.02101808796436,168.00528538966492
AMD,2027-06-17,105,Call,0,0,169.7,1,3492,0.0353551905387647,259.67999267578125,0.592350943008552,1.389041095890411,163.9567407002934,163.97527417722156
AMD,2027-06-17,110,Call,0,0,126,2,135,0.0353551905387647,259.67999267578125,0.592350943008552,1.389041095890411,159.9695606953136,159.94526296477818
AMD,2027-06-17,115,Call,0,0,148.39,11,187,0.0353551905387647,259.67999267578125,0.592350943008552,1.389041095890411,156.06096918228326,156.04691308691187
AMD,2027-06-17,120,Call,0,0,152.63,23,2366,0.0353551905387647,259.67999267578125,0.592350943008552,1.389041095890411,152.23208647268856,152.26610598694808
AMD,2027-06-17,125,Call,0,0,146.85,1,240,0.0353551905387647,259.67999267578125,0.592350943008552,1.389041095890411,148.48369368850248,148.4852988869843
AMD,2027-06-17,130,Call,0,0,124.67,2,171,0.0353551905387647,259.67999267578125,0.592350943008552,1.389041095890411,144.81626393243766,144.75173974499398
AMD,2027-06-17,135,Call,0,0,140.43,48,200,0.0353551905387647,259.67999267578125,0.592350943008552,1.389041095890411,141.22999245681103,141.26424066854867
AMD,2027-06-17,140,Call,0,0,138.28,1,342,0.0353551905387647,259.67999267578125,0.592350943008552,1.389041095890411,137.7248254485493,137.77674159210332
AMD,2027-06-17,145,Call,0,0,139,1,162,0.0353551905387647,259.67999267578125,0.592350943008552,1.389041095890411,134.30048718610215,134.28924251565797
AMD,2027-06-17,150,Call,0,0,131.73,18,581,0.0353551905387647,259.67999267578125,0.592350943008552,1.389041095890411,130.95650542837453,130.89769426474462
AMD,2027-06-17,155,Call,0,0,115.73,2,177,0.0353551905387647,259.67999267578125,0.592350943008552,1.389041095890411,127.69223497346142,127.74187728214564
AMD,2027-06-17,160,Call,0,0,123,32,369,0.0353551905387647,259.67999267578125,0.592350943008552,1.389041095890411,124.50687938181349,124.5860602995465
AMD,2027-06-17,165,Call,0,0,122.25,5,276,0.0353551905387647,259.67999267578125,0.592350943008552,1.389041095890411,121.3995108991809,121.4302433169475
AMD,2027-06-17,170,Call,0,0,119.1,34,456,0.0353551905387647,259.67999267578125,0.592350943008552,1.389041095890411,118.36908864299554,118.27442633434846
AMD,2027-06-17,175,Call,0,0,114.74,15,441,0.0353551905387647,259.67999267578125,0.592350943008552,1.389041095890411,115.41447513470875,115.42039750933519
AMD,2027-06-17,180,Call,0,0,112.81,19,385,0.0353551905387647,259.67999267578125,0.592350943008552,1.389041095890411,112.53445127231184,112.62500241153406
AMD,2027-06-17,185,Call,0,0,108.69,58,566,0.0353551905387647,259.67999267578125,0.592350943008552,1.389041095890411,109.72772984363402,109.82960731373285
AMD,2027-06-17,190,Call,0,0,105.7,30,192,0.0353551905387647,259.67999267578125,0.592350943008552,1.389041095890411,106.99296768343633,107.03421221593193
AMD,2027-06-17,195,Call,0,0,103,40,159,0.0353551905387647,259.67999267578125,0.592350943008552,1.389041095890411,104.3287765768861,104.23881711813075
AMD,2027-06-17,200,Call,0,0,98.7,13,2366,0.0353551905387647,259.67999267578125,0.592350943008552,1.389041095890411,101.73373300953176,101.71376596088732
AMD,2027-06-17,210,Call,0,0,94.89,33,1055,0.0353551905387647,259.67999267578125,0.592350943008552,1.389041095890411,96.74526912719752,96.87575738485205
AMD,2027-06-17,220,Call,0,0,89.41,16,2143,0.0353551905387647,259.67999267578125,0.592350943008552,1.389041095890411,92.01578879271544,92.03774880881672
AMD,2027-06-17,230,Call,0,0,85.62,5,442,0.0353551905387647,259.67999267578125,0.592350943008552,1.389041095890411,87.53340321939348,87.51410161076522
AMD,2027-06-17,240,Call,0,0,82.6,14,590,0.0353551905387647,259.67999267578125,0.592350943008552,1.389041095890411,83.28628304307631,83.43165396961693
AMD,2027-06-17,250,Call,0,0,75.88,23,1049,0.0353551905387647,259.67999267578125,0.592350943008552,1.389041095890411,79.26278120919099,79.34920632846863
AMD,2027-06-17,260,Call,0,0,73.5,38,492,0.0353551905387647,259.67999267578125,0.592350943008552,1.389041095890411,75.4515249848889,75.29008374952727
AMD,2027-06-17,270,Call,0,0,68.79,69,298,0.0353551905387647,259.67999267578125,0.592350943008552,1.389041095890411,71.84148310679468,71.93652761934347
AMD,2027-06-17,280,Call,0,0,66.5,13,398,0.0353551905387647,259.67999267578125,0.592350943008552,1.389041095890411,68.42201303575087,68.5829714891596
AMD,2027-06-17,290,Call,0,0,63.7,65,312,0.0353551905387647,259.67999267578125,0.592350943008552,1.389041095890411,65.18289240262577,65.22941535897569
AMD,2027-06-17,300,Call,0,0,60.94,338,2668,0.0353551905387647,259.67999267578125,0.592350943008552,1.389041095890411,62.114337981943024,61.97105871016573
AMD,2027-06-17,310,Call,0,0,56.3,13,231,0.0353551905387647,259.67999267578125,0.592350943008552,1.389041095890411,59.20701490694796,59.293361337623246
AMD,2027-06-17,320,Call,0,0,52.55,81,347,0.0353551905387647,259.67999267578125,0.592350943008552,1.389041095890411,56.4520383239409,56.61566396508069
AMD,2027-06-17,330,Call,0,0,51.85,10,249,0.0353551905387647,259.67999267578125,0.592350943008552,1.389041095890411,53.84096925916769,53.93796659253815
AMD,2027-06-17,340,Call,0,0,48.7,26,355,0.0353551905387647,259.67999267578125,0.592350943008552,1.389041095890411,51.36580612365519,51.260269219995664
AMD,2027-06-17,350,Call,0,0,47.15,53,629,0.0353551905387647,259.67999267578125,0.592350943008552,1.389041095890411,49.01897299725964,48.98412178420462
AMD,2027-06-17,360,Call,0,0,48,1,819,0.0353551905387647,259.67999267578125,0.592350943008552,1.389041095890411,46.79330560185069,46.908764692691435
AMD,2027-06-17,370,Call,0,0,42.6,1,496,0.0353551905387647,259.67999267578125,0.592350943008552,1.389041095890411,44.682035685642205,44.83340760117829
AMD,2027-06-17,380,Call,0,0,40.45,307,448,0.0353551905387647,259.67999267578125,0.592350943008552,1.389041095890411,42.6787743883969,42.7580505096651
AMD,2027-06-17,390,Call,0,0,38.45,7,217,0.0353551905387647,259.67999267578125,0.592350943008552,1.389041095890411,40.777495034087394,40.68269341815194
AMD,2027-06-17,400,Call,0,0,37.2,29,733,0.0353551905387647,259.67999267578125,0.592350943008552,1.389041095890411,38.972515698230595,38.876662969786516
AMD,2027-06-17,410,Call,0,0,35.22,85,330,0.0353551905387647,259.67999267578125,0.592350943008552,1.389041095890411,37.258481817119346,37.317247423697495
AMD,2027-06-17,420,Call,0,0,33.8,15,318,0.0353551905387647,259.67999267578125,0.592350943008552,1.389041095890411,35.63034904193614,35.75783187760846
AMD,2027-06-17,430,Call,0,0,33.5,3,538,0.0353551905387647,259.67999267578125,0.592350943008552,1.389041095890411,34.08336648929914,34.198416331519475
AMD,2027-06-17,440,Call,0,0,28.1,44,513,0.0353551905387647,259.67999267578125,0.592350943008552,1.389041095890411,32.613060498737624,32.63900078543045
AMD,2027-06-17,450,Call,0,0,30.25,66,337,0.0353551905387647,259.67999267578125,0.592350943008552,1.389041095890411,31.21521897496084,31.079585239341426
AMD,2027-06-17,460,Call,0,0,29,10,333,0.0353551905387647,259.67999267578125,0.592350943008552,1.389041095890411,29.885876366961575,29.777750124983474
AMD,2027-06-17,470,Call,0,0,27.5,29,248,0.0353551905387647,259.67999267578125,0.592350943008552,1.389041095890411,28.621299315685725,28.643049797859373
AMD,2027-06-17,480,Call,0,0,26.6,35,479,0.0353551905387647,259.67999267578125,0.592350943008552,1.389041095890411,27.417972986127992,27.50834947073528
AMD,2027-06-17,490,Call,0,0,11.9,20,54,0.0353551905387647,259.67999267578125,0.592350943008552,1.389041095890411,26.272588087433085,26.373649143611157
AMD,2027-06-17,500,Call,0,0,23.8,18,347,0.0353551905387647,259.67999267578125,0.592350943008552,1.389041095890411,25.18202857517668,25.238948816487063
AMD,2027-06-17,510,Call,0,0,9.8,1,119,0.0353551905387647,259.67999267578125,0.592350943008552,1.389041095890411,24.143360022911025,24.10424848936298
AMD,2027-06-17,520,Call,0,0,19.5,11,492,0.0353551905387647,259.67999267578125,0.592350943008552,1.389041095890411,23.153818644817704,22.96954816223886
AMD,2027-06-17,530,Call,0,0,21.8,17,1816,0.0353551905387647,259.67999267578125,0.592350943008552,1.389041095890411,22.210800947544648,22.1051402984842
AMD,2027-09-17,95,Call,0,0,148.89,NA,3,0.0354559351730179,259.67999267578125,0.592350943008552,1.641095890410959,174.06818315959404,174.0820935172312
AMD,2027-09-17,100,Call,0,0,146.27,NA,1,0.0354559351730179,259.67999267578125,0.592350943008552,1.641095890410959,170.1128602204081,170.11563814164
AMD,2027-09-17,115,Call,0,0,122.05,NA,3,0.0354559351730179,259.67999267578125,0.592350943008552,1.641095890410959,158.72134958011407,158.74809268747154
AMD,2027-09-17,150,Call,0,0,127.34,NA,2,0.0354559351730179,259.67999267578125,0.592350943008552,1.641095890410959,134.92360377378708,134.9947302351771
AMD,2027-09-17,155,Call,0,0,136.9,2,1,0.0354559351730179,259.67999267578125,0.592350943008552,1.641095890410959,131.8339204031306,131.90905801257946
AMD,2027-09-17,160,Call,0,0,121.93,1,1,0.0354559351730179,259.67999267578125,0.592350943008552,1.641095890410959,128.8187368554842,128.82338578998198
AMD,2027-09-17,165,Call,0,0,121.45,4,1,0.0354559351730179,259.67999267578125,0.592350943008552,1.641095890410959,125.87681021689515,125.75900940078438
AMD,2027-09-17,170,Call,0,0,115.2,1,2,0.0354559351730179,259.67999267578125,0.592350943008552,1.641095890410959,123.00683524988396,123.03316523666763
AMD,2027-09-17,175,Call,0,0,96.31,NA,6,0.0354559351730179,259.67999267578125,0.592350943008552,1.641095890410959,120.20745682327497,120.30732107255075
AMD,2027-09-17,180,Call,0,0,96.11,2,3,0.0354559351730179,259.67999267578125,0.592350943008552,1.641095890410959,117.47728089711157,117.5814769084341
AMD,2027-09-17,185,Call,0,0,69.86,NA,1,0.0354559351730179,259.67999267578125,0.592350943008552,1.641095890410959,114.81488420474061,114.85563274431726
AMD,2027-09-17,190,Call,0,0,110,13,13,0.0354559351730179,259.67999267578125,0.592350943008552,1.641095890410959,112.21882276334726,112.12978858020058
AMD,2027-09-17,195,Call,0,0,63.85,NA,1,0.0354559351730179,259.67999267578125,0.592350943008552,1.641095890410959,109.6876393334303,109.65097543849423
AMD,2027-09-17,200,Call,0,0,112,1,5,0.0354559351730179,259.67999267578125,0.592350943008552,1.641095890410959,107.2198699372201,107.2991019560609
AMD,2027-09-17,210,Call,0,0,95.45,1,9,0.0354559351730179,259.67999267578125,0.592350943008552,1.641095890410959,102.46871695715181,102.59535499119416
AMD,2027-09-17,220,Call,0,0,100.5,2,23,0.0354559351730179,259.67999267578125,0.592350943008552,1.641095890410959,97.95371485960656,97.89160802632749
AMD,2027-09-17,230,Call,0,0,88.65,29,29,0.0354559351730179,259.67999267578125,0.592350943008552,1.641095890410959,93.66339904463479,93.70230758131511
AMD,2027-09-17,240,Call,0,0,89.93,2,30,0.0354559351730179,259.67999267578125,0.592350943008552,1.641095890410959,89.58658298331916,89.74566745813938
AMD,2027-09-17,250,Call,0,0,86.8,32,23,0.0354559351730179,259.67999267578125,0.592350943008552,1.641095890410959,85.71242504906941,85.78902733496372
AMD,2027-09-17,260,Call,0,0,80.8,7,10,0.0354559351730179,259.67999267578125,0.592350943008552,1.641095890410959,82.03047431528285,81.85534080612179
AMD,2027-09-17,270,Call,0,0,78.99,1,132,0.0354559351730179,259.67999267578125,0.592350943008552,1.641095890410959,78.53069998709077,78.61598408856052
AMD,2027-09-17,280,Call,0,0,74.29,2,64,0.0354559351730179,259.67999267578125,0.592350943008552,1.641095890410959,75.2035081838591,75.37662737099932
AMD,2027-09-17,290,Call,0,0,70.6,20,30,0.0354559351730179,259.67999267578125,0.592350943008552,1.641095890410959,72.03974902348244,72.13727065343802
AMD,2027-09-17,300,Call,0,0,67.83,10,80,0.0354559351730179,259.67999267578125,0.592350943008552,1.641095890410959,69.03071634555432,68.89791393587677
AMD,2027-09-17,310,Call,0,0,65.92,2,7,0.0354559351730179,259.67999267578125,0.592350943008552,1.641095890410959,66.16814191952781,66.17229447754465
AMD,2027-09-17,320,Call,0,0,61.8,7,61,0.0354559351730179,259.67999267578125,0.592350943008552,1.641095890410959,63.444185592142546,63.594847101036244
AMD,2027-09-17,330,Call,0,0,61.62,5,35,0.0354559351730179,259.67999267578125,0.592350943008552,1.641095890410959,60.85142251614644,61.017399724527856
AMD,2027-09-17,340,Call,0,0,55.43,27,26,0.0354559351730179,259.67999267578125,0.592350943008552,1.641095890410959,58.3828283538129,58.439952348019474
AMD,2027-09-17,350,Call,0,0,54.45,26,32,0.0354559351730179,259.67999267578125,0.592350943008552,1.641095890410959,56.03176315115721,55.86250497151109
AMD,2027-09-17,360,Call,0,0,53.25,3,3,0.0354559351730179,259.67999267578125,0.592350943008552,1.641095890410959,53.791954421817536,53.76811042801948
AMD,2027-09-17,380,Call,0,0,35.6,2,2,0.0354559351730179,259.67999267578125,0.592350943008552,1.641095890410959,49.62274996373614,49.78738070129586
AMD,2027-09-17,400,Call,0,0,33.22,5,16,0.0354559351730179,259.67999267578125,0.592350943008552,1.641095890410959,45.83172768491015,45.80665097457223
AMD,2027-09-17,410,Call,0,0,24.42,NA,1,0.0354559351730179,259.67999267578125,0.592350943008552,1.641095890410959,44.06576776999408,43.84514500695583
AMD,2027-09-17,420,Call,0,0,42.79,17,18,0.0354559351730179,259.67999267578125,0.592350943008552,1.641095890410959,42.38018536988389,42.35524364573383
AMD,2027-09-17,450,Call,0,0,37.92,3,1,0.0354559351730179,259.67999267578125,0.592350943008552,1.641095890410959,37.76513299679158,37.88553956206761
AMD,2027-09-17,480,Call,0,0,32.2,26,26,0.0354559351730179,259.67999267578125,0.592350943008552,1.641095890410959,33.73670915776649,33.558387170653816
AMD,2027-09-17,490,Call,0,0,33.11,11,23,0.0354559351730179,259.67999267578125,0.592350943008552,1.641095890410959,32.50924420057944,32.47848632898341
AMD,2027-09-17,500,Call,0,0,30.5,38,35,0.0354559351730179,259.67999267578125,0.592350943008552,1.641095890410959,31.334678744919394,31.398585487313007
AMD,2027-12-17,5,Call,0,0,256.81,20,3461,0.0355555847568988,259.67999267578125,0.592350943008552,1.8904109589041096,255.00502235106987,255.00502149852096
AMD,2027-12-17,10,Call,0,0,206.35,4,95,0.0355555847568988,259.67999267578125,0.592350943008552,1.8904109589041096,250.33023273217728,250.33018258346365
AMD,2027-12-17,15,Call,199.5,204.3,242.6,NA,1,0.0355555847568988,259.67999267578125,0.592350943008552,1.8904109589041096,245.65698355439767,245.65676796082454
AMD,2027-12-17,25,Call,0,0,226.42,5,372,0.0355555847568988,259.67999267578125,0.592350943008552,1.8904109589041096,236.33144404293117,236.33003926010423
AMD,2027-12-17,30,Call,0,0,195.46,5,69,0.0355555847568988,259.67999267578125,0.592350943008552,1.8904109589041096,231.69188203554103,231.68898414853246
AMD,2027-12-17,35,Call,0,0,180.1,2,112,0.0355555847568988,259.67999267578125,0.592350943008552,1.8904109589041096,227.07788487408487,227.07414104205287
AMD,2027-12-17,40,Call,0,0,190,1,166,0.0355555847568988,259.67999267578125,0.592350943008552,1.8904109589041096,222.49727705013635,222.49413034388257
AMD,2027-12-17,45,Call,0,0,172,1,15,0.0355555847568988,259.67999267578125,0.592350943008552,1.8904109589041096,217.95756946396256,217.95162330995655
AMD,2027-12-17,50,Call,0,0,219.5,20,318,0.0355555847568988,259.67999267578125,0.592350943008552,1.8904109589041096,213.4657102185361,213.45137239672994
AMD,2027-12-17,55,Call,0,0,167.17,2,433,0.0355555847568988,259.67999267578125,0.592350943008552,1.8904109589041096,209.02794788841726,209.02593946885892
AMD,2027-12-17,60,Call,0,0,157,3,181,0.0355555847568988,259.67999267578125,0.592350943008552,1.8904109589041096,204.64977285745238,204.61907934302715
AMD,2027-12-17,65,Call,155.55,159.6,172.18,1,398,0.0355555847568988,259.67999267578125,0.592350943008552,1.8904109589041096,200.33591030639522,200.33713641775358
AMD,2027-12-17,70,Call,0,0,168.7,2,975,0.0355555847568988,259.67999267578125,0.592350943008552,1.8904109589041096,196.09034578290752,196.05519349248019
AMD,2027-12-17,75,Call,0,0,156.95,1,187,0.0355555847568988,259.67999267578125,0.592350943008552,1.8904109589041096,191.9163700807926,191.92109964765837
AMD,2027-12-17,80,Call,0,0,176.09,1,455,0.0355555847568988,259.67999267578125,0.592350943008552,1.8904109589041096,187.81663442624802,187.8053585768163
AMD,2027-12-17,85,Call,0,0,180,1,422,0.0355555847568988,259.67999267578125,0.592350943008552,1.8904109589041096,183.79321000800667,183.7722621132573
AMD,2027-12-17,90,Call,0,0,178.84,2,620,0.0355555847568988,259.67999267578125,0.592350943008552,1.8904109589041096,179.84764800520514,179.866607174353
AMD,2027-12-17,95,Call,0,0,141.68,1,580,0.0355555847568988,259.67999267578125,0.592350943008552,1.8904109589041096,175.98103771946708,175.9609522354489
AMD,2027-12-17,100,Call,0,0,174.04,17,1309,0.0355555847568988,259.67999267578125,0.592350943008552,1.8904109589041096,172.19406140178995,172.17149889020956
AMD,2027-12-17,105,Call,0,0,117.05,9,812,0.0355555847568988,259.67999267578125,0.592350943008552,1.8904109589041096,168.4870450226922,168.52089173032203
AMD,2027-12-17,110,Call,0,0,142,1,622,0.0355555847568988,259.67999267578125,0.592350943008552,1.8904109589041096,164.86000466677987,164.87028457043456
AMD,2027-12-17,115,Call,0,0,162,2,667,0.0355555847568988,259.67999267578125,0.592350943008552,1.8904109589041096,161.31268851128448,161.21967741054715
AMD,2027-12-17,120,Call,0,0,157.4,2,1012,0.0355555847568988,259.67999267578125,0.592350943008552,1.8904109589041096,157.84461452147818,157.8659524063954
AMD,2027-12-17,125,Call,0,0,156.2,14,903,0.0355555847568988,259.67999267578125,0.592350943008552,1.8904109589041096,154.45510409829853,154.5127850195504
AMD,2027-12-17,130,Call,0,0,143.3,3,713,0.0355555847568988,259.67999267578125,0.592350943008552,1.8904109589041096,151.14331196853817,151.15961763270528
AMD,2027-12-17,135,Call,0,0,150.9,7,563,0.0355555847568988,259.67999267578125,0.592350943008552,1.8904109589041096,147.90825263173886,147.80645024586028
AMD,2027-12-17,140,Call,0,0,145.26,6,918,0.0355555847568988,259.67999267578125,0.592350943008552,1.8904109589041096,144.74882368155437,144.76289787937884
AMD,2027-12-17,145,Call,0,0,137.84,46,619,0.0355555847568988,259.67999267578125,0.592350943008552,1.8904109589041096,141.66382631035344,141.74300790490386
AMD,2027-12-17,150,Call,0,0,139.25,18,2841,0.0355555847568988,259.67999267578125,0.592350943008552,1.8904109589041096,138.65198328934298,138.72311793042894
AMD,2027-12-17,155,Call,0,0,135.05,6,640,0.0355555847568988,259.67999267578125,0.592350943008552,1.8904109589041096,135.71195469592027,135.7032279559541
AMD,2027-12-17,160,Call,0,0,133.65,4,1017,0.0355555847568988,259.67999267578125,0.592350943008552,1.8904109589041096,132.8423516375896,132.7335874182962
AMD,2027-12-17,165,Call,0,0,131.05,5,904,0.0355555847568988,259.67999267578125,0.592350943008552,1.8904109589041096,130.04174819906706,130.07253985350633
AMD,2027-12-17,170,Call,0,0,127.3,6,1360,0.0355555847568988,259.67999267578125,0.592350943008552,1.8904109589041096,127.30869181707921,127.4114922887164
AMD,2027-12-17,175,Call,0,0,128.7,12,680,0.0355555847568988,259.67999267578125,0.592350943008552,1.8904109589041096,124.64171226638773,124.75044472392655
AMD,2027-12-17,180,Call,0,0,121.5,4,1525,0.0355555847568988,259.67999267578125,0.592350943008552,1.8904109589041096,122.0393294210549,122.0893971591366
AMD,2027-12-17,185,Call,0,0,114.4,1,427,0.0355555847568988,259.67999267578125,0.592350943008552,1.8904109589041096,119.50005993703226,119.4283495943467
AMD,2027-12-17,190,Call,0,0,95.01,2,523,0.0355555847568988,259.67999267578125,0.592350943008552,1.8904109589041096,117.02242298585227,116.95439756828569
AMD,2027-12-17,195,Call,0,0,114.05,10,3110,0.0355555847568988,259.67999267578125,0.592350943008552,1.8904109589041096,114.60494515447746,114.6646631949082
AMD,2027-12-17,200,Call,0,0,111.45,170,5232,0.0355555847568988,259.67999267578125,0.592350943008552,1.8904109589041096,112.24616461314793,112.3749288215308
AMD,2027-12-17,210,Call,0,0,107.31,4,1466,0.0355555847568988,259.67999267578125,0.592350943008552,1.8904109589041096,107.69892659071421,107.79546007477579
AMD,2027-12-17,220,Call,0,0,102.6,28,734,0.0355555847568988,259.67999267578125,0.592350943008552,1.8904109589041096,103.36936642005142,103.21599132802092
AMD,2027-12-17,230,Call,0,0,101.92,3,966,0.0355555847568988,259.67999267578125,0.592350943008552,1.8904109589041096,99.24649993568713,99.327309978659855
AMD,2027-12-17,240,Call,0,0,92.41,11,768,0.0355555847568988,259.67999267578125,0.592350943008552,1.8904109589041096,95.31975005055031,95.48639075067057
AMD,2027-12-17,250,Call,0,0,90.5,30,1272,0.0355555847568988,259.67999267578125,0.592350943008552,1.8904109589041096,91.57897697626926,91.64547152268125
AMD,2027-12-17,260,Call,0,0,86.43,16,413,0.0355555847568988,259.67999267578125,0.592350943008552,1.8904109589041096,88.01449445173051,87.82714361907226
AMD,2027-12-17,270,Call,0,0,84.2,12,621,0.0355555847568988,259.67999267578125,0.592350943008552,1.8904109589041096,84.61707548906755,84.69218711976184
AMD,2027-12-17,280,Call,0,0,79.55,14,1762,0.0355555847568988,259.67999267578125,0.592350943008552,1.8904109589041096,81.37795034991797,81.55723062045139
AMD,2027-12-17,290,Call,0,0,77.15,26,422,0.0355555847568988,259.67999267578125,0.592350943008552,1.8904109589041096,78.28879884595337,78.42227412114106
AMD,2027-12-17,300,Call,0,0,74.19,44,2525,0.0355555847568988,259.67999267578125,0.592350943008552,1.8904109589041096,75.34173857683507,75.28731762183064
AMD,2027-12-17,310,Call,0,0,68.39,5,666,0.0355555847568988,259.67999267578125,0.592350943008552,1.8904109589041096,72.52931034506878,72.43655408393604
AMD,2027-12-17,320,Call,0,0,66.89,6,1114,0.0355555847568988,259.67999267578125,0.592350943008552,1.8904109589041096,69.84446169679798,69.95020749943565
AMD,2027-12-17,330,Call,0,0,68.27,1,507,0.0355555847568988,259.67999267578125,0.592350943008552,1.8904109589041096,67.28052931181345,67.46386091493527
AMD,2027-12-17,340,Call,0,0,64,1,350,0.0355555847568988,259.67999267578125,0.592350943008552,1.8904109589041096,64.83122079059125,64.97751433043489
AMD,2027-12-17,350,Call,0,0,61.91,67,753,0.0355555847568988,259.67999267578125,0.592350943008552,1.8904109589041096,62.49059624984787,62.49116774593452
AMD,2027-12-17,360,Call,0,0,61.09,10,1936,0.0355555847568988,259.67999267578125,0.592350943008552,1.8904109589041096,60.253050032272625,60.02294566963605
AMD,2027-12-17,370,Call,0,0,57.4,18,1471,0.0355555847568988,259.67999267578125,0.592350943008552,1.8904109589041096,58.113292754049766,58.10936649820403
AMD,2027-12-17,380,Call,0,0,53.66,33,126,0.0355555847568988,259.67999267578125,0.592350943008552,1.8904109589041096,56.066333850293546,56.19578732677206
AMD,2027-12-17,390,Call,0,0,52.75,2,481,0.0355555847568988,259.67999267578125,0.592350943008552,1.8904109589041096,54.1074647295282,54.28220815534003
AMD,2027-12-17,400,Call,0,0,50.66,192,890,0.0355555847568988,259.67999267578125,0.592350943008552,1.8904109589041096,52.232242610676636,52.368628983908025
AMD,2027-12-17,410,Call,0,0,44.06,3,82,0.0355555847568988,259.67999267578125,0.592350943008552,1.8904109589041096,50.43647508720909,50.45504981247602
AMD,2027-12-17,420,Call,0,0,47.6,3,248,0.0355555847568988,259.67999267578125,0.592350943008552,1.8904109589041096,48.71620544120525,48.541470641044
AMD,2027-12-17,430,Call,0,0,47,1,233,0.0355555847568988,259.67999267578125,0.592350943008552,1.8904109589041096,47.06769871359096,46.952959846063216
AMD,2027-12-17,440,Call,0,0,46.2,5,70,0.0355555847568988,259.67999267578125,0.592350943008552,1.8904109589041096,45.48742852453047,45.52550309427981
AMD,2027-12-17,450,Call,0,0,42.58,54,395,0.0355555847568988,259.67999267578125,0.592350943008552,1.8904109589041096,43.97206462896341,44.09804634249636
AMD,2027-12-17,460,Call,0,0,40.93,20,41,0.0355555847568988,259.67999267578125,0.592350943008552,1.8904109589041096,42.51846118583222,42.67058959071294
AMD,2027-12-17,470,Call,0,0,39.55,27,207,0.0355555847568988,259.67999267578125,0.592350943008552,1.8904109589041096,41.12364571508374,41.24313283892953
AMD,2027-12-17,480,Call,0,0,38.05,4,341,0.0355555847568988,259.67999267578125,0.592350943008552,1.8904109589041096,39.78480871359164,39.815676087146116
AMD,2027-12-17,490,Call,0,0,36.97,42,85,0.0355555847568988,259.67999267578125,0.592350943008552,1.8904109589041096,38.499293899380284,38.38821933536273
AMD,2027-12-17,500,Call,0,0,36.01,105,422,0.0355555847568988,259.67999267578125,0.592350943008552,1.8904109589041096,37.26458905265953,37.032180895145984
AMD,2027-12-17,510,Call,0,0,34,2,98,0.0355555847568988,259.67999267578125,0.592350943008552,1.8904109589041096,36.0783174219813,36.001231939503036
AMD,2027-12-17,520,Call,0,0,33.61,28,375,0.0355555847568988,259.67999267578125,0.592350943008552,1.8904109589041096,34.93822966413278,34.97028298386012
AMD,2027-12-17,530,Call,0,0,33,159,1038,0.0355555847568988,259.67999267578125,0.592350943008552,1.8904109589041096,33.84219628705558,33.93933402821721
AMD,2028-01-21,5,Call,0,0,254.56,60,2361,0.0355939115199299,259.67999267578125,0.592350943008552,1.9863013698630136,255.021290683455,255.02128932541052
AMD,2028-01-21,10,Call,0,0,245,5,107,0.0355939115199299,259.67999267578125,0.592350943008552,1.9863013698630136,250.3628696865331,250.3628189962449
AMD,2028-01-21,15,Call,0,0,241.95,9,10,0.0355939115199299,259.67999267578125,0.592350943008552,1.9863013698630136,245.70659483626275,245.70617679032532
AMD,2028-01-21,20,Call,195.1,199.95,240.5,NA,1,0.0355939115199299,259.67999267578125,0.592350943008552,1.9863013698630136,241.0569133227031,241.0560644680336
AMD,2028-01-21,25,Call,0,0,229.81,2,57,0.0355939115199299,259.67999267578125,0.592350943008552,1.9863013698630136,236.42043785610056,236.41734902028387
AMD,2028-01-21,30,Call,205.5,210.5,209.5,NA,3,0.0355939115199299,259.67999267578125,0.592350943008552,1.9863013698630136,231.80502468077646,231.80041625300078
AMD,2028-01-21,35,Call,184,187.9,196.69,NA,43,0.0355939115199299,259.67999267578125,0.592350943008552,1.9863013698630136,227.2189488856661,227.2099162881907
AMD,2028-01-21,40,Call,0,0,175.08,1,179,0.0355939115199299,259.67999267578125,0.592350943008552,1.9863013698630136,222.67031945981407,222.66307550130094
AMD,2028-01-21,45,Call,0,0,171,5,137,0.0355939115199299,259.67999267578125,0.592350943008552,1.9863013698630136,218.1667135433128,218.16355894779468
AMD,2028-01-21,50,Call,0,0,188.93,1,293,0.0355939115199299,259.67999267578125,0.592350943008552,1.9863013698630136,213.71497408217468,213.70249010473557
AMD,2028-01-21,55,Call,0,0,165.94,2,142,0.0355939115199299,259.67999267578125,0.592350943008552,1.9863013698630136,209.32111898328372,209.31394347207794
AMD,2028-01-21,60,Call,160.5,164.85,208.03,1,130,0.0355939115199299,259.67999267578125,0.592350943008552,1.9863013698630136,204.99032223119707,204.98177294277184
AMD,2028-01-21,65,Call,155.7,158.05,176.67,2,5,0.0355939115199299,259.67999267578125,0.592350943008552,1.9863013698630136,200.72693915017385,200.72053384700013
AMD,2028-01-21,70,Call,0,0,202.72,1,248,0.0355939115199299,259.67999267578125,0.592350943008552,1.9863013698630136,196.53455704106227,196.51663954167026
AMD,2028-01-21,75,Call,0,0,159.25,1,102,0.0355939115199299,259.67999267578125,0.592350943008552,1.9863013698630136,192.41605887697878,192.42272537048888
AMD,2028-01-21,80,Call,0,0,182.12,1,110,0.0355939115199299,259.67999267578125,0.592350943008552,1.9863013698630136,188.37369217525568,188.32881119930758
AMD,2028-01-21,85,Call,0,0,147.75,1,163,0.0355939115199299,259.67999267578125,0.592350943008552,1.9863013698630136,184.40913814372863,184.41670498222317
AMD,2028-01-21,90,Call,0,0,186,3,240,0.0355939115199299,259.67999267578125,0.592350943008552,1.9863013698630136,180.52357817397285,180.5339568030836
AMD,2028-01-21,95,Call,0,0,139.13,1,106,0.0355939115199299,259.67999267578125,0.592350943008552,1.9863013698630136,176.71775604553048,176.65120862394403
AMD,2028-01-21,100,Call,0,0,177.5,5,1234,0.0355939115199299,259.67999267578125,0.592350943008552,1.9863013698630136,172.99203503797978,173.00604487038115
AMD,2028-01-21,105,Call,0,0,162.64,1,407,0.0355939115199299,259.67999267578125,0.592350943008552,1.9863013698630136,169.34644967488472,169.37924364047018
AMD,2028-01-21,110,Call,0,0,167.2,6,249,0.0355939115199299,259.67999267578125,0.592350943008552,1.9863013698630136,165.7807521484745,165.75244241055913
AMD,2028-01-21,115,Call,0,0,122.82,2,222,0.0355939115199299,259.67999267578125,0.592350943008552,1.9863013698630136,162.2944536656097,162.26350631479355
AMD,2028-01-21,120,Call,0,0,160,17,222,0.0355939115199299,259.67999267578125,0.592350943008552,1.9863013698630136,158.8868610605466,158.93471401043283
AMD,2028-01-21,125,Call,0,0,144.35,28,203,0.0355939115199299,259.67999267578125,0.592350943008552,1.9863013698630136,155.55710906912077,155.6059217060721
AMD,2028-01-21,130,Call,0,0,157,2,353,0.0355939115199299,259.67999267578125,0.592350943008552,1.9863013698630136,152.30418867281827,152.2771294017114
AMD,2028-01-21,135,Call,0,0,144.74,5,81,0.0355939115199299,259.67999267578125,0.592350943008552,1.9863013698630136,149.12697191341522,149.07076198472132
AMD,2028-01-21,140,Call,0,0,139.3,2,228,0.0355939115199299,259.67999267578125,0.592350943008552,1.9863013698630136,146.02423355843015,146.0753484431801
AMD,2028-01-21,145,Call,0,0,137,1,149,0.0355939115199299,259.67999267578125,0.592350943008552,1.9863013698630136,142.99466997041594,143.079934901639
AMD,2028-01-21,150,Call,0,0,139.35,35,962,0.0355939115199299,259.67999267578125,0.592350943008552,1.9863013698630136,140.0369155028913,140.0845213600979
AMD,2028-01-21,155,Call,0,0,142.85,2,268,0.0355939115199299,259.67999267578125,0.592350943008552,1.9863013698630136,137.1495567148731,137.0891078185568
AMD,2028-01-21,160,Call,0,0,140.25,3,376,0.0355939115199299,259.67999267578125,0.592350943008552,1.9863013698630136,134.33114466596007,134.28278383017062
AMD,2028-01-21,165,Call,0,0,132.05,3,189,0.0355939115199299,259.67999267578125,0.592350943008552,1.9863013698630136,131.5802055255976,131.64574522889276
AMD,2028-01-21,170,Call,0,0,131.5,3,249,0.0355939115199299,259.67999267578125,0.592350943008552,1.9863013698630136,128.89524970394933,129.00870662761488
AMD,2028-01-21,175,Call,0,0,128.77,4,175,0.0355939115199299,259.67999267578125,0.592350943008552,1.9863013698630136,126.27477968790829,126.37166802633699
AMD,2028-01-21,180,Call,0,0,128.12,4,254,0.0355939115199299,259.67999267578125,0.592350943008552,1.9863013698630136,123.71729674421147,123.73462942505907
AMD,2028-01-21,185,Call,0,0,123,3,153,0.0355939115199299,259.67999267578125,0.592350943008552,1.9863013698630136,121.22130663230293,121.0975908237812
AMD,2028-01-21,190,Call,0,0,119.2,10,267,0.0355939115199299,259.67999267578125,0.592350943008552,1.9863013698630136,118.78532445238194,118.75992551714614
AMD,2028-01-21,195,Call,0,0,116.68,4,348,0.0355939115199299,259.67999267578125,0.592350943008552,1.9863013698630136,116.40787873881214,116.49312071785435
AMD,2028-01-21,200,Call,0,0,111.9,19,3751,0.0355939115199299,259.67999267578125,0.592350943008552,1.9863013698630136,114.0875148955768,114.22631591856236
AMD,2028-01-21,210,Call,0,0,109.45,34,644,0.0355939115199299,259.67999267578125,0.592350943008552,1.9863013698630136,109.61231545905049,109.69270631997863
AMD,2028-01-21,220,Call,0,0,103.95,25,932,0.0355939115199299,259.67999267578125,0.592350943008552,1.9863013698630136,105.34852357595945,105.17760401073659
AMD,2028-01-21,230,Call,0,0,99.6,8,1235,0.0355939115199299,259.67999267578125,0.592350943008552,1.9863013698630136,101.28534330942658,101.37921409849838
AMD,2028-01-21,240,Call,0,0,96.5,26,1293,0.0355939115199299,259.67999267578125,0.592350943008552,1.9863013698630136,97.41242072419017,97.58082418626026
AMD,2028-01-21,250,Call,0,0,92.25,25,4077,0.0355939115199299,259.67999267578125,0.592350943008552,1.9863013698630136,93.7198633669111,93.78243427402205
AMD,2028-01-21,260,Call,0,0,88.73,60,2243,0.0355939115199299,259.67999267578125,0.592350943008552,1.9863013698630136,90.1982479305273,90.00649770518717
AMD,2028-01-21,270,Call,0,0,85.31,18,579,0.0355939115199299,259.67999267578125,0.592350943008552,1.9863013698630136,86.83861922273721,86.90975871478749
AMD,2028-01-21,280,Call,0,0,82.4,13,494,0.0355939115199299,259.67999267578125,0.592350943008552,1.9863013698630136,83.63248282478978,83.81301972438774
AMD,2028-01-21,290,Call,0,0,79.5,70,618,0.0355939115199299,259.67999267578125,0.592350943008552,1.9863013698630136,80.57179326265647,80.71628073398803
AMD,2028-01-21,300,Call,0,0,76.4,62,2748,0.0355939115199299,259.67999267578125,0.592350943008552,1.9863013698630136,77.64893907876997,77.61954174358831
AMD,2028-01-21,310,Call,0,0,77.17,58,362,0.0355939115199299,259.67999267578125,0.592350943008552,1.9863013698630136,74.85672585855627,74.72438675288802
AMD,2028-01-21,320,Call,0,0,71.49,22,633,0.0355939115199299,259.67999267578125,0.592350943008552,1.9863013698630136,72.18835800880228,72.27126064669896
AMD,2028-01-21,330,Call,0,0,71.14,2,365,0.0355939115199299,259.67999267578125,0.592350943008552,1.9863013698630136,69.63741988678136,69.81813454050993
AMD,2028-01-21,340,Call,0,0,65.65,20,263,0.0355939115199299,259.67999267578125,0.592350943008552,1.9863013698630136,67.19785672644977,67.36500843432086
AMD,2028-01-21,350,Call,0,0,63.25,45,1236,0.0355939115199299,259.67999267578125,0.592350943008552,1.9863013698630136,64.8639556905314,64.91188232813185
AMD,2028-01-21,360,Call,0,0,59.75,10,315,0.0355939115199299,259.67999267578125,0.592350943008552,1.9863013698630136,62.63032728694735,62.45875622194277
AMD,2028-01-21,370,Call,0,0,54,1,190,0.0355939115199299,259.67999267578125,0.592350943008552,1.9863013698630136,60.49188731867561,60.42379723534008
AMD,2028-01-21,380,Call,0,0,55.9,1,199,0.0355939115199299,259.67999267578125,0.592350943008552,1.9863013698630136,58.44383948301616,58.538112854001355
AMD,2028-01-21,390,Call,0,0,54.3,10,309,0.0355939115199299,259.67999267578125,0.592350943008552,1.9863013698630136,56.481658695721734,56.65242847266262
AMD,2028-01-21,400,Call,0,0,52.77,221,1579,0.0355939115199299,259.67999267578125,0.592350943008552,1.9863013698630136,54.601075184714915,54.76674409132392
AMD,2028-01-21,410,Call,0,0,50.7,6,318,0.0355939115199299,259.67999267578125,0.592350943008552,1.9863013698630136,52.79805937494524,52.88105970998516
AMD,2028-01-21,420,Call,0,0,48.43,8,324,0.0355939115199299,259.67999267578125,0.592350943008552,1.9863013698630136,51.068807568646335,50.995375328646475
AMD,2028-01-21,430,Call,0,0,48.35,4,236,0.0355939115199299,259.67999267578125,0.592350943008552,1.9863013698630136,49.40972841250935,49.18054812985388
AMD,2028-01-21,440,Call,0,0,48.3,4,333,0.0355939115199299,259.67999267578125,0.592350943008552,1.9863013698630136,47.81743013405752,47.775692507900374
AMD,2028-01-21,450,Call,0,0,44.59,69,1585,0.0355939115199299,259.67999267578125,0.592350943008552,1.9863013698630136,46.28870852299244,46.370836885946844
AMD,2028-01-21,460,Call,0,0,43.75,2,286,0.0355939115199299,259.67999267578125,0.592350943008552,1.9863013698630136,44.82053562885042,44.96598126399333
AMD,2028-01-21,470,Call,0,0,42.7,28,191,0.0355939115199299,259.67999267578125,0.592350943008552,1.9863013698630136,43.410049143472506,43.5611256420398
AMD,2028-01-21,480,Call,0,0,40.9,41,1000,0.0355939115199299,259.67999267578125,0.592350943008552,1.9863013698630136,42.05454243517338,42.1562700200863
AMD,2028-01-21,490,Call,0,0,35,5,83,0.0355939115199299,259.67999267578125,0.592350943008552,1.9863013698630136,40.751455200790424,40.751414398132766
AMD,2028-01-21,500,Call,0,0,37.94,31,916,0.0355939115199299,259.67999267578125,0.592350943008552,1.9863013698630136,39.49836470177738,39.34655877617924
AMD,2028-01-21,510,Call,0,0,25.2,2,162,0.0355939115199299,259.67999267578125,0.592350943008552,1.9863013698630136,38.2929775509943,38.082808453092085
AMD,2028-01-21,520,Call,0,0,26.9,28,301,0.0355939115199299,259.67999267578125,0.592350943008552,1.9863013698630136,37.133122017696344,37.06951284486375
AMD,2028-01-21,530,Call,0,0,35.1,140,2358,0.0355939115199299,259.67999267578125,0.592350943008552,1.9863013698630136,36.01674081933242,36.056217236635455
AMD,2028-12-15,5,Call,0,0,249.54,27,31,0.0364854577310556,259.67999267578125,0.592350943008552,2.8876712328767122,255.1801741262041,255.1801395615301
AMD,2028-12-15,15,Call,0,0,220,1,1,0.0364854577310556,259.67999267578125,0.592350943008552,2.8876712328767122,246.20539171651663,246.20356726723375
AMD,2028-12-15,25,Call,0,0,193.02,NA,4,0.0364854577310556,259.67999267578125,0.592350943008552,2.8876712328767122,237.35215948337887,237.3493296380103
AMD,2028-12-15,50,Call,0,0,166.39,NA,2,0.0364854577310556,259.67999267578125,0.592350943008552,2.8876712328767122,216.31419672077993,216.29810710315732
AMD,2028-12-15,60,Call,0,0,161.23,8,8,0.0364854577310556,259.67999267578125,0.592350943008552,2.8876712328767122,208.45259004045818,208.447288467481
AMD,2028-12-15,65,Call,0,0,198.4,NA,2,0.0364854577310556,259.67999267578125,0.592350943008552,2.8876712328767122,204.6488952987973,204.62258307943765
AMD,2028-12-15,70,Call,0,0,198.56,NA,1,0.0364854577310556,259.67999267578125,0.592350943008552,2.8876712328767122,200.93025422768247,200.9484609531593
AMD,2028-12-15,75,Call,0,0,172.95,2,4,0.0364854577310556,259.67999267578125,0.592350943008552,2.8876712328767122,197.2962628205333,197.27433882688072
AMD,2028-12-15,80,Call,0,0,198.3,3,9,0.0364854577310556,259.67999267578125,0.592350943008552,2.8876712328767122,193.74613597242362,193.72569761059313
AMD,2028-12-15,90,Call,0,0,166.67,5,9,0.0364854577310556,259.67999267578125,0.592350943008552,2.8876712328767122,186.8929219566169,186.89984603621215
AMD,2028-12-15,95,Call,0,0,157.32,4,10,0.0364854577310556,259.67999267578125,0.592350943008552,2.8876712328767122,183.58704288198513,183.49272045644577
AMD,2028-12-15,100,Call,0,0,181.92,13,205,0.0364854577310556,259.67999267578125,0.592350943008552,2.8876712328767122,180.35954421767303,180.37993633166212
AMD,2028-12-15,105,Call,0,0,170.14,1,15,0.0364854577310556,259.67999267578125,0.592350943008552,2.8876712328767122,177.20872275378775,177.26715220687845
AMD,2028-12-15,110,Call,0,0,139.59,17,54,0.0364854577310556,259.67999267578125,0.592350943008552,2.8876712328767122,174.1328117636093,174.15436808209483
AMD,2028-12-15,120,Call,0,0,141,9,12,0.0364854577310556,259.67999267578125,0.592350943008552,2.8876712328767122,168.1984719877081,168.18938089066057
AMD,2028-12-15,125,Call,0,0,138.5,2,11,0.0364854577310556,259.67999267578125,0.592350943008552,2.8876712328767122,165.3363799271771,165.4079680160772
AMD,2028-12-15,130,Call,0,0,165,23,53,0.0364854577310556,259.67999267578125,0.592350943008552,2.8876712328767122,162.54189880165617,162.6265551414938
AMD,2028-12-15,135,Call,0,0,153.74,2,17,0.0364854577310556,259.67999267578125,0.592350943008552,2.8876712328767122,159.81321434578922,159.8451422669105
AMD,2028-12-15,140,Call,0,0,160.4,11,41,0.0364854577310556,259.67999267578125,0.592350943008552,2.8876712328767122,157.14853486952126,157.06372939232705
AMD,2028-12-15,145,Call,0,0,148,1,24,0.0364854577310556,259.67999267578125,0.592350943008552,2.8876712328767122,154.54609712571352,154.49655890854874
AMD,2028-12-15,150,Call,0,0,152.28,14,64,0.0364854577310556,259.67999267578125,0.592350943008552,2.8876712328767122,152.00417083326198,152.06670195185728
AMD,2028-12-15,155,Call,0,0,139.49,2,21,0.0364854577310556,259.67999267578125,0.592350943008552,2.8876712328767122,149.52106210103176,149.63684499516603
AMD,2028-12-15,160,Call,0,0,131.83,95,103,0.0364854577310556,259.67999267578125,0.592350943008552,2.8876712328767122,147.09511595340834,147.20698803847466
AMD,2028-12-15,165,Call,0,0,146.14,2,25,0.0364854577310556,259.67999267578125,0.592350943008552,2.8876712328767122,144.72471812215574,144.77713108178324
AMD,2028-12-15,170,Call,0,0,134.21,1,63,0.0364854577310556,259.67999267578125,0.592350943008552,2.8876712328767122,142.40829623990336,142.34727412509184
AMD,2028-12-15,175,Call,0,0,127.06,53,53,0.0364854577310556,259.67999267578125,0.592350943008552,2.8876712328767122,140.14432054663155,140.01703337461774
AMD,2028-12-15,180,Call,0,0,135.65,18,118,0.0364854577310556,259.67999267578125,0.592350943008552,2.8876712328767122,137.93130420094252,137.94561333232443
AMD,2028-12-15,185,Call,0,0,122.66,3,66,0.0364854577310556,259.67999267578125,0.592350943008552,2.8876712328767122,135.76780327185412,135.87419329003103
AMD,2028-12-15,190,Call,0,0,131.15,16,141,0.0364854577310556,259.67999267578125,0.592350943008552,2.8876712328767122,133.65241647366815,133.8027732477377
AMD,2028-12-15,195,Call,0,0,136.1,2,137,0.0364854577310556,259.67999267578125,0.592350943008552,2.8876712328767122,131.58378469561006,131.7313532054442
AMD,2028-12-15,200,Call,0,0,128.65,4,359,0.0364854577310556,259.67999267578125,0.592350943008552,2.8876712328767122,129.5605903689824,129.65993316315084
AMD,2028-12-15,210,Call,0,0,124.63,4,309,0.0364854577310556,259.67999267578125,0.592350943008552,2.8876712328767122,125.64544684772369,125.51709307856413
AMD,2028-12-15,220,Call,0,0,122.19,2,292,0.0364854577310556,259.67999267578125,0.592350943008552,2.8876712328767122,121.89724506261021,121.91320026582834
AMD,2028-12-15,230,Call,0,0,117.8,26,303,0.0364854577310556,259.67999267578125,0.592350943008552,2.8876712328767122,118.30685197236436,118.47283971215077
AMD,2028-12-15,240,Call,0,0,113.4,15,84,0.0364854577310556,259.67999267578125,0.592350943008552,2.8876712328767122,114.86570941485509,115.03247915847327
AMD,2028-12-15,250,Call,0,0,111.23,29,517,0.0364854577310556,259.67999267578125,0.592350943008552,2.8876712328767122,111.5658002521215,111.59211860479577
AMD,2028-12-15,260,Call,0,0,107.5,29,268,0.0364854577310556,259.67999267578125,0.592350943008552,2.8876712328767122,108.39961466307092,108.17293080987336
AMD,2028-12-15,270,Call,0,0,104.73,5,357,0.0364854577310556,259.67999267578125,0.592350943008552,2.8876712328767122,105.36011728618054,105.39420382370179
AMD,2028-12-15,280,Call,0,0,100.5,2,58,0.0364854577310556,259.67999267578125,0.592350943008552,2.8876712328767122,102.44071565477387,102.61547683753027
AMD,2028-12-15,290,Call,0,0,97.33,22,93,0.0364854577310556,259.67999267578125,0.592350943008552,2.8876712328767122,99.6352301871479,99.83674985135882
AMD,2028-12-15,300,Call,0,0,94.48,111,306,0.0364854577310556,259.67999267578125,0.592350943008552,2.8876712328767122,96.93786586930004,97.05802286518723
AMD,2028-12-15,310,Call,0,0,91.69,34,86,0.0364854577310556,259.67999267578125,0.592350943008552,2.8876712328767122,94.34318568274458,94.27929587901575
AMD,2028-12-15,320,Call,0,0,88.79,9,173,0.0364854577310556,259.67999267578125,0.592350943008552,2.8876712328767122,91.8460857723497,91.644786296854
AMD,2028-12-15,330,Call,0,0,87.95,66,93,0.0364854577310556,259.67999267578125,0.592350943008552,2.8876712328767122,89.44177231111661,89.46502375663573
AMD,2028-12-15,340,Call,0,0,86.46,50,220,0.0364854577310556,259.67999267578125,0.592350943008552,2.8876712328767122,87.12573999459516,87.2852612164175
AMD,2028-12-15,350,Call,0,0,82.17,32,657,0.0364854577310556,259.67999267578125,0.592350943008552,2.8876712328767122,84.89375208308363,85.10549867619926
AMD,2028-12-15,360,Call,0,0,80.4,1,25,0.0364854577310556,259.67999267578125,0.592350943008552,2.8876712328767122,82.7418219019744,82.92573613598113
AMD,2028-12-15,370,Call,0,0,72,6,98,0.0364854577310556,259.67999267578125,0.592350943008552,2.8876712328767122,80.66619570750133,80.74597359576286
AMD,2028-12-15,380,Call,0,0,76.4,2,22,0.0364854577310556,259.67999267578125,0.592350943008552,2.8876712328767122,78.66333682521925,78.56621105554466
AMD,2028-12-15,390,Call,0,0,75.99,7,24,0.0364854577310556,259.67999267578125,0.592350943008552,2.8876712328767122,76.72991097075547,76.46880985371757
AMD,2028-12-15,400,Call,0,0,71.62,44,183,0.0364854577310556,259.67999267578125,0.592350943008552,2.8876712328767122,74.86277266594057,74.81021498116161
AMD,2028-12-15,410,Call,0,0,69.35,10,23,0.0364854577310556,259.67999267578125,0.592350943008552,2.8876712328767122,73.05895266783338,73.1516201086056
AMD,2028-12-15,420,Call,0,0,65.02,3,60,0.0364854577310556,259.67999267578125,0.592350943008552,2.8876712328767122,71.31564633300948,71.4930252360496
AMD,2028-12-15,430,Call,0,0,65.7,18,541,0.0364854577310556,259.67999267578125,0.592350943008552,2.8876712328767122,69.63020284453185,69.83443036349362
AMD,2028-12-15,450,Call,0,0,63.5,54,39,0.0364854577310556,259.67999267578125,0.592350943008552,2.8876712328767122,66.4230111366247,66.51724061838156
AMD,2028-12-15,490,Call,0,0,58.63,2,10,0.0364854577310556,259.67999267578125,0.592350943008552,2.8876712328767122,60.60123075107454,60.53476210076617
AMD,2028-12-15,500,Call,0,0,56.3,87,122,0.0364854577310556,259.67999267578125,0.592350943008552,2.8876712328767122,59.25760337513867,59.3120066578889
