This is LuaHBTeX, Version 1.24.0 (TeX Live 2026/Arch Linux)  (format=lualatex 2026.5.31)  12 AUG 2026 00:43
 restricted system commands enabled.
**bakalarka2.tex
(./bakalarka2.tex
LaTeX2e <2025-11-01>
L3 programming layer <2026-01-19>
Lua module: luaotfload 2024-12-03 v3.29 Lua based OpenType font support
Lua module: lualibs 2023-07-13 v2.76 ConTeXt Lua standard libraries.
Lua module: lualibs-extended 2023-07-13 v2.76 ConTeXt Lua libraries -- extended 
collection.
luaotfload | conf : Root cache directory is "/home/matej/.texlive/texmf-var/luat
ex-cache/generic/names".
luaotfload | init : Loading fontloader "fontloader-2023-12-28.lua" from kpse-res
olved path "/usr/share/texmf-dist/tex/luatex/luaotfload/fontloader-2023-12-28.lu
a".
Lua-only attribute luaotfload@noligature = 1
luaotfload | init : Context OpenType loader version 3.134
Inserting `luaotfload.node_processor' in `pre_linebreak_filter'.
Inserting `luaotfload.node_processor' in `hpack_filter'.
Inserting `luaotfload.glyph_stream' in `glyph_stream_provider'.
Inserting `luaotfload.define_font' in `define_font'.
Lua-only attribute luaotfload_color_attribute = 2
luaotfload | conf : Root cache directory is "/home/matej/.texlive/texmf-var/luat
ex-cache/generic/names".
Inserting `luaotfload.harf.strip_prefix' in `find_opentype_file'.
Inserting `luaotfload.harf.strip_prefix' in `find_truetype_file'.
Removing  `luaotfload.glyph_stream' from `glyph_stream_provider'.
Inserting `luaotfload.harf.glyphstream' in `glyph_stream_provider'.
Inserting `luaotfload.harf.finalize_vlist' in `post_linebreak_filter'.
Inserting `luaotfload.harf.finalize_hlist' in `hpack_filter'.
Inserting `luaotfload.cleanup_files' in `wrapup_run'.
Inserting `luaotfload.harf.finalize_unicode' in `finish_pdffile'.
Inserting `luaotfload.glyphinfo' in `glyph_info'.
Lua-only attribute luaotfload.letterspace_done = 3
Inserting `luaotfload.aux.set_sscale_dimens' in `luaotfload.patch_font'.
Inserting `luaotfload.aux.set_font_index' in `luaotfload.patch_font'.
Inserting `luaotfload.aux.patch_cambria_domh' in `luaotfload.patch_font'.
Inserting `luaotfload.aux.fixup_fontdata' in `luaotfload.patch_font_unsafe'.
Inserting `luaotfload.aux.set_capheight' in `luaotfload.patch_font'.
Inserting `luaotfload.aux.set_xheight' in `luaotfload.patch_font'.
Inserting `luaotfload.rewrite_fontname' in `luaotfload.patch_font'.
Inserting `tracingstacklevels' in `input_level_string'. (./kitheses.cls
Document Class: kitheses 2021/11/19 Thesis of KI UJEP
(/usr/share/texmf-dist/tex/latex/base/ifthen.sty
Package: ifthen 2024/03/16 v1.1e Standard LaTeX ifthen package (DPC)
)
(/usr/share/texmf-dist/tex/generic/iftex/iftex.sty
Package: iftex 2024/12/12 v1.0g TeX engine tests
)
(/usr/share/texmf-dist/tex/latex/geometry/geometry.sty
Package: geometry 2020/01/02 v5.9 Page Geometry

(/usr/share/texmf-dist/tex/latex/graphics/keyval.sty
Package: keyval 2022/05/29 v1.15 key=value parser (DPC)
\KV@toks@=\toks17
)
(/usr/share/texmf-dist/tex/generic/iftex/ifvtex.sty
Package: ifvtex 2019/10/25 v1.7 ifvtex legacy package. Use iftex instead.
)
\Gm@cnth=\count273
\Gm@cntv=\count274
\c@Gm@tempcnt=\count275
\Gm@bindingoffset=\dimen147
\Gm@wd@mp=\dimen148
\Gm@odd@mp=\dimen149
\Gm@even@mp=\dimen150
\Gm@layoutwidth=\dimen151
\Gm@layoutheight=\dimen152
\Gm@layouthoffset=\dimen153
\Gm@layoutvoffset=\dimen154
\Gm@dimlist=\toks18
)
(/usr/share/texmf-dist/tex/latex/fancyhdr/fancyhdr.sty
Package: fancyhdr 2025/02/07 v5.2 Extensive control of page headers and footers

\f@nch@headwidth=\skip49
\f@nch@offset@elh=\skip50
\f@nch@offset@erh=\skip51
\f@nch@offset@olh=\skip52
\f@nch@offset@orh=\skip53
\f@nch@offset@elf=\skip54
\f@nch@offset@erf=\skip55
\f@nch@offset@olf=\skip56
\f@nch@offset@orf=\skip57
\f@nch@height=\skip58
\f@nch@footalignment=\skip59
\f@nch@widthL=\skip60
\f@nch@widthC=\skip61
\f@nch@widthR=\skip62
\@temptokenb=\toks19
)
(/usr/share/texmf-dist/tex/latex/setspace/setspace.sty
Package: setspace 2022/12/04 v6.7b set line spacing
)
(/usr/share/texmf-dist/tex/latex/koma-script/scrbook.cls
Document Class: scrbook 2026/02/02 v3.49.2 KOMA-Script document class (book)
(/usr/share/texmf-dist/tex/latex/koma-script/scrkbase.sty
Package: scrkbase 2026/02/02 v3.49.2 KOMA-Script package (KOMA-Script-dependent
 basics and keyval usage)

(/usr/share/texmf-dist/tex/latex/koma-script/scrbase.sty
Package: scrbase 2026/02/02 v3.49.2 KOMA-Script package (KOMA-Script-independen
t basics and keyval usage)

(/usr/share/texmf-dist/tex/latex/koma-script/scrlfile.sty
Package: scrlfile 2026/02/02 v3.49.2 KOMA-Script package (file load hooks)

(/usr/share/texmf-dist/tex/latex/koma-script/scrlfile-hook.sty
Package: scrlfile-hook 2026/02/02 v3.49.2 KOMA-Script package (using LaTeX hook
s)

(/usr/share/texmf-dist/tex/latex/koma-script/scrlogo.sty
Package: scrlogo 2026/02/02 v3.49.2 KOMA-Script package (logo)
)))
Applying: [2021/05/01] Usage of raw or classic option list on input line 254.
Already applied: [0000/00/00] Usage of raw or classic option list on input line
 370.
))
(/usr/share/texmf-dist/tex/latex/koma-script/tocbasic.sty
Package: tocbasic 2026/02/02 v3.49.2 KOMA-Script package (handling toc-files)
\scr@dte@tocline@numberwidth=\skip63
\scr@dte@tocline@numbox=\box53
)
Package tocbasic Info: omitting babel extension for `toc'
(tocbasic)             because of feature `nobabel' available
(tocbasic)             for `toc' on input line 143.
Package scrbook Info: You've used standard option `12pt'.
(scrbook)             This is correct!
(scrbook)             Internally I'm using `fontsize=12pt'.
(scrbook)             If you'd like to set the option with \KOMAoptions,
(scrbook)             you'd have to use `fontsize=12pt' there
(scrbook)             instead of `12pt', too.
Class scrbook Info: File `scrsize12pt.clo' used to setup font sizes on input li
ne 2713.

(/usr/share/texmf-dist/tex/latex/koma-script/scrsize12pt.clo
File: scrsize12pt.clo 2026/02/02 v3.49.2 KOMA-Script font size class option (12
pt)
luaotfload | db : Font names database loaded from /home/matej/.texlive/texmf-var
/luatex-cache/generic/names/luaotfload-names.luc.gz)
(/usr/share/texmf-dist/tex/latex/koma-script/typearea.sty
Package: typearea 2026/02/02 v3.49.2 KOMA-Script package (type area)
\ta@bcor=\skip64
\ta@div=\count276
\ta@hblk=\skip65
\ta@vblk=\skip66
\ta@temp=\skip67
\footheight=\skip68
Package typearea Info: These are the values describing the layout:
(typearea)             DIV  = 12
(typearea)             BCOR = 0.0pt
(typearea)             \paperwidth      = 597.50793pt
(typearea)              \textwidth      = 448.13095pt
(typearea)              DIV departure   = -6%
(typearea)              \evensidemargin = 27.31467pt
(typearea)              \oddsidemargin  = -22.47766pt
(typearea)             \paperheight     = 845.04694pt
(typearea)              \textheight     = 635.5pt
(typearea)              \topmargin      = -41.72441pt
(typearea)              \headheight     = 18.125pt
(typearea)              \headsep        = 21.75pt
(typearea)              \topskip        = 12.0pt
(typearea)              \footskip       = 50.75pt
(typearea)              \baselineskip   = 14.5pt
(typearea)              on input line 1810.
)
\c_scrbook_cmdhook_cctab=\catcodetable14
\c@part=\count277
\c@chapter=\count278
\c@section=\count279
\c@subsection=\count280
\c@subsubsection=\count281
\c@paragraph=\count282
\c@subparagraph=\count283
\scr@dte@chapter@maxnumwidth=\skip69
Class scrbook Info: using compatibility default `afterindent=bysign'
(scrbook)           for `\chapter on input line 5945.
\scr@dte@section@maxnumwidth=\skip70
Class scrbook Info: using compatibility default `runin=bysign'
(scrbook)           for `\section on input line 5956.
Class scrbook Info: using compatibility default `afterindent=bysign'
(scrbook)           for `\section on input line 5956.
\scr@dte@part@maxnumwidth=\skip71
Class scrbook Info: using compatibility default `afterindent=true'
(scrbook)           for `\part on input line 5965.
\scr@dte@subsection@maxnumwidth=\skip72
Class scrbook Info: using compatibility default `runin=bysign'
(scrbook)           for `\subsection on input line 5975.
Class scrbook Info: using compatibility default `afterindent=bysign'
(scrbook)           for `\subsection on input line 5975.
\scr@dte@subsubsection@maxnumwidth=\skip73
Class scrbook Info: using compatibility default `runin=bysign'
(scrbook)           for `\subsubsection on input line 5985.
Class scrbook Info: using compatibility default `afterindent=bysign'
(scrbook)           for `\subsubsection on input line 5985.
\scr@dte@paragraph@maxnumwidth=\skip74
Class scrbook Info: using compatibility default `runin=bysign'
(scrbook)           for `\paragraph on input line 5996.
Class scrbook Info: using compatibility default `afterindent=bysign'
(scrbook)           for `\paragraph on input line 5996.
\scr@dte@subparagraph@maxnumwidth=\skip75
Class scrbook Info: using compatibility default `runin=bysign'
(scrbook)           for `\subparagraph on input line 6006.
Class scrbook Info: using compatibility default `afterindent=bysign'
(scrbook)           for `\subparagraph on input line 6006.
\abovecaptionskip=\skip76
\belowcaptionskip=\skip77
\c@pti@nb@sid@b@x=\box54
Package tocbasic Info: omitting babel extension for `lof'
(tocbasic)             because of feature `nobabel' available
(tocbasic)             for `lof' on input line 7242.
\scr@dte@figure@maxnumwidth=\skip78
\c@figure=\count284
Package tocbasic Info: omitting babel extension for `lot'
(tocbasic)             because of feature `nobabel' available
(tocbasic)             for `lot' on input line 7255.
\scr@dte@table@maxnumwidth=\skip79
\c@table=\count285
Class scrbook Info: Redefining `\numberline' on input line 7426.
\bibindent=\dimen155
)
(/usr/share/texmf-dist/tex/latex/polyglossia/polyglossia.sty
Package: polyglossia 2025/12/01 v2.9 Modern multilingual typesetting with XeLaT
eX and LuaLaTeX

(/usr/share/texmf-dist/tex/latex/etoolbox/etoolbox.sty
Package: etoolbox 2025/10/02 v2.5m e-TeX tools for LaTeX (JAW)
\etb@tempcnta=\count286
)
(/usr/share/texmf-dist/tex/latex/fontspec/fontspec.sty
(/usr/share/texmf-dist/tex/latex/l3packages/xparse/xparse.sty
(/usr/share/texmf-dist/tex/latex/l3kernel/expl3.sty
Package: expl3 2026-01-19 L3 programming layer (loader) 

(/usr/share/texmf-dist/tex/latex/l3backend/l3backend-luatex.def
File: l3backend-luatex.def 2025-10-09 L3 backend support: PDF output (LuaTeX)
\l__color_backend_stack_int=\count287
Inserting `l3color' in `luaotfload.parse_color'.))
Package: xparse 2025-10-09 L3 Experimental document command parser
)
Package: fontspec 2025/09/29 v2.9g Font selection for XeLaTeX and LuaLaTeX
Lua module: fontspec 2025/09/29 v2.9g Font selection for XeLaTeX and LuaLaTeX
(/usr/share/texmf-dist/tex/latex/fontspec/fontspec-luatex.sty
Package: fontspec-luatex 2025/09/29 v2.9g Font selection for XeLaTeX and LuaLaT
eX
\l__fontspec_script_int=\count288
\l__fontspec_language_int=\count289
\l__fontspec_strnum_int=\count290
\l__fontspec_tmp_int=\count291
\l__fontspec_tmpa_int=\count292
\l__fontspec_tmpb_int=\count293
\l__fontspec_tmpc_int=\count294
\l__fontspec_em_int=\count295
\l__fontspec_emdef_int=\count296
\l__fontspec_strong_int=\count297
\l__fontspec_strongdef_int=\count298
\l__fontspec_tmpa_dim=\dimen156
\l__fontspec_tmpb_dim=\dimen157
\l__fontspec_tmpc_dim=\dimen158

(/usr/share/texmf-dist/tex/latex/base/fontenc.sty
Package: fontenc 2025/07/18 v2.1d Standard LaTeX package
)
(/usr/share/texmf-dist/tex/latex/fontspec/fontspec.cfg)))
Lua module: polyglossia 2013/05/11 v1.3 Polyglossia
\l_xpg_alias_keyvals_int=\count299

(/usr/share/texmf-dist/tex/latex/polyglossia/gloss-latex.ldf
File: gloss-latex.ldf polyglossia: module for default language
)

Package polyglossia Info: Setting LuaTeX font renderer to Harfbuzz

)
(/usr/share/texmf-dist/tex/latex/polyglossia/gloss-czech.ldf
File: gloss-czech.ldf polyglossia: module for Czech

Module polyglossia Warning: Language czech not found in language.dat.lua on inpu
t line 14
Module polyglossia Warning: Language czech not found in language.dat.lua on inpu
t line 14

Package polyglossia Warning: No hyphenation patterns were loaded for `czech'
(polyglossia)                I will use \language=\l@nohyphenation instead.

\l@czech = a dialect from \language\l@nohyphenation 
(/usr/share/texmf-dist/tex/luatex/luavlna/luavlna.sty
Package: luavlna 2025-10-29 luavlna

(/usr/share/texmf-dist/tex/latex/kvoptions/kvoptions.sty
Package: kvoptions 2022-06-15 v3.15 Key value format for package options (HO)

(/usr/share/texmf-dist/tex/generic/ltxcmds/ltxcmds.sty
Package: ltxcmds 2023-12-04 v1.26 LaTeX kernel commands for general use (HO)
)
(/usr/share/texmf-dist/tex/latex/kvsetkeys/kvsetkeys.sty
Package: kvsetkeys 2022-10-05 v1.19 Key value parser (HO)
))
(/usr/share/texmf-dist/tex/luatex/luavlna/luavlna.tex
Inserting `LuaVlna' in `pre_linebreak_filter'.
Inserting `allow hyphen breaks' in `hyphenate'.))
(/usr/share/texmf-dist/tex/latex/polyglossia/babelsh.def
File: babelsh.def 2022/06/21 Babel common definitions for shorthands
 Taken verbatim from babel files (2022/06/06 v3.76)
)
Package babel Info: Making " an active character on input line 43.
)

Package polyglossia Info: Default language is czech


(/usr/share/texmf-dist/tex/latex/polyglossia/gloss-english.ldf
File: gloss-english.ldf polyglossia: module for English
))
(/usr/share/texmf-dist/tex/latex/booktabs/booktabs.sty
Package: booktabs 2020/01/12 v1.61803398 Publication quality tables
\heavyrulewidth=\dimen159
\lightrulewidth=\dimen160
\cmidrulewidth=\dimen161
\belowrulesep=\dimen162
\belowbottomsep=\dimen163
\aboverulesep=\dimen164
\abovetopsep=\dimen165
\cmidrulesep=\dimen166
\cmidrulekern=\dimen167
\defaultaddspace=\dimen168
\@cmidla=\count300
\@cmidlb=\count301
\@aboverulesep=\dimen169
\@belowrulesep=\dimen170
\@thisruleclass=\count302
\@lastruleclass=\count303
\@thisrulewidth=\dimen171
)
(/usr/share/texmf-dist/tex/latex/float/float.sty
Package: float 2001/11/08 v1.3d Float enhancements (AL)
\c@float@type=\count304
\float@exts=\toks20
\float@box=\box55
\@float@everytoks=\toks21
\@floatcapt=\box56
)
(/usr/share/texmf-dist/tex/latex/tablefootnote/tablefootnote.sty
Package: tablefootnote 2014/01/26 v1.1c Table foot notes (HMM)

(/usr/share/texmf-dist/tex/latex/letltxmacro/letltxmacro.sty
Package: letltxmacro 2019/12/03 v1.6 Let assignment for LaTeX macros (HO)
)
(/usr/share/texmf-dist/tex/latex/xifthen/xifthen.sty
Package: xifthen 2015/11/05 v1.4.0 Extended ifthen features

(/usr/share/texmf-dist/tex/latex/tools/calc.sty
Package: calc 2025/03/01 v4.3b Infix arithmetic (KKT,FJ)
\calc@Acount=\count305
\calc@Bcount=\count306
\calc@Adimen=\dimen172
\calc@Bdimen=\dimen173
\calc@Askip=\skip80
\calc@Bskip=\skip81
LaTeX Info: Redefining \setlength on input line 86.
LaTeX Info: Redefining \addtolength on input line 87.
\calc@Ccount=\count307
\calc@Cskip=\skip82
)
(/usr/share/texmf-dist/tex/latex/ifmtarg/ifmtarg.sty
Package: ifmtarg 2018/04/16 v1.2b check for an empty argument
)))
(/usr/share/texmf-dist/tex/latex/multirow/multirow.sty
Package: multirow 2024/11/12 v2.9 Span multiple rows of a table
\multirow@colwidth=\skip83
\multirow@cntb=\count308
\multirow@dima=\skip84
\bigstrutjot=\dimen174
)
(/usr/share/texmf-dist/tex/latex/amsmath/amsmath.sty
Package: amsmath 2025/07/09 v2.17z AMS math features
\@mathmargin=\skip85

For additional information on amsmath, use the `?' option.
(/usr/share/texmf-dist/tex/latex/amsmath/amstext.sty
Package: amstext 2024/11/17 v2.01 AMS text

(/usr/share/texmf-dist/tex/latex/amsmath/amsgen.sty
File: amsgen.sty 1999/11/30 v2.0 generic functions
\@emptytoks=\toks22
\ex@=\dimen175
))
(/usr/share/texmf-dist/tex/latex/amsmath/amsbsy.sty
Package: amsbsy 1999/11/29 v1.2d Bold Symbols
\pmbraise@=\dimen176
)
(/usr/share/texmf-dist/tex/latex/amsmath/amsopn.sty
Package: amsopn 2022/04/08 v2.04 operator names
)
\inf@bad=\count309
LaTeX Info: Redefining \frac on input line 235.
\uproot@=\count310
\leftroot@=\count311
LaTeX Info: Redefining \overline on input line 398.
LaTeX Info: Redefining \colon on input line 409.
\classnum@=\count312
\DOTSCASE@=\count313
LaTeX Info: Redefining \ldots on input line 495.
LaTeX Info: Redefining \dots on input line 498.
LaTeX Info: Redefining \cdots on input line 619.
\Mathstrutbox@=\box57
\strutbox@=\box58
LaTeX Info: Redefining \big on input line 721.
LaTeX Info: Redefining \Big on input line 722.
LaTeX Info: Redefining \bigg on input line 723.
LaTeX Info: Redefining \Bigg on input line 724.
\big@size=\dimen177
LaTeX Font Info:    Redeclaring font encoding OML on input line 742.
LaTeX Font Info:    Redeclaring font encoding OMS on input line 743.
\macc@depth=\count314
LaTeX Info: Redefining \bmod on input line 904.
LaTeX Info: Redefining \pmod on input line 909.
LaTeX Info: Redefining \smash on input line 939.
LaTeX Info: Redefining \relbar on input line 969.
LaTeX Info: Redefining \Relbar on input line 970.
\c@MaxMatrixCols=\count315
\dotsspace@=\muskip17
\c@parentequation=\count316
\dspbrk@lvl=\count317
\tag@help=\toks23
\row@=\count318
\column@=\count319
\maxfields@=\count320
\andhelp@=\toks24
\eqnshift@=\dimen178
\alignsep@=\dimen179
\tagshift@=\dimen180
\tagwidth@=\dimen181
\totwidth@=\dimen182
\lineht@=\dimen183
\@envbody=\toks25
\multlinegap=\skip86
\multlinetaggap=\skip87
\mathdisplay@stack=\toks26
LaTeX Info: Redefining \[ on input line 2950.
LaTeX Info: Redefining \] on input line 2951.
)
(/usr/share/texmf-dist/tex/latex/amsfonts/amssymb.sty
Package: amssymb 2013/01/14 v3.01 AMS font symbols

(/usr/share/texmf-dist/tex/latex/amsfonts/amsfonts.sty
Package: amsfonts 2013/01/14 v3.01 Basic AMSFonts support
\symAMSa=\mathgroup4
\symAMSb=\mathgroup5
LaTeX Font Info:    Redeclaring math symbol \hbar on input line 98.
LaTeX Font Info:    Overwriting math alphabet `\mathfrak' in version `bold'
(Font)                  U/euf/m/n --> U/euf/b/n on input line 106.
))
(/usr/share/texmf-dist/tex/latex/graphics/graphics.sty
Package: graphics 2024/08/06 v1.4g Standard LaTeX Graphics (DPC,SPQR)

(/usr/share/texmf-dist/tex/latex/graphics/trig.sty
Package: trig 2023/12/02 v1.11 sin cos tan (DPC)
)
(/usr/share/texmf-dist/tex/latex/graphics-cfg/graphics.cfg
File: graphics.cfg 2016/06/04 v1.11 sample graphics configuration
)
Package graphics Info: Driver file: luatex.def on input line 106.

(/usr/share/texmf-dist/tex/latex/graphics-def/luatex.def
File: luatex.def 2025/09/29 v1.2f Graphics/color driver for luatex
))
(/usr/share/texmf-dist/tex/latex/graphics/color.sty
Package: color 2025/01/14 v1.3e Standard LaTeX Color (DPC)

(/usr/share/texmf-dist/tex/latex/graphics-cfg/color.cfg
File: color.cfg 2016/01/02 v1.6 sample color configuration
)
Package color Info: Driver file: luatex.def on input line 149.

(/usr/share/texmf-dist/tex/latex/graphics/mathcolor.ltx))
(/usr/share/texmf-dist/tex/latex/tools/array.sty
Package: array 2025/09/25 v2.6n Tabular extension package (FMi)
\col@sep=\dimen184
\ar@mcellbox=\box59
\extrarowheight=\dimen185
\NC@list=\toks27
\extratabsurround=\skip88
\backup@length=\skip89
\ar@cellbox=\box60
)
(/usr/share/texmf-dist/tex/latex/tools/longtable.sty
Package: longtable 2025-10-13 v4.24 Multi-page Table package (DPC)
\LTleft=\skip90
\LTright=\skip91
\LTpre=\skip92
\LTpost=\skip93
\LTchunksize=\count321
\LTcapwidth=\dimen186
\LT@head=\box61
\LT@firsthead=\box62
\LT@foot=\box63
\LT@lastfoot=\box64
\LT@gbox=\box65
\LT@cols=\count322
\LT@rows=\count323
\c@LT@tables=\count324
\c@LT@chunks=\count325
\LT@p@ftn=\toks28
)
Class scrbook Info: longtable captions redefined on input line 23.

(/usr/share/texmf-dist/tex/latex/tools/afterpage.sty
Package: afterpage 2023/07/04 v1.08 After-Page Package (DPC)
\AP@output=\toks29
\AP@partial=\box66
\AP@footins=\box67
)
(/usr/share/texmf-dist/tex/latex/microtype/microtype.sty
Package: microtype 2026/03/01 v3.2d Micro-typographical refinements (RS)
\MT@toks=\toks30
\MT@tempbox=\box68
\MT@count=\count326
LaTeX Info: Redefining \noprotrusionifhmode on input line 1084.
LaTeX Info: Redefining \leftprotrusion on input line 1085.
\MT@prot@toks=\toks31
LaTeX Info: Redefining \rightprotrusion on input line 1104.
LaTeX Info: Redefining \textls on input line 1449.
\MT@outer@kern=\dimen187
LaTeX Info: Redefining \microtypecontext on input line 2053.
LaTeX Info: Redefining \textmicrotypecontext on input line 2070.
\MT@listname@count=\count327

(/usr/share/texmf-dist/tex/latex/microtype/microtype-luatex.def
File: microtype-luatex.def 2026/03/01 v3.2d Definitions specific to luatex (RS)

Lua module: microtype 2026/03/01 v3.2d microtype module.
Module microtype Info: overwriting function `keepligature' on input line 63
LaTeX Info: Redefining \lsstyle on input line 779.
LaTeX Info: Redefining \lslig on input line 779.
\MT@outer@space=\skip94
)
Package microtype Info: Loading configuration file microtype.cfg.

(/usr/share/texmf-dist/tex/latex/microtype/microtype.cfg
File: microtype.cfg 2026/03/01 v3.2d microtype main configuration file (RS)
)
LaTeX Info: Redefining \microtypesetup on input line 3065.
)
(/home/matej/texmf/tex/latex/tikzit/tikzit.sty
(/usr/share/texmf-dist/tex/latex/pgf/frontendlayer/tikz.sty
(/usr/share/texmf-dist/tex/latex/pgf/basiclayer/pgf.sty
(/usr/share/texmf-dist/tex/latex/pgf/utilities/pgfrcs.sty
(/usr/share/texmf-dist/tex/generic/pgf/utilities/pgfutil-common.tex
\pgfutil@everybye=\toks32
\pgfutil@tempdima=\dimen188
\pgfutil@tempdimb=\dimen189
)
(/usr/share/texmf-dist/tex/generic/pgf/utilities/pgfutil-latex.def
\pgfutil@abb=\box69
)
(/usr/share/texmf-dist/tex/generic/pgf/utilities/pgfrcs.code.tex
(/usr/share/texmf-dist/tex/generic/pgf/pgf.revision.tex)
Package: pgfrcs 2025-08-29 v3.1.11a (3.1.11a)
))
Package: pgf 2025-08-29 v3.1.11a (3.1.11a)

(/usr/share/texmf-dist/tex/latex/pgf/basiclayer/pgfcore.sty
(/usr/share/texmf-dist/tex/latex/graphics/graphicx.sty
Package: graphicx 2024/12/31 v1.2e Enhanced LaTeX Graphics (DPC,SPQR)
\Gin@req@height=\dimen190
\Gin@req@width=\dimen191
)
(/usr/share/texmf-dist/tex/latex/pgf/systemlayer/pgfsys.sty
(/usr/share/texmf-dist/tex/generic/pgf/systemlayer/pgfsys.code.tex
Package: pgfsys 2025-08-29 v3.1.11a (3.1.11a)

(/usr/share/texmf-dist/tex/generic/pgf/utilities/pgfkeys.code.tex
\pgfkeys@pathtoks=\toks33
\pgfkeys@temptoks=\toks34

(/usr/share/texmf-dist/tex/generic/pgf/utilities/pgfkeyslibraryfiltered.code.te
x
\pgfkeys@tmptoks=\toks35
))
\pgf@x=\dimen192
\pgf@y=\dimen193
\pgf@xa=\dimen194
\pgf@ya=\dimen195
\pgf@xb=\dimen196
\pgf@yb=\dimen197
\pgf@xc=\dimen198
\pgf@yc=\dimen199
\pgf@xd=\dimen256
\pgf@yd=\dimen257
\w@pgf@writea=\write3
\r@pgf@reada=\read2
\c@pgf@counta=\count328
\c@pgf@countb=\count329
\c@pgf@countc=\count330
\c@pgf@countd=\count331
\t@pgf@toka=\toks36
\t@pgf@tokb=\toks37
\t@pgf@tokc=\toks38
\pgf@sys@id@count=\count332
 (/usr/share/texmf-dist/tex/generic/pgf/systemlayer/pgf.cfg
File: pgf.cfg 2025-08-29 v3.1.11a (3.1.11a)
)
Driver file for pgf: pgfsys-luatex.def

(/usr/share/texmf-dist/tex/generic/pgf/systemlayer/pgfsys-luatex.def
File: pgfsys-luatex.def 2025-08-29 v3.1.11a (3.1.11a)

(/usr/share/texmf-dist/tex/generic/pgf/systemlayer/pgfsys-common-pdf.def
File: pgfsys-common-pdf.def 2025-08-29 v3.1.11a (3.1.11a)
)))
(/usr/share/texmf-dist/tex/generic/pgf/systemlayer/pgfsyssoftpath.code.tex
File: pgfsyssoftpath.code.tex 2025-08-29 v3.1.11a (3.1.11a)
\pgfsyssoftpath@smallbuffer@items=\count333
\pgfsyssoftpath@bigbuffer@items=\count334
)
(/usr/share/texmf-dist/tex/generic/pgf/systemlayer/pgfsysprotocol.code.tex
File: pgfsysprotocol.code.tex 2025-08-29 v3.1.11a (3.1.11a)
))
(/usr/share/texmf-dist/tex/latex/xcolor/xcolor.sty
Package: xcolor 2024/09/29 v3.02 LaTeX color extensions (UK)

(/usr/share/texmf-dist/tex/latex/graphics-cfg/color.cfg
File: color.cfg 2016/01/02 v1.6 sample color configuration
)
Package xcolor Info: Driver file: luatex.def on input line 274.
LaTeX Info: Redefining \color on input line 762.

(/usr/share/texmf-dist/tex/latex/graphics/mathcolor.ltx)
Package xcolor Info: Model `cmy' substituted by `cmy0' on input line 1349.
Package xcolor Info: Model `hsb' substituted by `rgb' on input line 1353.
Package xcolor Info: Model `RGB' extended on input line 1365.
Package xcolor Info: Model `HTML' substituted by `rgb' on input line 1367.
Package xcolor Info: Model `Hsb' substituted by `hsb' on input line 1368.
Package xcolor Info: Model `tHsb' substituted by `hsb' on input line 1369.
Package xcolor Info: Model `HSB' substituted by `hsb' on input line 1370.
Package xcolor Info: Model `Gray' substituted by `gray' on input line 1371.
Package xcolor Info: Model `wave' substituted by `hsb' on input line 1372.
)
(/usr/share/texmf-dist/tex/generic/pgf/basiclayer/pgfcore.code.tex
Package: pgfcore 2025-08-29 v3.1.11a (3.1.11a)

(/usr/share/texmf-dist/tex/generic/pgf/math/pgfmath.code.tex
(/usr/share/texmf-dist/tex/generic/pgf/math/pgfmathutil.code.tex)
(/usr/share/texmf-dist/tex/generic/pgf/math/pgfmathparser.code.tex
\pgfmath@dimen=\dimen258
\pgfmath@count=\count335
\pgfmath@box=\box70
\pgfmath@toks=\toks39
\pgfmath@stack@operand=\toks40
\pgfmath@stack@operation=\toks41
)
(/usr/share/texmf-dist/tex/generic/pgf/math/pgfmathfunctions.code.tex)
(/usr/share/texmf-dist/tex/generic/pgf/math/pgfmathfunctions.basic.code.tex)
(/usr/share/texmf-dist/tex/generic/pgf/math/pgfmathfunctions.trigonometric.code
.tex)
(/usr/share/texmf-dist/tex/generic/pgf/math/pgfmathfunctions.random.code.tex)
(/usr/share/texmf-dist/tex/generic/pgf/math/pgfmathfunctions.comparison.code.te
x) (/usr/share/texmf-dist/tex/generic/pgf/math/pgfmathfunctions.base.code.tex)
(/usr/share/texmf-dist/tex/generic/pgf/math/pgfmathfunctions.round.code.tex)
(/usr/share/texmf-dist/tex/generic/pgf/math/pgfmathfunctions.misc.code.tex)
(/usr/share/texmf-dist/tex/generic/pgf/math/pgfmathfunctions.integerarithmetics
.code.tex) (/usr/share/texmf-dist/tex/generic/pgf/math/pgfmathcalc.code.tex)
(/usr/share/texmf-dist/tex/generic/pgf/math/pgfmathfloat.code.tex
\c@pgfmathroundto@lastzeros=\count336
))
(/usr/share/texmf-dist/tex/generic/pgf/math/pgfint.code.tex)
(/usr/share/texmf-dist/tex/generic/pgf/basiclayer/pgfcorepoints.code.tex
File: pgfcorepoints.code.tex 2025-08-29 v3.1.11a (3.1.11a)
\pgf@picminx=\dimen259
\pgf@picmaxx=\dimen260
\pgf@picminy=\dimen261
\pgf@picmaxy=\dimen262
\pgf@pathminx=\dimen263
\pgf@pathmaxx=\dimen264
\pgf@pathminy=\dimen265
\pgf@pathmaxy=\dimen266
\pgf@xx=\dimen267
\pgf@xy=\dimen268
\pgf@yx=\dimen269
\pgf@yy=\dimen270
\pgf@zx=\dimen271
\pgf@zy=\dimen272
)
(/usr/share/texmf-dist/tex/generic/pgf/basiclayer/pgfcorepathconstruct.code.tex
File: pgfcorepathconstruct.code.tex 2025-08-29 v3.1.11a (3.1.11a)
\pgf@path@lastx=\dimen273
\pgf@path@lasty=\dimen274
) (/usr/share/texmf-dist/tex/generic/pgf/basiclayer/pgfcorepathusage.code.tex
File: pgfcorepathusage.code.tex 2025-08-29 v3.1.11a (3.1.11a)
\pgf@shorten@end@additional=\dimen275
\pgf@shorten@start@additional=\dimen276
)
(/usr/share/texmf-dist/tex/generic/pgf/basiclayer/pgfcorescopes.code.tex
File: pgfcorescopes.code.tex 2025-08-29 v3.1.11a (3.1.11a)
\pgfpic=\box71
\pgf@hbox=\box72
\pgf@layerbox@main=\box73
\pgf@picture@serial@count=\count337
)
(/usr/share/texmf-dist/tex/generic/pgf/basiclayer/pgfcoregraphicstate.code.tex
File: pgfcoregraphicstate.code.tex 2025-08-29 v3.1.11a (3.1.11a)
\pgflinewidth=\dimen277
)
(/usr/share/texmf-dist/tex/generic/pgf/basiclayer/pgfcoretransformations.code.t
ex
File: pgfcoretransformations.code.tex 2025-08-29 v3.1.11a (3.1.11a)
\pgf@pt@x=\dimen278
\pgf@pt@y=\dimen279
\pgf@pt@temp=\dimen280
) (/usr/share/texmf-dist/tex/generic/pgf/basiclayer/pgfcorequick.code.tex
File: pgfcorequick.code.tex 2025-08-29 v3.1.11a (3.1.11a)
)
(/usr/share/texmf-dist/tex/generic/pgf/basiclayer/pgfcoreobjects.code.tex
File: pgfcoreobjects.code.tex 2025-08-29 v3.1.11a (3.1.11a)
)
(/usr/share/texmf-dist/tex/generic/pgf/basiclayer/pgfcorepathprocessing.code.te
x
File: pgfcorepathprocessing.code.tex 2025-08-29 v3.1.11a (3.1.11a)
) (/usr/share/texmf-dist/tex/generic/pgf/basiclayer/pgfcorearrows.code.tex
File: pgfcorearrows.code.tex 2025-08-29 v3.1.11a (3.1.11a)
\pgfarrowsep=\dimen281
)
(/usr/share/texmf-dist/tex/generic/pgf/basiclayer/pgfcoreshade.code.tex
File: pgfcoreshade.code.tex 2025-08-29 v3.1.11a (3.1.11a)
\pgf@max=\dimen282
\pgf@sys@shading@range@num=\count338
\pgf@shadingcount=\count339
)
(/usr/share/texmf-dist/tex/generic/pgf/basiclayer/pgfcoreimage.code.tex
File: pgfcoreimage.code.tex 2025-08-29 v3.1.11a (3.1.11a)
)
(/usr/share/texmf-dist/tex/generic/pgf/basiclayer/pgfcoreexternal.code.tex
File: pgfcoreexternal.code.tex 2025-08-29 v3.1.11a (3.1.11a)
\pgfexternal@startupbox=\box74
)
(/usr/share/texmf-dist/tex/generic/pgf/basiclayer/pgfcorelayers.code.tex
File: pgfcorelayers.code.tex 2025-08-29 v3.1.11a (3.1.11a)
)
(/usr/share/texmf-dist/tex/generic/pgf/basiclayer/pgfcoretransparency.code.tex
File: pgfcoretransparency.code.tex 2025-08-29 v3.1.11a (3.1.11a)
) (/usr/share/texmf-dist/tex/generic/pgf/basiclayer/pgfcorepatterns.code.tex
File: pgfcorepatterns.code.tex 2025-08-29 v3.1.11a (3.1.11a)
)
(/usr/share/texmf-dist/tex/generic/pgf/basiclayer/pgfcorerdf.code.tex
File: pgfcorerdf.code.tex 2025-08-29 v3.1.11a (3.1.11a)
)))
(/usr/share/texmf-dist/tex/generic/pgf/modules/pgfmoduleshapes.code.tex
File: pgfmoduleshapes.code.tex 2025-08-29 v3.1.11a (3.1.11a)
\pgfnodeparttextbox=\box75
)
(/usr/share/texmf-dist/tex/generic/pgf/modules/pgfmoduleplot.code.tex
File: pgfmoduleplot.code.tex 2025-08-29 v3.1.11a (3.1.11a)
)
(/usr/share/texmf-dist/tex/latex/pgf/compatibility/pgfcomp-version-0-65.sty
Package: pgfcomp-version-0-65 2025-08-29 v3.1.11a (3.1.11a)
\pgf@nodesepstart=\dimen283
\pgf@nodesepend=\dimen284
)
(/usr/share/texmf-dist/tex/latex/pgf/compatibility/pgfcomp-version-1-18.sty
Package: pgfcomp-version-1-18 2025-08-29 v3.1.11a (3.1.11a)
))
(/usr/share/texmf-dist/tex/latex/pgf/utilities/pgffor.sty
(/usr/share/texmf-dist/tex/latex/pgf/utilities/pgfkeys.sty
(/usr/share/texmf-dist/tex/generic/pgf/utilities/pgfkeys.code.tex))
(/usr/share/texmf-dist/tex/latex/pgf/math/pgfmath.sty
(/usr/share/texmf-dist/tex/generic/pgf/math/pgfmath.code.tex))
(/usr/share/texmf-dist/tex/generic/pgf/utilities/pgffor.code.tex
Package: pgffor 2025-08-29 v3.1.11a (3.1.11a)
\pgffor@iter=\dimen285
\pgffor@skip=\dimen286
\pgffor@stack=\toks42
\pgffor@toks=\toks43
))
(/usr/share/texmf-dist/tex/generic/pgf/frontendlayer/tikz/tikz.code.tex
Package: tikz 2025-08-29 v3.1.11a (3.1.11a)

(/usr/share/texmf-dist/tex/generic/pgf/libraries/pgflibraryplothandlers.code.te
x
File: pgflibraryplothandlers.code.tex 2025-08-29 v3.1.11a (3.1.11a)
\pgf@plot@mark@count=\count340
\pgfplotmarksize=\dimen287
)
\tikz@lastx=\dimen288
\tikz@lasty=\dimen289
\tikz@lastxsaved=\dimen290
\tikz@lastysaved=\dimen291
\tikz@lastmovetox=\dimen292
\tikz@lastmovetoy=\dimen293
\tikzleveldistance=\dimen294
\tikzsiblingdistance=\dimen295
\tikz@figbox=\box76
\tikz@figbox@bg=\box77
\tikz@tempbox=\box78
\tikz@tempbox@bg=\box79
\tikztreelevel=\count341
\tikznumberofchildren=\count342
\tikznumberofcurrentchild=\count343
\tikz@fig@count=\count344
 (/usr/share/texmf-dist/tex/generic/pgf/modules/pgfmodulematrix.code.tex
File: pgfmodulematrix.code.tex 2025-08-29 v3.1.11a (3.1.11a)
\pgfmatrixcurrentrow=\count345
\pgfmatrixcurrentcolumn=\count346
\pgf@matrix@numberofcolumns=\count347
)
\tikz@expandcount=\count348

(/usr/share/texmf-dist/tex/generic/pgf/frontendlayer/tikz/libraries/tikzlibrary
topaths.code.tex
File: tikzlibrarytopaths.code.tex 2025-08-29 v3.1.11a (3.1.11a)
)))
(/usr/share/texmf-dist/tex/generic/pgf/frontendlayer/tikz/libraries/tikzlibrary
backgrounds.code.tex
File: tikzlibrarybackgrounds.code.tex 2025-08-29 v3.1.11a (3.1.11a)
\pgf@layerbox@background=\box80
\pgf@layerboxsaved@background=\box81
)
(/usr/share/texmf-dist/tex/generic/pgf/frontendlayer/tikz/libraries/tikzlibrary
arrows.code.tex
File: tikzlibraryarrows.code.tex 2025-08-29 v3.1.11a (3.1.11a)

(/usr/share/texmf-dist/tex/generic/pgf/libraries/pgflibraryarrows.code.tex
File: pgflibraryarrows.code.tex 2025-08-29 v3.1.11a (3.1.11a)
\arrowsize=\dimen296
))
(/usr/share/texmf-dist/tex/generic/pgf/frontendlayer/tikz/libraries/tikzlibrary
shapes.code.tex
File: tikzlibraryshapes.code.tex 2025-08-29 v3.1.11a (3.1.11a)

(/usr/share/texmf-dist/tex/generic/pgf/frontendlayer/tikz/libraries/tikzlibrary
shapes.geometric.code.tex
File: tikzlibraryshapes.geometric.code.tex 2025-08-29 v3.1.11a (3.1.11a)

(/usr/share/texmf-dist/tex/generic/pgf/libraries/shapes/pgflibraryshapes.geomet
ric.code.tex
File: pgflibraryshapes.geometric.code.tex 2025-08-29 v3.1.11a (3.1.11a)
))
(/usr/share/texmf-dist/tex/generic/pgf/frontendlayer/tikz/libraries/tikzlibrary
shapes.misc.code.tex
File: tikzlibraryshapes.misc.code.tex 2025-08-29 v3.1.11a (3.1.11a)

(/usr/share/texmf-dist/tex/generic/pgf/libraries/shapes/pgflibraryshapes.misc.c
ode.tex
File: pgflibraryshapes.misc.code.tex 2025-08-29 v3.1.11a (3.1.11a)
))
(/usr/share/texmf-dist/tex/generic/pgf/frontendlayer/tikz/libraries/tikzlibrary
shapes.symbols.code.tex
File: tikzlibraryshapes.symbols.code.tex 2025-08-29 v3.1.11a (3.1.11a)

(/usr/share/texmf-dist/tex/generic/pgf/libraries/shapes/pgflibraryshapes.symbol
s.code.tex
File: pgflibraryshapes.symbols.code.tex 2025-08-29 v3.1.11a (3.1.11a)
))
(/usr/share/texmf-dist/tex/generic/pgf/frontendlayer/tikz/libraries/tikzlibrary
shapes.arrows.code.tex
File: tikzlibraryshapes.arrows.code.tex 2025-08-29 v3.1.11a (3.1.11a)

(/usr/share/texmf-dist/tex/generic/pgf/libraries/shapes/pgflibraryshapes.arrows
.code.tex
File: pgflibraryshapes.arrows.code.tex 2025-08-29 v3.1.11a (3.1.11a)
))
(/usr/share/texmf-dist/tex/generic/pgf/frontendlayer/tikz/libraries/tikzlibrary
shapes.callouts.code.tex
(/usr/share/texmf-dist/tex/generic/pgf/libraries/shapes/pgflibraryshapes.callou
ts.code.tex))
(/usr/share/texmf-dist/tex/generic/pgf/frontendlayer/tikz/libraries/tikzlibrary
shapes.multipart.code.tex
File: tikzlibraryshapes.multipart.code.tex 2025-08-29 v3.1.11a (3.1.11a)

(/usr/share/texmf-dist/tex/generic/pgf/libraries/shapes/pgflibraryshapes.multip
art.code.tex
File: pgflibraryshapes.multipart.code.tex 2025-08-29 v3.1.11a (3.1.11a)
\pgfnodepartlowerbox=\box82
\pgfnodeparttwobox=\box83
\pgfnodepartthreebox=\box84
\pgfnodepartfourbox=\box85
\pgfnodeparttwentybox=\box86
\pgfnodepartnineteenbox=\box87
\pgfnodeparteighteenbox=\box88
\pgfnodepartseventeenbox=\box89
\pgfnodepartsixteenbox=\box90
\pgfnodepartfifteenbox=\box91
\pgfnodepartfourteenbox=\box92
\pgfnodepartthirteenbox=\box93
\pgfnodeparttwelvebox=\box94
\pgfnodepartelevenbox=\box95
\pgfnodeparttenbox=\box96
\pgfnodepartninebox=\box97
\pgfnodeparteightbox=\box98
\pgfnodepartsevenbox=\box99
\pgfnodepartsixbox=\box100
\pgfnodepartfivebox=\box101
)))
\pgf@layerbox@edgelayer=\box102
\pgf@layerboxsaved@edgelayer=\box103
\pgf@layerbox@nodelayer=\box104
\pgf@layerboxsaved@nodelayer=\box105
) (./TikzStuff/nodes.tikzstyles)
(/usr/share/texmf-dist/tex/latex/biblatex/biblatex.sty
Package: biblatex 2025/07/10 v3.21 programmable bibliographies (PK/MW)

(/usr/share/texmf-dist/tex/generic/pdftexcmds/pdftexcmds.sty
Package: pdftexcmds 2020-06-27 v0.33 Utility functions of pdfTeX for LuaTeX (HO
)

(/usr/share/texmf-dist/tex/generic/infwarerr/infwarerr.sty
Package: infwarerr 2019/12/03 v1.5 Providing info/warning/error messages (HO)
)
Package pdftexcmds Info: \pdf@primitive is available.
Package pdftexcmds Info: \pdf@ifprimitive is available.
Package pdftexcmds Info: \pdfdraftmode found.
\pdftexcmds@toks=\toks44
)
(/usr/share/texmf-dist/tex/latex/logreq/logreq.sty
Package: logreq 2010/08/04 v1.0 xml request logger
\lrq@indent=\count349

(/usr/share/texmf-dist/tex/latex/logreq/logreq.def
File: logreq.def 2010/08/04 v1.0 logreq spec v1.0
))
(/usr/share/texmf-dist/tex/latex/url/url.sty
\Urlmuskip=\muskip18
Package: url 2013/09/16  ver 3.4  Verb mode for urls, etc.
)
\c@tabx@nest=\count350
\c@listtotal=\count351
\c@listcount=\count352
\c@liststart=\count353
\c@liststop=\count354
\c@citecount=\count355
\c@citetotal=\count356
\c@multicitecount=\count357
\c@multicitetotal=\count358
\c@instcount=\count359
\c@maxnames=\count360
\c@minnames=\count361
\c@maxitems=\count362
\c@minitems=\count363
\c@citecounter=\count364
\c@maxcitecounter=\count365
\c@savedcitecounter=\count366
\c@uniquelist=\count367
\c@uniquename=\count368
\c@refsection=\count369
\c@refsegment=\count370
\c@maxextratitle=\count371
\c@maxextratitleyear=\count372
\c@maxextraname=\count373
\c@maxextradate=\count374
\c@maxextraalpha=\count375
\c@abbrvpenalty=\count376
\c@highnamepenalty=\count377
\c@lownamepenalty=\count378
\c@maxparens=\count379
\c@parenlevel=\count380
\blx@tempcnta=\count381
\blx@tempcntb=\count382
\blx@tempcntc=\count383
\c@blx@maxsection=\count384
\blx@maxsegment@0=\count385
\blx@notetype=\count386
\blx@parenlevel@text=\count387
\blx@parenlevel@foot=\count388
\blx@sectionciteorder@0=\count389
\blx@sectionciteorderinternal@0=\count390
\blx@entrysetcounter=\count391
\blx@biblioinstance=\count392
\labelnumberwidth=\skip95
\labelalphawidth=\skip96
\biblabelsep=\skip97
\bibitemsep=\skip98
\bibnamesep=\skip99
\bibinitsep=\skip100
\bibparsep=\skip101
\bibhang=\skip102
\blx@bcfin=\read3
\blx@bcfout=\write4
\blx@langwohyphens=\language2
\c@mincomprange=\count393
\c@maxcomprange=\count394
\c@mincompwidth=\count395
Package biblatex Info: Trying to load biblatex default data model...
Package biblatex Info: ... file 'blx-dm.def' found.

(/usr/share/texmf-dist/tex/latex/biblatex/blx-dm.def
File: blx-dm.def 2025/07/10 v3.21 biblatex datamodel (PK/MW)
)
Package biblatex Info: Trying to load biblatex style data model...
Package biblatex Info: ... file 'apa.dbx' found.

(/usr/share/texmf-dist/tex/latex/biblatex-apa/apa.dbx
File: apa.dbx 2025/08/27 v9.20 APA biblatex style data model
)
Package biblatex Info: Trying to load biblatex custom data model...
Package biblatex Info: ... file 'biblatex-dm.cfg' not found.
\c@afterword=\count396
\c@savedafterword=\count397
\c@annotator=\count398
\c@savedannotator=\count399
\c@author=\count400
\c@savedauthor=\count401
\c@bookauthor=\count402
\c@savedbookauthor=\count403
\c@commentator=\count404
\c@savedcommentator=\count405
\c@editor=\count406
\c@savededitor=\count407
\c@editora=\count408
\c@savededitora=\count409
\c@editorb=\count410
\c@savededitorb=\count411
\c@editorc=\count412
\c@savededitorc=\count413
\c@foreword=\count414
\c@savedforeword=\count415
\c@holder=\count416
\c@savedholder=\count417
\c@introduction=\count418
\c@savedintroduction=\count419
\c@namea=\count420
\c@savednamea=\count421
\c@nameb=\count422
\c@savednameb=\count423
\c@namec=\count424
\c@savednamec=\count425
\c@translator=\count426
\c@savedtranslator=\count427
\c@shortauthor=\count428
\c@savedshortauthor=\count429
\c@shorteditor=\count430
\c@savedshorteditor=\count431
\c@narrator=\count432
\c@savednarrator=\count433
\c@execproducer=\count434
\c@savedexecproducer=\count435
\c@execdirector=\count436
\c@savedexecdirector=\count437
\c@with=\count438
\c@savedwith=\count439
\c@labelname=\count440
\c@savedlabelname=\count441
\c@institution=\count442
\c@savedinstitution=\count443
\c@lista=\count444
\c@savedlista=\count445
\c@listb=\count446
\c@savedlistb=\count447
\c@listc=\count448
\c@savedlistc=\count449
\c@listd=\count450
\c@savedlistd=\count451
\c@liste=\count452
\c@savedliste=\count453
\c@listf=\count454
\c@savedlistf=\count455
\c@location=\count456
\c@savedlocation=\count457
\c@organization=\count458
\c@savedorganization=\count459
\c@origlocation=\count460
\c@savedoriglocation=\count461
\c@origpublisher=\count462
\c@savedorigpublisher=\count463
\c@publisher=\count464
\c@savedpublisher=\count465
\c@language=\count466
\c@savedlanguage=\count467
\c@origlanguage=\count468
\c@savedoriglanguage=\count469
\c@citation=\count470
\c@savedcitation=\count471
\c@pageref=\count472
\c@savedpageref=\count473
\shorthandwidth=\skip103
\shortjournalwidth=\skip104
\shortserieswidth=\skip105
\shorttitlewidth=\skip106
\shortauthorwidth=\skip107
\shorteditorwidth=\skip108
\locallabelnumberwidth=\skip109
\locallabelalphawidth=\skip110
\localshorthandwidth=\skip111
\localshortjournalwidth=\skip112
\localshortserieswidth=\skip113
\localshorttitlewidth=\skip114
\localshortauthorwidth=\skip115
\localshorteditorwidth=\skip116
Package biblatex Info: Trying to load enhanced support for Unicode engines...
Package biblatex Info: ... file 'blx-unicode.def' found.

(/usr/share/texmf-dist/tex/latex/biblatex/blx-unicode.def)
Package biblatex Info: Trying to load compatibility code...
Package biblatex Info: ... file 'blx-compat.def' found.

(/usr/share/texmf-dist/tex/latex/biblatex/blx-compat.def
File: blx-compat.def 2025/07/10 v3.21 biblatex compatibility (PK/MW)
)
Package biblatex Info: Trying to load generic definitions...
Package biblatex Info: ... file 'biblatex.def' found.

(/usr/share/texmf-dist/tex/latex/biblatex/biblatex.def
File: biblatex.def 2025/07/10 v3.21 biblatex compatibility (PK/MW)
\c@textcitecount=\count474
\c@textcitetotal=\count475
\c@textcitemaxnames=\count476
\c@biburlbigbreakpenalty=\count477
\c@biburlbreakpenalty=\count478
\c@biburlnumpenalty=\count479
\c@biburlucpenalty=\count480
\c@biburllcpenalty=\count481
\biburlbigskip=\muskip19
\biburlnumskip=\muskip20
\biburlucskip=\muskip21
\biburllcskip=\muskip22
\c@smartand=\count482
)
Package biblatex Info: Trying to load bibliography style 'apa'...
Package biblatex Info: ... file 'apa.bbx' found.

(/usr/share/texmf-dist/tex/latex/biblatex-apa/apa.bbx
File: apa.bbx 2025/08/27 v9.20 APA biblatex references style
Package biblatex Info: Trying to load bibliography style 'standard'...
Package biblatex Info: ... file 'standard.bbx' found.

(/usr/share/texmf-dist/tex/latex/biblatex/bbx/standard.bbx
File: standard.bbx 2025/07/10 v3.21 biblatex bibliography style (PK/MW)
\c@bbx:relatedcount=\count483
\c@bbx:relatedtotal=\count484
)
Package biblatex Info: Delimiter 'nameyeardelim' in context 'bib' already defin
ed, overwriting.
Package biblatex Info: Delimiter 'nameyeardelim' in context 'biblist' already d
efined, overwriting.
Package biblatex Info: Delimiter 'nonameyeardelim' in context 'bib' already def
ined, overwriting.
Package biblatex Info: Delimiter 'nonameyeardelim' in context 'biblist' already
 defined, overwriting.
)
Package biblatex Info: Trying to load citation style 'apa'...
Package biblatex Info: ... file 'apa.cbx' found.

(/usr/share/texmf-dist/tex/latex/biblatex-apa/apa.cbx
File: apa.cbx 2025/08/27 v9.20 APA biblatex citation style
Package biblatex Info: Delimiter 'nameyeardelim' in context '' already defined,
 overwriting.
Package biblatex Info: Delimiter 'andothersdelim' in context '' already defined
, overwriting.
Package biblatex Info: Redefining '\fullcite'.
Package biblatex Info: Redefining '\citeauthor'.
Package biblatex Info: Redefining '\citeyear'.
Package biblatex Info: Redefining '\cite'.
Package biblatex Info: Redefining '\cites'.
Package biblatex Info: Redefining '\parencite'.
Package biblatex Info: Redefining '\parencites'.
Package biblatex Info: Redefining '\footcite'.
Package biblatex Info: Redefining '\footcites'.
Package biblatex Info: Redefining '\footcitetext'.
Package biblatex Info: Redefining '\footcitetexts'.
Package biblatex Info: Redefining '\smartcite'.
Package biblatex Info: Redefining '\smartcites'.
Package biblatex Info: Redefining '\textcite'.
Package biblatex Info: Redefining '\textcites'.
Lua function BLTXAPAifInParensTF = 32)
Package biblatex Info: Trying to load configuration file...
Package biblatex Info: ... file 'biblatex.cfg' found.

(/usr/share/texmf-dist/tex/latex/biblatex/biblatex.cfg
File: biblatex.cfg 
)
Package biblatex Info: LuaTeX detected.
(biblatex)             Assuming input encoding 'utf8'.
Package biblatex Info: Document encoding is UTF8 ....
Package biblatex Info: ... and expl3
(biblatex)             2026-01-19 L3 programming layer (loader) 
(biblatex)             is new enough (at least 2020/04/06),
(biblatex)             setting 'casechanger=expl3'.

(/usr/share/texmf-dist/tex/latex/biblatex/blx-case-expl3.sty
Package: blx-case-expl3 2025/07/10 v3.21 expl3 case changing code for biblatex
))
luaotfload | cache : Lookup cache loaded from /home/matej/.texlive/texmf-var/lua
tex-cache/generic/names/luaotfload-lookup-cache.luc.

Package fontspec Info: 
(fontspec)             Font family 'LibertinusSerif(0)' created for font
(fontspec)             'Libertinus Serif' with options
(fontspec)             [Renderer=Harfbuzz,Ligatures=TeX].
(fontspec)              
(fontspec)              This font family consists of the following NFSS
(fontspec)             series/shapes:
(fontspec)              
(fontspec)             - 'normal' (m/n) with NFSS spec.: <->"name:Libertinus
(fontspec)             Serif:mode=harf;script=latn;language=dflt;+tlig;"
(fontspec)             - 'small caps'  (m/sc) with NFSS spec.:
(fontspec)             <->"name:Libertinus
(fontspec)             Serif:mode=harf;script=latn;language=dflt;+tlig;+smcp;"
(fontspec)             - 'bold' (b/n) with NFSS spec.: <->"name:Libertinus
(fontspec)             Serif/B:mode=harf;script=latn;language=dflt;+tlig;"
(fontspec)             - 'bold small caps'  (b/sc) with NFSS spec.:
(fontspec)             <->"name:Libertinus
(fontspec)             Serif/B:mode=harf;script=latn;language=dflt;+tlig;+smcp;
"
(fontspec)             - 'italic' (m/it) with NFSS spec.: <->"name:Libertinus
(fontspec)             Serif/I:mode=harf;script=latn;language=dflt;+tlig;"
(fontspec)             - 'italic small caps'  (m/scit) with NFSS spec.:
(fontspec)             <->"name:Libertinus
(fontspec)             Serif/I:mode=harf;script=latn;language=dflt;+tlig;+smcp;
"
(fontspec)             - 'bold italic' (b/it) with NFSS spec.:
(fontspec)             <->"name:Libertinus
(fontspec)             Serif/BI:mode=harf;script=latn;language=dflt;+tlig;"
(fontspec)             - 'bold italic small caps'  (b/scit) with NFSS spec.:
(fontspec)             <->"name:Libertinus
(fontspec)             Serif/BI:mode=harf;script=latn;language=dflt;+tlig;+smcp
;"


Package fontspec Info: 
(fontspec)             Could not resolve font "Libertinus Sans/BI" (it
(fontspec)             probably doesn't exist).


Package fontspec Info: 
(fontspec)             Font family 'LibertinusSans(0)' created for font
(fontspec)             'Libertinus Sans' with options
(fontspec)             [Renderer=Harfbuzz,Ligatures=TeX].
(fontspec)              
(fontspec)              This font family consists of the following NFSS
(fontspec)             series/shapes:
(fontspec)              
(fontspec)             - 'normal' (m/n) with NFSS spec.: <->"name:Libertinus
(fontspec)             Sans:mode=harf;script=latn;language=dflt;+tlig;"
(fontspec)             - 'small caps'  (m/sc) with NFSS spec.:
(fontspec)             <->"name:Libertinus
(fontspec)             Sans:mode=harf;script=latn;language=dflt;+tlig;+smcp;"
(fontspec)             - 'bold' (b/n) with NFSS spec.: <->"name:Libertinus
(fontspec)             Sans/B:mode=harf;script=latn;language=dflt;+tlig;"
(fontspec)             - 'bold small caps'  (b/sc) with NFSS spec.:
(fontspec)             <->"name:Libertinus
(fontspec)             Sans/B:mode=harf;script=latn;language=dflt;+tlig;+smcp;"

(fontspec)             - 'italic' (m/it) with NFSS spec.: <->"name:Libertinus
(fontspec)             Sans/I:mode=harf;script=latn;language=dflt;+tlig;"
(fontspec)             - 'italic small caps'  (m/scit) with NFSS spec.:
(fontspec)             <->"name:Libertinus
(fontspec)             Sans/I:mode=harf;script=latn;language=dflt;+tlig;+smcp;"



Package fontspec Info: 
(fontspec)             Source Code Pro scale = 0.8827127708283731.


Package fontspec Info: 
(fontspec)             Source Code Pro scale = 0.8827127708283731.


Package fontspec Info: 
(fontspec)             Source Code Pro/B scale = 0.8649168997438928.


Package fontspec Info: 
(fontspec)             Source Code Pro/I scale = 0.8827127708283731.


Package fontspec Info: 
(fontspec)             Source Code Pro/BI scale = 0.8649168997438928.


Package fontspec Info: 
(fontspec)             Font family 'SourceCodePro(0)' created for font 'Source
(fontspec)             Code Pro' with options
(fontspec)             [Renderer=Harfbuzz,WordSpace={1,0,0},HyphenChar=None,Pun
ctuationSpace=WordSpace,Scale=MatchLowercase].
(fontspec)              
(fontspec)              This font family consists of the following NFSS
(fontspec)             series/shapes:
(fontspec)              
(fontspec)             - 'normal' (m/n) with NFSS spec.:
(fontspec)             <->s*[0.8827127708283731]"name:Source Code
(fontspec)             Pro:mode=harf;script=latn;language=dflt;"
(fontspec)             - 'bold' (b/n) with NFSS spec.:
(fontspec)             <->s*[0.8649168997438928]"name:Source Code
(fontspec)             Pro/B:mode=harf;script=latn;language=dflt;"
(fontspec)             - 'italic' (m/it) with NFSS spec.:
(fontspec)             <->s*[0.8827127708283731]"name:Source Code
(fontspec)             Pro/I:mode=harf;script=latn;language=dflt;"
(fontspec)             - 'bold italic' (b/it) with NFSS spec.:
(fontspec)             <->s*[0.8649168997438928]"name:Source Code
(fontspec)             Pro/BI:mode=harf;script=latn;language=dflt;"


(/usr/share/texmf-dist/tex/latex/unicode-math/unicode-math.sty
Package: unicode-math 2023/08/13 v0.8r Unicode maths in XeLaTeX and LuaLaTeX

(/usr/share/texmf-dist/tex/latex/unicode-math/unicode-math-luatex.sty
Package: unicode-math-luatex 2023/08/13 v0.8r Unicode maths in XeLaTeX and LuaL
aTeX

(/usr/share/texmf-dist/tex/latex/l3packages/l3keys2e/l3keys2e.sty
Package: l3keys2e 2025-10-09 LaTeX2e option processing using LaTeX3 keys
)
(/usr/share/texmf-dist/tex/latex/base/fix-cm.sty
Package: fix-cm 2020/11/24 v1.1t fixes to LaTeX

(/usr/share/texmf-dist/tex/latex/base/ts1enc.def
File: ts1enc.def 2001/06/05 v3.0e (jk/car/fm) Standard LaTeX file
LaTeX Font Info:    Redeclaring font encoding TS1 on input line 47.
LaTeX Encoding Info:    Redeclaring text command \capitalcedilla (encoding TS1)
 on input line 49.
LaTeX Encoding Info:    Redeclaring text command \capitalogonek (encoding TS1) 
on input line 52.
LaTeX Encoding Info:    Redeclaring text command \capitalgrave (encoding TS1) o
n input line 55.
LaTeX Encoding Info:    Redeclaring text command \capitalacute (encoding TS1) o
n input line 56.
LaTeX Encoding Info:    Redeclaring text command \capitalcircumflex (encoding T
S1) on input line 57.
LaTeX Encoding Info:    Redeclaring text command \capitaltilde (encoding TS1) o
n input line 58.
LaTeX Encoding Info:    Redeclaring text command \capitaldieresis (encoding TS1
) on input line 59.
LaTeX Encoding Info:    Redeclaring text command \capitalhungarumlaut (encoding
 TS1) on input line 60.
LaTeX Encoding Info:    Redeclaring text command \capitalring (encoding TS1) on
 input line 61.
LaTeX Encoding Info:    Redeclaring text command \capitalcaron (encoding TS1) o
n input line 62.
LaTeX Encoding Info:    Redeclaring text command \capitalbreve (encoding TS1) o
n input line 63.
LaTeX Encoding Info:    Redeclaring text command \capitalmacron (encoding TS1) 
on input line 64.
LaTeX Encoding Info:    Redeclaring text command \capitaldotaccent (encoding TS
1) on input line 65.
LaTeX Encoding Info:    Redeclaring text command \t (encoding TS1) on input lin
e 66.
LaTeX Encoding Info:    Redeclaring text command \capitaltie (encoding TS1) on 
input line 67.
LaTeX Encoding Info:    Redeclaring text command \newtie (encoding TS1) on inpu
t line 68.
LaTeX Encoding Info:    Redeclaring text command \capitalnewtie (encoding TS1) 
on input line 69.
LaTeX Encoding Info:    Redeclaring text symbol \textcapitalcompwordmark (encod
ing TS1) on input line 70.
LaTeX Encoding Info:    Redeclaring text symbol \textascendercompwordmark (enco
ding TS1) on input line 71.
LaTeX Encoding Info:    Redeclaring text symbol \textquotestraightbase (encodin
g TS1) on input line 72.
LaTeX Encoding Info:    Redeclaring text symbol \textquotestraightdblbase (enco
ding TS1) on input line 73.
LaTeX Encoding Info:    Redeclaring text symbol \texttwelveudash (encoding TS1)
 on input line 74.
LaTeX Encoding Info:    Redeclaring text symbol \textthreequartersemdash (encod
ing TS1) on input line 75.
LaTeX Encoding Info:    Redeclaring text symbol \textleftarrow (encoding TS1) o
n input line 76.
LaTeX Encoding Info:    Redeclaring text symbol \textrightarrow (encoding TS1) 
on input line 77.
LaTeX Encoding Info:    Redeclaring text symbol \textblank (encoding TS1) on in
put line 78.
LaTeX Encoding Info:    Redeclaring text symbol \textdollar (encoding TS1) on i
nput line 79.
LaTeX Encoding Info:    Redeclaring text symbol \textquotesingle (encoding TS1)
 on input line 80.
LaTeX Encoding Info:    Redeclaring text command \textasteriskcentered (encodin
g TS1) on input line 81.
LaTeX Encoding Info:    Redeclaring text symbol \textdblhyphen (encoding TS1) o
n input line 92.
LaTeX Encoding Info:    Redeclaring text symbol \textfractionsolidus (encoding 
TS1) on input line 93.
LaTeX Encoding Info:    Redeclaring text symbol \textzerooldstyle (encoding TS1
) on input line 94.
LaTeX Encoding Info:    Redeclaring text symbol \textoneoldstyle (encoding TS1)
 on input line 95.
LaTeX Encoding Info:    Redeclaring text symbol \texttwooldstyle (encoding TS1)
 on input line 96.
LaTeX Encoding Info:    Redeclaring text symbol \textthreeoldstyle (encoding TS
1) on input line 97.
LaTeX Encoding Info:    Redeclaring text symbol \textfouroldstyle (encoding TS1
) on input line 98.
LaTeX Encoding Info:    Redeclaring text symbol \textfiveoldstyle (encoding TS1
) on input line 99.
LaTeX Encoding Info:    Redeclaring text symbol \textsixoldstyle (encoding TS1)
 on input line 100.
LaTeX Encoding Info:    Redeclaring text symbol \textsevenoldstyle (encoding TS
1) on input line 101.
LaTeX Encoding Info:    Redeclaring text symbol \texteightoldstyle (encoding TS
1) on input line 102.
LaTeX Encoding Info:    Redeclaring text symbol \textnineoldstyle (encoding TS1
) on input line 103.
LaTeX Encoding Info:    Redeclaring text symbol \textlangle (encoding TS1) on i
nput line 104.
LaTeX Encoding Info:    Redeclaring text symbol \textminus (encoding TS1) on in
put line 105.
LaTeX Encoding Info:    Redeclaring text symbol \textrangle (encoding TS1) on i
nput line 106.
LaTeX Encoding Info:    Redeclaring text symbol \textmho (encoding TS1) on inpu
t line 107.
LaTeX Encoding Info:    Redeclaring text symbol \textbigcircle (encoding TS1) o
n input line 108.
LaTeX Encoding Info:    Redeclaring text command \textcircled (encoding TS1) on
 input line 109.
LaTeX Encoding Info:    Redeclaring text symbol \textohm (encoding TS1) on inpu
t line 115.
LaTeX Encoding Info:    Redeclaring text symbol \textlbrackdbl (encoding TS1) o
n input line 116.
LaTeX Encoding Info:    Redeclaring text symbol \textrbrackdbl (encoding TS1) o
n input line 117.
LaTeX Encoding Info:    Redeclaring text symbol \textuparrow (encoding TS1) on 
input line 118.
LaTeX Encoding Info:    Redeclaring text symbol \textdownarrow (encoding TS1) o
n input line 119.
LaTeX Encoding Info:    Redeclaring text symbol \textasciigrave (encoding TS1) 
on input line 120.
LaTeX Encoding Info:    Redeclaring text symbol \textborn (encoding TS1) on inp
ut line 121.
LaTeX Encoding Info:    Redeclaring text symbol \textdivorced (encoding TS1) on
 input line 122.
LaTeX Encoding Info:    Redeclaring text symbol \textdied (encoding TS1) on inp
ut line 123.
LaTeX Encoding Info:    Redeclaring text symbol \textleaf (encoding TS1) on inp
ut line 124.
LaTeX Encoding Info:    Redeclaring text symbol \textmarried (encoding TS1) on 
input line 125.
LaTeX Encoding Info:    Redeclaring text symbol \textmusicalnote (encoding TS1)
 on input line 126.
LaTeX Encoding Info:    Redeclaring text symbol \texttildelow (encoding TS1) on
 input line 127.
LaTeX Encoding Info:    Redeclaring text symbol \textdblhyphenchar (encoding TS
1) on input line 128.
LaTeX Encoding Info:    Redeclaring text symbol \textasciibreve (encoding TS1) 
on input line 129.
LaTeX Encoding Info:    Redeclaring text symbol \textasciicaron (encoding TS1) 
on input line 130.
LaTeX Encoding Info:    Redeclaring text symbol \textacutedbl (encoding TS1) on
 input line 131.
LaTeX Encoding Info:    Redeclaring text symbol \textgravedbl (encoding TS1) on
 input line 132.
LaTeX Encoding Info:    Redeclaring text symbol \textdagger (encoding TS1) on i
nput line 133.
LaTeX Encoding Info:    Redeclaring text symbol \textdaggerdbl (encoding TS1) o
n input line 134.
LaTeX Encoding Info:    Redeclaring text symbol \textbardbl (encoding TS1) on i
nput line 135.
LaTeX Encoding Info:    Redeclaring text symbol \textperthousand (encoding TS1)
 on input line 136.
LaTeX Encoding Info:    Redeclaring text symbol \textbullet (encoding TS1) on i
nput line 137.
LaTeX Encoding Info:    Redeclaring text symbol \textcelsius (encoding TS1) on 
input line 138.
LaTeX Encoding Info:    Redeclaring text symbol \textdollaroldstyle (encoding T
S1) on input line 139.
LaTeX Encoding Info:    Redeclaring text symbol \textcentoldstyle (encoding TS1
) on input line 140.
LaTeX Encoding Info:    Redeclaring text symbol \textflorin (encoding TS1) on i
nput line 141.
LaTeX Encoding Info:    Redeclaring text symbol \textcolonmonetary (encoding TS
1) on input line 142.
LaTeX Encoding Info:    Redeclaring text symbol \textwon (encoding TS1) on inpu
t line 143.
LaTeX Encoding Info:    Redeclaring text symbol \textnaira (encoding TS1) on in
put line 144.
LaTeX Encoding Info:    Redeclaring text symbol \textguarani (encoding TS1) on 
input line 145.
LaTeX Encoding Info:    Redeclaring text symbol \textpeso (encoding TS1) on inp
ut line 146.
LaTeX Encoding Info:    Redeclaring text symbol \textlira (encoding TS1) on inp
ut line 147.
LaTeX Encoding Info:    Redeclaring text symbol \textrecipe (encoding TS1) on i
nput line 148.
LaTeX Encoding Info:    Redeclaring text symbol \textinterrobang (encoding TS1)
 on input line 149.
LaTeX Encoding Info:    Redeclaring text symbol \textinterrobangdown (encoding 
TS1) on input line 150.
LaTeX Encoding Info:    Redeclaring text symbol \textdong (encoding TS1) on inp
ut line 151.
LaTeX Encoding Info:    Redeclaring text symbol \texttrademark (encoding TS1) o
n input line 152.
LaTeX Encoding Info:    Redeclaring text symbol \textpertenthousand (encoding T
S1) on input line 153.
LaTeX Encoding Info:    Redeclaring text symbol \textpilcrow (encoding TS1) on 
input line 154.
LaTeX Encoding Info:    Redeclaring text symbol \textbaht (encoding TS1) on inp
ut line 155.
LaTeX Encoding Info:    Redeclaring text symbol \textnumero (encoding TS1) on i
nput line 156.
LaTeX Encoding Info:    Redeclaring text symbol \textdiscount (encoding TS1) on
 input line 157.
LaTeX Encoding Info:    Redeclaring text symbol \textestimated (encoding TS1) o
n input line 158.
LaTeX Encoding Info:    Redeclaring text symbol \textopenbullet (encoding TS1) 
on input line 159.
LaTeX Encoding Info:    Redeclaring text symbol \textservicemark (encoding TS1)
 on input line 160.
LaTeX Encoding Info:    Redeclaring text symbol \textlquill (encoding TS1) on i
nput line 161.
LaTeX Encoding Info:    Redeclaring text symbol \textrquill (encoding TS1) on i
nput line 162.
LaTeX Encoding Info:    Redeclaring text symbol \textcent (encoding TS1) on inp
ut line 163.
LaTeX Encoding Info:    Redeclaring text symbol \textsterling (encoding TS1) on
 input line 164.
LaTeX Encoding Info:    Redeclaring text symbol \textcurrency (encoding TS1) on
 input line 165.
LaTeX Encoding Info:    Redeclaring text symbol \textyen (encoding TS1) on inpu
t line 166.
LaTeX Encoding Info:    Redeclaring text symbol \textbrokenbar (encoding TS1) o
n input line 167.
LaTeX Encoding Info:    Redeclaring text symbol \textsection (encoding TS1) on 
input line 168.
LaTeX Encoding Info:    Redeclaring text symbol \textasciidieresis (encoding TS
1) on input line 169.
LaTeX Encoding Info:    Redeclaring text symbol \textcopyright (encoding TS1) o
n input line 170.
LaTeX Encoding Info:    Redeclaring text symbol \textordfeminine (encoding TS1)
 on input line 171.
LaTeX Encoding Info:    Redeclaring text symbol \textcopyleft (encoding TS1) on
 input line 172.
LaTeX Encoding Info:    Redeclaring text symbol \textlnot (encoding TS1) on inp
ut line 173.
LaTeX Encoding Info:    Redeclaring text symbol \textcircledP (encoding TS1) on
 input line 174.
LaTeX Encoding Info:    Redeclaring text symbol \textregistered (encoding TS1) 
on input line 175.
LaTeX Encoding Info:    Redeclaring text symbol \textasciimacron (encoding TS1)
 on input line 176.
LaTeX Encoding Info:    Redeclaring text symbol \textdegree (encoding TS1) on i
nput line 177.
LaTeX Encoding Info:    Redeclaring text symbol \textpm (encoding TS1) on input
 line 178.
LaTeX Encoding Info:    Redeclaring text symbol \texttwosuperior (encoding TS1)
 on input line 179.
LaTeX Encoding Info:    Redeclaring text symbol \textthreesuperior (encoding TS
1) on input line 180.
LaTeX Encoding Info:    Redeclaring text symbol \textasciiacute (encoding TS1) 
on input line 181.
LaTeX Encoding Info:    Redeclaring text symbol \textmu (encoding TS1) on input
 line 182.
LaTeX Encoding Info:    Redeclaring text symbol \textparagraph (encoding TS1) o
n input line 183.
LaTeX Encoding Info:    Redeclaring text symbol \textperiodcentered (encoding T
S1) on input line 184.
LaTeX Encoding Info:    Redeclaring text symbol \textreferencemark (encoding TS
1) on input line 185.
LaTeX Encoding Info:    Redeclaring text symbol \textonesuperior (encoding TS1)
 on input line 186.
LaTeX Encoding Info:    Redeclaring text symbol \textordmasculine (encoding TS1
) on input line 187.
LaTeX Encoding Info:    Redeclaring text symbol \textsurd (encoding TS1) on inp
ut line 188.
LaTeX Encoding Info:    Redeclaring text symbol \textonequarter (encoding TS1) 
on input line 189.
LaTeX Encoding Info:    Redeclaring text symbol \textonehalf (encoding TS1) on 
input line 190.
LaTeX Encoding Info:    Redeclaring text symbol \textthreequarters (encoding TS
1) on input line 191.
LaTeX Encoding Info:    Redeclaring text symbol \texteuro (encoding TS1) on inp
ut line 192.
LaTeX Encoding Info:    Redeclaring text symbol \texttimes (encoding TS1) on in
put line 193.
LaTeX Encoding Info:    Redeclaring text symbol \textdiv (encoding TS1) on inpu
t line 194.
))
(/usr/share/texmf-dist/tex/lualatex/lualatex-math/lualatex-math.sty
Package: lualatex-math 2022/01/01 v1.12 Patches for mathematics typesetting wit
h LuaLaTeX
Lua module: lualatex-math 2013/08/03 v1.3 Patches for mathematics typesetting wi
th LuaLaTeX)
\g__um_fam_int=\count485
\g__um_fonts_used_int=\count486
\l__um_primecount_int=\count487
\g__um_primekern_muskip=\muskip23

(/usr/share/texmf-dist/tex/latex/unicode-math/unicode-math-table.tex)))

Package fontspec Info: 
(fontspec)             Could not resolve font "Libertinus Math/B" (it probably
(fontspec)             doesn't exist).


Package fontspec Info: 
(fontspec)             Font family 'LibertinusMath(0)' created for font
(fontspec)             'Libertinus Math' with options
(fontspec)             [Renderer=Harfbuzz,Renderer=Basic,BoldItalicFont={},Ital
icFont={},SmallCapsFont={},Script=Math,RawFeature={mathfontdimen=xetex}].
(fontspec)              
(fontspec)              This font family consists of the following NFSS
(fontspec)             series/shapes:
(fontspec)              
(fontspec)             - 'normal' (m/n) with NFSS spec.: <->"name:Libertinus
(fontspec)             Math:mode=base;script=math;language=dflt;mathfontdimen=x
etex;"


Package fontspec Info: 
(fontspec)             Could not resolve font "Libertinus Math/B" (it probably
(fontspec)             doesn't exist).


Package fontspec Info: 
(fontspec)             Font family 'LibertinusMath(1)' created for font
(fontspec)             'Libertinus Math' with options
(fontspec)             [Renderer=Harfbuzz,Renderer=Basic,BoldItalicFont={},Ital
icFont={},SmallCapsFont={},Script=Math,SizeFeatures={{Size=10.8-},{Size=8.4-10.
8,Font=Libertinus
(fontspec)             Math,Style=MathScript},{Size=-8.4,Font=Libertinus
(fontspec)             Math,Style=MathScriptScript}},RawFeature={mathfontdimen=
xetex}].
(fontspec)              
(fontspec)              This font family consists of the following NFSS
(fontspec)             series/shapes:
(fontspec)              
(fontspec)             - 'normal' (m/n) with NFSS spec.:
(fontspec)             <10.8->"name:Libertinus
(fontspec)             Math:mode=base;script=math;language=dflt;mathfontdimen=x
etex;"<8.4-10.8>"name:Libertinus
(fontspec)             Math:mode=base;script=math;language=dflt;mathfontdimen=x
etex;+ssty=0;"<-8.4>"name:Libertinus
(fontspec)             Math:mode=base;script=math;language=dflt;mathfontdimen=x
etex;+ssty=1;"

LaTeX Font Info:    Encoding `OT1' has changed to `TU' for symbol font
(Font)              `operators' in the math version `normal' on input line 55.
LaTeX Font Info:    Overwriting symbol font `operators' in version `normal'
(Font)                  OT1/cmr/m/n --> TU/LibertinusMath(1)/m/n on input line 
55.
LaTeX Font Info:    Encoding `OT1' has changed to `TU' for symbol font
(Font)              `operators' in the math version `bold' on input line 55.
LaTeX Font Info:    Overwriting symbol font `operators' in version `bold'
(Font)                  OT1/cmr/bx/n --> TU/LibertinusMath(1)/b/n on input line
 55.

Package fontspec Info: 
(fontspec)             Could not resolve font "Libertinus Math/B" (it probably
(fontspec)             doesn't exist).


Package fontspec Info: 
(fontspec)             Font family 'LibertinusMath(2)' created for font
(fontspec)             'Libertinus Math' with options
(fontspec)             [Renderer=Harfbuzz,Renderer=Basic,BoldItalicFont={},Ital
icFont={},SmallCapsFont={},Script=Math,SizeFeatures={{Size=10.8-},{Size=8.4-10.
8,Font=Libertinus
(fontspec)             Math,Style=MathScript},{Size=-8.4,Font=Libertinus
(fontspec)             Math,Style=MathScriptScript}},RawFeature={mathfontdimen=
xetex},RawFeature={mathfontdimen=tex2}].
(fontspec)              
(fontspec)              This font family consists of the following NFSS
(fontspec)             series/shapes:
(fontspec)              
(fontspec)             - 'normal' (m/n) with NFSS spec.:
(fontspec)             <10.8->"name:Libertinus
(fontspec)             Math:mode=base;script=math;language=dflt;mathfontdimen=x
etex;mathfontdimen=tex2;"<8.4-10.8>"name:Libertinus
(fontspec)             Math:mode=base;script=math;language=dflt;mathfontdimen=x
etex;mathfontdimen=tex2;+ssty=0;"<-8.4>"name:Libertinus
(fontspec)             Math:mode=base;script=math;language=dflt;mathfontdimen=x
etex;mathfontdimen=tex2;+ssty=1;"

LaTeX Font Info:    Encoding `OMS' has changed to `TU' for symbol font
(Font)              `symbols' in the math version `normal' on input line 55.
LaTeX Font Info:    Overwriting symbol font `symbols' in version `normal'
(Font)                  OMS/cmsy/m/n --> TU/LibertinusMath(2)/m/n on input line
 55.
LaTeX Font Info:    Encoding `OMS' has changed to `TU' for symbol font
(Font)              `symbols' in the math version `bold' on input line 55.
LaTeX Font Info:    Overwriting symbol font `symbols' in version `bold'
(Font)                  OMS/cmsy/b/n --> TU/LibertinusMath(2)/b/n on input line
 55.

Package fontspec Info: 
(fontspec)             Could not resolve font "Libertinus Math/B" (it probably
(fontspec)             doesn't exist).


Package fontspec Info: 
(fontspec)             Font family 'LibertinusMath(3)' created for font
(fontspec)             'Libertinus Math' with options
(fontspec)             [Renderer=Harfbuzz,Renderer=Basic,BoldItalicFont={},Ital
icFont={},SmallCapsFont={},Script=Math,SizeFeatures={{Size=10.8-},{Size=8.4-10.
8,Font=Libertinus
(fontspec)             Math,Style=MathScript},{Size=-8.4,Font=Libertinus
(fontspec)             Math,Style=MathScriptScript}},RawFeature={mathfontdimen=
xetex},RawFeature={mathfontdimen=tex3}].
(fontspec)              
(fontspec)              This font family consists of the following NFSS
(fontspec)             series/shapes:
(fontspec)              
(fontspec)             - 'normal' (m/n) with NFSS spec.:
(fontspec)             <10.8->"name:Libertinus
(fontspec)             Math:mode=base;script=math;language=dflt;mathfontdimen=x
etex;mathfontdimen=tex3;"<8.4-10.8>"name:Libertinus
(fontspec)             Math:mode=base;script=math;language=dflt;mathfontdimen=x
etex;mathfontdimen=tex3;+ssty=0;"<-8.4>"name:Libertinus
(fontspec)             Math:mode=base;script=math;language=dflt;mathfontdimen=x
etex;mathfontdimen=tex3;+ssty=1;"

LaTeX Font Info:    Encoding `OMX' has changed to `TU' for symbol font
(Font)              `largesymbols' in the math version `normal' on input line 5
5.
LaTeX Font Info:    Overwriting symbol font `largesymbols' in version `normal'
(Font)                  OMX/cmex/m/n --> TU/LibertinusMath(3)/m/n on input line
 55.
LaTeX Font Info:    Encoding `OMX' has changed to `TU' for symbol font
(Font)              `largesymbols' in the math version `bold' on input line 55.

LaTeX Font Info:    Overwriting symbol font `largesymbols' in version `bold'
(Font)                  OMX/cmex/m/n --> TU/LibertinusMath(3)/b/n on input line
 55.
LaTeX Font Info:    Trying to load font information for U+msa on input line 55.


(/usr/share/texmf-dist/tex/latex/amsfonts/umsa.fd
File: umsa.fd 2013/01/14 v3.01 AMS symbols A
)
LaTeX Font Info:    Trying to load font information for U+msb on input line 55.


(/usr/share/texmf-dist/tex/latex/amsfonts/umsb.fd
File: umsb.fd 2013/01/14 v3.01 AMS symbols B
)
(/usr/share/texmf-dist/tex/latex/csquotes/csquotes.sty
Package: csquotes 2024-04-04 v5.2o context-sensitive quotations (JAW)
\csq@reset=\count488
\csq@gtype=\count489
\csq@glevel=\count490
\csq@qlevel=\count491
\csq@maxlvl=\count492
\csq@tshold=\count493
\csq@ltx@everypar=\toks45

(/usr/share/texmf-dist/tex/latex/csquotes/csquotes.def
File: csquotes.def 2024-04-04 v5.2o csquotes generic definitions (JAW)
)
Package csquotes Info: Trying to load configuration file 'csquotes.cfg'...
Package csquotes Info: ... configuration file loaded successfully.

(/usr/share/texmf-dist/tex/latex/csquotes/csquotes.cfg
File: csquotes.cfg 
))
(/usr/share/texmf-dist/tex/latex/pdfpages/pdfpages.sty
Package: pdfpages 2025/07/23 v0.6g Insert pages of external PDF documents (AM)

(/usr/share/texmf-dist/tex/latex/eso-pic/eso-pic.sty
Package: eso-pic 2025/12/10 v3.0d eso-pic (RN)
\ESO@tempdima=\dimen297
\ESO@tempdimb=\dimen298
)
\AM@pagewidth=\dimen299
\AM@pageheight=\dimen300
\AM@fboxrule=\dimen301

(/usr/share/texmf-dist/tex/latex/pdfpages/ppluatex.def
File: ppluatex.def 2025/07/23 v0.6g Pdfpages driver for LuaTeX (AM)
)
\pdfpages@includegraphics@status=\count494
\AM@pagebox=\box106
\AM@global@opts=\toks46
\AM@pagecnt=\count495
\AM@toc@title=\toks47
\AM@lof@heading=\toks48
\c@AM@survey=\count496
\AM@templatesizebox=\box107
)
(/usr/share/texmf-dist/tex/latex/listings/listings.sty
\lst@mode=\count497
\lst@gtempboxa=\box108
\lst@token=\toks49
\lst@length=\count498
\lst@currlwidth=\dimen302
\lst@column=\count499
\lst@pos=\count500
\lst@lostspace=\dimen303
\lst@width=\dimen304
\lst@newlines=\count501
\lst@lineno=\count502
\lst@maxwidth=\dimen305

(/usr/share/texmf-dist/tex/latex/listings/lstpatch.sty
File: lstpatch.sty 2025/11/14 1.11b (Carsten Heinz)
)
(/usr/share/texmf-dist/tex/latex/listings/lstmisc.sty
File: lstmisc.sty 2025/11/14 1.11b (Carsten Heinz)
\c@lstnumber=\count503
\lst@skipnumbers=\count504
\lst@framebox=\box109
)
(/usr/share/texmf-dist/tex/latex/listings/listings.cfg
File: listings.cfg 2025/11/14 1.11b listings configuration
))
Package: listings 2025/11/14 1.11b (Carsten Heinz)

==> First Aid for listings.sty no longer applied!
    Expected:
        2024/09/23 1.10c (Carsten Heinz)
    but found:
        2025/11/14 1.11b (Carsten Heinz)
    so I'm assuming it got fixed.
(/usr/share/texmf-dist/tex/latex/listings/lstlang1.sty
File: lstlang1.sty 2025/11/14 1.11b listings language file
)
(/usr/share/texmf-dist/tex/latex/listings/lstlang2.sty
File: lstlang2.sty 2025/11/14 1.11b listings language file
)
(/usr/share/texmf-dist/tex/latex/listings/lstlang3.sty
File: lstlang3.sty 2025/11/14 1.11b listings language file
)
(/usr/share/texmf-dist/tex/latex/tools/varioref.sty
Package: varioref 2025/01/14 v1.6g package for extended references (FMi)
\c@vrcnt=\count505
)
(/usr/share/texmf-dist/tex/latex/hyperref/hyperref.sty
Package: hyperref 2026-01-29 v7.01p Hypertext links for LaTeX

(/usr/share/texmf-dist/tex/generic/kvdefinekeys/kvdefinekeys.sty
Package: kvdefinekeys 2019-12-19 v1.6 Define keys (HO)
)
(/usr/share/texmf-dist/tex/generic/pdfescape/pdfescape.sty
Package: pdfescape 2019/12/09 v1.15 Implements pdfTeX's escape features (HO)
)
(/usr/share/texmf-dist/tex/latex/hycolor/hycolor.sty
Package: hycolor 2020-01-27 v1.10 Color options for hyperref/bookmark (HO)
)
(/usr/share/texmf-dist/tex/latex/hyperref/nameref.sty
Package: nameref 2026-01-29 v2.58 Cross-referencing by name of section

(/usr/share/texmf-dist/tex/latex/refcount/refcount.sty
Package: refcount 2019/12/15 v3.6 Data extraction from label references (HO)
)
(/usr/share/texmf-dist/tex/generic/gettitlestring/gettitlestring.sty
Package: gettitlestring 2019/12/15 v1.6 Cleanup title references (HO)
)
\c@section@level=\count506
)
(/usr/share/texmf-dist/tex/generic/stringenc/stringenc.sty
Package: stringenc 2019/11/29 v1.12 Convert strings between diff. encodings (HO
)
)
\@linkdim=\dimen306
\Hy@linkcounter=\count507
\Hy@pagecounter=\count508

(/usr/share/texmf-dist/tex/latex/hyperref/pd1enc.def
File: pd1enc.def 2026-01-29 v7.01p Hyperref: PDFDocEncoding definition (HO)
)
(/usr/share/texmf-dist/tex/generic/intcalc/intcalc.sty
Package: intcalc 2019/12/15 v1.3 Expandable calculations with integers (HO)
)
\Hy@SavedSpaceFactor=\count509

(/usr/share/texmf-dist/tex/latex/hyperref/puenc.def
File: puenc.def 2026-01-29 v7.01p Hyperref: PDF Unicode definition (HO)
)
Package hyperref Info: Option `unicode' set `true' on input line 4072.
Package hyperref Info: Option `pdfusetitle' set `true' on input line 4072.
Package hyperref Info: Option `bookmarks' set `true' on input line 4072.
Package hyperref Info: Option `breaklinks' set `false' on input line 4072.
Package hyperref Info: Option `colorlinks' set `false' on input line 4072.
Package hyperref Info: Hyper figures OFF on input line 4201.
Package hyperref Info: Link nesting OFF on input line 4206.
Package hyperref Info: Hyper index ON on input line 4209.
Package hyperref Info: Plain pages OFF on input line 4216.
Package hyperref Info: Backreferencing OFF on input line 4221.
Package hyperref Info: Implicit mode ON; LaTeX internals redefined.
Package hyperref Info: Bookmarks ON on input line 4468.
\c@Hy@tempcnt=\count510
LaTeX Info: Redefining \url on input line 4807.
\XeTeXLinkMargin=\dimen307

(/usr/share/texmf-dist/tex/generic/bitset/bitset.sty
Package: bitset 2019/12/09 v1.3 Handle bit-vector datatype (HO)

(/usr/share/texmf-dist/tex/generic/bigintcalc/bigintcalc.sty
Package: bigintcalc 2019/12/15 v1.5 Expandable calculations on big integers (HO
)
))
\Fld@menulength=\count511
\Field@Width=\dimen308
\Fld@charsize=\dimen309
Package hyperref Info: Hyper figures OFF on input line 6084.
Package hyperref Info: Link nesting OFF on input line 6089.
Package hyperref Info: Hyper index ON on input line 6092.
Package hyperref Info: backreferencing OFF on input line 6099.
Package hyperref Info: Link coloring OFF on input line 6104.
Package hyperref Info: Link coloring with OCG OFF on input line 6109.
Package hyperref Info: PDF/A mode OFF on input line 6114.
\Hy@abspage=\count512
\c@Item=\count513
\c@Hfootnote=\count514
)
Package hyperref Info: Driver (autodetected): hluatex.

(/usr/share/texmf-dist/tex/latex/hyperref/hluatex.def
File: hluatex.def 2026-01-29 v7.01p Hyperref driver for luaTeX
\Fld@listcount=\count515
\c@bookmark@seq@number=\count516

(/usr/share/texmf-dist/tex/latex/rerunfilecheck/rerunfilecheck.sty
Package: rerunfilecheck 2025-06-21 v1.11 Rerun checks for auxiliary files (HO)

(/usr/share/texmf-dist/tex/generic/uniquecounter/uniquecounter.sty
Package: uniquecounter 2019/12/15 v1.4 Provide unlimited unique counter (HO)
)
Package uniquecounter Info: New unique counter `rerunfilecheck' on input line 2
84.
)
\Hy@SectionHShift=\skip117
)
\c@veta=\count517
Package csquotes Info: Checking for multilingual support...
Package csquotes Info: ... found 'polyglossia' package.
Package csquotes Info: Adjusting default style.
Package csquotes Info: Redefining alias 'default' -> 'czech'.
Class scrbook Info: loading recommended package `bookmark'.
(scrbook)           Using `bookmark' together with `hyperref' is recommended,
(scrbook)           because of handling of possible bookmark level gaps.
(scrbook)           You can avoid loading `bookmark' with KOMA-Script option
(scrbook)           `bookmarkpackage=false' before \begin{document} and
(scrbook)           you can avoid this message adding:
(scrbook)             \usepackage{bookmark}
(scrbook)           before \begin{document} on input line 131.

(/usr/share/texmf-dist/tex/latex/bookmark/bookmark.sty
Package: bookmark 2023-12-10 v1.31 PDF bookmarks (HO)

(/usr/share/texmf-dist/tex/latex/bookmark/bkm-pdftex.def
File: bkm-pdftex.def 2023-12-10 v1.31 bookmark driver for pdfTeX and luaTeX (HO
)
\BKM@id=\count518
))

LaTeX Warning: Unused global option(s):
    [english].

(./bakalarka2.aux)
\openout1 = bakalarka2.aux

LaTeX Font Info:    Checking defaults for OML/cmm/m/it on input line 131.
LaTeX Font Info:    ... okay on input line 131.
LaTeX Font Info:    Checking defaults for OMS/cmsy/m/n on input line 131.
LaTeX Font Info:    ... okay on input line 131.
LaTeX Font Info:    Checking defaults for OT1/cmr/m/n on input line 131.
LaTeX Font Info:    ... okay on input line 131.
LaTeX Font Info:    Checking defaults for T1/cmr/m/n on input line 131.
LaTeX Font Info:    ... okay on input line 131.
LaTeX Font Info:    Checking defaults for TS1/cmr/m/n on input line 131.
LaTeX Font Info:    ... okay on input line 131.
LaTeX Font Info:    Checking defaults for TU/lmr/m/n on input line 131.
LaTeX Font Info:    ... okay on input line 131.
LaTeX Font Info:    Checking defaults for OMX/cmex/m/n on input line 131.
LaTeX Font Info:    ... okay on input line 131.
LaTeX Font Info:    Checking defaults for U/cmr/m/n on input line 131.
LaTeX Font Info:    ... okay on input line 131.
LaTeX Font Info:    Checking defaults for PD1/pdf/m/n on input line 131.
LaTeX Font Info:    ... okay on input line 131.
LaTeX Font Info:    Checking defaults for PU/pdf/m/n on input line 131.
LaTeX Font Info:    ... okay on input line 131.

*geometry* driver: auto-detecting
*geometry* detected driver: luatex
*geometry* verbose mode - [ preamble ] result:
* driver: luatex
* paper: a4paper
* layout: <same size as paper>
* layoutoffset:(h,v)=(0.0pt,0.0pt)
* modes: twoside 
* h-part:(L,W,R)=(71.13188pt, 469.47049pt, 56.9055pt)
* v-part:(T,H,B)=(56.9055pt, 717.00946pt, 71.13188pt)
* \paperwidth=597.50787pt
* \paperheight=845.04684pt
* \textwidth=469.47049pt
* \textheight=717.00946pt
* \oddsidemargin=-1.1381pt
* \evensidemargin=-15.36449pt
* \topmargin=-65.56723pt
* \headheight=28.45274pt
* \headsep=21.75pt
* \topskip=12.0pt
* \footskip=35.56593pt
* \marginparwidth=74.68849pt
* \marginparsep=12.8401pt
* \columnsep=10.0pt
* \skip\footins=10.8pt plus 4.0pt minus 2.0pt
* \hoffset=0.0pt
* \voffset=0.0pt
* \mag=1000
* \@twocolumnfalse
* \@twosidetrue
* \@mparswitchtrue
* \@reversemarginfalse
* (1in=72.27pt=25.4mm, 1cm=28.453pt)

Package scrbase Info: activating czech \partname on input line 131.
Package scrbase Info: activating czech \chaptername on input line 131.
Package scrbase Info: activating czech \appendixname on input line 131.
Package scrbase Info: activating czech \figurename on input line 131.
Package scrbase Info: activating czech \tablename on input line 131.
Package scrbase Info: activating czech \contentsname on input line 131.
Package scrbase Info: activating czech \listfigurename on input line 131.
Package scrbase Info: activating czech \listtablename on input line 131.
Package scrbase Info: activating czech \bibname on input line 131.
Package scrbase Info: activating czech \indexname on input line 131.
set lang czech, 1

Package tablefootnote Warning: LuaTeX and hyperref package used:
(tablefootnote)                Hyperreferences in rotated content
(tablefootnote)                will be misplaced
(tablefootnote)                regardless of tablefootnote package.
(tablefootnote)                The text to be printed will be OK.

(/usr/share/texmf-dist/tex/context/base/mkii/supp-pdf.mkii
[Loading MPS to PDF converter (version 2006.09.02).]
\scratchcounter=\count519
\scratchdimen=\dimen310
\scratchbox=\box110
\nofMPsegments=\count520
\nofMParguments=\count521
\everyMPshowfont=\toks50
\MPscratchCnt=\count522
\MPscratchDim=\dimen311
\MPnumerator=\count523
\makeMPintoPDFobject=\count524
\everyMPtoPDFconversion=\toks51
) (/usr/share/texmf-dist/tex/latex/epstopdf-pkg/epstopdf-base.sty
Package: epstopdf-base 2020-01-24 v2.11 Base part for package epstopdf
Package epstopdf-base Info: Redefining graphics rule for `.eps' on input line 4
85.

(/usr/share/texmf-dist/tex/latex/latexconfig/epstopdf-sys.cfg
File: epstopdf-sys.cfg 2010/07/13 v1.3 Configuration of (r)epstopdf for TeX Liv
e
))
LaTeX Info: Redefining \microtypecontext on input line 131.
Package microtype Info: Applying patch `item' on input line 131.
Package microtype Info: Applying patch `toc' on input line 131.
Package microtype Info: Applying patch `eqnum' on input line 131.
Package microtype Info: Applying patch `footnote' on input line 131.
Package microtype Info: Applying patch `verbatim' on input line 131.
LaTeX Info: Redefining \microtypesetup on input line 131.
Package microtype Info: Generating PDF output.
Package microtype Info: Character protrusion enabled (level 2).
Package microtype Info: Using default protrusion set `alltext'.
Package microtype Info: Automatic font expansion enabled (level 2),
(microtype)             stretch: 20, shrink: 20, step: 1, non-selected.
Package microtype Info: Using default expansion set `alltext-nott'.
Package microtype Info: Patching command `\showhyphens'.
Package microtype Info: No adjustment of tracking.
Package microtype Info: No adjustment of spacing.
Package microtype Info: No adjustment of kerning.
Package microtype Info: Loading generic protrusion settings for font family
(microtype)             `LibertinusSerif' (encoding: TU).
(microtype)             For optimal results, create family-specific settings.
(microtype)             See the microtype manual for details.
Package biblatex Info: Trying to load language 'american' -> 'american-apa'...
Package biblatex Info: ... file 'american-apa.lbx' found.

(/usr/share/texmf-dist/tex/latex/biblatex-apa/american-apa.lbx
File: american-apa.lbx 2025/08/27 v9.20 APA biblatex localisation
Package biblatex Info: Trying to load language 'american'...
Package biblatex Info: ... file 'american.lbx' found.

(/usr/share/texmf-dist/tex/latex/biblatex/lbx/american.lbx
File: american.lbx 2025/07/10 v3.21 biblatex localization (PK/MW)
Package biblatex Info: Trying to load language 'english' -> 'english-apa'...
Package biblatex Info: ... file 'english-apa.lbx' found.

(/usr/share/texmf-dist/tex/latex/biblatex-apa/english-apa.lbx
File: english-apa.lbx 2025/08/27 v9.20 APA biblatex localisation
Package biblatex Info: Trying to load language 'english'...
Package biblatex Info: ... file 'english.lbx' found.

(/usr/share/texmf-dist/tex/latex/biblatex/lbx/english.lbx
File: english.lbx 2025/07/10 v3.21 biblatex localization (PK/MW)
)))
Package biblatex Info: Trying to load language 'american'...
Package biblatex Info: ... file 'american.lbx' found.

(/usr/share/texmf-dist/tex/latex/biblatex/lbx/american.lbx
File: american.lbx 2025/07/10 v3.21 biblatex localization (PK/MW)
Package biblatex Info: Trying to load language 'english' -> 'english-apa'...
Package biblatex Info: ... file 'english-apa.lbx' found.

(/usr/share/texmf-dist/tex/latex/biblatex-apa/english-apa.lbx
File: english-apa.lbx 2025/08/27 v9.20 APA biblatex localisation
Package biblatex Info: Trying to load language 'american'...
Package biblatex Info: ... file 'american.lbx' found.

(/usr/share/texmf-dist/tex/latex/biblatex/lbx/american.lbx
File: american.lbx 2025/07/10 v3.21 biblatex localization (PK/MW)
Package biblatex Info: Trying to load language 'english'...
Package biblatex Info: ... file 'english.lbx' found.

(/usr/share/texmf-dist/tex/latex/biblatex/lbx/english.lbx
File: english.lbx 2025/07/10 v3.21 biblatex localization (PK/MW)
)))))
Package biblatex Info: Trying to load language 'czech' -> 'czech-apa'...
Package biblatex Info: ... file 'czech-apa.lbx' found.

(/usr/share/texmf-dist/tex/latex/biblatex-apa/czech-apa.lbx
File: czech-apa.lbx 2025/08/27 v9.20 APA biblatex localisation
Package biblatex Info: Trying to load language 'czech'...
Package biblatex Info: ... file 'czech.lbx' found.

(/usr/share/texmf-dist/tex/latex/biblatex/lbx/czech.lbx
File: czech.lbx 2025/07/10 v3.21 biblatex localization (PK/MW)
)
Package biblatex Info: Trying to load language 'czech'...
Package biblatex Info: ... file 'czech.lbx' found.

(/usr/share/texmf-dist/tex/latex/biblatex/lbx/czech.lbx
File: czech.lbx 2025/07/10 v3.21 biblatex localization (PK/MW)
))
Package biblatex Info: LuaTeX detected.
(biblatex)             Assuming input encoding 'utf8'.
Package biblatex Info: Automatic encoding selection.
(biblatex)             Assuming data encoding 'utf8'.

\openout4 = bakalarka2.bcf
Package biblatex Info: Trying to load bibliographic data...
Package biblatex Info: ... file 'bakalarka2.bbl' found.
 (./bakalarka2.bbl)
Package biblatex Info: Reference section=0 on input line 131.
Package biblatex Info: Reference segment=0 on input line 131.
LaTeX Font Info:    Overwriting math alphabet `\mathrm' in version `normal'
(Font)                  TU/LibertinusMath(1)/m/n --> TU/LibertinusSerif(0)/m/n 
on input line 131.
LaTeX Font Info:    Overwriting math alphabet `\mathit' in version `normal'
(Font)                  OT1/cmr/m/it --> TU/LibertinusSerif(0)/m/it on input li
ne 131.
LaTeX Font Info:    Overwriting math alphabet `\mathbf' in version `normal'
(Font)                  OT1/cmr/bx/n --> TU/LibertinusSerif(0)/b/n on input lin
e 131.
LaTeX Font Info:    Overwriting math alphabet `\mathsf' in version `normal'
(Font)                  OT1/cmss/m/n --> TU/LibertinusSans(0)/m/n on input line
 131.
LaTeX Font Info:    Overwriting math alphabet `\mathsf' in version `bold'
(Font)                  OT1/cmss/bx/n --> TU/LibertinusSans(0)/b/n on input lin
e 131.
LaTeX Font Info:    Overwriting math alphabet `\mathtt' in version `normal'
(Font)                  OT1/cmtt/m/n --> TU/SourceCodePro(0)/m/n on input line 
131.
LaTeX Font Info:    Overwriting math alphabet `\mathtt' in version `bold'
(Font)                  OT1/cmtt/m/n --> TU/SourceCodePro(0)/b/n on input line 
131.

(/usr/share/texmf-dist/tex/latex/pdflscape/pdflscape.sty
Package: pdflscape 2025-06-23 v0.14 Display of landscape pages in PDF

(/usr/share/texmf-dist/tex/latex/pdflscape/pdflscape-nometadata.sty
Package: pdflscape-nometadata 2025-06-23 v0.14 Display of landscape pages in PD
F (HO)

(/usr/share/texmf-dist/tex/latex/graphics/lscape.sty
Package: lscape 2020/05/28 v3.02 Landscape Pages (DPC)
)
Package pdflscape Info: Auto-detected driver: pdftex on input line 81.
))
\c@lstlisting=\count525
Package tocbasic Info: setting babel extension for `lol' on input line 131.
\scr@dte@lstlisting@maxnumwidth=\skip118
Package hyperref Info: Link coloring OFF on input line 131.
\g__cctab_next_cctab=\catcodetable15

set lang czech, 1
<LOGO_PRF_CZ_RGB_standard.jpg, id=7, 166.4619pt x 63.5976pt>
File: LOGO_PRF_CZ_RGB_standard.jpg Graphic file (type jpg)
<use LOGO_PRF_CZ_RGB_standard.jpg>
Package luatex.def Info: LOGO_PRF_CZ_RGB_standard.jpg  used on input line 144.
(luatex.def)             Requested size: 166.46147pt x 63.59743pt.
Package microtype Info: Loading generic protrusion settings for font family
(microtype)             `LibertinusSans' (encoding: TU).
(microtype)             For optimal results, create family-specific settings.
(microtype)             See the microtype manual for details.
Package microtype Info: Loading generic protrusion settings for font family
(microtype)             `LibertinusMath' (encoding: TU).
(microtype)             For optimal results, create family-specific settings.
(microtype)             See the microtype manual for details.
(/usr/share/texmf-dist/tex/latex/microtype/mt-msa.cfg
File: mt-msa.cfg 2006/02/04 v1.1 microtype config. file: AMS symbols (a) (RS)
)
(/usr/share/texmf-dist/tex/latex/microtype/mt-msb.cfg
File: mt-msb.cfg 2005/06/01 v1.0 microtype config. file: AMS symbols (b) (RS)
)
<zadani.pdf, id=8, 597.23125pt x 845.1575pt>
File: zadani.pdf Graphic file (type pdf)
<use zadani.pdf>
Package luatex.def Info: zadani.pdf  used on input line 170.
(luatex.def)             Requested size: 597.22978pt x 845.15544pt.
<zadani.pdf, id=10, page=1, 597.23125pt x 845.1575pt>
File: zadani.pdf Graphic file (type pdf)
<use zadani.pdf, page 1>
Package luatex.def Info: zadani.pdf , page1 used on input line 170.
(luatex.def)             Requested size: 597.22978pt x 845.15544pt.
File: zadani.pdf Graphic file (type pdf)
<use zadani.pdf, page 1>
Package luatex.def Info: zadani.pdf , page1 used on input line 170.
(luatex.def)             Requested size: 597.25711pt x 845.19412pt.
 [1

{/var/lib/texmf/fonts/map/pdftex/updmap/pdftex.map}<./LOGO_PRF_CZ_RGB_standard.j
pg>]
File: zadani.pdf Graphic file (type pdf)
<use zadani.pdf, page 1>
Package luatex.def Info: zadani.pdf , page1 used on input line 170.
(luatex.def)             Requested size: 597.25711pt x 845.19412pt.
File: zadani.pdf Graphic file (type pdf)
<use zadani.pdf, page 1>
Package luatex.def Info: zadani.pdf , page1 used on input line 170.
(luatex.def)             Requested size: 597.25711pt x 845.19412pt.
File: zadani.pdf Graphic file (type pdf)
<use zadani.pdf, page 1>
Package luatex.def Info: zadani.pdf , page1 used on input line 170.
(luatex.def)             Requested size: 597.25711pt x 845.19412pt.
 [2

<./zadani.pdf>]
<zadani.pdf, id=50, page=2, 597.23125pt x 845.1575pt>
File: zadani.pdf Graphic file (type pdf)
<use zadani.pdf, page 2>
Package luatex.def Info: zadani.pdf , page2 used on input line 170.
(luatex.def)             Requested size: 597.25711pt x 845.19412pt.
File: zadani.pdf Graphic file (type pdf)
<use zadani.pdf, page 2>
Package luatex.def Info: zadani.pdf , page2 used on input line 170.
(luatex.def)             Requested size: 597.25711pt x 845.19412pt.
File: zadani.pdf Graphic file (type pdf)
<use zadani.pdf, page 2>
Package luatex.def Info: zadani.pdf , page2 used on input line 170.
(luatex.def)             Requested size: 597.25711pt x 845.19412pt.
 [3

<./zadani.pdf>] [4

] [5


] [6


] [7] [8


]
Package tocbasic Info: character protrusion at toc deactivated on input line 22
9.
 (./bakalarka2.toc
set lang czech, 1
[9])
\tf@toc=\write5

\openout5 = bakalarka2.toc
 [10] [11


] [12


]
chapter 1.

Overfull \hbox (8.06174pt too wide) in paragraph at lines 273--275
\TU/LibertinusSerif(0)/m/n/12 V této části je vysvětlen design metodologie 
sběru dat o obchodovaných opcích, způsob implementace
 []


Overfull \hbox (0.30338pt too wide) in paragraph at lines 273--275
\TU/LibertinusSerif(0)/m/n/12 a regrese na jednotlivé parametry za účelem por
ovnání vlivů parametrů na hodnotu opce. Výstupem
 []

[13] [14]
chapter 2.

LaTeX Warning: `h' float specifier changed to `ht'.

[15


] [16]
Overfull \hbox (0.67484pt too wide) in paragraph at lines 336--337
[]\TU/LibertinusSerif(0)/m/n/12 Pro demonstraci put opce, předpokládejme, že 
účastník trhu A koupí put opci, vypsanou účastníkem
 []


LaTeX Warning: `h' float specifier changed to `ht'.

[17]
Overfull \hbox (5.24065pt too wide) in paragraph at lines 381--383
[]\TU/LibertinusSerif(0)/m/n/12 Pro americké call opce na akcie bez dividend je
 právo předčasného uplatnění nevýhodné. Uplatněním
 []

[18] [19] [20] [21]
Overfull \hbox (2.71039pt too wide) in paragraph at lines 474--475
\TU/LibertinusSerif(0)/m/n/12 opce nezávisí pouze na vývoji podkladového akt
iva, ale také na nepřímo pozorovatelných veličinách,
 []


Overfull \hbox (2.19621pt too wide) in paragraph at lines 479--480
[]\TU/LibertinusSerif(0)/b/n/12 Bezarbitrážní oceňování (arbitrage--free 
pricing) \TU/LibertinusSerif(0)/m/n/12 vychází z předpokladu, že na efektivn
ím
 []

[22] [23] [24] [25] [26]
Overfull \hbox (1.85739pt too wide) in paragraph at lines 606--607
[]\TU/LibertinusSerif(0)/m/n/12 Cena podílu je náhodným procesem ve spojit
ém čase, který se řídí geometrickým Brownovým
 []

[27] (./TikzStuff/strom_very_basic.tikz) (./TikzStuff/strom_basic.tikz)

LaTeX Warning: `h' float specifier changed to `ht'.

[28] [29] [30] (./TikzStuff/strom_example_stock.tikz) [31] [32]
Module polyglossia Warning: Language czech not found in language.dat.lua on inpu
t line 815
[33] [34]
Overfull \hbox (1.85739pt too wide) in paragraph at lines 909--910
[]\TU/LibertinusSerif(0)/m/n/12 Cena podílu je náhodným procesem ve spojit
ém čase, který se řídí geometrickým Brownovým
 []

[35]
Overfull \hbox (1.81061pt too wide) in paragraph at lines 957--959
\TU/LibertinusSerif(0)/m/n/12 pro použití na akcie platící dividendu musíme
 použít upravenou variantu tohoto modelu. Mertonovo
 []

[36] [37] [38]
Module polyglossia Warning: Language czech not found in language.dat.lua on inpu
t line 1052
Module polyglossia Warning: Language czech not found in language.dat.lua on inpu
t line 1086
[39]
Module polyglossia Warning: Language czech not found in language.dat.lua on inpu
t line 1107
[40] [41] [42]
Overfull \hbox (3.13097pt too wide) in paragraph at lines 1239--1240
\TU/LibertinusSerif(0)/m/n/12 Jak již bylo zmíněno, primárním principem Mon
te Carla je v tomto případě generování potenciálních
 []

[43] [44] [45] [46] [47] [48]
chapter 3.
LaTeX Font Info:    Font shape `TU/SourceCodePro(0)/m/n' will be
(Font)              scaled to size 10.59247pt on input line 1411.
Package microtype Info: Loading generic protrusion settings for font family
(microtype)             `SourceCodePro' (encoding: TU).
(microtype)             For optimal results, create family-specific settings.
(microtype)             See the microtype manual for details.
Module polyglossia Warning: Language czech not found in language.dat.lua on inpu
t line 1411

Overfull \hbox (2.10614pt too wide) in paragraph at lines 1420--1421
[]\TU/LibertinusSerif(0)/m/n/12 Skripty na analýzy se nachází v složce \TU/
SourceCodePro(0)/m/n/12 Misc_scripts\TU/LibertinusSerif(0)/m/n/12 . Jedná se o skripty \TU/SourceCodePro(0)/m/n/12 analysis_p2.Rmd\TU/LibertinusSerif(0)/m/n/12 ,
 []

[49


]

LaTeX Warning: `h' float specifier changed to `ht'.


LaTeX Warning: `h' float specifier changed to `ht'.

[50] [51] [52] [53]
Overfull \hbox (4.18794pt too wide) in paragraph at lines 1568--1569
[]\TU/SourceCodePro(0)/m/n/12 analysis.rmd \TU/LibertinusSerif(0)/m/n/12 nač
ítá data pro každý termín sběru z CSV souborů z předchozí fáze, a n
ásledně
 []

Module polyglossia Warning: Language czech not found in language.dat.lua on inpu
t line 1583
[54]

LaTeX Warning: `!h' float specifier changed to `!ht'.

[55] [56]

LaTeX Warning: `!h' float specifier changed to `!ht'.

[57]

LaTeX Warning: `!h' float specifier changed to `!ht'.

[58]

LaTeX Warning: `!h' float specifier changed to `!ht'.


LaTeX Warning: `!h' float specifier changed to `!ht'.


LaTeX Warning: `!h' float specifier changed to `!ht'.

[59] [60]
<~/Praxe/bakalarka/figures/american-scatter.png, id=786, 433.62pt x 289.08pt>
File: ~/Praxe/bakalarka/figures/american-scatter.png Graphic file (type png)
<use ~/Praxe/bakalarka/figures/american-scatter.png>
Package luatex.def Info: ~/Praxe/bakalarka/figures/american-scatter.png  used o
n input line 1931.
(luatex.def)             Requested size: 433.61894pt x 289.07928pt.


LaTeX Warning: `!h' float specifier changed to `!ht'.

<~/Praxe/bakalarka/figures/european-scatter.png, id=787, 433.62pt x 289.08pt>
File: ~/Praxe/bakalarka/figures/european-scatter.png Graphic file (type png)
<use ~/Praxe/bakalarka/figures/european-scatter.png>
Package luatex.def Info: ~/Praxe/bakalarka/figures/european-scatter.png  used o
n input line 1938.
(luatex.def)             Requested size: 433.61894pt x 289.07928pt.

LaTeX Warning: `!h' float specifier changed to `!ht'.

[61]
<~/Praxe/bakalarka/figures/correlations.png, id=799, 433.62pt x 289.08pt>
File: ~/Praxe/bakalarka/figures/correlations.png Graphic file (type png)
<use ~/Praxe/bakalarka/figures/correlations.png>
Package luatex.def Info: ~/Praxe/bakalarka/figures/correlations.png  used on in
put line 1952.
(luatex.def)             Requested size: 433.61894pt x 289.07928pt.
 [62]

LaTeX Warning: `!h' float specifier changed to `!ht'.

[63</home/matej/Praxe/bakalarka/figures/american-scatter.png></home/matej/Praxe/
bakalarka/figures/european-scatter.png>] [64</home/matej/Praxe/bakalarka/figures
/correlations.png>]
Module polyglossia Warning: Language czech not found in language.dat.lua on inpu
t line 1982
Module polyglossia Warning: Language czech not found in language.dat.lua on inpu
t line 1994
Module polyglossia Warning: Language czech not found in language.dat.lua on inpu
t line 1994

Overfull \hbox (18.97299pt too wide) in paragraph at lines 1994--1995
\TU/SourceCodePro(0)/m/n/12 lmerTest \TU/LibertinusSerif(0)/m/n/12 ([]Kuznetsova
 et al., []b.r.[]), který umožňuje generovat Satterthwaiteovy $\TU/Libertinu
sMath(1)/m/n/12 𝑝$\TU/LibertinusSerif(0)/m/n/12 --hodnoty. Ohodnocení
 []

[65]
Overfull \hbox (8.43983pt too wide) in paragraph at lines 2010--2011
[]\TU/LibertinusSerif(0)/m/n/12 Nedostatky v gaussovosti a homoskedasticitě jso
u kompenzovány velkým množstvím nastahovaných
 []

[66]

LaTeX Warning: `!h' float specifier changed to `!ht'.

[67] [68]
chapter 4.

Overfull \hbox (3.78137pt too wide) in paragraph at lines 2107--2111
\TU/LibertinusSerif(0)/m/n/12 a pro potřeb ohodnocení většiny exotických op
cí je tento model nedostačující a špatně zpracovatelný.
 []

[69


] [70


]
Module polyglossia Warning: Language czech not found in language.dat.lua on inpu
t line 2113
Module polyglossia Warning: Language czech not found in language.dat.lua on inpu
t line 2113
Module polyglossia Warning: Language czech not found in language.dat.lua on inpu
t line 2113
Module polyglossia Warning: Language czech not found in language.dat.lua on inpu
t line 2113
Module polyglossia Warning: Language czech not found in language.dat.lua on inpu
t line 2113
Module polyglossia Warning: Language czech not found in language.dat.lua on inpu
t line 2113
[71]
Module polyglossia Warning: Language czech not found in language.dat.lua on inpu
t line 2113
Module polyglossia Warning: Language czech not found in language.dat.lua on inpu
t line 2113
[72] (./bakalarka2.aux)
 ***********
LaTeX2e <2025-11-01>
L3 programming layer <2026-01-19>
 ***********
Package logreq Info: Writing requests to 'bakalarka2.run.xml'.

\openout1 = bakalarka2.run.xml
)

Here is how much of LuaTeX's memory you used:
 49234 strings out of 476076
 100000,2373549 words of node,token memory allocated
 4703 words of node memory still in use:
   8 hlist, 2 vlist, 2 rule, 1 local_par, 22 glue, 5 kern, 1 penalty, 227 glyph,
 747 attribute, 92 glue_spec, 375 attribute_list, 2 write, 7 pdf_action nodes
   avail lists: 1:1,2:3409,3:685,4:295,5:754,6:111,7:9583,8:87,9:920,10:12,11:29
,12:1
 70239 multiletter control sequences out of 65536+600000
 116 fonts using 58153595 bytes
 122i,17n,114p,11232b,5235s stack positions out of 10000i,1000n,20000p,200000b,200000s
</usr/share/texmf-dist/fonts/opentype/adobe/sourcecodepro/SourceCodePro-Regular.
otf></usr/share/texmf-dist/fonts/opentype/public/libertinus-fonts/LibertinusSeri
f-Italic.otf></usr/share/texmf-dist/fonts/opentype/public/libertinus-fonts/Liber
tinusMath-Regular.otf></usr/share/texmf-dist/fonts/opentype/public/libertinus-fo
nts/LibertinusMath-Regular.otf></usr/share/texmf-dist/fonts/opentype/public/libe
rtinus-fonts/LibertinusMath-Regular.otf></usr/share/texmf-dist/fonts/opentype/pu
blic/libertinus-fonts/LibertinusSans-Bold.otf></usr/share/texmf-dist/fonts/opent
ype/public/libertinus-fonts/LibertinusSerif-Bold.otf></usr/share/texmf-dist/font
s/opentype/public/libertinus-fonts/LibertinusSans-Regular.otf></usr/share/texmf-
dist/fonts/opentype/public/libertinus-fonts/LibertinusSerif-Regular.otf>
Output written on bakalarka2.pdf (72 pages, 1321404 bytes).

PDF statistics: 1102 PDF objects out of 1200 (max. 8388607)
 969 compressed objects within 10 object streams
 303 named destinations out of 1000 (max. 1048576)
 400 words of extra memory for PDF output out of 10000 (max. 100000000)

